bodyId,type,t_ms
10555,OA-VUMa3,10.700000000000001
10265,OA-AL2i2,11.0
10652,OA-AL2i4,11.3
10204,OA-AL2i2,11.4
11264,OA-ASM1,11.4
10799,OA-VUMa4,11.5
10687,OA-AL2i3,11.799999999999999
10041,OA-VUMa1,11.9
11602,OA-ASM1,11.9
12109,OA-VUMa2,12.0
10072,OA-AL2i1,12.100000000000001
11608,OA-VUMa2,12.100000000000001
10185,OA-VUMa8,12.200000000000001
10226,OA-AL2i3,12.200000000000001
10011,OA-AL2i1,12.3
10322,OA-AL2i2,12.4
287884,OA-VPM3,12.4
10269,OA-AL2i2,12.4
10110,OA-VUMa1,12.6
10825,OA-AL2i3,12.6
286259,OA-ASM1,12.6
10168,OA-VUMa6,12.8
10677,OA-AL2i4,12.8
12896,OA-VUMa5,12.9
12688,OA-ASM1,13.4
11005,OA-VUMa4,13.4
10658,OA-AL2i3,13.600000000000001
10080,OA-VUMa3,13.600000000000001
10175,OA-VUMa6,13.7
11921,OA-VPM4,13.7
10187,OA-VPM3,14.0
53065,Mi1,14.0
10120,OA-VPM4,14.200000000000001
10265,OA-AL2i2,22.8
10072,OA-AL2i1,23.200000000000003
10555,OA-VUMa3,23.4
10226,OA-AL2i3,23.4
11608,OA-VUMa2,23.5
10041,OA-VUMa1,23.8
10687,OA-AL2i3,23.900000000000002
11264,OA-ASM1,24.200000000000003
10011,OA-AL2i1,24.400000000000002
12109,OA-VUMa2,24.7
10799,OA-VUMa4,24.900000000000002
10652,OA-AL2i4,25.0
10185,OA-VUMa8,25.2
11602,OA-ASM1,25.400000000000002
10204,OA-AL2i2,25.6
10322,OA-AL2i2,26.0
11005,OA-VUMa4,26.6
10175,OA-VUMa6,26.7
10168,OA-VUMa6,26.8
12896,OA-VUMa5,26.8
10110,OA-VUMa1,26.9
287884,OA-VPM3,27.0
10269,OA-AL2i2,27.200000000000003
286259,OA-ASM1,27.200000000000003
10120,OA-VPM4,27.4
10658,OA-AL2i3,27.4
12688,OA-ASM1,27.4
10677,OA-AL2i4,27.5
10825,OA-AL2i3,27.5
10080,OA-VUMa3,27.5
10187,OA-VPM3,27.5
11921,OA-VPM4,28.0
53065,Mi1,29.6
10072,OA-AL2i1,32.6
10041,OA-VUMa1,34.9
10011,OA-AL2i1,35.0
10226,OA-AL2i3,35.0
10265,OA-AL2i2,35.1
10555,OA-VUMa3,35.5
11608,OA-VUMa2,35.7
11264,OA-ASM1,36.0
10687,OA-AL2i3,36.9
10322,OA-AL2i2,37.3
10652,OA-AL2i4,37.8
12109,OA-VUMa2,37.8
11602,OA-ASM1,37.900000000000006
10799,OA-VUMa4,38.6
10185,OA-VUMa8,38.7
12896,OA-VUMa5,39.1
10175,OA-VUMa6,39.199999999999996
10204,OA-AL2i2,39.199999999999996
10658,OA-AL2i3,39.800000000000004
10168,OA-VUMa6,39.900000000000006
10677,OA-AL2i4,40.300000000000004
10110,OA-VUMa1,40.400000000000006
11005,OA-VUMa4,40.5
287884,OA-VPM3,41.0
10080,OA-VUMa3,41.0
10825,OA-AL2i3,41.2
12688,OA-ASM1,41.2
10187,OA-VPM3,41.300000000000004
10269,OA-AL2i2,41.4
10120,OA-VPM4,41.6
286259,OA-ASM1,42.300000000000004
10072,OA-AL2i1,42.9
11921,OA-VPM4,43.6
53065,Mi1,44.4
10041,OA-VUMa1,45.1
10011,OA-AL2i1,46.0
10226,OA-AL2i3,46.3
11608,OA-VUMa2,47.0
10265,OA-AL2i2,48.1
10322,OA-AL2i2,48.699999999999996
10687,OA-AL2i3,48.800000000000004
11264,OA-ASM1,48.800000000000004
12109,OA-VUMa2,49.4
10555,OA-VUMa3,49.9
11602,OA-ASM1,50.4
10185,OA-VUMa8,50.800000000000004
10175,OA-VUMa6,51.300000000000004
10652,OA-AL2i4,51.4
10658,OA-AL2i3,51.5
12896,OA-VUMa5,51.7
10204,OA-AL2i2,51.9
10799,OA-VUMa4,52.1
10110,OA-VUMa1,52.4
10168,OA-VUMa6,53.3
10269,OA-AL2i2,53.6
10072,OA-AL2i1,53.7
10677,OA-AL2i4,53.7
11005,OA-VUMa4,54.0
10187,OA-VPM3,54.1
12688,OA-ASM1,54.400000000000006
10120,OA-VPM4,54.400000000000006
287884,OA-VPM3,54.5
10825,OA-AL2i3,54.7
10080,OA-VUMa3,54.900000000000006
10041,OA-VUMa1,55.699999999999996
286259,OA-ASM1,56.5
10226,OA-AL2i3,57.1
11921,OA-VPM4,57.300000000000004
10011,OA-AL2i1,57.5
11608,OA-VUMa2,58.300000000000004
10265,OA-AL2i2,60.2
53065,Mi1,60.2
10322,OA-AL2i2,61.4
12109,OA-VUMa2,61.4
10687,OA-AL2i3,61.6
10175,OA-VUMa6,62.400000000000006
11264,OA-ASM1,62.6
10185,OA-VUMa8,63.1
10555,OA-VUMa3,63.2
11602,OA-ASM1,63.300000000000004
10110,OA-VUMa1,63.5
12896,OA-VUMa5,63.5
10658,OA-AL2i3,63.6
10652,OA-AL2i4,64.10000000000001
10204,OA-AL2i2,64.5
10799,OA-VUMa4,65.10000000000001
11005,OA-VUMa4,65.9
10168,OA-VUMa6,66.0
10072,OA-AL2i1,66.5
10041,OA-VUMa1,66.5
10187,OA-VPM3,66.8
10677,OA-AL2i4,66.9
10269,OA-AL2i2,67.3
10825,OA-AL2i3,67.4
12688,OA-ASM1,67.5
10080,OA-VUMa3,67.60000000000001
10120,OA-VPM4,67.60000000000001
10226,OA-AL2i3,69.0
287884,OA-VPM3,69.3
11608,OA-VUMa2,69.60000000000001
10011,OA-AL2i1,70.0
286259,OA-ASM1,70.9
11921,OA-VPM4,71.3
12109,OA-VUMa2,72.0
10265,OA-AL2i2,72.7
10322,OA-AL2i2,72.7
10687,OA-AL2i3,73.4
10175,OA-VUMa6,73.50000000000001
10658,OA-AL2i3,74.7
10185,OA-VUMa8,74.8
53065,Mi1,74.8
12896,OA-VUMa5,75.2
11264,OA-ASM1,75.4
10110,OA-VUMa1,75.5
11602,OA-ASM1,76.4
10652,OA-AL2i4,77.0
10041,OA-VUMa1,77.4
10555,OA-VUMa3,77.4
11005,OA-VUMa4,77.5
10168,OA-VUMa6,77.6
10799,OA-VUMa4,78.1
10204,OA-AL2i2,78.30000000000001
10072,OA-AL2i1,79.30000000000001
10269,OA-AL2i2,79.5
10187,OA-VPM3,79.80000000000001
10226,OA-AL2i3,79.89999999999999
10677,OA-AL2i4,80.2
10080,OA-VUMa3,80.60000000000001
10120,OA-VPM4,80.80000000000001
12688,OA-ASM1,81.10000000000001
10825,OA-AL2i3,81.3
11608,OA-VUMa2,81.60000000000001
10011,OA-AL2i1,81.7
287884,OA-VPM3,83.0
12109,OA-VUMa2,84.10000000000001
10265,OA-AL2i2,84.3
10175,OA-VUMa6,84.60000000000001
286259,OA-ASM1,84.60000000000001
10687,OA-AL2i3,84.9
11921,OA-VPM4,84.9
10322,OA-AL2i2,85.3
12896,OA-VUMa5,86.5
10185,OA-VUMa8,86.60000000000001
10110,OA-VUMa1,86.7
10658,OA-AL2i3,86.9
10041,OA-VUMa1,88.6
11264,OA-ASM1,88.8
10168,OA-VUMa6,89.00000000000001
10652,OA-AL2i4,89.3
11005,OA-VUMa4,89.6
53065,Mi1,90.00000000000001
10555,OA-VUMa3,90.3
10226,OA-AL2i3,90.3
11602,OA-ASM1,90.4
10204,OA-AL2i2,90.9
10799,OA-VUMa4,91.5
10269,OA-AL2i2,91.6
10072,OA-AL2i1,92.1
10187,OA-VPM3,92.80000000000001
11608,OA-VUMa2,92.80000000000001
10677,OA-AL2i4,93.0
10080,OA-VUMa3,93.1
10011,OA-AL2i1,93.80000000000001
10825,OA-AL2i3,93.80000000000001
10120,OA-VPM4,94.1
12688,OA-ASM1,94.80000000000001
12109,OA-VUMa2,95.30000000000001
287884,OA-VPM3,95.7
10175,OA-VUMa6,96.7
10687,OA-AL2i3,96.80000000000001
10265,OA-AL2i2,96.80000000000001
10322,OA-AL2i2,96.80000000000001
10185,OA-VUMa8,98.0
10110,OA-VUMa1,98.10000000000001
12896,OA-VUMa5,98.5
286259,OA-ASM1,98.5
11921,OA-VPM4,98.7
10041,OA-VUMa1,98.9
10658,OA-AL2i3,100.0
10168,OA-VUMa6,100.5
11005,OA-VUMa4,100.8
10652,OA-AL2i4,101.3
11264,OA-ASM1,101.60000000000001
10226,OA-AL2i3,102.3
10072,OA-AL2i1,102.7
10269,OA-AL2i2,103.3
11602,OA-ASM1,103.7
10799,OA-VUMa4,103.7
10555,OA-VUMa3,103.7
10011,OA-AL2i1,104.2
11608,OA-VUMa2,104.2
10187,OA-VPM3,104.9
10204,OA-AL2i2,105.2
53065,Mi1,106.00000000000001
10677,OA-AL2i4,106.4
12688,OA-ASM1,106.4
10825,OA-AL2i3,106.50000000000001
12109,OA-VUMa2,106.50000000000001
10120,OA-VPM4,106.7
10080,OA-VUMa3,107.4
10175,OA-VUMa6,107.9
10322,OA-AL2i2,107.9
10687,OA-AL2i3,108.4
12896,OA-VUMa5,108.9
287884,OA-VPM3,109.6
10265,OA-AL2i2,109.6
10185,OA-VUMa8,109.7
10041,OA-VUMa1,110.1
10110,OA-VUMa1,110.30000000000001
10168,OA-VUMa6,110.7
10072,OA-AL2i1,111.60000000000001
11005,OA-VUMa4,112.0
286259,OA-ASM1,112.10000000000001
10658,OA-AL2i3,112.39999999999999
11921,OA-VPM4,113.39999999999999
11608,OA-VUMa2,114.4
10269,OA-AL2i2,114.60000000000001
10652,OA-AL2i4,114.8
10226,OA-AL2i3,114.9
11264,OA-ASM1,115.60000000000001
10011,OA-AL2i1,116.10000000000001
11602,OA-ASM1,116.3
10799,OA-VUMa4,116.4
10555,OA-VUMa3,116.5
10187,OA-VPM3,117.7
12109,OA-VUMa2,117.9
12688,OA-ASM1,118.60000000000001
10322,OA-AL2i2,119.3
10175,OA-VUMa6,119.5
10080,OA-VUMa3,119.60000000000001
10677,OA-AL2i4,119.7
10120,OA-VPM4,120.0
10204,OA-AL2i2,120.0
53065,Mi1,120.10000000000001
12896,OA-VUMa5,120.2
10825,OA-AL2i3,120.4
10265,OA-AL2i2,120.6
10072,OA-AL2i1,121.00000000000001
10687,OA-AL2i3,121.2
10110,OA-VUMa1,122.00000000000001
10041,OA-VUMa1,122.1
10185,OA-VUMa8,123.00000000000001
11005,OA-VUMa4,123.1
10168,OA-VUMa6,123.2
287884,OA-VPM3,123.7
10658,OA-AL2i3,123.80000000000001
286259,OA-ASM1,125.5
11608,OA-VUMa2,125.8
10226,OA-AL2i3,126.10000000000001
10269,OA-AL2i2,126.5
11921,OA-VPM4,127.10000000000002
10011,OA-AL2i1,127.7
10799,OA-VUMa4,128.0
10652,OA-AL2i4,128.5
10555,OA-VUMa3,128.5
11264,OA-ASM1,128.60000000000002
11602,OA-ASM1,129.0
12109,OA-VUMa2,129.9
10072,OA-AL2i1,130.5
10187,OA-VPM3,130.5
12688,OA-ASM1,131.0
12896,OA-VUMa5,131.4
10322,OA-AL2i2,131.5
10120,OA-VPM4,131.5
10175,OA-VUMa6,132.1
10204,OA-AL2i2,132.20000000000002
10080,OA-VUMa3,132.3
10825,OA-AL2i3,132.5
10041,OA-VUMa1,133.3
10677,OA-AL2i4,133.5
10265,OA-AL2i2,133.70000000000002
10687,OA-AL2i3,133.9
10110,OA-VUMa1,134.1
11005,OA-VUMa4,134.6
10185,OA-VUMa8,134.70000000000002
53065,Mi1,134.8
10168,OA-VUMa6,135.1
10658,OA-AL2i3,135.1
287884,OA-VPM3,136.70000000000002
11608,OA-VUMa2,136.89999999999998
10226,OA-AL2i3,137.8
286259,OA-ASM1,138.20000000000002
10011,OA-AL2i1,138.8
10269,OA-AL2i2,139.0
10072,OA-AL2i1,139.9
11921,OA-VPM4,140.0
10555,OA-VUMa3,140.3
10652,OA-AL2i4,141.0
10799,OA-VUMa4,141.20000000000002
12109,OA-VUMa2,141.8
11264,OA-ASM1,142.3
10187,OA-VPM3,142.8
11602,OA-ASM1,143.3
12896,OA-VUMa5,143.3
12688,OA-ASM1,143.7
10322,OA-AL2i2,143.8
10175,OA-VUMa6,144.1
10204,OA-AL2i2,144.1
10041,OA-VUMa1,144.4
10120,OA-VPM4,145.00000000000003
10110,OA-VUMa1,145.3
10825,OA-AL2i3,145.3
10080,OA-VUMa3,145.6
10677,OA-AL2i4,146.4
10658,OA-AL2i3,146.50000000000003
10265,OA-AL2i2,146.7
11005,OA-VUMa4,146.7
10185,OA-VUMa8,146.8
10687,OA-AL2i3,147.4
10168,OA-VUMa6,147.4
11608,OA-VUMa2,147.7
53065,Mi1,148.1
10226,OA-AL2i3,148.8
10072,OA-AL2i1,149.7
287884,OA-VPM3,149.8
10011,OA-AL2i1,150.6
10269,OA-AL2i2,151.0
286259,OA-ASM1,152.0
12109,OA-VUMa2,153.2
11921,OA-VPM4,153.5
10555,OA-VUMa3,153.60000000000002
10799,OA-VUMa4,154.8
10041,OA-VUMa1,155.2
10322,OA-AL2i2,155.2
10652,OA-AL2i4,155.2
10187,OA-VPM3,155.9
12896,OA-VUMa5,156.0
11264,OA-ASM1,156.2
12688,OA-ASM1,156.5
10110,OA-VUMa1,156.7
11602,OA-ASM1,156.7
10175,OA-VUMa6,157.5
10080,OA-VUMa3,157.70000000000002
10204,OA-AL2i2,157.79999999999998
10120,OA-VPM4,158.20000000000002
10658,OA-AL2i3,158.5
11608,OA-VUMa2,158.9
10677,OA-AL2i4,159.10000000000002
11005,OA-VUMa4,159.20000000000002
10168,OA-VUMa6,159.29999999999998
10185,OA-VUMa8,159.4
10825,OA-AL2i3,159.4
10265,OA-AL2i2,159.5
10072,OA-AL2i1,159.60000000000002
10226,OA-AL2i3,160.60000000000002
10687,OA-AL2i3,161.79999999999998
10011,OA-AL2i1,162.29999999999998
287884,OA-VPM3,162.9
10269,OA-AL2i2,163.3
53065,Mi1,163.9
12109,OA-VUMa2,165.3
10555,OA-VUMa3,165.6
10041,OA-VUMa1,166.1
286259,OA-ASM1,166.4
11921,OA-VPM4,166.9
12896,OA-VUMa5,167.0
10322,OA-AL2i2,167.20000000000002
10110,OA-VUMa1,167.9
12688,OA-ASM1,168.1
10187,OA-VPM3,168.3
10799,OA-VUMa4,168.4
10652,OA-AL2i4,168.6
10175,OA-VUMa6,169.3
11264,OA-ASM1,169.4
11602,OA-ASM1,169.5
10658,OA-AL2i3,170.20000000000002
11608,OA-VUMa2,170.3
10120,OA-VPM4,170.5
10168,OA-VUMa6,170.70000000000002
10080,OA-VUMa3,170.9
10204,OA-AL2i2,171.20000000000002
10185,OA-VUMa8,171.6
10072,OA-AL2i1,171.70000000000002
10825,OA-AL2i3,171.9
10226,OA-AL2i3,172.1
11005,OA-VUMa4,172.1
10265,OA-AL2i2,173.6
10677,OA-AL2i4,173.6
10011,OA-AL2i1,174.0
10687,OA-AL2i3,174.6
287884,OA-VPM3,174.9
10269,OA-AL2i2,175.5
10041,OA-VUMa1,176.1
12109,OA-VUMa2,176.8
53065,Mi1,177.6
10555,OA-VUMa3,179.1
12896,OA-VUMa5,179.2
10110,OA-VUMa1,179.3
11921,OA-VPM4,179.7
286259,OA-ASM1,179.7
10187,OA-VPM3,179.8
10322,OA-AL2i2,180.2
10175,OA-VUMa6,180.9
10658,OA-AL2i3,181.3
11608,OA-VUMa2,181.7
12688,OA-ASM1,181.7
10072,OA-AL2i1,182.0
10652,OA-AL2i4,182.0
10168,OA-VUMa6,182.2
11602,OA-ASM1,182.5
10799,OA-VUMa4,182.6
10120,OA-VPM4,182.7
10226,OA-AL2i3,183.7
10204,OA-AL2i2,183.9
11264,OA-ASM1,183.9
10185,OA-VUMa8,184.2
11005,OA-VUMa4,184.2
10825,OA-AL2i3,184.7
10080,OA-VUMa3,185.0
10011,OA-AL2i1,185.3
10041,OA-VUMa1,186.4
10687,OA-AL2i3,186.9
10269,OA-AL2i2,187.10000000000002
10677,OA-AL2i4,187.10000000000002
10265,OA-AL2i2,187.3
287884,OA-VPM3,187.4
12109,OA-VUMa2,187.9
10110,OA-VUMa1,190.70000000000002
12896,OA-VUMa5,190.70000000000002
10072,OA-AL2i1,191.20000000000002
53065,Mi1,191.4
10187,OA-VPM3,192.4
10555,OA-VUMa3,192.5
286259,OA-ASM1,192.70000000000002
11608,OA-VUMa2,193.0
10175,OA-VUMa6,193.20000000000002
10322,OA-AL2i2,193.20000000000002
10658,OA-AL2i3,193.20000000000002
11921,OA-VPM4,194.0
10120,OA-VPM4,194.10000000000002
10168,OA-VUMa6,194.5
10652,OA-AL2i4,194.60000000000002
10226,OA-AL2i3,195.20000000000002
10799,OA-VUMa4,195.5
12688,OA-ASM1,195.9
11005,OA-VUMa4,196.1
10185,OA-VUMa8,196.20000000000002
10041,OA-VUMa1,196.70000000000002
11602,OA-ASM1,196.8
10011,OA-AL2i1,197.5
10825,OA-AL2i3,198.1
10204,OA-AL2i2,198.20000000000002
10080,OA-VUMa3,198.70000000000002
10687,OA-AL2i3,198.70000000000002
11264,OA-ASM1,198.9
12109,OA-VUMa2,198.9
10677,OA-AL2i4,199.8
10269,OA-AL2i2,199.8
287884,OA-VPM3,200.20000000000002
10265,OA-AL2i2,200.6
10072,OA-AL2i1,201.20000000000002
12896,OA-VUMa5,201.6
10110,OA-VUMa1,201.70000000000002
11608,OA-VUMa2,204.3
10658,OA-AL2i3,204.6
10175,OA-VUMa6,204.9
10555,OA-VUMa3,205.1
10322,OA-AL2i2,205.1
10168,OA-VUMa6,205.70000000000002
53065,Mi1,205.8
10226,OA-AL2i3,206.0
10187,OA-VPM3,206.4
286259,OA-ASM1,206.6
10041,OA-VUMa1,206.8
11921,OA-VPM4,207.20000000000002
12688,OA-ASM1,207.8
10652,OA-AL2i4,207.8
10120,OA-VPM4,207.9
10185,OA-VUMa8,208.2
11005,OA-VUMa4,208.50000000000003
10011,OA-AL2i1,209.1
10799,OA-VUMa4,209.4
10687,OA-AL2i3,209.6
11602,OA-ASM1,210.1
12109,OA-VUMa2,210.4
10825,OA-AL2i3,210.50000000000003
10080,OA-VUMa3,211.1
10204,OA-AL2i2,211.4
10072,OA-AL2i1,211.7
10269,OA-AL2i2,211.9
11264,OA-ASM1,212.3
10110,OA-VUMa1,212.6
287884,OA-VPM3,213.2
10677,OA-AL2i4,213.7
12896,OA-VUMa5,214.00000000000003
10265,OA-AL2i2,214.1
11608,OA-VUMa2,215.3
10175,OA-VUMa6,216.3
10658,OA-AL2i3,216.60000000000002
10168,OA-VUMa6,217.10000000000002
10041,OA-VUMa1,217.60000000000002
10322,OA-AL2i2,217.60000000000002
10226,OA-AL2i3,218.0
10555,OA-VUMa3,218.4
10187,OA-VPM3,219.10000000000002
11005,OA-VUMa4,219.8
53065,Mi1,220.4
12688,OA-ASM1,220.8
286259,OA-ASM1,221.0
10185,OA-VUMa8,221.10000000000002
12109,OA-VUMa2,221.3
10652,OA-AL2i4,221.3
10120,OA-VPM4,221.60000000000002
10072,OA-AL2i1,221.79999999999998
10011,OA-AL2i1,221.9
10799,OA-VUMa4,222.0
10687,OA-AL2i3,222.20000000000002
11921,OA-VPM4,222.70000000000002
10110,OA-VUMa1,223.0
11602,OA-ASM1,223.29999999999998
10825,OA-AL2i3,223.9
10204,OA-AL2i2,224.10000000000002
10269,OA-AL2i2,224.20000000000002
12896,OA-VUMa5,224.70000000000002
10080,OA-VUMa3,225.0
10265,OA-AL2i2,225.20000000000002
11264,OA-ASM1,225.4
287884,OA-VPM3,225.9
10677,OA-AL2i4,226.20000000000002
11608,OA-VUMa2,226.79999999999998
10658,OA-AL2i3,227.3
10041,OA-VUMa1,227.70000000000002
10175,OA-VUMa6,228.1
10168,OA-VUMa6,228.9
10322,OA-AL2i2,228.9
10226,OA-AL2i3,229.6
10072,OA-AL2i1,231.3
10555,OA-VUMa3,231.3
11005,OA-VUMa4,231.70000000000002
10187,OA-VPM3,232.3
12109,OA-VUMa2,232.4
10185,OA-VUMa8,232.70000000000002
12688,OA-ASM1,232.9
10110,OA-VUMa1,233.4
10687,OA-AL2i3,233.70000000000002
10011,OA-AL2i1,233.8
10120,OA-VPM4,234.20000000000002
10652,OA-AL2i4,234.6
286259,OA-ASM1,234.70000000000002
10799,OA-VUMa4,235.1
12896,OA-VUMa5,235.70000000000002
53065,Mi1,235.70000000000002
11602,OA-ASM1,235.8
10269,OA-AL2i2,236.4
10204,OA-AL2i2,236.70000000000002
10825,OA-AL2i3,236.9
10041,OA-VUMa1,237.8
10080,OA-VUMa3,237.9
11921,OA-VPM4,238.0
11608,OA-VUMa2,238.4
287884,OA-VPM3,238.4
10658,OA-AL2i3,238.5
10677,OA-AL2i4,238.70000000000002
11264,OA-ASM1,238.70000000000002
10265,OA-AL2i2,238.8
10072,OA-AL2i1,240.20000000000002
10322,OA-AL2i2,240.50000000000003
10226,OA-AL2i3,240.6
10168,OA-VUMa6,240.70000000000002
10175,OA-VUMa6,241.4
11005,OA-VUMa4,243.00000000000003
12109,OA-VUMa2,243.8
10110,OA-VUMa1,244.4
10185,OA-VUMa8,244.4
10187,OA-VPM3,244.9
10011,OA-AL2i1,244.9
10555,OA-VUMa3,245.3
10687,OA-AL2i3,245.4
12688,OA-ASM1,245.9
10652,OA-AL2i4,246.50000000000003
10120,OA-VPM4,246.6
12896,OA-VUMa5,247.3
10269,OA-AL2i2,247.8
10799,OA-VUMa4,247.9
10825,OA-AL2i3,248.3
10041,OA-VUMa1,248.5
11602,OA-ASM1,248.7
286259,OA-ASM1,249.0
10072,OA-AL2i1,249.10000000000002
10204,OA-AL2i2,249.5
10658,OA-AL2i3,250.0
53065,Mi1,250.0
11608,OA-VUMa2,250.4
10080,OA-VUMa3,250.6
287884,OA-VPM3,250.8
10677,OA-AL2i4,251.3
10168,OA-VUMa6,251.70000000000002
10265,OA-AL2i2,251.8
11264,OA-ASM1,251.8
10226,OA-AL2i3,252.0
10322,OA-AL2i2,252.3
10175,OA-VUMa6,252.6
11921,OA-VPM4,253.20000000000002
11005,OA-VUMa4,254.0
10110,OA-VUMa1,255.0
12109,OA-VUMa2,255.0
10185,OA-VUMa8,256.40000000000003
10011,OA-AL2i1,256.5
10687,OA-AL2i3,256.8
12688,OA-ASM1,257.3
10187,OA-VPM3,258.09999999999997
12896,OA-VUMa5,258.2
10072,OA-AL2i1,258.59999999999997
10041,OA-VUMa1,259.09999999999997
10555,OA-VUMa3,259.3
10269,OA-AL2i2,259.59999999999997
10652,OA-AL2i4,259.7
10120,OA-VPM4,260.2
10825,OA-AL2i3,261.2
11602,OA-ASM1,261.2
10658,OA-AL2i3,261.7
10799,OA-VUMa4,261.8
11608,OA-VUMa2,262.0
10168,OA-VUMa6,262.90000000000003
10204,OA-AL2i2,263.0
286259,OA-ASM1,263.0
10080,OA-VUMa3,263.6
10226,OA-AL2i3,263.8
10322,OA-AL2i2,263.8
10677,OA-AL2i4,264.0
287884,OA-VPM3,264.3
10175,OA-VUMa6,264.3
10265,OA-AL2i2,264.40000000000003
53065,Mi1,265.0
11264,OA-ASM1,265.1
10110,OA-VUMa1,265.2
11005,OA-VUMa4,265.3
11921,OA-VPM4,266.6
12109,OA-VUMa2,266.8
10011,OA-AL2i1,267.90000000000003
10072,OA-AL2i1,268.2
10185,OA-VUMa8,268.6
10687,OA-AL2i3,269.0
10041,OA-VUMa1,269.40000000000003
12688,OA-ASM1,269.6
12896,OA-VUMa5,269.8
10269,OA-AL2i2,271.79999999999995
10187,OA-VPM3,272.0
10120,OA-VPM4,272.29999999999995
10555,OA-VUMa3,272.6
10652,OA-AL2i4,272.6
11608,OA-VUMa2,273.1
10825,OA-AL2i3,273.6
10168,OA-VUMa6,273.79999999999995
10658,OA-AL2i3,273.79999999999995
11602,OA-ASM1,274.8
10322,OA-AL2i2,275.2
10204,OA-AL2i2,275.2
10799,OA-VUMa4,275.6
10110,OA-VUMa1,275.8
10226,OA-AL2i3,275.8
10175,OA-VUMa6,276.2
10677,OA-AL2i4,276.5
286259,OA-ASM1,276.6
287884,OA-VPM3,277.1
10080,OA-VUMa3,277.40000000000003
10265,OA-AL2i2,277.7
11005,OA-VUMa4,277.8
11264,OA-ASM1,278.0
12109,OA-VUMa2,278.2
10072,OA-AL2i1,278.7
10011,OA-AL2i1,279.2
53065,Mi1,279.90000000000003
12896,OA-VUMa5,280.40000000000003
10041,OA-VUMa1,280.6
11921,OA-VPM4,280.7
10185,OA-VUMa8,280.90000000000003
12688,OA-ASM1,281.7
10687,OA-AL2i3,282.6
10187,OA-VPM3,283.90000000000003
10269,OA-AL2i2,284.3
10168,OA-VUMa6,284.5
11608,OA-VUMa2,284.5
10120,OA-VPM4,285.1
10825,OA-AL2i3,285.2
10652,OA-AL2i4,285.3
10658,OA-AL2i3,285.5
10110,OA-VUMa1,285.8
10322,OA-AL2i2,287.0
10226,OA-AL2i3,287.3
10204,OA-AL2i2,287.4
10555,OA-VUMa3,287.4
10799,OA-VUMa4,288.1
11602,OA-ASM1,288.1
10175,OA-VUMa6,288.3
10677,OA-AL2i4,289.00000000000006
12109,OA-VUMa2,289.2
10080,OA-VUMa3,290.2
287884,OA-VPM3,290.2
11005,OA-VUMa4,290.3
10072,OA-AL2i1,290.50000000000006
286259,OA-ASM1,290.50000000000006
11264,OA-ASM1,291.00000000000006
10265,OA-AL2i2,291.1
12896,OA-VUMa5,291.3
10041,OA-VUMa1,291.6
10011,OA-AL2i1,292.00000000000006
10185,OA-VUMa8,293.1
10687,OA-AL2i3,294.00000000000006
53065,Mi1,294.00000000000006
11921,OA-VPM4,294.2
12688,OA-ASM1,294.2
11608,OA-VUMa2,295.50000000000006
10168,OA-VUMa6,296.3
10187,OA-VPM3,296.3
10110,OA-VUMa1,296.7
10658,OA-AL2i3,296.9
10269,OA-AL2i2,297.1
10120,OA-VPM4,297.2
10825,OA-AL2i3,297.8
10652,OA-AL2i4,298.5
10322,OA-AL2i2,298.8
10226,OA-AL2i3,299.3
10175,OA-VUMa6,299.5
10204,OA-AL2i2,299.9
12109,OA-VUMa2,300.4
10555,OA-VUMa3,300.5
10677,OA-AL2i4,301.0
10799,OA-VUMa4,301.2
10041,OA-VUMa1,301.5
12896,OA-VUMa5,302.20000000000005
287884,OA-VPM3,302.5
10072,OA-AL2i1,302.8
10080,OA-VUMa3,302.9
11005,OA-VUMa4,302.9
11602,OA-ASM1,303.0
286259,OA-ASM1,303.70000000000005
10011,OA-AL2i1,303.9
11264,OA-ASM1,304.0
10265,OA-AL2i2,304.70000000000005
10185,OA-VUMa8,304.9
10687,OA-AL2i3,305.4
12688,OA-ASM1,306.20000000000005
11608,OA-VUMa2,306.4
10110,OA-VUMa1,307.5
10168,OA-VUMa6,307.6
10658,OA-AL2i3,308.5
10187,OA-VPM3,308.6
10269,OA-AL2i2,308.9
11921,OA-VPM4,309.1
10120,OA-VPM4,309.20000000000005
53065,Mi1,309.6
10825,OA-AL2i3,309.9
10226,OA-AL2i3,310.4
10652,OA-AL2i4,310.59999999999997
10175,OA-VUMa6,310.70000000000005
10322,OA-AL2i2,311.4
12109,OA-VUMa2,311.8
10041,OA-VUMa1,312.59999999999997
10555,OA-VUMa3,313.0
10204,OA-AL2i2,313.09999999999997
12896,OA-VUMa5,313.59999999999997
10677,OA-AL2i4,314.40000000000003
10799,OA-VUMa4,314.5
287884,OA-VPM3,314.5
10072,OA-AL2i1,314.90000000000003
11005,OA-VUMa4,315.5
11602,OA-ASM1,316.0
10011,OA-AL2i1,316.20000000000005
10080,OA-VUMa3,316.3
10185,OA-VUMa8,316.70000000000005
11264,OA-ASM1,316.70000000000005
11608,OA-VUMa2,317.0
10265,OA-AL2i2,317.20000000000005
10687,OA-AL2i3,317.5
10110,OA-VUMa1,317.90000000000003
10168,OA-VUMa6,318.40000000000003
286259,OA-ASM1,318.8
12688,OA-ASM1,318.90000000000003
10658,OA-AL2i3,319.90000000000003
10269,OA-AL2i2,321.3
10187,OA-VPM3,321.59999999999997
10226,OA-AL2i3,321.59999999999997
10825,OA-AL2i3,321.90000000000003
10175,OA-VUMa6,322.09999999999997
10120,OA-VPM4,322.5
10041,OA-VUMa1,322.90000000000003
12109,OA-VUMa2,323.09999999999997
10652,OA-AL2i4,323.5
11921,OA-VPM4,323.70000000000005
10322,OA-AL2i2,323.8
53065,Mi1,324.5
10072,OA-AL2i1,325.2
12896,OA-VUMa5,325.59999999999997
10204,OA-AL2i2,325.7
10555,OA-VUMa3,326.09999999999997
287884,OA-VPM3,327.1
10799,OA-VUMa4,327.5
10677,OA-AL2i4,328.2
11005,OA-VUMa4,328.6
10185,OA-VUMa8,328.8
11608,OA-VUMa2,328.8
11602,OA-ASM1,329.0
10110,OA-VUMa1,329.1
10080,OA-VUMa3,329.2
10011,OA-AL2i1,329.2
10687,OA-AL2i3,329.5
10168,OA-VUMa6,329.6
10265,OA-AL2i2,329.8
11264,OA-ASM1,330.5
286259,OA-ASM1,331.40000000000003
12688,OA-ASM1,331.5
10658,OA-AL2i3,331.8
10041,OA-VUMa1,333.0
10269,OA-AL2i2,333.2
10072,OA-AL2i1,334.40000000000003
10175,OA-VUMa6,334.5
10187,OA-VPM3,334.6
12109,OA-VUMa2,334.90000000000003
10226,OA-AL2i3,335.0
10825,OA-AL2i3,335.3
10322,OA-AL2i2,335.40000000000003
10120,OA-VPM4,335.8
11921,OA-VPM4,336.5
10652,OA-AL2i4,336.90000000000003
12896,OA-VUMa5,337.29999999999995
10204,OA-AL2i2,337.6
53065,Mi1,337.6
10555,OA-VUMa3,339.1
287884,OA-VPM3,339.3
11608,OA-VUMa2,340.40000000000003
10168,OA-VUMa6,340.5
10110,OA-VUMa1,340.7
11005,OA-VUMa4,341.1
10011,OA-AL2i1,341.5
11602,OA-ASM1,341.6
10799,OA-VUMa4,341.8
10185,OA-VUMa8,342.1
10677,OA-AL2i4,342.2
10687,OA-AL2i3,342.3
10658,OA-AL2i3,342.8
10080,OA-VUMa3,343.40000000000003
12688,OA-ASM1,343.6
10041,OA-VUMa1,343.7
10265,OA-AL2i2,343.90000000000003
11264,OA-ASM1,344.1
10072,OA-AL2i1,344.6
286259,OA-ASM1,345.7
10226,OA-AL2i3,346.0
10269,OA-AL2i2,346.0
10175,OA-VUMa6,346.0
10187,OA-VPM3,347.40000000000003
10322,OA-AL2i2,347.40000000000003
12109,OA-VUMa2,347.40000000000003
10825,OA-AL2i3,347.90000000000003
11921,OA-VPM4,349.1
10120,OA-VPM4,349.3
12896,OA-VUMa5,349.6
10652,OA-AL2i4,349.7
10204,OA-AL2i2,351.3
11608,OA-VUMa2,351.7
287884,OA-VPM3,351.9
10110,OA-VUMa1,352.1
10555,OA-VUMa3,352.2
10168,OA-VUMa6,352.5
53065,Mi1,352.6
11005,OA-VUMa4,353.2
10185,OA-VUMa8,353.7
10041,OA-VUMa1,354.6
10658,OA-AL2i3,354.7
10011,OA-AL2i1,354.9
10677,OA-AL2i4,355.00000000000006
10072,OA-AL2i1,355.1
12688,OA-ASM1,355.4
10687,OA-AL2i3,355.6
10799,OA-VUMa4,355.6
11602,OA-ASM1,355.6
10175,OA-VUMa6,356.7
10080,OA-VUMa3,356.9
10265,OA-AL2i2,356.9
10226,OA-AL2i3,357.00000000000006
11264,OA-ASM1,357.2
12109,OA-VUMa2,357.8
10269,OA-AL2i2,359.00000000000006
10322,OA-AL2i2,359.50000000000006
286259,OA-ASM1,359.9
10187,OA-VPM3,360.4
10825,OA-AL2i3,360.50000000000006
12896,OA-VUMa5,360.6
10120,OA-VPM4,362.00000000000006
10110,OA-VUMa1,362.8
10652,OA-AL2i4,363.1
11608,OA-VUMa2,363.1
10204,OA-AL2i2,363.9
11005,OA-VUMa4,363.9
11921,OA-VPM4,364.1
10168,OA-VUMa6,364.3
10072,OA-AL2i1,364.4
287884,OA-VPM3,364.4
10555,OA-VUMa3,365.0
10041,OA-VUMa1,365.2
10011,OA-AL2i1,365.9
10185,OA-VUMa8,365.9
10658,OA-AL2i3,366.3
10677,OA-AL2i4,366.9
11602,OA-ASM1,367.1
53065,Mi1,367.1
10687,OA-AL2i3,367.6
10799,OA-VUMa4,368.1
12688,OA-ASM1,368.6
10175,OA-VUMa6,368.9
10226,OA-AL2i3,368.9
12109,OA-VUMa2,369.1
10269,OA-AL2i2,370.3
10265,OA-AL2i2,370.3
10080,OA-VUMa3,370.70000000000005
10322,OA-AL2i2,370.9
12896,OA-VUMa5,371.1
11264,OA-ASM1,371.5
10110,OA-VUMa1,373.5
10187,OA-VPM3,373.70000000000005
10825,OA-AL2i3,373.9
286259,OA-ASM1,374.20000000000005
11608,OA-VUMa2,375.1
10120,OA-VPM4,375.20000000000005
11005,OA-VUMa4,375.4
10072,OA-AL2i1,375.70000000000005
10168,OA-VUMa6,375.70000000000005
10041,OA-VUMa1,375.8
10204,OA-AL2i2,375.9
10652,OA-AL2i4,376.5
10011,OA-AL2i1,376.5
287884,OA-VPM3,377.59999999999997
11921,OA-VPM4,378.09999999999997
10185,OA-VUMa8,378.3
10658,OA-AL2i3,378.40000000000003
10555,OA-VUMa3,379.0
10226,OA-AL2i3,380.09999999999997
10799,OA-VUMa4,380.20000000000005
10687,OA-AL2i3,380.40000000000003
12109,OA-VUMa2,380.40000000000003
11602,OA-ASM1,380.5
10175,OA-VUMa6,380.59999999999997
10677,OA-AL2i4,380.70000000000005
12688,OA-ASM1,381.3
12896,OA-VUMa5,382.09999999999997
53065,Mi1,382.3
10269,OA-AL2i2,382.5
10322,OA-AL2i2,382.8
10265,OA-AL2i2,383.0
10080,OA-VUMa3,383.40000000000003
10110,OA-VUMa1,384.3
11264,OA-ASM1,384.59999999999997
11608,OA-VUMa2,386.40000000000003
10041,OA-VUMa1,386.5
10825,OA-AL2i3,386.5
11005,OA-VUMa4,386.5
10168,OA-VUMa6,386.70000000000005
10187,OA-VPM3,386.70000000000005
10011,OA-AL2i1,388.0
286259,OA-ASM1,388.20000000000005
10120,OA-VPM4,388.20000000000005
10072,OA-AL2i1,388.5
10204,OA-AL2i2,389.40000000000003
10185,OA-VUMa8,389.59999999999997
10652,OA-AL2i4,390.5
287884,OA-VPM3,390.6
10658,OA-AL2i3,390.7
11921,OA-VPM4,390.90000000000003
10175,OA-VUMa6,391.2
12109,OA-VUMa2,391.5
10687,OA-AL2i3,391.6
10226,OA-AL2i3,392.2
10799,OA-VUMa4,393.1
10555,OA-VUMa3,393.7
10677,OA-AL2i4,393.7
12688,OA-ASM1,393.8
10110,OA-VUMa1,394.1
12896,OA-VUMa5,394.1
10265,OA-AL2i2,394.8
11602,OA-ASM1,395.0
10269,OA-AL2i2,395.3
10322,OA-AL2i2,395.5
53065,Mi1,396.1
10080,OA-VUMa3,397.0
10041,OA-VUMa1,397.6
11005,OA-VUMa4,397.6
11264,OA-ASM1,398.0
11608,OA-VUMa2,398.1
10168,OA-VUMa6,398.7
10072,OA-AL2i1,398.8
10187,OA-VPM3,398.90000000000003
10825,OA-AL2i3,399.40000000000003
10011,OA-AL2i1,400.5
10120,OA-VPM4,400.90000000000003
10185,OA-VUMa8,401.40000000000003
286259,OA-ASM1,402.40000000000003
10175,OA-VUMa6,402.7
10204,OA-AL2i2,403.0
10658,OA-AL2i3,403.1
10687,OA-AL2i3,403.1
12109,OA-VUMa2,403.1
287884,OA-VPM3,403.5
10652,OA-AL2i4,403.90000000000003
10110,OA-VUMa1,405.1
10226,OA-AL2i3,405.2
12896,OA-VUMa5,405.3
11921,OA-VPM4,405.3
10799,OA-VUMa4,405.5
12688,OA-ASM1,405.6
10677,OA-AL2i4,406.2
11602,OA-ASM1,406.7
10555,OA-VUMa3,406.90000000000003
10265,OA-AL2i2,407.7
10041,OA-VUMa1,408.0
10269,OA-AL2i2,408.0
10322,OA-AL2i2,408.2
11005,OA-VUMa4,409.7
11608,OA-VUMa2,409.8
11264,OA-ASM1,410.2
10080,OA-VUMa3,410.6
10072,OA-AL2i1,411.0
53065,Mi1,411.0
10168,OA-VUMa6,411.2
10011,OA-AL2i1,411.7
10825,OA-AL2i3,412.1
10120,OA-VPM4,412.3
10187,OA-VPM3,412.6
10185,OA-VUMa8,413.5
10658,OA-AL2i3,414.3
12109,OA-VUMa2,414.40000000000003
10175,OA-VUMa6,414.6
286259,OA-ASM1,415.40000000000003
10687,OA-AL2i3,415.5
10110,OA-VUMa1,415.5
10204,OA-AL2i2,416.1
10652,OA-AL2i4,416.5
12896,OA-VUMa5,416.9
10226,OA-AL2i3,417.00000000000006
287884,OA-VPM3,417.1
12688,OA-ASM1,417.6
10041,OA-VUMa1,418.2
10799,OA-VUMa4,418.3
11921,OA-VPM4,418.8
10677,OA-AL2i4,419.1
11602,OA-ASM1,419.1
10555,OA-VUMa3,419.7
10265,OA-AL2i2,420.3
10269,OA-AL2i2,420.50000000000006
11608,OA-VUMa2,421.1
11005,OA-VUMa4,421.2
10322,OA-AL2i2,421.50000000000006
10168,OA-VUMa6,422.1
11264,OA-ASM1,423.00000000000006
10011,OA-AL2i1,423.1
10072,OA-AL2i1,423.3
10825,OA-AL2i3,423.50000000000006
10080,OA-VUMa3,423.7
10120,OA-VPM4,424.2
10187,OA-VPM3,425.1
10658,OA-AL2i3,425.8
10185,OA-VUMa8,426.00000000000006
12109,OA-VUMa2,426.1
53065,Mi1,426.1
10175,OA-VUMa6,426.50000000000006
10110,OA-VUMa1,426.7
10687,OA-AL2i3,427.00000000000006
10226,OA-AL2i3,428.1
12896,OA-VUMa5,428.4
10041,OA-VUMa1,428.50000000000006
286259,OA-ASM1,428.6
10204,OA-AL2i2,428.6
10652,OA-AL2i4,429.00000000000006
12688,OA-ASM1,429.6
287884,OA-VPM3,430.0
10799,OA-VUMa4,431.6
11602,OA-ASM1,432.3
10265,OA-AL2i2,432.5
10269,OA-AL2i2,432.70000000000005
10555,OA-VUMa3,432.70000000000005
11005,OA-VUMa4,432.8
10677,OA-AL2i4,432.9
11921,OA-VPM4,433.1
11608,OA-VUMa2,433.20000000000005
10072,OA-AL2i1,433.3
10168,OA-VUMa6,433.70000000000005
10322,OA-AL2i2,434.1
10011,OA-AL2i1,435.0
11264,OA-ASM1,435.8
10080,OA-VUMa3,436.1
10825,OA-AL2i3,436.1
10120,OA-VPM4,436.4
10658,OA-AL2i3,437.20000000000005
12109,OA-VUMa2,437.9
10175,OA-VUMa6,438.1
10185,OA-VUMa8,438.20000000000005
10110,OA-VUMa1,438.5
10687,OA-AL2i3,438.9
10187,OA-VPM3,438.9
10041,OA-VUMa1,439.70000000000005
10226,OA-AL2i3,439.8
12896,OA-VUMa5,440.20000000000005
53065,Mi1,440.6
10652,OA-AL2i4,441.70000000000005
12688,OA-ASM1,442.1
286259,OA-ASM1,442.20000000000005
10204,OA-AL2i2,442.5
287884,OA-VPM3,443.3
11005,OA-VUMa4,444.0
11608,OA-VUMa2,444.59999999999997
11602,OA-ASM1,444.90000000000003
10011,OA-AL2i1,445.5
10555,OA-VUMa3,445.5
10677,OA-AL2i4,445.5
10799,OA-VUMa4,445.59999999999997
10269,OA-AL2i2,445.59999999999997
10168,OA-VUMa6,445.8
10265,OA-AL2i2,445.8
10072,OA-AL2i1,445.8
10322,OA-AL2i2,447.90000000000003
11921,OA-VPM4,448.09999999999997
10825,OA-AL2i3,448.20000000000005
11264,OA-ASM1,448.20000000000005
10080,OA-VUMa3,448.40000000000003
10120,OA-VPM4,448.70000000000005
10658,OA-AL2i3,448.70000000000005
10110,OA-VUMa1,449.3
12109,OA-VUMa2,449.5
10175,OA-VUMa6,450.0
10185,OA-VUMa8,450.0
10226,OA-AL2i3,450.5
10187,OA-VPM3,451.0
12896,OA-VUMa5,451.09999999999997
10041,OA-VUMa1,451.40000000000003
10687,OA-AL2i3,451.40000000000003
53065,Mi1,454.0
10652,OA-AL2i4,454.40000000000003
10204,OA-AL2i2,455.0
12688,OA-ASM1,455.0
286259,OA-ASM1,455.40000000000003
287884,OA-VPM3,455.40000000000003
11005,OA-VUMa4,455.70000000000005
11608,OA-VUMa2,455.90000000000003
11602,OA-ASM1,457.5
10168,OA-VUMa6,457.6
10269,OA-AL2i2,457.8
10011,OA-AL2i1,458.1
10555,OA-VUMa3,458.2
10677,OA-AL2i4,458.2
10072,OA-AL2i1,458.8
10110,OA-VUMa1,459.1
10799,OA-VUMa4,459.2
10265,OA-AL2i2,459.8
10322,OA-AL2i2,460.0
10120,OA-VPM4,460.8
10825,OA-AL2i3,460.8
10658,OA-AL2i3,460.90000000000003
12109,OA-VUMa2,461.1
10080,OA-VUMa3,461.3
11264,OA-ASM1,461.40000000000003
10175,OA-VUMa6,461.90000000000003
11921,OA-VPM4,462.0
10041,OA-VUMa1,462.6
10185,OA-VUMa8,463.1
10226,OA-AL2i3,463.2
10687,OA-AL2i3,464.1
12896,OA-VUMa5,464.1
10187,OA-VPM3,464.3
10652,OA-AL2i4,466.90000000000003
11608,OA-VUMa2,467.6
12688,OA-ASM1,467.8
11005,OA-VUMa4,467.90000000000003
10204,OA-AL2i2,468.30000000000007
10168,OA-VUMa6,468.7
10072,OA-AL2i1,468.80000000000007
287884,OA-VPM3,469.3
10011,OA-AL2i1,469.6
286259,OA-ASM1,469.6
53065,Mi1,469.8
10555,OA-VUMa3,469.90000000000003
10110,OA-VUMa1,469.90000000000003
10269,OA-AL2i2,470.40000000000003
11602,OA-ASM1,470.40000000000003
10677,OA-AL2i4,471.3
10799,OA-VUMa4,471.5
10322,OA-AL2i2,472.1
10265,OA-AL2i2,472.3
12109,OA-VUMa2,472.7
10658,OA-AL2i3,472.7
10120,OA-VPM4,473.2
10041,OA-VUMa1,473.3
10825,OA-AL2i3,473.7
10080,OA-VUMa3,474.3
10175,OA-VUMa6,474.3
11264,OA-ASM1,474.6
10226,OA-AL2i3,475.2
10185,OA-VUMa8,475.40000000000003
12896,OA-VUMa5,476.1
11921,OA-VPM4,476.2
10687,OA-AL2i3,476.90000000000003
10187,OA-VPM3,477.1
10652,OA-AL2i4,479.1
11608,OA-VUMa2,479.3
11005,OA-VUMa4,479.6
10168,OA-VUMa6,479.90000000000003
10072,OA-AL2i1,480.3
12688,OA-ASM1,480.6
10110,OA-VUMa1,480.8
10204,OA-AL2i2,481.2
10011,OA-AL2i1,481.2
286259,OA-ASM1,482.7
287884,OA-VPM3,482.9
10799,OA-VUMa4,483.1
10555,OA-VUMa3,483.2
11602,OA-ASM1,483.2
10269,OA-AL2i2,483.3
53065,Mi1,483.4
10041,OA-VUMa1,483.50000000000006
10322,OA-AL2i2,483.8
10265,OA-AL2i2,483.9
10120,OA-VPM4,484.6
12109,OA-VUMa2,484.6
10658,OA-AL2i3,484.8
10677,OA-AL2i4,485.2
10175,OA-VUMa6,486.3
10226,OA-AL2i3,487.00000000000006
10825,OA-AL2i3,487.1
10080,OA-VUMa3,487.6
10185,OA-VUMa8,487.8
11264,OA-ASM1,488.2
12896,OA-VUMa5,488.50000000000006
10687,OA-AL2i3,489.6
10187,OA-VPM3,490.7
11608,OA-VUMa2,490.9
10652,OA-AL2i4,491.50000000000006
11921,OA-VPM4,491.50000000000006
10168,OA-VUMa6,491.9
11005,OA-VUMa4,492.00000000000006
10110,OA-VUMa1,492.6
10072,OA-AL2i1,492.7
10204,OA-AL2i2,494.00000000000006
12688,OA-ASM1,494.1
10011,OA-AL2i1,494.4
10041,OA-VUMa1,494.4
10269,OA-AL2i2,495.6
10265,OA-AL2i2,495.9
12109,OA-VUMa2,496.20000000000005
287884,OA-VPM3,496.3
10658,OA-AL2i3,496.5
286259,OA-ASM1,496.70000000000005
10555,OA-VUMa3,496.9
10799,OA-VUMa4,496.9
11602,OA-ASM1,496.9
10322,OA-AL2i2,497.3
10175,OA-VUMa6,497.5
10120,OA-VPM4,497.70000000000005
10677,OA-AL2i4,498.3
53065,Mi1,498.4
10825,OA-AL2i3,499.4
10226,OA-AL2i3,499.5
10080,OA-VUMa3,500.09999999999997
10185,OA-VUMa8,500.09999999999997
12896,OA-VUMa5,500.2
11264,OA-ASM1,500.6
10687,OA-AL2i3,501.9
11608,OA-VUMa2,502.50000000000006
10110,OA-VUMa1,502.70000000000005
10652,OA-AL2i4,503.50000000000006
10187,OA-VPM3,503.70000000000005
11005,OA-VUMa4,503.8
10168,OA-VUMa6,503.9
10011,OA-AL2i1,505.0
10072,OA-AL2i1,505.0
10041,OA-VUMa1,505.2
11921,OA-VPM4,505.40000000000003
10204,OA-AL2i2,507.09999999999997
12688,OA-ASM1,507.09999999999997
12109,OA-VUMa2,507.2
10269,OA-AL2i2,507.70000000000005
10265,OA-AL2i2,508.29999999999995
10175,OA-VUMa6,509.0
287884,OA-VPM3,509.50000000000006
11602,OA-ASM1,509.50000000000006
10322,OA-AL2i2,509.50000000000006
10799,OA-VUMa4,509.6
10226,OA-AL2i3,509.70000000000005
10658,OA-AL2i3,510.50000000000006
286259,OA-ASM1,510.50000000000006
10120,OA-VPM4,511.09999999999997
12896,OA-VUMa5,511.2
10555,OA-VUMa3,511.50000000000006
10677,OA-AL2i4,512.3
10825,OA-AL2i3,512.5
53065,Mi1,512.8000000000001
11264,OA-ASM1,513.1
10110,OA-VUMa1,513.5
10080,OA-VUMa3,513.7
10185,OA-VUMa8,513.7
11608,OA-VUMa2,514.3
10687,OA-AL2i3,514.5000000000001
10041,OA-VUMa1,515.1
10168,OA-VUMa6,515.5000000000001
10011,OA-AL2i1,516.0
11005,OA-VUMa4,516.0
10187,OA-VPM3,516.4
10072,OA-AL2i1,516.8000000000001
10652,OA-AL2i4,517.1
12109,OA-VUMa2,518.5000000000001
12688,OA-ASM1,518.7
10204,OA-AL2i2,519.4
10269,OA-AL2i2,519.6
10175,OA-VUMa6,520.4
11921,OA-VPM4,520.4
10226,OA-AL2i3,521.1999999999999
10799,OA-VUMa4,521.4
10265,OA-AL2i2,521.6
12896,OA-VUMa5,522.1999999999999
287884,OA-VPM3,522.1999999999999
11602,OA-ASM1,522.5000000000001
10322,OA-AL2i2,522.5000000000001
10120,OA-VPM4,523.5000000000001
10658,OA-AL2i3,523.5000000000001
286259,OA-ASM1,524.1999999999999
10555,OA-VUMa3,524.4
10677,OA-AL2i4,524.8000000000001
10825,OA-AL2i3,525.0
10110,OA-VUMa1,525.2
11264,OA-ASM1,525.7
10185,OA-VUMa8,525.7
11608,OA-VUMa2,525.9
10687,OA-AL2i3,526.4
10080,OA-VUMa3,526.8000000000001
10168,OA-VUMa6,527.0
10041,OA-VUMa1,527.4
11005,OA-VUMa4,527.5000000000001
53065,Mi1,528.0
10011,OA-AL2i1,528.5000000000001
10072,OA-AL2i1,528.9
10652,OA-AL2i4,529.0
10187,OA-VPM3,529.2
12109,OA-VUMa2,529.4
10175,OA-VUMa6,531.3
10204,OA-AL2i2,532.2
12688,OA-ASM1,532.2
10226,OA-AL2i3,532.3
10269,OA-AL2i2,532.5
12896,OA-VUMa5,533.8000000000001
10322,OA-AL2i2,534.1
10799,OA-VUMa4,534.3
287884,OA-VPM3,534.3
11921,OA-VPM4,534.6
10265,OA-AL2i2,534.9
10120,OA-VPM4,535.6
11602,OA-ASM1,535.8000000000001
10658,OA-AL2i3,536.0
11608,OA-VUMa2,536.2
10110,OA-VUMa1,536.2
10555,OA-VUMa3,537.5
10185,OA-VUMa8,537.6
10677,OA-AL2i4,537.7
10168,OA-VUMa6,537.9
286259,OA-ASM1,538.2
10825,OA-AL2i3,538.5
10041,OA-VUMa1,538.9000000000001
11264,OA-ASM1,539.4
11005,OA-VUMa4,539.7
10687,OA-AL2i3,540.0
10080,OA-VUMa3,540.8000000000001
10011,OA-AL2i1,541.3
10072,OA-AL2i1,541.3
10652,OA-AL2i4,541.8000000000001
12109,OA-VUMa2,541.8000000000001
10175,OA-VUMa6,542.2
10187,OA-VPM3,542.5
10226,OA-AL2i3,543.3
53065,Mi1,543.5
10269,OA-AL2i2,544.1
12688,OA-ASM1,545.1
10204,OA-AL2i2,545.4
12896,OA-VUMa5,545.4
10265,OA-AL2i2,546.0
10322,OA-AL2i2,546.5
10799,OA-VUMa4,546.5999999999999
10658,OA-AL2i3,547.2
11608,OA-VUMa2,547.7
10110,OA-VUMa1,547.9000000000001
11602,OA-ASM1,548.0
287884,OA-VPM3,548.1
10120,OA-VPM4,548.4
11921,OA-VPM4,548.9000000000001
10168,OA-VUMa6,550.0
10185,OA-VUMa8,550.4
10041,OA-VUMa1,550.4
10825,OA-AL2i3,551.3
10555,OA-VUMa3,551.4
10677,OA-AL2i4,551.5
11005,OA-VUMa4,552.0
11264,OA-ASM1,552.2
286259,OA-ASM1,552.4
10687,OA-AL2i3,552.8000000000001
10080,OA-VUMa3,552.9000000000001
10011,OA-AL2i1,553.8000000000001
10072,OA-AL2i1,553.9000000000001
12109,OA-VUMa2,554.1
10187,OA-VPM3,554.2
10226,OA-AL2i3,554.2
10652,OA-AL2i4,554.4
10175,OA-VUMa6,554.9000000000001
10269,OA-AL2i2,555.9000000000001
12896,OA-VUMa5,557.0
53065,Mi1,557.2
12688,OA-ASM1,557.6
10265,OA-AL2i2,557.9000000000001
10204,OA-AL2i2,558.2
11608,OA-VUMa2,558.2
10658,OA-AL2i3,558.9000000000001
10110,OA-VUMa1,559.1
10322,OA-AL2i2,559.4
10799,OA-VUMa4,559.9000000000001
11602,OA-ASM1,560.1
287884,OA-VPM3,561.1
10120,OA-VPM4,561.1
10168,OA-VUMa6,561.1
10041,OA-VUMa1,562.0
10185,OA-VUMa8,562.6
11005,OA-VUMa4,563.6999999999999
10072,OA-AL2i1,563.6999999999999
10825,OA-AL2i3,563.6999999999999
11921,OA-VPM4,563.9000000000001
11264,OA-ASM1,565.1
10011,OA-AL2i1,565.3000000000001
10677,OA-AL2i4,565.5
10226,OA-AL2i3,565.6999999999999
10687,OA-AL2i3,565.8000000000001
10175,OA-VUMa6,565.9000000000001
12109,OA-VUMa2,566.0
286259,OA-ASM1,566.2
10555,OA-VUMa3,566.4
10080,OA-VUMa3,566.5
10652,OA-AL2i4,567.3000000000001
10187,OA-VPM3,567.5
10269,OA-AL2i2,568.1
12896,OA-VUMa5,568.5
10110,OA-VUMa1,569.6
12688,OA-ASM1,569.6999999999999
11608,OA-VUMa2,570.1
10204,OA-AL2i2,570.4
10265,OA-AL2i2,570.6999999999999
10658,OA-AL2i3,570.9000000000001
53065,Mi1,571.6
10322,OA-AL2i2,571.8
10041,OA-VUMa1,571.9000000000001
11602,OA-ASM1,572.3000000000001
10168,OA-VUMa6,572.8
10799,OA-VUMa4,573.1
10120,OA-VPM4,574.1
10185,OA-VUMa8,574.9000000000001
10072,OA-AL2i1,575.1
11005,OA-VUMa4,575.1
287884,OA-VPM3,575.4
10825,OA-AL2i3,576.2
10226,OA-AL2i3,577.1
11264,OA-ASM1,577.4
10175,OA-VUMa6,577.5
12109,OA-VUMa2,577.6
10011,OA-AL2i1,577.6
11921,OA-VPM4,577.9000000000001
10677,OA-AL2i4,578.6999999999999
10687,OA-AL2i3,579.0000000000001
12896,OA-VUMa5,579.6
10110,OA-VUMa1,580.3000000000001
10187,OA-VPM3,580.3000000000001
286259,OA-ASM1,580.3000000000001
10269,OA-AL2i2,580.6
10555,OA-VUMa3,580.6
10080,OA-VUMa3,580.8
10652,OA-AL2i4,580.9000000000001
12688,OA-ASM1,581.6999999999999
11608,OA-VUMa2,582.3000000000001
10041,OA-VUMa1,582.6999999999999
10658,OA-AL2i3,583.0000000000001
10204,OA-AL2i2,583.3000000000001
10265,OA-AL2i2,583.4
10322,OA-AL2i2,584.0000000000001
10168,OA-VUMa6,584.0000000000001
11602,OA-ASM1,584.5
10799,OA-VUMa4,585.5
11005,OA-VUMa4,586.4
53065,Mi1,586.4
10120,OA-VPM4,587.2
10185,OA-VUMa8,587.6999999999999
10072,OA-AL2i1,588.2
10226,OA-AL2i3,588.3000000000001
287884,OA-VPM3,588.5
10011,OA-AL2i1,588.7
12109,OA-VUMa2,589.5
10175,OA-VUMa6,589.6
10825,OA-AL2i3,589.6
11264,OA-ASM1,590.3000000000001
10110,OA-VUMa1,591.0000000000001
10677,OA-AL2i4,591.1
12896,OA-VUMa5,591.2
10687,OA-AL2i3,591.5
11921,OA-VPM4,592.3000000000001
10269,OA-AL2i2,592.5
10041,OA-VUMa1,593.0000000000001
10555,OA-VUMa3,593.0000000000001
10187,OA-VPM3,593.4
10652,OA-AL2i4,593.7
12688,OA-ASM1,593.8
11608,OA-VUMa2,593.9
286259,OA-ASM1,594.2
10658,OA-AL2i3,594.6
10080,OA-VUMa3,595.0
10322,OA-AL2i2,595.1
10168,OA-VUMa6,595.8
10265,OA-AL2i2,596.0
11602,OA-ASM1,596.5
10204,OA-AL2i2,597.5
10120,OA-VPM4,597.6
10799,OA-VUMa4,598.1
11005,OA-VUMa4,598.8
10011,OA-AL2i1,599.8
10185,OA-VUMa8,599.8
10226,OA-AL2i3,599.8
10072,OA-AL2i1,600.3000000000001
10175,OA-VUMa6,600.3000000000001
53065,Mi1,600.8
10110,OA-VUMa1,601.9
12109,OA-VUMa2,601.9
287884,OA-VPM3,602.1
10825,OA-AL2i3,602.2
12896,OA-VUMa5,603.2
10041,OA-VUMa1,603.3000000000001
10677,OA-AL2i4,603.8
10687,OA-AL2i3,604.1
11264,OA-ASM1,604.1
11608,OA-VUMa2,605.7
10658,OA-AL2i3,605.7
10187,OA-VPM3,605.9
10555,OA-VUMa3,606.3000000000001
12688,OA-ASM1,606.6
10269,OA-AL2i2,606.7
10168,OA-VUMa6,606.8
10652,OA-AL2i4,606.8
10322,OA-AL2i2,607.0
286259,OA-ASM1,607.2
10265,OA-AL2i2,607.6
10080,OA-VUMa3,608.3000000000001
11921,OA-VPM4,608.7
10120,OA-VPM4,609.5
10204,OA-AL2i2,610.0999999999999
11602,OA-ASM1,610.4000000000001
10799,OA-VUMa4,610.8
10226,OA-AL2i3,611.2
11005,OA-VUMa4,611.5
10175,OA-VUMa6,612.0
10185,OA-VUMa8,612.0999999999999
10011,OA-AL2i1,612.2
10110,OA-VUMa1,612.9
10072,OA-AL2i1,613.0
10825,OA-AL2i3,614.0
12109,OA-VUMa2,614.2
287884,OA-VPM3,615.0
10041,OA-VUMa1,615.5
53065,Mi1,615.7
10687,OA-AL2i3,616.2
12896,OA-VUMa5,616.3000000000001
10677,OA-AL2i4,617.3000000000001
11608,OA-VUMa2,617.4000000000001
11264,OA-ASM1,617.5
10168,OA-VUMa6,617.7
10187,OA-VPM3,618.7
10658,OA-AL2i3,618.8
10652,OA-AL2i4,619.2
12688,OA-ASM1,619.3000000000001
10269,OA-AL2i2,619.5
10322,OA-AL2i2,619.6
10555,OA-VUMa3,619.6
10265,OA-AL2i2,620.2
286259,OA-ASM1,621.4000000000001
10080,OA-VUMa3,621.5
10120,OA-VPM4,621.8
11602,OA-ASM1,623.1
11921,OA-VPM4,623.1999999999999
11005,OA-VUMa4,623.1999999999999
10204,OA-AL2i2,623.4000000000001
10799,OA-VUMa4,623.4000000000001
10226,OA-AL2i3,623.5
10175,OA-VUMa6,623.9
10110,OA-VUMa1,624.1
10185,OA-VUMa8,624.4000000000001
10072,OA-AL2i1,624.7
10011,OA-AL2i1,625.3000000000001
12109,OA-VUMa2,626.4000000000001
10041,OA-VUMa1,626.6
10825,OA-AL2i3,626.6
12896,OA-VUMa5,627.5
287884,OA-VPM3,627.9
10687,OA-AL2i3,628.6
11608,OA-VUMa2,629.7
10168,OA-VUMa6,629.9
10677,OA-AL2i4,629.9
11264,OA-ASM1,630.6
10322,OA-AL2i2,630.6
53065,Mi1,630.7
10658,OA-AL2i3,630.8000000000001
10187,OA-VPM3,631.1
10269,OA-AL2i2,631.4000000000001
12688,OA-ASM1,631.5
10652,OA-AL2i4,632.1
10555,OA-VUMa3,633.3000000000001
10265,OA-AL2i2,633.5
10120,OA-VPM4,634.0
10080,OA-VUMa3,634.7
286259,OA-ASM1,635.0
10175,OA-VUMa6,635.3
11602,OA-ASM1,635.5
10226,OA-AL2i3,635.7
10110,OA-VUMa1,635.9
11005,OA-VUMa4,636.1999999999999
10799,OA-VUMa4,636.4000000000001
10011,OA-AL2i1,636.4000000000001
10041,OA-VUMa1,636.7
10185,OA-VUMa8,636.9
11921,OA-VPM4,637.1
10072,OA-AL2i1,637.6
10204,OA-AL2i2,637.9
12109,OA-VUMa2,638.1
10825,OA-AL2i3,638.7
10687,OA-AL2i3,639.9
12896,OA-VUMa5,640.1999999999999
287884,OA-VPM3,640.8000000000001
10168,OA-VUMa6,641.7
10677,OA-AL2i4,642.4000000000001
10322,OA-AL2i2,642.5000000000001
11608,OA-VUMa2,642.6
10658,OA-AL2i3,642.8000000000001
11264,OA-ASM1,643.7
10269,OA-AL2i2,643.9
12688,OA-ASM1,644.1
53065,Mi1,644.5000000000001
10187,OA-VPM3,644.7
10652,OA-AL2i4,645.1999999999999
10120,OA-VPM4,646.0
10555,OA-VUMa3,646.0
10226,OA-AL2i3,646.5000000000001
10265,OA-AL2i2,646.8000000000001
10110,OA-VUMa1,647.0
10175,OA-VUMa6,647.1
286259,OA-ASM1,648.1
11602,OA-ASM1,648.3
10185,OA-VUMa8,648.5000000000001
10080,OA-VUMa3,648.9
12109,OA-VUMa2,648.9
10041,OA-VUMa1,649.0
10799,OA-VUMa4,649.0
11005,OA-VUMa4,649.1
10011,OA-AL2i1,649.4
10072,OA-AL2i1,650.8000000000001
10825,OA-AL2i3,651.1
10204,OA-AL2i2,651.5000000000001
11921,OA-VPM4,651.5000000000001
12896,OA-VUMa5,651.8000000000001
287884,OA-VPM3,652.9
10687,OA-AL2i3,653.5000000000001
10168,OA-VUMa6,653.6
10658,OA-AL2i3,653.7
10322,OA-AL2i2,653.7
11608,OA-VUMa2,654.0
10677,OA-AL2i4,655.2
10269,OA-AL2i2,657.0
11264,OA-ASM1,657.0
12688,OA-ASM1,657.0
10187,OA-VPM3,657.2
10226,OA-AL2i3,658.2
10110,OA-VUMa1,658.2
10175,OA-VUMa6,658.5000000000001
10120,OA-VPM4,658.6
53065,Mi1,658.7
10265,OA-AL2i2,658.8000000000001
10652,OA-AL2i4,659.0
10555,OA-VUMa3,659.9
12109,OA-VUMa2,659.9
10041,OA-VUMa1,660.3
10185,OA-VUMa8,660.5000000000001
11602,OA-ASM1,661.1
286259,OA-ASM1,661.5
10080,OA-VUMa3,662.2
12896,OA-VUMa5,662.7
10011,OA-AL2i1,662.8000000000001
10799,OA-VUMa4,663.2
10825,OA-AL2i3,663.6
11005,OA-VUMa4,663.7
10072,OA-AL2i1,663.8000000000001
10658,OA-AL2i3,664.1
10204,OA-AL2i2,664.3
11608,OA-VUMa2,665.4
10322,OA-AL2i2,665.7
287884,OA-VPM3,665.8000000000001
10687,OA-AL2i3,666.1
11921,OA-VPM4,666.2
10168,OA-VUMa6,666.3
10677,OA-AL2i4,668.0
10110,OA-VUMa1,668.6
10269,OA-AL2i2,668.9000000000001
11264,OA-ASM1,669.0
10187,OA-VPM3,669.1
12688,OA-ASM1,669.6
10226,OA-AL2i3,670.1
10175,OA-VUMa6,670.6
10265,OA-AL2i2,671.0
12109,OA-VUMa2,671.5
10120,OA-VPM4,671.8000000000001
10041,OA-VUMa1,671.9000000000001
10185,OA-VUMa8,672.5
10652,OA-AL2i4,672.5
53065,Mi1,672.7
10555,OA-VUMa3,672.8000000000001
12896,OA-VUMa5,673.2
11602,OA-ASM1,674.0
10011,OA-AL2i1,675.0
10080,OA-VUMa3,675.5999999999999
286259,OA-ASM1,675.7
10825,OA-AL2i3,675.9000000000001
10658,OA-AL2i3,676.3
10799,OA-VUMa4,676.4
10072,OA-AL2i1,676.7
11608,OA-VUMa2,676.7
10322,OA-AL2i2,677.2
11005,OA-VUMa4,677.2
10168,OA-VUMa6,677.5
10204,OA-AL2i2,678.0
10687,OA-AL2i3,678.2
287884,OA-VPM3,678.6
10110,OA-VUMa1,679.3
11921,OA-VPM4,679.7
10677,OA-AL2i4,680.8000000000001
10269,OA-AL2i2,680.9000000000001
10187,OA-VPM3,681.0
10226,OA-AL2i3,681.7
12688,OA-ASM1,681.8000000000001
10041,OA-VUMa1,682.0
10175,OA-VUMa6,682.3
12109,OA-VUMa2,682.3
11264,OA-ASM1,683.0
10120,OA-VPM4,683.7
10265,OA-AL2i2,683.8000000000001
10652,OA-AL2i4,684.6
10185,OA-VUMa8,685.0
10555,OA-VUMa3,685.2
12896,OA-VUMa5,685.6
10011,OA-AL2i1,686.1
10072,OA-AL2i1,686.7
53065,Mi1,687.6
10658,OA-AL2i3,687.8000000000001
11608,OA-VUMa2,687.8000000000001
10825,OA-AL2i3,687.9000000000001
11602,OA-ASM1,688.0
10080,OA-VUMa3,688.3
10322,OA-AL2i2,689.1
286259,OA-ASM1,689.3
10168,OA-VUMa6,689.6999999999999
10799,OA-VUMa4,689.8000000000001
11005,OA-VUMa4,690.4
10110,OA-VUMa1,690.8000000000001
10687,OA-AL2i3,691.2
287884,OA-VPM3,691.3
10204,OA-AL2i2,692.4
10041,OA-VUMa1,692.5
10226,OA-AL2i3,692.8000000000001
10269,OA-AL2i2,692.8000000000001
10677,OA-AL2i4,693.4
10175,OA-VUMa6,693.9000000000001
11921,OA-VPM4,694.0
10187,OA-VPM3,694.1
12109,OA-VUMa2,694.5
12688,OA-ASM1,694.8000000000001
10120,OA-VPM4,695.6999999999999
10072,OA-AL2i1,696.3000000000001
12896,OA-VUMa5,696.8000000000001
10011,OA-AL2i1,697.0
10185,OA-VUMa8,697.0
11264,OA-ASM1,697.0
10265,OA-AL2i2,697.2
10652,OA-AL2i4,697.8000000000001
11608,OA-VUMa2,698.9000000000001
10658,OA-AL2i3,699.4
10555,OA-VUMa3,699.6
11602,OA-ASM1,699.6999999999999
10168,OA-VUMa6,700.2
10322,OA-AL2i2,700.4
10825,OA-AL2i3,700.6
10080,OA-VUMa3,700.9000000000001
10110,OA-VUMa1,701.6
53065,Mi1,702.0
286259,OA-ASM1,702.4
10799,OA-VUMa4,702.8
11005,OA-VUMa4,703.1
287884,OA-VPM3,703.1
10041,OA-VUMa1,703.3000000000001
10687,OA-AL2i3,703.8
10226,OA-AL2i3,705.5
10269,OA-AL2i2,705.5
10175,OA-VUMa6,705.9000000000001
10072,OA-AL2i1,706.0000000000001
12109,OA-VUMa2,706.6999999999999
10204,OA-AL2i2,706.6999999999999
10187,OA-VPM3,707.0000000000001
10677,OA-AL2i4,707.0000000000001
12688,OA-ASM1,708.0000000000001
10011,OA-AL2i1,708.2
12896,OA-VUMa5,708.2
10120,OA-VPM4,709.0000000000001
11921,OA-VPM4,709.3000000000001
11264,OA-ASM1,709.4
10185,OA-VUMa8,709.4
10265,OA-AL2i2,709.5
10652,OA-AL2i4,710.6999999999999
11608,OA-VUMa2,710.8
10168,OA-VUMa6,711.3000000000001
10658,OA-AL2i3,711.3000000000001
10322,OA-AL2i2,711.5
10110,OA-VUMa1,712.2
11602,OA-ASM1,712.4
10555,OA-VUMa3,712.9000000000001
10825,OA-AL2i3,713.5
10080,OA-VUMa3,714.4
11005,OA-VUMa4,714.4
10041,OA-VUMa1,714.9
287884,OA-VPM3,715.3000000000001
10072,OA-AL2i1,715.6
10799,OA-VUMa4,716.1
286259,OA-ASM1,716.2
10687,OA-AL2i3,716.5
10226,OA-AL2i3,716.5
53065,Mi1,716.9
10175,OA-VUMa6,717.3000000000001
10269,OA-AL2i2,717.9
10204,OA-AL2i2,718.4
12109,OA-VUMa2,718.5
10187,OA-VPM3,719.1
10011,OA-AL2i1,719.6
10677,OA-AL2i4,720.1
12896,OA-VUMa5,720.7
12688,OA-ASM1,721.1
10120,OA-VPM4,721.3000000000001
10185,OA-VUMa8,721.3000000000001
11608,OA-VUMa2,722.2
11264,OA-ASM1,722.4
10265,OA-AL2i2,722.5
11921,OA-VPM4,722.9
10322,OA-AL2i2,722.9
10658,OA-AL2i3,723.0000000000001
10168,OA-VUMa6,723.1
10110,OA-VUMa1,723.4
10652,OA-AL2i4,723.6
11602,OA-ASM1,724.7
10041,OA-VUMa1,724.8
10555,OA-VUMa3,725.3000000000001
10825,OA-AL2i3,725.9
11005,OA-VUMa4,726.2
10072,OA-AL2i1,727.0
10226,OA-AL2i3,727.4
10687,OA-AL2i3,728.5
287884,OA-VPM3,728.5
10175,OA-VUMa6,728.9
10080,OA-VUMa3,729.4
286259,OA-ASM1,729.5
12109,OA-VUMa2,730.9
10204,OA-AL2i2,731.0
10011,OA-AL2i1,731.1
10799,OA-VUMa4,731.1
53065,Mi1,731.4000000000001
10269,OA-AL2i2,731.8
12896,OA-VUMa5,732.0
12688,OA-ASM1,732.6
10185,OA-VUMa8,732.7
10677,OA-AL2i4,733.2
10187,OA-VPM3,733.4000000000001
10120,OA-VPM4,733.7
10322,OA-AL2i2,734.6
10658,OA-AL2i3,734.6
10110,OA-VUMa1,734.9
10265,OA-AL2i2,734.9
10168,OA-VUMa6,735.5
11264,OA-ASM1,735.5
10652,OA-AL2i4,735.8
11608,OA-VUMa2,735.9
10041,OA-VUMa1,736.1
11602,OA-ASM1,736.4000000000001
11921,OA-VPM4,737.4000000000001
11005,OA-VUMa4,737.9
10555,OA-VUMa3,738.2
10825,OA-AL2i3,738.5
10226,OA-AL2i3,739.0
10072,OA-AL2i1,739.7
10175,OA-VUMa6,740.3000000000001
10687,OA-AL2i3,740.9
10080,OA-VUMa3,741.7
287884,OA-VPM3,741.7
12109,OA-VUMa2,742.2
10011,OA-AL2i1,742.4000000000001
12688,OA-ASM1,743.5
286259,OA-ASM1,743.7
10269,OA-AL2i2,744.1
10204,OA-AL2i2,744.1
12896,OA-VUMa5,744.2
53065,Mi1,744.2
10185,OA-VUMa8,744.8
10799,OA-VUMa4,745.1
10322,OA-AL2i2,745.7
10187,OA-VPM3,745.8
10110,OA-VUMa1,745.9
10658,OA-AL2i3,746.2
10120,OA-VPM4,746.4000000000001
10677,OA-AL2i4,746.9
11608,OA-VUMa2,747.6
10168,OA-VUMa6,747.7
10041,OA-VUMa1,747.9
10265,OA-AL2i2,747.9
10652,OA-AL2i4,748.3000000000001
11264,OA-ASM1,748.9
11602,OA-ASM1,749.3000000000001
11005,OA-VUMa4,749.9
10226,OA-AL2i3,750.0
10555,OA-VUMa3,751.4000000000001
10072,OA-AL2i1,751.5
11921,OA-VPM4,751.6
10175,OA-VUMa6,751.9
10825,OA-AL2i3,752.4000000000001
10011,OA-AL2i1,753.6
12109,OA-VUMa2,753.8
287884,OA-VPM3,754.4000000000001
10080,OA-VUMa3,754.4000000000001
10687,OA-AL2i3,754.6
12896,OA-VUMa5,755.1999999999999
12688,OA-ASM1,755.8000000000001
10269,OA-AL2i2,756.0
286259,OA-ASM1,756.7
10185,OA-VUMa8,756.8000000000001
10110,OA-VUMa1,756.9
10204,OA-AL2i2,757.1999999999999
10658,OA-AL2i3,757.3000000000001
10799,OA-VUMa4,757.8000000000001
10041,OA-VUMa1,758.1999999999999
10120,OA-VPM4,758.5
10322,OA-AL2i2,758.5
11608,OA-VUMa2,758.8000000000001
10187,OA-VPM3,759.3000000000001
53065,Mi1,759.6
10168,OA-VUMa6,759.7
10265,OA-AL2i2,760.0
10677,OA-AL2i4,760.3000000000001
10226,OA-AL2i3,761.4000000000001
11264,OA-ASM1,762.1999999999999
10652,OA-AL2i4,762.3000000000001
11005,OA-VUMa4,762.3000000000001
10072,OA-AL2i1,763.1999999999999
11602,OA-ASM1,763.3000000000001
10175,OA-VUMa6,763.5
10555,OA-VUMa3,764.6
10011,OA-AL2i1,764.7
10825,OA-AL2i3,765.4000000000001
12109,OA-VUMa2,765.4000000000001
11921,OA-VPM4,765.8000000000001
287884,OA-VPM3,767.5
10687,OA-AL2i3,767.6
12896,OA-VUMa5,767.7
10080,OA-VUMa3,767.8000000000001
10269,OA-AL2i2,767.9
10185,OA-VUMa8,768.1999999999999
12688,OA-ASM1,768.5
10110,OA-VUMa1,769.0
10658,OA-AL2i3,769.3
10041,OA-VUMa1,769.7
286259,OA-ASM1,769.7
10322,OA-AL2i2,770.1999999999999
10204,OA-AL2i2,770.4000000000001
10120,OA-VPM4,770.5000000000001
11608,OA-VUMa2,771.0
10799,OA-VUMa4,771.6
10168,OA-VUMa6,771.9
10187,OA-VPM3,771.9
10265,OA-AL2i2,772.5000000000001
11005,OA-VUMa4,772.7
10677,OA-AL2i4,772.8000000000001
10226,OA-AL2i3,773.3
53065,Mi1,773.7
10175,OA-VUMa6,774.7
10072,OA-AL2i1,774.8000000000001
11264,OA-ASM1,774.8000000000001
10011,OA-AL2i1,775.6
10652,OA-AL2i4,775.8000000000001
11602,OA-ASM1,776.8000000000001
12109,OA-VUMa2,777.1
10555,OA-VUMa3,777.1999999999999
10825,OA-AL2i3,777.9
12896,OA-VUMa5,779.0
10687,OA-AL2i3,780.1999999999999
11921,OA-VPM4,780.3
10080,OA-VUMa3,780.4
287884,OA-VPM3,780.5000000000001
10185,OA-VUMa8,780.7
10269,OA-AL2i2,780.8000000000001
12688,OA-ASM1,781.3
10658,OA-AL2i3,781.4
10110,OA-VUMa1,781.7
10041,OA-VUMa1,781.8000000000001
11608,OA-VUMa2,782.0
10322,OA-AL2i2,782.2
10120,OA-VPM4,782.5000000000001
10204,OA-AL2i2,782.6
286259,OA-ASM1,783.1
11005,OA-VUMa4,783.9
10168,OA-VUMa6,784.0
10226,OA-AL2i3,784.7
10187,OA-VPM3,785.0
10072,OA-AL2i1,785.2
10677,OA-AL2i4,785.7
10265,OA-AL2i2,785.9
10799,OA-VUMa4,786.2
10175,OA-VUMa6,786.8000000000001
10011,OA-AL2i1,787.1
10652,OA-AL2i4,788.0
53065,Mi1,788.2
12109,OA-VUMa2,788.3
11264,OA-ASM1,789.2
10555,OA-VUMa3,789.5000000000001
11602,OA-ASM1,789.8000000000001
10825,OA-AL2i3,790.3
12896,OA-VUMa5,790.7
10269,OA-AL2i2,792.6
10687,OA-AL2i3,792.6
10658,OA-AL2i3,792.8000000000001
10041,OA-VUMa1,793.1
10110,OA-VUMa1,793.3
10120,OA-VPM4,793.3
10185,OA-VUMa8,793.3
287884,OA-VPM3,793.4
11608,OA-VUMa2,793.6
12688,OA-ASM1,793.8000000000001
10080,OA-VUMa3,794.1
11921,OA-VPM4,794.4
11005,OA-VUMa4,795.2
10322,OA-AL2i2,795.4
10168,OA-VUMa6,795.6
286259,OA-ASM1,796.1
10226,OA-AL2i3,796.4
10204,OA-AL2i2,796.5
10072,OA-AL2i1,796.7
10187,OA-VPM3,797.2
10265,OA-AL2i2,798.2
10175,OA-VUMa6,798.3
10677,OA-AL2i4,798.9000000000001
10011,OA-AL2i1,799.0
10799,OA-VUMa4,799.4
12109,OA-VUMa2,799.4
10652,OA-AL2i4,799.8000000000001
11602,OA-ASM1,802.3
12896,OA-VUMa5,802.4
10555,OA-VUMa3,802.8000000000001
53065,Mi1,803.2
10825,OA-AL2i3,803.3
11264,OA-ASM1,803.6
10687,OA-AL2i3,804.4
10658,OA-AL2i3,804.5
10120,OA-VPM4,804.9000000000001
10269,OA-AL2i2,805.0
10110,OA-VUMa1,805.5
10185,OA-VUMa8,805.5
10041,OA-VUMa1,806.0
11608,OA-VUMa2,806.1
12688,OA-ASM1,806.3
287884,OA-VPM3,807.1
10080,OA-VUMa3,807.3
11005,OA-VUMa4,807.3
10168,OA-VUMa6,807.4
10322,OA-AL2i2,808.2
286259,OA-ASM1,808.2
11921,OA-VPM4,808.3
10072,OA-AL2i1,808.4
10204,OA-AL2i2,808.6
10226,OA-AL2i3,808.6
10011,OA-AL2i1,809.9000000000001
10175,OA-VUMa6,809.9000000000001
10187,OA-VPM3,810.0
10265,OA-AL2i2,810.6
12109,OA-VUMa2,810.9000000000001
10677,OA-AL2i4,811.1
10799,OA-VUMa4,811.3
10652,OA-AL2i4,812.3
12896,OA-VUMa5,813.5
10825,OA-AL2i3,815.0
11602,OA-ASM1,815.1
10110,OA-VUMa1,816.3
10555,OA-VUMa3,816.3
10658,OA-AL2i3,816.4
10120,OA-VPM4,816.9000000000001
10687,OA-AL2i3,817.1
10269,OA-AL2i2,817.2
11264,OA-ASM1,817.4
11608,OA-VUMa2,817.6
12688,OA-ASM1,817.7
10185,OA-VUMa8,817.9000000000001
53065,Mi1,817.9000000000001
10168,OA-VUMa6,818.1
10041,OA-VUMa1,818.7
10226,OA-AL2i3,819.5
287884,OA-VPM3,819.8000000000001
10080,OA-VUMa3,820.2
11005,OA-VUMa4,820.2
10322,OA-AL2i2,820.9000000000001
11921,OA-VPM4,821.6
10204,OA-AL2i2,821.8000000000001
10011,OA-AL2i1,822.1
10072,OA-AL2i1,822.1
286259,OA-ASM1,822.4
12109,OA-VUMa2,822.4
10175,OA-VUMa6,822.4
10265,OA-AL2i2,823.4
10187,OA-VPM3,823.6999999999999
10677,OA-AL2i4,824.3000000000001
10652,OA-AL2i4,824.4
10799,OA-VUMa4,824.8000000000001
12896,OA-VUMa5,825.0
10825,OA-AL2i3,826.5
10658,OA-AL2i3,826.8000000000001
10110,OA-VUMa1,827.6999999999999
11602,OA-ASM1,827.6999999999999
10120,OA-VPM4,828.1
10555,OA-VUMa3,828.6
11608,OA-VUMa2,828.6999999999999
10687,OA-AL2i3,828.8000000000001
10269,OA-AL2i2,829.1
10226,OA-AL2i3,830.0
10168,OA-VUMa6,830.1
12688,OA-ASM1,830.2
10041,OA-VUMa1,830.4
10185,OA-VUMa8,830.9000000000001
11264,OA-ASM1,831.1
10072,OA-AL2i1,831.6999999999999
53065,Mi1,831.8000000000001
11005,OA-VUMa4,832.6
287884,OA-VPM3,832.6999999999999
10080,OA-VUMa3,832.8
10011,OA-AL2i1,832.8
10322,OA-AL2i2,833.3000000000001
10175,OA-VUMa6,834.3000000000001
12109,OA-VUMa2,834.4
10204,OA-AL2i2,835.5
286259,OA-ASM1,835.6
11921,OA-VPM4,836.4
10187,OA-VPM3,836.8
12896,OA-VUMa5,837.1
10677,OA-AL2i4,837.3000000000001
10265,OA-AL2i2,837.4
10652,OA-AL2i4,837.6
10799,OA-VUMa4,837.8
10110,OA-VUMa1,838.4
10825,OA-AL2i3,838.8
10658,OA-AL2i3,838.9000000000001
11602,OA-ASM1,839.2
11608,OA-VUMa2,839.9000000000001
10120,OA-VPM4,840.1
10687,OA-AL2i3,840.9000000000001
10072,OA-AL2i1,841.2
10555,OA-VUMa3,841.2
10041,OA-VUMa1,841.3000000000001
10168,OA-VUMa6,841.6
10226,OA-AL2i3,841.6999999999999
12688,OA-ASM1,842.2
10269,OA-AL2i2,842.6
10185,OA-VUMa8,843.4
10011,OA-AL2i1,844.4
11005,OA-VUMa4,844.5
11264,OA-ASM1,844.6
287884,OA-VPM3,844.6
10080,OA-VUMa3,845.2
10322,OA-AL2i2,845.2
53065,Mi1,845.3000000000001
12109,OA-VUMa2,845.5
10175,OA-VUMa6,846.4
10204,OA-AL2i2,848.3000000000001
12896,OA-VUMa5,848.4
286259,OA-ASM1,849.1
10110,OA-VUMa1,849.6
10187,OA-VPM3,849.8
10799,OA-VUMa4,850.3000000000001
10072,OA-AL2i1,850.5
10265,OA-AL2i2,850.6
11921,OA-VPM4,850.7
10652,OA-AL2i4,850.8
10677,OA-AL2i4,851.0000000000001
10658,OA-AL2i3,851.4
11602,OA-ASM1,851.9
11608,OA-VUMa2,851.9
10041,OA-VUMa1,852.2
10226,OA-AL2i3,852.5
10687,OA-AL2i3,853.0000000000001
10825,OA-AL2i3,853.1
10120,OA-VPM4,853.2
10168,OA-VUMa6,853.3000000000001
10555,OA-VUMa3,854.0000000000001
10269,OA-AL2i2,855.3000000000001
12688,OA-ASM1,855.3000000000001
11005,OA-VUMa4,855.6
10185,OA-VUMa8,856.1
10011,OA-AL2i1,856.4
12109,OA-VUMa2,856.6
10322,OA-AL2i2,857.0000000000001
287884,OA-VPM3,857.0000000000001
11264,OA-ASM1,857.3000000000001
10080,OA-VUMa3,857.9
10175,OA-VUMa6,858.0000000000001
12896,OA-VUMa5,859.4000000000001
53065,Mi1,859.8
10072,OA-AL2i1,860.1
10110,OA-VUMa1,860.5
286259,OA-ASM1,861.3000000000001
10204,OA-AL2i2,861.6
11608,OA-VUMa2,862.6
10041,OA-VUMa1,862.9
10187,OA-VPM3,863.1
10265,OA-AL2i2,863.1
10677,OA-AL2i4,863.7
10658,OA-AL2i3,864.0
11921,OA-VPM4,864.1
10652,OA-AL2i4,864.2
10168,OA-VUMa6,864.4000000000001
10226,OA-AL2i3,864.4000000000001
11602,OA-ASM1,864.4000000000001
10687,OA-AL2i3,864.6
10799,OA-VUMa4,865.1
10120,OA-VPM4,865.7
10555,OA-VUMa3,866.5
10825,OA-AL2i3,866.6
11005,OA-VUMa4,867.2
12688,OA-ASM1,867.3000000000001
10185,OA-VUMa8,867.7
12109,OA-VUMa2,867.7
10269,OA-AL2i2,868.5
10011,OA-AL2i1,868.7
10175,OA-VUMa6,869.2
287884,OA-VPM3,869.7
10072,OA-AL2i1,870.0
11264,OA-ASM1,870.3000000000001
12896,OA-VUMa5,870.6
10322,OA-AL2i2,870.9
10080,OA-VUMa3,871.4000000000001
10110,OA-VUMa1,872.0
10041,OA-VUMa1,873.5
11608,OA-VUMa2,873.9
10204,OA-AL2i2,874.0
53065,Mi1,875.3000000000001
10187,OA-VPM3,875.5
10168,OA-VUMa6,875.8
10265,OA-AL2i2,875.8
10658,OA-AL2i3,876.2
10687,OA-AL2i3,876.2
286259,OA-ASM1,876.3000000000001
10226,OA-AL2i3,876.8
10652,OA-AL2i4,877.4000000000001
10677,OA-AL2i4,877.6
11602,OA-ASM1,877.7
10799,OA-VUMa4,877.8
10120,OA-VPM4,877.9
11921,OA-VPM4,878.0
12109,OA-VUMa2,878.4000000000001
11005,OA-VUMa4,878.7
10825,OA-AL2i3,878.9
10185,OA-VUMa8,879.3000000000001
12688,OA-ASM1,879.5
10555,OA-VUMa3,880.0
10072,OA-AL2i1,880.3000000000001
10011,OA-AL2i1,881.1
10175,OA-VUMa6,881.5
12896,OA-VUMa5,881.5
10269,OA-AL2i2,881.9
287884,OA-VPM3,882.4000000000001
10322,OA-AL2i2,883.3000000000001
10110,OA-VUMa1,883.8000000000001
11264,OA-ASM1,884.0
10080,OA-VUMa3,884.3000000000001
10041,OA-VUMa1,884.7
11608,OA-VUMa2,885.1
10204,OA-AL2i2,886.6
10168,OA-VUMa6,887.3000000000001
10658,OA-AL2i3,887.8000000000001
10687,OA-AL2i3,887.9
10187,OA-VPM3,888.0
10265,OA-AL2i2,888.9
286259,OA-ASM1,889.4000000000001
10677,OA-AL2i4,889.6
10652,OA-AL2i4,889.7
12109,OA-VUMa2,889.8000000000001
10120,OA-VPM4,889.9
10226,OA-AL2i3,890.0
10799,OA-VUMa4,890.1999999999999
53065,Mi1,890.1999999999999
10185,OA-VUMa8,890.4000000000001
11602,OA-ASM1,890.8000000000001
11005,OA-VUMa4,891.1
10072,OA-AL2i1,891.4000000000001
11921,OA-VPM4,892.0
10175,OA-VUMa6,892.3000000000001
10825,OA-AL2i3,892.4000000000001
10011,OA-AL2i1,892.5
12688,OA-ASM1,892.7
12896,OA-VUMa5,892.9
10555,OA-VUMa3,893.0
10269,OA-AL2i2,894.0
287884,OA-VPM3,894.5
10110,OA-VUMa1,894.6
10322,OA-AL2i2,894.7
10041,OA-VUMa1,895.7
11608,OA-VUMa2,896.0
11264,OA-ASM1,896.3000000000001
10080,OA-VUMa3,896.7
10168,OA-VUMa6,897.8000000000001
10204,OA-AL2i2,898.3000000000001
10687,OA-AL2i3,899.6
10658,OA-AL2i3,899.8000000000001
12109,OA-VUMa2,900.3
10187,OA-VPM3,901.1999999999999
10226,OA-AL2i3,901.6
10652,OA-AL2i4,902.3
10265,OA-AL2i2,902.5000000000001
10185,OA-VUMa8,902.7
10677,OA-AL2i4,902.8000000000001
10120,OA-VPM4,903.0
11005,OA-VUMa4,903.1
10175,OA-VUMa6,903.1999999999999
11602,OA-ASM1,903.1999999999999
286259,OA-ASM1,903.6
10799,OA-VUMa4,903.7
53065,Mi1,903.8000000000001
10825,OA-AL2i3,904.1999999999999
10072,OA-AL2i1,904.5000000000001
12896,OA-VUMa5,904.7
10011,OA-AL2i1,905.1
12688,OA-ASM1,905.7
10110,OA-VUMa1,905.8000000000001
287884,OA-VPM3,906.0
11921,OA-VPM4,906.1
10555,OA-VUMa3,906.3
10269,OA-AL2i2,906.7
10322,OA-AL2i2,906.7
10041,OA-VUMa1,907.1
11608,OA-VUMa2,907.1999999999999
10168,OA-VUMa6,909.0
11264,OA-ASM1,909.1
10080,OA-VUMa3,910.3
10658,OA-AL2i3,911.3
12109,OA-VUMa2,911.3
10204,OA-AL2i2,911.9
10687,OA-AL2i3,912.4
10226,OA-AL2i3,913.5000000000001
10187,OA-VPM3,914.1
10175,OA-VUMa6,914.5000000000001
10185,OA-VUMa8,914.6
10265,OA-AL2i2,914.9
11005,OA-VUMa4,915.2
10120,OA-VPM4,915.3
10652,OA-AL2i4,916.1
10677,OA-AL2i4,916.1
12896,OA-VUMa5,916.1
10110,OA-VUMa1,916.5000000000001
10799,OA-VUMa4,916.7
11602,OA-ASM1,916.7
10825,OA-AL2i3,916.9
10011,OA-AL2i1,917.5000000000001
10072,OA-AL2i1,917.5000000000001
12688,OA-ASM1,917.7
10269,OA-AL2i2,918.3
287884,OA-VPM3,918.4
286259,OA-ASM1,918.4
10041,OA-VUMa1,918.7
11608,OA-VUMa2,918.8000000000001
10322,OA-AL2i2,919.4
10168,OA-VUMa6,919.5000000000001
10555,OA-VUMa3,919.7
11921,OA-VPM4,919.8000000000001
53065,Mi1,920.0
11264,OA-ASM1,922.0
10658,OA-AL2i3,922.2
12109,OA-VUMa2,922.7
10080,OA-VUMa3,923.2
10687,OA-AL2i3,923.3
10226,OA-AL2i3,924.6
10204,OA-AL2i2,924.7
10187,OA-VPM3,925.7
10175,OA-VUMa6,926.0
10185,OA-VUMa8,927.2
10110,OA-VUMa1,927.3
12896,OA-VUMa5,927.6
10072,OA-AL2i1,928.0
11005,OA-VUMa4,928.0
10120,OA-VPM4,928.2
10265,OA-AL2i2,928.4
10799,OA-VUMa4,928.8000000000001
10652,OA-AL2i4,929.2
10677,OA-AL2i4,929.2
10041,OA-VUMa1,929.7
11602,OA-ASM1,929.9000000000001
10011,OA-AL2i1,930.1
12688,OA-ASM1,930.2
10825,OA-AL2i3,930.3
11608,OA-VUMa2,930.3
10269,OA-AL2i2,930.8000000000001
10168,OA-VUMa6,931.2
10322,OA-AL2i2,931.4
287884,OA-VPM3,932.2
11921,OA-VPM4,932.2
10658,OA-AL2i3,933.4
10555,OA-VUMa3,933.8000000000001
286259,OA-ASM1,933.8000000000001
12109,OA-VUMa2,934.3
10687,OA-AL2i3,934.6
11264,OA-ASM1,934.6
53065,Mi1,936.1
10226,OA-AL2i3,936.4
10080,OA-VUMa3,936.6000000000001
10204,OA-AL2i2,937.0
10175,OA-VUMa6,938.2
12896,OA-VUMa5,938.6
10187,OA-VPM3,938.8000000000001
10110,OA-VUMa1,939.4
10041,OA-VUMa1,940.3
10185,OA-VUMa8,940.4
10120,OA-VPM4,940.5
10072,OA-AL2i1,940.7
11005,OA-VUMa4,941.3
10265,OA-AL2i2,941.4
11608,OA-VUMa2,941.8000000000001
11602,OA-ASM1,942.2
10652,OA-AL2i4,942.3
10011,OA-AL2i1,942.4
10799,OA-VUMa4,942.4
10677,OA-AL2i4,942.5
10825,OA-AL2i3,942.6
12688,OA-ASM1,942.8000000000001
10168,OA-VUMa6,943.0
10269,OA-AL2i2,943.8000000000001
10322,OA-AL2i2,944.2
287884,OA-VPM3,944.4
10658,OA-AL2i3,945.1
12109,OA-VUMa2,945.3
11921,OA-VPM4,946.4
10687,OA-AL2i3,946.8000000000001
286259,OA-ASM1,947.4
10226,OA-AL2i3,947.9000000000001
11264,OA-ASM1,948.2
10555,OA-VUMa3,948.6
10080,OA-VUMa3,949.0
10110,OA-VUMa1,949.9000000000001
10072,OA-AL2i1,950.0
53065,Mi1,950.1
12896,OA-VUMa5,950.1
10175,OA-VUMa6,950.2
10187,OA-VPM3,950.7
10204,OA-AL2i2,950.7
10120,OA-VPM4,951.6999999999999
11005,OA-VUMa4,952.4
10041,OA-VUMa1,952.6
10185,OA-VUMa8,953.4
11608,OA-VUMa2,953.8000000000001
10265,OA-AL2i2,954.5
10168,OA-VUMa6,955.0
10011,OA-AL2i1,955.2
10677,OA-AL2i4,955.4
10652,OA-AL2i4,955.5
10799,OA-VUMa4,955.6
12688,OA-ASM1,955.8000000000001
10658,OA-AL2i3,955.8000000000001
10825,OA-AL2i3,955.9000000000001
10269,OA-AL2i2,956.0
12109,OA-VUMa2,956.4
11602,OA-ASM1,956.5
10322,OA-AL2i2,956.6999999999999
287884,OA-VPM3,957.6
10226,OA-AL2i3,958.6999999999999
10687,OA-AL2i3,958.8000000000001
11921,OA-VPM4,960.1
286259,OA-ASM1,960.3000000000001
10072,OA-AL2i1,960.3000000000001
11264,OA-ASM1,960.6
10110,OA-VUMa1,960.6999999999999
10555,OA-VUMa3,961.0
12896,OA-VUMa5,961.8000000000001
10175,OA-VUMa6,962.5
10080,OA-VUMa3,962.6
10041,OA-VUMa1,962.8000000000001
10187,OA-VPM3,963.2
10120,OA-VPM4,963.6
10204,OA-AL2i2,964.2
11005,OA-VUMa4,964.6999999999999
53065,Mi1,964.8
10185,OA-VUMa8,965.8
11608,OA-VUMa2,965.9000000000001
10168,OA-VUMa6,966.1
10011,OA-AL2i1,966.8
10265,OA-AL2i2,966.8
10658,OA-AL2i3,966.9000000000001
10677,OA-AL2i4,967.3000000000001
10825,OA-AL2i3,967.3000000000001
12688,OA-ASM1,967.9000000000001
10269,OA-AL2i2,968.3000000000001
10799,OA-VUMa4,968.6999999999999
10322,OA-AL2i2,968.8
12109,OA-VUMa2,968.9000000000001
10652,OA-AL2i4,969.0000000000001
10226,OA-AL2i3,969.4
11602,OA-ASM1,969.6
10072,OA-AL2i1,970.4
10687,OA-AL2i3,970.5
287884,OA-VPM3,970.5
10110,OA-VUMa1,971.6999999999999
10041,OA-VUMa1,972.9000000000001
10555,OA-VUMa3,973.4
12896,OA-VUMa5,973.4
11264,OA-ASM1,973.8
286259,OA-ASM1,974.0000000000001
11921,OA-VPM4,974.2
10175,OA-VUMa6,975.4
10187,OA-VPM3,975.6
11005,OA-VUMa4,976.5
10120,OA-VPM4,976.7
10080,OA-VUMa3,977.0000000000001
10204,OA-AL2i2,977.2
11608,OA-VUMa2,977.3000000000001
10168,OA-VUMa6,977.6
10011,OA-AL2i1,977.8
10185,OA-VUMa8,978.6
10658,OA-AL2i3,979.0000000000001
10825,OA-AL2i3,979.7
10265,OA-AL2i2,980.0000000000001
12688,OA-ASM1,980.0000000000001
53065,Mi1,980.1
10322,OA-AL2i2,980.3000000000001
10269,OA-AL2i2,980.5
10072,OA-AL2i1,981.0000000000001
10226,OA-AL2i3,981.0000000000001
10677,OA-AL2i4,981.0000000000001
12109,OA-VUMa2,981.3000000000001
10799,OA-VUMa4,981.7
10110,OA-VUMa1,982.1
10652,OA-AL2i4,982.4
11602,OA-ASM1,983.2
287884,OA-VPM3,983.3000000000001
10687,OA-AL2i3,983.3000000000001
12896,OA-VUMa5,984.7
10041,OA-VUMa1,984.8
11264,OA-ASM1,985.9
10555,OA-VUMa3,987.0000000000001
10175,OA-VUMa6,987.3000000000001
286259,OA-ASM1,987.4000000000001
11921,OA-VPM4,987.7
10187,OA-VPM3,988.1
11005,OA-VUMa4,988.2
11608,OA-VUMa2,988.6
10120,OA-VPM4,988.7
10168,OA-VUMa6,989.5
10011,OA-AL2i1,989.8
10204,OA-AL2i2,990.3000000000001
10658,OA-AL2i3,990.4000000000001
10080,OA-VUMa3,990.7
10072,OA-AL2i1,991.2
10825,OA-AL2i3,991.6
10185,OA-VUMa8,991.6
10265,OA-AL2i2,991.7
12688,OA-ASM1,992.4000000000001
10322,OA-AL2i2,992.5
10269,OA-AL2i2,992.6
10226,OA-AL2i3,992.8
12109,OA-VUMa2,993.1
10110,OA-VUMa1,993.5
53065,Mi1,994.5
10677,OA-AL2i4,994.7
10799,OA-VUMa4,994.8
10652,OA-AL2i4,995.9
10687,OA-AL2i3,996.0
12896,OA-VUMa5,996.0
287884,OA-VPM3,996.0
10041,OA-VUMa1,996.3000000000001
11602,OA-ASM1,996.4000000000001
11264,OA-ASM1,998.1
10175,OA-VUMa6,998.5
11005,OA-VUMa4,999.8
11608,OA-VUMa2,1000.0
10187,OA-VPM3,1000.1
10555,OA-VUMa3,1000.4
10168,OA-VUMa6,1000.6000000000001
10120,OA-VPM4,1000.9000000000001
11921,OA-VPM4,1001.0000000000001
286259,OA-ASM1,1001.0000000000001
10072,OA-AL2i1,1001.2
10658,OA-AL2i3,1001.6
10011,OA-AL2i1,1002.1999999999999
10204,OA-AL2i2,1002.4
10185,OA-VUMa8,1003.9
10265,OA-AL2i2,1003.9
10110,OA-VUMa1,1004.0
10226,OA-AL2i3,1004.0
12109,OA-VUMa2,1004.0
10080,OA-VUMa3,1004.1999999999999
10269,OA-AL2i2,1004.8000000000001
10825,OA-AL2i3,1005.0000000000001
12688,OA-ASM1,1005.4000000000001
10322,OA-AL2i2,1005.5
12896,OA-VUMa5,1006.4
10041,OA-VUMa1,1007.3000000000001
10677,OA-AL2i4,1007.4000000000001
10799,OA-VUMa4,1007.8
287884,OA-VPM3,1008.1
10652,OA-AL2i4,1008.3
10687,OA-AL2i3,1009.6
11602,OA-ASM1,1009.7
53065,Mi1,1010.0
10175,OA-VUMa6,1010.5999999999999
11005,OA-VUMa4,1011.4000000000001
10168,OA-VUMa6,1011.6
11608,OA-VUMa2,1011.6
11264,OA-ASM1,1012.1999999999999
10555,OA-VUMa3,1012.9000000000001
10658,OA-AL2i3,1013.1000000000001
10072,OA-AL2i1,1013.4000000000001
10187,OA-VPM3,1013.5
10011,OA-AL2i1,1013.7
286259,OA-ASM1,1014.4999999999999
10110,OA-VUMa1,1014.7000000000002
10226,OA-AL2i3,1015.0000000000001
12109,OA-VUMa2,1015.2
10120,OA-VPM4,1015.3000000000001
10185,OA-VUMa8,1015.9
11921,OA-VPM4,1015.9
10204,OA-AL2i2,1016.1999999999999
10265,OA-AL2i2,1016.7000000000002
12896,OA-VUMa5,1017.4000000000001
10269,OA-AL2i2,1017.5
10322,OA-AL2i2,1017.7
10825,OA-AL2i3,1018.1
10041,OA-VUMa1,1018.1999999999999
10080,OA-VUMa3,1018.4
12688,OA-ASM1,1019.2
287884,OA-VPM3,1020.0
10677,OA-AL2i4,1020.1999999999999
10799,OA-VUMa4,1020.4999999999999
10652,OA-AL2i4,1021.5
10175,OA-VUMa6,1022.1
10687,OA-AL2i3,1022.1999999999999
10168,OA-VUMa6,1022.5999999999999
11005,OA-VUMa4,1022.8000000000002
11608,OA-VUMa2,1022.9000000000001
11602,OA-ASM1,1023.0000000000001
10072,OA-AL2i1,1023.1000000000001
10658,OA-AL2i3,1024.5
10110,OA-VUMa1,1024.6999999999998
10011,OA-AL2i1,1024.9
11264,OA-ASM1,1024.9
53065,Mi1,1025.2
10226,OA-AL2i3,1025.4
10555,OA-VUMa3,1025.5
10187,OA-VPM3,1026.0
12109,OA-VUMa2,1026.5
286259,OA-ASM1,1027.3000000000002
10185,OA-VUMa8,1027.8
10120,OA-VPM4,1028.0
12896,OA-VUMa5,1028.3
10204,OA-AL2i2,1028.3
10041,OA-VUMa1,1028.5
11921,OA-VPM4,1029.6000000000001
10269,OA-AL2i2,1029.7
10825,OA-AL2i3,1029.9
10265,OA-AL2i2,1030.1
10322,OA-AL2i2,1030.3999999999999
10080,OA-VUMa3,1030.9
287884,OA-VPM3,1032.3
12688,OA-ASM1,1033.2
10677,OA-AL2i4,1033.4
10175,OA-VUMa6,1033.8
10168,OA-VUMa6,1034.1
10072,OA-AL2i1,1034.3999999999999
10799,OA-VUMa4,1034.6
10687,OA-AL2i3,1034.6999999999998
10652,OA-AL2i4,1035.0000000000002
11005,OA-VUMa4,1035.0000000000002
10110,OA-VUMa1,1035.0000000000002
11608,OA-VUMa2,1035.2
10658,OA-AL2i3,1036.0
10011,OA-AL2i1,1036.1
11602,OA-ASM1,1037.0000000000002
12109,OA-VUMa2,1037.7
10187,OA-VPM3,1038.1
11264,OA-ASM1,1038.2
10226,OA-AL2i3,1038.2
10555,OA-VUMa3,1038.3999999999999
10041,OA-VUMa1,1039.3000000000002
10120,OA-VPM4,1039.7
12896,OA-VUMa5,1040.0
10185,OA-VUMa8,1040.3999999999999
53065,Mi1,1040.5
10204,OA-AL2i2,1041.0000000000002
286259,OA-ASM1,1041.1000000000001
10825,OA-AL2i3,1041.8
10269,OA-AL2i2,1042.3
10322,OA-AL2i2,1042.7
10265,OA-AL2i2,1043.3000000000002
11921,OA-VPM4,1043.5
287884,OA-VPM3,1044.1
10072,OA-AL2i1,1044.5
10080,OA-VUMa3,1044.7
10110,OA-VUMa1,1045.5
12688,OA-ASM1,1045.5
10175,OA-VUMa6,1045.6000000000001
11005,OA-VUMa4,1045.7
10168,OA-VUMa6,1046.0
11608,OA-VUMa2,1046.3999999999999
10677,OA-AL2i4,1046.5
10652,OA-AL2i4,1046.8999999999999
10799,OA-VUMa4,1047.0000000000002
10658,OA-AL2i3,1047.9
10687,OA-AL2i3,1048.3
11602,OA-ASM1,1048.8999999999999
10011,OA-AL2i1,1049.2
12109,OA-VUMa2,1049.4
10041,OA-VUMa1,1050.3
10187,OA-VPM3,1050.4
10226,OA-AL2i3,1050.4
12896,OA-VUMa5,1050.7
10555,OA-VUMa3,1052.1
11264,OA-ASM1,1052.1
10185,OA-VUMa8,1052.2
10120,OA-VPM4,1052.5
10072,OA-AL2i1,1053.4
53065,Mi1,1053.9
10204,OA-AL2i2,1054.5
10269,OA-AL2i2,1054.8
286259,OA-ASM1,1054.8
10825,OA-AL2i3,1054.8999999999999
10322,OA-AL2i2,1055.4
10265,OA-AL2i2,1055.6000000000001
10110,OA-VUMa1,1055.8
10175,OA-VUMa6,1057.0000000000002
10080,OA-VUMa3,1057.1000000000001
287884,OA-VPM3,1057.1000000000001
11608,OA-VUMa2,1057.2
10168,OA-VUMa6,1057.5
11921,OA-VPM4,1058.3
11005,OA-VUMa4,1058.6
12688,OA-ASM1,1058.6
10677,OA-AL2i4,1059.0
10658,OA-AL2i3,1059.4
10799,OA-VUMa4,1059.8
10652,OA-AL2i4,1060.1
10011,OA-AL2i1,1060.3
10041,OA-VUMa1,1060.4
10687,OA-AL2i3,1060.8999999999999
11602,OA-ASM1,1061.0
12109,OA-VUMa2,1061.1000000000001
10226,OA-AL2i3,1061.6000000000001
10072,OA-AL2i1,1063.4
10187,OA-VPM3,1063.5
10185,OA-VUMa8,1063.6000000000001
12896,OA-VUMa5,1063.6000000000001
10120,OA-VPM4,1065.3000000000002
11264,OA-ASM1,1065.3000000000002
10555,OA-VUMa3,1065.8
10110,OA-VUMa1,1066.2
10269,OA-AL2i2,1067.4
10322,OA-AL2i2,1067.5
10265,OA-AL2i2,1067.6000000000001
10825,OA-AL2i3,1067.6000000000001
10204,OA-AL2i2,1067.8
10175,OA-VUMa6,1068.2
11608,OA-VUMa2,1068.5
286259,OA-ASM1,1068.7
10080,OA-VUMa3,1069.1000000000001
53065,Mi1,1069.1000000000001
10168,OA-VUMa6,1069.2
11005,OA-VUMa4,1069.7
287884,OA-VPM3,1070.0
10041,OA-VUMa1,1071.3000000000002
10658,OA-AL2i3,1071.8
10677,OA-AL2i4,1071.9
11921,OA-VPM4,1072.2
10652,OA-AL2i4,1072.3
11602,OA-ASM1,1072.7
10011,OA-AL2i1,1072.7
12109,OA-VUMa2,1072.8
12688,OA-ASM1,1073.0
10072,OA-AL2i1,1073.2
10226,OA-AL2i3,1073.2
10687,OA-AL2i3,1073.5
10799,OA-VUMa4,1073.6000000000001
10185,OA-VUMa8,1074.8
12896,OA-VUMa5,1075.5
10187,OA-VPM3,1077.0
10110,OA-VUMa1,1077.5
10120,OA-VPM4,1077.7
11264,OA-ASM1,1078.1000000000001
10555,OA-VUMa3,1078.6
10269,OA-AL2i2,1079.1
11608,OA-VUMa2,1079.7
10322,OA-AL2i2,1080.0
10265,OA-AL2i2,1080.0
10825,OA-AL2i3,1080.0
10175,OA-VUMa6,1080.1000000000001
10168,OA-VUMa6,1081.0
11005,OA-VUMa4,1081.1
10204,OA-AL2i2,1081.4
10041,OA-VUMa1,1081.5
10080,OA-VUMa3,1082.0
287884,OA-VPM3,1082.8
53065,Mi1,1083.1
10072,OA-AL2i1,1083.4
286259,OA-ASM1,1083.7
10658,OA-AL2i3,1083.8000000000002
10011,OA-AL2i1,1083.9
10652,OA-AL2i4,1084.7
10677,OA-AL2i4,1084.8
12109,OA-VUMa2,1084.8
10687,OA-AL2i3,1084.8999999999999
12688,OA-ASM1,1085.1999999999998
11921,OA-VPM4,1085.3000000000002
11602,OA-ASM1,1085.3000000000002
10226,OA-AL2i3,1085.6000000000001
10185,OA-VUMa8,1086.5
12896,OA-VUMa5,1086.8999999999999
10799,OA-VUMa4,1087.1
10110,OA-VUMa1,1087.6000000000001
10187,OA-VPM3,1089.4
10120,OA-VPM4,1089.6000000000001
10269,OA-AL2i2,1090.6
10175,OA-VUMa6,1091.1999999999998
11264,OA-ASM1,1091.3000000000002
11608,OA-VUMa2,1091.6000000000001
10168,OA-VUMa6,1091.8000000000002
10322,OA-AL2i2,1091.8000000000002
10555,OA-VUMa3,1092.2
10265,OA-AL2i2,1092.3
11005,OA-VUMa4,1092.6
10041,OA-VUMa1,1092.6
10072,OA-AL2i1,1093.0
10825,OA-AL2i3,1093.6000000000001
10080,OA-VUMa3,1094.3
287884,OA-VPM3,1095.1
10011,OA-AL2i1,1095.4
10204,OA-AL2i2,1095.5000000000002
10658,OA-AL2i3,1095.7
12109,OA-VUMa2,1096.4
12896,OA-VUMa5,1097.3
10677,OA-AL2i4,1097.4
10687,OA-AL2i3,1097.5000000000002
10226,OA-AL2i3,1097.7
10652,OA-AL2i4,1097.7
12688,OA-ASM1,1098.0
10110,OA-VUMa1,1098.3
11602,OA-ASM1,1098.3
53065,Mi1,1098.3
11921,OA-VPM4,1098.6
10185,OA-VUMa8,1098.8999999999999
286259,OA-ASM1,1099.0
10799,OA-VUMa4,1100.1000000000001
10269,OA-AL2i2,1102.2
11608,OA-VUMa2,1102.7
10187,OA-VPM3,1102.8
10120,OA-VPM4,1103.1
10041,OA-VUMa1,1103.4
10168,OA-VUMa6,1103.5000000000002
10175,OA-VUMa6,1103.5000000000002
11264,OA-ASM1,1103.6000000000001
10322,OA-AL2i2,1104.1000000000001
11005,OA-VUMa4,1104.3
10265,OA-AL2i2,1104.8
10555,OA-VUMa3,1104.8
10072,OA-AL2i1,1105.2
10825,OA-AL2i3,1105.5000000000002
10011,OA-AL2i1,1106.8
10080,OA-VUMa3,1107.2
10658,OA-AL2i3,1108.0
287884,OA-VPM3,1108.1000000000001
12109,OA-VUMa2,1108.1000000000001
10110,OA-VUMa1,1108.8
10687,OA-AL2i3,1109.6000000000001
10226,OA-AL2i3,1110.0
10204,OA-AL2i2,1110.1000000000001
10652,OA-AL2i4,1110.2
12896,OA-VUMa5,1110.6
10185,OA-VUMa8,1110.7
12688,OA-ASM1,1111.0
11602,OA-ASM1,1111.0
10677,OA-AL2i4,1111.5000000000002
53065,Mi1,1112.3
286259,OA-ASM1,1112.3
10799,OA-VUMa4,1113.0
10269,OA-AL2i2,1113.2
11921,OA-VPM4,1114.3
11608,OA-VUMa2,1114.4
10041,OA-VUMa1,1114.8
10187,OA-VPM3,1114.9
10168,OA-VUMa6,1115.2
11264,OA-ASM1,1115.5000000000002
11005,OA-VUMa4,1115.7
10322,OA-AL2i2,1116.5
10120,OA-VPM4,1116.7
10175,OA-VUMa6,1116.7
10011,OA-AL2i1,1117.2
10265,OA-AL2i2,1117.3
10072,OA-AL2i1,1117.3
10555,OA-VUMa3,1117.6000000000001
10825,OA-AL2i3,1117.6000000000001
10080,OA-VUMa3,1118.9
12109,OA-VUMa2,1119.6000000000001
10110,OA-VUMa1,1120.0
10658,OA-AL2i3,1120.2
10226,OA-AL2i3,1121.1
287884,OA-VPM3,1121.3
10185,OA-VUMa8,1122.0
10687,OA-AL2i3,1122.2
12896,OA-VUMa5,1122.4
10652,OA-AL2i4,1123.0
11602,OA-ASM1,1123.2
10204,OA-AL2i2,1123.3
12688,OA-ASM1,1123.9
10677,OA-AL2i4,1124.1000000000001
286259,OA-ASM1,1125.5
10799,OA-VUMa4,1125.7
11608,OA-VUMa2,1125.7
10269,OA-AL2i2,1125.8000000000002
10041,OA-VUMa1,1126.1000000000001
10168,OA-VUMa6,1126.8
11005,OA-VUMa4,1127.3
53065,Mi1,1127.6000000000001
10187,OA-VPM3,1128.0
10322,OA-AL2i2,1128.7
10120,OA-VPM4,1128.8
10011,OA-AL2i1,1129.3
11264,OA-ASM1,1129.3
10175,OA-VUMa6,1129.3999999999999
11921,OA-VPM4,1129.7
10825,OA-AL2i3,1130.1000000000001
10110,OA-VUMa1,1130.2
12109,OA-VUMa2,1130.2
10072,OA-AL2i1,1130.6000000000001
10265,OA-AL2i2,1130.9
10555,OA-VUMa3,1131.3
10080,OA-VUMa3,1131.3999999999999
10658,OA-AL2i3,1131.5
12896,OA-VUMa5,1133.0
287884,OA-VPM3,1133.6000000000001
10226,OA-AL2i3,1133.8000000000002
10185,OA-VUMa8,1133.9
10687,OA-AL2i3,1134.6000000000001
10204,OA-AL2i2,1134.8
10652,OA-AL2i4,1134.9
11602,OA-ASM1,1135.9
12688,OA-ASM1,1136.8
10041,OA-VUMa1,1136.9
11608,OA-VUMa2,1137.1
10168,OA-VUMa6,1137.7
10677,OA-AL2i4,1137.8000000000002
10799,OA-VUMa4,1138.4
10269,OA-AL2i2,1138.4
286259,OA-ASM1,1139.5
11005,OA-VUMa4,1140.3
10110,OA-VUMa1,1140.8
10011,OA-AL2i1,1140.9
10072,OA-AL2i1,1141.1
10187,OA-VPM3,1141.1
10120,OA-VPM4,1141.3
53065,Mi1,1141.3
10322,OA-AL2i2,1141.3999999999999
12109,OA-VUMa2,1141.5
10175,OA-VUMa6,1141.8000000000002
10825,OA-AL2i3,1142.1000000000001
10265,OA-AL2i2,1142.9
10658,OA-AL2i3,1143.0
11264,OA-ASM1,1143.3999999999999
12896,OA-VUMa5,1144.3000000000002
10080,OA-VUMa3,1144.8
11921,OA-VPM4,1144.9
10226,OA-AL2i3,1145.2
10555,OA-VUMa3,1146.0
10185,OA-VUMa8,1146.7
10687,OA-AL2i3,1146.7
10204,OA-AL2i2,1147.3
10041,OA-VUMa1,1147.7
10652,OA-AL2i4,1148.0
11602,OA-ASM1,1148.0
287884,OA-VPM3,1148.0
10168,OA-VUMa6,1148.7
11608,OA-VUMa2,1149.1
12688,OA-ASM1,1149.8000000000002
10269,OA-AL2i2,1150.4
10677,OA-AL2i4,1150.8
10110,OA-VUMa1,1150.9
11005,OA-VUMa4,1150.9
10799,OA-VUMa4,1151.8000000000002
10011,OA-AL2i1,1152.8
12109,OA-VUMa2,1153.0
10072,OA-AL2i1,1153.0
10175,OA-VUMa6,1153.3999999999999
10322,OA-AL2i2,1153.6
10187,OA-VPM3,1153.8000000000002
286259,OA-ASM1,1153.8000000000002
10120,OA-VPM4,1154.9
10658,OA-AL2i3,1155.0
10825,OA-AL2i3,1155.0
53065,Mi1,1155.3
12896,OA-VUMa5,1155.5
10265,OA-AL2i2,1156.2
11264,OA-ASM1,1156.5
10226,OA-AL2i3,1157.1
10041,OA-VUMa1,1158.5
11921,OA-VPM4,1159.1
10687,OA-AL2i3,1159.3999999999999
10080,OA-VUMa3,1159.6
10204,OA-AL2i2,1159.8000000000002
10185,OA-VUMa8,1160.1000000000001
10168,OA-VUMa6,1160.2
10652,OA-AL2i4,1160.3000000000002
10555,OA-VUMa3,1160.4
11608,OA-VUMa2,1160.6000000000001
287884,OA-VPM3,1160.6000000000001
11602,OA-ASM1,1161.2
10110,OA-VUMa1,1162.1000000000001
11005,OA-VUMa4,1162.6000000000001
10072,OA-AL2i1,1162.8
12688,OA-ASM1,1163.0
10269,OA-AL2i2,1163.2
10677,OA-AL2i4,1163.8
12109,OA-VUMa2,1164.0000000000002
10799,OA-VUMa4,1164.2
10175,OA-VUMa6,1165.0
10011,OA-AL2i1,1165.1
10658,OA-AL2i3,1166.4
12896,OA-VUMa5,1166.6000000000001
10322,OA-AL2i2,1166.9
10825,OA-AL2i3,1167.5
286259,OA-ASM1,1167.8
10187,OA-VPM3,1167.9
10265,OA-AL2i2,1168.3000000000002
10226,OA-AL2i3,1168.7
10120,OA-VPM4,1168.9
10041,OA-VUMa1,1169.0
53065,Mi1,1170.1000000000001
11264,OA-ASM1,1170.5
10687,OA-AL2i3,1171.1
11608,OA-VUMa2,1171.8
10168,OA-VUMa6,1171.9
10204,OA-AL2i2,1172.4
10185,OA-VUMa8,1172.6000000000001
11921,OA-VPM4,1172.6000000000001
10080,OA-VUMa3,1172.7
287884,OA-VPM3,1173.2
10110,OA-VUMa1,1173.2
10652,OA-AL2i4,1173.3999999999999
10072,OA-AL2i1,1174.2
10555,OA-VUMa3,1174.4
11005,OA-VUMa4,1174.4
11602,OA-ASM1,1174.4
12109,OA-VUMa2,1174.6000000000001
12688,OA-ASM1,1175.2
10269,OA-AL2i2,1175.9
10011,OA-AL2i1,1176.3000000000002
10175,OA-VUMa6,1176.9
10677,OA-AL2i4,1177.0
12896,OA-VUMa5,1177.4
10799,OA-VUMa4,1178.4
10322,OA-AL2i2,1178.6000000000001
10041,OA-VUMa1,1179.0
10825,OA-AL2i3,1179.4
10658,OA-AL2i3,1179.5
10187,OA-VPM3,1180.0000000000002
10226,OA-AL2i3,1180.3000000000002
10265,OA-AL2i2,1180.6000000000001
286259,OA-ASM1,1181.2
10120,OA-VPM4,1182.5
10168,OA-VUMa6,1183.2
11264,OA-ASM1,1183.2
11608,OA-VUMa2,1183.2
10687,OA-AL2i3,1183.4
10110,OA-VUMa1,1184.3000000000002
53065,Mi1,1184.4
10185,OA-VUMa8,1185.2
10204,OA-AL2i2,1185.3
10072,OA-AL2i1,1185.7
10652,OA-AL2i4,1185.8
12109,OA-VUMa2,1185.8
10080,OA-VUMa3,1185.8999999999999
11005,OA-VUMa4,1186.1000000000001
11921,OA-VPM4,1186.7
287884,OA-VPM3,1187.0
11602,OA-ASM1,1187.3
10555,OA-VUMa3,1187.6
10011,OA-AL2i1,1188.1000000000001
10269,OA-AL2i2,1188.3000000000002
10175,OA-VUMa6,1188.4
12896,OA-VUMa5,1188.5
12688,OA-ASM1,1188.8
10677,OA-AL2i4,1189.1
10041,OA-VUMa1,1189.6
10799,OA-VUMa4,1190.1000000000001
10322,OA-AL2i2,1190.3000000000002
10658,OA-AL2i3,1190.7
10825,OA-AL2i3,1191.7
10187,OA-VPM3,1192.4
10265,OA-AL2i2,1193.2
10226,OA-AL2i3,1193.5
286259,OA-ASM1,1193.7
10120,OA-VPM4,1194.1000000000001
10110,OA-VUMa1,1194.2
10168,OA-VUMa6,1194.4
11608,OA-VUMa2,1194.7
10687,OA-AL2i3,1194.9
10072,OA-AL2i1,1195.1000000000001
11264,OA-ASM1,1196.2
10185,OA-VUMa8,1196.6000000000001
12109,OA-VUMa2,1197.4
53065,Mi1,1197.6
10204,OA-AL2i2,1198.0
10080,OA-VUMa3,1198.1000000000001
11005,OA-VUMa4,1199.1000000000001
10175,OA-VUMa6,1199.2
10011,OA-AL2i1,1199.3
10652,OA-AL2i4,1199.4
12896,OA-VUMa5,1199.8
10269,OA-AL2i2,1200.0
10041,OA-VUMa1,1200.5
11602,OA-ASM1,1200.6000000000001
287884,OA-VPM3,1200.8
11921,OA-VPM4,1201.0
10555,OA-VUMa3,1201.2
12688,OA-ASM1,1201.6
10658,OA-AL2i3,1202.6000000000001
10322,OA-AL2i2,1202.7
10677,OA-AL2i4,1202.8
10799,OA-VUMa4,1203.4
10825,OA-AL2i3,1204.2
10072,OA-AL2i1,1204.7
10110,OA-VUMa1,1205.0
10187,OA-VPM3,1205.0
10226,OA-AL2i3,1205.2
10168,OA-VUMa6,1205.5
11608,OA-VUMa2,1205.5
10265,OA-AL2i2,1206.4
286259,OA-ASM1,1206.8000000000002
10120,OA-VPM4,1206.9
10687,OA-AL2i3,1207.8
12109,OA-VUMa2,1207.8
10185,OA-VUMa8,1208.9
10175,OA-VUMa6,1210.5
10204,OA-AL2i2,1210.6000000000001
11264,OA-ASM1,1210.6000000000001
10011,OA-AL2i1,1210.9
12896,OA-VUMa5,1210.9
11005,OA-VUMa4,1211.2
10041,OA-VUMa1,1211.2
10080,OA-VUMa3,1211.6
53065,Mi1,1211.8
10652,OA-AL2i4,1212.1
10269,OA-AL2i2,1212.5
11602,OA-ASM1,1213.6
12688,OA-ASM1,1214.0
10658,OA-AL2i3,1214.2
10072,OA-AL2i1,1214.4
287884,OA-VPM3,1214.5
10322,OA-AL2i2,1214.5
11921,OA-VPM4,1215.3
10555,OA-VUMa3,1215.4
10110,OA-VUMa1,1215.7
10677,OA-AL2i4,1215.7
10799,OA-VUMa4,1216.8000000000002
11608,OA-VUMa2,1216.8000000000002
10825,OA-AL2i3,1217.1000000000001
10226,OA-AL2i3,1217.1000000000001
10168,OA-VUMa6,1217.4
10187,OA-VPM3,1218.7
10265,OA-AL2i2,1218.9
12109,OA-VUMa2,1219.5
10120,OA-VPM4,1219.6
10687,OA-AL2i3,1219.8999999999999
286259,OA-ASM1,1220.3000000000002
10185,OA-VUMa8,1221.0
10175,OA-VUMa6,1221.1000000000001
10041,OA-VUMa1,1221.2
12896,OA-VUMa5,1222.0
10011,OA-AL2i1,1222.8000000000002
11005,OA-VUMa4,1223.1000000000001
11264,OA-ASM1,1223.8999999999999
10072,OA-AL2i1,1224.0
10204,OA-AL2i2,1224.0
10080,OA-VUMa3,1224.1999999999998
10269,OA-AL2i2,1225.1000000000001
10652,OA-AL2i4,1225.4
53065,Mi1,1225.4
11602,OA-ASM1,1225.7
10322,OA-AL2i2,1225.8
10658,OA-AL2i3,1225.8
12688,OA-ASM1,1226.5000000000002
10110,OA-VUMa1,1226.8000000000002
287884,OA-VPM3,1227.4
11608,OA-VUMa2,1228.4
10226,OA-AL2i3,1228.5000000000002
10168,OA-VUMa6,1228.7
10555,OA-VUMa3,1228.8000000000002
10677,OA-AL2i4,1228.9
10799,OA-VUMa4,1229.4
11921,OA-VPM4,1229.8999999999999
10825,OA-AL2i3,1230.2
12109,OA-VUMa2,1230.5000000000002
10265,OA-AL2i2,1230.7
10187,OA-VPM3,1231.3
10687,OA-AL2i3,1231.8999999999999
10041,OA-VUMa1,1232.0
10185,OA-VUMa8,1232.3
10175,OA-VUMa6,1232.6000000000001
10120,OA-VPM4,1232.8000000000002
12896,OA-VUMa5,1233.6
286259,OA-ASM1,1234.1
10011,OA-AL2i1,1234.9
10072,OA-AL2i1,1236.1
11005,OA-VUMa4,1236.3
11264,OA-ASM1,1236.3
10080,OA-VUMa3,1236.6000000000001
10204,OA-AL2i2,1236.8000000000002
10322,OA-AL2i2,1237.3
10110,OA-VUMa1,1237.4
10658,OA-AL2i3,1237.4
10652,OA-AL2i4,1238.3
10269,OA-AL2i2,1238.5000000000002
53065,Mi1,1238.7
11608,OA-VUMa2,1239.6
12688,OA-ASM1,1239.6
11602,OA-ASM1,1239.8
10226,OA-AL2i3,1240.0
287884,OA-VPM3,1240.2
10168,OA-VUMa6,1240.8000000000002
10555,OA-VUMa3,1241.0
10677,OA-AL2i4,1241.3
12109,OA-VUMa2,1241.7
10041,OA-VUMa1,1243.0
10799,OA-VUMa4,1243.0
10825,OA-AL2i3,1243.0
10265,OA-AL2i2,1243.1000000000001
10185,OA-VUMa8,1244.3999999999999
11921,OA-VPM4,1244.5000000000002
10687,OA-AL2i3,1244.6000000000001
10175,OA-VUMa6,1244.7
10187,OA-VPM3,1244.9
12896,OA-VUMa5,1245.4
10011,OA-AL2i1,1246.3999999999999
10120,OA-VPM4,1246.8000000000002
10110,OA-VUMa1,1247.4
10072,OA-AL2i1,1248.0
11005,OA-VUMa4,1248.3999999999999
286259,OA-ASM1,1248.6000000000001
11264,OA-ASM1,1248.7
10080,OA-VUMa3,1248.9
10658,OA-AL2i3,1249.1000000000001
10204,OA-AL2i2,1249.4
10322,OA-AL2i2,1250.2
10269,OA-AL2i2,1251.1000000000001
10652,OA-AL2i4,1251.5
11608,OA-VUMa2,1251.5
12688,OA-ASM1,1252.0
10168,OA-VUMa6,1252.1
10226,OA-AL2i3,1252.1
11602,OA-ASM1,1252.3
53065,Mi1,1253.1000000000001
287884,OA-VPM3,1253.2
10555,OA-VUMa3,1253.3
12109,OA-VUMa2,1254.1
10041,OA-VUMa1,1254.2
10677,OA-AL2i4,1254.7
10265,OA-AL2i2,1255.0
10825,OA-AL2i3,1255.5
10799,OA-VUMa4,1256.0
12896,OA-VUMa5,1256.5
10175,OA-VUMa6,1256.8000000000002
10185,OA-VUMa8,1257.1000000000001
10187,OA-VPM3,1257.3
10011,OA-AL2i1,1257.5
10072,OA-AL2i1,1257.8
10687,OA-AL2i3,1258.3999999999999
10110,OA-VUMa1,1258.5
10120,OA-VPM4,1259.1000000000001
11921,OA-VPM4,1260.0
11005,OA-VUMa4,1260.5
11264,OA-ASM1,1261.3
10658,OA-AL2i3,1261.6000000000001
10080,OA-VUMa3,1262.0
10204,OA-AL2i2,1262.3
286259,OA-ASM1,1262.3999999999999
10322,OA-AL2i2,1263.1000000000001
11608,OA-VUMa2,1263.1000000000001
10269,OA-AL2i2,1263.3
10168,OA-VUMa6,1264.1
10226,OA-AL2i3,1264.2
12109,OA-VUMa2,1264.3
11602,OA-ASM1,1264.5
10652,OA-AL2i4,1264.5
10041,OA-VUMa1,1264.9
12688,OA-ASM1,1265.4
287884,OA-VPM3,1266.2
10265,OA-AL2i2,1266.7
10555,OA-VUMa3,1266.9
12896,OA-VUMa5,1267.3
10677,OA-AL2i4,1267.6000000000001
53065,Mi1,1267.8
10825,OA-AL2i3,1267.9
10175,OA-VUMa6,1268.1
10072,OA-AL2i1,1268.3
10799,OA-VUMa4,1268.8000000000002
10011,OA-AL2i1,1269.1000000000001
10185,OA-VUMa8,1269.1000000000001
10187,OA-VPM3,1270.1
10110,OA-VUMa1,1270.3
10687,OA-AL2i3,1270.3999999999999
10120,OA-VPM4,1271.6000000000001
11005,OA-VUMa4,1271.9
11608,OA-VUMa2,1273.2
11921,OA-VPM4,1273.3000000000002
10658,OA-AL2i3,1273.4
11264,OA-ASM1,1274.0
10322,OA-AL2i2,1274.3999999999999
10226,OA-AL2i3,1274.7
10168,OA-VUMa6,1275.0
10080,OA-VUMa3,1275.3000000000002
10204,OA-AL2i2,1275.4
10041,OA-VUMa1,1275.4
10269,OA-AL2i2,1275.5
12109,OA-VUMa2,1276.0
10652,OA-AL2i4,1276.6
286259,OA-ASM1,1277.3000000000002
12688,OA-ASM1,1277.6000000000001
11602,OA-ASM1,1277.7
10072,OA-AL2i1,1277.8
10265,OA-AL2i2,1278.3
12896,OA-VUMa5,1278.3999999999999
287884,OA-VPM3,1278.8000000000002
10175,OA-VUMa6,1279.4
10555,OA-VUMa3,1280.0
10825,OA-AL2i3,1280.3
10110,OA-VUMa1,1280.9
10011,OA-AL2i1,1281.2
10677,OA-AL2i4,1281.2
10185,OA-VUMa8,1281.6000000000001
53065,Mi1,1282.6999999999998
10687,OA-AL2i3,1282.8000000000002
10799,OA-VUMa4,1282.8000000000002
10187,OA-VPM3,1283.3000000000002
11005,OA-VUMa4,1284.2
11608,OA-VUMa2,1284.6
10120,OA-VPM4,1285.5
10658,OA-AL2i3,1285.8
10041,OA-VUMa1,1285.9
10168,OA-VUMa6,1286.3999999999999
10322,OA-AL2i2,1286.6
11264,OA-ASM1,1286.9
12109,OA-VUMa2,1287.3000000000002
10226,OA-AL2i3,1287.4
11921,OA-VPM4,1287.4
10204,OA-AL2i2,1287.8
10072,OA-AL2i1,1288.0
10269,OA-AL2i2,1288.3999999999999
10080,OA-VUMa3,1288.3999999999999
10652,OA-AL2i4,1288.8000000000002
12896,OA-VUMa5,1290.2
10175,OA-VUMa6,1290.8000000000002
12688,OA-ASM1,1290.9
10265,OA-AL2i2,1291.0000000000002
286259,OA-ASM1,1291.1000000000001
287884,OA-VPM3,1291.5
11602,OA-ASM1,1291.9
10110,OA-VUMa1,1292.3
10011,OA-AL2i1,1292.3999999999999
10825,OA-AL2i3,1292.6
10555,OA-VUMa3,1293.0000000000002
10185,OA-VUMa8,1293.2
10677,OA-AL2i4,1294.6
10687,OA-AL2i3,1294.7
11608,OA-VUMa2,1295.5
10187,OA-VPM3,1295.6000000000001
11005,OA-VUMa4,1296.2
10041,OA-VUMa1,1296.7
10799,OA-VUMa4,1297.0000000000002
53065,Mi1,1297.1000000000001
10658,OA-AL2i3,1297.2
10120,OA-VPM4,1297.4
10168,OA-VUMa6,1297.7
10072,OA-AL2i1,1298.2
12109,OA-VUMa2,1298.3
10322,OA-AL2i2,1298.5
11264,OA-ASM1,1299.8
10204,OA-AL2i2,1300.0
10226,OA-AL2i3,1300.1
11921,OA-VPM4,1300.8
10080,OA-VUMa3,1301.0000000000002
12896,OA-VUMa5,1301.2
10269,OA-AL2i2,1301.5
10652,OA-AL2i4,1302.2
10110,OA-VUMa1,1302.7
10175,OA-VUMa6,1303.0000000000002
10011,OA-AL2i1,1303.6000000000001
12688,OA-ASM1,1303.6000000000001
10265,OA-AL2i2,1303.7
10825,OA-AL2i3,1303.8
287884,OA-VPM3,1304.3999999999999
286259,OA-ASM1,1304.7
10185,OA-VUMa8,1304.8
11602,OA-ASM1,1305.2
10555,OA-VUMa3,1306.0
10687,OA-AL2i3,1306.9
11608,OA-VUMa2,1306.9
10187,OA-VPM3,1307.4
10041,OA-VUMa1,1307.5
10677,OA-AL2i4,1307.6000000000001
11005,OA-VUMa4,1308.5
10072,OA-AL2i1,1309.1000000000001
10658,OA-AL2i3,1309.7
12109,OA-VUMa2,1309.9
10168,OA-VUMa6,1310.1
10120,OA-VPM4,1310.5
10799,OA-VUMa4,1310.8
10322,OA-AL2i2,1311.0000000000002
12896,OA-VUMa5,1311.4
10226,OA-AL2i3,1311.7
53065,Mi1,1312.3
10080,OA-VUMa3,1312.4
10204,OA-AL2i2,1312.5
11264,OA-ASM1,1313.2
10110,OA-VUMa1,1314.2
10269,OA-AL2i2,1314.3
11921,OA-VPM4,1314.4
10175,OA-VUMa6,1314.8999999999999
10011,OA-AL2i1,1315.2
10652,OA-AL2i4,1315.7
10825,OA-AL2i3,1316.0
10265,OA-AL2i2,1316.1
12688,OA-ASM1,1316.5
10185,OA-VUMa8,1316.8999999999999
287884,OA-VPM3,1318.2
11602,OA-ASM1,1318.4
11608,OA-VUMa2,1318.4
286259,OA-ASM1,1318.6
10687,OA-AL2i3,1318.8
10041,OA-VUMa1,1318.8
10187,OA-VPM3,1319.6000000000001
11005,OA-VUMa4,1319.8
10555,OA-VUMa3,1320.1000000000001
10677,OA-AL2i4,1320.3
12109,OA-VUMa2,1321.3000000000002
10072,OA-AL2i1,1321.7
10658,OA-AL2i3,1321.9
10168,OA-VUMa6,1322.4
10120,OA-VPM4,1322.4
10322,OA-AL2i2,1323.0
12896,OA-VUMa5,1323.2
10799,OA-VUMa4,1323.4
10226,OA-AL2i3,1324.1000000000001
10110,OA-VUMa1,1325.2
10080,OA-VUMa3,1325.5
10204,OA-AL2i2,1325.5
10175,OA-VUMa6,1326.0
10011,OA-AL2i1,1326.2
11264,OA-ASM1,1326.8999999999999
10269,OA-AL2i2,1326.8999999999999
53065,Mi1,1327.7
10265,OA-AL2i2,1327.8
11921,OA-VPM4,1328.0
10825,OA-AL2i3,1328.3
12688,OA-ASM1,1328.7
10185,OA-VUMa8,1328.8999999999999
10652,OA-AL2i4,1329.2
10041,OA-VUMa1,1329.5
11608,OA-VUMa2,1330.1000000000001
10072,OA-AL2i1,1331.0
10687,OA-AL2i3,1331.3000000000002
287884,OA-VPM3,1331.4
11005,OA-VUMa4,1331.6000000000001
11602,OA-ASM1,1331.6000000000001
10187,OA-VPM3,1332.1000000000001
12109,OA-VUMa2,1332.4
286259,OA-ASM1,1333.0
10677,OA-AL2i4,1333.1000000000001
10555,OA-VUMa3,1333.2
10658,OA-AL2i3,1333.6000000000001
10168,OA-VUMa6,1333.7
12896,OA-VUMa5,1334.5
10120,OA-VPM4,1334.8
10322,OA-AL2i2,1335.1
10799,OA-VUMa4,1335.5
10110,OA-VUMa1,1335.8000000000002
10226,OA-AL2i3,1336.0
10011,OA-AL2i1,1336.7
10175,OA-VUMa6,1337.1
10080,OA-VUMa3,1338.1000000000001
10269,OA-AL2i2,1338.8
10204,OA-AL2i2,1339.1
10265,OA-AL2i2,1339.2
10041,OA-VUMa1,1340.0
10072,OA-AL2i1,1340.0
10825,OA-AL2i3,1340.6
11264,OA-ASM1,1341.0
10185,OA-VUMa8,1341.1
12688,OA-ASM1,1341.3000000000002
11608,OA-VUMa2,1341.4
10652,OA-AL2i4,1342.2
11005,OA-VUMa4,1342.3
53065,Mi1,1342.5
11921,OA-VPM4,1342.8999999999999
10687,OA-AL2i3,1343.5
287884,OA-VPM3,1343.9
12109,OA-VUMa2,1344.1000000000001
11602,OA-ASM1,1344.1000000000001
10187,OA-VPM3,1344.2
10658,OA-AL2i3,1345.0
10677,OA-AL2i4,1345.1
12896,OA-VUMa5,1346.0
10168,OA-VUMa6,1346.3
10555,OA-VUMa3,1346.5
286259,OA-ASM1,1346.6
10120,OA-VPM4,1346.8
10322,OA-AL2i2,1346.8999999999999
10226,OA-AL2i3,1347.2
10110,OA-VUMa1,1347.9
10011,OA-AL2i1,1348.7
10175,OA-VUMa6,1348.7
10799,OA-VUMa4,1348.8999999999999
10072,OA-AL2i1,1349.4
10080,OA-VUMa3,1350.0
10041,OA-VUMa1,1350.6
10265,OA-AL2i2,1351.1999999999998
10204,OA-AL2i2,1352.0
10269,OA-AL2i2,1352.1000000000001
11608,OA-VUMa2,1352.2
10825,OA-AL2i3,1352.8999999999999
10185,OA-VUMa8,1353.0
12688,OA-ASM1,1353.3000000000002
11005,OA-VUMa4,1354.1000000000001
11264,OA-ASM1,1354.3
10652,OA-AL2i4,1354.7
10687,OA-AL2i3,1355.0
10658,OA-AL2i3,1355.4
11921,OA-VPM4,1355.9
12109,OA-VUMa2,1356.1000000000001
53065,Mi1,1356.7
11602,OA-ASM1,1356.8
12896,OA-VUMa5,1357.1
287884,OA-VPM3,1357.3000000000002
10677,OA-AL2i4,1357.9
10226,OA-AL2i3,1358.1000000000001
10168,OA-VUMa6,1358.5
10110,OA-VUMa1,1358.8
10187,OA-VPM3,1359.0
10555,OA-VUMa3,1359.2
10072,OA-AL2i1,1359.3000000000002
10322,OA-AL2i2,1359.6000000000001
10011,OA-AL2i1,1359.7
10120,OA-VPM4,1360.3
10175,OA-VUMa6,1361.0
286259,OA-ASM1,1361.0
10041,OA-VUMa1,1361.8000000000002
10080,OA-VUMa3,1362.2
10799,OA-VUMa4,1362.5
11608,OA-VUMa2,1363.7
10265,OA-AL2i2,1364.1000000000001
10269,OA-AL2i2,1364.5
12688,OA-ASM1,1364.8
10185,OA-VUMa8,1364.8
10825,OA-AL2i3,1365.2
10204,OA-AL2i2,1365.7
11005,OA-VUMa4,1366.3
10687,OA-AL2i3,1367.2
10652,OA-AL2i4,1367.8000000000002
12109,OA-VUMa2,1367.8000000000002
10658,OA-AL2i3,1368.0
11264,OA-ASM1,1368.3
10072,OA-AL2i1,1368.8
10110,OA-VUMa1,1369.4
10226,OA-AL2i3,1369.6000000000001
11602,OA-ASM1,1369.8000000000002
12896,OA-VUMa5,1370.0
287884,OA-VPM3,1370.4
10677,OA-AL2i4,1370.6
11921,OA-VPM4,1370.7
10011,OA-AL2i1,1371.2
53065,Mi1,1371.3
10322,OA-AL2i2,1371.7
10175,OA-VUMa6,1372.1000000000001
10187,OA-VPM3,1372.3
10168,OA-VUMa6,1372.4
10041,OA-VUMa1,1372.9
10555,OA-VUMa3,1373.1
10120,OA-VPM4,1374.0
286259,OA-ASM1,1374.4
11608,OA-VUMa2,1375.3
10080,OA-VUMa3,1375.3999999999999
10185,OA-VUMa8,1376.2
10799,OA-VUMa4,1376.2
10269,OA-AL2i2,1376.3
10265,OA-AL2i2,1376.4
12688,OA-ASM1,1376.6
11005,OA-VUMa4,1378.4
10825,OA-AL2i3,1378.5
10072,OA-AL2i1,1378.6
10687,OA-AL2i3,1378.9
10204,OA-AL2i2,1379.5000000000002
12109,OA-VUMa2,1379.6000000000001
10110,OA-VUMa1,1379.9
10652,OA-AL2i4,1380.4
10658,OA-AL2i3,1381.3
12896,OA-VUMa5,1381.3
11264,OA-ASM1,1381.5000000000002
11602,OA-ASM1,1382.1000000000001
10226,OA-AL2i3,1382.1000000000001
10011,OA-AL2i1,1382.6
287884,OA-VPM3,1382.6
10322,OA-AL2i2,1383.2
10175,OA-VUMa6,1383.8000000000002
10677,OA-AL2i4,1383.8000000000002
10041,OA-VUMa1,1384.0
11921,OA-VPM4,1384.6000000000001
10168,OA-VUMa6,1384.7
10187,OA-VPM3,1384.8
53065,Mi1,1384.8
11608,OA-VUMa2,1386.1000000000001
10555,OA-VUMa3,1386.5
10120,OA-VPM4,1386.8
286259,OA-ASM1,1387.6000000000001
10185,OA-VUMa8,1387.8000000000002
10080,OA-VUMa3,1388.6000000000001
12688,OA-ASM1,1389.2
10269,OA-AL2i2,1389.7
10799,OA-VUMa4,1389.7
11005,OA-VUMa4,1390.1000000000001
10265,OA-AL2i2,1390.3
10072,OA-AL2i1,1390.4
10110,OA-VUMa1,1391.0
10687,OA-AL2i3,1391.3999999999999
12109,OA-VUMa2,1391.5
10825,OA-AL2i3,1391.6000000000001
10652,OA-AL2i4,1392.6000000000001
10658,OA-AL2i3,1392.9
10011,OA-AL2i1,1393.6000000000001
10204,OA-AL2i2,1393.6000000000001
12896,OA-VUMa5,1393.6000000000001
10041,OA-VUMa1,1394.7
11602,OA-ASM1,1394.7
10226,OA-AL2i3,1395.1
287884,OA-VPM3,1395.2
11264,OA-ASM1,1395.5
10175,OA-VUMa6,1395.7
10677,OA-AL2i4,1395.7
10322,OA-AL2i2,1396.1000000000001
10187,OA-VPM3,1397.0
10168,OA-VUMa6,1397.6000000000001
11608,OA-VUMa2,1398.0
10555,OA-VUMa3,1399.9
53065,Mi1,1400.0
10185,OA-VUMa8,1400.1000000000001
10120,OA-VPM4,1400.2
11921,OA-VPM4,1400.3000000000002
286259,OA-ASM1,1401.0
10080,OA-VUMa3,1401.3
11005,OA-VUMa4,1401.7
10110,OA-VUMa1,1401.8000000000002
12688,OA-ASM1,1402.0
10799,OA-VUMa4,1402.3000000000002
12109,OA-VUMa2,1403.0
10269,OA-AL2i2,1403.1
12896,OA-VUMa5,1403.5
10265,OA-AL2i2,1403.8000000000002
10687,OA-AL2i3,1403.8000000000002
10072,OA-AL2i1,1403.9
10658,OA-AL2i3,1404.1000000000001
10825,OA-AL2i3,1404.1000000000001
10652,OA-AL2i4,1404.9
10011,OA-AL2i1,1405.3999999999999
10041,OA-VUMa1,1405.5
10204,OA-AL2i2,1406.1000000000001
10226,OA-AL2i3,1406.7
287884,OA-VPM3,1407.1
10175,OA-VUMa6,1407.3999999999999
11602,OA-ASM1,1407.3999999999999
10322,OA-AL2i2,1408.2
10677,OA-AL2i4,1408.6000000000001
11264,OA-ASM1,1408.8
10168,OA-VUMa6,1409.3999999999999
11608,OA-VUMa2,1409.6
10187,OA-VPM3,1410.1000000000001
10120,OA-VPM4,1412.9
10185,OA-VUMa8,1412.9
10110,OA-VUMa1,1413.2
11005,OA-VUMa4,1414.0000000000002
10555,OA-VUMa3,1414.3000000000002
12109,OA-VUMa2,1414.6000000000001
286259,OA-ASM1,1414.8
10072,OA-AL2i1,1414.9
11921,OA-VPM4,1415.2
12688,OA-ASM1,1415.2
10799,OA-VUMa4,1415.6
10080,OA-VUMa3,1415.8000000000002
53065,Mi1,1415.8000000000002
12896,OA-VUMa5,1416.0000000000002
10269,OA-AL2i2,1416.3000000000002
10041,OA-VUMa1,1416.5
10011,OA-AL2i1,1416.7
10652,OA-AL2i4,1416.8
10658,OA-AL2i3,1417.1
10687,OA-AL2i3,1417.1
10825,OA-AL2i3,1417.6
10265,OA-AL2i2,1417.6999999999998
10175,OA-VUMa6,1418.9
10226,OA-AL2i3,1419.0
10204,OA-AL2i2,1419.7
287884,OA-VPM3,1419.9
10322,OA-AL2i2,1420.0000000000002
11608,OA-VUMa2,1420.2
10168,OA-VUMa6,1420.7
11602,OA-ASM1,1420.9
10677,OA-AL2i4,1421.2
10187,OA-VPM3,1422.3000000000002
11264,OA-ASM1,1422.7
10120,OA-VPM4,1424.7
10110,OA-VUMa1,1424.7
10185,OA-VUMa8,1425.3
11005,OA-VUMa4,1426.4
10072,OA-AL2i1,1427.0
12109,OA-VUMa2,1427.2
286259,OA-ASM1,1427.7
10041,OA-VUMa1,1428.1000000000001
12688,OA-ASM1,1428.2
10658,OA-AL2i3,1429.0
10555,OA-VUMa3,1429.1
10011,OA-AL2i1,1429.1
10799,OA-VUMa4,1429.3999999999999
12896,OA-VUMa5,1429.3999999999999
11921,OA-VPM4,1429.5
10080,OA-VUMa3,1429.8
10652,OA-AL2i4,1429.8
10226,OA-AL2i3,1429.9
10687,OA-AL2i3,1430.0000000000002
10269,OA-AL2i2,1430.0000000000002
10825,OA-AL2i3,1430.2
10175,OA-VUMa6,1430.3000000000002
53065,Mi1,1430.3000000000002
10265,OA-AL2i2,1431.3999999999999
10204,OA-AL2i2,1431.7
10168,OA-VUMa6,1432.2
11608,OA-VUMa2,1432.5
10322,OA-AL2i2,1432.7
287884,OA-VPM3,1432.7
11602,OA-ASM1,1434.0000000000002
10187,OA-VPM3,1434.9
10677,OA-AL2i4,1435.0
10110,OA-VUMa1,1435.8
11264,OA-ASM1,1436.2
10120,OA-VPM4,1436.4
10185,OA-VUMa8,1437.1
12109,OA-VUMa2,1438.3000000000002
11005,OA-VUMa4,1438.6000000000001
10041,OA-VUMa1,1439.2
10072,OA-AL2i1,1439.5
10011,OA-AL2i1,1441.0
10658,OA-AL2i3,1441.0
10080,OA-VUMa3,1441.4
12688,OA-ASM1,1441.4
286259,OA-ASM1,1441.4
10799,OA-VUMa4,1441.5
12896,OA-VUMa5,1441.5
10175,OA-VUMa6,1442.5
10555,OA-VUMa3,1442.6000000000001
10269,OA-AL2i2,1442.7
10652,OA-AL2i4,1443.0
10687,OA-AL2i3,1443.0
10226,OA-AL2i3,1443.2
10168,OA-VUMa6,1443.3
11921,OA-VPM4,1443.8
53065,Mi1,1443.8
10825,OA-AL2i3,1443.8
10265,OA-AL2i2,1444.0000000000002
10322,OA-AL2i2,1444.1000000000001
11608,OA-VUMa2,1444.7
10204,OA-AL2i2,1445.8999999999999
287884,OA-VPM3,1446.4
10110,OA-VUMa1,1446.5
10187,OA-VPM3,1447.1000000000001
11602,OA-ASM1,1447.2
10677,OA-AL2i4,1448.1000000000001
10120,OA-VPM4,1449.1000000000001
10185,OA-VUMa8,1449.2
12109,OA-VUMa2,1449.8999999999999
10041,OA-VUMa1,1450.0000000000002
11264,OA-ASM1,1450.2
11005,OA-VUMa4,1450.3000000000002
10072,OA-AL2i1,1450.8
10011,OA-AL2i1,1452.4
10658,OA-AL2i3,1452.9
10080,OA-VUMa3,1454.1000000000001
12688,OA-ASM1,1454.3000000000002
12896,OA-VUMa5,1454.3000000000002
10799,OA-VUMa4,1454.4
10269,OA-AL2i2,1455.0
10226,OA-AL2i3,1455.2
10265,OA-AL2i2,1455.2
10687,OA-AL2i3,1455.2
10175,OA-VUMa6,1455.3
286259,OA-ASM1,1455.5
10168,OA-VUMa6,1455.5
10555,OA-VUMa3,1455.8
10322,OA-AL2i2,1456.3000000000002
11608,OA-VUMa2,1456.4
10652,OA-AL2i4,1456.7
11921,OA-VPM4,1457.1000000000001
10110,OA-VUMa1,1457.4
10204,OA-AL2i2,1457.8999999999999
10825,OA-AL2i3,1458.2
53065,Mi1,1458.6000000000001
287884,OA-VPM3,1458.7
11602,OA-ASM1,1459.7
10187,OA-VPM3,1460.1000000000001
10677,OA-AL2i4,1460.2
10041,OA-VUMa1,1460.7
10185,OA-VUMa8,1460.8
11005,OA-VUMa4,1461.7
12109,OA-VUMa2,1461.8999999999999
10120,OA-VPM4,1462.1000000000001
10072,OA-AL2i1,1462.6000000000001
11264,OA-ASM1,1462.6000000000001
10011,OA-AL2i1,1463.3
10658,OA-AL2i3,1464.5
12896,OA-VUMa5,1465.8
10226,OA-AL2i3,1466.8000000000002
10080,OA-VUMa3,1466.9
10175,OA-VUMa6,1467.0
10168,OA-VUMa6,1467.5
12688,OA-ASM1,1467.6
10269,OA-AL2i2,1467.7
10799,OA-VUMa4,1467.7
10265,OA-AL2i2,1467.8
10687,OA-AL2i3,1467.8999999999999
11608,OA-VUMa2,1468.1
10110,OA-VUMa1,1468.5
10652,OA-AL2i4,1468.6000000000001
10322,OA-AL2i2,1468.7
10555,OA-VUMa3,1468.8000000000002
286259,OA-ASM1,1470.3000000000002
10204,OA-AL2i2,1470.4
287884,OA-VPM3,1471.2
10825,OA-AL2i3,1471.3
53065,Mi1,1471.3
11921,OA-VPM4,1471.4
11602,OA-ASM1,1471.8999999999999
10041,OA-VUMa1,1471.8999999999999
10677,OA-AL2i4,1472.4
11005,OA-VUMa4,1473.0
12109,OA-VUMa2,1473.2
10187,OA-VPM3,1473.3
10185,OA-VUMa8,1473.5
10072,OA-AL2i1,1474.6000000000001
10011,OA-AL2i1,1474.7
10120,OA-VPM4,1474.8000000000002
11264,OA-ASM1,1475.1000000000001
10658,OA-AL2i3,1476.0
12896,OA-VUMa5,1477.5
10226,OA-AL2i3,1478.1
10175,OA-VUMa6,1478.5000000000002
11608,OA-VUMa2,1479.4
10110,OA-VUMa1,1479.7
10687,OA-AL2i3,1479.7
10080,OA-VUMa3,1480.0
10265,OA-AL2i2,1480.4
10168,OA-VUMa6,1480.7
10652,OA-AL2i4,1481.1000000000001
10269,OA-AL2i2,1481.2
10555,OA-VUMa3,1481.3
10799,OA-VUMa4,1481.4
12688,OA-ASM1,1481.4
10322,OA-AL2i2,1481.8999999999999
10041,OA-VUMa1,1482.3000000000002
10204,OA-AL2i2,1483.0
10825,OA-AL2i3,1484.0
11005,OA-VUMa4,1484.2
12109,OA-VUMa2,1484.3000000000002
286259,OA-ASM1,1484.3000000000002
11602,OA-ASM1,1484.5000000000002
287884,OA-VPM3,1484.8000000000002
10185,OA-VUMa8,1485.5
53065,Mi1,1485.5
11921,OA-VPM4,1485.8999999999999
10187,OA-VPM3,1485.8999999999999
10072,OA-AL2i1,1486.4
10011,OA-AL2i1,1487.1000000000001
10677,OA-AL2i4,1487.1000000000001
10658,OA-AL2i3,1487.2
10120,OA-VPM4,1487.8999999999999
11264,OA-ASM1,1487.8999999999999
12896,OA-VUMa5,1488.8000000000002
10226,OA-AL2i3,1489.2
10110,OA-VUMa1,1489.7
10175,OA-VUMa6,1490.2
11608,OA-VUMa2,1490.5000000000002
10080,OA-VUMa3,1492.7
10265,OA-AL2i2,1492.7
10041,OA-VUMa1,1493.1000000000001
10555,OA-VUMa3,1493.4
10652,OA-AL2i4,1493.4
10168,OA-VUMa6,1493.4
10322,OA-AL2i2,1494.1
10269,OA-AL2i2,1494.1
10687,OA-AL2i3,1494.2
11005,OA-VUMa4,1494.6000000000001
12688,OA-ASM1,1494.6000000000001
10204,OA-AL2i2,1495.2
10799,OA-VUMa4,1495.4
12109,OA-VUMa2,1495.6
10072,OA-AL2i1,1496.6000000000001
10825,OA-AL2i3,1496.8000000000002
286259,OA-ASM1,1497.1000000000001
11602,OA-ASM1,1497.3
10185,OA-VUMa8,1497.6
10011,OA-AL2i1,1498.1
287884,OA-VPM3,1498.5000000000002
10658,OA-AL2i3,1500.1
10187,OA-VPM3,1500.2
12896,OA-VUMa5,1500.2
11264,OA-ASM1,1500.3
53065,Mi1,1500.6000000000001
11921,OA-VPM4,1500.6000000000001
10110,OA-VUMa1,1500.8000000000002
10226,OA-AL2i3,1500.8000000000002
10677,OA-AL2i4,1500.8000000000002
10120,OA-VPM4,1500.9
10175,OA-VUMa6,1502.0
11608,OA-VUMa2,1502.5000000000002
10041,OA-VUMa1,1503.7
10080,OA-VUMa3,1505.0
10265,OA-AL2i2,1505.4
10168,OA-VUMa6,1505.5
10072,OA-AL2i1,1505.6
11005,OA-VUMa4,1505.6
10652,OA-AL2i4,1505.8
10687,OA-AL2i3,1505.8
10322,OA-AL2i2,1506.2
10269,OA-AL2i2,1506.8000000000002
12109,OA-VUMa2,1507.3
12688,OA-ASM1,1507.4
10555,OA-VUMa3,1507.6
10204,OA-AL2i2,1508.1
10799,OA-VUMa4,1508.7
10825,OA-AL2i3,1508.9
286259,OA-ASM1,1509.8
10011,OA-AL2i1,1509.9
11602,OA-ASM1,1509.9
10185,OA-VUMa8,1510.9
12896,OA-VUMa5,1511.6000000000001
287884,OA-VPM3,1511.7
10658,OA-AL2i3,1511.8
10110,OA-VUMa1,1512.3
10187,OA-VPM3,1512.8000000000002
11264,OA-ASM1,1513.1000000000001
10226,OA-AL2i3,1513.6000000000001
10677,OA-AL2i4,1513.6000000000001
53065,Mi1,1513.9
10175,OA-VUMa6,1513.9
11608,OA-VUMa2,1513.9
10041,OA-VUMa1,1514.7
10120,OA-VPM4,1514.7
11921,OA-VPM4,1514.9
10168,OA-VUMa6,1516.8000000000002
11005,OA-VUMa4,1516.9
10072,OA-AL2i1,1517.1000000000001
10652,OA-AL2i4,1517.2
10080,OA-VUMa3,1517.7
10687,OA-AL2i3,1517.9
12109,OA-VUMa2,1518.0
10265,OA-AL2i2,1518.3999999999999
10322,OA-AL2i2,1519.2
10269,OA-AL2i2,1519.6000000000001
12688,OA-ASM1,1519.8
10555,OA-VUMa3,1521.0
10825,OA-AL2i3,1521.0
10204,OA-AL2i2,1521.1000000000001
10011,OA-AL2i1,1521.4
10799,OA-VUMa4,1521.5
11602,OA-ASM1,1522.1
10185,OA-VUMa8,1522.6000000000001
12896,OA-VUMa5,1522.6000000000001
10658,OA-AL2i3,1523.6000000000001
10110,OA-VUMa1,1523.8
286259,OA-ASM1,1524.0
287884,OA-VPM3,1524.7
11608,OA-VUMa2,1525.1000000000001
10041,OA-VUMa1,1525.7
10226,OA-AL2i3,1526.2
10175,OA-VUMa6,1526.3999999999999
10187,OA-VPM3,1526.3999999999999
11264,OA-ASM1,1526.5
10120,OA-VPM4,1526.6000000000001
11005,OA-VUMa4,1527.2
10677,OA-AL2i4,1527.2
53065,Mi1,1527.4
10168,OA-VUMa6,1528.1
10072,OA-AL2i1,1528.6000000000001
10652,OA-AL2i4,1529.2
12109,OA-VUMa2,1529.2
11921,OA-VPM4,1529.8
10322,OA-AL2i2,1529.9
10687,OA-AL2i3,1530.5
10080,OA-VUMa3,1530.8000000000002
12688,OA-ASM1,1531.5
10265,OA-AL2i2,1531.8
10269,OA-AL2i2,1532.0
10011,OA-AL2i1,1533.4
12896,OA-VUMa5,1533.6000000000001
10825,OA-AL2i3,1533.7
10204,OA-AL2i2,1533.8
10555,OA-VUMa3,1533.8
10799,OA-VUMa4,1533.9
10185,OA-VUMa8,1534.0
10041,OA-VUMa1,1535.4
11602,OA-ASM1,1535.6000000000001
10658,OA-AL2i3,1535.8
11608,OA-VUMa2,1536.0
10110,OA-VUMa1,1536.1
10226,OA-AL2i3,1536.9
287884,OA-VPM3,1536.9
286259,OA-ASM1,1538.3
11005,OA-VUMa4,1538.7
10175,OA-VUMa6,1538.9
10187,OA-VPM3,1538.9
10072,OA-AL2i1,1539.7
10120,OA-VPM4,1539.8
11264,OA-ASM1,1539.8
12109,OA-VUMa2,1540.5
53065,Mi1,1540.7
10168,OA-VUMa6,1541.0000000000002
10677,OA-AL2i4,1541.3000000000002
10322,OA-AL2i2,1541.8
10652,OA-AL2i4,1542.1
10687,OA-AL2i3,1542.3999999999999
10080,OA-VUMa3,1543.9
10265,OA-AL2i2,1544.0
12896,OA-VUMa5,1544.2
10269,OA-AL2i2,1544.3
12688,OA-ASM1,1544.5
11921,OA-VPM4,1544.5
10011,OA-AL2i1,1545.6000000000001
10185,OA-VUMa8,1545.6000000000001
10825,OA-AL2i3,1546.3
10799,OA-VUMa4,1546.3999999999999
10555,OA-VUMa3,1546.6999999999998
10204,OA-AL2i2,1547.0000000000002
10658,OA-AL2i3,1547.1000000000001
11608,OA-VUMa2,1547.4
10110,OA-VUMa1,1547.5
10041,OA-VUMa1,1547.6000000000001
11602,OA-ASM1,1548.3999999999999
287884,OA-VPM3,1549.0000000000002
10226,OA-AL2i3,1549.9
10175,OA-VUMa6,1550.5
10072,OA-AL2i1,1550.9
11005,OA-VUMa4,1550.9
286259,OA-ASM1,1551.1000000000001
10187,OA-VPM3,1551.6000000000001
12109,OA-VUMa2,1551.9
11264,OA-ASM1,1552.6
10168,OA-VUMa6,1552.7
10322,OA-AL2i2,1553.4
10677,OA-AL2i4,1553.6000000000001
10120,OA-VPM4,1554.1
10687,OA-AL2i3,1554.3
10652,OA-AL2i4,1555.1000000000001
12896,OA-VUMa5,1555.5
10269,OA-AL2i2,1555.9
53065,Mi1,1555.9
12688,OA-ASM1,1556.3999999999999
10080,OA-VUMa3,1556.5
10265,OA-AL2i2,1556.7
10011,OA-AL2i1,1557.1000000000001
11921,OA-VPM4,1557.9
10185,OA-VUMa8,1558.0
11608,OA-VUMa2,1558.8000000000002
10658,OA-AL2i3,1558.8000000000002
10825,OA-AL2i3,1559.0000000000002
10799,OA-VUMa4,1559.1000000000001
10110,OA-VUMa1,1559.3000000000002
10041,OA-VUMa1,1560.1
10204,OA-AL2i2,1560.3
10555,OA-VUMa3,1561.0000000000002
11602,OA-ASM1,1561.9
287884,OA-VPM3,1562.0
10175,OA-VUMa6,1562.0
10226,OA-AL2i3,1562.1
11005,OA-VUMa4,1562.6
10072,OA-AL2i1,1563.1000000000001
12109,OA-VUMa2,1563.1000000000001
286259,OA-ASM1,1563.6000000000001
10168,OA-VUMa6,1564.3
10322,OA-AL2i2,1565.3000000000002
11264,OA-ASM1,1565.4
10187,OA-VPM3,1565.4
10677,OA-AL2i4,1565.5
10687,OA-AL2i3,1566.1
10120,OA-VPM4,1566.4
10652,OA-AL2i4,1566.8
12896,OA-VUMa5,1566.9
10269,OA-AL2i2,1567.6000000000001
10011,OA-AL2i1,1568.4
10265,OA-AL2i2,1568.5
12688,OA-ASM1,1569.3000000000002
53065,Mi1,1570.4
10185,OA-VUMa8,1570.5
10110,OA-VUMa1,1570.7
10658,OA-AL2i3,1570.9
11608,OA-VUMa2,1571.0000000000002
10080,OA-VUMa3,1571.1000000000001
10825,OA-AL2i3,1571.2
11921,OA-VPM4,1571.4
10175,OA-VUMa6,1572.6
10204,OA-AL2i2,1572.7
10041,OA-VUMa1,1572.8999999999999
10799,OA-VUMa4,1572.8999999999999
10226,OA-AL2i3,1573.6000000000001
11005,OA-VUMa4,1574.4
10555,OA-VUMa3,1574.5
10072,OA-AL2i1,1574.7
12109,OA-VUMa2,1574.8999999999999
10168,OA-VUMa6,1575.1000000000001
287884,OA-VPM3,1575.7
11602,OA-ASM1,1576.4
10322,OA-AL2i2,1576.6
286259,OA-ASM1,1576.8
10687,OA-AL2i3,1577.8
12896,OA-VUMa5,1578.1000000000001
10187,OA-VPM3,1578.7
11264,OA-ASM1,1578.7
10120,OA-VPM4,1579.2
10677,OA-AL2i4,1579.3000000000002
10011,OA-AL2i1,1579.8
10652,OA-AL2i4,1579.9
10269,OA-AL2i2,1580.7
10110,OA-VUMa1,1581.2
10265,OA-AL2i2,1581.2
10185,OA-VUMa8,1582.2
11608,OA-VUMa2,1582.3
10658,OA-AL2i3,1582.5
12688,OA-ASM1,1582.7
10041,OA-VUMa1,1583.6000000000001
10825,OA-AL2i3,1584.0
10175,OA-VUMa6,1584.5
11921,OA-VPM4,1585.1000000000001
10080,OA-VUMa3,1585.2
53065,Mi1,1586.0
10799,OA-VUMa4,1586.1000000000001
10226,OA-AL2i3,1586.2
10168,OA-VUMa6,1586.2
10204,OA-AL2i2,1586.4
12109,OA-VUMa2,1586.7
11005,OA-VUMa4,1586.8
10555,OA-VUMa3,1587.6000000000001
10322,OA-AL2i2,1587.9
10072,OA-AL2i1,1588.3
11602,OA-ASM1,1588.8
12896,OA-VUMa5,1589.5
10687,OA-AL2i3,1590.0
287884,OA-VPM3,1590.2
286259,OA-ASM1,1591.3000000000002
10011,OA-AL2i1,1591.4
11264,OA-ASM1,1591.6000000000001
10187,OA-VPM3,1592.0
10110,OA-VUMa1,1592.1000000000001
10269,OA-AL2i2,1592.2
10677,OA-AL2i4,1592.4
10652,OA-AL2i4,1592.8
10120,OA-VPM4,1592.8999999999999
11608,OA-VUMa2,1593.1000000000001
10041,OA-VUMa1,1594.0
10185,OA-VUMa8,1594.2
10658,OA-AL2i3,1594.6
12688,OA-ASM1,1594.6
10265,OA-AL2i2,1594.8999999999999
10175,OA-VUMa6,1596.3
10825,OA-AL2i3,1597.6000000000001
10168,OA-VUMa6,1597.9
10080,OA-VUMa3,1598.3
10226,OA-AL2i3,1598.5
12109,OA-VUMa2,1598.8
11921,OA-VPM4,1599.3000000000002
11005,OA-VUMa4,1599.4
10799,OA-VUMa4,1599.5
10322,OA-AL2i2,1599.6000000000001
10204,OA-AL2i2,1600.2
10555,OA-VUMa3,1600.3
53065,Mi1,1600.7
12896,OA-VUMa5,1600.8
10072,OA-AL2i1,1601.1
11602,OA-ASM1,1601.3000000000002
10110,OA-VUMa1,1602.4
10687,OA-AL2i3,1602.4
287884,OA-VPM3,1602.6
10011,OA-AL2i1,1603.0
11608,OA-VUMa2,1603.7
286259,OA-ASM1,1604.1000000000001
10187,OA-VPM3,1604.5
10677,OA-AL2i4,1604.5
10269,OA-AL2i2,1604.6
10041,OA-VUMa1,1604.8999999999999
11264,OA-ASM1,1605.4
10120,OA-VPM4,1605.7
10652,OA-AL2i4,1606.2
10658,OA-AL2i3,1606.4
10185,OA-VUMa8,1606.8
12688,OA-ASM1,1607.0
10175,OA-VUMa6,1607.1
10265,OA-AL2i2,1607.8000000000002
10168,OA-VUMa6,1608.3
10825,OA-AL2i3,1609.7
12109,OA-VUMa2,1610.3
10226,OA-AL2i3,1610.6
10080,OA-VUMa3,1611.1
12896,OA-VUMa5,1611.8000000000002
11005,OA-VUMa4,1612.0
10322,OA-AL2i2,1612.3
10799,OA-VUMa4,1613.3000000000002
10555,OA-VUMa3,1613.4
10110,OA-VUMa1,1613.7
10204,OA-AL2i2,1613.8000000000002
11602,OA-ASM1,1614.0
10072,OA-AL2i1,1614.4
10011,OA-AL2i1,1614.4
11608,OA-VUMa2,1614.7
11921,OA-VPM4,1614.8999999999999
53065,Mi1,1614.8999999999999
10687,OA-AL2i3,1615.2
287884,OA-VPM3,1615.8000000000002
10041,OA-VUMa1,1616.1000000000001
10269,OA-AL2i2,1616.1000000000001
10187,OA-VPM3,1616.6
286259,OA-ASM1,1617.4
10120,OA-VPM4,1617.8000000000002
10658,OA-AL2i3,1617.8000000000002
11264,OA-ASM1,1618.0
10175,OA-VUMa6,1618.4
10677,OA-AL2i4,1618.5
10652,OA-AL2i4,1619.0
10185,OA-VUMa8,1619.5000000000002
10168,OA-VUMa6,1619.5000000000002
12688,OA-ASM1,1619.7
10265,OA-AL2i2,1619.9
12109,OA-VUMa2,1621.6000000000001
10825,OA-AL2i3,1621.9
10226,OA-AL2i3,1622.3
10110,OA-VUMa1,1624.1000000000001
10080,OA-VUMa3,1624.2
12896,OA-VUMa5,1624.2
10322,OA-AL2i2,1624.6
10799,OA-VUMa4,1625.3
10072,OA-AL2i1,1625.4
11005,OA-VUMa4,1625.5000000000002
10555,OA-VUMa3,1626.1000000000001
11608,OA-VUMa2,1626.2
10011,OA-AL2i1,1626.4
11602,OA-ASM1,1626.5
10041,OA-VUMa1,1626.9
10204,OA-AL2i2,1627.4
10687,OA-AL2i3,1627.6000000000001
10269,OA-AL2i2,1628.4
287884,OA-VPM3,1628.7
11921,OA-VPM4,1629.1
10658,OA-AL2i3,1629.3
53065,Mi1,1629.5000000000002
10187,OA-VPM3,1629.8000000000002
286259,OA-ASM1,1629.9
10120,OA-VPM4,1630.2
11264,OA-ASM1,1630.7
10168,OA-VUMa6,1630.9
10677,OA-AL2i4,1630.9
10175,OA-VUMa6,1631.1
10185,OA-VUMa8,1631.5000000000002
10652,OA-AL2i4,1632.4
10265,OA-AL2i2,1632.5
12109,OA-VUMa2,1633.1
12688,OA-ASM1,1633.2
10226,OA-AL2i3,1634.3
10110,OA-VUMa1,1634.4
10825,OA-AL2i3,1635.2
12896,OA-VUMa5,1636.2
10322,OA-AL2i2,1636.5
10041,OA-VUMa1,1637.3
10080,OA-VUMa3,1637.3
11608,OA-VUMa2,1637.3
10011,OA-AL2i1,1637.8000000000002
11005,OA-VUMa4,1638.2
10072,OA-AL2i1,1638.2
10799,OA-VUMa4,1639.0
10555,OA-VUMa3,1639.7
11602,OA-ASM1,1640.0
10687,OA-AL2i3,1640.4
10658,OA-AL2i3,1640.8
10204,OA-AL2i2,1641.0
10269,OA-AL2i2,1641.1
287884,OA-VPM3,1641.2
10168,OA-VUMa6,1641.6000000000001
10175,OA-VUMa6,1642.6000000000001
11921,OA-VPM4,1642.7
10187,OA-VPM3,1643.1
10120,OA-VPM4,1643.5000000000002
53065,Mi1,1643.9
10677,OA-AL2i4,1644.1000000000001
12109,OA-VUMa2,1644.3
11264,OA-ASM1,1644.4
10110,OA-VUMa1,1644.4
286259,OA-ASM1,1644.5
10185,OA-VUMa8,1644.7
10652,OA-AL2i4,1644.7
10265,OA-AL2i2,1645.7
10226,OA-AL2i3,1645.8000000000002
12688,OA-ASM1,1646.2
12896,OA-VUMa5,1647.5000000000002
10825,OA-AL2i3,1647.9
10322,OA-AL2i2,1648.2
10041,OA-VUMa1,1648.3
10011,OA-AL2i1,1649.2
11608,OA-VUMa2,1650.1000000000001
11005,OA-VUMa4,1650.3
10555,OA-VUMa3,1651.1
10080,OA-VUMa3,1651.3
10072,OA-AL2i1,1651.3999999999999
11602,OA-ASM1,1652.3
10799,OA-VUMa4,1652.5
10168,OA-VUMa6,1652.6000000000001
10658,OA-AL2i3,1652.7
10687,OA-AL2i3,1653.0
10269,OA-AL2i2,1653.2
10175,OA-VUMa6,1653.5
10204,OA-AL2i2,1654.1000000000001
287884,OA-VPM3,1654.6000000000001
10110,OA-VUMa1,1655.8000000000002
11921,OA-VPM4,1656.0
10187,OA-VPM3,1656.1000000000001
12109,OA-VUMa2,1656.2
10677,OA-AL2i4,1656.5
10120,OA-VPM4,1656.9
10652,OA-AL2i4,1657.1
286259,OA-ASM1,1657.5
10265,OA-AL2i2,1657.7
10185,OA-VUMa8,1657.7
11264,OA-ASM1,1658.1000000000001
53065,Mi1,1658.4
12688,OA-ASM1,1658.5
10041,OA-VUMa1,1658.7
10226,OA-AL2i3,1658.8
12896,OA-VUMa5,1658.9
10825,OA-AL2i3,1660.6000000000001
10322,OA-AL2i2,1661.0
10011,OA-AL2i1,1661.2
11608,OA-VUMa2,1661.3999999999999
11005,OA-VUMa4,1661.6000000000001
10072,OA-AL2i1,1663.5
10168,OA-VUMa6,1664.1000000000001
10555,OA-VUMa3,1664.3000000000002
10658,OA-AL2i3,1664.3000000000002
10080,OA-VUMa3,1664.4
10175,OA-VUMa6,1664.7
10799,OA-VUMa4,1664.8
10687,OA-AL2i3,1664.9
11602,OA-ASM1,1665.0
10269,OA-AL2i2,1665.7
287884,OA-VPM3,1666.6000000000001
10110,OA-VUMa1,1666.7
10204,OA-AL2i2,1666.7
10187,OA-VPM3,1669.2
12109,OA-VUMa2,1669.2
10120,OA-VPM4,1669.3
10041,OA-VUMa1,1669.5
10226,OA-AL2i3,1669.9
10677,OA-AL2i4,1670.1000000000001
11921,OA-VPM4,1670.1000000000001
12896,OA-VUMa5,1670.4
10652,OA-AL2i4,1670.6000000000001
10185,OA-VUMa8,1670.8
10265,OA-AL2i2,1671.1
286259,OA-ASM1,1671.3
12688,OA-ASM1,1671.3999999999999
11264,OA-ASM1,1671.3999999999999
53065,Mi1,1671.6
10011,OA-AL2i1,1672.8
10825,OA-AL2i3,1672.9
11005,OA-VUMa4,1672.9
10322,OA-AL2i2,1673.1
11608,OA-VUMa2,1673.3999999999999
10072,OA-AL2i1,1673.5
10168,OA-VUMa6,1675.8000000000002
10658,OA-AL2i3,1676.0000000000002
10687,OA-AL2i3,1676.5
10110,OA-VUMa1,1677.1
10175,OA-VUMa6,1677.3999999999999
10269,OA-AL2i2,1677.8000000000002
11602,OA-ASM1,1678.0000000000002
10799,OA-VUMa4,1678.1000000000001
10555,OA-VUMa3,1678.6000000000001
10080,OA-VUMa3,1678.6000000000001
10204,OA-AL2i2,1679.0
287884,OA-VPM3,1679.0
10041,OA-VUMa1,1680.6000000000001
10226,OA-AL2i3,1680.9
12109,OA-VUMa2,1681.6
10120,OA-VPM4,1682.3000000000002
10187,OA-VPM3,1682.7
10677,OA-AL2i4,1682.7
11921,OA-VPM4,1683.1
12688,OA-ASM1,1683.1
10652,OA-AL2i4,1683.2
10265,OA-AL2i2,1683.6
12896,OA-VUMa5,1683.6
10185,OA-VUMa8,1683.8000000000002
11005,OA-VUMa4,1684.4
286259,OA-ASM1,1684.5
10322,OA-AL2i2,1685.0
53065,Mi1,1685.0
11264,OA-ASM1,1685.1
10011,OA-AL2i1,1685.1
11608,OA-VUMa2,1685.5
10072,OA-AL2i1,1685.6
10825,OA-AL2i3,1685.7
10658,OA-AL2i3,1686.6000000000001
10168,OA-VUMa6,1687.7
10110,OA-VUMa1,1687.9
10687,OA-AL2i3,1688.3000000000002
10175,OA-VUMa6,1689.0
10269,OA-AL2i2,1690.3000000000002
10799,OA-VUMa4,1690.4
10041,OA-VUMa1,1690.6000000000001
11602,OA-ASM1,1690.9
287884,OA-VPM3,1691.2
10226,OA-AL2i3,1691.8
10080,OA-VUMa3,1692.3000000000002
12109,OA-VUMa2,1692.5
10555,OA-VUMa3,1692.7
10204,OA-AL2i2,1692.7
10120,OA-VPM4,1694.4
12688,OA-ASM1,1694.8
12896,OA-VUMa5,1695.2
10677,OA-AL2i4,1695.4
10187,OA-VPM3,1695.7
10265,OA-AL2i2,1696.4
10652,OA-AL2i4,1696.5
10185,OA-VUMa8,1696.6000000000001
11608,OA-VUMa2,1696.8
11005,OA-VUMa4,1696.8
10072,OA-AL2i1,1696.9
10011,OA-AL2i1,1697.2
11264,OA-ASM1,1697.3
10658,OA-AL2i3,1697.4
10322,OA-AL2i2,1697.8
286259,OA-ASM1,1698.0000000000002
10825,OA-AL2i3,1698.1000000000001
10110,OA-VUMa1,1698.5
11921,OA-VPM4,1699.2
10168,OA-VUMa6,1699.5
10687,OA-AL2i3,1699.7
53065,Mi1,1700.1000000000001
10175,OA-VUMa6,1700.7
10041,OA-VUMa1,1701.5
10269,OA-AL2i2,1702.7
11602,OA-ASM1,1703.3
10226,OA-AL2i3,1703.3
12109,OA-VUMa2,1703.6
287884,OA-VPM3,1703.8
10799,OA-VUMa4,1704.2
10080,OA-VUMa3,1704.9
10204,OA-AL2i2,1706.3000000000002
10555,OA-VUMa3,1706.4
12896,OA-VUMa5,1706.5
12688,OA-ASM1,1707.1000000000001
10120,OA-VPM4,1708.0000000000002
10677,OA-AL2i4,1708.6000000000001
10265,OA-AL2i2,1708.8
10110,OA-VUMa1,1708.9
10187,OA-VPM3,1709.0
11005,OA-VUMa4,1709.0
10652,OA-AL2i4,1709.4
11608,OA-VUMa2,1709.5
10011,OA-AL2i1,1709.6
10658,OA-AL2i3,1709.7
10072,OA-AL2i1,1709.8
10185,OA-VUMa8,1709.8999999999999
11264,OA-ASM1,1710.4
10322,OA-AL2i2,1710.9
10168,OA-VUMa6,1711.4
10825,OA-AL2i3,1711.4
286259,OA-ASM1,1711.6
10687,OA-AL2i3,1711.8999999999999
10175,OA-VUMa6,1712.4
10041,OA-VUMa1,1712.6000000000001
11921,OA-VPM4,1712.8
53065,Mi1,1714.2
10226,OA-AL2i3,1714.5
10269,OA-AL2i2,1714.5
12109,OA-VUMa2,1715.1000000000001
11602,OA-ASM1,1716.2
287884,OA-VPM3,1716.8
10080,OA-VUMa3,1717.0
10799,OA-VUMa4,1717.1000000000001
12896,OA-VUMa5,1718.4
12688,OA-ASM1,1719.3
10110,OA-VUMa1,1719.6
10204,OA-AL2i2,1719.6
10120,OA-VPM4,1720.2
10555,OA-VUMa3,1720.5
11005,OA-VUMa4,1721.2
10072,OA-AL2i1,1721.4
11608,OA-VUMa2,1721.5
10677,OA-AL2i4,1721.8999999999999
10265,OA-AL2i2,1722.1000000000001
10658,OA-AL2i3,1722.1000000000001
10187,OA-VPM3,1722.5
10168,OA-VUMa6,1722.7
10185,OA-VUMa8,1722.7
10652,OA-AL2i4,1723.0
10041,OA-VUMa1,1723.1000000000001
10322,OA-AL2i2,1723.1000000000001
10011,OA-AL2i1,1723.7
11264,OA-ASM1,1724.0
10687,OA-AL2i3,1724.1000000000001
10825,OA-AL2i3,1724.3000000000002
10175,OA-VUMa6,1724.8000000000002
11921,OA-VPM4,1725.6
10226,OA-AL2i3,1725.8
286259,OA-ASM1,1726.2
10269,OA-AL2i2,1726.6000000000001
12109,OA-VUMa2,1726.9
11602,OA-ASM1,1728.6000000000001
10799,OA-VUMa4,1728.8000000000002
53065,Mi1,1729.1000000000001
287884,OA-VPM3,1729.3
10080,OA-VUMa3,1729.7
10110,OA-VUMa1,1729.8
12896,OA-VUMa5,1730.0
12688,OA-ASM1,1731.1000000000001
10120,OA-VPM4,1732.0
10204,OA-AL2i2,1732.2
10555,OA-VUMa3,1733.2
11005,OA-VUMa4,1733.2
10658,OA-AL2i3,1733.3
11608,OA-VUMa2,1733.3
10168,OA-VUMa6,1733.5
10072,OA-AL2i1,1734.0
10011,OA-AL2i1,1734.5000000000002
10677,OA-AL2i4,1734.6000000000001
10041,OA-VUMa1,1734.6000000000001
10265,OA-AL2i2,1734.9
10322,OA-AL2i2,1735.1000000000001
10185,OA-VUMa8,1735.3
10187,OA-VPM3,1735.6
10652,OA-AL2i4,1736.3000000000002
10226,OA-AL2i3,1736.5000000000002
10175,OA-VUMa6,1736.7
10687,OA-AL2i3,1737.0
11264,OA-ASM1,1737.5
10269,OA-AL2i2,1738.6000000000001
10825,OA-AL2i3,1738.7
12109,OA-VUMa2,1738.7
286259,OA-ASM1,1739.4
11921,OA-VPM4,1740.0
11602,OA-ASM1,1741.2
287884,OA-VPM3,1741.2
12896,OA-VUMa5,1741.3
10110,OA-VUMa1,1742.0
10080,OA-VUMa3,1742.9
10799,OA-VUMa4,1743.0
12688,OA-ASM1,1744.2
53065,Mi1,1744.3000000000002
10120,OA-VPM4,1744.7
11005,OA-VUMa4,1745.1000000000001
11608,OA-VUMa2,1745.3
10658,OA-AL2i3,1745.5
10204,OA-AL2i2,1745.5
10041,OA-VUMa1,1745.6
10555,OA-VUMa3,1745.6
10168,OA-VUMa6,1746.4
10072,OA-AL2i1,1746.5000000000002
10011,OA-AL2i1,1746.9
10322,OA-AL2i2,1747.1000000000001
10677,OA-AL2i4,1747.5
10265,OA-AL2i2,1747.8
10226,OA-AL2i3,1748.0
10185,OA-VUMa8,1748.5000000000002
10175,OA-VUMa6,1749.1000000000001
10652,OA-AL2i4,1749.1000000000001
10187,OA-VPM3,1749.4
10687,OA-AL2i3,1749.7
12109,OA-VUMa2,1750.3000000000002
10269,OA-AL2i2,1750.7
11264,OA-ASM1,1751.4
12896,OA-VUMa5,1751.5
10825,OA-AL2i3,1751.7
286259,OA-ASM1,1751.8999999999999
11602,OA-ASM1,1752.9
10110,OA-VUMa1,1753.8
287884,OA-VPM3,1754.4
11921,OA-VPM4,1754.5000000000002
10041,OA-VUMa1,1756.1
10080,OA-VUMa3,1756.5000000000002
11608,OA-VUMa2,1756.5000000000002
11005,OA-VUMa4,1756.6000000000001
10658,OA-AL2i3,1756.6000000000001
10120,OA-VPM4,1756.9
10799,OA-VUMa4,1757.0
10168,OA-VUMa6,1757.7
12688,OA-ASM1,1757.9
53065,Mi1,1758.1
10555,OA-VUMa3,1758.3
10011,OA-AL2i1,1759.0
10072,OA-AL2i1,1759.0
10204,OA-AL2i2,1759.1000000000001
10226,OA-AL2i3,1759.4
10322,OA-AL2i2,1759.8
10265,OA-AL2i2,1759.9
10677,OA-AL2i4,1760.2
10185,OA-VUMa8,1760.3
12109,OA-VUMa2,1760.9
10175,OA-VUMa6,1761.5
10187,OA-VPM3,1761.5
10687,OA-AL2i3,1761.7
10652,OA-AL2i4,1762.2
10269,OA-AL2i2,1763.2
12896,OA-VUMa5,1763.4
11264,OA-ASM1,1763.9
10110,OA-VUMa1,1764.3
286259,OA-ASM1,1764.3
10825,OA-AL2i3,1764.5000000000002
11602,OA-ASM1,1765.1000000000001
10041,OA-VUMa1,1766.5000000000002
287884,OA-VPM3,1767.4
11921,OA-VPM4,1768.0
11608,OA-VUMa2,1768.1
10072,OA-AL2i1,1768.9
10168,OA-VUMa6,1769.0
10658,OA-AL2i3,1769.2
10120,OA-VPM4,1769.3
10080,OA-VUMa3,1769.6000000000001
11005,OA-VUMa4,1769.9
12688,OA-ASM1,1770.2
10011,OA-AL2i1,1770.3
10799,OA-VUMa4,1770.7
10226,OA-AL2i3,1771.1000000000001
10322,OA-AL2i2,1771.3
10555,OA-VUMa3,1771.4
12109,OA-VUMa2,1772.0
10185,OA-VUMa8,1772.3
10204,OA-AL2i2,1772.3999999999999
10265,OA-AL2i2,1773.2
10677,OA-AL2i4,1773.3
10175,OA-VUMa6,1773.4
10687,OA-AL2i3,1773.4
53065,Mi1,1774.1
10652,OA-AL2i4,1774.7
10187,OA-VPM3,1774.9
12896,OA-VUMa5,1775.4
10110,OA-VUMa1,1775.7
10269,OA-AL2i2,1775.9
10041,OA-VUMa1,1776.8000000000002
10825,OA-AL2i3,1777.2
11264,OA-ASM1,1777.4
10072,OA-AL2i1,1777.5
11602,OA-ASM1,1777.5
286259,OA-ASM1,1778.8000000000002
11608,OA-VUMa2,1779.6000000000001
287884,OA-VPM3,1780.0
10120,OA-VPM4,1780.2
10168,OA-VUMa6,1780.5000000000002
11921,OA-VPM4,1781.1000000000001
11005,OA-VUMa4,1781.2
10658,OA-AL2i3,1781.4
10080,OA-VUMa3,1782.3999999999999
10011,OA-AL2i1,1782.6000000000001
10226,OA-AL2i3,1783.0
12688,OA-ASM1,1783.2
12109,OA-VUMa2,1783.3000000000002
10799,OA-VUMa4,1783.9
10322,OA-AL2i2,1784.0
10175,OA-VUMa6,1784.7
10185,OA-VUMa8,1784.7
10555,OA-VUMa3,1784.7
10204,OA-AL2i2,1784.8000000000002
10687,OA-AL2i3,1785.5
10265,OA-AL2i2,1785.5
10677,OA-AL2i4,1786.3
12896,OA-VUMa5,1786.3999999999999
10072,OA-AL2i1,1786.7
10110,OA-VUMa1,1786.7
10652,OA-AL2i4,1786.8000000000002
10269,OA-AL2i2,1787.1000000000001
53065,Mi1,1787.4
10041,OA-VUMa1,1787.8
10187,OA-VPM3,1787.9
10825,OA-AL2i3,1789.8
11602,OA-ASM1,1790.6000000000001
11264,OA-ASM1,1791.2
11608,OA-VUMa2,1791.7
10120,OA-VPM4,1792.2
10168,OA-VUMa6,1792.6000000000001
287884,OA-VPM3,1792.9
10658,OA-AL2i3,1793.0
286259,OA-ASM1,1793.1000000000001
11005,OA-VUMa4,1794.0
10080,OA-VUMa3,1794.9
10011,OA-AL2i1,1795.0
11921,OA-VPM4,1795.1000000000001
12109,OA-VUMa2,1795.5
10226,OA-AL2i3,1795.6000000000001
10322,OA-AL2i2,1796.1
10175,OA-VUMa6,1796.2
12688,OA-ASM1,1796.5
10185,OA-VUMa8,1796.8000000000002
10204,OA-AL2i2,1796.9
10799,OA-VUMa4,1796.9
10072,OA-AL2i1,1797.1000000000001
12896,OA-VUMa5,1797.9
10687,OA-AL2i3,1798.2
10110,OA-VUMa1,1798.5
10677,OA-AL2i4,1798.7
10265,OA-AL2i2,1798.8000000000002
10041,OA-VUMa1,1799.5
10555,OA-VUMa3,1799.5
10269,OA-AL2i2,1799.8
10187,OA-VPM3,1800.1
10652,OA-AL2i4,1800.1
10825,OA-AL2i3,1802.1
53065,Mi1,1802.6
11602,OA-ASM1,1802.8000000000002
11608,OA-VUMa2,1803.5
10120,OA-VPM4,1803.5
10168,OA-VUMa6,1804.3999999999999
11005,OA-VUMa4,1804.7
10658,OA-AL2i3,1804.8000000000002
11264,OA-ASM1,1804.8000000000002
12109,OA-VUMa2,1805.5
287884,OA-VPM3,1806.3999999999999
10226,OA-AL2i3,1806.9
10072,OA-AL2i1,1806.9
10175,OA-VUMa6,1807.1000000000001
10080,OA-VUMa3,1807.1000000000001
10011,OA-AL2i1,1807.3000000000002
286259,OA-ASM1,1807.3000000000002
10322,OA-AL2i2,1808.0
10185,OA-VUMa8,1808.3999999999999
12688,OA-ASM1,1809.2
12896,OA-VUMa5,1809.2
10204,OA-AL2i2,1809.5
10799,OA-VUMa4,1809.6000000000001
11921,OA-VPM4,1809.8
10687,OA-AL2i3,1810.5
10041,OA-VUMa1,1810.9
10110,OA-VUMa1,1811.0000000000002
10677,OA-AL2i4,1811.3000000000002
10265,OA-AL2i2,1811.4
10187,OA-VPM3,1811.5
10269,OA-AL2i2,1812.2
10555,OA-VUMa3,1812.6
10652,OA-AL2i4,1813.7
11608,OA-VUMa2,1814.1
10825,OA-AL2i3,1814.7
10120,OA-VPM4,1815.4
11602,OA-ASM1,1815.7
10168,OA-VUMa6,1816.0
53065,Mi1,1816.1
10658,OA-AL2i3,1816.6
12109,OA-VUMa2,1816.6
11005,OA-VUMa4,1817.2
10072,OA-AL2i1,1817.2
10175,OA-VUMa6,1818.5
10011,OA-AL2i1,1819.2
10185,OA-VUMa8,1819.2
287884,OA-VPM3,1819.2
11264,OA-ASM1,1819.3000000000002
10226,OA-AL2i3,1819.4
10322,OA-AL2i2,1819.6000000000001
12896,OA-VUMa5,1820.1
10080,OA-VUMa3,1820.2
286259,OA-ASM1,1820.5
12688,OA-ASM1,1821.9
10204,OA-AL2i2,1822.4
10799,OA-VUMa4,1822.4
10041,OA-VUMa1,1822.6
10110,OA-VUMa1,1823.0000000000002
10265,OA-AL2i2,1823.9
10687,OA-AL2i3,1823.9
10677,OA-AL2i4,1824.0
11921,OA-VPM4,1824.4
10187,OA-VPM3,1824.7
11608,OA-VUMa2,1825.4
10555,OA-VUMa3,1825.5
10269,OA-AL2i2,1825.8
10825,OA-AL2i3,1826.1
10120,OA-VPM4,1826.9
10652,OA-AL2i4,1827.2
12109,OA-VUMa2,1827.4
10168,OA-VUMa6,1827.6000000000001
11005,OA-VUMa4,1828.6
10072,OA-AL2i1,1828.7
10658,OA-AL2i3,1828.7
11602,OA-ASM1,1829.4
10175,OA-VUMa6,1829.7
10226,OA-AL2i3,1830.7
12896,OA-VUMa5,1830.8
10011,OA-AL2i1,1830.8
10322,OA-AL2i2,1831.1000000000001
287884,OA-VPM3,1831.2
10185,OA-VUMa8,1831.5
53065,Mi1,1831.5
11264,OA-ASM1,1832.8
10080,OA-VUMa3,1833.1000000000001
10041,OA-VUMa1,1833.6000000000001
10204,OA-AL2i2,1834.4
12688,OA-ASM1,1834.6
286259,OA-ASM1,1834.6
10110,OA-VUMa1,1834.9
10799,OA-VUMa4,1835.9
10687,OA-AL2i3,1836.3
10677,OA-AL2i4,1836.5
11608,OA-VUMa2,1836.8
10265,OA-AL2i2,1837.5
10187,OA-VPM3,1837.8
12109,OA-VUMa2,1838.3
10269,OA-AL2i2,1838.4
10555,OA-VUMa3,1838.4
10825,OA-AL2i3,1838.4
10168,OA-VUMa6,1839.4
10120,OA-VPM4,1839.5
11005,OA-VUMa4,1840.0
11921,OA-VPM4,1840.1000000000001
10652,OA-AL2i4,1840.3
10658,OA-AL2i3,1840.7
10072,OA-AL2i1,1840.7
10175,OA-VUMa6,1841.3000000000002
12896,OA-VUMa5,1842.2
10322,OA-AL2i2,1842.4
10226,OA-AL2i3,1842.5
10011,OA-AL2i1,1842.6
10185,OA-VUMa8,1842.8999999999999
11602,OA-ASM1,1842.8999999999999
287884,OA-VPM3,1843.4
10041,OA-VUMa1,1845.0000000000002
11264,OA-ASM1,1845.6000000000001
10080,OA-VUMa3,1845.9
53065,Mi1,1846.2
10110,OA-VUMa1,1846.6
10204,OA-AL2i2,1847.0000000000002
11608,OA-VUMa2,1847.8000000000002
12688,OA-ASM1,1848.3
286259,OA-ASM1,1848.5
10677,OA-AL2i4,1849.0000000000002
10687,OA-AL2i3,1849.0000000000002
10187,OA-VPM3,1849.1000000000001
10799,OA-VUMa4,1849.2
10265,OA-AL2i2,1849.7
12109,OA-VUMa2,1849.8000000000002
10269,OA-AL2i2,1850.6
10555,OA-VUMa3,1850.7
11005,OA-VUMa4,1851.3000000000002
10825,OA-AL2i3,1851.3000000000002
10168,OA-VUMa6,1851.6000000000001
10658,OA-AL2i3,1852.0
10175,OA-VUMa6,1852.6
10072,OA-AL2i1,1852.8999999999999
10120,OA-VPM4,1853.0
12896,OA-VUMa5,1853.1000000000001
10652,OA-AL2i4,1853.6000000000001
10011,OA-AL2i1,1853.7
10322,OA-AL2i2,1854.5
10185,OA-VUMa8,1854.8
10226,OA-AL2i3,1854.8
11921,OA-VPM4,1855.5
287884,OA-VPM3,1855.7
10041,OA-VUMa1,1855.8000000000002
11602,OA-ASM1,1856.0
10110,OA-VUMa1,1857.5
10080,OA-VUMa3,1857.9
11608,OA-VUMa2,1858.6
11264,OA-ASM1,1859.3000000000002
12688,OA-ASM1,1860.3
53065,Mi1,1860.7
12109,OA-VUMa2,1861.0
10204,OA-AL2i2,1861.1000000000001
10687,OA-AL2i3,1861.6000000000001
10677,OA-AL2i4,1861.7
10799,OA-VUMa4,1861.8000000000002
10187,OA-VPM3,1862.1000000000001
286259,OA-ASM1,1862.2
10168,OA-VUMa6,1862.7
10269,OA-AL2i2,1863.2
11005,OA-VUMa4,1863.3000000000002
10265,OA-AL2i2,1863.5000000000002
10658,OA-AL2i3,1863.5000000000002
10825,OA-AL2i3,1863.7
10175,OA-VUMa6,1863.8000000000002
12896,OA-VUMa5,1864.2
10072,OA-AL2i1,1864.6
10555,OA-VUMa3,1864.8
10011,OA-AL2i1,1865.3000000000002
10120,OA-VPM4,1865.5000000000002
10185,OA-VUMa8,1865.5000000000002
10652,OA-AL2i4,1866.1000000000001
10041,OA-VUMa1,1866.8
10226,OA-AL2i3,1867.0
10322,OA-AL2i2,1867.9
11602,OA-ASM1,1868.1000000000001
10110,OA-VUMa1,1869.3000000000002
287884,OA-VPM3,1869.3000000000002
11608,OA-VUMa2,1869.8000000000002
11921,OA-VPM4,1870.7
10080,OA-VUMa3,1871.4
11264,OA-ASM1,1872.0
12109,OA-VUMa2,1872.8999999999999
10204,OA-AL2i2,1873.6000000000001
12688,OA-ASM1,1873.8000000000002
10687,OA-AL2i3,1874.4
10799,OA-VUMa4,1874.7
10677,OA-AL2i4,1874.8999999999999
10168,OA-VUMa6,1875.0
10187,OA-VPM3,1875.0
10658,OA-AL2i3,1875.1
12896,OA-VUMa5,1875.6000000000001
11005,OA-VUMa4,1875.7
10175,OA-VUMa6,1876.1000000000001
53065,Mi1,1876.2
10265,OA-AL2i2,1876.5
10011,OA-AL2i1,1876.6
10825,OA-AL2i3,1876.7
10120,OA-VPM4,1876.8
286259,OA-ASM1,1876.8999999999999
10072,OA-AL2i1,1877.0
10185,OA-VUMa8,1877.2
10269,OA-AL2i2,1877.2
10555,OA-VUMa3,1877.6000000000001
10041,OA-VUMa1,1877.8000000000002
10652,OA-AL2i4,1878.0
10226,OA-AL2i3,1878.2
10322,OA-AL2i2,1879.7
10110,OA-VUMa1,1880.5
11602,OA-ASM1,1880.5
11608,OA-VUMa2,1881.7
287884,OA-VPM3,1882.1000000000001
10080,OA-VUMa3,1883.4
12109,OA-VUMa2,1884.2
11921,OA-VPM4,1885.2
11264,OA-ASM1,1885.4
10204,OA-AL2i2,1885.8000000000002
12688,OA-ASM1,1886.0
10168,OA-VUMa6,1886.3
10799,OA-VUMa4,1887.2
10658,OA-AL2i3,1887.3000000000002
12896,OA-VUMa5,1887.5000000000002
10187,OA-VPM3,1887.6000000000001
10175,OA-VUMa6,1887.9
10687,OA-AL2i3,1888.3
10677,OA-AL2i4,1888.6
11005,OA-VUMa4,1888.8
10011,OA-AL2i1,1889.1
10120,OA-VPM4,1889.4
10265,OA-AL2i2,1889.4
286259,OA-ASM1,1889.6000000000001
10226,OA-AL2i3,1889.7
10072,OA-AL2i1,1889.8000000000002
10185,OA-VUMa8,1889.8000000000002
10269,OA-AL2i2,1889.9
10041,OA-VUMa1,1890.1000000000001
10825,OA-AL2i3,1890.4
10555,OA-VUMa3,1890.5
10652,OA-AL2i4,1890.6
10322,OA-AL2i2,1891.2
10110,OA-VUMa1,1891.4
53065,Mi1,1891.4
11608,OA-VUMa2,1893.2
11602,OA-ASM1,1893.9
287884,OA-VPM3,1894.5
12109,OA-VUMa2,1895.4
10080,OA-VUMa3,1896.5
12688,OA-ASM1,1898.2
11264,OA-ASM1,1898.3
10204,OA-AL2i2,1898.6000000000001
10168,OA-VUMa6,1898.8
12896,OA-VUMa5,1898.8
11921,OA-VPM4,1899.0
10799,OA-VUMa4,1899.4
10175,OA-VUMa6,1900.1000000000001
10658,OA-AL2i3,1900.1000000000001
10187,OA-VPM3,1900.2
10677,OA-AL2i4,1900.8
10687,OA-AL2i3,1901.0
10041,OA-VUMa1,1901.1
10011,OA-AL2i1,1901.8000000000002
11005,OA-VUMa4,1901.8000000000002
10120,OA-VPM4,1901.9
10265,OA-AL2i2,1901.9
10185,OA-VUMa8,1902.1000000000001
10226,OA-AL2i3,1902.8
10072,OA-AL2i1,1902.8
10269,OA-AL2i2,1902.9
10110,OA-VUMa1,1903.1
286259,OA-ASM1,1903.3999999999999
10652,OA-AL2i4,1903.6000000000001
10322,OA-AL2i2,1903.8000000000002
10825,OA-AL2i3,1903.9
10555,OA-VUMa3,1904.3
11608,OA-VUMa2,1904.7
53065,Mi1,1906.1000000000001
11602,OA-ASM1,1906.5
12109,OA-VUMa2,1906.8
287884,OA-VPM3,1907.0
10080,OA-VUMa3,1909.3999999999999
12896,OA-VUMa5,1909.8000000000002
11264,OA-ASM1,1910.7
10168,OA-VUMa6,1910.9
12688,OA-ASM1,1911.0
10041,OA-VUMa1,1912.2
10658,OA-AL2i3,1912.2
10175,OA-VUMa6,1912.5
11921,OA-VPM4,1912.5
10187,OA-VPM3,1912.9
10799,OA-VUMa4,1912.9
10204,OA-AL2i2,1913.1
10687,OA-AL2i3,1913.1
10677,OA-AL2i4,1914.2
11005,OA-VUMa4,1914.2
10185,OA-VUMa8,1914.2
10011,OA-AL2i1,1914.3000000000002
10265,OA-AL2i2,1914.3000000000002
10110,OA-VUMa1,1914.4
10226,OA-AL2i3,1915.0
10072,OA-AL2i1,1915.3
10120,OA-VPM4,1915.5000000000002
11608,OA-VUMa2,1915.7
10269,OA-AL2i2,1916.0
10652,OA-AL2i4,1916.2
10322,OA-AL2i2,1916.3000000000002
10825,OA-AL2i3,1916.8
286259,OA-ASM1,1916.8
10555,OA-VUMa3,1917.6000000000001
12109,OA-VUMa2,1918.5
287884,OA-VPM3,1919.8000000000002
11602,OA-ASM1,1919.9
12896,OA-VUMa5,1920.2
53065,Mi1,1921.3999999999999
10080,OA-VUMa3,1922.4
10041,OA-VUMa1,1922.8
12688,OA-ASM1,1923.5
10168,OA-VUMa6,1923.7
10658,OA-AL2i3,1923.7
11264,OA-ASM1,1924.2
10175,OA-VUMa6,1924.7
10110,OA-VUMa1,1925.2
10687,OA-AL2i3,1925.3
10187,OA-VPM3,1925.9
10185,OA-VUMa8,1926.5
10204,OA-AL2i2,1926.5
10226,OA-AL2i3,1926.6000000000001
10120,OA-VPM4,1926.8
10799,OA-VUMa4,1926.9
11005,OA-VUMa4,1926.9
11608,OA-VUMa2,1927.1
10072,OA-AL2i1,1927.3999999999999
10011,OA-AL2i1,1927.3999999999999
10677,OA-AL2i4,1927.5
11921,OA-VPM4,1927.7
10322,OA-AL2i2,1928.5
10269,OA-AL2i2,1928.7
10652,OA-AL2i4,1928.7
10825,OA-AL2i3,1928.9
10265,OA-AL2i2,1929.0
286259,OA-ASM1,1930.2
10555,OA-VUMa3,1930.2
12109,OA-VUMa2,1930.7
11602,OA-ASM1,1932.4
12896,OA-VUMa5,1932.4
287884,OA-VPM3,1932.8
10041,OA-VUMa1,1934.0000000000002
10658,OA-AL2i3,1934.3000000000002
10080,OA-VUMa3,1934.7
10168,OA-VUMa6,1935.2
12688,OA-ASM1,1935.7
10175,OA-VUMa6,1935.7
10110,OA-VUMa1,1936.7
53065,Mi1,1937.1
11264,OA-ASM1,1937.8000000000002
10687,OA-AL2i3,1937.9
10226,OA-AL2i3,1938.3000000000002
11608,OA-VUMa2,1938.3000000000002
10187,OA-VPM3,1938.4
10185,OA-VUMa8,1938.4
10120,OA-VPM4,1939.7000000000003
11005,OA-VUMa4,1940.0000000000002
10204,OA-AL2i2,1940.2
10011,OA-AL2i1,1940.4
10072,OA-AL2i1,1940.6000000000001
10799,OA-VUMa4,1940.9
10322,OA-AL2i2,1940.9
10677,OA-AL2i4,1941.3
11921,OA-VPM4,1941.7000000000003
10269,OA-AL2i2,1941.9
10265,OA-AL2i2,1942.0000000000002
10825,OA-AL2i3,1942.0000000000002
12109,OA-VUMa2,1942.0000000000002
10555,OA-VUMa3,1942.5
10652,OA-AL2i4,1942.6000000000001
286259,OA-ASM1,1943.2
287884,OA-VPM3,1944.6000000000001
11602,OA-ASM1,1944.7
10041,OA-VUMa1,1944.9
12896,OA-VUMa5,1945.0
10168,OA-VUMa6,1946.3000000000002
10658,OA-AL2i3,1946.3000000000002
10080,OA-VUMa3,1947.4
10175,OA-VUMa6,1947.7
10110,OA-VUMa1,1947.8000000000002
11608,OA-VUMa2,1949.1
10226,OA-AL2i3,1949.2
10687,OA-AL2i3,1949.7
12688,OA-ASM1,1949.8000000000002
11264,OA-ASM1,1950.2
10185,OA-VUMa8,1950.4
10187,OA-VPM3,1951.5
53065,Mi1,1951.8000000000002
10120,OA-VPM4,1952.3000000000002
11005,OA-VUMa4,1952.3000000000002
10072,OA-AL2i1,1953.3
10204,OA-AL2i2,1953.6
10322,OA-AL2i2,1953.8000000000002
12109,OA-VUMa2,1954.0000000000002
10265,OA-AL2i2,1954.1000000000001
10011,OA-AL2i1,1954.2
10825,OA-AL2i3,1954.2
10799,OA-VUMa4,1954.4
10269,OA-AL2i2,1954.8
10677,OA-AL2i4,1954.8
10555,OA-VUMa3,1955.1
10652,OA-AL2i4,1955.3
10041,OA-VUMa1,1955.8
11921,OA-VPM4,1955.8
286259,OA-ASM1,1956.6000000000001
12896,OA-VUMa5,1956.7
11602,OA-ASM1,1956.9
287884,OA-VPM3,1957.2
10110,OA-VUMa1,1958.6000000000001
10168,OA-VUMa6,1958.7
10658,OA-AL2i3,1958.9
10175,OA-VUMa6,1959.6
10080,OA-VUMa3,1960.0000000000002
11608,OA-VUMa2,1960.4
10226,OA-AL2i3,1960.8
10185,OA-VUMa8,1961.7
10687,OA-AL2i3,1962.2
12688,OA-ASM1,1962.8
11264,OA-ASM1,1963.3
11005,OA-VUMa4,1964.1000000000001
12109,OA-VUMa2,1964.5
10072,OA-AL2i1,1965.0
10187,OA-VPM3,1965.1000000000001
10120,OA-VPM4,1965.5
10011,OA-AL2i1,1965.9
10322,OA-AL2i2,1965.9
10825,OA-AL2i3,1966.7
10269,OA-AL2i2,1967.2
53065,Mi1,1967.3
10041,OA-VUMa1,1967.6
10677,OA-AL2i4,1967.6
10799,OA-VUMa4,1967.7
12896,OA-VUMa5,1967.7
10265,OA-AL2i2,1967.8
10204,OA-AL2i2,1967.9
10652,OA-AL2i4,1968.0000000000002
11602,OA-ASM1,1968.3000000000002
10555,OA-VUMa3,1968.3000000000002
11921,OA-VPM4,1968.8
10110,OA-VUMa1,1969.8
10658,OA-AL2i3,1970.0000000000002
287884,OA-VPM3,1970.1000000000001
10168,OA-VUMa6,1970.4
10080,OA-VUMa3,1971.5
286259,OA-ASM1,1971.8
10175,OA-VUMa6,1972.1000000000001
11608,OA-VUMa2,1972.2
10226,OA-AL2i3,1972.5
10185,OA-VUMa8,1974.4
10687,OA-AL2i3,1974.4
12688,OA-ASM1,1975.0
12109,OA-VUMa2,1975.3
11005,OA-VUMa4,1975.4
10072,OA-AL2i1,1976.9
11264,OA-ASM1,1976.9
10187,OA-VPM3,1977.3
10322,OA-AL2i2,1977.8999999999999
10041,OA-VUMa1,1978.2
10011,OA-AL2i1,1978.4
12896,OA-VUMa5,1978.4
10120,OA-VPM4,1978.8000000000002
10269,OA-AL2i2,1979.2
10825,OA-AL2i3,1979.4
10110,OA-VUMa1,1980.6000000000001
10799,OA-VUMa4,1980.8000000000002
10265,OA-AL2i2,1980.8000000000002
10652,OA-AL2i4,1981.0
10677,OA-AL2i4,1981.1000000000001
10168,OA-VUMa6,1981.6
10658,OA-AL2i3,1981.7
10555,OA-VUMa3,1981.8
53065,Mi1,1981.8
11602,OA-ASM1,1981.8999999999999
287884,OA-VPM3,1982.8000000000002
10204,OA-AL2i2,1982.8000000000002
11608,OA-VUMa2,1982.9
11921,OA-VPM4,1982.9
10226,OA-AL2i3,1983.1000000000001
10080,OA-VUMa3,1983.8999999999999
10175,OA-VUMa6,1984.8000000000002
286259,OA-ASM1,1985.3
10687,OA-AL2i3,1986.2
10185,OA-VUMa8,1986.3000000000002
12688,OA-ASM1,1986.9
12109,OA-VUMa2,1987.5
11005,OA-VUMa4,1987.8999999999999
10041,OA-VUMa1,1989.0
10072,OA-AL2i1,1989.1000000000001
11264,OA-ASM1,1989.1000000000001
12896,OA-VUMa5,1989.3
10322,OA-AL2i2,1990.3000000000002
10011,OA-AL2i1,1990.4
10187,OA-VPM3,1990.4
10110,OA-VUMa1,1990.8000000000002
10269,OA-AL2i2,1991.4
10825,OA-AL2i3,1991.8999999999999
10120,OA-VPM4,1992.7
10168,OA-VUMa6,1992.8000000000002
10652,OA-AL2i4,1992.9
10799,OA-VUMa4,1993.0
10658,OA-AL2i3,1993.2
10677,OA-AL2i4,1993.8
11608,OA-VUMa2,1994.4
10265,OA-AL2i2,1994.6000000000001
10555,OA-VUMa3,1995.1000000000001
287884,OA-VPM3,1995.7
10226,OA-AL2i3,1995.8
11602,OA-ASM1,1995.8
10204,OA-AL2i2,1996.2
10175,OA-VUMa6,1996.4
11921,OA-VPM4,1996.5000000000002
10080,OA-VUMa3,1996.8000000000002
53065,Mi1,1997.4
10185,OA-VUMa8,1998.0
10687,OA-AL2i3,1998.5000000000002
12109,OA-VUMa2,1999.1000000000001
12688,OA-ASM1,1999.1000000000001
11005,OA-VUMa4,1999.8
286259,OA-ASM1,1999.8999999999999
10041,OA-VUMa1,2000.5000000000002
12896,OA-VUMa5,2001.1000000000001
10072,OA-AL2i1,2001.3
10011,OA-AL2i1,2001.8999999999999
10187,OA-VPM3,2002.0000000000002
10322,OA-AL2i2,2002.1
11264,OA-ASM1,2002.2000000000003
10110,OA-VUMa1,2002.4
10269,OA-AL2i2,2003.7000000000003
10825,OA-AL2i3,2003.8
10168,OA-VUMa6,2004.3000000000002
10120,OA-VPM4,2004.3000000000002
10658,OA-AL2i3,2004.7
10799,OA-VUMa4,2004.9999999999998
10652,OA-AL2i4,2006.0000000000002
11608,OA-VUMa2,2006.0000000000002
10265,OA-AL2i2,2006.5
10226,OA-AL2i3,2007.0
10677,OA-AL2i4,2007.3000000000002
10555,OA-VUMa3,2008.0
10175,OA-VUMa6,2008.1000000000001
287884,OA-VPM3,2008.7
10204,OA-AL2i2,2009.1000000000001
10687,OA-AL2i3,2009.5
10185,OA-VUMa8,2009.7
11602,OA-ASM1,2009.8000000000002
12109,OA-VUMa2,2009.9
10041,OA-VUMa1,2010.4
10080,OA-VUMa3,2010.4
12688,OA-ASM1,2011.0
11921,OA-VPM4,2011.2
11005,OA-VUMa4,2011.6
12896,OA-VUMa5,2012.3999999999999
53065,Mi1,2012.5000000000002
10072,OA-AL2i1,2012.9
10110,OA-VUMa1,2013.1000000000001
10011,OA-AL2i1,2013.4000000000003
286259,OA-ASM1,2013.6000000000001
11264,OA-ASM1,2014.8999999999999
10187,OA-VPM3,2014.8999999999999
10322,OA-AL2i2,2015.5000000000002
10825,OA-AL2i3,2015.9000000000003
10658,OA-AL2i3,2016.2
10168,OA-VUMa6,2016.3000000000002
10269,OA-AL2i2,2016.3000000000002
10120,OA-VPM4,2016.7
11608,OA-VUMa2,2017.7
10799,OA-VUMa4,2018.0000000000002
10226,OA-AL2i3,2018.4
10652,OA-AL2i4,2018.5
10677,OA-AL2i4,2019.3000000000002
10175,OA-VUMa6,2019.4
10265,OA-AL2i2,2019.4
10041,OA-VUMa1,2020.5000000000002
10555,OA-VUMa3,2020.6
287884,OA-VPM3,2020.8
10687,OA-AL2i3,2020.9999999999998
10204,OA-AL2i2,2021.5
12109,OA-VUMa2,2021.8000000000002
10185,OA-VUMa8,2022.1
11005,OA-VUMa4,2022.8999999999999
10110,OA-VUMa1,2023.2999999999997
11602,OA-ASM1,2023.4
10080,OA-VUMa3,2023.5000000000002
12688,OA-ASM1,2023.7000000000003
12896,OA-VUMa5,2023.8
10072,OA-AL2i1,2024.2
11921,OA-VPM4,2025.4000000000003
286259,OA-ASM1,2026.3
10011,OA-AL2i1,2026.4
10322,OA-AL2i2,2026.8999999999999
53065,Mi1,2027.1
10168,OA-VUMa6,2027.2
10658,OA-AL2i3,2027.4
10187,OA-VPM3,2027.8
11264,OA-ASM1,2028.0
11608,OA-VUMa2,2028.7
10120,OA-VPM4,2028.9999999999998
10825,OA-AL2i3,2029.1999999999998
10269,OA-AL2i2,2029.4000000000003
10226,OA-AL2i3,2030.0000000000002
10652,OA-AL2i4,2030.2000000000003
10799,OA-VUMa4,2030.6999999999998
10041,OA-VUMa1,2030.8000000000002
10175,OA-VUMa6,2031.3
10677,OA-AL2i4,2032.8
10185,OA-VUMa8,2033.5
10687,OA-AL2i3,2033.5
10265,OA-AL2i2,2033.6000000000004
287884,OA-VPM3,2033.6000000000004
10555,OA-VUMa3,2033.8000000000002
10110,OA-VUMa1,2034.0000000000002
12109,OA-VUMa2,2034.2000000000003
10204,OA-AL2i2,2034.5
11005,OA-VUMa4,2034.8000000000002
12896,OA-VUMa5,2035.2
11602,OA-ASM1,2036.5000000000002
10072,OA-AL2i1,2036.8
10080,OA-VUMa3,2036.8
10011,OA-AL2i1,2037.5
12688,OA-ASM1,2037.7
10322,OA-AL2i2,2037.9
10168,OA-VUMa6,2038.3
10658,OA-AL2i3,2039.6000000000001
286259,OA-ASM1,2040.0
11608,OA-VUMa2,2040.1000000000001
11921,OA-VPM4,2040.3999999999999
10187,OA-VPM3,2040.6
10120,OA-VPM4,2041.3000000000002
10825,OA-AL2i3,2041.3000000000002
53065,Mi1,2041.3000000000002
10226,OA-AL2i3,2041.6000000000004
10041,OA-VUMa1,2042.0000000000002
10269,OA-AL2i2,2042.0000000000002
10652,OA-AL2i4,2042.4
11264,OA-ASM1,2042.6000000000001
10175,OA-VUMa6,2042.8000000000002
10799,OA-VUMa4,2043.8
10677,OA-AL2i4,2045.5
12109,OA-VUMa2,2045.5
10110,OA-VUMa1,2046.1
10185,OA-VUMa8,2046.3
10555,OA-VUMa3,2046.4
10687,OA-AL2i3,2046.6999999999998
287884,OA-VPM3,2046.6999999999998
11005,OA-VUMa4,2047.0
10204,OA-AL2i2,2047.1
10265,OA-AL2i2,2047.1
10072,OA-AL2i1,2047.2
12896,OA-VUMa5,2047.5000000000002
10011,OA-AL2i1,2048.6
11602,OA-ASM1,2048.9
10080,OA-VUMa3,2050.0
10322,OA-AL2i2,2050.1
10168,OA-VUMa6,2050.6000000000004
11608,OA-VUMa2,2051.6
12688,OA-ASM1,2051.6
10041,OA-VUMa1,2052.1000000000004
10658,OA-AL2i3,2052.1000000000004
10187,OA-VPM3,2052.7000000000003
10226,OA-AL2i3,2053.2
10269,OA-AL2i2,2053.8
286259,OA-ASM1,2053.8
10120,OA-VPM4,2054.2000000000003
10175,OA-VUMa6,2054.9
10825,OA-AL2i3,2054.9
53065,Mi1,2055.7000000000003
11921,OA-VPM4,2056.0
11264,OA-ASM1,2056.2
10652,OA-AL2i4,2056.4
10799,OA-VUMa4,2056.5
12109,OA-VUMa2,2057.3
10110,OA-VUMa1,2057.3999999999996
10185,OA-VUMa8,2057.3999999999996
10687,OA-AL2i3,2058.7
10677,OA-AL2i4,2058.9
11005,OA-VUMa4,2058.9
12896,OA-VUMa5,2059.2000000000003
10072,OA-AL2i1,2059.2999999999997
10555,OA-VUMa3,2059.7000000000003
287884,OA-VPM3,2060.6
10265,OA-AL2i2,2060.7000000000003
10011,OA-AL2i1,2061.2
10204,OA-AL2i2,2061.3999999999996
10322,OA-AL2i2,2061.5
11602,OA-ASM1,2061.9
10041,OA-VUMa1,2062.5
10168,OA-VUMa6,2062.7
10080,OA-VUMa3,2063.2000000000003
11608,OA-VUMa2,2063.6
10658,OA-AL2i3,2063.7000000000003
10187,OA-VPM3,2064.7999999999997
12688,OA-ASM1,2065.0
10226,OA-AL2i3,2065.1
10269,OA-AL2i2,2065.3
10175,OA-VUMa6,2066.1
10120,OA-VPM4,2066.5
286259,OA-ASM1,2066.7
10825,OA-AL2i3,2067.2000000000003
12109,OA-VUMa2,2068.0
10110,OA-VUMa1,2068.7000000000003
10185,OA-VUMa8,2068.9
10652,OA-AL2i4,2069.0
53065,Mi1,2069.2
10799,OA-VUMa4,2069.2
11921,OA-VPM4,2069.5
12896,OA-VUMa5,2070.0000000000005
11264,OA-ASM1,2070.5
11005,OA-VUMa4,2071.0
10072,OA-AL2i1,2071.6
10687,OA-AL2i3,2071.9
10555,OA-VUMa3,2072.3
10011,OA-AL2i1,2072.7000000000003
287884,OA-VPM3,2072.7999999999997
10677,OA-AL2i4,2072.7999999999997
10041,OA-VUMa1,2073.0
10322,OA-AL2i2,2073.0
10265,OA-AL2i2,2073.6
10168,OA-VUMa6,2074.1
11608,OA-VUMa2,2074.7
11602,OA-ASM1,2074.8
10204,OA-AL2i2,2074.9
10658,OA-AL2i3,2075.2999999999997
10080,OA-VUMa3,2075.7
10187,OA-VPM3,2077.0
10269,OA-AL2i2,2077.0
10226,OA-AL2i3,2077.3
10175,OA-VUMa6,2077.7000000000003
12688,OA-ASM1,2077.9
10110,OA-VUMa1,2078.8
10825,OA-AL2i3,2078.9
10120,OA-VPM4,2079.1
286259,OA-ASM1,2079.7
12109,OA-VUMa2,2080.1000000000004
10185,OA-VUMa8,2081.1
12896,OA-VUMa5,2081.2
10799,OA-VUMa4,2081.3
10652,OA-AL2i4,2082.1
53065,Mi1,2083.0
11921,OA-VPM4,2083.2000000000003
11005,OA-VUMa4,2083.5
10687,OA-AL2i3,2083.5
10072,OA-AL2i1,2083.8
10322,OA-AL2i2,2084.3
10011,OA-AL2i1,2084.4
10041,OA-VUMa1,2084.4
11264,OA-ASM1,2084.5
10555,OA-VUMa3,2084.6
287884,OA-VPM3,2085.1
10265,OA-AL2i2,2085.4
10677,OA-AL2i4,2085.5
10168,OA-VUMa6,2085.5
11608,OA-VUMa2,2085.9
11602,OA-ASM1,2086.7
10658,OA-AL2i3,2087.6
10080,OA-VUMa3,2087.9
10269,OA-AL2i2,2088.6
10204,OA-AL2i2,2088.7999999999997
10175,OA-VUMa6,2089.4
10226,OA-AL2i3,2089.4
10110,OA-VUMa1,2089.7000000000003
10187,OA-VPM3,2090.0000000000005
12688,OA-ASM1,2090.8
10825,OA-AL2i3,2090.9
10120,OA-VPM4,2091.0
12109,OA-VUMa2,2091.7
12896,OA-VUMa5,2092.9
286259,OA-ASM1,2093.7000000000003
10185,OA-VUMa8,2094.5
10799,OA-VUMa4,2094.8
10652,OA-AL2i4,2094.9
10041,OA-VUMa1,2095.1
10072,OA-AL2i1,2095.5
11005,OA-VUMa4,2095.5
10687,OA-AL2i3,2096.4
10011,OA-AL2i1,2096.7999999999997
11608,OA-VUMa2,2096.9
287884,OA-VPM3,2097.0
11264,OA-ASM1,2097.1000000000004
10168,OA-VUMa6,2097.2
10322,OA-AL2i2,2097.3
10555,OA-VUMa3,2097.3
11921,OA-VPM4,2097.6
10265,OA-AL2i2,2097.7000000000003
53065,Mi1,2098.1
10677,OA-AL2i4,2099.0
10658,OA-AL2i3,2099.6
10110,OA-VUMa1,2100.0
11602,OA-ASM1,2100.3
10269,OA-AL2i2,2100.5
10175,OA-VUMa6,2100.8
10226,OA-AL2i3,2100.9
10080,OA-VUMa3,2101.1000000000004
10204,OA-AL2i2,2101.6
10187,OA-VPM3,2101.9
10120,OA-VPM4,2103.0
12688,OA-ASM1,2103.0
12109,OA-VUMa2,2103.2999999999997
10825,OA-AL2i3,2104.3
12896,OA-VUMa5,2105.0
10041,OA-VUMa1,2105.9
10185,OA-VUMa8,2107.0
286259,OA-ASM1,2107.0
10652,OA-AL2i4,2107.8
10799,OA-VUMa4,2107.8
11005,OA-VUMa4,2108.1000000000004
11608,OA-VUMa2,2108.2
10072,OA-AL2i1,2108.2
10168,OA-VUMa6,2108.6
10687,OA-AL2i3,2109.4
10011,OA-AL2i1,2109.5
10322,OA-AL2i2,2109.6
287884,OA-VPM3,2109.6
10265,OA-AL2i2,2109.9
10658,OA-AL2i3,2110.6000000000004
11264,OA-ASM1,2110.7
10555,OA-VUMa3,2110.9
10110,OA-VUMa1,2111.0
11921,OA-VPM4,2111.4
10677,OA-AL2i4,2111.5
10175,OA-VUMa6,2112.7000000000003
10226,OA-AL2i3,2112.9
11602,OA-ASM1,2112.9
53065,Mi1,2112.9
10269,OA-AL2i2,2113.1000000000004
10080,OA-VUMa3,2113.7000000000003
10204,OA-AL2i2,2114.4
10187,OA-VPM3,2115.1
12688,OA-ASM1,2115.2000000000003
12109,OA-VUMa2,2115.2999999999997
10120,OA-VPM4,2115.5
10041,OA-VUMa1,2116.0
10825,OA-AL2i3,2117.0
12896,OA-VUMa5,2117.1000000000004
10185,OA-VUMa8,2118.7
286259,OA-ASM1,2119.2000000000003
11608,OA-VUMa2,2119.8999999999996
11005,OA-VUMa4,2120.2
10799,OA-VUMa4,2120.3
10168,OA-VUMa6,2120.8
10652,OA-AL2i4,2121.2
10110,OA-VUMa1,2121.7999999999997
10011,OA-AL2i1,2121.9
10072,OA-AL2i1,2122.0
10265,OA-AL2i2,2122.2000000000003
10687,OA-AL2i3,2122.3
10658,OA-AL2i3,2122.4
10322,OA-AL2i2,2122.6000000000004
287884,OA-VPM3,2123.2999999999997
10175,OA-VUMa6,2123.6
11264,OA-ASM1,2123.6
10677,OA-AL2i4,2124.4
11921,OA-VPM4,2124.5000000000005
10226,OA-AL2i3,2124.6
10555,OA-VUMa3,2124.8
11602,OA-ASM1,2125.7000000000003
10269,OA-AL2i2,2126.0
10041,OA-VUMa1,2126.8
12109,OA-VUMa2,2126.9
53065,Mi1,2127.1
12688,OA-ASM1,2127.2999999999997
10204,OA-AL2i2,2127.2999999999997
10187,OA-VPM3,2127.4
10080,OA-VUMa3,2127.6
10120,OA-VPM4,2128.9
12896,OA-VUMa5,2129.6
10185,OA-VUMa8,2130.3
10825,OA-AL2i3,2131.1
11608,OA-VUMa2,2131.6
10168,OA-VUMa6,2132.2000000000003
10110,OA-VUMa1,2132.4
11005,OA-VUMa4,2132.5000000000005
286259,OA-ASM1,2133.1000000000004
10799,OA-VUMa4,2133.7000000000003
10652,OA-AL2i4,2134.4
10658,OA-AL2i3,2134.4
10687,OA-AL2i3,2134.5
10322,OA-AL2i2,2134.6000000000004
10072,OA-AL2i1,2134.7
10265,OA-AL2i2,2134.8
10175,OA-VUMa6,2135.2000000000003
10011,OA-AL2i1,2135.6
10226,OA-AL2i3,2136.6
11264,OA-ASM1,2136.8
10041,OA-VUMa1,2137.1000000000004
287884,OA-VPM3,2137.3
10677,OA-AL2i4,2137.4
10555,OA-VUMa3,2137.7999999999997
12109,OA-VUMa2,2138.2000000000003
10269,OA-AL2i2,2138.9
11921,OA-VPM4,2139.1
11602,OA-ASM1,2139.4
12688,OA-ASM1,2139.5
10187,OA-VPM3,2140.4
10080,OA-VUMa3,2140.5000000000005
10204,OA-AL2i2,2140.9
12896,OA-VUMa5,2140.9
53065,Mi1,2141.5
10120,OA-VPM4,2142.0
11608,OA-VUMa2,2142.2
10185,OA-VUMa8,2142.3
10110,OA-VUMa1,2142.8
10168,OA-VUMa6,2143.7
10825,OA-AL2i3,2143.7
11005,OA-VUMa4,2144.6
10072,OA-AL2i1,2145.3
10658,OA-AL2i3,2146.5
10175,OA-VUMa6,2146.8
10652,OA-AL2i4,2146.8
10322,OA-AL2i2,2146.9
10799,OA-VUMa4,2147.1
10041,OA-VUMa1,2147.2000000000003
10687,OA-AL2i3,2147.2000000000003
10011,OA-AL2i1,2147.2999999999997
10265,OA-AL2i2,2147.8
286259,OA-ASM1,2147.9
10226,OA-AL2i3,2148.6
10677,OA-AL2i4,2149.7000000000003
287884,OA-VPM3,2149.7000000000003
10555,OA-VUMa3,2150.3
11264,OA-ASM1,2150.3
12109,OA-VUMa2,2150.3
12688,OA-ASM1,2151.7
11921,OA-VPM4,2151.8
10269,OA-AL2i2,2151.9
10187,OA-VPM3,2152.2000000000003
11602,OA-ASM1,2152.2000000000003
12896,OA-VUMa5,2152.3
10080,OA-VUMa3,2153.5
10110,OA-VUMa1,2153.6
10204,OA-AL2i2,2154.7
10120,OA-VPM4,2154.8
10185,OA-VUMa8,2154.8
10168,OA-VUMa6,2155.0
11608,OA-VUMa2,2155.0
10825,OA-AL2i3,2155.6000000000004
11005,OA-VUMa4,2156.1
53065,Mi1,2156.2999999999997
10072,OA-AL2i1,2157.7000000000003
10041,OA-VUMa1,2157.9
10175,OA-VUMa6,2157.9
10322,OA-AL2i2,2158.1
10658,OA-AL2i3,2158.2
10011,OA-AL2i1,2159.1
10652,OA-AL2i4,2159.2999999999997
10687,OA-AL2i3,2159.7
10799,OA-VUMa4,2159.8
10226,OA-AL2i3,2160.2000000000003
10265,OA-AL2i2,2160.6
286259,OA-ASM1,2160.9
12109,OA-VUMa2,2161.2
10677,OA-AL2i4,2161.3
287884,OA-VPM3,2162.2
11264,OA-ASM1,2163.2000000000003
11602,OA-ASM1,2163.3
10555,OA-VUMa3,2163.4
12896,OA-VUMa5,2163.4
12688,OA-ASM1,2163.5
10269,OA-AL2i2,2163.8
10110,OA-VUMa1,2164.2999999999997
10187,OA-VPM3,2165.6
11921,OA-VPM4,2166.5
11608,OA-VUMa2,2166.7
10120,OA-VPM4,2166.9
10168,OA-VUMa6,2167.5
10204,OA-AL2i2,2167.5
10041,OA-VUMa1,2167.8
10185,OA-VUMa8,2167.9
10080,OA-VUMa3,2168.0
11005,OA-VUMa4,2168.0
10825,OA-AL2i3,2168.2999999999997
53065,Mi1,2169.4
10658,OA-AL2i3,2169.4
10072,OA-AL2i1,2169.7999999999997
10175,OA-VUMa6,2170.1
10011,OA-AL2i1,2170.8
10322,OA-AL2i2,2170.8
10226,OA-AL2i3,2171.5
10652,OA-AL2i4,2172.0
10687,OA-AL2i3,2172.2000000000003
10799,OA-VUMa4,2172.4
12109,OA-VUMa2,2172.9
10265,OA-AL2i2,2173.5
12896,OA-VUMa5,2174.1
286259,OA-ASM1,2174.3999999999996
10110,OA-VUMa1,2175.4
10677,OA-AL2i4,2175.5
10269,OA-AL2i2,2175.6000000000004
11264,OA-ASM1,2175.9
287884,OA-VPM3,2176.1
10555,OA-VUMa3,2176.2999999999997
12688,OA-ASM1,2176.6
11602,OA-ASM1,2177.3
11608,OA-VUMa2,2178.1
10187,OA-VPM3,2178.7
10041,OA-VUMa1,2178.8
10168,OA-VUMa6,2179.7
10120,OA-VPM4,2179.8
10825,OA-AL2i3,2180.4
11005,OA-VUMa4,2180.5
10185,OA-VUMa8,2180.5
11921,OA-VPM4,2181.0
10204,OA-AL2i2,2181.2
10080,OA-VUMa3,2181.4
10658,OA-AL2i3,2181.4
10175,OA-VUMa6,2181.7999999999997
10072,OA-AL2i1,2182.0
10011,OA-AL2i1,2182.1
10322,OA-AL2i2,2182.7
10226,OA-AL2i3,2182.9
12109,OA-VUMa2,2183.3
53065,Mi1,2184.7000000000003
10687,OA-AL2i3,2184.8
10652,OA-AL2i4,2184.9
10265,OA-AL2i2,2185.6
10799,OA-VUMa4,2185.7000000000003
12896,OA-VUMa5,2186.1
10110,OA-VUMa1,2186.1
10269,OA-AL2i2,2187.5
10677,OA-AL2i4,2187.6000000000004
286259,OA-ASM1,2187.6000000000004
287884,OA-VPM3,2188.1
10555,OA-VUMa3,2188.5
11264,OA-ASM1,2188.6
12688,OA-ASM1,2189.2
10041,OA-VUMa1,2189.7999999999997
11608,OA-VUMa2,2190.1
10187,OA-VPM3,2190.6000000000004
11602,OA-ASM1,2190.6000000000004
10168,OA-VUMa6,2191.4
10120,OA-VPM4,2192.2000000000003
11005,OA-VUMa4,2192.2000000000003
10825,OA-AL2i3,2192.2999999999997
10658,OA-AL2i3,2193.2
10185,OA-VUMa8,2193.3
10175,OA-VUMa6,2193.4
10204,OA-AL2i2,2193.9
10011,OA-AL2i1,2194.0
10072,OA-AL2i1,2194.8
10226,OA-AL2i3,2195.1
12109,OA-VUMa2,2195.4
10322,OA-AL2i2,2195.5
10080,OA-VUMa3,2195.6000000000004
11921,OA-VPM4,2196.5
10687,OA-AL2i3,2196.6
10110,OA-VUMa1,2197.0
10652,OA-AL2i4,2197.2
12896,OA-VUMa5,2197.5
10265,OA-AL2i2,2198.0
10799,OA-VUMa4,2198.6
10269,OA-AL2i2,2200.1
53065,Mi1,2200.1
286259,OA-ASM1,2200.1
287884,OA-VPM3,2200.2999999999997
10041,OA-VUMa1,2200.5
10677,OA-AL2i4,2200.7000000000003
11264,OA-ASM1,2201.7999999999997
11608,OA-VUMa2,2202.0
12688,OA-ASM1,2202.1
10187,OA-VPM3,2202.7000000000003
10168,OA-VUMa6,2203.4
11602,OA-ASM1,2203.4
11005,OA-VUMa4,2203.6000000000004
10555,OA-VUMa3,2203.7
10825,OA-AL2i3,2204.6
10120,OA-VPM4,2204.9
10175,OA-VUMa6,2205.1000000000004
10658,OA-AL2i3,2205.2
10072,OA-AL2i1,2205.3
10185,OA-VUMa8,2205.3
10011,OA-AL2i1,2205.9
12109,OA-VUMa2,2206.6
10322,OA-AL2i2,2207.0000000000005
10110,OA-VUMa1,2207.1
10226,OA-AL2i3,2207.6000000000004
10204,OA-AL2i2,2207.7
10080,OA-VUMa3,2208.0
12896,OA-VUMa5,2208.5
10687,OA-AL2i3,2208.9
10041,OA-VUMa1,2210.2
11921,OA-VPM4,2210.3
10652,OA-AL2i4,2210.5
10265,OA-AL2i2,2210.5
10799,OA-VUMa4,2211.7
10269,OA-AL2i2,2211.9
287884,OA-VPM3,2212.9
10677,OA-AL2i4,2213.0
11608,OA-VUMa2,2213.1000000000004
286259,OA-ASM1,2213.2
53065,Mi1,2214.2
10168,OA-VUMa6,2214.5
10187,OA-VPM3,2215.2000000000003
12688,OA-ASM1,2215.4
11005,OA-VUMa4,2215.5
11264,OA-ASM1,2216.1
10555,OA-VUMa3,2216.9
10175,OA-VUMa6,2217.0
10825,OA-AL2i3,2217.0
11602,OA-ASM1,2217.1000000000004
10011,OA-AL2i1,2217.3
10072,OA-AL2i1,2217.5
10185,OA-VUMa8,2217.5
12109,OA-VUMa2,2217.5
10120,OA-VPM4,2217.6
10658,OA-AL2i3,2218.0
10110,OA-VUMa1,2218.2
12896,OA-VUMa5,2218.5
10226,OA-AL2i3,2218.7000000000003
10322,OA-AL2i2,2218.9
10080,OA-VUMa3,2220.4
10687,OA-AL2i3,2220.7
10041,OA-VUMa1,2220.9
10204,OA-AL2i2,2221.4
10265,OA-AL2i2,2222.3
10652,OA-AL2i4,2222.4
11608,OA-VUMa2,2223.2000000000003
10269,OA-AL2i2,2223.3
11921,OA-VPM4,2224.8
10168,OA-VUMa6,2224.8
10799,OA-VUMa4,2225.2
287884,OA-VPM3,2225.5
10677,OA-AL2i4,2226.0
11005,OA-VUMa4,2227.0000000000005
10072,OA-AL2i1,2227.3
286259,OA-ASM1,2227.5
53065,Mi1,2227.7
12688,OA-ASM1,2227.7
10187,OA-VPM3,2228.2999999999997
12109,OA-VUMa2,2228.5
11264,OA-ASM1,2228.7
10175,OA-VUMa6,2228.9
10658,OA-AL2i3,2229.0
10825,OA-AL2i3,2229.0
10185,OA-VUMa8,2229.5
10011,OA-AL2i1,2229.5
10110,OA-VUMa1,2229.7000000000003
10555,OA-VUMa3,2229.9
10120,OA-VPM4,2231.1
11602,OA-ASM1,2231.3
12896,OA-VUMa5,2231.3
10226,OA-AL2i3,2231.7
10322,OA-AL2i2,2231.7
10041,OA-VUMa1,2232.1
10080,OA-VUMa3,2232.6
10687,OA-AL2i3,2233.8
11608,OA-VUMa2,2233.9
10204,OA-AL2i2,2234.0
10652,OA-AL2i4,2234.7000000000003
10265,OA-AL2i2,2234.7999999999997
10269,OA-AL2i2,2235.7
10168,OA-VUMa6,2237.1000000000004
10799,OA-VUMa4,2237.1000000000004
287884,OA-VPM3,2238.3
10677,OA-AL2i4,2238.3
11921,OA-VPM4,2238.7000000000003
10072,OA-AL2i1,2239.1
11005,OA-VUMa4,2239.4
10187,OA-VPM3,2240.5
12688,OA-ASM1,2240.7
10658,OA-AL2i3,2240.8
10825,OA-AL2i3,2240.8
10175,OA-VUMa6,2240.8999999999996
10011,OA-AL2i1,2241.0
286259,OA-ASM1,2241.1000000000004
12109,OA-VUMa2,2241.1000000000004
10110,OA-VUMa1,2242.0
53065,Mi1,2242.1000000000004
10041,OA-VUMa1,2242.7999999999997
10185,OA-VUMa8,2242.7999999999997
12896,OA-VUMa5,2243.0000000000005
11264,OA-ASM1,2243.1
10322,OA-AL2i2,2243.4
10555,OA-VUMa3,2243.7
10226,OA-AL2i3,2243.8
10120,OA-VPM4,2244.4
11602,OA-ASM1,2245.0
10080,OA-VUMa3,2245.4
11608,OA-VUMa2,2245.8
10204,OA-AL2i2,2246.4
10687,OA-AL2i3,2246.4
10265,OA-AL2i2,2246.7000000000003
10652,OA-AL2i4,2247.1
10269,OA-AL2i2,2248.2999999999997
10168,OA-VUMa6,2248.2999999999997
10799,OA-VUMa4,2249.2
11005,OA-VUMa4,2250.1000000000004
10072,OA-AL2i1,2250.5
10677,OA-AL2i4,2251.1
287884,OA-VPM3,2251.8
10658,OA-AL2i3,2252.2999999999997
12109,OA-VUMa2,2252.2999999999997
10175,OA-VUMa6,2252.7
10011,OA-AL2i1,2252.8999999999996
10110,OA-VUMa1,2253.0
10187,OA-VPM3,2253.4
12688,OA-ASM1,2253.6
11921,OA-VPM4,2254.1000000000004
12896,OA-VUMa5,2254.2
10825,OA-AL2i3,2254.7000000000003
10041,OA-VUMa1,2254.7999999999997
10226,OA-AL2i3,2255.4
10185,OA-VUMa8,2255.5
286259,OA-ASM1,2255.5
53065,Mi1,2255.8
10322,OA-AL2i2,2256.1
11608,OA-VUMa2,2256.6
10120,OA-VPM4,2257.1000000000004
11264,OA-ASM1,2257.2000000000003
10080,OA-VUMa3,2258.4
10555,OA-VUMa3,2258.7999999999997
10687,OA-AL2i3,2259.2000000000003
10269,OA-AL2i2,2259.3
11602,OA-ASM1,2259.4
10652,OA-AL2i4,2259.6000000000004
10204,OA-AL2i2,2259.8
10168,OA-VUMa6,2259.9
10265,OA-AL2i2,2260.0
10799,OA-VUMa4,2261.6
11005,OA-VUMa4,2262.5
10658,OA-AL2i3,2262.5
12109,OA-VUMa2,2262.7000000000003
10110,OA-VUMa1,2263.3
10072,OA-AL2i1,2263.5
10677,OA-AL2i4,2263.8
287884,OA-VPM3,2263.9
10011,OA-AL2i1,2264.2000000000003
10175,OA-VUMa6,2264.4
12896,OA-VUMa5,2265.8
12688,OA-ASM1,2265.9
10187,OA-VPM3,2266.4
10041,OA-VUMa1,2266.5
10185,OA-VUMa8,2266.5
10226,OA-AL2i3,2267.0
10120,OA-VPM4,2268.1
11608,OA-VUMa2,2268.1
10825,OA-AL2i3,2268.6
11921,OA-VPM4,2269.0
286259,OA-ASM1,2269.1
10322,OA-AL2i2,2269.1
11264,OA-ASM1,2270.4
10168,OA-VUMa6,2271.4
10080,OA-VUMa3,2271.5
53065,Mi1,2271.5
10269,OA-AL2i2,2271.9
10652,OA-AL2i4,2271.9
10687,OA-AL2i3,2272.0
10555,OA-VUMa3,2272.2999999999997
10265,OA-AL2i2,2272.2999999999997
10110,OA-VUMa1,2273.0
11602,OA-ASM1,2273.5000000000005
12109,OA-VUMa2,2273.6
10799,OA-VUMa4,2274.2
10204,OA-AL2i2,2274.5
10658,OA-AL2i3,2274.6
11005,OA-VUMa4,2275.0
10175,OA-VUMa6,2275.6000000000004
10011,OA-AL2i1,2276.1
287884,OA-VPM3,2276.4
10677,OA-AL2i4,2276.7
10072,OA-AL2i1,2276.8
12896,OA-VUMa5,2277.0
10041,OA-VUMa1,2277.2000000000003
10226,OA-AL2i3,2278.3
12688,OA-ASM1,2278.5
11608,OA-VUMa2,2279.0
10185,OA-VUMa8,2279.1
10187,OA-VPM3,2279.5
10120,OA-VPM4,2280.2000000000003
10322,OA-AL2i2,2280.4
10825,OA-AL2i3,2280.4
11921,OA-VPM4,2282.2
286259,OA-ASM1,2282.5
10110,OA-VUMa1,2283.0
10168,OA-VUMa6,2283.3
11264,OA-ASM1,2283.7
10269,OA-AL2i2,2283.8
10687,OA-AL2i3,2284.2000000000003
10652,OA-AL2i4,2284.7
10080,OA-VUMa3,2284.8
10555,OA-VUMa3,2284.9
12109,OA-VUMa2,2285.0
10265,OA-AL2i2,2285.4
10658,OA-AL2i3,2286.1000000000004
11602,OA-ASM1,2286.3
10799,OA-VUMa4,2286.7999999999997
10175,OA-VUMa6,2287.0
53065,Mi1,2287.0
11005,OA-VUMa4,2287.3
10204,OA-AL2i2,2287.5
10011,OA-AL2i1,2287.7
12896,OA-VUMa5,2287.9
287884,OA-VPM3,2288.4
10041,OA-VUMa1,2288.5
10072,OA-AL2i1,2289.5000000000005
10677,OA-AL2i4,2289.5000000000005
11608,OA-VUMa2,2290.2
10226,OA-AL2i3,2290.3
12688,OA-ASM1,2290.5
10185,OA-VUMa8,2291.3
10187,OA-VPM3,2291.7
10120,OA-VPM4,2291.9
10322,OA-AL2i2,2292.4
10825,OA-AL2i3,2293.1
10110,OA-VUMa1,2294.1000000000004
10168,OA-VUMa6,2295.2
10269,OA-AL2i2,2295.2
286259,OA-ASM1,2295.6000000000004
10687,OA-AL2i3,2295.9
12109,OA-VUMa2,2296.3
11921,OA-VPM4,2296.7
11264,OA-ASM1,2296.9
10652,OA-AL2i4,2297.2999999999997
10658,OA-AL2i3,2297.9
10555,OA-VUMa3,2298.3
10265,OA-AL2i2,2298.6
10080,OA-VUMa3,2298.7000000000003
10175,OA-VUMa6,2299.3999999999996
11602,OA-ASM1,2299.5
10041,OA-VUMa1,2299.6000000000004
10072,OA-AL2i1,2299.7
11005,OA-VUMa4,2299.9
12896,OA-VUMa5,2300.3
10799,OA-VUMa4,2300.4
10011,OA-AL2i1,2300.9
11608,OA-VUMa2,2301.2000000000003
287884,OA-VPM3,2301.2999999999997
10226,OA-AL2i3,2301.5000000000005
10204,OA-AL2i2,2301.6
10677,OA-AL2i4,2301.8
10185,OA-VUMa8,2302.7999999999997
53065,Mi1,2303.2
12688,OA-ASM1,2303.5
10322,OA-AL2i2,2304.0
10187,OA-VPM3,2304.5
10110,OA-VUMa1,2304.7
10120,OA-VPM4,2304.9
10825,OA-AL2i3,2306.4
10687,OA-AL2i3,2307.3
10168,OA-VUMa6,2307.3
12109,OA-VUMa2,2307.5
10269,OA-AL2i2,2307.6000000000004
10658,OA-AL2i3,2309.0
286259,OA-ASM1,2309.1
10652,OA-AL2i4,2309.4
11921,OA-VPM4,2310.9
10041,OA-VUMa1,2311.0
11005,OA-VUMa4,2311.3
10265,OA-AL2i2,2311.5
10555,OA-VUMa3,2311.5
12896,OA-VUMa5,2311.5
10072,OA-AL2i1,2311.7
10080,OA-VUMa3,2311.7
10175,OA-VUMa6,2311.7
11264,OA-ASM1,2311.7
11602,OA-ASM1,2312.3
287884,OA-VPM3,2312.6000000000004
10226,OA-AL2i3,2312.7
10011,OA-AL2i1,2313.5
11608,OA-VUMa2,2314.2
10799,OA-VUMa4,2314.3
10677,OA-AL2i4,2314.5
12688,OA-ASM1,2315.0
10110,OA-VUMa1,2315.1
10185,OA-VUMa8,2315.1
10204,OA-AL2i2,2315.8
10322,OA-AL2i2,2316.1
53065,Mi1,2316.9
10187,OA-VPM3,2317.7000000000003
10120,OA-VPM4,2317.9
12109,OA-VUMa2,2318.3
10168,OA-VUMa6,2318.7999999999997
10825,OA-AL2i3,2319.7000000000003
10269,OA-AL2i2,2320.2000000000003
10658,OA-AL2i3,2320.7
10687,OA-AL2i3,2320.9
10041,OA-VUMa1,2321.2000000000003
10652,OA-AL2i4,2322.0
10175,OA-VUMa6,2323.0
12896,OA-VUMa5,2323.1
10072,OA-AL2i1,2323.5
286259,OA-ASM1,2323.6000000000004
11005,OA-VUMa4,2324.0000000000005
10555,OA-VUMa3,2324.5
11921,OA-VPM4,2324.8
11264,OA-ASM1,2324.9
10226,OA-AL2i3,2325.0
10265,OA-AL2i2,2325.0
10080,OA-VUMa3,2325.1
10011,OA-AL2i1,2325.2999999999997
287884,OA-VPM3,2325.2999999999997
11602,OA-ASM1,2325.6
11608,OA-VUMa2,2326.1000000000004
10677,OA-AL2i4,2326.3
10110,OA-VUMa1,2326.6
10185,OA-VUMa8,2326.9
12688,OA-ASM1,2327.3
10799,OA-VUMa4,2327.7000000000003
10204,OA-AL2i2,2328.3
10322,OA-AL2i2,2328.7
12109,OA-VUMa2,2329.1
10187,OA-VPM3,2330.1000000000004
10168,OA-VUMa6,2330.9
10120,OA-VPM4,2331.0
53065,Mi1,2331.2
10658,OA-AL2i3,2331.3
10041,OA-VUMa1,2331.5
10269,OA-AL2i2,2332.0000000000005
10825,OA-AL2i3,2332.1
10072,OA-AL2i1,2332.7
10687,OA-AL2i3,2333.2000000000003
10652,OA-AL2i4,2334.1000000000004
12896,OA-VUMa5,2334.2
10175,OA-VUMa6,2335.0
286259,OA-ASM1,2335.7000000000003
11005,OA-VUMa4,2336.2000000000003
10226,OA-AL2i3,2336.7
10011,OA-AL2i1,2337.6
11921,OA-VPM4,2337.7000000000003
287884,OA-VPM3,2337.8
10080,OA-VUMa3,2337.9
11608,OA-VUMa2,2337.9
10110,OA-VUMa1,2338.0
11602,OA-ASM1,2338.2
10265,OA-AL2i2,2338.5
11264,OA-ASM1,2338.7000000000003
10555,OA-VUMa3,2338.9
12688,OA-ASM1,2338.9
10185,OA-VUMa8,2340.0000000000005
10677,OA-AL2i4,2340.3
12109,OA-VUMa2,2340.6000000000004
10799,OA-VUMa4,2341.1
10322,OA-AL2i2,2341.1
10041,OA-VUMa1,2342.1000000000004
10072,OA-AL2i1,2342.2
10204,OA-AL2i2,2342.3
10658,OA-AL2i3,2342.3
10168,OA-VUMa6,2342.7000000000003
10187,OA-VPM3,2343.3
10269,OA-AL2i2,2344.4
10120,OA-VPM4,2344.5
53065,Mi1,2344.8
12896,OA-VUMa5,2345.2000000000003
10825,OA-AL2i3,2345.4
10687,OA-AL2i3,2346.4
10175,OA-VUMa6,2346.7000000000003
10652,OA-AL2i4,2347.3
11005,OA-VUMa4,2348.0000000000005
10110,OA-VUMa1,2348.1
286259,OA-ASM1,2348.4
10226,OA-AL2i3,2348.6000000000004
11608,OA-VUMa2,2349.2000000000003
10011,OA-AL2i1,2350.0
10265,OA-AL2i2,2350.3
11602,OA-ASM1,2350.4
10080,OA-VUMa3,2350.7999999999997
12688,OA-ASM1,2351.0
287884,OA-VPM3,2351.2
10072,OA-AL2i1,2351.7000000000003
12109,OA-VUMa2,2351.8
10041,OA-VUMa1,2351.9
10185,OA-VUMa8,2351.9
10677,OA-AL2i4,2352.5
10322,OA-AL2i2,2352.7
10799,OA-VUMa4,2353.2000000000003
11264,OA-ASM1,2353.2000000000003
11921,OA-VPM4,2353.2000000000003
10658,OA-AL2i3,2353.5
10555,OA-VUMa3,2353.9
10168,OA-VUMa6,2354.4
10204,OA-AL2i2,2354.7000000000003
10269,OA-AL2i2,2355.7999999999997
10187,OA-VPM3,2356.9
12896,OA-VUMa5,2357.0
10120,OA-VPM4,2357.5
10175,OA-VUMa6,2357.5
10825,OA-AL2i3,2358.8
10110,OA-VUMa1,2358.8
10687,OA-AL2i3,2359.2
10226,OA-AL2i3,2359.7000000000003
10652,OA-AL2i4,2360.1
53065,Mi1,2360.3
11608,OA-VUMa2,2360.5
11005,OA-VUMa4,2360.6000000000004
286259,OA-ASM1,2361.9
10265,OA-AL2i2,2362.1000000000004
10011,OA-AL2i1,2362.3
10072,OA-AL2i1,2362.6
12109,OA-VUMa2,2362.8
12688,OA-ASM1,2363.2
287884,OA-VPM3,2363.2
10041,OA-VUMa1,2363.3
11602,OA-ASM1,2363.3
10080,OA-VUMa3,2364.0000000000005
10322,OA-AL2i2,2364.5
10185,OA-VUMa8,2364.7
10168,OA-VUMa6,2365.2000000000003
10658,OA-AL2i3,2365.8999999999996
10677,OA-AL2i4,2366.3
10799,OA-VUMa4,2366.6
10269,OA-AL2i2,2366.9
11264,OA-ASM1,2366.9
11921,OA-VPM4,2366.9
10204,OA-AL2i2,2367.2
10555,OA-VUMa3,2367.5
12896,OA-VUMa5,2367.7999999999997
10187,OA-VPM3,2369.2000000000003
10120,OA-VPM4,2369.8
10175,OA-VUMa6,2369.8999999999996
10110,OA-VUMa1,2370.9
10072,OA-AL2i1,2371.0
10226,OA-AL2i3,2371.1000000000004
10825,OA-AL2i3,2371.5
10687,OA-AL2i3,2371.7999999999997
11005,OA-VUMa4,2372.4
11608,OA-VUMa2,2372.5
10652,OA-AL2i4,2372.6000000000004
12109,OA-VUMa2,2374.2
53065,Mi1,2374.2
10011,OA-AL2i1,2374.6
10041,OA-VUMa1,2374.6
10265,OA-AL2i2,2374.7000000000003
287884,OA-VPM3,2375.4
12688,OA-ASM1,2375.5
11602,OA-ASM1,2375.5
286259,OA-ASM1,2376.2000000000003
10322,OA-AL2i2,2376.3
10168,OA-VUMa6,2376.7
10080,OA-VUMa3,2377.1
10658,OA-AL2i3,2377.6
10185,OA-VUMa8,2377.8
12896,OA-VUMa5,2378.2
10677,OA-AL2i4,2379.3
10204,OA-AL2i2,2379.7000000000003
10269,OA-AL2i2,2379.7000000000003
10799,OA-VUMa4,2380.0
11264,OA-ASM1,2380.4
11921,OA-VPM4,2380.4
10072,OA-AL2i1,2380.5
10110,OA-VUMa1,2381.0
10555,OA-VUMa3,2381.2999999999997
10120,OA-VPM4,2381.6
10175,OA-VUMa6,2382.0
10226,OA-AL2i3,2382.0
10187,OA-VPM3,2382.3
10825,OA-AL2i3,2383.9
11608,OA-VUMa2,2384.0
10687,OA-AL2i3,2384.2000000000003
10041,OA-VUMa1,2384.4
11005,OA-VUMa4,2384.5
10652,OA-AL2i4,2385.2000000000003
10011,OA-AL2i1,2386.3
12109,OA-VUMa2,2386.3
10322,OA-AL2i2,2387.6
11602,OA-ASM1,2387.7000000000003
10265,OA-AL2i2,2387.7999999999997
53065,Mi1,2387.7999999999997
12688,OA-ASM1,2388.1
12896,OA-VUMa5,2388.6000000000004
287884,OA-VPM3,2388.6000000000004
10168,OA-VUMa6,2388.6000000000004
10658,OA-AL2i3,2389.1
10185,OA-VUMa8,2389.2999999999997
286259,OA-ASM1,2389.7
10072,OA-AL2i1,2390.2000000000003
10110,OA-VUMa1,2390.9
10080,OA-VUMa3,2391.1000000000004
10269,OA-AL2i2,2392.2000000000003
10799,OA-VUMa4,2392.7
10677,OA-AL2i4,2392.8
10204,OA-AL2i2,2393.2999999999997
10175,OA-VUMa6,2393.5
10226,OA-AL2i3,2393.7
11264,OA-ASM1,2393.9
10555,OA-VUMa3,2394.3
10120,OA-VPM4,2394.5000000000005
10041,OA-VUMa1,2394.6
11921,OA-VPM4,2394.6
11608,OA-VUMa2,2395.5
10187,OA-VPM3,2395.6
11005,OA-VUMa4,2396.2000000000003
10687,OA-AL2i3,2396.6000000000004
10825,OA-AL2i3,2397.2000000000003
12109,OA-VUMa2,2397.2999999999997
10011,OA-AL2i1,2398.1
10652,OA-AL2i4,2398.1
10322,OA-AL2i2,2399.5
10265,OA-AL2i2,2399.7000000000003
12896,OA-VUMa5,2399.9
10072,OA-AL2i1,2400.2000000000003
11602,OA-ASM1,2400.3
12688,OA-ASM1,2400.8
10658,OA-AL2i3,2401.2000000000003
10185,OA-VUMa8,2401.5
287884,OA-VPM3,2401.7
286259,OA-ASM1,2402.0
10168,OA-VUMa6,2402.1
10110,OA-VUMa1,2402.2000000000003
53065,Mi1,2402.3
10269,OA-AL2i2,2403.7000000000003
10175,OA-VUMa6,2404.4
10677,OA-AL2i4,2404.4
10080,OA-VUMa3,2405.0
10799,OA-VUMa4,2405.0
10226,OA-AL2i3,2405.2999999999997
10041,OA-VUMa1,2405.6
10204,OA-AL2i2,2405.7
11608,OA-VUMa2,2407.1000000000004
10120,OA-VPM4,2407.6
11005,OA-VUMa4,2407.7000000000003
10555,OA-VUMa3,2407.7999999999997
12109,OA-VUMa2,2407.7999999999997
11264,OA-ASM1,2407.9
11921,OA-VPM4,2408.2
10187,OA-VPM3,2409.2999999999997
10687,OA-AL2i3,2409.8
10011,OA-AL2i1,2409.9
10072,OA-AL2i1,2410.2000000000003
10652,OA-AL2i4,2410.3
12896,OA-VUMa5,2410.9
10825,OA-AL2i3,2411.7999999999997
10322,OA-AL2i2,2411.9
10265,OA-AL2i2,2412.3
11602,OA-ASM1,2413.2999999999997
10110,OA-VUMa1,2413.6000000000004
10658,OA-AL2i3,2413.7
12688,OA-ASM1,2413.9
10168,OA-VUMa6,2414.1
287884,OA-VPM3,2414.2000000000003
10185,OA-VUMa8,2414.3
10269,OA-AL2i2,2414.9
10175,OA-VUMa6,2415.1000000000004
286259,OA-ASM1,2415.7000000000003
53065,Mi1,2416.6000000000004
10226,OA-AL2i3,2416.6000000000004
10041,OA-VUMa1,2416.9
10080,OA-VUMa3,2417.2000000000003
11608,OA-VUMa2,2417.7
10677,OA-AL2i4,2418.0
10204,OA-AL2i2,2418.2000000000003
10799,OA-VUMa4,2418.4
11005,OA-VUMa4,2419.0
12109,OA-VUMa2,2419.2
10120,OA-VPM4,2420.0
10555,OA-VUMa3,2420.2
10072,OA-AL2i1,2420.5
11921,OA-VPM4,2421.0
11264,OA-ASM1,2421.2000000000003
10687,OA-AL2i3,2421.4
12896,OA-VUMa5,2421.5
10011,OA-AL2i1,2421.6000000000004
10187,OA-VPM3,2422.7000000000003
10652,OA-AL2i4,2423.2
10322,OA-AL2i2,2423.6
10265,OA-AL2i2,2424.3
10825,OA-AL2i3,2424.5
10110,OA-VUMa1,2425.0
10168,OA-VUMa6,2425.3
10658,OA-AL2i3,2425.9
11602,OA-ASM1,2426.2999999999997
10185,OA-VUMa8,2426.6
10269,OA-AL2i2,2426.7000000000003
10175,OA-VUMa6,2427.1000000000004
10041,OA-VUMa1,2427.5
12688,OA-ASM1,2427.5
287884,OA-VPM3,2427.9
10226,OA-AL2i3,2428.1
286259,OA-ASM1,2428.6000000000004
11608,OA-VUMa2,2429.1
10677,OA-AL2i4,2430.2000000000003
10080,OA-VUMa3,2430.4
12109,OA-VUMa2,2431.1000000000004
53065,Mi1,2431.1000000000004
11005,OA-VUMa4,2431.2
10799,OA-VUMa4,2431.5
10072,OA-AL2i1,2431.6
10120,OA-VPM4,2431.9
10204,OA-AL2i2,2432.0
12896,OA-VUMa5,2432.0
10011,OA-AL2i1,2433.3
10555,OA-VUMa3,2433.9
10687,OA-AL2i3,2434.1
11921,OA-VPM4,2434.2999999999997
11264,OA-ASM1,2434.6
10322,OA-AL2i2,2435.2
10187,OA-VPM3,2435.5
10652,OA-AL2i4,2435.9
10110,OA-VUMa1,2436.1
10265,OA-AL2i2,2436.7
10168,OA-VUMa6,2437.5
10825,OA-AL2i3,2437.5
10658,OA-AL2i3,2438.0
10175,OA-VUMa6,2438.9
10269,OA-AL2i2,2439.0
10185,OA-VUMa8,2439.4
11602,OA-ASM1,2439.5
10041,OA-VUMa1,2439.9
11608,OA-VUMa2,2440.0
10226,OA-AL2i3,2440.1
12688,OA-ASM1,2441.1
286259,OA-ASM1,2442.0
287884,OA-VPM3,2442.2999999999997
12109,OA-VUMa2,2443.0
10080,OA-VUMa3,2443.2
10120,OA-VPM4,2443.7000000000003
12896,OA-VUMa5,2443.7000000000003
10072,OA-AL2i1,2444.0
10677,OA-AL2i4,2444.1
10011,OA-AL2i1,2444.7
10799,OA-VUMa4,2444.7
11005,OA-VUMa4,2445.1
53065,Mi1,2445.4
10687,OA-AL2i3,2446.2000000000003
10322,OA-AL2i2,2446.2999999999997
10204,OA-AL2i2,2446.4
10110,OA-VUMa1,2446.9
11264,OA-ASM1,2447.0
10555,OA-VUMa3,2447.7999999999997
10187,OA-VPM3,2448.5
11921,OA-VPM4,2448.5
10265,OA-AL2i2,2448.6000000000004
10652,OA-AL2i4,2448.9
10825,OA-AL2i3,2449.0000000000005
10658,OA-AL2i3,2449.5
10168,OA-VUMa6,2449.5
10175,OA-VUMa6,2450.4
10269,OA-AL2i2,2450.7000000000003
10185,OA-VUMa8,2450.9
10041,OA-VUMa1,2451.0
11602,OA-ASM1,2451.3
11608,OA-VUMa2,2451.6
10226,OA-AL2i3,2451.9
12688,OA-ASM1,2453.8
10072,OA-AL2i1,2454.0
12109,OA-VUMa2,2454.4
286259,OA-ASM1,2455.2
12896,OA-VUMa5,2455.6
10080,OA-VUMa3,2455.7000000000003
10120,OA-VPM4,2456.3
287884,OA-VPM3,2456.4
10011,OA-AL2i1,2456.9
10110,OA-VUMa1,2457.4
10799,OA-VUMa4,2457.5
10677,OA-AL2i4,2457.8
10687,OA-AL2i3,2458.0
11005,OA-VUMa4,2458.0
10322,OA-AL2i2,2459.2
53065,Mi1,2459.3
11264,OA-ASM1,2459.6
10555,OA-VUMa3,2459.7000000000003
10204,OA-AL2i2,2459.9
10187,OA-VPM3,2460.2
10265,OA-AL2i2,2460.8
10658,OA-AL2i3,2460.9
10168,OA-VUMa6,2461.2000000000003
10825,OA-AL2i3,2461.4
10041,OA-VUMa1,2461.9
10175,OA-VUMa6,2462.0
10652,OA-AL2i4,2462.0
10269,OA-AL2i2,2462.8
11921,OA-VPM4,2462.8
10226,OA-AL2i3,2463.4
10072,OA-AL2i1,2463.7999999999997
10185,OA-VUMa8,2463.9
11602,OA-ASM1,2464.1
11608,OA-VUMa2,2464.1
12109,OA-VUMa2,2465.5
12688,OA-ASM1,2466.9
12896,OA-VUMa5,2468.1
286259,OA-ASM1,2468.1
10080,OA-VUMa3,2468.1
10011,OA-AL2i1,2468.2
10110,OA-VUMa1,2468.4
287884,OA-VPM3,2469.3
10120,OA-VPM4,2469.4
10677,OA-AL2i4,2470.5
10799,OA-VUMa4,2470.5
11005,OA-VUMa4,2470.7000000000003
10687,OA-AL2i3,2470.9
10322,OA-AL2i2,2471.7999999999997
11264,OA-ASM1,2472.3
10041,OA-VUMa1,2472.4
10204,OA-AL2i2,2472.7000000000003
10168,OA-VUMa6,2472.9
10187,OA-VPM3,2472.9
10658,OA-AL2i3,2473.1
10555,OA-VUMa3,2473.4
10072,OA-AL2i1,2473.9
10265,OA-AL2i2,2474.2999999999997
10825,OA-AL2i3,2474.4
10175,OA-VUMa6,2474.5
10269,OA-AL2i2,2474.7
53065,Mi1,2474.9
11608,OA-VUMa2,2475.0
10226,OA-AL2i3,2475.2
10185,OA-VUMa8,2475.4
10652,OA-AL2i4,2475.6
11602,OA-ASM1,2475.7999999999997
11921,OA-VPM4,2477.5
12109,OA-VUMa2,2477.6000000000004
10011,OA-AL2i1,2479.0
10110,OA-VUMa1,2479.1000000000004
12896,OA-VUMa5,2479.1000000000004
12688,OA-ASM1,2479.6
10120,OA-VPM4,2480.7000000000003
286259,OA-ASM1,2481.8
287884,OA-VPM3,2482.0
10080,OA-VUMa3,2482.4
10041,OA-VUMa1,2482.7
11005,OA-VUMa4,2482.8
10687,OA-AL2i3,2482.9
10677,OA-AL2i4,2483.6
10658,OA-AL2i3,2483.7000000000003
10072,OA-AL2i1,2484.5
11264,OA-ASM1,2484.5
10799,OA-VUMa4,2484.7000000000003
10168,OA-VUMa6,2484.9
10187,OA-VPM3,2485.0000000000005
10322,OA-AL2i2,2485.6000000000004
10204,OA-AL2i2,2486.2999999999997
10555,OA-VUMa3,2486.2999999999997
10825,OA-AL2i3,2486.4
10175,OA-VUMa6,2486.5
11608,OA-VUMa2,2486.8
10269,OA-AL2i2,2486.9
10226,OA-AL2i3,2486.9
10185,OA-VUMa8,2487.1000000000004
10265,OA-AL2i2,2487.4
11602,OA-ASM1,2488.7000000000003
10652,OA-AL2i4,2488.7999999999997
12109,OA-VUMa2,2489.1
53065,Mi1,2489.8
10110,OA-VUMa1,2489.8
10011,OA-AL2i1,2490.2999999999997
12896,OA-VUMa5,2491.8
12688,OA-ASM1,2492.2
10041,OA-VUMa1,2492.7999999999997
11921,OA-VPM4,2493.1
10120,OA-VPM4,2493.2000000000003
10658,OA-AL2i3,2494.8
11005,OA-VUMa4,2495.2
286259,OA-ASM1,2495.2
10687,OA-AL2i3,2495.3
287884,OA-VPM3,2495.7000000000003
10080,OA-VUMa3,2495.8
10168,OA-VUMa6,2496.4
10072,OA-AL2i1,2496.6
10677,OA-AL2i4,2496.7999999999997
10799,OA-VUMa4,2497.5
10187,OA-VPM3,2497.7
10322,OA-AL2i2,2498.1
11264,OA-ASM1,2498.2000000000003
11608,OA-VUMa2,2498.2000000000003
10226,OA-AL2i3,2498.5
10185,OA-VUMa8,2499.1000000000004
10825,OA-AL2i3,2499.1000000000004
10269,OA-AL2i2,2499.2
10265,OA-AL2i2,2499.5
10204,OA-AL2i2,2500.0
10555,OA-VUMa3,2500.0
12109,OA-VUMa2,2500.1000000000004
10175,OA-VUMa6,2500.3
10110,OA-VUMa1,2500.6
10011,OA-AL2i1,2501.4
10652,OA-AL2i4,2501.5
11602,OA-ASM1,2502.1
10041,OA-VUMa1,2502.8999999999996
12896,OA-VUMa5,2503.2
53065,Mi1,2503.5000000000005
12688,OA-ASM1,2504.0
10120,OA-VPM4,2506.0
11921,OA-VPM4,2506.2999999999997
11005,OA-VUMa4,2506.8999999999996
10658,OA-AL2i3,2507.0
10687,OA-AL2i3,2507.3
10072,OA-AL2i1,2507.4
10168,OA-VUMa6,2507.7000000000003
286259,OA-ASM1,2508.2
10677,OA-AL2i4,2509.3
287884,OA-VPM3,2509.6000000000004
10226,OA-AL2i3,2509.6000000000004
10080,OA-VUMa3,2509.7
10187,OA-VPM3,2509.9
10322,OA-AL2i2,2509.9
11608,OA-VUMa2,2509.9
11264,OA-ASM1,2510.5
10799,OA-VUMa4,2511.4
12109,OA-VUMa2,2511.4
10110,OA-VUMa1,2511.6
10825,OA-AL2i3,2511.7000000000003
10265,OA-AL2i2,2511.7000000000003
10185,OA-VUMa8,2511.8
10175,OA-VUMa6,2512.4
10269,OA-AL2i2,2512.5
10011,OA-AL2i1,2512.9
10555,OA-VUMa3,2513.2000000000003
10204,OA-AL2i2,2513.8
10652,OA-AL2i4,2513.8
10041,OA-VUMa1,2514.0
11602,OA-ASM1,2514.5
12896,OA-VUMa5,2515.2000000000003
12688,OA-ASM1,2516.4
53065,Mi1,2517.4
10120,OA-VPM4,2518.5
10168,OA-VUMa6,2518.8
11005,OA-VUMa4,2519.0
10658,OA-AL2i3,2519.6
11921,OA-VPM4,2519.8
10687,OA-AL2i3,2519.8
10072,OA-AL2i1,2520.3
286259,OA-ASM1,2521.0
10322,OA-AL2i2,2521.3
10226,OA-AL2i3,2521.4
10677,OA-AL2i4,2521.6000000000004
11608,OA-VUMa2,2521.8
10080,OA-VUMa3,2522.4
10187,OA-VPM3,2522.5
287884,OA-VPM3,2522.8
10110,OA-VUMa1,2523.3
11264,OA-ASM1,2523.3
12109,OA-VUMa2,2523.6
10265,OA-AL2i2,2523.9
10175,OA-VUMa6,2524.4
10185,OA-VUMa8,2524.4
10011,OA-AL2i1,2524.5
10269,OA-AL2i2,2524.6
10825,OA-AL2i3,2524.9
10799,OA-VUMa4,2524.9
10041,OA-VUMa1,2525.2000000000003
12896,OA-VUMa5,2526.2999999999997
10204,OA-AL2i2,2526.6
10555,OA-VUMa3,2526.6
10652,OA-AL2i4,2527.2000000000003
11602,OA-ASM1,2527.5000000000005
12688,OA-ASM1,2529.6000000000004
11005,OA-VUMa4,2530.0
10168,OA-VUMa6,2530.5
10120,OA-VPM4,2530.5
53065,Mi1,2531.5000000000005
10687,OA-AL2i3,2531.6
10658,OA-AL2i3,2531.7000000000003
10072,OA-AL2i1,2532.5
11608,OA-VUMa2,2532.7999999999997
10322,OA-AL2i2,2533.7
11921,OA-VPM4,2533.7
10226,OA-AL2i3,2534.4
10110,OA-VUMa1,2534.6
286259,OA-ASM1,2535.0
10080,OA-VUMa3,2535.7000000000003
10677,OA-AL2i4,2535.8
10175,OA-VUMa6,2535.9
10011,OA-AL2i1,2536.0
10185,OA-VUMa8,2536.0
11264,OA-ASM1,2536.3
10265,OA-AL2i2,2536.3
10187,OA-VPM3,2536.3
12109,OA-VUMa2,2536.4
10825,OA-AL2i3,2536.6
10041,OA-VUMa1,2536.7999999999997
10799,OA-VUMa4,2536.9
287884,OA-VPM3,2537.1
10269,OA-AL2i2,2537.4
12896,OA-VUMa5,2537.7
10555,OA-VUMa3,2539.8
10204,OA-AL2i2,2539.8
11602,OA-ASM1,2540.1000000000004
10652,OA-AL2i4,2540.2
12688,OA-ASM1,2541.5
11005,OA-VUMa4,2541.9
10072,OA-AL2i1,2542.2999999999997
10168,OA-VUMa6,2542.6000000000004
10120,OA-VPM4,2542.7
10658,OA-AL2i3,2543.3
10687,OA-AL2i3,2543.6
11608,OA-VUMa2,2544.2
10110,OA-VUMa1,2544.7999999999997
10226,OA-AL2i3,2545.3
53065,Mi1,2545.8
10011,OA-AL2i1,2546.4
10175,OA-VUMa6,2546.5
10322,OA-AL2i2,2546.8
11921,OA-VPM4,2547.3
10041,OA-VUMa1,2548.2
10677,OA-AL2i4,2548.4
12109,OA-VUMa2,2548.6
286259,OA-ASM1,2548.7000000000003
10185,OA-VUMa8,2548.7999999999997
10265,OA-AL2i2,2548.7999999999997
10825,OA-AL2i3,2549.3
11264,OA-ASM1,2549.3
10080,OA-VUMa3,2549.3
12896,OA-VUMa5,2549.6000000000004
10187,OA-VPM3,2549.8
10799,OA-VUMa4,2551.1
10269,OA-AL2i2,2551.2999999999997
287884,OA-VPM3,2551.7000000000003
10652,OA-AL2i4,2552.7999999999997
10555,OA-VUMa3,2552.7999999999997
10204,OA-AL2i2,2552.9
11602,OA-ASM1,2553.3
10168,OA-VUMa6,2554.1
11005,OA-VUMa4,2554.1
10120,OA-VPM4,2554.2000000000003
12688,OA-ASM1,2554.2000000000003
10072,OA-AL2i1,2554.4
10658,OA-AL2i3,2555.2999999999997
10110,OA-VUMa1,2555.7000000000003
11608,OA-VUMa2,2555.7000000000003
10687,OA-AL2i3,2556.0
10226,OA-AL2i3,2557.2
10011,OA-AL2i1,2557.4
10175,OA-VUMa6,2557.9
10041,OA-VUMa1,2558.7
10322,OA-AL2i2,2558.8
53065,Mi1,2559.6
11921,OA-VPM4,2560.7000000000003
12109,OA-VUMa2,2560.7999999999997
10185,OA-VUMa8,2560.9
10265,OA-AL2i2,2561.3
10080,OA-VUMa3,2561.7
10677,OA-AL2i4,2561.7
12896,OA-VUMa5,2561.7
11264,OA-ASM1,2562.6000000000004
10187,OA-VPM3,2562.9
286259,OA-ASM1,2562.9
10269,OA-AL2i2,2563.4
10825,OA-AL2i3,2563.7000000000003
287884,OA-VPM3,2564.0
10168,OA-VUMa6,2565.0
10204,OA-AL2i2,2565.1
10555,OA-VUMa3,2565.3999999999996
10652,OA-AL2i4,2565.6000000000004
10120,OA-VPM4,2565.7
10799,OA-VUMa4,2565.7
10072,OA-AL2i1,2566.1
11005,OA-VUMa4,2566.2000000000003
11602,OA-ASM1,2566.4
10110,OA-VUMa1,2566.4
12688,OA-ASM1,2567.2999999999997
10658,OA-AL2i3,2567.7000000000003
11608,OA-VUMa2,2567.7000000000003
10226,OA-AL2i3,2568.9
10011,OA-AL2i1,2569.1
10041,OA-VUMa1,2569.5
10687,OA-AL2i3,2569.6000000000004
10175,OA-VUMa6,2569.7
10322,OA-AL2i2,2571.8
12109,OA-VUMa2,2572.1000000000004
10265,OA-AL2i2,2572.2
10185,OA-VUMa8,2572.9
11921,OA-VPM4,2573.8
11264,OA-ASM1,2574.3
53065,Mi1,2574.3
10080,OA-VUMa3,2574.4
12896,OA-VUMa5,2574.6000000000004
10187,OA-VPM3,2575.7000000000003
10677,OA-AL2i4,2576.0
10825,OA-AL2i3,2576.3
10110,OA-VUMa1,2576.7000000000003
10269,OA-AL2i2,2576.7000000000003
287884,OA-VPM3,2576.7000000000003
10204,OA-AL2i2,2576.7999999999997
10168,OA-VUMa6,2577.1
286259,OA-ASM1,2577.5
10555,OA-VUMa3,2577.7000000000003
10799,OA-VUMa4,2578.2000000000003
10120,OA-VPM4,2578.4
11005,OA-VUMa4,2578.7
11608,OA-VUMa2,2579.1
10658,OA-AL2i3,2579.2000000000003
10652,OA-AL2i4,2579.2999999999997
10072,OA-AL2i1,2579.5
11602,OA-ASM1,2579.5
12688,OA-ASM1,2579.6
10041,OA-VUMa1,2579.8
10011,OA-AL2i1,2580.6
10226,OA-AL2i3,2580.7999999999997
10687,OA-AL2i3,2581.0
10175,OA-VUMa6,2581.5
10322,OA-AL2i2,2583.4
12109,OA-VUMa2,2584.3
10265,OA-AL2i2,2584.4
10185,OA-VUMa8,2584.4
12896,OA-VUMa5,2586.5
10080,OA-VUMa3,2587.1
10110,OA-VUMa1,2587.1
11264,OA-ASM1,2587.5
10187,OA-VPM3,2587.9
11921,OA-VPM4,2588.1000000000004
10204,OA-AL2i2,2588.3
10269,OA-AL2i2,2589.0
287884,OA-VPM3,2589.3
10168,OA-VUMa6,2589.5
53065,Mi1,2589.6000000000004
10825,OA-AL2i3,2589.8
10677,OA-AL2i4,2590.2000000000003
10120,OA-VPM4,2590.9
10555,OA-VUMa3,2591.1
11005,OA-VUMa4,2591.1
11608,OA-VUMa2,2591.2000000000003
10658,OA-AL2i3,2591.4
10041,OA-VUMa1,2591.4
11602,OA-ASM1,2591.7000000000003
10011,OA-AL2i1,2591.8
10072,OA-AL2i1,2592.3
12688,OA-ASM1,2592.3
10799,OA-VUMa4,2592.4
286259,OA-ASM1,2592.4
10652,OA-AL2i4,2592.6
10687,OA-AL2i3,2593.4
10226,OA-AL2i3,2593.4
10175,OA-VUMa6,2593.4
10185,OA-VUMa8,2595.2999999999997
10322,OA-AL2i2,2595.5
10265,OA-AL2i2,2596.7000000000003
12109,OA-VUMa2,2596.7999999999997
10110,OA-VUMa1,2598.0000000000005
12896,OA-VUMa5,2598.5
11264,OA-ASM1,2599.9
10204,OA-AL2i2,2600.3
10187,OA-VPM3,2600.5
10080,OA-VUMa3,2601.4
10168,OA-VUMa6,2601.4
10269,OA-AL2i2,2601.5
10041,OA-VUMa1,2602.6000000000004
10677,OA-AL2i4,2602.8
11005,OA-VUMa4,2603.0
287884,OA-VPM3,2603.0
11921,OA-VPM4,2603.1
11608,OA-VUMa2,2603.1
10825,OA-AL2i3,2603.2999999999997
10120,OA-VPM4,2603.5
10658,OA-AL2i3,2603.8
10555,OA-VUMa3,2604.0
10011,OA-AL2i1,2604.2
53065,Mi1,2604.4
10226,OA-AL2i3,2604.6
10175,OA-VUMa6,2604.7000000000003
286259,OA-ASM1,2605.5
10072,OA-AL2i1,2605.6
11602,OA-ASM1,2605.6
12688,OA-ASM1,2605.6
10652,OA-AL2i4,2605.7000000000003
10687,OA-AL2i3,2605.7000000000003
10799,OA-VUMa4,2606.2000000000003
10322,OA-AL2i2,2607.0
10185,OA-VUMa8,2607.2999999999997
12109,OA-VUMa2,2607.8
10110,OA-VUMa1,2608.7999999999997
10265,OA-AL2i2,2609.7000000000003
12896,OA-VUMa5,2610.8
10187,OA-VPM3,2612.7000000000003
11264,OA-ASM1,2612.7000000000003
10204,OA-AL2i2,2612.8
10168,OA-VUMa6,2613.3
10041,OA-VUMa1,2613.5
10269,OA-AL2i2,2614.2000000000003
11608,OA-VUMa2,2614.6000000000004
10080,OA-VUMa3,2614.8
11005,OA-VUMa4,2615.1
10658,OA-AL2i3,2616.0
10825,OA-AL2i3,2616.1000000000004
287884,OA-VPM3,2616.1000000000004
10011,OA-AL2i1,2616.2
10072,OA-AL2i1,2616.2
10677,OA-AL2i4,2616.6
10175,OA-VUMa6,2616.9
10555,OA-VUMa3,2616.9
10120,OA-VPM4,2617.0
10226,OA-AL2i3,2617.9
11921,OA-VPM4,2618.2000000000003
286259,OA-ASM1,2618.3
10687,OA-AL2i3,2618.6000000000004
11602,OA-ASM1,2618.8
10185,OA-VUMa8,2619.0
12688,OA-ASM1,2619.1
53065,Mi1,2619.1
10652,OA-AL2i4,2619.2999999999997
10799,OA-VUMa4,2619.4
10322,OA-AL2i2,2619.8
12109,OA-VUMa2,2619.8
10110,OA-VUMa1,2619.9
12896,OA-VUMa5,2621.6
10265,OA-AL2i2,2622.4
10041,OA-VUMa1,2623.2999999999997
10168,OA-VUMa6,2624.6
10187,OA-VPM3,2624.9
11264,OA-ASM1,2625.1000000000004
11608,OA-VUMa2,2625.1000000000004
10204,OA-AL2i2,2625.5
10269,OA-AL2i2,2625.7000000000003
11005,OA-VUMa4,2626.9
10080,OA-VUMa3,2627.0
10825,OA-AL2i3,2627.6
10175,OA-VUMa6,2628.0
10072,OA-AL2i1,2628.1000000000004
10658,OA-AL2i3,2628.3
287884,OA-VPM3,2629.0
10011,OA-AL2i1,2629.3
10226,OA-AL2i3,2629.5
12109,OA-VUMa2,2629.5
10120,OA-VPM4,2630.0000000000005
10555,OA-VUMa3,2630.4
10677,OA-AL2i4,2630.4
10687,OA-AL2i3,2630.4
11921,OA-VPM4,2630.4
10110,OA-VUMa1,2630.9
10185,OA-VUMa8,2631.0
11602,OA-ASM1,2631.6
286259,OA-ASM1,2631.6
12688,OA-ASM1,2631.8999999999996
10799,OA-VUMa4,2632.2
10322,OA-AL2i2,2632.4
10652,OA-AL2i4,2632.8
53065,Mi1,2632.8
12896,OA-VUMa5,2633.4
10041,OA-VUMa1,2634.4
10265,OA-AL2i2,2635.0
11608,OA-VUMa2,2637.1000000000004
10168,OA-VUMa6,2637.4
10269,OA-AL2i2,2637.9
10187,OA-VPM3,2638.2000000000003
11264,OA-ASM1,2638.2000000000003
10204,OA-AL2i2,2638.4
11005,OA-VUMa4,2638.5
10072,OA-AL2i1,2638.6000000000004
10175,OA-VUMa6,2639.2999999999997
12109,OA-VUMa2,2640.2000000000003
10658,OA-AL2i3,2640.2000000000003
10011,OA-AL2i1,2640.4
10080,OA-VUMa3,2640.5000000000005
10825,OA-AL2i3,2640.5000000000005
287884,OA-VPM3,2641.1000000000004
10120,OA-VPM4,2642.0000000000005
10226,OA-AL2i3,2642.1
10110,OA-VUMa1,2642.5
10687,OA-AL2i3,2642.6000000000004
10555,OA-VUMa3,2642.9
10677,OA-AL2i4,2643.5
10185,OA-VUMa8,2643.7
10799,OA-VUMa4,2643.8
11921,OA-VPM4,2643.8999999999996
10322,OA-AL2i2,2644.7000000000003
12688,OA-ASM1,2644.9
12896,OA-VUMa5,2645.5
11602,OA-ASM1,2645.6
10041,OA-VUMa1,2645.7999999999997
286259,OA-ASM1,2646.0
10652,OA-AL2i4,2646.7
10265,OA-AL2i2,2646.9
53065,Mi1,2647.6
11608,OA-VUMa2,2648.6
10168,OA-VUMa6,2648.9
10269,OA-AL2i2,2649.0
11005,OA-VUMa4,2649.4
10187,OA-VPM3,2649.7999999999997
10072,OA-AL2i1,2650.7
11264,OA-ASM1,2650.9
10011,OA-AL2i1,2651.2999999999997
10175,OA-VUMa6,2651.6
10204,OA-AL2i2,2651.6
12109,OA-VUMa2,2651.8
10658,OA-AL2i3,2652.3
10825,OA-AL2i3,2652.9
10226,OA-AL2i3,2653.6
287884,OA-VPM3,2653.6
10080,OA-VUMa3,2654.2000000000003
10120,OA-VPM4,2654.3
10110,OA-VUMa1,2654.4
10687,OA-AL2i3,2654.4
10555,OA-VUMa3,2655.2999999999997
10677,OA-AL2i4,2656.3
12688,OA-ASM1,2656.4
10185,OA-VUMa8,2656.5000000000005
12896,OA-VUMa5,2656.6
10799,OA-VUMa4,2656.9
10041,OA-VUMa1,2657.1000000000004
10322,OA-AL2i2,2657.5
11602,OA-ASM1,2657.7000000000003
11921,OA-VPM4,2658.4
10265,OA-AL2i2,2659.1
286259,OA-ASM1,2659.2000000000003
11608,OA-VUMa2,2659.6
10168,OA-VUMa6,2659.7
10652,OA-AL2i4,2659.8
11005,OA-VUMa4,2661.0
10269,OA-AL2i2,2661.5
10187,OA-VPM3,2661.9
53065,Mi1,2662.6000000000004
10175,OA-VUMa6,2662.9
10072,OA-AL2i1,2663.0
12109,OA-VUMa2,2663.1
10011,OA-AL2i1,2663.2000000000003
11264,OA-ASM1,2664.1
10204,OA-AL2i2,2664.2000000000003
10658,OA-AL2i3,2664.3
10825,OA-AL2i3,2665.5
10110,OA-VUMa1,2666.5
10226,OA-AL2i3,2666.6000000000004
287884,OA-VPM3,2666.9
10120,OA-VPM4,2667.0
10080,OA-VUMa3,2667.5
10555,OA-VUMa3,2667.5
10687,OA-AL2i3,2667.7
12688,OA-ASM1,2668.0
12896,OA-VUMa5,2668.3
10041,OA-VUMa1,2668.7000000000003
10185,OA-VUMa8,2669.1000000000004
10677,OA-AL2i4,2669.3
10322,OA-AL2i2,2669.6
10799,OA-VUMa4,2669.9
11608,OA-VUMa2,2670.9
11602,OA-ASM1,2671.1
10265,OA-AL2i2,2671.1
10168,OA-VUMa6,2671.2999999999997
11005,OA-VUMa4,2672.1
10072,OA-AL2i1,2672.2000000000003
11921,OA-VPM4,2672.4
10652,OA-AL2i4,2672.6
286259,OA-ASM1,2673.4
10011,OA-AL2i1,2673.9
12109,OA-VUMa2,2673.9
10187,OA-VPM3,2674.0
10175,OA-VUMa6,2674.3
10269,OA-AL2i2,2674.5
10658,OA-AL2i3,2675.5
10110,OA-VUMa1,2677.0
10204,OA-AL2i2,2677.0
10825,OA-AL2i3,2677.2
11264,OA-ASM1,2677.5
53065,Mi1,2677.6
10226,OA-AL2i3,2677.9
10041,OA-VUMa1,2678.8
10120,OA-VPM4,2678.8
12896,OA-VUMa5,2679.0
10687,OA-AL2i3,2679.6000000000004
10080,OA-VUMa3,2680.1
10555,OA-VUMa3,2680.3
287884,OA-VPM3,2680.8
12688,OA-ASM1,2680.9
10185,OA-VUMa8,2680.9
10322,OA-AL2i2,2681.7000000000003
11608,OA-VUMa2,2682.0
10677,OA-AL2i4,2682.5
10168,OA-VUMa6,2682.6000000000004
11602,OA-ASM1,2683.3
11005,OA-VUMa4,2683.4
10265,OA-AL2i2,2683.4
10072,OA-AL2i1,2683.5
10799,OA-VUMa4,2684.2999999999997
10652,OA-AL2i4,2684.8
12109,OA-VUMa2,2684.9
10011,OA-AL2i1,2685.6
286259,OA-ASM1,2685.7999999999997
10175,OA-VUMa6,2686.4
10187,OA-VPM3,2686.7
10269,OA-AL2i2,2686.7
11921,OA-VPM4,2686.9
10658,OA-AL2i3,2686.9
10110,OA-VUMa1,2687.9
10226,OA-AL2i3,2689.2
10204,OA-AL2i2,2689.5
10825,OA-AL2i3,2689.7000000000003
10041,OA-VUMa1,2689.7999999999997
12896,OA-VUMa5,2690.1
10120,OA-VPM4,2690.7
11264,OA-ASM1,2690.9
10687,OA-AL2i3,2691.8
10080,OA-VUMa3,2693.4
12688,OA-ASM1,2693.4
10322,OA-AL2i2,2693.5
53065,Mi1,2693.7000000000003
10185,OA-VUMa8,2693.7999999999997
287884,OA-VPM3,2694.0
11608,OA-VUMa2,2694.2
10555,OA-VUMa3,2694.3
11005,OA-VUMa4,2694.8
10168,OA-VUMa6,2694.8
10677,OA-AL2i4,2695.4
10265,OA-AL2i2,2695.7
10072,OA-AL2i1,2696.0
12109,OA-VUMa2,2696.0
11602,OA-ASM1,2696.8
10011,OA-AL2i1,2696.9
10799,OA-VUMa4,2697.2
10652,OA-AL2i4,2697.9
10175,OA-VUMa6,2697.9
10269,OA-AL2i2,2698.1
10658,OA-AL2i3,2698.1
10110,OA-VUMa1,2698.2
286259,OA-ASM1,2699.3
10041,OA-VUMa1,2700.2000000000003
12896,OA-VUMa5,2700.2000000000003
10187,OA-VPM3,2700.4
11921,OA-VPM4,2701.0
10226,OA-AL2i3,2701.5
10825,OA-AL2i3,2702.3
10120,OA-VPM4,2702.6000000000004
10204,OA-AL2i2,2702.7000000000003
10687,OA-AL2i3,2704.5000000000005
10322,OA-AL2i2,2704.9
11264,OA-ASM1,2705.0
10168,OA-VUMa6,2705.4
11608,OA-VUMa2,2705.7000000000003
12688,OA-ASM1,2705.7999999999997
10185,OA-VUMa8,2705.9
10080,OA-VUMa3,2706.7000000000003
287884,OA-VPM3,2706.7000000000003
10072,OA-AL2i1,2707.0000000000005
12109,OA-VUMa2,2707.5
10011,OA-AL2i1,2707.7
11005,OA-VUMa4,2707.7
10555,OA-VUMa3,2707.9
10677,OA-AL2i4,2708.4
53065,Mi1,2708.8
10110,OA-VUMa1,2709.2
10658,OA-AL2i3,2709.4
10265,OA-AL2i2,2709.5
10175,OA-VUMa6,2709.7000000000003
11602,OA-ASM1,2709.7999999999997
10799,OA-VUMa4,2710.3
10269,OA-AL2i2,2710.7000000000003
10652,OA-AL2i4,2711.0000000000005
10041,OA-VUMa1,2711.3
12896,OA-VUMa5,2711.6000000000004
10226,OA-AL2i3,2713.1000000000004
10187,OA-VPM3,2713.5
286259,OA-ASM1,2713.6
10825,OA-AL2i3,2714.5
10120,OA-VPM4,2714.9
11921,OA-VPM4,2715.4
10204,OA-AL2i2,2715.7
10322,OA-AL2i2,2716.6
10687,OA-AL2i3,2716.7000000000003
10072,OA-AL2i1,2716.8
11264,OA-ASM1,2717.1000000000004
10185,OA-VUMa8,2717.2
11608,OA-VUMa2,2717.3
10168,OA-VUMa6,2717.4
12688,OA-ASM1,2718.4
12109,OA-VUMa2,2718.9
10080,OA-VUMa3,2719.1
10110,OA-VUMa1,2719.8
10011,OA-AL2i1,2720.1
10555,OA-VUMa3,2720.2000000000003
11005,OA-VUMa4,2720.6
10677,OA-AL2i4,2720.9
287884,OA-VPM3,2721.1000000000004
10041,OA-VUMa1,2721.4
10658,OA-AL2i3,2721.5
10175,OA-VUMa6,2721.7999999999997
10269,OA-AL2i2,2722.3
10265,OA-AL2i2,2722.5
10799,OA-VUMa4,2722.6
53065,Mi1,2722.9
12896,OA-VUMa5,2723.2000000000003
10652,OA-AL2i4,2723.7
11602,OA-ASM1,2723.9
10226,OA-AL2i3,2724.9
10187,OA-VPM3,2726.1
10825,OA-AL2i3,2726.2
10120,OA-VPM4,2726.6
286259,OA-ASM1,2726.6
10072,OA-AL2i1,2727.2000000000003
10204,OA-AL2i2,2728.4
10322,OA-AL2i2,2728.4
10168,OA-VUMa6,2728.6
11921,OA-VPM4,2728.7000000000003
10687,OA-AL2i3,2728.7000000000003
11608,OA-VUMa2,2729.1000000000004
10185,OA-VUMa8,2730.1000000000004
10110,OA-VUMa1,2730.4
10011,OA-AL2i1,2731.0000000000005
12688,OA-ASM1,2731.4
11264,OA-ASM1,2731.7
12109,OA-VUMa2,2731.8
11005,OA-VUMa4,2732.2999999999997
10041,OA-VUMa1,2732.7000000000003
10080,OA-VUMa3,2732.8
10175,OA-VUMa6,2732.9
10555,OA-VUMa3,2733.4
10658,OA-AL2i3,2733.4
287884,OA-VPM3,2733.5
10677,OA-AL2i4,2733.6
10269,OA-AL2i2,2734.5
12896,OA-VUMa5,2735.0000000000005
10265,OA-AL2i2,2735.4
10799,OA-VUMa4,2736.2000000000003
11602,OA-ASM1,2736.6
10652,OA-AL2i4,2736.9
10226,OA-AL2i3,2737.1000000000004
10072,OA-AL2i1,2737.2
53065,Mi1,2737.9
10825,OA-AL2i3,2738.0
10187,OA-VPM3,2738.9
10120,OA-VPM4,2739.0000000000005
286259,OA-ASM1,2739.2000000000003
10322,OA-AL2i2,2739.7
11608,OA-VUMa2,2740.2000000000003
10168,OA-VUMa6,2740.2999999999997
10204,OA-AL2i2,2741.0
10687,OA-AL2i3,2741.0
10110,OA-VUMa1,2741.4
10011,OA-AL2i1,2742.7000000000003
10185,OA-VUMa8,2743.0000000000005
10041,OA-VUMa1,2743.2000000000003
11921,OA-VPM4,2743.2000000000003
12109,OA-VUMa2,2743.2000000000003
12688,OA-ASM1,2743.5
11264,OA-ASM1,2744.2000000000003
11005,OA-VUMa4,2744.5
10175,OA-VUMa6,2745.0
10080,OA-VUMa3,2745.3
12896,OA-VUMa5,2745.5
10658,OA-AL2i3,2745.6
10677,OA-AL2i4,2746.7000000000003
10555,OA-VUMa3,2746.8
10269,OA-AL2i2,2747.0000000000005
287884,OA-VPM3,2747.3
10265,OA-AL2i2,2747.4
10072,OA-AL2i1,2747.7
11602,OA-ASM1,2748.2999999999997
10226,OA-AL2i3,2748.6
10799,OA-VUMa4,2749.0
10652,OA-AL2i4,2749.1000000000004
10825,OA-AL2i3,2750.7000000000003
11608,OA-VUMa2,2751.0000000000005
10120,OA-VPM4,2751.4
10322,OA-AL2i2,2751.5
10187,OA-VPM3,2751.6000000000004
10110,OA-VUMa1,2751.8
10168,OA-VUMa6,2752.7
286259,OA-ASM1,2753.2
10687,OA-AL2i3,2753.4
10204,OA-AL2i2,2753.6
10011,OA-AL2i1,2754.0
10185,OA-VUMa8,2754.7999999999997
12109,OA-VUMa2,2754.7999999999997
53065,Mi1,2755.1
10041,OA-VUMa1,2755.2000000000003
11005,OA-VUMa4,2756.1
12688,OA-ASM1,2756.2999999999997
12896,OA-VUMa5,2756.4
10175,OA-VUMa6,2756.7
11264,OA-ASM1,2757.0
11921,OA-VPM4,2757.0
10658,OA-AL2i3,2757.4
10072,OA-AL2i1,2757.8
10080,OA-VUMa3,2758.6
10269,OA-AL2i2,2759.4
10265,OA-AL2i2,2759.7
10677,OA-AL2i4,2760.4
10226,OA-AL2i3,2760.4
11602,OA-ASM1,2760.6
287884,OA-VPM3,2760.8
10555,OA-VUMa3,2760.9
10799,OA-VUMa4,2761.9
11608,OA-VUMa2,2762.2
10652,OA-AL2i4,2762.4
10110,OA-VUMa1,2762.7000000000003
10825,OA-AL2i3,2763.3
10322,OA-AL2i2,2763.3
10120,OA-VPM4,2764.2000000000003
10011,OA-AL2i1,2765.3
10168,OA-VUMa6,2765.3
10687,OA-AL2i3,2765.8
10187,OA-VPM3,2766.1000000000004
10041,OA-VUMa1,2766.3
12109,OA-VUMa2,2766.5
286259,OA-ASM1,2766.7999999999997
10204,OA-AL2i2,2767.0000000000005
10185,OA-VUMa8,2767.3
10175,OA-VUMa6,2768.7
11005,OA-VUMa4,2768.8999999999996
12896,OA-VUMa5,2768.8999999999996
12688,OA-ASM1,2769.1000000000004
10658,OA-AL2i3,2769.2000000000003
53065,Mi1,2769.4
10072,OA-AL2i1,2769.7000000000003
11264,OA-ASM1,2770.4
11921,OA-VPM4,2770.6
10080,OA-VUMa3,2771.6000000000004
10265,OA-AL2i2,2771.7
10269,OA-AL2i2,2772.2999999999997
10226,OA-AL2i3,2773.0
287884,OA-VPM3,2773.0
11602,OA-ASM1,2773.6
10677,OA-AL2i4,2773.7000000000003
11608,OA-VUMa2,2773.9
10110,OA-VUMa1,2774.2
10555,OA-VUMa3,2774.4
10799,OA-VUMa4,2774.6
10322,OA-AL2i2,2775.3
10825,OA-AL2i3,2775.5
10011,OA-AL2i1,2775.9
10120,OA-VPM4,2775.9
10652,OA-AL2i4,2776.2000000000003
10041,OA-VUMa1,2776.6
12109,OA-VUMa2,2777.3
10168,OA-VUMa6,2777.5000000000005
10687,OA-AL2i3,2777.7000000000003
10185,OA-VUMa8,2779.4
10187,OA-VPM3,2779.4
10175,OA-VUMa6,2779.5
12896,OA-VUMa5,2779.8
286259,OA-ASM1,2780.0
10204,OA-AL2i2,2780.2000000000003
10658,OA-AL2i3,2780.5
10072,OA-AL2i1,2781.5000000000005
11005,OA-VUMa4,2781.5000000000005
12688,OA-ASM1,2782.1000000000004
10265,OA-AL2i2,2784.0
10110,OA-VUMa1,2784.1
10269,OA-AL2i2,2784.2000000000003
10226,OA-AL2i3,2784.2000000000003
11264,OA-ASM1,2784.4
11608,OA-VUMa2,2784.4
11921,OA-VPM4,2784.4
53065,Mi1,2784.4
10080,OA-VUMa3,2784.5
287884,OA-VPM3,2784.6
11602,OA-ASM1,2786.4
10041,OA-VUMa1,2786.7000000000003
10322,OA-AL2i2,2786.7000000000003
10677,OA-AL2i4,2787.1
10555,OA-VUMa3,2787.2000000000003
10799,OA-VUMa4,2787.2000000000003
10120,OA-VPM4,2787.8
10011,OA-AL2i1,2788.2000000000003
10652,OA-AL2i4,2788.2999999999997
10825,OA-AL2i3,2788.6
12109,OA-VUMa2,2788.8
10168,OA-VUMa6,2789.6
10687,OA-AL2i3,2789.9
12896,OA-VUMa5,2790.7999999999997
10175,OA-VUMa6,2791.6000000000004
10185,OA-VUMa8,2791.9
10187,OA-VPM3,2792.2999999999997
10658,OA-AL2i3,2792.6
10204,OA-AL2i2,2793.1
286259,OA-ASM1,2793.4
10110,OA-VUMa1,2793.9
11005,OA-VUMa4,2794.0
10072,OA-AL2i1,2794.1000000000004
12688,OA-ASM1,2794.3
10226,OA-AL2i3,2795.4
10269,OA-AL2i2,2796.1
11608,OA-VUMa2,2796.2000000000003
10265,OA-AL2i2,2796.6000000000004
287884,OA-VPM3,2796.6000000000004
11264,OA-ASM1,2796.7
10041,OA-VUMa1,2796.8
10080,OA-VUMa3,2797.2000000000003
11602,OA-ASM1,2798.0
53065,Mi1,2798.3
10322,OA-AL2i2,2798.6
10011,OA-AL2i1,2799.2000000000003
10799,OA-VUMa4,2799.3
10120,OA-VPM4,2799.8
12109,OA-VUMa2,2800.2999999999997
10555,OA-VUMa3,2800.4
11921,OA-VPM4,2800.5
10677,OA-AL2i4,2800.9
10825,OA-AL2i3,2801.0
10168,OA-VUMa6,2801.2000000000003
10652,OA-AL2i4,2801.3
12896,OA-VUMa5,2802.0
10687,OA-AL2i3,2802.5
10175,OA-VUMa6,2802.7999999999997
10185,OA-VUMa8,2803.0
10110,OA-VUMa1,2804.0
10658,OA-AL2i3,2805.6
11005,OA-VUMa4,2805.7000000000003
10204,OA-AL2i2,2805.8
10072,OA-AL2i1,2806.0
10187,OA-VPM3,2806.0
10041,OA-VUMa1,2806.6
286259,OA-ASM1,2806.7999999999997
12688,OA-ASM1,2807.5
10269,OA-AL2i2,2807.7
10226,OA-AL2i3,2807.7
11608,OA-VUMa2,2807.8
10265,OA-AL2i2,2808.8
11264,OA-ASM1,2809.6
10080,OA-VUMa3,2809.9
287884,OA-VPM3,2809.9
10011,OA-AL2i1,2810.7000000000003
10322,OA-AL2i2,2810.7000000000003
11602,OA-ASM1,2811.0
10799,OA-VUMa4,2812.3
10120,OA-VPM4,2812.4
12109,OA-VUMa2,2812.5
53065,Mi1,2812.6000000000004
10168,OA-VUMa6,2812.9
10555,OA-VUMa3,2813.1
10652,OA-AL2i4,2813.5000000000005
10825,OA-AL2i3,2813.6
11921,OA-VPM4,2814.1000000000004
10677,OA-AL2i4,2814.1000000000004
10185,OA-VUMa8,2814.9
10687,OA-AL2i3,2814.9
10110,OA-VUMa1,2815.1
12896,OA-VUMa5,2815.1
10175,OA-VUMa6,2815.2
10658,OA-AL2i3,2816.3
10041,OA-VUMa1,2816.8
10072,OA-AL2i1,2818.0
11005,OA-VUMa4,2818.3
10204,OA-AL2i2,2818.6
10226,OA-AL2i3,2818.7000000000003
10187,OA-VPM3,2818.7999999999997
11608,OA-VUMa2,2819.6000000000004
10269,OA-AL2i2,2819.8
286259,OA-ASM1,2820.5
12688,OA-ASM1,2820.8
10265,OA-AL2i2,2821.1
10011,OA-AL2i1,2821.2000000000003
287884,OA-VPM3,2821.8
10080,OA-VUMa3,2822.3
10322,OA-AL2i2,2822.4
11264,OA-ASM1,2822.9
11602,OA-ASM1,2824.1
10120,OA-VPM4,2824.7
10799,OA-VUMa4,2824.7
10168,OA-VUMa6,2824.8
12109,OA-VUMa2,2825.2000000000003
10555,OA-VUMa3,2825.6
10652,OA-AL2i4,2826.2
10185,OA-VUMa8,2826.6
10825,OA-AL2i3,2826.6
10175,OA-VUMa6,2827.2
12896,OA-VUMa5,2827.2
10677,OA-AL2i4,2827.5
11921,OA-VPM4,2827.8
10110,OA-VUMa1,2827.8
10687,OA-AL2i3,2828.3
10658,OA-AL2i3,2828.5
53065,Mi1,2828.8
10041,OA-VUMa1,2829.2999999999997
10072,OA-AL2i1,2829.9
11005,OA-VUMa4,2830.2
10226,OA-AL2i3,2830.9
10204,OA-AL2i2,2831.3
11608,OA-VUMa2,2831.3999999999996
10187,OA-VPM3,2832.0000000000005
10269,OA-AL2i2,2832.3
10011,OA-AL2i1,2832.8
10265,OA-AL2i2,2833.6
286259,OA-ASM1,2833.7000000000003
12688,OA-ASM1,2834.3
10322,OA-AL2i2,2834.5
287884,OA-VPM3,2834.6
10080,OA-VUMa3,2834.7000000000003
11602,OA-ASM1,2835.7000000000003
12109,OA-VUMa2,2836.2000000000003
11264,OA-ASM1,2836.3
10120,OA-VPM4,2836.6000000000004
10185,OA-VUMa8,2837.2000000000003
10799,OA-VUMa4,2837.2000000000003
10168,OA-VUMa6,2837.4
10555,OA-VUMa3,2838.1000000000004
12896,OA-VUMa5,2838.4
10825,OA-AL2i3,2838.6
10175,OA-VUMa6,2839.0
10652,OA-AL2i4,2839.5
10110,OA-VUMa1,2839.6000000000004
10658,OA-AL2i3,2839.9
10677,OA-AL2i4,2840.2000000000003
10041,OA-VUMa1,2841.2999999999997
11921,OA-VPM4,2841.2999999999997
11005,OA-VUMa4,2841.5
10687,OA-AL2i3,2841.5
10072,OA-AL2i1,2842.3
53065,Mi1,2842.5
10226,OA-AL2i3,2842.6
11608,OA-VUMa2,2842.7999999999997
10204,OA-AL2i2,2843.9
10011,OA-AL2i1,2844.4
10187,OA-VPM3,2844.4
10269,OA-AL2i2,2844.8
10322,OA-AL2i2,2845.9
12688,OA-ASM1,2845.9
10265,OA-AL2i2,2846.0
286259,OA-ASM1,2846.4
287884,OA-VPM3,2846.9
12109,OA-VUMa2,2847.7000000000003
10080,OA-VUMa3,2848.1
10120,OA-VPM4,2848.4
11602,OA-ASM1,2849.0
10168,OA-VUMa6,2849.0
10799,OA-VUMa4,2849.2000000000003
12896,OA-VUMa5,2849.7000000000003
11264,OA-ASM1,2850.1000000000004
10185,OA-VUMa8,2850.2
10175,OA-VUMa6,2851.3
10825,OA-AL2i3,2851.3
10555,OA-VUMa3,2851.5
10652,OA-AL2i4,2851.6000000000004
10110,OA-VUMa1,2852.0000000000005
10658,OA-AL2i3,2852.4
10677,OA-AL2i4,2852.6000000000004
10041,OA-VUMa1,2852.7
11005,OA-VUMa4,2852.9
10687,OA-AL2i3,2853.5
11608,OA-VUMa2,2854.0
10226,OA-AL2i3,2854.7000000000003
10072,OA-AL2i1,2855.0
10011,OA-AL2i1,2855.8
11921,OA-VPM4,2856.1
53065,Mi1,2856.2000000000003
10187,OA-VPM3,2856.3
10269,OA-AL2i2,2856.4
10204,OA-AL2i2,2858.2
10322,OA-AL2i2,2858.2
12688,OA-ASM1,2858.4
10265,OA-AL2i2,2858.6
12109,OA-VUMa2,2859.3
286259,OA-ASM1,2859.4
287884,OA-VPM3,2859.6
10120,OA-VPM4,2859.7000000000003
10168,OA-VUMa6,2860.7
10080,OA-VUMa3,2861.0
12896,OA-VUMa5,2861.1
11602,OA-ASM1,2861.7000000000003
10799,OA-VUMa4,2862.0
10175,OA-VUMa6,2862.3
10825,OA-AL2i3,2862.7000000000003
10185,OA-VUMa8,2863.1000000000004
11264,OA-ASM1,2863.1000000000004
10652,OA-AL2i4,2863.5
10110,OA-VUMa1,2863.9
10658,OA-AL2i3,2864.3
11005,OA-VUMa4,2864.5
10677,OA-AL2i4,2864.8
10072,OA-AL2i1,2864.8
11608,OA-VUMa2,2865.1
10041,OA-VUMa1,2865.2000000000003
10555,OA-VUMa3,2865.4
10687,OA-AL2i3,2865.8
10226,OA-AL2i3,2866.1000000000004
10011,OA-AL2i1,2867.0
10187,OA-VPM3,2868.9
10269,OA-AL2i2,2869.2999999999997
10322,OA-AL2i2,2869.4
11921,OA-VPM4,2870.2
53065,Mi1,2870.4
10265,OA-AL2i2,2870.7000000000003
12109,OA-VUMa2,2870.9
12688,OA-ASM1,2871.2
10204,OA-AL2i2,2871.7000000000003
10120,OA-VPM4,2872.2000000000003
287884,OA-VPM3,2872.6000000000004
286259,OA-ASM1,2872.7
10168,OA-VUMa6,2872.9
12896,OA-VUMa5,2873.2000000000003
10080,OA-VUMa3,2873.7
11602,OA-ASM1,2875.2
10799,OA-VUMa4,2875.3
10825,OA-AL2i3,2875.5
10185,OA-VUMa8,2875.6
10110,OA-VUMa1,2875.7000000000003
10175,OA-VUMa6,2875.9
10658,OA-AL2i3,2876.1
11005,OA-VUMa4,2876.2000000000003
11264,OA-ASM1,2876.4
10072,OA-AL2i1,2876.7
10652,OA-AL2i4,2876.7
11608,OA-VUMa2,2877.1
10041,OA-VUMa1,2877.2999999999997
10677,OA-AL2i4,2877.4
10555,OA-VUMa3,2877.6
10687,OA-AL2i3,2877.7
10011,OA-AL2i1,2878.0
10226,OA-AL2i3,2879.1000000000004
10187,OA-VPM3,2881.0
10269,OA-AL2i2,2881.7
12109,OA-VUMa2,2882.2
10265,OA-AL2i2,2882.3
12688,OA-ASM1,2882.6
10322,OA-AL2i2,2882.7000000000003
10120,OA-VPM4,2883.7000000000003
12896,OA-VUMa5,2884.3
11921,OA-VPM4,2884.5
10204,OA-AL2i2,2885.0
10168,OA-VUMa6,2885.1
53065,Mi1,2885.8
287884,OA-VPM3,2886.8
10110,OA-VUMa1,2887.2
286259,OA-ASM1,2887.3
10185,OA-VUMa8,2887.4
10080,OA-VUMa3,2887.7999999999997
11005,OA-VUMa4,2888.0000000000005
10175,OA-VUMa6,2888.0000000000005
10825,OA-AL2i3,2888.1
11602,OA-ASM1,2888.1
10072,OA-AL2i1,2888.8
10658,OA-AL2i3,2888.8
10799,OA-VUMa4,2888.8
10652,OA-AL2i4,2889.2999999999997
11608,OA-VUMa2,2889.5
10677,OA-AL2i4,2889.6
10687,OA-AL2i3,2890.0
10041,OA-VUMa1,2890.1000000000004
10011,OA-AL2i1,2890.2
10555,OA-VUMa3,2890.3
11264,OA-ASM1,2890.6
10226,OA-AL2i3,2890.7000000000003
12109,OA-VUMa2,2893.7
10269,OA-AL2i2,2893.8
10187,OA-VPM3,2894.2000000000003
10322,OA-AL2i2,2894.7000000000003
12688,OA-ASM1,2894.7000000000003
10265,OA-AL2i2,2895.0
10120,OA-VPM4,2895.6
12896,OA-VUMa5,2896.1
10204,OA-AL2i2,2897.1
10168,OA-VUMa6,2898.1000000000004
11921,OA-VPM4,2898.3
10110,OA-VUMa1,2898.9
11005,OA-VUMa4,2899.5
10175,OA-VUMa6,2899.7999999999997
10185,OA-VUMa8,2899.9
53065,Mi1,2900.1
10658,OA-AL2i3,2900.5
11608,OA-VUMa2,2900.5
287884,OA-VPM3,2900.5
10080,OA-VUMa3,2900.8
286259,OA-ASM1,2900.8
10072,OA-AL2i1,2900.9
11602,OA-ASM1,2901.1
10687,OA-AL2i3,2901.6
10825,OA-AL2i3,2901.6
10799,OA-VUMa4,2901.7
10041,OA-VUMa1,2902.3
10011,OA-AL2i1,2902.4
10226,OA-AL2i3,2902.5000000000005
10652,OA-AL2i4,2902.6
11264,OA-ASM1,2902.9
10677,OA-AL2i4,2903.0
10555,OA-VUMa3,2903.6
12109,OA-VUMa2,2904.7
10269,OA-AL2i2,2906.5000000000005
12688,OA-ASM1,2906.7000000000003
10322,OA-AL2i2,2907.3
12896,OA-VUMa5,2907.7000000000003
10187,OA-VPM3,2907.9
10120,OA-VPM4,2908.1
10265,OA-AL2i2,2908.3
10204,OA-AL2i2,2909.5
10110,OA-VUMa1,2909.7
10168,OA-VUMa6,2910.1000000000004
11005,OA-VUMa4,2911.0
10175,OA-VUMa6,2911.5
10185,OA-VUMa8,2911.6
10658,OA-AL2i3,2912.0
11921,OA-VPM4,2912.1
11608,OA-VUMa2,2912.3
287884,OA-VPM3,2912.9
10041,OA-VUMa1,2913.4
10072,OA-AL2i1,2913.5
10080,OA-VUMa3,2913.8
10226,OA-AL2i3,2914.0
11602,OA-ASM1,2914.1000000000004
10011,OA-AL2i1,2914.3
286259,OA-ASM1,2914.5000000000005
10687,OA-AL2i3,2914.5000000000005
10825,OA-AL2i3,2914.8
53065,Mi1,2915.0
10799,OA-VUMa4,2915.2
12109,OA-VUMa2,2915.7000000000003
10677,OA-AL2i4,2915.9
10652,OA-AL2i4,2916.0
11264,OA-ASM1,2916.7
10555,OA-VUMa3,2917.0
12896,OA-VUMa5,2918.1000000000004
12688,OA-ASM1,2918.6
10269,OA-AL2i2,2918.7000000000003
10322,OA-AL2i2,2919.7999999999997
10265,OA-AL2i2,2920.6000000000004
10110,OA-VUMa1,2920.7
10120,OA-VPM4,2920.8
10187,OA-VPM3,2920.9
10168,OA-VUMa6,2922.2000000000003
11005,OA-VUMa4,2922.5000000000005
10175,OA-VUMa6,2922.7000000000003
10658,OA-AL2i3,2922.8
10072,OA-AL2i1,2923.4
10204,OA-AL2i2,2923.6
11608,OA-VUMa2,2923.7999999999997
10185,OA-VUMa8,2924.5
10041,OA-VUMa1,2924.8
11921,OA-VPM4,2925.1
10226,OA-AL2i3,2925.4
10011,OA-AL2i1,2925.4
287884,OA-VPM3,2925.8
10080,OA-VUMa3,2926.2000000000003
11602,OA-ASM1,2926.6
10687,OA-AL2i3,2927.1000000000004
286259,OA-ASM1,2927.4
10799,OA-VUMa4,2927.5
12109,OA-VUMa2,2928.3
10652,OA-AL2i4,2928.4
12896,OA-VUMa5,2928.6000000000004
10825,OA-AL2i3,2928.8
10677,OA-AL2i4,2929.0
53065,Mi1,2929.2999999999997
11264,OA-ASM1,2930.1
12688,OA-ASM1,2930.8
10269,OA-AL2i2,2931.0
10555,OA-VUMa3,2931.1000000000004
10110,OA-VUMa1,2931.5
10265,OA-AL2i2,2932.1
10322,OA-AL2i2,2932.3
10120,OA-VPM4,2932.9
10187,OA-VPM3,2933.5
10658,OA-AL2i3,2933.7
10175,OA-VUMa6,2934.6
11005,OA-VUMa4,2934.9
10072,OA-AL2i1,2935.0
11608,OA-VUMa2,2935.1000000000004
10168,OA-VUMa6,2935.1000000000004
10041,OA-VUMa1,2935.7999999999997
10226,OA-AL2i3,2936.4
10204,OA-AL2i2,2936.5
10185,OA-VUMa8,2936.9
10011,OA-AL2i1,2937.3
287884,OA-VPM3,2937.5
10080,OA-VUMa3,2938.7000000000003
11602,OA-ASM1,2939.4
10687,OA-AL2i3,2939.6
11921,OA-VPM4,2940.2
10799,OA-VUMa4,2940.4
12896,OA-VUMa5,2940.7
12109,OA-VUMa2,2941.3
10652,OA-AL2i4,2941.6000000000004
10825,OA-AL2i3,2942.2000000000003
10110,OA-VUMa1,2942.3
286259,OA-ASM1,2942.3
10677,OA-AL2i4,2942.6
12688,OA-ASM1,2942.8
10269,OA-AL2i2,2943.2
11264,OA-ASM1,2943.6
10265,OA-AL2i2,2943.7000000000003
10555,OA-VUMa3,2944.0
53065,Mi1,2944.2
10322,OA-AL2i2,2944.5
10658,OA-AL2i3,2944.6000000000004
10187,OA-VPM3,2945.2000000000003
10120,OA-VPM4,2945.5
11005,OA-VUMa4,2945.8
10175,OA-VUMa6,2946.3
10041,OA-VUMa1,2946.6
10072,OA-AL2i1,2947.0
10168,OA-VUMa6,2947.2
11608,OA-VUMa2,2947.2
10226,OA-AL2i3,2947.7000000000003
10011,OA-AL2i1,2947.9
10185,OA-VUMa8,2949.2000000000003
10204,OA-AL2i2,2949.5
287884,OA-VPM3,2951.1000000000004
10080,OA-VUMa3,2952.0
10687,OA-AL2i3,2952.1
11602,OA-ASM1,2952.1
10799,OA-VUMa4,2953.0000000000005
10110,OA-VUMa1,2953.2000000000003
12896,OA-VUMa5,2953.3
11921,OA-VPM4,2954.2999999999997
10652,OA-AL2i4,2954.2999999999997
10825,OA-AL2i3,2954.6
12688,OA-ASM1,2954.9
10269,OA-AL2i2,2955.0
12109,OA-VUMa2,2955.2
286259,OA-ASM1,2955.4
10677,OA-AL2i4,2955.7999999999997
10322,OA-AL2i2,2956.0
10658,OA-AL2i3,2956.0
10555,OA-VUMa3,2956.5
10265,OA-AL2i2,2956.6000000000004
10041,OA-VUMa1,2957.2000000000003
11264,OA-ASM1,2957.3
11005,OA-VUMa4,2957.9
10175,OA-VUMa6,2958.1
11608,OA-VUMa2,2958.6
10226,OA-AL2i3,2958.6
10072,OA-AL2i1,2958.6
10168,OA-VUMa6,2958.6
53065,Mi1,2958.8
10187,OA-VPM3,2959.0
10011,OA-AL2i1,2959.2
10120,OA-VPM4,2959.5
10185,OA-VUMa8,2960.8
10204,OA-AL2i2,2963.1000000000004
10687,OA-AL2i3,2963.5
12896,OA-VUMa5,2963.6
10080,OA-VUMa3,2964.5
10110,OA-VUMa1,2964.6000000000004
11602,OA-ASM1,2964.7000000000003
287884,OA-VPM3,2965.0000000000005
12109,OA-VUMa2,2966.2999999999997
10799,OA-VUMa4,2966.6
10652,OA-AL2i4,2966.8
10269,OA-AL2i2,2967.2
10825,OA-AL2i3,2967.4
10658,OA-AL2i3,2967.7000000000003
10041,OA-VUMa1,2967.7999999999997
10265,OA-AL2i2,2968.2
12688,OA-ASM1,2968.2
10322,OA-AL2i2,2968.4
11921,OA-VPM4,2968.5
10677,OA-AL2i4,2968.6000000000004
286259,OA-ASM1,2969.0000000000005
10555,OA-VUMa3,2969.6000000000004
11005,OA-VUMa4,2969.8
11264,OA-ASM1,2969.8
11608,OA-VUMa2,2969.8
10226,OA-AL2i3,2970.1
10168,OA-VUMa6,2970.6
10175,OA-VUMa6,2970.8
10011,OA-AL2i1,2971.0
10072,OA-AL2i1,2971.3
53065,Mi1,2972.4
10120,OA-VPM4,2972.5
10187,OA-VPM3,2972.6000000000004
10185,OA-VUMa8,2974.0
12896,OA-VUMa5,2974.6
10204,OA-AL2i2,2975.0
10110,OA-VUMa1,2975.6
11602,OA-ASM1,2976.4
10687,OA-AL2i3,2976.7000000000003
10080,OA-VUMa3,2976.9
12109,OA-VUMa2,2977.5
287884,OA-VPM3,2978.1
10041,OA-VUMa1,2978.6
10658,OA-AL2i3,2978.6
10825,OA-AL2i3,2979.7999999999997
10652,OA-AL2i4,2980.4
12688,OA-ASM1,2980.6000000000004
10677,OA-AL2i4,2981.2000000000003
10269,OA-AL2i2,2981.2000000000003
11608,OA-VUMa2,2981.2000000000003
10322,OA-AL2i2,2981.4
10799,OA-VUMa4,2981.5
286259,OA-ASM1,2981.5
10226,OA-AL2i3,2981.6000000000004
10265,OA-AL2i2,2981.7
10555,OA-VUMa3,2982.2000000000003
11005,OA-VUMa4,2982.4
11264,OA-ASM1,2982.4
10168,OA-VUMa6,2982.6
10175,OA-VUMa6,2982.7000000000003
11921,OA-VPM4,2983.1000000000004
10072,OA-AL2i1,2983.6
10011,OA-AL2i1,2983.9
10187,OA-VPM3,2985.1
10120,OA-VPM4,2986.0
10185,OA-VUMa8,2986.0
12896,OA-VUMa5,2986.1
10110,OA-VUMa1,2986.5
11602,OA-ASM1,2987.7999999999997
53065,Mi1,2988.0
10204,OA-AL2i2,2988.5
12109,OA-VUMa2,2988.6
10080,OA-VUMa3,2989.0000000000005
10041,OA-VUMa1,2989.1
10687,OA-AL2i3,2989.5
287884,OA-VPM3,2990.5
10658,OA-AL2i3,2990.6
10825,OA-AL2i3,2990.7000000000003
12688,OA-ASM1,2992.7000000000003
11608,OA-VUMa2,2992.8
10226,OA-AL2i3,2993.1
10322,OA-AL2i2,2993.5
10652,OA-AL2i4,2993.5
10269,OA-AL2i2,2994.0
10799,OA-VUMa4,2994.0
11005,OA-VUMa4,2994.1
10265,OA-AL2i2,2994.4
10168,OA-VUMa6,2994.7000000000003
10677,OA-AL2i4,2994.8
10175,OA-VUMa6,2994.9
286259,OA-ASM1,2995.0
10555,OA-VUMa3,2995.9
11264,OA-ASM1,2995.9
10072,OA-AL2i1,2996.0
10011,OA-AL2i1,2996.1000000000004
12896,OA-VUMa5,2997.1
11921,OA-VPM4,2997.1
10187,OA-VPM3,2997.2000000000003
10110,OA-VUMa1,2997.5
10185,OA-VUMa8,2998.5
10041,OA-VUMa1,2999.3
10120,OA-VPM4,2999.3
12109,OA-VUMa2,2999.6
11602,OA-ASM1,2999.8
10687,OA-AL2i3,3001.1
10204,OA-AL2i2,3001.9
10080,OA-VUMa3,3002.2999999999997
10658,OA-AL2i3,3002.8
287884,OA-VPM3,3002.9
53065,Mi1,3003.3
11608,OA-VUMa2,3003.5
10825,OA-AL2i3,3004.3
10226,OA-AL2i3,3004.6
10322,OA-AL2i2,3004.8
10072,OA-AL2i1,3005.3
12688,OA-ASM1,3005.6000000000004
10652,OA-AL2i4,3005.8
11005,OA-VUMa4,3006.1
10175,OA-VUMa6,3006.6
10269,OA-AL2i2,3006.9
10799,OA-VUMa4,3007.4
10011,OA-AL2i1,3008.1000000000004
10677,OA-AL2i4,3008.1000000000004
12896,OA-VUMa5,3008.3
10168,OA-VUMa6,3008.4
10555,OA-VUMa3,3008.4
11264,OA-ASM1,3008.4
10110,OA-VUMa1,3008.7000000000003
10265,OA-AL2i2,3008.8
286259,OA-ASM1,3010.0
10187,OA-VPM3,3010.1
10041,OA-VUMa1,3010.7
12109,OA-VUMa2,3011.0
11602,OA-ASM1,3011.6
11921,OA-VPM4,3011.9
10185,OA-VUMa8,3012.4
10120,OA-VPM4,3012.7000000000003
10687,OA-AL2i3,3012.9
10072,OA-AL2i1,3014.2999999999997
10080,OA-VUMa3,3014.5
10658,OA-AL2i3,3014.6
10204,OA-AL2i2,3014.8
11608,OA-VUMa2,3015.0
10322,OA-AL2i2,3015.2
287884,OA-VPM3,3015.2
11005,OA-VUMa4,3017.1
10825,OA-AL2i3,3017.2000000000003
10226,OA-AL2i3,3017.7
53065,Mi1,3018.2999999999997
10652,OA-AL2i4,3018.9
10269,OA-AL2i2,3018.9
12688,OA-ASM1,3019.0
10175,OA-VUMa6,3019.2
10110,OA-VUMa1,3019.5000000000005
12896,OA-VUMa5,3019.7000000000003
10011,OA-AL2i1,3019.9
10677,OA-AL2i4,3020.6
10799,OA-VUMa4,3020.9
10041,OA-VUMa1,3021.2000000000003
10265,OA-AL2i2,3021.5
10555,OA-VUMa3,3021.9
10168,OA-VUMa6,3022.0
10187,OA-VPM3,3022.2000000000003
12109,OA-VUMa2,3022.2000000000003
11264,OA-ASM1,3022.5
286259,OA-ASM1,3023.1000000000004
11602,OA-ASM1,3023.2000000000003
10072,OA-AL2i1,3023.9
10120,OA-VPM4,3024.5
10185,OA-VUMa8,3024.7999999999997
11608,OA-VUMa2,3025.1
10687,OA-AL2i3,3025.5
10658,OA-AL2i3,3025.8
11921,OA-VPM4,3026.8999999999996
10322,OA-AL2i2,3027.5000000000005
10204,OA-AL2i2,3027.9
10080,OA-VUMa3,3028.0
287884,OA-VPM3,3028.1000000000004
10226,OA-AL2i3,3028.9
11005,OA-VUMa4,3029.4
10825,OA-AL2i3,3029.9
10011,OA-AL2i1,3030.2000000000003
10110,OA-VUMa1,3030.4
12896,OA-VUMa5,3030.8
10175,OA-VUMa6,3031.5000000000005
10652,OA-AL2i4,3031.7000000000003
12688,OA-ASM1,3032.1000000000004
10269,OA-AL2i2,3032.1000000000004
10041,OA-VUMa1,3032.7999999999997
12109,OA-VUMa2,3033.0000000000005
10072,OA-AL2i1,3033.2000000000003
53065,Mi1,3034.0
10168,OA-VUMa6,3034.1
10677,OA-AL2i4,3034.2000000000003
10799,OA-VUMa4,3034.2999999999997
10555,OA-VUMa3,3034.5
10265,OA-AL2i2,3034.6
10187,OA-VPM3,3035.1000000000004
11264,OA-ASM1,3036.2
11602,OA-ASM1,3036.2
10185,OA-VUMa8,3036.4
10120,OA-VPM4,3036.6
286259,OA-ASM1,3036.7999999999997
11608,OA-VUMa2,3037.5
10687,OA-AL2i3,3037.8
10658,OA-AL2i3,3037.9
10322,OA-AL2i2,3038.2999999999997
10080,OA-VUMa3,3040.3
10226,OA-AL2i3,3040.5
287884,OA-VPM3,3040.7000000000003
11921,OA-VPM4,3040.7999999999997
10110,OA-VUMa1,3041.0
10204,OA-AL2i2,3041.5
10825,OA-AL2i3,3041.6000000000004
10011,OA-AL2i1,3041.8
12896,OA-VUMa5,3042.0
11005,OA-VUMa4,3042.0
10175,OA-VUMa6,3042.8
10072,OA-AL2i1,3042.9
10041,OA-VUMa1,3043.8
10652,OA-AL2i4,3043.9
10269,OA-AL2i2,3044.5
12688,OA-ASM1,3044.6
12109,OA-VUMa2,3044.7999999999997
10168,OA-VUMa6,3046.2000000000003
10799,OA-VUMa4,3046.5
10265,OA-AL2i2,3046.7
10677,OA-AL2i4,3047.1000000000004
10555,OA-VUMa3,3047.5000000000005
10187,OA-VPM3,3047.7000000000003
11608,OA-VUMa2,3047.7000000000003
10120,OA-VPM4,3048.9
11264,OA-ASM1,3049.1
53065,Mi1,3049.2000000000003
11602,OA-ASM1,3049.5
10322,OA-AL2i2,3049.6000000000004
10687,OA-AL2i3,3049.7
10185,OA-VUMa8,3050.0
10658,OA-AL2i3,3050.0
286259,OA-ASM1,3050.2000000000003
10110,OA-VUMa1,3052.0
10226,OA-AL2i3,3052.9
10825,OA-AL2i3,3053.1
10011,OA-AL2i1,3053.7
10080,OA-VUMa3,3053.7
12896,OA-VUMa5,3053.7
10041,OA-VUMa1,3054.0
287884,OA-VPM3,3054.1
10175,OA-VUMa6,3054.5
11921,OA-VPM4,3054.8
10204,OA-AL2i2,3054.9
11005,OA-VUMa4,3055.1
12109,OA-VUMa2,3056.1000000000004
10072,OA-AL2i1,3056.3
10269,OA-AL2i2,3057.1
10652,OA-AL2i4,3057.1
10168,OA-VUMa6,3057.4
12688,OA-ASM1,3058.1
10187,OA-VPM3,3058.9
10265,OA-AL2i2,3058.9
11608,OA-VUMa2,3059.0
10555,OA-VUMa3,3059.4
10799,OA-VUMa4,3059.5000000000005
10677,OA-AL2i4,3060.1000000000004
10322,OA-AL2i2,3061.2000000000003
10687,OA-AL2i3,3061.3
11264,OA-ASM1,3061.6000000000004
10120,OA-VPM4,3061.7
10658,OA-AL2i3,3061.7
10185,OA-VUMa8,3062.2000000000003
11602,OA-ASM1,3062.6000000000004
53065,Mi1,3063.6
10226,OA-AL2i3,3064.0
10110,OA-VUMa1,3064.1000000000004
12896,OA-VUMa5,3064.4
286259,OA-ASM1,3064.6
10041,OA-VUMa1,3065.0
10825,OA-AL2i3,3065.2000000000003
10080,OA-VUMa3,3066.2000000000003
10011,OA-AL2i1,3066.2000000000003
10175,OA-VUMa6,3066.3
287884,OA-VPM3,3066.5
12109,OA-VUMa2,3067.2000000000003
11005,OA-VUMa4,3067.3
10072,OA-AL2i1,3068.2
11921,OA-VPM4,3068.7999999999997
10168,OA-VUMa6,3068.9
10204,OA-AL2i2,3069.6000000000004
10652,OA-AL2i4,3070.0
10269,OA-AL2i2,3070.0
12688,OA-ASM1,3070.5
11608,OA-VUMa2,3070.7
10265,OA-AL2i2,3071.8
10187,OA-VPM3,3071.9
10677,OA-AL2i4,3072.2
10555,OA-VUMa3,3072.3
10322,OA-AL2i2,3072.6
10687,OA-AL2i3,3072.7999999999997
10799,OA-VUMa4,3073.0
10658,OA-AL2i3,3073.8
10120,OA-VPM4,3074.0
11264,OA-ASM1,3074.0
10185,OA-VUMa8,3074.1
10226,OA-AL2i3,3075.0
10110,OA-VUMa1,3075.2000000000003
12896,OA-VUMa5,3075.6
11602,OA-ASM1,3075.9
10041,OA-VUMa1,3077.2
10175,OA-VUMa6,3077.6000000000004
10011,OA-AL2i1,3077.8
10080,OA-VUMa3,3077.8
53065,Mi1,3078.0
10825,OA-AL2i3,3078.3
287884,OA-VPM3,3078.3
286259,OA-ASM1,3078.8
12109,OA-VUMa2,3078.9
11005,OA-VUMa4,3079.1
10072,OA-AL2i1,3080.2
10168,OA-VUMa6,3080.5
10652,OA-AL2i4,3081.8
11921,OA-VPM4,3081.9
11608,OA-VUMa2,3082.0000000000005
10269,OA-AL2i2,3082.4
12688,OA-ASM1,3082.4
10204,OA-AL2i2,3082.7
10677,OA-AL2i4,3084.6
10322,OA-AL2i2,3084.6
10265,OA-AL2i2,3084.7000000000003
10555,OA-VUMa3,3084.7999999999997
10187,OA-VPM3,3085.0
10120,OA-VPM4,3085.6000000000004
10658,OA-AL2i3,3086.0000000000005
10687,OA-AL2i3,3086.2000000000003
10799,OA-VUMa4,3086.2000000000003
10185,OA-VUMa8,3086.6000000000004
10110,OA-VUMa1,3086.6000000000004
12896,OA-VUMa5,3086.7
11264,OA-ASM1,3087.5000000000005
10041,OA-VUMa1,3087.6
10226,OA-AL2i3,3088.0
11602,OA-ASM1,3088.9
10175,OA-VUMa6,3089.2
10011,OA-AL2i1,3089.4
12109,OA-VUMa2,3090.0000000000005
10080,OA-VUMa3,3090.1
11005,OA-VUMa4,3090.7
10825,OA-AL2i3,3091.2000000000003
287884,OA-VPM3,3091.2000000000003
10168,OA-VUMa6,3091.8
286259,OA-ASM1,3092.2
10072,OA-AL2i1,3092.4
11608,OA-VUMa2,3092.6
10269,OA-AL2i2,3094.2000000000003
53065,Mi1,3094.3
10652,OA-AL2i4,3094.6000000000004
12688,OA-ASM1,3094.7
11921,OA-VPM4,3094.8
10204,OA-AL2i2,3095.2999999999997
10322,OA-AL2i2,3096.3
10677,OA-AL2i4,3096.7000000000003
10265,OA-AL2i2,3096.7999999999997
10555,OA-VUMa3,3097.4
12896,OA-VUMa5,3097.6000000000004
10187,OA-VPM3,3097.9
10658,OA-AL2i3,3098.1
10687,OA-AL2i3,3098.2000000000003
10120,OA-VPM4,3098.5
10110,OA-VUMa1,3099.1
10799,OA-VUMa4,3099.1
10185,OA-VUMa8,3099.6
10226,OA-AL2i3,3099.8
10175,OA-VUMa6,3100.6
10041,OA-VUMa1,3100.6
11264,OA-ASM1,3100.7999999999997
10011,OA-AL2i1,3100.9
12109,OA-VUMa2,3101.5
11602,OA-ASM1,3102.4
10825,OA-AL2i3,3103.1
11005,OA-VUMa4,3103.1
10168,OA-VUMa6,3103.2000000000003
287884,OA-VPM3,3103.5000000000005
10080,OA-VUMa3,3103.6
11608,OA-VUMa2,3103.6
10072,OA-AL2i1,3104.4
286259,OA-ASM1,3105.7000000000003
10269,OA-AL2i2,3106.6000000000004
10652,OA-AL2i4,3106.8
12688,OA-ASM1,3107.7000000000003
10322,OA-AL2i2,3108.5
53065,Mi1,3108.7999999999997
12896,OA-VUMa5,3108.9
10265,OA-AL2i2,3109.0
10204,OA-AL2i2,3109.3
10677,OA-AL2i4,3109.3
10555,OA-VUMa3,3110.2000000000003
11921,OA-VPM4,3110.2000000000003
10658,OA-AL2i3,3110.3
10187,OA-VPM3,3110.9
10110,OA-VUMa1,3111.1
10687,OA-AL2i3,3111.4
10175,OA-VUMa6,3111.7000000000003
10120,OA-VPM4,3111.8
10226,OA-AL2i3,3112.5
10185,OA-VUMa8,3112.6
10011,OA-AL2i1,3112.7999999999997
10041,OA-VUMa1,3112.9
12109,OA-VUMa2,3113.0
10799,OA-VUMa4,3113.3
11264,OA-ASM1,3114.0000000000005
10168,OA-VUMa6,3114.7
11608,OA-VUMa2,3115.2000000000003
11005,OA-VUMa4,3115.4
10825,OA-AL2i3,3115.7000000000003
11602,OA-ASM1,3116.3
287884,OA-VPM3,3116.3
10080,OA-VUMa3,3116.7999999999997
10072,OA-AL2i1,3117.1000000000004
10269,OA-AL2i2,3118.8
10652,OA-AL2i4,3119.2999999999997
286259,OA-ASM1,3120.1000000000004
12896,OA-VUMa5,3120.3
12688,OA-ASM1,3120.7000000000003
10322,OA-AL2i2,3121.3
10110,OA-VUMa1,3121.7000000000003
10265,OA-AL2i2,3121.9
53065,Mi1,3122.4
10658,OA-AL2i3,3122.6000000000004
10204,OA-AL2i2,3123.1
10687,OA-AL2i3,3123.1
10175,OA-VUMa6,3123.4
10677,OA-AL2i4,3123.5
10011,OA-AL2i1,3123.6
10226,OA-AL2i3,3124.5
10555,OA-VUMa3,3124.6
12109,OA-VUMa2,3124.7000000000003
10120,OA-VPM4,3124.7000000000003
10187,OA-VPM3,3124.8
11921,OA-VPM4,3125.1000000000004
10041,OA-VUMa1,3125.2
10185,OA-VUMa8,3125.6
10168,OA-VUMa6,3126.5
10799,OA-VUMa4,3126.5
11264,OA-ASM1,3126.9
11005,OA-VUMa4,3127.1
11608,OA-VUMa2,3127.6
10825,OA-AL2i3,3127.7000000000003
287884,OA-VPM3,3128.8
10080,OA-VUMa3,3129.0
10072,OA-AL2i1,3129.2
11602,OA-ASM1,3129.3
10652,OA-AL2i4,3130.9
10269,OA-AL2i2,3131.2000000000003
12896,OA-VUMa5,3131.9
10322,OA-AL2i2,3132.4
10110,OA-VUMa1,3132.4
286259,OA-ASM1,3133.3
10658,OA-AL2i3,3133.5
12688,OA-ASM1,3133.6
10687,OA-AL2i3,3134.1
10011,OA-AL2i1,3134.3
10265,OA-AL2i2,3134.8
10175,OA-VUMa6,3135.6
10041,OA-VUMa1,3135.9
10226,OA-AL2i3,3136.0
10677,OA-AL2i4,3136.5
12109,OA-VUMa2,3136.6
10204,OA-AL2i2,3136.7000000000003
53065,Mi1,3136.8
10187,OA-VPM3,3137.0
10555,OA-VUMa3,3137.6
10120,OA-VPM4,3137.9
10168,OA-VUMa6,3138.6000000000004
11005,OA-VUMa4,3138.7
10072,OA-AL2i1,3138.9
11608,OA-VUMa2,3138.9
10799,OA-VUMa4,3139.1
10185,OA-VUMa8,3139.5
11921,OA-VPM4,3139.6
10825,OA-AL2i3,3140.9
11264,OA-ASM1,3140.9
10080,OA-VUMa3,3141.7000000000003
287884,OA-VPM3,3142.0000000000005
11602,OA-ASM1,3142.0000000000005
12896,OA-VUMa5,3142.7
10652,OA-AL2i4,3143.2000000000003
10110,OA-VUMa1,3143.9
10269,OA-AL2i2,3144.0
10322,OA-AL2i2,3144.3
10011,OA-AL2i1,3145.4
12688,OA-ASM1,3145.6
10687,OA-AL2i3,3146.1
10658,OA-AL2i3,3146.1
10265,OA-AL2i2,3146.9
10041,OA-VUMa1,3147.0
286259,OA-ASM1,3147.1
10175,OA-VUMa6,3147.2000000000003
10226,OA-AL2i3,3147.7
12109,OA-VUMa2,3147.9
10187,OA-VPM3,3149.5
10677,OA-AL2i4,3149.7999999999997
10120,OA-VPM4,3150.3
10555,OA-VUMa3,3150.5
10204,OA-AL2i2,3150.6000000000004
10072,OA-AL2i1,3150.7
11608,OA-VUMa2,3150.8
10168,OA-VUMa6,3151.1
11005,OA-VUMa4,3151.2999999999997
53065,Mi1,3151.7
10799,OA-VUMa4,3151.7
10825,OA-AL2i3,3152.5000000000005
10185,OA-VUMa8,3152.8
11921,OA-VPM4,3153.3
11264,OA-ASM1,3153.7999999999997
10080,OA-VUMa3,3153.9
12896,OA-VUMa5,3154.4
287884,OA-VPM3,3154.9
11602,OA-ASM1,3154.9
10110,OA-VUMa1,3154.9
10011,OA-AL2i1,3155.9
10322,OA-AL2i2,3156.3
10269,OA-AL2i2,3156.9
10652,OA-AL2i4,3156.9
10041,OA-VUMa1,3157.0
12688,OA-ASM1,3157.6
10658,OA-AL2i3,3158.0000000000005
10687,OA-AL2i3,3158.2000000000003
10265,OA-AL2i2,3158.5
10175,OA-VUMa6,3159.0
12109,OA-VUMa2,3159.5
10226,OA-AL2i3,3160.3
10072,OA-AL2i1,3160.5000000000005
286259,OA-ASM1,3160.8
11608,OA-VUMa2,3161.7000000000003
10677,OA-AL2i4,3162.0000000000005
10120,OA-VPM4,3162.3
10187,OA-VPM3,3162.4
10204,OA-AL2i2,3162.8
11005,OA-VUMa4,3162.9
10168,OA-VUMa6,3163.1
10555,OA-VUMa3,3163.2999999999997
10825,OA-AL2i3,3164.6
10799,OA-VUMa4,3164.9
10185,OA-VUMa8,3165.2
12896,OA-VUMa5,3165.4
10110,OA-VUMa1,3165.7999999999997
53065,Mi1,3166.2000000000003
11602,OA-ASM1,3166.6000000000004
11921,OA-VPM4,3166.7
10080,OA-VUMa3,3166.8
11264,OA-ASM1,3167.5
10041,OA-VUMa1,3167.6
287884,OA-VPM3,3167.7
10322,OA-AL2i2,3168.2000000000003
10011,OA-AL2i1,3168.4
10072,OA-AL2i1,3169.6
10269,OA-AL2i2,3169.7000000000003
10652,OA-AL2i4,3169.7000000000003
10175,OA-VUMa6,3170.0000000000005
10658,OA-AL2i3,3170.1
10687,OA-AL2i3,3170.2000000000003
12109,OA-VUMa2,3170.2000000000003
12688,OA-ASM1,3170.3
10265,OA-AL2i2,3170.9
11608,OA-VUMa2,3171.6
10226,OA-AL2i3,3171.9
10168,OA-VUMa6,3174.4
286259,OA-ASM1,3174.5
10187,OA-VPM3,3174.6000000000004
10120,OA-VPM4,3175.1
10204,OA-AL2i2,3175.2000000000003
10677,OA-AL2i4,3175.2999999999997
11005,OA-VUMa4,3175.2999999999997
10555,OA-VUMa3,3176.0
12896,OA-VUMa5,3176.4
10825,OA-AL2i3,3177.0
10110,OA-VUMa1,3177.2
10799,OA-VUMa4,3177.3
10185,OA-VUMa8,3177.4
10041,OA-VUMa1,3178.7
10072,OA-AL2i1,3179.6000000000004
11921,OA-VPM4,3179.8
287884,OA-VPM3,3179.8
11264,OA-ASM1,3179.9
10080,OA-VUMa3,3180.0
10011,OA-AL2i1,3180.2000000000003
11602,OA-ASM1,3180.3
10322,OA-AL2i2,3180.4
10658,OA-AL2i3,3180.9
12109,OA-VUMa2,3181.3
10175,OA-VUMa6,3181.5
53065,Mi1,3181.9
10687,OA-AL2i3,3182.2000000000003
10652,OA-AL2i4,3182.2000000000003
10265,OA-AL2i2,3182.5
12688,OA-ASM1,3182.8
11608,OA-VUMa2,3182.9
10226,OA-AL2i3,3183.5
10269,OA-AL2i2,3184.1000000000004
10168,OA-VUMa6,3186.3
10187,OA-VPM3,3186.8
286259,OA-ASM1,3187.7
11005,OA-VUMa4,3187.8
12896,OA-VUMa5,3187.8
10555,OA-VUMa3,3188.1
10677,OA-AL2i4,3188.4
10110,OA-VUMa1,3188.5000000000005
10120,OA-VPM4,3188.7000000000003
10204,OA-AL2i2,3188.7000000000003
10072,OA-AL2i1,3189.9
10825,OA-AL2i3,3190.0
10185,OA-VUMa8,3190.7
10041,OA-VUMa1,3190.9
10799,OA-VUMa4,3191.1
10011,OA-AL2i1,3192.0
287884,OA-VPM3,3192.3
10658,OA-AL2i3,3192.5000000000005
12109,OA-VUMa2,3192.8
10080,OA-VUMa3,3192.9
11264,OA-ASM1,3193.0
10322,OA-AL2i2,3193.0
10175,OA-VUMa6,3193.5
11602,OA-ASM1,3193.5
10687,OA-AL2i3,3194.0
11608,OA-VUMa2,3194.0
11921,OA-VPM4,3194.3
10652,OA-AL2i4,3194.9
10226,OA-AL2i3,3195.2000000000003
10265,OA-AL2i2,3195.2000000000003
12688,OA-ASM1,3195.8
10269,OA-AL2i2,3196.6
53065,Mi1,3196.9
10168,OA-VUMa6,3197.6
10072,OA-AL2i1,3198.8
10187,OA-VPM3,3199.1
12896,OA-VUMa5,3199.3
10120,OA-VPM4,3200.4
11005,OA-VUMa4,3200.5000000000005
10110,OA-VUMa1,3200.6
10555,OA-VUMa3,3201.7999999999997
10677,OA-AL2i4,3201.9
286259,OA-ASM1,3201.9
10041,OA-VUMa1,3202.1
10204,OA-AL2i2,3202.1
10825,OA-AL2i3,3202.1
10185,OA-VUMa8,3202.8
12109,OA-VUMa2,3204.1
10011,OA-AL2i1,3204.2000000000003
10658,OA-AL2i3,3204.3
287884,OA-VPM3,3204.7000000000003
10799,OA-VUMa4,3205.1000000000004
10322,OA-AL2i2,3205.2
10175,OA-VUMa6,3205.6
10080,OA-VUMa3,3205.7000000000003
10687,OA-AL2i3,3205.7000000000003
11608,OA-VUMa2,3205.9
10226,OA-AL2i3,3207.1
11602,OA-ASM1,3207.2000000000003
11264,OA-ASM1,3207.6000000000004
10652,OA-AL2i4,3207.7
12688,OA-ASM1,3208.0
10072,OA-AL2i1,3208.2000000000003
10265,OA-AL2i2,3208.2000000000003
11921,OA-VPM4,3208.4
10269,OA-AL2i2,3208.6
10168,OA-VUMa6,3209.9
12896,OA-VUMa5,3211.3
10110,OA-VUMa1,3212.0
10187,OA-VPM3,3212.1
53065,Mi1,3212.2999999999997
10120,OA-VPM4,3213.0
11005,OA-VUMa4,3213.0
10041,OA-VUMa1,3213.4
10555,OA-VUMa3,3213.7000000000003
10677,OA-AL2i4,3214.2
10825,OA-AL2i3,3214.9
10185,OA-VUMa8,3215.4
286259,OA-ASM1,3215.5
12109,OA-VUMa2,3215.7
10011,OA-AL2i1,3215.9
10204,OA-AL2i2,3215.9
10658,OA-AL2i3,3216.1
11608,OA-VUMa2,3216.8
10322,OA-AL2i2,3216.9
10799,OA-VUMa4,3217.4
10072,OA-AL2i1,3217.5
287884,OA-VPM3,3217.7000000000003
10175,OA-VUMa6,3218.0
10226,OA-AL2i3,3218.1
10080,OA-VUMa3,3218.9
10687,OA-AL2i3,3219.1
11602,OA-ASM1,3219.6000000000004
10269,OA-AL2i2,3220.5000000000005
10652,OA-AL2i4,3220.7000000000003
10168,OA-VUMa6,3220.8
12688,OA-ASM1,3220.8
10265,OA-AL2i2,3221.3
11264,OA-ASM1,3221.7999999999997
12896,OA-VUMa5,3221.9
10110,OA-VUMa1,3222.3
11921,OA-VPM4,3222.8
10041,OA-VUMa1,3224.8
10187,OA-VPM3,3225.4
11005,OA-VUMa4,3225.9
10555,OA-VUMa3,3226.0
10011,OA-AL2i1,3226.3
53065,Mi1,3226.8
10120,OA-VPM4,3227.0000000000005
10677,OA-AL2i4,3227.0000000000005
10185,OA-VUMa8,3227.2000000000003
10825,OA-AL2i3,3227.2000000000003
12109,OA-VUMa2,3227.6000000000004
10072,OA-AL2i1,3228.1
10322,OA-AL2i2,3228.2000000000003
10658,OA-AL2i3,3228.2000000000003
11608,OA-VUMa2,3228.2999999999997
10204,OA-AL2i2,3229.2
286259,OA-ASM1,3229.2
10226,OA-AL2i3,3229.6
10175,OA-VUMa6,3230.1
287884,OA-VPM3,3230.5
10799,OA-VUMa4,3230.6000000000004
10687,OA-AL2i3,3231.4
10080,OA-VUMa3,3232.0
10168,OA-VUMa6,3232.6
11602,OA-ASM1,3232.9
12896,OA-VUMa5,3232.9
10652,OA-AL2i4,3233.0
10269,OA-AL2i2,3233.2
12688,OA-ASM1,3233.3
10110,OA-VUMa1,3233.7000000000003
11264,OA-ASM1,3233.9
10265,OA-AL2i2,3234.1
10041,OA-VUMa1,3235.0000000000005
11921,OA-VPM4,3236.1
11005,OA-VUMa4,3237.0
10187,OA-VPM3,3237.2
10072,OA-AL2i1,3238.0
10185,OA-VUMa8,3238.2
10011,OA-AL2i1,3238.3
10555,OA-VUMa3,3238.9
12109,OA-VUMa2,3239.2000000000003
10120,OA-VPM4,3239.5
10658,OA-AL2i3,3239.6000000000004
11608,OA-VUMa2,3239.9
10677,OA-AL2i4,3240.1
10322,OA-AL2i2,3240.7000000000003
10825,OA-AL2i3,3240.8
53065,Mi1,3241.6
10204,OA-AL2i2,3241.7999999999997
10226,OA-AL2i3,3242.1000000000004
10175,OA-VUMa6,3242.5
286259,OA-ASM1,3242.7000000000003
10799,OA-VUMa4,3243.5
287884,OA-VPM3,3243.5
12896,OA-VUMa5,3243.9
10687,OA-AL2i3,3244.2000000000003
10168,OA-VUMa6,3245.1000000000004
10110,OA-VUMa1,3245.3
10080,OA-VUMa3,3245.4
10652,OA-AL2i4,3245.6
10269,OA-AL2i2,3245.7000000000003
11602,OA-ASM1,3245.7000000000003
10041,OA-VUMa1,3246.3
10265,OA-AL2i2,3246.4
11264,OA-ASM1,3247.2000000000003
12688,OA-ASM1,3247.5
11005,OA-VUMa4,3248.1
11921,OA-VPM4,3248.2999999999997
10187,OA-VPM3,3249.7999999999997
10072,OA-AL2i1,3250.4
10011,OA-AL2i1,3250.6
10185,OA-VUMa8,3250.9
11608,OA-VUMa2,3251.0000000000005
12109,OA-VUMa2,3251.1
10658,OA-AL2i3,3251.9
10120,OA-VPM4,3251.9
10322,OA-AL2i2,3252.2000000000003
10555,OA-VUMa3,3252.2000000000003
10677,OA-AL2i4,3252.6
10825,OA-AL2i3,3252.8
10226,OA-AL2i3,3254.0
10175,OA-VUMa6,3254.1000000000004
12896,OA-VUMa5,3255.1
10204,OA-AL2i2,3255.6000000000004
53065,Mi1,3255.8
10687,OA-AL2i3,3256.2999999999997
10799,OA-VUMa4,3256.5
10110,OA-VUMa1,3257.1000000000004
287884,OA-VPM3,3257.1000000000004
286259,OA-ASM1,3257.2
10041,OA-VUMa1,3257.8
10168,OA-VUMa6,3257.8
10269,OA-AL2i2,3257.9
10265,OA-AL2i2,3258.4
10080,OA-VUMa3,3258.4
10652,OA-AL2i4,3258.9
11602,OA-ASM1,3258.9
11005,OA-VUMa4,3260.1
10072,OA-AL2i1,3260.2999999999997
12688,OA-ASM1,3260.5
11264,OA-ASM1,3260.8
10011,OA-AL2i1,3262.1000000000004
10187,OA-VPM3,3262.1000000000004
12109,OA-VUMa2,3262.6
11608,OA-VUMa2,3262.7000000000003
11921,OA-VPM4,3262.9
10120,OA-VPM4,3264.0
10185,OA-VUMa8,3264.2000000000003
10322,OA-AL2i2,3264.7
10825,OA-AL2i3,3264.8
10658,OA-AL2i3,3264.9
10226,OA-AL2i3,3265.3
10555,OA-VUMa3,3265.9
10677,OA-AL2i4,3266.3
12896,OA-VUMa5,3266.3
10175,OA-VUMa6,3266.4
10204,OA-AL2i2,3267.8
10041,OA-VUMa1,3268.7
10110,OA-VUMa1,3268.7
10687,OA-AL2i3,3269.2
287884,OA-VPM3,3269.3
10168,OA-VUMa6,3269.8
10799,OA-VUMa4,3269.9
10269,OA-AL2i2,3270.2
53065,Mi1,3270.4
10265,OA-AL2i2,3270.5
286259,OA-ASM1,3270.9
10652,OA-AL2i4,3271.4
10080,OA-VUMa3,3272.0
11602,OA-ASM1,3272.5
10072,OA-AL2i1,3272.6
11005,OA-VUMa4,3272.7
12688,OA-ASM1,3273.5000000000005
11264,OA-ASM1,3273.7000000000003
10011,OA-AL2i1,3273.8
11608,OA-VUMa2,3274.0
10187,OA-VPM3,3275.3
10120,OA-VPM4,3276.2000000000003
10185,OA-VUMa8,3276.2999999999997
10658,OA-AL2i3,3276.4
12109,OA-VUMa2,3276.5
10322,OA-AL2i2,3276.8
11921,OA-VPM4,3277.1000000000004
10825,OA-AL2i3,3277.4
10226,OA-AL2i3,3277.7000000000003
12896,OA-VUMa5,3278.1000000000004
10175,OA-VUMa6,3278.2
10555,OA-VUMa3,3278.5
10677,OA-AL2i4,3279.7
10110,OA-VUMa1,3280.1
10204,OA-AL2i2,3280.1
10687,OA-AL2i3,3280.8
10041,OA-VUMa1,3281.0
287884,OA-VPM3,3282.1000000000004
10168,OA-VUMa6,3282.2
10265,OA-AL2i2,3283.1
10269,OA-AL2i2,3283.1
10799,OA-VUMa4,3283.6000000000004
11005,OA-VUMa4,3283.8
10072,OA-AL2i1,3284.0
10652,OA-AL2i4,3284.1
286259,OA-ASM1,3284.1
53065,Mi1,3285.2000000000003
10080,OA-VUMa3,3285.4
11602,OA-ASM1,3285.6
11608,OA-VUMa2,3285.8
10011,OA-AL2i1,3285.9
12688,OA-ASM1,3286.7000000000003
11264,OA-ASM1,3286.7000000000003
10187,OA-VPM3,3287.4
10658,OA-AL2i3,3287.7
12109,OA-VUMa2,3288.0
10185,OA-VUMa8,3288.2999999999997
10120,OA-VPM4,3288.6
10322,OA-AL2i2,3288.6
10175,OA-VUMa6,3289.6
12896,OA-VUMa5,3290.4
11921,OA-VPM4,3290.5
10110,OA-VUMa1,3290.6
10226,OA-AL2i3,3291.3
10825,OA-AL2i3,3291.4
10555,OA-VUMa3,3291.8
10204,OA-AL2i2,3292.9
10677,OA-AL2i4,3292.9
10041,OA-VUMa1,3293.4
10687,OA-AL2i3,3293.6
10168,OA-VUMa6,3293.6
287884,OA-VPM3,3294.7999999999997
10269,OA-AL2i2,3295.1
10265,OA-AL2i2,3295.3
11005,OA-VUMa4,3295.9
10799,OA-VUMa4,3296.0
10011,OA-AL2i1,3296.1
10652,OA-AL2i4,3296.2999999999997
11608,OA-VUMa2,3296.8
10072,OA-AL2i1,3296.8
11602,OA-ASM1,3298.2
286259,OA-ASM1,3298.6
10080,OA-VUMa3,3299.0000000000005
10658,OA-AL2i3,3299.5
10187,OA-VPM3,3299.6000000000004
12688,OA-ASM1,3299.7
53065,Mi1,3299.7
10322,OA-AL2i2,3300.0
11264,OA-ASM1,3300.2000000000003
12109,OA-VUMa2,3300.5
12896,OA-VUMa5,3301.1000000000004
10175,OA-VUMa6,3301.2000000000003
10120,OA-VPM4,3301.3
10185,OA-VUMa8,3301.3
10110,OA-VUMa1,3301.5000000000005
10226,OA-AL2i3,3302.9
11921,OA-VPM4,3303.4
10825,OA-AL2i3,3303.7
10041,OA-VUMa1,3303.8
10555,OA-VUMa3,3304.2999999999997
10168,OA-VUMa6,3304.5
10687,OA-AL2i3,3305.4
10677,OA-AL2i4,3306.0
10204,OA-AL2i2,3306.2
10265,OA-AL2i2,3307.3
287884,OA-VPM3,3307.5
11005,OA-VUMa4,3307.8
11608,OA-VUMa2,3307.8
10269,OA-AL2i2,3308.0
10072,OA-AL2i1,3308.9
10799,OA-VUMa4,3309.2000000000003
10011,OA-AL2i1,3309.4
10652,OA-AL2i4,3309.5000000000005
11602,OA-ASM1,3310.6
10658,OA-AL2i3,3310.9
10322,OA-AL2i2,3311.9
10187,OA-VPM3,3312.2999999999997
12109,OA-VUMa2,3312.4
10080,OA-VUMa3,3312.5
12688,OA-ASM1,3312.8
12896,OA-VUMa5,3312.9
10175,OA-VUMa6,3313.0
10110,OA-VUMa1,3313.3
10185,OA-VUMa8,3313.3
286259,OA-ASM1,3313.5000000000005
53065,Mi1,3314.4
11264,OA-ASM1,3314.4
10120,OA-VPM4,3314.5
10226,OA-AL2i3,3314.7000000000003
10041,OA-VUMa1,3315.1
10168,OA-VUMa6,3315.9
10825,OA-AL2i3,3316.3
11921,OA-VPM4,3317.1
10555,OA-VUMa3,3317.4
10677,OA-AL2i4,3318.0
10687,OA-AL2i3,3318.4
11608,OA-VUMa2,3319.1
10204,OA-AL2i2,3319.3
11005,OA-VUMa4,3319.4
287884,OA-VPM3,3319.8
10269,OA-AL2i2,3319.9
10072,OA-AL2i1,3320.3
10265,OA-AL2i2,3320.4
10011,OA-AL2i1,3321.9
10658,OA-AL2i3,3322.0
10652,OA-AL2i4,3322.5
10799,OA-VUMa4,3322.7000000000003
12109,OA-VUMa2,3323.9
10322,OA-AL2i2,3324.6000000000004
11602,OA-ASM1,3324.7
10187,OA-VPM3,3324.8
10080,OA-VUMa3,3325.0
12896,OA-VUMa5,3325.2000000000003
10175,OA-VUMa6,3325.4
12688,OA-ASM1,3325.6
10110,OA-VUMa1,3325.7000000000003
10226,OA-AL2i3,3325.7000000000003
10185,OA-VUMa8,3326.1000000000004
10041,OA-VUMa1,3326.3
10120,OA-VPM4,3326.9
286259,OA-ASM1,3327.8
10168,OA-VUMa6,3328.0
11264,OA-ASM1,3328.0
53065,Mi1,3328.4
10825,OA-AL2i3,3329.3
10687,OA-AL2i3,3329.8
11608,OA-VUMa2,3330.4
10555,OA-VUMa3,3330.7000000000003
11921,OA-VPM4,3330.9
11005,OA-VUMa4,3331.7
10204,OA-AL2i2,3331.7
287884,OA-VPM3,3332.1
10677,OA-AL2i4,3332.2000000000003
10269,OA-AL2i2,3332.5
10072,OA-AL2i1,3332.9
10011,OA-AL2i1,3333.6
10265,OA-AL2i2,3333.8
10658,OA-AL2i3,3334.1000000000004
10652,OA-AL2i4,3334.6
10799,OA-VUMa4,3335.2
12109,OA-VUMa2,3335.7
10322,OA-AL2i2,3336.2000000000003
10110,OA-VUMa1,3336.9
11602,OA-ASM1,3337.3
10226,OA-AL2i3,3337.4
10187,OA-VPM3,3337.5000000000005
12896,OA-VUMa5,3337.8
10175,OA-VUMa6,3337.9
10080,OA-VUMa3,3338.0
12688,OA-ASM1,3338.4
10185,OA-VUMa8,3339.2
10041,OA-VUMa1,3339.3
10168,OA-VUMa6,3339.6000000000004
10120,OA-VPM4,3339.8
11264,OA-ASM1,3340.9
11608,OA-VUMa2,3341.6
286259,OA-ASM1,3341.6
10825,OA-AL2i3,3343.0
53065,Mi1,3343.3
11005,OA-VUMa4,3343.3
10687,OA-AL2i3,3343.4
10555,OA-VUMa3,3343.5
10269,OA-AL2i2,3344.5
287884,OA-VPM3,3344.5
11921,OA-VPM4,3344.7
10072,OA-AL2i1,3344.9
10204,OA-AL2i2,3345.1
10265,OA-AL2i2,3345.5000000000005
10011,OA-AL2i1,3345.6
10658,OA-AL2i3,3346.2
10677,OA-AL2i4,3346.3
12109,OA-VUMa2,3346.5
10110,OA-VUMa1,3347.5
10799,OA-VUMa4,3347.7000000000003
10322,OA-AL2i2,3348.0000000000005
10652,OA-AL2i4,3348.0000000000005
12896,OA-VUMa5,3348.9
10226,OA-AL2i3,3348.9
10175,OA-VUMa6,3349.6
11602,OA-ASM1,3350.1000000000004
10187,OA-VPM3,3350.4
10041,OA-VUMa1,3350.6
12688,OA-ASM1,3351.0
10080,OA-VUMa3,3351.3
10120,OA-VPM4,3352.1
10185,OA-VUMa8,3352.2000000000003
11608,OA-VUMa2,3352.9
10168,OA-VUMa6,3353.0
11264,OA-ASM1,3353.9
286259,OA-ASM1,3354.4
10687,OA-AL2i3,3355.6000000000004
10825,OA-AL2i3,3356.4
10555,OA-VUMa3,3356.5
11005,OA-VUMa4,3356.5
10269,OA-AL2i2,3356.7
10072,OA-AL2i1,3356.8
10011,OA-AL2i1,3357.2000000000003
10204,OA-AL2i2,3357.2000000000003
287884,OA-VPM3,3357.4
12109,OA-VUMa2,3357.5000000000005
53065,Mi1,3357.5000000000005
10110,OA-VUMa1,3357.6
10658,OA-AL2i3,3358.3
10265,OA-AL2i2,3358.7999999999997
10677,OA-AL2i4,3359.0
11921,OA-VPM4,3359.3
10226,OA-AL2i3,3360.1
10322,OA-AL2i2,3360.2000000000003
12896,OA-VUMa5,3360.5
10652,OA-AL2i4,3360.8
10799,OA-VUMa4,3361.0
10041,OA-VUMa1,3361.8
10175,OA-VUMa6,3362.3
10187,OA-VPM3,3363.3
11602,OA-ASM1,3364.0000000000005
10080,OA-VUMa3,3364.3
12688,OA-ASM1,3364.4
10120,OA-VPM4,3364.7
10168,OA-VUMa6,3364.8
10185,OA-VUMa8,3365.4
11608,OA-VUMa2,3365.4
11264,OA-ASM1,3366.7000000000003
10687,OA-AL2i3,3367.7000000000003
10110,OA-VUMa1,3367.8
11005,OA-VUMa4,3368.2000000000003
10555,OA-VUMa3,3368.6000000000004
286259,OA-ASM1,3368.7
12109,OA-VUMa2,3369.2000000000003
10825,OA-AL2i3,3369.2999999999997
10072,OA-AL2i1,3369.6
10269,OA-AL2i2,3370.2
10204,OA-AL2i2,3370.3
10677,OA-AL2i4,3370.3
10658,OA-AL2i3,3370.4
10011,OA-AL2i1,3370.5
287884,OA-VPM3,3371.2
53065,Mi1,3371.5
12896,OA-VUMa5,3371.9
10322,OA-AL2i2,3372.0000000000005
10226,OA-AL2i3,3372.1
10265,OA-AL2i2,3372.4
11921,OA-VPM4,3372.7
10041,OA-VUMa1,3372.8
10799,OA-VUMa4,3373.4
10175,OA-VUMa6,3374.1000000000004
10652,OA-AL2i4,3375.0
10187,OA-VPM3,3376.1
10168,OA-VUMa6,3376.2000000000003
11608,OA-VUMa2,3376.6000000000004
11602,OA-ASM1,3376.6000000000004
12688,OA-ASM1,3377.2000000000003
10120,OA-VPM4,3377.5
10185,OA-VUMa8,3377.6
10080,OA-VUMa3,3377.7000000000003
10110,OA-VUMa1,3378.3
10687,OA-AL2i3,3379.3
12109,OA-VUMa2,3380.2000000000003
11264,OA-ASM1,3380.4
11005,OA-VUMa4,3380.4
10658,OA-AL2i3,3381.6
10011,OA-AL2i1,3382.1000000000004
10555,OA-VUMa3,3382.2
10072,OA-AL2i1,3382.3
286259,OA-ASM1,3382.5
10825,OA-AL2i3,3382.6
12896,OA-VUMa5,3383.2
10269,OA-AL2i2,3383.3
10041,OA-VUMa1,3383.4
10677,OA-AL2i4,3383.7000000000003
10204,OA-AL2i2,3384.3
10322,OA-AL2i2,3384.3
287884,OA-VPM3,3384.4
10226,OA-AL2i3,3385.0
10265,OA-AL2i2,3385.2999999999997
53065,Mi1,3386.1000000000004
11921,OA-VPM4,3386.2
10799,OA-VUMa4,3386.3
10175,OA-VUMa6,3386.7000000000003
10168,OA-VUMa6,3387.7000000000003
11608,OA-VUMa2,3388.3
10652,OA-AL2i4,3388.6000000000004
10187,OA-VPM3,3389.1
11602,OA-ASM1,3389.5
12688,OA-ASM1,3389.6
10110,OA-VUMa1,3389.7000000000003
10185,OA-VUMa8,3390.2
10120,OA-VPM4,3390.4
10080,OA-VUMa3,3391.3
10687,OA-AL2i3,3391.9
12109,OA-VUMa2,3391.9
10072,OA-AL2i1,3392.3
11005,OA-VUMa4,3392.3
10658,OA-AL2i3,3393.7000000000003
10011,OA-AL2i1,3393.7000000000003
11264,OA-ASM1,3393.7000000000003
10041,OA-VUMa1,3394.2
12896,OA-VUMa5,3394.7000000000003
10825,OA-AL2i3,3394.9
286259,OA-ASM1,3395.1000000000004
10555,OA-VUMa3,3395.3
10269,OA-AL2i2,3395.9
10322,OA-AL2i2,3396.0000000000005
10226,OA-AL2i3,3396.4
10677,OA-AL2i4,3396.5
10265,OA-AL2i2,3397.0
10204,OA-AL2i2,3397.2999999999997
287884,OA-VPM3,3397.5
10175,OA-VUMa6,3397.9
10168,OA-VUMa6,3399.0
10799,OA-VUMa4,3399.0
11608,OA-VUMa2,3399.7000000000003
10110,OA-VUMa1,3400.5
11921,OA-VPM4,3401.2000000000003
10652,OA-AL2i4,3401.2000000000003
10187,OA-VPM3,3401.6
11602,OA-ASM1,3401.8
10185,OA-VUMa8,3401.9
53065,Mi1,3402.3
12688,OA-ASM1,3402.7000000000003
12109,OA-VUMa2,3403.5
10080,OA-VUMa3,3403.7000000000003
10120,OA-VPM4,3403.9
11005,OA-VUMa4,3404.3
10072,OA-AL2i1,3404.3
10687,OA-AL2i3,3404.4
10041,OA-VUMa1,3404.6000000000004
10658,OA-AL2i3,3405.2000000000003
10011,OA-AL2i1,3405.7
12896,OA-VUMa5,3405.7
11264,OA-ASM1,3406.6
10825,OA-AL2i3,3407.6
10226,OA-AL2i3,3407.7000000000003
10269,OA-AL2i2,3407.9
10555,OA-VUMa3,3408.0000000000005
10322,OA-AL2i2,3408.2000000000003
286259,OA-ASM1,3408.8
10175,OA-VUMa6,3408.9
10204,OA-AL2i2,3408.9
10265,OA-AL2i2,3409.1
10677,OA-AL2i4,3409.1
10168,OA-VUMa6,3410.5000000000005
11608,OA-VUMa2,3411.6
10110,OA-VUMa1,3412.1
287884,OA-VPM3,3412.2000000000003
10799,OA-VUMa4,3412.9
10187,OA-VPM3,3413.5
11602,OA-ASM1,3413.9
10652,OA-AL2i4,3414.5000000000005
12109,OA-VUMa2,3414.5000000000005
12688,OA-ASM1,3415.1000000000004
10185,OA-VUMa8,3415.2
11921,OA-VPM4,3415.3
53065,Mi1,3415.3
10041,OA-VUMa1,3415.5
10687,OA-AL2i3,3416.2000000000003
10120,OA-VPM4,3416.3
11005,OA-VUMa4,3416.6000000000004
10080,OA-VUMa3,3416.8
10072,OA-AL2i1,3416.9
12896,OA-VUMa5,3417.1
10011,OA-AL2i1,3417.2999999999997
10658,OA-AL2i3,3418.0
10269,OA-AL2i2,3419.4
10226,OA-AL2i3,3419.9
10322,OA-AL2i2,3420.0000000000005
10555,OA-VUMa3,3420.0000000000005
11264,OA-ASM1,3420.2000000000003
10825,OA-AL2i3,3420.4
10175,OA-VUMa6,3420.5
10677,OA-AL2i4,3421.5
10168,OA-VUMa6,3421.5
10265,OA-AL2i2,3421.6
10110,OA-VUMa1,3422.2000000000003
11608,OA-VUMa2,3422.5000000000005
286259,OA-ASM1,3422.5000000000005
10204,OA-AL2i2,3423.0
10799,OA-VUMa4,3425.7
287884,OA-VPM3,3425.7
11602,OA-ASM1,3425.9
10041,OA-VUMa1,3425.9
10187,OA-VPM3,3426.0
12109,OA-VUMa2,3426.2000000000003
12688,OA-ASM1,3427.2
11005,OA-VUMa4,3428.2000000000003
12896,OA-VUMa5,3428.4
10687,OA-AL2i3,3428.5
10120,OA-VPM4,3428.7
10652,OA-AL2i4,3428.9
10185,OA-VUMa8,3428.9
10011,OA-AL2i1,3429.2000000000003
10080,OA-VUMa3,3429.4
10072,OA-AL2i1,3429.6
11921,OA-VPM4,3429.8
53065,Mi1,3429.9
10658,OA-AL2i3,3430.3
10269,OA-AL2i2,3431.2
10226,OA-AL2i3,3431.6
10175,OA-VUMa6,3431.7999999999997
10322,OA-AL2i2,3432.3
10110,OA-VUMa1,3432.5
10168,OA-VUMa6,3432.9
10555,OA-VUMa3,3432.9
10825,OA-AL2i3,3433.1
11264,OA-ASM1,3433.1
11608,OA-VUMa2,3433.1
10265,OA-AL2i2,3433.8
10677,OA-AL2i4,3434.7000000000003
10204,OA-AL2i2,3435.6
10041,OA-VUMa1,3436.5
286259,OA-ASM1,3436.7
12109,OA-VUMa2,3438.0
11602,OA-ASM1,3438.1000000000004
287884,OA-VPM3,3438.2000000000003
10799,OA-VUMa4,3438.8
10187,OA-VPM3,3438.8
12688,OA-ASM1,3439.3
10687,OA-AL2i3,3439.6
12896,OA-VUMa5,3440.7
10120,OA-VPM4,3440.8
10185,OA-VUMa8,3440.9
11005,OA-VUMa4,3440.9
10011,OA-AL2i1,3441.5
10175,OA-VUMa6,3442.1000000000004
10652,OA-AL2i4,3442.3
10072,OA-AL2i1,3442.6
10080,OA-VUMa3,3442.7000000000003
10658,OA-AL2i3,3442.7000000000003
10269,OA-AL2i2,3443.4
10110,OA-VUMa1,3443.7999999999997
53065,Mi1,3443.7999999999997
11921,OA-VPM4,3443.9
11608,OA-VUMa2,3444.0
10322,OA-AL2i2,3444.5
10226,OA-AL2i3,3444.6000000000004
10168,OA-VUMa6,3444.9
11264,OA-ASM1,3444.9
10825,OA-AL2i3,3445.9
10041,OA-VUMa1,3446.4
10555,OA-VUMa3,3446.7000000000003
10265,OA-AL2i2,3447.0
10677,OA-AL2i4,3448.0
12109,OA-VUMa2,3448.6000000000004
10204,OA-AL2i2,3449.4
286259,OA-ASM1,3449.9
12688,OA-ASM1,3451.4
12896,OA-VUMa5,3451.5
287884,OA-VPM3,3451.7000000000003
11602,OA-ASM1,3452.1
10187,OA-VPM3,3452.2000000000003
10120,OA-VPM4,3452.3
10185,OA-VUMa8,3452.3
10687,OA-AL2i3,3452.4
10799,OA-VUMa4,3452.7
10011,OA-AL2i1,3453.6000000000004
10175,OA-VUMa6,3453.7
10080,OA-VUMa3,3454.6
10110,OA-VUMa1,3454.6
11005,OA-VUMa4,3454.7000000000003
10072,OA-AL2i1,3455.2
10652,OA-AL2i4,3455.2
10658,OA-AL2i3,3455.7000000000003
11608,OA-VUMa2,3455.9
10322,OA-AL2i2,3456.2000000000003
10269,OA-AL2i2,3456.6000000000004
10226,OA-AL2i3,3456.9
10041,OA-VUMa1,3457.0
10168,OA-VUMa6,3457.2000000000003
11264,OA-ASM1,3457.5
11921,OA-VPM4,3457.5
10825,OA-AL2i3,3458.2000000000003
10265,OA-AL2i2,3459.1000000000004
53065,Mi1,3459.7000000000003
12109,OA-VUMa2,3459.7999999999997
10555,OA-VUMa3,3460.8
10677,OA-AL2i4,3460.8
12896,OA-VUMa5,3462.3
10204,OA-AL2i2,3462.6
12688,OA-ASM1,3463.7999999999997
286259,OA-ASM1,3464.0
11602,OA-ASM1,3464.3
10687,OA-AL2i3,3464.9
10185,OA-VUMa8,3465.5
10799,OA-VUMa4,3465.8
10187,OA-VPM3,3466.0
10110,OA-VUMa1,3466.1
287884,OA-VPM3,3466.2000000000003
10011,OA-AL2i1,3466.8
10175,OA-VUMa6,3466.8
11005,OA-VUMa4,3467.0
10120,OA-VPM4,3467.0
10658,OA-AL2i3,3467.5
10072,OA-AL2i1,3467.6
10080,OA-VUMa3,3467.6
10652,OA-AL2i4,3468.0
10041,OA-VUMa1,3468.3
11608,OA-VUMa2,3468.3
10269,OA-AL2i2,3468.5
10322,OA-AL2i2,3468.6000000000004
10168,OA-VUMa6,3469.1
11264,OA-ASM1,3469.8
10226,OA-AL2i3,3470.9
10825,OA-AL2i3,3470.9
11921,OA-VPM4,3471.3
12109,OA-VUMa2,3471.6
10265,OA-AL2i2,3472.1
10677,OA-AL2i4,3473.2000000000003
12896,OA-VUMa5,3473.3
10555,OA-VUMa3,3474.0
53065,Mi1,3474.0
10204,OA-AL2i2,3474.8
12688,OA-ASM1,3476.5
10687,OA-AL2i3,3476.9
10110,OA-VUMa1,3477.5
10185,OA-VUMa8,3477.5
11602,OA-ASM1,3477.5
287884,OA-VPM3,3478.4
286259,OA-ASM1,3478.5000000000005
11005,OA-VUMa4,3479.0
10187,OA-VPM3,3479.1000000000004
10041,OA-VUMa1,3479.3
10175,OA-VUMa6,3479.3
10799,OA-VUMa4,3479.6
11608,OA-VUMa2,3479.6
10168,OA-VUMa6,3479.9
10658,OA-AL2i3,3480.3
10072,OA-AL2i1,3480.4
10011,OA-AL2i1,3480.6000000000004
10652,OA-AL2i4,3480.8
10080,OA-VUMa3,3480.9
10120,OA-VPM4,3481.3
10269,OA-AL2i2,3481.6000000000004
10322,OA-AL2i2,3482.1
10825,OA-AL2i3,3483.3
11264,OA-ASM1,3483.5
10226,OA-AL2i3,3483.5
12109,OA-VUMa2,3483.7999999999997
10265,OA-AL2i2,3485.1
11921,OA-VPM4,3485.6000000000004
10677,OA-AL2i4,3485.9
12896,OA-VUMa5,3485.9
10555,OA-VUMa3,3486.4
10204,OA-AL2i2,3487.0
12688,OA-ASM1,3487.7999999999997
10110,OA-VUMa1,3488.1
53065,Mi1,3488.2
10687,OA-AL2i3,3488.8
10185,OA-VUMa8,3489.1
11602,OA-ASM1,3490.7000000000003
11005,OA-VUMa4,3490.8
287884,OA-VPM3,3491.2
10168,OA-VUMa6,3491.2
10041,OA-VUMa1,3491.4
10658,OA-AL2i3,3491.6
10175,OA-VUMa6,3492.0
11608,OA-VUMa2,3492.0
10187,OA-VPM3,3492.3
286259,OA-ASM1,3492.3
10269,OA-AL2i2,3493.0000000000005
10072,OA-AL2i1,3493.2000000000003
10652,OA-AL2i4,3493.4
10120,OA-VPM4,3493.6000000000004
10011,OA-AL2i1,3493.7
10080,OA-VUMa3,3493.8
10799,OA-VUMa4,3494.2000000000003
10226,OA-AL2i3,3494.5000000000005
10322,OA-AL2i2,3495.0
12109,OA-VUMa2,3495.3
10825,OA-AL2i3,3495.5
11264,OA-ASM1,3496.2
12896,OA-VUMa5,3496.3
10265,OA-AL2i2,3497.8
10204,OA-AL2i2,3498.8
10555,OA-VUMa3,3498.8
10677,OA-AL2i4,3498.8
10110,OA-VUMa1,3499.5
11921,OA-VPM4,3499.5
12688,OA-ASM1,3499.6
10185,OA-VUMa8,3501.6000000000004
10687,OA-AL2i3,3502.0
11005,OA-VUMa4,3502.4
10041,OA-VUMa1,3502.6
53065,Mi1,3502.7000000000003
10658,OA-AL2i3,3502.8
10168,OA-VUMa6,3502.9
10072,OA-AL2i1,3503.1000000000004
287884,OA-VPM3,3503.3
11608,OA-VUMa2,3503.5
11602,OA-ASM1,3504.3
10175,OA-VUMa6,3504.8
10269,OA-AL2i2,3504.9
10011,OA-AL2i1,3505.0000000000005
10187,OA-VPM3,3505.2000000000003
10226,OA-AL2i3,3506.0
10652,OA-AL2i4,3506.0
286259,OA-ASM1,3506.2000000000003
12109,OA-VUMa2,3506.5
10322,OA-AL2i2,3506.7000000000003
10825,OA-AL2i3,3506.7000000000003
10080,OA-VUMa3,3506.8
10120,OA-VPM4,3507.1000000000004
10799,OA-VUMa4,3507.4
12896,OA-VUMa5,3509.1
10110,OA-VUMa1,3509.5
11264,OA-ASM1,3510.5
12688,OA-ASM1,3510.8
10677,OA-AL2i4,3511.0
10555,OA-VUMa3,3511.1000000000004
10265,OA-AL2i2,3511.1000000000004
10204,OA-AL2i2,3512.0
10185,OA-VUMa8,3512.7000000000003
11921,OA-VPM4,3513.1
10041,OA-VUMa1,3513.4
10687,OA-AL2i3,3513.6000000000004
10168,OA-VUMa6,3514.1
10658,OA-AL2i3,3514.2999999999997
11005,OA-VUMa4,3515.1000000000004
11608,OA-VUMa2,3515.1000000000004
287884,OA-VPM3,3515.5
10011,OA-AL2i1,3516.0
10072,OA-AL2i1,3516.2
11602,OA-ASM1,3516.7000000000003
10226,OA-AL2i3,3517.0000000000005
10175,OA-VUMa6,3517.1
10269,OA-AL2i2,3517.3
53065,Mi1,3517.5
10187,OA-VPM3,3518.1
10322,OA-AL2i2,3518.5
12109,OA-VUMa2,3518.5
10652,OA-AL2i4,3518.7000000000003
10825,OA-AL2i3,3518.7000000000003
286259,OA-ASM1,3518.8
10110,OA-VUMa1,3519.5
10120,OA-VPM4,3519.8
10080,OA-VUMa3,3520.1000000000004
12896,OA-VUMa5,3520.7000000000003
10799,OA-VUMa4,3521.1
10265,OA-AL2i2,3523.1000000000004
12688,OA-ASM1,3523.3
10677,OA-AL2i4,3523.6
10041,OA-VUMa1,3524.3
10185,OA-VUMa8,3524.3
11264,OA-ASM1,3524.5
10204,OA-AL2i2,3524.6
10687,OA-AL2i3,3525.5
10555,OA-VUMa3,3525.5
10168,OA-VUMa6,3526.0
11005,OA-VUMa4,3526.8
11608,OA-VUMa2,3526.9
10658,OA-AL2i3,3527.0
11921,OA-VPM4,3527.9
10011,OA-AL2i1,3528.1000000000004
10072,OA-AL2i1,3528.3
10226,OA-AL2i3,3528.9
10269,OA-AL2i2,3529.0000000000005
10175,OA-VUMa6,3529.1
287884,OA-VPM3,3529.1
10110,OA-VUMa1,3529.7
12109,OA-VUMa2,3529.9
11602,OA-ASM1,3530.1
10187,OA-VPM3,3530.4
10322,OA-AL2i2,3530.8
286259,OA-ASM1,3530.9
53065,Mi1,3531.9
12896,OA-VUMa5,3532.0
10825,OA-AL2i3,3532.3
10120,OA-VPM4,3532.5
10652,OA-AL2i4,3532.6
10080,OA-VUMa3,3533.7
10799,OA-VUMa4,3534.2999999999997
10265,OA-AL2i2,3534.6
10041,OA-VUMa1,3535.0
12688,OA-ASM1,3535.7000000000003
10185,OA-VUMa8,3536.5
10677,OA-AL2i4,3536.8
10168,OA-VUMa6,3536.8
11264,OA-ASM1,3537.1
11608,OA-VUMa2,3537.2000000000003
10204,OA-AL2i2,3537.6000000000004
10687,OA-AL2i3,3538.0
11005,OA-VUMa4,3538.4
10011,OA-AL2i1,3539.8
10658,OA-AL2i3,3539.8
10072,OA-AL2i1,3540.0
10110,OA-VUMa1,3540.5
10226,OA-AL2i3,3540.6
10555,OA-VUMa3,3540.8
10175,OA-VUMa6,3540.9
11921,OA-VPM4,3540.9
12109,OA-VUMa2,3541.6000000000004
287884,OA-VPM3,3541.8
10269,OA-AL2i2,3542.0
10322,OA-AL2i2,3542.1
12896,OA-VUMa5,3543.6
10120,OA-VPM4,3544.1000000000004
11602,OA-ASM1,3544.2
10187,OA-VPM3,3544.3
10825,OA-AL2i3,3545.4
10041,OA-VUMa1,3545.5
10652,OA-AL2i4,3545.7
10265,OA-AL2i2,3546.5
286259,OA-ASM1,3546.7
53065,Mi1,3546.7
10799,OA-VUMa4,3547.0
10080,OA-VUMa3,3547.2000000000003
10168,OA-VUMa6,3547.7000000000003
11608,OA-VUMa2,3548.4
12688,OA-ASM1,3548.7999999999997
10185,OA-VUMa8,3549.4
11005,OA-VUMa4,3550.2000000000003
10204,OA-AL2i2,3550.4
10687,OA-AL2i3,3550.4
10677,OA-AL2i4,3550.7
11264,OA-ASM1,3550.9
10658,OA-AL2i3,3551.0
10110,OA-VUMa1,3551.6
10011,OA-AL2i1,3552.2
10175,OA-VUMa6,3552.2
10072,OA-AL2i1,3552.6
12109,OA-VUMa2,3552.9
10226,OA-AL2i3,3553.7
11921,OA-VPM4,3554.5
10322,OA-AL2i2,3554.8
10269,OA-AL2i2,3554.9
10555,OA-VUMa3,3555.2000000000003
12896,OA-VUMa5,3555.2000000000003
287884,OA-VPM3,3555.2000000000003
10041,OA-VUMa1,3555.9
10120,OA-VPM4,3556.2
11602,OA-ASM1,3556.9
10187,OA-VPM3,3557.4
10652,OA-AL2i4,3558.5
10825,OA-AL2i3,3558.6
11608,OA-VUMa2,3559.3
10168,OA-VUMa6,3559.4
10265,OA-AL2i2,3559.4
10799,OA-VUMa4,3559.6
286259,OA-ASM1,3560.6
10080,OA-VUMa3,3560.6
10185,OA-VUMa8,3561.5
53065,Mi1,3561.5
12688,OA-ASM1,3561.6000000000004
10110,OA-VUMa1,3561.8
11005,OA-VUMa4,3562.0
10072,OA-AL2i1,3562.2000000000003
10687,OA-AL2i3,3562.9
10677,OA-AL2i4,3563.0
10658,OA-AL2i3,3563.0
10204,OA-AL2i2,3563.1000000000004
10175,OA-VUMa6,3563.4
12109,OA-VUMa2,3563.4
10011,OA-AL2i1,3564.1000000000004
11264,OA-ASM1,3564.3
10226,OA-AL2i3,3564.9
10269,OA-AL2i2,3566.2000000000003
10041,OA-VUMa1,3566.4
12896,OA-VUMa5,3566.8
10322,OA-AL2i2,3567.2000000000003
10555,OA-VUMa3,3567.5000000000005
287884,OA-VPM3,3567.8
11921,OA-VPM4,3568.6
10120,OA-VPM4,3569.3
11602,OA-ASM1,3569.7
10187,OA-VPM3,3571.0
10265,OA-AL2i2,3571.4
10168,OA-VUMa6,3571.5000000000005
10652,OA-AL2i4,3571.5000000000005
11608,OA-VUMa2,3571.8
10825,OA-AL2i3,3572.3
10799,OA-VUMa4,3572.5
10185,OA-VUMa8,3573.2000000000003
10080,OA-VUMa3,3573.4
10110,OA-VUMa1,3573.8
11005,OA-VUMa4,3574.0
10072,OA-AL2i1,3574.1
286259,OA-ASM1,3574.3
10658,OA-AL2i3,3574.5
10175,OA-VUMa6,3574.7
12688,OA-ASM1,3574.7
10687,OA-AL2i3,3575.2000000000003
12109,OA-VUMa2,3575.7000000000003
10204,OA-AL2i2,3575.8
10677,OA-AL2i4,3576.1000000000004
10011,OA-AL2i1,3576.2
53065,Mi1,3576.4
10226,OA-AL2i3,3576.6
10041,OA-VUMa1,3576.7999999999997
12896,OA-VUMa5,3578.0
10269,OA-AL2i2,3578.2000000000003
11264,OA-ASM1,3579.1000000000004
10322,OA-AL2i2,3579.3
10555,OA-VUMa3,3580.7000000000003
287884,OA-VPM3,3581.3
10120,OA-VPM4,3581.8
11602,OA-ASM1,3582.3
11921,OA-VPM4,3582.9
10168,OA-VUMa6,3583.1
11608,OA-VUMa2,3583.3
10187,OA-VPM3,3583.4
10265,OA-AL2i2,3584.3
10652,OA-AL2i4,3584.7999999999997
10825,OA-AL2i3,3585.0
10658,OA-AL2i3,3585.5
10185,OA-VUMa8,3585.6000000000004
10110,OA-VUMa1,3585.7
10080,OA-VUMa3,3586.0
10011,OA-AL2i1,3586.4
10072,OA-AL2i1,3586.4
11005,OA-VUMa4,3586.6000000000004
10799,OA-VUMa4,3586.6000000000004
10175,OA-VUMa6,3586.8
12109,OA-VUMa2,3587.5000000000005
10041,OA-VUMa1,3587.6
10687,OA-AL2i3,3587.6
10226,OA-AL2i3,3588.3
12688,OA-ASM1,3588.3
286259,OA-ASM1,3588.4
10677,OA-AL2i4,3588.7000000000003
10204,OA-AL2i2,3588.7999999999997
12896,OA-VUMa5,3589.2000000000003
53065,Mi1,3590.4
10269,OA-AL2i2,3590.7
10322,OA-AL2i2,3591.5000000000005
11264,OA-ASM1,3591.8
287884,OA-VPM3,3593.4
10555,OA-VUMa3,3593.8
10120,OA-VPM4,3594.0000000000005
11608,OA-VUMa2,3594.3
11602,OA-ASM1,3594.4
10187,OA-VPM3,3595.2000000000003
10168,OA-VUMa6,3595.6
10265,OA-AL2i2,3596.5
10185,OA-VUMa8,3596.7000000000003
10825,OA-AL2i3,3597.1
11921,OA-VPM4,3597.4
10110,OA-VUMa1,3597.6000000000004
10658,OA-AL2i3,3597.7
10652,OA-AL2i4,3598.0000000000005
10175,OA-VUMa6,3598.4
10041,OA-VUMa1,3598.5
12109,OA-VUMa2,3598.9
11005,OA-VUMa4,3599.0
10011,OA-AL2i1,3599.5000000000005
10226,OA-AL2i3,3599.7000000000003
10080,OA-VUMa3,3599.8
10072,OA-AL2i1,3600.0
10687,OA-AL2i3,3600.2
10799,OA-VUMa4,3601.0
12688,OA-ASM1,3601.1
10204,OA-AL2i2,3601.3
10677,OA-AL2i4,3601.6000000000004
12896,OA-VUMa5,3601.7000000000003
286259,OA-ASM1,3601.9
10269,OA-AL2i2,3603.2000000000003
10322,OA-AL2i2,3603.8
11264,OA-ASM1,3604.5
11608,OA-VUMa2,3605.2
10555,OA-VUMa3,3605.6000000000004
53065,Mi1,3606.2000000000003
10120,OA-VPM4,3606.5
10168,OA-VUMa6,3606.8
287884,OA-VPM3,3606.8
11602,OA-ASM1,3608.2
10265,OA-AL2i2,3608.6
10658,OA-AL2i3,3609.0
10825,OA-AL2i3,3609.1
10187,OA-VPM3,3609.4
10110,OA-VUMa1,3609.6000000000004
10175,OA-VUMa6,3610.1
10185,OA-VUMa8,3610.6000000000004
12109,OA-VUMa2,3610.6000000000004
10041,OA-VUMa1,3611.1
11005,OA-VUMa4,3611.1
10687,OA-AL2i3,3611.5000000000005
11921,OA-VPM4,3611.6
10652,OA-AL2i4,3611.7000000000003
10226,OA-AL2i3,3611.9
12896,OA-VUMa5,3612.3
10080,OA-VUMa3,3613.0
10011,OA-AL2i1,3613.2
10072,OA-AL2i1,3613.2
12688,OA-ASM1,3613.3
10799,OA-VUMa4,3613.6000000000004
10204,OA-AL2i2,3614.2000000000003
10677,OA-AL2i4,3614.5
10269,OA-AL2i2,3615.6
286259,OA-ASM1,3615.6
11608,OA-VUMa2,3615.9
10322,OA-AL2i2,3616.2
11264,OA-ASM1,3618.1
10555,OA-VUMa3,3618.2000000000003
10168,OA-VUMa6,3618.7
10120,OA-VPM4,3619.2999999999997
287884,OA-VPM3,3619.8
10110,OA-VUMa1,3620.3
10658,OA-AL2i3,3620.6
11602,OA-ASM1,3620.6
10175,OA-VUMa6,3621.1
10265,OA-AL2i2,3621.6000000000004
53065,Mi1,3621.7000000000003
10187,OA-VPM3,3622.0000000000005
12109,OA-VUMa2,3622.0000000000005
10185,OA-VUMa8,3622.1
10825,OA-AL2i3,3622.5
11005,OA-VUMa4,3623.1
10226,OA-AL2i3,3623.2999999999997
10041,OA-VUMa1,3623.5000000000005
10072,OA-AL2i1,3623.9
12896,OA-VUMa5,3624.3
10687,OA-AL2i3,3624.7999999999997
10652,OA-AL2i4,3624.9
10011,OA-AL2i1,3625.0
10080,OA-VUMa3,3625.9
10799,OA-VUMa4,3626.1
11921,OA-VPM4,3626.1
12688,OA-ASM1,3626.2000000000003
10677,OA-AL2i4,3627.0
11608,OA-VUMa2,3627.2999999999997
10269,OA-AL2i2,3627.7000000000003
10322,OA-AL2i2,3628.0
10204,OA-AL2i2,3628.6
286259,OA-ASM1,3629.6000000000004
10168,OA-VUMa6,3630.2000000000003
10555,OA-VUMa3,3631.0
10110,OA-VUMa1,3631.7000000000003
11264,OA-ASM1,3631.9
10658,OA-AL2i3,3632.5
10120,OA-VPM4,3632.9
10175,OA-VUMa6,3633.4
287884,OA-VPM3,3633.5
11602,OA-ASM1,3633.6000000000004
10265,OA-AL2i2,3634.1
12109,OA-VUMa2,3634.3
10185,OA-VUMa8,3634.8
10041,OA-VUMa1,3634.9
10226,OA-AL2i3,3634.9
10825,OA-AL2i3,3635.2000000000003
53065,Mi1,3635.6
12896,OA-VUMa5,3635.7000000000003
10187,OA-VPM3,3635.7000000000003
11005,OA-VUMa4,3635.8
10072,OA-AL2i1,3636.1000000000004
10011,OA-AL2i1,3636.8
10687,OA-AL2i3,3637.9
10652,OA-AL2i4,3638.0000000000005
12688,OA-ASM1,3638.6000000000004
11608,OA-VUMa2,3639.0
10799,OA-VUMa4,3639.1
10080,OA-VUMa3,3639.1
10322,OA-AL2i2,3640.2
11921,OA-VPM4,3640.3
10677,OA-AL2i4,3640.4
10168,OA-VUMa6,3641.2
10269,OA-AL2i2,3641.4
10204,OA-AL2i2,3641.8
10110,OA-VUMa1,3642.4
286259,OA-ASM1,3642.6000000000004
10658,OA-AL2i3,3643.9
10555,OA-VUMa3,3644.3
10120,OA-VPM4,3644.6
11264,OA-ASM1,3644.6
10175,OA-VUMa6,3644.7000000000003
10041,OA-VUMa1,3646.1
12109,OA-VUMa2,3646.3
10226,OA-AL2i3,3646.6000000000004
11602,OA-ASM1,3646.6000000000004
10265,OA-AL2i2,3646.8
287884,OA-VPM3,3647.6
10185,OA-VUMa8,3648.0
12896,OA-VUMa5,3648.1000000000004
10011,OA-AL2i1,3648.6
10187,OA-VPM3,3649.0
10825,OA-AL2i3,3649.1000000000004
11005,OA-VUMa4,3649.1000000000004
53065,Mi1,3649.3
10072,OA-AL2i1,3649.5
10652,OA-AL2i4,3650.4
10687,OA-AL2i3,3650.6000000000004
11608,OA-VUMa2,3650.6000000000004
12688,OA-ASM1,3651.1
10080,OA-VUMa3,3651.6
10322,OA-AL2i2,3652.4
10168,OA-VUMa6,3652.7000000000003
10110,OA-VUMa1,3652.8
10799,OA-VUMa4,3652.9
10204,OA-AL2i2,3654.6000000000004
10677,OA-AL2i4,3654.7
11921,OA-VPM4,3654.9
10269,OA-AL2i2,3655.0
10658,OA-AL2i3,3655.2000000000003
10175,OA-VUMa6,3656.0
10041,OA-VUMa1,3656.1000000000004
286259,OA-ASM1,3656.8
10120,OA-VPM4,3657.0
12109,OA-VUMa2,3657.5
10555,OA-VUMa3,3657.6
11264,OA-ASM1,3657.6
10226,OA-AL2i3,3658.7
10265,OA-AL2i2,3659.1
11602,OA-ASM1,3659.2999999999997
12896,OA-VUMa5,3659.5
10011,OA-AL2i1,3659.7000000000003
287884,OA-VPM3,3659.9
10185,OA-VUMa8,3660.7000000000003
10825,OA-AL2i3,3661.4
11608,OA-VUMa2,3662.2000000000003
11005,OA-VUMa4,3662.3
10072,OA-AL2i1,3662.4
10687,OA-AL2i3,3663.1
10652,OA-AL2i4,3663.2000000000003
53065,Mi1,3663.2000000000003
10187,OA-VPM3,3663.2999999999997
10110,OA-VUMa1,3663.2999999999997
10080,OA-VUMa3,3663.7
10168,OA-VUMa6,3664.2000000000003
12688,OA-ASM1,3664.4
10322,OA-AL2i2,3664.9
10799,OA-VUMa4,3665.7000000000003
10041,OA-VUMa1,3666.3
10204,OA-AL2i2,3666.9
10658,OA-AL2i3,3666.9
10269,OA-AL2i2,3667.2000000000003
10175,OA-VUMa6,3667.7
10677,OA-AL2i4,3667.8
11921,OA-VPM4,3668.3
10120,OA-VPM4,3669.1000000000004
12109,OA-VUMa2,3669.4
11264,OA-ASM1,3670.3
12896,OA-VUMa5,3670.4
10226,OA-AL2i3,3670.4
10555,OA-VUMa3,3670.6000000000004
286259,OA-ASM1,3671.1
10265,OA-AL2i2,3671.5
10011,OA-AL2i1,3671.6
11602,OA-ASM1,3672.0
287884,OA-VPM3,3672.5000000000005
11608,OA-VUMa2,3673.3
10825,OA-AL2i3,3673.5
10185,OA-VUMa8,3673.7999999999997
10110,OA-VUMa1,3674.0000000000005
11005,OA-VUMa4,3674.4
10072,OA-AL2i1,3674.6000000000004
10168,OA-VUMa6,3675.9
10687,OA-AL2i3,3676.1000000000004
10187,OA-VPM3,3676.2000000000003
10652,OA-AL2i4,3676.7000000000003
10322,OA-AL2i2,3676.8
10041,OA-VUMa1,3677.0
53065,Mi1,3677.0
10080,OA-VUMa3,3677.1000000000004
12688,OA-ASM1,3677.3
10658,OA-AL2i3,3677.7999999999997
10799,OA-VUMa4,3677.9
10175,OA-VUMa6,3678.7
10204,OA-AL2i2,3679.2999999999997
10269,OA-AL2i2,3679.5
10677,OA-AL2i4,3680.6
12109,OA-VUMa2,3680.9
10226,OA-AL2i3,3681.4
10120,OA-VPM4,3681.7999999999997
11921,OA-VPM4,3681.9
12896,OA-VUMa5,3682.6000000000004
10011,OA-AL2i1,3683.0
11264,OA-ASM1,3683.1
10265,OA-AL2i2,3683.6
10555,OA-VUMa3,3683.6
286259,OA-ASM1,3684.1000000000004
287884,OA-VPM3,3684.6
11608,OA-VUMa2,3684.7000000000003
10110,OA-VUMa1,3685.2
11005,OA-VUMa4,3685.6
11602,OA-ASM1,3685.9
10185,OA-VUMa8,3686.2000000000003
10825,OA-AL2i3,3686.2000000000003
10072,OA-AL2i1,3686.9
10168,OA-VUMa6,3687.2000000000003
10687,OA-AL2i3,3687.2999999999997
10041,OA-VUMa1,3688.1000000000004
10322,OA-AL2i2,3688.4
10187,OA-VPM3,3688.7000000000003
10652,OA-AL2i4,3689.2
10658,OA-AL2i3,3689.3
10175,OA-VUMa6,3690.3
12688,OA-ASM1,3690.4
10080,OA-VUMa3,3691.4
10269,OA-AL2i2,3691.5
12109,OA-VUMa2,3691.9
53065,Mi1,3691.9
10799,OA-VUMa4,3692.0
10204,OA-AL2i2,3692.2000000000003
10226,OA-AL2i3,3692.7000000000003
10677,OA-AL2i4,3692.9
10120,OA-VPM4,3693.0
12896,OA-VUMa5,3694.3
10011,OA-AL2i1,3694.7
10265,OA-AL2i2,3695.6000000000004
10110,OA-VUMa1,3696.0
11921,OA-VPM4,3696.0
11264,OA-ASM1,3696.1000000000004
11608,OA-VUMa2,3696.3
10555,OA-VUMa3,3697.0
11005,OA-VUMa4,3697.4
10185,OA-VUMa8,3697.7999999999997
286259,OA-ASM1,3697.9
287884,OA-VPM3,3697.9
10041,OA-VUMa1,3697.9
11602,OA-ASM1,3698.2000000000003
10168,OA-VUMa6,3698.5
10825,OA-AL2i3,3698.6000000000004
10072,OA-AL2i1,3699.6000000000004
10687,OA-AL2i3,3700.3
10322,OA-AL2i2,3700.9
10658,OA-AL2i3,3701.3
10187,OA-VPM3,3701.4
10652,OA-AL2i4,3702.1
10175,OA-VUMa6,3702.3
12109,OA-VUMa2,3703.2000000000003
12688,OA-ASM1,3703.5
10269,OA-AL2i2,3704.0
10080,OA-VUMa3,3704.2000000000003
10120,OA-VPM4,3704.4
10226,OA-AL2i3,3704.6
10204,OA-AL2i2,3705.1000000000004
10799,OA-VUMa4,3705.2
10011,OA-AL2i1,3705.7000000000003
12896,OA-VUMa5,3706.0
10677,OA-AL2i4,3706.5
10110,OA-VUMa1,3706.7
53065,Mi1,3707.1
11608,OA-VUMa2,3707.6000000000004
10265,OA-AL2i2,3707.7
10041,OA-VUMa1,3708.6
10072,OA-AL2i1,3708.8
11264,OA-ASM1,3709.1000000000004
10555,OA-VUMa3,3709.4
11005,OA-VUMa4,3709.4
10168,OA-VUMa6,3709.7999999999997
11921,OA-VPM4,3710.0
10185,OA-VUMa8,3710.5
286259,OA-ASM1,3711.2000000000003
11602,OA-ASM1,3711.3
10825,OA-AL2i3,3711.4
287884,OA-VPM3,3711.5
10658,OA-AL2i3,3712.7000000000003
10687,OA-AL2i3,3713.3
10187,OA-VPM3,3713.5
10322,OA-AL2i2,3713.7999999999997
10175,OA-VUMa6,3714.1
10652,OA-AL2i4,3714.8
12109,OA-VUMa2,3715.0
10226,OA-AL2i3,3715.4
10120,OA-VPM4,3716.6
12688,OA-ASM1,3716.6
10080,OA-VUMa3,3716.7000000000003
12896,OA-VUMa5,3716.7000000000003
10269,OA-AL2i2,3717.2
10110,OA-VUMa1,3717.3
10011,OA-AL2i1,3717.4
10072,OA-AL2i1,3717.9
10204,OA-AL2i2,3718.2000000000003
10799,OA-VUMa4,3718.7
10041,OA-VUMa1,3719.6000000000004
10677,OA-AL2i4,3719.8
11608,OA-VUMa2,3719.8
10168,OA-VUMa6,3719.9
10265,OA-AL2i2,3720.1
10185,OA-VUMa8,3721.3
11005,OA-VUMa4,3721.3
11264,OA-ASM1,3721.7999999999997
53065,Mi1,3722.0
10555,OA-VUMa3,3722.9
11602,OA-ASM1,3723.3
287884,OA-VPM3,3723.7
10658,OA-AL2i3,3724.0
286259,OA-ASM1,3724.8
10825,OA-AL2i3,3724.9
10322,OA-AL2i2,3725.0
11921,OA-VPM4,3725.0
12109,OA-VUMa2,3725.1000000000004
10687,OA-AL2i3,3725.4
10175,OA-VUMa6,3725.6
10187,OA-VPM3,3726.5
10226,OA-AL2i3,3726.8
10652,OA-AL2i4,3726.9
10110,OA-VUMa1,3728.1
10120,OA-VPM4,3728.2000000000003
10011,OA-AL2i1,3728.4
10072,OA-AL2i1,3728.4
12896,OA-VUMa5,3729.0
10080,OA-VUMa3,3729.9
10269,OA-AL2i2,3730.0
10041,OA-VUMa1,3730.3
12688,OA-ASM1,3730.3
10799,OA-VUMa4,3731.2000000000003
11608,OA-VUMa2,3731.4
10168,OA-VUMa6,3731.9
10677,OA-AL2i4,3732.1
10204,OA-AL2i2,3732.6
10265,OA-AL2i2,3733.1000000000004
10185,OA-VUMa8,3733.4
11005,OA-VUMa4,3733.7000000000003
11264,OA-ASM1,3734.1
10658,OA-AL2i3,3735.7
10555,OA-VUMa3,3735.9
10175,OA-VUMa6,3735.9
287884,OA-VPM3,3736.1
12109,OA-VUMa2,3736.4
11602,OA-ASM1,3736.5000000000005
53065,Mi1,3736.7000000000003
10825,OA-AL2i3,3737.3
10687,OA-AL2i3,3737.5
10322,OA-AL2i2,3737.7999999999997
286259,OA-ASM1,3737.9
10226,OA-AL2i3,3738.1
10072,OA-AL2i1,3738.1
10110,OA-VUMa1,3738.3
11921,OA-VPM4,3739.1
10187,OA-VPM3,3739.5
10652,OA-AL2i4,3739.8
10011,OA-AL2i1,3740.0
12896,OA-VUMa5,3740.2000000000003
10041,OA-VUMa1,3740.2999999999997
10120,OA-VPM4,3741.7999999999997
10269,OA-AL2i2,3742.3
10080,OA-VUMa3,3742.6000000000004
11608,OA-VUMa2,3742.7000000000003
10168,OA-VUMa6,3743.7
12688,OA-ASM1,3743.7
10799,OA-VUMa4,3744.2999999999997
10677,OA-AL2i4,3744.9
11005,OA-VUMa4,3745.3
10185,OA-VUMa8,3745.9
10204,OA-AL2i2,3746.7000000000003
10265,OA-AL2i2,3746.7000000000003
11264,OA-ASM1,3746.7000000000003
12109,OA-VUMa2,3746.8
10658,OA-AL2i3,3747.0000000000005
10175,OA-VUMa6,3747.2000000000003
10072,OA-AL2i1,3747.9
10110,OA-VUMa1,3748.7000000000003
10555,OA-VUMa3,3748.7000000000003
10226,OA-AL2i3,3749.7000000000003
11602,OA-ASM1,3749.7000000000003
287884,OA-VPM3,3750.1
10322,OA-AL2i2,3750.4000000000005
10825,OA-AL2i3,3750.4000000000005
12896,OA-VUMa5,3750.6000000000004
53065,Mi1,3750.8
10011,OA-AL2i1,3751.1
10687,OA-AL2i3,3751.1
10041,OA-VUMa1,3751.5
286259,OA-ASM1,3751.6000000000004
10187,OA-VPM3,3751.9
10120,OA-VPM4,3753.7000000000003
10652,OA-AL2i4,3753.7000000000003
11608,OA-VUMa2,3753.7000000000003
10269,OA-AL2i2,3754.1000000000004
11921,OA-VPM4,3754.3
10080,OA-VUMa3,3755.3
10168,OA-VUMa6,3755.4
12688,OA-ASM1,3756.2999999999997
10677,OA-AL2i4,3756.8
10799,OA-VUMa4,3757.1000000000004
10072,OA-AL2i1,3757.2
11005,OA-VUMa4,3757.6
12109,OA-VUMa2,3757.9
10185,OA-VUMa8,3758.3
10175,OA-VUMa6,3758.4
10658,OA-AL2i3,3759.7
10110,OA-VUMa1,3760.2000000000003
11264,OA-ASM1,3760.2000000000003
10265,OA-AL2i2,3760.7000000000003
10226,OA-AL2i3,3761.5
10041,OA-VUMa1,3761.7000000000003
10322,OA-AL2i2,3761.7000000000003
12896,OA-VUMa5,3761.7000000000003
10204,OA-AL2i2,3761.7999999999997
10555,OA-VUMa3,3761.9
11602,OA-ASM1,3762.6000000000004
287884,OA-VPM3,3763.1
10011,OA-AL2i1,3763.1
10825,OA-AL2i3,3763.2000000000003
10687,OA-AL2i3,3764.5000000000005
11608,OA-VUMa2,3765.1000000000004
286259,OA-ASM1,3765.4
10187,OA-VPM3,3765.8
10168,OA-VUMa6,3766.1000000000004
10269,OA-AL2i2,3766.2
10120,OA-VPM4,3766.2
10652,OA-AL2i4,3766.7000000000003
10072,OA-AL2i1,3766.7000000000003
53065,Mi1,3767.2000000000003
12688,OA-ASM1,3768.5
10080,OA-VUMa3,3769.0
11921,OA-VPM4,3769.0
10677,OA-AL2i4,3769.2
12109,OA-VUMa2,3769.7000000000003
10185,OA-VUMa8,3769.9
10110,OA-VUMa1,3770.0
10799,OA-VUMa4,3770.3
10175,OA-VUMa6,3770.5
11005,OA-VUMa4,3770.7000000000003
12896,OA-VUMa5,3771.3
10658,OA-AL2i3,3772.1
11264,OA-ASM1,3772.5
10265,OA-AL2i2,3773.1000000000004
10041,OA-VUMa1,3773.4
10322,OA-AL2i2,3774.3
10011,OA-AL2i1,3774.6000000000004
10555,OA-VUMa3,3774.7000000000003
10226,OA-AL2i3,3774.9
10204,OA-AL2i2,3775.3
10825,OA-AL2i3,3775.4
11602,OA-ASM1,3776.0
10072,OA-AL2i1,3776.1
11608,OA-VUMa2,3776.2999999999997
287884,OA-VPM3,3776.9
10687,OA-AL2i3,3776.9
10168,OA-VUMa6,3777.6
10187,OA-VPM3,3777.9
10269,OA-AL2i2,3778.3
10120,OA-VPM4,3778.7000000000003
10652,OA-AL2i4,3779.1
286259,OA-ASM1,3779.3
12688,OA-ASM1,3780.4
12109,OA-VUMa2,3781.1000000000004
10110,OA-VUMa1,3781.4
10080,OA-VUMa3,3781.6
11921,OA-VPM4,3781.9
53065,Mi1,3782.1000000000004
10185,OA-VUMa8,3782.4
11005,OA-VUMa4,3782.4
10175,OA-VUMa6,3782.6
10677,OA-AL2i4,3782.8
10799,OA-VUMa4,3783.3
12896,OA-VUMa5,3784.1
10658,OA-AL2i3,3784.1
10041,OA-VUMa1,3784.7000000000003
10265,OA-AL2i2,3785.1000000000004
10322,OA-AL2i2,3785.2
11264,OA-ASM1,3785.5000000000005
10011,OA-AL2i1,3785.9
10072,OA-AL2i1,3786.2
10226,OA-AL2i3,3787.0000000000005
10555,OA-VUMa3,3787.4
11608,OA-VUMa2,3787.6000000000004
10204,OA-AL2i2,3788.2999999999997
11602,OA-ASM1,3788.4
10825,OA-AL2i3,3788.7000000000003
10687,OA-AL2i3,3789.4
10168,OA-VUMa6,3789.5000000000005
287884,OA-VPM3,3789.8
10269,OA-AL2i2,3790.6
10652,OA-AL2i4,3791.6000000000004
10187,OA-VPM3,3791.7
10110,OA-VUMa1,3791.8
286259,OA-ASM1,3792.2000000000003
12688,OA-ASM1,3792.6
12109,OA-VUMa2,3792.7
10120,OA-VPM4,3793.2000000000003
10175,OA-VUMa6,3794.5
10185,OA-VUMa8,3794.8
11921,OA-VPM4,3794.8
10080,OA-VUMa3,3794.8
10041,OA-VUMa1,3794.9
12896,OA-VUMa5,3795.6000000000004
10677,OA-AL2i4,3795.9
11005,OA-VUMa4,3796.2999999999997
53065,Mi1,3796.6
10658,OA-AL2i3,3796.9
10799,OA-VUMa4,3797.1000000000004
10072,OA-AL2i1,3797.5000000000005
10322,OA-AL2i2,3797.6
11264,OA-ASM1,3797.6
10011,OA-AL2i1,3798.1000000000004
10265,OA-AL2i2,3799.0000000000005
10226,OA-AL2i3,3799.2000000000003
11608,OA-VUMa2,3799.2000000000003
10168,OA-VUMa6,3800.4
10555,OA-VUMa3,3800.6
10204,OA-AL2i2,3801.1000000000004
10687,OA-AL2i3,3801.3
11602,OA-ASM1,3801.8
10110,OA-VUMa1,3801.9
287884,OA-VPM3,3802.1000000000004
10269,OA-AL2i2,3802.2
10825,OA-AL2i3,3803.1
10652,OA-AL2i4,3804.2000000000003
10187,OA-VPM3,3804.4
12109,OA-VUMa2,3804.5
286259,OA-ASM1,3805.1000000000004
10175,OA-VUMa6,3805.6
12688,OA-ASM1,3805.6
10041,OA-VUMa1,3806.1000000000004
10120,OA-VPM4,3806.1000000000004
12896,OA-VUMa5,3807.0000000000005
10080,OA-VUMa3,3808.0
10185,OA-VUMa8,3808.1
10677,OA-AL2i4,3808.8
11921,OA-VPM4,3809.0
11005,OA-VUMa4,3809.0
10072,OA-AL2i1,3809.7000000000003
10658,OA-AL2i3,3809.8
10799,OA-VUMa4,3810.0
10011,OA-AL2i1,3810.2
11264,OA-ASM1,3810.5
53065,Mi1,3810.7000000000003
10322,OA-AL2i2,3810.9
11608,OA-VUMa2,3811.1
10226,OA-AL2i3,3811.7
10265,OA-AL2i2,3812.1
10168,OA-VUMa6,3812.2000000000003
10110,OA-VUMa1,3812.9000000000005
10204,OA-AL2i2,3813.2000000000003
10687,OA-AL2i3,3813.3
10269,OA-AL2i2,3814.5
10555,OA-VUMa3,3814.7000000000003
287884,OA-VPM3,3814.7999999999997
11602,OA-ASM1,3814.7999999999997
12109,OA-VUMa2,3815.6000000000004
10825,OA-AL2i3,3816.2999999999997
10175,OA-VUMa6,3816.9000000000005
10041,OA-VUMa1,3817.2000000000003
10187,OA-VPM3,3817.2000000000003
12896,OA-VUMa5,3817.7000000000003
12688,OA-ASM1,3818.1000000000004
10652,OA-AL2i4,3818.4
10120,OA-VPM4,3818.9
286259,OA-ASM1,3819.3
10185,OA-VUMa8,3820.7
10080,OA-VUMa3,3820.8
11005,OA-VUMa4,3820.8
10677,OA-AL2i4,3821.5000000000005
10658,OA-AL2i3,3821.7000000000003
11608,OA-VUMa2,3822.3
10011,OA-AL2i1,3822.7999999999997
10072,OA-AL2i1,3823.1
11921,OA-VPM4,3823.2000000000003
10226,OA-AL2i3,3823.3
10110,OA-VUMa1,3823.4
10322,OA-AL2i2,3823.6000000000004
10799,OA-VUMa4,3823.6000000000004
10168,OA-VUMa6,3823.8
11264,OA-ASM1,3824.0
53065,Mi1,3824.8
10687,OA-AL2i3,3825.2000000000003
10265,OA-AL2i2,3825.4
10204,OA-AL2i2,3826.3
10269,OA-AL2i2,3826.5
10555,OA-VUMa3,3827.0000000000005
12109,OA-VUMa2,3827.1
10041,OA-VUMa1,3827.4
11602,OA-ASM1,3827.4
287884,OA-VPM3,3827.6000000000004
35405,Mi1,3827.9
12896,OA-VUMa5,3828.4
10175,OA-VUMa6,3828.9
10825,OA-AL2i3,3829.0
10187,OA-VPM3,3830.0
12688,OA-ASM1,3830.6
34849,Mi1,3830.6
10120,OA-VPM4,3830.7999999999997
10652,OA-AL2i4,3831.6000000000004
36252,Mi1,3832.4
11005,OA-VUMa4,3832.5
286259,OA-ASM1,3832.5
10072,OA-AL2i1,3832.6000000000004
10185,OA-VUMa8,3832.6000000000004
10080,OA-VUMa3,3833.2000000000003
10658,OA-AL2i3,3833.9
11608,OA-VUMa2,3834.0
10110,OA-VUMa1,3834.4
10011,OA-AL2i1,3834.6
10226,OA-AL2i3,3834.7999999999997
10677,OA-AL2i4,3835.0
10322,OA-AL2i2,3835.7
10168,OA-VUMa6,3835.8
11264,OA-ASM1,3836.9
11921,OA-VPM4,3836.9
10799,OA-VUMa4,3837.1000000000004
10041,OA-VUMa1,3837.6
10265,OA-AL2i2,3837.8
10269,OA-AL2i2,3838.1000000000004
10687,OA-AL2i3,3838.2
10204,OA-AL2i2,3839.0
12109,OA-VUMa2,3839.2000000000003
53065,Mi1,3839.8
10555,OA-VUMa3,3840.4
11602,OA-ASM1,3840.8
12896,OA-VUMa5,3840.9
10175,OA-VUMa6,3841.0
287884,OA-VPM3,3841.1000000000004
10825,OA-AL2i3,3842.7999999999997
10187,OA-VPM3,3843.3
11005,OA-VUMa4,3843.7
12688,OA-ASM1,3843.8
10072,OA-AL2i1,3844.0
10120,OA-VPM4,3844.6000000000004
10110,OA-VUMa1,3844.9
10652,OA-AL2i4,3845.0
10080,OA-VUMa3,3845.2000000000003
10185,OA-VUMa8,3845.3
11608,OA-VUMa2,3845.6
10011,OA-AL2i1,3845.8
10658,OA-AL2i3,3845.8
286259,OA-ASM1,3846.1000000000004
10322,OA-AL2i2,3847.0
10168,OA-VUMa6,3847.5
10041,OA-VUMa1,3847.8
10677,OA-AL2i4,3848.0000000000005
10226,OA-AL2i3,3848.5
10799,OA-VUMa4,3849.5000000000005
10265,OA-AL2i2,3850.2
34057,Mi1,3850.2
11921,OA-VPM4,3850.4
12109,OA-VUMa2,3850.4
10269,OA-AL2i2,3850.7999999999997
10687,OA-AL2i3,3850.7999999999997
11264,OA-ASM1,3851.1
10175,OA-VUMa6,3852.3
10204,OA-AL2i2,3852.7
10555,OA-VUMa3,3852.7
12896,OA-VUMa5,3853.4
287884,OA-VPM3,3854.2
10825,OA-AL2i3,3854.7999999999997
11602,OA-ASM1,3854.9
11005,OA-VUMa4,3855.2000000000003
53065,Mi1,3856.0000000000005
10110,OA-VUMa1,3856.0000000000005
10187,OA-VPM3,3856.1
12688,OA-ASM1,3856.1
11608,OA-VUMa2,3856.7
10185,OA-VUMa8,3857.0
10072,OA-AL2i1,3857.3
10120,OA-VPM4,3857.3
10658,OA-AL2i3,3857.5000000000005
10011,OA-AL2i1,3857.9
10652,OA-AL2i4,3858.0
10041,OA-VUMa1,3858.1000000000004
10080,OA-VUMa3,3858.6
10168,OA-VUMa6,3858.7999999999997
10322,OA-AL2i2,3858.9
10226,OA-AL2i3,3859.7000000000003
10677,OA-AL2i4,3859.9
286259,OA-ASM1,3860.2000000000003
35405,Mi1,3861.2000000000003
10799,OA-VUMa4,3861.8
12109,OA-VUMa2,3861.9
36252,Mi1,3862.1000000000004
10687,OA-AL2i3,3863.4
10265,OA-AL2i2,3863.6000000000004
10175,OA-VUMa6,3863.7000000000003
10269,OA-AL2i2,3863.9
11921,OA-VPM4,3864.7
12896,OA-VUMa5,3865.2000000000003
11264,OA-ASM1,3865.3
10555,OA-VUMa3,3865.7000000000003
10204,OA-AL2i2,3866.0
34849,Mi1,3866.1000000000004
10825,OA-AL2i3,3866.6
287884,OA-VPM3,3866.6
10110,OA-VUMa1,3866.7000000000003
10072,OA-AL2i1,3867.3
11602,OA-ASM1,3867.7000000000003
11005,OA-VUMa4,3868.0000000000005
11608,OA-VUMa2,3868.6000000000004
10187,OA-VPM3,3869.1
10041,OA-VUMa1,3869.2000000000003
10011,OA-AL2i1,3869.3
10658,OA-AL2i3,3869.3
12688,OA-ASM1,3869.8
10652,OA-AL2i4,3870.0
10185,OA-VUMa8,3870.2
10120,OA-VPM4,3870.2
53065,Mi1,3870.4
10168,OA-VUMa6,3870.5
10226,OA-AL2i3,3871.0
10080,OA-VUMa3,3872.1
10677,OA-AL2i4,3872.3
10322,OA-AL2i2,3872.5
12109,OA-VUMa2,3874.2
286259,OA-ASM1,3874.3
10799,OA-VUMa4,3874.5
10175,OA-VUMa6,3875.5
10687,OA-AL2i3,3875.6000000000004
10269,OA-AL2i2,3876.3
10265,OA-AL2i2,3876.9
10072,OA-AL2i1,3877.2000000000003
12896,OA-VUMa5,3877.2999999999997
10110,OA-VUMa1,3877.5000000000005
11264,OA-ASM1,3877.7000000000003
10204,OA-AL2i2,3878.6
34057,Mi1,3878.7000000000003
11921,OA-VPM4,3878.9
287884,OA-VPM3,3879.2
10555,OA-VUMa3,3879.4000000000005
11005,OA-VUMa4,3879.6000000000004
10041,OA-VUMa1,3880.3
10825,OA-AL2i3,3880.4
11608,OA-VUMa2,3880.7
11602,OA-ASM1,3880.9
10011,OA-AL2i1,3881.2999999999997
10658,OA-AL2i3,3881.5000000000005
12688,OA-ASM1,3881.7000000000003
10187,OA-VPM3,3881.8
10168,OA-VUMa6,3882.0
10652,OA-AL2i4,3882.5
10120,OA-VPM4,3882.7000000000003
10185,OA-VUMa8,3883.6000000000004
10226,OA-AL2i3,3883.8
53065,Mi1,3884.3
10322,OA-AL2i2,3884.5
10080,OA-VUMa3,3885.2999999999997
10677,OA-AL2i4,3885.8
12109,OA-VUMa2,3886.1000000000004
35405,Mi1,3886.1000000000004
10072,OA-AL2i1,3886.5
36252,Mi1,3886.9
10799,OA-VUMa4,3887.0
10175,OA-VUMa6,3887.2
10687,OA-AL2i3,3887.4
286259,OA-ASM1,3887.9
10269,OA-AL2i2,3888.6000000000004
12896,OA-VUMa5,3888.6000000000004
10110,OA-VUMa1,3888.7
10265,OA-AL2i2,3889.0
10041,OA-VUMa1,3890.7000000000003
11264,OA-ASM1,3890.9
34849,Mi1,3891.2
11005,OA-VUMa4,3891.3
10204,OA-AL2i2,3891.5
11608,OA-VUMa2,3892.3
287884,OA-VPM3,3892.4
10825,OA-AL2i3,3892.5
10011,OA-AL2i1,3892.8
10658,OA-AL2i3,3892.8
10555,OA-VUMa3,3893.1
11602,OA-ASM1,3893.6
10168,OA-VUMa6,3893.7000000000003
11921,OA-VPM4,3894.1000000000004
12688,OA-ASM1,3894.6
10187,OA-VPM3,3895.1000000000004
10226,OA-AL2i3,3895.5
10185,OA-VUMa8,3895.6000000000004
10072,OA-AL2i1,3895.7000000000003
10652,OA-AL2i4,3895.8
10120,OA-VPM4,3896.1
10322,OA-AL2i2,3896.8
10080,OA-VUMa3,3897.7000000000003
12109,OA-VUMa2,3897.9
53065,Mi1,3898.4
10677,OA-AL2i4,3898.6
10175,OA-VUMa6,3899.2
10799,OA-VUMa4,3900.1
10110,OA-VUMa1,3900.2000000000003
12896,OA-VUMa5,3900.5
10269,OA-AL2i2,3900.5
10687,OA-AL2i3,3900.9
286259,OA-ASM1,3901.0
34057,Mi1,3901.2999999999997
10265,OA-AL2i2,3901.5
10041,OA-VUMa1,3901.7000000000003
11005,OA-VUMa4,3903.3
11608,OA-VUMa2,3904.0000000000005
10658,OA-AL2i3,3904.2000000000003
10011,OA-AL2i1,3904.3
11264,OA-ASM1,3904.8
287884,OA-VPM3,3905.1
10204,OA-AL2i2,3905.2999999999997
10825,OA-AL2i3,3905.4
10072,OA-AL2i1,3905.5
10168,OA-VUMa6,3905.6
11602,OA-ASM1,3906.1000000000004
10555,OA-VUMa3,3906.6
35405,Mi1,3906.7000000000003
10226,OA-AL2i3,3906.9
10185,OA-VUMa8,3907.7000000000003
11921,OA-VPM4,3907.8
12109,OA-VUMa2,3908.2000000000003
12688,OA-ASM1,3908.4
10187,OA-VPM3,3908.8
10080,OA-VUMa3,3908.9
10652,OA-AL2i4,3908.9
10322,OA-AL2i2,3909.2999999999997
10120,OA-VPM4,3909.6
36252,Mi1,3910.8
34849,Mi1,3911.0
10110,OA-VUMa1,3911.2
12896,OA-VUMa5,3911.2
10175,OA-VUMa6,3911.3
53065,Mi1,3911.9
10269,OA-AL2i2,3912.2000000000003
10677,OA-AL2i4,3912.5
10799,OA-VUMa4,3913.1
10041,OA-VUMa1,3913.2999999999997
10687,OA-AL2i3,3913.4
286259,OA-ASM1,3914.4
10072,OA-AL2i1,3914.7000000000003
10265,OA-AL2i2,3915.0
10658,OA-AL2i3,3915.2
11005,OA-VUMa4,3915.2
11608,OA-VUMa2,3915.3
10168,OA-VUMa6,3916.3
10011,OA-AL2i1,3917.0
11264,OA-ASM1,3917.0
287884,OA-VPM3,3917.4
10226,OA-AL2i3,3918.3
10825,OA-AL2i3,3918.5000000000005
11602,OA-ASM1,3918.5000000000005
10204,OA-AL2i2,3918.8
12109,OA-VUMa2,3919.4
10555,OA-VUMa3,3919.4
10185,OA-VUMa8,3920.0000000000005
12688,OA-ASM1,3920.0000000000005
10187,OA-VPM3,3920.8
34057,Mi1,3921.0
10322,OA-AL2i2,3921.1
11921,OA-VPM4,3921.1
10110,OA-VUMa1,3921.6
12896,OA-VUMa5,3921.9
10080,OA-VUMa3,3922.1000000000004
10120,OA-VPM4,3922.7000000000003
10652,OA-AL2i4,3923.1000000000004
10175,OA-VUMa6,3923.2
10677,OA-AL2i4,3924.2000000000003
10041,OA-VUMa1,3924.4
10072,OA-AL2i1,3924.7
10799,OA-VUMa4,3925.1
10269,OA-AL2i2,3925.2000000000003
35405,Mi1,3925.5
53065,Mi1,3925.6
10687,OA-AL2i3,3926.2000000000003
11005,OA-VUMa4,3926.3
10658,OA-AL2i3,3926.6
11608,OA-VUMa2,3926.6
286259,OA-ASM1,3926.6
10168,OA-VUMa6,3927.7000000000003
10265,OA-AL2i2,3927.9
36252,Mi1,3928.1
10011,OA-AL2i1,3928.9
10226,OA-AL2i3,3929.4
11264,OA-ASM1,3929.6
12109,OA-VUMa2,3930.4
34849,Mi1,3930.4
287884,OA-VPM3,3930.8
10825,OA-AL2i3,3930.9
10185,OA-VUMa8,3931.2
11602,OA-ASM1,3931.2
10204,OA-AL2i2,3932.3
10322,OA-AL2i2,3932.6000000000004
10555,OA-VUMa3,3932.8
12896,OA-VUMa5,3933.2999999999997
10187,OA-VPM3,3933.4
12688,OA-ASM1,3933.5
10110,OA-VUMa1,3934.1000000000004
11921,OA-VPM4,3934.1000000000004
10072,OA-AL2i1,3934.3
10080,OA-VUMa3,3934.8
10175,OA-VUMa6,3935.1000000000004
10041,OA-VUMa1,3935.4
10120,OA-VPM4,3935.7000000000003
10652,OA-AL2i4,3936.6000000000004
10677,OA-AL2i4,3937.2000000000003
10799,OA-VUMa4,3937.7
10687,OA-AL2i3,3937.9
10269,OA-AL2i2,3938.5000000000005
11608,OA-VUMa2,3938.6
10658,OA-AL2i3,3938.6
10168,OA-VUMa6,3938.8
11005,OA-VUMa4,3938.8
53065,Mi1,3939.7000000000003
10011,OA-AL2i1,3940.0000000000005
286259,OA-ASM1,3940.6000000000004
10226,OA-AL2i3,3940.8
10265,OA-AL2i2,3940.9
34057,Mi1,3941.2999999999997
12109,OA-VUMa2,3942.3
11264,OA-ASM1,3942.4
10185,OA-VUMa8,3942.8
10825,OA-AL2i3,3943.3
11602,OA-ASM1,3944.1
12896,OA-VUMa5,3944.1
10072,OA-AL2i1,3944.2000000000003
35405,Mi1,3944.4
287884,OA-VPM3,3944.6000000000004
10204,OA-AL2i2,3945.2999999999997
10322,OA-AL2i2,3945.5
10555,OA-VUMa3,3945.5
10187,OA-VPM3,3945.7
12688,OA-ASM1,3945.8
10110,OA-VUMa1,3946.2000000000003
36252,Mi1,3946.5000000000005
10175,OA-VUMa6,3946.9
34849,Mi1,3947.0
10041,OA-VUMa1,3947.1000000000004
10080,OA-VUMa3,3947.9
10120,OA-VPM4,3948.4
11921,OA-VPM4,3948.5
10677,OA-AL2i4,3949.4
10652,OA-AL2i4,3949.7
10168,OA-VUMa6,3949.8
10658,OA-AL2i3,3949.8
10687,OA-AL2i3,3950.0
11005,OA-VUMa4,3950.2000000000003
11608,OA-VUMa2,3950.3
10799,OA-VUMa4,3950.5000000000005
10269,OA-AL2i2,3951.0
10011,OA-AL2i1,3951.1000000000004
10226,OA-AL2i3,3951.7000000000003
10265,OA-AL2i2,3953.9
10072,OA-AL2i1,3954.3
286259,OA-ASM1,3954.3
10185,OA-VUMa8,3954.5000000000005
12109,OA-VUMa2,3954.6
53065,Mi1,3954.9
10825,OA-AL2i3,3955.7999999999997
10110,OA-VUMa1,3956.5
11602,OA-ASM1,3956.5
11264,OA-ASM1,3956.6000000000004
12896,OA-VUMa5,3956.8
287884,OA-VPM3,3957.4
10322,OA-AL2i2,3957.5
12688,OA-ASM1,3958.2000000000003
34057,Mi1,3958.3
10204,OA-AL2i2,3958.5000000000005
10175,OA-VUMa6,3958.7000000000003
10187,OA-VPM3,3959.2
10555,OA-VUMa3,3959.2
10041,OA-VUMa1,3959.3
10080,OA-VUMa3,3960.4
10120,OA-VPM4,3960.9
10652,OA-AL2i4,3961.0
10168,OA-VUMa6,3961.5
10658,OA-AL2i3,3961.7
34849,Mi1,3961.7
35405,Mi1,3962.0
10687,OA-AL2i3,3962.4
11608,OA-VUMa2,3962.6
10226,OA-AL2i3,3962.7000000000003
10677,OA-AL2i4,3962.9
11005,OA-VUMa4,3963.0
10011,OA-AL2i1,3963.1000000000004
11921,OA-VPM4,3963.1000000000004
10269,OA-AL2i2,3963.9
10799,OA-VUMa4,3963.9
10072,OA-AL2i1,3964.3
36252,Mi1,3964.5
10265,OA-AL2i2,3965.2000000000003
10185,OA-VUMa8,3966.1000000000004
12109,OA-VUMa2,3966.2000000000003
10110,OA-VUMa1,3967.2
12896,OA-VUMa5,3968.3
10825,OA-AL2i3,3968.4
286259,OA-ASM1,3968.4
11602,OA-ASM1,3969.0
10041,OA-VUMa1,3969.4
10322,OA-AL2i2,3969.6000000000004
11264,OA-ASM1,3970.0
53065,Mi1,3970.1000000000004
12688,OA-ASM1,3970.3
10204,OA-AL2i2,3970.6
287884,OA-VPM3,3970.7000000000003
10187,OA-VPM3,3971.4
10175,OA-VUMa6,3971.6
10555,OA-VUMa3,3972.7
10168,OA-VUMa6,3972.9
10652,OA-AL2i4,3972.9
10658,OA-AL2i3,3973.0
10080,OA-VUMa3,3973.6000000000004
10687,OA-AL2i3,3974.0
11005,OA-VUMa4,3974.3
10120,OA-VPM4,3974.7000000000003
10677,OA-AL2i4,3974.8
11608,OA-VUMa2,3974.9
10226,OA-AL2i3,3975.4
34057,Mi1,3975.5
10011,OA-AL2i1,3975.7000000000003
11921,OA-VPM4,3976.0
10072,OA-AL2i1,3976.3
10265,OA-AL2i2,3976.8
34849,Mi1,3977.0000000000005
12109,OA-VUMa2,3977.4
10269,OA-AL2i2,3977.6000000000004
10799,OA-VUMa4,3977.6000000000004
35405,Mi1,3977.7
10185,OA-VUMa8,3977.8
10110,OA-VUMa1,3978.3
10041,OA-VUMa1,3979.7000000000003
12896,OA-VUMa5,3979.7000000000003
36252,Mi1,3980.2000000000003
10825,OA-AL2i3,3980.7
11602,OA-ASM1,3980.8
286259,OA-ASM1,3981.7
10322,OA-AL2i2,3982.3
12688,OA-ASM1,3982.7000000000003
10204,OA-AL2i2,3982.9
287884,OA-VPM3,3983.4
10175,OA-VUMa6,3983.6
11264,OA-ASM1,3983.7000000000003
10187,OA-VPM3,3984.5
53065,Mi1,3984.6000000000004
10658,OA-AL2i3,3984.7000000000003
10555,OA-VUMa3,3985.1
10652,OA-AL2i4,3985.1
10168,OA-VUMa6,3985.2000000000003
10072,OA-AL2i1,3985.4
10687,OA-AL2i3,3985.9
11005,OA-VUMa4,3986.0
11608,OA-VUMa2,3986.3
10120,OA-VPM4,3986.7000000000003
10080,OA-VUMa3,3987.3
10226,OA-AL2i3,3987.4
10677,OA-AL2i4,3988.5
11921,OA-VPM4,3988.6000000000004
10011,OA-AL2i1,3988.6000000000004
10265,OA-AL2i2,3988.7000000000003
12109,OA-VUMa2,3988.7000000000003
10110,OA-VUMa1,3989.0000000000005
10185,OA-VUMa8,3989.8
10269,OA-AL2i2,3990.3
34057,Mi1,3990.7000000000003
12896,OA-VUMa5,3990.8
10041,OA-VUMa1,3991.5
10799,OA-VUMa4,3991.6
34849,Mi1,3992.1
11602,OA-ASM1,3993.2000000000003
10322,OA-AL2i2,3993.5
10825,OA-AL2i3,3994.0
35405,Mi1,3994.1
10175,OA-VUMa6,3994.6
10072,OA-AL2i1,3994.8
12688,OA-ASM1,3994.8
10204,OA-AL2i2,3995.7999999999997
36252,Mi1,3995.9
287884,OA-VPM3,3996.1
10168,OA-VUMa6,3996.4
10658,OA-AL2i3,3996.4
286259,OA-ASM1,3996.5
11005,OA-VUMa4,3997.5
10652,OA-AL2i4,3997.6000000000004
11608,OA-VUMa2,3997.9
11264,OA-ASM1,3997.9
10187,OA-VPM3,3998.0
10555,OA-VUMa3,3998.2000000000003
10687,OA-AL2i3,3998.4
53065,Mi1,3998.5000000000005
10120,OA-VPM4,3998.9
10226,OA-AL2i3,3999.1000000000004
10110,OA-VUMa1,3999.5
12109,OA-VUMa2,4000.0
10011,OA-AL2i1,4000.7000000000003
10080,OA-VUMa3,4001.3000000000006
10185,OA-VUMa8,4001.9
10265,OA-AL2i2,4002.1000000000004
10041,OA-VUMa1,4002.5000000000005
10269,OA-AL2i2,4002.5000000000005
12896,OA-VUMa5,4002.5000000000005
10677,OA-AL2i4,4002.6
11921,OA-VPM4,4003.2000000000003
10799,OA-VUMa4,4003.7000000000003
10322,OA-AL2i2,4005.0
10072,OA-AL2i1,4005.3999999999996
34057,Mi1,4005.7
11602,OA-ASM1,4006.5
10175,OA-VUMa6,4006.8
10825,OA-AL2i3,4006.8999999999996
34849,Mi1,4007.4000000000005
12688,OA-ASM1,4007.6
10168,OA-VUMa6,4007.9
10658,OA-AL2i3,4008.0
35405,Mi1,4008.0
10204,OA-AL2i2,4008.3
287884,OA-VPM3,4008.4
11005,OA-VUMa4,4008.9000000000005
11608,OA-VUMa2,4009.6
10110,OA-VUMa1,4009.8
10652,OA-AL2i4,4009.9
286259,OA-ASM1,4009.9999999999995
10687,OA-AL2i3,4009.9999999999995
10226,OA-AL2i3,4010.6
10555,OA-VUMa3,4011.1
10187,OA-VPM3,4011.4999999999995
12109,OA-VUMa2,4011.6000000000004
36252,Mi1,4011.7999999999997
11264,OA-ASM1,4011.8999999999996
10120,OA-VPM4,4012.2
10011,OA-AL2i1,4012.6
12896,OA-VUMa5,4013.0
53065,Mi1,4013.5000000000005
10041,OA-VUMa1,4013.7999999999997
10080,OA-VUMa3,4013.7999999999997
10265,OA-AL2i2,4014.2
10185,OA-VUMa8,4014.3
10072,OA-AL2i1,4015.2
10269,OA-AL2i2,4015.2
10677,OA-AL2i4,4015.9
11921,OA-VPM4,4016.3
10799,OA-VUMa4,4016.7000000000003
10322,OA-AL2i2,4017.5
10175,OA-VUMa6,4017.9999999999995
10658,OA-AL2i3,4018.3999999999996
10825,OA-AL2i3,4019.6000000000004
11602,OA-ASM1,4019.7000000000003
10168,OA-VUMa6,4019.8999999999996
11005,OA-VUMa4,4020.2999999999997
11608,OA-VUMa2,4020.7000000000007
12688,OA-ASM1,4020.7000000000007
10110,OA-VUMa1,4021.0
10204,OA-AL2i2,4021.1000000000004
34057,Mi1,4021.7
10226,OA-AL2i3,4022.2
10687,OA-AL2i3,4022.3
287884,OA-VPM3,4022.6000000000004
35405,Mi1,4022.8999999999996
34849,Mi1,4022.8999999999996
12109,OA-VUMa2,4023.0000000000005
10555,OA-VUMa3,4023.4000000000005
286259,OA-ASM1,4023.6
10652,OA-AL2i4,4023.8
10011,OA-AL2i1,4023.9
10187,OA-VPM3,4024.3
10041,OA-VUMa1,4024.9000000000005
11264,OA-ASM1,4025.2
10120,OA-VPM4,4025.2
10072,OA-AL2i1,4025.7000000000003
12896,OA-VUMa5,4025.7000000000003
10080,OA-VUMa3,4026.3999999999996
10265,OA-AL2i2,4026.6
10185,OA-VUMa8,4027.3
36252,Mi1,4027.3
53065,Mi1,4027.5
10269,OA-AL2i2,4028.2999999999997
10677,OA-AL2i4,4029.5000000000005
10175,OA-VUMa6,4029.6000000000004
10799,OA-VUMa4,4029.6000000000004
10322,OA-AL2i2,4029.7999999999997
10658,OA-AL2i3,4030.0
11921,OA-VPM4,4030.2
10168,OA-VUMa6,4031.7
10825,OA-AL2i3,4032.1
11602,OA-ASM1,4032.4
11005,OA-VUMa4,4032.4
10110,OA-VUMa1,4032.4
11608,OA-VUMa2,4032.4999999999995
12688,OA-ASM1,4033.0000000000005
10204,OA-AL2i2,4033.7000000000003
10226,OA-AL2i3,4034.2999999999997
10687,OA-AL2i3,4034.3999999999996
12109,OA-VUMa2,4034.3999999999996
10041,OA-VUMa1,4034.9
10072,OA-AL2i1,4035.7000000000003
10011,OA-AL2i1,4035.7000000000003
287884,OA-VPM3,4036.1000000000004
286259,OA-ASM1,4036.2999999999997
10187,OA-VPM3,4036.4000000000005
10652,OA-AL2i4,4036.5
12896,OA-VUMa5,4036.6
34057,Mi1,4036.7000000000007
10555,OA-VUMa3,4036.9
10265,OA-AL2i2,4037.7
35405,Mi1,4038.0
34849,Mi1,4038.1
11264,OA-ASM1,4038.5
10185,OA-VUMa8,4038.6000000000004
10120,OA-VPM4,4038.7000000000003
10080,OA-VUMa3,4038.8
10269,OA-AL2i2,4039.7
53065,Mi1,4040.7000000000003
10175,OA-VUMa6,4040.9000000000005
10322,OA-AL2i2,4041.8
10658,OA-AL2i3,4041.8
10799,OA-VUMa4,4041.9
36252,Mi1,4042.1000000000004
10677,OA-AL2i4,4042.6
10168,OA-VUMa6,4042.7
10110,OA-VUMa1,4043.0
10825,OA-AL2i3,4043.3
11005,OA-VUMa4,4044.0000000000005
11608,OA-VUMa2,4044.4000000000005
11921,OA-VPM4,4044.4000000000005
10041,OA-VUMa1,4045.0
10226,OA-AL2i3,4045.3
12109,OA-VUMa2,4045.6000000000004
10687,OA-AL2i3,4045.7999999999997
12688,OA-ASM1,4046.0
11602,OA-ASM1,4046.1
10072,OA-AL2i1,4046.3
10204,OA-AL2i2,4046.8999999999996
10011,OA-AL2i1,4047.0000000000005
12896,OA-VUMa5,4048.0
286259,OA-ASM1,4048.6000000000004
10187,OA-VPM3,4049.1
10555,OA-VUMa3,4049.9
10265,OA-AL2i2,4050.1000000000004
10652,OA-AL2i4,4050.1000000000004
287884,OA-VPM3,4050.8000000000006
10120,OA-VPM4,4051.0
10185,OA-VUMa8,4051.1
34057,Mi1,4051.4
10175,OA-VUMa6,4051.5
11264,OA-ASM1,4051.7000000000003
10269,OA-AL2i2,4052.2
10080,OA-VUMa3,4052.5
35405,Mi1,4052.9
34849,Mi1,4053.3
10658,OA-AL2i3,4053.3999999999996
10168,OA-VUMa6,4054.3
10799,OA-VUMa4,4054.3
10110,OA-VUMa1,4054.4
10322,OA-AL2i2,4054.5
53065,Mi1,4054.5999999999995
10041,OA-VUMa1,4055.4000000000005
11005,OA-VUMa4,4055.6
11608,OA-VUMa2,4055.7
10825,OA-AL2i3,4056.1
10677,OA-AL2i4,4056.1
10072,OA-AL2i1,4056.4
10226,OA-AL2i3,4056.4999999999995
36252,Mi1,4056.7999999999997
12109,OA-VUMa2,4057.8
12688,OA-ASM1,4057.8
10687,OA-AL2i3,4057.9999999999995
11921,OA-VPM4,4058.5000000000005
10011,OA-AL2i1,4058.7
11602,OA-ASM1,4059.0
12896,OA-VUMa5,4059.7000000000003
10204,OA-AL2i2,4059.8999999999996
71052,T2a,4060.6
286259,OA-ASM1,4062.2
10652,OA-AL2i4,4062.3
10265,OA-AL2i2,4062.6
10187,OA-VPM3,4062.9
10555,OA-VUMa3,4063.1000000000004
10120,OA-VPM4,4063.5000000000005
10175,OA-VUMa6,4063.9
10269,OA-AL2i2,4063.9
10185,OA-VUMa8,4064.2000000000003
10658,OA-AL2i3,4064.2000000000003
11264,OA-ASM1,4064.9000000000005
10110,OA-VUMa1,4065.0000000000005
34057,Mi1,4065.2
287884,OA-VPM3,4065.3000000000006
10322,OA-AL2i2,4065.8
10168,OA-VUMa6,4066.1000000000004
10080,OA-VUMa3,4066.6
10041,OA-VUMa1,4067.1
11005,OA-VUMa4,4067.1
10226,OA-AL2i3,4067.4
11608,OA-VUMa2,4067.4
35405,Mi1,4067.4
10799,OA-VUMa4,4068.0000000000005
53065,Mi1,4068.6
10072,OA-AL2i1,4068.8
10825,OA-AL2i3,4069.0
34849,Mi1,4069.0
12109,OA-VUMa2,4069.1000000000004
10687,OA-AL2i3,4069.2000000000003
12688,OA-ASM1,4069.3999999999996
10677,OA-AL2i4,4069.6000000000004
10011,OA-AL2i1,4069.7
12896,OA-VUMa5,4070.6
11602,OA-ASM1,4070.8
36252,Mi1,4071.0000000000005
11921,OA-VPM4,4072.6000000000004
10204,OA-AL2i2,4072.7000000000003
10187,OA-VPM3,4074.2000000000003
10265,OA-AL2i2,4074.7999999999997
10658,OA-AL2i3,4075.3
10652,OA-AL2i4,4075.4
286259,OA-ASM1,4075.6000000000004
10555,OA-VUMa3,4075.8
10175,OA-VUMa6,4076.0000000000005
10110,OA-VUMa1,4076.4000000000005
10120,OA-VPM4,4076.4000000000005
10185,OA-VUMa8,4076.4000000000005
10269,OA-AL2i2,4076.4000000000005
287884,OA-VPM3,4077.2000000000003
10041,OA-VUMa1,4077.6000000000004
10322,OA-AL2i2,4077.6000000000004
10168,OA-VUMa6,4078.2
11608,OA-VUMa2,4078.8
10080,OA-VUMa3,4078.9
11005,OA-VUMa4,4079.0000000000005
11264,OA-ASM1,4079.1000000000004
34057,Mi1,4079.2999999999997
10226,OA-AL2i3,4079.4000000000005
12109,OA-VUMa2,4080.3
10799,OA-VUMa4,4080.7999999999997
10011,OA-AL2i1,4081.3000000000006
10687,OA-AL2i3,4081.8
10072,OA-AL2i1,4081.9999999999995
12896,OA-VUMa5,4082.5000000000005
35405,Mi1,4082.5000000000005
10677,OA-AL2i4,4082.7
53065,Mi1,4082.7999999999997
10825,OA-AL2i3,4082.9000000000005
12688,OA-ASM1,4083.4
34849,Mi1,4083.5
11602,OA-ASM1,4083.8999999999996
36252,Mi1,4084.6
10204,OA-AL2i2,4085.3
10265,OA-AL2i2,4087.0000000000005
10187,OA-VPM3,4087.4000000000005
10658,OA-AL2i3,4087.6
10110,OA-VUMa1,4088.0
10652,OA-AL2i4,4088.0
11921,OA-VPM4,4088.0
10175,OA-VUMa6,4088.2000000000003
10555,OA-VUMa3,4088.4999999999995
10120,OA-VPM4,4088.6000000000004
10185,OA-VUMa8,4088.6000000000004
10269,OA-AL2i2,4088.8999999999996
286259,OA-ASM1,4089.0000000000005
10041,OA-VUMa1,4089.4
10322,OA-AL2i2,4089.5
287884,OA-VPM3,4089.9
11608,OA-VUMa2,4090.3999999999996
10168,OA-VUMa6,4090.5000000000005
10072,OA-AL2i1,4091.4
11005,OA-VUMa4,4091.4
10226,OA-AL2i3,4091.7000000000003
12109,OA-VUMa2,4092.0000000000005
10080,OA-VUMa3,4092.1000000000004
10011,OA-AL2i1,4092.9
11264,OA-ASM1,4093.2000000000003
10799,OA-VUMa4,4093.2000000000003
12896,OA-VUMa5,4093.7999999999997
34057,Mi1,4094.0
10687,OA-AL2i3,4094.5
10677,OA-AL2i4,4095.7
12688,OA-ASM1,4095.8000000000006
10825,OA-AL2i3,4096.4
53065,Mi1,4097.0
11602,OA-ASM1,4097.0
35405,Mi1,4097.1
10204,OA-AL2i2,4097.3
34849,Mi1,4098.1
10110,OA-VUMa1,4098.900000000001
10658,OA-AL2i3,4099.6
10265,OA-AL2i2,4099.8
10187,OA-VPM3,4099.9
36252,Mi1,4100.5
10175,OA-VUMa6,4100.8
10652,OA-AL2i4,4100.900000000001
10041,OA-VUMa1,4100.900000000001
10168,OA-VUMa6,4101.6
10322,OA-AL2i2,4101.6
10185,OA-VUMa8,4101.8
11921,OA-VPM4,4101.8
10269,OA-AL2i2,4102.400000000001
10555,OA-VUMa3,4102.400000000001
286259,OA-ASM1,4102.700000000001
10120,OA-VPM4,4102.700000000001
11005,OA-VUMa4,4103.0
10226,OA-AL2i3,4103.400000000001
10072,OA-AL2i1,4103.5
11608,OA-VUMa2,4103.8
287884,OA-VPM3,4104.099999999999
12109,OA-VUMa2,4104.4
10080,OA-VUMa3,4104.8
10011,OA-AL2i1,4105.1
11264,OA-ASM1,4105.8
10799,OA-VUMa4,4106.900000000001
12896,OA-VUMa5,4107.200000000001
10687,OA-AL2i3,4107.4
12688,OA-ASM1,4107.5
34057,Mi1,4108.1
10677,OA-AL2i4,4109.0
10110,OA-VUMa1,4109.200000000001
10825,OA-AL2i3,4109.6
11602,OA-ASM1,4109.6
53065,Mi1,4110.8
10204,OA-AL2i2,4111.2
10041,OA-VUMa1,4111.3
10187,OA-VPM3,4111.6
10658,OA-AL2i3,4111.900000000001
35405,Mi1,4111.900000000001
34849,Mi1,4112.5
10265,OA-AL2i2,4112.7
10652,OA-AL2i4,4113.2
10322,OA-AL2i2,4113.5
10175,OA-VUMa6,4113.5
10168,OA-VUMa6,4113.700000000001
11005,OA-VUMa4,4114.4
36252,Mi1,4114.6
10120,OA-VPM4,4114.799999999999
10185,OA-VUMa8,4114.900000000001
11921,OA-VPM4,4114.900000000001
11608,OA-VUMa2,4115.099999999999
10269,OA-AL2i2,4115.4
10226,OA-AL2i3,4115.6
10072,OA-AL2i1,4115.8
10555,OA-VUMa3,4116.6
286259,OA-ASM1,4116.6
12109,OA-VUMa2,4116.7
10011,OA-AL2i1,4116.900000000001
287884,OA-VPM3,4117.0
10080,OA-VUMa3,4117.3
12896,OA-VUMa5,4118.400000000001
10799,OA-VUMa4,4118.400000000001
11264,OA-ASM1,4118.5
10110,OA-VUMa1,4119.5
12688,OA-ASM1,4119.7
10687,OA-AL2i3,4120.5
10041,OA-VUMa1,4121.400000000001
10677,OA-AL2i4,4122.2
10825,OA-AL2i3,4122.5
11602,OA-ASM1,4123.099999999999
10204,OA-AL2i2,4123.4
10658,OA-AL2i3,4123.6
34057,Mi1,4123.6
10187,OA-VPM3,4124.1
10168,OA-VUMa6,4124.900000000001
10175,OA-VUMa6,4124.900000000001
10322,OA-AL2i2,4125.099999999999
10265,OA-AL2i2,4125.7
10652,OA-AL2i4,4125.8
53065,Mi1,4126.2
11005,OA-VUMa4,4126.400000000001
35405,Mi1,4126.5
10120,OA-VPM4,4126.700000000001
10185,OA-VUMa8,4127.3
10226,OA-AL2i3,4127.400000000001
11608,OA-VUMa2,4127.6
34849,Mi1,4127.900000000001
10011,OA-AL2i1,4128.0
10269,OA-AL2i2,4128.200000000001
10072,OA-AL2i1,4128.4
11921,OA-VPM4,4128.9
12109,OA-VUMa2,4129.0
36252,Mi1,4129.0
287884,OA-VPM3,4130.1
10110,OA-VUMa1,4130.3
10080,OA-VUMa3,4130.799999999999
12896,OA-VUMa5,4131.0
10555,OA-VUMa3,4131.2
11264,OA-ASM1,4131.400000000001
10799,OA-VUMa4,4131.5
286259,OA-ASM1,4131.5
12688,OA-ASM1,4131.9
10041,OA-VUMa1,4132.1
10687,OA-AL2i3,4132.2
10825,OA-AL2i3,4134.2
10677,OA-AL2i4,4135.0
10658,OA-AL2i3,4135.1
11602,OA-ASM1,4136.3
10322,OA-AL2i2,4136.8
10187,OA-VPM3,4137.1
10204,OA-AL2i2,4137.299999999999
34057,Mi1,4137.700000000001
10175,OA-VUMa6,4138.1
10652,OA-AL2i4,4138.2
11005,OA-VUMa4,4138.2
10168,OA-VUMa6,4138.2
10265,OA-AL2i2,4138.2
10072,OA-AL2i1,4138.3
10120,OA-VPM4,4138.900000000001
10011,OA-AL2i1,4139.700000000001
10226,OA-AL2i3,4140.000000000001
11608,OA-VUMa2,4140.000000000001
10185,OA-VUMa8,4140.1
12109,OA-VUMa2,4140.2
10110,OA-VUMa1,4140.900000000001
35405,Mi1,4141.200000000001
53065,Mi1,4141.200000000001
10269,OA-AL2i2,4142.0
34849,Mi1,4142.1
11921,OA-VPM4,4142.599999999999
12896,OA-VUMa5,4142.700000000001
36252,Mi1,4142.700000000001
287884,OA-VPM3,4143.0
10041,OA-VUMa1,4143.3
10080,OA-VUMa3,4143.900000000001
10687,OA-AL2i3,4144.5
10799,OA-VUMa4,4144.5
12688,OA-ASM1,4144.5
286259,OA-ASM1,4144.9
10555,OA-VUMa3,4145.299999999999
11264,OA-ASM1,4145.299999999999
71052,T2a,4145.8
10825,OA-AL2i3,4145.9
10658,OA-AL2i3,4146.2
10677,OA-AL2i4,4146.3
10322,OA-AL2i2,4148.400000000001
11005,OA-VUMa4,4149.3
10072,OA-AL2i1,4149.6
10187,OA-VPM3,4150.0
10175,OA-VUMa6,4150.2
10204,OA-AL2i2,4150.2
10168,OA-VUMa6,4150.2
10011,OA-AL2i1,4150.599999999999
11602,OA-ASM1,4150.700000000001
10120,OA-VPM4,4151.0
10652,OA-AL2i4,4151.1
10265,OA-AL2i2,4151.4
34057,Mi1,4151.4
10110,OA-VUMa1,4151.8
10226,OA-AL2i3,4151.900000000001
11608,OA-VUMa2,4152.0
10185,OA-VUMa8,4152.0
12109,OA-VUMa2,4153.400000000001
10269,OA-AL2i2,4154.0
12896,OA-VUMa5,4154.2
10041,OA-VUMa1,4154.7
34849,Mi1,4155.1
287884,OA-VPM3,4155.9
10687,OA-AL2i3,4156.3
35405,Mi1,4156.5
12688,OA-ASM1,4156.5
11921,OA-VPM4,4156.6
36252,Mi1,4156.7
10080,OA-VUMa3,4156.8
53065,Mi1,4157.4
10658,OA-AL2i3,4157.900000000001
10799,OA-VUMa4,4158.5
10555,OA-VUMa3,4158.8
10677,OA-AL2i4,4158.8
10825,OA-AL2i3,4159.3
11264,OA-ASM1,4159.3
286259,OA-ASM1,4160.0
10322,OA-AL2i2,4160.200000000001
11005,OA-VUMa4,4160.9
10072,OA-AL2i1,4161.5
10011,OA-AL2i1,4162.0
10175,OA-VUMa6,4162.0
10187,OA-VPM3,4162.4
10168,OA-VUMa6,4162.8
10226,OA-AL2i3,4163.2
10110,OA-VUMa1,4163.2
10120,OA-VPM4,4163.400000000001
11608,OA-VUMa2,4163.5
10652,OA-AL2i4,4163.6
10204,OA-AL2i2,4164.000000000001
11602,OA-ASM1,4164.1
10265,OA-AL2i2,4164.5
12109,OA-VUMa2,4165.099999999999
10041,OA-VUMa1,4165.200000000001
10185,OA-VUMa8,4165.3
10269,OA-AL2i2,4166.0
34057,Mi1,4166.1
12896,OA-VUMa5,4166.2
10687,OA-AL2i3,4167.8
10080,OA-VUMa3,4168.5
10658,OA-AL2i3,4168.7
287884,OA-VPM3,4169.0
34849,Mi1,4169.299999999999
12688,OA-ASM1,4169.400000000001
35405,Mi1,4170.3
10799,OA-VUMa4,4170.8
11921,OA-VPM4,4171.0
36252,Mi1,4171.6
10555,OA-VUMa3,4171.8
10322,OA-AL2i2,4171.9
53065,Mi1,4172.2
10825,OA-AL2i3,4172.3
11005,OA-VUMa4,4172.400000000001
11264,OA-ASM1,4172.6
10677,OA-AL2i4,4172.7
10011,OA-AL2i1,4173.099999999999
286259,OA-ASM1,4174.1
10175,OA-VUMa6,4174.2
10072,OA-AL2i1,4174.5
10226,OA-AL2i3,4174.599999999999
10168,OA-VUMa6,4174.9
11608,OA-VUMa2,4175.0
10110,OA-VUMa1,4175.2
10187,OA-VPM3,4175.5
10120,OA-VPM4,4176.3
11602,OA-ASM1,4176.3
10204,OA-AL2i2,4176.4
10652,OA-AL2i4,4176.8
10265,OA-AL2i2,4176.9
10041,OA-VUMa1,4177.0
10269,OA-AL2i2,4177.700000000001
12109,OA-VUMa2,4177.8
10185,OA-VUMa8,4178.4
10687,OA-AL2i3,4179.5
12896,OA-VUMa5,4180.000000000001
34057,Mi1,4180.7
10658,OA-AL2i3,4180.8
287884,OA-VPM3,4180.900000000001
12688,OA-ASM1,4181.6
10080,OA-VUMa3,4182.2
10799,OA-VUMa4,4184.0
10072,OA-AL2i1,4184.099999999999
10825,OA-AL2i3,4184.200000000001
10555,OA-VUMa3,4184.3
35405,Mi1,4184.5
10322,OA-AL2i2,4184.7
11005,OA-VUMa4,4184.8
11921,OA-VPM4,4185.1
34849,Mi1,4185.2
10175,OA-VUMa6,4185.8
10677,OA-AL2i4,4185.9
10226,OA-AL2i3,4186.0
10011,OA-AL2i1,4186.3
11264,OA-ASM1,4186.3
10110,OA-VUMa1,4186.500000000001
11608,OA-VUMa2,4186.7
10168,OA-VUMa6,4187.1
53065,Mi1,4187.3
36252,Mi1,4187.599999999999
10187,OA-VPM3,4188.000000000001
286259,OA-ASM1,4188.2
10041,OA-VUMa1,4188.3
11602,OA-ASM1,4188.900000000001
12109,OA-VUMa2,4189.0
10120,OA-VPM4,4189.4
10204,OA-AL2i2,4189.5
10269,OA-AL2i2,4189.8
10652,OA-AL2i4,4190.3
10265,OA-AL2i2,4190.5
10185,OA-VUMa8,4190.9
10687,OA-AL2i3,4191.3
12896,OA-VUMa5,4191.3
10658,OA-AL2i3,4192.3
287884,OA-VPM3,4193.7
12688,OA-ASM1,4194.0
10080,OA-VUMa3,4194.0
10072,OA-AL2i1,4194.200000000001
34057,Mi1,4195.2
10322,OA-AL2i2,4196.8
10175,OA-VUMa6,4196.900000000001
10825,OA-AL2i3,4197.099999999999
10110,OA-VUMa1,4197.3
10799,OA-VUMa4,4197.3
10226,OA-AL2i3,4197.6
10555,OA-VUMa3,4197.7
10011,OA-AL2i1,4198.1
11608,OA-VUMa2,4198.1
11005,OA-VUMa4,4198.2
10168,OA-VUMa6,4198.8
34849,Mi1,4198.9
10677,OA-AL2i4,4199.3
11264,OA-ASM1,4199.4
35405,Mi1,4199.5
11921,OA-VPM4,4199.900000000001
10187,OA-VPM3,4200.0
10041,OA-VUMa1,4200.8
12109,OA-VUMa2,4201.1
10269,OA-AL2i2,4201.5
11602,OA-ASM1,4201.6
10120,OA-VPM4,4202.0
10185,OA-VUMa8,4202.500000000001
36252,Mi1,4202.500000000001
53065,Mi1,4202.500000000001
12896,OA-VUMa5,4202.6
10265,OA-AL2i2,4202.8
286259,OA-ASM1,4202.900000000001
10687,OA-AL2i3,4203.1
10652,OA-AL2i4,4203.599999999999
10204,OA-AL2i2,4203.700000000001
10072,OA-AL2i1,4203.8
10658,OA-AL2i3,4204.2
10080,OA-VUMa3,4206.400000000001
287884,OA-VPM3,4206.5
12688,OA-ASM1,4206.700000000001
71052,T2a,4207.1
10175,OA-VUMa6,4207.900000000001
10110,OA-VUMa1,4208.099999999999
10226,OA-AL2i3,4208.7
34057,Mi1,4208.9
11608,OA-VUMa2,4209.3
10322,OA-AL2i2,4209.400000000001
10825,OA-AL2i3,4209.8
10799,OA-VUMa4,4209.8
10168,OA-VUMa6,4210.0
11005,OA-VUMa4,4210.3
10041,OA-VUMa1,4210.8
10011,OA-AL2i1,4210.900000000001
10555,OA-VUMa3,4210.900000000001
10677,OA-AL2i4,4212.1
11264,OA-ASM1,4212.400000000001
10269,OA-AL2i2,4212.7
34849,Mi1,4212.8
12109,OA-VUMa2,4213.0
10072,OA-AL2i1,4213.5
10187,OA-VPM3,4213.8
11921,OA-VPM4,4213.900000000001
10120,OA-VPM4,4214.1
11602,OA-ASM1,4214.400000000001
10185,OA-VUMa8,4214.599999999999
12896,OA-VUMa5,4214.9
35405,Mi1,4215.1
10687,OA-AL2i3,4215.3
10265,OA-AL2i2,4215.5
10658,OA-AL2i3,4216.200000000001
10204,OA-AL2i2,4216.4
286259,OA-ASM1,4216.5
10652,OA-AL2i4,4217.5
36252,Mi1,4217.8
53065,Mi1,4218.4
10080,OA-VUMa3,4218.8
10175,OA-VUMa6,4219.0
12688,OA-ASM1,4219.400000000001
287884,OA-VPM3,4219.400000000001
10110,OA-VUMa1,4219.5
10226,OA-AL2i3,4219.599999999999
11608,OA-VUMa2,4220.3
10168,OA-VUMa6,4220.900000000001
10322,OA-AL2i2,4221.3
10041,OA-VUMa1,4221.8
11005,OA-VUMa4,4222.1
10825,OA-AL2i3,4222.2
10011,OA-AL2i1,4222.700000000001
10072,OA-AL2i1,4222.9
10799,OA-VUMa4,4223.4
34057,Mi1,4223.900000000001
10555,OA-VUMa3,4224.099999999999
12109,OA-VUMa2,4224.9
10677,OA-AL2i4,4224.9
10269,OA-AL2i2,4224.9
11264,OA-ASM1,4225.400000000001
12896,OA-VUMa5,4225.900000000001
10185,OA-VUMa8,4226.6
10687,OA-AL2i3,4226.900000000001
10120,OA-VPM4,4227.0
10265,OA-AL2i2,4227.599999999999
11602,OA-ASM1,4227.599999999999
10187,OA-VPM3,4227.599999999999
34849,Mi1,4227.8
10658,OA-AL2i3,4228.000000000001
35405,Mi1,4228.400000000001
11921,OA-VPM4,4229.0
10204,OA-AL2i2,4229.099999999999
10110,OA-VUMa1,4229.8
286259,OA-ASM1,4230.0
10652,OA-AL2i4,4230.400000000001
10175,OA-VUMa6,4231.1
10080,OA-VUMa3,4231.4
53065,Mi1,4231.4
11608,OA-VUMa2,4231.7
36252,Mi1,4231.7
10041,OA-VUMa1,4231.799999999999
10226,OA-AL2i3,4231.900000000001
287884,OA-VPM3,4232.4
12688,OA-ASM1,4232.5
10168,OA-VUMa6,4232.7
11005,OA-VUMa4,4233.5
10322,OA-AL2i2,4234.0
10825,OA-AL2i3,4234.1
10011,OA-AL2i1,4235.0
10072,OA-AL2i1,4235.3
12109,OA-VUMa2,4235.599999999999
10555,OA-VUMa3,4236.3
10799,OA-VUMa4,4236.6
10269,OA-AL2i2,4236.8
34057,Mi1,4238.0
12896,OA-VUMa5,4238.1
10677,OA-AL2i4,4238.2
10120,OA-VPM4,4238.400000000001
10185,OA-VUMa8,4239.0
10658,OA-AL2i3,4239.2
10687,OA-AL2i3,4239.2
10265,OA-AL2i2,4239.799999999999
11264,OA-ASM1,4240.099999999999
11602,OA-ASM1,4240.200000000001
10110,OA-VUMa1,4240.4
10187,OA-VPM3,4240.6
10175,OA-VUMa6,4242.099999999999
10204,OA-AL2i2,4242.8
34849,Mi1,4242.8
35405,Mi1,4243.1
10652,OA-AL2i4,4243.2
11921,OA-VPM4,4243.2
10041,OA-VUMa1,4243.2
10226,OA-AL2i3,4243.700000000001
11608,OA-VUMa2,4243.8
286259,OA-ASM1,4243.8
10080,OA-VUMa3,4244.0
10168,OA-VUMa6,4244.3
287884,OA-VPM3,4244.6
11005,OA-VUMa4,4244.6
53065,Mi1,4244.6
12688,OA-ASM1,4245.9
36252,Mi1,4246.0
10322,OA-AL2i2,4246.1
12109,OA-VUMa2,4246.3
10011,OA-AL2i1,4246.700000000001
10072,OA-AL2i1,4247.2
10825,OA-AL2i3,4247.4
12896,OA-VUMa5,4249.000000000001
10269,OA-AL2i2,4249.400000000001
10555,OA-VUMa3,4249.8
10120,OA-VPM4,4249.900000000001
10799,OA-VUMa4,4250.200000000001
10677,OA-AL2i4,4250.500000000001
10110,OA-VUMa1,4250.6
10185,OA-VUMa8,4251.3
10658,OA-AL2i3,4251.3
10687,OA-AL2i3,4251.5
10265,OA-AL2i2,4251.700000000001
10187,OA-VPM3,4252.6
34057,Mi1,4253.0
11264,OA-ASM1,4253.3
10175,OA-VUMa6,4253.5
10041,OA-VUMa1,4253.6
11602,OA-ASM1,4253.7
10226,OA-AL2i3,4254.599999999999
11608,OA-VUMa2,4254.8
10652,OA-AL2i4,4255.0
10168,OA-VUMa6,4255.7
287884,OA-VPM3,4256.5
10080,OA-VUMa3,4257.000000000001
12109,OA-VUMa2,4257.000000000001
11005,OA-VUMa4,4257.5
35405,Mi1,4257.6
11921,OA-VPM4,4257.7
286259,OA-ASM1,4257.7
10204,OA-AL2i2,4257.8
10011,OA-AL2i1,4258.099999999999
10072,OA-AL2i1,4258.200000000001
34849,Mi1,4258.4
10322,OA-AL2i2,4259.0
12688,OA-ASM1,4259.400000000001
53065,Mi1,4259.400000000001
12896,OA-VUMa5,4260.1
10825,OA-AL2i3,4260.2
10269,OA-AL2i2,4260.900000000001
10110,OA-VUMa1,4261.200000000001
36252,Mi1,4261.200000000001
10120,OA-VPM4,4262.0
10658,OA-AL2i3,4262.8
10799,OA-VUMa4,4262.8
10677,OA-AL2i4,4262.9
10185,OA-VUMa8,4263.2
10687,OA-AL2i3,4263.3
10555,OA-VUMa3,4263.5
10265,OA-AL2i2,4264.2
10041,OA-VUMa1,4264.9
10187,OA-VPM3,4265.400000000001
11608,OA-VUMa2,4266.0
11264,OA-ASM1,4266.099999999999
10175,OA-VUMa6,4266.200000000001
10226,OA-AL2i3,4266.4
11602,OA-ASM1,4266.500000000001
34057,Mi1,4267.3
10168,OA-VUMa6,4267.400000000001
10652,OA-AL2i4,4267.700000000001
12109,OA-VUMa2,4267.8
287884,OA-VPM3,4268.8
10072,OA-AL2i1,4269.099999999999
10011,OA-AL2i1,4269.3
11005,OA-VUMa4,4269.4
10080,OA-VUMa3,4270.0
12896,OA-VUMa5,4271.0
10322,OA-AL2i2,4271.1
10204,OA-AL2i2,4271.2
11921,OA-VPM4,4272.1
10110,OA-VUMa1,4272.2
12688,OA-ASM1,4272.400000000001
35405,Mi1,4272.8
286259,OA-ASM1,4272.9
10269,OA-AL2i2,4273.2
10120,OA-VPM4,4273.3
53065,Mi1,4273.400000000001
10825,OA-AL2i3,4273.8
34849,Mi1,4273.900000000001
10658,OA-AL2i3,4275.0
10185,OA-VUMa8,4275.1
10799,OA-VUMa4,4275.5
10677,OA-AL2i4,4276.3
10687,OA-AL2i3,4276.5
10041,OA-VUMa1,4276.6
11608,OA-VUMa2,4276.7
10265,OA-AL2i2,4277.0
36252,Mi1,4277.3
10187,OA-VPM3,4277.4
10226,OA-AL2i3,4277.5
10555,OA-VUMa3,4278.2
10168,OA-VUMa6,4278.599999999999
10175,OA-VUMa6,4278.9
11264,OA-ASM1,4279.1
10652,OA-AL2i4,4279.900000000001
11602,OA-ASM1,4280.1
12109,OA-VUMa2,4280.400000000001
287884,OA-VPM3,4281.2
10011,OA-AL2i1,4281.400000000001
10072,OA-AL2i1,4281.400000000001
11005,OA-VUMa4,4281.400000000001
12896,OA-VUMa5,4282.3
34057,Mi1,4282.500000000001
10080,OA-VUMa3,4282.8
10110,OA-VUMa1,4283.0
10322,OA-AL2i2,4283.2
10120,OA-VPM4,4284.6
10269,OA-AL2i2,4284.7
10204,OA-AL2i2,4284.900000000001
12688,OA-ASM1,4285.6
11921,OA-VPM4,4285.7
10825,OA-AL2i3,4285.9
10658,OA-AL2i3,4286.2
286259,OA-ASM1,4286.2
53065,Mi1,4287.0
10041,OA-VUMa1,4287.4
10799,OA-VUMa4,4287.7
35405,Mi1,4287.7
11608,OA-VUMa2,4287.8
34849,Mi1,4288.3
10185,OA-VUMa8,4288.400000000001
10226,OA-AL2i3,4288.6
10677,OA-AL2i4,4289.7
10687,OA-AL2i3,4289.7
10265,OA-AL2i2,4290.099999999999
10175,OA-VUMa6,4290.6
10555,OA-VUMa3,4290.8
10168,OA-VUMa6,4290.900000000001
10187,OA-VPM3,4290.900000000001
10652,OA-AL2i4,4291.3
36252,Mi1,4292.1
11602,OA-ASM1,4292.3
12109,OA-VUMa2,4292.7
11264,OA-ASM1,4292.8
10072,OA-AL2i1,4293.3
11005,OA-VUMa4,4293.4
12896,OA-VUMa5,4293.5
10011,OA-AL2i1,4293.9
10110,OA-VUMa1,4293.9
287884,OA-VPM3,4295.0
10080,OA-VUMa3,4296.0
10322,OA-AL2i2,4296.5
10120,OA-VPM4,4296.8
10269,OA-AL2i2,4297.000000000001
34057,Mi1,4297.7
12688,OA-ASM1,4297.8
10658,OA-AL2i3,4297.900000000001
10041,OA-VUMa1,4298.0
286259,OA-ASM1,4298.3
11608,OA-VUMa2,4298.5
10825,OA-AL2i3,4298.8
10204,OA-AL2i2,4299.0
10185,OA-VUMa8,4300.7
10226,OA-AL2i3,4300.8
53065,Mi1,4300.900000000001
11921,OA-VPM4,4301.099999999999
10687,OA-AL2i3,4301.5
10799,OA-VUMa4,4301.7
35405,Mi1,4301.7
34849,Mi1,4302.400000000001
10677,OA-AL2i4,4302.700000000001
10175,OA-VUMa6,4302.8
10168,OA-VUMa6,4303.2
10187,OA-VPM3,4303.4
10265,OA-AL2i2,4303.900000000001
10652,OA-AL2i4,4303.900000000001
12109,OA-VUMa2,4304.400000000001
10555,OA-VUMa3,4304.6
10110,OA-VUMa1,4305.000000000001
36252,Mi1,4305.6
10072,OA-AL2i1,4305.7
11264,OA-ASM1,4305.7
11005,OA-VUMa4,4306.3
12896,OA-VUMa5,4306.3
11602,OA-ASM1,4306.6
10011,OA-AL2i1,4307.0
10041,OA-VUMa1,4308.2
287884,OA-VPM3,4308.2
10658,OA-AL2i3,4309.099999999999
10322,OA-AL2i2,4309.3
10080,OA-VUMa3,4309.7
10120,OA-VPM4,4310.2
10269,OA-AL2i2,4310.2
11608,OA-VUMa2,4310.5
12688,OA-ASM1,4311.0
10825,OA-AL2i3,4311.200000000001
34057,Mi1,4311.500000000001
10204,OA-AL2i2,4311.7
286259,OA-ASM1,4312.400000000001
10226,OA-AL2i3,4312.8
10185,OA-VUMa8,4313.2
10175,OA-VUMa6,4313.6
10799,OA-VUMa4,4314.099999999999
11921,OA-VPM4,4314.3
10687,OA-AL2i3,4314.5
10168,OA-VUMa6,4314.8
12109,OA-VUMa2,4314.900000000001
53065,Mi1,4315.3
10187,OA-VPM3,4315.400000000001
10110,OA-VUMa1,4315.5
35405,Mi1,4315.5
10652,OA-AL2i4,4315.9
10677,OA-AL2i4,4315.9
10072,OA-AL2i1,4316.4
34849,Mi1,4316.4
12896,OA-VUMa5,4317.6
10265,OA-AL2i2,4317.7
10041,OA-VUMa1,4318.299999999999
10555,OA-VUMa3,4318.299999999999
11602,OA-ASM1,4318.8
10011,OA-AL2i1,4319.1
11264,OA-ASM1,4319.1
11005,OA-VUMa4,4319.500000000001
10658,OA-AL2i3,4319.8
287884,OA-VPM3,4320.8
36252,Mi1,4320.8
10120,OA-VPM4,4321.2
10322,OA-AL2i2,4321.3
11608,OA-VUMa2,4321.900000000001
10080,OA-VUMa3,4322.099999999999
10269,OA-AL2i2,4322.4
10825,OA-AL2i3,4323.1
12688,OA-ASM1,4323.700000000001
10226,OA-AL2i3,4324.6
10175,OA-VUMa6,4324.6
10185,OA-VUMa8,4325.0
10204,OA-AL2i2,4325.200000000001
286259,OA-ASM1,4325.200000000001
10072,OA-AL2i1,4325.3
10799,OA-VUMa4,4326.2
12109,OA-VUMa2,4326.2
10168,OA-VUMa6,4326.5
10110,OA-VUMa1,4326.5
34057,Mi1,4326.8
10687,OA-AL2i3,4327.200000000001
10187,OA-VPM3,4327.8
11921,OA-VPM4,4327.900000000001
10652,OA-AL2i4,4328.700000000001
12896,OA-VUMa5,4329.2
10041,OA-VUMa1,4329.2
10677,OA-AL2i4,4329.2
10265,OA-AL2i2,4329.5
35405,Mi1,4329.8
53065,Mi1,4330.200000000001
10011,OA-AL2i1,4330.6
10658,OA-AL2i3,4331.0
34849,Mi1,4331.3
11602,OA-ASM1,4331.5
10555,OA-VUMa3,4331.8
11005,OA-VUMa4,4331.8
287884,OA-VPM3,4333.3
10322,OA-AL2i2,4333.7
10120,OA-VPM4,4333.8
11264,OA-ASM1,4334.1
10825,OA-AL2i3,4334.400000000001
11608,OA-VUMa2,4334.6
10269,OA-AL2i2,4334.8
10080,OA-VUMa3,4335.3
10072,OA-AL2i1,4335.500000000001
36252,Mi1,4335.6
10226,OA-AL2i3,4335.8
10204,OA-AL2i2,4336.5
10185,OA-VUMa8,4336.700000000001
10175,OA-VUMa6,4336.8
12688,OA-ASM1,4337.1
12109,OA-VUMa2,4337.3
10168,OA-VUMa6,4337.5
10110,OA-VUMa1,4338.3
10687,OA-AL2i3,4339.2
286259,OA-ASM1,4339.3
10799,OA-VUMa4,4339.5
10041,OA-VUMa1,4339.8
10187,OA-VPM3,4340.2
34057,Mi1,4340.3
12896,OA-VUMa5,4341.099999999999
10011,OA-AL2i1,4341.4
10265,OA-AL2i2,4341.4
11921,OA-VPM4,4341.5
10652,OA-AL2i4,4341.8
10677,OA-AL2i4,4342.400000000001
10658,OA-AL2i3,4343.0
11005,OA-VUMa4,4343.7
11602,OA-ASM1,4344.2
34849,Mi1,4344.400000000001
53065,Mi1,4344.599999999999
10555,OA-VUMa3,4344.8
35405,Mi1,4345.000000000001
10072,OA-AL2i1,4345.400000000001
10120,OA-VPM4,4345.7
287884,OA-VPM3,4346.0
10322,OA-AL2i2,4346.200000000001
11608,OA-VUMa2,4346.3
10269,OA-AL2i2,4346.7
10226,OA-AL2i3,4347.5
10825,OA-AL2i3,4347.5
11264,OA-ASM1,4347.599999999999
10175,OA-VUMa6,4347.700000000001
71052,T2a,4347.9
10185,OA-VUMa8,4347.9
10204,OA-AL2i2,4348.799999999999
10080,OA-VUMa3,4348.900000000001
12109,OA-VUMa2,4348.900000000001
10110,OA-VUMa1,4349.099999999999
10168,OA-VUMa6,4349.4
36252,Mi1,4350.3
10687,OA-AL2i3,4350.7
12688,OA-ASM1,4351.200000000001
12896,OA-VUMa5,4351.500000000001
10041,OA-VUMa1,4351.7
286259,OA-ASM1,4352.0
10799,OA-VUMa4,4352.1
10011,OA-AL2i1,4352.8
10187,OA-VPM3,4353.000000000001
10265,OA-AL2i2,4353.2
10677,OA-AL2i4,4353.900000000001
34057,Mi1,4355.2
10658,OA-AL2i3,4355.2
10652,OA-AL2i4,4355.400000000001
11005,OA-VUMa4,4355.599999999999
10555,OA-VUMa3,4356.3
11921,OA-VPM4,4356.7
10072,OA-AL2i1,4357.0
10322,OA-AL2i2,4357.7
11608,OA-VUMa2,4357.7
11602,OA-ASM1,4357.9
10120,OA-VPM4,4358.6
10226,OA-AL2i3,4358.7
34849,Mi1,4358.7
10185,OA-VUMa8,4359.200000000001
287884,OA-VPM3,4359.500000000001
10175,OA-VUMa6,4359.7
53065,Mi1,4359.7
10269,OA-AL2i2,4360.0
10825,OA-AL2i3,4360.2
35405,Mi1,4360.400000000001
11264,OA-ASM1,4360.5
10080,OA-VUMa3,4361.2
12109,OA-VUMa2,4361.400000000001
10110,OA-VUMa1,4361.5
10041,OA-VUMa1,4361.6
10168,OA-VUMa6,4361.7
10204,OA-AL2i2,4362.6
10687,OA-AL2i3,4362.8
12896,OA-VUMa5,4363.3
36252,Mi1,4363.9
12688,OA-ASM1,4364.1
10799,OA-VUMa4,4364.6
10011,OA-AL2i1,4364.6
286259,OA-ASM1,4365.3
10187,OA-VPM3,4366.000000000001
10265,OA-AL2i2,4366.3
10677,OA-AL2i4,4366.6
10658,OA-AL2i3,4366.900000000001
11005,OA-VUMa4,4367.3
34057,Mi1,4368.3
10652,OA-AL2i4,4368.400000000001
11608,OA-VUMa2,4368.8
10072,OA-AL2i1,4369.2
10555,OA-VUMa3,4369.2
11921,OA-VPM4,4369.400000000001
10226,OA-AL2i3,4369.7
10120,OA-VPM4,4370.6
10322,OA-AL2i2,4370.6
11602,OA-ASM1,4370.6
10175,OA-VUMa6,4371.2
34849,Mi1,4372.3
10041,OA-VUMa1,4372.5
10185,OA-VUMa8,4372.5
10825,OA-AL2i3,4372.6
10269,OA-AL2i2,4372.799999999999
287884,OA-VPM3,4373.0
12109,OA-VUMa2,4373.3
11264,OA-ASM1,4373.6
10687,OA-AL2i3,4373.9
10168,OA-VUMa6,4373.9
10080,OA-VUMa3,4374.1
10110,OA-VUMa1,4374.2
12896,OA-VUMa5,4374.400000000001
53065,Mi1,4374.5
35405,Mi1,4374.8
10011,OA-AL2i1,4375.7
10204,OA-AL2i2,4376.599999999999
12688,OA-ASM1,4376.8
10799,OA-VUMa4,4377.400000000001
10187,OA-VPM3,4378.0
11005,OA-VUMa4,4378.5
36252,Mi1,4378.7
10265,OA-AL2i2,4378.9
286259,OA-ASM1,4379.0
10072,OA-AL2i1,4379.599999999999
10658,OA-AL2i3,4379.599999999999
11608,OA-VUMa2,4380.0
10677,OA-AL2i4,4380.2
10652,OA-AL2i4,4381.099999999999
10226,OA-AL2i3,4381.3
10322,OA-AL2i2,4382.000000000001
10555,OA-VUMa3,4382.2
10175,OA-VUMa6,4382.7
34057,Mi1,4382.8
10120,OA-VPM4,4382.900000000001
11921,OA-VPM4,4383.0
11602,OA-ASM1,4383.099999999999
10041,OA-VUMa1,4383.4
10185,OA-VUMa8,4385.2
10269,OA-AL2i2,4385.3
12109,OA-VUMa2,4385.400000000001
10168,OA-VUMa6,4385.6
10825,OA-AL2i3,4385.7
287884,OA-VPM3,4386.3
10080,OA-VUMa3,4386.6
11264,OA-ASM1,4386.7
10110,OA-VUMa1,4387.0
12896,OA-VUMa5,4387.1
10687,OA-AL2i3,4387.599999999999
34849,Mi1,4387.700000000001
10011,OA-AL2i1,4387.8
12688,OA-ASM1,4388.900000000001
53065,Mi1,4388.900000000001
10204,OA-AL2i2,4389.400000000001
35405,Mi1,4389.6
11005,OA-VUMa4,4389.8
10187,OA-VPM3,4389.9
10799,OA-VUMa4,4390.1
11608,OA-VUMa2,4390.900000000001
10072,OA-AL2i1,4391.200000000001
10658,OA-AL2i3,4391.6
10265,OA-AL2i2,4392.2
36252,Mi1,4392.700000000001
286259,OA-ASM1,4393.1
10677,OA-AL2i4,4393.1
10322,OA-AL2i2,4393.3
10652,OA-AL2i4,4393.5
10226,OA-AL2i3,4394.0
10175,OA-VUMa6,4394.099999999999
10041,OA-VUMa1,4394.9
10555,OA-VUMa3,4395.1
10120,OA-VPM4,4395.5
12109,OA-VUMa2,4397.0
11602,OA-ASM1,4397.1
10269,OA-AL2i2,4397.1
10168,OA-VUMa6,4397.5
34057,Mi1,4397.6
10185,OA-VUMa8,4397.8
11921,OA-VPM4,4397.8
10825,OA-AL2i3,4398.2
287884,OA-VPM3,4398.5
12896,OA-VUMa5,4398.8
10080,OA-VUMa3,4398.900000000001
10011,OA-AL2i1,4399.099999999999
10110,OA-VUMa1,4399.500000000001
10687,OA-AL2i3,4400.700000000001
11264,OA-ASM1,4400.700000000001
12688,OA-ASM1,4401.900000000001
11005,OA-VUMa4,4402.0
10187,OA-VPM3,4402.4
11608,OA-VUMa2,4402.4
10204,OA-AL2i2,4402.5
10072,OA-AL2i1,4402.7
34849,Mi1,4402.8
35405,Mi1,4403.2
53065,Mi1,4403.400000000001
10658,OA-AL2i3,4403.5
10322,OA-AL2i2,4404.7
10799,OA-VUMa4,4405.0
10265,OA-AL2i2,4405.1
10175,OA-VUMa6,4405.5
36252,Mi1,4406.2
10041,OA-VUMa1,4406.3
10226,OA-AL2i3,4406.3
10677,OA-AL2i4,4406.3
10652,OA-AL2i4,4407.099999999999
286259,OA-ASM1,4407.200000000001
10120,OA-VPM4,4408.3
71052,T2a,4408.5
10168,OA-VUMa6,4408.700000000001
10185,OA-VUMa8,4408.9
10555,OA-VUMa3,4409.1
10269,OA-AL2i2,4409.3
12109,OA-VUMa2,4409.3
11602,OA-ASM1,4409.7
10011,OA-AL2i1,4410.5
12896,OA-VUMa5,4410.9
10110,OA-VUMa1,4411.2
287884,OA-VPM3,4411.400000000001
10825,OA-AL2i3,4411.400000000001
11921,OA-VPM4,4411.8
10080,OA-VUMa3,4412.5
10687,OA-AL2i3,4413.5
11005,OA-VUMa4,4413.6
12688,OA-ASM1,4413.8
34057,Mi1,4413.8
10072,OA-AL2i1,4414.1
11264,OA-ASM1,4414.1
11608,OA-VUMa2,4415.099999999999
10204,OA-AL2i2,4415.200000000001
10658,OA-AL2i3,4415.4
10322,OA-AL2i2,4415.6
10187,OA-VPM3,4416.3
10175,OA-VUMa6,4416.5
34849,Mi1,4416.700000000001
10041,OA-VUMa1,4416.8
35405,Mi1,4417.0
53065,Mi1,4417.7
10265,OA-AL2i2,4417.8
10799,OA-VUMa4,4417.900000000001
10226,OA-AL2i3,4418.3
10168,OA-VUMa6,4419.599999999999
10677,OA-AL2i4,4419.599999999999
10652,OA-AL2i4,4420.1
36252,Mi1,4420.1
286259,OA-ASM1,4420.3
10120,OA-VPM4,4420.4
10185,OA-VUMa8,4421.0
12109,OA-VUMa2,4421.400000000001
10269,OA-AL2i2,4421.8
10110,OA-VUMa1,4421.9
10011,OA-AL2i1,4422.1
10555,OA-VUMa3,4422.5
287884,OA-VPM3,4423.099999999999
12896,OA-VUMa5,4423.500000000001
11602,OA-ASM1,4423.500000000001
10825,OA-AL2i3,4424.3
10080,OA-VUMa3,4425.5
11005,OA-VUMa4,4425.8
10687,OA-AL2i3,4426.0
12688,OA-ASM1,4426.099999999999
10072,OA-AL2i1,4426.4
11921,OA-VPM4,4426.4
11608,OA-VUMa2,4426.6
11264,OA-ASM1,4426.6
10041,OA-VUMa1,4427.299999999999
10322,OA-AL2i2,4427.299999999999
34057,Mi1,4427.5
10658,OA-AL2i3,4427.9
10204,OA-AL2i2,4429.0
10187,OA-VPM3,4429.2
10175,OA-VUMa6,4430.1
34849,Mi1,4430.3
10226,OA-AL2i3,4430.5
10265,OA-AL2i2,4430.900000000001
10168,OA-VUMa6,4431.200000000001
10799,OA-VUMa4,4431.3
53065,Mi1,4431.4
10120,OA-VPM4,4432.1
10652,OA-AL2i4,4432.5
35405,Mi1,4432.5
10677,OA-AL2i4,4432.700000000001
10110,OA-VUMa1,4432.8
286259,OA-ASM1,4433.0
10011,OA-AL2i1,4433.2
36252,Mi1,4433.3
10185,OA-VUMa8,4433.5
10269,OA-AL2i2,4434.099999999999
12109,OA-VUMa2,4434.3
10555,OA-VUMa3,4434.9
287884,OA-VPM3,4435.2
12896,OA-VUMa5,4435.299999999999
11602,OA-ASM1,4436.4
10825,OA-AL2i3,4437.8
10041,OA-VUMa1,4437.9
11005,OA-VUMa4,4437.9
10080,OA-VUMa3,4438.1
11608,OA-VUMa2,4438.3
10687,OA-AL2i3,4438.6
10658,OA-AL2i3,4439.4
12688,OA-ASM1,4439.5
10072,OA-AL2i1,4439.7
10322,OA-AL2i2,4439.900000000001
11264,OA-ASM1,4440.400000000001
11921,OA-VPM4,4440.400000000001
10226,OA-AL2i3,4441.5
10175,OA-VUMa6,4441.6
10187,OA-VPM3,4441.6
10204,OA-AL2i2,4441.900000000001
34057,Mi1,4441.900000000001
10110,OA-VUMa1,4443.0
10168,OA-VUMa6,4443.299999999999
10265,OA-AL2i2,4443.5
10120,OA-VPM4,4444.0
10799,OA-VUMa4,4444.3
34849,Mi1,4444.4
10011,OA-AL2i1,4444.6
10652,OA-AL2i4,4444.8
53065,Mi1,4444.900000000001
10185,OA-VUMa8,4444.900000000001
12109,OA-VUMa2,4445.3
10269,OA-AL2i2,4446.2
286259,OA-ASM1,4446.400000000001
10677,OA-AL2i4,4447.0
35405,Mi1,4447.200000000001
12896,OA-VUMa5,4447.3
10555,OA-VUMa3,4447.900000000001
36252,Mi1,4447.900000000001
287884,OA-VPM3,4448.2
10041,OA-VUMa1,4449.2
11608,OA-VUMa2,4449.4
11602,OA-ASM1,4449.7
11005,OA-VUMa4,4450.5
10825,OA-AL2i3,4450.6
10658,OA-AL2i3,4450.8
10687,OA-AL2i3,4451.0
10080,OA-VUMa3,4451.1
11264,OA-ASM1,4452.1
10072,OA-AL2i1,4452.200000000001
10322,OA-AL2i2,4452.200000000001
12688,OA-ASM1,4452.500000000001
10175,OA-VUMa6,4452.900000000001
10226,OA-AL2i3,4452.900000000001
10110,OA-VUMa1,4453.700000000001
11921,OA-VPM4,4454.8
10204,OA-AL2i2,4455.0
10187,OA-VPM3,4455.3
10120,OA-VPM4,4455.4
10265,OA-AL2i2,4456.1
10168,OA-VUMa6,4456.3
10011,OA-AL2i1,4456.8
10799,OA-VUMa4,4456.9
34057,Mi1,4456.9
12109,OA-VUMa2,4457.2
10185,OA-VUMa8,4457.4
10652,OA-AL2i4,4458.3
10269,OA-AL2i2,4458.5
10677,OA-AL2i4,4459.2
12896,OA-VUMa5,4459.2
286259,OA-ASM1,4459.6
10041,OA-VUMa1,4459.900000000001
53065,Mi1,4460.3
34849,Mi1,4460.7
11608,OA-VUMa2,4461.0
10555,OA-VUMa3,4461.3
35405,Mi1,4461.700000000001
11005,OA-VUMa4,4461.700000000001
36252,Mi1,4461.8
10658,OA-AL2i3,4462.3
287884,OA-VPM3,4462.3
10687,OA-AL2i3,4463.3
11602,OA-ASM1,4463.3
10080,OA-VUMa3,4463.5
10825,OA-AL2i3,4463.7
10175,OA-VUMa6,4463.8
10226,OA-AL2i3,4464.0
11264,OA-ASM1,4464.3
10110,OA-VUMa1,4464.5
10072,OA-AL2i1,4464.599999999999
10322,OA-AL2i2,4464.599999999999
12688,OA-ASM1,4466.0
10204,OA-AL2i2,4467.3
10120,OA-VPM4,4467.6
10168,OA-VUMa6,4468.1
10187,OA-VPM3,4468.200000000001
10011,OA-AL2i1,4468.4
11921,OA-VPM4,4468.4
10265,OA-AL2i2,4468.500000000001
10799,OA-VUMa4,4469.9
12109,OA-VUMa2,4469.9
10185,OA-VUMa8,4470.2
34057,Mi1,4470.2
10041,OA-VUMa1,4470.900000000001
10652,OA-AL2i4,4471.200000000001
12896,OA-VUMa5,4471.200000000001
10677,OA-AL2i4,4471.3
10269,OA-AL2i2,4471.5
286259,OA-ASM1,4472.8
10658,OA-AL2i3,4473.3
11005,OA-VUMa4,4473.4
34849,Mi1,4473.7
11608,OA-VUMa2,4474.0
10555,OA-VUMa3,4474.200000000001
53065,Mi1,4474.8
287884,OA-VPM3,4475.1
10072,OA-AL2i1,4475.2
10687,OA-AL2i3,4475.2
10175,OA-VUMa6,4475.400000000001
36252,Mi1,4475.400000000001
10110,OA-VUMa1,4475.6
10825,OA-AL2i3,4476.200000000001
10226,OA-AL2i3,4476.200000000001
10080,OA-VUMa3,4476.3
11602,OA-ASM1,4476.4
35405,Mi1,4476.6
10322,OA-AL2i2,4476.8
11264,OA-ASM1,4478.6
12688,OA-ASM1,4479.0
10204,OA-AL2i2,4479.099999999999
10011,OA-AL2i1,4479.6
10120,OA-VPM4,4479.7
10265,OA-AL2i2,4480.3
10168,OA-VUMa6,4480.400000000001
12109,OA-VUMa2,4480.700000000001
10187,OA-VPM3,4481.3
10041,OA-VUMa1,4482.200000000001
11921,OA-VPM4,4482.9
10185,OA-VUMa8,4483.0
10677,OA-AL2i4,4483.3
10799,OA-VUMa4,4483.400000000001
10269,OA-AL2i2,4483.8
11005,OA-VUMa4,4484.0
12896,OA-VUMa5,4484.0
10658,OA-AL2i3,4484.900000000001
10652,OA-AL2i4,4485.400000000001
33462,Mi1,4485.5
34057,Mi1,4485.700000000001
11608,OA-VUMa2,4486.7
10072,OA-AL2i1,4487.0
10175,OA-VUMa6,4487.099999999999
10110,OA-VUMa1,4487.200000000001
286259,OA-ASM1,4487.200000000001
10226,OA-AL2i3,4487.3
287884,OA-VPM3,4487.7
10687,OA-AL2i3,4487.9
10555,OA-VUMa3,4488.400000000001
10322,OA-AL2i2,4488.599999999999
11602,OA-ASM1,4489.3
10080,OA-VUMa3,4489.3
34849,Mi1,4489.7
10011,OA-AL2i1,4490.4
53065,Mi1,4490.5
10825,OA-AL2i3,4490.7
12688,OA-ASM1,4491.1
35405,Mi1,4491.1
36252,Mi1,4491.2
11264,OA-ASM1,4491.400000000001
10120,OA-VPM4,4491.900000000001
10204,OA-AL2i2,4492.1
12109,OA-VUMa2,4492.3
10168,OA-VUMa6,4492.500000000001
10041,OA-VUMa1,4493.1
10265,OA-AL2i2,4493.5
10187,OA-VPM3,4495.099999999999
10799,OA-VUMa4,4495.3
12896,OA-VUMa5,4495.4
11921,OA-VPM4,4495.9
10677,OA-AL2i4,4496.1
35498,Mi1,4496.1
10185,OA-VUMa8,4496.2
10658,OA-AL2i3,4496.700000000001
10269,OA-AL2i2,4497.4
10110,OA-VUMa1,4497.5
11005,OA-VUMa4,4497.5
10072,OA-AL2i1,4497.6
10652,OA-AL2i4,4498.099999999999
10175,OA-VUMa6,4498.200000000001
71052,T2a,4498.200000000001
11608,OA-VUMa2,4498.4
10226,OA-AL2i3,4498.8
10687,OA-AL2i3,4499.3
287884,OA-VPM3,4500.4
10322,OA-AL2i2,4500.7
51122,Mi1,4501.1
10555,OA-VUMa3,4501.599999999999
10011,OA-AL2i1,4501.599999999999
34057,Mi1,4501.700000000001
10080,OA-VUMa3,4501.9
286259,OA-ASM1,4501.9
10825,OA-AL2i3,4502.5
11602,OA-ASM1,4502.5
33907,Mi1,4502.6
10041,OA-VUMa1,4503.3
34849,Mi1,4503.4
12109,OA-VUMa2,4503.5
10168,OA-VUMa6,4503.6
12688,OA-ASM1,4503.8
10120,OA-VPM4,4504.1
10204,OA-AL2i2,4504.400000000001
36252,Mi1,4504.599999999999
53065,Mi1,4504.599999999999
11264,OA-ASM1,4505.4
10265,OA-AL2i2,4505.900000000001
12896,OA-VUMa5,4506.9
35405,Mi1,4506.9
10799,OA-VUMa4,4508.099999999999
10658,OA-AL2i3,4508.3
10110,OA-VUMa1,4508.6
10072,OA-AL2i1,4508.8
10187,OA-VPM3,4508.8
11005,OA-VUMa4,4508.8
10185,OA-VUMa8,4508.900000000001
118924,Tm3,4509.3
10677,OA-AL2i4,4509.400000000001
10175,OA-VUMa6,4509.5
10226,OA-AL2i3,4509.9
10652,OA-AL2i4,4510.6
10687,OA-AL2i3,4510.8
11608,OA-VUMa2,4511.0
11921,OA-VPM4,4511.6
10269,OA-AL2i2,4511.7
10322,OA-AL2i2,4512.400000000001
10011,OA-AL2i1,4512.599999999999
10041,OA-VUMa1,4514.099999999999
287884,OA-VPM3,4514.099999999999
10555,OA-VUMa3,4514.6
10825,OA-AL2i3,4514.6
12109,OA-VUMa2,4515.000000000001
10168,OA-VUMa6,4515.1
10120,OA-VPM4,4515.6
11602,OA-ASM1,4515.8
10080,OA-VUMa3,4515.8
34057,Mi1,4515.900000000001
286259,OA-ASM1,4516.0
12688,OA-ASM1,4516.099999999999
33462,Mi1,4516.099999999999
12896,OA-VUMa5,4517.599999999999
10204,OA-AL2i2,4518.1
34849,Mi1,4518.3
10265,OA-AL2i2,4518.400000000001
11264,OA-ASM1,4518.400000000001
53065,Mi1,4519.0
10110,OA-VUMa1,4519.3
10658,OA-AL2i3,4519.5
36252,Mi1,4519.5
10175,OA-VUMa6,4520.700000000001
10187,OA-VPM3,4520.9
35405,Mi1,4521.0
10799,OA-VUMa4,4521.2
11005,OA-VUMa4,4521.3
10677,OA-AL2i4,4521.7
11608,OA-VUMa2,4522.1
10226,OA-AL2i3,4522.700000000001
10185,OA-VUMa8,4522.8
10072,OA-AL2i1,4523.1
10687,OA-AL2i3,4523.3
10269,OA-AL2i2,4523.5
10011,OA-AL2i1,4524.200000000001
10652,OA-AL2i4,4524.3
10322,OA-AL2i2,4525.0
11921,OA-VPM4,4525.2
10041,OA-VUMa1,4525.599999999999
287884,OA-VPM3,4526.0
10825,OA-AL2i3,4526.8
33907,Mi1,4526.8
12109,OA-VUMa2,4526.900000000001
10168,OA-VUMa6,4527.099999999999
10555,OA-VUMa3,4527.200000000001
10120,OA-VPM4,4528.2
35498,Mi1,4528.5
12896,OA-VUMa5,4528.8
10080,OA-VUMa3,4529.6
286259,OA-ASM1,4529.900000000001
11602,OA-ASM1,4530.0
12688,OA-ASM1,4530.5
10110,OA-VUMa1,4530.5
10658,OA-AL2i3,4530.700000000001
10265,OA-AL2i2,4531.5
11264,OA-ASM1,4531.5
10204,OA-AL2i2,4531.7
34057,Mi1,4532.099999999999
10175,OA-VUMa6,4532.200000000001
34849,Mi1,4532.7
11608,OA-VUMa2,4533.5
53065,Mi1,4533.599999999999
10187,OA-VPM3,4533.599999999999
11005,OA-VUMa4,4533.9
10226,OA-AL2i3,4534.0
10799,OA-VUMa4,4534.1
36252,Mi1,4534.3
10072,OA-AL2i1,4535.0
10185,OA-VUMa8,4535.0
10677,OA-AL2i4,4535.5
10687,OA-AL2i3,4535.8
10011,OA-AL2i1,4536.2
35405,Mi1,4536.2
10041,OA-VUMa1,4536.400000000001
51122,Mi1,4536.5
10322,OA-AL2i2,4537.4
10269,OA-AL2i2,4537.7
287884,OA-VPM3,4537.7
10652,OA-AL2i4,4537.8
12109,OA-VUMa2,4537.900000000001
10168,OA-VUMa6,4538.700000000001
11921,OA-VPM4,4538.8
12896,OA-VUMa5,4539.900000000001
10825,OA-AL2i3,4540.099999999999
10120,OA-VPM4,4540.4
10555,OA-VUMa3,4540.8
10110,OA-VUMa1,4541.2
33462,Mi1,4541.2
10080,OA-VUMa3,4541.2
286259,OA-ASM1,4542.6
10658,OA-AL2i3,4542.900000000001
11602,OA-ASM1,4543.200000000001
12688,OA-ASM1,4543.4
10175,OA-VUMa6,4543.6
10265,OA-AL2i2,4543.9
11608,OA-VUMa2,4544.5
11264,OA-ASM1,4545.2
10187,OA-VPM3,4545.4
10204,OA-AL2i2,4545.6
10226,OA-AL2i3,4545.900000000001
34057,Mi1,4546.3
11005,OA-VUMa4,4546.700000000001
10011,OA-AL2i1,4546.9
10185,OA-VUMa8,4547.2
53065,Mi1,4547.3
10041,OA-VUMa1,4547.400000000001
33907,Mi1,4548.099999999999
36252,Mi1,4548.3
10677,OA-AL2i4,4548.500000000001
10687,OA-AL2i3,4548.500000000001
10799,OA-VUMa4,4548.500000000001
10072,OA-AL2i1,4548.8
34849,Mi1,4548.8
12109,OA-VUMa2,4549.2
287884,OA-VPM3,4549.599999999999
10269,OA-AL2i2,4549.8
10322,OA-AL2i2,4549.9
35405,Mi1,4550.2
10168,OA-VUMa6,4550.3
10652,OA-AL2i4,4550.3
12896,OA-VUMa5,4551.200000000001
35498,Mi1,4551.5
10110,OA-VUMa1,4552.0
10120,OA-VPM4,4552.400000000001
11921,OA-VPM4,4552.9
10825,OA-AL2i3,4553.3
10555,OA-VUMa3,4554.1
10175,OA-VUMa6,4554.3
10658,OA-AL2i3,4554.3
10080,OA-VUMa3,4554.8
10265,OA-AL2i2,4555.5
11608,OA-VUMa2,4555.7
12688,OA-ASM1,4556.099999999999
11602,OA-ASM1,4556.200000000001
286259,OA-ASM1,4556.6
10226,OA-AL2i3,4557.1
11005,OA-VUMa4,4557.9
10187,OA-VPM3,4558.1
10041,OA-VUMa1,4558.4
11264,OA-ASM1,4559.0
10185,OA-VUMa8,4559.3
10011,OA-AL2i1,4559.4
10072,OA-AL2i1,4559.4
10204,OA-AL2i2,4559.6
34057,Mi1,4560.9
33462,Mi1,4560.9
10687,OA-AL2i3,4560.9
12109,OA-VUMa2,4560.9
10677,OA-AL2i4,4561.1
34849,Mi1,4561.3
53065,Mi1,4561.4
10168,OA-VUMa6,4561.7
10799,OA-VUMa4,4562.1
10322,OA-AL2i2,4562.1
51122,Mi1,4562.3
36252,Mi1,4562.400000000001
10269,OA-AL2i2,4562.6
12896,OA-VUMa5,4562.700000000001
287884,OA-VPM3,4562.8
10110,OA-VUMa1,4563.1
10652,OA-AL2i4,4563.5
35405,Mi1,4564.4
10120,OA-VPM4,4564.7
10175,OA-VUMa6,4565.2
10658,OA-AL2i3,4565.599999999999
10825,OA-AL2i3,4566.0
10080,OA-VUMa3,4567.3
33907,Mi1,4567.3
11608,OA-VUMa2,4567.4
11921,OA-VPM4,4567.6
71052,T2a,4567.7
10226,OA-AL2i3,4568.1
10265,OA-AL2i2,4568.1
10555,OA-VUMa3,4568.299999999999
10041,OA-VUMa1,4569.1
12688,OA-ASM1,4569.4
11602,OA-ASM1,4569.7
11005,OA-VUMa4,4570.0
286259,OA-ASM1,4570.2
10072,OA-AL2i1,4570.3
10187,OA-VPM3,4570.8
10011,OA-AL2i1,4571.5
35498,Mi1,4571.7
79345,T2a,4571.900000000001
11264,OA-ASM1,4572.4
10185,OA-VUMa8,4572.5
10204,OA-AL2i2,4572.5
12109,OA-VUMa2,4572.7
10687,OA-AL2i3,4572.8
10168,OA-VUMa6,4573.5
10677,OA-AL2i4,4573.5
10110,OA-VUMa1,4573.599999999999
10322,OA-AL2i2,4573.8
34849,Mi1,4574.6
10799,OA-VUMa4,4575.3
12896,OA-VUMa5,4575.3
10269,OA-AL2i2,4575.6
287884,OA-VPM3,4575.6
34057,Mi1,4576.0
53065,Mi1,4576.0
10120,OA-VPM4,4576.5
10658,OA-AL2i3,4576.8
10652,OA-AL2i4,4576.900000000001
10175,OA-VUMa6,4577.0
33462,Mi1,4577.900000000001
36252,Mi1,4578.3
10825,OA-AL2i3,4578.400000000001
11608,OA-VUMa2,4579.1
10226,OA-AL2i3,4579.5
35405,Mi1,4579.5
51122,Mi1,4579.8
10041,OA-VUMa1,4579.8
10080,OA-VUMa3,4580.0
10265,OA-AL2i2,4580.0
10555,OA-VUMa3,4580.6
11921,OA-VPM4,4581.3
12688,OA-ASM1,4582.2
10072,OA-AL2i1,4582.6
11005,OA-VUMa4,4582.6
11602,OA-ASM1,4582.7
10187,OA-VPM3,4583.099999999999
10011,OA-AL2i1,4583.8
286259,OA-ASM1,4583.8
10687,OA-AL2i3,4584.0
10168,OA-VUMa6,4584.6
10185,OA-VUMa8,4584.700000000001
12109,OA-VUMa2,4584.8
10110,OA-VUMa1,4585.1
10204,OA-AL2i2,4585.4
11264,OA-ASM1,4585.6
33907,Mi1,4585.7
10322,OA-AL2i2,4586.2
10677,OA-AL2i4,4586.2
12896,OA-VUMa5,4586.8
10269,OA-AL2i2,4587.7
10175,OA-VUMa6,4588.0
287884,OA-VPM3,4588.7
34849,Mi1,4588.8
10658,OA-AL2i3,4589.3
10120,OA-VPM4,4589.3
10799,OA-VUMa4,4589.400000000001
10652,OA-AL2i4,4589.8
35498,Mi1,4589.9
34057,Mi1,4590.6
53065,Mi1,4590.6
11608,OA-VUMa2,4590.7
10041,OA-VUMa1,4591.5
10226,OA-AL2i3,4591.7
10825,OA-AL2i3,4591.8
10080,OA-VUMa3,4593.200000000001
10265,OA-AL2i2,4593.3
36252,Mi1,4593.4
33462,Mi1,4594.1
10555,OA-VUMa3,4594.2
11005,OA-VUMa4,4594.2
12688,OA-ASM1,4594.5
35405,Mi1,4594.599999999999
11602,OA-ASM1,4594.9
10072,OA-AL2i1,4595.6
11921,OA-VPM4,4595.6
10187,OA-VPM3,4595.8
51122,Mi1,4595.8
10110,OA-VUMa1,4595.900000000001
71052,T2a,4596.0
10168,OA-VUMa6,4596.200000000001
10687,OA-AL2i3,4596.3
286259,OA-ASM1,4596.7
10011,OA-AL2i1,4596.8
10185,OA-VUMa8,4596.900000000001
12109,OA-VUMa2,4596.900000000001
12896,OA-VUMa5,4597.3
10322,OA-AL2i2,4597.700000000001
10677,OA-AL2i4,4599.0
10204,OA-AL2i2,4599.200000000001
11264,OA-ASM1,4600.0
10175,OA-VUMa6,4600.3
10658,OA-AL2i3,4600.400000000001
10269,OA-AL2i2,4601.1
33907,Mi1,4601.7
287884,OA-VPM3,4601.7
10041,OA-VUMa1,4601.900000000001
10120,OA-VPM4,4602.0
10652,OA-AL2i4,4602.0
11608,OA-VUMa2,4602.2
34849,Mi1,4602.599999999999
10799,OA-VUMa4,4602.8
10825,OA-AL2i3,4603.6
10226,OA-AL2i3,4603.7
53065,Mi1,4603.8
34057,Mi1,4605.5
10080,OA-VUMa3,4605.8
10265,OA-AL2i2,4605.9
10110,OA-VUMa1,4606.0
10555,OA-VUMa3,4606.1
11005,OA-VUMa4,4606.3
35498,Mi1,4606.900000000001
12688,OA-ASM1,4607.5
36252,Mi1,4607.5
10187,OA-VPM3,4607.8
35405,Mi1,4608.1
10687,OA-AL2i3,4608.2
11602,OA-ASM1,4608.3
10072,OA-AL2i1,4608.3
10168,OA-VUMa6,4608.400000000001
12109,OA-VUMa2,4608.8
10011,OA-AL2i1,4608.900000000001
10185,OA-VUMa8,4609.1
12896,OA-VUMa5,4609.4
10322,OA-AL2i2,4609.500000000001
33462,Mi1,4609.7
11921,OA-VPM4,4610.1
10677,OA-AL2i4,4611.000000000001
286259,OA-ASM1,4611.1
10658,OA-AL2i3,4611.2
10204,OA-AL2i2,4611.3
532850,Tm3,4611.400000000001
10175,OA-VUMa6,4611.8
51122,Mi1,4612.4
10041,OA-VUMa1,4613.1
11264,OA-ASM1,4613.700000000001
10269,OA-AL2i2,4613.9
10652,OA-AL2i4,4614.1
11608,OA-VUMa2,4614.1
10120,OA-VPM4,4614.2
10226,OA-AL2i3,4615.099999999999
10825,OA-AL2i3,4615.099999999999
118924,Tm3,4615.6
10799,OA-VUMa4,4616.2
287884,OA-VPM3,4616.2
33907,Mi1,4616.900000000001
10110,OA-VUMa1,4617.0
34849,Mi1,4617.1
53065,Mi1,4617.4
10265,OA-AL2i2,4617.6
11005,OA-VUMa4,4618.3
10072,OA-AL2i1,4618.9
10080,OA-VUMa3,4619.5
10687,OA-AL2i3,4620.200000000001
10555,OA-VUMa3,4620.3
10168,OA-VUMa6,4620.4
10187,OA-VPM3,4620.4
12109,OA-VUMa2,4620.4
10011,OA-AL2i1,4620.6
11602,OA-ASM1,4620.6
34057,Mi1,4620.6
36252,Mi1,4620.7
10185,OA-VUMa8,4621.5
92114,T4c,4621.599999999999
10322,OA-AL2i2,4621.599999999999
12688,OA-ASM1,4621.599999999999
12896,OA-VUMa5,4622.3
35405,Mi1,4622.4
103479,T4c,4623.0
10041,OA-VUMa1,4623.200000000001
10658,OA-AL2i3,4623.4
10204,OA-AL2i2,4623.4
73828,Tm3,4623.4
10677,OA-AL2i4,4623.5
10175,OA-VUMa6,4623.7
35498,Mi1,4623.8
33462,Mi1,4624.1
11921,OA-VPM4,4624.400000000001
11608,OA-VUMa2,4625.3
286259,OA-ASM1,4625.500000000001
10269,OA-AL2i2,4626.0
99922,T4c,4626.1
10226,OA-AL2i3,4626.5
10120,OA-VPM4,4626.599999999999
11264,OA-ASM1,4627.0
51122,Mi1,4627.0
10652,OA-AL2i4,4627.400000000001
83365,T2a,4627.400000000001
10825,OA-AL2i3,4627.5
10110,OA-VUMa1,4627.900000000001
287884,OA-VPM3,4628.8
10072,OA-AL2i1,4630.4
10799,OA-VUMa4,4630.5
11005,OA-VUMa4,4630.6
53065,Mi1,4631.0
34849,Mi1,4631.200000000001
10265,OA-AL2i2,4631.5
12109,OA-VUMa2,4631.8
10168,OA-VUMa6,4631.9
10011,OA-AL2i1,4632.000000000001
10187,OA-VPM3,4632.400000000001
10080,OA-VUMa3,4632.6
10322,OA-AL2i2,4632.900000000001
10687,OA-AL2i3,4632.900000000001
33907,Mi1,4633.0
10555,OA-VUMa3,4633.200000000001
12896,OA-VUMa5,4633.7
10658,OA-AL2i3,4634.2
12688,OA-ASM1,4634.5
11602,OA-ASM1,4634.599999999999
10041,OA-VUMa1,4634.700000000001
10175,OA-VUMa6,4634.9
10185,OA-VUMa8,4635.1
34057,Mi1,4635.3
10677,OA-AL2i4,4635.7
10204,OA-AL2i2,4636.099999999999
11608,OA-VUMa2,4636.4
36252,Mi1,4636.9
35405,Mi1,4637.3
10226,OA-AL2i3,4637.700000000001
11921,OA-VPM4,4637.8
10120,OA-VPM4,4638.0
10269,OA-AL2i2,4638.0
10110,OA-VUMa1,4638.7
286259,OA-ASM1,4638.799999999999
33462,Mi1,4638.900000000001
35498,Mi1,4639.099999999999
11264,OA-ASM1,4639.400000000001
10825,OA-AL2i3,4640.1
10652,OA-AL2i4,4640.6
287884,OA-VPM3,4641.0
99663,T4c,4642.2
51122,Mi1,4642.400000000001
11005,OA-VUMa4,4642.8
10799,OA-VUMa4,4643.5
10072,OA-AL2i1,4643.6
12109,OA-VUMa2,4643.8
10168,OA-VUMa6,4644.3
10187,OA-VPM3,4644.6
10322,OA-AL2i2,4644.6
10265,OA-AL2i2,4644.8
10687,OA-AL2i3,4644.8
10080,OA-VUMa3,4645.0
12896,OA-VUMa5,4645.400000000001
10011,OA-AL2i1,4645.8
10555,OA-VUMa3,4645.8
34849,Mi1,4645.8
10041,OA-VUMa1,4646.0
10658,OA-AL2i3,4646.2
53065,Mi1,4646.5
10175,OA-VUMa6,4646.7
11608,OA-VUMa2,4647.1
12688,OA-ASM1,4647.400000000001
10185,OA-VUMa8,4647.5
33907,Mi1,4647.8
10204,OA-AL2i2,4648.400000000001
11602,OA-ASM1,4648.8
10677,OA-AL2i4,4648.8
10269,OA-AL2i2,4649.0
10226,OA-AL2i3,4649.3
10110,OA-VUMa1,4649.7
34057,Mi1,4650.0
36252,Mi1,4650.0
11921,OA-VPM4,4650.700000000001
71052,T2a,4650.700000000001
10120,OA-VPM4,4650.8
35405,Mi1,4651.3
10825,OA-AL2i3,4651.8
11264,OA-ASM1,4651.900000000001
286259,OA-ASM1,4652.5
10652,OA-AL2i4,4653.5
11005,OA-VUMa4,4654.0
33462,Mi1,4654.4
287884,OA-VPM3,4654.7
35498,Mi1,4655.3
12109,OA-VUMa2,4655.9
10168,OA-VUMa6,4656.000000000001
10072,OA-AL2i1,4656.3
10041,OA-VUMa1,4656.8
51122,Mi1,4657.0
10265,OA-AL2i2,4657.200000000001
10011,OA-AL2i1,4657.3
12896,OA-VUMa5,4657.3
10322,OA-AL2i2,4657.500000000001
10187,OA-VPM3,4657.900000000001
10799,OA-VUMa4,4658.0
10658,OA-AL2i3,4658.1
10175,OA-VUMa6,4658.3
10687,OA-AL2i3,4658.400000000001
10080,OA-VUMa3,4658.599999999999
10185,OA-VUMa8,4659.0
34849,Mi1,4659.3
10555,OA-VUMa3,4659.8
10110,OA-VUMa1,4660.0
12688,OA-ASM1,4660.5
11608,OA-VUMa2,4660.6
10204,OA-AL2i2,4660.7
10226,OA-AL2i3,4660.8
10269,OA-AL2i2,4661.0
11602,OA-ASM1,4661.400000000001
53065,Mi1,4662.1
10677,OA-AL2i4,4662.2
10120,OA-VPM4,4662.6
36252,Mi1,4663.2
33907,Mi1,4663.400000000001
10825,OA-AL2i3,4663.6
11921,OA-VPM4,4663.8
34057,Mi1,4664.1
11264,OA-ASM1,4664.7
11005,OA-VUMa4,4665.200000000001
286259,OA-ASM1,4665.8
10072,OA-AL2i1,4665.8
35405,Mi1,4665.900000000001
10652,OA-AL2i4,4666.599999999999
12109,OA-VUMa2,4667.0
10041,OA-VUMa1,4667.1
287884,OA-VPM3,4667.8
10168,OA-VUMa6,4668.099999999999
10658,OA-AL2i3,4668.9
10265,OA-AL2i2,4669.2
10011,OA-AL2i1,4669.2
33462,Mi1,4669.400000000001
10187,OA-VPM3,4670.1
10322,OA-AL2i2,4670.1
12896,OA-VUMa5,4670.4
10175,OA-VUMa6,4670.6
35498,Mi1,4670.6
10687,OA-AL2i3,4671.400000000001
10110,OA-VUMa1,4671.5
51122,Mi1,4671.6
10799,OA-VUMa4,4671.8
11608,OA-VUMa2,4671.8
10080,OA-VUMa3,4671.9
10185,OA-VUMa8,4672.000000000001
10226,OA-AL2i3,4672.1
10269,OA-AL2i2,4672.7
34849,Mi1,4672.900000000001
12688,OA-ASM1,4673.6
10204,OA-AL2i2,4673.8
10120,OA-VPM4,4674.1
10555,OA-VUMa3,4674.2
10677,OA-AL2i4,4674.5
11602,OA-ASM1,4674.5
10825,OA-AL2i3,4675.5
53065,Mi1,4676.3
11264,OA-ASM1,4676.7
11005,OA-VUMa4,4677.400000000001
10041,OA-VUMa1,4677.5
10072,OA-AL2i1,4677.599999999999
33907,Mi1,4677.599999999999
36252,Mi1,4677.9
11921,OA-VPM4,4678.3
12109,OA-VUMa2,4678.4
34057,Mi1,4678.900000000001
10168,OA-VUMa6,4679.2
92114,T4c,4679.3
286259,OA-ASM1,4679.5
10652,OA-AL2i4,4679.5
10658,OA-AL2i3,4680.1
35405,Mi1,4680.1
287884,OA-VPM3,4680.2
10011,OA-AL2i1,4680.7
118924,Tm3,4681.200000000001
12896,OA-VUMa5,4681.500000000001
10322,OA-AL2i2,4681.7
73828,Tm3,4682.3
10265,OA-AL2i2,4682.3
10175,OA-VUMa6,4682.3
99922,T4c,4682.599999999999
10110,OA-VUMa1,4682.8
10187,OA-VPM3,4683.1
10226,OA-AL2i3,4683.5
10687,OA-AL2i3,4683.5
33462,Mi1,4683.5
79345,T2a,4684.200000000001
10185,OA-VUMa8,4684.200000000001
11608,OA-VUMa2,4684.200000000001
51122,Mi1,4684.4
12688,OA-ASM1,4684.8
35498,Mi1,4685.0
10080,OA-VUMa3,4685.2
10120,OA-VPM4,4685.599999999999
10269,OA-AL2i2,4685.599999999999
10799,OA-VUMa4,4686.0
10204,OA-AL2i2,4686.500000000001
34849,Mi1,4686.900000000001
10677,OA-AL2i4,4687.0
11602,OA-ASM1,4687.3
10555,OA-VUMa3,4688.2
10825,OA-AL2i3,4688.3
10041,OA-VUMa1,4688.5
11005,OA-VUMa4,4688.900000000001
10072,OA-AL2i1,4688.900000000001
12109,OA-VUMa2,4689.099999999999
11264,OA-ASM1,4689.900000000001
53065,Mi1,4690.2
10168,OA-VUMa6,4691.0
10652,OA-AL2i4,4692.0
10658,OA-AL2i3,4692.0
10011,OA-AL2i1,4692.099999999999
33907,Mi1,4692.4
34057,Mi1,4692.5
12896,OA-VUMa5,4692.9
11921,OA-VPM4,4692.9
286259,OA-ASM1,4693.0
36252,Mi1,4693.400000000001
287884,OA-VPM3,4693.9
10175,OA-VUMa6,4694.3
10110,OA-VUMa1,4694.500000000001
10322,OA-AL2i2,4694.500000000001
35405,Mi1,4694.7
69597,Tm3,4694.8
11608,OA-VUMa2,4694.8
10265,OA-AL2i2,4695.1
10687,OA-AL2i3,4695.3
10187,OA-VPM3,4695.400000000001
10185,OA-VUMa8,4695.700000000001
10226,OA-AL2i3,4695.8
10120,OA-VPM4,4696.900000000001
12688,OA-ASM1,4696.900000000001
99663,T4c,4697.3
10080,OA-VUMa3,4697.6
10269,OA-AL2i2,4698.0
33462,Mi1,4698.599999999999
10041,OA-VUMa1,4698.9
10204,OA-AL2i2,4699.0
51122,Mi1,4699.0
10677,OA-AL2i4,4699.6
10799,OA-VUMa4,4700.099999999999
35498,Mi1,4700.4
11005,OA-VUMa4,4700.4
11602,OA-ASM1,4701.0
10072,OA-AL2i1,4701.1
10825,OA-AL2i3,4701.400000000001
10555,OA-VUMa3,4701.5
34849,Mi1,4701.5
11264,OA-ASM1,4701.900000000001
12109,OA-VUMa2,4701.900000000001
10011,OA-AL2i1,4702.8
10168,OA-VUMa6,4702.900000000001
10652,OA-AL2i4,4704.400000000001
10658,OA-AL2i3,4704.6
12896,OA-VUMa5,4704.6
71052,T2a,4705.200000000001
11608,OA-VUMa2,4705.3
53065,Mi1,4705.3
10110,OA-VUMa1,4705.4
33907,Mi1,4705.8
10175,OA-VUMa6,4705.8
10322,OA-AL2i2,4706.2
286259,OA-ASM1,4706.599999999999
287884,OA-VPM3,4706.599999999999
11921,OA-VPM4,4707.1
10226,OA-AL2i3,4708.0
10687,OA-AL2i3,4708.099999999999
34057,Mi1,4708.099999999999
36252,Mi1,4708.099999999999
10265,OA-AL2i2,4708.6
10185,OA-VUMa8,4708.8
10187,OA-VPM3,4709.0
10041,OA-VUMa1,4709.1
10120,OA-VPM4,4709.1
12688,OA-ASM1,4709.6
35405,Mi1,4709.700000000001
10080,OA-VUMa3,4710.500000000001
10204,OA-AL2i2,4711.2
10269,OA-AL2i2,4711.2
12109,OA-VUMa2,4712.2
10677,OA-AL2i4,4712.5
11005,OA-VUMa4,4712.8
10825,OA-AL2i3,4712.900000000001
51122,Mi1,4713.099999999999
11602,OA-ASM1,4713.4
33462,Mi1,4713.5
10011,OA-AL2i1,4713.8
10072,OA-AL2i1,4713.8
10799,OA-VUMa4,4714.1
10555,OA-VUMa3,4715.1
10168,OA-VUMa6,4715.4
35498,Mi1,4715.6
11264,OA-ASM1,4715.900000000001
34849,Mi1,4715.900000000001
118924,Tm3,4715.900000000001
12896,OA-VUMa5,4716.4
10658,OA-AL2i3,4716.5
10110,OA-VUMa1,4716.9
10322,OA-AL2i2,4717.7
10175,OA-VUMa6,4717.8
10652,OA-AL2i4,4718.500000000001
11608,OA-VUMa2,4718.900000000001
287884,OA-VPM3,4719.0
10041,OA-VUMa1,4719.599999999999
10687,OA-AL2i3,4720.000000000001
286259,OA-ASM1,4720.2
53065,Mi1,4720.3
10226,OA-AL2i3,4720.6
33907,Mi1,4721.099999999999
12688,OA-ASM1,4721.3
11921,OA-VPM4,4721.4
10265,OA-AL2i2,4721.6
10120,OA-VPM4,4722.2
10185,OA-VUMa8,4722.599999999999
10187,OA-VPM3,4722.599999999999
36252,Mi1,4723.2
34057,Mi1,4723.2
10269,OA-AL2i2,4723.5
12109,OA-VUMa2,4723.6
35405,Mi1,4724.099999999999
92114,T4c,4724.099999999999
10080,OA-VUMa3,4724.8
11005,OA-VUMa4,4724.9
10204,OA-AL2i2,4725.1
10825,OA-AL2i3,4725.3
10677,OA-AL2i4,4725.3
11602,OA-ASM1,4725.400000000001
532850,Tm3,4726.1
10072,OA-AL2i1,4726.6
10168,OA-VUMa6,4726.6
12896,OA-VUMa5,4726.900000000001
10011,OA-AL2i1,4727.1
51122,Mi1,4727.5
33462,Mi1,4728.000000000001
10799,OA-VUMa4,4728.000000000001
10110,OA-VUMa1,4728.1
10658,OA-AL2i3,4728.5
10555,OA-VUMa3,4728.6
11264,OA-ASM1,4728.8
35498,Mi1,4729.4
99922,T4c,4729.6
10175,OA-VUMa6,4729.7
34849,Mi1,4730.3
10322,OA-AL2i2,4730.5
10041,OA-VUMa1,4730.599999999999
11608,OA-VUMa2,4730.599999999999
287884,OA-VPM3,4731.1
10226,OA-AL2i3,4731.4
10652,OA-AL2i4,4731.5
10687,OA-AL2i3,4731.799999999999
12688,OA-ASM1,4733.6
10265,OA-AL2i2,4733.6
286259,OA-ASM1,4733.6
10120,OA-VPM4,4733.8
53065,Mi1,4734.1
10185,OA-VUMa8,4734.4
12109,OA-VUMa2,4734.6
11921,OA-VPM4,4735.0
10187,OA-VPM3,4735.599999999999
10269,OA-AL2i2,4735.700000000001
11005,OA-VUMa4,4735.9
33907,Mi1,4735.9
34057,Mi1,4737.099999999999
12896,OA-VUMa5,4737.099999999999
10080,OA-VUMa3,4737.200000000001
36252,Mi1,4737.200000000001
10072,OA-AL2i1,4738.400000000001
10825,OA-AL2i3,4738.5
11602,OA-ASM1,4738.599999999999
10168,OA-VUMa6,4739.0
10204,OA-AL2i2,4739.0
35405,Mi1,4739.1
10677,OA-AL2i4,4739.3
10011,OA-AL2i1,4739.4
10110,OA-VUMa1,4739.7
99423,T4d,4739.7
10658,OA-AL2i3,4739.799999999999
10175,OA-VUMa6,4739.900000000001
103479,T4c,4740.5
51122,Mi1,4740.6
10799,OA-VUMa4,4740.8
10555,OA-VUMa3,4741.5
11264,OA-ASM1,4741.5
10322,OA-AL2i2,4741.6
10041,OA-VUMa1,4741.7
33462,Mi1,4741.8
11608,OA-VUMa2,4742.200000000001
10226,OA-AL2i3,4742.7
287884,OA-VPM3,4743.1
10687,OA-AL2i3,4743.5
35498,Mi1,4744.000000000001
10120,OA-VPM4,4744.8
34849,Mi1,4744.900000000001
10652,OA-AL2i4,4745.0
12109,OA-VUMa2,4745.6
10265,OA-AL2i2,4745.7
10185,OA-VUMa8,4745.9
12688,OA-ASM1,4745.9
286259,OA-ASM1,4746.1
11005,OA-VUMa4,4747.2
53065,Mi1,4747.7
12896,OA-VUMa5,4748.3
10269,OA-AL2i2,4748.6
10072,OA-AL2i1,4749.000000000001
10187,OA-VPM3,4749.2
11921,OA-VPM4,4749.5
10825,OA-AL2i3,4749.7
10080,OA-VUMa3,4750.1
10011,OA-AL2i1,4750.200000000001
10110,OA-VUMa1,4750.4
33907,Mi1,4750.500000000001
10168,OA-VUMa6,4750.6
11602,OA-ASM1,4750.900000000001
10175,OA-VUMa6,4751.2
34057,Mi1,4751.5
36252,Mi1,4751.700000000001
10658,OA-AL2i3,4751.700000000001
76325,T2a,4751.8
10204,OA-AL2i2,4752.000000000001
10041,OA-VUMa1,4752.3
10677,OA-AL2i4,4752.7
71052,T2a,4753.0
10799,OA-VUMa4,4753.200000000001
10322,OA-AL2i2,4753.200000000001
51122,Mi1,4753.7
11608,OA-VUMa2,4753.8
10226,OA-AL2i3,4753.8
10555,OA-VUMa3,4754.5
35405,Mi1,4754.700000000001
33462,Mi1,4754.9
10687,OA-AL2i3,4755.0
11264,OA-ASM1,4755.1
287884,OA-VPM3,4756.0
118924,Tm3,4756.6
10652,OA-AL2i4,4756.700000000001
73828,Tm3,4757.000000000001
10120,OA-VPM4,4757.400000000001
34849,Mi1,4757.400000000001
12688,OA-ASM1,4757.8
10265,OA-AL2i2,4757.900000000001
12109,OA-VUMa2,4757.900000000001
10185,OA-VUMa8,4758.0
286259,OA-ASM1,4758.200000000001
35498,Mi1,4758.3
11005,OA-VUMa4,4758.3
12896,OA-VUMa5,4759.700000000001
10072,OA-AL2i1,4760.5
10269,OA-AL2i2,4760.7
79345,T2a,4760.8
10011,OA-AL2i1,4761.099999999999
10110,OA-VUMa1,4761.6
10187,OA-VPM3,4761.7
53065,Mi1,4761.9
10825,OA-AL2i3,4762.1
10168,OA-VUMa6,4762.2
10041,OA-VUMa1,4762.700000000001
10175,OA-VUMa6,4762.9
10080,OA-VUMa3,4763.1
11921,OA-VPM4,4763.3
10658,OA-AL2i3,4763.4
10204,OA-AL2i2,4764.700000000001
33907,Mi1,4764.9
10322,OA-AL2i2,4764.9
11602,OA-ASM1,4765.1
11608,OA-VUMa2,4765.2
10226,OA-AL2i3,4765.5
10799,OA-VUMa4,4765.5
10677,OA-AL2i4,4766.0
34057,Mi1,4766.200000000001
36252,Mi1,4766.3
90465,T4a,4766.4
10555,OA-VUMa3,4766.8
51122,Mi1,4767.599999999999
10687,OA-AL2i3,4767.700000000001
35405,Mi1,4767.700000000001
33462,Mi1,4768.1
11264,OA-ASM1,4768.3
287884,OA-VPM3,4768.6
12109,OA-VUMa2,4769.200000000001
10120,OA-VPM4,4769.3
10652,OA-AL2i4,4769.5
10072,OA-AL2i1,4769.8
12688,OA-ASM1,4769.8
10265,OA-AL2i2,4770.0
11005,OA-VUMa4,4770.2
10185,OA-VUMa8,4770.599999999999
286259,OA-ASM1,4771.6
10011,OA-AL2i1,4771.900000000001
34849,Mi1,4772.3
12896,OA-VUMa5,4772.3
10110,OA-VUMa1,4772.400000000001
10269,OA-AL2i2,4772.6
35498,Mi1,4772.9
83365,T2a,4773.000000000001
10168,OA-VUMa6,4773.6
10825,OA-AL2i3,4773.900000000001
10187,OA-VPM3,4774.0
10041,OA-VUMa1,4774.500000000001
10658,OA-AL2i3,4774.7
10175,OA-VUMa6,4775.1
53065,Mi1,4775.599999999999
10080,OA-VUMa3,4775.9
10322,OA-AL2i2,4776.8
99663,T4c,4776.8
10226,OA-AL2i3,4776.900000000001
11608,OA-VUMa2,4777.0
11921,OA-VPM4,4777.099999999999
10204,OA-AL2i2,4778.1
10677,OA-AL2i4,4778.1
10799,OA-VUMa4,4778.2
11602,OA-ASM1,4778.400000000001
33907,Mi1,4778.599999999999
10687,OA-AL2i3,4779.1
10072,OA-AL2i1,4779.4
10555,OA-VUMa3,4780.200000000001
12109,OA-VUMa2,4780.8
287884,OA-VPM3,4780.9
36252,Mi1,4781.1
34057,Mi1,4781.3
92114,T4c,4781.5
35405,Mi1,4781.900000000001
11005,OA-VUMa4,4782.0
11264,OA-ASM1,4782.099999999999
10120,OA-VPM4,4782.200000000001
12688,OA-ASM1,4782.4
10265,OA-AL2i2,4782.500000000001
10652,OA-AL2i4,4782.6
33462,Mi1,4782.8
51122,Mi1,4783.0
10185,OA-VUMa8,4783.2
12896,OA-VUMa5,4783.9
10269,OA-AL2i2,4784.5
10110,OA-VUMa1,4784.6
10011,OA-AL2i1,4784.8
10041,OA-VUMa1,4784.8
10825,OA-AL2i3,4785.6
10658,OA-AL2i3,4785.6
286259,OA-ASM1,4785.7
34849,Mi1,4786.400000000001
10168,OA-VUMa6,4786.5
10175,OA-VUMa6,4786.599999999999
10187,OA-VPM3,4787.1
10226,OA-AL2i3,4787.900000000001
35498,Mi1,4787.900000000001
11608,OA-VUMa2,4788.3
10080,OA-VUMa3,4788.400000000001
10322,OA-AL2i2,4788.700000000001
10072,OA-AL2i1,4789.3
10677,OA-AL2i4,4790.099999999999
53065,Mi1,4790.099999999999
11602,OA-ASM1,4790.8
11921,OA-VPM4,4790.900000000001
10799,OA-VUMa4,4791.1
10204,OA-AL2i2,4791.8
12109,OA-VUMa2,4791.9
10687,OA-AL2i3,4792.8
10555,OA-VUMa3,4793.099999999999
11005,OA-VUMa4,4793.099999999999
33907,Mi1,4793.7
10120,OA-VPM4,4794.2
12896,OA-VUMa5,4794.5
12688,OA-ASM1,4794.700000000001
287884,OA-VPM3,4794.8
10265,OA-AL2i2,4794.9
11264,OA-ASM1,4795.2
10652,OA-AL2i4,4795.4
36252,Mi1,4795.7
10011,OA-AL2i1,4795.900000000001
34057,Mi1,4796.1
10041,OA-VUMa1,4796.3
35405,Mi1,4796.400000000001
10185,OA-VUMa8,4796.6
33462,Mi1,4796.6
10110,OA-VUMa1,4796.6
10269,OA-AL2i2,4797.5
10658,OA-AL2i3,4797.8
10168,OA-VUMa6,4798.099999999999
51122,Mi1,4798.200000000001
10175,OA-VUMa6,4798.3
10825,OA-AL2i3,4798.3
10072,OA-AL2i1,4799.1
11608,OA-VUMa2,4799.2
10187,OA-VPM3,4799.2
286259,OA-ASM1,4799.8
10226,OA-AL2i3,4800.1
10080,OA-VUMa3,4800.400000000001
34849,Mi1,4800.8
10322,OA-AL2i2,4801.099999999999
118924,Tm3,4801.8
35498,Mi1,4802.599999999999
10677,OA-AL2i4,4802.8
10687,OA-AL2i3,4803.3
12109,OA-VUMa2,4803.7
11602,OA-ASM1,4803.900000000001
10799,OA-VUMa4,4804.2
10204,OA-AL2i2,4804.400000000001
53065,Mi1,4804.400000000001
11005,OA-VUMa4,4804.8
11921,OA-VPM4,4805.000000000001
10120,OA-VPM4,4805.900000000001
10555,OA-VUMa3,4806.0
12896,OA-VUMa5,4806.500000000001
12688,OA-ASM1,4806.8
11264,OA-ASM1,4807.1
10265,OA-AL2i2,4807.5
10011,OA-AL2i1,4807.599999999999
33907,Mi1,4808.2
10041,OA-VUMa1,4808.400000000001
10072,OA-AL2i1,4808.6
287884,OA-VPM3,4808.7
10658,OA-AL2i3,4808.900000000001
10110,OA-VUMa1,4809.099999999999
10652,OA-AL2i4,4809.3
10185,OA-VUMa8,4809.4
10269,OA-AL2i2,4809.8
10825,OA-AL2i3,4809.9
10168,OA-VUMa6,4810.299999999999
10175,OA-VUMa6,4810.299999999999
11608,OA-VUMa2,4810.700000000001
35405,Mi1,4810.9
36252,Mi1,4810.9
10187,OA-VPM3,4811.0
10226,OA-AL2i3,4811.3
51122,Mi1,4811.3
34057,Mi1,4812.0
10322,OA-AL2i2,4812.5
33462,Mi1,4812.8
10080,OA-VUMa3,4813.1
286259,OA-ASM1,4813.900000000001
10687,OA-AL2i3,4814.8
10677,OA-AL2i4,4815.2
12109,OA-VUMa2,4816.2
34849,Mi1,4816.2
11005,OA-VUMa4,4816.900000000001
35498,Mi1,4817.099999999999
11602,OA-ASM1,4817.4
10204,OA-AL2i2,4817.6
10799,OA-VUMa4,4817.9
10120,OA-VPM4,4818.2
12896,OA-VUMa5,4818.400000000001
11921,OA-VPM4,4818.8
12688,OA-ASM1,4818.8
10555,OA-VUMa3,4819.2
10072,OA-AL2i1,4819.3
10265,OA-AL2i2,4819.3
10011,OA-AL2i1,4819.3
10041,OA-VUMa1,4819.500000000001
53065,Mi1,4819.900000000001
11264,OA-ASM1,4820.3
10658,OA-AL2i3,4821.1
287884,OA-VPM3,4821.3
11608,OA-VUMa2,4821.7
10185,OA-VUMa8,4822.200000000001
10175,OA-VUMa6,4822.3
10226,OA-AL2i3,4822.4
10825,OA-AL2i3,4822.7
10652,OA-AL2i4,4822.7
10110,OA-VUMa1,4822.7
10168,OA-VUMa6,4823.1
10187,OA-VPM3,4823.8
33907,Mi1,4823.8
10322,OA-AL2i2,4823.9
10269,OA-AL2i2,4824.1
36252,Mi1,4825.3
35405,Mi1,4825.4
10080,OA-VUMa3,4825.8
34057,Mi1,4826.2
51122,Mi1,4826.700000000001
286259,OA-ASM1,4826.9
10687,OA-AL2i3,4827.200000000001
33462,Mi1,4827.4
10677,OA-AL2i4,4827.500000000001
12109,OA-VUMa2,4827.500000000001
11005,OA-VUMa4,4828.1
10072,OA-AL2i1,4829.400000000001
10799,OA-VUMa4,4829.5
11602,OA-ASM1,4829.6
12896,OA-VUMa5,4829.8
10120,OA-VPM4,4829.900000000001
34849,Mi1,4830.4
10041,OA-VUMa1,4830.7
10204,OA-AL2i2,4831.0
10011,OA-AL2i1,4831.5
10658,OA-AL2i3,4831.700000000001
12688,OA-ASM1,4831.8
10265,OA-AL2i2,4831.9
35498,Mi1,4832.5
11921,OA-VPM4,4832.7
53065,Mi1,4833.200000000001
287884,OA-VPM3,4833.3
10555,OA-VUMa3,4833.6
10825,OA-AL2i3,4833.8
10185,OA-VUMa8,4834.0
11608,OA-VUMa2,4834.0
11264,OA-ASM1,4834.5
10175,OA-VUMa6,4835.0
10226,OA-AL2i3,4835.1
83365,T2a,4835.1
10652,OA-AL2i4,4835.4
10110,OA-VUMa1,4835.6
532850,Tm3,4835.8
10187,OA-VPM3,4835.8
10322,OA-AL2i2,4836.2
71052,T2a,4836.2
10168,OA-VUMa6,4836.3
10269,OA-AL2i2,4836.8
33907,Mi1,4837.6
12109,OA-VUMa2,4838.7
10080,OA-VUMa3,4838.8
36252,Mi1,4839.0
10687,OA-AL2i3,4839.3
11005,OA-VUMa4,4839.5
35405,Mi1,4840.4
12896,OA-VUMa5,4840.6
51122,Mi1,4840.6
10677,OA-AL2i4,4841.200000000001
286259,OA-ASM1,4841.3
33462,Mi1,4841.5
10072,OA-AL2i1,4841.5
34057,Mi1,4841.5
10799,OA-VUMa4,4841.6
10041,OA-VUMa1,4841.9
11602,OA-ASM1,4841.9
82145,T2a,4841.9
10120,OA-VPM4,4842.5
10011,OA-AL2i1,4842.8
34849,Mi1,4843.500000000001
10658,OA-AL2i3,4843.6
12688,OA-ASM1,4844.2
10265,OA-AL2i2,4844.3
10204,OA-AL2i2,4844.9
79345,T2a,4845.1
73828,Tm3,4845.2
10825,OA-AL2i3,4845.6
11608,OA-VUMa2,4845.6
287884,OA-VPM3,4846.0
10185,OA-VUMa8,4846.4
118924,Tm3,4846.4
10110,OA-VUMa1,4846.5
11921,OA-VPM4,4846.6
10175,OA-VUMa6,4846.7
11264,OA-ASM1,4846.7
35498,Mi1,4846.7
53065,Mi1,4846.8
92114,T4c,4847.0
10555,OA-VUMa3,4847.1
10322,OA-AL2i2,4847.3
10226,OA-AL2i3,4847.3
10187,OA-VPM3,4847.3
93566,T4a,4847.8
10652,OA-AL2i4,4848.0
99922,T4c,4848.5
10168,OA-VUMa6,4848.900000000001
106952,T4b,4848.900000000001
10269,OA-AL2i2,4849.6
10687,OA-AL2i3,4850.2
103479,T4c,4850.5
12109,OA-VUMa2,4850.5
10080,OA-VUMa3,4851.4
11005,OA-VUMa4,4851.500000000001
103639,T4d,4851.7
10072,OA-AL2i1,4851.8
12896,OA-VUMa5,4851.900000000001
33907,Mi1,4851.900000000001
99663,T4c,4852.0
10041,OA-VUMa1,4852.5
36252,Mi1,4853.2
51122,Mi1,4853.7
10011,OA-AL2i1,4854.0
35405,Mi1,4854.200000000001
11602,OA-ASM1,4854.5
10120,OA-VPM4,4854.6
10658,OA-AL2i3,4854.7
286259,OA-ASM1,4854.7
10799,OA-VUMa4,4855.0
33462,Mi1,4855.1
10677,OA-AL2i4,4855.1
34057,Mi1,4855.599999999999
11608,OA-VUMa2,4856.4
34849,Mi1,4856.900000000001
12688,OA-ASM1,4857.0
10265,OA-AL2i2,4857.5
10825,OA-AL2i3,4857.5
10110,OA-VUMa1,4857.6
95458,T4d,4857.6
10204,OA-AL2i2,4858.0
287884,OA-VPM3,4858.400000000001
10226,OA-AL2i3,4858.7
11264,OA-ASM1,4859.0
10175,OA-VUMa6,4859.200000000001
10185,OA-VUMa8,4859.4
10322,OA-AL2i2,4859.6
10187,OA-VPM3,4860.3
10168,OA-VUMa6,4860.400000000001
10652,OA-AL2i4,4861.1
12109,OA-VUMa2,4861.5
35498,Mi1,4861.5
10555,OA-VUMa3,4861.7
11921,OA-VPM4,4861.7
53065,Mi1,4862.0
10687,OA-AL2i3,4862.4
10269,OA-AL2i2,4862.7
10041,OA-VUMa1,4863.0
11005,OA-VUMa4,4863.3
12896,OA-VUMa5,4863.400000000001
10080,OA-VUMa3,4864.4
10072,OA-AL2i1,4864.900000000001
10011,OA-AL2i1,4865.5
10120,OA-VPM4,4866.400000000001
10658,OA-AL2i3,4867.200000000001
33907,Mi1,4867.3
11602,OA-ASM1,4867.6
11608,OA-VUMa2,4867.8
10110,OA-VUMa1,4868.0
10799,OA-VUMa4,4868.0
36252,Mi1,4868.599999999999
10677,OA-AL2i4,4868.700000000001
286259,OA-ASM1,4868.700000000001
12688,OA-ASM1,4869.000000000001
33462,Mi1,4869.000000000001
51122,Mi1,4869.000000000001
35405,Mi1,4869.2
10825,OA-AL2i3,4869.2
10265,OA-AL2i2,4869.7
34057,Mi1,4870.099999999999
10226,OA-AL2i3,4870.200000000001
10204,OA-AL2i2,4870.4
10175,OA-VUMa6,4870.7
287884,OA-VPM3,4870.7
10185,OA-VUMa8,4871.3
10168,OA-VUMa6,4871.700000000001
34849,Mi1,4872.3
10322,OA-AL2i2,4872.4
10187,OA-VPM3,4872.5
12109,OA-VUMa2,4872.5
11264,OA-ASM1,4872.6
10687,OA-AL2i3,4873.7
10652,OA-AL2i4,4873.8
12896,OA-VUMa5,4873.8
10041,OA-VUMa1,4873.8
10555,OA-VUMa3,4874.0
10269,OA-AL2i2,4875.200000000001
11005,OA-VUMa4,4876.1
53065,Mi1,4876.400000000001
10011,OA-AL2i1,4876.700000000001
10080,OA-VUMa3,4876.700000000001
11921,OA-VPM4,4877.000000000001
35498,Mi1,4877.5
10072,OA-AL2i1,4877.6
10120,OA-VPM4,4878.0
10110,OA-VUMa1,4878.4
10658,OA-AL2i3,4878.5
11608,OA-VUMa2,4878.8
11602,OA-ASM1,4880.2
10799,OA-VUMa4,4880.5
10825,OA-AL2i3,4880.6
12688,OA-ASM1,4881.7
10265,OA-AL2i2,4881.9
10226,OA-AL2i3,4882.1
10677,OA-AL2i4,4882.2
33907,Mi1,4882.2
10175,OA-VUMa6,4882.5
33462,Mi1,4882.7
36252,Mi1,4882.900000000001
10168,OA-VUMa6,4883.0
287884,OA-VPM3,4883.7
51122,Mi1,4883.900000000001
10185,OA-VUMa8,4883.900000000001
286259,OA-ASM1,4884.1
10204,OA-AL2i2,4884.3
10322,OA-AL2i2,4884.400000000001
12109,OA-VUMa2,4884.400000000001
34057,Mi1,4884.599999999999
35405,Mi1,4885.1
10041,OA-VUMa1,4885.400000000001
10687,OA-AL2i3,4885.6
12896,OA-VUMa5,4886.0
10555,OA-VUMa3,4886.200000000001
11264,OA-ASM1,4886.200000000001
10187,OA-VPM3,4886.3
34849,Mi1,4886.6
10269,OA-AL2i2,4886.8
10652,OA-AL2i4,4887.0
11005,OA-VUMa4,4887.599999999999
10011,OA-AL2i1,4888.799999999999
10072,OA-AL2i1,4889.0
10110,OA-VUMa1,4889.099999999999
83365,T2a,4889.200000000001
11608,OA-VUMa2,4889.5
10080,OA-VUMa3,4890.000000000001
53065,Mi1,4890.2
10120,OA-VPM4,4890.6
10658,OA-AL2i3,4890.7
11921,OA-VPM4,4891.0
10825,OA-AL2i3,4892.0
11602,OA-ASM1,4892.1
10799,OA-VUMa4,4892.9
71052,T2a,4893.3
10265,OA-AL2i2,4893.400000000001
35498,Mi1,4893.7
10175,OA-VUMa6,4894.099999999999
12688,OA-ASM1,4894.5
10226,OA-AL2i3,4894.5
10168,OA-VUMa6,4894.5
10677,OA-AL2i4,4895.2
10185,OA-VUMa8,4896.1
33907,Mi1,4896.1
10322,OA-AL2i2,4896.2
287884,OA-VPM3,4896.4
10041,OA-VUMa1,4896.799999999999
12109,OA-VUMa2,4897.200000000001
51122,Mi1,4897.3
10687,OA-AL2i3,4897.400000000001
10204,OA-AL2i2,4897.6
36252,Mi1,4897.700000000001
12896,OA-VUMa5,4898.5
33462,Mi1,4898.6
10269,OA-AL2i2,4899.0
35405,Mi1,4899.0
286259,OA-ASM1,4899.200000000001
34057,Mi1,4899.200000000001
11264,OA-ASM1,4899.500000000001
11005,OA-VUMa4,4899.7
10110,OA-VUMa1,4899.8
10652,OA-AL2i4,4899.8
10187,OA-VPM3,4899.900000000001
10555,OA-VUMa3,4899.900000000001
10072,OA-AL2i1,4901.2
11608,OA-VUMa2,4901.3
10011,OA-AL2i1,4901.6
34849,Mi1,4901.6
118924,Tm3,4902.200000000001
10658,OA-AL2i3,4902.4
10120,OA-VPM4,4902.9
10080,OA-VUMa3,4903.2
10825,OA-AL2i3,4904.4
53065,Mi1,4904.7
11921,OA-VPM4,4904.7
99922,T4c,4905.200000000001
11602,OA-ASM1,4905.3
10265,OA-AL2i2,4905.700000000001
10175,OA-VUMa6,4906.000000000001
10168,OA-VUMa6,4906.1
10226,OA-AL2i3,4906.1
10799,OA-VUMa4,4906.1
12688,OA-ASM1,4907.6
12109,OA-VUMa2,4908.5
10185,OA-VUMa8,4908.599999999999
10322,OA-AL2i2,4908.599999999999
35498,Mi1,4908.599999999999
10677,OA-AL2i4,4908.700000000001
10041,OA-VUMa1,4908.700000000001
10687,OA-AL2i3,4909.0
287884,OA-VPM3,4909.3
10204,OA-AL2i2,4910.3
33907,Mi1,4910.5
103479,T4c,4910.5
36252,Mi1,4911.0
12896,OA-VUMa5,4911.1
10269,OA-AL2i2,4911.2
10110,OA-VUMa1,4911.3
11005,OA-VUMa4,4911.8
10187,OA-VPM3,4912.3
51122,Mi1,4912.4
10652,OA-AL2i4,4912.6
10555,OA-VUMa3,4912.8
33462,Mi1,4913.1
11264,OA-ASM1,4913.400000000001
286259,OA-ASM1,4913.5
35405,Mi1,4913.5
10072,OA-AL2i1,4913.5
11608,OA-VUMa2,4913.5
10011,OA-AL2i1,4913.6
10658,OA-AL2i3,4914.3
34057,Mi1,4914.3
10120,OA-VPM4,4915.099999999999
10080,OA-VUMa3,4915.7
34849,Mi1,4916.1
10825,OA-AL2i3,4916.8
10168,OA-VUMa6,4917.1
10265,OA-AL2i2,4917.7
10175,OA-VUMa6,4917.8
10226,OA-AL2i3,4918.099999999999
11602,OA-ASM1,4918.099999999999
11921,OA-VPM4,4918.200000000001
53065,Mi1,4919.700000000001
12109,OA-VUMa2,4919.9
10041,OA-VUMa1,4920.0
92114,T4c,4920.2
10799,OA-VUMa4,4920.5
12688,OA-ASM1,4920.6
10687,OA-AL2i3,4921.1
10185,OA-VUMa8,4921.2
10322,OA-AL2i2,4921.5
10677,OA-AL2i4,4921.700000000001
10110,OA-VUMa1,4922.3
10204,OA-AL2i2,4922.7
10269,OA-AL2i2,4922.900000000001
12896,OA-VUMa5,4922.900000000001
287884,OA-VPM3,4922.900000000001
33907,Mi1,4923.3
35498,Mi1,4923.7
11005,OA-VUMa4,4923.8
11608,OA-VUMa2,4924.8
10658,OA-AL2i3,4925.3
36252,Mi1,4925.400000000001
10011,OA-AL2i1,4925.6
10072,OA-AL2i1,4925.6
10652,OA-AL2i4,4925.900000000001
10187,OA-VPM3,4926.0
10555,OA-VUMa3,4926.0
11264,OA-ASM1,4926.3
10120,OA-VPM4,4926.7
51122,Mi1,4927.2
286259,OA-ASM1,4927.3
10168,OA-VUMa6,4927.9
10825,OA-AL2i3,4928.3
33462,Mi1,4928.5
10175,OA-VUMa6,4928.8
34057,Mi1,4928.900000000001
35405,Mi1,4929.1
10226,OA-AL2i3,4929.2
10080,OA-VUMa3,4929.700000000001
10265,OA-AL2i2,4930.000000000001
10041,OA-VUMa1,4930.3
34849,Mi1,4931.099999999999
11602,OA-ASM1,4931.4
11921,OA-VPM4,4931.4
12109,OA-VUMa2,4931.7
10322,OA-AL2i2,4932.5
12688,OA-ASM1,4933.0
10110,OA-VUMa1,4933.400000000001
10799,OA-VUMa4,4933.5
10185,OA-VUMa8,4933.5
10687,OA-AL2i3,4933.7
53065,Mi1,4934.0
10677,OA-AL2i4,4934.200000000001
12896,OA-VUMa5,4934.200000000001
10204,OA-AL2i2,4935.400000000001
10269,OA-AL2i2,4935.400000000001
11005,OA-VUMa4,4936.2
287884,OA-VPM3,4936.2
11608,OA-VUMa2,4936.3
33907,Mi1,4936.7
10011,OA-AL2i1,4936.8
10658,OA-AL2i3,4937.400000000001
10072,OA-AL2i1,4937.8
10187,OA-VPM3,4938.2
10555,OA-VUMa3,4938.400000000001
10652,OA-AL2i4,4938.400000000001
35498,Mi1,4939.099999999999
10120,OA-VPM4,4939.099999999999
11264,OA-ASM1,4939.6
10168,OA-VUMa6,4939.7
10175,OA-VUMa6,4940.0
286259,OA-ASM1,4940.1
10825,OA-AL2i3,4940.3
10041,OA-VUMa1,4940.8
10226,OA-AL2i3,4941.1
36252,Mi1,4941.2
10080,OA-VUMa3,4941.7
10265,OA-AL2i2,4941.8
12109,OA-VUMa2,4942.5
33462,Mi1,4942.7
51122,Mi1,4942.9
34057,Mi1,4943.400000000001
11602,OA-ASM1,4944.1
35405,Mi1,4944.2
10322,OA-AL2i2,4944.3
10110,OA-VUMa1,4944.4
12896,OA-VUMa5,4944.7
11921,OA-VPM4,4944.8
12688,OA-ASM1,4944.8
10185,OA-VUMa8,4945.0
34849,Mi1,4945.700000000001
10677,OA-AL2i4,4946.2
10687,OA-AL2i3,4946.6
10799,OA-VUMa4,4947.0
11005,OA-VUMa4,4947.200000000001
11608,OA-VUMa2,4947.3
10204,OA-AL2i2,4947.8
10269,OA-AL2i2,4948.5
287884,OA-VPM3,4948.599999999999
10658,OA-AL2i3,4948.700000000001
10011,OA-AL2i1,4949.1
53065,Mi1,4949.2
10072,OA-AL2i1,4949.6
10187,OA-VPM3,4949.900000000001
33907,Mi1,4950.0
10555,OA-VUMa3,4951.0
10041,OA-VUMa1,4951.400000000001
10168,OA-VUMa6,4951.9
10175,OA-VUMa6,4952.1
10652,OA-AL2i4,4952.1
10226,OA-AL2i3,4952.3
71052,T2a,4952.4
10120,OA-VPM4,4952.900000000001
11264,OA-ASM1,4953.0
10825,OA-AL2i3,4953.0
35498,Mi1,4953.5
79345,T2a,4953.6
10265,OA-AL2i2,4954.3
36252,Mi1,4954.3
10080,OA-VUMa3,4954.400000000001
10110,OA-VUMa1,4954.400000000001
12109,OA-VUMa2,4954.6
286259,OA-ASM1,4954.7
10322,OA-AL2i2,4956.0
12896,OA-VUMa5,4956.0
12688,OA-ASM1,4956.1
33462,Mi1,4957.5
11602,OA-ASM1,4957.6
51122,Mi1,4957.7
10185,OA-VUMa8,4957.8
10677,OA-AL2i4,4958.7
11921,OA-VPM4,4958.9
11608,OA-VUMa2,4959.0
10072,OA-AL2i1,4959.1
10687,OA-AL2i3,4959.2
11005,OA-VUMa4,4959.400000000001
34057,Mi1,4959.599999999999
10011,OA-AL2i1,4959.8
34849,Mi1,4959.900000000001
35405,Mi1,4959.900000000001
118924,Tm3,4960.1
10658,OA-AL2i3,4960.1
10204,OA-AL2i2,4961.3
10799,OA-VUMa4,4961.3
10269,OA-AL2i2,4961.5
287884,OA-VPM3,4961.6
10041,OA-VUMa1,4962.2
10187,OA-VPM3,4962.5
53065,Mi1,4963.3
10226,OA-AL2i3,4963.900000000001
10652,OA-AL2i4,4963.900000000001
33907,Mi1,4964.1
10555,OA-VUMa3,4964.2
10168,OA-VUMa6,4964.3
10175,OA-VUMa6,4964.3
99663,T4c,4964.599999999999
10825,OA-AL2i3,4965.0
10120,OA-VPM4,4965.0
76325,T2a,4965.1
10110,OA-VUMa1,4965.3
11264,OA-ASM1,4965.7
73828,Tm3,4965.8
12109,OA-VUMa2,4965.900000000001
10265,OA-AL2i2,4966.200000000001
10080,OA-VUMa3,4967.2
99922,T4c,4967.5
532850,Tm3,4967.5
10322,OA-AL2i2,4967.6
35498,Mi1,4968.200000000001
36252,Mi1,4968.4
286259,OA-ASM1,4968.500000000001
12896,OA-VUMa5,4968.900000000001
12688,OA-ASM1,4969.1
11602,OA-ASM1,4970.1
11608,OA-VUMa2,4970.5
11005,OA-VUMa4,4970.8
10185,OA-VUMa8,4970.8
10072,OA-AL2i1,4971.4
10658,OA-AL2i3,4971.5
33462,Mi1,4971.7
10687,OA-AL2i3,4971.8
10677,OA-AL2i4,4971.900000000001
51122,Mi1,4971.900000000001
10011,OA-AL2i1,4972.400000000001
10041,OA-VUMa1,4972.599999999999
11921,OA-VPM4,4973.3
10204,OA-AL2i2,4973.6
10269,OA-AL2i2,4973.7
287884,OA-VPM3,4973.900000000001
34057,Mi1,4974.0
34849,Mi1,4974.3
35405,Mi1,4974.4
10799,OA-VUMa4,4974.8
10226,OA-AL2i3,4975.0
10187,OA-VPM3,4975.2
42119,Mi1,4975.8
10110,OA-VUMa1,4976.1
10168,OA-VUMa6,4976.200000000001
53065,Mi1,4976.4
10175,OA-VUMa6,4976.7
10652,OA-AL2i4,4976.7
10825,OA-AL2i3,4976.8
12109,OA-VUMa2,4977.1
10120,OA-VPM4,4977.599999999999
37000,Mi1,4977.9
33907,Mi1,4978.000000000001
92114,T4c,4978.1
10555,OA-VUMa3,4978.2
11264,OA-ASM1,4978.3
10265,OA-AL2i2,4978.7
52328,TmY3,4979.5
34356,Mi1,4979.6
10322,OA-AL2i2,4979.8
10080,OA-VUMa3,4979.900000000001
103479,T4c,4980.3
12896,OA-VUMa5,4980.5
36252,Mi1,4982.099999999999
286259,OA-ASM1,4982.200000000001
12688,OA-ASM1,4982.5
11005,OA-VUMa4,4982.7
11602,OA-ASM1,4982.7
10185,OA-VUMa8,4982.8
11608,OA-VUMa2,4982.9
35498,Mi1,4983.0
10658,OA-AL2i3,4983.1
10041,OA-VUMa1,4983.3
10072,OA-AL2i1,4983.7
10011,OA-AL2i1,4984.500000000001
10677,OA-AL2i4,4984.500000000001
10687,OA-AL2i3,4984.8
10269,OA-AL2i2,4985.3
51122,Mi1,4985.8
33462,Mi1,4986.000000000001
10226,OA-AL2i3,4986.5
10204,OA-AL2i2,4986.5
287884,OA-VPM3,4986.6
10110,OA-VUMa1,4986.7
56564,Mi1,4987.099999999999
10799,OA-VUMa4,4987.6
11921,OA-VPM4,4987.7
10825,OA-AL2i3,4987.8
34057,Mi1,4988.400000000001
34849,Mi1,4988.400000000001
12109,OA-VUMa2,4988.400000000001
10175,OA-VUMa6,4988.5
10168,OA-VUMa6,4988.700000000001
10187,OA-VPM3,4988.8
118924,Tm3,4989.1
10120,OA-VPM4,4989.6
10652,OA-AL2i4,4990.200000000001
35405,Mi1,4990.7
53065,Mi1,4990.8
10322,OA-AL2i2,4990.8
11264,OA-ASM1,4990.8
10265,OA-AL2i2,4991.0
10555,OA-VUMa3,4991.0
12896,OA-VUMa5,4991.7
33907,Mi1,4992.3
10080,OA-VUMa3,4992.4
11005,OA-VUMa4,4993.9
11608,OA-VUMa2,4994.3
71052,T2a,4994.400000000001
83365,T2a,4994.6
10041,OA-VUMa1,4994.7
10658,OA-AL2i3,4995.0
10185,OA-VUMa8,4995.099999999999
11602,OA-ASM1,4995.099999999999
12688,OA-ASM1,4995.099999999999
286259,OA-ASM1,4995.200000000001
90465,T4a,4995.8
36252,Mi1,4996.2
10072,OA-AL2i1,4996.5
10687,OA-AL2i3,4996.700000000001
35498,Mi1,4996.9
10011,OA-AL2i1,4997.2
10677,OA-AL2i4,4997.799999999999
10110,OA-VUMa1,4998.0
10226,OA-AL2i3,4998.099999999999
10269,OA-AL2i2,4998.8
287884,OA-VPM3,4998.9
10204,OA-AL2i2,4999.0
10825,OA-AL2i3,4999.900000000001
37000,Mi1,5000.1
12109,OA-VUMa2,5000.200000000001
42119,Mi1,5000.500000000001
10168,OA-VUMa6,5000.7
33462,Mi1,5000.7
10175,OA-VUMa6,5001.2
51122,Mi1,5001.400000000001
11921,OA-VPM4,5001.400000000001
10799,OA-VUMa4,5001.700000000001
10652,OA-AL2i4,5002.2
34057,Mi1,5002.2
10120,OA-VPM4,5002.400000000001
10322,OA-AL2i2,5002.400000000001
34849,Mi1,5002.6
10187,OA-VPM3,5002.7
11264,OA-ASM1,5002.7
10265,OA-AL2i2,5002.8
34356,Mi1,5003.4
12896,OA-VUMa5,5003.5
10555,OA-VUMa3,5004.2
10041,OA-VUMa1,5004.5
35405,Mi1,5004.8
10080,OA-VUMa3,5005.6
11608,OA-VUMa2,5006.099999999999
10072,OA-AL2i1,5006.3
10658,OA-AL2i3,5006.4
53065,Mi1,5006.5
11602,OA-ASM1,5006.6
33907,Mi1,5006.6
11005,OA-VUMa4,5006.8
10185,OA-VUMa8,5006.9
12688,OA-ASM1,5007.6
10110,OA-VUMa1,5008.1
10226,OA-AL2i3,5008.8
56564,Mi1,5008.900000000001
10687,OA-AL2i3,5009.2
10011,OA-AL2i1,5009.400000000001
286259,OA-ASM1,5009.700000000001
79345,T2a,5010.000000000001
10677,OA-AL2i4,5010.6
36252,Mi1,5010.7
10269,OA-AL2i2,5011.0
287884,OA-VPM3,5011.7
10825,OA-AL2i3,5011.7
10175,OA-VUMa6,5012.1
35498,Mi1,5012.5
10204,OA-AL2i2,5012.599999999999
12109,OA-VUMa2,5013.0
10168,OA-VUMa6,5013.5
10322,OA-AL2i2,5014.0
11921,OA-VPM4,5014.5
10072,OA-AL2i1,5014.6
33462,Mi1,5015.000000000001
10041,OA-VUMa1,5015.000000000001
10652,OA-AL2i4,5015.2
11264,OA-ASM1,5015.2
10799,OA-VUMa4,5015.400000000001
10265,OA-AL2i2,5015.6
12896,OA-VUMa5,5015.6
51122,Mi1,5015.8
34849,Mi1,5015.900000000001
10187,OA-VPM3,5016.0
10120,OA-VPM4,5016.900000000001
10555,OA-VUMa3,5017.0
34057,Mi1,5017.0
11608,OA-VUMa2,5018.7
11005,OA-VUMa4,5018.8
10658,OA-AL2i3,5018.900000000001
37000,Mi1,5018.900000000001
35405,Mi1,5019.200000000001
10185,OA-VUMa8,5019.200000000001
11602,OA-ASM1,5019.3
10080,OA-VUMa3,5019.5
10110,OA-VUMa1,5019.6
10226,OA-AL2i3,5019.6
12688,OA-ASM1,5019.6
33907,Mi1,5020.400000000001
93566,T4a,5020.700000000001
42119,Mi1,5020.8
10687,OA-AL2i3,5020.8
10011,OA-AL2i1,5020.8
53065,Mi1,5021.4
92114,T4c,5022.400000000001
286259,OA-ASM1,5022.400000000001
10677,OA-AL2i4,5022.6
10175,OA-VUMa6,5023.6
10269,OA-AL2i2,5023.6
34356,Mi1,5023.7
10825,OA-AL2i3,5024.3
287884,OA-VPM3,5024.4
12109,OA-VUMa2,5024.6
36252,Mi1,5024.6
10072,OA-AL2i1,5024.900000000001
10168,OA-VUMa6,5024.900000000001
10041,OA-VUMa1,5025.599999999999
10322,OA-AL2i2,5025.700000000001
10204,OA-AL2i2,5025.8
12896,OA-VUMa5,5026.900000000001
35498,Mi1,5027.0
10799,OA-VUMa4,5027.6
118924,Tm3,5027.8
56564,Mi1,5028.3
10187,OA-VPM3,5028.599999999999
10652,OA-AL2i4,5028.8
11921,OA-VPM4,5028.8
11264,OA-ASM1,5029.0
10120,OA-VPM4,5029.4
10658,OA-AL2i3,5029.7
51122,Mi1,5029.7
10265,OA-AL2i2,5029.799999999999
34849,Mi1,5030.1
10110,OA-VUMa1,5030.200000000001
10555,OA-VUMa3,5030.200000000001
33462,Mi1,5030.3
69597,Tm3,5030.400000000001
11608,OA-VUMa2,5030.400000000001
11005,OA-VUMa4,5030.400000000001
10185,OA-VUMa8,5031.5
10226,OA-AL2i3,5032.1
95458,T4d,5032.200000000001
94305,T4a,5032.500000000001
99663,T4c,5032.6
10011,OA-AL2i1,5032.8
34057,Mi1,5032.900000000001
10687,OA-AL2i3,5033.0
11602,OA-ASM1,5033.1
10080,OA-VUMa3,5033.400000000001
35405,Mi1,5033.599999999999
12688,OA-ASM1,5034.0
71052,T2a,5034.3
10072,OA-AL2i1,5034.7
10175,OA-VUMa6,5034.7
286259,OA-ASM1,5034.7
33907,Mi1,5034.900000000001
10677,OA-AL2i4,5035.200000000001
10041,OA-VUMa1,5035.4
10269,OA-AL2i2,5035.7
10825,OA-AL2i3,5035.9
12109,OA-VUMa2,5036.0
10168,OA-VUMa6,5036.1
53065,Mi1,5036.2
83365,T2a,5036.2
287884,OA-VPM3,5037.3
10322,OA-AL2i2,5037.5
37000,Mi1,5037.5
10204,OA-AL2i2,5038.200000000001
36252,Mi1,5038.200000000001
12896,OA-VUMa5,5038.8
73828,Tm3,5039.000000000001
42119,Mi1,5039.400000000001
10110,OA-VUMa1,5040.500000000001
35498,Mi1,5040.6
34356,Mi1,5040.6
10187,OA-VPM3,5040.7
10799,OA-VUMa4,5041.1
10658,OA-AL2i3,5041.599999999999
11608,OA-VUMa2,5041.8
11264,OA-ASM1,5042.1
11921,OA-VPM4,5042.1
10652,OA-AL2i4,5042.5
11005,OA-VUMa4,5042.6
10120,OA-VPM4,5043.0
10265,OA-AL2i2,5043.200000000001
10185,OA-VUMa8,5043.6
10555,OA-VUMa3,5043.6
33462,Mi1,5043.8
10011,OA-AL2i1,5044.3
10226,OA-AL2i3,5044.400000000001
34849,Mi1,5044.400000000001
51122,Mi1,5044.400000000001
50333,TmY3,5044.5
10687,OA-AL2i3,5044.599999999999
10072,OA-AL2i1,5044.9
10041,OA-VUMa1,5045.6
10080,OA-VUMa3,5045.900000000001
11602,OA-ASM1,5046.200000000001
10175,OA-VUMa6,5046.5
56564,Mi1,5046.5
35405,Mi1,5046.8
12109,OA-VUMa2,5046.8
34057,Mi1,5047.1
12688,OA-ASM1,5047.3
10825,OA-AL2i3,5047.7
10677,OA-AL2i4,5048.0
10168,OA-VUMa6,5048.3
10269,OA-AL2i2,5048.500000000001
99922,T4c,5049.2
12896,OA-VUMa5,5049.599999999999
10322,OA-AL2i2,5049.599999999999
33907,Mi1,5049.9
90049,T4c,5049.9
286259,OA-ASM1,5050.0
287884,OA-VPM3,5050.1
53065,Mi1,5050.2
10110,OA-VUMa1,5051.200000000001
10204,OA-AL2i2,5051.6
532850,Tm3,5052.700000000001
36252,Mi1,5053.0
11608,OA-VUMa2,5053.0
10658,OA-AL2i3,5053.3
37000,Mi1,5053.5
35498,Mi1,5053.900000000001
10187,OA-VPM3,5054.1
11005,OA-VUMa4,5054.2
10799,OA-VUMa4,5054.3
11264,OA-ASM1,5054.700000000001
10072,OA-AL2i1,5054.9
42119,Mi1,5055.1
10120,OA-VPM4,5055.400000000001
10185,OA-VUMa8,5055.400000000001
103479,T4c,5055.8
10652,OA-AL2i4,5055.900000000001
10265,OA-AL2i2,5056.0
10687,OA-AL2i3,5056.200000000001
10226,OA-AL2i3,5056.3
10041,OA-VUMa1,5056.3
10011,OA-AL2i1,5056.4
10555,OA-VUMa3,5057.3
33462,Mi1,5057.400000000001
34356,Mi1,5057.5
10175,OA-VUMa6,5057.9
11921,OA-VPM4,5057.9
34849,Mi1,5058.400000000001
11602,OA-ASM1,5058.6
12109,OA-VUMa2,5058.7
51122,Mi1,5059.0
10080,OA-VUMa3,5059.5
10825,OA-AL2i3,5060.1
10269,OA-AL2i2,5060.2
10322,OA-AL2i2,5060.5
12688,OA-ASM1,5060.599999999999
10168,OA-VUMa6,5060.700000000001
10677,OA-AL2i4,5060.8
12896,OA-VUMa5,5060.9
35405,Mi1,5060.9
34057,Mi1,5061.6
56564,Mi1,5061.6
92114,T4c,5061.6
10110,OA-VUMa1,5062.3
287884,OA-VPM3,5062.6
286259,OA-ASM1,5063.400000000001
99423,T4d,5064.0
11608,OA-VUMa2,5064.0
106952,T4b,5064.200000000001
33907,Mi1,5064.6
10204,OA-AL2i2,5064.7
10658,OA-AL2i3,5065.0
53065,Mi1,5065.0
10072,OA-AL2i1,5066.6
10187,OA-VPM3,5066.6
10041,OA-VUMa1,5067.0
10799,OA-VUMa4,5067.4
36252,Mi1,5067.4
10120,OA-VPM4,5067.7
11005,OA-VUMa4,5067.7
10652,OA-AL2i4,5068.299999999999
11264,OA-ASM1,5068.400000000001
10226,OA-AL2i3,5068.5
10687,OA-AL2i3,5068.599999999999
37000,Mi1,5068.599999999999
10185,OA-VUMa8,5068.8
10011,OA-AL2i1,5068.8
10265,OA-AL2i2,5068.8
35498,Mi1,5069.0
10175,OA-VUMa6,5069.3
118924,Tm3,5070.2
42119,Mi1,5070.5
10080,OA-VUMa3,5070.9
10555,OA-VUMa3,5070.9
12109,OA-VUMa2,5071.1
11921,OA-VPM4,5071.5
33462,Mi1,5071.6
10269,OA-AL2i2,5071.7
34356,Mi1,5071.900000000001
10322,OA-AL2i2,5072.200000000001
10825,OA-AL2i3,5072.6
12896,OA-VUMa5,5072.6
10168,OA-VUMa6,5072.7
51122,Mi1,5073.2
11602,OA-ASM1,5073.400000000001
34849,Mi1,5073.5
10677,OA-AL2i4,5073.5
12688,OA-ASM1,5073.5
10110,OA-VUMa1,5074.2
287884,OA-VPM3,5074.2
11608,OA-VUMa2,5075.3
35405,Mi1,5075.3
56564,Mi1,5075.3
10072,OA-AL2i1,5075.7
286259,OA-ASM1,5076.299999999999
34057,Mi1,5076.400000000001
10658,OA-AL2i3,5077.1
10041,OA-VUMa1,5077.4
10204,OA-AL2i2,5077.7
53065,Mi1,5078.8
10187,OA-VPM3,5079.1
11005,OA-VUMa4,5079.400000000001
33907,Mi1,5079.5
83365,T2a,5080.200000000001
10120,OA-VPM4,5080.6
11264,OA-ASM1,5080.7
10226,OA-AL2i3,5080.8
10175,OA-VUMa6,5080.900000000001
10687,OA-AL2i3,5080.900000000001
10011,OA-AL2i1,5081.5
10185,OA-VUMa8,5081.599999999999
10652,OA-AL2i4,5081.599999999999
71052,T2a,5081.8
10799,OA-VUMa4,5081.8
36252,Mi1,5081.8
12109,OA-VUMa2,5082.1
10265,OA-AL2i2,5082.4
37000,Mi1,5083.099999999999
79345,T2a,5083.8
10555,OA-VUMa3,5083.8
10080,OA-VUMa3,5084.0
10269,OA-AL2i2,5084.2
12896,OA-VUMa5,5084.299999999999
35498,Mi1,5084.400000000001
11921,OA-VPM4,5084.700000000001
10322,OA-AL2i2,5084.8
42119,Mi1,5084.8
10825,OA-AL2i3,5084.900000000001
33462,Mi1,5085.1
94305,T4a,5085.4
10110,OA-VUMa1,5085.500000000001
10072,OA-AL2i1,5085.6
10168,OA-VUMa6,5085.6
10677,OA-AL2i4,5086.1
11608,OA-VUMa2,5086.700000000001
11602,OA-ASM1,5086.9
12688,OA-ASM1,5087.3
34356,Mi1,5087.6
94624,T4a,5088.099999999999
287884,OA-VPM3,5088.099999999999
10041,OA-VUMa1,5088.099999999999
34849,Mi1,5088.099999999999
51122,Mi1,5088.200000000001
35405,Mi1,5088.8
10658,OA-AL2i3,5089.5
286259,OA-ASM1,5089.700000000001
34057,Mi1,5090.4
10204,OA-AL2i2,5090.5
56564,Mi1,5090.7
11005,OA-VUMa4,5091.099999999999
10175,OA-VUMa6,5092.400000000001
10226,OA-AL2i3,5092.400000000001
99663,T4c,5092.400000000001
10187,OA-VPM3,5092.6
33907,Mi1,5093.0
12109,OA-VUMa2,5093.3
53065,Mi1,5093.4
10011,OA-AL2i1,5093.500000000001
10687,OA-AL2i3,5093.6
10185,OA-VUMa8,5093.7
65671,Mi1,5093.7
11264,OA-ASM1,5094.2
10120,OA-VPM4,5094.3
10799,OA-VUMa4,5094.5
10265,OA-AL2i2,5094.8
10652,OA-AL2i4,5094.8
10072,OA-AL2i1,5095.1
12896,OA-VUMa5,5095.6
10555,OA-VUMa3,5096.6
10825,OA-AL2i3,5096.8
10110,OA-VUMa1,5097.1
10269,OA-AL2i2,5097.1
36252,Mi1,5097.400000000001
10080,OA-VUMa3,5097.5
10322,OA-AL2i2,5097.599999999999
42119,Mi1,5098.0
11608,OA-VUMa2,5098.0
11921,OA-VPM4,5098.1
37000,Mi1,5098.1
10168,OA-VUMa6,5098.6
10041,OA-VUMa1,5099.4
33462,Mi1,5099.7
35498,Mi1,5099.8
10677,OA-AL2i4,5100.0
35017,Mi1,5100.2
10658,OA-AL2i3,5100.700000000001
11602,OA-ASM1,5100.8
12688,OA-ASM1,5101.1
35836,Mi1,5101.3
55976,Mi1,5101.3
287884,OA-VPM3,5101.7
34479,Mi1,5101.8
34356,Mi1,5101.900000000001
34849,Mi1,5102.1
35405,Mi1,5102.2
11005,OA-VUMa4,5102.3
35770,Mi1,5102.9
34189,Mi1,5103.1
286259,OA-ASM1,5103.400000000001
10175,OA-VUMa6,5103.6
35840,Mi1,5103.6
10226,OA-AL2i3,5103.8
10204,OA-AL2i2,5104.200000000001
10011,OA-AL2i1,5104.5
51122,Mi1,5104.6
92114,T4c,5104.6
10072,OA-AL2i1,5104.900000000001
90049,T4c,5104.900000000001
34057,Mi1,5105.0
76325,T2a,5105.400000000001
12109,OA-VUMa2,5105.5
10187,OA-VPM3,5105.700000000001
56564,Mi1,5105.8
10687,OA-AL2i3,5106.2
10185,OA-VUMa8,5106.4
101772,Tm3,5106.6
10265,OA-AL2i2,5106.8
52328,TmY3,5106.900000000001
11264,OA-ASM1,5107.0
10120,OA-VPM4,5107.099999999999
66808,Tm3,5107.099999999999
33907,Mi1,5107.200000000001
10110,OA-VUMa1,5107.4
12896,OA-VUMa5,5107.7
10799,OA-VUMa4,5107.7
10652,OA-AL2i4,5107.9
53065,Mi1,5108.8
92431,T4a,5108.900000000001
10555,OA-VUMa3,5109.0
10322,OA-AL2i2,5109.200000000001
11608,OA-VUMa2,5109.200000000001
10825,OA-AL2i3,5109.4
10269,OA-AL2i2,5109.500000000001
98985,T4c,5109.6
50333,TmY3,5110.0
10041,OA-VUMa1,5110.1
10168,OA-VUMa6,5110.2
98381,T4d,5110.3
36252,Mi1,5110.5
10080,OA-VUMa3,5111.5
92047,T4c,5112.099999999999
42119,Mi1,5112.5
37000,Mi1,5112.5
11602,OA-ASM1,5112.6
10658,OA-AL2i3,5112.7
11921,OA-VPM4,5112.7
10677,OA-AL2i4,5112.8
12688,OA-ASM1,5113.400000000001
287884,OA-VPM3,5113.700000000001
33462,Mi1,5114.0
10072,OA-AL2i1,5114.6
10175,OA-VUMa6,5114.7
11005,OA-VUMa4,5114.8
35498,Mi1,5115.0
118924,Tm3,5115.3
10011,OA-AL2i1,5115.4
94305,T4a,5115.4
34849,Mi1,5115.6
10226,OA-AL2i3,5115.7
34356,Mi1,5116.2
35405,Mi1,5116.8
65671,Mi1,5116.900000000001
10204,OA-AL2i2,5117.0
95458,T4d,5117.0
286259,OA-ASM1,5117.200000000001
10687,OA-AL2i3,5117.8
12109,OA-VUMa2,5118.0
83365,T2a,5118.1
10187,OA-VPM3,5118.2
71052,T2a,5118.3
10185,OA-VUMa8,5118.599999999999
99423,T4d,5118.700000000001
51122,Mi1,5118.8
97899,T4a,5118.9
12896,OA-VUMa5,5119.1
34057,Mi1,5119.400000000001
69597,Tm3,5119.400000000001
10265,OA-AL2i2,5119.6
10110,OA-VUMa1,5119.6
10120,OA-VPM4,5120.200000000001
10269,OA-AL2i2,5120.4
10799,OA-VUMa4,5120.4
11264,OA-ASM1,5120.6
10041,OA-VUMa1,5120.8
33907,Mi1,5120.900000000001
10825,OA-AL2i3,5121.0
10322,OA-AL2i2,5121.1
35017,Mi1,5121.599999999999
10652,OA-AL2i4,5121.599999999999
10555,OA-VUMa3,5121.8
55976,Mi1,5121.9
11608,OA-VUMa2,5122.0
56564,Mi1,5122.0
99922,T4c,5122.3
10168,OA-VUMa6,5122.6
73828,Tm3,5122.6
35836,Mi1,5122.7
53065,Mi1,5122.7
34189,Mi1,5124.400000000001
10080,OA-VUMa3,5124.5
36252,Mi1,5124.5
10658,OA-AL2i3,5124.8
11602,OA-ASM1,5125.0
35840,Mi1,5125.1
107442,T4d,5125.1
35770,Mi1,5125.1
102791,T4c,5125.3
10072,OA-AL2i1,5125.6
10175,OA-VUMa6,5125.6
95883,T4a,5125.6
10677,OA-AL2i4,5125.8
12688,OA-ASM1,5125.8
287884,OA-VPM3,5126.3
42119,Mi1,5126.3
11005,OA-VUMa4,5126.5
532850,Tm3,5126.8
110646,T4b,5126.9
74023,T2a,5127.000000000001
10226,OA-AL2i3,5127.3
11921,OA-VPM4,5127.400000000001
103479,T4c,5127.5
37000,Mi1,5127.5
33462,Mi1,5127.6
76524,Tm3,5127.7
34479,Mi1,5127.7
10011,OA-AL2i1,5128.4
10687,OA-AL2i3,5129.2
12109,OA-VUMa2,5129.5
34849,Mi1,5129.9
35498,Mi1,5129.9
10204,OA-AL2i2,5130.1
286259,OA-ASM1,5130.2
10187,OA-VPM3,5130.799999999999
93566,T4a,5131.200000000001
12896,OA-VUMa5,5131.3
10185,OA-VUMa8,5131.4
10265,OA-AL2i2,5131.4
34356,Mi1,5131.4
10110,OA-VUMa1,5131.8
92706,T4a,5132.0
35405,Mi1,5132.1
10269,OA-AL2i2,5132.3
92114,T4c,5132.5
10120,OA-VPM4,5132.5
10799,OA-VUMa4,5132.5
34057,Mi1,5132.900000000001
10041,OA-VUMa1,5133.200000000001
100867,T4b,5133.200000000001
94624,T4a,5133.4
11608,OA-VUMa2,5133.6
10825,OA-AL2i3,5133.7
51122,Mi1,5133.7
10322,OA-AL2i2,5133.8
11264,OA-ASM1,5134.0
66808,Tm3,5134.0
99663,T4c,5134.1
10652,OA-AL2i4,5134.599999999999
10168,OA-VUMa6,5134.700000000001
106952,T4b,5134.9
10072,OA-AL2i1,5135.000000000001
53065,Mi1,5135.2
10555,OA-VUMa3,5135.6
65671,Mi1,5135.900000000001
108307,T4b,5135.900000000001
10658,OA-AL2i3,5136.0
33907,Mi1,5136.099999999999
109598,T4b,5136.3
56564,Mi1,5136.5
10175,OA-VUMa6,5136.6
92431,T4a,5136.6
69380,Tm3,5136.7
50333,TmY3,5136.900000000001
10080,OA-VUMa3,5137.599999999999
11602,OA-ASM1,5138.0
101772,Tm3,5138.2
10226,OA-AL2i3,5138.3
11005,OA-VUMa4,5138.5
10677,OA-AL2i4,5138.6
96295,T4b,5138.6
79345,T2a,5138.7
98099,T4b,5138.799999999999
287884,OA-VPM3,5138.799999999999
82145,T2a,5139.0
10011,OA-AL2i1,5139.3
12688,OA-ASM1,5139.5
35836,Mi1,5139.6
10687,OA-AL2i3,5139.7
55976,Mi1,5139.7
116716,T4b,5139.9
33462,Mi1,5140.000000000001
36252,Mi1,5140.1
35017,Mi1,5140.5
12109,OA-VUMa2,5140.8
11921,OA-VPM4,5141.4
10025,H2,5141.6
90465,T4a,5142.1
42119,Mi1,5142.2
37000,Mi1,5142.3
10187,OA-VPM3,5143.1
35770,Mi1,5143.1
10110,OA-VUMa1,5143.3
10204,OA-AL2i2,5143.5
90049,T4c,5143.5
286259,OA-ASM1,5143.5
10185,OA-VUMa8,5143.6
34189,Mi1,5143.6
35498,Mi1,5143.8
10265,OA-AL2i2,5143.900000000001
35840,Mi1,5143.900000000001
34849,Mi1,5144.0
91469,T4c,5144.200000000001
10072,OA-AL2i1,5144.4
10120,OA-VPM4,5144.5
12896,OA-VUMa5,5144.5
10269,OA-AL2i2,5144.6
10825,OA-AL2i3,5145.0
98985,T4c,5145.2
11608,OA-VUMa2,5145.5
10041,OA-VUMa1,5145.700000000001
10799,OA-VUMa4,5145.700000000001
34356,Mi1,5145.700000000001
34479,Mi1,5145.700000000001
10322,OA-AL2i2,5146.1
35405,Mi1,5146.4
10168,OA-VUMa6,5146.4
34057,Mi1,5146.5
51122,Mi1,5146.5
11264,OA-ASM1,5147.4
98381,T4d,5147.5
10652,OA-AL2i4,5147.9
10658,OA-AL2i3,5147.9
76325,T2a,5148.000000000001
10175,OA-VUMa6,5148.1
10555,OA-VUMa3,5148.3
92047,T4c,5148.400000000001
53065,Mi1,5149.4
10226,OA-AL2i3,5149.500000000001
66214,T2a,5149.8
71052,T2a,5150.1
11005,OA-VUMa4,5150.2
33907,Mi1,5150.599999999999
11602,OA-ASM1,5150.700000000001
83365,T2a,5150.8
69597,Tm3,5151.1
10677,OA-AL2i4,5151.3
10080,OA-VUMa3,5151.5
56564,Mi1,5151.6
97675,T4c,5151.6
12688,OA-ASM1,5151.7
95883,T4a,5151.8
10687,OA-AL2i3,5151.900000000001
287884,OA-VPM3,5151.900000000001
10011,OA-AL2i1,5151.900000000001
65671,Mi1,5152.5
12109,OA-VUMa2,5152.6
118924,Tm3,5153.0
10072,OA-AL2i1,5153.8
10110,OA-VUMa1,5154.6
36252,Mi1,5154.6
33462,Mi1,5154.900000000001
11921,OA-VPM4,5155.3
94305,T4a,5155.5
10185,OA-VUMa8,5155.5
37000,Mi1,5155.5
55976,Mi1,5155.9
98788,T4d,5155.9
10187,OA-VPM3,5156.000000000001
12896,OA-VUMa5,5156.1
35836,Mi1,5156.1
10041,OA-VUMa1,5156.6
95458,T4d,5156.6
10204,OA-AL2i2,5157.0
10265,OA-AL2i2,5157.200000000001
35017,Mi1,5157.3
34849,Mi1,5157.4
35498,Mi1,5157.500000000001
10825,OA-AL2i3,5157.6
286259,OA-ASM1,5157.6
10168,OA-VUMa6,5157.8
42119,Mi1,5157.900000000001
10120,OA-VPM4,5157.900000000001
10269,OA-AL2i2,5158.0
10658,OA-AL2i3,5158.0
88625,T4c,5158.5
11608,OA-VUMa2,5158.599999999999
34189,Mi1,5158.8
35770,Mi1,5158.9
77383,T2a,5159.1
10322,OA-AL2i2,5159.3
35405,Mi1,5159.400000000001
10799,OA-VUMa4,5159.400000000001
10175,OA-VUMa6,5159.5
99922,T4c,5159.6
35840,Mi1,5159.8
11264,OA-ASM1,5160.200000000001
34356,Mi1,5160.200000000001
34057,Mi1,5160.3
10652,OA-AL2i4,5160.4
10555,OA-VUMa3,5160.6
102791,T4c,5160.9
97899,T4a,5161.1
34479,Mi1,5161.2
51122,Mi1,5161.3
92114,T4c,5162.1
10226,OA-AL2i3,5162.2
11005,OA-VUMa4,5162.7
66808,Tm3,5162.799999999999
101772,Tm3,5162.900000000001
92996,T4a,5163.1
53065,Mi1,5163.3
10072,OA-AL2i1,5163.6
74023,T2a,5163.700000000001
10677,OA-AL2i4,5164.000000000001
50333,TmY3,5164.000000000001
287884,OA-VPM3,5164.000000000001
11602,OA-ASM1,5164.1
10080,OA-VUMa3,5164.2
10687,OA-AL2i3,5164.2
99663,T4c,5164.2
10011,OA-AL2i1,5164.7
12109,OA-VUMa2,5164.7
92706,T4a,5164.8
12688,OA-ASM1,5164.900000000001
33907,Mi1,5165.4
61401,T2a,5165.4
56564,Mi1,5165.6
51231,TmY3,5165.6
52328,TmY3,5165.7
73828,Tm3,5165.7
10110,OA-VUMa1,5165.8
92431,T4a,5165.8
69380,Tm3,5166.0
98887,T4b,5166.0
107442,T4d,5166.0
47368,TmY3,5166.5
65671,Mi1,5166.5
89434,T4c,5166.5
12896,OA-VUMa5,5166.700000000001
10185,OA-VUMa8,5167.6
83979,T4a,5168.0
10041,OA-VUMa1,5168.099999999999
33462,Mi1,5168.3
10187,OA-VPM3,5168.7
45005,TmY3,5168.8
11921,OA-VPM4,5168.9
10015,HSN,5169.1
10120,OA-VPM4,5169.400000000001
10269,OA-AL2i2,5169.400000000001
36252,Mi1,5169.400000000001
37000,Mi1,5169.400000000001
10658,OA-AL2i3,5169.700000000001
10265,OA-AL2i2,5169.9
10168,OA-VUMa6,5170.1
10825,OA-AL2i3,5170.3
11608,OA-VUMa2,5170.3
103479,T4c,5170.5
10204,OA-AL2i2,5170.6
55976,Mi1,5170.6
10322,OA-AL2i2,5171.1
34849,Mi1,5171.8
286259,OA-ASM1,5171.8
35498,Mi1,5172.1
10175,OA-VUMa6,5172.1
10799,OA-VUMa4,5172.3
35017,Mi1,5172.7
35836,Mi1,5172.7
42119,Mi1,5172.8
10652,OA-AL2i4,5173.0
66325,Tm3,5173.4
35405,Mi1,5173.500000000001
34057,Mi1,5173.6
95822,T4b,5173.6
10226,OA-AL2i3,5173.6
11264,OA-ASM1,5173.8
34356,Mi1,5173.8
109142,T4b,5174.0
10555,OA-VUMa3,5174.2
35770,Mi1,5174.3
11005,OA-VUMa4,5174.599999999999
10072,OA-AL2i1,5174.700000000001
34189,Mi1,5175.0
75848,T2a,5175.1
10011,OA-AL2i1,5175.5
94624,T4a,5175.8
35840,Mi1,5175.900000000001
83365,T2a,5175.900000000001
100867,T4b,5176.099999999999
10080,OA-VUMa3,5176.200000000001
91469,T4c,5176.4
92047,T4c,5176.6
54885,TmY3,5176.7
10687,OA-AL2i3,5176.7
12109,OA-VUMa2,5176.7
51122,Mi1,5176.8
95883,T4a,5176.8
11602,OA-ASM1,5177.0
34479,Mi1,5177.0
53065,Mi1,5177.1
10110,OA-VUMa1,5177.400000000001
12896,OA-VUMa5,5177.599999999999
93566,T4a,5177.700000000001
98099,T4b,5177.700000000001
10677,OA-AL2i4,5177.8
287884,OA-VPM3,5177.8
12688,OA-ASM1,5177.9
10041,OA-VUMa1,5178.900000000001
91806,T4a,5178.900000000001
10185,OA-VUMa8,5179.700000000001
78805,T2a,5180.1
33907,Mi1,5180.1
65671,Mi1,5180.1
100680,T4d,5180.3
56564,Mi1,5180.400000000001
10269,OA-AL2i2,5180.7
96295,T4b,5180.900000000001
11608,OA-VUMa2,5181.200000000001
10187,OA-VPM3,5181.4
33462,Mi1,5181.500000000001
10658,OA-AL2i3,5181.500000000001
10120,OA-VPM4,5181.8
10825,OA-AL2i3,5181.900000000001
10265,OA-AL2i2,5182.8
10322,OA-AL2i2,5182.8
37000,Mi1,5182.8
10168,OA-VUMa6,5183.2
98381,T4d,5183.400000000001
11921,OA-VPM4,5183.400000000001
10204,OA-AL2i2,5183.5
10175,OA-VUMa6,5184.4
110646,T4b,5184.5
10799,OA-VUMa4,5184.7
36252,Mi1,5184.8
90465,T4a,5184.9
55976,Mi1,5185.0
286259,OA-ASM1,5185.599999999999
10226,OA-AL2i3,5186.0
11264,OA-ASM1,5186.2
10072,OA-AL2i1,5186.3
10652,OA-AL2i4,5186.6
90049,T4c,5186.7
11005,OA-VUMa4,5186.8
35498,Mi1,5186.900000000001
35405,Mi1,5187.0
10555,OA-VUMa3,5187.2
35017,Mi1,5187.3
34849,Mi1,5187.400000000001
10011,OA-AL2i1,5187.5
95458,T4d,5187.700000000001
10110,OA-VUMa1,5187.8
35836,Mi1,5187.8
12109,OA-VUMa2,5187.9
34356,Mi1,5187.9
34057,Mi1,5188.1
10080,OA-VUMa3,5188.1
35770,Mi1,5188.5
42119,Mi1,5188.7
11602,OA-ASM1,5188.7
94305,T4a,5188.8
10687,OA-AL2i3,5188.900000000001
98985,T4c,5189.200000000001
10025,H2,5189.500000000001
12896,OA-VUMa5,5189.8
34189,Mi1,5190.2
12688,OA-ASM1,5190.8
66808,Tm3,5191.0
10041,OA-VUMa1,5191.0
10677,OA-AL2i4,5191.0
35840,Mi1,5191.3
287884,OA-VPM3,5191.3
10016,HSE,5191.400000000001
51122,Mi1,5191.400000000001
114391,T4d,5191.5
92842,T4a,5191.6
92114,T4c,5191.8
53065,Mi1,5192.200000000001
10658,OA-AL2i3,5192.7
101772,Tm3,5192.8
10269,OA-AL2i2,5193.1
34479,Mi1,5193.1
109598,T4b,5193.1
10185,OA-VUMa8,5193.2
11608,OA-VUMa2,5193.400000000001
56564,Mi1,5193.5
10825,OA-AL2i3,5193.700000000001
104257,T4b,5193.700000000001
102791,T4c,5193.8
10120,OA-VPM4,5194.0
10322,OA-AL2i2,5194.0
65671,Mi1,5194.2
97899,T4a,5194.5
10187,OA-VPM3,5194.6
71052,T2a,5194.7
69380,Tm3,5194.8
10168,OA-VUMa6,5194.900000000001
10265,OA-AL2i2,5194.900000000001
92431,T4a,5195.2
92706,T4a,5195.3
99922,T4c,5195.3
10072,OA-AL2i1,5195.700000000001
37000,Mi1,5195.9
33907,Mi1,5196.1
10175,OA-VUMa6,5196.400000000001
10204,OA-AL2i2,5196.8
33462,Mi1,5196.900000000001
10226,OA-AL2i3,5197.500000000001
11921,OA-VPM4,5197.500000000001
50333,TmY3,5198.1
10799,OA-VUMa4,5198.400000000001
99663,T4c,5198.5
10015,HSN,5198.5
10110,OA-VUMa1,5198.700000000001
11005,OA-VUMa4,5198.700000000001
12109,OA-VUMa2,5199.2
286259,OA-ASM1,5199.2
10011,OA-AL2i1,5199.400000000001
55976,Mi1,5199.5
10652,OA-AL2i4,5199.5
11264,OA-ASM1,5199.5
106793,T4d,5199.6
36252,Mi1,5200.3
34356,Mi1,5200.7
12896,OA-VUMa5,5200.9
10555,OA-VUMa3,5201.1
10687,OA-AL2i3,5201.2
79257,Tm3,5201.2
35498,Mi1,5201.299999999999
35017,Mi1,5201.400000000001
35405,Mi1,5201.599999999999
11602,OA-ASM1,5201.8
10041,OA-VUMa1,5202.1
10080,OA-VUMa3,5202.3
34849,Mi1,5202.4
35770,Mi1,5202.500000000001
34057,Mi1,5202.900000000001
42119,Mi1,5202.900000000001
12688,OA-ASM1,5203.0
35836,Mi1,5204.000000000001
287884,OA-VPM3,5204.2
10677,OA-AL2i4,5204.3
74023,T2a,5204.400000000001
10658,OA-AL2i3,5204.5
51122,Mi1,5204.7
79345,T2a,5204.7
10072,OA-AL2i1,5204.900000000001
10269,OA-AL2i2,5205.0
83365,T2a,5205.0
34189,Mi1,5205.099999999999
10120,OA-VPM4,5205.099999999999
69597,Tm3,5205.3
118924,Tm3,5205.500000000001
95883,T4a,5205.6
10322,OA-AL2i2,5205.7
10825,OA-AL2i3,5205.7
11608,OA-VUMa2,5205.7
53065,Mi1,5206.2
10185,OA-VUMa8,5206.400000000001
35840,Mi1,5206.599999999999
10168,OA-VUMa6,5206.700000000001
10265,OA-AL2i2,5206.700000000001
91469,T4c,5206.700000000001
92047,T4c,5207.1
34479,Mi1,5207.7
10187,OA-VPM3,5207.8
56564,Mi1,5208.0
65671,Mi1,5208.0
98887,T4b,5208.099999999999
10175,OA-VUMa6,5208.200000000001
10226,OA-AL2i3,5208.8
106952,T4b,5208.8
33907,Mi1,5209.2
10110,OA-VUMa1,5209.400000000001
98788,T4d,5209.599999999999
10204,OA-AL2i2,5209.700000000001
66214,T2a,5210.0
82145,T2a,5210.1
11005,OA-VUMa4,5210.4
12109,OA-VUMa2,5210.4
33462,Mi1,5210.8
73828,Tm3,5210.900000000001
37000,Mi1,5211.0
10652,OA-AL2i4,5211.5
10799,OA-VUMa4,5211.9
91806,T4a,5212.3
88625,T4c,5212.400000000001
12896,OA-VUMa5,5212.400000000001
11921,OA-VPM4,5212.5
10011,OA-AL2i1,5212.7
11264,OA-ASM1,5212.900000000001
10687,OA-AL2i3,5213.200000000001
10041,OA-VUMa1,5213.4
89434,T4c,5213.6
105698,T4c,5213.7
10555,OA-VUMa3,5213.900000000001
55976,Mi1,5214.1
36252,Mi1,5214.1
10072,OA-AL2i1,5214.3
94305,T4a,5214.3
108307,T4b,5214.3
34356,Mi1,5214.400000000001
11602,OA-ASM1,5214.700000000001
35405,Mi1,5214.700000000001
286259,OA-ASM1,5214.8
35498,Mi1,5215.2
94624,T4a,5215.4
35017,Mi1,5215.5
10080,OA-VUMa3,5215.7
12688,OA-ASM1,5215.7
34057,Mi1,5215.8
35770,Mi1,5216.200000000001
10658,OA-AL2i3,5216.4
42119,Mi1,5216.7
34849,Mi1,5216.7
10269,OA-AL2i2,5216.8
10825,OA-AL2i3,5216.9
10677,OA-AL2i4,5217.299999999999
11608,OA-VUMa2,5217.299999999999
100867,T4b,5217.400000000001
287884,OA-VPM3,5217.400000000001
52328,TmY3,5217.5
10120,OA-VPM4,5217.700000000001
98381,T4d,5217.8
35836,Mi1,5217.8
66808,Tm3,5217.900000000001
92996,T4a,5218.1
10322,OA-AL2i2,5218.200000000001
75848,T2a,5218.500000000001
10168,OA-VUMa6,5218.6
10265,OA-AL2i2,5218.6
76325,T2a,5218.7
107442,T4d,5218.7
10185,OA-VUMa8,5219.2
101772,Tm3,5219.400000000001
102791,T4c,5219.5
51122,Mi1,5219.6
99663,T4c,5219.9
10175,OA-VUMa6,5220.1
34189,Mi1,5220.1
93566,T4a,5220.2
47368,TmY3,5220.3
10187,OA-VPM3,5220.5
50333,TmY3,5220.6
53065,Mi1,5220.6
10226,OA-AL2i3,5220.7
98099,T4b,5220.8
10110,OA-VUMa1,5220.900000000001
92431,T4a,5221.099999999999
97899,T4a,5221.200000000001
35840,Mi1,5221.200000000001
11005,OA-VUMa4,5221.3
51231,TmY3,5221.3
92114,T4c,5221.3
65671,Mi1,5221.7
99922,T4c,5221.900000000001
12109,OA-VUMa2,5222.1
34479,Mi1,5222.2
97675,T4c,5222.400000000001
10204,OA-AL2i2,5222.5
56564,Mi1,5222.8
90049,T4c,5222.8
33907,Mi1,5223.4
10072,OA-AL2i1,5223.6
12896,OA-VUMa5,5223.7
109536,T4d,5223.7
116716,T4b,5223.7
10041,OA-VUMa1,5223.8
37000,Mi1,5224.200000000001
33462,Mi1,5224.3
103479,T4c,5224.4
10011,OA-AL2i1,5224.5
109142,T4b,5224.6
10015,HSN,5224.9
532850,Tm3,5225.0
10652,OA-AL2i4,5225.1
10799,OA-VUMa4,5225.2
92706,T4a,5225.2
95458,T4d,5225.400000000001
10687,OA-AL2i3,5225.700000000001
10555,OA-VUMa3,5225.8
11264,OA-ASM1,5225.900000000001
97231,T4a,5226.1
11921,OA-VPM4,5226.8
98985,T4c,5227.0
11602,OA-ASM1,5227.2
110646,T4b,5227.2
35405,Mi1,5227.6
10658,OA-AL2i3,5227.6
10025,H2,5227.8
55976,Mi1,5227.8
286259,OA-ASM1,5228.000000000001
10269,OA-AL2i2,5228.1
77383,T2a,5228.1
35498,Mi1,5228.3
104683,T4b,5228.3
34356,Mi1,5228.400000000001
11608,OA-VUMa2,5228.5
36252,Mi1,5229.0
76524,Tm3,5229.0
10080,OA-VUMa3,5229.099999999999
12688,OA-ASM1,5229.3
10677,OA-AL2i4,5229.5
35017,Mi1,5229.5
83365,T2a,5229.7
10825,OA-AL2i3,5229.7
10322,OA-AL2i2,5229.7
10168,OA-VUMa6,5230.2
10265,OA-AL2i2,5230.2
34057,Mi1,5230.400000000001
85937,Tm3,5230.400000000001
42119,Mi1,5230.700000000001
10120,OA-VPM4,5231.2
287884,OA-VPM3,5231.2
10226,OA-AL2i3,5231.5
34849,Mi1,5231.7
10110,OA-VUMa1,5232.0
10175,OA-VUMa6,5232.0
10185,OA-VUMa8,5232.0
35770,Mi1,5232.200000000001
35836,Mi1,5232.200000000001
11005,OA-VUMa4,5232.6
10072,OA-AL2i1,5233.2
10187,OA-VPM3,5233.2
74023,T2a,5233.400000000001
61401,T2a,5233.5
71052,T2a,5234.3
12109,OA-VUMa2,5234.6
34189,Mi1,5234.6
53065,Mi1,5234.8
10041,OA-VUMa1,5234.900000000001
35840,Mi1,5235.1
54885,TmY3,5235.1
99423,T4d,5235.2
51122,Mi1,5235.400000000001
95883,T4a,5235.400000000001
96295,T4b,5235.5
10011,OA-AL2i1,5235.700000000001
65671,Mi1,5235.8
109598,T4b,5236.3
12896,OA-VUMa5,5236.400000000001
10204,OA-AL2i2,5236.5
56564,Mi1,5236.900000000001
34479,Mi1,5237.099999999999
69380,Tm3,5237.099999999999
33462,Mi1,5237.6
10687,OA-AL2i3,5238.2
45005,TmY3,5238.2
33907,Mi1,5238.3
10799,OA-VUMa4,5238.400000000001
10652,OA-AL2i4,5238.599999999999
11264,OA-ASM1,5238.700000000001
10555,OA-VUMa3,5238.8
10658,OA-AL2i3,5239.2
66808,Tm3,5239.2
37000,Mi1,5239.3
10269,OA-AL2i2,5239.5
11608,OA-VUMa2,5239.8
95822,T4b,5240.099999999999
90465,T4a,5240.200000000001
104257,T4b,5240.4
11602,OA-ASM1,5240.5
92047,T4c,5240.6
11921,OA-VPM4,5241.2
10825,OA-AL2i3,5241.3
10168,OA-VUMa6,5241.5
55976,Mi1,5241.5
94305,T4a,5241.5
10322,OA-AL2i2,5241.700000000001
34356,Mi1,5241.700000000001
35405,Mi1,5242.0
10080,OA-VUMa3,5242.1
10265,OA-AL2i2,5242.1
12688,OA-ASM1,5242.200000000001
286259,OA-ASM1,5242.3
35498,Mi1,5242.4
98381,T4d,5242.4
10185,OA-VUMa8,5243.2
10175,OA-VUMa6,5243.3
10072,OA-AL2i1,5243.3
10226,OA-AL2i3,5243.400000000001
10120,OA-VPM4,5243.700000000001
36252,Mi1,5243.700000000001
10677,OA-AL2i4,5243.8
11005,OA-VUMa4,5244.000000000001
10110,OA-VUMa1,5244.1
35017,Mi1,5244.2
34057,Mi1,5244.3
69597,Tm3,5244.6
287884,OA-VPM3,5245.200000000001
10041,OA-VUMa1,5245.5
42119,Mi1,5245.6
10187,OA-VPM3,5246.1
34849,Mi1,5246.1
100867,T4b,5246.3
10011,OA-AL2i1,5246.5
35770,Mi1,5246.8
12109,OA-VUMa2,5246.8
35836,Mi1,5247.2
50333,TmY3,5247.6
10025,H2,5247.900000000001
92431,T4a,5248.0
101772,Tm3,5248.099999999999
34189,Mi1,5248.7
12896,OA-VUMa5,5248.7
53065,Mi1,5248.7
118924,Tm3,5249.1
51122,Mi1,5249.5
91469,T4c,5249.7
99663,T4c,5249.7
10204,OA-AL2i2,5249.8
97899,T4a,5249.900000000001
92114,T4c,5250.0
56564,Mi1,5250.3
35840,Mi1,5250.500000000001
10658,OA-AL2i3,5250.7
10652,OA-AL2i4,5250.900000000001
65671,Mi1,5250.900000000001
11608,OA-VUMa2,5251.0
93566,T4a,5251.1
106952,T4b,5251.2
98887,T4b,5251.3
10687,OA-AL2i3,5251.400000000001
33462,Mi1,5251.400000000001
10555,OA-VUMa3,5251.5
34479,Mi1,5251.599999999999
10269,OA-AL2i2,5251.9
73096,T2a,5251.9
10168,OA-VUMa6,5252.1
10799,OA-VUMa4,5252.2
11264,OA-ASM1,5252.5
10825,OA-AL2i3,5252.7
33907,Mi1,5252.7
10072,OA-AL2i1,5252.900000000001
10322,OA-AL2i2,5253.3
91806,T4a,5253.5
66214,T2a,5253.6
107442,T4d,5253.7
10265,OA-AL2i2,5254.0
11602,OA-ASM1,5254.3
10185,OA-VUMa8,5254.400000000001
10226,OA-AL2i3,5254.599999999999
12688,OA-ASM1,5254.599999999999
10080,OA-VUMa3,5254.599999999999
92706,T4a,5254.9
10175,OA-VUMa6,5255.1
11921,OA-VPM4,5255.1
37000,Mi1,5255.1
73828,Tm3,5255.1
11005,OA-VUMa4,5255.2
10110,OA-VUMa1,5255.3
89434,T4c,5255.5
286259,OA-ASM1,5255.6
35498,Mi1,5255.8
34356,Mi1,5255.900000000001
10120,OA-VPM4,5256.3
55976,Mi1,5256.4
10041,OA-VUMa1,5256.7
10677,OA-AL2i4,5257.2
36252,Mi1,5257.2
35405,Mi1,5257.3
102791,T4c,5257.5
10011,OA-AL2i1,5257.6
10016,HSE,5258.200000000001
287884,OA-VPM3,5258.200000000001
10015,HSN,5258.3
66325,Tm3,5258.6
91444,T4c,5258.6
94624,T4a,5258.7
35017,Mi1,5258.8
12109,OA-VUMa2,5259.1
10187,OA-VPM3,5259.5
34057,Mi1,5259.599999999999
42119,Mi1,5259.9
12896,OA-VUMa5,5260.900000000001
34849,Mi1,5261.099999999999
66808,Tm3,5261.099999999999
88625,T4c,5261.200000000001
95458,T4d,5261.3
83365,T2a,5261.4
98788,T4d,5261.6
90049,T4c,5261.7
53065,Mi1,5262.400000000001
10072,OA-AL2i1,5262.5
10687,OA-AL2i3,5262.5
92996,T4a,5262.599999999999
35836,Mi1,5262.8
51122,Mi1,5262.8
11608,OA-VUMa2,5262.9
10658,OA-AL2i3,5263.0
10168,OA-VUMa6,5263.0
35770,Mi1,5263.3
99922,T4c,5263.3
10652,OA-AL2i4,5263.4
34189,Mi1,5263.5
98099,T4b,5263.5
10204,OA-AL2i2,5263.900000000001
10555,OA-VUMa3,5264.200000000001
56564,Mi1,5264.4
10269,OA-AL2i2,5264.4
71052,T2a,5264.5
10322,OA-AL2i2,5264.8
65671,Mi1,5265.400000000001
33462,Mi1,5265.5
109142,T4b,5265.5
34479,Mi1,5265.6
10799,OA-VUMa4,5265.8
10825,OA-AL2i3,5266.1
35840,Mi1,5266.200000000001
10185,OA-VUMa8,5266.200000000001
10226,OA-AL2i3,5266.200000000001
10265,OA-AL2i2,5266.500000000001
95883,T4a,5266.6
10110,OA-VUMa1,5266.7
11264,OA-ASM1,5266.8
33907,Mi1,5266.900000000001
83979,T4a,5267.0
12688,OA-ASM1,5267.3
11602,OA-ASM1,5267.700000000001
10175,OA-VUMa6,5267.8
10080,OA-VUMa3,5268.000000000001
51231,TmY3,5268.000000000001
10041,OA-VUMa1,5268.2
10011,OA-AL2i1,5268.400000000001
11005,OA-VUMa4,5268.5
286259,OA-ASM1,5268.6
10120,OA-VPM4,5268.8
101772,Tm3,5268.900000000001
76325,T2a,5269.0
37000,Mi1,5269.099999999999
35498,Mi1,5269.7
79257,Tm3,5269.7
11921,OA-VPM4,5269.8
98985,T4c,5269.900000000001
92939,T4b,5270.0
287884,OA-VPM3,5270.1
10677,OA-AL2i4,5270.1
34356,Mi1,5270.1
12109,OA-VUMa2,5270.2
36252,Mi1,5270.700000000001
52328,TmY3,5270.700000000001
35405,Mi1,5270.8
55976,Mi1,5271.5
105698,T4c,5271.5
98381,T4d,5272.0
10187,OA-VPM3,5272.5
10072,OA-AL2i1,5272.6
110646,T4b,5272.6
35017,Mi1,5273.000000000001
92047,T4c,5273.2
94305,T4a,5273.400000000001
10687,OA-AL2i3,5273.5
10168,OA-VUMa6,5273.8
34057,Mi1,5273.8
92431,T4a,5273.900000000001
12896,OA-VUMa5,5274.0
76524,Tm3,5274.0
34849,Mi1,5274.1
75848,T2a,5274.1
11608,OA-VUMa2,5274.3
10658,OA-AL2i3,5274.4
42119,Mi1,5274.500000000001
79345,T2a,5274.6
100867,T4b,5274.8
92706,T4a,5275.1
10652,OA-AL2i4,5275.599999999999
51122,Mi1,5275.8
50333,TmY3,5276.000000000001
10269,OA-AL2i2,5276.2
10322,OA-AL2i2,5276.3
10555,OA-VUMa3,5276.8
47368,TmY3,5276.8
74023,T2a,5277.099999999999
10185,OA-VUMa8,5277.5
10825,OA-AL2i3,5277.5
69597,Tm3,5277.5
10204,OA-AL2i2,5277.7
53065,Mi1,5277.8
56564,Mi1,5277.8
99663,T4c,5277.9
34189,Mi1,5278.2
97899,T4a,5278.3
10226,OA-AL2i3,5278.3
10799,OA-VUMa4,5278.5
35770,Mi1,5278.8
35836,Mi1,5278.8
65671,Mi1,5279.0
10110,OA-VUMa1,5279.1
10175,OA-VUMa6,5279.1
34479,Mi1,5279.3
12688,OA-ASM1,5279.3
10041,OA-VUMa1,5279.7
33462,Mi1,5279.7
10015,HSN,5280.0
10265,OA-AL2i2,5280.0
10011,OA-AL2i1,5280.099999999999
118924,Tm3,5280.099999999999
10120,OA-VPM4,5280.5
35840,Mi1,5280.5
11005,OA-VUMa4,5280.700000000001
11602,OA-ASM1,5280.700000000001
10080,OA-VUMa3,5281.1
33907,Mi1,5281.1
11264,OA-ASM1,5281.2
12109,OA-VUMa2,5281.400000000001
92114,T4c,5281.7
95822,T4b,5281.900000000001
104257,T4b,5282.0
10072,OA-AL2i1,5282.0
91469,T4c,5282.4
97675,T4c,5282.8
37000,Mi1,5282.900000000001
287884,OA-VPM3,5283.2
10677,OA-AL2i4,5283.599999999999
286259,OA-ASM1,5283.599999999999
90465,T4a,5283.700000000001
11921,OA-VPM4,5284.1
35405,Mi1,5284.400000000001
77383,T2a,5284.400000000001
10025,H2,5284.6
10187,OA-VPM3,5284.8
34356,Mi1,5285.0
10687,OA-AL2i3,5285.099999999999
89434,T4c,5285.099999999999
35498,Mi1,5285.3
36252,Mi1,5285.5
10168,OA-VUMa6,5285.5
10658,OA-AL2i3,5286.0
102791,T4c,5286.0
114391,T4d,5286.599999999999
10322,OA-AL2i2,5287.0
34057,Mi1,5287.3
55976,Mi1,5287.4
34849,Mi1,5287.5
35017,Mi1,5287.5
12896,OA-VUMa5,5287.7
11608,OA-VUMa2,5287.900000000001
83365,T2a,5287.900000000001
10269,OA-AL2i2,5288.400000000001
66808,Tm3,5288.400000000001
10185,OA-VUMa8,5288.6
10825,OA-AL2i3,5288.8
10652,OA-AL2i4,5289.000000000001
94624,T4a,5289.1
42119,Mi1,5289.2
10226,OA-AL2i3,5289.5
51122,Mi1,5289.5
10555,OA-VUMa3,5289.8
10204,OA-AL2i2,5290.3
10110,OA-VUMa1,5291.1
10175,OA-VUMa6,5291.2
10799,OA-VUMa4,5291.2
10041,OA-VUMa1,5291.5
34189,Mi1,5291.5
69380,Tm3,5291.700000000001
99423,T4d,5291.700000000001
11005,OA-VUMa4,5292.1
10011,OA-AL2i1,5292.1
10120,OA-VPM4,5292.3
53065,Mi1,5292.5
56564,Mi1,5292.5
12688,OA-ASM1,5292.7
10072,OA-AL2i1,5293.099999999999
33462,Mi1,5293.4
35836,Mi1,5293.4
12109,OA-VUMa2,5293.6
11602,OA-ASM1,5293.6
10265,OA-AL2i2,5293.7
65671,Mi1,5293.7
35770,Mi1,5293.8
101772,Tm3,5293.9
11264,OA-ASM1,5294.2
34479,Mi1,5294.2
10080,OA-VUMa3,5294.3
109598,T4b,5294.8
73828,Tm3,5295.3
10677,OA-AL2i4,5295.5
35840,Mi1,5295.5
532850,Tm3,5295.7
33907,Mi1,5295.900000000001
37000,Mi1,5295.900000000001
88625,T4c,5295.900000000001
95883,T4a,5295.900000000001
10687,OA-AL2i3,5296.400000000001
287884,OA-VPM3,5296.700000000001
10658,OA-AL2i3,5296.9
10168,OA-VUMa6,5297.400000000001
35405,Mi1,5297.5
286259,OA-ASM1,5297.5
91806,T4a,5297.8
10187,OA-VPM3,5298.0
93566,T4a,5298.200000000001
10322,OA-AL2i2,5298.200000000001
103479,T4c,5298.500000000001
11921,OA-VPM4,5298.6
98887,T4b,5298.7
71052,T2a,5299.1
94305,T4a,5299.1
36252,Mi1,5299.2
34356,Mi1,5299.3
35498,Mi1,5299.400000000001
98788,T4d,5299.8
10269,OA-AL2i2,5299.8
92706,T4a,5299.8
50333,TmY3,5300.400000000001
90049,T4c,5300.400000000001
45005,TmY3,5300.5
34057,Mi1,5300.6
10185,OA-VUMa8,5300.7
35017,Mi1,5300.7
10226,OA-AL2i3,5300.8
12896,OA-VUMa5,5300.8
10825,OA-AL2i3,5300.900000000001
10652,OA-AL2i4,5301.0
34849,Mi1,5301.099999999999
11608,OA-VUMa2,5301.3
92431,T4a,5301.8
55976,Mi1,5301.9
92047,T4c,5302.3
96295,T4b,5302.700000000001
75848,T2a,5302.700000000001
10110,OA-VUMa1,5302.9
66214,T2a,5303.0
106952,T4b,5303.0
10204,OA-AL2i2,5303.3
10555,OA-VUMa3,5303.6
98381,T4d,5303.7
11005,OA-VUMa4,5304.0
10175,OA-VUMa6,5304.0
42119,Mi1,5304.1
97231,T4a,5304.1
10120,OA-VPM4,5304.200000000001
10041,OA-VUMa1,5304.3
99922,T4c,5304.3
107442,T4d,5304.3
51122,Mi1,5304.5
98099,T4b,5304.5
10799,OA-VUMa4,5304.6
61401,T2a,5304.700000000001
99663,T4c,5304.700000000001
12109,OA-VUMa2,5304.8
92114,T4c,5304.8
34189,Mi1,5305.1
12688,OA-ASM1,5305.2
10072,OA-AL2i1,5305.3
53065,Mi1,5305.7
10011,OA-AL2i1,5305.7
10265,OA-AL2i2,5305.8
11602,OA-ASM1,5306.099999999999
95458,T4d,5306.500000000001
10080,OA-VUMa3,5306.7
10015,HSN,5306.8
33462,Mi1,5307.3
11264,OA-ASM1,5307.400000000001
35836,Mi1,5307.700000000001
97899,T4a,5307.700000000001
56564,Mi1,5307.8
65671,Mi1,5307.9
10687,OA-AL2i3,5308.3
10658,OA-AL2i3,5308.5
35770,Mi1,5308.5
10677,OA-AL2i4,5308.6
37000,Mi1,5308.8
10322,OA-AL2i2,5308.900000000001
287884,OA-VPM3,5308.900000000001
10168,OA-VUMa6,5308.900000000001
34479,Mi1,5309.0
98985,T4c,5309.6
118924,Tm3,5309.6
103639,T4d,5310.0
10187,OA-VPM3,5310.1
33907,Mi1,5310.3
286259,OA-ASM1,5310.599999999999
82145,T2a,5310.8
109142,T4b,5311.0
74023,T2a,5311.0
10269,OA-AL2i2,5311.4
35405,Mi1,5311.6
10185,OA-VUMa8,5311.900000000001
35840,Mi1,5311.900000000001
12896,OA-VUMa5,5312.0
108307,T4b,5312.3
10226,OA-AL2i3,5312.6
10825,OA-AL2i3,5312.6
36252,Mi1,5312.6
36540,Mi1,5312.6
10652,OA-AL2i4,5313.1
34356,Mi1,5313.2
10016,HSE,5313.3
10110,OA-VUMa1,5313.3
35498,Mi1,5313.400000000001
110646,T4b,5313.400000000001
83365,T2a,5313.5
11608,OA-VUMa2,5314.0
11921,OA-VPM4,5314.4
34849,Mi1,5314.500000000001
35017,Mi1,5314.7
100867,T4b,5314.8
34057,Mi1,5315.0
10025,H2,5315.3
94624,T4a,5315.5
79257,Tm3,5315.599999999999
10037,VS,5315.700000000001
10555,OA-VUMa3,5315.700000000001
10204,OA-AL2i2,5315.9
12109,OA-VUMa2,5315.9
10175,OA-VUMa6,5316.0
11005,OA-VUMa4,5316.0
66808,Tm3,5316.0
92996,T4a,5316.0
10120,OA-VPM4,5316.400000000001
10041,OA-VUMa1,5316.400000000001
55976,Mi1,5316.8
10799,OA-VUMa4,5316.900000000001
102791,T4c,5316.900000000001
108349,T4d,5317.0
54087,Mi1,5317.3
77383,T2a,5317.4
69597,Tm3,5317.8
59397,Mi1,5317.8
101772,Tm3,5317.9
10072,OA-AL2i1,5318.1
11602,OA-ASM1,5318.2
51122,Mi1,5318.3
10011,OA-AL2i1,5318.5
10080,OA-VUMa3,5318.8
51231,TmY3,5319.0
34189,Mi1,5319.0
42119,Mi1,5319.1
53065,Mi1,5319.1
10265,OA-AL2i2,5319.1
12688,OA-ASM1,5319.2
10687,OA-AL2i3,5319.900000000001
33655,Mi1,5320.1
10168,OA-VUMa6,5320.400000000001
10658,OA-AL2i3,5320.400000000001
33462,Mi1,5320.5
91444,T4c,5320.700000000001
11264,OA-ASM1,5320.700000000001
10677,OA-AL2i4,5321.1
91469,T4c,5321.1
47368,TmY3,5321.3
65671,Mi1,5321.3
10322,OA-AL2i2,5321.400000000001
287884,OA-VPM3,5321.8
12896,OA-VUMa5,5321.900000000001
56564,Mi1,5322.0
35836,Mi1,5322.6
37000,Mi1,5322.900000000001
10269,OA-AL2i2,5323.0
33907,Mi1,5323.2
10187,OA-VPM3,5323.3
35770,Mi1,5323.599999999999
83979,T4a,5323.599999999999
90465,T4a,5323.8
34479,Mi1,5323.9
286259,OA-ASM1,5323.9
116716,T4b,5324.1
10185,OA-VUMa8,5324.2
85126,T4a,5324.3
10226,OA-AL2i3,5324.400000000001
10110,OA-VUMa1,5325.0
104257,T4b,5325.099999999999
35405,Mi1,5325.5
10825,OA-AL2i3,5325.6
11608,OA-VUMa2,5326.0
35840,Mi1,5326.0
10652,OA-AL2i4,5326.299999999999
94305,T4a,5326.5
12109,OA-VUMa2,5326.8
76524,Tm3,5326.8
95883,T4a,5326.8
34356,Mi1,5326.9
10041,OA-VUMa1,5327.3
10175,OA-VUMa6,5327.3
11005,OA-VUMa4,5327.3
35498,Mi1,5327.3
95364,T4d,5327.4
91806,T4a,5327.500000000001
10072,OA-AL2i1,5327.7
36252,Mi1,5327.7
87424,T4d,5327.8
35017,Mi1,5327.900000000001
10120,OA-VPM4,5328.1
52328,TmY3,5328.1
10555,OA-VUMa3,5328.6
34849,Mi1,5328.700000000001
34057,Mi1,5328.700000000001
10204,OA-AL2i2,5328.9
11921,OA-VPM4,5328.9
90049,T4c,5328.9
69380,Tm3,5329.400000000001
55976,Mi1,5329.900000000001
10799,OA-VUMa4,5330.0
92706,T4a,5330.0
114391,T4d,5330.099999999999
79345,T2a,5330.3
10080,OA-VUMa3,5330.7
11602,OA-ASM1,5330.900000000001
12688,OA-ASM1,5330.900000000001
92431,T4a,5330.900000000001
10015,HSN,5331.0
10687,OA-AL2i3,5331.1
109598,T4b,5331.1
99663,T4c,5331.2
98381,T4d,5331.2
10011,OA-AL2i1,5331.2
10658,OA-AL2i3,5331.2
10265,OA-AL2i2,5331.400000000001
51122,Mi1,5332.1
97675,T4c,5332.1
92047,T4c,5332.400000000001
12896,OA-VUMa5,5332.5
106952,T4b,5332.6
10168,OA-VUMa6,5332.8
95822,T4b,5332.8
50333,TmY3,5332.900000000001
71052,T2a,5332.900000000001
89434,T4c,5332.900000000001
53065,Mi1,5333.0
10322,OA-AL2i2,5333.099999999999
10677,OA-AL2i4,5333.099999999999
42119,Mi1,5333.5
34189,Mi1,5333.8
36540,Mi1,5334.0
74023,T2a,5334.2
10112,VS,5334.400000000001
11264,OA-ASM1,5334.8
33462,Mi1,5335.1
287884,OA-VPM3,5335.200000000001
10269,OA-AL2i2,5335.500000000001
10187,OA-VPM3,5335.7
10226,OA-AL2i3,5335.7
10110,OA-VUMa1,5335.8
56564,Mi1,5335.8
10185,OA-VUMa8,5335.900000000001
33907,Mi1,5336.1
65671,Mi1,5336.1
66808,Tm3,5336.1
10025,H2,5336.3
92114,T4c,5336.9
10825,OA-AL2i3,5336.9
11608,OA-VUMa2,5337.000000000001
93566,T4a,5337.1
54087,Mi1,5337.5
286259,OA-ASM1,5337.5
37000,Mi1,5337.6
97899,T4a,5337.6
35836,Mi1,5337.8
35405,Mi1,5338.200000000001
34479,Mi1,5338.4
10041,OA-VUMa1,5338.500000000001
33655,Mi1,5338.500000000001
12109,OA-VUMa2,5338.6
59397,Mi1,5338.7
10072,OA-AL2i1,5338.8
88625,T4c,5338.8
35770,Mi1,5338.900000000001
11005,OA-VUMa4,5339.0
10652,OA-AL2i4,5339.1
98985,T4c,5339.3
10175,OA-VUMa6,5339.400000000001
105698,T4c,5339.8
92842,T4a,5340.0
35498,Mi1,5340.2
83365,T2a,5340.2
34356,Mi1,5340.5
35840,Mi1,5340.5
10120,OA-VPM4,5340.5
54885,TmY3,5341.0
10555,OA-VUMa3,5341.200000000001
35017,Mi1,5341.3
95458,T4d,5341.6
36252,Mi1,5342.1
34057,Mi1,5342.2
10204,OA-AL2i2,5342.2
34849,Mi1,5342.2
10658,OA-AL2i3,5342.599999999999
96295,T4b,5342.8
11921,OA-VPM4,5342.900000000001
97249,T4d,5343.0
10799,OA-VUMa4,5343.1
10080,OA-VUMa3,5343.3
10687,OA-AL2i3,5343.500000000001
12896,OA-VUMa5,5343.6
55976,Mi1,5344.0
101772,Tm3,5344.1
10011,OA-AL2i1,5344.1
12688,OA-ASM1,5344.1
10265,OA-AL2i2,5344.2
11602,OA-ASM1,5344.3
66325,Tm3,5344.6
98788,T4d,5344.6
10322,OA-AL2i2,5345.2
98887,T4b,5345.6
10677,OA-AL2i4,5345.7
10168,OA-VUMa6,5345.8
102791,T4c,5345.900000000001
98099,T4b,5346.200000000001
74228,Tm3,5346.6
10110,OA-VUMa1,5346.7
107442,T4d,5346.8
53065,Mi1,5347.0
100867,T4b,5347.2
61401,T2a,5347.2
51122,Mi1,5347.2
10226,OA-AL2i3,5347.3
42119,Mi1,5347.3
287884,OA-VPM3,5347.3
10269,OA-AL2i2,5347.400000000001
11264,OA-ASM1,5347.599999999999
97231,T4a,5347.8
118924,Tm3,5347.9
34189,Mi1,5348.2
11608,OA-VUMa2,5348.6
10187,OA-VPM3,5348.8
69597,Tm3,5349.0
10037,VS,5349.099999999999
10041,OA-VUMa1,5349.099999999999
33462,Mi1,5349.099999999999
33907,Mi1,5349.4
10185,OA-VUMa8,5349.5
10825,OA-AL2i3,5349.7
91469,T4c,5349.8
11005,OA-VUMa4,5350.0
10072,OA-AL2i1,5350.400000000001
10175,OA-VUMa6,5350.700000000001
99922,T4c,5350.8
36540,Mi1,5350.900000000001
65671,Mi1,5351.1
56564,Mi1,5351.200000000001
12109,OA-VUMa2,5351.3
286259,OA-ASM1,5351.7
10652,OA-AL2i4,5351.8
10120,OA-VPM4,5351.900000000001
35836,Mi1,5351.900000000001
35405,Mi1,5352.0
110646,T4b,5352.0
76325,T2a,5352.1
37000,Mi1,5352.2
73828,Tm3,5352.3
54087,Mi1,5353.000000000001
34356,Mi1,5353.7
10658,OA-AL2i3,5353.8
35498,Mi1,5354.0
103479,T4c,5354.099999999999
34479,Mi1,5354.200000000001
35840,Mi1,5354.3
98381,T4d,5354.3
12896,OA-VUMa5,5354.4
35770,Mi1,5354.5
75848,T2a,5354.6
94305,T4a,5354.7
10555,OA-VUMa3,5354.8
77383,T2a,5354.900000000001
10799,OA-VUMa4,5355.0
104257,T4b,5355.0
10204,OA-AL2i2,5355.400000000001
10687,OA-AL2i3,5355.5
10011,OA-AL2i1,5355.700000000001
35017,Mi1,5355.700000000001
10265,OA-AL2i2,5356.2
34849,Mi1,5356.2
101873,T4b,5356.2
94624,T4a,5356.3
10080,OA-VUMa3,5356.5
108307,T4b,5356.5
36252,Mi1,5356.6
12688,OA-ASM1,5356.6
10110,OA-VUMa1,5357.0
10168,OA-VUMa6,5357.099999999999
10322,OA-AL2i2,5357.099999999999
34057,Mi1,5357.099999999999
92706,T4a,5357.3
33655,Mi1,5357.4
92939,T4b,5357.4
66808,Tm3,5357.6
92431,T4a,5357.8
11921,OA-VPM4,5357.8
47368,TmY3,5358.1
59397,Mi1,5358.1
102016,T4a,5358.1
10226,OA-AL2i3,5358.2
11602,OA-ASM1,5358.3
50333,TmY3,5358.3
99663,T4c,5358.400000000001
10677,OA-AL2i4,5358.5
45005,TmY3,5358.6
10025,H2,5358.8
91444,T4c,5358.8
66214,T2a,5358.900000000001
55976,Mi1,5359.1
10269,OA-AL2i2,5359.200000000001
34369,Mi1,5359.4
90049,T4c,5359.500000000001
112744,T4d,5359.6
91806,T4a,5359.7
10041,OA-VUMa1,5359.8
11608,OA-VUMa2,5359.8
95883,T4a,5359.8
287884,OA-VPM3,5360.400000000001
92047,T4c,5360.8
42119,Mi1,5360.9
11264,OA-ASM1,5361.000000000001
51122,Mi1,5361.3
10072,OA-AL2i1,5361.5
53065,Mi1,5361.6
10825,OA-AL2i3,5361.8
51231,TmY3,5361.900000000001
93750,T4c,5361.900000000001
37948,Mi1,5362.200000000001
10015,HSN,5362.3
10185,OA-VUMa8,5362.3
108349,T4d,5362.3
11005,OA-VUMa4,5362.5
10187,OA-VPM3,5362.6
10175,OA-VUMa6,5362.900000000001
12109,OA-VUMa2,5363.400000000001
34189,Mi1,5363.400000000001
33462,Mi1,5363.5
74023,T2a,5363.5
97899,T4a,5363.5
10120,OA-VPM4,5363.599999999999
92114,T4c,5363.9
10016,HSE,5363.9
101772,Tm3,5364.0
10652,OA-AL2i4,5364.1
83979,T4a,5364.1
92996,T4a,5364.1
38767,Mi1,5364.4
65671,Mi1,5364.4
33907,Mi1,5364.6
109142,T4b,5364.8
56564,Mi1,5364.8
109536,T4d,5365.099999999999
37000,Mi1,5365.3
10658,OA-AL2i3,5365.4
286259,OA-ASM1,5365.5
12896,OA-VUMa5,5366.0
71052,T2a,5366.1
532850,Tm3,5366.2
90465,T4a,5366.3
63420,Mi1,5366.400000000001
35405,Mi1,5366.700000000001
98985,T4c,5366.700000000001
83365,T2a,5366.8
35836,Mi1,5367.3
36540,Mi1,5367.3
34356,Mi1,5367.7
10011,OA-AL2i1,5367.8
10110,OA-VUMa1,5367.8
10799,OA-VUMa4,5367.8
10204,OA-AL2i2,5367.900000000001
10687,OA-AL2i3,5367.900000000001
35498,Mi1,5368.1
10168,OA-VUMa6,5368.5
10322,OA-AL2i2,5368.5
10555,OA-VUMa3,5368.5
34479,Mi1,5368.8
35840,Mi1,5368.9
54087,Mi1,5369.1
35770,Mi1,5369.1
10226,OA-AL2i3,5369.400000000001
10265,OA-AL2i2,5369.400000000001
12688,OA-ASM1,5369.5
85126,T4a,5369.7
10080,OA-VUMa3,5369.8
52328,TmY3,5369.8
35017,Mi1,5370.099999999999
34057,Mi1,5370.200000000001
36252,Mi1,5370.200000000001
34849,Mi1,5370.5
10041,OA-VUMa1,5370.7
10072,OA-AL2i1,5370.7
11608,OA-VUMa2,5370.900000000001
10269,OA-AL2i2,5371.0
11921,OA-VPM4,5371.0
105718,T4b,5371.0
97675,T4c,5371.5
11602,OA-ASM1,5371.5
10015,HSN,5371.700000000001
89434,T4c,5371.700000000001
10677,OA-AL2i4,5372.1
55976,Mi1,5372.2
100867,T4b,5372.3
95458,T4d,5372.5
69380,Tm3,5373.099999999999
93566,T4a,5373.200000000001
10825,OA-AL2i3,5373.3
106952,T4b,5373.4
131823,Tm3,5373.5
11005,OA-VUMa4,5373.7
59397,Mi1,5373.7
287884,OA-VPM3,5373.8
33655,Mi1,5374.0
42119,Mi1,5374.2
10175,OA-VUMa6,5374.3
114391,T4d,5374.5
51122,Mi1,5374.5
97028,T4c,5374.5
10185,OA-VUMa8,5374.900000000001
11264,OA-ASM1,5374.900000000001
12109,OA-VUMa2,5374.900000000001
10120,OA-VPM4,5375.8
53065,Mi1,5376.0
91469,T4c,5376.2
10187,OA-VPM3,5376.700000000001
95883,T4a,5377.000000000001
10658,OA-AL2i3,5377.1
12896,OA-VUMa5,5377.8
34189,Mi1,5377.8
10112,VS,5378.099999999999
99423,T4d,5378.099999999999
10652,OA-AL2i4,5378.200000000001
33462,Mi1,5378.3
98887,T4b,5378.5
10110,OA-VUMa1,5378.5
37000,Mi1,5379.1
98788,T4d,5379.2
286259,OA-ASM1,5379.3
33907,Mi1,5379.599999999999
65671,Mi1,5379.599999999999
56564,Mi1,5380.0
10011,OA-AL2i1,5380.2
10204,OA-AL2i2,5380.4
10799,OA-VUMa4,5380.5
10072,OA-AL2i1,5380.6
99922,T4c,5380.7
10168,OA-VUMa6,5381.0
10322,OA-AL2i2,5381.0
73096,T2a,5381.0
10687,OA-AL2i3,5381.200000000001
34356,Mi1,5381.3
34369,Mi1,5381.3
10226,OA-AL2i3,5381.4
10041,OA-VUMa1,5381.4
35405,Mi1,5381.7
10265,OA-AL2i2,5381.8
35770,Mi1,5382.0
35836,Mi1,5382.0
36540,Mi1,5382.0
10555,OA-VUMa3,5382.1
11608,OA-VUMa2,5382.2
37948,Mi1,5382.5
36252,Mi1,5382.8
35498,Mi1,5382.900000000001
88625,T4c,5382.900000000001
12688,OA-ASM1,5383.1
34479,Mi1,5383.200000000001
54087,Mi1,5383.200000000001
106793,T4d,5383.3
10080,OA-VUMa3,5383.500000000001
10269,OA-AL2i2,5383.6
102791,T4c,5383.7
34057,Mi1,5383.900000000001
94305,T4a,5384.0
35840,Mi1,5384.1
110646,T4b,5384.2
34849,Mi1,5384.400000000001
11921,OA-VPM4,5384.5
10677,OA-AL2i4,5384.599999999999
98381,T4d,5384.599999999999
91283,T4c,5385.000000000001
11005,OA-VUMa4,5385.1
10825,OA-AL2i3,5385.2
94624,T4a,5385.2
35017,Mi1,5385.400000000001
287884,OA-VPM3,5385.5
10037,VS,5385.6
10175,OA-VUMa6,5385.7
12109,OA-VUMa2,5385.8
38767,Mi1,5386.0
11602,OA-ASM1,5386.0
80302,T2a,5386.099999999999
92047,T4c,5386.099999999999
55976,Mi1,5386.200000000001
66808,Tm3,5386.4
97872,T4d,5386.6
107442,T4d,5386.6
69597,Tm3,5386.900000000001
99663,T4c,5386.900000000001
104257,T4b,5387.0
75521,T2a,5387.0
98099,T4b,5387.1
10185,OA-VUMa8,5387.2
63420,Mi1,5387.2
77383,T2a,5387.2
92706,T4a,5387.2
92431,T4a,5387.400000000001
95822,T4b,5387.400000000001
76524,Tm3,5387.5
75848,T2a,5387.5
42119,Mi1,5387.599999999999
10120,OA-VPM4,5387.700000000001
59397,Mi1,5388.0
11264,OA-ASM1,5388.4
91806,T4a,5388.4
10658,OA-AL2i3,5388.6
33655,Mi1,5388.8
101772,Tm3,5388.8
10187,OA-VPM3,5388.900000000001
96295,T4b,5388.900000000001
10025,H2,5389.3
50333,TmY3,5389.3
51122,Mi1,5389.5
10110,OA-VUMa1,5389.6
47368,TmY3,5389.6
12896,OA-VUMa5,5389.7
10072,OA-AL2i1,5390.3
97899,T4a,5390.5
10652,OA-AL2i4,5390.7
116129,T4b,5390.8
97231,T4a,5391.0
34189,Mi1,5391.1
53065,Mi1,5391.1
109598,T4b,5391.1
92842,T4a,5391.3
10011,OA-AL2i1,5391.7
10322,OA-AL2i2,5391.8
10041,OA-VUMa1,5392.5
286259,OA-ASM1,5392.599999999999
10168,OA-VUMa6,5392.8
10799,OA-VUMa4,5392.9
10226,OA-AL2i3,5393.000000000001
33462,Mi1,5393.1
37000,Mi1,5393.3
33907,Mi1,5393.3
92114,T4c,5393.400000000001
73828,Tm3,5393.5
65671,Mi1,5393.6
10204,OA-AL2i2,5393.7
10015,HSN,5393.8
11608,OA-VUMa2,5394.0
118924,Tm3,5394.0
10687,OA-AL2i3,5394.099999999999
56564,Mi1,5394.099999999999
74373,Tm3,5394.099999999999
83979,T4a,5394.200000000001
10265,OA-AL2i2,5394.5
10555,OA-VUMa3,5394.6
10269,OA-AL2i2,5394.7
12688,OA-ASM1,5394.900000000001
35836,Mi1,5395.1
103479,T4c,5395.1
34356,Mi1,5395.1
35405,Mi1,5395.1
10080,OA-VUMa3,5396.1
104858,T4b,5396.1
36252,Mi1,5396.2
35770,Mi1,5396.5
74023,T2a,5396.5
91469,T4c,5396.7
11005,OA-VUMa4,5396.799999999999
10825,OA-AL2i3,5396.900000000001
10016,HSE,5396.900000000001
36540,Mi1,5397.0
10677,OA-AL2i4,5397.099999999999
35498,Mi1,5397.3
10175,OA-VUMa6,5397.4
34479,Mi1,5397.4
12109,OA-VUMa2,5397.5
79345,T2a,5397.5
95364,T4d,5397.6
34057,Mi1,5397.6
35840,Mi1,5397.6
83365,T2a,5397.700000000001
287884,OA-VPM3,5397.700000000001
79257,Tm3,5397.8
54087,Mi1,5398.000000000001
11602,OA-ASM1,5398.1
105698,T4c,5398.2
108307,T4b,5398.400000000001
11921,OA-VPM4,5398.400000000001
35017,Mi1,5398.5
97249,T4d,5398.6
109142,T4b,5398.6
34369,Mi1,5398.7
98985,T4c,5398.7
90049,T4c,5399.0
37948,Mi1,5399.200000000001
66325,Tm3,5399.500000000001
95458,T4d,5399.6
34849,Mi1,5399.6
10120,OA-VPM4,5399.6
10185,OA-VUMa8,5399.7
54885,TmY3,5399.7
87424,T4d,5399.7
10072,OA-AL2i1,5399.8
10110,OA-VUMa1,5399.8
100867,T4b,5399.900000000001
78805,T2a,5400.400000000001
92996,T4a,5400.5
10658,OA-AL2i3,5400.5
52328,TmY3,5400.5
66214,T2a,5400.599999999999
92939,T4b,5400.700000000001
55976,Mi1,5400.8
11264,OA-ASM1,5400.9
10187,OA-VPM3,5401.1
95883,T4a,5401.2
12896,OA-VUMa5,5401.3
69380,Tm3,5401.6
42119,Mi1,5401.7
45005,TmY3,5401.8
51122,Mi1,5402.099999999999
63420,Mi1,5402.3
59397,Mi1,5402.4
91444,T4c,5402.4
71052,T2a,5402.5
97675,T4c,5402.5
38767,Mi1,5402.5
76325,T2a,5402.6
95005,T4a,5402.6
34862,Mi1,5402.7
39158,Mi1,5402.7
34045,Mi1,5402.8
10025,H2,5402.8
10041,OA-VUMa1,5402.8
33446,Mi1,5402.8
10322,OA-AL2i2,5403.1
10011,OA-AL2i1,5403.1
33655,Mi1,5403.5
66808,Tm3,5403.599999999999
10652,OA-AL2i4,5403.8
51231,TmY3,5403.8
10168,OA-VUMa6,5404.0
53065,Mi1,5404.2
89434,T4c,5404.4
103022,T4a,5404.5
106952,T4b,5404.6
10226,OA-AL2i3,5404.7
100680,T4d,5404.7
98788,T4d,5404.900000000001
532850,Tm3,5404.900000000001
99922,T4c,5405.0
34189,Mi1,5405.099999999999
11608,OA-VUMa2,5405.3
41809,Mi1,5405.8
10799,OA-VUMa4,5405.8
74228,Tm3,5405.9
10687,OA-AL2i3,5406.000000000001
37019,Mi1,5406.000000000001
10269,OA-AL2i2,5406.1
77480,Tm3,5406.2
10204,OA-AL2i2,5406.3
93750,T4c,5406.400000000001
33907,Mi1,5406.6
286259,OA-ASM1,5406.8
37000,Mi1,5407.1
10265,OA-AL2i2,5407.200000000001
38479,Mi1,5407.200000000001
32893,Mi1,5407.3
10112,VS,5407.4
12688,OA-ASM1,5407.4
33462,Mi1,5407.500000000001
112744,T4d,5407.500000000001
90465,T4a,5407.8
10555,OA-VUMa3,5407.900000000001
103639,T4d,5408.0
12109,OA-VUMa2,5408.1
65671,Mi1,5408.1
10175,OA-VUMa6,5408.2
10037,VS,5408.3
34356,Mi1,5408.3
56564,Mi1,5408.400000000001
71161,T2a,5408.5
11005,OA-VUMa4,5408.5
50333,TmY3,5408.599999999999
35405,Mi1,5408.700000000001
116716,T4b,5408.700000000001
10072,OA-AL2i1,5409.000000000001
10825,OA-AL2i3,5409.000000000001
36252,Mi1,5409.000000000001
98381,T4d,5409.000000000001
101772,Tm3,5409.1
10080,OA-VUMa3,5409.1
89290,T4d,5409.1
98887,T4b,5409.6
35836,Mi1,5409.900000000001
104257,T4b,5410.0
35770,Mi1,5410.200000000001
34057,Mi1,5410.4
92047,T4c,5410.4
287884,OA-VPM3,5410.6
93566,T4a,5410.6
10110,OA-VUMa1,5410.7
94624,T4a,5410.7
10015,HSN,5410.8
102791,T4c,5410.8
35498,Mi1,5411.2
94305,T4a,5411.2
10677,OA-AL2i4,5411.2
110646,T4b,5411.3
34849,Mi1,5411.5
34479,Mi1,5411.599999999999
35840,Mi1,5411.700000000001
10120,OA-VPM4,5411.8
10658,OA-AL2i3,5411.8
79271,T4a,5411.8
11602,OA-ASM1,5411.9
10185,OA-VUMa8,5412.0
54087,Mi1,5412.4
12896,OA-VUMa5,5412.5
11921,OA-VPM4,5412.6
36540,Mi1,5412.6
82145,T2a,5412.6
98300,T4a,5412.6
101873,T4b,5412.799999999999
89368,T4c,5413.0
10041,OA-VUMa1,5413.200000000001
88625,T4c,5413.400000000001
61401,T2a,5413.5
91806,T4a,5413.700000000001
35017,Mi1,5413.8
10322,OA-AL2i2,5413.9
92706,T4a,5413.9
105718,T4b,5413.9
11264,OA-ASM1,5414.000000000001
62272,T2,5414.000000000001
69597,Tm3,5414.000000000001
88951,Tm3,5414.1
37948,Mi1,5414.1
108349,T4d,5414.2
10011,OA-AL2i1,5414.400000000001
34369,Mi1,5414.400000000001
10025,H2,5414.5
10187,OA-VPM3,5414.5
47368,TmY3,5414.5
92114,T4c,5414.6
99663,T4c,5414.8
91283,T4c,5414.8
10016,HSE,5414.900000000001
98099,T4b,5414.900000000001
55976,Mi1,5415.0
96295,T4b,5415.1
10168,OA-VUMa6,5415.3
101043,T4c,5415.3
42119,Mi1,5415.500000000001
95883,T4a,5415.6
92431,T4a,5415.8
10226,OA-AL2i3,5415.900000000001
73807,Tm3,5415.900000000001
97899,T4a,5415.900000000001
47962,TmY3,5416.0
85126,T4a,5416.2
10023,HSS,5416.400000000001
51122,Mi1,5416.599999999999
59397,Mi1,5416.700000000001
77383,T2a,5416.8
10652,OA-AL2i4,5416.9
11608,OA-VUMa2,5417.1
122308,Tm3,5417.1
33655,Mi1,5417.2
10687,OA-AL2i3,5417.5
10269,OA-AL2i2,5417.900000000001
38767,Mi1,5418.4
10799,OA-VUMa4,5418.5
34189,Mi1,5418.6
10112,VS,5418.7
10175,OA-VUMa6,5418.9
91469,T4c,5418.9
10204,OA-AL2i2,5419.0
12688,OA-ASM1,5419.0
63420,Mi1,5419.0
53065,Mi1,5419.3
83979,T4a,5419.400000000001
107442,T4d,5419.400000000001
69793,T2a,5419.400000000001
109536,T4d,5419.700000000001
12109,OA-VUMa2,5419.8
97231,T4a,5419.8
66808,Tm3,5419.9
101215,T4c,5419.9
73096,T2a,5420.3
10555,OA-VUMa3,5420.4
95681,T4a,5420.5
10825,OA-AL2i3,5420.5
37000,Mi1,5420.5
33907,Mi1,5420.6
10265,OA-AL2i2,5420.7
11005,OA-VUMa4,5420.7
10015,HSN,5420.900000000001
10072,OA-AL2i1,5420.900000000001
286259,OA-ASM1,5421.0
10110,OA-VUMa1,5421.1
74023,T2a,5421.3
34862,Mi1,5421.5
10080,OA-VUMa3,5421.6
34356,Mi1,5421.8
35405,Mi1,5421.8
33462,Mi1,5422.000000000001
64579,T2,5422.000000000001
33446,Mi1,5422.2
56564,Mi1,5422.3
95453,T4a,5422.7
287884,OA-VPM3,5422.900000000001
10658,OA-AL2i3,5423.200000000001
39158,Mi1,5423.3
34045,Mi1,5423.4
36252,Mi1,5423.4
65671,Mi1,5423.4
11602,OA-ASM1,5423.7
35836,Mi1,5423.900000000001
10677,OA-AL2i4,5423.900000000001
10120,OA-VPM4,5423.900000000001
10041,OA-VUMa1,5423.900000000001
34057,Mi1,5424.0
35770,Mi1,5424.0
34849,Mi1,5424.3
10322,OA-AL2i2,5424.5
35498,Mi1,5424.599999999999
12896,OA-VUMa5,5424.700000000001
10185,OA-VUMa8,5424.8
10016,HSE,5424.9
83365,T2a,5424.9
34479,Mi1,5425.1
95822,T4b,5425.1
37019,Mi1,5425.400000000001
82507,T2a,5425.7
10011,OA-AL2i1,5425.8
101383,T4b,5426.4
35840,Mi1,5426.6
11921,OA-VPM4,5426.7
41809,Mi1,5426.7
10226,OA-AL2i3,5426.8
10168,OA-VUMa6,5427.1
36540,Mi1,5427.1
54087,Mi1,5427.2
90049,T4c,5427.2
114391,T4d,5427.5
109142,T4b,5427.5
32893,Mi1,5427.5
10187,OA-VPM3,5427.599999999999
11264,OA-ASM1,5427.599999999999
91444,T4c,5427.599999999999
35017,Mi1,5427.700000000001
37948,Mi1,5427.700000000001
118924,Tm3,5427.9
55976,Mi1,5428.0
71052,T2a,5428.0
11608,OA-VUMa2,5428.0
73828,Tm3,5428.1
75521,T2a,5428.1
75848,T2a,5428.1
69380,Tm3,5428.3
94305,T4a,5428.3
10687,OA-AL2i3,5428.4
99423,T4d,5428.7
34369,Mi1,5429.200000000001
10269,OA-AL2i2,5429.200000000001
42119,Mi1,5429.400000000001
10799,OA-VUMa4,5429.5
38479,Mi1,5429.5
50333,TmY3,5429.5
89434,T4c,5429.6
101772,Tm3,5430.000000000001
10652,OA-AL2i4,5430.2
10175,OA-VUMa6,5430.5
98985,T4c,5430.6
100867,T4b,5430.7
117662,T4d,5430.7
78561,Tm3,5430.8
92047,T4c,5431.099999999999
10204,OA-AL2i2,5431.200000000001
11005,OA-VUMa4,5431.200000000001
86686,T4c,5431.3
92842,T4a,5431.3
12109,OA-VUMa2,5431.4
51122,Mi1,5431.4
33655,Mi1,5431.7
59397,Mi1,5431.7
117627,Tm3,5431.900000000001
10110,OA-VUMa1,5432.0
116129,T4b,5432.0
102462,T4c,5432.1
51231,TmY3,5432.2
10025,H2,5432.2
67719,T2a,5432.3
10825,OA-AL2i3,5432.400000000001
12688,OA-ASM1,5432.400000000001
100787,T4b,5432.400000000001
10555,OA-VUMa3,5432.5
109631,T4b,5432.700000000001
38767,Mi1,5432.9
109598,T4b,5432.9
10072,OA-AL2i1,5433.1
53065,Mi1,5433.1
10080,OA-VUMa3,5433.6
97028,T4c,5433.6
63420,Mi1,5433.7
92939,T4b,5433.8
34189,Mi1,5433.900000000001
37000,Mi1,5433.900000000001
95883,T4a,5434.099999999999
10041,OA-VUMa1,5434.200000000001
286259,OA-ASM1,5434.200000000001
10658,OA-AL2i3,5434.5
104008,T4b,5434.5
10265,OA-AL2i2,5434.9
34356,Mi1,5435.0
287884,OA-VPM3,5435.2
71773,T2a,5435.3
99922,T4c,5435.5
35405,Mi1,5435.599999999999
91469,T4c,5435.599999999999
33907,Mi1,5435.700000000001
10322,OA-AL2i2,5435.8
11602,OA-ASM1,5435.8
33462,Mi1,5435.8
10677,OA-AL2i4,5436.1
104858,T4b,5436.1
10011,OA-AL2i1,5436.2
12896,OA-VUMa5,5436.3
56564,Mi1,5436.3
47368,TmY3,5436.4
10120,OA-VPM4,5436.5
98788,T4d,5436.6
34057,Mi1,5437.1
36252,Mi1,5437.200000000001
35498,Mi1,5437.400000000001
10185,OA-VUMa8,5437.400000000001
97675,T4c,5437.5
104257,T4b,5437.6
95005,T4a,5437.700000000001
39158,Mi1,5437.8
65671,Mi1,5437.8
94624,T4a,5438.000000000001
52328,TmY3,5438.000000000001
34862,Mi1,5438.1
35770,Mi1,5438.2
34479,Mi1,5438.3
34849,Mi1,5438.5
35836,Mi1,5438.5
79257,Tm3,5438.8
10226,OA-AL2i3,5438.900000000001
110646,T4b,5438.900000000001
33446,Mi1,5439.099999999999
103479,T4c,5439.200000000001
95458,T4d,5439.200000000001
10168,OA-VUMa6,5439.4
96295,T4b,5439.6
108307,T4b,5439.8
11608,OA-VUMa2,5440.0
66808,Tm3,5440.0
34045,Mi1,5440.2
10687,OA-AL2i3,5440.2
10187,OA-VPM3,5440.3
102791,T4c,5440.400000000001
11921,OA-VPM4,5440.400000000001
76524,Tm3,5440.599999999999
92706,T4a,5440.599999999999
35017,Mi1,5440.700000000001
10269,OA-AL2i2,5440.8
66214,T2a,5440.8
97899,T4a,5441.0
80302,T2a,5441.2
92996,T4a,5441.3
45005,TmY3,5441.3
11264,OA-ASM1,5441.400000000001
35840,Mi1,5441.400000000001
37019,Mi1,5441.400000000001
54087,Mi1,5441.400000000001
99663,T4c,5441.400000000001
93566,T4a,5441.7
93750,T4c,5441.7
97872,T4d,5441.8
79345,T2a,5441.8
10799,OA-VUMa4,5441.8
36540,Mi1,5441.8
73284,T2a,5441.8
92431,T4a,5442.099999999999
69597,Tm3,5442.200000000001
79271,T4a,5442.200000000001
97249,T4d,5442.200000000001
10652,OA-AL2i4,5442.3
37948,Mi1,5442.3
105698,T4c,5442.3
10025,H2,5442.4
91806,T4a,5442.4
92114,T4c,5442.4
98887,T4b,5442.4
10072,OA-AL2i1,5442.5
12109,OA-VUMa2,5442.6
98381,T4d,5442.7
32893,Mi1,5442.7
34369,Mi1,5442.8
54885,TmY3,5442.8
105718,T4b,5442.8
10110,OA-VUMa1,5442.9
10175,OA-VUMa6,5443.0
88625,T4c,5443.0
41809,Mi1,5443.3
55976,Mi1,5443.3
82639,T2a,5443.400000000001
11005,OA-VUMa4,5443.8
112744,T4d,5443.9
10015,HSN,5444.1
42119,Mi1,5444.1
106952,T4b,5444.1
10825,OA-AL2i3,5444.2
77383,T2a,5444.2
10037,VS,5444.6
98099,T4b,5444.900000000001
10204,OA-AL2i2,5445.0
12688,OA-ASM1,5445.0
10041,OA-VUMa1,5445.1
10755,H1,5445.1
21336,LC4,5445.1
51122,Mi1,5445.1
10112,VS,5445.400000000001
10658,OA-AL2i3,5445.8
10016,HSE,5445.8
10555,OA-VUMa3,5445.8
33655,Mi1,5445.9
38479,Mi1,5445.9
61659,Tm3,5446.1
10322,OA-AL2i2,5446.3
59397,Mi1,5446.5
68522,T2a,5446.900000000001
38767,Mi1,5447.0
10265,OA-AL2i2,5447.099999999999
101005,T4d,5447.099999999999
10080,OA-VUMa3,5447.099999999999
74023,T2a,5447.6
12896,OA-VUMa5,5447.6
34189,Mi1,5447.7
287884,OA-VPM3,5447.7
10677,OA-AL2i4,5448.0
11602,OA-ASM1,5448.0
34356,Mi1,5448.0
286259,OA-ASM1,5448.1
37000,Mi1,5448.2
83979,T4a,5448.400000000001
63420,Mi1,5448.5
53065,Mi1,5448.599999999999
97231,T4a,5448.700000000001
101772,Tm3,5448.700000000001
10120,OA-VPM4,5449.2
101215,T4c,5449.2
10185,OA-VUMa8,5449.3
99628,T4b,5449.3
34057,Mi1,5449.5
33907,Mi1,5449.6
10011,OA-AL2i1,5449.6
74373,Tm3,5449.7
35405,Mi1,5449.900000000001
95681,T4a,5450.0
10226,OA-AL2i3,5450.200000000001
36252,Mi1,5450.3
10168,OA-VUMa6,5450.6
10269,OA-AL2i2,5450.6
56564,Mi1,5450.6
33462,Mi1,5450.8
65671,Mi1,5450.9
89290,T4d,5450.9
10072,OA-AL2i1,5451.0
34479,Mi1,5451.3
10687,OA-AL2i3,5451.700000000001
89368,T4c,5451.700000000001
90465,T4a,5451.700000000001
35836,Mi1,5451.8
11608,OA-VUMa2,5451.8
34849,Mi1,5452.0
71161,T2a,5452.0
39158,Mi1,5452.1
91469,T4c,5452.1
35498,Mi1,5452.2
10187,OA-VPM3,5452.3
94305,T4a,5452.3
98300,T4a,5452.3
91283,T4c,5452.7
92047,T4c,5452.8
95822,T4b,5452.8
66325,Tm3,5453.1
34862,Mi1,5453.2
109142,T4b,5453.2
35017,Mi1,5453.6
11264,OA-ASM1,5453.9
33446,Mi1,5453.9
12109,OA-VUMa2,5454.000000000001
35770,Mi1,5454.1
10015,HSN,5454.2
10652,OA-AL2i4,5454.400000000001
10110,OA-VUMa1,5454.5
106793,T4d,5454.5
10175,OA-VUMa6,5454.6
107442,T4d,5454.7
103022,T4a,5454.7
10025,H2,5454.7
89434,T4c,5454.7
87424,T4d,5454.8
11005,OA-VUMa4,5454.900000000001
76325,T2a,5454.900000000001
122308,Tm3,5454.900000000001
97171,T4d,5455.0
11921,OA-VPM4,5455.0
131823,Tm3,5455.0
35840,Mi1,5455.099999999999
10799,OA-VUMa4,5455.200000000001
92706,T4a,5455.200000000001
34045,Mi1,5455.500000000001
69380,Tm3,5455.500000000001
83365,T2a,5455.500000000001
100867,T4b,5455.500000000001
10041,OA-VUMa1,5455.6
93972,T4a,5455.6
10825,OA-AL2i3,5455.7
71052,T2a,5455.900000000001
109536,T4d,5455.900000000001
50333,TmY3,5456.0
54087,Mi1,5456.1
95364,T4d,5456.1
62272,T2,5456.2
98985,T4c,5456.2
85126,T4a,5456.3
37948,Mi1,5456.700000000001
10016,HSE,5456.8
10322,OA-AL2i2,5456.8
532850,Tm3,5457.1
10658,OA-AL2i3,5457.2
66808,Tm3,5457.400000000001
95883,T4a,5457.400000000001
61401,T2a,5457.6
55976,Mi1,5457.7
34369,Mi1,5457.8
37019,Mi1,5457.8
10204,OA-AL2i2,5457.900000000001
51122,Mi1,5457.900000000001
85937,Tm3,5457.900000000001
12688,OA-ASM1,5458.0
32893,Mi1,5458.0
10037,VS,5458.099999999999
90049,T4c,5458.3
36540,Mi1,5458.3
10555,OA-VUMa3,5458.4
47368,TmY3,5458.9
74228,Tm3,5458.9
95458,T4d,5458.9
104257,T4b,5458.9
10265,OA-AL2i2,5459.0
42119,Mi1,5459.0
102791,T4c,5459.1
10112,VS,5459.1
12896,OA-VUMa5,5459.400000000001
41809,Mi1,5459.400000000001
287884,OA-VPM3,5459.700000000001
10072,OA-AL2i1,5459.8
38767,Mi1,5460.0
98668,T4a,5460.0
10677,OA-AL2i4,5460.200000000001
90121,T4b,5460.3
286259,OA-ASM1,5460.4
10185,OA-VUMa8,5460.4
92939,T4b,5460.4
59397,Mi1,5460.6
11602,OA-ASM1,5460.8
33655,Mi1,5460.900000000001
10023,HSS,5461.1
10080,OA-VUMa3,5461.2
53065,Mi1,5461.2
91444,T4c,5461.400000000001
10120,OA-VPM4,5461.5
10226,OA-AL2i3,5461.5
34356,Mi1,5461.8
10269,OA-AL2i2,5461.9
83227,Tm3,5462.000000000001
10168,OA-VUMa6,5462.000000000001
97899,T4a,5462.1
10015,HSN,5462.2
38479,Mi1,5462.2
10011,OA-AL2i1,5462.400000000001
10687,OA-AL2i3,5462.6
34189,Mi1,5462.6
98788,T4d,5462.6
34057,Mi1,5462.7
33907,Mi1,5462.900000000001
63420,Mi1,5462.900000000001
35405,Mi1,5463.0
75521,T2a,5463.0
11608,OA-VUMa2,5463.0
92842,T4a,5463.3
37000,Mi1,5463.4
99922,T4c,5463.4
33462,Mi1,5463.6
116716,T4b,5463.900000000001
56564,Mi1,5464.2
51231,TmY3,5464.3
108349,T4d,5464.3
97675,T4c,5464.5
36252,Mi1,5464.599999999999
12109,OA-VUMa2,5464.8
10187,OA-VPM3,5464.9
90423,T4b,5464.9
93566,T4a,5464.9
10110,OA-VUMa1,5465.0
34849,Mi1,5465.0
103639,T4d,5465.1
65671,Mi1,5465.2
35836,Mi1,5465.400000000001
96295,T4b,5465.6
102462,T4c,5465.6
11005,OA-VUMa4,5465.8
10037,VS,5465.900000000001
10175,OA-VUMa6,5466.0
77480,Tm3,5466.0
92431,T4a,5466.0
35498,Mi1,5466.099999999999
34479,Mi1,5466.099999999999
94624,T4a,5466.5
108307,T4b,5466.5
103479,T4c,5466.6
110646,T4b,5466.6
118924,Tm3,5466.8
39158,Mi1,5466.9
10825,OA-AL2i3,5467.0
11264,OA-ASM1,5467.0
73828,Tm3,5467.1
10322,OA-AL2i2,5467.1
10041,OA-VUMa1,5467.2
10652,OA-AL2i4,5467.2
98381,T4d,5467.299999999999
35017,Mi1,5467.400000000001
101873,T4b,5467.400000000001
92114,T4c,5467.5
75848,T2a,5467.599999999999
33446,Mi1,5467.599999999999
10799,OA-VUMa4,5467.700000000001
52328,TmY3,5467.700000000001
99423,T4d,5467.700000000001
54885,TmY3,5467.8
10658,OA-AL2i3,5467.9
74023,T2a,5467.9
114391,T4d,5468.0
34862,Mi1,5468.500000000001
91806,T4a,5468.500000000001
99663,T4c,5468.6
35840,Mi1,5468.8
88625,T4c,5468.8
11921,OA-VPM4,5468.900000000001
35770,Mi1,5468.900000000001
93750,T4c,5469.0
10072,OA-AL2i1,5469.1
69597,Tm3,5469.2
10025,H2,5469.2
77383,T2a,5469.6
101772,Tm3,5469.6
112321,T4d,5469.9
10204,OA-AL2i2,5470.3
12688,OA-ASM1,5470.3
109598,T4b,5470.3
73586,Tm3,5470.400000000001
66956,T2,5470.400000000001
12896,OA-VUMa5,5470.400000000001
82145,T2a,5470.5
34045,Mi1,5470.8
98887,T4b,5470.8
10112,VS,5470.900000000001
37948,Mi1,5471.0
55976,Mi1,5471.099999999999
10555,OA-VUMa3,5471.200000000001
54087,Mi1,5471.200000000001
37019,Mi1,5471.3
51122,Mi1,5471.4
92047,T4c,5471.6
16138,LC4,5471.7
45005,TmY3,5471.8
287884,OA-VPM3,5472.0
10265,OA-AL2i2,5472.2
86686,T4c,5472.400000000001
10011,OA-AL2i1,5472.5
97872,T4d,5472.599999999999
10016,HSE,5472.599999999999
32893,Mi1,5472.700000000001
10226,OA-AL2i3,5472.8
91469,T4c,5472.8
10168,OA-VUMa6,5472.9
10185,OA-VUMa8,5472.9
95681,T4a,5472.9
117662,T4d,5472.9
34369,Mi1,5473.1
10269,OA-AL2i2,5473.1
97028,T4c,5473.2
116129,T4b,5473.2
66808,Tm3,5473.3
10677,OA-AL2i4,5473.4
117627,Tm3,5473.4
66214,T2a,5473.5
286259,OA-ASM1,5473.7
83979,T4a,5473.8
42119,Mi1,5473.900000000001
112744,T4d,5473.900000000001
10080,OA-VUMa3,5474.0
10120,OA-VPM4,5474.0
34356,Mi1,5474.0
38767,Mi1,5474.0
11602,OA-ASM1,5474.200000000001
11608,OA-VUMa2,5474.200000000001
10687,OA-AL2i3,5474.200000000001
50333,TmY3,5474.3
36540,Mi1,5474.4
41809,Mi1,5474.4
62340,T2,5474.5
106952,T4b,5474.7
53065,Mi1,5474.8
34057,Mi1,5474.9
10037,VS,5475.400000000001
10015,HSN,5475.599999999999
33655,Mi1,5475.599999999999
10110,OA-VUMa1,5476.1
35405,Mi1,5476.200000000001
12109,OA-VUMa2,5476.3
34189,Mi1,5476.4
11005,OA-VUMa4,5476.7
59397,Mi1,5476.7
47368,TmY3,5477.0
38479,Mi1,5477.0
63420,Mi1,5477.2
37000,Mi1,5477.2
36252,Mi1,5477.2
109142,T4b,5477.3
33907,Mi1,5477.400000000001
56564,Mi1,5477.5
95883,T4a,5477.5
33462,Mi1,5477.6
10041,OA-VUMa1,5477.700000000001
10187,OA-VPM3,5477.700000000001
10175,OA-VUMa6,5477.8
23392,LC4,5478.000000000001
98099,T4b,5478.1
49372,TmY3,5478.2
10072,OA-AL2i1,5478.400000000001
82282,Tm3,5478.400000000001
10322,OA-AL2i2,5478.6
34849,Mi1,5478.6
10825,OA-AL2i3,5479.099999999999
69380,Tm3,5479.200000000001
97899,T4a,5479.200000000001
65671,Mi1,5479.3
10658,OA-AL2i3,5479.4
104858,T4b,5479.6
35836,Mi1,5479.7
10799,OA-VUMa4,5479.900000000001
11264,OA-ASM1,5479.900000000001
10025,H2,5479.900000000001
10652,OA-AL2i4,5480.2
79271,T4a,5480.2
95005,T4a,5480.2
101215,T4c,5480.2
21336,LC4,5480.400000000001
104008,T4b,5480.700000000001
12896,OA-VUMa5,5480.700000000001
104257,T4b,5480.8
94305,T4a,5480.8
89368,T4c,5480.8
35498,Mi1,5480.8
39158,Mi1,5480.9
95822,T4b,5481.1
97249,T4d,5481.2
34479,Mi1,5481.3
35017,Mi1,5481.3
98300,T4a,5481.4
83365,T2a,5481.4
35770,Mi1,5481.7
95458,T4d,5481.7
33446,Mi1,5481.8
71052,T2a,5481.900000000001
100867,T4b,5481.900000000001
79345,T2a,5482.0
76524,Tm3,5482.099999999999
73284,T2a,5482.4
98985,T4c,5482.5
10204,OA-AL2i2,5482.6
105718,T4b,5482.8
10168,OA-VUMa6,5483.0
92706,T4a,5483.1
12688,OA-ASM1,5483.2
11921,OA-VPM4,5483.299999999999
79257,Tm3,5483.299999999999
20808,LC4,5483.400000000001
34862,Mi1,5483.400000000001
35840,Mi1,5483.400000000001
92996,T4a,5483.5
10112,VS,5483.6
37948,Mi1,5483.700000000001
109649,T4c,5484.0
10555,OA-VUMa3,5484.1
73096,T2a,5484.1
10011,OA-AL2i1,5484.1
89434,T4c,5484.1
97231,T4a,5484.200000000001
10226,OA-AL2i3,5484.200000000001
102791,T4c,5484.3
10755,H1,5484.4
287884,OA-VPM3,5484.7
91682,T4b,5484.8
10269,OA-AL2i2,5484.900000000001
11608,OA-VUMa2,5485.1
51122,Mi1,5485.1
10687,OA-AL2i3,5485.5
10265,OA-AL2i2,5485.6
10001,DNp01,5485.6
10185,OA-VUMa8,5485.6
55976,Mi1,5485.700000000001
97675,T4c,5486.000000000001
54087,Mi1,5486.1
91283,T4c,5486.2
10677,OA-AL2i4,5486.5
10110,OA-VUMa1,5486.5
10120,OA-VPM4,5486.6
10080,OA-VUMa3,5486.6
37019,Mi1,5486.7
67719,T2a,5486.7
104191,T4a,5486.8
34045,Mi1,5486.900000000001
11602,OA-ASM1,5487.0
34369,Mi1,5487.0
101043,T4c,5487.0
286259,OA-ASM1,5487.0
34356,Mi1,5487.099999999999
80302,T2a,5487.200000000001
98788,T4d,5487.200000000001
105698,T4c,5487.200000000001
42119,Mi1,5487.3
92939,T4b,5487.3
12109,OA-VUMa2,5487.5
58862,Mi1,5487.6
101005,T4d,5487.8
10015,HSN,5487.8
53065,Mi1,5487.8
32893,Mi1,5487.900000000001
11005,OA-VUMa4,5488.3
34057,Mi1,5488.3
101772,Tm3,5488.5
36446,Mi1,5488.9
36540,Mi1,5488.9
10041,OA-VUMa1,5489.0
10072,OA-AL2i1,5489.1
10016,HSE,5489.2
51231,TmY3,5489.2
33655,Mi1,5489.3
92431,T4a,5489.3
10322,OA-AL2i2,5489.4
89290,T4d,5489.5
38767,Mi1,5489.5
35405,Mi1,5489.6
10175,OA-VUMa6,5489.7
10025,H2,5490.0
104297,T4a,5490.0
41809,Mi1,5490.099999999999
91469,T4c,5490.099999999999
34189,Mi1,5490.3
92047,T4c,5490.3
10187,OA-VPM3,5490.4
36954,Mi1,5490.4
68522,T2a,5490.5
59397,Mi1,5490.7
10825,OA-AL2i3,5490.8
66808,Tm3,5490.8
90465,T4a,5491.0
96295,T4b,5491.1
12896,OA-VUMa5,5491.1
33907,Mi1,5491.2
10658,OA-AL2i3,5491.3
38479,Mi1,5491.400000000001
10799,OA-VUMa4,5491.5
74023,T2a,5491.6
33462,Mi1,5491.8
34933,Mi1,5491.8
36252,Mi1,5491.900000000001
37000,Mi1,5492.0
78805,T2a,5492.0
56564,Mi1,5492.1
63420,Mi1,5492.1
34849,Mi1,5492.6
36533,Mi1,5492.6
74228,Tm3,5492.6
99922,T4c,5492.6
10652,OA-AL2i4,5492.8
11264,OA-ASM1,5493.0
91444,T4c,5493.1
98381,T4d,5493.2
33942,Mi1,5493.5
10037,VS,5493.5
47368,TmY3,5493.700000000001
35836,Mi1,5494.000000000001
10168,OA-VUMa6,5494.1
36217,Mi1,5494.1
35017,Mi1,5494.3
65671,Mi1,5494.3
90049,T4c,5494.400000000001
35498,Mi1,5494.400000000001
49324,Mi1,5494.400000000001
39158,Mi1,5494.5
122308,Tm3,5494.5
10011,OA-AL2i1,5494.7
10204,OA-AL2i2,5494.7
94287,T4d,5494.7
110646,T4b,5494.8
69597,Tm3,5494.900000000001
34479,Mi1,5494.900000000001
102462,T4c,5495.0
35770,Mi1,5495.0
85126,T4a,5495.200000000001
50333,TmY3,5495.3
10226,OA-AL2i3,5495.6
92114,T4c,5495.7
99663,T4c,5495.8
11608,OA-VUMa2,5495.900000000001
94624,T4a,5495.900000000001
12688,OA-ASM1,5496.2
10269,OA-AL2i2,5496.3
87424,T4d,5496.400000000001
91806,T4a,5496.400000000001
88625,T4c,5496.5
75521,T2a,5496.599999999999
10555,OA-VUMa3,5496.700000000001
109536,T4d,5496.700000000001
37948,Mi1,5496.8
10687,OA-AL2i3,5496.8
11921,OA-VPM4,5497.0
33446,Mi1,5497.0
103479,T4c,5497.0
108307,T4b,5497.0
95453,T4a,5497.1
102016,T4a,5497.1
107442,T4d,5497.1
10110,OA-VUMa1,5497.3
10185,OA-VUMa8,5497.4
92644,T4d,5497.5
47962,TmY3,5497.6
35840,Mi1,5497.900000000001
93750,T4c,5497.900000000001
10265,OA-AL2i2,5498.099999999999
97171,T4d,5498.200000000001
54885,TmY3,5498.200000000001
98887,T4b,5498.3
95883,T4a,5498.4
51122,Mi1,5498.4
97028,T4c,5498.5
34862,Mi1,5498.7
71161,T2a,5498.8
12109,OA-VUMa2,5498.9
99131,T4c,5499.1
66980,T2a,5499.2
99950,T4c,5499.2
111184,T4a,5499.2
101383,T4b,5499.3
104368,T4c,5499.3
287884,OA-VPM3,5499.400000000001
11005,OA-VUMa4,5499.5
68562,T2a,5499.5
127153,Tm3,5499.6
10677,OA-AL2i4,5499.700000000001
10112,VS,5499.700000000001
10041,OA-VUMa1,5499.700000000001
10080,OA-VUMa3,5499.700000000001
54087,Mi1,5499.8
10015,HSN,5499.900000000001
10120,OA-VPM4,5499.900000000001
55976,Mi1,5500.200000000001
66325,Tm3,5500.200000000001
109598,T4b,5500.3
103022,T4a,5500.4
11602,OA-ASM1,5500.4
10322,OA-AL2i2,5500.6
286259,OA-ASM1,5500.7
10175,OA-VUMa6,5500.8
104683,T4b,5500.8
10072,OA-AL2i1,5501.2
34356,Mi1,5501.3
34369,Mi1,5501.400000000001
34045,Mi1,5501.400000000001
97899,T4a,5501.400000000001
90121,T4b,5501.5
32893,Mi1,5501.599999999999
42119,Mi1,5501.599999999999
10023,HSS,5501.700000000001
74231,Tm3,5501.700000000001
12896,OA-VUMa5,5501.9
83979,T4a,5501.9
10016,HSE,5502.400000000001
34057,Mi1,5502.6
37019,Mi1,5502.7
53065,Mi1,5502.7
35405,Mi1,5502.8
118924,Tm3,5502.8
10025,H2,5503.0
38767,Mi1,5503.0
10825,OA-AL2i3,5503.099999999999
36540,Mi1,5503.200000000001
93566,T4a,5503.200000000001
10187,OA-VPM3,5503.200000000001
71773,T2a,5503.3
10658,OA-AL2i3,5503.4
10799,OA-VUMa4,5503.900000000001
108349,T4d,5503.900000000001
100787,T4b,5504.0
10037,VS,5504.1
33655,Mi1,5504.400000000001
34189,Mi1,5504.5
56564,Mi1,5504.5
59397,Mi1,5504.5
73828,Tm3,5504.8
96090,T4c,5504.8
33462,Mi1,5505.0
41809,Mi1,5505.0
10168,OA-VUMa6,5505.1
98099,T4b,5505.2
98668,T4a,5505.2
10011,OA-AL2i1,5505.3
79271,T4a,5505.5
109142,T4b,5505.7
99628,T4b,5505.8
10652,OA-AL2i4,5506.099999999999
37000,Mi1,5506.099999999999
81401,T4b,5506.200000000001
33907,Mi1,5506.3
11264,OA-ASM1,5506.6
36252,Mi1,5506.6
89434,T4c,5506.7
69380,Tm3,5506.7
11608,OA-VUMa2,5506.7
10269,OA-AL2i2,5506.8
38479,Mi1,5506.8
98300,T4a,5506.8
10204,OA-AL2i2,5507.0
83689,T4a,5507.0
10226,OA-AL2i3,5507.1
92047,T4c,5507.1
35498,Mi1,5507.2
10110,OA-VUMa1,5507.3
89368,T4c,5507.3
35836,Mi1,5507.400000000001
94179,T4a,5507.400000000001
10687,OA-AL2i3,5507.5
36446,Mi1,5507.5
104257,T4b,5507.5
98985,T4c,5507.6
91057,T4c,5507.8
35017,Mi1,5507.900000000001
63420,Mi1,5507.900000000001
94305,T4a,5508.200000000001
10185,OA-VUMa8,5508.500000000001
12688,OA-ASM1,5508.500000000001
39158,Mi1,5508.6
58862,Mi1,5508.7
65671,Mi1,5508.7
34849,Mi1,5508.900000000001
83365,T2a,5509.1
88992,T4c,5509.1
36954,Mi1,5509.2
10015,HSN,5509.3
100867,T4b,5509.3
77480,Tm3,5509.400000000001
106952,T4b,5509.400000000001
35770,Mi1,5509.599999999999
12109,OA-VUMa2,5509.700000000001
77676,T2a,5509.700000000001
95005,T4a,5509.700000000001
34479,Mi1,5509.8
10265,OA-AL2i2,5510.1
92706,T4a,5510.2
95822,T4b,5510.3
95458,T4d,5510.400000000001
66808,Tm3,5510.400000000001
10025,H2,5510.400000000001
10555,OA-VUMa3,5510.400000000001
10041,OA-VUMa1,5510.6
11921,OA-VPM4,5510.7
102791,T4c,5510.7
37948,Mi1,5511.0
11005,OA-VUMa4,5511.0
33446,Mi1,5511.0
34933,Mi1,5511.0
36533,Mi1,5511.200000000001
52328,TmY3,5511.3
10322,OA-AL2i2,5511.5
91469,T4c,5511.5
75848,T2a,5511.7
77383,T2a,5511.7
10120,OA-VPM4,5511.900000000001
10016,HSE,5511.900000000001
287884,OA-VPM3,5511.900000000001
101772,Tm3,5512.0
92939,T4b,5512.0
91682,T4b,5512.1
10072,OA-AL2i1,5512.2
35840,Mi1,5512.2
92431,T4a,5512.3
532850,Tm3,5512.3
10080,OA-VUMa3,5512.5
105718,T4b,5512.5
107170,T4b,5512.599999999999
93972,T4a,5512.599999999999
10175,OA-VUMa6,5512.700000000001
34862,Mi1,5512.8
12896,OA-VUMa5,5512.9
33942,Mi1,5512.9
36217,Mi1,5512.9
73284,T2a,5512.9
104858,T4b,5513.0
97675,T4c,5513.0
86686,T4c,5513.0
11602,OA-ASM1,5513.3
49324,Mi1,5513.4
112744,T4d,5513.4
54087,Mi1,5513.5
114391,T4d,5513.5
89290,T4d,5513.900000000001
51122,Mi1,5514.0
47368,TmY3,5514.200000000001
10677,OA-AL2i4,5514.200000000001
55976,Mi1,5514.3
10825,OA-AL2i3,5514.5
98788,T4d,5514.5
10658,OA-AL2i3,5515.0
34057,Mi1,5515.0
286259,OA-ASM1,5515.2
83227,Tm3,5515.3
91806,T4a,5515.400000000001
34356,Mi1,5515.400000000001
34369,Mi1,5515.5
10187,OA-VPM3,5515.6
42119,Mi1,5516.0
10168,OA-VUMa6,5516.200000000001
102519,T4a,5516.200000000001
34045,Mi1,5516.3
37019,Mi1,5516.4
95681,T4a,5516.4
10799,OA-VUMa4,5516.4
10015,HSN,5516.500000000001
35405,Mi1,5516.500000000001
95883,T4a,5516.7
32893,Mi1,5516.8
53065,Mi1,5516.900000000001
10011,OA-AL2i1,5517.0
10112,VS,5517.2
38767,Mi1,5517.2
45005,TmY3,5517.3
99922,T4c,5517.400000000001
10025,H2,5517.5
74937,T2a,5517.5
109631,T4b,5517.5
50333,TmY3,5517.599999999999
101215,T4c,5517.700000000001
10110,OA-VUMa1,5517.8
92842,T4a,5517.9
10269,OA-AL2i2,5517.9
116129,T4b,5518.000000000001
11608,OA-VUMa2,5518.1
56564,Mi1,5518.1
73807,Tm3,5518.2
10226,OA-AL2i3,5518.3
117627,Tm3,5518.400000000001
36540,Mi1,5518.400000000001
104414,T4d,5518.5
59397,Mi1,5518.6
37000,Mi1,5518.7
33655,Mi1,5518.7
34189,Mi1,5518.8
10687,OA-AL2i3,5519.0
33462,Mi1,5519.0
91444,T4c,5519.0
10652,OA-AL2i4,5519.099999999999
41809,Mi1,5519.099999999999
71052,T2a,5519.200000000001
95335,T4a,5519.200000000001
51231,TmY3,5519.4
10185,OA-VUMa8,5519.7
61401,T2a,5519.7
10204,OA-AL2i2,5519.900000000001
36252,Mi1,5520.0
12688,OA-ASM1,5520.400000000001
93750,T4c,5520.700000000001
11264,OA-ASM1,5520.700000000001
10041,OA-VUMa1,5520.700000000001
96295,T4b,5520.9
76325,T2a,5521.2
12109,OA-VUMa2,5521.3
98887,T4b,5521.3
35017,Mi1,5521.4
35498,Mi1,5521.4
97161,T4a,5521.4
35836,Mi1,5521.5
33907,Mi1,5521.6
100680,T4d,5521.6
38479,Mi1,5521.8
74023,T2a,5521.8
39158,Mi1,5521.900000000001
63420,Mi1,5522.099999999999
11005,OA-VUMa4,5522.3
69793,T2a,5522.3
10016,HSE,5522.3
10322,OA-AL2i2,5522.3
65671,Mi1,5522.4
97231,T4a,5522.7
10265,OA-AL2i2,5522.8
116716,T4b,5522.8
97028,T4c,5523.1
34849,Mi1,5523.2
66214,T2a,5523.2
92996,T4a,5523.3
10037,VS,5523.400000000001
75521,T2a,5523.400000000001
10072,OA-AL2i1,5523.8
10555,OA-VUMa3,5523.8
64579,T2,5523.900000000001
34479,Mi1,5523.900000000001
94624,T4a,5524.0
83979,T4a,5524.0
11921,OA-VPM4,5524.0
52485,TmY3,5524.0
21336,LC4,5524.1
35770,Mi1,5524.1
10755,H1,5524.200000000001
37948,Mi1,5524.200000000001
88625,T4c,5524.200000000001
98381,T4d,5524.3
91283,T4c,5524.500000000001
107442,T4d,5524.6
36446,Mi1,5524.6
33446,Mi1,5524.7
68522,T2a,5524.7
10175,OA-VUMa6,5524.8
78561,Tm3,5524.8
82145,T2a,5524.8
12896,OA-VUMa5,5524.900000000001
85126,T4a,5525.2
36954,Mi1,5525.2
76524,Tm3,5525.2
10825,OA-AL2i3,5525.2
35840,Mi1,5525.2
10120,OA-VPM4,5525.2
79257,Tm3,5525.3
74373,Tm3,5525.400000000001
101043,T4c,5525.400000000001
287884,OA-VPM3,5525.400000000001
92114,T4c,5525.5
95364,T4d,5525.8
34862,Mi1,5525.8
69597,Tm3,5525.9
90049,T4c,5525.9
80302,T2a,5526.000000000001
10080,OA-VUMa3,5526.1
110646,T4b,5526.2
10023,HSS,5526.400000000001
58862,Mi1,5526.400000000001
36533,Mi1,5526.5
34933,Mi1,5526.5
103654,T4b,5526.6
97899,T4a,5526.7
11602,OA-ASM1,5526.8
94305,T4a,5526.8
10015,HSN,5527.0
10658,OA-AL2i3,5527.099999999999
89434,T4c,5527.099999999999
10677,OA-AL2i4,5527.3
54087,Mi1,5527.4
10025,H2,5527.5
54885,TmY3,5527.5
55976,Mi1,5527.5
108307,T4b,5527.6
109598,T4b,5527.900000000001
105698,T4c,5528.0
10168,OA-VUMa6,5528.2
91469,T4c,5528.400000000001
10110,OA-VUMa1,5528.400000000001
51122,Mi1,5528.5
66808,Tm3,5528.599999999999
34057,Mi1,5528.8
10799,OA-VUMa4,5528.9
33942,Mi1,5528.9
99663,T4c,5529.0
286259,OA-ASM1,5529.1
11608,OA-VUMa2,5529.2
10269,OA-AL2i2,5529.3
34356,Mi1,5529.4
42119,Mi1,5529.5
10187,OA-VPM3,5529.6
36217,Mi1,5529.6
100867,T4b,5529.7
117662,T4d,5529.7
10687,OA-AL2i3,5529.799999999999
35405,Mi1,5529.900000000001
10226,OA-AL2i3,5530.099999999999
47368,TmY3,5530.3
49324,Mi1,5530.3
70800,Tm3,5530.4
102462,T4c,5530.5
34369,Mi1,5530.6
65513,T2a,5530.700000000001
56564,Mi1,5530.9
34045,Mi1,5531.000000000001
97853,T4c,5531.1
10112,VS,5531.1
10652,OA-AL2i4,5531.1
36540,Mi1,5531.2
10011,OA-AL2i1,5531.400000000001
37019,Mi1,5531.6
102741,T4c,5531.7
99423,T4d,5531.900000000001
101772,Tm3,5532.0
10041,OA-VUMa1,5532.1
53065,Mi1,5532.200000000001
59397,Mi1,5532.200000000001
10185,OA-VUMa8,5532.200000000001
103022,T4a,5532.4
32893,Mi1,5532.500000000001
41809,Mi1,5532.500000000001
33655,Mi1,5532.7
37000,Mi1,5532.7
38767,Mi1,5532.7
12688,OA-ASM1,5532.8
92047,T4c,5533.0
10204,OA-AL2i2,5533.1
12109,OA-VUMa2,5533.1
10322,OA-AL2i2,5533.2
34189,Mi1,5533.2
33462,Mi1,5533.3
108349,T4d,5533.5
69380,Tm3,5533.8
11264,OA-ASM1,5533.9
36252,Mi1,5534.000000000001
11005,OA-VUMa4,5534.000000000001
10016,HSE,5534.2
104008,T4b,5534.3
33907,Mi1,5534.400000000001
35017,Mi1,5534.5
35498,Mi1,5534.7
50333,TmY3,5534.7
35836,Mi1,5535.0
127615,Tm3,5535.099999999999
92431,T4a,5535.099999999999
10072,OA-AL2i1,5535.200000000001
61659,Tm3,5535.200000000001
96576,T4c,5535.200000000001
68982,Tm3,5535.3
104257,T4b,5535.3
93566,T4a,5535.4
109857,T4d,5535.4
10265,OA-AL2i2,5535.4
98668,T4a,5535.7
38479,Mi1,5535.7
12896,OA-VUMa5,5535.900000000001
39158,Mi1,5536.1
98985,T4c,5536.3
90465,T4a,5536.400000000001
92706,T4a,5536.5
65671,Mi1,5536.700000000001
98099,T4b,5536.700000000001
103479,T4c,5536.8
79345,T2a,5536.8
10175,OA-VUMa6,5536.8
10555,OA-VUMa3,5536.9
49372,TmY3,5536.9
102791,T4c,5536.9
34849,Mi1,5537.0
62272,T2,5537.2
122308,Tm3,5537.2
10825,OA-AL2i3,5537.3
109142,T4b,5537.4
10037,VS,5537.4
77991,Tm3,5537.4
34479,Mi1,5537.6
95005,T4a,5537.6
35770,Mi1,5537.7
73586,Tm3,5537.7
79271,T4a,5537.7
16138,LC4,5537.900000000001
95822,T4b,5537.900000000001
70239,T2,5538.099999999999
10658,OA-AL2i3,5538.200000000001
36954,Mi1,5538.3
63420,Mi1,5538.3
99950,T4c,5538.3
92281,T4c,5538.400000000001
37948,Mi1,5538.5
11921,OA-VPM4,5538.6
99628,T4b,5538.700000000001
34862,Mi1,5538.8
91806,T4a,5538.9
87424,T4d,5539.000000000001
42006,TmY3,5539.1
287884,OA-VPM3,5539.1
10120,OA-VPM4,5539.2
10110,OA-VUMa1,5539.3
33446,Mi1,5539.3
10080,OA-VUMa3,5539.3
75848,T2a,5539.400000000001
95453,T4a,5539.5
47962,TmY3,5539.6
77383,T2a,5539.6
83365,T2a,5539.7
95681,T4a,5539.7
74228,Tm3,5539.8
101005,T4d,5539.900000000001
92939,T4b,5539.900000000001
86686,T4c,5539.900000000001
11602,OA-ASM1,5539.900000000001
10168,OA-VUMa6,5539.900000000001
10015,HSN,5540.1
73096,T2a,5540.200000000001
118924,Tm3,5540.200000000001
90423,T4b,5540.4
97675,T4c,5540.4
10269,OA-AL2i2,5540.4
35840,Mi1,5540.4
10799,OA-VUMa4,5540.6
10677,OA-AL2i4,5540.7
10687,OA-AL2i3,5540.900000000001
11608,OA-VUMa2,5540.900000000001
20808,LC4,5541.0
54087,Mi1,5541.1
106952,T4b,5541.1
101215,T4c,5541.2
97171,T4d,5541.2
54211,TmY3,5541.2
36446,Mi1,5541.2
105718,T4b,5541.3
10025,H2,5541.400000000001
67719,T2a,5541.5
55976,Mi1,5541.599999999999
71161,T2a,5541.599999999999
95883,T4a,5541.700000000001
73284,T2a,5541.8
58862,Mi1,5541.9
42119,Mi1,5542.1
34933,Mi1,5542.2
10226,OA-AL2i3,5542.400000000001
36533,Mi1,5542.5
10652,OA-AL2i4,5542.8
10187,OA-VPM3,5543.0
34356,Mi1,5543.4
35405,Mi1,5543.4
10041,OA-VUMa1,5543.4
10185,OA-VUMa8,5543.5
10322,OA-AL2i2,5543.7
33942,Mi1,5543.7
97028,T4c,5543.7
10011,OA-AL2i1,5543.8
56564,Mi1,5543.8
286259,OA-ASM1,5543.8
98887,T4b,5544.0
12109,OA-VUMa2,5544.1
34057,Mi1,5544.1
91444,T4c,5544.1
10016,HSE,5544.2
23392,LC4,5544.2
68562,T2a,5544.3
109536,T4d,5544.5
51122,Mi1,5544.5
74023,T2a,5544.599999999999
34369,Mi1,5544.599999999999
36217,Mi1,5544.599999999999
92114,T4c,5544.700000000001
93750,T4c,5544.8
83689,T4a,5544.9
91469,T4c,5544.9
109649,T4c,5545.0
10204,OA-AL2i2,5545.1
100787,T4b,5545.1
36540,Mi1,5545.3
11005,OA-VUMa4,5545.4
34045,Mi1,5545.4
97899,T4a,5545.5
37019,Mi1,5545.7
10072,OA-AL2i1,5545.799999999999
104683,T4b,5545.900000000001
33655,Mi1,5546.0
89368,T4c,5546.0
37000,Mi1,5546.3
38767,Mi1,5546.400000000001
12688,OA-ASM1,5546.5
21313,LC4,5546.6
41809,Mi1,5546.6
59397,Mi1,5546.6
49324,Mi1,5546.700000000001
11264,OA-ASM1,5546.9
89434,T4c,5546.9
53065,Mi1,5547.1
36252,Mi1,5547.2
10175,OA-VUMa6,5547.3
32893,Mi1,5547.3
35017,Mi1,5547.400000000001
33907,Mi1,5547.5
35498,Mi1,5547.5
99922,T4c,5547.5
73828,Tm3,5547.6
33462,Mi1,5547.6
10001,DNp01,5547.6
34189,Mi1,5547.8
88625,T4c,5547.8
12896,OA-VUMa5,5548.0
10265,OA-AL2i2,5548.1
35836,Mi1,5548.6
104858,T4b,5548.6
72558,T2a,5548.8
75521,T2a,5549.0
38479,Mi1,5549.1
91682,T4b,5549.1
95458,T4d,5549.2
66808,Tm3,5549.599999999999
106793,T4d,5549.700000000001
112744,T4d,5549.700000000001
10825,OA-AL2i3,5549.8
34849,Mi1,5549.8
10110,OA-VUMa1,5549.8
10555,OA-VUMa3,5549.9
94305,T4a,5549.9
65671,Mi1,5550.0
10658,OA-AL2i3,5550.1
107170,T4b,5550.1
101772,Tm3,5550.2
98381,T4d,5550.3
39158,Mi1,5550.400000000001
34479,Mi1,5550.5
94624,T4a,5550.6
97249,T4d,5550.7
83979,T4a,5550.8
89290,T4d,5550.8
51231,TmY3,5550.900000000001
98300,T4a,5550.900000000001
96090,T4c,5551.200000000001
74231,Tm3,5551.3
11608,OA-VUMa2,5551.4
10015,HSN,5551.4
68842,TmY3,5551.5
112993,T4b,5551.5
131823,Tm3,5551.6
10112,VS,5551.7
127153,Tm3,5551.7
91057,T4c,5551.8
92842,T4a,5551.8
10080,OA-VUMa3,5551.9
10269,OA-AL2i2,5551.9
35770,Mi1,5551.9
37948,Mi1,5552.0
11921,OA-VPM4,5552.1
63420,Mi1,5552.1
71052,T2a,5552.2
33446,Mi1,5552.3
47368,TmY3,5552.3
10168,OA-VUMa6,5552.3
10687,OA-AL2i3,5552.400000000001
91283,T4c,5552.5
10025,H2,5552.599999999999
10120,OA-VPM4,5552.599999999999
98788,T4d,5552.599999999999
88035,Tm3,5552.700000000001
102462,T4c,5552.700000000001
108307,T4b,5552.8
34862,Mi1,5552.9
36954,Mi1,5552.9
105698,T4c,5552.9
78108,T2a,5553.1
11602,OA-ASM1,5553.2
102016,T4a,5553.2
69597,Tm3,5553.3
287884,OA-VPM3,5553.4
80302,T2a,5553.4
54885,TmY3,5553.4
10037,VS,5553.5
52328,TmY3,5553.6
37599,Mi1,5553.8
103022,T4a,5553.900000000001
10226,OA-AL2i3,5554.0
66980,T2a,5554.0
111184,T4a,5554.0
526158,Mi1,5554.0
10799,OA-VUMa4,5554.200000000001
88951,Tm3,5554.3
104191,T4a,5554.3
10322,OA-AL2i2,5554.5
94179,T4a,5554.5
102791,T4c,5554.6
92706,T4a,5554.700000000001
10041,OA-VUMa1,5554.8
35840,Mi1,5554.9
114391,T4d,5555.000000000001
54087,Mi1,5555.1
101383,T4b,5555.1
109598,T4b,5555.1
50333,TmY3,5555.2
10677,OA-AL2i4,5555.3
36446,Mi1,5555.3
101043,T4c,5555.400000000001
107442,T4d,5555.5
88992,T4c,5555.6
10011,OA-AL2i1,5555.7
45005,TmY3,5555.7
55976,Mi1,5555.7
101873,T4b,5555.7
532850,Tm3,5555.7
78968,Tm3,5555.8
10187,OA-VPM3,5555.900000000001
10016,HSE,5556.0
34933,Mi1,5556.200000000001
10072,OA-AL2i1,5556.200000000001
92047,T4c,5556.200000000001
12109,OA-VUMa2,5556.3
11005,OA-VUMa4,5556.4
85126,T4a,5556.7
58862,Mi1,5556.8
69540,TmY3,5556.8
10652,OA-AL2i4,5556.900000000001
34057,Mi1,5556.900000000001
93972,T4a,5556.900000000001
112321,T4d,5556.900000000001
10023,HSS,5557.0
42119,Mi1,5557.0
56564,Mi1,5557.1
10185,OA-VUMa8,5557.2
37631,Mi1,5557.400000000001
90049,T4c,5557.5
286259,OA-ASM1,5557.5
69978,T2,5557.599999999999
97231,T4a,5557.599999999999
33942,Mi1,5557.599999999999
35405,Mi1,5557.8
36533,Mi1,5557.8
21336,LC4,5557.9
36540,Mi1,5558.0
99663,T4c,5558.0
34356,Mi1,5558.2
12688,OA-ASM1,5558.2
12896,OA-VUMa5,5558.2
10204,OA-AL2i2,5558.3
91806,T4a,5558.400000000001
36217,Mi1,5558.8
51122,Mi1,5558.900000000001
10175,OA-VUMa6,5559.0
34369,Mi1,5559.0
37019,Mi1,5559.099999999999
10755,H1,5559.200000000001
37000,Mi1,5559.3
104368,T4c,5559.4
96295,T4b,5559.6
34045,Mi1,5559.7
104257,T4b,5559.7
36252,Mi1,5560.0
59397,Mi1,5560.0
69380,Tm3,5560.2
79257,Tm3,5560.2
10015,HSN,5560.2
11264,OA-ASM1,5560.2
33655,Mi1,5560.400000000001
49324,Mi1,5560.400000000001
10110,OA-VUMa1,5560.5
10265,OA-AL2i2,5560.5
92996,T4a,5560.5
98985,T4c,5560.599999999999
10269,OA-AL2i2,5560.9
100867,T4b,5561.0
35498,Mi1,5561.0
10658,OA-AL2i3,5561.0
32893,Mi1,5561.1
33462,Mi1,5561.2
53065,Mi1,5561.2
55101,Mi1,5561.2
97161,T4a,5561.2
41809,Mi1,5561.3
95335,T4a,5561.5
34189,Mi1,5561.5
10825,OA-AL2i3,5561.6
35017,Mi1,5561.6
38767,Mi1,5561.7
92431,T4a,5561.8
35836,Mi1,5562.3
33907,Mi1,5562.400000000001
10025,H2,5562.5
95883,T4a,5562.6
23392,LC4,5562.700000000001
10555,OA-VUMa3,5562.700000000001
38479,Mi1,5562.9
10168,OA-VUMa6,5563.000000000001
81401,T4b,5563.3
94287,T4d,5563.400000000001
10037,VS,5563.5
11608,OA-VUMa2,5563.5
93566,T4a,5563.5
77676,T2a,5563.6
102519,T4a,5563.6
69793,T2a,5563.7
10687,OA-AL2i3,5563.8
98099,T4b,5563.8
10016,HSE,5564.0
110646,T4b,5564.0
34849,Mi1,5564.099999999999
97028,T4c,5564.4
82507,T2a,5564.4
39158,Mi1,5564.500000000001
83227,Tm3,5564.6
97899,T4a,5564.6
103639,T4d,5564.6
104297,T4a,5564.6
10322,OA-AL2i2,5564.7
92993,Tm3,5564.7
65298,T2a,5564.8
63420,Mi1,5564.900000000001
10120,OA-VPM4,5564.900000000001
10799,OA-VUMa4,5565.0
11921,OA-VPM4,5565.0
10080,OA-VUMa3,5565.1
10226,OA-AL2i3,5565.1
76524,Tm3,5565.1
117627,Tm3,5565.1
94624,T4a,5565.400000000001
77480,Tm3,5565.400000000001
68522,T2a,5565.400000000001
10041,OA-VUMa1,5565.400000000001
34479,Mi1,5565.599999999999
95005,T4a,5565.599999999999
99131,T4c,5565.8
105718,T4b,5565.8
118924,Tm3,5565.8
65671,Mi1,5565.9
116716,T4b,5565.9
87424,T4d,5566.2
94305,T4a,5566.3
37948,Mi1,5566.400000000001
108349,T4d,5566.5
99950,T4c,5566.6
91469,T4c,5566.7
92114,T4c,5566.7
98381,T4d,5566.8
34862,Mi1,5566.8
10072,OA-AL2i1,5566.8
11602,OA-ASM1,5566.8
10015,HSN,5566.900000000001
33446,Mi1,5567.0
35770,Mi1,5567.099999999999
11005,OA-VUMa4,5567.200000000001
36954,Mi1,5567.200000000001
97872,T4d,5567.200000000001
95822,T4b,5567.4
36446,Mi1,5567.7
287884,OA-VPM3,5567.7
10677,OA-AL2i4,5567.8
79271,T4a,5567.8
83067,T4b,5567.9
92939,T4b,5567.9
109142,T4b,5567.9
10187,OA-VPM3,5568.0
102579,T4b,5568.0
54087,Mi1,5568.2
81995,Tm3,5568.3
12109,OA-VUMa2,5568.3
83365,T2a,5568.5
10112,VS,5568.599999999999
66325,Tm3,5568.599999999999
74023,T2a,5568.599999999999
66808,Tm3,5568.9
35840,Mi1,5569.0
97675,T4c,5569.0
108697,T4d,5569.1
70112,T2,5569.1
10185,OA-VUMa8,5569.1
92644,T4d,5569.2
122233,Tm3,5569.2
71773,T2a,5569.6
286259,OA-ASM1,5569.8
10011,OA-AL2i1,5569.900000000001
55976,Mi1,5570.0
76325,T2a,5570.1
93419,T4b,5570.1
12688,OA-ASM1,5570.200000000001
10025,H2,5570.3
10204,OA-AL2i2,5570.3
101685,T4b,5570.3
10652,OA-AL2i4,5570.400000000001
12896,OA-VUMa5,5570.400000000001
95458,T4d,5570.400000000001
34057,Mi1,5570.6
56564,Mi1,5570.6
83689,T4a,5570.700000000001
10269,OA-AL2i2,5570.8
95681,T4a,5570.8
10023,HSS,5570.9
10110,OA-VUMa1,5570.9
10175,OA-VUMa6,5570.9
34933,Mi1,5570.9
77383,T2a,5570.9
93750,T4c,5571.000000000001
90121,T4b,5571.000000000001
34356,Mi1,5571.000000000001
86686,T4c,5571.000000000001
35602,Mi1,5571.2
42119,Mi1,5571.2
89434,T4c,5571.2
98887,T4b,5571.3
33942,Mi1,5571.5
36533,Mi1,5571.5
10016,HSE,5571.6
58862,Mi1,5571.6
104414,T4d,5571.6
35405,Mi1,5571.7
89290,T4d,5571.8
51122,Mi1,5571.900000000001
47368,TmY3,5572.0
10265,OA-AL2i2,5572.0
98668,T4a,5572.0
92706,T4a,5572.099999999999
66214,T2a,5572.3
73807,Tm3,5572.4
10037,VS,5572.6
34300,Mi1,5572.6
103654,T4b,5572.6
50333,TmY3,5572.7
91444,T4c,5572.7
10658,OA-AL2i3,5573.0
10825,OA-AL2i3,5573.0
36217,Mi1,5573.0
36540,Mi1,5573.1
37000,Mi1,5573.1
34369,Mi1,5573.400000000001
101772,Tm3,5573.400000000001
11264,OA-ASM1,5573.400000000001
34045,Mi1,5573.400000000001
36994,Mi1,5573.599999999999
36252,Mi1,5573.599999999999
10015,HSN,5573.599999999999
39743,Mi1,5573.700000000001
100787,T4b,5573.700000000001
33655,Mi1,5573.8
35218,Mi1,5573.8
10168,OA-VUMa6,5573.9
98788,T4d,5573.9
78561,Tm3,5574.0
35580,Mi1,5574.1
37019,Mi1,5574.2
59397,Mi1,5574.2
37599,Mi1,5574.400000000001
33462,Mi1,5574.6
526158,Mi1,5574.6
33907,Mi1,5574.7
35498,Mi1,5574.7
97853,T4c,5574.8
92047,T4c,5574.8
49324,Mi1,5574.900000000001
74937,T2a,5574.900000000001
117662,T4d,5574.900000000001
10687,OA-AL2i3,5575.0
35836,Mi1,5575.099999999999
11608,OA-VUMa2,5575.200000000001
99011,T4c,5575.200000000001
34189,Mi1,5575.4
21313,LC4,5575.4
38893,Mi1,5575.5
97171,T4d,5575.5
10322,OA-AL2i2,5575.7
38767,Mi1,5575.7
96576,T4c,5575.7
109631,T4b,5575.7
74228,Tm3,5575.8
10072,OA-AL2i1,5575.8
53065,Mi1,5575.9
10555,OA-VUMa3,5575.9
35017,Mi1,5575.9
41809,Mi1,5576.0
83979,T4a,5576.0
10025,H2,5576.3
10041,OA-VUMa1,5576.3
61401,T2a,5576.3
101215,T4c,5576.400000000001
103022,T4a,5576.400000000001
32893,Mi1,5576.5
104858,T4b,5576.5
112744,T4d,5576.5
35428,Mi1,5576.599999999999
10226,OA-AL2i3,5576.8
10112,VS,5576.9
127615,Tm3,5576.9
94153,T4d,5577.0
99922,T4c,5577.1
10120,OA-VPM4,5577.1
10799,OA-VUMa4,5577.4
37631,Mi1,5577.7
82639,T2a,5577.7
89368,T4c,5577.7
64579,T2,5577.8
97231,T4a,5577.900000000001
38479,Mi1,5578.0
88625,T4c,5578.1
34849,Mi1,5578.2
54885,TmY3,5578.3
122308,Tm3,5578.3
75521,T2a,5578.400000000001
71161,T2a,5578.400000000001
65513,T2a,5578.6
102791,T4c,5578.6
11005,OA-VUMa4,5578.6
102741,T4c,5578.700000000001
91682,T4b,5578.700000000001
34862,Mi1,5578.700000000001
10080,OA-VUMa3,5578.8
11921,OA-VPM4,5578.8
39158,Mi1,5578.8
54211,TmY3,5578.8
70800,Tm3,5578.9
75848,T2a,5579.000000000001
90465,T4a,5579.000000000001
51231,TmY3,5579.1
74373,Tm3,5579.2
116129,T4b,5579.2
11602,OA-ASM1,5579.3
55101,Mi1,5579.3
63420,Mi1,5579.3
37948,Mi1,5579.400000000001
107211,T4d,5579.400000000001
71052,T2a,5579.5
92281,T4c,5579.6
65671,Mi1,5579.6
35770,Mi1,5579.7
95453,T4a,5579.7
101005,T4d,5579.7
103479,T4c,5579.8
12109,OA-VUMa2,5579.900000000001
10037,VS,5580.0
91806,T4a,5580.0
105698,T4c,5580.0
10677,OA-AL2i4,5580.099999999999
104257,T4b,5580.500000000001
85126,T4a,5580.6
109857,T4d,5580.8
34479,Mi1,5580.900000000001
73828,Tm3,5581.0
97028,T4c,5581.0
287884,OA-VPM3,5581.0
102462,T4c,5581.2
82145,T2a,5581.2
36446,Mi1,5581.3
73586,Tm3,5581.3
33446,Mi1,5581.599999999999
10269,OA-AL2i2,5581.700000000001
36954,Mi1,5581.700000000001
10011,OA-AL2i1,5581.8
10187,OA-VPM3,5581.8
12896,OA-VUMa5,5581.8
66980,T2a,5581.8
106952,T4b,5581.9
108307,T4b,5581.9
10110,OA-VUMa1,5582.0
10185,OA-VUMa8,5582.0
93688,T4a,5582.1
94179,T4a,5582.3
35840,Mi1,5582.400000000001
73284,T2a,5582.400000000001
10016,HSE,5582.400000000001
16138,LC4,5582.6
54087,Mi1,5582.6
111184,T4a,5582.6
91057,T4c,5582.8
10175,OA-VUMa6,5582.900000000001
85737,T2a,5582.900000000001
286259,OA-ASM1,5582.900000000001
114391,T4d,5583.0
10652,OA-AL2i4,5583.099999999999
72955,T2a,5583.099999999999
10015,HSN,5583.3
12688,OA-ASM1,5583.3
47962,TmY3,5583.3
10204,OA-AL2i2,5583.4
91283,T4c,5583.5
52328,TmY3,5583.5
93972,T4a,5583.5
96090,T4c,5583.6
10025,H2,5583.8
10658,OA-AL2i3,5584.2
116311,T4d,5584.2
34356,Mi1,5584.3
34933,Mi1,5584.3
92842,T4a,5584.3
94305,T4a,5584.3
58862,Mi1,5584.400000000001
55976,Mi1,5584.400000000001
10072,OA-AL2i1,5584.5
56564,Mi1,5584.599999999999
87390,T2a,5584.599999999999
95883,T4a,5584.599999999999
10825,OA-AL2i3,5584.8
10265,OA-AL2i2,5585.3
42119,Mi1,5585.3
35405,Mi1,5585.4
104683,T4b,5585.4
10001,DNp01,5585.500000000001
10168,OA-VUMa6,5585.6
11264,OA-ASM1,5585.7
101043,T4c,5585.7
10322,OA-AL2i2,5585.8
33942,Mi1,5585.8
36533,Mi1,5585.8
34057,Mi1,5585.900000000001
51122,Mi1,5585.900000000001
10687,OA-AL2i3,5585.900000000001
11608,OA-VUMa2,5586.2
33655,Mi1,5586.3
37000,Mi1,5586.400000000001
10041,OA-VUMa1,5586.6
34369,Mi1,5586.8
99628,T4b,5586.8
35845,Mi1,5586.9
23392,LC4,5587.1
101480,T4c,5587.2
36540,Mi1,5587.2
91469,T4c,5587.3
36217,Mi1,5587.400000000001
98300,T4a,5587.400000000001
10023,HSS,5587.5
34045,Mi1,5587.7
21336,LC4,5587.8
10206,VS,5588.0
10226,OA-AL2i3,5588.0
96295,T4b,5588.0
97675,T4c,5588.0
33907,Mi1,5588.099999999999
47368,TmY3,5588.200000000001
98985,T4c,5588.200000000001
67113,Mi1,5588.3
69380,Tm3,5588.4
36252,Mi1,5588.500000000001
97899,T4a,5588.500000000001
35836,Mi1,5588.500000000001
92839,T4b,5588.7
10120,OA-VPM4,5588.8
33462,Mi1,5588.900000000001
53065,Mi1,5588.900000000001
59397,Mi1,5588.900000000001
37019,Mi1,5589.0
526158,Mi1,5589.0
10799,OA-VUMa4,5589.3
35498,Mi1,5589.3
35017,Mi1,5589.599999999999
109536,T4d,5589.599999999999
49324,Mi1,5589.700000000001
103160,T4a,5589.8
41809,Mi1,5589.9
92114,T4c,5589.9
35602,Mi1,5589.9
34189,Mi1,5590.1
10555,OA-VUMa3,5590.2
34300,Mi1,5590.400000000001
68982,Tm3,5590.400000000001
11005,OA-VUMa4,5590.5
10755,H1,5590.6
38767,Mi1,5590.7
91913,T4b,5590.7
93750,T4c,5590.8
94624,T4a,5590.8
38238,Mi1,5590.900000000001
32893,Mi1,5590.900000000001
34849,Mi1,5591.0
37599,Mi1,5591.0
74023,T2a,5591.200000000001
38479,Mi1,5591.3
72558,T2a,5591.3
98887,T4b,5591.3
10016,HSE,5591.4
99663,T4c,5591.5
80302,T2a,5591.5
36994,Mi1,5591.5
45005,TmY3,5591.6
10025,H2,5591.8
36410,Mi1,5591.8
79345,T2a,5591.8
10269,OA-AL2i2,5591.9
35770,Mi1,5592.0
98381,T4d,5592.0
10080,OA-VUMa3,5592.1
50333,TmY3,5592.2
100867,T4b,5592.2
12109,OA-VUMa2,5592.299999999999
74231,Tm3,5592.299999999999
89434,T4c,5592.299999999999
90049,T4c,5592.299999999999
66808,Tm3,5592.400000000001
109598,T4b,5592.5
93566,T4a,5592.5
35580,Mi1,5592.5
39158,Mi1,5592.5
10112,VS,5592.599999999999
12896,OA-VUMa5,5592.599999999999
10185,OA-VUMa8,5592.700000000001
69597,Tm3,5592.700000000001
35218,Mi1,5592.9
11602,OA-ASM1,5593.0
79257,Tm3,5593.0
10677,OA-AL2i4,5593.0
107442,T4d,5593.1
34862,Mi1,5593.200000000001
10110,OA-VUMa1,5593.3
117627,Tm3,5593.3
92996,T4a,5593.4
532850,Tm3,5593.4
92431,T4a,5593.500000000001
38893,Mi1,5593.500000000001
10011,OA-AL2i1,5593.500000000001
10015,HSN,5593.6
11921,OA-VPM4,5593.7
65671,Mi1,5593.7
10072,OA-AL2i1,5593.8
98099,T4b,5593.8
37631,Mi1,5593.900000000001
79271,T4a,5593.900000000001
39743,Mi1,5594.0
36954,Mi1,5594.2
95005,T4a,5594.2
37948,Mi1,5594.3
78422,Tm3,5594.3
99423,T4d,5594.3
55101,Mi1,5594.400000000001
79646,Tm3,5594.5
62340,T2,5594.5
36446,Mi1,5594.5
10175,OA-VUMa6,5594.5
35428,Mi1,5594.6
107170,T4b,5594.6
34479,Mi1,5594.700000000001
110646,T4b,5594.700000000001
287884,OA-VPM3,5594.700000000001
78805,T2a,5594.9
109649,T4c,5595.000000000001
49372,TmY3,5595.1
33446,Mi1,5595.1
10037,VS,5595.2
10658,OA-AL2i3,5595.5
83365,T2a,5595.5
12688,OA-ASM1,5595.6
118924,Tm3,5595.6
92047,T4c,5595.7
109142,T4b,5595.8
63420,Mi1,5595.8
10001,DNp01,5595.8
10187,OA-VPM3,5595.8
10168,OA-VUMa6,5596.0
10322,OA-AL2i2,5596.099999999999
89290,T4d,5596.200000000001
99950,T4c,5596.200000000001
101772,Tm3,5596.200000000001
35840,Mi1,5596.3
10204,OA-AL2i2,5596.4
286259,OA-ASM1,5596.4
10652,OA-AL2i4,5596.500000000001
54087,Mi1,5596.6
56564,Mi1,5596.6
98118,T4c,5596.7
101215,T4c,5596.8
20808,LC4,5597.0
40026,TmY3,5597.1
10825,OA-AL2i3,5597.1
95335,T4a,5597.2
10041,OA-VUMa1,5597.3
108349,T4d,5597.3
92706,T4a,5597.400000000001
90423,T4b,5597.5
11608,OA-VUMa2,5597.599999999999
68562,T2a,5597.599999999999
78968,Tm3,5597.599999999999
55976,Mi1,5597.700000000001
10265,OA-AL2i2,5597.700000000001
34356,Mi1,5597.8
10687,OA-AL2i3,5597.9
92939,T4b,5597.9
122233,Tm3,5597.9
83689,T4a,5598.0
104297,T4a,5598.3
112633,T4b,5598.400000000001
95364,T4d,5598.6
92415,T4a,5598.6
11264,OA-ASM1,5598.7
34933,Mi1,5598.7
42006,TmY3,5598.8
35405,Mi1,5598.900000000001
58862,Mi1,5598.900000000001
68522,T2a,5598.900000000001
34057,Mi1,5599.0
94368,T4a,5599.200000000001
33942,Mi1,5599.3
42119,Mi1,5599.3
10226,OA-AL2i3,5599.5
36533,Mi1,5599.6
10025,H2,5599.7
51122,Mi1,5599.7
33655,Mi1,5599.8
95822,T4b,5599.8
21313,LC4,5599.9
93419,T4b,5599.9
107105,T4d,5600.299999999999
67719,T2a,5600.299999999999
95681,T4a,5600.400000000001
61659,Tm3,5600.5
88992,T4c,5600.599999999999
37000,Mi1,5600.900000000001
34045,Mi1,5601.1
10120,OA-VPM4,5601.200000000001
11005,OA-VUMa4,5601.200000000001
62272,T2,5601.3
34369,Mi1,5601.4
102016,T4a,5601.4
10799,OA-VUMa4,5601.500000000001
91444,T4c,5601.500000000001
33907,Mi1,5601.7
91469,T4c,5601.8
103022,T4a,5602.0
59397,Mi1,5602.0
10016,HSE,5602.0
10015,HSN,5602.1
83227,Tm3,5602.1
36540,Mi1,5602.2
33462,Mi1,5602.3
35836,Mi1,5602.3
83979,T4a,5602.3
90121,T4b,5602.400000000001
97028,T4c,5602.5
10072,OA-AL2i1,5602.6
104858,T4b,5602.6
53065,Mi1,5602.700000000001
77480,Tm3,5602.9
99922,T4c,5602.9
69793,T2a,5603.000000000001
10555,OA-VUMa3,5603.1
36217,Mi1,5603.1
35498,Mi1,5603.3
35017,Mi1,5603.3
98788,T4d,5603.400000000001
10112,VS,5603.5
49324,Mi1,5603.8
10269,OA-AL2i2,5603.900000000001
10023,HSS,5604.0
37019,Mi1,5604.0
21336,LC4,5604.099999999999
526158,Mi1,5604.200000000001
38767,Mi1,5604.200000000001
32893,Mi1,5604.500000000001
36252,Mi1,5604.500000000001
10080,OA-VUMa3,5604.6
54885,TmY3,5604.6
104257,T4b,5604.6
10185,OA-VUMa8,5604.7
102791,T4c,5604.7
10110,OA-VUMa1,5604.8
91806,T4a,5604.900000000001
34300,Mi1,5604.900000000001
41809,Mi1,5604.900000000001
34849,Mi1,5605.0
75521,T2a,5605.0
12896,OA-VUMa5,5605.1
95883,T4a,5605.1
11602,OA-ASM1,5605.2
35770,Mi1,5605.3
95453,T4a,5605.3
67113,Mi1,5605.5
38479,Mi1,5605.599999999999
51231,TmY3,5605.599999999999
105718,T4b,5605.599999999999
34189,Mi1,5605.700000000001
10037,VS,5605.8
35845,Mi1,5605.8
10175,OA-VUMa6,5606.0
47368,TmY3,5606.1
35602,Mi1,5606.1
10011,OA-AL2i1,5606.1
12109,OA-VUMa2,5606.2
97171,T4d,5606.2
10322,OA-AL2i2,5606.3
39158,Mi1,5606.5
97249,T4d,5606.5
10677,OA-AL2i4,5606.6
97231,T4a,5606.6
36994,Mi1,5606.8
38238,Mi1,5606.900000000001
97899,T4a,5606.900000000001
35580,Mi1,5607.099999999999
96576,T4c,5607.099999999999
10658,OA-AL2i3,5607.200000000001
37599,Mi1,5607.200000000001
94287,T4d,5607.3
95458,T4d,5607.3
287884,OA-VPM3,5607.4
79293,Tm3,5607.4
37948,Mi1,5607.5
89368,T4c,5607.5
77383,T2a,5607.6
105574,T4d,5607.6
127153,Tm3,5607.6
89139,T4c,5607.8
99131,T4c,5607.8
85126,T4a,5607.9
50333,TmY3,5607.9
10025,H2,5608.0
94179,T4a,5608.0
65671,Mi1,5608.1
91682,T4b,5608.1
111184,T4a,5608.1
102462,T4c,5608.2
10041,OA-VUMa1,5608.2
102579,T4b,5608.299999999999
10168,OA-VUMa6,5608.299999999999
10825,OA-AL2i3,5608.6
12688,OA-ASM1,5608.6
11921,OA-VPM4,5608.700000000001
34479,Mi1,5608.700000000001
34862,Mi1,5608.700000000001
36954,Mi1,5608.700000000001
37631,Mi1,5608.700000000001
66980,T2a,5608.700000000001
76524,Tm3,5608.700000000001
103479,T4c,5608.8
11608,OA-VUMa2,5608.8
36446,Mi1,5608.8
10187,OA-VPM3,5609.0
97161,T4a,5609.0
10001,DNp01,5609.1
38893,Mi1,5609.1
97675,T4c,5609.200000000001
105698,T4c,5609.3
55101,Mi1,5609.3
10204,OA-AL2i2,5609.3
10687,OA-AL2i3,5609.3
87424,T4d,5609.4
71052,T2a,5609.6
92281,T4c,5609.6
10265,OA-AL2i2,5609.7
35840,Mi1,5609.8
39743,Mi1,5609.8
91057,T4c,5609.8
106952,T4b,5609.8
10652,OA-AL2i4,5610.0
63420,Mi1,5610.1
16138,LC4,5610.2
10015,HSN,5610.3
35218,Mi1,5610.5
94305,T4a,5610.6
107143,T4d,5610.6
33446,Mi1,5610.6
56564,Mi1,5610.700000000001
96090,T4c,5610.700000000001
98985,T4c,5610.700000000001
10226,OA-AL2i3,5610.8
36410,Mi1,5610.9
35428,Mi1,5611.000000000001
68842,TmY3,5611.1
99011,T4c,5611.1
55976,Mi1,5611.3
108438,T4d,5611.3
286259,OA-ASM1,5611.3
11264,OA-ASM1,5611.400000000001
34933,Mi1,5611.400000000001
88625,T4c,5611.400000000001
86686,T4c,5611.6
93750,T4c,5611.6
81401,T4b,5611.6
54087,Mi1,5611.900000000001
98381,T4d,5611.900000000001
10016,HSE,5612.0
72955,T2a,5612.200000000001
34356,Mi1,5612.3
58862,Mi1,5612.3
125171,Tm3,5612.3
51122,Mi1,5612.4
112744,T4d,5612.4
10072,OA-AL2i1,5612.6
11005,OA-VUMa4,5612.6
10799,OA-VUMa4,5612.8
101685,T4b,5612.8
33942,Mi1,5612.900000000001
104368,T4c,5612.900000000001
97885,T4a,5613.0
106793,T4d,5613.0
10120,OA-VPM4,5613.1
10037,VS,5613.1
10112,VS,5613.2
36533,Mi1,5613.2
47962,TmY3,5613.2
800146,TTMn,5613.2
42119,Mi1,5613.3
112321,T4d,5613.3
122308,Tm3,5613.400000000001
35405,Mi1,5613.400000000001
33655,Mi1,5613.8
69540,TmY3,5613.8
96134,T4b,5613.8
43334,TmY3,5614.0
34057,Mi1,5614.1
100787,T4b,5614.1
103654,T4b,5614.2
98887,T4b,5614.2
98194,T4d,5614.6
89434,T4c,5614.6
34045,Mi1,5614.7
65513,T2a,5614.8
59397,Mi1,5614.900000000001
98668,T4a,5614.900000000001
33462,Mi1,5615.0
34369,Mi1,5615.0
92047,T4c,5615.0
102741,T4c,5615.200000000001
10269,OA-AL2i2,5615.3
10555,OA-VUMa3,5615.3
35836,Mi1,5615.3
66808,Tm3,5615.4
36540,Mi1,5615.6
92842,T4a,5615.6
102519,T4a,5615.7
92706,T4a,5615.8
10110,OA-VUMa1,5615.9
71161,T2a,5615.9
33907,Mi1,5616.0
101480,T4c,5616.1
23392,LC4,5616.2
37000,Mi1,5616.2
72558,T2a,5616.2
83067,T4b,5616.2
66214,T2a,5616.400000000001
10185,OA-VUMa8,5616.6
52328,TmY3,5616.8
10322,OA-AL2i2,5616.900000000001
99663,T4c,5616.900000000001
37019,Mi1,5617.0
92114,T4c,5617.0
92644,T4d,5617.0
12896,OA-VUMa5,5617.1
74023,T2a,5617.200000000001
104683,T4b,5617.3
97853,T4c,5617.3
69380,Tm3,5617.3
10025,H2,5617.4
36452,Mi1,5617.4
68982,Tm3,5617.4
93972,T4a,5617.500000000001
53065,Mi1,5617.6
92939,T4b,5617.6
37568,Mi1,5617.8
35017,Mi1,5617.8
10011,OA-AL2i1,5618.0
11602,OA-ASM1,5618.0
35498,Mi1,5618.0
36217,Mi1,5618.0
49324,Mi1,5618.0
10080,OA-VUMa3,5618.2
35770,Mi1,5618.3
32893,Mi1,5618.400000000001
38767,Mi1,5618.400000000001
10023,HSS,5618.400000000001
35100,Mi1,5618.5
34849,Mi1,5618.6
10175,OA-VUMa6,5618.700000000001
36252,Mi1,5618.700000000001
91283,T4c,5618.700000000001
526158,Mi1,5618.700000000001
10015,HSN,5618.8
12109,OA-VUMa2,5618.9
34079,Mi1,5618.9
73284,T2a,5618.9
94624,T4a,5618.9
78561,Tm3,5619.000000000001
10168,OA-VUMa6,5619.1
72279,Mi1,5619.2
65298,T2a,5619.2
10041,OA-VUMa1,5619.2
41809,Mi1,5619.2
34189,Mi1,5619.3
127615,Tm3,5619.3
66325,Tm3,5619.5
287884,OA-VPM3,5619.6
10658,OA-AL2i3,5619.6
10677,OA-AL2i4,5619.6
39275,Mi1,5619.6
10825,OA-AL2i3,5619.7
34300,Mi1,5619.7
73828,Tm3,5619.7
21313,LC4,5619.8
79271,T4a,5619.8
34899,Mi1,5619.900000000001
108307,T4b,5619.900000000001
67113,Mi1,5620.0
114391,T4d,5620.0
37948,Mi1,5620.099999999999
76325,T2a,5620.099999999999
96295,T4b,5620.200000000001
39158,Mi1,5620.200000000001
38479,Mi1,5620.3
38238,Mi1,5620.3
11608,OA-VUMa2,5620.4
101043,T4c,5620.4
10687,OA-AL2i3,5620.6
35845,Mi1,5620.7
101772,Tm3,5620.7
10755,H1,5620.8
34862,Mi1,5620.8
81995,Tm3,5620.8
97872,T4d,5620.8
95822,T4b,5621.0
36994,Mi1,5621.2
75521,T2a,5621.2
100867,T4b,5621.2
110646,T4b,5621.400000000001
91469,T4c,5621.400000000001
116716,T4b,5621.400000000001
35602,Mi1,5621.400000000001
83979,T4a,5621.400000000001
35580,Mi1,5621.5
109857,T4d,5621.599999999999
37631,Mi1,5621.700000000001
73096,T2a,5621.700000000001
12688,OA-ASM1,5621.8
10204,OA-AL2i2,5621.9
37599,Mi1,5621.9
109142,T4b,5622.0
11921,OA-VPM4,5622.0
65671,Mi1,5622.0
101873,T4b,5622.2
10016,HSE,5622.4
10226,OA-AL2i3,5622.5
10652,OA-AL2i4,5622.5
90049,T4c,5622.5
91806,T4a,5622.6
75848,T2a,5622.6
36954,Mi1,5622.6
36446,Mi1,5622.6
10001,DNp01,5622.7
10265,OA-AL2i2,5622.7
116129,T4b,5622.7
10187,OA-VPM3,5622.8
67150,T2a,5622.8
72796,Tm3,5622.8
87390,T2a,5622.900000000001
74228,Tm3,5622.900000000001
101005,T4d,5623.0
71398,Tm3,5623.099999999999
94743,T4d,5623.099999999999
95005,T4a,5623.099999999999
88951,Tm3,5623.200000000001
102791,T4c,5623.200000000001
34479,Mi1,5623.3
74937,T2a,5623.4
11264,OA-ASM1,5623.4
94356,T4c,5623.5
99628,T4b,5623.5
132339,Tm3,5623.5
92431,T4a,5623.6
35152,Mi1,5623.8
39743,Mi1,5623.8
101215,T4c,5623.8
10072,OA-AL2i1,5623.9
35840,Mi1,5623.9
92996,T4a,5623.9
104191,T4a,5623.9
38893,Mi1,5624.0
56564,Mi1,5624.0
83365,T2a,5624.0
104257,T4b,5624.0
104008,T4b,5624.1
55101,Mi1,5624.2
10799,OA-VUMa4,5624.2
54211,TmY3,5624.3
106922,T4c,5624.3
97899,T4a,5624.5
286259,OA-ASM1,5624.5
101383,T4b,5624.700000000001
10120,OA-VPM4,5624.700000000001
11005,OA-VUMa4,5624.700000000001
63420,Mi1,5624.700000000001
10025,H2,5624.900000000001
69597,Tm3,5624.900000000001
98099,T4b,5624.900000000001
98118,T4c,5624.900000000001
34933,Mi1,5625.200000000001
110403,T4b,5625.3
97675,T4c,5625.3
103022,T4a,5625.4
42006,TmY3,5625.500000000001
104414,T4d,5625.6
10269,OA-AL2i2,5625.7
87358,T4a,5625.7
47368,TmY3,5625.8
75377,T2a,5625.8
97028,T4c,5625.8
33446,Mi1,5625.900000000001
35428,Mi1,5625.900000000001
10037,VS,5626.0
109598,T4b,5626.1
45005,TmY3,5626.2
107170,T4b,5626.400000000001
98300,T4a,5626.400000000001
116311,T4d,5626.400000000001
51122,Mi1,5626.400000000001
35405,Mi1,5626.400000000001
54087,Mi1,5626.400000000001
100032,T4c,5626.6
98788,T4d,5626.6
90278,T4a,5626.6
34356,Mi1,5626.6
55976,Mi1,5626.6
10015,HSN,5626.6
78503,T2a,5626.6
35218,Mi1,5626.700000000001
10110,OA-VUMa1,5626.8
33942,Mi1,5626.8
90423,T4b,5626.8
122233,Tm3,5626.8
101620,T4b,5626.9
107609,T4d,5626.9
36410,Mi1,5627.000000000001
58862,Mi1,5627.1
79257,Tm3,5627.1
36533,Mi1,5627.2
95458,T4d,5627.3
42119,Mi1,5627.3
33655,Mi1,5627.400000000001
50333,TmY3,5627.400000000001
98837,T4c,5627.400000000001
104674,T4a,5627.400000000001
52485,TmY3,5627.5
74725,T2a,5627.5
94153,T4d,5627.5
10322,OA-AL2i2,5627.7
34057,Mi1,5627.7
71475,Tm3,5627.8
10112,VS,5627.900000000001
107211,T4d,5627.900000000001
69980,Tm3,5628.0
12896,OA-VUMa5,5628.099999999999
33462,Mi1,5628.5
75298,T2a,5628.5
10185,OA-VUMa8,5628.5
102112,T4c,5628.8
70800,Tm3,5629.0
10555,OA-VUMa3,5629.2
34045,Mi1,5629.2
36540,Mi1,5629.2
35836,Mi1,5629.400000000001
100946,T4c,5629.400000000001
10168,OA-VUMa6,5629.5
54885,TmY3,5629.5
100018,T4a,5629.5
118924,Tm3,5629.599999999999
96126,T4b,5629.599999999999
10041,OA-VUMa1,5629.8
33907,Mi1,5629.9
93025,T4b,5629.9
10206,VS,5630.0
68562,T2a,5630.0
105135,T4c,5630.0
37000,Mi1,5630.2
34369,Mi1,5630.2
10658,OA-AL2i3,5630.2
10025,H2,5630.2
91913,T4b,5630.3
59397,Mi1,5630.4
90121,T4b,5630.4
10011,OA-AL2i1,5630.6
10023,HSS,5630.6
89368,T4c,5630.6
100567,T4d,5630.7
10175,OA-VUMa6,5630.7
21336,LC4,5630.8
95453,T4a,5630.8
104858,T4b,5630.8
93750,T4c,5630.900000000001
79646,Tm3,5631.0
10016,HSE,5631.0
37019,Mi1,5631.0
51231,TmY3,5631.200000000001
10825,OA-AL2i3,5631.200000000001
12109,OA-VUMa2,5631.3
35770,Mi1,5631.3
36252,Mi1,5631.4
36217,Mi1,5631.5
53065,Mi1,5631.5
102016,T4a,5631.5
10080,OA-VUMa3,5631.6
99922,T4c,5631.6
103827,T4c,5631.7
69978,T2,5631.7
11608,OA-VUMa2,5631.7
38767,Mi1,5631.7
49324,Mi1,5631.7
35498,Mi1,5631.8
11602,OA-ASM1,5632.0
35017,Mi1,5632.1
93688,T4a,5632.2
34849,Mi1,5632.2
10687,OA-AL2i3,5632.2
94305,T4a,5632.3
34300,Mi1,5632.5
85126,T4a,5632.5
526158,Mi1,5632.6
37948,Mi1,5632.700000000001
102462,T4c,5632.700000000001
105718,T4b,5632.8
23392,LC4,5632.8
10072,OA-AL2i1,5632.900000000001
10677,OA-AL2i4,5632.900000000001
41809,Mi1,5632.900000000001
109536,T4d,5632.900000000001
93419,T4b,5633.0
88035,Tm3,5633.1
74231,Tm3,5633.1
107719,T4b,5633.4
34189,Mi1,5633.4
32893,Mi1,5633.4
10226,OA-AL2i3,5633.500000000001
38479,Mi1,5633.500000000001
95883,T4a,5633.6
67113,Mi1,5633.7
38238,Mi1,5633.8
287884,OA-VPM3,5633.8
98887,T4b,5634.0
92047,T4c,5634.0
49930,TmY3,5634.0
10015,HSN,5634.0
10204,OA-AL2i2,5634.1
35845,Mi1,5634.1
39158,Mi1,5634.1
95681,T4a,5634.1
111184,T4a,5634.1
107442,T4d,5634.2
98985,T4c,5634.2
10755,H1,5634.2
10037,VS,5634.2
102741,T4c,5634.3
90465,T4a,5634.400000000001
10265,OA-AL2i2,5634.5
93566,T4a,5634.5
532850,Tm3,5634.5
12688,OA-ASM1,5634.599999999999
16138,LC4,5634.700000000001
89290,T4d,5634.700000000001
92706,T4a,5634.700000000001
34862,Mi1,5634.9
77480,Tm3,5635.000000000001
36452,Mi1,5635.1
79345,T2a,5635.1
103639,T4d,5635.1
98381,T4d,5635.3
83689,T4a,5635.3
35580,Mi1,5635.3
37568,Mi1,5635.400000000001
40026,TmY3,5635.400000000001
11005,OA-VUMa4,5635.5
37631,Mi1,5635.5
61401,T2a,5635.5
92281,T4c,5635.7
10652,OA-AL2i4,5635.8
94368,T4a,5635.8
99950,T4c,5635.8
66808,Tm3,5635.900000000001
91682,T4b,5635.900000000001
94624,T4a,5635.900000000001
66980,T2a,5636.0
94179,T4a,5636.0
99423,T4d,5636.099999999999
94755,T4a,5636.099999999999
10269,OA-AL2i2,5636.099999999999
77676,T2a,5636.099999999999
11264,OA-ASM1,5636.200000000001
80302,T2a,5636.200000000001
102579,T4b,5636.3
35602,Mi1,5636.4
36446,Mi1,5636.4
89434,T4c,5636.4
11921,OA-VPM4,5636.5
36954,Mi1,5636.5
10799,OA-VUMa4,5636.5
10025,H2,5636.6
10187,OA-VPM3,5636.6
35840,Mi1,5636.7
71052,T2a,5636.7
99663,T4c,5636.8
101685,T4b,5636.8
36994,Mi1,5636.900000000001
56564,Mi1,5636.900000000001
286259,OA-ASM1,5637.0
10120,OA-VPM4,5637.0
96090,T4c,5637.1
81401,T4b,5637.1
37599,Mi1,5637.1
35100,Mi1,5637.1
34479,Mi1,5637.2
99131,T4c,5637.2
95554,T4b,5637.3
34899,Mi1,5637.5
65671,Mi1,5637.5
92114,T4c,5637.5
10016,HSE,5637.700000000001
117627,Tm3,5637.8
10001,DNp01,5637.9
10322,OA-AL2i2,5638.1
21313,LC4,5638.1
34079,Mi1,5638.1
63420,Mi1,5638.2
91057,T4c,5638.2
91444,T4c,5638.2
38893,Mi1,5638.3
10110,OA-VUMa1,5638.3
99011,T4c,5638.5
72279,Mi1,5638.6
55101,Mi1,5638.8
39275,Mi1,5638.900000000001
109593,Tm3,5638.900000000001
10112,VS,5639.0
46662,TmY3,5639.0
97231,T4a,5639.099999999999
76524,Tm3,5639.099999999999
62340,T2,5639.3
93527,T4a,5639.3
34356,Mi1,5639.4
54087,Mi1,5639.5
92839,T4b,5639.5
35405,Mi1,5639.6
91987,T4c,5639.8
108349,T4d,5639.9
103479,T4c,5639.9
33446,Mi1,5639.9
36533,Mi1,5639.9
39743,Mi1,5640.1
61659,Tm3,5640.1
10185,OA-VUMa8,5640.2
12896,OA-VUMa5,5640.2
83067,T4b,5640.2
88625,T4c,5640.2
36410,Mi1,5640.3
10015,HSN,5640.3
30923,TmY3,5640.400000000001
10023,HSS,5640.5
92939,T4b,5640.5
103654,T4b,5640.5
33942,Mi1,5640.6
34933,Mi1,5640.700000000001
69380,Tm3,5640.700000000001
35428,Mi1,5640.8
35152,Mi1,5640.8
51122,Mi1,5640.900000000001
55976,Mi1,5640.900000000001
69540,TmY3,5640.900000000001
91283,T4c,5640.900000000001
10041,OA-VUMa1,5641.0
10072,OA-AL2i1,5641.0
33655,Mi1,5641.1
58862,Mi1,5641.1
83227,Tm3,5641.200000000001
35218,Mi1,5641.3
104942,T4a,5641.3
101772,Tm3,5641.4
34057,Mi1,5641.500000000001
101480,T4c,5641.500000000001
95335,T4a,5641.6
95364,T4d,5641.7
77383,T2a,5641.7
112744,T4d,5641.8
42119,Mi1,5641.900000000001
111746,Tm3,5641.900000000001
117662,T4d,5641.900000000001
10168,OA-VUMa6,5642.1
86686,T4c,5642.1
72558,T2a,5642.2
97171,T4d,5642.2
97675,T4c,5642.2
10175,OA-VUMa6,5642.5
10555,OA-VUMa3,5642.5
10658,OA-AL2i3,5642.5
92993,Tm3,5642.5
108438,T4d,5642.5
110988,T4a,5642.599999999999
124490,Tm3,5642.599999999999
35836,Mi1,5642.700000000001
91469,T4c,5642.8
10825,OA-AL2i3,5642.9
33907,Mi1,5642.9
100787,T4b,5643.000000000001
67719,T2a,5643.000000000001
47368,TmY3,5643.000000000001
73284,T2a,5643.000000000001
12109,OA-VUMa2,5643.000000000001
10037,VS,5643.000000000001
33462,Mi1,5643.000000000001
10025,H2,5643.1
96295,T4b,5643.1
11608,OA-VUMa2,5643.2
68982,Tm3,5643.2
104683,T4b,5643.400000000001
97853,T4c,5643.400000000001
93334,T4b,5643.6
83979,T4a,5643.8
36540,Mi1,5643.8
10080,OA-VUMa3,5643.900000000001
34045,Mi1,5644.0
65106,T2,5644.0
102519,T4a,5644.0
10016,HSE,5644.099999999999
34369,Mi1,5644.099999999999
37000,Mi1,5644.099999999999
78968,Tm3,5644.099999999999
112633,T4b,5644.200000000001
37019,Mi1,5644.4
97899,T4a,5644.4
92431,T4a,5644.5
92842,T4a,5644.5
88992,T4c,5644.6
59397,Mi1,5644.6
10011,OA-AL2i1,5644.6
47962,TmY3,5644.6
10687,OA-AL2i3,5644.7
35498,Mi1,5644.7
99670,T4c,5644.7
35770,Mi1,5644.8
109631,T4b,5644.8
36217,Mi1,5644.900000000001
11602,OA-ASM1,5644.900000000001
53065,Mi1,5644.900000000001
96576,T4c,5644.900000000001
106952,T4b,5645.0
38767,Mi1,5645.1
97161,T4a,5645.1
49324,Mi1,5645.2
71773,T2a,5645.2
36252,Mi1,5645.2
34849,Mi1,5645.3
95005,T4a,5645.400000000001
97028,T4c,5645.400000000001
120231,Tm3,5645.5
74023,T2a,5645.5
10226,OA-AL2i3,5645.599999999999
91806,T4a,5645.599999999999
93972,T4a,5645.599999999999
10112,VS,5645.8
35017,Mi1,5645.8
92644,T4d,5645.8
110646,T4b,5646.0
102975,T4b,5646.0
37948,Mi1,5646.0
102791,T4c,5646.1
20808,LC4,5646.3
52328,TmY3,5646.4
11005,OA-VUMa4,5646.5
34300,Mi1,5646.5
87424,T4d,5646.5
90049,T4c,5646.6
95822,T4b,5646.6
39158,Mi1,5646.6
10677,OA-AL2i4,5646.7
105698,T4c,5646.7
526158,Mi1,5646.7
10015,HSN,5646.900000000001
10206,VS,5646.900000000001
50333,TmY3,5646.900000000001
67113,Mi1,5646.900000000001
104257,T4b,5647.0
10204,OA-AL2i2,5647.0
68842,TmY3,5647.099999999999
108065,T4c,5647.099999999999
287884,OA-VPM3,5647.099999999999
104297,T4a,5647.200000000001
109142,T4b,5647.3
101215,T4c,5647.4
132834,Tm3,5647.5
38479,Mi1,5647.5
100867,T4b,5647.6
12688,OA-ASM1,5647.6
89139,T4c,5647.6
41809,Mi1,5647.7
10269,OA-AL2i2,5647.8
75521,T2a,5647.8
100680,T4d,5647.8
10187,OA-VPM3,5648.000000000001
89368,T4c,5648.000000000001
83365,T2a,5648.1
35845,Mi1,5648.1
34189,Mi1,5648.2
98668,T4a,5648.2
10265,OA-AL2i2,5648.3
101043,T4c,5648.3
94743,T4d,5648.400000000001
114391,T4d,5648.400000000001
98099,T4b,5648.400000000001
38238,Mi1,5648.400000000001
10799,OA-VUMa4,5648.400000000001
21336,LC4,5648.400000000001
10755,H1,5648.400000000001
92047,T4c,5648.400000000001
10322,OA-AL2i2,5648.5
10652,OA-AL2i4,5648.5
93750,T4c,5648.5
65298,T2a,5648.6
11264,OA-ASM1,5648.6
34862,Mi1,5648.6
35580,Mi1,5648.6
49372,TmY3,5648.6
97480,T4c,5648.8
72955,T2a,5648.900000000001
10025,H2,5648.900000000001
104858,T4b,5648.900000000001
10110,OA-VUMa1,5649.0
78108,T2a,5649.1
23098,LC4,5649.200000000001
94305,T4a,5649.4
109598,T4b,5649.500000000001
103022,T4a,5649.6
36954,Mi1,5649.8
10072,OA-AL2i1,5649.900000000001
69597,Tm3,5650.0
96134,T4b,5650.0
98887,T4b,5650.0
21313,LC4,5650.1
95458,T4d,5650.2
23392,LC4,5650.3
34479,Mi1,5650.3
32893,Mi1,5650.400000000001
36446,Mi1,5650.400000000001
98118,T4c,5650.400000000001
37568,Mi1,5650.5
37631,Mi1,5650.599999999999
11921,OA-VPM4,5650.599999999999
10016,HSE,5650.700000000001
10023,HSS,5650.700000000001
77991,Tm3,5650.700000000001
10120,OA-VPM4,5650.8
68522,T2a,5650.8
109649,T4c,5651.000000000001
65671,Mi1,5651.1
37599,Mi1,5651.2
56564,Mi1,5651.2
35840,Mi1,5651.3
286259,OA-ASM1,5651.3
12896,OA-VUMa5,5651.6
36452,Mi1,5651.6
36994,Mi1,5651.6
54885,TmY3,5651.6
104191,T4a,5651.8
38893,Mi1,5651.8
35100,Mi1,5651.900000000001
71161,T2a,5651.900000000001
10001,DNp01,5652.0
95883,T4a,5652.099999999999
10041,OA-VUMa1,5652.200000000001
127615,Tm3,5652.200000000001
34356,Mi1,5652.4
63420,Mi1,5652.4
35602,Mi1,5652.5
10185,OA-VUMa8,5652.6
67150,T2a,5652.6
35405,Mi1,5652.7
10037,VS,5652.8
73586,Tm3,5653.0
122308,Tm3,5653.400000000001
36533,Mi1,5653.400000000001
34899,Mi1,5653.400000000001
92706,T4a,5653.5
10112,VS,5653.599999999999
10175,OA-VUMa6,5653.599999999999
33446,Mi1,5653.599999999999
10168,OA-VUMa6,5653.700000000001
10658,OA-AL2i3,5653.700000000001
55101,Mi1,5653.700000000001
101620,T4b,5653.700000000001
34079,Mi1,5653.8
79271,T4a,5653.8
54087,Mi1,5653.9
10015,HSN,5654.2
72279,Mi1,5654.2
16138,LC4,5654.3
36410,Mi1,5654.3
39275,Mi1,5654.4
33655,Mi1,5654.4
10825,OA-AL2i3,5654.5
11608,OA-VUMa2,5654.5
10025,H2,5654.5
101005,T4d,5654.5
90423,T4b,5654.6
66808,Tm3,5654.6
58862,Mi1,5654.7
92996,T4a,5654.7
34057,Mi1,5654.8
39743,Mi1,5654.8
42006,TmY3,5654.900000000001
97885,T4a,5654.900000000001
108307,T4b,5655.0
33942,Mi1,5655.099999999999
55976,Mi1,5655.099999999999
98381,T4d,5655.200000000001
35152,Mi1,5655.3
51122,Mi1,5655.3
12109,OA-VUMa2,5655.4
94356,T4c,5655.4
95681,T4a,5655.5
89434,T4c,5655.6
98300,T4a,5655.700000000001
103425,T4a,5655.700000000001
33462,Mi1,5655.8
34933,Mi1,5656.000000000001
35428,Mi1,5656.1
90121,T4b,5656.1
10687,OA-AL2i3,5656.2
42119,Mi1,5656.2
35218,Mi1,5656.400000000001
11602,OA-ASM1,5656.5
68562,T2a,5656.5
100946,T4c,5656.7
122233,Tm3,5656.7
10555,OA-VUMa3,5656.8
88698,T4a,5656.900000000001
33907,Mi1,5657.0
111184,T4a,5657.0
10226,OA-AL2i3,5657.0
10080,OA-VUMa3,5657.200000000001
95453,T4a,5657.3
35836,Mi1,5657.4
100033,T4c,5657.4
34369,Mi1,5657.500000000001
90278,T4a,5657.500000000001
100032,T4c,5657.8
103440,T4d,5657.8
98194,T4d,5658.2
99922,T4c,5658.2
109857,T4d,5658.400000000001
11005,OA-VUMa4,5658.400000000001
34045,Mi1,5658.400000000001
36540,Mi1,5658.400000000001
37019,Mi1,5658.400000000001
43334,TmY3,5658.5
36217,Mi1,5658.5
35017,Mi1,5658.599999999999
35770,Mi1,5658.599999999999
98788,T4d,5658.599999999999
10016,HSE,5658.700000000001
65513,T2a,5658.8
93419,T4b,5658.8
36252,Mi1,5658.9
37948,Mi1,5658.9
102462,T4c,5658.9
10269,OA-AL2i2,5659.000000000001
287884,OA-VPM3,5659.000000000001
53065,Mi1,5659.1
10011,OA-AL2i1,5659.2
95239,T4a,5659.2
38767,Mi1,5659.3
10677,OA-AL2i4,5659.3
34849,Mi1,5659.400000000001
37000,Mi1,5659.400000000001
10322,OA-AL2i2,5659.400000000001
10799,OA-VUMa4,5659.400000000001
10072,OA-AL2i1,5659.5
35498,Mi1,5659.5
66325,Tm3,5659.5
99628,T4b,5659.5
59397,Mi1,5659.6
800146,TTMn,5659.8
67113,Mi1,5660.099999999999
10001,DNp01,5660.4
85126,T4a,5660.4
73828,Tm3,5660.5
72194,Tm3,5660.6
10652,OA-AL2i4,5660.7
87390,T2a,5660.7
91913,T4b,5660.7
10110,OA-VUMa1,5660.8
83689,T4a,5660.900000000001
10015,HSN,5660.900000000001
10204,OA-AL2i2,5661.0
34189,Mi1,5661.0
39158,Mi1,5661.0
12688,OA-ASM1,5661.1
49324,Mi1,5661.1
101772,Tm3,5661.1
104368,T4c,5661.2
92281,T4c,5661.2
11264,OA-ASM1,5661.2
34300,Mi1,5661.2
10037,VS,5661.3
97249,T4d,5661.3
526158,Mi1,5661.3
10187,OA-VPM3,5661.400000000001
35845,Mi1,5661.599999999999
52485,TmY3,5661.700000000001
94624,T4a,5661.700000000001
97231,T4a,5661.8
38479,Mi1,5661.9
76325,T2a,5661.9
75848,T2a,5662.0
88625,T4c,5662.0
91682,T4b,5662.0
93566,T4a,5662.0
99950,T4c,5662.0
107442,T4d,5662.1
78561,Tm3,5662.1
41809,Mi1,5662.1
10265,OA-AL2i2,5662.1
10025,H2,5662.2
94287,T4d,5662.2
10023,HSS,5662.3
66214,T2a,5662.3
69793,T2a,5662.3
107105,T4d,5662.4
118924,Tm3,5662.4
96126,T4b,5662.5
12896,OA-VUMa5,5662.6
34862,Mi1,5662.6
99663,T4c,5662.6
105718,T4b,5662.900000000001
92939,T4b,5663.0
51231,TmY3,5663.0
127153,Tm3,5663.0
10120,OA-VPM4,5663.0
35580,Mi1,5663.0
79257,Tm3,5663.200000000001
88152,T4c,5663.3
92114,T4c,5663.400000000001
10041,OA-VUMa1,5663.6
36954,Mi1,5663.6
37631,Mi1,5663.700000000001
108697,T4d,5663.700000000001
38238,Mi1,5663.9
91057,T4c,5664.000000000001
81995,Tm3,5664.000000000001
34479,Mi1,5664.000000000001
32893,Mi1,5664.000000000001
10112,VS,5664.1
98985,T4c,5664.1
91283,T4c,5664.2
101383,T4b,5664.2
83979,T4a,5664.3
71052,T2a,5664.400000000001
10185,OA-VUMa8,5664.5
50333,TmY3,5664.6
89290,T4d,5664.6
97675,T4c,5664.7
286259,OA-ASM1,5664.7
11921,OA-VPM4,5664.8
82282,Tm3,5664.8
92431,T4a,5664.8
107170,T4b,5665.0
10168,OA-VUMa6,5665.0
36446,Mi1,5665.0
47368,TmY3,5665.1
102791,T4c,5665.1
11608,OA-VUMa2,5665.200000000001
37568,Mi1,5665.200000000001
56564,Mi1,5665.200000000001
65671,Mi1,5665.200000000001
94179,T4a,5665.200000000001
99011,T4c,5665.200000000001
36994,Mi1,5665.4
37599,Mi1,5665.4
80302,T2a,5665.500000000001
91469,T4c,5665.500000000001
125171,Tm3,5665.500000000001
95005,T4a,5665.6
70800,Tm3,5665.6
117627,Tm3,5665.6
35840,Mi1,5665.6
62272,T2,5665.6
10016,HSE,5665.7
10175,OA-VUMa6,5665.7
45005,TmY3,5665.900000000001
99131,T4c,5665.900000000001
537004,VSm,5665.900000000001
101685,T4b,5666.0
97899,T4a,5666.0
10658,OA-AL2i3,5666.0
74373,Tm3,5666.1
10825,OA-AL2i3,5666.2
38893,Mi1,5666.2
96090,T4c,5666.3
34899,Mi1,5666.400000000001
72796,Tm3,5666.599999999999
74228,Tm3,5666.8
102741,T4c,5666.8
34356,Mi1,5666.8
63420,Mi1,5666.9
68982,Tm3,5666.9
35405,Mi1,5667.000000000001
36533,Mi1,5667.000000000001
10037,VS,5667.1
12109,OA-VUMa2,5667.1
35602,Mi1,5667.1
36452,Mi1,5667.3
35100,Mi1,5667.5
116129,T4b,5667.6
54087,Mi1,5667.7
10755,H1,5667.8
91806,T4a,5667.8
34057,Mi1,5667.900000000001
66980,T2a,5667.900000000001
33446,Mi1,5668.0
112744,T4d,5668.0
23392,LC4,5668.0
91444,T4c,5668.099999999999
10015,HSN,5668.099999999999
10687,OA-AL2i3,5668.099999999999
10226,OA-AL2i3,5668.200000000001
92839,T4b,5668.200000000001
107143,T4d,5668.200000000001
71475,Tm3,5668.3
55101,Mi1,5668.4
109868,Tm3,5668.4
33655,Mi1,5668.4
36410,Mi1,5668.4
91987,T4c,5668.5
95822,T4b,5668.6
55976,Mi1,5668.7
69980,Tm3,5668.7
58862,Mi1,5669.0
109593,Tm3,5669.1
70239,T2,5669.1
104257,T4b,5669.2
11005,OA-VUMa4,5669.2
72558,T2a,5669.2
39275,Mi1,5669.3
97028,T4c,5669.400000000001
116311,T4d,5669.400000000001
11602,OA-ASM1,5669.5
51122,Mi1,5669.5
33942,Mi1,5669.599999999999
10080,OA-VUMa3,5669.700000000001
94153,T4d,5669.700000000001
97171,T4d,5669.700000000001
101215,T4c,5669.8
35836,Mi1,5669.8
73284,T2a,5669.8
96576,T4c,5669.8
102519,T4a,5669.8
10072,OA-AL2i1,5669.9
10025,H2,5669.9
39743,Mi1,5670.0
42119,Mi1,5670.0
94305,T4a,5670.0
97853,T4c,5670.0
35218,Mi1,5670.1
93750,T4c,5670.1
103479,T4c,5670.1
10269,OA-AL2i2,5670.2
96295,T4b,5670.2
104683,T4b,5670.2
33462,Mi1,5670.3
34079,Mi1,5670.3
92047,T4c,5670.4
72279,Mi1,5670.5
35428,Mi1,5670.7
34933,Mi1,5670.799999999999
35152,Mi1,5670.799999999999
95554,T4b,5670.799999999999
10110,OA-VUMa1,5670.900000000001
10677,OA-AL2i4,5670.900000000001
77383,T2a,5670.900000000001
106922,T4c,5670.900000000001
10555,OA-VUMa3,5671.0
95335,T4a,5671.0
287884,OA-VPM3,5671.0
10799,OA-VUMa4,5671.200000000001
36540,Mi1,5671.200000000001
95364,T4d,5671.200000000001
102016,T4a,5671.200000000001
10322,OA-AL2i2,5671.3
37948,Mi1,5671.3
93688,T4a,5671.400000000001
36252,Mi1,5671.400000000001
34369,Mi1,5671.5
36177,Mi1,5671.6
34045,Mi1,5671.6
92706,T4a,5671.6
77480,Tm3,5671.8
35770,Mi1,5671.8
81401,T4b,5671.8
93972,T4a,5671.9
20808,LC4,5672.000000000001
33907,Mi1,5672.000000000001
92415,T4a,5672.000000000001
103022,T4a,5672.000000000001
103654,T4b,5672.1
35017,Mi1,5672.2
37853,Mi1,5672.2
86686,T4c,5672.2
34849,Mi1,5672.3
37019,Mi1,5672.3
37371,Mi1,5672.3
10112,VS,5672.5
74023,T2a,5672.5
67150,T2a,5672.6
69540,TmY3,5672.7
59397,Mi1,5672.7
69380,Tm3,5672.7
40026,TmY3,5672.7
47962,TmY3,5672.7
53065,Mi1,5672.8
94755,T4a,5672.8
75484,Tm3,5672.900000000001
89434,T4c,5672.900000000001
35806,Mi1,5673.0
67113,Mi1,5673.0
36217,Mi1,5673.1
35498,Mi1,5673.1
101480,T4c,5673.1
123514,Tm3,5673.1
83204,T4d,5673.200000000001
100787,T4b,5673.200000000001
104858,T4b,5673.3
109142,T4b,5673.3
10037,VS,5673.3
10041,OA-VUMa1,5673.3
97161,T4a,5673.4
37353,Mi1,5673.4
38767,Mi1,5673.4
12896,OA-VUMa5,5673.500000000001
37000,Mi1,5673.6
53075,TmY3,5673.6
10187,OA-VPM3,5673.7
10652,OA-AL2i4,5673.8
104008,T4b,5673.900000000001
100867,T4b,5674.0
112179,T4b,5674.0
10015,HSN,5674.1
100018,T4a,5674.3
11264,OA-ASM1,5674.400000000001
92842,T4a,5674.400000000001
119245,T4d,5674.5
12688,OA-ASM1,5674.5
10023,HSS,5674.5
10011,OA-AL2i1,5674.5
10265,OA-AL2i2,5674.599999999999
110403,T4b,5674.599999999999
10016,HSE,5674.700000000001
21313,LC4,5674.700000000001
34296,Mi1,5674.700000000001
78422,Tm3,5674.700000000001
95883,T4a,5674.700000000001
104297,T4a,5674.700000000001
109536,T4d,5674.700000000001
72955,T2a,5674.8
101043,T4c,5674.8
101873,T4b,5674.8
35845,Mi1,5674.9
79345,T2a,5674.9
10204,OA-AL2i2,5674.9
34862,Mi1,5674.9
95458,T4d,5674.9
95453,T4a,5675.000000000001
87424,T4d,5675.000000000001
21336,LC4,5675.2
75521,T2a,5675.2
85737,T2a,5675.2
37270,Mi1,5675.3
73807,Tm3,5675.3
104414,T4d,5675.3
98887,T4b,5675.400000000001
79271,T4a,5675.400000000001
49324,Mi1,5675.400000000001
34189,Mi1,5675.5
89368,T4c,5675.5
526158,Mi1,5675.5
38479,Mi1,5675.6
66808,Tm3,5675.6
74937,T2a,5675.6
96163,T4b,5675.7
34300,Mi1,5675.7
70289,Mi1,5675.7
39158,Mi1,5675.8
54885,TmY3,5675.8
67971,Tm3,5675.8
68842,TmY3,5675.8
74231,Tm3,5675.8
10120,OA-VPM4,5675.900000000001
110646,T4b,5675.900000000001
65298,T2a,5676.0
90465,T4a,5676.0
98381,T4d,5676.0
97872,T4d,5676.099999999999
83067,T4b,5676.200000000001
106793,T4d,5676.3
10168,OA-VUMa6,5676.3
90423,T4b,5676.5
90049,T4c,5676.5
11608,OA-VUMa2,5676.5
10025,H2,5676.5
10185,OA-VUMa8,5676.6
16138,LC4,5676.6
38133,Mi1,5676.6
38238,Mi1,5676.6
102479,T4c,5676.6
78805,T2a,5676.7
532850,Tm3,5677.0
10825,OA-AL2i3,5677.0
98099,T4b,5677.0
41809,Mi1,5677.1
87358,T4a,5677.1
101620,T4b,5677.1
114391,T4d,5677.2
76524,Tm3,5677.2
36954,Mi1,5677.400000000001
34479,Mi1,5677.400000000001
92644,T4d,5677.5
10658,OA-AL2i3,5677.599999999999
35888,Mi1,5677.599999999999
35580,Mi1,5677.700000000001
79646,Tm3,5677.700000000001
109598,T4b,5677.700000000001
10175,OA-VUMa6,5677.8
132339,Tm3,5677.8
10001,DNp01,5677.9
37529,Mi1,5677.9
65671,Mi1,5677.9
101772,Tm3,5678.0
102462,T4c,5678.1
37631,Mi1,5678.2
52328,TmY3,5678.3
77676,T2a,5678.3
88992,T4c,5678.4
286259,OA-ASM1,5678.4
12109,OA-VUMa2,5678.5
47368,TmY3,5678.5
91469,T4c,5678.6
102579,T4b,5678.7
107719,T4b,5678.7
95356,T4a,5678.8
99423,T4d,5678.8
105698,T4c,5678.8
107609,T4d,5678.8
10112,VS,5678.900000000001
56564,Mi1,5678.900000000001
101005,T4d,5678.900000000001
10015,HSN,5679.0
35840,Mi1,5679.0
10037,VS,5679.1
32893,Mi1,5679.1
11921,OA-VPM4,5679.3
10687,OA-AL2i3,5679.400000000001
36446,Mi1,5679.400000000001
108307,T4b,5679.5
46662,TmY3,5679.5
10226,OA-AL2i3,5679.6
11005,OA-VUMa4,5679.700000000001
64579,T2,5679.700000000001
78503,T2a,5679.700000000001
38893,Mi1,5679.9
78968,Tm3,5679.9
37568,Mi1,5680.000000000001
35602,Mi1,5680.000000000001
85126,T4a,5680.000000000001
36911,Mi1,5680.1
36994,Mi1,5680.1
10269,OA-AL2i2,5680.2
74725,T2a,5680.2
127615,Tm3,5680.3
10072,OA-AL2i1,5680.400000000001
34356,Mi1,5680.5
107211,T4d,5680.5
37599,Mi1,5680.7
10755,H1,5680.7
23392,LC4,5680.8
92939,T4b,5680.8
50333,TmY3,5680.900000000001
51231,TmY3,5680.900000000001
30923,TmY3,5681.0
37037,Mi1,5681.0
48073,TmY3,5681.0
34899,Mi1,5681.1
34057,Mi1,5681.200000000001
35405,Mi1,5681.200000000001
36452,Mi1,5681.200000000001
63420,Mi1,5681.200000000001
542412,Mi1,5681.3
10206,VS,5681.4
33655,Mi1,5681.4
94624,T4a,5681.4
98118,T4c,5681.4
54087,Mi1,5681.500000000001
10025,H2,5681.6
111980,T4d,5681.6
10110,OA-VUMa1,5681.8
36410,Mi1,5681.8
102975,T4b,5681.8
10016,HSE,5681.900000000001
10322,OA-AL2i2,5682.0
94356,T4c,5682.0
10080,OA-VUMa3,5682.1
35100,Mi1,5682.2
93527,T4a,5682.2
94368,T4a,5682.2
99387,T4a,5682.2
36533,Mi1,5682.3
35934,Mi1,5682.400000000001
51122,Mi1,5682.400000000001
54211,TmY3,5682.400000000001
83227,Tm3,5682.5
33942,Mi1,5682.5
11602,OA-ASM1,5682.5
23098,LC4,5682.5
33446,Mi1,5682.599999999999
35897,Mi1,5682.700000000001
82855,Tm3,5682.8
94743,T4d,5682.8
97675,T4c,5682.8
55101,Mi1,5682.9
58862,Mi1,5683.0
35712,Mi1,5683.1
10799,OA-VUMa4,5683.2
37699,Mi1,5683.2
39275,Mi1,5683.2
98300,T4a,5683.3
108349,T4d,5683.3
91057,T4c,5683.3
35836,Mi1,5683.3
10041,OA-VUMa1,5683.3
69597,Tm3,5683.3
104191,T4a,5683.400000000001
42119,Mi1,5683.5
97231,T4a,5683.5
10677,OA-AL2i4,5683.7
55976,Mi1,5683.7
287884,OA-VPM3,5683.7
10555,OA-VUMa3,5683.8
33462,Mi1,5683.8
35017,Mi1,5684.0
35428,Mi1,5684.099999999999
98837,T4c,5684.099999999999
39743,Mi1,5684.200000000001
40854,Mi1,5684.200000000001
107529,T4d,5684.3
88625,T4c,5684.3
97899,T4a,5684.3
35152,Mi1,5684.3
34079,Mi1,5684.3
35234,Mi1,5684.4
100310,T4d,5684.4
12896,OA-VUMa5,5684.5
34933,Mi1,5684.5
95681,T4a,5684.5
10015,HSN,5684.6
103827,T4c,5684.7
99922,T4c,5684.7
21313,LC4,5684.7
34045,Mi1,5684.7
99011,T4c,5684.7
37948,Mi1,5684.8
111746,Tm3,5684.8
117662,T4d,5684.9
35218,Mi1,5684.9
108438,T4d,5685.0
36252,Mi1,5685.0
36540,Mi1,5685.0
68982,Tm3,5685.1
98788,T4d,5685.1
10037,VS,5685.2
72279,Mi1,5685.2
21336,LC4,5685.400000000001
92281,T4c,5685.400000000001
34369,Mi1,5685.5
49372,TmY3,5685.5
72829,T2a,5685.599999999999
88167,T4b,5685.700000000001
83979,T4a,5685.700000000001
100032,T4c,5685.700000000001
102112,T4c,5685.8
42006,TmY3,5685.8
122233,Tm3,5685.8
53065,Mi1,5685.9
83365,T2a,5685.9
92114,T4c,5686.0
44244,TmY3,5686.0
91913,T4b,5686.1
10112,VS,5686.2
10023,HSS,5686.3
34849,Mi1,5686.3
59397,Mi1,5686.4
92996,T4a,5686.4
105521,T4c,5686.5
10187,OA-VPM3,5686.5
10265,OA-AL2i2,5686.6
10001,DNp01,5686.7
33907,Mi1,5686.7
93566,T4a,5686.7
100033,T4c,5686.7
106952,T4b,5686.7
73096,T2a,5686.8
92431,T4a,5686.900000000001
37019,Mi1,5686.900000000001
10652,OA-AL2i4,5686.900000000001
35770,Mi1,5687.0
72148,Tm3,5687.0
99670,T4c,5687.0
103025,T4a,5687.0
103160,T4a,5687.0
120231,Tm3,5687.0
109631,T4b,5687.1
98668,T4a,5687.1
93419,T4b,5687.1
12688,OA-ASM1,5687.200000000001
35498,Mi1,5687.200000000001
93224,T4a,5687.200000000001
68562,T2a,5687.3
67113,Mi1,5687.400000000001
104674,T4a,5687.400000000001
113686,T4d,5687.5
45005,TmY3,5687.5
36217,Mi1,5687.5
11264,OA-ASM1,5687.6
92047,T4c,5687.6
98985,T4c,5687.6
100567,T4d,5687.700000000001
20808,LC4,5687.8
109857,T4d,5687.8
91682,T4b,5688.000000000001
96090,T4c,5688.000000000001
102564,T4a,5688.000000000001
110988,T4a,5688.000000000001
10825,OA-AL2i3,5688.1
11608,OA-VUMa2,5688.1
94179,T4a,5688.1
102801,T4b,5688.1
10168,OA-VUMa6,5688.2
38767,Mi1,5688.2
10025,H2,5688.2
10204,OA-AL2i2,5688.3
100946,T4c,5688.3
10658,OA-AL2i3,5688.400000000001
65513,T2a,5688.5
10120,OA-VPM4,5688.8
10185,OA-VUMa8,5688.8
36177,Mi1,5688.8
68522,T2a,5688.900000000001
37000,Mi1,5689.0
96126,T4b,5689.0
98194,T4d,5689.0
104336,T4b,5689.1
35845,Mi1,5689.200000000001
117627,Tm3,5689.200000000001
99663,T4c,5689.3
526158,Mi1,5689.3
71052,T2a,5689.3
71398,Tm3,5689.4
102741,T4c,5689.4
10016,HSE,5689.4
72558,T2a,5689.500000000001
99950,T4c,5689.500000000001
12109,OA-VUMa2,5689.6
34189,Mi1,5689.6
10687,OA-AL2i3,5689.7
34862,Mi1,5689.8
107621,T4d,5689.8
10175,OA-VUMa6,5689.8
16138,LC4,5689.8
101215,T4c,5689.900000000001
105135,T4c,5689.900000000001
109649,T4c,5689.900000000001
111184,T4a,5689.900000000001
34300,Mi1,5690.0
94287,T4d,5690.0
118924,Tm3,5690.0
96134,T4b,5690.1
95822,T4b,5690.1
10015,HSN,5690.1
11005,OA-VUMa4,5690.1
48547,TmY3,5690.1
97885,T4a,5690.2
108065,T4c,5690.2
112744,T4d,5690.2
37353,Mi1,5690.3
38238,Mi1,5690.3
83689,T4a,5690.3
90121,T4b,5690.3
10226,OA-AL2i3,5690.5
37853,Mi1,5690.5
95883,T4a,5690.599999999999
10072,OA-AL2i1,5690.599999999999
10284,VS,5690.599999999999
41809,Mi1,5690.700000000001
39158,Mi1,5690.700000000001
38479,Mi1,5690.700000000001
10011,OA-AL2i1,5690.8
35806,Mi1,5690.8
10269,OA-AL2i2,5690.9
10206,VS,5691.0
35840,Mi1,5691.0
49324,Mi1,5691.0
93750,T4c,5691.0
104450,T4a,5691.0
100956,T4d,5691.1
91806,T4a,5691.1
98654,T4d,5691.1
34479,Mi1,5691.3
95453,T4a,5691.3
99628,T4b,5691.3
107442,T4d,5691.5
36954,Mi1,5691.7
286259,OA-ASM1,5691.8
97028,T4c,5691.8
37371,Mi1,5691.8
91283,T4c,5691.8
65671,Mi1,5691.900000000001
10037,VS,5692.0
102791,T4c,5692.0
10322,OA-AL2i2,5692.099999999999
12521,HST,5692.099999999999
35580,Mi1,5692.099999999999
37631,Mi1,5692.099999999999
104257,T4b,5692.099999999999
10110,OA-VUMa1,5692.200000000001
89290,T4d,5692.200000000001
101772,Tm3,5692.200000000001
99131,T4c,5692.5
116716,T4b,5692.6
66808,Tm3,5692.6
70289,Mi1,5692.7
101770,T4b,5692.8
104027,T4d,5693.0
32893,Mi1,5693.0
35602,Mi1,5693.1
34296,Mi1,5693.2
47368,TmY3,5693.3
97784,T4c,5693.3
10112,VS,5693.400000000001
56564,Mi1,5693.400000000001
37270,Mi1,5693.5
95005,T4a,5693.5
34356,Mi1,5693.5
35405,Mi1,5693.599999999999
36446,Mi1,5693.599999999999
547091,T2,5693.599999999999
11921,OA-VPM4,5693.700000000001
10001,DNp01,5693.9
71161,T2a,5693.9
66214,T2a,5694.0
36452,Mi1,5694.1
35888,Mi1,5694.1
10799,OA-VUMa4,5694.2
36994,Mi1,5694.2
38893,Mi1,5694.2
90278,T4a,5694.2
10025,H2,5694.3
38133,Mi1,5694.3
10016,HSE,5694.4
10080,OA-VUMa3,5694.4
89139,T4c,5694.4
107170,T4b,5694.4
91444,T4c,5694.5
10015,HSN,5694.6
10041,OA-VUMa1,5694.6
89368,T4c,5694.6
102147,T4c,5694.6
92706,T4a,5694.7
37568,Mi1,5694.7
37529,Mi1,5694.7
11602,OA-ASM1,5694.7
66325,Tm3,5694.8
87722,T2a,5694.8
10023,HSS,5694.900000000001
54087,Mi1,5695.0
96774,T4c,5695.0
51050,TmY3,5695.3
37599,Mi1,5695.3
34899,Mi1,5695.3
36533,Mi1,5695.400000000001
33446,Mi1,5695.5
91469,T4c,5695.5
75298,T2a,5695.8
94305,T4a,5695.8
103022,T4a,5695.8
98887,T4b,5695.9
34057,Mi1,5695.9
33655,Mi1,5695.9
36410,Mi1,5695.9
63420,Mi1,5696.000000000001
101685,T4b,5696.000000000001
89434,T4c,5696.1
90423,T4b,5696.1
287884,OA-VPM3,5696.400000000001
97161,T4a,5696.5
112633,T4b,5696.5
800146,TTMn,5696.5
52485,TmY3,5696.6
73284,T2a,5696.6
96295,T4b,5696.7
91987,T4c,5696.7
55101,Mi1,5696.8
67150,T2a,5696.8
39275,Mi1,5696.8
70800,Tm3,5696.8
12896,OA-VUMa5,5696.900000000001
35836,Mi1,5697.0
10677,OA-AL2i4,5697.200000000001
33942,Mi1,5697.200000000001
35017,Mi1,5697.200000000001
103425,T4a,5697.200000000001
101383,T4b,5697.3
122308,Tm3,5697.3
21336,LC4,5697.3
66345,T2a,5697.3
36911,Mi1,5697.4
97853,T4c,5697.4
35428,Mi1,5697.500000000001
58862,Mi1,5697.500000000001
100787,T4b,5697.6
33462,Mi1,5697.6
35100,Mi1,5697.6
40026,TmY3,5697.6
42119,Mi1,5697.8
10555,OA-VUMa3,5697.8
37948,Mi1,5697.8
34045,Mi1,5697.900000000001
39743,Mi1,5697.900000000001
51122,Mi1,5697.900000000001
69980,Tm3,5697.900000000001
10755,H1,5698.0
55976,Mi1,5698.0
102519,T4a,5698.1
10265,OA-AL2i2,5698.3
104683,T4b,5698.400000000001
36540,Mi1,5698.5
34849,Mi1,5698.599999999999
34933,Mi1,5698.700000000001
100867,T4b,5698.700000000001
542412,Mi1,5698.700000000001
36252,Mi1,5698.9
35152,Mi1,5699.0
10037,VS,5699.0
10187,OA-VPM3,5699.0
34369,Mi1,5699.1
59397,Mi1,5699.1
75848,T2a,5699.2
106922,T4c,5699.2
91934,T4a,5699.3
101480,T4c,5699.3
10658,OA-AL2i3,5699.5
10825,OA-AL2i3,5699.5
93166,T4c,5699.6
99292,T4a,5699.6
11608,OA-VUMa2,5699.7
34079,Mi1,5699.7
72279,Mi1,5699.8
12688,OA-ASM1,5699.8
37037,Mi1,5700.0
11005,OA-VUMa4,5700.0
10652,OA-AL2i4,5700.200000000001
35498,Mi1,5700.200000000001
95335,T4a,5700.200000000001
10015,HSN,5700.3
104858,T4b,5700.3
10025,H2,5700.4
35897,Mi1,5700.4
79271,T4a,5700.4
35712,Mi1,5700.5
54885,TmY3,5700.5
105718,T4b,5700.5
35934,Mi1,5700.6
35218,Mi1,5700.6
112775,T4d,5700.6
10016,HSE,5700.6
10168,OA-VUMa6,5700.6
37019,Mi1,5700.7
37699,Mi1,5700.7
11264,OA-ASM1,5700.7
67971,Tm3,5700.7
87390,T2a,5700.8
72955,T2a,5700.8
116129,T4b,5701.1
10120,OA-VPM4,5701.2
53065,Mi1,5701.2
74023,T2a,5701.2
10687,OA-AL2i3,5701.3
35770,Mi1,5701.3
36217,Mi1,5701.3
10204,OA-AL2i2,5701.400000000001
10072,OA-AL2i1,5701.599999999999
10226,OA-AL2i3,5701.599999999999
35234,Mi1,5701.599999999999
73828,Tm3,5701.599999999999
67113,Mi1,5701.700000000001
10185,OA-VUMa8,5701.8
12109,OA-VUMa2,5701.8
95239,T4a,5701.9
33907,Mi1,5701.9
10175,OA-VUMa6,5702.0
124490,Tm3,5702.0
75521,T2a,5702.1
10269,OA-AL2i2,5702.2
109142,T4b,5702.2
40854,Mi1,5702.3
50333,TmY3,5702.3
78561,Tm3,5702.4
112179,T4b,5702.4
107105,T4d,5702.5
34862,Mi1,5702.6
85126,T4a,5702.6
94755,T4a,5702.6
103654,T4b,5702.6
104368,T4c,5702.7
104942,T4a,5702.7
92254,T4b,5702.7
88152,T4c,5702.7
37000,Mi1,5702.7
34300,Mi1,5702.7
34189,Mi1,5702.7
10110,OA-VUMa1,5702.8
85007,T4c,5702.8
93334,T4b,5702.8
10322,OA-AL2i2,5702.900000000001
38767,Mi1,5702.900000000001
35845,Mi1,5703.0
10112,VS,5703.1
92842,T4a,5703.200000000001
109598,T4b,5703.200000000001
68982,Tm3,5703.400000000001
104297,T4a,5703.400000000001
36177,Mi1,5703.5
72194,Tm3,5703.5
91057,T4c,5703.5
78856,Tm3,5703.6
38238,Mi1,5703.700000000001
93688,T4a,5703.9
40596,Mi1,5704.000000000001
66980,T2a,5704.000000000001
38479,Mi1,5704.2
69380,Tm3,5704.2
39158,Mi1,5704.400000000001
49324,Mi1,5704.400000000001
110403,T4b,5704.5
71475,Tm3,5704.5
526158,Mi1,5704.6
76325,T2a,5704.7
79257,Tm3,5704.7
286259,OA-ASM1,5704.7
10041,OA-VUMa1,5704.8
88625,T4c,5704.8
35840,Mi1,5704.900000000001
34479,Mi1,5705.0
41809,Mi1,5705.0
10799,OA-VUMa4,5705.0
10023,HSS,5705.099999999999
108307,T4b,5705.099999999999
88698,T4a,5705.200000000001
69793,T2a,5705.3
93972,T4a,5705.3
98099,T4b,5705.3
127153,Tm3,5705.3
95458,T4d,5705.4
87424,T4d,5705.4
23392,LC4,5705.4
10011,OA-AL2i1,5705.500000000001
10025,H2,5705.6
21313,LC4,5705.6
97899,T4a,5705.7
78108,T2a,5705.8
99011,T4c,5705.8
107240,T4b,5706.0
80302,T2a,5706.0
36954,Mi1,5706.0
36139,Mi1,5706.0
77383,T2a,5706.0
34463,Mi1,5706.1
35580,Mi1,5706.1
35806,Mi1,5706.1
107609,T4d,5706.1
37853,Mi1,5706.2
35602,Mi1,5706.2
37631,Mi1,5706.2
102425,T4b,5706.3
81995,Tm3,5706.400000000001
112619,T4d,5706.400000000001
37353,Mi1,5706.599999999999
37371,Mi1,5706.599999999999
97675,T4c,5706.599999999999
97028,T4c,5706.700000000001
35405,Mi1,5706.700000000001
10080,OA-VUMa3,5706.700000000001
10016,HSE,5706.8
10015,HSN,5706.9
88992,T4c,5706.9
93527,T4a,5706.9
110646,T4b,5707.0
94624,T4a,5707.1
98381,T4d,5707.1
79646,Tm3,5707.1
83979,T4a,5707.1
56564,Mi1,5707.2
70289,Mi1,5707.2
36452,Mi1,5707.400000000001
34296,Mi1,5707.5
92939,T4b,5707.5
95554,T4b,5707.5
82145,T2a,5707.6
38893,Mi1,5707.6
34356,Mi1,5707.6
11602,OA-ASM1,5707.6
20808,LC4,5707.7
65671,Mi1,5707.7
94356,T4c,5708.0
36533,Mi1,5708.099999999999
102462,T4c,5708.099999999999
36446,Mi1,5708.200000000001
36994,Mi1,5708.200000000001
104008,T4b,5708.200000000001
10001,DNp01,5708.3
102579,T4b,5708.3
104354,T4b,5708.3
32893,Mi1,5708.4
47962,TmY3,5708.4
65531,T2a,5708.4
37270,Mi1,5708.5
287884,OA-VPM3,5708.8
92281,T4c,5708.8
41626,Mi1,5708.8
72796,Tm3,5708.8
81401,T4b,5708.8
11921,OA-VPM4,5708.9
35888,Mi1,5708.9
71773,T2a,5708.9
72938,T2a,5708.9
10677,OA-AL2i4,5709.0
41545,Mi1,5709.0
33655,Mi1,5709.1
98118,T4c,5709.1
46662,TmY3,5709.3
37568,Mi1,5709.3
12896,OA-VUMa5,5709.3
34057,Mi1,5709.3
39275,Mi1,5709.599999999999
116311,T4d,5709.700000000001
33446,Mi1,5709.700000000001
37599,Mi1,5709.700000000001
92047,T4c,5709.8
37948,Mi1,5709.8
101620,T4b,5710.0
35836,Mi1,5710.1
90394,T4a,5710.1
10025,H2,5710.2
10825,OA-AL2i3,5710.2
38133,Mi1,5710.2
10037,VS,5710.3
37529,Mi1,5710.3
10265,OA-AL2i2,5710.4
35001,Mi1,5710.4
78503,T2a,5710.4
31848,Mi1,5710.500000000001
54087,Mi1,5710.500000000001
72558,T2a,5710.500000000001
90049,T4c,5710.500000000001
10755,H1,5710.6
11005,OA-VUMa4,5710.7
86686,T4c,5710.7
94368,T4a,5710.7
104257,T4b,5710.7
10555,OA-VUMa3,5710.8
42119,Mi1,5710.8
96576,T4c,5710.900000000001
71394,T2a,5710.900000000001
10658,OA-AL2i3,5710.900000000001
35017,Mi1,5710.900000000001
35774,Mi1,5711.0
39692,TmY3,5711.0
106912,Tm3,5711.0
36410,Mi1,5711.1
48986,TmY3,5711.1
105698,T4c,5711.1
100310,T4d,5711.2
70812,TmY3,5711.2
34899,Mi1,5711.2
11608,OA-VUMa2,5711.2
51122,Mi1,5711.2
55101,Mi1,5711.3
68562,T2a,5711.3
78968,Tm3,5711.3
100033,T4c,5711.3
106200,T4c,5711.3
63420,Mi1,5711.400000000001
33462,Mi1,5711.400000000001
33942,Mi1,5711.5
83365,T2a,5711.5
34079,Mi1,5711.6
98194,T4d,5711.6
125171,Tm3,5711.6
112321,T4d,5711.700000000001
95883,T4a,5711.700000000001
99387,T4a,5711.8
58862,Mi1,5711.8
47686,TmY3,5711.9
10187,OA-VPM3,5712.000000000001
39743,Mi1,5712.000000000001
98300,T4a,5712.000000000001
12688,OA-ASM1,5712.1
35100,Mi1,5712.1
35428,Mi1,5712.1
34045,Mi1,5712.2
61659,Tm3,5712.2
92644,T4d,5712.2
10072,OA-AL2i1,5712.3
69597,Tm3,5712.3
97171,T4d,5712.3
102016,T4a,5712.3
122233,Tm3,5712.400000000001
89290,T4d,5712.400000000001
93025,T4b,5712.400000000001
36252,Mi1,5712.400000000001
61401,T2a,5712.400000000001
55976,Mi1,5712.5
95822,T4b,5712.5
36540,Mi1,5712.6
36911,Mi1,5712.6
96090,T4c,5712.6
67150,T2a,5712.7
35152,Mi1,5712.7
104191,T4a,5712.7
10120,OA-VPM4,5712.900000000001
10226,OA-AL2i3,5712.900000000001
10652,OA-AL2i4,5712.900000000001
11264,OA-ASM1,5712.900000000001
10269,OA-AL2i2,5713.099999999999
10687,OA-AL2i3,5713.099999999999
10168,OA-VUMa6,5713.099999999999
83067,T4b,5713.099999999999
12109,OA-VUMa2,5713.200000000001
51231,TmY3,5713.3
74228,Tm3,5713.3
100032,T4c,5713.3
59397,Mi1,5713.4
94743,T4d,5713.4
93419,T4b,5713.500000000001
542412,Mi1,5713.500000000001
101043,T4c,5713.6
93750,T4c,5713.6
35770,Mi1,5713.7
37019,Mi1,5713.8
537004,VSm,5713.8
10322,OA-AL2i2,5713.900000000001
34369,Mi1,5713.900000000001
95005,T4a,5714.0
103025,T4a,5714.0
92839,T4b,5714.1
34933,Mi1,5714.1
34849,Mi1,5714.1
10110,OA-VUMa1,5714.1
30923,TmY3,5714.2
37037,Mi1,5714.2
91469,T4c,5714.2
91806,T4a,5714.2
99670,T4c,5714.2
99922,T4c,5714.2
104853,T4c,5714.2
106701,T4d,5714.2
10185,OA-VUMa8,5714.3
95356,T4a,5714.3
95364,T4d,5714.3
104336,T4b,5714.3
90121,T4b,5714.400000000001
74375,Tm3,5714.5
35897,Mi1,5714.5
52328,TmY3,5714.5
10204,OA-AL2i2,5714.5
10175,OA-VUMa6,5714.5
98788,T4d,5714.599999999999
96126,T4b,5714.599999999999
90423,T4b,5714.599999999999
100018,T4a,5714.599999999999
43334,TmY3,5714.599999999999
10112,VS,5714.599999999999
77480,Tm3,5714.599999999999
10025,H2,5714.700000000001
97231,T4a,5714.700000000001
35498,Mi1,5714.8
66808,Tm3,5714.8
95453,T4a,5714.8
109593,Tm3,5714.8
101772,Tm3,5714.9
105521,T4c,5714.9
99663,T4c,5714.9
48283,TmY3,5714.9
10041,OA-VUMa1,5714.9
76733,Tm3,5714.9
10016,HSE,5715.0
74937,T2a,5715.0
102741,T4c,5715.0
35934,Mi1,5715.1
91913,T4b,5715.1
72279,Mi1,5715.2
91741,T4d,5715.2
89434,T4c,5715.400000000001
120016,Tm3,5715.400000000001
42006,TmY3,5715.5
35712,Mi1,5715.5
36217,Mi1,5715.5
99672,T4a,5715.5
111184,T4a,5715.6
67113,Mi1,5715.6
35218,Mi1,5715.7
53065,Mi1,5715.7
77138,Tm3,5715.7
10023,HSS,5715.900000000001
67719,T2a,5715.900000000001
98985,T4c,5716.0
97480,T4c,5716.0
34300,Mi1,5716.0
69540,TmY3,5716.0
94305,T4a,5716.099999999999
65298,T2a,5716.200000000001
38238,Mi1,5716.3
121170,Tm3,5716.3
47368,TmY3,5716.4
74231,Tm3,5716.4
114817,T4d,5716.4
107143,T4d,5716.5
35234,Mi1,5716.5
37699,Mi1,5716.5
16138,LC4,5716.6
103022,T4a,5716.6
10015,HSN,5716.7
92431,T4a,5716.7
94153,T4d,5716.7
101215,T4c,5716.7
102975,T4b,5716.7
127615,Tm3,5716.7
107529,T4d,5716.8
10206,VS,5716.8
33907,Mi1,5716.8
94179,T4a,5716.8
98837,T4c,5716.9
98887,T4b,5716.9
37000,Mi1,5716.9
35845,Mi1,5717.0
68842,TmY3,5717.0
34862,Mi1,5717.0
10799,OA-VUMa4,5717.1
49930,TmY3,5717.1
112744,T4d,5717.1
90474,T4b,5717.2
48547,TmY3,5717.2
97872,T4d,5717.2
38767,Mi1,5717.2
40854,Mi1,5717.2
10037,VS,5717.3
74023,T2a,5717.400000000001
34189,Mi1,5717.599999999999
49324,Mi1,5717.599999999999
119245,T4d,5717.700000000001
96134,T4b,5717.9
104414,T4d,5717.9
117627,Tm3,5718.0
100946,T4c,5718.200000000001
97866,T4d,5718.200000000001
36177,Mi1,5718.3
111416,Tm3,5718.3
88726,T4b,5718.4
35840,Mi1,5718.500000000001
92114,T4c,5718.500000000001
38479,Mi1,5718.6
39158,Mi1,5718.6
91325,T4a,5718.6
91682,T4b,5718.6
92706,T4a,5718.6
526158,Mi1,5718.6
74927,Tm3,5718.8
83227,Tm3,5718.900000000001
104858,T4b,5718.900000000001
120231,Tm3,5718.900000000001
103479,T4c,5719.0
102388,T4d,5719.0
71402,Tm3,5719.0
71052,T2a,5719.1
98668,T4a,5719.1
108697,T4d,5719.1
90145,T4a,5719.2
89368,T4c,5719.3
101005,T4d,5719.3
10025,H2,5719.400000000001
84063,T4b,5719.400000000001
37631,Mi1,5719.5
35602,Mi1,5719.5
34479,Mi1,5719.6
92082,T4b,5719.6
286259,OA-ASM1,5719.6
36954,Mi1,5719.700000000001
41809,Mi1,5719.700000000001
87358,T4a,5719.700000000001
102564,T4a,5719.8
37353,Mi1,5719.8
10080,OA-VUMa3,5719.8
23392,LC4,5719.8
11602,OA-ASM1,5719.9
40026,TmY3,5719.9
85737,T2a,5719.9
102479,T4c,5719.9
91283,T4c,5720.1
10677,OA-AL2i4,5720.2
12896,OA-VUMa5,5720.2
85152,T4c,5720.2
83465,T4a,5720.3
37371,Mi1,5720.400000000001
10112,VS,5720.400000000001
21313,LC4,5720.400000000001
36452,Mi1,5720.400000000001
34356,Mi1,5720.6
95681,T4a,5720.6
10011,OA-AL2i1,5720.6
83689,T4a,5720.7
34296,Mi1,5720.8
11134,VSm,5720.900000000001
35405,Mi1,5720.900000000001
97675,T4c,5720.900000000001
35580,Mi1,5721.0
37853,Mi1,5721.0
103657,T4b,5721.0
88281,T4b,5721.099999999999
106952,T4b,5721.099999999999
114391,T4d,5721.099999999999
10016,HSE,5721.200000000001
65671,Mi1,5721.3
11921,OA-VPM4,5721.500000000001
56564,Mi1,5721.500000000001
70289,Mi1,5721.500000000001
101480,T4c,5721.500000000001
287884,OA-VPM3,5721.6
35806,Mi1,5721.6
34057,Mi1,5721.6
10825,OA-AL2i3,5721.7
23098,LC4,5721.7
36533,Mi1,5721.7
83583,T4d,5721.7
108438,T4d,5721.7
83204,T4d,5721.8
92181,T4a,5721.8
21336,LC4,5721.8
10072,OA-AL2i1,5721.900000000001
20808,LC4,5721.900000000001
32893,Mi1,5721.900000000001
33655,Mi1,5722.0
36446,Mi1,5722.1
10269,OA-AL2i2,5722.1
34463,Mi1,5722.1
97853,T4c,5722.2
74725,T2a,5722.2
65513,T2a,5722.2
10037,VS,5722.2
11005,OA-VUMa4,5722.3
99950,T4c,5722.3
38893,Mi1,5722.400000000001
72148,Tm3,5722.5
99131,T4c,5722.599999999999
72989,Tm3,5722.700000000001
36139,Mi1,5722.700000000001
10755,H1,5722.700000000001
11608,OA-VUMa2,5722.700000000001
33446,Mi1,5722.8
10001,DNp01,5723.0
39275,Mi1,5723.0
10015,HSN,5723.1
37948,Mi1,5723.1
90278,T4a,5723.1
10658,OA-AL2i3,5723.2
108349,T4d,5723.3
40596,Mi1,5723.3
101685,T4b,5723.3
10265,OA-AL2i2,5723.400000000001
94755,T4a,5723.400000000001
36410,Mi1,5723.5
36994,Mi1,5723.5
102791,T4c,5723.5
37270,Mi1,5723.6
89139,T4c,5723.6
105276,T4d,5723.6
111746,Tm3,5723.6
124345,T4d,5723.7
102519,T4a,5723.7
91444,T4c,5723.8
120312,Tm3,5723.8
66345,T2a,5723.8
91345,T4c,5723.8
35888,Mi1,5723.900000000001
10226,OA-AL2i3,5723.900000000001
33462,Mi1,5724.099999999999
33942,Mi1,5724.099999999999
35836,Mi1,5724.099999999999
37599,Mi1,5724.099999999999
69228,T2a,5724.099999999999
79271,T4a,5724.099999999999
10023,HSS,5724.200000000001
37568,Mi1,5724.200000000001
103440,T4d,5724.200000000001
103827,T4c,5724.200000000001
54885,TmY3,5724.3
73284,T2a,5724.3
76524,Tm3,5724.3
10687,OA-AL2i3,5724.4
58862,Mi1,5724.5
42119,Mi1,5724.5
37529,Mi1,5724.5
12109,OA-VUMa2,5724.5
10555,OA-VUMa3,5724.5
50333,TmY3,5724.6
10025,H2,5724.7
82515,Tm3,5724.7
54087,Mi1,5724.8
10187,OA-VPM3,5724.9
96295,T4b,5724.9
107211,T4d,5725.0
10322,OA-AL2i2,5725.0
12688,OA-ASM1,5725.0
55101,Mi1,5725.1
55976,Mi1,5725.299999999999
98654,T4d,5725.299999999999
110988,T4a,5725.400000000001
41545,Mi1,5725.400000000001
93360,T4b,5725.599999999999
63420,Mi1,5725.599999999999
36252,Mi1,5725.599999999999
10112,VS,5725.599999999999
51122,Mi1,5725.700000000001
81836,T2a,5725.700000000001
132339,Tm3,5725.700000000001
107442,T4d,5725.8
39743,Mi1,5725.8
106922,T4c,5725.8
10110,OA-VUMa1,5725.8
34899,Mi1,5725.8
35428,Mi1,5725.900000000001
38133,Mi1,5726.0
80855,Tm3,5726.0
104683,T4b,5726.1
10168,OA-VUMa6,5726.1
92047,T4c,5726.1
35017,Mi1,5726.200000000001
34079,Mi1,5726.200000000001
10652,OA-AL2i4,5726.3
34045,Mi1,5726.3
72955,T2a,5726.3
68982,Tm3,5726.500000000001
10120,OA-VPM4,5726.6
10175,OA-VUMa6,5726.6
41626,Mi1,5726.6
59397,Mi1,5726.6
102579,T4b,5726.6
10185,OA-VUMa8,5726.7
11264,OA-ASM1,5726.7
36540,Mi1,5726.7
10041,OA-VUMa1,5726.8
122308,Tm3,5726.8
92415,T4a,5726.900000000001
37019,Mi1,5727.1
10204,OA-AL2i2,5727.2
92993,Tm3,5727.2
35774,Mi1,5727.3
35100,Mi1,5727.3
103073,T4a,5727.400000000001
10037,VS,5727.400000000001
35770,Mi1,5727.400000000001
10206,VS,5727.5
97899,T4a,5727.5
99011,T4c,5727.5
34849,Mi1,5727.6
35152,Mi1,5727.6
31848,Mi1,5727.700000000001
34369,Mi1,5727.700000000001
96035,T4d,5727.700000000001
542412,Mi1,5727.700000000001
10016,HSE,5727.9
64712,T2a,5727.9
35897,Mi1,5728.000000000001
90135,T4c,5728.000000000001
92939,T4b,5728.000000000001
109868,Tm3,5728.1
113686,T4d,5728.1
66604,TmY3,5728.1
103425,T4a,5728.1
34867,Mi1,5728.2
67150,T2a,5728.2
93166,T4c,5728.2
100787,T4b,5728.2
90567,T4b,5728.400000000001
98312,T4a,5728.400000000001
101873,T4b,5728.400000000001
107719,T4b,5728.5
54211,TmY3,5728.5
35934,Mi1,5728.5
10799,OA-VUMa4,5728.5
36911,Mi1,5728.5
35447,Mi1,5728.6
37037,Mi1,5728.6
79646,Tm3,5728.6
91057,T4c,5728.6
96576,T4c,5728.7
108065,T4c,5728.7
94289,T4d,5728.7
10284,VS,5728.7
69980,Tm3,5728.7
91987,T4c,5728.7
34933,Mi1,5728.8
35001,Mi1,5728.8
35498,Mi1,5728.8
36217,Mi1,5728.8
39067,Mi1,5728.8
49372,TmY3,5728.8
97028,T4c,5728.8
104674,T4a,5728.8
118924,Tm3,5728.8
78172,TmY3,5728.8
34862,Mi1,5728.900000000001
87390,T2a,5728.900000000001
88625,T4c,5729.099999999999
75521,T2a,5729.099999999999
72279,Mi1,5729.200000000001
35218,Mi1,5729.200000000001
35712,Mi1,5729.200000000001
10015,HSN,5729.4
69164,Mi1,5729.6
97784,T4c,5729.6
99628,T4b,5729.6
104450,T4a,5729.6
109291,T4d,5729.6
81471,Tm3,5729.7
97161,T4a,5729.7
97885,T4a,5729.7
107170,T4b,5729.8
67113,Mi1,5729.900000000001
38238,Mi1,5730.0
34300,Mi1,5730.0
105718,T4b,5730.1
88992,T4c,5730.1
95239,T4a,5730.1
33907,Mi1,5730.3
109142,T4b,5730.3
97878,T4b,5730.400000000001
102801,T4b,5730.5
100087,T4b,5730.5
103570,T4d,5730.5
35845,Mi1,5730.5
83979,T4a,5730.5
10025,H2,5730.599999999999
10072,OA-AL2i1,5730.599999999999
85126,T4a,5730.599999999999
92281,T4c,5730.599999999999
100282,T4a,5730.700000000001
52485,TmY3,5730.700000000001
95458,T4d,5730.700000000001
94287,T4d,5730.8
93750,T4c,5730.8
49324,Mi1,5730.9
68522,T2a,5730.9
37699,Mi1,5731.1
91469,T4c,5731.1
95335,T4a,5731.1
23392,LC4,5731.2
35234,Mi1,5731.3
35840,Mi1,5731.3
88435,Tm3,5731.3
92644,T4d,5731.400000000001
93419,T4b,5731.400000000001
37000,Mi1,5731.5
40854,Mi1,5731.5
77991,Tm3,5731.5
88152,T4c,5731.6
95242,T4d,5731.7
78856,Tm3,5731.8
72558,T2a,5731.8
10112,VS,5731.8
12896,OA-VUMa5,5731.8
53065,Mi1,5731.8
90219,T4a,5731.900000000001
70800,Tm3,5732.0
112563,Tm3,5732.0
286259,OA-ASM1,5732.0
38767,Mi1,5732.099999999999
109857,T4d,5732.099999999999
10269,OA-AL2i2,5732.3
10677,OA-AL2i4,5732.3
36177,Mi1,5732.3
94356,T4c,5732.3
100867,T4b,5732.3
98504,T4c,5732.4
88167,T4b,5732.4
34189,Mi1,5732.4
50345,TmY3,5732.4
10080,OA-VUMa3,5732.5
39158,Mi1,5732.5
96931,T4b,5732.5
102975,T4b,5732.5
103654,T4b,5732.5
35602,Mi1,5732.6
38479,Mi1,5732.6
99163,T4a,5732.6
11005,OA-VUMa4,5732.7
83191,T4a,5732.7
93865,T4c,5732.7
95883,T4a,5732.7
37631,Mi1,5732.8
90423,T4b,5732.9
526158,Mi1,5733.0
67971,Tm3,5733.1
104297,T4a,5733.1
10825,OA-AL2i3,5733.1
10023,HSS,5733.299999999999
10037,VS,5733.400000000001
11602,OA-ASM1,5733.400000000001
41809,Mi1,5733.400000000001
73096,T2a,5733.400000000001
34479,Mi1,5733.5
37371,Mi1,5733.5
287884,OA-VPM3,5733.6
98381,T4d,5733.700000000001
10016,HSE,5733.8
93688,T4a,5733.8
102147,T4c,5733.900000000001
532850,Tm3,5733.900000000001
98325,T4d,5734.0
99292,T4a,5734.0
34356,Mi1,5734.0
36954,Mi1,5734.0
20542,LC4,5734.1
36452,Mi1,5734.1
56564,Mi1,5734.200000000001
94305,T4a,5734.200000000001
98887,T4b,5734.200000000001
109631,T4b,5734.200000000001
131823,Tm3,5734.200000000001
110646,T4b,5734.3
99980,T4c,5734.3
36533,Mi1,5734.500000000001
94624,T4a,5734.500000000001
104257,T4b,5734.500000000001
112633,T4b,5734.500000000001
11608,OA-VUMa2,5734.6
35580,Mi1,5734.7
100855,T4a,5734.8
101215,T4c,5734.8
99670,T4c,5734.900000000001
10755,H1,5734.900000000001
37353,Mi1,5734.900000000001
10322,OA-AL2i2,5735.0
10658,OA-AL2i3,5735.0
11921,OA-VPM4,5735.0
10011,OA-AL2i1,5735.1
88698,T4a,5735.1
37853,Mi1,5735.2
98118,T4c,5735.2
107609,T4d,5735.3
34296,Mi1,5735.3
89290,T4d,5735.3
10015,HSN,5735.400000000001
10687,OA-AL2i3,5735.400000000001
85007,T4c,5735.400000000001
93972,T4a,5735.400000000001
107031,T4b,5735.5
93527,T4a,5735.5
10025,H2,5735.5
100033,T4c,5735.5
82500,T2a,5735.6
98194,T4d,5735.6
102462,T4c,5735.6
110403,T4b,5735.6
10265,OA-AL2i2,5735.700000000001
70289,Mi1,5735.700000000001
33655,Mi1,5735.8
36446,Mi1,5735.8
38893,Mi1,5735.8
65671,Mi1,5735.8
92706,T4a,5735.9
39275,Mi1,5736.000000000001
101770,T4b,5736.000000000001
109649,T4c,5736.1
94743,T4d,5736.1
71475,Tm3,5736.1
84008,T4c,5736.1
37948,Mi1,5736.1
21313,LC4,5736.2
35806,Mi1,5736.2
89434,T4c,5736.2
95554,T4b,5736.3
109593,Tm3,5736.400000000001
96774,T4c,5736.5
66808,Tm3,5736.5
34057,Mi1,5736.5
95822,T4b,5736.6
116311,T4d,5736.6
30923,TmY3,5736.7
40596,Mi1,5736.7
69570,Tm3,5736.7
102425,T4b,5736.7
103677,T4b,5736.8
47962,TmY3,5736.8
12109,OA-VUMa2,5736.8
10110,OA-VUMa1,5736.900000000001
10555,OA-VUMa3,5736.900000000001
35405,Mi1,5736.900000000001
101383,T4b,5736.900000000001
10187,OA-VPM3,5737.0
68562,T2a,5737.0
122961,T4d,5737.099999999999
33942,Mi1,5737.200000000001
37270,Mi1,5737.200000000001
10206,VS,5737.4
12688,OA-ASM1,5737.4
81401,T4b,5737.4
90394,T4a,5737.4
107621,T4d,5737.4
34463,Mi1,5737.500000000001
108847,T4d,5737.500000000001
104336,T4b,5737.500000000001
10226,OA-AL2i3,5737.500000000001
72796,Tm3,5737.500000000001
96126,T4b,5737.500000000001
10001,DNp01,5737.7
32893,Mi1,5737.7
33462,Mi1,5737.7
36410,Mi1,5737.7
104703,T4d,5737.8
89368,T4c,5737.900000000001
48986,TmY3,5738.0
98300,T4a,5738.0
33446,Mi1,5738.1
54087,Mi1,5738.1
66980,T2a,5738.1
547091,T2,5738.2
42119,Mi1,5738.2
35888,Mi1,5738.2
36994,Mi1,5738.2
10168,OA-VUMa6,5738.3
92431,T4a,5738.3
101620,T4b,5738.3
10072,OA-AL2i1,5738.5
35836,Mi1,5738.5
46662,TmY3,5738.5
95453,T4a,5738.5
95005,T4a,5738.599999999999
10016,HSE,5738.599999999999
10120,OA-VPM4,5738.599999999999
12521,HST,5738.599999999999
37568,Mi1,5738.599999999999
71161,T2a,5738.599999999999
10041,OA-VUMa1,5738.700000000001
47368,TmY3,5738.8
100105,T4a,5738.9
101480,T4c,5738.9
48547,TmY3,5738.9
92996,T4a,5738.9
112179,T4b,5739.0
107105,T4d,5739.0
58862,Mi1,5739.0
37529,Mi1,5739.0
69380,Tm3,5739.1
90121,T4b,5739.1
91934,T4a,5739.1
103025,T4a,5739.1
104191,T4a,5739.1
98226,T4b,5739.2
99387,T4a,5739.3
39743,Mi1,5739.3
36139,Mi1,5739.3
10112,VS,5739.3
10652,OA-AL2i4,5739.4
55101,Mi1,5739.4
96424,T4b,5739.4
90465,T4a,5739.5
10175,OA-VUMa6,5739.6
36540,Mi1,5739.6
95356,T4a,5739.7
37599,Mi1,5739.7
10025,H2,5739.8
34899,Mi1,5739.8
41545,Mi1,5739.8
51122,Mi1,5739.8
10204,OA-AL2i2,5740.0
63420,Mi1,5740.0
126286,Tm3,5740.0
104858,T4b,5740.099999999999
103022,T4a,5740.099999999999
11264,OA-ASM1,5740.099999999999
10037,VS,5740.099999999999
40944,Mi1,5740.099999999999
10799,OA-VUMa4,5740.200000000001
91913,T4b,5740.200000000001
112619,T4d,5740.200000000001
93566,T4a,5740.3
77676,T2a,5740.3
10185,OA-VUMa8,5740.3
36252,Mi1,5740.3
48894,TmY3,5740.4
77383,T2a,5740.4
107529,T4d,5740.4
96163,T4b,5740.5
101772,Tm3,5740.7
91806,T4a,5740.8
79345,T2a,5740.8
10023,HSS,5740.8
41626,Mi1,5740.8
537004,VSm,5740.9
34045,Mi1,5740.9
34079,Mi1,5740.9
38133,Mi1,5740.9
48073,TmY3,5740.9
96090,T4c,5740.9
55976,Mi1,5741.0
44119,Mi1,5741.0
20808,LC4,5741.1
35017,Mi1,5741.1
92839,T4b,5741.1
97853,T4c,5741.1
122233,Tm3,5741.1
10015,HSN,5741.2
37019,Mi1,5741.2
100032,T4c,5741.2
34369,Mi1,5741.3
38993,Mi1,5741.3
97171,T4d,5741.3
75848,T2a,5741.400000000001
100567,T4d,5741.400000000001
35428,Mi1,5741.400000000001
35770,Mi1,5741.400000000001
109536,T4d,5741.400000000001
59397,Mi1,5741.5
16138,LC4,5741.5
21336,LC4,5741.6
35897,Mi1,5741.6
100310,T4d,5741.6
542412,Mi1,5741.6
35152,Mi1,5741.700000000001
33216,Mi1,5741.8
93935,T4a,5741.8
35934,Mi1,5741.900000000001
35774,Mi1,5741.900000000001
34849,Mi1,5741.900000000001
35100,Mi1,5741.900000000001
45005,TmY3,5742.0
68212,T2a,5742.0
108307,T4b,5742.0
34862,Mi1,5742.1
78561,Tm3,5742.1
102229,T4d,5742.200000000001
73828,Tm3,5742.3
92047,T4c,5742.3
36305,Mi1,5742.4
115636,T4d,5742.500000000001
12896,OA-VUMa5,5742.6
36911,Mi1,5742.6
90049,T4c,5742.6
90278,T4a,5742.6
101685,T4b,5742.7
10755,H1,5742.7
36217,Mi1,5742.8
38514,Mi1,5742.8
94179,T4a,5742.8
10016,HSE,5742.900000000001
40426,Mi1,5742.900000000001
31848,Mi1,5743.0
800146,TTMn,5743.1
98985,T4c,5743.1
75298,T2a,5743.2
91682,T4b,5743.2
34300,Mi1,5743.3
35218,Mi1,5743.3
38238,Mi1,5743.3
102741,T4c,5743.3
125171,Tm3,5743.3
34933,Mi1,5743.400000000001
41296,Mi1,5743.400000000001
51231,TmY3,5743.5
10269,OA-AL2i2,5743.5
11005,OA-VUMa4,5743.5
42006,TmY3,5743.6
104368,T4c,5743.6
105135,T4c,5743.6
86686,T4c,5743.700000000001
99922,T4c,5743.700000000001
96134,T4b,5743.700000000001
80358,Tm3,5743.700000000001
10025,H2,5743.700000000001
72279,Mi1,5743.700000000001
35498,Mi1,5743.700000000001
74023,T2a,5743.700000000001
33907,Mi1,5743.8
37037,Mi1,5743.8
35712,Mi1,5743.9
67113,Mi1,5743.9
105521,T4c,5744.000000000001
84010,Tm3,5744.1
65298,T2a,5744.1
74373,Tm3,5744.1
98099,T4b,5744.1
35845,Mi1,5744.2
49324,Mi1,5744.2
10677,OA-AL2i4,5744.3
10284,VS,5744.3
98788,T4d,5744.400000000001
92114,T4c,5744.400000000001
66214,T2a,5744.400000000001
70812,TmY3,5744.400000000001
71398,Tm3,5744.5
35001,Mi1,5744.6
91741,T4d,5744.6
109598,T4b,5744.6
10322,OA-AL2i2,5744.7
81995,Tm3,5744.7
111184,T4a,5744.7
101005,T4d,5744.8
34189,Mi1,5745.0
37000,Mi1,5745.0
69793,T2a,5745.0
93025,T4b,5745.0
10112,VS,5745.099999999999
10825,OA-AL2i3,5745.099999999999
74937,T2a,5745.099999999999
97675,T4c,5745.200000000001
69164,Mi1,5745.200000000001
66167,T2,5745.200000000001
38767,Mi1,5745.200000000001
35234,Mi1,5745.200000000001
50333,TmY3,5745.3
96576,T4c,5745.3
112744,T4d,5745.4
97866,T4d,5745.4
117627,Tm3,5745.4
35602,Mi1,5745.4
83365,T2a,5745.4
10080,OA-VUMa3,5745.500000000001
40854,Mi1,5745.6
53065,Mi1,5745.6
69597,Tm3,5745.8
286259,OA-ASM1,5745.8
106701,T4d,5745.900000000001
10015,HSN,5746.0
102564,T4a,5746.1
90145,T4a,5746.1
20634,VST1,5746.1
35447,Mi1,5746.1
37631,Mi1,5746.2
37699,Mi1,5746.2
39067,Mi1,5746.2
39158,Mi1,5746.2
100946,T4c,5746.2
11608,OA-VUMa2,5746.3
104942,T4a,5746.3
35840,Mi1,5746.400000000001
11602,OA-ASM1,5746.400000000001
36177,Mi1,5746.400000000001
41809,Mi1,5746.5
52328,TmY3,5746.5
68982,Tm3,5746.599999999999
526158,Mi1,5746.599999999999
10037,VS,5746.599999999999
98837,T4c,5746.700000000001
94356,T4c,5746.700000000001
72194,Tm3,5746.700000000001
10687,OA-AL2i3,5746.700000000001
54885,TmY3,5746.700000000001
56564,Mi1,5746.700000000001
10001,DNp01,5746.8
38479,Mi1,5746.9
97899,T4a,5746.9
99011,T4c,5747.0
10012,VS,5747.0
10658,OA-AL2i3,5747.0
67150,T2a,5747.0
77480,Tm3,5747.0
100787,T4b,5747.0
105698,T4c,5747.1
287884,OA-VPM3,5747.3
10072,OA-AL2i1,5747.3
34867,Mi1,5747.3
10206,VS,5747.4
99950,T4c,5747.4
102112,T4c,5747.4
34356,Mi1,5747.5
87358,T4a,5747.5
94368,T4a,5747.6
92842,T4a,5747.6
91469,T4c,5747.6
66345,T2a,5747.6
10110,OA-VUMa1,5747.6
10016,HSE,5747.8
36446,Mi1,5747.8
11134,VSm,5747.900000000001
100633,T4a,5747.900000000001
103657,T4b,5747.900000000001
78968,Tm3,5748.0
10265,OA-AL2i2,5748.0
36533,Mi1,5748.0
10025,H2,5748.099999999999
12109,OA-VUMa2,5748.099999999999
47686,TmY3,5748.099999999999
93407,T4d,5748.099999999999
34479,Mi1,5748.200000000001
36452,Mi1,5748.200000000001
62340,T2,5748.3
87289,T4a,5748.4
36954,Mi1,5748.5
93224,T4a,5748.5
97231,T4a,5748.5
104354,T4b,5748.5
100956,T4d,5748.6
99423,T4d,5748.6
35806,Mi1,5748.6
97028,T4c,5748.6
71052,T2a,5748.7
95681,T4a,5748.7
37371,Mi1,5748.8
39692,TmY3,5748.8
40026,TmY3,5748.8
79083,Tm3,5748.8
79257,Tm3,5748.9
37853,Mi1,5749.0
102579,T4b,5749.0
10011,OA-AL2i1,5749.1
102791,T4c,5749.1
88035,Tm3,5749.3
65531,T2a,5749.3
37948,Mi1,5749.3
10226,OA-AL2i3,5749.400000000001
11921,OA-VPM4,5749.400000000001
72148,Tm3,5749.400000000001
83067,T4b,5749.400000000001
23392,LC4,5749.5
73807,Tm3,5749.5
92254,T4b,5749.5
99663,T4c,5749.5
117662,T4d,5749.5
10023,HSS,5749.6
82507,T2a,5749.6
102479,T4c,5749.700000000001
106952,T4b,5749.700000000001
65671,Mi1,5749.700000000001
91444,T4c,5749.8
95883,T4a,5749.8
79210,Tm3,5749.8
111746,Tm3,5749.8
96657,T4c,5749.900000000001
65513,T2a,5749.900000000001
99131,T4c,5749.900000000001
114391,T4d,5750.0
35580,Mi1,5750.1
91283,T4c,5750.1
10041,OA-VUMa1,5750.1
102519,T4a,5750.1
70289,Mi1,5750.200000000001
93947,T4a,5750.200000000001
69540,TmY3,5750.200000000001
34296,Mi1,5750.200000000001
35405,Mi1,5750.200000000001
37353,Mi1,5750.200000000001
33655,Mi1,5750.200000000001
12688,OA-ASM1,5750.3
95810,T2a,5750.3
104027,T4d,5750.3
86419,Tm3,5750.4
94755,T4a,5750.4
33942,Mi1,5750.4
10168,OA-VUMa6,5750.500000000001
39275,Mi1,5750.500000000001
74231,Tm3,5750.500000000001
10187,OA-VPM3,5750.6
108438,T4d,5750.6
101302,T4d,5750.7
103479,T4c,5750.7
87722,T2a,5750.7
72558,T2a,5750.7
38893,Mi1,5750.7
10555,OA-VUMa3,5750.7
23098,LC4,5750.8
33462,Mi1,5750.8
37270,Mi1,5750.8
73284,T2a,5750.8
83465,T4a,5750.900000000001
10799,OA-VUMa4,5751.0
74228,Tm3,5751.0
10015,HSN,5751.1
33446,Mi1,5751.1
10112,VS,5751.2
69980,Tm3,5751.400000000001
61659,Tm3,5751.400000000001
42119,Mi1,5751.400000000001
83204,T4d,5751.400000000001
34057,Mi1,5751.400000000001
10120,OA-VPM4,5751.400000000001
40596,Mi1,5751.400000000001
32893,Mi1,5751.5
10175,OA-VUMa6,5751.6
79271,T4a,5751.6
100206,T4c,5751.6
112775,T4d,5751.8
106793,T4d,5751.8
21313,LC4,5751.8
98360,T4c,5751.9
94624,T4a,5752.000000000001
96295,T4b,5752.000000000001
21336,LC4,5752.1
78503,T2a,5752.2
36994,Mi1,5752.3
36540,Mi1,5752.400000000001
80302,T2a,5752.400000000001
10204,OA-AL2i2,5752.400000000001
36410,Mi1,5752.400000000001
37568,Mi1,5752.5
93750,T4c,5752.5
54087,Mi1,5752.6
10025,H2,5752.7
120016,Tm3,5752.7
35888,Mi1,5752.8
72938,T2a,5752.8
34463,Mi1,5752.8
35836,Mi1,5752.8
10652,OA-AL2i4,5752.900000000001
11264,OA-ASM1,5752.900000000001
20808,LC4,5752.900000000001
90423,T4b,5752.900000000001
98887,T4b,5752.900000000001
104683,T4b,5752.900000000001
116129,T4b,5752.900000000001
58862,Mi1,5753.0
92281,T4c,5753.0
44244,TmY3,5753.099999999999
85126,T4a,5753.200000000001
10269,OA-AL2i2,5753.200000000001
43334,TmY3,5753.200000000001
10037,VS,5753.3
101043,T4c,5753.3
10016,HSE,5753.4
34079,Mi1,5753.4
107442,T4d,5753.4
71188,T2a,5753.5
119245,T4d,5753.5
39743,Mi1,5753.5
51122,Mi1,5753.6
55101,Mi1,5753.6
63420,Mi1,5753.6
103425,T4a,5753.6
10185,OA-VUMa8,5753.7
49441,TmY3,5753.7
83979,T4a,5753.7
102016,T4a,5753.8
92939,T4b,5753.8
34369,Mi1,5753.8
12896,OA-VUMa5,5753.8
19260,LC4,5753.900000000001
37123,Mi1,5753.900000000001
38133,Mi1,5753.900000000001
41545,Mi1,5753.900000000001
118260,T4d,5754.0
116716,T4b,5754.0
94153,T4d,5754.0
37019,Mi1,5754.0
35770,Mi1,5754.0
37529,Mi1,5754.0
36252,Mi1,5754.1
72829,T2a,5754.1
11005,OA-VUMa4,5754.2
91674,T4a,5754.2
104008,T4b,5754.2
98194,T4d,5754.3
35017,Mi1,5754.3
89139,T4c,5754.3
38230,Mi1,5754.400000000001
10001,DNp01,5754.5
69228,T2a,5754.5
82855,Tm3,5754.5
34899,Mi1,5754.599999999999
75484,Tm3,5754.599999999999
85152,T4c,5754.599999999999
88152,T4c,5754.599999999999
93419,T4b,5754.599999999999
95364,T4d,5754.599999999999
10322,OA-AL2i2,5754.700000000001
55976,Mi1,5754.700000000001
98654,T4d,5754.8
122308,Tm3,5754.8
16138,LC4,5754.8
36139,Mi1,5754.8
89825,T4a,5754.8
35152,Mi1,5754.9
37599,Mi1,5754.9
107143,T4d,5754.9
35934,Mi1,5755.0
71394,T2a,5755.0
97161,T4a,5755.0
106922,T4c,5755.1
41626,Mi1,5755.2
35897,Mi1,5755.3
35100,Mi1,5755.3
525839,Mi1,5755.3
10755,H1,5755.3
10677,OA-AL2i4,5755.3
22194,LC4,5755.3
81064,Tm3,5755.4
104257,T4b,5755.5
102975,T4b,5755.5
96676,T4b,5755.5
101215,T4c,5755.5
34849,Mi1,5755.5
97193,T4a,5755.6
98118,T4c,5755.6
38238,Mi1,5755.7
59397,Mi1,5755.7
89434,T4c,5755.7
108349,T4d,5755.8
97249,T4d,5755.8
10072,OA-AL2i1,5755.8
87424,T4d,5755.8
90135,T4c,5755.900000000001
10015,HSN,5756.0
34862,Mi1,5756.0
66325,Tm3,5756.0
104853,T4c,5756.0
93166,T4c,5756.099999999999
542412,Mi1,5756.099999999999
97885,T4a,5756.200000000001
79483,Tm3,5756.200000000001
10825,OA-AL2i3,5756.4
67719,T2a,5756.4
95554,T4b,5756.4
100867,T4b,5756.4
31848,Mi1,5756.5
34045,Mi1,5756.5
33907,Mi1,5756.6
34933,Mi1,5756.6
35774,Mi1,5756.6
10206,VS,5756.7
71773,T2a,5756.7
74375,Tm3,5756.7
105718,T4b,5756.7
93972,T4a,5756.8
109142,T4b,5756.8
33017,Mi1,5756.9
120231,Tm3,5756.9
65106,T2,5756.9
10112,VS,5756.9
35498,Mi1,5756.9
36217,Mi1,5756.9
88625,T4c,5757.0
98668,T4a,5757.0
35428,Mi1,5757.1
77138,Tm3,5757.1
100018,T4a,5757.1
35712,Mi1,5757.2
110403,T4b,5757.2
10284,VS,5757.3
40944,Mi1,5757.3
78422,Tm3,5757.3
95239,T4a,5757.3
111980,T4d,5757.3
537004,VSm,5757.3
127615,Tm3,5757.400000000001
89368,T4c,5757.400000000001
102462,T4c,5757.400000000001
10025,H2,5757.5
34300,Mi1,5757.5
49324,Mi1,5757.5
101772,Tm3,5757.5
105574,T4d,5757.5
108065,T4c,5757.5
10110,OA-VUMa1,5757.6
41120,Mi1,5757.6
47368,TmY3,5757.6
93360,T4b,5757.6
106522,T4d,5757.700000000001
36911,Mi1,5757.700000000001
78856,Tm3,5757.700000000001
107211,T4d,5757.700000000001
66808,Tm3,5757.8
96090,T4c,5757.8
92706,T4a,5757.8
35218,Mi1,5757.8
72279,Mi1,5757.8
91345,T4c,5757.8
10023,HSS,5757.900000000001
37000,Mi1,5757.900000000001
67113,Mi1,5757.900000000001
103025,T4a,5757.900000000001
107170,T4b,5757.900000000001
35845,Mi1,5758.0
83689,T4a,5758.0
40832,Mi1,5758.1
74927,Tm3,5758.1
102801,T4b,5758.1
10687,OA-AL2i3,5758.200000000001
11608,OA-VUMa2,5758.200000000001
89290,T4d,5758.200000000001
118924,Tm3,5758.200000000001
99670,T4c,5758.3
10037,VS,5758.4
38993,Mi1,5758.4
60857,Mi1,5758.4
10658,OA-AL2i3,5758.500000000001
35602,Mi1,5758.500000000001
91057,T4c,5758.500000000001
93334,T4b,5758.500000000001
120312,Tm3,5758.500000000001
88992,T4c,5758.6
49372,TmY3,5758.6
48547,TmY3,5758.6
34189,Mi1,5758.6
44119,Mi1,5758.6
35001,Mi1,5758.6
48283,TmY3,5758.6
95007,T4a,5758.7
103654,T4b,5758.7
94668,T4d,5758.7
75521,T2a,5758.7
91987,T4c,5758.8
10016,HSE,5758.900000000001
37037,Mi1,5758.900000000001
39158,Mi1,5758.900000000001
41296,Mi1,5758.900000000001
95822,T4b,5758.900000000001
104336,T4b,5758.900000000001
76325,T2a,5759.0
94305,T4a,5759.1
107997,T4c,5759.1
11602,OA-ASM1,5759.2
104297,T4a,5759.2
53065,Mi1,5759.3
67971,Tm3,5759.3
35234,Mi1,5759.3
107240,T4b,5759.400000000001
106912,Tm3,5759.400000000001
104414,T4d,5759.400000000001
74891,T2a,5759.400000000001
88698,T4a,5759.400000000001
95335,T4a,5759.400000000001
10080,OA-VUMa3,5759.5
36305,Mi1,5759.5
68522,T2a,5759.5
97872,T4d,5759.5
100033,T4c,5759.5
286259,OA-ASM1,5759.5
90121,T4b,5759.6
79646,Tm3,5759.6
92644,T4d,5759.6
77982,T2a,5759.700000000001
91469,T4c,5759.700000000001
95453,T4a,5759.8
98381,T4d,5759.8
78805,T2a,5759.8
40171,Mi1,5759.8
40426,Mi1,5759.8
33216,Mi1,5759.8
76524,Tm3,5759.8
97675,T4c,5759.9
103160,T4a,5759.9
110646,T4b,5759.9
526158,Mi1,5759.9
30923,TmY3,5760.000000000001
104450,T4a,5760.000000000001
114817,T4d,5760.000000000001
36177,Mi1,5760.1
68842,TmY3,5760.1
35840,Mi1,5760.2
37631,Mi1,5760.2
40854,Mi1,5760.2
41809,Mi1,5760.2
287884,OA-VPM3,5760.3
97784,T4c,5760.3
88726,T4b,5760.3
72955,T2a,5760.3
65542,T2,5760.3
62272,T2,5760.3
10041,OA-VUMa1,5760.400000000001
34356,Mi1,5760.400000000001
37699,Mi1,5760.400000000001
56007,TmY3,5760.400000000001
69164,Mi1,5760.400000000001
101770,T4b,5760.400000000001
10001,DNp01,5760.5
12109,OA-VUMa2,5760.5
38514,Mi1,5760.5
93021,T4a,5760.5
109996,T4c,5760.5
38767,Mi1,5760.6
97480,T4c,5760.6
36446,Mi1,5760.6
10265,OA-AL2i2,5760.7
35447,Mi1,5760.7
71475,Tm3,5760.7
103022,T4a,5760.7
10015,HSN,5760.8
63050,T2a,5760.8
88951,Tm3,5760.8
96852,T4a,5760.8
46324,TmY3,5760.900000000001
91913,T4b,5760.900000000001
95458,T4d,5761.0
39629,Mi1,5761.0
64579,T2,5761.0
76733,Tm3,5761.0
97677,T4c,5761.099999999999
41668,Mi1,5761.099999999999
103827,T4c,5761.200000000001
104858,T4b,5761.200000000001
10226,OA-AL2i3,5761.3
101620,T4b,5761.3
34171,Mi1,5761.4
36954,Mi1,5761.4
37948,Mi1,5761.4
56564,Mi1,5761.4
61768,T2,5761.4
94743,T4d,5761.4
97853,T4c,5761.4
47962,TmY3,5761.5
39067,Mi1,5761.5
101480,T4c,5761.5
10112,VS,5761.5
34479,Mi1,5761.5
74725,T2a,5761.6
83438,T4a,5761.6
33655,Mi1,5761.6
36533,Mi1,5761.6
53075,TmY3,5761.7
10025,H2,5761.7
38479,Mi1,5761.8
66980,T2a,5761.8
85837,Tm3,5761.8
102388,T4d,5761.8
82282,Tm3,5761.900000000001
92114,T4c,5761.900000000001
95356,T4a,5761.900000000001
36452,Mi1,5762.0
44564,TmY3,5762.0
94283,T4d,5762.0
100087,T4b,5762.0
111416,Tm3,5762.1
107719,T4b,5762.1
99628,T4b,5762.1
93527,T4a,5762.1
91806,T4a,5762.1
83583,T4d,5762.1
39275,Mi1,5762.1
92431,T4a,5762.1
10168,OA-VUMa6,5762.2
34867,Mi1,5762.2
40085,Mi1,5762.2
70524,T2a,5762.2
10269,OA-AL2i2,5762.3
68562,T2a,5762.3
93688,T4a,5762.400000000001
104674,T4a,5762.599999999999
21313,LC4,5762.599999999999
68982,Tm3,5762.599999999999
83227,Tm3,5762.599999999999
102147,T4c,5762.700000000001
103725,T4a,5762.700000000001
96126,T4b,5762.700000000001
12688,OA-ASM1,5762.700000000001
37853,Mi1,5762.700000000001
50333,TmY3,5762.8
127153,Tm3,5762.8
10799,OA-VUMa4,5762.9
84063,T4b,5762.9
92047,T4c,5762.9
99672,T4a,5763.0
92181,T4a,5763.0
46662,TmY3,5763.0
21336,LC4,5763.0
69978,T2,5763.0
92082,T4b,5763.1
800146,TTMn,5763.1
23392,LC4,5763.2
35806,Mi1,5763.2
75377,T2a,5763.2
76074,Tm3,5763.3
62947,T2a,5763.3
10011,OA-AL2i1,5763.3
10037,VS,5763.3
10187,OA-VPM3,5763.4
37270,Mi1,5763.4
104191,T4a,5763.5
10016,HSE,5763.6
20808,LC4,5763.6
33942,Mi1,5763.6
70289,Mi1,5763.6
97256,T4c,5763.6
10206,VS,5763.7
33462,Mi1,5763.7
37371,Mi1,5763.7
38893,Mi1,5763.7
62560,T2,5763.7
101685,T4b,5763.7
121170,Tm3,5763.8
37353,Mi1,5763.8
11921,OA-VPM4,5763.8
34296,Mi1,5763.8
100282,T4a,5763.900000000001
112993,T4b,5763.900000000001
35405,Mi1,5764.0
81836,T2a,5764.0
95005,T4a,5764.0
99292,T4a,5764.0
105403,T4c,5764.0
105521,T4c,5764.0
10175,OA-VUMa6,5764.099999999999
65671,Mi1,5764.099999999999
71674,T2a,5764.099999999999
97899,T4a,5764.099999999999
109857,T4d,5764.200000000001
98300,T4a,5764.200000000001
71938,T2a,5764.200000000001
70112,T2,5764.200000000001
10755,H1,5764.200000000001
70239,T2,5764.200000000001
10555,OA-VUMa3,5764.3
78108,T2a,5764.3
104144,T2,5764.3
112321,T4d,5764.3
34057,Mi1,5764.5
12521,HST,5764.5
35580,Mi1,5764.5
96774,T4c,5764.5
106200,T4c,5764.5
10322,OA-AL2i2,5764.6
33446,Mi1,5764.6
42119,Mi1,5764.6
90278,T4a,5764.6
103570,T4d,5764.7
52485,TmY3,5764.8
69380,Tm3,5764.8
10185,OA-VUMa8,5764.8
10023,HSS,5764.9
10120,OA-VPM4,5764.9
32893,Mi1,5764.9
94356,T4c,5764.9
97028,T4c,5764.9
107609,T4d,5764.9
102425,T4b,5765.0
99863,T4d,5765.0
71161,T2a,5765.0
10072,OA-AL2i1,5765.1
10204,OA-AL2i2,5765.1
12896,OA-VUMa5,5765.1
84008,T4c,5765.1
99387,T4a,5765.1
10652,OA-AL2i4,5765.3
37568,Mi1,5765.3
109631,T4b,5765.3
107529,T4d,5765.400000000001
10015,HSN,5765.5
97878,T4b,5765.5
10025,H2,5765.6
547091,T2,5765.6
94287,T4d,5765.700000000001
51231,TmY3,5765.700000000001
98788,T4d,5765.700000000001
11005,OA-VUMa4,5765.700000000001
20542,LC4,5765.700000000001
48986,TmY3,5765.8
122233,Tm3,5765.8
82515,Tm3,5765.900000000001
93750,T4c,5765.900000000001
50345,TmY3,5766.0
16138,LC4,5766.0
36410,Mi1,5766.0
98985,T4c,5766.0
107445,T4a,5766.1
40026,TmY3,5766.1
10677,OA-AL2i4,5766.1
11264,OA-ASM1,5766.1
80855,Tm3,5766.200000000001
91366,T4b,5766.200000000001
96576,T4c,5766.200000000001
92281,T4c,5766.3
98175,T4c,5766.3
98312,T4a,5766.3
103073,T4a,5766.3
36540,Mi1,5766.4
83191,T4a,5766.4
92415,T4a,5766.4
100032,T4c,5766.4
113686,T4d,5766.4
101383,T4b,5766.500000000001
88167,T4b,5766.500000000001
94930,T2a,5766.500000000001
34079,Mi1,5766.500000000001
10112,VS,5766.500000000001
39692,TmY3,5766.500000000001
54087,Mi1,5766.6
108847,T4d,5766.6
10001,DNp01,5766.7
36994,Mi1,5766.7
39743,Mi1,5766.7
58862,Mi1,5766.7
94624,T4a,5766.8
36252,Mi1,5766.8
10825,OA-AL2i3,5766.900000000001
83067,T4b,5766.900000000001
35888,Mi1,5767.0
91325,T4a,5767.0
112179,T4b,5767.0
35836,Mi1,5767.1
90049,T4c,5767.2
67150,T2a,5767.2
40596,Mi1,5767.2
63420,Mi1,5767.2
34463,Mi1,5767.400000000001
72796,Tm3,5767.400000000001
51122,Mi1,5767.599999999999
102564,T4a,5767.599999999999
34369,Mi1,5767.700000000001
37019,Mi1,5767.700000000001
69916,T2,5767.700000000001
98349,T4a,5767.700000000001
100310,T4d,5767.700000000001
36139,Mi1,5767.8
55101,Mi1,5767.8
95883,T4a,5767.9
54885,TmY3,5767.9
10110,OA-VUMa1,5767.9
41545,Mi1,5767.9
10016,HSE,5768.000000000001
10037,VS,5768.000000000001
35017,Mi1,5768.000000000001
35770,Mi1,5768.000000000001
35934,Mi1,5768.000000000001
72066,Tm3,5768.000000000001
87390,T2a,5768.000000000001
99131,T4c,5768.000000000001
19954,LC4,5768.1
108325,T4c,5768.1
38133,Mi1,5768.2
38238,Mi1,5768.3
89934,T4d,5768.3
59397,Mi1,5768.400000000001
24338,LC4,5768.400000000001
100946,T4c,5768.400000000001
109593,Tm3,5768.6
37529,Mi1,5768.6
49930,TmY3,5768.7
105834,T4d,5768.8
25584,LC4,5768.900000000001
33907,Mi1,5768.900000000001
35152,Mi1,5768.900000000001
41626,Mi1,5768.900000000001
98099,T4b,5768.900000000001
109649,T4c,5768.900000000001
55976,Mi1,5769.0
83365,T2a,5769.0
34899,Mi1,5769.0
62562,T2,5769.099999999999
93025,T4b,5769.099999999999
10687,OA-AL2i3,5769.200000000001
35897,Mi1,5769.200000000001
66345,T2a,5769.200000000001
97231,T4a,5769.200000000001
37599,Mi1,5769.3
97171,T4d,5769.5
34849,Mi1,5769.5
10025,H2,5769.5
11608,OA-VUMa2,5769.6
10015,HSN,5769.7
35100,Mi1,5769.7
90394,T4a,5769.7
101081,T4c,5769.7
35712,Mi1,5769.8
99922,T4c,5769.8
34933,Mi1,5769.8
72896,Tm3,5769.900000000001
90423,T4b,5769.900000000001
98194,T4d,5769.900000000001
100855,T4a,5769.900000000001
37123,Mi1,5770.0
49324,Mi1,5770.0
110988,T4a,5770.0
542412,Mi1,5770.1
108307,T4b,5770.1
92939,T4b,5770.1
92996,T4a,5770.1
10206,VS,5770.1
36217,Mi1,5770.2
94574,T4c,5770.2
95017,T4c,5770.2
90145,T4a,5770.3
10658,OA-AL2i3,5770.400000000001
34862,Mi1,5770.400000000001
98439,T4a,5770.5
89020,T4a,5770.5
86630,Tm3,5770.5
11134,VSm,5770.5
34300,Mi1,5770.5
75298,T2a,5770.5
37000,Mi1,5770.599999999999
91682,T4b,5770.599999999999
102975,T4b,5770.599999999999
100680,T4d,5770.700000000001
35774,Mi1,5770.700000000001
10041,OA-VUMa1,5770.8
21313,LC4,5770.8
31848,Mi1,5770.8
94179,T4a,5770.8
10023,HSS,5770.9
35498,Mi1,5770.9
64260,T2,5770.9
102519,T4a,5770.9
102791,T4c,5770.9
111184,T4a,5770.9
12109,OA-VUMa2,5771.0
38230,Mi1,5771.1
86778,T4a,5771.1
100787,T4b,5771.1
35428,Mi1,5771.2
35602,Mi1,5771.3
35218,Mi1,5771.3
20808,LC4,5771.3
10001,DNp01,5771.4
68212,T2a,5771.4
98887,T4b,5771.4
94755,T4a,5771.5
21336,LC4,5771.6
34045,Mi1,5771.6
34189,Mi1,5771.6
36911,Mi1,5771.6
40944,Mi1,5771.6
117627,Tm3,5771.6
10269,OA-AL2i2,5771.7
101005,T4d,5771.7
93166,T4c,5771.8
74023,T2a,5771.900000000001
102579,T4b,5772.0
90474,T4b,5772.0
38993,Mi1,5772.099999999999
67113,Mi1,5772.099999999999
77383,T2a,5772.099999999999
100319,T4b,5772.200000000001
100105,T4a,5772.3
72279,Mi1,5772.4
23392,LC4,5772.4
35845,Mi1,5772.4
73096,T2a,5772.4
87845,T4a,5772.4
10080,OA-VUMa3,5772.5
10265,OA-AL2i2,5772.5
92842,T4a,5772.5
41296,Mi1,5772.6
72148,Tm3,5772.6
10016,HSE,5772.6
525839,Mi1,5772.7
96163,T4b,5772.7
64712,T2a,5772.7
10112,VS,5772.7
10037,VS,5772.8
10226,OA-AL2i3,5772.8
33017,Mi1,5772.8
54211,TmY3,5772.8
93566,T4a,5772.8
93865,T4c,5772.8
44119,Mi1,5772.9
35840,Mi1,5772.9
10072,OA-AL2i1,5772.9
70800,Tm3,5773.000000000001
77480,Tm3,5773.000000000001
35001,Mi1,5773.1
37037,Mi1,5773.1
91469,T4c,5773.1
93419,T4b,5773.1
70812,TmY3,5773.1
69980,Tm3,5773.2
38208,Mi1,5773.2
10025,H2,5773.3
11602,OA-ASM1,5773.3
35234,Mi1,5773.3
37631,Mi1,5773.3
48894,TmY3,5773.3
94305,T4a,5773.3
10284,VS,5773.400000000001
10755,H1,5773.400000000001
41809,Mi1,5773.400000000001
113568,T4d,5773.5
103440,T4d,5773.5
99011,T4c,5773.5
526158,Mi1,5773.5
34356,Mi1,5773.5
10168,OA-VUMa6,5773.5
38529,Mi1,5773.5
107159,T4b,5773.6
105698,T4c,5773.6
37699,Mi1,5773.6
10799,OA-VUMa4,5773.6
96931,T4b,5773.700000000001
81401,T4b,5773.700000000001
66604,TmY3,5773.700000000001
800146,TTMn,5773.700000000001
41120,Mi1,5773.700000000001
39158,Mi1,5773.700000000001
53065,Mi1,5773.700000000001
10015,HSN,5773.8
77779,T2a,5773.8
108697,T4d,5773.8
287884,OA-VPM3,5773.900000000001
36177,Mi1,5773.900000000001
79257,Tm3,5773.900000000001
90567,T4b,5773.900000000001
78561,Tm3,5774.0
36446,Mi1,5774.0
10322,OA-AL2i2,5774.0
35447,Mi1,5774.0
40832,Mi1,5774.1
96035,T4d,5774.1
36305,Mi1,5774.200000000001
56564,Mi1,5774.200000000001
77395,T4b,5774.200000000001
109536,T4d,5774.200000000001
37948,Mi1,5774.3
33216,Mi1,5774.4
33655,Mi1,5774.4
97866,T4d,5774.4
96295,T4b,5774.500000000001
75848,T2a,5774.500000000001
114391,T4d,5774.500000000001
38241,Mi1,5774.500000000001
32535,Mi1,5774.500000000001
40171,Mi1,5774.500000000001
38767,Mi1,5774.6
23098,LC4,5774.6
10012,VS,5774.7
36452,Mi1,5774.7
96134,T4b,5774.8
116311,T4d,5774.8
38514,Mi1,5774.900000000001
39405,Mi1,5774.900000000001
65298,T2a,5774.900000000001
69164,Mi1,5774.900000000001
99663,T4c,5775.0
103226,T4d,5775.0
93972,T4a,5775.1
88281,T4b,5775.1
87358,T4a,5775.1
102741,T4c,5775.1
39505,Mi1,5775.1
38479,Mi1,5775.1
34479,Mi1,5775.1
40426,Mi1,5775.1
12688,OA-ASM1,5775.2
85126,T4a,5775.2
36954,Mi1,5775.3
40854,Mi1,5775.3
286259,OA-ASM1,5775.3
99950,T4c,5775.400000000001
85007,T4c,5775.400000000001
39275,Mi1,5775.400000000001
72558,T2a,5775.5
10175,OA-VUMa6,5775.599999999999
40256,Mi1,5775.599999999999
65531,T2a,5775.599999999999
86419,Tm3,5775.599999999999
104257,T4b,5775.599999999999
73586,Tm3,5775.700000000001
92706,T4a,5775.700000000001
112744,T4d,5775.700000000001
130280,Tm3,5775.8
30997,Mi1,5775.8
36533,Mi1,5775.8
34867,Mi1,5775.9
12896,OA-VUMa5,5776.000000000001
33942,Mi1,5776.000000000001
56762,TmY3,5776.000000000001
60857,Mi1,5776.000000000001
60856,T2a,5776.1
10001,DNp01,5776.2
98837,T4c,5776.2
112619,T4d,5776.3
109868,Tm3,5776.3
104942,T4a,5776.3
47368,TmY3,5776.3
77991,Tm3,5776.3
69441,Tm3,5776.3
92839,T4b,5776.3
105276,T4d,5776.400000000001
537004,VSm,5776.400000000001
93224,T4a,5776.400000000001
89368,T4c,5776.400000000001
91444,T4c,5776.400000000001
83465,T4a,5776.400000000001
92668,T2a,5776.400000000001
64341,TmY3,5776.5
112633,T4b,5776.5
37353,Mi1,5776.6
95242,T4d,5776.6
37371,Mi1,5776.7
39067,Mi1,5776.7
79271,T4a,5776.7
83204,T4d,5776.7
91806,T4a,5776.7
532850,Tm3,5776.7
10185,OA-VUMa8,5776.8
95681,T4a,5776.900000000001
90219,T4a,5776.900000000001
10204,OA-AL2i2,5776.900000000001
10025,H2,5777.0
37270,Mi1,5777.0
97675,T4c,5777.0
10037,VS,5777.099999999999
11005,OA-VUMa4,5777.099999999999
35806,Mi1,5777.099999999999
91283,T4c,5777.099999999999
106295,T4b,5777.099999999999
94368,T4a,5777.200000000001
100867,T4b,5777.200000000001
71052,T2a,5777.4
99980,T4c,5777.4
99348,T4c,5777.4
73284,T2a,5777.4
33462,Mi1,5777.4
10187,OA-VPM3,5777.4
10016,HSE,5777.4
37853,Mi1,5777.4
35405,Mi1,5777.5
41668,Mi1,5777.5
47967,Mi1,5777.5
89434,T4c,5777.5
107621,T4d,5777.6
38893,Mi1,5777.6
47686,TmY3,5777.6
66214,T2a,5777.6
91987,T4c,5777.7
104368,T4c,5777.7
10112,VS,5777.7
83979,T4a,5777.8
102462,T4c,5777.8
10555,OA-VUMa3,5777.8
34171,Mi1,5777.8
104905,T4c,5777.8
111746,Tm3,5777.900000000001
92047,T4c,5777.900000000001
10015,HSN,5777.900000000001
11921,OA-VPM4,5777.900000000001
70289,Mi1,5777.900000000001
10023,HSS,5778.0
10825,OA-AL2i3,5778.0
34057,Mi1,5778.0
107031,T4b,5778.0
107105,T4d,5778.0
109598,T4b,5778.0
10110,OA-VUMa1,5778.1
66808,Tm3,5778.1
90121,T4b,5778.1
91741,T4d,5778.1
92993,Tm3,5778.1
105718,T4b,5778.2
72938,T2a,5778.2
95453,T4a,5778.2
10120,OA-VPM4,5778.2
22328,LC4,5778.2
10652,OA-AL2i4,5778.3
10677,OA-AL2i4,5778.3
33446,Mi1,5778.3
39629,Mi1,5778.400000000001
57398,Mi1,5778.400000000001
100897,T4c,5778.5
10206,VS,5778.599999999999
65671,Mi1,5778.599999999999
69597,Tm3,5778.599999999999
34296,Mi1,5778.700000000001
62078,Mi1,5778.700000000001
93935,T4a,5778.700000000001
109142,T4b,5778.700000000001
35580,Mi1,5778.8
103025,T4a,5778.9
98226,T4b,5778.9
98118,T4c,5778.9
72005,Tm3,5778.9
38791,Mi1,5778.9
40085,Mi1,5779.0
96424,T4b,5779.0
16138,LC4,5779.1
95822,T4b,5779.1
103022,T4a,5779.1
21225,LC4,5779.2
72989,Tm3,5779.2
98325,T4d,5779.2
104301,T4b,5779.2
106801,T4c,5779.2
90465,T4a,5779.3
102229,T4d,5779.4
92552,T4a,5779.4
69540,TmY3,5779.4
40703,Mi1,5779.4
32893,Mi1,5779.4
67971,Tm3,5779.4
39718,Mi1,5779.5
42119,Mi1,5779.5
91345,T4c,5779.5
97161,T4a,5779.5
104858,T4b,5779.5
100033,T4c,5779.6
10687,OA-AL2i3,5779.7
54087,Mi1,5779.7
58862,Mi1,5779.7
104703,T4d,5779.7
36410,Mi1,5779.8
42006,TmY3,5779.8
99670,T4c,5779.8
52328,TmY3,5780.0
93750,T4c,5780.099999999999
95972,T4d,5780.099999999999
37568,Mi1,5780.099999999999
91057,T4c,5780.099999999999
35770,Mi1,5780.200000000001
71228,T2a,5780.200000000001
11264,OA-ASM1,5780.3
45005,TmY3,5780.3
74228,Tm3,5780.3
90206,T4b,5780.3
108438,T4d,5780.4
49441,TmY3,5780.4
100206,T4c,5780.4
36540,Mi1,5780.6
38238,Mi1,5780.6
39743,Mi1,5780.6
101772,Tm3,5780.6
78503,T2a,5780.700000000001
41545,Mi1,5780.700000000001
40596,Mi1,5780.700000000001
34079,Mi1,5780.700000000001
10025,H2,5780.700000000001
10269,OA-AL2i2,5780.8
51122,Mi1,5780.8
132339,Tm3,5780.8
34369,Mi1,5780.9
55101,Mi1,5780.9
125288,Tm3,5780.9
101302,T4d,5781.000000000001
93509,T4b,5781.000000000001
36252,Mi1,5781.000000000001
86686,T4c,5781.000000000001
101228,T4a,5781.1
10037,VS,5781.1
10072,OA-AL2i1,5781.1
35017,Mi1,5781.1
35934,Mi1,5781.2
93360,T4b,5781.2
21313,LC4,5781.2
35836,Mi1,5781.3
35888,Mi1,5781.3
37019,Mi1,5781.3
96394,T4b,5781.3
30923,TmY3,5781.400000000001
36139,Mi1,5781.400000000001
48547,TmY3,5781.400000000001
103639,T4d,5781.5
64149,Mi1,5781.5
11608,OA-VUMa2,5781.5
10011,OA-AL2i1,5781.6
10041,OA-VUMa1,5781.6
10658,OA-AL2i3,5781.6
36994,Mi1,5781.6
33907,Mi1,5781.7
121816,T4a,5781.7
106952,T4b,5781.7
34463,Mi1,5781.8
10001,DNp01,5781.8
10016,HSE,5781.900000000001
63420,Mi1,5781.900000000001
86536,Tm3,5781.900000000001
91913,T4b,5781.900000000001
95356,T4a,5781.900000000001
95554,T4b,5781.900000000001
110646,T4b,5781.900000000001
50333,TmY3,5782.0
43334,TmY3,5782.1
83583,T4d,5782.1
85152,T4c,5782.1
125171,Tm3,5782.1
59397,Mi1,5782.200000000001
97899,T4a,5782.200000000001
800146,TTMn,5782.3
106922,T4c,5782.3
103425,T4a,5782.3
104683,T4b,5782.3
59959,Mi1,5782.3
10755,H1,5782.3
72194,Tm3,5782.3
12109,OA-VUMa2,5782.3
10015,HSN,5782.4
23392,LC4,5782.4
89290,T4d,5782.4
106166,T4b,5782.4
94356,T4c,5782.500000000001
103677,T4b,5782.500000000001
86416,T4a,5782.7
99423,T4d,5782.7
35152,Mi1,5782.7
55976,Mi1,5782.8
73828,Tm3,5782.8
98751,T4a,5782.8
101215,T4c,5782.8
20634,VST1,5782.900000000001
34862,Mi1,5782.900000000001
103479,T4c,5782.900000000001
92254,T4b,5783.0
79646,Tm3,5783.0
20808,LC4,5783.0
67150,T2a,5783.0
10112,VS,5783.1
34849,Mi1,5783.1
37529,Mi1,5783.1
34899,Mi1,5783.2
108065,T4c,5783.2
96090,T4c,5783.3
35100,Mi1,5783.400000000001
74231,Tm3,5783.400000000001
102016,T4a,5783.400000000001
106701,T4d,5783.5
38133,Mi1,5783.599999999999
77676,T2a,5783.599999999999
97784,T4c,5783.599999999999
98654,T4d,5783.700000000001
36217,Mi1,5783.700000000001
35897,Mi1,5783.8
37000,Mi1,5783.8
89142,T4b,5783.8
95007,T4a,5783.8
103657,T4b,5783.9
88625,T4c,5783.9
119245,T4d,5783.9
35712,Mi1,5783.9
48986,TmY3,5783.9
39692,TmY3,5784.000000000001
81995,Tm3,5784.000000000001
90135,T4c,5784.000000000001
104297,T4a,5784.000000000001
104354,T4b,5784.000000000001
37599,Mi1,5784.1
102801,T4b,5784.2
103314,T4b,5784.2
95335,T4a,5784.2
10322,OA-AL2i2,5784.2
21336,LC4,5784.2
10226,OA-AL2i3,5784.2
37123,Mi1,5784.2
10025,H2,5784.3
10265,OA-AL2i2,5784.3
31848,Mi1,5784.3
34933,Mi1,5784.3
80435,T2a,5784.3
92281,T4c,5784.3
542412,Mi1,5784.400000000001
34300,Mi1,5784.400000000001
41626,Mi1,5784.400000000001
67719,T2a,5784.400000000001
98668,T4a,5784.400000000001
101873,T4b,5784.5
35498,Mi1,5784.5
10080,OA-VUMa3,5784.5
35602,Mi1,5784.7
35774,Mi1,5784.7
61401,T2a,5784.7
78856,Tm3,5784.7
83689,T4a,5784.7
100956,T4d,5784.8
49324,Mi1,5784.8
65513,T2a,5784.8
74375,Tm3,5784.8
10023,HSS,5784.900000000001
95364,T4d,5784.900000000001
69570,Tm3,5785.0
98300,T4a,5785.0
110403,T4b,5785.0
10168,OA-VUMa6,5785.099999999999
98381,T4d,5785.200000000001
116129,T4b,5785.200000000001
84063,T4b,5785.200000000001
10799,OA-VUMa4,5785.200000000001
51050,TmY3,5785.200000000001
23098,LC4,5785.200000000001
74937,T2a,5785.200000000001
67113,Mi1,5785.3
92114,T4c,5785.3
10037,VS,5785.4
11602,OA-ASM1,5785.5
38993,Mi1,5785.5
88152,T4c,5785.6
35218,Mi1,5785.6
35428,Mi1,5785.6
104336,T4b,5785.6
97028,T4c,5785.7
36911,Mi1,5785.7
75521,T2a,5785.7
34045,Mi1,5785.7
34189,Mi1,5785.7
10206,VS,5785.900000000001
38230,Mi1,5785.900000000001
44119,Mi1,5786.0
80302,T2a,5786.0
94624,T4a,5786.0
10284,VS,5786.1
36446,Mi1,5786.1
69793,T2a,5786.1
71475,Tm3,5786.1
10016,HSE,5786.2
89825,T4a,5786.2
96576,T4c,5786.2
96657,T4c,5786.2
97885,T4a,5786.3
35840,Mi1,5786.3
10001,DNp01,5786.3
35845,Mi1,5786.400000000001
40944,Mi1,5786.400000000001
41296,Mi1,5786.400000000001
72279,Mi1,5786.400000000001
547091,T2,5786.400000000001
91674,T4a,5786.5
87289,T4a,5786.599999999999
34356,Mi1,5786.599999999999
22194,LC4,5786.599999999999
37699,Mi1,5786.700000000001
48514,TmY3,5786.700000000001
12688,OA-ASM1,5786.8
35001,Mi1,5786.8
35234,Mi1,5786.8
41809,Mi1,5786.8
95239,T4a,5786.8
93527,T4a,5786.9
107442,T4d,5786.9
107170,T4b,5787.0
98788,T4d,5787.1
107609,T4d,5787.1
37037,Mi1,5787.1
78968,Tm3,5787.1
12896,OA-VUMa5,5787.2
92431,T4a,5787.2
10015,HSN,5787.3
53065,Mi1,5787.3
74373,Tm3,5787.3
74927,Tm3,5787.3
90278,T4a,5787.3
104450,T4a,5787.3
10175,OA-VUMa6,5787.4
39275,Mi1,5787.4
102479,T4c,5787.4
537004,VSm,5787.4
35447,Mi1,5787.5
68522,T2a,5787.6
95883,T4a,5787.6
104008,T4b,5787.6
102791,T4c,5787.7
33017,Mi1,5787.7
10025,H2,5787.799999999999
36452,Mi1,5787.799999999999
37631,Mi1,5787.799999999999
47240,TmY3,5787.799999999999
91469,T4c,5787.799999999999
525839,Mi1,5787.799999999999
95458,T4d,5787.900000000001
93688,T4a,5787.900000000001
103654,T4b,5787.900000000001
105412,T4a,5787.900000000001
120231,Tm3,5787.900000000001
106793,T4d,5788.0
40171,Mi1,5788.099999999999
87424,T4d,5788.099999999999
287884,OA-VPM3,5788.099999999999
526158,Mi1,5788.200000000001
105521,T4c,5788.200000000001
40026,TmY3,5788.200000000001
39158,Mi1,5788.200000000001
11134,VSm,5788.3
33216,Mi1,5788.3
41120,Mi1,5788.3
46324,TmY3,5788.3
71402,Tm3,5788.3
105135,T4c,5788.3
10112,VS,5788.400000000001
95005,T4a,5788.400000000001
101043,T4c,5788.400000000001
36177,Mi1,5788.5
88698,T4a,5788.5
97853,T4c,5788.5
532805,Tm3,5788.5
56564,Mi1,5788.6
96126,T4b,5788.6
46662,TmY3,5788.6
38767,Mi1,5788.700000000001
40426,Mi1,5788.700000000001
89139,T4c,5788.700000000001
98360,T4c,5788.700000000001
107529,T4d,5788.700000000001
11005,OA-VUMa4,5788.8
10110,OA-VUMa1,5788.8
10825,OA-AL2i3,5788.8
38208,Mi1,5788.9
52485,TmY3,5788.9
90423,T4b,5788.9
102388,T4d,5788.9
127615,Tm3,5788.9
94743,T4d,5789.000000000001
72955,T2a,5789.000000000001
68842,TmY3,5789.1
93021,T4a,5789.1
36305,Mi1,5789.1
40854,Mi1,5789.1
10204,OA-AL2i2,5789.2
37948,Mi1,5789.2
88726,T4b,5789.2
118924,Tm3,5789.2
10677,OA-AL2i4,5789.3
33655,Mi1,5789.3
38479,Mi1,5789.3
85074,T4a,5789.3
98504,T4c,5789.3
99011,T4c,5789.400000000001
94153,T4d,5789.400000000001
91682,T4b,5789.400000000001
286259,OA-ASM1,5789.400000000001
38514,Mi1,5789.400000000001
84010,Tm3,5789.400000000001
102975,T4b,5789.400000000001
12521,HST,5789.400000000001
36533,Mi1,5789.5
115636,T4d,5789.5
34479,Mi1,5789.6
93957,T4b,5789.6
103827,T4c,5789.6
111416,Tm3,5789.6
37353,Mi1,5789.7
10185,OA-VUMa8,5789.8
10037,VS,5789.900000000001
10072,OA-AL2i1,5790.0
33942,Mi1,5790.0
37371,Mi1,5790.0
38529,Mi1,5790.0
40832,Mi1,5790.0
68982,Tm3,5790.0
89728,Tm3,5790.1
102579,T4b,5790.1
85737,T2a,5790.1
34867,Mi1,5790.1
38241,Mi1,5790.1
10016,HSE,5790.200000000001
33462,Mi1,5790.200000000001
36954,Mi1,5790.200000000001
101480,T4c,5790.200000000001
16138,LC4,5790.3
47368,TmY3,5790.3
101620,T4b,5790.4
100282,T4a,5790.4
58945,Tm3,5790.4
10120,OA-VPM4,5790.500000000001
69164,Mi1,5790.500000000001
97878,T4b,5790.500000000001
99163,T4a,5790.500000000001
99628,T4b,5790.500000000001
101244,T4b,5790.500000000001
101770,T4b,5790.6
118502,T4b,5790.7
102153,T4c,5790.7
10687,OA-AL2i3,5790.7
83438,T4a,5790.7
102112,T4c,5790.7
10187,OA-VPM3,5790.8
10269,OA-AL2i2,5790.8
103570,T4d,5790.8
44746,TmY3,5790.900000000001
69228,T2a,5790.900000000001
98194,T4d,5790.900000000001
49372,TmY3,5791.0
94305,T4a,5791.0
97677,T4c,5791.0
104191,T4a,5791.1
33446,Mi1,5791.1
37270,Mi1,5791.1
60857,Mi1,5791.1
39505,Mi1,5791.2
38893,Mi1,5791.2
34057,Mi1,5791.2
10023,HSS,5791.2
10041,OA-VUMa1,5791.3
10555,OA-VUMa3,5791.3
44564,TmY3,5791.3
39067,Mi1,5791.400000000001
117662,T4d,5791.400000000001
10001,DNp01,5791.400000000001
10025,H2,5791.400000000001
101685,T4b,5791.5
11608,OA-VUMa2,5791.599999999999
37853,Mi1,5791.599999999999
65671,Mi1,5791.599999999999
88435,Tm3,5791.599999999999
35806,Mi1,5791.700000000001
40256,Mi1,5791.8
100946,T4c,5791.8
93947,T4a,5791.9
30997,Mi1,5791.9
10755,H1,5792.000000000001
20542,LC4,5792.000000000001
32535,Mi1,5792.000000000001
84008,T4c,5792.000000000001
102147,T4c,5792.000000000001
102991,T4c,5792.1
107297,T4c,5792.1
92644,T4d,5792.1
75660,T2a,5792.1
71161,T2a,5792.1
48607,TmY3,5792.2
98985,T4c,5792.2
11921,OA-VPM4,5792.3
34171,Mi1,5792.3
41668,Mi1,5792.3
61768,T2,5792.3
122233,Tm3,5792.400000000001
112775,T4d,5792.400000000001
93313,T4a,5792.400000000001
109593,Tm3,5792.400000000001
10015,HSN,5792.5
10652,OA-AL2i4,5792.5
34296,Mi1,5792.5
35580,Mi1,5792.5
39405,Mi1,5792.5
39629,Mi1,5792.5
40085,Mi1,5792.5
70289,Mi1,5792.5
98887,T4b,5792.5
107075,T4d,5792.5
65468,T2,5792.6
97872,T4d,5792.7
109652,T4d,5792.7
80855,Tm3,5792.7
71188,T2a,5792.7
35405,Mi1,5792.7
20808,LC4,5792.7
71394,T2a,5792.8
74023,T2a,5792.8
101230,T4a,5792.8
10658,OA-AL2i3,5792.900000000001
47967,Mi1,5792.900000000001
68562,T2a,5792.900000000001
81883,T2a,5792.900000000001
10206,VS,5793.0
61659,Tm3,5793.0
96199,T4a,5793.0
23392,LC4,5793.099999999999
51231,TmY3,5793.200000000001
88992,T4c,5793.200000000001
10322,OA-AL2i2,5793.200000000001
18127,LC4,5793.200000000001
97675,T4c,5793.3
92939,T4b,5793.3
38238,Mi1,5793.4
48283,TmY3,5793.4
69380,Tm3,5793.4
107719,T4b,5793.4
102564,T4a,5793.5
94983,T4c,5793.5
94755,T4a,5793.5
99292,T4a,5793.5
32893,Mi1,5793.5
10012,VS,5793.5
94179,T4a,5793.5
11264,OA-ASM1,5793.6
36540,Mi1,5793.6
91313,T4a,5793.6
51122,Mi1,5793.7
93419,T4b,5793.7
106522,T4d,5793.7
98000,T4b,5793.8
97256,T4c,5793.8
10112,VS,5793.8
54885,TmY3,5793.8
91366,T4b,5793.8
35770,Mi1,5793.900000000001
66808,Tm3,5793.900000000001
99387,T4a,5793.900000000001
122308,Tm3,5793.900000000001
36410,Mi1,5794.0
37568,Mi1,5794.0
42119,Mi1,5794.0
54087,Mi1,5794.0
83067,T4b,5794.0
93166,T4c,5794.0
102741,T4c,5794.0
97288,T4c,5794.1
97866,T4d,5794.1
58862,Mi1,5794.1
44449,TmY3,5794.1
35934,Mi1,5794.1
55101,Mi1,5794.1
70490,Mi1,5794.2
100032,T4c,5794.2
22328,LC4,5794.3
90145,T4a,5794.3
102519,T4a,5794.3
10016,HSE,5794.400000000001
12109,OA-VUMa2,5794.400000000001
24338,LC4,5794.400000000001
82038,Tm3,5794.400000000001
96728,T4c,5794.400000000001
34369,Mi1,5794.5
104027,T4d,5794.5
77138,Tm3,5794.599999999999
10037,VS,5794.599999999999
39743,Mi1,5794.599999999999
39718,Mi1,5794.700000000001
93025,T4b,5794.700000000001
104257,T4b,5794.700000000001
21313,LC4,5794.8
36252,Mi1,5794.8
40596,Mi1,5794.8
82145,T2a,5794.8
102425,T4b,5794.8
34142,Mi1,5794.9
36139,Mi1,5794.9
59397,Mi1,5795.0
37019,Mi1,5795.0
90566,T4d,5795.0
35836,Mi1,5795.1
34079,Mi1,5795.1
38791,Mi1,5795.2
106912,Tm3,5795.2
10025,H2,5795.2
101463,T4d,5795.3
89434,T4c,5795.3
83365,T2a,5795.3
35017,Mi1,5795.3
66345,T2a,5795.3
62078,Mi1,5795.4
133040,Tm3,5795.4
10226,OA-AL2i3,5795.5
100310,T4d,5795.5
800146,TTMn,5795.6
21336,LC4,5795.7
37243,Mi1,5795.7
38721,Mi1,5795.7
57398,Mi1,5795.7
78911,Tm3,5795.7
112179,T4b,5795.7
34463,Mi1,5795.799999999999
103025,T4a,5795.799999999999
108307,T4b,5795.799999999999
108948,T4b,5795.900000000001
100033,T4c,5795.900000000001
55976,Mi1,5795.900000000001
35888,Mi1,5795.900000000001
10080,OA-VUMa3,5795.900000000001
41545,Mi1,5795.900000000001
40703,Mi1,5796.0
63420,Mi1,5796.0
98099,T4b,5796.0
100855,T4a,5796.200000000001
10001,DNp01,5796.200000000001
93334,T4b,5796.200000000001
10799,OA-VUMa4,5796.3
34862,Mi1,5796.3
36994,Mi1,5796.3
66980,T2a,5796.3
69980,Tm3,5796.3
20673,LC4,5796.400000000001
71773,T2a,5796.400000000001
90394,T4a,5796.5
86778,T4a,5796.5
47962,TmY3,5796.5
35897,Mi1,5796.5
85126,T4a,5796.5
19954,LC4,5796.6
78172,TmY3,5796.6
108349,T4d,5796.700000000001
50345,TmY3,5796.700000000001
61045,TmY3,5796.700000000001
79483,Tm3,5796.700000000001
85378,T4a,5796.700000000001
97193,T4a,5796.700000000001
94468,T4c,5796.8
42675,Mi1,5796.8
94356,T4c,5796.8
31848,Mi1,5796.8
10168,OA-VUMa6,5796.8
35152,Mi1,5796.8
124490,Tm3,5796.9
95453,T4a,5796.9
90049,T4c,5796.9
34899,Mi1,5796.9
42594,Mi1,5796.9
83979,T4a,5796.9
34849,Mi1,5797.000000000001
100838,T4c,5797.000000000001
83227,Tm3,5797.1
10023,HSS,5797.1
33907,Mi1,5797.1
34626,Mi1,5797.1
68933,Tm3,5797.2
110988,T4a,5797.2
10265,OA-AL2i2,5797.2
35602,Mi1,5797.2
120016,Tm3,5797.3
111184,T4a,5797.3
108847,T4d,5797.3
96676,T4b,5797.400000000001
37529,Mi1,5797.400000000001
70524,T2a,5797.400000000001
36217,Mi1,5797.5
88167,T4b,5797.5
98175,T4c,5797.5
100787,T4b,5797.5
35498,Mi1,5797.6
91629,T4a,5797.6
98349,T4a,5797.6
10015,HSN,5797.7
78561,Tm3,5797.8
38133,Mi1,5797.900000000001
41626,Mi1,5797.900000000001
93750,T4c,5797.900000000001
99922,T4c,5797.900000000001
101878,T4a,5797.900000000001
537004,VSm,5798.0
34300,Mi1,5798.0
87358,T4a,5798.1
10175,OA-VUMa6,5798.200000000001
35100,Mi1,5798.200000000001
65106,T2,5798.200000000001
94549,T4b,5798.200000000001
35774,Mi1,5798.3
49324,Mi1,5798.3
90097,T4c,5798.3
11602,OA-ASM1,5798.4
23098,LC4,5798.4
37123,Mi1,5798.4
39692,TmY3,5798.4
11005,OA-VUMa4,5798.500000000001
542412,Mi1,5798.500000000001
107445,T4a,5798.6
72796,Tm3,5798.6
10011,OA-AL2i1,5798.6
69889,T2a,5798.6
34933,Mi1,5798.7
35712,Mi1,5798.7
67113,Mi1,5798.7
91806,T4a,5798.7
113686,T4d,5798.7
10016,HSE,5798.8
64149,Mi1,5798.900000000001
12896,OA-VUMa5,5798.900000000001
79271,T4a,5798.900000000001
10025,H2,5799.0
38230,Mi1,5799.0
59959,Mi1,5799.0
62340,T2,5799.0
50333,TmY3,5799.1
38993,Mi1,5799.1
10037,VS,5799.1
109857,T4d,5799.2
104853,T4c,5799.2
34189,Mi1,5799.2
68212,T2a,5799.2
37599,Mi1,5799.3
76325,T2a,5799.3
105126,T4c,5799.3
117627,Tm3,5799.400000000001
36446,Mi1,5799.5
67150,T2a,5799.5
90121,T4b,5799.5
96852,T4a,5799.5
10825,OA-AL2i3,5799.599999999999
77891,Tm3,5799.599999999999
85598,T4b,5799.700000000001
107211,T4d,5799.700000000001
79345,T2a,5799.8
94668,T4d,5799.8
107240,T4b,5799.8
37000,Mi1,5799.8
34356,Mi1,5799.8
25584,LC4,5799.8
10072,OA-AL2i1,5799.8
35218,Mi1,5799.8
35001,Mi1,5799.9
36911,Mi1,5799.9
66325,Tm3,5799.9
44119,Mi1,5800.000000000001
48547,TmY3,5800.000000000001
109142,T4b,5800.000000000001
10110,OA-VUMa1,5800.1
12688,OA-ASM1,5800.1
35845,Mi1,5800.1
97899,T4a,5800.1
35428,Mi1,5800.2
113207,T4d,5800.2
19260,LC4,5800.2
10755,H1,5800.3
35234,Mi1,5800.3
37699,Mi1,5800.3
40944,Mi1,5800.400000000001
10001,DNp01,5800.400000000001
34045,Mi1,5800.400000000001
36452,Mi1,5800.400000000001
39275,Mi1,5800.400000000001
41296,Mi1,5800.400000000001
77480,Tm3,5800.400000000001
99663,T4c,5800.400000000001
109996,T4c,5800.400000000001
48894,TmY3,5800.5
90219,T4a,5800.5
101005,T4d,5800.6
93566,T4a,5800.6
100867,T4b,5800.6
10677,OA-AL2i4,5800.6
10112,VS,5800.6
76524,Tm3,5800.6
41809,Mi1,5800.7
67971,Tm3,5800.7
72279,Mi1,5800.7
91913,T4b,5800.7
92842,T4a,5800.7
94283,T4d,5800.7
87845,T4a,5800.8
10687,OA-AL2i3,5800.900000000001
16138,LC4,5800.900000000001
37037,Mi1,5800.900000000001
102462,T4c,5800.900000000001
287884,OA-VPM3,5801.0
10269,OA-AL2i2,5801.0
35840,Mi1,5801.0
98312,T4a,5801.0
92082,T4b,5801.099999999999
35045,Mi1,5801.099999999999
35447,Mi1,5801.200000000001
81401,T4b,5801.200000000001
92706,T4a,5801.200000000001
96134,T4b,5801.200000000001
127153,Tm3,5801.200000000001
101215,T4c,5801.3
86419,Tm3,5801.3
76733,Tm3,5801.3
70800,Tm3,5801.3
53065,Mi1,5801.3
33216,Mi1,5801.3
33017,Mi1,5801.3
10206,VS,5801.4
49322,TmY3,5801.4
72148,Tm3,5801.4
10041,OA-VUMa1,5801.5
10204,OA-AL2i2,5801.5
112633,T4b,5801.5
91987,T4c,5801.6
72558,T2a,5801.6
10185,OA-VUMa8,5801.7
90474,T4b,5801.7
92047,T4c,5801.7
93865,T4c,5801.7
93972,T4a,5801.7
101772,Tm3,5801.7
104858,T4b,5801.7
118260,T4d,5801.7
10322,OA-AL2i2,5801.8
37631,Mi1,5801.9
40171,Mi1,5801.9
100633,T4a,5801.9
112744,T4d,5801.9
525839,Mi1,5801.9
22194,LC4,5802.0
36177,Mi1,5802.0
113171,T4b,5802.0
103160,T4a,5802.1
101383,T4b,5802.1
20808,LC4,5802.1
39158,Mi1,5802.1
42006,TmY3,5802.2
56564,Mi1,5802.2
286259,OA-ASM1,5802.2
91325,T4a,5802.3
97784,T4c,5802.3
41120,Mi1,5802.400000000001
10284,VS,5802.400000000001
37371,Mi1,5802.400000000001
92415,T4a,5802.400000000001
526158,Mi1,5802.400000000001
70812,TmY3,5802.5
75381,Tm3,5802.5
34479,Mi1,5802.5
36305,Mi1,5802.5
120312,Tm3,5802.599999999999
116610,T4d,5802.599999999999
112619,T4d,5802.599999999999
104674,T4a,5802.599999999999
10023,HSS,5802.700000000001
91283,T4c,5802.700000000001
95677,T4c,5802.700000000001
10016,HSE,5802.8
83583,T4d,5802.8
89290,T4d,5802.8
105403,T4c,5802.8
116311,T4d,5802.9
99670,T4c,5802.9
10025,H2,5802.9
11608,OA-VUMa2,5802.9
96035,T4d,5803.0
10015,HSN,5803.0
40426,Mi1,5803.0
82515,Tm3,5803.0
109649,T4c,5803.1
77395,T4b,5803.1
100319,T4b,5803.1
61292,T2,5803.2
97231,T4a,5803.2
108065,T4c,5803.2
98837,T4c,5803.3
34057,Mi1,5803.3
40854,Mi1,5803.3
83465,T4a,5803.3
89020,T4a,5803.3
91444,T4c,5803.3
72426,Tm3,5803.4
121170,Tm3,5803.4
10187,OA-VPM3,5803.4
37270,Mi1,5803.4
66167,T2,5803.5
103073,T4a,5803.5
71052,T2a,5803.5
37948,Mi1,5803.5
37353,Mi1,5803.5
23392,LC4,5803.5
10120,OA-VPM4,5803.5
36533,Mi1,5803.5
98862,Tm3,5803.6
84063,T4b,5803.6
83191,T4a,5803.6
131823,Tm3,5803.6
38208,Mi1,5803.6
33942,Mi1,5803.6
38479,Mi1,5803.6
38514,Mi1,5803.7
65298,T2a,5803.7
92839,T4b,5803.7
100105,T4a,5803.7
109598,T4b,5803.7
33655,Mi1,5803.799999999999
99950,T4c,5803.799999999999
123490,Tm3,5803.900000000001
97480,T4c,5803.900000000001
19543,LC4,5803.900000000001
36954,Mi1,5803.900000000001
95681,T4a,5803.900000000001
21313,LC4,5804.0
74725,T2a,5804.0
76074,Tm3,5804.0
38241,Mi1,5804.1
47368,TmY3,5804.1
91469,T4c,5804.1
95822,T4b,5804.200000000001
100087,T4b,5804.200000000001
90888,T4b,5804.3
106295,T4b,5804.3
800146,TTMn,5804.3
98439,T4a,5804.400000000001
95554,T4b,5804.400000000001
89099,T4a,5804.400000000001
10037,VS,5804.400000000001
10001,DNp01,5804.5
33446,Mi1,5804.5
33462,Mi1,5804.5
65531,T2a,5804.5
85152,T4c,5804.5
34867,Mi1,5804.6
35806,Mi1,5804.6
62272,T2,5804.6
102229,T4d,5804.6
20542,LC4,5804.700000000001
30923,TmY3,5804.700000000001
34296,Mi1,5804.700000000001
65671,Mi1,5804.700000000001
90430,T2a,5804.700000000001
94624,T4a,5804.8
47686,TmY3,5804.8
10658,OA-AL2i3,5804.9
21336,LC4,5804.9
79083,Tm3,5804.9
91057,T4c,5804.9
38767,Mi1,5805.000000000001
93527,T4a,5805.000000000001
88922,T4c,5805.2
10555,OA-VUMa3,5805.2
12109,OA-VUMa2,5805.3
38529,Mi1,5805.3
103022,T4a,5805.3
10652,OA-AL2i4,5805.400000000001
60857,Mi1,5805.400000000001
93224,T4a,5805.400000000001
97171,T4d,5805.5
108824,T4d,5805.5
97028,T4c,5805.5
100488,T4c,5805.5
79257,Tm3,5805.5
92996,T4a,5805.5
39505,Mi1,5805.5
69164,Mi1,5805.6
39067,Mi1,5805.7
96931,T4b,5805.7
111746,Tm3,5805.7
60856,T2a,5805.8
81836,T2a,5805.8
94287,T4d,5805.8
109631,T4b,5805.8
21225,LC4,5805.900000000001
38893,Mi1,5805.900000000001
100018,T4a,5805.900000000001
83438,T4a,5806.0
83677,T4c,5806.0
39629,Mi1,5806.0
40256,Mi1,5806.1
64341,TmY3,5806.1
70642,T2a,5806.1
89368,T4c,5806.1
102370,T4c,5806.200000000001
35405,Mi1,5806.200000000001
39405,Mi1,5806.200000000001
40832,Mi1,5806.200000000001
92114,T4c,5806.3
93360,T4b,5806.3
96295,T4b,5806.3
32535,Mi1,5806.4
92181,T4a,5806.4
100567,T4d,5806.500000000001
105718,T4b,5806.500000000001
98118,T4c,5806.500000000001
102031,T4c,5806.500000000001
51122,Mi1,5806.500000000001
34171,Mi1,5806.500000000001
10016,HSE,5806.500000000001
79646,Tm3,5806.500000000001
10025,H2,5806.6
80812,T4a,5806.6
91345,T4c,5806.6
95356,T4a,5806.7
88152,T4c,5806.7
66214,T2a,5806.7
11264,OA-ASM1,5806.7
73284,T2a,5806.7
90567,T4b,5806.8
11921,OA-VPM4,5806.8
30997,Mi1,5806.8
37853,Mi1,5806.8
40026,TmY3,5806.8
92281,T4c,5806.8
103425,T4a,5806.900000000001
36540,Mi1,5806.900000000001
41668,Mi1,5807.0
12521,HST,5807.1
35770,Mi1,5807.1
75298,T2a,5807.1
94305,T4a,5807.1
100206,T4c,5807.1
114817,T4d,5807.1
96090,T4c,5807.2
10112,VS,5807.2
95005,T4a,5807.2
35580,Mi1,5807.3
70289,Mi1,5807.3
87390,T2a,5807.3
95883,T4a,5807.3
107031,T4b,5807.3
47967,Mi1,5807.400000000001
10226,OA-AL2i3,5807.5
48986,TmY3,5807.599999999999
104683,T4b,5807.599999999999
40085,Mi1,5807.599999999999
38238,Mi1,5807.599999999999
36410,Mi1,5807.599999999999
36139,Mi1,5807.599999999999
10015,HSN,5807.599999999999
34369,Mi1,5807.700000000001
57247,TmY3,5807.700000000001
101480,T4c,5807.700000000001
10023,HSS,5807.8
100501,T4b,5807.8
35836,Mi1,5807.9
72066,Tm3,5807.9
94368,T4a,5807.9
96774,T4c,5807.9
100261,T4c,5807.9
83639,T2a,5808.000000000001
96576,T4c,5808.000000000001
42119,Mi1,5808.000000000001
54087,Mi1,5808.000000000001
10799,OA-VUMa4,5808.1
35934,Mi1,5808.1
46662,TmY3,5808.1
98846,T4c,5808.1
105698,T4c,5808.2
103440,T4d,5808.2
86141,T4b,5808.2
36252,Mi1,5808.2
34079,Mi1,5808.2
10755,H1,5808.2
54211,TmY3,5808.2
37568,Mi1,5808.3
48073,TmY3,5808.3
94058,T4b,5808.3
107640,T4c,5808.400000000001
32893,Mi1,5808.400000000001
99131,T4c,5808.400000000001
10072,OA-AL2i1,5808.400000000001
10001,DNp01,5808.400000000001
10080,OA-VUMa3,5808.5
11005,OA-VUMa4,5808.5
40596,Mi1,5808.5
63868,T2a,5808.5
81211,Tm3,5808.5
98381,T4d,5808.5
55101,Mi1,5808.6
46993,T2a,5808.7
58862,Mi1,5808.7
77226,T2a,5808.7
86686,T4c,5808.7
88625,T4c,5808.7
34862,Mi1,5808.8
86630,Tm3,5808.8
105521,T4c,5808.8
88698,T4a,5809.0
10168,OA-VUMa6,5809.0
10175,OA-VUMa6,5809.099999999999
38791,Mi1,5809.099999999999
74231,Tm3,5809.099999999999
89934,T4d,5809.099999999999
98360,T4c,5809.099999999999
52328,TmY3,5809.200000000001
23098,LC4,5809.3
59397,Mi1,5809.3
95985,T4c,5809.3
108438,T4d,5809.3
35017,Mi1,5809.4
39692,TmY3,5809.4
77383,T2a,5809.4
102975,T4b,5809.5
112321,T4d,5809.5
35152,Mi1,5809.5
35897,Mi1,5809.6
37019,Mi1,5809.6
12896,OA-VUMa5,5809.6
34463,Mi1,5809.6
36994,Mi1,5809.7
55976,Mi1,5809.7
91934,T4a,5809.7
101228,T4a,5809.7
104905,T4c,5809.7
108325,T4c,5809.8
35602,Mi1,5809.9
41545,Mi1,5809.9
71131,Tm3,5809.9
97853,T4c,5809.9
121816,T4a,5809.9
57398,Mi1,5810.0
86416,T4a,5810.0
106922,T4c,5810.0
39718,Mi1,5810.1
39743,Mi1,5810.1
10265,OA-AL2i2,5810.1
10037,VS,5810.2
10269,OA-AL2i2,5810.2
56762,TmY3,5810.2
90419,T4b,5810.2
10016,HSE,5810.3
10025,H2,5810.3
63420,Mi1,5810.3
102791,T4c,5810.400000000001
98325,T4d,5810.400000000001
40703,Mi1,5810.400000000001
39651,Mi1,5810.400000000001
10825,OA-AL2i3,5810.5
45005,TmY3,5810.5
60886,T2a,5810.5
31848,Mi1,5810.599999999999
92684,T4c,5810.599999999999
102579,T4b,5810.700000000001
62078,Mi1,5810.700000000001
34849,Mi1,5810.700000000001
10110,OA-VUMa1,5810.700000000001
33907,Mi1,5810.8
35498,Mi1,5810.8
71228,T2a,5810.8
71475,Tm3,5810.8
100897,T4c,5810.8
98654,T4d,5810.9
10687,OA-AL2i3,5810.9
20808,LC4,5810.9
36646,Mi1,5810.9
101302,T4d,5810.9
37243,Mi1,5811.0
97105,T4d,5811.0
547091,T2,5811.0
96424,T4b,5811.1
97675,T4c,5811.1
90423,T4b,5811.1
69540,TmY3,5811.2
66956,T2,5811.2
10322,OA-AL2i2,5811.2
35888,Mi1,5811.2
34899,Mi1,5811.3
98887,T4b,5811.3
97249,T4d,5811.4
99011,T4c,5811.4
105122,T4b,5811.4
96126,T4b,5811.5
10206,VS,5811.5
16138,LC4,5811.5
56007,TmY3,5811.5
70490,Mi1,5811.5
74375,Tm3,5811.5
95335,T4a,5811.6
98788,T4d,5811.6
42675,Mi1,5811.6
95007,T4a,5811.7
104450,T4a,5811.7
35890,Mi1,5811.7
75848,T2a,5811.7
36217,Mi1,5811.8
83689,T4a,5811.8
125171,Tm3,5811.8
111980,T4d,5811.900000000001
100190,T4c,5811.900000000001
92939,T4b,5811.900000000001
104297,T4a,5811.900000000001
67113,Mi1,5811.900000000001
11602,OA-ASM1,5811.900000000001
90465,T4a,5811.900000000001
49324,Mi1,5812.0
97161,T4a,5812.0
107529,T4d,5812.0
38987,Mi1,5812.1
70239,T2,5812.1
537004,VSm,5812.200000000001
93750,T4c,5812.200000000001
37123,Mi1,5812.200000000001
90206,T4b,5812.200000000001
10015,HSN,5812.3
77991,Tm3,5812.3
90135,T4c,5812.3
91741,T4d,5812.3
93509,T4b,5812.3
100033,T4c,5812.3
104414,T4d,5812.400000000001
35100,Mi1,5812.400000000001
38133,Mi1,5812.400000000001
66604,TmY3,5812.400000000001
98668,T4a,5812.400000000001
100996,T4b,5812.400000000001
94179,T4a,5812.5
95458,T4d,5812.5
11134,VSm,5812.5
34142,Mi1,5812.5
10677,OA-AL2i4,5812.6
12688,OA-ASM1,5812.6
37529,Mi1,5812.6
38721,Mi1,5812.6
78856,Tm3,5812.6
10001,DNp01,5812.700000000001
34626,Mi1,5812.700000000001
41296,Mi1,5812.700000000001
75521,T2a,5812.700000000001
78503,T2a,5812.700000000001
102016,T4a,5812.700000000001
34300,Mi1,5812.700000000001
39275,Mi1,5812.8
21313,LC4,5812.8
35712,Mi1,5812.8
118924,Tm3,5812.9
95239,T4a,5812.9
93419,T4b,5812.9
34933,Mi1,5813.000000000001
35774,Mi1,5813.000000000001
36446,Mi1,5813.000000000001
41626,Mi1,5813.000000000001
70112,T2,5813.000000000001
38230,Mi1,5813.1
10023,HSS,5813.1
35234,Mi1,5813.1
94574,T4c,5813.1
102801,T4b,5813.1
40219,Mi1,5813.2
287884,OA-VPM3,5813.2
542412,Mi1,5813.2
64149,Mi1,5813.3
94356,T4c,5813.3
33017,Mi1,5813.3
105276,T4d,5813.400000000001
89434,T4c,5813.400000000001
67424,T2,5813.400000000001
36452,Mi1,5813.400000000001
44564,TmY3,5813.400000000001
122961,T4d,5813.5
35218,Mi1,5813.6
89825,T4a,5813.6
104336,T4b,5813.6
21336,LC4,5813.7
23392,LC4,5813.7
74023,T2a,5813.7
37000,Mi1,5813.8
42594,Mi1,5813.8
49441,TmY3,5813.8
89139,T4c,5813.8
106952,T4b,5813.8
10112,VS,5813.900000000001
35845,Mi1,5813.900000000001
54885,TmY3,5813.900000000001
72194,Tm3,5814.0
59959,Mi1,5814.0
10025,H2,5814.0
48514,TmY3,5814.0
93166,T4c,5814.1
37599,Mi1,5814.200000000001
104256,T4a,5814.3
95453,T4a,5814.3
41654,Mi1,5814.3
93688,T4a,5814.3
10041,OA-VUMa1,5814.3
10016,HSE,5814.3
11608,OA-VUMa2,5814.3
10204,OA-AL2i2,5814.4
33216,Mi1,5814.4
35001,Mi1,5814.4
100956,T4d,5814.4
71938,T2a,5814.500000000001
92254,T4b,5814.500000000001
107143,T4d,5814.500000000001
37699,Mi1,5814.500000000001
20634,VST1,5814.500000000001
34045,Mi1,5814.500000000001
10185,OA-VUMa8,5814.6
93927,T4a,5814.6
99850,T4a,5814.6
31492,Mi1,5814.7
69063,Mi1,5814.7
72829,T2a,5814.7
87289,T4a,5814.7
88353,T4b,5814.7
10037,VS,5814.8
95017,T4c,5814.8
104144,T2,5814.8
286259,OA-ASM1,5814.8
103025,T4a,5814.900000000001
41809,Mi1,5814.900000000001
58945,Tm3,5814.900000000001
34356,Mi1,5814.900000000001
41659,Mi1,5814.900000000001
37037,Mi1,5815.0
38993,Mi1,5815.0
40944,Mi1,5815.0
94953,T4d,5815.0
103657,T4b,5815.1
53065,Mi1,5815.1
99672,T4a,5815.1
36911,Mi1,5815.1
40171,Mi1,5815.1
35447,Mi1,5815.2
35840,Mi1,5815.2
72279,Mi1,5815.2
84008,T4c,5815.2
108697,T4d,5815.2
98985,T4c,5815.3
92993,Tm3,5815.3
88012,T2,5815.3
69186,Tm3,5815.3
34189,Mi1,5815.3
39158,Mi1,5815.3
35428,Mi1,5815.400000000001
37631,Mi1,5815.5
38514,Mi1,5815.5
44119,Mi1,5815.5
526158,Mi1,5815.5
800146,TTMn,5815.5
92552,T4a,5815.599999999999
107609,T4d,5815.599999999999
106701,T4d,5815.700000000001
98194,T4d,5815.700000000001
88726,T4b,5815.700000000001
10658,OA-AL2i3,5815.700000000001
37294,Mi1,5815.700000000001
37270,Mi1,5815.700000000001
56564,Mi1,5815.700000000001
73320,T2,5815.8
89142,T4b,5815.8
43978,Mi1,5815.8
37371,Mi1,5815.8
10284,VS,5815.8
40426,Mi1,5815.8
19954,LC4,5815.9
69441,Tm3,5815.9
94743,T4d,5815.9
41120,Mi1,5816.0
90278,T4a,5816.0
91366,T4b,5816.0
107170,T4b,5816.0
110646,T4b,5816.0
42691,Mi1,5816.1
10755,H1,5816.1
36275,Mi1,5816.1
92431,T4a,5816.1
525839,Mi1,5816.2
69793,T2a,5816.2
91469,T4c,5816.3
114391,T4d,5816.3
120231,Tm3,5816.3
78421,T2a,5816.400000000001
97866,T4d,5816.400000000001
66345,T2a,5816.5
111928,T4b,5816.5
10120,OA-VPM4,5816.5
36177,Mi1,5816.5
22194,LC4,5816.6
24338,LC4,5816.6
84328,T4a,5816.6
110403,T4b,5816.6
36305,Mi1,5816.7
72896,Tm3,5816.7
93407,T4d,5816.7
103725,T4a,5816.8
100785,T4b,5816.8
91682,T4b,5816.8
48607,TmY3,5816.8
12109,OA-VUMa2,5816.8
83204,T4d,5816.8
44449,TmY3,5816.900000000001
63050,T2a,5816.900000000001
66808,Tm3,5816.900000000001
81215,Tm3,5816.900000000001
10015,HSN,5817.0
88951,Tm3,5817.099999999999
97677,T4c,5817.099999999999
103677,T4b,5817.099999999999
36346,Mi1,5817.200000000001
97899,T4a,5817.200000000001
171349687,Tm3,5817.200000000001
91806,T4a,5817.3
72045,T2a,5817.3
36533,Mi1,5817.3
18127,LC4,5817.3
10001,DNp01,5817.3
10187,OA-VPM3,5817.3
10011,OA-AL2i1,5817.4
35045,Mi1,5817.4
37353,Mi1,5817.4
99292,T4a,5817.4
99980,T4c,5817.4
106166,T4b,5817.4
36954,Mi1,5817.5
83979,T4a,5817.5
99628,T4b,5817.5
103654,T4b,5817.5
109593,Tm3,5817.5
128726,Tm3,5817.5
117142,T4d,5817.6
109868,Tm3,5817.6
104191,T4a,5817.6
102564,T4a,5817.6
97878,T4b,5817.6
52485,TmY3,5817.6
37839,Mi1,5817.6
33942,Mi1,5817.6
10025,H2,5817.6
40854,Mi1,5817.7
65009,T2,5817.7
67150,T2a,5817.7
102479,T4c,5817.8
69228,T2a,5817.8
10652,OA-AL2i4,5817.9
33655,Mi1,5817.9
68842,TmY3,5817.9
69597,Tm3,5817.9
90145,T4a,5817.9
96394,T4b,5817.9
105412,T4a,5818.0
77527,T4a,5818.0
33091,Mi1,5818.0
10226,OA-AL2i3,5818.0
34296,Mi1,5818.0
10555,OA-VUMa3,5818.1
34057,Mi1,5818.1
74927,Tm3,5818.1
83583,T4d,5818.1
93985,T4c,5818.1
109291,T4d,5818.1
10016,HSE,5818.2
34479,Mi1,5818.2
62947,T2a,5818.2
80358,Tm3,5818.2
84010,Tm3,5818.2
88281,T4b,5818.2
104703,T4d,5818.3
105565,Tm3,5818.3
65671,Mi1,5818.3
96163,T4b,5818.3
38208,Mi1,5818.400000000001
38241,Mi1,5818.400000000001
86696,T4d,5818.400000000001
97256,T4c,5818.400000000001
100946,T4c,5818.400000000001
108344,T4d,5818.5
103827,T4c,5818.5
93021,T4a,5818.5
37948,Mi1,5818.5
22328,LC4,5818.5
10112,VS,5818.5
10072,OA-AL2i1,5818.5
33446,Mi1,5818.5
85074,T4a,5818.599999999999
101770,T4b,5818.599999999999
107719,T4b,5818.700000000001
104257,T4b,5818.700000000001
78848,Tm3,5818.700000000001
93935,T4a,5818.700000000001
35806,Mi1,5818.700000000001
90259,T4d,5818.9
74287,Tm3,5818.9
38479,Mi1,5818.9
98175,T4c,5818.9
10269,OA-AL2i2,5818.9
10037,VS,5818.9
23098,LC4,5818.9
33462,Mi1,5819.0
87424,T4d,5819.0
90097,T4c,5819.0
95972,T4d,5819.0
109384,T4d,5819.0
86536,Tm3,5819.1
10799,OA-VUMa4,5819.1
10023,HSS,5819.2
10012,VS,5819.2
11005,OA-VUMa4,5819.3
25584,LC4,5819.3
107621,T4d,5819.3
10206,VS,5819.4
69164,Mi1,5819.4
16570,VST2,5819.5
35405,Mi1,5819.5
102388,T4d,5819.5
40832,Mi1,5819.6
94153,T4d,5819.6
34867,Mi1,5819.8
38893,Mi1,5819.8
39505,Mi1,5819.8
80302,T2a,5819.8
112993,T4b,5819.8
88491,T4a,5819.900000000001
111416,Tm3,5819.900000000001
38767,Mi1,5819.900000000001
80855,Tm3,5819.900000000001
11264,OA-ASM1,5820.0
85924,T4a,5820.0
98226,T4b,5820.0
106522,T4d,5820.0
39067,Mi1,5820.1
101463,T4d,5820.200000000001
39405,Mi1,5820.200000000001
38238,Mi1,5820.200000000001
40256,Mi1,5820.3
12896,OA-VUMa5,5820.400000000001
34171,Mi1,5820.400000000001
50333,TmY3,5820.400000000001
83438,T4a,5820.400000000001
97885,T4a,5820.5
84063,T4b,5820.5
51122,Mi1,5820.5
69961,Tm3,5820.5
38529,Mi1,5820.5
20808,LC4,5820.5
48547,TmY3,5820.5
10825,OA-AL2i3,5820.6
58862,Mi1,5820.6
72005,Tm3,5820.6
87845,T4a,5820.6
90566,T4d,5820.6
116716,T4b,5820.6
106401,T4d,5820.700000000001
79271,T4a,5820.700000000001
47967,Mi1,5820.700000000001
37853,Mi1,5820.700000000001
10322,OA-AL2i2,5820.700000000001
32535,Mi1,5820.700000000001
30997,Mi1,5820.700000000001
36540,Mi1,5820.700000000001
94624,T4a,5820.8
103570,T4d,5820.8
92706,T4a,5820.8
60857,Mi1,5820.8
69980,Tm3,5820.8
68982,Tm3,5820.8
88992,T4c,5820.8
34369,Mi1,5820.9
34938,Mi1,5820.9
65515,T2,5820.9
36139,Mi1,5821.000000000001
39629,Mi1,5821.000000000001
68562,T2a,5821.000000000001
95364,T4d,5821.000000000001
101081,T4c,5821.000000000001
101620,T4b,5821.000000000001
107075,T4d,5821.000000000001
41668,Mi1,5821.1
35770,Mi1,5821.1
10110,OA-VUMa1,5821.1
10168,OA-VUMa6,5821.1
35897,Mi1,5821.2
43334,TmY3,5821.2
67152,Tm3,5821.2
81037,T2a,5821.2
85007,T4c,5821.3
10015,HSN,5821.3
35580,Mi1,5821.3
106819,T4b,5821.3
10025,H2,5821.400000000001
10175,OA-VUMa6,5821.400000000001
40085,Mi1,5821.400000000001
98300,T4a,5821.400000000001
86778,T4a,5821.5
95242,T4d,5821.5
71674,T2a,5821.5
94567,T4c,5821.5
36410,Mi1,5821.5
10687,OA-AL2i3,5821.5
63175,Mi1,5821.5
11921,OA-VPM4,5821.6
36252,Mi1,5821.6
37568,Mi1,5821.6
69978,T2,5821.6
99609,T4a,5821.6
102991,T4c,5821.7
94755,T4a,5821.7
54087,Mi1,5821.7
10080,OA-VUMa3,5821.8
34862,Mi1,5821.8
47368,TmY3,5821.8
64260,T2,5821.8
78911,Tm3,5821.8
100310,T4d,5821.8
99663,T4c,5822.0
91913,T4b,5822.0
10001,DNp01,5822.0
78151,Tm3,5822.0
40596,Mi1,5822.1
35017,Mi1,5822.200000000001
70289,Mi1,5822.200000000001
93360,T4b,5822.200000000001
102519,T4a,5822.200000000001
10265,OA-AL2i2,5822.3
35836,Mi1,5822.3
42119,Mi1,5822.3
72938,T2a,5822.3
93025,T4b,5822.3
95554,T4b,5822.3
108847,T4d,5822.3
101685,T4b,5822.4
106912,Tm3,5822.4
83365,T2a,5822.4
92644,T4d,5822.4
57486,TmY3,5822.4
35934,Mi1,5822.4
10016,HSE,5822.4
21225,LC4,5822.500000000001
75590,T2a,5822.500000000001
100032,T4c,5822.500000000001
72558,T2a,5822.6
71161,T2a,5822.6
40635,Mi1,5822.6
48894,TmY3,5822.6
32893,Mi1,5822.6
10112,VS,5822.6
37019,Mi1,5822.6
69736,Tm3,5822.7
80435,T2a,5822.7
98504,T4c,5822.7
102741,T4c,5822.7
122233,Tm3,5822.7
99670,T4c,5822.8
104858,T4b,5822.8
96657,T4c,5822.8
10037,VS,5822.8
21313,LC4,5822.8
10755,H1,5822.8
34079,Mi1,5822.8
61768,T2,5822.900000000001
90219,T4a,5822.900000000001
103479,T4c,5822.900000000001
67971,Tm3,5823.0
69380,Tm3,5823.1
85126,T4a,5823.1
93947,T4a,5823.1
537004,VSm,5823.1
31848,Mi1,5823.2
48283,TmY3,5823.2
66227,Tm3,5823.2
114088,T4d,5823.3
90520,T4a,5823.3
35602,Mi1,5823.3
38768,Mi1,5823.3
33907,Mi1,5823.400000000001
37391,Mi1,5823.400000000001
90121,T4b,5823.400000000001
86175,T4a,5823.5
94289,T4d,5823.5
101215,T4c,5823.5
94549,T4b,5823.599999999999
89728,Tm3,5823.599999999999
89290,T4d,5823.599999999999
41435,Mi1,5823.599999999999
39743,Mi1,5823.599999999999
55101,Mi1,5823.599999999999
82038,Tm3,5823.700000000001
99387,T4a,5823.700000000001
93334,T4b,5823.700000000001
82211,T2a,5823.700000000001
59397,Mi1,5823.700000000001
36994,Mi1,5823.700000000001
21336,LC4,5823.700000000001
20542,LC4,5823.700000000001
47696,TmY3,5823.700000000001
35152,Mi1,5823.8
41950,Mi1,5823.8
118385,T4b,5823.8
119245,T4d,5823.9
39692,TmY3,5823.9
98467,T4d,5823.9
99348,T4c,5823.9
109142,T4b,5823.9
91313,T4a,5824.0
70812,TmY3,5824.0
800146,TTMn,5824.0
104942,T4a,5824.0
55976,Mi1,5824.0
35498,Mi1,5824.0
38178,Mi1,5824.0
35416,Mi1,5824.0
11134,VSm,5824.0
38791,Mi1,5824.1
73828,Tm3,5824.1
100282,T4a,5824.1
102595,T4d,5824.1
125288,Tm3,5824.2
104354,T4b,5824.2
19260,LC4,5824.2
11602,OA-ASM1,5824.2
112179,T4b,5824.3
34463,Mi1,5824.400000000001
98137,T4d,5824.400000000001
100787,T4b,5824.400000000001
104853,T4c,5824.5
103314,T4b,5824.5
10677,OA-AL2i4,5824.5
71089,Mi1,5824.6
72955,T2a,5824.6
23392,LC4,5824.7
34849,Mi1,5824.7
35888,Mi1,5824.7
39438,Mi1,5824.7
63420,Mi1,5824.7
102113,T4b,5824.7
10023,HSS,5824.8
12688,OA-ASM1,5824.8
34899,Mi1,5824.8
47962,TmY3,5824.8
122308,Tm3,5824.8
105962,T4b,5824.900000000001
102425,T4b,5824.900000000001
12521,HST,5824.900000000001
10041,OA-VUMa1,5824.900000000001
16138,LC4,5825.0
51231,TmY3,5825.0
67113,Mi1,5825.0
91674,T4a,5825.0
100633,T4a,5825.0
133349,Tm3,5825.0
10025,H2,5825.099999999999
91987,T4c,5825.099999999999
98751,T4a,5825.099999999999
287884,OA-VPM3,5825.200000000001
49324,Mi1,5825.200000000001
46230,TmY3,5825.200000000001
83067,T4b,5825.200000000001
39718,Mi1,5825.200000000001
35235,Mi1,5825.200000000001
40703,Mi1,5825.200000000001
37123,Mi1,5825.3
41545,Mi1,5825.3
91057,T4c,5825.3
95681,T4a,5825.3
100867,T4b,5825.3
92047,T4c,5825.4
91303,T4b,5825.4
63994,Mi1,5825.4
85378,T4a,5825.4
66980,T2a,5825.5
36217,Mi1,5825.5
37113,Mi1,5825.5
39275,Mi1,5825.5
41626,Mi1,5825.5
117627,Tm3,5825.5
102975,T4b,5825.6
65468,T2,5825.6
11608,OA-VUMa2,5825.7
62078,Mi1,5825.8
41296,Mi1,5825.8
97028,T4c,5825.9
47465,TmY3,5825.9
70490,Mi1,5825.9
10015,HSN,5826.0
36446,Mi1,5826.0
37000,Mi1,5826.0
42675,Mi1,5826.0
98398,T4c,5826.0
74937,T2a,5826.1
101772,Tm3,5826.1
35100,Mi1,5826.1
10001,DNp01,5826.2
36452,Mi1,5826.2
42895,Mi1,5826.2
68522,T2a,5826.2
95356,T4a,5826.2
99922,T4c,5826.2
99950,T4c,5826.2
86416,T4a,5826.3
77676,T2a,5826.3
10016,HSE,5826.3
10204,OA-AL2i2,5826.3
77395,T4b,5826.400000000001
102147,T4c,5826.400000000001
10072,OA-AL2i1,5826.5
34300,Mi1,5826.5
103022,T4a,5826.5
10206,VS,5826.599999999999
33017,Mi1,5826.599999999999
34142,Mi1,5826.599999999999
37243,Mi1,5826.599999999999
57398,Mi1,5826.599999999999
102791,T4c,5826.599999999999
101043,T4c,5826.700000000001
92281,T4c,5826.700000000001
107442,T4d,5826.700000000001
10112,VS,5826.700000000001
10037,VS,5826.700000000001
48286,Mi1,5826.700000000001
35845,Mi1,5826.8
38230,Mi1,5826.8
100838,T4c,5826.8
108307,T4b,5826.9
120016,Tm3,5826.9
78805,T2a,5826.9
35234,Mi1,5827.0
35774,Mi1,5827.0
39651,Mi1,5827.0
87358,T4a,5827.0
88152,T4c,5827.0
98099,T4b,5827.0
542412,Mi1,5827.1
111857,T4d,5827.1
96676,T4b,5827.1
105292,T4b,5827.1
49788,TmY3,5827.1
34933,Mi1,5827.1
90049,T4c,5827.1
97288,T4c,5827.2
94305,T4a,5827.2
91345,T4c,5827.2
104008,T4b,5827.2
37529,Mi1,5827.2
34626,Mi1,5827.2
38133,Mi1,5827.2
10185,OA-VUMa8,5827.3
33216,Mi1,5827.3
59959,Mi1,5827.3
93972,T4a,5827.3
111184,T4a,5827.3
97193,T4a,5827.5
10658,OA-AL2i3,5827.5
19543,LC4,5827.5
64149,Mi1,5827.5
108065,T4c,5827.6
42594,Mi1,5827.6
36646,Mi1,5827.6
40171,Mi1,5827.6
12109,OA-VUMa2,5827.7
37037,Mi1,5827.7
37599,Mi1,5827.7
37699,Mi1,5827.7
96134,T4b,5827.7
22194,LC4,5827.8
68212,T2a,5827.8
90394,T4a,5827.8
100855,T4a,5827.8
128916,Tm3,5827.900000000001
107105,T4d,5827.900000000001
286259,OA-ASM1,5827.900000000001
76038,Tm3,5827.900000000001
10269,OA-AL2i2,5827.900000000001
78968,Tm3,5827.900000000001
35712,Mi1,5828.0
34356,Mi1,5828.0
10120,OA-VPM4,5828.0
10284,VS,5828.0
20808,LC4,5828.1
38721,Mi1,5828.1
110604,T4a,5828.1
110988,T4a,5828.1
40944,Mi1,5828.1
20673,LC4,5828.200000000001
103226,T4d,5828.200000000001
108948,T4b,5828.200000000001
40219,Mi1,5828.3
20634,VST1,5828.400000000001
39158,Mi1,5828.400000000001
109996,T4c,5828.5
93527,T4a,5828.5
46324,TmY3,5828.5
35890,Mi1,5828.5
66325,Tm3,5828.5
73096,T2a,5828.6
79646,Tm3,5828.6
93865,T4c,5828.6
101005,T4d,5828.6
103425,T4a,5828.6
116129,T4b,5828.6
95005,T4a,5828.700000000001
92839,T4b,5828.700000000001
88922,T4c,5828.700000000001
41809,Mi1,5828.700000000001
100924,T4b,5828.700000000001
38993,Mi1,5828.700000000001
38987,Mi1,5828.700000000001
35218,Mi1,5828.700000000001
41120,Mi1,5828.700000000001
36911,Mi1,5828.8
76074,Tm3,5828.8
81995,Tm3,5828.8
526158,Mi1,5828.8
102462,T4c,5828.9
93566,T4a,5828.9
85152,T4c,5828.9
74228,Tm3,5828.9
60856,T2a,5828.9
34189,Mi1,5828.9
53065,Mi1,5828.9
37371,Mi1,5828.9
23098,LC4,5828.9
112241,T4b,5828.9
56564,Mi1,5828.9
90423,T4b,5829.000000000001
113568,T4d,5829.000000000001
44119,Mi1,5829.000000000001
127615,Tm3,5829.1
104368,T4c,5829.1
91325,T4a,5829.1
96576,T4c,5829.1
88035,Tm3,5829.1
34045,Mi1,5829.1
64712,T2a,5829.1
35001,Mi1,5829.1
10025,H2,5829.1
72619,T2a,5829.1
109598,T4b,5829.2
94081,T4c,5829.2
105135,T4c,5829.2
40426,Mi1,5829.2
35447,Mi1,5829.2
90567,T4b,5829.2
95926,T4a,5829.3
102370,T4c,5829.3
71052,T2a,5829.400000000001
10012,VS,5829.400000000001
10755,H1,5829.400000000001
30923,TmY3,5829.400000000001
44564,TmY3,5829.400000000001
36305,Mi1,5829.5
35840,Mi1,5829.5
10322,OA-AL2i2,5829.6
69063,Mi1,5829.6
72279,Mi1,5829.6
105126,T4c,5829.6
89784,T4b,5829.7
99011,T4c,5829.7
10023,HSS,5829.8
11005,OA-VUMa4,5829.8
37353,Mi1,5829.8
41654,Mi1,5829.8
87873,T4b,5829.8
91283,T4c,5829.8
96365,T4a,5829.8
96931,T4b,5829.8
112744,T4d,5829.900000000001
102579,T4b,5829.900000000001
10187,OA-VPM3,5829.900000000001
71765,T2a,5829.900000000001
98837,T4c,5829.900000000001
10001,DNp01,5830.0
37270,Mi1,5830.0
37631,Mi1,5830.0
38514,Mi1,5830.0
97231,T4a,5830.0
89020,T4a,5830.099999999999
72066,Tm3,5830.099999999999
35428,Mi1,5830.099999999999
10016,HSE,5830.099999999999
10226,OA-AL2i3,5830.099999999999
10015,HSN,5830.099999999999
10799,OA-VUMa4,5830.099999999999
107445,T4a,5830.200000000001
100488,T4c,5830.200000000001
98887,T4b,5830.200000000001
70800,Tm3,5830.200000000001
40026,TmY3,5830.200000000001
93224,T4a,5830.200000000001
48986,TmY3,5830.3
96090,T4c,5830.3
96728,T4c,5830.3
105718,T4b,5830.3
129235,Tm3,5830.3
107997,T4c,5830.4
36177,Mi1,5830.4
36533,Mi1,5830.4
87896,T4a,5830.4
97675,T4c,5830.4
101732,T4c,5830.500000000001
107159,T4b,5830.500000000001
95883,T4a,5830.500000000001
10652,OA-AL2i4,5830.6
79134,Tm3,5830.6
92842,T4a,5830.6
10037,VS,5830.7
31492,Mi1,5830.7
71394,T2a,5830.7
105834,T4d,5830.8
100033,T4c,5830.8
93877,T4c,5830.8
85598,T4b,5830.8
18127,LC4,5830.8
10687,OA-AL2i3,5830.8
91469,T4c,5830.8
42691,Mi1,5831.0
78856,Tm3,5831.0
73385,T2a,5831.0
95822,T4b,5831.1
110693,Tm3,5831.1
73284,T2a,5831.1
65513,T2a,5831.1
10112,VS,5831.2
34057,Mi1,5831.2
92046,T4d,5831.2
92114,T4c,5831.2
800146,TTMn,5831.3
10825,OA-AL2i3,5831.3
41659,Mi1,5831.3
75377,T2a,5831.3
112633,T4b,5831.3
101878,T4a,5831.400000000001
101865,T4a,5831.400000000001
33942,Mi1,5831.400000000001
34296,Mi1,5831.400000000001
103025,T4a,5831.5
86419,Tm3,5831.5
76733,Tm3,5831.5
12896,OA-VUMa5,5831.5
36954,Mi1,5831.5
40854,Mi1,5831.5
10110,OA-VUMa1,5831.599999999999
65671,Mi1,5831.599999999999
93957,T4b,5831.599999999999
101480,T4c,5831.599999999999
101589,T4a,5831.599999999999
537004,VSm,5831.599999999999
35806,Mi1,5831.700000000001
90888,T4b,5831.700000000001
97784,T4c,5831.700000000001
100206,T4c,5831.700000000001
102045,T4a,5831.8
101245,T4a,5831.8
91629,T4a,5831.8
80670,T4a,5831.8
94058,T4b,5831.8
35045,Mi1,5831.9
37948,Mi1,5831.9
43978,Mi1,5831.9
97171,T4d,5831.9
101230,T4a,5831.9
102112,T4c,5831.9
525839,Mi1,5831.9
80812,T4a,5832.0
96295,T4b,5832.0
72148,Tm3,5832.0
101228,T4a,5832.0
44449,TmY3,5832.0
33655,Mi1,5832.0
48514,TmY3,5832.0
120992,Tm3,5832.0
98000,T4b,5832.1
108907,T4c,5832.1
70177,T2,5832.1
76524,Tm3,5832.1
44592,TmY3,5832.1
69164,Mi1,5832.1
40256,Mi1,5832.1
10555,OA-VUMa3,5832.1
88167,T4b,5832.2
65298,T2a,5832.2
91444,T4c,5832.2
24338,LC4,5832.2
36275,Mi1,5832.2
75381,Tm3,5832.3
89368,T4c,5832.3
38208,Mi1,5832.400000000001
38479,Mi1,5832.400000000001
70524,T2a,5832.400000000001
87093,Tm3,5832.400000000001
88698,T4a,5832.400000000001
106801,T4c,5832.5
72796,Tm3,5832.5
98349,T4a,5832.5
34479,Mi1,5832.5
38241,Mi1,5832.5
106200,T4c,5832.6
10025,H2,5832.7
33446,Mi1,5832.7
36346,Mi1,5832.7
106093,T4a,5832.7
104674,T4a,5832.8
88625,T4c,5832.8
64540,T2,5832.8
21336,LC4,5832.900000000001
42006,TmY3,5832.900000000001
94283,T4d,5832.900000000001
38238,Mi1,5833.0
83125,T4b,5833.0
105403,T4c,5833.0
106840,T4b,5833.0
94886,T4d,5833.099999999999
98654,T4d,5833.099999999999
94468,T4c,5833.099999999999
33462,Mi1,5833.099999999999
61292,T2,5833.099999999999
10175,OA-VUMa6,5833.099999999999
35897,Mi1,5833.200000000001
37294,Mi1,5833.200000000001
98381,T4d,5833.200000000001
100319,T4b,5833.200000000001
75660,T2a,5833.3
79483,Tm3,5833.3
22328,LC4,5833.3
10168,OA-VUMa6,5833.4
89825,T4a,5833.4
94356,T4c,5833.4
96003,T4d,5833.4
101302,T4d,5833.4
110910,Tm3,5833.4
100087,T4b,5833.5
106793,T4d,5833.5
82515,Tm3,5833.5
11264,OA-ASM1,5833.5
10011,OA-AL2i1,5833.5
93313,T4a,5833.5
10001,DNp01,5833.6
37853,Mi1,5833.6
50345,TmY3,5833.6
83191,T4a,5833.6
84008,T4c,5833.6
106922,T4c,5833.6
96199,T4a,5833.7
38767,Mi1,5833.7
40832,Mi1,5833.7
47240,TmY3,5833.7
94574,T4c,5833.7
109134,T4d,5833.7
111746,Tm3,5833.8
34862,Mi1,5833.8
10016,HSE,5833.8
21313,LC4,5833.8
34369,Mi1,5833.9
34867,Mi1,5833.9
36540,Mi1,5833.9
84328,T4a,5833.9
10015,HSN,5834.0
58862,Mi1,5834.0
103073,T4a,5834.1
99163,T4a,5834.1
96126,T4b,5834.1
37839,Mi1,5834.1
35405,Mi1,5834.1
95453,T4a,5834.1
92082,T4b,5834.2
132339,Tm3,5834.2
111380,Tm3,5834.2
98118,T4c,5834.2
89434,T4c,5834.2
34171,Mi1,5834.2
51122,Mi1,5834.2
39505,Mi1,5834.2
83465,T4a,5834.2
10265,OA-AL2i2,5834.2
97866,T4d,5834.3
35770,Mi1,5834.3
38529,Mi1,5834.3
104301,T4b,5834.400000000001
123490,Tm3,5834.400000000001
65636,T2,5834.400000000001
51848,TmY3,5834.400000000001
66808,Tm3,5834.400000000001
36139,Mi1,5834.400000000001
33091,Mi1,5834.400000000001
47967,Mi1,5834.400000000001
10072,OA-AL2i1,5834.400000000001
10023,HSS,5834.400000000001
77138,Tm3,5834.5
61659,Tm3,5834.5
109916,T4d,5834.5
36410,Mi1,5834.5
39405,Mi1,5834.5
38893,Mi1,5834.599999999999
44746,TmY3,5834.599999999999
71188,T2a,5834.599999999999
81401,T4b,5834.599999999999
93750,T4c,5834.599999999999
98448,T4b,5834.599999999999
104683,T4b,5834.599999999999
115511,T4d,5834.599999999999
107297,T4c,5834.700000000001
73320,T2,5834.700000000001
16138,LC4,5834.700000000001
20808,LC4,5834.700000000001
47686,TmY3,5834.8
10037,VS,5834.9
10080,OA-VUMa3,5834.9
37568,Mi1,5834.9
39629,Mi1,5834.9
75550,Tm3,5834.9
92181,T4a,5834.9
96081,T4a,5834.9
102801,T4b,5834.9
100501,T4b,5835.0
10041,OA-VUMa1,5835.0
39067,Mi1,5835.0
74860,Tm3,5835.0
99731,T4c,5835.0
41668,Mi1,5835.1
60857,Mi1,5835.1
10755,H1,5835.1
39692,TmY3,5835.1
104884,T4b,5835.2
32535,Mi1,5835.2
23392,LC4,5835.2
132834,Tm3,5835.4
116610,T4d,5835.5
40085,Mi1,5835.6
67719,T2a,5835.6
97853,T4c,5835.6
100105,T4a,5835.6
102031,T4c,5835.6
77891,Tm3,5835.7
71475,Tm3,5835.7
50333,TmY3,5835.7
44244,TmY3,5835.7
30997,Mi1,5835.7
19954,LC4,5835.7
10206,VS,5835.7
34938,Mi1,5835.7
11921,OA-VPM4,5835.8
35580,Mi1,5835.8
106295,T4b,5835.900000000001
547091,T2,5835.900000000001
107031,T4b,5835.900000000001
103657,T4b,5835.900000000001
35836,Mi1,5835.900000000001
89099,T4a,5835.900000000001
77383,T2a,5835.900000000001
54087,Mi1,5835.900000000001
90135,T4c,5835.900000000001
10112,VS,5836.0
67072,T2a,5836.0
69540,TmY3,5836.0
118502,T4b,5836.0
105214,T4c,5836.1
10677,OA-AL2i4,5836.1
39743,Mi1,5836.1
68342,Tm3,5836.1
83689,T4a,5836.1
93509,T4b,5836.1
114698,T4b,5836.200000000001
38791,Mi1,5836.200000000001
103780,T4c,5836.200000000001
10025,H2,5836.3
98846,T4c,5836.3
109857,T4d,5836.3
10269,OA-AL2i2,5836.400000000001
70289,Mi1,5836.400000000001
94668,T4d,5836.400000000001
105521,T4c,5836.5
102229,T4d,5836.5
98139,T4d,5836.5
89934,T4d,5836.5
35602,Mi1,5836.5
68933,Tm3,5836.5
22194,LC4,5836.5
69546,Tm3,5836.5
93688,T4a,5836.6
92939,T4b,5836.6
36252,Mi1,5836.6
35498,Mi1,5836.6
11602,OA-ASM1,5836.700000000001
94743,T4d,5836.700000000001
98788,T4d,5836.700000000001
11134,VSm,5836.8
32893,Mi1,5836.8
93419,T4b,5836.8
101994,T4a,5836.8
11608,OA-VUMa2,5836.9
35017,Mi1,5836.9
46662,TmY3,5836.9
88353,T4b,5836.9
96835,T4b,5836.9
99131,T4c,5836.9
107529,T4d,5837.000000000001
105242,T4c,5837.000000000001
532850,Tm3,5837.000000000001
97835,T4a,5837.000000000001
63175,Mi1,5837.000000000001
55976,Mi1,5837.000000000001
51050,TmY3,5837.000000000001
83979,T4a,5837.000000000001
96812,T4a,5837.1
12688,OA-ASM1,5837.1
37019,Mi1,5837.1
83583,T4d,5837.1
87722,T2a,5837.1
94983,T4c,5837.1
98360,T4c,5837.1
101873,T4b,5837.1
12521,HST,5837.2
49930,TmY3,5837.2
59397,Mi1,5837.2
77480,Tm3,5837.2
10001,DNp01,5837.3
35152,Mi1,5837.3
36994,Mi1,5837.3
10016,HSE,5837.400000000001
67150,T2a,5837.5
71398,Tm3,5837.5
83677,T4c,5837.5
97899,T4a,5837.5
98312,T4a,5837.5
42119,Mi1,5837.6
98194,T4d,5837.6
101383,T4b,5837.6
31848,Mi1,5837.7
81064,Tm3,5837.7
101244,T4b,5837.8
95985,T4c,5837.8
116311,T4d,5837.8
34079,Mi1,5837.8
90145,T4a,5837.8
287884,OA-VPM3,5837.900000000001
105706,T4a,5837.900000000001
99863,T4d,5837.900000000001
33907,Mi1,5837.900000000001
25584,LC4,5837.900000000001
95554,T4b,5837.900000000001
33017,Mi1,5838.0
35934,Mi1,5838.0
37000,Mi1,5838.0
10015,HSN,5838.099999999999
40635,Mi1,5838.099999999999
62089,Tm3,5838.099999999999
90206,T4b,5838.099999999999
92996,T4a,5838.099999999999
97677,T4c,5838.099999999999
98325,T4d,5838.099999999999
113207,T4d,5838.200000000001
104257,T4b,5838.200000000001
101945,T4b,5838.200000000001
10322,OA-AL2i2,5838.200000000001
93166,T4c,5838.200000000001
17548,LC4,5838.3
39275,Mi1,5838.3
20399,LC4,5838.4
40596,Mi1,5838.4
41545,Mi1,5838.4
54885,TmY3,5838.4
67113,Mi1,5838.4
107010,T4d,5838.4
77623,T2a,5838.500000000001
34849,Mi1,5838.500000000001
48547,TmY3,5838.500000000001
55101,Mi1,5838.500000000001
95458,T4d,5838.6
95335,T4a,5838.6
99671,T4c,5838.6
104027,T4d,5838.6
94624,T4a,5838.6
38768,Mi1,5838.6
75521,T2a,5838.6
34463,Mi1,5838.6
93360,T4b,5838.6
45005,TmY3,5838.6
37123,Mi1,5838.7
49441,TmY3,5838.7
64849,Tm3,5838.7
77527,T4a,5838.7
107240,T4b,5838.7
100726,T4d,5838.8
78561,Tm3,5838.8
66345,T2a,5838.8
20542,LC4,5838.8
10185,OA-VUMa8,5838.8
10023,HSS,5838.8
37391,Mi1,5838.900000000001
41522,Mi1,5838.900000000001
108325,T4c,5839.0
104336,T4b,5839.0
104191,T4a,5839.0
88460,T2a,5839.0
10658,OA-AL2i3,5839.0
10037,VS,5839.0
10012,VS,5839.0
72426,Tm3,5839.0
10204,OA-AL2i2,5839.1
12109,OA-VUMa2,5839.1
62078,Mi1,5839.1
68982,Tm3,5839.1
74023,T2a,5839.1
90419,T4b,5839.2
23098,LC4,5839.2
41435,Mi1,5839.2
49324,Mi1,5839.2
71228,T2a,5839.2
118924,Tm3,5839.2
92706,T4a,5839.3
34899,Mi1,5839.3
41626,Mi1,5839.400000000001
36452,Mi1,5839.5
38230,Mi1,5839.5
40703,Mi1,5839.5
64341,TmY3,5839.5
36446,Mi1,5839.599999999999
63420,Mi1,5839.599999999999
92431,T4a,5839.599999999999
35416,Mi1,5839.700000000001
80911,Tm3,5839.700000000001
83227,Tm3,5839.700000000001
94179,T4a,5839.700000000001
100680,T4d,5839.700000000001
71583,Tm3,5839.8
112321,T4d,5839.8
11005,OA-VUMa4,5839.8
10120,OA-VPM4,5839.8
10025,H2,5839.8
86686,T4c,5839.9
35235,Mi1,5840.0
35888,Mi1,5840.0
36217,Mi1,5840.0
91806,T4a,5840.0
92552,T4a,5840.0
108438,T4d,5840.1
92684,T4c,5840.1
39438,Mi1,5840.1
41296,Mi1,5840.1
62560,T2,5840.1
75484,Tm3,5840.2
47368,TmY3,5840.2
66214,T2a,5840.2
112619,T4d,5840.2
133040,Tm3,5840.3
41950,Mi1,5840.3
37529,Mi1,5840.3
10112,VS,5840.3
35100,Mi1,5840.400000000001
37037,Mi1,5840.400000000001
38178,Mi1,5840.400000000001
39718,Mi1,5840.400000000001
42675,Mi1,5840.400000000001
63468,Mi1,5840.400000000001
65531,T2a,5840.400000000001
800146,TTMn,5840.400000000001
35173,Mi1,5840.5
71089,Mi1,5840.5
88435,Tm3,5840.5
102975,T4b,5840.5
104297,T4a,5840.6
98862,Tm3,5840.6
110646,T4b,5840.6
78108,T2a,5840.6
83438,T4a,5840.6
10687,OA-AL2i3,5840.7
37113,Mi1,5840.7
57398,Mi1,5840.7
71938,T2a,5840.7
95239,T4a,5840.7
85737,T2a,5840.8
70490,Mi1,5840.8
46827,Mi1,5840.8
10001,DNp01,5840.8
37243,Mi1,5840.8
109536,T4d,5840.900000000001
10284,VS,5840.900000000001
10755,H1,5840.900000000001
19543,LC4,5840.900000000001
34142,Mi1,5840.900000000001
42594,Mi1,5840.900000000001
98985,T4c,5840.900000000001
106522,T4d,5841.0
20808,LC4,5841.0
79449,T4b,5841.0
10016,HSE,5841.099999999999
10799,OA-VUMa4,5841.099999999999
34933,Mi1,5841.099999999999
36660,Mi1,5841.099999999999
37699,Mi1,5841.099999999999
94549,T4b,5841.099999999999
100956,T4d,5841.099999999999
10206,VS,5841.200000000001
35845,Mi1,5841.200000000001
42758,Mi1,5841.200000000001
65542,T2,5841.200000000001
104996,T4a,5841.200000000001
106821,T4b,5841.200000000001
92254,T4b,5841.3
38227,Mi1,5841.3
107170,T4b,5841.3
52328,TmY3,5841.3
24338,LC4,5841.3
38993,Mi1,5841.3
34356,Mi1,5841.3
39158,Mi1,5841.3
537004,VSm,5841.4
72983,T2a,5841.5
96852,T4a,5841.5
114391,T4d,5841.5
542412,Mi1,5841.5
63868,T2a,5841.6
91366,T4b,5841.6
52350,Mi1,5841.6
100897,T4c,5841.6
113983,T4d,5841.6
95287,T4a,5841.6
120312,Tm3,5841.6
42895,Mi1,5841.6
36646,Mi1,5841.6
35774,Mi1,5841.6
34300,Mi1,5841.6
21336,LC4,5841.6
10226,OA-AL2i3,5841.6
40944,Mi1,5841.6
39651,Mi1,5841.7
74927,Tm3,5841.7
99423,T4d,5841.8
286259,OA-ASM1,5841.9
100190,T4c,5841.9
63994,Mi1,5841.9
10187,OA-VPM3,5841.9
36911,Mi1,5841.9
41809,Mi1,5841.9
84063,T4b,5842.0
92047,T4c,5842.0
90278,T4a,5842.0
37599,Mi1,5842.0
10015,HSN,5842.0
35234,Mi1,5842.0
21313,LC4,5842.0
35712,Mi1,5842.0
10825,OA-AL2i3,5842.1
53075,TmY3,5842.1
78422,Tm3,5842.1
83365,T2a,5842.1
99292,T4a,5842.1
103654,T4b,5842.1
107609,T4d,5842.1
98668,T4a,5842.2
73301,Tm3,5842.2
94755,T4a,5842.2
33216,Mi1,5842.2
34626,Mi1,5842.2
12896,OA-VUMa5,5842.3
56564,Mi1,5842.3
78172,TmY3,5842.3
98175,T4c,5842.3
10110,OA-VUMa1,5842.400000000001
40171,Mi1,5842.400000000001
64149,Mi1,5842.400000000001
72558,T2a,5842.400000000001
94368,T4a,5842.400000000001
105698,T4c,5842.400000000001
37371,Mi1,5842.5
526158,Mi1,5842.5
100787,T4b,5842.599999999999
69889,T2a,5842.599999999999
38987,Mi1,5842.599999999999
59959,Mi1,5842.599999999999
110403,T4b,5842.700000000001
10037,VS,5842.700000000001
36177,Mi1,5842.700000000001
41120,Mi1,5842.700000000001
49372,TmY3,5842.700000000001
81836,T2a,5842.700000000001
99628,T4b,5842.700000000001
10072,OA-AL2i1,5842.8
48286,Mi1,5842.8
86141,T4b,5842.9
68412,T2a,5842.9
95921,T4c,5842.9
38133,Mi1,5842.9
44119,Mi1,5842.9
102799,T4c,5842.9
106952,T4b,5843.0
75298,T2a,5843.0
108824,T4d,5843.0
38721,Mi1,5843.0
74373,Tm3,5843.0
37353,Mi1,5843.0
73807,Tm3,5843.1
101770,T4b,5843.1
104858,T4b,5843.1
113686,T4d,5843.1
37270,Mi1,5843.2
68494,T2,5843.2
21225,LC4,5843.3
10023,HSS,5843.3
10025,H2,5843.3
34189,Mi1,5843.3
70812,TmY3,5843.4
88491,T4a,5843.4
95007,T4a,5843.4
109593,Tm3,5843.4
23392,LC4,5843.500000000001
69380,Tm3,5843.500000000001
102564,T4a,5843.500000000001
65850,T2a,5843.500000000001
10652,OA-AL2i4,5843.500000000001
34045,Mi1,5843.500000000001
52485,TmY3,5843.500000000001
34296,Mi1,5843.6
35218,Mi1,5843.6
35447,Mi1,5843.6
36533,Mi1,5843.6
40219,Mi1,5843.6
53065,Mi1,5843.6
72279,Mi1,5843.6
95364,T4d,5843.6
97256,T4c,5843.6
109142,T4b,5843.6
101620,T4b,5843.7
102741,T4c,5843.7
91913,T4b,5843.7
40426,Mi1,5843.7
34057,Mi1,5843.7
69063,Mi1,5843.7
33942,Mi1,5843.8
40256,Mi1,5843.8
85126,T4a,5843.8
88726,T4b,5843.8
105122,T4b,5843.8
48283,TmY3,5843.900000000001
107719,T4b,5843.900000000001
10001,DNp01,5844.0
35001,Mi1,5844.0
72194,Tm3,5844.0
103827,T4c,5844.0
113171,T4b,5844.0
47696,TmY3,5844.1
103343,T4b,5844.1
35890,Mi1,5844.1
38514,Mi1,5844.1
10269,OA-AL2i2,5844.2
16138,LC4,5844.2
42533,TmY3,5844.2
100785,T4b,5844.2
105565,Tm3,5844.3
97769,T4a,5844.3
101215,T4c,5844.3
77779,T2a,5844.3
10112,VS,5844.3
92273,T2a,5844.3
35806,Mi1,5844.400000000001
37631,Mi1,5844.400000000001
78503,T2a,5844.400000000001
87358,T4a,5844.400000000001
90219,T4a,5844.400000000001
97878,T4b,5844.400000000001
87289,T4a,5844.5
101772,Tm3,5844.5
79271,T4a,5844.5
99670,T4c,5844.5
35840,Mi1,5844.5
74287,Tm3,5844.5
35428,Mi1,5844.5
97161,T4a,5844.6
79083,Tm3,5844.6
121170,Tm3,5844.6
42691,Mi1,5844.6
10041,OA-VUMa1,5844.6
65307,T2,5844.6
65671,Mi1,5844.700000000001
10016,HSE,5844.8
36305,Mi1,5844.8
41654,Mi1,5844.8
53156,TmY3,5844.8
70642,T2a,5844.8
105574,T4d,5844.8
95972,T4d,5844.9
64897,T2,5844.9
33655,Mi1,5844.9
38208,Mi1,5844.9
10175,OA-VUMa6,5845.000000000001
96424,T4b,5845.000000000001
102153,T4c,5845.000000000001
104853,T4c,5845.000000000001
37948,Mi1,5845.1
40854,Mi1,5845.1
69793,T2a,5845.1
69980,Tm3,5845.1
72989,Tm3,5845.1
90097,T4c,5845.1
106587,T4d,5845.1
108847,T4d,5845.2
48607,TmY3,5845.2
38857,Mi1,5845.3
121816,T4a,5845.3
10168,OA-VUMa6,5845.3
19260,LC4,5845.400000000001
34479,Mi1,5845.400000000001
86416,T4a,5845.400000000001
90430,T2a,5845.400000000001
104017,T4b,5845.400000000001
118948,T4d,5845.400000000001
10555,OA-VUMa3,5845.5
38238,Mi1,5845.5
90423,T4b,5845.5
104450,T4a,5845.5
104412,T4a,5845.6
111184,T4a,5845.6
106401,T4d,5845.6
103022,T4a,5845.6
102479,T4c,5845.6
96134,T4b,5845.6
91682,T4b,5845.6
61401,T2a,5845.6
18127,LC4,5845.6
100261,T4c,5845.6
101463,T4d,5845.7
56762,TmY3,5845.7
58945,Tm3,5845.7
100567,T4d,5845.7
35045,Mi1,5845.8
61768,T2,5845.8
99663,T4c,5845.8
83204,T4d,5845.900000000001
69597,Tm3,5845.900000000001
85152,T4c,5845.900000000001
36954,Mi1,5845.900000000001
69164,Mi1,5845.900000000001
100855,T4a,5845.900000000001
93985,T4c,5846.0
105412,T4a,5846.0
69228,T2a,5846.0
31492,Mi1,5846.0
67971,Tm3,5846.0
10015,HSN,5846.0
22328,LC4,5846.099999999999
43978,Mi1,5846.099999999999
44564,TmY3,5846.200000000001
51122,Mi1,5846.200000000001
91345,T4c,5846.200000000001
106166,T4b,5846.200000000001
107211,T4d,5846.200000000001
114088,T4d,5846.3
62340,T2,5846.3
525839,Mi1,5846.4
125171,Tm3,5846.4
111928,T4b,5846.4
109326,T4c,5846.4
108349,T4d,5846.4
100282,T4a,5846.4
98439,T4a,5846.4
98398,T4c,5846.4
77846,Tm3,5846.4
93972,T4a,5846.4
88152,T4c,5846.4
41659,Mi1,5846.4
36540,Mi1,5846.4
10755,H1,5846.4
97028,T4c,5846.4
93021,T4a,5846.500000000001
94305,T4a,5846.500000000001
71131,Tm3,5846.500000000001
104478,T4d,5846.500000000001
35897,Mi1,5846.500000000001
10037,VS,5846.500000000001
10025,H2,5846.500000000001
39692,TmY3,5846.500000000001
102519,T4a,5846.6
96931,T4b,5846.6
101685,T4b,5846.6
96576,T4c,5846.6
22194,LC4,5846.6
74375,Tm3,5846.6
69441,Tm3,5846.6
60886,T2a,5846.6
96035,T4d,5846.6
20673,LC4,5846.7
44449,TmY3,5846.7
59008,Mi1,5846.7
112775,T4d,5846.7
99672,T4a,5846.8
96365,T4a,5846.8
91057,T4c,5846.8
67152,Tm3,5846.8
69916,T2,5846.8
51231,TmY3,5846.8
34862,Mi1,5846.8
10677,OA-AL2i4,5846.8
56291,TmY3,5846.8
100946,T4c,5846.900000000001
10265,OA-AL2i2,5846.900000000001
36346,Mi1,5846.900000000001
38241,Mi1,5846.900000000001
68562,T2a,5846.900000000001
93947,T4a,5846.900000000001
95681,T4a,5846.900000000001
95883,T4a,5846.900000000001
96211,T4d,5846.900000000001
97885,T4a,5846.900000000001
800146,TTMn,5846.900000000001
112179,T4b,5847.0
99980,T4c,5847.0
105115,T4d,5847.0
85074,T4a,5847.0
95356,T4a,5847.0
10206,VS,5847.0
10322,OA-AL2i2,5847.1
20808,LC4,5847.1
30923,TmY3,5847.1
86778,T4a,5847.1
87845,T4a,5847.1
122273,Tm3,5847.2
106535,T4d,5847.2
68485,T2a,5847.2
72938,T2a,5847.2
97105,T4d,5847.2
37853,Mi1,5847.3
39629,Mi1,5847.3
102016,T4a,5847.3
94287,T4d,5847.400000000001
85778,T4b,5847.400000000001
33462,Mi1,5847.400000000001
33446,Mi1,5847.400000000001
10001,DNp01,5847.400000000001
109172,T4b,5847.5
66227,Tm3,5847.5
36275,Mi1,5847.5
114817,T4d,5847.5
34171,Mi1,5847.5
33110,Mi1,5847.5
35770,Mi1,5847.5
103639,T4d,5847.599999999999
16570,VST2,5847.599999999999
34867,Mi1,5847.599999999999
36139,Mi1,5847.599999999999
56007,TmY3,5847.599999999999
61353,T2,5847.599999999999
92281,T4c,5847.599999999999
100033,T4c,5847.599999999999
92027,Tm3,5847.700000000001
97318,T4d,5847.700000000001
38893,Mi1,5847.700000000001
97872,T4d,5847.8
89728,Tm3,5847.8
64633,T2a,5847.8
102425,T4b,5847.8
19954,LC4,5847.8
11264,OA-ASM1,5847.8
10023,HSS,5847.8
39727,Mi1,5847.8
34369,Mi1,5847.9
38479,Mi1,5847.9
40832,Mi1,5847.9
48894,TmY3,5847.9
64579,T2,5847.9
90121,T4b,5847.9
107075,T4d,5847.9
97186,T4a,5848.0
93527,T4a,5848.0
47967,Mi1,5848.0
35405,Mi1,5848.0
85378,T4a,5848.0
39505,Mi1,5848.1
40026,TmY3,5848.1
95822,T4b,5848.1
10112,VS,5848.2
37294,Mi1,5848.2
57247,TmY3,5848.2
10012,VS,5848.3
10080,OA-VUMa3,5848.3
32535,Mi1,5848.3
38791,Mi1,5848.3
98300,T4a,5848.3
99348,T4c,5848.3
35602,Mi1,5848.400000000001
10016,HSE,5848.400000000001
107143,T4d,5848.5
104354,T4b,5848.5
111416,Tm3,5848.5
107640,T4c,5848.5
94224,T4b,5848.5
11608,OA-VUMa2,5848.5
58862,Mi1,5848.5
50345,TmY3,5848.5
47962,TmY3,5848.5
39405,Mi1,5848.5
90465,T4a,5848.5
71402,Tm3,5848.6
98964,T2a,5848.6
100310,T4d,5848.6
20542,LC4,5848.7
41668,Mi1,5848.7
70289,Mi1,5848.7
91469,T4c,5848.7
110454,T4d,5848.8
100488,T4c,5848.8
99011,T4c,5848.8
89139,T4c,5848.8
65803,T2,5848.8
39067,Mi1,5848.8
72955,T2a,5848.8
38529,Mi1,5848.900000000001
103677,T4b,5848.900000000001
117662,T4d,5848.900000000001
12688,OA-ASM1,5849.0
35836,Mi1,5849.0
37568,Mi1,5849.0
91741,T4d,5849.0
96163,T4b,5849.0
104256,T4a,5849.0
103314,T4b,5849.099999999999
95453,T4a,5849.099999999999
73828,Tm3,5849.099999999999
78911,Tm3,5849.099999999999
35580,Mi1,5849.099999999999
33091,Mi1,5849.099999999999
24338,LC4,5849.099999999999
38767,Mi1,5849.099999999999
98099,T4b,5849.200000000001
90112,T4c,5849.200000000001
80855,Tm3,5849.200000000001
96394,T4b,5849.200000000001
23098,LC4,5849.200000000001
20588,LC4,5849.200000000001
70158,T2a,5849.200000000001
36410,Mi1,5849.3
62272,T2,5849.3
65106,T2,5849.3
71161,T2a,5849.3
83639,T2a,5849.3
98625,T4a,5849.3
102579,T4b,5849.4
104905,T4c,5849.4
99922,T4c,5849.4
11005,OA-VUMa4,5849.4
20634,VST1,5849.4
22034,LC4,5849.4
11134,VSm,5849.5
21313,LC4,5849.5
21336,LC4,5849.6
54087,Mi1,5849.6
93750,T4c,5849.6
96676,T4b,5849.6
111980,T4d,5849.6
10015,HSN,5849.7
36252,Mi1,5849.7
67424,T2,5849.7
97675,T4c,5849.7
98887,T4b,5849.8
40085,Mi1,5849.8
66808,Tm3,5849.8
10687,OA-AL2i3,5849.8
10025,H2,5849.8
16628,LC4,5849.8
11602,OA-ASM1,5849.9
35724,Mi1,5849.9
37839,Mi1,5849.9
38648,Mi1,5849.9
10072,OA-AL2i1,5850.0
12109,OA-VUMa2,5850.0
25584,LC4,5850.0
82099,T4b,5850.0
99387,T4a,5850.0
103570,T4d,5850.0
39275,Mi1,5850.1
79704,T4d,5850.1
90888,T4b,5850.2
96657,T4c,5850.2
10037,VS,5850.2
33017,Mi1,5850.2
11921,OA-VPM4,5850.3
91313,T4a,5850.3
103025,T4a,5850.3
36994,Mi1,5850.400000000001
39743,Mi1,5850.400000000001
98751,T4a,5850.400000000001
537004,VSm,5850.5
100018,T4a,5850.5
93927,T4a,5850.5
10284,VS,5850.5
76325,T2a,5850.5
78470,Tm3,5850.5
93025,T4b,5850.599999999999
122233,Tm3,5850.599999999999
106745,T4b,5850.599999999999
86536,Tm3,5850.599999999999
62562,T2,5850.599999999999
60857,Mi1,5850.599999999999
55976,Mi1,5850.599999999999
41671,TmY3,5850.599999999999
40596,Mi1,5850.599999999999
34938,Mi1,5850.599999999999
59397,Mi1,5850.599999999999
16138,LC4,5850.700000000001
30997,Mi1,5850.700000000001
42119,Mi1,5850.700000000001
102147,T4c,5850.8
100867,T4b,5850.8
10658,OA-AL2i3,5850.8
32893,Mi1,5850.8
40936,Mi1,5850.8
10001,DNp01,5850.9
12521,HST,5850.9
79293,Tm3,5850.9
111017,T4d,5851.0
106701,T4d,5851.0
99850,T4a,5851.0
17926,LC4,5851.0
23392,LC4,5851.0
10185,OA-VUMa8,5851.0
67113,Mi1,5851.0
16128,LC4,5851.1
31848,Mi1,5851.1
48986,TmY3,5851.1
78731,Tm3,5851.1
88698,T4a,5851.1
100032,T4c,5851.1
35498,Mi1,5851.200000000001
35934,Mi1,5851.200000000001
41545,Mi1,5851.200000000001
79138,T2a,5851.200000000001
115636,T4d,5851.200000000001
95554,T4b,5851.3
83067,T4b,5851.3
37123,Mi1,5851.3
37019,Mi1,5851.3
74231,Tm3,5851.3
35017,Mi1,5851.4
63190,T2,5851.4
90520,T4a,5851.4
97326,T4c,5851.4
104144,T2,5851.4
287884,OA-VPM3,5851.4
10120,OA-VPM4,5851.500000000001
10799,OA-VUMa4,5851.500000000001
82855,Tm3,5851.500000000001
94356,T4c,5851.6
83682,Tm3,5851.6
95454,T4a,5851.6
36158,Mi1,5851.6
34463,Mi1,5851.6
50333,TmY3,5851.6
98504,T4c,5851.7
71773,T2a,5851.7
37000,Mi1,5851.7
66604,TmY3,5851.7
10016,HSE,5851.8
10204,OA-AL2i2,5851.8
36452,Mi1,5851.8
10755,H1,5851.900000000001
35152,Mi1,5851.900000000001
63175,Mi1,5851.900000000001
98890,T4c,5851.900000000001
110076,T4c,5852.0
41435,Mi1,5852.0
91629,T4a,5852.0
101228,T4a,5852.0
108307,T4b,5852.0
125288,Tm3,5852.1
105276,T4d,5852.1
17266,LC4,5852.1
101302,T4d,5852.1
10269,OA-AL2i2,5852.2
42006,TmY3,5852.2
83556,Tm3,5852.2
89784,T4b,5852.2
10023,HSS,5852.3
10112,VS,5852.3
40635,Mi1,5852.3
80812,T4a,5852.3
83979,T4a,5852.3
90394,T4a,5852.3
97866,T4d,5852.3
103425,T4a,5852.3
106664,T4c,5852.400000000001
68212,T2a,5852.400000000001
76621,T2a,5852.400000000001
34079,Mi1,5852.400000000001
55101,Mi1,5852.400000000001
19543,LC4,5852.5
33907,Mi1,5852.5
40703,Mi1,5852.5
83583,T4d,5852.5
104130,T4a,5852.5
39894,T4b,5852.6
100046,T4b,5852.6
104414,T4d,5852.8
98788,T4d,5852.8
97784,T4c,5852.8
95629,T4c,5852.8
10825,OA-AL2i3,5852.8
38230,Mi1,5852.8
34899,Mi1,5852.8
94283,T4d,5852.8
98467,T4d,5852.9
74725,T2a,5852.9
92644,T4d,5852.9
34849,Mi1,5852.9
19634,LC4,5852.9
71475,Tm3,5852.9
35888,Mi1,5853.000000000001
127153,Tm3,5853.000000000001
800146,TTMn,5853.000000000001
92939,T4b,5853.1
94153,T4d,5853.1
10025,H2,5853.1
10206,VS,5853.1
15422,VST2,5853.2
57871,T2,5853.2
64540,T2,5853.2
109631,T4b,5853.2
79646,Tm3,5853.3
109649,T4c,5853.3
108065,T4c,5853.3
89290,T4d,5853.3
69961,Tm3,5853.3
35416,Mi1,5853.3
38993,Mi1,5853.3
20808,LC4,5853.3
10015,HSN,5853.3
67150,T2a,5853.3
10226,OA-AL2i3,5853.400000000001
49324,Mi1,5853.400000000001
100838,T4c,5853.400000000001
102991,T4c,5853.400000000001
102462,T4c,5853.5
120016,Tm3,5853.5
107445,T4a,5853.5
102801,T4b,5853.5
96090,T4c,5853.5
117151,T4d,5853.5
71089,Mi1,5853.5
62078,Mi1,5853.5
47368,TmY3,5853.5
17364,LC4,5853.5
91444,T4c,5853.5
37037,Mi1,5853.6
48547,TmY3,5853.6
92706,T4a,5853.6
96126,T4b,5853.6
117627,Tm3,5853.6
113991,T4d,5853.7
112048,T4c,5853.7
97193,T4a,5853.7
36217,Mi1,5853.7
39158,Mi1,5853.7
35845,Mi1,5853.7
84010,Tm3,5853.7
10110,OA-VUMa1,5853.8
12896,OA-VUMa5,5853.8
89368,T4c,5853.8
90049,T4c,5853.900000000001
97829,Tm3,5853.900000000001
72005,Tm3,5853.900000000001
10037,VS,5853.900000000001
34142,Mi1,5853.900000000001
22328,LC4,5853.900000000001
41296,Mi1,5853.900000000001
36446,Mi1,5854.0
99950,T4c,5854.0
82038,Tm3,5854.099999999999
39718,Mi1,5854.099999999999
67131,Tm3,5854.099999999999
37391,Mi1,5854.099999999999
38768,Mi1,5854.099999999999
84267,T4c,5854.200000000001
86419,Tm3,5854.200000000001
95677,T4c,5854.200000000001
98360,T4c,5854.200000000001
106922,T4c,5854.200000000001
286259,OA-ASM1,5854.3
107442,T4d,5854.3
77395,T4b,5854.3
40944,Mi1,5854.3
39438,Mi1,5854.3
75848,T2a,5854.3
10041,OA-VUMa1,5854.4
34356,Mi1,5854.4
42594,Mi1,5854.4
80302,T2a,5854.4
109276,T4d,5854.4
119245,T4d,5854.500000000001
118260,T4d,5854.500000000001
91674,T4a,5854.500000000001
35235,Mi1,5854.500000000001
35100,Mi1,5854.500000000001
10001,DNp01,5854.500000000001
79210,Tm3,5854.500000000001
105962,T4b,5854.6
37529,Mi1,5854.6
90566,T4d,5854.6
97231,T4a,5854.6
64260,T2,5854.7
36646,Mi1,5854.7
10187,OA-VPM3,5854.8
21225,LC4,5854.8
37243,Mi1,5854.8
91510,T4c,5854.8
92114,T4c,5854.8
98194,T4d,5854.8
116716,T4b,5854.8
92842,T4a,5854.900000000001
57398,Mi1,5854.900000000001
41950,Mi1,5854.900000000001
41626,Mi1,5855.0
77491,T2a,5855.0
10322,OA-AL2i2,5855.1
82211,T2a,5855.1
100206,T4c,5855.1
103479,T4c,5855.2
93360,T4b,5855.2
90145,T4a,5855.2
10016,HSE,5855.2
35173,Mi1,5855.2
18189,LC4,5855.2
70490,Mi1,5855.2
70800,Tm3,5855.3
526158,Mi1,5855.3
37699,Mi1,5855.400000000001
38178,Mi1,5855.400000000001
42675,Mi1,5855.400000000001
42758,Mi1,5855.400000000001
87424,T4d,5855.400000000001
93509,T4b,5855.400000000001
34300,Mi1,5855.5
93566,T4a,5855.5
102791,T4c,5855.5
41522,Mi1,5855.599999999999
37353,Mi1,5855.599999999999
35234,Mi1,5855.599999999999
37270,Mi1,5855.599999999999
53065,Mi1,5855.700000000001
63420,Mi1,5855.700000000001
63994,Mi1,5855.700000000001
66980,T2a,5855.700000000001
542412,Mi1,5855.700000000001
112744,T4d,5855.8
112241,T4b,5855.8
103302,T4c,5855.8
86630,Tm3,5855.8
38987,Mi1,5855.8
100165,T4b,5855.8
72829,T2a,5855.9
92431,T4a,5855.9
105403,T4c,5855.9
42895,Mi1,5855.9
91283,T4c,5855.9
37599,Mi1,5855.9
34933,Mi1,5855.9
33942,Mi1,5855.9
40171,Mi1,5855.9
35774,Mi1,5856.0
70281,T2a,5856.0
109598,T4b,5856.0
10112,VS,5856.1
19954,LC4,5856.1
24338,LC4,5856.1
46230,TmY3,5856.1
59959,Mi1,5856.1
72896,Tm3,5856.1
89020,T4a,5856.1
105521,T4c,5856.2
36911,Mi1,5856.2
97249,T4d,5856.2
22194,LC4,5856.2
36533,Mi1,5856.2
107567,T4c,5856.3
19260,LC4,5856.3
36660,Mi1,5856.3
49788,TmY3,5856.3
73284,T2a,5856.3
103344,T4b,5856.3
103657,T4b,5856.3
36177,Mi1,5856.400000000001
78421,T2a,5856.400000000001
78856,Tm3,5856.400000000001
91987,T4c,5856.400000000001
98654,T4d,5856.400000000001
109996,T4c,5856.400000000001
96295,T4b,5856.5
101043,T4c,5856.5
67308,Mi1,5856.5
35712,Mi1,5856.5
37113,Mi1,5856.5
56564,Mi1,5856.5
10025,H2,5856.5
105126,T4c,5856.6
100996,T4b,5856.6
97288,T4c,5856.6
69063,Mi1,5856.6
99519,T4a,5856.6
63468,Mi1,5856.6
60856,T2a,5856.6
44119,Mi1,5856.6
65298,T2a,5856.6
78968,Tm3,5856.7
98118,T4c,5856.7
77594,T2a,5856.8
107529,T4d,5856.8
111685,T4d,5856.8
93224,T4a,5856.8
72279,Mi1,5856.8
21336,LC4,5856.8
38421,Mi1,5856.8
33216,Mi1,5856.8
10168,OA-VUMa6,5856.8
40256,Mi1,5856.8
34057,Mi1,5856.900000000001
35447,Mi1,5856.900000000001
92415,T4a,5856.900000000001
64149,Mi1,5857.0
116633,T4c,5857.0
67072,T2a,5857.0
46662,TmY3,5857.0
118385,T4b,5857.0
26112,LC4,5857.0
20542,LC4,5857.0
19420,LC4,5857.0
10015,HSN,5857.0
37371,Mi1,5857.0
10652,OA-AL2i4,5857.099999999999
16138,LC4,5857.099999999999
33655,Mi1,5857.099999999999
37948,Mi1,5857.099999999999
69570,Tm3,5857.099999999999
76074,Tm3,5857.099999999999
84689,Tm3,5857.099999999999
171349687,Tm3,5857.200000000001
52350,Mi1,5857.200000000001
41809,Mi1,5857.200000000001
40411,Mi1,5857.200000000001
40426,Mi1,5857.200000000001
34045,Mi1,5857.200000000001
18127,LC4,5857.200000000001
10677,OA-AL2i4,5857.200000000001
35806,Mi1,5857.200000000001
116129,T4b,5857.3
21313,LC4,5857.3
34626,Mi1,5857.3
68842,TmY3,5857.3
103725,T4a,5857.3
10175,OA-VUMa6,5857.4
17548,LC4,5857.4
20399,LC4,5857.4
38238,Mi1,5857.4
93166,T4c,5857.4
97899,T4a,5857.4
97480,T4c,5857.5
128726,Tm3,5857.5
94948,T4c,5857.5
103497,Tm3,5857.5
48286,Mi1,5857.5
48060,Mi1,5857.5
10755,H1,5857.5
91303,T4b,5857.5
10023,HSS,5857.6
39651,Mi1,5857.6
84008,T4c,5857.6
97677,T4c,5857.6
106793,T4d,5857.6
102045,T4a,5857.7
100633,T4a,5857.7
95926,T4a,5857.7
93482,T4d,5857.7
83438,T4a,5857.7
110693,Tm3,5857.7
43414,Mi1,5857.7
41613,Mi1,5857.7
41120,Mi1,5857.7
10284,VS,5857.7
10011,OA-AL2i1,5857.7
46586,TmY3,5857.7
34189,Mi1,5857.8
38227,Mi1,5857.8
38514,Mi1,5857.8
38721,Mi1,5857.8
62894,Tm3,5857.8
72148,Tm3,5857.8
108974,T4c,5857.9
96784,T4b,5857.9
93957,T4b,5857.9
35840,Mi1,5857.9
42048,Mi1,5857.9
10072,OA-AL2i1,5857.9
74937,T2a,5857.9
10037,VS,5858.0
35890,Mi1,5858.0
37631,Mi1,5858.0
90419,T4b,5858.0
102975,T4b,5858.0
88167,T4b,5858.1
112633,T4b,5858.1
79345,T2a,5858.1
37138,Mi1,5858.1
10012,VS,5858.1
10001,DNp01,5858.1
41654,Mi1,5858.1
10206,VS,5858.2
11134,VSm,5858.2
21165,LC4,5858.2
35218,Mi1,5858.2
40219,Mi1,5858.2
107031,T4b,5858.2
38208,Mi1,5858.299999999999
101480,T4c,5858.299999999999
97184,T4d,5858.400000000001
94081,T4c,5858.400000000001
90474,T4b,5858.400000000001
68840,TmY3,5858.400000000001
69164,Mi1,5858.400000000001
48514,TmY3,5858.400000000001
41709,Mi1,5858.400000000001
34296,Mi1,5858.400000000001
65671,Mi1,5858.400000000001
90135,T4c,5858.5
20282,LC4,5858.5
46827,Mi1,5858.5
70524,T2a,5858.5
88922,T4c,5858.5
128396,T4d,5858.5
547091,T2,5858.5
35897,Mi1,5858.599999999999
79483,Tm3,5858.599999999999
100673,T4b,5858.599999999999
102113,T4b,5858.599999999999
94743,T4d,5858.700000000001
35001,Mi1,5858.700000000001
41804,Mi1,5858.700000000001
20016,LC4,5858.700000000001
22108,TmY3,5858.700000000001
101081,T4c,5858.8
84328,T4a,5858.8
42691,Mi1,5858.8
10016,HSE,5858.8
10555,OA-VUMa3,5858.8
11005,OA-VUMa4,5858.8
93877,T4c,5858.900000000001
90371,T4d,5859.0
74159,Tm3,5859.0
71052,T2a,5859.0
68735,T2,5859.0
61622,T2,5859.0
93419,T4b,5859.0
34479,Mi1,5859.0
23392,LC4,5859.0
11608,OA-VUMa2,5859.0
10687,OA-AL2i3,5859.0
10265,OA-AL2i2,5859.0
36305,Mi1,5859.0
800146,TTMn,5859.1
101732,T4c,5859.1
100105,T4a,5859.1
98349,T4a,5859.1
39692,TmY3,5859.1
37088,Mi1,5859.1
43978,Mi1,5859.1
109023,T4c,5859.200000000001
17668,LC4,5859.200000000001
23792,LC4,5859.200000000001
36954,Mi1,5859.200000000001
96003,T4d,5859.200000000001
104703,T4d,5859.200000000001
102845,T4b,5859.3
46248,Mi1,5859.3
127615,Tm3,5859.3
120231,Tm3,5859.3
89142,T4b,5859.3
44592,TmY3,5859.3
25584,LC4,5859.3
23098,LC4,5859.3
83125,T4b,5859.3
99609,T4a,5859.4
10311,VS,5859.4
19550,LC4,5859.4
38133,Mi1,5859.4
85924,T4a,5859.4
93688,T4a,5859.4
95017,T4c,5859.4
104257,T4b,5859.500000000001
102388,T4d,5859.500000000001
68982,Tm3,5859.500000000001
93865,T4c,5859.500000000001
44449,TmY3,5859.500000000001
35428,Mi1,5859.500000000001
48531,Mi1,5859.500000000001
111852,T4a,5859.6
109868,Tm3,5859.6
93407,T4d,5859.6
19794,LC4,5859.6
42872,Mi1,5859.6
35770,Mi1,5859.6
72796,Tm3,5859.6
20808,LC4,5859.7
101878,T4a,5859.7
102229,T4d,5859.7
102031,T4c,5859.8
101245,T4a,5859.900000000001
101589,T4a,5859.900000000001
87390,T2a,5859.900000000001
107609,T4d,5859.900000000001
117221,T4c,5859.900000000001
102703,T4a,5859.900000000001
92993,Tm3,5859.900000000001
86175,T4a,5859.900000000001
83465,T4a,5859.900000000001
81015,T4a,5859.900000000001
46993,T2a,5859.900000000001
36881,Mi1,5859.900000000001
90219,T4a,5859.900000000001
103867,T4a,5860.0
103557,T4a,5860.0
98137,T4d,5860.0
47686,TmY3,5860.0
71765,T2a,5860.0
33446,Mi1,5860.0
31492,Mi1,5860.0
17054,LC4,5860.0
10025,H2,5860.0
40854,Mi1,5860.0
20673,LC4,5860.1
21287,LC4,5860.1
36540,Mi1,5860.1
88281,T4b,5860.1
94953,T4d,5860.1
111380,Tm3,5860.2
126163,Tm3,5860.2
87873,T4b,5860.2
537004,VSm,5860.2
21151,LC4,5860.2
20917,LC4,5860.2
10112,VS,5860.2
51122,Mi1,5860.2
95528,T4d,5860.3
98381,T4d,5860.3
33462,Mi1,5860.3
104336,T4b,5860.3
96774,T4c,5860.400000000001
87896,T4a,5860.400000000001
104858,T4b,5860.400000000001
57239,Mi1,5860.400000000001
73098,T2a,5860.400000000001
38857,Mi1,5860.400000000001
114669,T4b,5860.5
108876,T4c,5860.5
108594,T4d,5860.5
108344,T4d,5860.5
122290,Tm3,5860.5
77307,Tm3,5860.5
35045,Mi1,5860.5
34404,Mi1,5860.5
106801,T4c,5860.5
34862,Mi1,5860.6
36275,Mi1,5860.6
38241,Mi1,5860.6
45948,TmY3,5860.6
65513,T2a,5860.6
85856,TmY3,5860.6
91934,T4a,5860.6
525839,Mi1,5860.700000000001
94468,T4c,5860.700000000001
89825,T4a,5860.700000000001
36346,Mi1,5860.700000000001
10015,HSN,5860.8
36684,Mi1,5860.8
91806,T4a,5860.8
108199,T4c,5860.8
122308,Tm3,5860.8
106295,T4b,5860.9
76788,T4b,5860.9
61292,T2,5860.9
38893,Mi1,5860.9
34867,Mi1,5860.9
10080,OA-VUMa3,5861.000000000001
10269,OA-AL2i2,5861.000000000001
58221,T2,5861.000000000001
66345,T2a,5861.000000000001
98837,T4c,5861.000000000001
49516,TmY3,5861.1
41659,Mi1,5861.1
22328,LC4,5861.1
40832,Mi1,5861.1
10001,DNp01,5861.2
80670,T4a,5861.2
88625,T4c,5861.2
89434,T4c,5861.2
94058,T4b,5861.2
104884,T4b,5861.2
105565,Tm3,5861.3
97853,T4c,5861.3
95005,T4a,5861.3
35602,Mi1,5861.3
37853,Mi1,5861.3
35512,Mi1,5861.3
39629,Mi1,5861.3
38791,Mi1,5861.400000000001
106912,Tm3,5861.400000000001
104683,T4b,5861.5
24867,VST1,5861.5
98175,T4c,5861.5
11264,OA-ASM1,5861.6
65468,T2,5861.6
78597,T2a,5861.6
81401,T4b,5861.6
84631,T4c,5861.6
92047,T4c,5861.6
94179,T4a,5861.6
100787,T4b,5861.6
84063,T4b,5861.7
12688,OA-ASM1,5861.7
49441,TmY3,5861.7
99731,T4c,5861.7
93935,T4a,5861.8
112563,Tm3,5861.8
90567,T4b,5861.8
90278,T4a,5861.8
36410,Mi1,5861.8
10658,OA-AL2i3,5861.900000000001
36139,Mi1,5861.900000000001
38529,Mi1,5861.900000000001
44564,TmY3,5861.900000000001
47211,Mi1,5861.900000000001
122961,T4d,5861.900000000001
149504,T4d,5861.900000000001
106522,T4d,5862.0
97306,T4a,5862.0
88992,T4c,5862.0
81883,T2a,5862.0
43334,TmY3,5862.0
90097,T4c,5862.0
22847,LC4,5862.0
12109,OA-VUMa2,5862.0
10799,OA-VUMa4,5862.0
10037,VS,5862.0
35405,Mi1,5862.0
95883,T4a,5862.099999999999
90027,T4c,5862.099999999999
83191,T4a,5862.099999999999
71394,T2a,5862.099999999999
70289,Mi1,5862.099999999999
47240,TmY3,5862.099999999999
34369,Mi1,5862.099999999999
32535,Mi1,5862.099999999999
59864,Tm3,5862.099999999999
17860,LC4,5862.200000000001
33017,Mi1,5862.200000000001
36252,Mi1,5862.200000000001
96728,T4c,5862.200000000001
102370,T4c,5862.3
38479,Mi1,5862.3
47967,Mi1,5862.3
10016,HSE,5862.3
29563,LC4,5862.3
19543,LC4,5862.4
37294,Mi1,5862.4
47465,TmY3,5862.4
72558,T2a,5862.4
10185,OA-VUMa8,5862.500000000001
16606,VST2,5862.500000000001
34171,Mi1,5862.500000000001
41668,Mi1,5862.500000000001
58862,Mi1,5862.500000000001
60979,TmY3,5862.500000000001
93984,T4b,5862.500000000001
101770,T4b,5862.500000000001
113107,T4a,5862.500000000001
94549,T4b,5862.6
77383,T2a,5862.6
39405,Mi1,5862.6
10825,OA-AL2i3,5862.7
16628,LC4,5862.7
66167,T2,5862.7
69980,Tm3,5862.7
92839,T4b,5862.7
94471,T4a,5862.7
98985,T4c,5862.8
87412,T4c,5862.8
86686,T4c,5862.8
24338,LC4,5862.8
10755,H1,5862.8
48283,TmY3,5862.8
95458,T4d,5862.900000000001
17926,LC4,5862.900000000001
21225,LC4,5862.900000000001
110910,Tm3,5862.900000000001
106819,T4b,5863.0
108757,T4c,5863.0
59397,Mi1,5863.0
11602,OA-ASM1,5863.0
37568,Mi1,5863.0
10023,HSS,5863.0
39275,Mi1,5863.1
64712,T2a,5863.1
91057,T4c,5863.1
94567,T4c,5863.1
94668,T4d,5863.1
106886,T4c,5863.2
103780,T4c,5863.2
103160,T4a,5863.2
17987,LC4,5863.2
10322,OA-AL2i2,5863.2
10206,VS,5863.2
82145,T2a,5863.2
10025,H2,5863.3
39727,Mi1,5863.3
82425,T4b,5863.3
97878,T4b,5863.400000000001
89409,T4a,5863.400000000001
55976,Mi1,5863.400000000001
46324,TmY3,5863.400000000001
33110,Mi1,5863.5
81996,T2a,5863.5
93750,T4c,5863.5
108325,T4c,5863.599999999999
96199,T4a,5863.599999999999
91325,T4a,5863.599999999999
73320,T2,5863.599999999999
71228,T2a,5863.599999999999
39743,Mi1,5863.599999999999
39505,Mi1,5863.599999999999
22194,LC4,5863.599999999999
20634,VST1,5863.599999999999
99670,T4c,5863.700000000001
97145,T4c,5863.700000000001
83689,T4a,5863.700000000001
81215,Tm3,5863.700000000001
40596,Mi1,5863.700000000001
35836,Mi1,5863.700000000001
19954,LC4,5863.700000000001
35580,Mi1,5863.8
99671,T4c,5863.8
10120,OA-VPM4,5863.9
45322,Mi1,5863.9
92640,T4d,5863.9
96219,T4b,5863.9
112969,T4c,5864.0
101620,T4b,5864.0
71944,T2a,5864.0
12521,HST,5864.0
60857,Mi1,5864.0
68951,TmY3,5864.0
95364,T4d,5864.1
110742,T4c,5864.1
101230,T4a,5864.1
85741,T4a,5864.1
71036,T2a,5864.1
37000,Mi1,5864.1
10001,DNp01,5864.1
72066,Tm3,5864.1
10226,OA-AL2i3,5864.2
37839,Mi1,5864.2
67408,Mi1,5864.2
68342,Tm3,5864.2
69736,Tm3,5864.2
78820,T2a,5864.2
90259,T4d,5864.2
67113,Mi1,5864.3
96812,T4a,5864.3
85152,T4c,5864.3
81995,Tm3,5864.3
101994,T4a,5864.3
59008,Mi1,5864.3
38065,LC4,5864.3
37123,Mi1,5864.3
21336,LC4,5864.3
16128,LC4,5864.3
10110,OA-VUMa1,5864.3
54087,Mi1,5864.3
91913,T4b,5864.400000000001
70812,TmY3,5864.400000000001
68605,T2,5864.400000000001
86778,T4a,5864.400000000001
39067,Mi1,5864.400000000001
10204,OA-AL2i2,5864.400000000001
50871,TmY3,5864.400000000001
85126,T4a,5864.5
112393,T4a,5864.5
127970,Tm3,5864.5
77527,T4a,5864.6
110555,T4b,5864.6
109384,T4d,5864.6
108438,T4d,5864.6
104674,T4a,5864.6
97171,T4d,5864.6
93334,T4b,5864.6
54885,TmY3,5864.6
10015,HSN,5864.6
38648,Mi1,5864.6
36994,Mi1,5864.6
35017,Mi1,5864.6
34938,Mi1,5864.6
31848,Mi1,5864.6
11921,OA-VPM4,5864.6
40936,Mi1,5864.6
66325,Tm3,5864.7
43323,Mi1,5864.7
97256,T4c,5864.7
18127,LC4,5864.7
10072,OA-AL2i1,5864.7
40085,Mi1,5864.7
10112,VS,5864.8
34463,Mi1,5864.8
36452,Mi1,5864.8
38767,Mi1,5864.8
99310,T4a,5864.8
110403,T4b,5864.8
134209,Tm3,5864.8
112806,T4c,5864.900000000001
103440,T4d,5864.900000000001
88491,T4a,5864.900000000001
80197,T4a,5864.900000000001
77791,T2a,5864.900000000001
10284,VS,5864.900000000001
30997,Mi1,5864.900000000001
17364,LC4,5864.900000000001
10041,OA-VUMa1,5864.900000000001
71938,T2a,5864.900000000001
103271,T4c,5865.0
111746,Tm3,5865.0
86416,T4a,5865.0
16138,LC4,5865.0
41545,Mi1,5865.0
35734,Mi1,5865.0
83677,T4c,5865.0
42119,Mi1,5865.099999999999
77480,Tm3,5865.099999999999
99131,T4c,5865.200000000001
95242,T4d,5865.200000000001
74228,Tm3,5865.200000000001
68535,T2a,5865.200000000001
62912,T2,5865.200000000001
62856,T2,5865.200000000001
33091,Mi1,5865.200000000001
21313,LC4,5865.200000000001
67152,Tm3,5865.200000000001
101244,T4b,5865.3
105242,T4c,5865.3
85007,T4c,5865.3
35498,Mi1,5865.3
69546,Tm3,5865.3
78561,Tm3,5865.3
22034,LC4,5865.4
34899,Mi1,5865.4
104972,T4a,5865.4
108697,T4d,5865.4
12896,OA-VUMa5,5865.5
19260,LC4,5865.5
23098,LC4,5865.5
37019,Mi1,5865.5
64341,TmY3,5865.5
94983,T4c,5865.5
100087,T4b,5865.5
110988,T4a,5865.5
287884,OA-VPM3,5865.5
96576,T4c,5865.6
72426,Tm3,5865.6
105834,T4d,5865.6
38230,Mi1,5865.6
20542,LC4,5865.6
40703,Mi1,5865.6
10016,HSE,5865.7
74023,T2a,5865.7
83365,T2a,5865.7
87358,T4a,5865.7
93972,T4a,5865.7
101463,T4d,5865.7
107010,T4d,5865.8
100033,T4c,5865.8
92281,T4c,5865.8
79449,T4b,5865.8
37555,Mi1,5865.8
20808,LC4,5865.8
34079,Mi1,5865.8
21804,LC4,5865.8
20588,LC4,5865.8
36158,Mi1,5865.8
100855,T4a,5865.9
98226,T4b,5865.9
10037,VS,5865.9
45319,Mi1,5865.9
35152,Mi1,5866.0
74927,Tm3,5866.0
91366,T4b,5866.0
95335,T4a,5866.0
101215,T4c,5866.0
103654,T4b,5866.0
73447,Tm3,5866.1
77991,Tm3,5866.1
94356,T4c,5866.1
104191,T4a,5866.1
100946,T4c,5866.2
49322,TmY3,5866.2
48073,TmY3,5866.2
35416,Mi1,5866.2
32893,Mi1,5866.2
23392,LC4,5866.2
34849,Mi1,5866.299999999999
35724,Mi1,5866.299999999999
55101,Mi1,5866.299999999999
71089,Mi1,5866.299999999999
100501,T4b,5866.299999999999
41435,Mi1,5866.400000000001
98846,T4c,5866.400000000001
102741,T4c,5866.400000000001
106200,T4c,5866.400000000001
104996,T4a,5866.5
100310,T4d,5866.5
112619,T4d,5866.5
63175,Mi1,5866.5
16570,VST2,5866.5
66214,T2a,5866.5
800146,TTMn,5866.6
36446,Mi1,5866.6
10025,H2,5866.6
35934,Mi1,5866.700000000001
42533,TmY3,5866.700000000001
50345,TmY3,5866.700000000001
73122,T2a,5866.700000000001
109142,T4b,5866.700000000001
38993,Mi1,5866.8
90796,T4d,5866.8
101685,T4b,5866.900000000001
75966,T2a,5866.900000000001
75521,T2a,5866.900000000001
33907,Mi1,5866.900000000001
69540,TmY3,5866.900000000001
66227,Tm3,5866.900000000001
74997,Tm3,5866.900000000001
95453,T4a,5867.0
110757,T4b,5867.0
92046,T4d,5867.0
91682,T4b,5867.0
35845,Mi1,5867.0
20399,LC4,5867.0
10001,DNp01,5867.0
18189,LC4,5867.1
33326,Mi1,5867.1
105718,T4b,5867.1
133040,Tm3,5867.1
101005,T4d,5867.200000000001
95356,T4a,5867.200000000001
94574,T4c,5867.200000000001
81986,Tm3,5867.200000000001
43689,Mi1,5867.200000000001
35888,Mi1,5867.200000000001
17266,LC4,5867.200000000001
76121,Tm3,5867.200000000001
96134,T4b,5867.3
128916,Tm3,5867.3
100897,T4c,5867.3
89099,T4a,5867.3
37037,Mi1,5867.3
37391,Mi1,5867.3
10023,HSS,5867.3
40635,Mi1,5867.3
102112,T4c,5867.4
111184,T4a,5867.4
112944,T4b,5867.4
34142,Mi1,5867.500000000001
40026,TmY3,5867.500000000001
97028,T4c,5867.500000000001
98398,T4c,5867.500000000001
107170,T4b,5867.500000000001
133349,Tm3,5867.6
80812,T4a,5867.6
97675,T4c,5867.6
39718,Mi1,5867.6
10677,OA-AL2i4,5867.6
41296,Mi1,5867.6
61768,T2,5867.7
94624,T4a,5867.7
109593,Tm3,5867.7
286259,OA-ASM1,5867.7
123490,Tm3,5867.8
95985,T4c,5867.8
92684,T4c,5867.8
10012,VS,5867.900000000001
36217,Mi1,5867.900000000001
42594,Mi1,5867.900000000001
48547,TmY3,5867.900000000001
94755,T4a,5867.900000000001
118924,Tm3,5867.900000000001
109857,T4d,5868.0
91469,T4c,5868.0
115686,T4b,5868.0
41950,Mi1,5868.0
49372,TmY3,5868.0
10187,OA-VPM3,5868.1
25584,LC4,5868.1
34356,Mi1,5868.1
61045,TmY3,5868.1
84434,Tm3,5868.1
132624,Tm3,5868.2
102910,T4b,5868.2
100190,T4c,5868.2
85598,T4b,5868.2
58945,Tm3,5868.2
126286,Tm3,5868.2
45005,TmY3,5868.2
38768,Mi1,5868.2
20673,LC4,5868.2
11134,VSm,5868.2
10015,HSN,5868.2
49324,Mi1,5868.2
104450,T4a,5868.3
98668,T4a,5868.3
93604,T4a,5868.3
41626,Mi1,5868.3
40944,Mi1,5868.3
30803,LC4,5868.3
11005,OA-VUMa4,5868.3
37270,Mi1,5868.3
10755,H1,5868.400000000001
17548,LC4,5868.400000000001
22328,LC4,5868.400000000001
57398,Mi1,5868.400000000001
114391,T4d,5868.5
82282,Tm3,5868.5
98194,T4d,5868.5
37243,Mi1,5868.5
48894,TmY3,5868.5
10269,OA-AL2i2,5868.5
85536,T4a,5868.5
10687,OA-AL2i3,5868.6
39158,Mi1,5868.6
91629,T4a,5868.6
32962,TmY3,5868.700000000001
33942,Mi1,5868.700000000001
35235,Mi1,5868.700000000001
39438,Mi1,5868.700000000001
101772,Tm3,5868.700000000001
104297,T4a,5868.700000000001
106203,T4d,5868.700000000001
100956,T4d,5868.8
93527,T4a,5868.8
106401,T4d,5868.8
34300,Mi1,5868.8
68933,Tm3,5868.8
100319,T4b,5868.8
21225,LC4,5868.8
10206,VS,5868.9
37353,Mi1,5868.9
97161,T4a,5868.9
537004,VSm,5868.9
82515,Tm3,5869.000000000001
103073,T4a,5869.000000000001
100785,T4b,5869.000000000001
100282,T4a,5869.000000000001
64849,Tm3,5869.000000000001
35234,Mi1,5869.000000000001
10168,OA-VUMa6,5869.000000000001
22975,LC4,5869.1
37699,Mi1,5869.1
98325,T4d,5869.1
108065,T4c,5869.2
94305,T4a,5869.2
109291,T4d,5869.2
72955,T2a,5869.2
37529,Mi1,5869.2
36646,Mi1,5869.2
10175,OA-VUMa6,5869.2
68522,T2a,5869.2
72983,T2a,5869.3
70490,Mi1,5869.3
105214,T4c,5869.3
35100,Mi1,5869.3
10016,HSE,5869.3
53065,Mi1,5869.3
19420,LC4,5869.400000000001
24338,LC4,5869.400000000001
63994,Mi1,5869.400000000001
104412,T4a,5869.400000000001
95239,T4a,5869.5
526158,Mi1,5869.5
129235,Tm3,5869.5
111416,Tm3,5869.5
110646,T4b,5869.5
90533,T4c,5869.5
42895,Mi1,5869.5
60886,T2a,5869.5
47368,TmY3,5869.5
44119,Mi1,5869.5
33655,Mi1,5869.5
10112,VS,5869.5
79271,T4a,5869.5
35447,Mi1,5869.6
37371,Mi1,5869.6
38178,Mi1,5869.6
87289,T4a,5869.6
91313,T4a,5869.7
83227,Tm3,5869.7
124345,T4d,5869.7
38987,Mi1,5869.7
38238,Mi1,5869.7
71933,T2,5869.7
94886,T4d,5869.8
64050,T2,5869.8
51963,TmY3,5869.8
90900,T4a,5869.8
10652,OA-AL2i4,5869.8
10025,H2,5869.8
41522,Mi1,5869.8
10001,DNp01,5869.900000000001
36911,Mi1,5869.900000000001
37599,Mi1,5869.900000000001
62078,Mi1,5869.900000000001
81092,Tm3,5869.900000000001
542412,Mi1,5870.0
86141,T4b,5870.0
66808,Tm3,5870.0
73021,T2a,5870.0
19954,LC4,5870.0
10037,VS,5870.0
22194,LC4,5870.0
11608,OA-VUMa2,5870.099999999999
33216,Mi1,5870.099999999999
40256,Mi1,5870.099999999999
83204,T4d,5870.099999999999
100924,T4b,5870.200000000001
99011,T4c,5870.200000000001
98000,T4b,5870.200000000001
77676,T2a,5870.200000000001
40171,Mi1,5870.200000000001
35712,Mi1,5870.200000000001
76524,Tm3,5870.200000000001
56564,Mi1,5870.3
79257,Tm3,5870.3
88152,T4c,5870.3
102479,T4c,5870.3
96365,T4a,5870.4
102425,T4b,5870.4
73385,T2a,5870.4
90423,T4b,5870.4
36533,Mi1,5870.4
35173,Mi1,5870.4
34933,Mi1,5870.4
17926,LC4,5870.500000000001
35774,Mi1,5870.500000000001
42675,Mi1,5870.500000000001
48930,TmY3,5870.500000000001
59959,Mi1,5870.500000000001
93021,T4a,5870.500000000001
51231,TmY3,5870.6
63468,Mi1,5870.6
89368,T4c,5870.6
94368,T4a,5870.6
90145,T4a,5870.7
67150,T2a,5870.7
38208,Mi1,5870.7
42758,Mi1,5870.7
36177,Mi1,5870.7
19634,LC4,5870.7
19543,LC4,5870.7
37113,Mi1,5870.7
21336,LC4,5870.8
37948,Mi1,5870.8
49930,TmY3,5870.8
64149,Mi1,5870.8
85378,T4a,5870.8
93564,T4d,5870.900000000001
41809,Mi1,5870.900000000001
77138,Tm3,5870.900000000001
10265,OA-AL2i2,5871.0
35806,Mi1,5871.0
38514,Mi1,5871.0
52328,TmY3,5871.0
83583,T4d,5871.0
69063,Mi1,5871.1
110604,T4a,5871.1
63868,T2a,5871.1
34296,Mi1,5871.1
38227,Mi1,5871.1
52350,Mi1,5871.1
34057,Mi1,5871.1
10023,HSS,5871.2
37631,Mi1,5871.2
101945,T4b,5871.2
102579,T4b,5871.2
104008,T4b,5871.2
532850,Tm3,5871.2
68212,T2a,5871.3
18127,LC4,5871.3
36660,Mi1,5871.3
48286,Mi1,5871.400000000001
63420,Mi1,5871.400000000001
72279,Mi1,5871.400000000001
102564,T4a,5871.400000000001
88726,T4b,5871.5
97835,T4a,5871.5
97769,T4a,5871.5
81211,Tm3,5871.5
10322,OA-AL2i2,5871.5
36954,Mi1,5871.5
20808,LC4,5871.5
19794,LC4,5871.5
40426,Mi1,5871.5
21313,LC4,5871.599999999999
35890,Mi1,5871.599999999999
38721,Mi1,5871.599999999999
96015,T4c,5871.599999999999
92552,T4a,5871.700000000001
100261,T4c,5871.700000000001
94089,T4d,5871.700000000001
93313,T4a,5871.700000000001
91987,T4c,5871.700000000001
16628,LC4,5871.700000000001
39651,Mi1,5871.700000000001
23098,LC4,5871.700000000001
10072,OA-AL2i1,5871.700000000001
10015,HSN,5871.700000000001
41654,Mi1,5871.700000000001
34045,Mi1,5871.8
48607,TmY3,5871.8
87845,T4a,5871.8
95554,T4b,5871.8
98887,T4b,5871.8
109326,T4c,5871.8
21165,LC4,5871.9
67971,Tm3,5871.9
73096,T2a,5871.9
96676,T4b,5871.9
93360,T4b,5872.0
92082,T4b,5872.0
35897,Mi1,5872.0
41120,Mi1,5872.1
51191,TmY3,5872.1
65671,Mi1,5872.1
96852,T4a,5872.1
99663,T4c,5872.1
34626,Mi1,5872.2
23392,LC4,5872.2
30923,TmY3,5872.2
35840,Mi1,5872.2
71583,Tm3,5872.2
100488,T4c,5872.2
121816,T4a,5872.2
95822,T4b,5872.3
113207,T4d,5872.3
105332,T4b,5872.3
92957,T4d,5872.3
41709,Mi1,5872.3
39692,TmY3,5872.3
10799,OA-VUMa4,5872.3
58703,T2,5872.3
800146,TTMn,5872.4
68412,T2a,5872.4
42691,Mi1,5872.4
89934,T4d,5872.4
35770,Mi1,5872.4
10825,OA-AL2i3,5872.4
40219,Mi1,5872.4
10284,VS,5872.5
42048,Mi1,5872.5
64897,T2,5872.5
107719,T4b,5872.6
99316,T4b,5872.6
77910,Tm3,5872.6
48986,TmY3,5872.6
35001,Mi1,5872.6
34479,Mi1,5872.6
16138,LC4,5872.6
43414,Mi1,5872.6
10555,OA-VUMa3,5872.7
17054,LC4,5872.7
35218,Mi1,5872.7
36540,Mi1,5872.7
132339,Tm3,5872.7
95972,T4d,5872.8
103022,T4a,5872.8
99292,T4a,5872.8
98448,T4b,5872.8
95921,T4c,5872.8
107075,T4d,5872.8
83438,T4a,5872.8
34189,Mi1,5872.8
10016,HSE,5872.8
10001,DNp01,5872.8
95681,T4a,5872.8
105412,T4a,5872.900000000001
103425,T4a,5872.900000000001
103025,T4a,5872.900000000001
36305,Mi1,5872.900000000001
40411,Mi1,5872.900000000001
93025,T4b,5872.900000000001
17668,LC4,5872.900000000001
10025,H2,5873.0
20282,LC4,5873.0
20542,LC4,5873.0
69228,T2a,5873.0
74375,Tm3,5873.0
79259,T4b,5873.0
86696,T4d,5873.0
88353,T4b,5873.0
102519,T4a,5873.0
119213,T4c,5873.099999999999
95810,T2a,5873.099999999999
93985,T4c,5873.099999999999
97866,T4d,5873.099999999999
90121,T4b,5873.099999999999
83979,T4a,5873.099999999999
46827,Mi1,5873.099999999999
93509,T4b,5873.099999999999
19550,LC4,5873.200000000001
50333,TmY3,5873.200000000001
67308,Mi1,5873.200000000001
96657,T4c,5873.3
65531,T2a,5873.3
46248,Mi1,5873.3
43978,Mi1,5873.3
38791,Mi1,5873.3
31492,Mi1,5873.3
33462,Mi1,5873.3
20016,LC4,5873.3
10658,OA-AL2i3,5873.3
97885,T4a,5873.3
35602,Mi1,5873.3
151155,T4b,5873.3
67810,Tm3,5873.4
105115,T4d,5873.4
102462,T4c,5873.4
19260,LC4,5873.4
96090,T4c,5873.4
69597,Tm3,5873.5
75381,Tm3,5873.5
93166,T4c,5873.5
103827,T4c,5873.5
108847,T4d,5873.6
96931,T4b,5873.6
95007,T4a,5873.6
78503,T2a,5873.6
71475,Tm3,5873.6
69164,Mi1,5873.6
47962,TmY3,5873.6
37509,Mi1,5873.6
33446,Mi1,5873.6
11264,OA-ASM1,5873.6
98312,T4a,5873.7
96424,T4b,5873.7
90206,T4b,5873.7
89784,T4b,5873.7
48060,Mi1,5873.7
85074,T4a,5873.7
74287,Tm3,5873.7
89139,T4c,5873.7
95287,T4a,5873.8
35428,Mi1,5873.8
37044,Mi1,5873.8
69961,Tm3,5873.8
85429,T4d,5873.8
88398,T4a,5873.8
99748,T4b,5873.8
86419,Tm3,5873.9
106840,T4b,5873.9
34862,Mi1,5873.9
26112,LC4,5873.9
74860,Tm3,5873.9
16128,LC4,5874.0
38421,Mi1,5874.0
64633,T2a,5874.0
65235,T2,5874.0
68475,T2a,5874.0
84008,T4c,5874.0
103314,T4b,5874.0
12109,OA-VUMa2,5874.1
21225,LC4,5874.1
52485,TmY3,5874.1
75076,T2,5874.1
111928,T4b,5874.1
40854,Mi1,5874.2
41613,Mi1,5874.2
101865,T4a,5874.2
39629,Mi1,5874.2
21287,LC4,5874.2
17364,LC4,5874.2
33017,Mi1,5874.2
93947,T4a,5874.3
88698,T4a,5874.3
80435,T2a,5874.3
78025,T2a,5874.3
53156,TmY3,5874.3
51122,Mi1,5874.3
41804,Mi1,5874.3
38857,Mi1,5874.3
10755,H1,5874.3
51848,TmY3,5874.3
10037,VS,5874.400000000001
10185,OA-VUMa8,5874.400000000001
37088,Mi1,5874.400000000001
69380,Tm3,5874.5
38241,Mi1,5874.5
12688,OA-ASM1,5874.5
36881,Mi1,5874.5
10080,OA-VUMa3,5874.6
75557,Tm3,5874.6
91345,T4c,5874.6
98039,T4d,5874.6
100729,T4b,5874.6
107715,T4a,5874.6
48531,Mi1,5874.700000000001
20917,LC4,5874.700000000001
61659,Tm3,5874.700000000001
104256,T4a,5874.700000000001
107420,T4b,5874.700000000001
101228,T4a,5874.8
54211,TmY3,5874.8
111581,T4d,5874.8
103226,T4d,5874.8
92706,T4a,5874.8
42872,Mi1,5874.8
85664,TmY3,5874.8
34867,Mi1,5874.8
34171,Mi1,5874.8
85778,T4b,5874.8
96307,T4a,5874.900000000001
17860,LC4,5874.900000000001
35045,Mi1,5874.900000000001
36139,Mi1,5874.900000000001
36275,Mi1,5874.900000000001
39500,Mi1,5874.900000000001
72619,T2a,5874.900000000001
129930,Tm3,5874.900000000001
89020,T4a,5875.0
99980,T4c,5875.0
75660,T2a,5875.0
525839,Mi1,5875.0
108948,T4b,5875.0
37224,Mi1,5875.0
19954,LC4,5875.0
10120,OA-VPM4,5875.0
10023,HSS,5875.0
10041,OA-VUMa1,5875.0
36252,Mi1,5875.0
10112,VS,5875.0
10015,HSN,5875.1
23792,LC4,5875.1
25584,LC4,5875.1
47696,TmY3,5875.1
68562,T2a,5875.1
76733,Tm3,5875.1
83067,T4b,5875.1
98360,T4c,5875.1
106093,T4a,5875.1
114817,T4d,5875.1
104478,T4d,5875.200000000001
81064,Tm3,5875.200000000001
37680,Mi1,5875.200000000001
112027,T4d,5875.200000000001
21151,LC4,5875.200000000001
12521,HST,5875.200000000001
31262,LC4,5875.200000000001
92939,T4b,5875.3
92114,T4c,5875.3
60510,T2,5875.3
105521,T4c,5875.3
44449,TmY3,5875.3
37138,Mi1,5875.3
10011,OA-AL2i1,5875.3
47967,Mi1,5875.3
107105,T4d,5875.4
10110,OA-VUMa1,5875.4
36346,Mi1,5875.4
41659,Mi1,5875.4
62522,T2,5875.4
76074,Tm3,5875.4
94482,T4d,5875.4
100981,T4d,5875.4
102975,T4b,5875.4
99387,T4a,5875.500000000001
40832,Mi1,5875.500000000001
11602,OA-ASM1,5875.500000000001
10001,DNp01,5875.6
10206,VS,5875.6
39275,Mi1,5875.6
82500,T2a,5875.6
92644,T4d,5875.6
116610,T4d,5875.6
122233,Tm3,5875.7
104027,T4d,5875.7
98300,T4a,5875.7
41668,Mi1,5875.7
80855,Tm3,5875.7
36410,Mi1,5875.7
97105,T4d,5875.7
94071,T4a,5875.8
101480,T4c,5875.8
77395,T4b,5875.8
70289,Mi1,5875.8
47211,Mi1,5875.8
34404,Mi1,5875.8
10226,OA-AL2i3,5875.8
32535,Mi1,5875.900000000001
37853,Mi1,5875.900000000001
40400,Mi1,5875.900000000001
104130,T4a,5875.900000000001
120992,Tm3,5875.900000000001
99163,T4a,5876.0
92254,T4b,5876.0
77226,T2a,5876.0
20399,LC4,5876.0
65515,T2,5876.0
44222,Mi1,5876.0
67719,T2a,5876.0
90888,T4b,5876.1
112179,T4b,5876.1
57239,Mi1,5876.1
10012,VS,5876.1
20808,LC4,5876.1
34369,Mi1,5876.1
24338,LC4,5876.2
36684,Mi1,5876.2
37438,Mi1,5876.2
78911,Tm3,5876.2
106952,T4b,5876.2
113945,T4d,5876.2
10025,H2,5876.3
17548,LC4,5876.3
37568,Mi1,5876.3
38133,Mi1,5876.3
70239,T2,5876.3
10016,HSE,5876.3
90520,T4a,5876.400000000001
94283,T4d,5876.400000000001
100726,T4d,5876.400000000001
84267,T4c,5876.400000000001
35405,Mi1,5876.400000000001
21336,LC4,5876.400000000001
40596,Mi1,5876.400000000001
94224,T4b,5876.5
93750,T4c,5876.5
106166,T4b,5876.5
46662,TmY3,5876.5
41536,Mi1,5876.5
70112,T2,5876.5
22194,LC4,5876.6
35512,Mi1,5876.6
37294,Mi1,5876.6
58862,Mi1,5876.6
107812,T4a,5876.6
99922,T4c,5876.700000000001
92047,T4c,5876.700000000001
82964,T2a,5876.700000000001
35580,Mi1,5876.700000000001
38893,Mi1,5876.700000000001
22328,LC4,5876.700000000001
65307,T2,5876.700000000001
33110,Mi1,5876.8
38479,Mi1,5876.8
59397,Mi1,5876.8
67113,Mi1,5876.8
90112,T4c,5876.8
112453,T4c,5876.8
10677,OA-AL2i4,5876.9
17987,LC4,5876.9
39727,Mi1,5876.9
98099,T4b,5876.9
105403,T4c,5877.000000000001
89728,Tm3,5877.000000000001
89290,T4d,5877.000000000001
18189,LC4,5877.000000000001
12896,OA-VUMa5,5877.000000000001
10269,OA-AL2i2,5877.000000000001
39405,Mi1,5877.000000000001
20673,LC4,5877.1
21313,LC4,5877.1
42006,TmY3,5877.1
84328,T4a,5877.1
88575,T4b,5877.1
89434,T4c,5877.1
92181,T4a,5877.1
96035,T4d,5877.1
104368,T4c,5877.1
124867,T4d,5877.1
95926,T4a,5877.2
84063,T4b,5877.2
40085,Mi1,5877.2
73619,T2a,5877.2
10687,OA-AL2i3,5877.2
11005,OA-VUMa4,5877.3
18127,LC4,5877.3
23098,LC4,5877.3
43783,Mi1,5877.3
58553,TmY3,5877.3
60857,Mi1,5877.3
96295,T4b,5877.3
113568,T4d,5877.400000000001
107445,T4a,5877.400000000001
97186,T4a,5877.400000000001
77891,Tm3,5877.400000000001
20588,LC4,5877.400000000001
35836,Mi1,5877.400000000001
35017,Mi1,5877.400000000001
11134,VSm,5877.400000000001
38648,Mi1,5877.400000000001
44282,Mi1,5877.5
102991,T4c,5877.5
41545,Mi1,5877.5
22034,LC4,5877.5
38529,Mi1,5877.5
39743,Mi1,5877.5
10204,OA-AL2i2,5877.6
25893,VST1,5877.6
34463,Mi1,5877.6
66980,T2a,5877.6
67072,T2a,5877.6
94081,T4c,5877.6
96126,T4b,5877.6
104017,T4b,5877.6
107621,T4d,5877.6
800146,TTMn,5877.6
537004,VSm,5877.6
44592,TmY3,5877.7
116311,T4d,5877.7
35498,Mi1,5877.7
23392,LC4,5877.7
20634,VST1,5877.8
37000,Mi1,5877.8
87722,T2a,5877.8
19543,LC4,5877.900000000001
42856,Mi1,5877.900000000001
88815,T4d,5877.900000000001
96081,T4a,5877.900000000001
102147,T4c,5877.900000000001
108307,T4b,5877.900000000001
89282,T4a,5878.0
112458,T4b,5878.0
108675,T4b,5878.0
107529,T4d,5878.0
105698,T4c,5878.0
103657,T4b,5878.0
36452,Mi1,5878.0
81733,Tm3,5878.0
72194,Tm3,5878.0
17266,LC4,5878.0
99348,T4c,5878.0
71131,Tm3,5878.099999999999
74259,T2a,5878.099999999999
66872,T2,5878.099999999999
98625,T4a,5878.099999999999
10072,OA-AL2i1,5878.099999999999
10037,VS,5878.099999999999
39505,Mi1,5878.099999999999
100867,T4b,5878.200000000001
110855,T4a,5878.200000000001
83465,T4a,5878.200000000001
90219,T4a,5878.200000000001
122273,Tm3,5878.3
103867,T4a,5878.3
102229,T4d,5878.3
92996,T4a,5878.3
34899,Mi1,5878.3
44746,TmY3,5878.3
22847,LC4,5878.3
55976,Mi1,5878.3
38767,Mi1,5878.3
10001,DNp01,5878.4
17926,LC4,5878.4
34849,Mi1,5878.4
39525,Mi1,5878.4
54087,Mi1,5878.4
56762,TmY3,5878.4
74504,T2a,5878.4
96835,T4b,5878.4
98467,T4d,5878.4
100838,T4c,5878.4
37123,Mi1,5878.500000000001
113983,T4d,5878.500000000001
98788,T4d,5878.500000000001
30997,Mi1,5878.500000000001
16138,LC4,5878.500000000001
89825,T4a,5878.500000000001
10015,HSN,5878.6
34938,Mi1,5878.6
69889,T2a,5878.6
77920,Tm3,5878.6
93927,T4a,5878.6
10023,HSS,5878.7
38710,Mi1,5878.7
40936,Mi1,5878.7
106745,T4b,5878.7
86536,Tm3,5878.8
89142,T4b,5878.8
72586,Tm3,5878.8
19420,LC4,5878.8
36994,Mi1,5878.8
33614,Mi1,5878.900000000001
94287,T4d,5878.900000000001
287884,OA-VPM3,5878.900000000001
31848,Mi1,5879.0
62757,T2a,5879.0
64058,T2,5879.0
95883,T4a,5879.0
96211,T4d,5879.0
99423,T4d,5879.0
100206,T4c,5879.0
113686,T4d,5879.1
106922,T4c,5879.1
100032,T4c,5879.1
71765,T2a,5879.1
43323,Mi1,5879.1
82507,T2a,5879.1
125171,Tm3,5879.2
78848,Tm3,5879.2
61370,T2,5879.2
99670,T4c,5879.2
37839,Mi1,5879.2
35734,Mi1,5879.2
38455,Mi1,5879.2
37019,Mi1,5879.3
40703,Mi1,5879.3
48514,TmY3,5879.3
49788,TmY3,5879.3
104853,T4c,5879.3
73320,T2,5879.400000000001
79646,Tm3,5879.400000000001
69692,T2,5879.400000000001
103497,Tm3,5879.400000000001
107640,T4c,5879.400000000001
98175,T4c,5879.400000000001
112321,T4d,5879.400000000001
66345,T2a,5879.400000000001
42119,Mi1,5879.400000000001
10112,VS,5879.400000000001
10322,OA-AL2i2,5879.400000000001
65850,T2a,5879.400000000001
38230,Mi1,5879.400000000001
10755,H1,5879.400000000001
21225,LC4,5879.5
33907,Mi1,5879.5
72558,T2a,5879.5
78940,T4a,5879.5
98504,T4c,5879.5
121245,Tm3,5879.5
117627,Tm3,5879.599999999999
96394,T4b,5879.599999999999
73301,Tm3,5879.599999999999
10025,H2,5879.599999999999
59008,Mi1,5879.599999999999
36990,Mi1,5879.599999999999
65298,T2a,5879.599999999999
88012,T2,5879.700000000001
82099,T4b,5879.700000000001
65833,Mi1,5879.700000000001
68264,Tm3,5879.700000000001
10016,HSE,5879.8
89866,T4b,5879.8
33091,Mi1,5879.9
45319,Mi1,5879.9
35152,Mi1,5880.0
19260,LC4,5880.1
36446,Mi1,5880.1
44244,TmY3,5880.1
82313,T4a,5880.1
37037,Mi1,5880.2
39067,Mi1,5880.2
29563,LC4,5880.2
20542,LC4,5880.2
19954,LC4,5880.2
16628,LC4,5880.2
11921,OA-VPM4,5880.2
28945,LC4,5880.3
91057,T4c,5880.3
92431,T4a,5880.3
97899,T4a,5880.3
105706,T4a,5880.3
109172,T4b,5880.3
286259,OA-ASM1,5880.3
99950,T4c,5880.4
97677,T4c,5880.4
110076,T4c,5880.4
55101,Mi1,5880.4
40235,Mi1,5880.4
72938,T2a,5880.4
131823,Tm3,5880.5
103677,T4b,5880.5
99863,T4d,5880.5
99672,T4a,5880.5
91444,T4c,5880.5
38768,Mi1,5880.5
37270,Mi1,5880.5
35934,Mi1,5880.5
19794,LC4,5880.5
38993,Mi1,5880.5
94289,T4d,5880.6
113852,T4b,5880.6
108907,T4c,5880.6
102791,T4c,5880.6
94179,T4a,5880.6
112744,T4d,5880.6
67408,Mi1,5880.6
45322,Mi1,5880.6
35888,Mi1,5880.6
71089,Mi1,5880.6
34356,Mi1,5880.6
125288,Tm3,5880.7
117151,T4d,5880.7
103645,T4c,5880.7
103570,T4d,5880.7
101742,T4c,5880.7
10187,OA-VPM3,5880.7
97784,T4c,5880.7
41435,Mi1,5880.7
37927,Mi1,5880.7
32893,Mi1,5880.7
98381,T4d,5880.7
10284,VS,5880.8
36158,Mi1,5880.8
62272,T2,5880.8
73586,Tm3,5880.8
104257,T4b,5880.8
107442,T4d,5880.8
118502,T4b,5880.8
106886,T4c,5880.900000000001
97326,T4c,5880.900000000001
97193,T4a,5880.900000000001
20808,LC4,5880.900000000001
35845,Mi1,5880.900000000001
10168,OA-VUMa6,5880.900000000001
68982,Tm3,5880.900000000001
85837,Tm3,5881.0
16128,LC4,5881.099999999999
34079,Mi1,5881.099999999999
35724,Mi1,5881.099999999999
90049,T4c,5881.099999999999
100787,T4b,5881.099999999999
103780,T4c,5881.099999999999
104354,T4b,5881.200000000001
78856,Tm3,5881.200000000001
10001,DNp01,5881.200000000001
33326,Mi1,5881.200000000001
34142,Mi1,5881.200000000001
75298,T2a,5881.3
36217,Mi1,5881.3
10175,OA-VUMa6,5881.3
10799,OA-VUMa4,5881.3
35416,Mi1,5881.3
37391,Mi1,5881.4
40635,Mi1,5881.4
79704,T4d,5881.4
91469,T4c,5881.4
96199,T4a,5881.4
97318,T4d,5881.4
101383,T4b,5881.4
102801,T4b,5881.4
86992,T4b,5881.5
90278,T4a,5881.5
85924,T4a,5881.5
10037,VS,5881.5
41296,Mi1,5881.5
11608,OA-VUMa2,5881.6
90135,T4c,5881.6
106701,T4d,5881.6
97853,T4c,5881.7
91303,T4b,5881.7
90952,T4c,5881.7
25584,LC4,5881.7
39438,Mi1,5881.7
21336,LC4,5881.8
62560,T2,5881.8
90465,T4a,5881.8
102045,T4a,5881.8
118948,T4d,5881.9
91806,T4a,5881.9
88951,Tm3,5881.9
63175,Mi1,5881.9
40944,Mi1,5881.9
10825,OA-AL2i3,5881.9
42594,Mi1,5881.9
17668,LC4,5881.9
105565,Tm3,5882.0
37529,Mi1,5882.1
39718,Mi1,5882.1
47240,TmY3,5882.1
49324,Mi1,5882.1
60856,T2a,5882.1
91283,T4c,5882.1
98862,Tm3,5882.1
33942,Mi1,5882.2
34300,Mi1,5882.2
38065,LC4,5882.2
82576,T4b,5882.2
90567,T4b,5882.2
97231,T4a,5882.3
30803,LC4,5882.3
69793,T2a,5882.3
104858,T4b,5882.3
57486,TmY3,5882.3
10015,HSN,5882.3
37699,Mi1,5882.3
37555,Mi1,5882.3
35235,Mi1,5882.3
39158,Mi1,5882.3
91674,T4a,5882.400000000001
10652,OA-AL2i4,5882.400000000001
24338,LC4,5882.400000000001
74373,Tm3,5882.400000000001
99850,T4a,5882.400000000001
102799,T4c,5882.5
80812,T4a,5882.5
84490,T4a,5882.5
35234,Mi1,5882.5
18127,LC4,5882.5
74231,Tm3,5882.5
10023,HSS,5882.6
10206,VS,5882.6
19634,LC4,5882.6
21313,LC4,5882.6
22194,LC4,5882.6
41950,Mi1,5882.6
94153,T4d,5882.6
104942,T4a,5882.6
109598,T4b,5882.6
800146,TTMn,5882.700000000001
96774,T4c,5882.700000000001
92842,T4a,5882.700000000001
109536,T4d,5882.700000000001
38208,Mi1,5882.700000000001
21804,LC4,5882.700000000001
17364,LC4,5882.700000000001
69980,Tm3,5882.700000000001
40256,Mi1,5882.8
41626,Mi1,5882.8
96812,T4a,5882.8
106362,T4d,5882.8
119245,T4d,5882.900000000001
109996,T4c,5882.900000000001
99628,T4b,5882.900000000001
91913,T4b,5882.900000000001
91510,T4c,5882.900000000001
21165,LC4,5882.900000000001
39894,T4b,5882.900000000001
35447,Mi1,5882.900000000001
17054,LC4,5882.900000000001
10025,H2,5882.900000000001
48283,TmY3,5882.900000000001
85152,T4c,5883.0
104301,T4b,5883.0
106587,T4d,5883.0
38987,Mi1,5883.0
37243,Mi1,5883.0
37113,Mi1,5883.0
57398,Mi1,5883.0
42533,TmY3,5883.1
42895,Mi1,5883.1
70490,Mi1,5883.1
72148,Tm3,5883.1
90394,T4a,5883.1
96003,T4d,5883.1
37371,Mi1,5883.200000000001
70524,T2a,5883.200000000001
88922,T4c,5883.200000000001
101302,T4d,5883.200000000001
88491,T4a,5883.3
87424,T4d,5883.3
56007,TmY3,5883.3
75172,T2a,5883.3
23098,LC4,5883.3
17548,LC4,5883.3
10016,HSE,5883.3
34296,Mi1,5883.3
23392,LC4,5883.4
36646,Mi1,5883.4
37599,Mi1,5883.4
42758,Mi1,5883.4
88625,T4c,5883.4
542412,Mi1,5883.500000000001
111613,T4d,5883.500000000001
110693,Tm3,5883.500000000001
70812,TmY3,5883.500000000001
38238,Mi1,5883.500000000001
56564,Mi1,5883.500000000001
43689,Mi1,5883.500000000001
10112,VS,5883.500000000001
63994,Mi1,5883.500000000001
93566,T4a,5883.6
96576,T4c,5883.6
89252,T4b,5883.6
10012,VS,5883.6
19550,LC4,5883.6
48547,TmY3,5883.6
10265,OA-AL2i2,5883.7
111380,Tm3,5883.7
35100,Mi1,5883.8
37948,Mi1,5883.8
48267,TmY3,5883.8
54885,TmY3,5883.8
72896,Tm3,5883.8
86175,T4a,5883.8
93957,T4b,5883.8
98654,T4d,5883.8
108349,T4d,5883.8
62078,Mi1,5883.8
102370,T4c,5883.900000000001
104336,T4b,5883.900000000001
526158,Mi1,5883.900000000001
44119,Mi1,5883.900000000001
41522,Mi1,5883.900000000001
34057,Mi1,5883.900000000001
93224,T4a,5883.900000000001
10001,DNp01,5884.0
22328,LC4,5884.0
33655,Mi1,5884.0
34933,Mi1,5884.0
35712,Mi1,5884.0
101043,T4c,5884.0
59959,Mi1,5884.1
86416,T4a,5884.1
86932,T4b,5884.1
95736,T4c,5884.1
90430,T2a,5884.2
101873,T4b,5884.2
67963,Tm3,5884.2
64149,Mi1,5884.2
36911,Mi1,5884.2
65443,T2a,5884.2
116343,T4a,5884.3
101772,Tm3,5884.3
101685,T4b,5884.3
93419,T4b,5884.3
107297,T4c,5884.3
70642,T2a,5884.3
41809,Mi1,5884.3
11134,VSm,5884.3
78172,TmY3,5884.3
10041,OA-VUMa1,5884.400000000001
30480,LC4,5884.400000000001
63673,Tm3,5884.400000000001
97288,T4c,5884.5
113171,T4b,5884.5
105962,T4b,5884.5
104144,T2,5884.5
103527,T4c,5884.5
90419,T4b,5884.5
66956,T2,5884.5
69063,Mi1,5884.5
42675,Mi1,5884.5
37631,Mi1,5884.5
37353,Mi1,5884.5
10658,OA-AL2i3,5884.5
69546,Tm3,5884.5
537004,VSm,5884.6
112241,T4b,5884.6
44564,TmY3,5884.6
38178,Mi1,5884.6
20282,LC4,5884.6
16138,LC4,5884.6
38514,Mi1,5884.6
77846,Tm3,5884.700000000001
95356,T4a,5884.700000000001
87896,T4a,5884.700000000001
69723,Tm3,5884.700000000001
22975,LC4,5884.700000000001
36533,Mi1,5884.700000000001
35806,Mi1,5884.700000000001
40171,Mi1,5884.700000000001
107240,T4b,5884.8
106801,T4c,5884.8
100633,T4a,5884.8
95453,T4a,5884.8
94743,T4d,5884.8
63468,Mi1,5884.8
63420,Mi1,5884.8
46230,TmY3,5884.8
40026,TmY3,5884.8
36954,Mi1,5884.8
20399,LC4,5884.8
92415,T4a,5884.9
93688,T4a,5884.9
83125,T4b,5884.9
39692,TmY3,5884.9
10755,H1,5884.9
35774,Mi1,5884.9
10037,VS,5884.9
36177,Mi1,5884.9
117551,Tm3,5885.000000000001
10269,OA-AL2i2,5885.000000000001
12109,OA-VUMa2,5885.000000000001
33216,Mi1,5885.000000000001
52350,Mi1,5885.000000000001
79875,T4c,5885.000000000001
94624,T4a,5885.000000000001
105135,T4c,5885.000000000001
109652,T4d,5885.000000000001
35173,Mi1,5885.1
22966,LC4,5885.1
20917,LC4,5885.1
38227,Mi1,5885.2
90566,T4d,5885.2
100105,T4a,5885.2
100874,T4a,5885.2
101215,T4c,5885.2
106894,T4b,5885.2
108161,T4a,5885.3
98118,T4c,5885.3
94549,T4b,5885.3
65671,Mi1,5885.3
35218,Mi1,5885.3
36660,Mi1,5885.3
21287,LC4,5885.3
45948,TmY3,5885.3
106295,T4b,5885.400000000001
114088,T4d,5885.400000000001
68840,TmY3,5885.400000000001
40426,Mi1,5885.400000000001
19543,LC4,5885.400000000001
12521,HST,5885.400000000001
66227,Tm3,5885.400000000001
18189,LC4,5885.5
20673,LC4,5885.5
99671,T4c,5885.5
107159,T4b,5885.5
35840,Mi1,5885.6
39651,Mi1,5885.6
50345,TmY3,5885.6
117142,T4d,5885.6
77527,T4a,5885.7
112048,T4c,5885.7
106535,T4d,5885.7
100856,T4a,5885.7
76788,T4b,5885.7
72279,Mi1,5885.7
53065,Mi1,5885.7
41120,Mi1,5885.7
35890,Mi1,5885.7
20016,LC4,5885.7
19954,LC4,5885.7
21225,LC4,5885.8
36305,Mi1,5885.8
94356,T4c,5885.8
97028,T4c,5885.8
105126,T4c,5885.8
107609,T4d,5885.8
108974,T4c,5885.900000000001
108876,T4c,5885.900000000001
35897,Mi1,5885.900000000001
35770,Mi1,5885.900000000001
93360,T4b,5885.900000000001
10555,OA-VUMa3,5885.900000000001
24867,VST1,5885.900000000001
10185,OA-VUMa8,5885.900000000001
10072,OA-AL2i1,5885.900000000001
36540,Mi1,5886.0
34479,Mi1,5886.0
115511,T4d,5886.0
10687,OA-AL2i3,5886.0
10015,HSN,5886.0
20808,LC4,5886.0
17926,LC4,5886.099999999999
41709,Mi1,5886.099999999999
66808,Tm3,5886.099999999999
90423,T4b,5886.099999999999
100033,T4c,5886.099999999999
10025,H2,5886.200000000001
108276,T4a,5886.200000000001
547091,T2,5886.200000000001
527408,LC4,5886.3
69915,TmY3,5886.3
81015,T4a,5886.3
43414,Mi1,5886.3
20542,LC4,5886.3
104931,T4c,5886.4
94305,T4a,5886.4
89368,T4c,5886.4
88152,T4c,5886.4
101770,T4b,5886.4
17987,LC4,5886.4
11005,OA-VUMa4,5886.4
10677,OA-AL2i4,5886.4
33017,Mi1,5886.4
26112,LC4,5886.5
34626,Mi1,5886.5
41654,Mi1,5886.5
75484,Tm3,5886.5
93877,T4c,5886.5
92281,T4c,5886.6
102703,T4a,5886.6
98398,T4c,5886.6
83583,T4d,5886.6
23792,LC4,5886.6
11264,OA-ASM1,5886.6
42691,Mi1,5886.6
10001,DNp01,5886.7
10023,HSS,5886.7
19260,LC4,5886.7
31492,Mi1,5886.7
48286,Mi1,5886.7
101245,T4a,5886.7
97675,T4c,5886.8
62947,T2a,5886.8
96163,T4b,5886.8
34045,Mi1,5886.8
35602,Mi1,5886.8
110646,T4b,5886.900000000001
97145,T4c,5886.900000000001
104884,T4b,5886.900000000001
100673,T4b,5886.900000000001
98985,T4c,5886.900000000001
40219,Mi1,5886.900000000001
10016,HSE,5886.900000000001
36139,Mi1,5886.900000000001
21151,LC4,5886.900000000001
12688,OA-ASM1,5886.900000000001
10226,OA-AL2i3,5886.900000000001
10110,OA-VUMa1,5886.900000000001
38791,Mi1,5886.900000000001
102845,T4b,5887.0
91222,T4d,5887.0
82038,Tm3,5887.0
94668,T4d,5887.0
60979,TmY3,5887.0
36252,Mi1,5887.0
35001,Mi1,5887.0
74725,T2a,5887.0
98439,T4a,5887.1
10080,OA-VUMa3,5887.1
34862,Mi1,5887.1
38421,Mi1,5887.1
38857,Mi1,5887.1
87106,T4a,5887.1
91179,T4a,5887.1
93482,T4d,5887.1
94058,T4b,5887.1
96728,T4c,5887.1
101463,T4d,5887.1
105292,T4b,5887.2
83438,T4a,5887.2
117748,Tm3,5887.2
64855,T2,5887.2
95005,T4a,5887.2
40411,Mi1,5887.2
16570,VST2,5887.2
46827,Mi1,5887.2
21336,LC4,5887.2
101230,T4a,5887.3
34189,Mi1,5887.3
69978,T2,5887.3
75377,T2a,5887.3
81706,T2a,5887.3
91366,T4b,5887.3
94948,T4c,5887.3
97878,T4b,5887.3
109916,T4d,5887.3
113107,T4a,5887.3
120312,Tm3,5887.3
95985,T4c,5887.400000000001
98349,T4a,5887.400000000001
91629,T4a,5887.400000000001
121170,Tm3,5887.400000000001
104683,T4b,5887.400000000001
93865,T4c,5887.400000000001
78470,Tm3,5887.400000000001
62894,Tm3,5887.400000000001
34867,Mi1,5887.400000000001
33446,Mi1,5887.400000000001
91741,T4d,5887.400000000001
38721,Mi1,5887.5
80302,T2a,5887.5
95017,T4c,5887.5
104996,T4a,5887.5
46248,Mi1,5887.599999999999
90097,T4c,5887.599999999999
78968,Tm3,5887.599999999999
73284,T2a,5887.599999999999
63190,T2,5887.599999999999
48897,TmY3,5887.599999999999
95235,T4d,5887.599999999999
35428,Mi1,5887.599999999999
17860,LC4,5887.599999999999
16628,LC4,5887.599999999999
10322,OA-AL2i2,5887.599999999999
10120,OA-VPM4,5887.599999999999
10112,VS,5887.599999999999
20588,LC4,5887.599999999999
16128,LC4,5887.700000000001
18127,LC4,5887.700000000001
19420,LC4,5887.700000000001
95554,T4b,5887.700000000001
101732,T4c,5887.700000000001
102388,T4d,5887.700000000001
104703,T4d,5887.8
59864,Tm3,5887.8
51122,Mi1,5887.8
98194,T4d,5887.8
34171,Mi1,5887.8
22034,LC4,5887.8
42048,Mi1,5887.8
102016,T4a,5887.9
100946,T4c,5887.9
86778,T4a,5887.9
111783,T4a,5887.9
23929,LC4,5887.9
10206,VS,5887.9
79483,Tm3,5887.9
17266,LC4,5888.0
21313,LC4,5888.0
83677,T4c,5888.0
96134,T4b,5888.0
117662,T4d,5888.1
24338,LC4,5888.1
39629,Mi1,5888.1
40505,Mi1,5888.1
67308,Mi1,5888.1
120016,Tm3,5888.2
116259,T4b,5888.2
135612,Tm3,5888.2
112993,T4b,5888.2
93972,T4a,5888.2
86630,Tm3,5888.2
43978,Mi1,5888.2
33462,Mi1,5888.2
25584,LC4,5888.2
10037,VS,5888.3
39275,Mi1,5888.3
65542,T2,5888.3
87873,T4b,5888.3
88435,Tm3,5888.3
104802,T4c,5888.3
106522,T4d,5888.4
102579,T4b,5888.4
102031,T4c,5888.4
38241,Mi1,5888.4
69164,Mi1,5888.4
37088,Mi1,5888.4
37044,Mi1,5888.4
12896,OA-VUMa5,5888.4
37509,Mi1,5888.4
22194,LC4,5888.5
36275,Mi1,5888.5
40854,Mi1,5888.5
41613,Mi1,5888.5
80670,T4a,5888.5
81836,T2a,5888.5
88084,T4b,5888.5
97161,T4a,5888.5
102765,T4d,5888.5
106664,T4c,5888.6
109631,T4b,5888.6
104450,T4a,5888.6
800146,TTMn,5888.6
36346,Mi1,5888.6
87358,T4a,5888.6
35045,Mi1,5888.6
11602,OA-ASM1,5888.7
74927,Tm3,5888.7
98837,T4c,5888.7
103654,T4b,5888.7
95629,T4c,5888.8
88933,T4a,5888.8
70289,Mi1,5888.8
85126,T4a,5888.8
71052,T2a,5888.900000000001
71652,Tm3,5888.900000000001
108824,T4d,5888.900000000001
86686,T4c,5889.0
105122,T4b,5889.0
100310,T4d,5889.0
93166,T4c,5889.0
114698,T4b,5889.0
48060,Mi1,5889.0
47368,TmY3,5889.0
42872,Mi1,5889.0
36410,Mi1,5889.0
10284,VS,5889.0
68342,Tm3,5889.0
106401,T4d,5889.099999999999
71402,Tm3,5889.099999999999
97769,T4a,5889.099999999999
40832,Mi1,5889.099999999999
67150,T2a,5889.099999999999
23392,LC4,5889.200000000001
36881,Mi1,5889.200000000001
89409,T4a,5889.200000000001
98751,T4a,5889.200000000001
101382,T4c,5889.3
149504,T4d,5889.3
100488,T4c,5889.3
102741,T4c,5889.3
46324,TmY3,5889.3
32535,Mi1,5889.3
64341,TmY3,5889.3
10001,DNp01,5889.4
10025,H2,5889.4
23098,LC4,5889.4
67152,Tm3,5889.4
72066,Tm3,5889.4
79449,T4b,5889.4
93985,T4c,5889.4
97866,T4d,5889.4
117221,T4c,5889.4
111949,T4c,5889.5
104414,T4d,5889.5
102540,T4b,5889.5
105545,T4d,5889.5
46745,Mi1,5889.5
41804,Mi1,5889.5
19794,LC4,5889.5
84631,T4c,5889.5
127615,Tm3,5889.6
101994,T4a,5889.6
94471,T4a,5889.6
106821,T4b,5889.6
35405,Mi1,5889.6
34369,Mi1,5889.6
10204,OA-AL2i2,5889.6
41659,Mi1,5889.6
10015,HSN,5889.7
41136,Mi1,5889.7
85378,T4a,5889.7
88167,T4b,5889.7
93509,T4b,5889.7
100501,T4b,5889.7
119501,T4d,5889.8
77232,T2,5889.8
74159,Tm3,5889.8
48531,Mi1,5889.8
37680,Mi1,5889.8
37568,Mi1,5889.8
38893,Mi1,5889.8
10755,H1,5889.8
33766,Mi1,5889.9
37224,Mi1,5889.9
40596,Mi1,5889.9
47686,TmY3,5889.9
64260,T2,5889.9
78805,T2a,5889.9
91313,T4a,5889.9
100282,T4a,5889.9
104191,T4a,5889.9
71188,T2a,5889.9
525839,Mi1,5890.0
73828,Tm3,5890.0
107170,T4b,5890.0
101620,T4b,5890.0
83639,T2a,5890.0
58945,Tm3,5890.0
47211,Mi1,5890.0
35580,Mi1,5890.0
10012,VS,5890.0
57239,Mi1,5890.0
17364,LC4,5890.1
22847,LC4,5890.1
41668,Mi1,5890.1
58224,Mi1,5890.1
71161,T2a,5890.1
98890,T4c,5890.1
99011,T4c,5890.1
108594,T4d,5890.1
120928,T4d,5890.1
102910,T4b,5890.2
112088,T4d,5890.2
98846,T4c,5890.2
107211,T4d,5890.2
58862,Mi1,5890.2
10016,HSE,5890.2
72796,Tm3,5890.2
16138,LC4,5890.2
39500,Mi1,5890.3
47967,Mi1,5890.3
57871,T2,5890.3
70158,T2a,5890.3
88992,T4c,5890.3
97256,T4c,5890.3
98887,T4b,5890.3
102153,T4c,5890.3
104390,T4a,5890.3
105718,T4b,5890.3
110910,Tm3,5890.400000000001
95458,T4d,5890.400000000001
82425,T4b,5890.400000000001
79271,T4a,5890.400000000001
78422,Tm3,5890.400000000001
38133,Mi1,5890.400000000001
37853,Mi1,5890.400000000001
37123,Mi1,5890.400000000001
34404,Mi1,5890.400000000001
67113,Mi1,5890.400000000001
83191,T4a,5890.5
10023,HSS,5890.5
65742,Tm3,5890.5
68842,TmY3,5890.5
109336,T4b,5890.5
112633,T4b,5890.5
171349687,Tm3,5890.5
10799,OA-VUMa4,5890.6
69736,Tm3,5890.6
96671,T4c,5890.700000000001
78561,Tm3,5890.700000000001
107819,T4c,5890.700000000001
74044,Tm3,5890.700000000001
39743,Mi1,5890.700000000001
39716,Mi1,5890.700000000001
38479,Mi1,5890.700000000001
37294,Mi1,5890.700000000001
29563,LC4,5890.700000000001
111184,T4a,5890.8
103479,T4c,5890.8
87412,T4c,5890.8
87289,T4a,5890.8
85856,TmY3,5890.8
40400,Mi1,5890.8
39727,Mi1,5890.8
38708,Mi1,5890.8
37438,Mi1,5890.8
66325,Tm3,5890.8
95822,T4b,5890.900000000001
112775,T4d,5890.900000000001
110403,T4b,5890.900000000001
101228,T4a,5890.900000000001
84267,T4c,5890.900000000001
41536,Mi1,5890.900000000001
44222,Mi1,5890.900000000001
34463,Mi1,5890.900000000001
19954,LC4,5890.900000000001
17668,LC4,5890.900000000001
61353,T2,5890.900000000001
17548,LC4,5891.0
35512,Mi1,5891.0
67971,Tm3,5891.0
71944,T2a,5891.0
79134,Tm3,5891.0
111857,T4d,5891.0
124490,Tm3,5891.1
99609,T4a,5891.1
98137,T4d,5891.1
87390,T2a,5891.1
81401,T4b,5891.1
45162,TmY3,5891.1
37138,Mi1,5891.1
35836,Mi1,5891.1
17054,LC4,5891.1
80911,Tm3,5891.1
36684,Mi1,5891.200000000001
75550,Tm3,5891.200000000001
108344,T4d,5891.200000000001
90219,T4a,5891.3
85741,T4a,5891.3
69540,TmY3,5891.3
22328,LC4,5891.3
36452,Mi1,5891.3
60857,Mi1,5891.3
96219,T4b,5891.4
106950,T4c,5891.4
90145,T4a,5891.4
93750,T4c,5891.4
35498,Mi1,5891.4
34899,Mi1,5891.4
20808,LC4,5891.4
84063,T4b,5891.4
51199,T2,5891.500000000001
73029,T2,5891.500000000001
83682,Tm3,5891.500000000001
92273,T2a,5891.500000000001
104674,T4a,5891.500000000001
287884,OA-VPM3,5891.500000000001
118924,Tm3,5891.6
106912,Tm3,5891.6
101878,T4a,5891.6
100087,T4b,5891.6
44449,TmY3,5891.6
74023,T2a,5891.6
71228,T2a,5891.6
59397,Mi1,5891.6
77982,T2a,5891.6
44282,Mi1,5891.7
82639,T2a,5891.7
34849,Mi1,5891.7
10825,OA-AL2i3,5891.7
20542,LC4,5891.7
33110,Mi1,5891.7
20634,VST1,5891.8
41545,Mi1,5891.8
51050,TmY3,5891.8
72005,Tm3,5891.8
93941,T4b,5891.8
537004,VSm,5891.900000000001
106844,T4d,5891.900000000001
41671,TmY3,5891.900000000001
39405,Mi1,5891.900000000001
38529,Mi1,5891.900000000001
35017,Mi1,5891.900000000001
10112,VS,5891.900000000001
10037,VS,5891.900000000001
38648,Mi1,5892.0
92640,T4d,5892.0
103425,T4a,5892.1
100018,T4a,5892.1
95345,T4d,5892.1
84328,T4a,5892.1
62562,T2,5892.1
10001,DNp01,5892.1
40085,Mi1,5892.1
39164,Mi1,5892.1
20673,LC4,5892.1
42119,Mi1,5892.1
11134,VSm,5892.2
21165,LC4,5892.2
89784,T4b,5892.2
66604,TmY3,5892.3
108325,T4c,5892.3
116633,T4c,5892.3
77916,T2a,5892.3
63050,T2a,5892.3
10206,VS,5892.3
39505,Mi1,5892.3
10168,OA-VUMa6,5892.3
55976,Mi1,5892.3
37000,Mi1,5892.3
19543,LC4,5892.400000000001
21336,LC4,5892.400000000001
120231,Tm3,5892.400000000001
10025,H2,5892.5
20399,LC4,5892.5
30803,LC4,5892.5
43334,TmY3,5892.5
83979,T4a,5892.5
92684,T4c,5892.5
93935,T4a,5892.5
118385,T4b,5892.6
108438,T4d,5892.6
99157,T4a,5892.6
78731,Tm3,5892.6
113991,T4d,5892.6
21225,LC4,5892.6
17926,LC4,5892.6
10269,OA-AL2i2,5892.6
77307,Tm3,5892.6
11608,OA-VUMa2,5892.700000000001
31262,LC4,5892.700000000001
40703,Mi1,5892.700000000001
102975,T4b,5892.700000000001
112545,T4d,5892.700000000001
100785,T4b,5892.8
38230,Mi1,5892.8
30997,Mi1,5892.8
10072,OA-AL2i1,5892.8
36994,Mi1,5892.8
34606,Mi1,5892.9
98139,T4d,5892.9
100855,T4a,5892.9
104905,T4c,5892.9
112393,T4a,5892.9
50333,TmY3,5893.000000000001
108065,T4c,5893.000000000001
37270,Mi1,5893.000000000001
18127,LC4,5893.000000000001
19260,LC4,5893.000000000001
33091,Mi1,5893.000000000001
15422,VST2,5893.1
33907,Mi1,5893.1
38710,Mi1,5893.1
89099,T4a,5893.1
97249,T4d,5893.1
103867,T4a,5893.2
54087,Mi1,5893.2
41464,TmY3,5893.2
34938,Mi1,5893.2
10175,OA-VUMa6,5893.2
38767,Mi1,5893.2
106026,T4b,5893.3
105276,T4d,5893.3
103022,T4a,5893.3
98393,T4a,5893.3
92706,T4a,5893.3
85536,T4a,5893.3
48607,TmY3,5893.3
40936,Mi1,5893.3
33614,Mi1,5893.3
90259,T4d,5893.3
21313,LC4,5893.400000000001
34356,Mi1,5893.400000000001
37037,Mi1,5893.400000000001
72794,Tm3,5893.400000000001
91345,T4c,5893.400000000001
94282,T4c,5893.400000000001
97171,T4d,5893.400000000001
81996,T2a,5893.5
97184,T4d,5893.5
71089,Mi1,5893.5
19550,LC4,5893.5
10016,HSE,5893.5
10015,HSN,5893.5
133040,Tm3,5893.6
113410,T4d,5893.6
111980,T4d,5893.6
101480,T4c,5893.6
286259,OA-ASM1,5893.6
88698,T4a,5893.6
45005,TmY3,5893.6
35152,Mi1,5893.6
18189,LC4,5893.6
96126,T4b,5893.6
123490,Tm3,5893.7
70177,T2,5893.7
97480,T4c,5893.7
45319,Mi1,5893.7
62340,T2,5893.7
99310,T4a,5893.8
800146,TTMn,5893.8
130994,Tm3,5893.8
112613,T4d,5893.8
103025,T4a,5893.8
101589,T4a,5893.8
99131,T4c,5893.8
21287,LC4,5893.8
75521,T2a,5893.8
68212,T2a,5893.8
53075,TmY3,5893.8
44700,Mi1,5893.8
43323,Mi1,5893.8
38993,Mi1,5893.8
79358,T2a,5893.8
73447,Tm3,5893.900000000001
95454,T4a,5893.900000000001
39525,Mi1,5893.900000000001
36369,Mi1,5893.900000000001
31848,Mi1,5893.900000000001
20282,LC4,5893.900000000001
10187,OA-VPM3,5893.900000000001
36158,Mi1,5894.0
43783,Mi1,5894.0
65833,Mi1,5894.0
72665,Mi1,5894.0
93527,T4a,5894.0
94574,T4c,5894.0
102462,T4c,5894.0
109649,T4c,5894.0
80838,T2a,5894.099999999999
48986,TmY3,5894.099999999999
45176,Mi1,5894.099999999999
22194,LC4,5894.099999999999
25584,LC4,5894.099999999999
38768,Mi1,5894.099999999999
88095,T4d,5894.200000000001
109326,T4c,5894.200000000001
102448,T4d,5894.200000000001
101005,T4d,5894.200000000001
96365,T4a,5894.200000000001
74303,Mi1,5894.200000000001
10023,HSS,5894.200000000001
63868,T2a,5894.200000000001
57349,Mi1,5894.200000000001
47465,TmY3,5894.200000000001
24338,LC4,5894.200000000001
10041,OA-VUMa1,5894.200000000001
65636,T2,5894.200000000001
55101,Mi1,5894.3
109142,T4b,5894.3
100897,T4c,5894.3
89434,T4c,5894.3
51049,Mi1,5894.3
40577,Mi1,5894.3
43965,Mi1,5894.3
38065,LC4,5894.3
35734,Mi1,5894.3
33942,Mi1,5894.3
123514,Tm3,5894.4
109857,T4d,5894.4
94468,T4c,5894.4
83689,T4a,5894.4
83042,T4b,5894.4
64540,T2,5894.4
41296,Mi1,5894.4
35845,Mi1,5894.4
19634,LC4,5894.4
67810,Tm3,5894.4
56984,TmY3,5894.5
111416,Tm3,5894.5
102479,T4c,5894.5
100996,T4b,5894.5
59008,Mi1,5894.5
42856,Mi1,5894.5
35113,Mi1,5894.5
37019,Mi1,5894.5
36446,Mi1,5894.5
10755,H1,5894.5
10687,OA-AL2i3,5894.5
37391,Mi1,5894.5
23098,LC4,5894.6
23392,LC4,5894.6
96931,T4b,5894.6
100956,T4d,5894.6
112619,T4d,5894.6
92114,T4c,5894.7
105242,T4c,5894.7
91682,T4b,5894.7
35888,Mi1,5894.7
10001,DNp01,5894.7
87827,T2a,5894.7
16128,LC4,5894.8
32893,Mi1,5894.8
34079,Mi1,5894.8
81309,T2a,5894.8
94567,T4c,5894.900000000001
20917,LC4,5894.900000000001
36217,Mi1,5894.900000000001
37839,Mi1,5894.900000000001
39438,Mi1,5894.900000000001
40944,Mi1,5894.900000000001
67002,T2,5894.900000000001
81215,Tm3,5894.900000000001
107567,T4c,5895.0
102425,T4b,5895.0
83009,T4b,5895.0
42594,Mi1,5895.0
100838,T4c,5895.0
12521,HST,5895.1
16628,LC4,5895.1
34300,Mi1,5895.1
89020,T4a,5895.1
102595,T4d,5895.1
103302,T4c,5895.1
38455,Mi1,5895.2
36990,Mi1,5895.2
94953,T4d,5895.2
10652,OA-AL2i4,5895.2
35234,Mi1,5895.2
116129,T4b,5895.3
83067,T4b,5895.3
116716,T4b,5895.3
45322,Mi1,5895.3
65009,T2,5895.3
35934,Mi1,5895.3
21804,LC4,5895.3
10322,OA-AL2i2,5895.3
37699,Mi1,5895.3
34142,Mi1,5895.400000000001
39067,Mi1,5895.400000000001
41435,Mi1,5895.400000000001
41626,Mi1,5895.400000000001
61968,T2,5895.400000000001
100046,T4b,5895.400000000001
95364,T4d,5895.5
104297,T4a,5895.5
87845,T4a,5895.5
75848,T2a,5895.5
86635,T4c,5895.5
40235,Mi1,5895.5
37529,Mi1,5895.5
35235,Mi1,5895.5
11921,OA-VPM4,5895.5
49324,Mi1,5895.5
104412,T4a,5895.599999999999
101945,T4b,5895.599999999999
94283,T4d,5895.599999999999
82099,T4b,5895.599999999999
78317,T4a,5895.599999999999
22975,LC4,5895.599999999999
35260,Mi1,5895.599999999999
10037,VS,5895.599999999999
10025,H2,5895.599999999999
10011,OA-AL2i1,5895.599999999999
108119,T4c,5895.599999999999
64849,Tm3,5895.599999999999
105574,T4d,5895.700000000001
77383,T2a,5895.700000000001
109384,T4d,5895.700000000001
96676,T4b,5895.700000000001
108847,T4d,5895.700000000001
91987,T4c,5895.700000000001
39158,Mi1,5895.700000000001
80197,T4a,5895.700000000001
40256,Mi1,5895.700000000001
82674,T4a,5895.700000000001
30923,TmY3,5895.700000000001
99663,T4c,5895.8
98788,T4d,5895.8
97872,T4d,5895.8
91469,T4c,5895.8
108757,T4c,5895.8
90533,T4c,5895.8
89290,T4d,5895.8
44592,TmY3,5895.8
40635,Mi1,5895.8
90796,T4d,5895.8
16138,LC4,5895.9
75966,T2a,5895.9
79138,T2a,5895.9
90027,T4c,5895.9
105313,T4a,5896.0
88035,Tm3,5896.0
67131,Tm3,5896.0
51231,TmY3,5896.0
33326,Mi1,5896.0
37371,Mi1,5896.0
35416,Mi1,5896.0
37555,Mi1,5896.0
79345,T2a,5896.1
67408,Mi1,5896.1
91325,T4a,5896.1
23792,LC4,5896.1
10012,VS,5896.1
38238,Mi1,5896.1
97899,T4a,5896.1
72426,Tm3,5896.2
115686,T4b,5896.2
17987,LC4,5896.2
10112,VS,5896.2
37243,Mi1,5896.2
122233,Tm3,5896.3
110988,T4a,5896.3
107529,T4d,5896.3
92939,T4b,5896.3
67424,T2,5896.3
93984,T4b,5896.3
38208,Mi1,5896.3
35724,Mi1,5896.3
19420,LC4,5896.3
17364,LC4,5896.3
41637,Mi1,5896.3
79314,T4b,5896.4
104622,T4b,5896.4
104008,T4b,5896.4
103343,T4b,5896.4
103314,T4b,5896.4
69597,Tm3,5896.4
10265,OA-AL2i2,5896.4
35447,Mi1,5896.4
33655,Mi1,5896.4
20016,LC4,5896.4
10284,VS,5896.4
10206,VS,5896.4
41950,Mi1,5896.4
69916,T2,5896.5
107010,T4d,5896.5
92047,T4c,5896.5
66852,Mi1,5896.5
75343,Tm3,5896.5
38987,Mi1,5896.5
63489,T2,5896.5
20808,LC4,5896.5
19954,LC4,5896.5
10677,OA-AL2i4,5896.6
44438,Mi1,5896.6
93025,T4b,5896.6
92055,T4c,5896.7
83365,T2a,5896.7
70281,T2a,5896.7
65513,T2a,5896.7
39718,Mi1,5896.7
26112,LC4,5896.7
22034,LC4,5896.7
19794,LC4,5896.7
57398,Mi1,5896.7
42895,Mi1,5896.8
100165,T4b,5896.8
109023,T4c,5896.8
94755,T4a,5896.8
37948,Mi1,5896.8
10658,OA-AL2i3,5896.8
20588,LC4,5896.8
12109,OA-VUMa2,5896.8
11005,OA-VUMa4,5896.8
10016,HSE,5896.8
22328,LC4,5896.8
28945,LC4,5896.900000000001
52485,TmY3,5896.900000000001
60337,TmY3,5896.900000000001
86419,Tm3,5896.900000000001
70490,Mi1,5897.0
98911,T4b,5897.0
74228,Tm3,5897.0
61768,T2,5897.0
92552,T4a,5897.0
48894,TmY3,5897.0
41399,Mi1,5897.0
38687,Mi1,5897.0
61292,T2,5897.0
20542,LC4,5897.0
37927,Mi1,5897.099999999999
62851,Tm3,5897.099999999999
92839,T4b,5897.200000000001
66345,T2a,5897.200000000001
56564,Mi1,5897.200000000001
41522,Mi1,5897.200000000001
37113,Mi1,5897.200000000001
127153,Tm3,5897.200000000001
34272,Mi1,5897.200000000001
22108,TmY3,5897.200000000001
17266,LC4,5897.200000000001
10110,OA-VUMa1,5897.200000000001
10015,HSN,5897.200000000001
34296,Mi1,5897.200000000001
103344,T4b,5897.3
77138,Tm3,5897.3
39692,TmY3,5897.3
121093,T4b,5897.3
35806,Mi1,5897.3
10001,DNp01,5897.3
38178,Mi1,5897.3
36646,Mi1,5897.4
84008,T4c,5897.4
90371,T4d,5897.4
93021,T4a,5897.4
100319,T4b,5897.4
105521,T4c,5897.4
38514,Mi1,5897.5
44119,Mi1,5897.5
61401,T2a,5897.5
96090,T4c,5897.5
83204,T4d,5897.6
68167,Tm3,5897.6
34057,Mi1,5897.6
42758,Mi1,5897.6
78597,T2a,5897.7
21336,LC4,5897.7
35100,Mi1,5897.7
37599,Mi1,5897.7
39894,T4b,5897.7
40171,Mi1,5897.7
63175,Mi1,5897.7
63994,Mi1,5897.7
72955,T2a,5897.7
88922,T4c,5897.7
159987,Tm3,5897.7
80812,T4a,5897.8
107031,T4b,5897.8
34933,Mi1,5897.8
74287,Tm3,5897.8
118551,Tm3,5897.9
115111,T4a,5897.9
105834,T4d,5897.9
90888,T4b,5897.9
35774,Mi1,5897.9
41809,Mi1,5897.9
36177,Mi1,5897.9
17548,LC4,5897.9
69063,Mi1,5897.9
10023,HSS,5898.0
65671,Mi1,5898.0
97545,T4c,5898.0
100867,T4b,5898.1
10555,OA-VUMa3,5898.1
38748,Mi1,5898.1
103440,T4d,5898.1
95335,T4a,5898.2
99316,T4b,5898.2
95239,T4a,5898.2
542412,Mi1,5898.2
33017,Mi1,5898.2
10185,OA-VUMa8,5898.2
37631,Mi1,5898.2
36911,Mi1,5898.3
37353,Mi1,5898.3
74375,Tm3,5898.3
93142,T4a,5898.3
106819,T4b,5898.3
114391,T4d,5898.3
130280,Tm3,5898.400000000001
128916,Tm3,5898.400000000001
82211,T2a,5898.400000000001
98300,T4a,5898.400000000001
35712,Mi1,5898.400000000001
35683,Mi1,5898.400000000001
18127,LC4,5898.400000000001
64149,Mi1,5898.400000000001
526158,Mi1,5898.5
97677,T4c,5898.5
96295,T4b,5898.5
74937,T2a,5898.5
74891,T2a,5898.5
42006,TmY3,5898.5
21225,LC4,5898.5
21151,LC4,5898.5
62078,Mi1,5898.5
53156,TmY3,5898.6
121816,T4a,5898.6
76038,Tm3,5898.6
42533,TmY3,5898.6
105403,T4c,5898.6
33216,Mi1,5898.6
21313,LC4,5898.6
17860,LC4,5898.6
35173,Mi1,5898.6
10311,VS,5898.6
10025,H2,5898.700000000001
39858,Mi1,5898.700000000001
59959,Mi1,5898.700000000001
85866,T4b,5898.700000000001
86416,T4a,5898.700000000001
102564,T4a,5898.700000000001
105412,T4a,5898.700000000001
36540,Mi1,5898.8
90474,T4b,5898.8
71394,T2a,5898.900000000001
54885,TmY3,5898.900000000001
105332,T4b,5898.900000000001
20673,LC4,5898.900000000001
10226,OA-AL2i3,5898.900000000001
38227,Mi1,5898.900000000001
17054,LC4,5899.0
35840,Mi1,5899.0
35897,Mi1,5899.0
77395,T4b,5899.0
80913,T4a,5899.0
94081,T4c,5899.0
99292,T4a,5899.0
111746,Tm3,5899.1
109868,Tm3,5899.1
101772,Tm3,5899.1
97885,T4a,5899.1
10037,VS,5899.1
72279,Mi1,5899.1
41709,Mi1,5899.1
17668,LC4,5899.1
78421,T2a,5899.1
84663,T2a,5899.200000000001
88281,T4b,5899.200000000001
71583,Tm3,5899.200000000001
109593,Tm3,5899.200000000001
17926,LC4,5899.200000000001
10755,H1,5899.200000000001
38791,Mi1,5899.200000000001
546524,Mi1,5899.3
105115,T4d,5899.3
102229,T4d,5899.3
97306,T4a,5899.3
96784,T4b,5899.3
94624,T4a,5899.3
69961,Tm3,5899.3
53065,Mi1,5899.3
42691,Mi1,5899.3
42675,Mi1,5899.3
36954,Mi1,5899.3
104257,T4b,5899.4
93360,T4b,5899.4
91303,T4b,5899.4
94368,T4a,5899.4
58196,TmY3,5899.4
36533,Mi1,5899.4
19260,LC4,5899.4
78940,T4a,5899.4
22194,LC4,5899.500000000001
48514,TmY3,5899.500000000001
63420,Mi1,5899.500000000001
98175,T4c,5899.500000000001
104018,T4c,5899.500000000001
537004,VSm,5899.6
100190,T4c,5899.6
90900,T4a,5899.6
90121,T4b,5899.6
43689,Mi1,5899.6
29563,LC4,5899.6
35218,Mi1,5899.6
19543,LC4,5899.6
10072,OA-AL2i1,5899.6
36305,Mi1,5899.6
103557,T4a,5899.7
113207,T4d,5899.7
800146,TTMn,5899.7
106952,T4b,5899.7
95921,T4c,5899.7
20399,LC4,5899.7
40426,Mi1,5899.7
23392,LC4,5899.7
10120,OA-VPM4,5899.7
93622,T4c,5899.7
11134,VSm,5899.8
12688,OA-ASM1,5899.8
22847,LC4,5899.8
68933,Tm3,5899.8
82001,T2a,5899.8
88491,T4a,5899.8
95677,T4c,5899.8
107719,T4b,5899.8
89825,T4a,5899.900000000001
60856,T2a,5899.900000000001
63468,Mi1,5899.900000000001
34189,Mi1,5899.900000000001
10001,DNp01,5899.900000000001
38477,Mi1,5899.900000000001
92082,T4b,5900.0
91057,T4c,5900.0
52350,Mi1,5900.0
122308,Tm3,5900.0
23098,LC4,5900.0
10269,OA-AL2i2,5900.0
35602,Mi1,5900.0
11264,OA-ASM1,5900.1
24338,LC4,5900.1
36139,Mi1,5900.1
69441,Tm3,5900.1
88726,T4b,5900.1
97835,T4a,5900.1
95287,T4a,5900.2
71398,Tm3,5900.2
99670,T4c,5900.2
68982,Tm3,5900.2
103579,T4c,5900.2
530434,Tm3,5900.2
101081,T4c,5900.2
64778,TmY3,5900.2
36660,Mi1,5900.2
45696,Mi1,5900.2
41120,Mi1,5900.2
58703,T2,5900.2
30480,LC4,5900.2
12896,OA-VUMa5,5900.2
10016,HSE,5900.2
39651,Mi1,5900.3
46827,Mi1,5900.3
72829,T2a,5900.3
105565,Tm3,5900.400000000001
103765,T4d,5900.400000000001
102113,T4b,5900.400000000001
95926,T4a,5900.400000000001
85664,TmY3,5900.400000000001
77594,T2a,5900.400000000001
69380,Tm3,5900.400000000001
82515,Tm3,5900.400000000001
58599,T2,5900.400000000001
38241,Mi1,5900.400000000001
34626,Mi1,5900.400000000001
34479,Mi1,5900.400000000001
34045,Mi1,5900.400000000001
21165,LC4,5900.400000000001
64712,T2a,5900.400000000001
43414,Mi1,5900.5
102519,T4a,5900.599999999999
99980,T4c,5900.599999999999
62856,T2,5900.599999999999
62089,Tm3,5900.599999999999
35770,Mi1,5900.599999999999
41654,Mi1,5900.599999999999
10112,VS,5900.599999999999
48286,Mi1,5900.599999999999
97186,T4a,5900.700000000001
102991,T4c,5900.700000000001
98448,T4b,5900.700000000001
93334,T4b,5900.700000000001
34862,Mi1,5900.700000000001
51122,Mi1,5900.700000000001
49441,TmY3,5900.700000000001
34867,Mi1,5900.700000000001
67072,T2a,5900.700000000001
108066,T4b,5900.8
98360,T4c,5900.8
80855,Tm3,5900.8
80582,T4a,5900.8
75557,Tm3,5900.8
64633,T2a,5900.8
47962,TmY3,5900.8
79259,T4b,5900.8
40411,Mi1,5900.8
38721,Mi1,5900.8
36252,Mi1,5900.8
35290,Mi1,5900.8
33446,Mi1,5900.8
10206,VS,5900.8
45719,Mi1,5900.8
107143,T4d,5900.9
107075,T4d,5900.9
93407,T4d,5900.9
89934,T4d,5900.9
25584,LC4,5900.9
38632,Mi1,5900.9
10825,OA-AL2i3,5900.9
48283,TmY3,5900.9
86141,T4b,5901.000000000001
85007,T4c,5901.000000000001
129235,Tm3,5901.000000000001
38461,Mi1,5901.000000000001
40219,Mi1,5901.000000000001
16138,LC4,5901.000000000001
31492,Mi1,5901.1
83465,T4a,5901.1
100924,T4b,5901.1
106793,T4d,5901.1
108870,T4a,5901.1
10015,HSN,5901.2
10799,OA-VUMa4,5901.2
20808,LC4,5901.2
43978,Mi1,5901.2
88575,T4b,5901.2
16128,LC4,5901.3
33462,Mi1,5901.3
64897,T2,5901.400000000001
103780,T4c,5901.400000000001
88005,T4d,5901.400000000001
38857,Mi1,5901.400000000001
16570,VST2,5901.400000000001
10080,OA-VUMa3,5901.400000000001
98325,T4d,5901.5
96657,T4c,5901.5
95356,T4a,5901.5
90058,T4a,5901.5
95883,T4a,5901.5
85778,T4b,5901.5
78108,T2a,5901.5
72558,T2a,5901.5
88398,T4a,5901.5
85074,T4a,5901.6
100567,T4d,5901.6
96812,T4a,5901.6
95007,T4a,5901.6
92431,T4a,5901.6
104478,T4d,5901.6
82313,T4a,5901.6
69164,Mi1,5901.6
42872,Mi1,5901.6
38421,Mi1,5901.6
35890,Mi1,5901.6
18189,LC4,5901.6
71475,Tm3,5901.6
107420,T4b,5901.7
99922,T4c,5901.7
69228,T2a,5901.7
51848,TmY3,5901.7
46248,Mi1,5901.7
10025,H2,5901.7
10023,HSS,5901.8
50345,TmY3,5901.8
87090,T2a,5901.8
94549,T4b,5901.8
96576,T4c,5901.8
112969,T4c,5901.8
41613,Mi1,5901.900000000001
10012,VS,5902.0
34171,Mi1,5902.0
35428,Mi1,5902.0
78911,Tm3,5902.0
85924,T4a,5902.0
111928,T4b,5902.0
132834,Tm3,5902.099999999999
83556,Tm3,5902.099999999999
75381,Tm3,5902.099999999999
67308,Mi1,5902.099999999999
39275,Mi1,5902.099999999999
16628,LC4,5902.099999999999
112179,T4b,5902.200000000001
108948,T4b,5902.200000000001
102112,T4c,5902.200000000001
100206,T4c,5902.200000000001
100032,T4c,5902.200000000001
99387,T4a,5902.200000000001
100729,T4b,5902.200000000001
91806,T4a,5902.200000000001
68562,T2a,5902.200000000001
65504,T2,5902.200000000001
96424,T4b,5902.200000000001
61659,Tm3,5902.200000000001
19954,LC4,5902.200000000001
11602,OA-ASM1,5902.200000000001
36275,Mi1,5902.3
80284,Tm3,5902.3
94071,T4a,5902.3
94179,T4a,5902.3
99731,T4c,5902.3
100261,T4c,5902.3
103195,T4a,5902.4
90520,T4a,5902.4
69186,Tm3,5902.4
72452,T2,5902.4
36410,Mi1,5902.4
35001,Mi1,5902.4
42048,Mi1,5902.4
10001,DNp01,5902.5
22328,LC4,5902.5
37088,Mi1,5902.5
52328,TmY3,5902.5
106840,T4b,5902.5
66227,Tm3,5902.6
48531,Mi1,5902.6
83583,T4d,5902.6
85152,T4c,5902.6
99348,T4c,5902.6
103148,T4a,5902.6
103497,Tm3,5902.6
94482,T4d,5902.7
90112,T4c,5902.7
99519,T4a,5902.7
85598,T4b,5902.7
90423,T4b,5902.7
48060,Mi1,5902.7
47696,TmY3,5902.7
77480,Tm3,5902.7
39629,Mi1,5902.7
20542,LC4,5902.7
103073,T4a,5902.8
81471,Tm3,5902.8
76524,Tm3,5902.8
58862,Mi1,5902.8
78503,T2a,5902.8
21287,LC4,5902.8
17364,LC4,5902.8
10322,OA-AL2i2,5902.8
48930,TmY3,5902.8
37044,Mi1,5902.900000000001
71765,T2a,5902.900000000001
91283,T4c,5902.900000000001
110742,T4c,5902.900000000001
98654,T4d,5903.0
104858,T4b,5903.0
98668,T4a,5903.0
105214,T4c,5903.0
92644,T4d,5903.0
68535,T2a,5903.0
77779,T2a,5903.0
70812,TmY3,5903.0
35405,Mi1,5903.0
10037,VS,5903.0
83125,T4b,5903.0
88870,Tm3,5903.1
70289,Mi1,5903.1
41659,Mi1,5903.1
37680,Mi1,5903.1
19550,LC4,5903.1
10204,OA-AL2i2,5903.1
21336,LC4,5903.1
90097,T4c,5903.2
104017,T4b,5903.2
93419,T4b,5903.2
527408,LC4,5903.2
92862,T4b,5903.2
79257,Tm3,5903.2
37509,Mi1,5903.2
75318,T2,5903.2
10168,OA-VUMa6,5903.2
76788,T4b,5903.2
46662,TmY3,5903.2
22966,LC4,5903.2
10687,OA-AL2i3,5903.3
35045,Mi1,5903.3
40596,Mi1,5903.3
66808,Tm3,5903.3
89139,T4c,5903.3
96307,T4a,5903.3
103725,T4a,5903.3
95972,T4d,5903.400000000001
81995,Tm3,5903.400000000001
85429,T4d,5903.400000000001
44449,TmY3,5903.400000000001
65803,T2,5903.400000000001
18127,LC4,5903.400000000001
91366,T4b,5903.5
83438,T4a,5903.5
76074,Tm3,5903.5
96199,T4a,5903.5
30803,LC4,5903.5
70800,Tm3,5903.5
10016,HSE,5903.5
22975,LC4,5903.599999999999
37294,Mi1,5903.599999999999
72501,Mi1,5903.599999999999
103160,T4a,5903.599999999999
102572,T4c,5903.700000000001
40832,Mi1,5903.700000000001
102295,T4d,5903.700000000001
98099,T4b,5903.700000000001
97231,T4a,5903.700000000001
40795,Mi1,5903.700000000001
37853,Mi1,5903.700000000001
14416,VST2,5903.700000000001
21225,LC4,5903.700000000001
40505,Mi1,5903.700000000001
32535,Mi1,5903.700000000001
21313,LC4,5903.700000000001
10755,H1,5903.8
36346,Mi1,5903.8
41668,Mi1,5903.8
66214,T2a,5903.8
98504,T4c,5903.8
108307,T4b,5903.8
37568,Mi1,5903.8
107445,T4a,5903.9
89728,Tm3,5903.9
96211,T4d,5903.9
95453,T4a,5903.9
67113,Mi1,5903.9
47211,Mi1,5903.9
37123,Mi1,5903.9
20282,LC4,5903.9
57239,Mi1,5903.9
11608,OA-VUMa2,5904.0
20917,LC4,5904.0
86778,T4a,5904.0
93947,T4a,5904.0
107105,T4d,5904.1
102786,Tm3,5904.1
88353,T4b,5904.1
89110,Tm3,5904.1
92141,T4a,5904.1
92996,T4a,5904.2
107812,T4a,5904.2
98026,T4b,5904.2
95528,T4d,5904.2
90657,T4a,5904.2
59397,Mi1,5904.2
90278,T4a,5904.2
41804,Mi1,5904.2
38772,Mi1,5904.2
10284,VS,5904.2
10041,OA-VUMa1,5904.2
104683,T4b,5904.3
81015,T4a,5904.3
74997,Tm3,5904.3
44746,TmY3,5904.3
110454,T4d,5904.3
34369,Mi1,5904.3
33766,Mi1,5904.3
17548,LC4,5904.3
34463,Mi1,5904.3
98409,T4c,5904.4
97853,T4c,5904.4
95681,T4a,5904.4
80282,T4d,5904.4
71773,T2a,5904.4
37438,Mi1,5904.4
37138,Mi1,5904.4
35498,Mi1,5904.4
19420,LC4,5904.4
10175,OA-VUMa6,5904.4
40854,Mi1,5904.4
104130,T4a,5904.5
151155,T4b,5904.5
76121,Tm3,5904.5
82145,T2a,5904.5
38893,Mi1,5904.5
19794,LC4,5904.5
40400,Mi1,5904.5
22034,LC4,5904.5
10025,H2,5904.6
34404,Mi1,5904.6
40026,TmY3,5904.6
44564,TmY3,5904.6
91913,T4b,5904.6
92682,T4a,5904.6
100274,T4a,5904.6
104256,T4a,5904.6
81733,Tm3,5904.6
112594,T4b,5904.7
81620,T2a,5904.7
93957,T4b,5904.7
86175,T4a,5904.7
65106,T2,5904.7
47967,Mi1,5904.7
34899,Mi1,5904.7
48547,TmY3,5904.7
10015,HSN,5904.8
36452,Mi1,5904.8
37224,Mi1,5904.8
60857,Mi1,5904.8
96260,T4d,5904.8
97878,T4b,5904.8
103657,T4b,5904.8
79646,Tm3,5904.900000000001
133349,Tm3,5904.900000000001
92281,T4c,5904.900000000001
90219,T4a,5904.900000000001
46745,Mi1,5904.900000000001
106922,T4c,5904.900000000001
37270,Mi1,5904.900000000001
23792,LC4,5904.900000000001
22194,LC4,5904.900000000001
20588,LC4,5904.900000000001
39500,Mi1,5904.900000000001
19634,LC4,5904.900000000001
130376,Tm3,5905.0
97193,T4a,5905.0
71674,T2a,5905.0
44222,Mi1,5905.0
35836,Mi1,5905.0
36684,Mi1,5905.0
38133,Mi1,5905.0
23929,LC4,5905.0
10112,VS,5905.099999999999
17266,LC4,5905.099999999999
23392,LC4,5905.099999999999
34356,Mi1,5905.099999999999
35580,Mi1,5905.099999999999
36881,Mi1,5905.099999999999
46993,T2a,5905.099999999999
48475,TmY3,5905.099999999999
71029,T2,5905.200000000001
68951,TmY3,5905.200000000001
41136,Mi1,5905.200000000001
39743,Mi1,5905.200000000001
10001,DNp01,5905.200000000001
38479,Mi1,5905.200000000001
37756,Mi1,5905.200000000001
38529,Mi1,5905.200000000001
116610,T4d,5905.3
525839,Mi1,5905.3
287884,OA-VPM3,5905.3
98625,T4a,5905.3
114850,Tm3,5905.3
49322,TmY3,5905.3
65307,T2,5905.3
46784,Mi1,5905.3
41536,Mi1,5905.3
23098,LC4,5905.3
111010,T4c,5905.4
98398,T4c,5905.4
94287,T4d,5905.4
91914,T4a,5905.4
33110,Mi1,5905.4
34849,Mi1,5905.4
17926,LC4,5905.4
89142,T4b,5905.4
10023,HSS,5905.5
35017,Mi1,5905.5
66980,T2a,5905.5
91629,T4a,5905.5
93972,T4a,5905.5
106166,T4b,5905.6
88625,T4c,5905.6
85378,T4a,5905.6
84010,Tm3,5905.6
55976,Mi1,5905.6
45948,TmY3,5905.6
20673,LC4,5905.6
17987,LC4,5905.6
12521,HST,5905.6
24338,LC4,5905.6
10072,OA-AL2i1,5905.6
119103,T4c,5905.7
37000,Mi1,5905.7
39716,Mi1,5905.7
41545,Mi1,5905.7
93509,T4b,5905.7
96394,T4b,5905.7
107621,T4d,5905.7
108625,T4b,5905.7
94356,T4c,5905.8
98039,T4d,5905.8
122273,Tm3,5905.8
83156,T2a,5905.8
102147,T4c,5905.8
73767,Mi1,5905.8
92668,T2a,5905.8
39727,Mi1,5905.8
54211,TmY3,5905.8
39405,Mi1,5905.8
34658,Mi1,5905.8
20634,VST1,5905.8
19260,LC4,5905.8
11005,OA-VUMa4,5905.9
30997,Mi1,5905.9
33942,Mi1,5905.9
35512,Mi1,5905.9
72983,T2a,5905.9
90135,T4c,5905.9
91313,T4a,5905.9
112027,T4d,5906.000000000001
101302,T4d,5906.000000000001
117151,T4d,5906.000000000001
79704,T4d,5906.000000000001
71938,T2a,5906.000000000001
94153,T4d,5906.000000000001
16138,LC4,5906.1
19543,LC4,5906.1
40703,Mi1,5906.1
44527,Mi1,5906.1
104368,T4c,5906.1
539983,T4c,5906.1
800146,TTMn,5906.1
106701,T4d,5906.2
102975,T4b,5906.2
100488,T4c,5906.2
74259,T2a,5906.2
10206,VS,5906.2
47368,TmY3,5906.2
20808,LC4,5906.2
49930,TmY3,5906.2
90655,T4a,5906.3
107640,T4c,5906.3
92254,T4b,5906.3
90049,T4c,5906.3
20016,LC4,5906.3
50633,TmY3,5906.3
40085,Mi1,5906.3
33907,Mi1,5906.3
69425,T2a,5906.3
32962,TmY3,5906.400000000001
38065,LC4,5906.400000000001
58224,Mi1,5906.400000000001
94305,T4a,5906.400000000001
98467,T4d,5906.400000000001
125171,Tm3,5906.5
106745,T4b,5906.5
97769,T4a,5906.5
97288,T4c,5906.5
33394,Mi1,5906.5
95242,T4d,5906.5
21804,LC4,5906.5
10677,OA-AL2i4,5906.5
10037,VS,5906.5
10016,HSE,5906.5
25584,LC4,5906.5
31262,LC4,5906.6
37677,Mi1,5906.6
38230,Mi1,5906.6
44282,Mi1,5906.6
46586,TmY3,5906.6
54087,Mi1,5906.6
60886,T2a,5906.6
112563,Tm3,5906.6
103867,T4a,5906.7
127170,Tm3,5906.7
91444,T4c,5906.7
105099,T4b,5906.7
45349,Mi1,5906.7
38708,Mi1,5906.7
78856,Tm3,5906.7
537004,VSm,5906.8
118029,T4b,5906.8
93750,T4c,5906.8
89282,T4a,5906.8
104996,T4a,5906.8
67150,T2a,5906.8
40106,Mi1,5906.8
38993,Mi1,5906.8
17054,LC4,5906.8
84328,T4a,5906.8
26112,LC4,5906.900000000001
37108,Mi1,5906.900000000001
38648,Mi1,5906.900000000001
55101,Mi1,5906.900000000001
65298,T2a,5906.900000000001
286259,OA-ASM1,5906.900000000001
98381,T4d,5907.0
101463,T4d,5907.0
97784,T4c,5907.0
10110,OA-VUMa1,5907.0
36994,Mi1,5907.0
11134,VSm,5907.0
39505,Mi1,5907.0
10269,OA-AL2i2,5907.1
33614,Mi1,5907.1
40936,Mi1,5907.1
51191,TmY3,5907.1
67464,Mi1,5907.1
90206,T4b,5907.1
96081,T4a,5907.1
97105,T4d,5907.1
94058,T4b,5907.200000000001
92046,T4d,5907.200000000001
69980,Tm3,5907.200000000001
45319,Mi1,5907.200000000001
39164,Mi1,5907.200000000001
35845,Mi1,5907.200000000001
37037,Mi1,5907.200000000001
20399,LC4,5907.200000000001
17668,LC4,5907.200000000001
10187,OA-VPM3,5907.200000000001
38710,Mi1,5907.200000000001
113686,T4d,5907.3
97028,T4c,5907.3
84063,T4b,5907.3
56291,TmY3,5907.3
43783,Mi1,5907.3
35152,Mi1,5907.3
19954,LC4,5907.3
16128,LC4,5907.3
42119,Mi1,5907.3
31848,Mi1,5907.4
88152,T4c,5907.4
100033,T4c,5907.4
110182,T4c,5907.500000000001
94224,T4b,5907.500000000001
12109,OA-VUMa2,5907.500000000001
41296,Mi1,5907.500000000001
49788,TmY3,5907.500000000001
10025,H2,5907.6
33091,Mi1,5907.6
37733,TmY3,5907.6
69546,Tm3,5907.6
72194,Tm3,5907.6
77484,T4d,5907.6
97326,T4c,5907.6
98000,T4b,5907.6
98312,T4a,5907.6
99671,T4c,5907.6
110855,T4a,5907.6
79449,T4b,5907.7
57871,T2,5907.7
97675,T4c,5907.7
37391,Mi1,5907.7
38767,Mi1,5907.7
109598,T4b,5907.8
10001,DNp01,5907.8
17860,LC4,5907.8
32893,Mi1,5907.900000000001
47240,TmY3,5907.900000000001
64341,TmY3,5907.900000000001
81378,T4b,5907.900000000001
101033,T4d,5907.900000000001
108697,T4d,5908.0
106338,T4a,5908.0
103570,T4d,5908.0
98222,T4d,5908.0
36446,Mi1,5908.0
22328,LC4,5908.0
10658,OA-AL2i3,5908.0
71089,Mi1,5908.0
41626,Mi1,5908.1
85737,T2a,5908.1
68475,T2a,5908.1
40944,Mi1,5908.1
25893,VST1,5908.1
21313,LC4,5908.1
10012,VS,5908.1
38768,Mi1,5908.1
10015,HSN,5908.2
29563,LC4,5908.2
60979,TmY3,5908.2
93604,T4a,5908.2
101215,T4c,5908.2
102370,T4c,5908.2
109276,T4d,5908.2
87358,T4a,5908.3
104336,T4b,5908.3
103654,T4b,5908.3
101043,T4c,5908.3
73122,T2a,5908.3
37019,Mi1,5908.3
33918,Mi1,5908.3
10755,H1,5908.3
21336,LC4,5908.3
21151,LC4,5908.3
16628,LC4,5908.400000000001
34079,Mi1,5908.400000000001
36158,Mi1,5908.400000000001
74303,Mi1,5908.400000000001
77527,T4a,5908.400000000001
97877,T4d,5908.400000000001
105895,T4a,5908.400000000001
76621,T2a,5908.5
102791,T4c,5908.5
95554,T4b,5908.5
45322,Mi1,5908.5
37529,Mi1,5908.5
34938,Mi1,5908.5
34606,Mi1,5908.5
18127,LC4,5908.599999999999
21225,LC4,5908.599999999999
34300,Mi1,5908.599999999999
39067,Mi1,5908.599999999999
48986,TmY3,5908.599999999999
95822,T4b,5908.599999999999
98887,T4b,5908.599999999999
102801,T4b,5908.599999999999
104884,T4b,5908.599999999999
117627,Tm3,5908.599999999999
91510,T4c,5908.700000000001
110968,T4b,5908.700000000001
87424,T4d,5908.700000000001
51049,Mi1,5908.700000000001
89434,T4c,5908.700000000001
37084,Mi1,5908.700000000001
20542,LC4,5908.700000000001
16606,VST2,5908.700000000001
10652,OA-AL2i4,5908.700000000001
43323,Mi1,5908.700000000001
36217,Mi1,5908.8
65833,Mi1,5908.8
83191,T4a,5908.8
85009,Tm3,5908.8
90740,Tm3,5908.8
104853,T4c,5908.8
128726,Tm3,5908.9
112744,T4d,5908.9
105962,T4b,5908.9
100787,T4b,5908.9
79293,Tm3,5908.9
93166,T4c,5908.9
69889,T2a,5908.9
59008,Mi1,5908.9
40256,Mi1,5908.9
37371,Mi1,5908.9
36369,Mi1,5908.9
72190,Tm3,5908.9
111380,Tm3,5909.000000000001
98985,T4c,5909.000000000001
88460,T2a,5909.000000000001
82855,Tm3,5909.000000000001
69793,T2a,5909.000000000001
44700,Mi1,5909.000000000001
35113,Mi1,5909.000000000001
33655,Mi1,5909.000000000001
17364,LC4,5909.000000000001
38238,Mi1,5909.000000000001
98226,T4b,5909.1
98194,T4d,5909.1
91179,T4a,5909.1
90394,T4a,5909.1
83677,T4c,5909.1
64579,T2,5909.1
39525,Mi1,5909.1
39438,Mi1,5909.1
38455,Mi1,5909.1
77846,Tm3,5909.1
99950,T4c,5909.2
93224,T4a,5909.2
72665,Mi1,5909.2
68412,T2a,5909.2
37839,Mi1,5909.2
18189,LC4,5909.2
10112,VS,5909.2
43965,Mi1,5909.2
10023,HSS,5909.3
22847,LC4,5909.3
35416,Mi1,5909.3
90419,T4b,5909.3
105698,T4c,5909.400000000001
89368,T4c,5909.400000000001
10265,OA-AL2i2,5909.400000000001
37113,Mi1,5909.400000000001
38987,Mi1,5909.400000000001
10016,HSE,5909.5
24867,VST1,5909.5
33326,Mi1,5909.5
35234,Mi1,5909.5
35235,Mi1,5909.5
37699,Mi1,5909.5
42594,Mi1,5909.5
97145,T4c,5909.5
100946,T4c,5909.5
102579,T4b,5909.5
112369,T4d,5909.5
98575,T4a,5909.6
99672,T4a,5909.6
42895,Mi1,5909.6
106200,T4c,5909.6
108199,T4c,5909.6
101228,T4a,5909.6
94886,T4d,5909.6
42856,Mi1,5909.6
91674,T4a,5909.6
10825,OA-AL2i3,5909.6
21165,LC4,5909.6
92054,T4b,5909.6
41435,Mi1,5909.6
37948,Mi1,5909.6
34142,Mi1,5909.7
35888,Mi1,5909.7
41522,Mi1,5909.7
58945,Tm3,5909.7
70524,T2a,5909.7
91741,T4d,5909.7
96835,T4b,5909.7
101383,T4b,5909.7
109996,T4c,5909.8
50871,TmY3,5909.8
38208,Mi1,5909.8
91934,T4a,5909.8
35734,Mi1,5909.8
36990,Mi1,5909.8
10226,OA-AL2i3,5909.8
65468,T2,5909.8
10037,VS,5909.900000000001
23392,LC4,5909.900000000001
35447,Mi1,5909.900000000001
35934,Mi1,5909.900000000001
57398,Mi1,5909.900000000001
90567,T4b,5909.900000000001
92251,T4b,5909.900000000001
96126,T4b,5909.900000000001
105718,T4b,5909.900000000001
107464,T4a,5909.900000000001
37243,Mi1,5909.900000000001
79271,T4a,5910.0
110646,T4b,5910.0
63673,Tm3,5910.0
10322,OA-AL2i2,5910.0
11921,OA-VPM4,5910.0
104354,T4b,5910.099999999999
100105,T4a,5910.099999999999
84267,T4c,5910.099999999999
80437,Tm3,5910.099999999999
74374,T2a,5910.099999999999
79849,Tm3,5910.099999999999
49324,Mi1,5910.099999999999
45176,Mi1,5910.099999999999
40635,Mi1,5910.099999999999
39158,Mi1,5910.099999999999
35724,Mi1,5910.099999999999
65235,T2,5910.099999999999
80483,T4c,5910.200000000001
104450,T4a,5910.200000000001
113568,T4d,5910.200000000001
100874,T4a,5910.200000000001
70321,Tm3,5910.200000000001
34296,Mi1,5910.200000000001
42010,TmY3,5910.200000000001
35260,Mi1,5910.200000000001
22194,LC4,5910.200000000001
68264,Tm3,5910.200000000001
44119,Mi1,5910.3
93313,T4a,5910.3
112453,T4c,5910.3
130861,Tm3,5910.3
101244,T4b,5910.4
99011,T4c,5910.4
84689,Tm3,5910.4
73320,T2,5910.4
70112,T2,5910.4
40235,Mi1,5910.4
34057,Mi1,5910.4
12896,OA-VUMa5,5910.4
10001,DNp01,5910.4
41950,Mi1,5910.4
23098,LC4,5910.5
34933,Mi1,5910.5
92047,T4c,5910.5
98862,Tm3,5910.5
111236,T4d,5910.5
114817,T4d,5910.5
100774,T4a,5910.6
67408,Mi1,5910.6
37555,Mi1,5910.6
39692,TmY3,5910.6
17548,LC4,5910.6
10120,OA-VPM4,5910.6
10025,H2,5910.6
28945,LC4,5910.6
102045,T4a,5910.7
84490,T4a,5910.7
83227,Tm3,5910.7
80358,Tm3,5910.7
65671,Mi1,5910.7
38514,Mi1,5910.7
36646,Mi1,5910.7
24338,LC4,5910.7
21287,LC4,5910.7
10185,OA-VUMa8,5910.7
58967,TmY3,5910.7
107609,T4d,5910.8
116311,T4d,5910.8
100501,T4b,5910.8
110071,T4d,5910.8
64149,Mi1,5910.8
35897,Mi1,5910.8
90145,T4a,5910.8
37599,Mi1,5910.900000000001
40577,Mi1,5910.900000000001
68605,T2,5910.900000000001
70490,Mi1,5910.900000000001
95458,T4d,5910.900000000001
105135,T4c,5911.0
101685,T4b,5911.0
63825,Tm3,5911.0
42758,Mi1,5911.0
20808,LC4,5911.0
10799,OA-VUMa4,5911.0
56762,TmY3,5911.0
33017,Mi1,5911.1
57349,Mi1,5911.1
92993,Tm3,5911.1
109645,T4b,5911.2
542412,Mi1,5911.2
103425,T4a,5911.2
19260,LC4,5911.2
37353,Mi1,5911.2
83979,T4a,5911.2
35806,Mi1,5911.3
63021,Tm3,5911.3
73385,T2a,5911.3
111685,T4d,5911.3
99137,T4c,5911.400000000001
10687,OA-AL2i3,5911.400000000001
12688,OA-ASM1,5911.400000000001
17926,LC4,5911.400000000001
35840,Mi1,5911.400000000001
38791,Mi1,5911.400000000001
41637,Mi1,5911.400000000001
92957,T4d,5911.400000000001
103527,T4c,5911.400000000001
100726,T4d,5911.5
112458,T4b,5911.5
99837,T4a,5911.5
95736,T4c,5911.5
90566,T4d,5911.5
80137,T2a,5911.5
73301,Tm3,5911.5
51963,TmY3,5911.599999999999
63175,Mi1,5911.599999999999
80302,T2a,5911.599999999999
92684,T4c,5911.599999999999
149504,T4d,5911.700000000001
119601,T4d,5911.700000000001
111823,T4c,5911.700000000001
98890,T4c,5911.700000000001
82549,T4b,5911.700000000001
75172,T2a,5911.700000000001
101770,T4b,5911.700000000001
49372,TmY3,5911.700000000001
44438,Mi1,5911.700000000001
42533,TmY3,5911.700000000001
36540,Mi1,5911.700000000001
10015,HSN,5911.700000000001
59959,Mi1,5911.700000000001
108675,T4b,5911.8
103677,T4b,5911.8
103645,T4c,5911.8
102741,T4c,5911.8
94668,T4d,5911.8
41709,Mi1,5911.8
40171,Mi1,5911.8
38178,Mi1,5911.8
10555,OA-VUMa3,5911.8
56564,Mi1,5911.8
96262,T4c,5911.9
111852,T4a,5911.9
101072,T4b,5911.9
73021,T2a,5911.9
86419,Tm3,5911.9
35774,Mi1,5911.9
36139,Mi1,5911.9
19794,LC4,5911.9
19420,LC4,5911.9
16138,LC4,5911.9
112241,T4b,5912.0
94743,T4d,5912.0
92911,T4c,5912.0
62894,Tm3,5912.0
37927,Mi1,5912.0
72148,Tm3,5912.0
93927,T4a,5912.1
102703,T4a,5912.1
101742,T4c,5912.1
95005,T4a,5912.1
526158,Mi1,5912.1
92842,T4a,5912.1
93985,T4c,5912.1
44244,TmY3,5912.1
36177,Mi1,5912.1
22034,LC4,5912.1
19954,LC4,5912.1
19550,LC4,5912.1
64540,T2,5912.1
99628,T4b,5912.2
98751,T4a,5912.2
93688,T4a,5912.2
85938,T4a,5912.2
76003,Tm3,5912.2
66852,Mi1,5912.2
62078,Mi1,5912.2
41399,Mi1,5912.2
35100,Mi1,5912.2
20673,LC4,5912.2
68212,T2a,5912.2
96365,T4a,5912.3
120546,T4d,5912.3
103022,T4a,5912.3
80793,T2a,5912.3
42691,Mi1,5912.3
74504,T2a,5912.3
36533,Mi1,5912.3
10284,VS,5912.3
547091,T2,5912.4
119213,T4c,5912.4
96134,T4b,5912.4
86932,T4b,5912.4
86907,T4a,5912.4
63994,Mi1,5912.4
41809,Mi1,5912.4
21313,LC4,5912.4
17266,LC4,5912.4
79297,T4a,5912.4
76598,T2a,5912.5
100310,T4d,5912.5
91469,T4c,5912.5
67971,Tm3,5912.5
25584,LC4,5912.5
36954,Mi1,5912.5
10206,VS,5912.5
40599,TmY3,5912.5
10016,HSE,5912.5
102845,T4b,5912.6
10072,OA-AL2i1,5912.6
39718,Mi1,5912.6
69063,Mi1,5912.6
91804,T4d,5912.6
80884,T2a,5912.7
102388,T4d,5912.7
68840,TmY3,5912.7
63420,Mi1,5912.7
72279,Mi1,5912.7
48607,TmY3,5912.7
58553,TmY3,5912.7
20282,LC4,5912.7
16128,LC4,5912.7
113107,T4a,5912.8
101620,T4b,5912.8
94471,T4a,5912.8
92472,T4c,5912.8
89409,T4a,5912.8
86992,T4b,5912.8
800146,TTMn,5912.8
38687,Mi1,5912.8
38227,Mi1,5912.8
35712,Mi1,5912.8
30803,LC4,5912.8
20917,LC4,5912.8
10755,H1,5912.8
76733,Tm3,5912.8
115369,T4c,5912.900000000001
89784,T4b,5912.900000000001
89485,T4a,5912.900000000001
35683,Mi1,5912.900000000001
36911,Mi1,5912.900000000001
34862,Mi1,5912.900000000001
34272,Mi1,5912.900000000001
10112,VS,5912.900000000001
35602,Mi1,5912.900000000001
120201,T4b,5913.0
10001,DNp01,5913.0
21336,LC4,5913.0
71131,Tm3,5913.0
81883,T2a,5913.0
87106,T4a,5913.0
87896,T4a,5913.0
96728,T4c,5913.0
100785,T4b,5913.099999999999
74159,Tm3,5913.099999999999
106821,T4b,5913.099999999999
61622,T2,5913.099999999999
31492,Mi1,5913.099999999999
33216,Mi1,5913.099999999999
34479,Mi1,5913.099999999999
19543,LC4,5913.099999999999
10023,HSS,5913.099999999999
37631,Mi1,5913.200000000001
79483,Tm3,5913.200000000001
80812,T4a,5913.200000000001
96003,T4d,5913.200000000001
97866,T4d,5913.200000000001
113945,T4d,5913.200000000001
117652,T4d,5913.3
111783,T4a,5913.3
104191,T4a,5913.3
80670,T4a,5913.3
109326,T4c,5913.3
63190,T2,5913.3
39894,T4b,5913.3
36660,Mi1,5913.3
34867,Mi1,5913.3
71447,T4c,5913.3
122233,Tm3,5913.4
100282,T4a,5913.4
39858,Mi1,5913.4
60510,T2,5913.4
22328,LC4,5913.4
20588,LC4,5913.4
10037,VS,5913.4
22975,LC4,5913.4
50333,TmY3,5913.5
86536,Tm3,5913.5
96931,T4b,5913.5
99663,T4c,5913.5
106295,T4b,5913.6
171349687,Tm3,5913.6
107442,T4d,5913.6
96852,T4a,5913.6
51122,Mi1,5913.6
85536,T4a,5913.6
36305,Mi1,5913.6
10025,H2,5913.6
96090,T4c,5913.6
10168,OA-VUMa6,5913.700000000001
21225,LC4,5913.700000000001
35173,Mi1,5913.700000000001
70697,Tm3,5913.700000000001
71230,Tm3,5913.700000000001
86686,T4c,5913.700000000001
88084,T4b,5913.700000000001
98137,T4d,5913.700000000001
101245,T4a,5913.700000000001
108065,T4c,5913.700000000001
68342,Tm3,5913.8
40426,Mi1,5913.8
36252,Mi1,5913.8
34189,Mi1,5913.8
38721,Mi1,5913.8
18127,LC4,5913.9
35770,Mi1,5913.9
40219,Mi1,5913.9
43414,Mi1,5913.9
53065,Mi1,5913.9
63468,Mi1,5913.9
106362,T4d,5913.9
108161,T4a,5913.9
114088,T4d,5913.9
95239,T4a,5914.000000000001
105521,T4c,5914.000000000001
117551,Tm3,5914.000000000001
94283,T4d,5914.000000000001
104703,T4d,5914.000000000001
91505,T4c,5914.000000000001
71944,T2a,5914.000000000001
48286,Mi1,5914.000000000001
92181,T4a,5914.000000000001
98118,T4c,5914.1
46827,Mi1,5914.1
45696,Mi1,5914.1
43689,Mi1,5914.1
39275,Mi1,5914.1
38477,Mi1,5914.1
35218,Mi1,5914.1
34171,Mi1,5914.1
34045,Mi1,5914.1
537004,VSm,5914.2
115390,T4d,5914.2
89252,T4b,5914.2
86416,T4a,5914.2
39651,Mi1,5914.2
69915,TmY3,5914.2
38241,Mi1,5914.2
33446,Mi1,5914.2
17987,LC4,5914.2
10041,OA-VUMa1,5914.2
38748,Mi1,5914.2
87763,T4a,5914.3
98349,T4a,5914.3
95629,T4c,5914.3
93877,T4c,5914.3
93865,T4c,5914.3
74860,Tm3,5914.3
100673,T4b,5914.3
64913,T2,5914.3
43978,Mi1,5914.3
17054,LC4,5914.3
93360,T4b,5914.3
106522,T4d,5914.400000000001
87289,T4a,5914.400000000001
92839,T4b,5914.400000000001
58527,TmY3,5914.400000000001
30480,LC4,5914.400000000001
41613,Mi1,5914.400000000001
10012,VS,5914.400000000001
42872,Mi1,5914.400000000001
40411,Mi1,5914.400000000001
10204,OA-AL2i2,5914.5
10269,OA-AL2i2,5914.5
11602,OA-ASM1,5914.5
20399,LC4,5914.5
67810,Tm3,5914.5
82038,Tm3,5914.5
97256,T4c,5914.5
97899,T4a,5914.5
99748,T4b,5914.5
106535,T4d,5914.5
20542,LC4,5914.5
77891,Tm3,5914.6
67152,Tm3,5914.6
48894,TmY3,5914.6
11264,OA-ASM1,5914.6
71933,T2,5914.7
78773,Tm3,5914.7
80906,T4c,5914.7
108974,T4c,5914.7
117586,T4c,5914.7
16628,LC4,5914.8
36410,Mi1,5914.8
81037,T2a,5914.8
91345,T4c,5914.8
106401,T4d,5914.8
112619,T4d,5914.8
84008,T4c,5914.900000000001
82529,T2a,5914.900000000001
91725,T4b,5914.900000000001
78437,Tm3,5914.900000000001
103780,T4c,5914.900000000001
546524,Mi1,5914.900000000001
96163,T4b,5914.900000000001
73284,T2a,5914.900000000001
75660,T2a,5914.900000000001
52350,Mi1,5914.900000000001
42675,Mi1,5914.900000000001
39688,Mi1,5914.900000000001
38632,Mi1,5914.900000000001
34626,Mi1,5914.900000000001
33462,Mi1,5914.900000000001
23392,LC4,5914.900000000001
10080,OA-VUMa3,5914.900000000001
102031,T4c,5915.0
75304,T2a,5915.0
72066,Tm3,5915.0
10015,HSN,5915.0
11608,OA-VUMa2,5915.0
11134,VSm,5915.0
43872,Mi1,5915.0
81064,Tm3,5915.1
88698,T4a,5915.1
66167,T2,5915.1
59864,Tm3,5915.1
50311,TmY3,5915.1
23792,LC4,5915.1
87873,T4b,5915.200000000001
92706,T4a,5915.200000000001
95985,T4c,5915.200000000001
97161,T4a,5915.200000000001
101605,T4a,5915.200000000001
105565,Tm3,5915.200000000001
66357,T2a,5915.3
45719,Mi1,5915.3
38461,Mi1,5915.3
17364,LC4,5915.3
23098,LC4,5915.3
22194,LC4,5915.3
35001,Mi1,5915.3
102910,T4b,5915.4
101994,T4a,5915.4
101230,T4a,5915.4
41464,TmY3,5915.4
11005,OA-VUMa4,5915.4
112633,T4b,5915.500000000001
103827,T4c,5915.500000000001
103025,T4a,5915.500000000001
98238,T4b,5915.500000000001
90533,T4c,5915.500000000001
93527,T4a,5915.500000000001
47465,TmY3,5915.500000000001
38857,Mi1,5915.500000000001
19634,LC4,5915.500000000001
12521,HST,5915.500000000001
82425,T4b,5915.500000000001
94866,T4d,5915.6
105379,T4c,5915.6
96035,T4d,5915.6
44449,TmY3,5915.6
70708,T2,5915.6
20016,LC4,5915.6
10016,HSE,5915.6
10001,DNp01,5915.6
29563,LC4,5915.6
83379,Tm3,5915.7
17668,LC4,5915.7
18189,LC4,5915.7
20808,LC4,5915.7
44592,TmY3,5915.7
78172,TmY3,5915.7
87845,T4a,5915.7
93021,T4a,5915.7
97318,T4d,5915.7
107715,T4a,5915.7
110693,Tm3,5915.7
121170,Tm3,5915.7
106912,Tm3,5915.8
109631,T4b,5915.8
82576,T4b,5915.8
38421,Mi1,5915.8
35890,Mi1,5915.8
48531,Mi1,5915.8
24338,LC4,5915.900000000001
26112,LC4,5915.900000000001
30923,TmY3,5915.900000000001
41654,Mi1,5915.900000000001
69540,TmY3,5915.900000000001
96576,T4c,5915.900000000001
98837,T4c,5915.900000000001
107529,T4d,5915.900000000001
108276,T4a,5915.900000000001
108344,T4d,5915.900000000001
114201,T4c,5915.900000000001
101480,T4c,5916.0
115636,T4d,5916.0
100633,T4a,5916.0
41120,Mi1,5916.0
81561,T2a,5916.0
40596,Mi1,5916.0
83583,T4d,5916.0
45162,TmY3,5916.1
54885,TmY3,5916.1
64050,T2,5916.1
78739,T4b,5916.1
88922,T4c,5916.1
92939,T4b,5916.1
96812,T4a,5916.1
111184,T4a,5916.2
119245,T4d,5916.2
105313,T4a,5916.2
111613,T4d,5916.2
43615,Mi1,5916.2
36275,Mi1,5916.2
17860,LC4,5916.2
67719,T2a,5916.2
122290,Tm3,5916.3
84631,T4c,5916.3
42048,Mi1,5916.3
58862,Mi1,5916.3
69164,Mi1,5916.3
35290,Mi1,5916.400000000001
43924,TmY3,5916.400000000001
67308,Mi1,5916.400000000001
68735,T2,5916.400000000001
74287,Tm3,5916.400000000001
95364,T4d,5916.400000000001
97306,T4a,5916.400000000001
109153,T4a,5916.400000000001
110403,T4b,5916.400000000001
136741,Tm3,5916.400000000001
94948,T4c,5916.5
88933,T4a,5916.5
88815,T4d,5916.5
65531,T2a,5916.5
47686,TmY3,5916.5
10112,VS,5916.5
73098,T2a,5916.5
10025,H2,5916.599999999999
10311,VS,5916.599999999999
17548,LC4,5916.599999999999
36452,Mi1,5916.599999999999
74927,Tm3,5916.599999999999
93482,T4d,5916.599999999999
100075,T4c,5916.599999999999
100855,T4a,5916.599999999999
85856,TmY3,5916.700000000001
87390,T2a,5916.700000000001
69570,Tm3,5916.700000000001
121245,Tm3,5916.700000000001
102298,T4c,5916.700000000001
66872,T2,5916.700000000001
37294,Mi1,5916.700000000001
48060,Mi1,5916.700000000001
39629,Mi1,5916.700000000001
66808,Tm3,5916.700000000001
37088,Mi1,5916.700000000001
35428,Mi1,5916.700000000001
10110,OA-VUMa1,5916.700000000001
527408,LC4,5916.8
94089,T4d,5916.8
78561,Tm3,5916.8
37270,Mi1,5916.8
99163,T4a,5916.8
21313,LC4,5916.8
10037,VS,5916.8
10023,HSS,5916.8
35405,Mi1,5916.8
19954,LC4,5916.9
59277,TmY3,5916.9
68982,Tm3,5916.9
72558,T2a,5916.9
77307,Tm3,5916.9
104972,T4a,5916.9
90121,T4b,5917.000000000001
127615,Tm3,5917.000000000001
112732,T4a,5917.000000000001
99975,T4c,5917.000000000001
90423,T4b,5917.000000000001
89290,T4d,5917.000000000001
126163,Tm3,5917.000000000001
57247,TmY3,5917.000000000001
46248,Mi1,5917.000000000001
41659,Mi1,5917.000000000001
39595,Mi1,5917.000000000001
36695,Mi1,5917.000000000001
17926,LC4,5917.000000000001
76061,T2a,5917.000000000001
109142,T4b,5917.1
104257,T4b,5917.1
88992,T4c,5917.1
85152,T4c,5917.1
80177,Tm3,5917.1
68842,TmY3,5917.1
107835,T4b,5917.1
47211,Mi1,5917.1
37123,Mi1,5917.1
37044,Mi1,5917.1
35045,Mi1,5917.1
10677,OA-AL2i4,5917.1
10175,OA-VUMa6,5917.1
67963,Tm3,5917.1
89866,T4b,5917.2
85126,T4a,5917.2
116451,T4c,5917.2
37509,Mi1,5917.2
19260,LC4,5917.2
71228,T2a,5917.2
34463,Mi1,5917.3
37568,Mi1,5917.3
71161,T2a,5917.3
88095,T4d,5917.3
88746,Tm3,5917.3
95982,T4d,5917.3
100319,T4b,5917.3
96219,T4b,5917.400000000001
110482,T4b,5917.400000000001
107170,T4b,5917.400000000001
105802,T4c,5917.400000000001
287884,OA-VPM3,5917.400000000001
85741,T4a,5917.400000000001
102540,T4b,5917.400000000001
62560,T2,5917.400000000001
10322,OA-AL2i2,5917.400000000001
10755,H1,5917.400000000001
66325,Tm3,5917.400000000001
43334,TmY3,5917.400000000001
33766,Mi1,5917.400000000001
78470,Tm3,5917.5
94574,T4c,5917.5
103226,T4d,5917.5
104144,T2,5917.5
109134,T4d,5917.5
103314,T4b,5917.6
98175,T4c,5917.6
94468,T4c,5917.6
109291,T4d,5917.6
48547,TmY3,5917.6
93984,T4b,5917.6
98393,T4a,5917.6
21151,LC4,5917.6
34356,Mi1,5917.7
39743,Mi1,5917.7
56007,TmY3,5917.7
64977,T2,5917.7
94081,T4c,5917.7
99670,T4c,5917.7
110910,Tm3,5917.7
118948,T4d,5917.7
99131,T4c,5917.7
102425,T4b,5917.8
59397,Mi1,5917.8
83438,T4a,5917.8
81287,Tm3,5917.8
66345,T2a,5917.8
64485,T2,5917.8
48514,TmY3,5917.8
40505,Mi1,5917.8
10206,VS,5917.8
21165,LC4,5917.8
44222,Mi1,5917.8
37224,Mi1,5917.8
37680,Mi1,5917.8
35498,Mi1,5917.8
16138,LC4,5917.900000000001
22966,LC4,5917.900000000001
39500,Mi1,5917.900000000001
56984,TmY3,5917.900000000001
62757,T2a,5917.900000000001
64058,T2,5917.900000000001
74807,TmY3,5917.900000000001
75590,T2a,5917.900000000001
117748,Tm3,5917.900000000001
35777,Mi1,5917.900000000001
70289,Mi1,5918.0
67113,Mi1,5918.0
38893,Mi1,5918.0
16570,VST2,5918.0
82099,T4b,5918.099999999999
10658,OA-AL2i3,5918.099999999999
21336,LC4,5918.099999999999
21804,LC4,5918.099999999999
36346,Mi1,5918.099999999999
67614,Mi1,5918.099999999999
72796,Tm3,5918.099999999999
79083,Tm3,5918.099999999999
82699,Tm3,5918.099999999999
87722,T2a,5918.099999999999
100838,T4c,5918.099999999999
98788,T4d,5918.200000000001
90467,T4d,5918.200000000001
533688,Tm3,5918.200000000001
111949,T4c,5918.200000000001
88167,T4b,5918.200000000001
114338,T4c,5918.200000000001
40854,Mi1,5918.200000000001
10284,VS,5918.200000000001
10015,HSN,5918.200000000001
41136,Mi1,5918.200000000001
10001,DNp01,5918.200000000001
104202,T4d,5918.3
102229,T4d,5918.3
102016,T4a,5918.3
92114,T4c,5918.3
80197,T4a,5918.3
77916,T2a,5918.3
16128,LC4,5918.3
47967,Mi1,5918.3
38529,Mi1,5918.3
37390,Mi1,5918.3
35836,Mi1,5918.3
60857,Mi1,5918.3
15422,VST2,5918.3
123490,Tm3,5918.4
105126,T4c,5918.4
93564,T4d,5918.4
92229,T4c,5918.4
65443,T2a,5918.4
41804,Mi1,5918.4
57239,Mi1,5918.4
41671,TmY3,5918.4
40832,Mi1,5918.4
33942,Mi1,5918.4
59599,T2,5918.4
83125,T4b,5918.5
113207,T4d,5918.5
40400,Mi1,5918.5
22847,LC4,5918.5
36881,Mi1,5918.5
21287,LC4,5918.5
39727,Mi1,5918.5
117221,T4c,5918.6
40795,Mi1,5918.6
34899,Mi1,5918.6
71929,T2,5918.6
20673,LC4,5918.6
10016,HSE,5918.6
22328,LC4,5918.6
89092,T4c,5918.7
107486,T4c,5918.7
105403,T4c,5918.7
105122,T4b,5918.7
98448,T4b,5918.7
94549,T4b,5918.7
79259,T4b,5918.7
46745,Mi1,5918.7
38065,LC4,5918.7
37138,Mi1,5918.7
35017,Mi1,5918.7
20634,VST1,5918.7
18127,LC4,5918.7
60698,TmY3,5918.7
37853,Mi1,5918.8
10825,OA-AL2i3,5918.8
12109,OA-VUMa2,5918.8
38487,Mi1,5918.8
71164,Mi1,5918.8
89102,T4d,5918.8
98846,T4c,5918.8
41668,Mi1,5918.900000000001
34369,Mi1,5918.900000000001
90097,T4c,5918.900000000001
71036,T2a,5918.900000000001
37438,Mi1,5918.900000000001
32535,Mi1,5918.900000000001
25584,LC4,5918.900000000001
19794,LC4,5918.900000000001
37000,Mi1,5918.900000000001
127970,Tm3,5919.0
21225,LC4,5919.0
41296,Mi1,5919.0
74231,Tm3,5919.0
87412,T4c,5919.0
90888,T4b,5919.0
95235,T4d,5919.0
97677,T4c,5919.0
107082,T4d,5919.1
95356,T4a,5919.1
114884,T4d,5919.1
75521,T2a,5919.1
19420,LC4,5919.1
50345,TmY3,5919.1
33907,Mi1,5919.1
22034,LC4,5919.1
72501,Mi1,5919.1
128396,T4d,5919.2
101732,T4c,5919.2
96830,T4b,5919.2
95007,T4a,5919.2
86778,T4a,5919.2
83689,T4a,5919.2
83639,T2a,5919.2
102462,T4c,5919.2
72426,Tm3,5919.2
72005,Tm3,5919.2
67728,T2,5919.2
38133,Mi1,5919.2
35580,Mi1,5919.2
34404,Mi1,5919.2
81401,T4b,5919.2
19543,LC4,5919.3
97171,T4d,5919.3
98245,T4c,5919.3
129930,Tm3,5919.400000000001
112393,T4a,5919.400000000001
112048,T4c,5919.400000000001
99850,T4a,5919.400000000001
85378,T4a,5919.400000000001
38230,Mi1,5919.400000000001
41545,Mi1,5919.400000000001
41536,Mi1,5919.400000000001
10072,OA-AL2i1,5919.400000000001
55976,Mi1,5919.400000000001
104931,T4c,5919.5
112321,T4d,5919.5
75343,Tm3,5919.5
10025,H2,5919.5
40703,Mi1,5919.5
61768,T2,5919.5
10187,OA-VPM3,5919.599999999999
30997,Mi1,5919.599999999999
31262,LC4,5919.599999999999
33110,Mi1,5919.599999999999
45319,Mi1,5919.599999999999
48073,TmY3,5919.599999999999
62562,T2,5919.599999999999
73716,T2a,5919.599999999999
77383,T2a,5919.599999999999
102564,T4a,5919.599999999999
104478,T4d,5919.599999999999
117662,T4d,5919.599999999999
100345,T4c,5919.700000000001
43485,Mi1,5919.700000000001
10687,OA-AL2i3,5919.700000000001
23098,LC4,5919.700000000001
35512,Mi1,5919.700000000001
23392,LC4,5919.8
23929,LC4,5919.8
36684,Mi1,5919.8
38479,Mi1,5919.8
72938,T2a,5919.8
77906,T2a,5919.8
110555,T4b,5919.8
95810,T2a,5919.9
103867,T4a,5919.9
525839,Mi1,5919.9
94282,T4c,5919.9
101865,T4a,5919.9
64849,Tm3,5919.9
66604,TmY3,5919.9
38772,Mi1,5919.9
38993,Mi1,5919.9
16628,LC4,5920.0
20542,LC4,5920.0
22194,LC4,5920.0
39716,Mi1,5920.0
43063,Mi1,5920.0
90796,T4d,5920.0
108349,T4d,5920.0
118924,Tm3,5920.0
800146,TTMn,5920.1
108438,T4d,5920.1
107819,T4c,5920.1
99074,T4b,5920.1
98404,T4d,5920.1
94983,T4c,5920.1
93419,T4b,5920.1
82299,T4c,5920.1
74044,Tm3,5920.1
39692,TmY3,5920.1
35152,Mi1,5920.1
10112,VS,5920.1
89020,T4a,5920.1
83365,T2a,5920.1
135112,Tm3,5920.2
17266,LC4,5920.2
33614,Mi1,5920.2
54087,Mi1,5920.2
93025,T4b,5920.2
116633,T4c,5920.2
104674,T4a,5920.3
95454,T4a,5920.3
94071,T4a,5920.3
112545,T4d,5920.3
46230,TmY3,5920.3
39405,Mi1,5920.3
10012,VS,5920.3
37756,Mi1,5920.3
10037,VS,5920.3
40085,Mi1,5920.3
38648,Mi1,5920.4
60337,TmY3,5920.4
62569,T2,5920.4
83682,Tm3,5920.4
101873,T4b,5920.4
132339,Tm3,5920.4
104858,T4b,5920.5
100867,T4b,5920.5
96295,T4b,5920.5
40256,Mi1,5920.5
20808,LC4,5920.5
91682,T4b,5920.5
10023,HSS,5920.6
40936,Mi1,5920.6
46784,Mi1,5920.6
57164,TmY3,5920.6
75298,T2a,5920.6
91222,T4d,5920.6
102975,T4b,5920.6
121816,T4a,5920.6
73447,Tm3,5920.7
40958,Mi1,5920.7
68167,Tm3,5920.7
82674,T4a,5920.7
36994,Mi1,5920.799999999999
72619,T2a,5920.799999999999
34849,Mi1,5920.799999999999
58224,Mi1,5920.799999999999
20917,LC4,5920.799999999999
10001,DNp01,5920.799999999999
33091,Mi1,5920.799999999999
77791,T2a,5920.900000000001
95926,T4a,5920.900000000001
34658,Mi1,5920.900000000001
10799,OA-VUMa4,5920.900000000001
17054,LC4,5920.900000000001
19550,LC4,5920.900000000001
111134,T4d,5921.0
88491,T4a,5921.0
85039,T2a,5921.0
107095,T4c,5921.0
37391,Mi1,5921.0
22975,LC4,5921.0
10265,OA-AL2i2,5921.0
76788,T4b,5921.0
20399,LC4,5921.099999999999
24338,LC4,5921.099999999999
31848,Mi1,5921.099999999999
71089,Mi1,5921.099999999999
286259,OA-ASM1,5921.099999999999
92431,T4a,5921.200000000001
93509,T4b,5921.200000000001
90219,T4a,5921.200000000001
85229,T4c,5921.200000000001
82208,T2a,5921.200000000001
35845,Mi1,5921.200000000001
23606,Mi1,5921.200000000001
124490,Tm3,5921.3
115511,T4d,5921.3
112806,T4c,5921.3
103870,T4a,5921.3
100996,T4b,5921.3
94624,T4a,5921.3
84328,T4a,5921.3
39505,Mi1,5921.3
37037,Mi1,5921.3
21313,LC4,5921.3
20588,LC4,5921.3
117039,T4c,5921.400000000001
111416,Tm3,5921.400000000001
83042,T4b,5921.400000000001
61960,T2,5921.400000000001
10269,OA-AL2i2,5921.400000000001
42119,Mi1,5921.400000000001
38708,Mi1,5921.400000000001
61835,T2,5921.400000000001
109649,T4c,5921.5
73767,Mi1,5921.5
70632,Tm3,5921.5
44527,Mi1,5921.5
38596,Mi1,5921.5
32893,Mi1,5921.5
28945,LC4,5921.5
55101,Mi1,5921.5
19954,LC4,5921.5
17364,LC4,5921.5
12896,OA-VUMa5,5921.5
10185,OA-VUMa8,5921.5
10016,HSE,5921.5
10015,HSN,5921.5
20282,LC4,5921.5
106894,T4b,5921.6
103955,T4d,5921.6
91913,T4b,5921.6
91057,T4c,5921.6
35416,Mi1,5921.6
46324,TmY3,5921.6
36158,Mi1,5921.6
10652,OA-AL2i4,5921.6
537004,VSm,5921.6
78477,T4a,5921.6
102479,T4c,5921.700000000001
43783,Mi1,5921.700000000001
112310,T4d,5921.700000000001
101772,Tm3,5921.700000000001
107010,T4d,5921.700000000001
100981,T4d,5921.700000000001
34938,Mi1,5921.700000000001
68522,T2a,5921.700000000001
65513,T2a,5921.700000000001
44282,Mi1,5921.700000000001
39164,Mi1,5921.700000000001
100018,T4a,5921.700000000001
100856,T4a,5921.8
96676,T4b,5921.8
83067,T4b,5921.8
78943,T2a,5921.8
74023,T2a,5921.8
69978,T2,5921.8
65833,Mi1,5921.8
40944,Mi1,5921.8
37585,Mi1,5921.8
116343,T4a,5921.9
106886,T4c,5921.9
101945,T4b,5921.9
94324,Tm3,5921.9
74411,Mi1,5921.9
62851,Tm3,5921.9
60856,T2a,5921.9
40106,Mi1,5921.9
38710,Mi1,5921.9
35572,Mi1,5921.9
34329,Mi1,5921.9
33655,Mi1,5921.9
11134,VSm,5921.9
115422,T4c,5922.000000000001
106510,T4b,5922.000000000001
104621,T4c,5922.000000000001
91476,T4d,5922.000000000001
87565,T4a,5922.000000000001
79875,T4c,5922.000000000001
67464,Mi1,5922.000000000001
62912,T2,5922.000000000001
39791,Mi1,5922.000000000001
10226,OA-AL2i3,5922.000000000001
118260,T4d,5922.1
106190,T4d,5922.1
102799,T4c,5922.1
97981,T4a,5922.1
92552,T4a,5922.1
10755,H1,5922.1
83009,T4b,5922.1
37677,Mi1,5922.1
36446,Mi1,5922.1
30803,LC4,5922.1
91806,T4a,5922.1
113991,T4d,5922.2
105387,T4b,5922.2
104027,T4d,5922.2
71019,T2,5922.2
45322,Mi1,5922.2
39438,Mi1,5922.2
37948,Mi1,5922.2
33394,Mi1,5922.2
10206,VS,5922.2
103108,T4b,5922.3
94179,T4a,5922.3
113983,T4d,5922.3
90465,T4a,5922.3
89825,T4a,5922.3
84123,T2a,5922.3
35447,Mi1,5922.3
42895,Mi1,5922.3
38767,Mi1,5922.3
37733,TmY3,5922.3
34300,Mi1,5922.3
27788,Mi1,5922.3
65009,T2,5922.3
77138,Tm3,5922.400000000001
104753,T4a,5922.400000000001
100190,T4c,5922.400000000001
95017,T4c,5922.400000000001
78940,T4a,5922.400000000001
44564,TmY3,5922.400000000001
38238,Mi1,5922.400000000001
39067,Mi1,5922.400000000001
29563,LC4,5922.400000000001
17926,LC4,5922.400000000001
17668,LC4,5922.400000000001
10025,H2,5922.400000000001
107117,T4d,5922.5
107075,T4d,5922.5
104996,T4a,5922.5
103657,T4b,5922.5
99609,T4a,5922.5
95532,T4a,5922.5
79358,T2a,5922.5
92146,T4a,5922.5
53156,TmY3,5922.5
51231,TmY3,5922.5
43965,Mi1,5922.5
41626,Mi1,5922.5
17987,LC4,5922.5
17548,LC4,5922.5
11921,OA-VPM4,5922.5
58221,T2,5922.5
67150,T2a,5922.5
125288,Tm3,5922.6
38208,Mi1,5922.6
38768,Mi1,5922.6
51049,Mi1,5922.6
104297,T4a,5922.6
106121,T4a,5922.7
110989,T4b,5922.7
71475,Tm3,5922.7
69597,Tm3,5922.7
72655,Mi1,5922.7
64897,T2,5922.7
69266,Tm3,5922.7
34606,Mi1,5922.7
18189,LC4,5922.7
107997,T4c,5922.8
85924,T4a,5922.8
109857,T4d,5922.8
37529,Mi1,5922.8
35934,Mi1,5922.8
44119,Mi1,5922.8
10120,OA-VPM4,5922.900000000001
12688,OA-ASM1,5922.900000000001
34079,Mi1,5922.900000000001
37839,Mi1,5922.900000000001
95453,T4a,5922.900000000001
104905,T4c,5922.900000000001
106203,T4d,5922.900000000001
77344,Tm3,5923.0
97184,T4d,5923.0
73807,Tm3,5923.0
19260,LC4,5923.0
37371,Mi1,5923.0
35734,Mi1,5923.0
72896,Tm3,5923.0
35235,Mi1,5923.1
35897,Mi1,5923.1
37108,Mi1,5923.1
45349,Mi1,5923.1
47368,TmY3,5923.1
74375,Tm3,5923.1
80582,T4a,5923.1
108870,T4a,5923.1
78317,T4a,5923.200000000001
71583,Tm3,5923.200000000001
100488,T4c,5923.200000000001
61292,T2,5923.200000000001
104942,T4a,5923.200000000001
114391,T4d,5923.200000000001
104412,T4a,5923.200000000001
41950,Mi1,5923.200000000001
34296,Mi1,5923.200000000001
37113,Mi1,5923.200000000001
37019,Mi1,5923.200000000001
38791,Mi1,5923.200000000001
33918,Mi1,5923.200000000001
33017,Mi1,5923.200000000001
21336,LC4,5923.200000000001
16128,LC4,5923.200000000001
131034,Tm3,5923.3
95972,T4d,5923.3
91283,T4c,5923.3
90952,T4c,5923.3
85440,Tm3,5923.3
102572,T4c,5923.3
39158,Mi1,5923.3
38455,Mi1,5923.3
33326,Mi1,5923.3
16138,LC4,5923.3
42942,Mi1,5923.3
121093,T4b,5923.4
111017,T4d,5923.4
76325,T2a,5923.4
64149,Mi1,5923.4
51848,TmY3,5923.4
44700,Mi1,5923.4
41435,Mi1,5923.4
37699,Mi1,5923.4
37084,Mi1,5923.4
34057,Mi1,5923.4
10001,DNp01,5923.4
38987,Mi1,5923.4
99980,T4c,5923.500000000001
106801,T4c,5923.500000000001
100032,T4c,5923.500000000001
89099,T4a,5923.500000000001
67072,T2a,5923.500000000001
50552,Mi1,5923.500000000001
36369,Mi1,5923.500000000001
34142,Mi1,5923.500000000001
74303,Mi1,5923.500000000001
10011,OA-AL2i1,5923.6
10284,VS,5923.6
20016,LC4,5923.6
22328,LC4,5923.6
79449,T4b,5923.6
81548,T2a,5923.6
98748,T4c,5923.6
70812,TmY3,5923.7
93142,T4a,5923.7
75027,Tm3,5923.7
36646,Mi1,5923.7
23792,LC4,5923.7
10041,OA-VUMa1,5923.7
10037,VS,5923.7
18127,LC4,5923.8
35234,Mi1,5923.8
39525,Mi1,5923.8
40235,Mi1,5923.8
42594,Mi1,5923.8
73586,Tm3,5923.8
82313,T4a,5923.8
97231,T4a,5923.8
111746,Tm3,5923.8
118502,T4b,5923.8
97141,T4a,5923.900000000001
93972,T4a,5923.900000000001
120231,Tm3,5923.900000000001
93750,T4c,5923.900000000001
101228,T4a,5923.900000000001
65671,Mi1,5923.900000000001
35113,Mi1,5923.900000000001
10112,VS,5923.900000000001
77676,T2a,5923.900000000001
34933,Mi1,5924.0
35888,Mi1,5924.0
38514,Mi1,5924.0
42758,Mi1,5924.0
45176,Mi1,5924.0
79817,Tm3,5924.0
82724,Tm3,5924.0
101589,T4a,5924.0
104622,T4b,5924.0
114791,T4d,5924.0
92281,T4c,5924.1
86175,T4a,5924.1
102147,T4c,5924.1
43323,Mi1,5924.1
42856,Mi1,5924.1
77991,Tm3,5924.1
21225,LC4,5924.2
52485,TmY3,5924.2
98300,T4a,5924.2
100924,T4b,5924.2
104123,T4b,5924.2
110076,T4c,5924.2
117882,T4b,5924.3
66227,Tm3,5924.3
49324,Mi1,5924.3
45948,TmY3,5924.3
40716,Tm3,5924.3
25584,LC4,5924.3
11005,OA-VUMa4,5924.3
41522,Mi1,5924.3
97480,T4c,5924.400000000001
106950,T4c,5924.400000000001
103022,T4a,5924.400000000001
107420,T4b,5924.400000000001
102153,T4c,5924.400000000001
74731,T2a,5924.400000000001
23098,LC4,5924.400000000001
71765,T2a,5924.400000000001
69723,Tm3,5924.400000000001
26112,LC4,5924.400000000001
10023,HSS,5924.400000000001
10016,HSE,5924.400000000001
72955,T2a,5924.400000000001
116129,T4b,5924.5
114995,T4b,5924.5
108325,T4c,5924.5
90278,T4a,5924.5
77484,T4d,5924.5
57486,TmY3,5924.5
67408,Mi1,5924.5
37599,Mi1,5924.5
35724,Mi1,5924.5
69063,Mi1,5924.5
110988,T4a,5924.599999999999
88039,T4c,5924.599999999999
10168,OA-VUMa6,5924.599999999999
22194,LC4,5924.599999999999
23392,LC4,5924.599999999999
10015,HSN,5924.700000000001
10322,OA-AL2i2,5924.700000000001
19543,LC4,5924.700000000001
42691,Mi1,5924.700000000001
75550,Tm3,5924.700000000001
77527,T4a,5924.700000000001
92415,T4a,5924.700000000001
97675,T4c,5924.700000000001
107031,T4b,5924.700000000001
66538,T2,5924.8
72132,Tm3,5924.8
57398,Mi1,5924.8
36139,Mi1,5924.8
40026,TmY3,5924.8
42533,TmY3,5924.8
12521,HST,5924.9
532850,Tm3,5924.9
99572,T4a,5924.9
98654,T4d,5924.9
94953,T4d,5924.9
79314,T4b,5924.9
91987,T4c,5924.9
77395,T4b,5924.9
72665,Mi1,5924.9
63489,T2,5924.9
47696,TmY3,5924.9
20673,LC4,5924.9
79138,T2a,5924.9
100897,T4c,5925.000000000001
108475,T4b,5925.000000000001
108066,T4b,5925.000000000001
91629,T4a,5925.000000000001
59959,Mi1,5925.000000000001
59008,Mi1,5925.000000000001
37555,Mi1,5925.000000000001
21165,LC4,5925.000000000001
74373,Tm3,5925.000000000001
16628,LC4,5925.1
35806,Mi1,5925.1
36990,Mi1,5925.1
37243,Mi1,5925.1
40635,Mi1,5925.1
81378,T4b,5925.1
90371,T4d,5925.1
94755,T4a,5925.1
101005,T4d,5925.1
96671,T4c,5925.2
93566,T4a,5925.2
105332,T4b,5925.2
63868,T2a,5925.2
70281,T2a,5925.2
99292,T4a,5925.3
97853,T4c,5925.3
95345,T4d,5925.3
93957,T4b,5925.3
90657,T4a,5925.3
90259,T4d,5925.3
84038,Tm3,5925.3
70490,Mi1,5925.3
35100,Mi1,5925.3
20808,LC4,5925.3
10025,H2,5925.3
89282,T4a,5925.3
132624,Tm3,5925.400000000001
118385,T4b,5925.400000000001
99316,T4b,5925.400000000001
105545,T4d,5925.400000000001
64633,T2a,5925.400000000001
34867,Mi1,5925.400000000001
71361,Tm3,5925.400000000001
124357,T4d,5925.5
112594,T4b,5925.5
109593,Tm3,5925.5
542412,Mi1,5925.5
83307,Tm3,5925.5
70158,T2a,5925.5
98139,T4d,5925.5
35774,Mi1,5925.6
57349,Mi1,5925.6
86635,T4c,5925.6
96774,T4c,5925.6
97288,T4c,5925.6
800146,TTMn,5925.6
100046,T4b,5925.7
120916,T4d,5925.7
103497,Tm3,5925.7
86630,Tm3,5925.7
17860,LC4,5925.7
36217,Mi1,5925.7
62078,Mi1,5925.7
10012,VS,5925.7
10555,OA-VUMa3,5925.7
19420,LC4,5925.8
100165,T4b,5925.8
95883,T4a,5925.8
91325,T4a,5925.8
63994,Mi1,5925.8
48283,TmY3,5925.8
56564,Mi1,5925.8
36540,Mi1,5925.8
35840,Mi1,5925.8
24338,LC4,5925.8
21313,LC4,5925.8
20542,LC4,5925.8
36660,Mi1,5925.8
79253,T4a,5925.900000000001
105412,T4a,5925.900000000001
84063,T4b,5925.900000000001
81015,T4a,5925.900000000001
66852,Mi1,5925.900000000001
10001,DNp01,5925.900000000001
37353,Mi1,5925.900000000001
19634,LC4,5925.900000000001
10110,OA-VUMa1,5925.900000000001
41709,Mi1,5925.900000000001
98360,T4c,5926.0
526158,Mi1,5926.0
109727,T4b,5926.0
98598,T4c,5926.0
91366,T4b,5926.0
94703,T4c,5926.0
49441,TmY3,5926.0
42872,Mi1,5926.0
40171,Mi1,5926.0
33216,Mi1,5926.0
19794,LC4,5926.0
10072,OA-AL2i1,5926.0
44438,Mi1,5926.0
120312,Tm3,5926.099999999999
114196,T4d,5926.099999999999
97769,T4a,5926.099999999999
85074,T4a,5926.099999999999
70642,T2a,5926.099999999999
69543,T2a,5926.099999999999
103765,T4d,5926.099999999999
37927,Mi1,5926.099999999999
36533,Mi1,5926.099999999999
35260,Mi1,5926.099999999999
19954,LC4,5926.099999999999
11602,OA-ASM1,5926.099999999999
41809,Mi1,5926.099999999999
101380,T4d,5926.200000000001
95335,T4a,5926.200000000001
89434,T4c,5926.200000000001
75848,T2a,5926.200000000001
34479,Mi1,5926.200000000001
11608,OA-VUMa2,5926.200000000001
10206,VS,5926.200000000001
36177,Mi1,5926.200000000001
60979,TmY3,5926.3
71931,Tm3,5926.3
99671,T4c,5926.3
100206,T4c,5926.3
71652,Tm3,5926.4
75966,T2a,5926.4
94368,T4a,5926.4
38178,Mi1,5926.4
21287,LC4,5926.4
36954,Mi1,5926.4
21151,LC4,5926.4
39718,Mi1,5926.5
77491,T2a,5926.5
103302,T4c,5926.5
107334,T4a,5926.5
10677,OA-AL2i4,5926.6
22034,LC4,5926.6
43414,Mi1,5926.6
71052,T2a,5926.6
74853,Tm3,5926.6
81486,T4b,5926.6
91469,T4c,5926.6
105115,T4d,5926.6
109536,T4d,5926.7
108847,T4d,5926.7
98194,T4d,5926.7
38227,Mi1,5926.7
36911,Mi1,5926.7
83465,T4a,5926.7
73828,Tm3,5926.8
17054,LC4,5926.8
22975,LC4,5926.8
30480,LC4,5926.8
39858,Mi1,5926.8
61353,T2,5926.8
83677,T4c,5926.8
95554,T4b,5926.8
97878,T4b,5926.8
107812,T4a,5926.8
83191,T4a,5926.900000000001
80435,T2a,5926.900000000001
95921,T4c,5926.900000000001
84800,Tm3,5926.900000000001
78927,T2a,5926.900000000001
78698,Tm3,5926.900000000001
68562,T2a,5926.900000000001
63468,Mi1,5926.900000000001
34171,Mi1,5926.900000000001
24867,VST1,5926.900000000001
124867,T4d,5927.0
102814,T4b,5927.0
99423,T4d,5927.0
98398,T4c,5927.0
92082,T4b,5927.0
83204,T4d,5927.0
80812,T4a,5927.0
67295,T2,5927.0
34862,Mi1,5927.0
34272,Mi1,5927.0
31492,Mi1,5927.0
135612,Tm3,5927.1
116259,T4b,5927.1
105984,Tm3,5927.1
76074,Tm3,5927.1
39894,T4b,5927.1
63747,T2,5927.1
37631,Mi1,5927.1
36252,Mi1,5927.1
72279,Mi1,5927.1
10016,HSE,5927.2
10037,VS,5927.2
10755,H1,5927.2
22847,LC4,5927.2
39651,Mi1,5927.2
44449,TmY3,5927.2
63175,Mi1,5927.2
63420,Mi1,5927.2
90520,T4a,5927.2
99789,T4d,5927.3
101463,T4d,5927.3
46827,Mi1,5927.3
33462,Mi1,5927.3
86504,T4b,5927.3
17364,LC4,5927.400000000001
40577,Mi1,5927.400000000001
68933,Tm3,5927.400000000001
69961,Tm3,5927.400000000001
93360,T4b,5927.400000000001
98668,T4a,5927.400000000001
103344,T4b,5927.400000000001
118658,T4a,5927.400000000001
527408,LC4,5927.5
149504,T4d,5927.5
100729,T4b,5927.5
97784,T4c,5927.5
53065,Mi1,5927.5
52350,Mi1,5927.5
48286,Mi1,5927.5
39275,Mi1,5927.5
38241,Mi1,5927.5
35602,Mi1,5927.5
33446,Mi1,5927.5
21804,LC4,5927.5
10825,OA-AL2i3,5927.5
41613,Mi1,5927.5
115111,T4a,5927.599999999999
78999,T2a,5927.599999999999
75227,T2a,5927.599999999999
73096,T2a,5927.599999999999
35712,Mi1,5927.599999999999
42006,TmY3,5927.599999999999
10687,OA-AL2i3,5927.599999999999
10204,OA-AL2i2,5927.599999999999
61500,Tm3,5927.599999999999
109326,T4c,5927.700000000001
107211,T4d,5927.700000000001
100787,T4b,5927.700000000001
36305,Mi1,5927.700000000001
41399,Mi1,5927.700000000001
88726,T4b,5927.700000000001
35173,Mi1,5927.700000000001
17266,LC4,5927.8
17926,LC4,5927.8
20399,LC4,5927.8
35770,Mi1,5927.8
41637,Mi1,5927.8
68212,T2a,5927.8
95681,T4a,5927.8
43978,Mi1,5927.8
104017,T4b,5927.9
46662,TmY3,5927.9
103195,T4a,5927.9
95287,T4a,5927.9
91303,T4b,5927.9
90474,T4b,5927.9
43689,Mi1,5927.9
35683,Mi1,5927.9
10269,OA-AL2i2,5927.9
10023,HSS,5927.9
10015,HSN,5927.9
40426,Mi1,5927.9
121887,T4b,5928.0
20588,LC4,5928.0
38687,Mi1,5928.0
64341,TmY3,5928.0
70188,T2,5928.0
75381,Tm3,5928.0
86416,T4a,5928.0
92055,T4c,5928.0
96812,T4a,5928.0
94356,T4c,5928.1
93224,T4a,5928.1
546524,Mi1,5928.1
96434,T4d,5928.1
80855,Tm3,5928.1
10112,VS,5928.1
70153,Tm3,5928.1
51122,Mi1,5928.1
10175,OA-VUMa6,5928.1
76528,Tm3,5928.1
10080,OA-VUMa3,5928.1
118173,Tm3,5928.2
112179,T4b,5928.2
109023,T4c,5928.2
108824,T4d,5928.2
101382,T4c,5928.2
88398,T4a,5928.2
37270,Mi1,5928.2
34626,Mi1,5928.2
34189,Mi1,5928.2
25893,VST1,5928.2
10025,H2,5928.2
88281,T4b,5928.2
104390,T4a,5928.3
537004,VSm,5928.3
102791,T4c,5928.3
98692,T4a,5928.3
97015,T4a,5928.3
90419,T4b,5928.3
87566,T4a,5928.4
77232,T2,5928.4
61045,TmY3,5928.4
35218,Mi1,5928.4
68918,Tm3,5928.4
11264,OA-ASM1,5928.4
11134,VSm,5928.4
10001,DNp01,5928.4
19550,LC4,5928.4
80282,T4d,5928.5
122308,Tm3,5928.5
105180,T4c,5928.5
102519,T4a,5928.5
96260,T4d,5928.5
85664,TmY3,5928.5
78911,Tm3,5928.5
17548,LC4,5928.5
41654,Mi1,5928.5
40596,Mi1,5928.5
36410,Mi1,5928.5
22328,LC4,5928.5
16128,LC4,5928.5
45696,Mi1,5928.5
18127,LC4,5928.6
19260,LC4,5928.6
20917,LC4,5928.6
21336,LC4,5928.6
107105,T4d,5928.6
108249,T4a,5928.6
122273,Tm3,5928.6
101441,T4a,5928.7
101302,T4d,5928.7
16138,LC4,5928.7
38721,Mi1,5928.7
38065,LC4,5928.799999999999
40411,Mi1,5928.799999999999
58862,Mi1,5928.799999999999
73029,T2,5928.799999999999
92640,T4d,5928.799999999999
93166,T4c,5928.799999999999
100033,T4c,5928.799999999999
122961,T4d,5928.799999999999
90731,T4b,5928.900000000001
109336,T4b,5928.900000000001
74259,T2a,5928.900000000001
104802,T4c,5928.900000000001
42675,Mi1,5928.900000000001
73619,T2a,5928.900000000001
40219,Mi1,5928.900000000001
108948,T4b,5929.0
108625,T4b,5929.0
90058,T4a,5929.0
79704,T4d,5929.0
89139,T4c,5929.0
75557,Tm3,5929.0
45719,Mi1,5929.0
17668,LC4,5929.0
76038,Tm3,5929.0
99387,T4a,5929.1
116114,T4d,5929.1
107628,T4d,5929.1
103440,T4d,5929.1
92684,T4c,5929.1
101215,T4c,5929.1
80913,T4a,5929.1
69736,Tm3,5929.1
62272,T2,5929.1
38748,Mi1,5929.1
85778,T4b,5929.1
98887,T4b,5929.200000000001
96424,T4b,5929.200000000001
96365,T4a,5929.200000000001
81733,Tm3,5929.200000000001
78421,T2a,5929.200000000001
78086,T4c,5929.200000000001
72045,T2a,5929.200000000001
65850,T2a,5929.200000000001
62488,T2,5929.200000000001
39629,Mi1,5929.200000000001
38461,Mi1,5929.200000000001
14416,VST2,5929.200000000001
72989,Tm3,5929.200000000001
108461,T4b,5929.3
117364,T4b,5929.3
98439,T4a,5929.3
22194,LC4,5929.3
89409,T4a,5929.3
38477,Mi1,5929.3
89934,T4d,5929.3
102991,T4c,5929.400000000001
96199,T4a,5929.400000000001
93941,T4b,5929.400000000001
91444,T4c,5929.400000000001
86558,T4b,5929.400000000001
81211,Tm3,5929.400000000001
70635,Tm3,5929.400000000001
97145,T4c,5929.400000000001
48531,Mi1,5929.400000000001
38857,Mi1,5929.400000000001
38421,Mi1,5929.400000000001
23392,LC4,5929.400000000001
23098,LC4,5929.400000000001
21225,LC4,5929.400000000001
69380,Tm3,5929.400000000001
105962,T4b,5929.5
104683,T4b,5929.5
102112,T4c,5929.5
98099,T4b,5929.5
93935,T4a,5929.5
91179,T4a,5929.5
67308,Mi1,5929.5
10284,VS,5929.5
94596,T4b,5929.5
94930,T2a,5929.6
110987,Tm3,5929.6
103152,T4a,5929.6
102688,T4b,5929.6
96657,T4c,5929.6
90112,T4c,5929.6
98625,T4a,5929.6
87896,T4a,5929.6
81215,Tm3,5929.6
69546,Tm3,5929.6
88625,T4c,5929.6
69228,T2a,5929.6
50333,TmY3,5929.6
47211,Mi1,5929.6
108594,T4d,5929.700000000001
105565,Tm3,5929.700000000001
104130,T4a,5929.700000000001
103579,T4c,5929.700000000001
41120,Mi1,5929.700000000001
39688,Mi1,5929.700000000001
36452,Mi1,5929.700000000001
120016,Tm3,5929.8
107719,T4b,5929.8
106952,T4b,5929.8
103780,T4c,5929.8
102845,T4b,5929.8
98467,T4d,5929.8
93947,T4a,5929.8
43872,Mi1,5929.8
58703,T2,5929.8
50633,TmY3,5929.8
38632,Mi1,5929.8
34045,Mi1,5929.8
10658,OA-AL2i3,5929.8
85536,T4a,5929.8
84267,T4c,5929.9
151155,T4b,5929.9
111928,T4b,5929.9
109172,T4b,5929.9
97899,T4a,5929.9
97186,T4a,5929.9
83438,T4a,5929.9
71398,Tm3,5929.9
51050,TmY3,5929.9
29563,LC4,5929.9
25584,LC4,5929.9
20808,LC4,5929.9
18189,LC4,5929.9
12109,OA-VUMa2,5929.9
108119,T4c,5930.000000000001
99922,T4c,5930.000000000001
86578,T4c,5930.000000000001
61659,Tm3,5930.000000000001
36275,Mi1,5930.000000000001
37044,Mi1,5930.000000000001
16628,LC4,5930.000000000001
10016,HSE,5930.000000000001
46121,TmY3,5930.000000000001
98985,T4c,5930.1
102579,T4b,5930.1
92644,T4d,5930.1
53075,TmY3,5930.1
58945,Tm3,5930.1
46248,Mi1,5930.1
85429,T4d,5930.1
19543,LC4,5930.2
80284,Tm3,5930.2
85866,T4b,5930.2
93588,T4b,5930.2
105862,T4d,5930.2
287884,OA-VPM3,5930.2
96126,T4b,5930.3
107640,T4c,5930.3
97872,T4d,5930.3
134209,Tm3,5930.3
96784,T4b,5930.3
79824,Tm3,5930.3
97866,T4d,5930.3
64260,T2,5930.3
10206,VS,5930.3
20282,LC4,5930.3
76121,Tm3,5930.3
35045,Mi1,5930.3
37509,Mi1,5930.3
20634,VST1,5930.3
112944,T4b,5930.400000000001
104301,T4b,5930.400000000001
95005,T4a,5930.400000000001
99731,T4c,5930.400000000001
86932,T4b,5930.400000000001
77226,T2a,5930.400000000001
76446,TmY3,5930.400000000001
94482,T4d,5930.400000000001
106922,T4c,5930.5
106840,T4b,5930.5
106664,T4c,5930.5
100680,T4d,5930.5
84781,Tm3,5930.5
81836,T2a,5930.5
70402,Tm3,5930.5
58196,TmY3,5930.5
52328,TmY3,5930.5
42048,Mi1,5930.5
35498,Mi1,5930.5
21313,LC4,5930.5
59397,Mi1,5930.5
45005,TmY3,5930.5
118551,Tm3,5930.6
37088,Mi1,5930.6
37123,Mi1,5930.6
38529,Mi1,5930.6
76524,Tm3,5930.6
86419,Tm3,5930.6
88005,T4d,5930.6
97545,T4c,5930.6
80838,T2a,5930.7
67971,Tm3,5930.7
10037,VS,5930.7
48986,TmY3,5930.7
108307,T4b,5930.8
96211,T4d,5930.8
91313,T4a,5930.8
113107,T4a,5930.8
24338,LC4,5930.8
10311,VS,5930.8
41659,Mi1,5930.8
70800,Tm3,5930.900000000001
95822,T4b,5930.900000000001
92939,T4b,5930.900000000001
89728,Tm3,5930.900000000001
83979,T4a,5930.900000000001
74502,Tm3,5930.900000000001
99310,T4a,5930.900000000001
69980,Tm3,5930.900000000001
73054,T2,5930.900000000001
58599,T2,5930.900000000001
49516,TmY3,5930.900000000001
44222,Mi1,5930.900000000001
35001,Mi1,5930.900000000001
22966,LC4,5930.900000000001
20016,LC4,5930.900000000001
10001,DNp01,5930.900000000001
67424,T2,5930.900000000001
112027,T4d,5931.0
105541,T4a,5931.0
103570,T4d,5931.0
100282,T4a,5931.0
64855,T2,5931.0
67810,Tm3,5931.0
19954,LC4,5931.0
10015,HSN,5931.0
88575,T4b,5931.0
103479,T4c,5931.1
125171,Tm3,5931.1
122233,Tm3,5931.1
105242,T4c,5931.1
92047,T4c,5931.1
60857,Mi1,5931.1
77174,T2a,5931.1
79646,Tm3,5931.1
37294,Mi1,5931.1
34463,Mi1,5931.1
10799,OA-VUMa4,5931.1
102448,T4d,5931.200000000001
97004,T4c,5931.200000000001
77480,Tm3,5931.200000000001
68475,T2a,5931.200000000001
48060,Mi1,5931.200000000001
41136,Mi1,5931.200000000001
17987,LC4,5931.200000000001
10025,H2,5931.200000000001
106745,T4b,5931.3
97028,T4c,5931.3
96307,T4a,5931.3
80093,T2a,5931.3
46745,Mi1,5931.3
68840,TmY3,5931.3
42010,TmY3,5931.3
37680,Mi1,5931.3
35890,Mi1,5931.3
35428,Mi1,5931.3
31262,LC4,5931.3
44592,TmY3,5931.3
110742,T4c,5931.4
108757,T4c,5931.4
100261,T4c,5931.4
99773,Tm3,5931.4
95677,T4c,5931.4
80911,Tm3,5931.4
39727,Mi1,5931.4
36881,Mi1,5931.4
36346,Mi1,5931.4
10023,HSS,5931.4
10012,VS,5931.4
79297,T4a,5931.4
78025,T2a,5931.500000000001
800146,TTMn,5931.500000000001
103557,T4a,5931.500000000001
77361,T4a,5931.500000000001
20542,LC4,5931.500000000001
60643,Tm3,5931.500000000001
37568,Mi1,5931.500000000001
35836,Mi1,5931.500000000001
65515,T2,5931.500000000001
10755,H1,5931.6
23929,LC4,5931.6
30803,LC4,5931.6
78308,T2a,5931.6
88127,T4b,5931.6
102786,Tm3,5931.6
105521,T4c,5931.6
106338,T4a,5931.6
114832,T4c,5931.7
107356,T4d,5931.7
86907,T4a,5931.7
100673,T4b,5931.7
66214,T2a,5931.7
20673,LC4,5931.7
84663,T2a,5931.7
539983,T4c,5931.8
105214,T4c,5931.8
90206,T4b,5931.8
94743,T4d,5931.8
41804,Mi1,5931.8
37224,Mi1,5931.8
16606,VST2,5931.8
69164,Mi1,5931.8
90027,T4c,5931.900000000001
116716,T4b,5931.900000000001
100087,T4b,5931.900000000001
95458,T4d,5931.900000000001
90135,T4c,5931.900000000001
88922,T4c,5931.900000000001
71188,T2a,5931.900000000001
59864,Tm3,5931.900000000001
59528,T2a,5931.900000000001
47962,TmY3,5931.900000000001
37000,Mi1,5931.900000000001
23792,LC4,5931.900000000001
79271,T4a,5931.900000000001
109937,T4a,5932.0
102409,T4c,5932.0
101245,T4a,5932.0
99950,T4c,5932.0
94058,T4b,5932.0
81996,T2a,5932.0
101480,T4c,5932.0
66207,T2,5932.0
64256,T2a,5932.0
57871,T2,5932.0
67415,T2,5932.0
34899,Mi1,5932.0
34369,Mi1,5932.0
96015,T4c,5932.1
35405,Mi1,5932.1
100274,T4a,5932.1
26112,LC4,5932.1
33942,Mi1,5932.1
102910,T4b,5932.2
10112,VS,5932.2
33110,Mi1,5932.2
48607,TmY3,5932.2
67113,Mi1,5932.2
78968,Tm3,5932.2
93527,T4a,5932.2
99157,T4a,5932.2
100946,T4c,5932.2
102113,T4b,5932.3
74927,Tm3,5932.3
114698,T4b,5932.3
113414,T4d,5932.3
95928,T4c,5932.3
65298,T2a,5932.3
67614,Mi1,5932.3
86141,T4b,5932.3
40505,Mi1,5932.3
94147,T4a,5932.400000000001
87289,T4a,5932.400000000001
84328,T4a,5932.400000000001
47967,Mi1,5932.400000000001
85731,T4d,5932.400000000001
33907,Mi1,5932.400000000001
19420,LC4,5932.400000000001
10265,OA-AL2i2,5932.400000000001
40832,Mi1,5932.400000000001
86696,T4d,5932.5
109598,T4b,5932.5
104256,T4a,5932.5
117151,T4d,5932.5
103271,T4c,5932.5
99863,T4d,5932.5
98222,T4d,5932.5
70289,Mi1,5932.5
21165,LC4,5932.5
41668,Mi1,5932.5
40854,Mi1,5932.5
39500,Mi1,5932.5
34404,Mi1,5932.5
15422,VST2,5932.5
10322,OA-AL2i2,5932.5
62894,Tm3,5932.5
99011,T4c,5932.599999999999
101081,T4c,5932.599999999999
89142,T4b,5932.599999999999
101878,T4a,5932.599999999999
123299,T4c,5932.599999999999
85170,T4c,5932.599999999999
17926,LC4,5932.599999999999
40703,Mi1,5932.599999999999
36695,Mi1,5932.599999999999
34356,Mi1,5932.599999999999
32535,Mi1,5932.599999999999
10041,OA-VUMa1,5932.599999999999
74159,Tm3,5932.599999999999
104336,T4b,5932.700000000001
103867,T4a,5932.700000000001
103527,T4c,5932.700000000001
98549,T4a,5932.700000000001
41296,Mi1,5932.700000000001
43615,Mi1,5932.700000000001
38230,Mi1,5932.700000000001
16570,VST2,5932.700000000001
97326,T4c,5932.700000000001
96003,T4d,5932.8
45319,Mi1,5932.8
49942,TmY3,5932.8
10016,HSE,5932.8
10187,OA-VPM3,5932.8
111579,Tm3,5932.9
10072,OA-AL2i1,5932.9
37138,Mi1,5932.9
47240,TmY3,5932.9
57239,Mi1,5932.9
77594,T2a,5932.9
87358,T4a,5932.9
108907,T4c,5932.9
112369,T4d,5932.9
85856,TmY3,5933.000000000001
89485,T4a,5933.000000000001
92706,T4a,5933.000000000001
40795,Mi1,5933.000000000001
111380,Tm3,5933.000000000001
530434,Tm3,5933.000000000001
98817,T4a,5933.000000000001
40400,Mi1,5933.000000000001
38993,Mi1,5933.000000000001
37853,Mi1,5933.000000000001
37390,Mi1,5933.000000000001
35512,Mi1,5933.000000000001
35017,Mi1,5933.000000000001
19794,LC4,5933.000000000001
17364,LC4,5933.000000000001
10185,OA-VUMa8,5933.000000000001
118029,T4b,5933.1
102295,T4d,5933.1
100501,T4b,5933.1
89110,Tm3,5933.1
87845,T4a,5933.1
66808,Tm3,5933.1
96931,T4b,5933.1
40256,Mi1,5933.1
39743,Mi1,5933.1
39595,Mi1,5933.1
33766,Mi1,5933.1
17054,LC4,5933.1
12896,OA-VUMa5,5933.1
55976,Mi1,5933.1
135467,Tm3,5933.2
103073,T4a,5933.2
97792,T4b,5933.2
65307,T2,5933.2
28945,LC4,5933.2
22975,LC4,5933.2
22328,LC4,5933.2
12521,HST,5933.2
35290,Mi1,5933.2
95528,T4d,5933.3
108876,T4c,5933.3
128916,Tm3,5933.3
100785,T4b,5933.3
95736,T4c,5933.3
87763,T4a,5933.3
37438,Mi1,5933.3
80670,T4a,5933.3
71089,Mi1,5933.3
41536,Mi1,5933.3
18127,LC4,5933.3
86715,Tm3,5933.3
107763,T4d,5933.400000000001
98504,T4c,5933.400000000001
94289,T4d,5933.400000000001
89784,T4b,5933.400000000001
38648,Mi1,5933.400000000001
38133,Mi1,5933.400000000001
16138,LC4,5933.400000000001
10001,DNp01,5933.400000000001
38893,Mi1,5933.400000000001
115686,T4b,5933.5
93334,T4b,5933.5
68535,T2a,5933.5
68342,Tm3,5933.5
21336,LC4,5933.5
36684,Mi1,5933.5
11005,OA-VUMa4,5933.5
10226,OA-AL2i3,5933.5
56118,TmY3,5933.5
11551,VS,5933.6
34849,Mi1,5933.6
38502,Tm3,5933.6
58553,TmY3,5933.6
96134,T4b,5933.6
114080,T4a,5933.6
119501,T4d,5933.6
98325,T4d,5933.7
91914,T4a,5933.7
75766,T2a,5933.7
73723,T2a,5933.7
40936,Mi1,5933.7
40599,TmY3,5933.7
38487,Mi1,5933.7
71164,Mi1,5933.7
286259,OA-ASM1,5933.8
111010,T4c,5933.8
107609,T4d,5933.8
99663,T4c,5933.8
88353,T4b,5933.8
92171,T4b,5933.8
85378,T4a,5933.8
40085,Mi1,5933.8
35152,Mi1,5933.8
16128,LC4,5933.8
88152,T4c,5933.8
94471,T4a,5933.900000000001
101742,T4c,5933.900000000001
99670,T4c,5933.900000000001
97835,T4a,5933.900000000001
94567,T4c,5933.900000000001
84577,T2a,5933.900000000001
33017,Mi1,5933.900000000001
70239,T2,5933.900000000001
60594,TmY3,5933.900000000001
54087,Mi1,5933.900000000001
38479,Mi1,5933.900000000001
35447,Mi1,5933.900000000001
84434,Tm3,5933.900000000001
103425,T4a,5934.0
103654,T4b,5934.0
90900,T4a,5934.0
37391,Mi1,5934.0
32962,TmY3,5934.0
20399,LC4,5934.0
110312,T4d,5934.099999999999
105640,T4d,5934.099999999999
98039,T4d,5934.099999999999
71394,T2a,5934.099999999999
48514,TmY3,5934.099999999999
41545,Mi1,5934.099999999999
63021,Tm3,5934.099999999999
35580,Mi1,5934.099999999999
19634,LC4,5934.099999999999
10037,VS,5934.099999999999
10025,H2,5934.099999999999
10015,HSN,5934.099999999999
37756,Mi1,5934.099999999999
86778,T4a,5934.200000000001
96576,T4c,5934.200000000001
94305,T4a,5934.200000000001
93688,T4a,5934.200000000001
89290,T4d,5934.200000000001
85598,T4b,5934.200000000001
34938,Mi1,5934.200000000001
46784,Mi1,5934.200000000001
44746,TmY3,5934.200000000001
23392,LC4,5934.200000000001
22034,LC4,5934.200000000001
72501,Mi1,5934.200000000001
35777,Mi1,5934.3
49788,TmY3,5934.3
107412,Tm3,5934.3
79483,Tm3,5934.4
525839,Mi1,5934.4
96394,T4b,5934.4
85009,Tm3,5934.4
66526,T2,5934.4
69889,T2a,5934.4
56918,TmY3,5934.4
34658,Mi1,5934.4
30997,Mi1,5934.4
17860,LC4,5934.4
11134,VSm,5934.4
102975,T4b,5934.5
86686,T4c,5934.5
78597,T2a,5934.5
71029,T2,5934.5
77910,Tm3,5934.5
17266,LC4,5934.5
12688,OA-ASM1,5934.5
10269,OA-AL2i2,5934.5
62838,TmY3,5934.5
39405,Mi1,5934.5
92254,T4b,5934.6
62340,T2,5934.6
70524,T2a,5934.6
20588,LC4,5934.6
106701,T4d,5934.6
113410,T4d,5934.6
55101,Mi1,5934.6
98890,T4c,5934.6
42119,Mi1,5934.6
19260,LC4,5934.6
35845,Mi1,5934.6
33614,Mi1,5934.6
22194,LC4,5934.6
21225,LC4,5934.6
20808,LC4,5934.6
138152,Tm3,5934.6
17548,LC4,5934.6
10206,VS,5934.6
37371,Mi1,5934.6
537004,VSm,5934.6
36994,Mi1,5934.7
110646,T4b,5934.7
33655,Mi1,5934.7
21313,LC4,5934.7
10652,OA-AL2i4,5934.7
23098,LC4,5934.7
103639,T4d,5934.8
10023,HSS,5934.8
21287,LC4,5934.8
36158,Mi1,5934.8
37948,Mi1,5934.8
39716,Mi1,5934.8
42895,Mi1,5934.8
43063,Mi1,5934.8
116187,T4c,5934.9
98751,T4a,5934.9
98381,T4d,5934.9
101043,T4c,5934.9
65833,Mi1,5934.9
65803,T2,5934.9
64540,T2,5934.9
67002,T2,5934.9
88933,T4a,5935.0
79070,T2a,5935.0
10284,VS,5935.0
67464,Mi1,5935.0
72558,T2a,5935.0
113228,T4b,5935.1
39505,Mi1,5935.1
44282,Mi1,5935.1
63673,Tm3,5935.1
82515,Tm3,5935.1
92472,T4c,5935.1
97105,T4d,5935.1
100956,T4d,5935.1
104884,T4b,5935.1
112744,T4d,5935.1
90533,T4c,5935.2
75484,Tm3,5935.2
103645,T4c,5935.2
90097,T4c,5935.2
39164,Mi1,5935.2
73767,Mi1,5935.2
85126,T4a,5935.2
16628,LC4,5935.3
32893,Mi1,5935.3
33091,Mi1,5935.3
35416,Mi1,5935.3
73795,TmY3,5935.3
82536,T4d,5935.3
90430,T2a,5935.3
97256,T4c,5935.3
112775,T4d,5935.400000000001
109142,T4b,5935.400000000001
107445,T4a,5935.400000000001
104257,T4b,5935.400000000001
100855,T4a,5935.400000000001
38987,Mi1,5935.400000000001
38772,Mi1,5935.400000000001
38238,Mi1,5935.400000000001
22847,LC4,5935.400000000001
21151,LC4,5935.400000000001
72586,Tm3,5935.400000000001
10120,OA-VPM4,5935.5
10677,OA-AL2i4,5935.5
54885,TmY3,5935.5
87106,T4a,5935.5
97193,T4a,5935.5
106587,T4d,5935.5
103725,T4a,5935.599999999999
107143,T4d,5935.599999999999
93302,T4b,5935.599999999999
112241,T4b,5935.599999999999
109031,Tm3,5935.599999999999
90567,T4b,5935.599999999999
19543,LC4,5935.599999999999
38767,Mi1,5935.599999999999
10016,HSE,5935.599999999999
10687,OA-AL2i3,5935.599999999999
39438,Mi1,5935.599999999999
25584,LC4,5935.599999999999
35934,Mi1,5935.599999999999
106150,T4c,5935.700000000001
74228,Tm3,5935.700000000001
41464,TmY3,5935.700000000001
102801,T4b,5935.700000000001
37037,Mi1,5935.700000000001
24338,LC4,5935.700000000001
10755,H1,5935.700000000001
38208,Mi1,5935.700000000001
67152,Tm3,5935.8
129235,Tm3,5935.8
106166,T4b,5935.8
105849,T4d,5935.8
96090,T4c,5935.8
76788,T4b,5935.8
74061,Tm3,5935.8
58527,TmY3,5935.8
40944,Mi1,5935.8
48894,TmY3,5935.8
39692,TmY3,5935.8
38791,Mi1,5935.8
35897,Mi1,5935.8
30923,TmY3,5935.8
19954,LC4,5935.8
58224,Mi1,5935.8
79257,Tm3,5935.9
107442,T4d,5935.9
93419,T4b,5935.9
92251,T4b,5935.9
90049,T4c,5935.9
44527,Mi1,5935.9
43485,Mi1,5935.9
40958,Mi1,5935.9
10001,DNp01,5935.9
10110,OA-VUMa1,5935.9
37585,Mi1,5935.9
34079,Mi1,5935.9
109384,T4d,5936.0
17668,LC4,5936.0
34142,Mi1,5936.0
37839,Mi1,5936.0
43965,Mi1,5936.0
45322,Mi1,5936.0
71938,T2a,5936.0
86724,Tm3,5936.0
100838,T4c,5936.0
102045,T4a,5936.0
117551,Tm3,5936.0
124362,T4c,5936.1
119601,T4d,5936.1
99348,T4c,5936.1
97877,T4d,5936.1
10112,VS,5936.1
68982,Tm3,5936.1
64149,Mi1,5936.1
20917,LC4,5936.1
92996,T4a,5936.1
547091,T2,5936.2
134624,Tm3,5936.2
106793,T4d,5936.2
101033,T4d,5936.2
81706,T2a,5936.2
51049,Mi1,5936.2
37677,Mi1,5936.2
36446,Mi1,5936.2
34300,Mi1,5936.2
11921,OA-VPM4,5936.2
10012,VS,5936.2
42594,Mi1,5936.2
111783,T4a,5936.3
98937,T4a,5936.3
82674,T4a,5936.3
34057,Mi1,5936.3
22108,TmY3,5936.3
60886,T2a,5936.3
72794,Tm3,5936.4
111236,T4d,5936.4
96081,T4a,5936.4
94283,T4d,5936.4
92114,T4c,5936.4
90655,T4a,5936.4
80197,T4a,5936.4
65742,Tm3,5936.4
37529,Mi1,5936.4
40106,Mi1,5936.4
39067,Mi1,5936.4
38710,Mi1,5936.4
34329,Mi1,5936.4
31848,Mi1,5936.4
19550,LC4,5936.4
44119,Mi1,5936.4
101994,T4a,5936.5
112453,T4c,5936.5
100105,T4a,5936.5
128159,T4d,5936.5
93985,T4c,5936.5
58967,TmY3,5936.5
98175,T4c,5936.5
110386,T4d,5936.6
103033,T4a,5936.6
75377,T2a,5936.6
68951,TmY3,5936.6
43783,Mi1,5936.6
42533,TmY3,5936.6
38768,Mi1,5936.6
35734,Mi1,5936.6
35234,Mi1,5936.6
34296,Mi1,5936.6
29563,LC4,5936.6
10825,OA-AL2i3,5936.6
38514,Mi1,5936.6
105706,T4a,5936.7
104853,T4c,5936.7
94549,T4b,5936.7
87565,T4a,5936.7
41626,Mi1,5936.7
38708,Mi1,5936.7
10168,OA-VUMa6,5936.7
48930,TmY3,5936.7
111184,T4a,5936.8
107464,T4a,5936.8
92054,T4b,5936.8
83583,T4d,5936.8
90121,T4b,5936.8
74287,Tm3,5936.8
45176,Mi1,5936.8
38596,Mi1,5936.8
82299,T4c,5936.8
94624,T4a,5936.900000000001
527408,LC4,5936.900000000001
108974,T4c,5936.900000000001
104858,T4b,5936.900000000001
92682,T4a,5936.900000000001
116439,T4c,5936.900000000001
74010,T2a,5936.900000000001
64579,T2,5936.900000000001
61401,T2a,5936.900000000001
41950,Mi1,5936.900000000001
74411,Mi1,5936.900000000001
35235,Mi1,5936.900000000001
133040,Tm3,5937.0
119556,T4b,5937.0
89368,T4c,5937.0
43323,Mi1,5937.0
36369,Mi1,5937.0
33918,Mi1,5937.0
10025,H2,5937.0
36646,Mi1,5937.0
85007,T4c,5937.1
114457,T4d,5937.1
59145,T2,5937.1
41522,Mi1,5937.1
37699,Mi1,5937.1
33394,Mi1,5937.1
18189,LC4,5937.1
91741,T4d,5937.200000000001
87808,T4a,5937.200000000001
65671,Mi1,5937.200000000001
63825,Tm3,5937.200000000001
54423,TmY3,5937.200000000001
45349,Mi1,5937.200000000001
39158,Mi1,5937.200000000001
37243,Mi1,5937.200000000001
23606,Mi1,5937.200000000001
11608,OA-VUMa2,5937.200000000001
10015,HSN,5937.200000000001
105292,T4b,5937.3
80483,T4c,5937.3
69063,Mi1,5937.3
88095,T4d,5937.3
36139,Mi1,5937.3
33326,Mi1,5937.3
40235,Mi1,5937.3
85152,T4c,5937.400000000001
37113,Mi1,5937.400000000001
37084,Mi1,5937.400000000001
35572,Mi1,5937.400000000001
93509,T4b,5937.400000000001
17926,LC4,5937.400000000001
10555,OA-VUMa3,5937.400000000001
10037,VS,5937.400000000001
18127,LC4,5937.400000000001
39525,Mi1,5937.5
72983,T2a,5937.5
74088,T2a,5937.5
95242,T4d,5937.5
102909,T4c,5937.5
108065,T4c,5937.5
111623,T4a,5937.5
93877,T4c,5937.6
122333,T4b,5937.6
95239,T4a,5937.6
85938,T4a,5937.6
27788,Mi1,5937.6
42872,Mi1,5937.6
35113,Mi1,5937.6
66980,T2a,5937.6
20542,LC4,5937.700000000001
22328,LC4,5937.700000000001
37019,Mi1,5937.700000000001
37733,TmY3,5937.700000000001
41435,Mi1,5937.700000000001
59959,Mi1,5937.700000000001
68167,Tm3,5937.700000000001
68264,Tm3,5937.700000000001
90423,T4b,5937.700000000001
93927,T4a,5937.700000000001
117627,Tm3,5937.8
110855,T4a,5937.8
104414,T4d,5937.8
19420,LC4,5937.8
76380,Tm3,5937.8
16138,LC4,5937.8
88084,T4b,5937.8
104354,T4b,5937.9
97161,T4a,5937.9
84631,T4c,5937.9
82130,T2a,5937.9
75172,T2a,5937.9
72829,T2a,5937.9
64485,T2,5937.9
51191,TmY3,5937.9
50345,TmY3,5937.9
48547,TmY3,5937.9
41762,TmY3,5937.9
33216,Mi1,5937.9
21804,LC4,5937.9
102329,T4d,5938.000000000001
84490,T4a,5938.000000000001
81995,Tm3,5938.000000000001
45162,TmY3,5938.000000000001
44700,Mi1,5938.000000000001
38455,Mi1,5938.000000000001
38065,LC4,5938.000000000001
37108,Mi1,5938.000000000001
120594,T4c,5938.1
119288,T4d,5938.1
108161,T4a,5938.1
94081,T4c,5938.1
101772,Tm3,5938.1
50311,TmY3,5938.1
35724,Mi1,5938.1
34606,Mi1,5938.1
21336,LC4,5938.1
91510,T4c,5938.1
104008,T4b,5938.2
109276,T4d,5938.2
800146,TTMn,5938.2
107567,T4c,5938.2
105718,T4b,5938.2
100726,T4d,5938.2
47465,TmY3,5938.2
91288,T4c,5938.2
83161,T2a,5938.2
82229,T2a,5938.2
36177,Mi1,5938.2
97249,T4d,5938.2
137694,Tm3,5938.3
106819,T4b,5938.3
97306,T4a,5938.3
92431,T4a,5938.3
90145,T4a,5938.3
107297,T4c,5938.3
75067,TmY3,5938.3
72194,Tm3,5938.3
44564,TmY3,5938.3
40171,Mi1,5938.3
10023,HSS,5938.3
77846,Tm3,5938.3
117631,T4d,5938.400000000001
109652,T4d,5938.400000000001
93622,T4c,5938.400000000001
91674,T4a,5938.400000000001
83125,T4b,5938.400000000001
34867,Mi1,5938.400000000001
49322,TmY3,5938.400000000001
30480,LC4,5938.400000000001
20673,LC4,5938.400000000001
10016,HSE,5938.400000000001
64712,T2a,5938.400000000001
105403,T4c,5938.5
96107,T4d,5938.5
92842,T4a,5938.5
37599,Mi1,5938.5
42691,Mi1,5938.5
10001,DNp01,5938.5
76653,T2a,5938.5
113686,T4d,5938.6
111857,T4d,5938.6
78856,Tm3,5938.6
102370,T4c,5938.6
62089,Tm3,5938.6
44449,TmY3,5938.6
42942,Mi1,5938.6
74303,Mi1,5938.6
72665,Mi1,5938.7
171349687,Tm3,5938.7
159987,Tm3,5938.7
102564,T4a,5938.7
86992,T4b,5938.7
63994,Mi1,5938.7
72655,Mi1,5938.7
57349,Mi1,5938.7
37555,Mi1,5938.7
36540,Mi1,5938.7
20016,LC4,5938.7
17987,LC4,5938.7
63190,T2,5938.7
39791,Mi1,5938.8
16128,LC4,5938.8
23392,LC4,5938.8
36990,Mi1,5938.8
41809,Mi1,5938.8
56564,Mi1,5938.8
71402,Tm3,5938.8
90888,T4b,5938.8
93021,T4a,5938.8
107819,T4c,5938.900000000001
100310,T4d,5938.900000000001
124345,T4d,5938.900000000001
82656,T2a,5938.900000000001
10206,VS,5938.900000000001
39718,Mi1,5938.900000000001
35888,Mi1,5938.900000000001
40635,Mi1,5938.900000000001
110757,T4b,5939.0
97677,T4c,5939.0
94071,T4a,5939.0
92957,T4d,5939.0
86917,Tm3,5939.0
79259,T4b,5939.0
104368,T4c,5939.0
73139,Tm3,5939.0
42758,Mi1,5939.0
37353,Mi1,5939.0
22975,LC4,5939.0
10072,OA-AL2i1,5939.0
76268,T2a,5939.0
131823,Tm3,5939.1
107159,T4b,5939.1
104996,T4a,5939.1
72190,Tm3,5939.1
59277,TmY3,5939.1
49324,Mi1,5939.1
34933,Mi1,5939.1
17364,LC4,5939.1
10322,OA-AL2i2,5939.1
57398,Mi1,5939.1
84008,T4c,5939.200000000001
98575,T4a,5939.200000000001
94668,T4d,5939.200000000001
75076,T2,5939.200000000001
108270,T4b,5939.200000000001
31492,Mi1,5939.200000000001
21313,LC4,5939.200000000001
17054,LC4,5939.200000000001
64778,TmY3,5939.200000000001
542412,Mi1,5939.3
115369,T4c,5939.3
112458,T4b,5939.3
105313,T4a,5939.3
89416,T4c,5939.3
36252,Mi1,5939.3
35774,Mi1,5939.3
21165,LC4,5939.3
20282,LC4,5939.3
87939,T4b,5939.3
106362,T4d,5939.4
526158,Mi1,5939.4
120201,T4b,5939.4
110693,Tm3,5939.4
91913,T4b,5939.4
98911,T4b,5939.4
56136,Tm3,5939.4
41709,Mi1,5939.4
23792,LC4,5939.4
11602,OA-ASM1,5939.4
91629,T4a,5939.4
80033,T4a,5939.500000000001
109996,T4c,5939.500000000001
107529,T4d,5939.500000000001
104018,T4c,5939.500000000001
98312,T4a,5939.500000000001
96989,T4d,5939.500000000001
73284,T2a,5939.500000000001
113207,T4d,5939.500000000001
67408,Mi1,5939.500000000001
36533,Mi1,5939.500000000001
20808,LC4,5939.500000000001
10175,OA-VUMa6,5939.500000000001
89223,T4d,5939.500000000001
114817,T4d,5939.6
98026,T4b,5939.6
117179,T4c,5939.6
93313,T4a,5939.6
19794,LC4,5939.6
66227,Tm3,5939.6
35806,Mi1,5939.6
88491,T4a,5939.6
100874,T4a,5939.7
82549,T4b,5939.7
78940,T4a,5939.7
82618,T2a,5939.7
35100,Mi1,5939.7
26112,LC4,5939.7
35840,Mi1,5939.7
103025,T4a,5939.8
102703,T4a,5939.8
101072,T4b,5939.8
97528,T4a,5939.8
96728,T4c,5939.8
95629,T4c,5939.8
93482,T4d,5939.8
81986,Tm3,5939.8
74374,T2a,5939.8
70490,Mi1,5939.8
69915,TmY3,5939.8
68485,T2a,5939.8
60863,T2,5939.8
53983,TmY3,5939.8
10755,H1,5939.8
80080,T2a,5939.8
50552,Mi1,5939.900000000001
106608,T4a,5939.900000000001
104191,T4a,5939.900000000001
99837,T4a,5939.900000000001
119213,T4c,5939.900000000001
93750,T4c,5939.900000000001
71230,Tm3,5939.900000000001
47368,TmY3,5939.900000000001
95356,T4a,5939.900000000001
38178,Mi1,5939.900000000001
10025,H2,5939.900000000001
10112,VS,5939.900000000001
20399,LC4,5939.900000000001
43978,Mi1,5939.900000000001
37270,Mi1,5939.900000000001
37927,Mi1,5939.900000000001
35260,Mi1,5939.900000000001
110604,T4a,5940.0
104703,T4d,5940.0
98393,T4a,5940.0
87390,T2a,5940.0
82099,T4b,5940.0
71944,T2a,5940.0
67150,T2a,5940.0
62078,Mi1,5940.0
34862,Mi1,5940.0
79449,T4b,5940.0
90566,T4d,5940.1
130861,Tm3,5940.1
93360,T4b,5940.1
87412,T4c,5940.1
44438,Mi1,5940.1
36660,Mi1,5940.1
22194,LC4,5940.1
21225,LC4,5940.1
10204,OA-AL2i2,5940.1
108043,T4a,5940.2
99131,T4c,5940.2
80812,T4a,5940.2
43414,Mi1,5940.2
22264,TmY3,5940.2
19954,LC4,5940.2
11134,VSm,5940.2
42856,Mi1,5940.2
98137,T4d,5940.3
120992,Tm3,5940.3
106821,T4b,5940.3
106401,T4d,5940.3
95007,T4a,5940.3
78739,T4b,5940.3
77484,T4d,5940.3
69536,Tm3,5940.3
19260,LC4,5940.3
94893,T4c,5940.3
101383,T4b,5940.400000000001
104911,T4c,5940.400000000001
102388,T4d,5940.400000000001
101685,T4b,5940.400000000001
94886,T4d,5940.400000000001
92046,T4d,5940.400000000001
88870,Tm3,5940.400000000001
92839,T4b,5940.400000000001
45948,TmY3,5940.400000000001
39275,Mi1,5940.400000000001
38241,Mi1,5940.400000000001
36217,Mi1,5940.400000000001
23098,LC4,5940.400000000001
10015,HSN,5940.400000000001
61768,T2,5940.400000000001
109916,T4d,5940.5
10799,OA-VUMa4,5940.5
34171,Mi1,5940.5
36911,Mi1,5940.5
41613,Mi1,5940.5
83432,Tm3,5940.5
97769,T4a,5940.5
99671,T4c,5940.5
537004,VSm,5940.5
72955,T2a,5940.599999999999
85716,T4c,5940.599999999999
71447,T4c,5940.599999999999
84292,T4d,5940.599999999999
24338,LC4,5940.599999999999
16628,LC4,5940.599999999999
25584,LC4,5940.599999999999
10037,VS,5940.599999999999
104450,T4a,5940.700000000001
102742,T4d,5940.700000000001
102298,T4c,5940.700000000001
96262,T4c,5940.700000000001
75419,T2,5940.700000000001
72279,Mi1,5940.700000000001
67554,T2,5940.700000000001
19543,LC4,5940.700000000001
12521,HST,5940.700000000001
10658,OA-AL2i3,5940.700000000001
74504,T2a,5940.700000000001
96638,T4c,5940.8
100488,T4c,5940.8
95990,T4a,5940.8
113568,T4d,5940.8
91804,T4d,5940.8
66852,Mi1,5940.8
93604,T4a,5940.8
105698,T4c,5940.9
96835,T4b,5940.9
96830,T4b,5940.9
85918,T2a,5940.9
83042,T4b,5940.9
95985,T4c,5940.9
70900,Tm3,5940.9
53156,TmY3,5940.9
41399,Mi1,5940.9
33462,Mi1,5940.9
10284,VS,5940.9
77307,Tm3,5940.9
87873,T4b,5941.000000000001
111304,T4b,5941.000000000001
108870,T4a,5941.000000000001
119353,T4b,5941.000000000001
105834,T4d,5941.000000000001
101228,T4a,5941.000000000001
99628,T4b,5941.000000000001
98118,T4c,5941.000000000001
85741,T4a,5941.000000000001
30803,LC4,5941.000000000001
47360,TmY3,5941.000000000001
40596,Mi1,5941.000000000001
36954,Mi1,5941.000000000001
36452,Mi1,5941.000000000001
35602,Mi1,5941.000000000001
10269,OA-AL2i2,5941.000000000001
10080,OA-VUMa3,5941.000000000001
48286,Mi1,5941.000000000001
105115,T4d,5941.1
97885,T4a,5941.1
96295,T4b,5941.1
95364,T4d,5941.1
90219,T4a,5941.1
75343,Tm3,5941.1
39858,Mi1,5941.1
39651,Mi1,5941.1
34626,Mi1,5941.1
34189,Mi1,5941.1
24867,VST1,5941.1
11264,OA-ASM1,5941.1
10311,VS,5941.1
10012,VS,5941.1
10001,DNp01,5941.1
37631,Mi1,5941.1
65542,T2,5941.2
112969,T4c,5941.2
113171,T4b,5941.2
81092,Tm3,5941.2
63468,Mi1,5941.2
82313,T4a,5941.2
36305,Mi1,5941.2
35770,Mi1,5941.2
12109,OA-VUMa2,5941.2
10016,HSE,5941.2
51122,Mi1,5941.2
119636,T4c,5941.3
110454,T4d,5941.3
106295,T4b,5941.3
105895,T4a,5941.3
102425,T4b,5941.3
91469,T4c,5941.3
46827,Mi1,5941.3
38227,Mi1,5941.3
33446,Mi1,5941.3
22034,LC4,5941.3
19634,LC4,5941.3
17548,LC4,5941.3
108675,T4b,5941.400000000001
103343,T4b,5941.400000000001
98788,T4d,5941.400000000001
95453,T4a,5941.400000000001
72148,Tm3,5941.400000000001
35712,Mi1,5941.400000000001
59008,Mi1,5941.400000000001
52350,Mi1,5941.400000000001
38857,Mi1,5941.400000000001
18127,LC4,5941.400000000001
68983,Tm3,5941.400000000001
36410,Mi1,5941.5
40426,Mi1,5941.5
41637,Mi1,5941.5
61370,T2,5941.5
94224,T4b,5941.5
102741,T4c,5941.6
117748,Tm3,5941.6
111823,T4c,5941.6
91987,T4c,5941.6
66739,Tm3,5941.6
80137,T2a,5941.6
82507,T2a,5941.6
17266,LC4,5941.6
106535,T4d,5941.7
95883,T4a,5941.7
91345,T4c,5941.7
69793,T2a,5941.7
66737,T2,5941.7
66357,T2a,5941.7
123490,Tm3,5941.7
60979,TmY3,5941.7
53065,Mi1,5941.7
35173,Mi1,5941.7
20588,LC4,5941.7
10023,HSS,5941.7
61968,T2,5941.7
102031,T4c,5941.8
98837,T4c,5941.8
97031,T4c,5941.8
92552,T4a,5941.8
66791,Tm3,5941.8
64913,T2,5941.8
34479,Mi1,5941.8
34272,Mi1,5941.8
17926,LC4,5941.8
45696,Mi1,5941.8
84063,T4b,5941.900000000001
98448,T4b,5941.900000000001
117221,T4c,5941.900000000001
92281,T4c,5941.900000000001
82576,T4b,5941.900000000001
97171,T4d,5941.900000000001
70708,T2,5941.900000000001
35683,Mi1,5941.900000000001
51963,TmY3,5941.900000000001
82425,T4b,5941.900000000001
63420,Mi1,5941.900000000001
63175,Mi1,5941.900000000001
10041,OA-VUMa1,5942.0
22328,LC4,5942.0
23929,LC4,5942.0
82211,T2a,5942.0
104478,T4d,5942.0
106886,T4c,5942.0
111613,T4d,5942.0
120928,T4d,5942.0
113852,T4b,5942.099999999999
110910,Tm3,5942.099999999999
94948,T4c,5942.099999999999
85924,T4a,5942.099999999999
104621,T4c,5942.099999999999
93865,T4c,5942.099999999999
78317,T4a,5942.099999999999
43689,Mi1,5942.099999999999
40411,Mi1,5942.099999999999
82976,Tm3,5942.099999999999
105545,T4d,5942.200000000001
94574,T4c,5942.200000000001
92181,T4a,5942.200000000001
80906,T4c,5942.200000000001
77527,T4a,5942.200000000001
72426,Tm3,5942.200000000001
47696,TmY3,5942.200000000001
47211,Mi1,5942.200000000001
20634,VST1,5942.200000000001
70697,Tm3,5942.200000000001
109035,T4b,5942.3
98417,T4d,5942.3
94468,T4c,5942.3
90796,T4d,5942.3
87827,T2a,5942.3
83438,T4a,5942.3
69441,Tm3,5942.3
16138,LC4,5942.3
82639,T2a,5942.3
64050,T2,5942.3
40577,Mi1,5942.4
74997,Tm3,5942.4
107031,T4b,5942.4
86416,T4a,5942.5
107240,T4b,5942.5
114088,T4d,5942.5
121420,T4d,5942.5
121816,T4a,5942.5
103497,Tm3,5942.5
121245,Tm3,5942.6
72005,Tm3,5942.6
92911,T4c,5942.6
74725,T2a,5942.6
60857,Mi1,5942.6
39894,T4b,5942.6
38721,Mi1,5942.6
37509,Mi1,5942.6
17668,LC4,5942.6
45719,Mi1,5942.6
102229,T4d,5942.7
46248,Mi1,5942.7
94282,T4c,5942.7
21336,LC4,5942.7
20917,LC4,5942.7
43924,TmY3,5942.7
546524,Mi1,5942.8
108276,T4a,5942.8
105099,T4b,5942.8
98238,T4b,5942.8
97829,Tm3,5942.8
89825,T4a,5942.8
86536,Tm3,5942.8
67131,Tm3,5942.8
84267,T4c,5942.8
54211,TmY3,5942.8
42675,Mi1,5942.8
38461,Mi1,5942.8
35045,Mi1,5942.8
34045,Mi1,5942.8
22966,LC4,5942.8
10025,H2,5942.8
66872,T2,5942.8
117652,T4d,5942.9
103314,T4b,5942.9
97899,T4a,5942.9
89282,T4a,5942.9
103195,T4a,5942.9
80582,T4a,5942.9
65468,T2,5942.9
57164,TmY3,5942.9
29563,LC4,5942.9
84010,Tm3,5942.9
115390,T4d,5943.0
106522,T4d,5943.0
102765,T4d,5943.0
88167,T4b,5943.0
67308,Mi1,5943.0
36275,Mi1,5943.0
81015,T4a,5943.0
93559,T4d,5943.1
287884,OA-VPM3,5943.1
103148,T4a,5943.1
101620,T4b,5943.1
100319,T4b,5943.1
91725,T4b,5943.1
116451,T4c,5943.1
83009,T4b,5943.1
17860,LC4,5943.1
18189,LC4,5943.1
87937,T4d,5943.1
56984,TmY3,5943.1
31262,LC4,5943.1
77916,T2a,5943.2
116311,T4d,5943.2
110403,T4b,5943.2
105565,Tm3,5943.2
103677,T4b,5943.2
91366,T4b,5943.2
60337,TmY3,5943.2
41654,Mi1,5943.2
20542,LC4,5943.2
19420,LC4,5943.2
10206,VS,5943.2
74937,T2a,5943.2
41671,TmY3,5943.3
58862,Mi1,5943.3
112633,T4b,5943.3
38687,Mi1,5943.3
10687,OA-AL2i3,5943.3
11005,OA-VUMa4,5943.3
127615,Tm3,5943.400000000001
100867,T4b,5943.400000000001
96676,T4b,5943.400000000001
94755,T4a,5943.400000000001
83677,T4c,5943.400000000001
76733,Tm3,5943.400000000001
83227,Tm3,5943.400000000001
71228,T2a,5943.400000000001
70812,TmY3,5943.400000000001
48531,Mi1,5943.400000000001
40219,Mi1,5943.400000000001
39629,Mi1,5943.400000000001
72066,Tm3,5943.400000000001
90394,T4a,5943.5
149504,T4d,5943.5
119245,T4d,5943.5
103160,T4a,5943.5
68212,T2a,5943.5
23392,LC4,5943.5
37088,Mi1,5943.5
33942,Mi1,5943.5
38421,Mi1,5943.5
10015,HSN,5943.5
111980,T4d,5943.599999999999
111949,T4c,5943.599999999999
106093,T4a,5943.599999999999
103022,T4a,5943.599999999999
532805,Tm3,5943.599999999999
66956,T2,5943.599999999999
43872,Mi1,5943.599999999999
10112,VS,5943.599999999999
10001,DNp01,5943.599999999999
101707,T4c,5943.599999999999
109645,T4b,5943.700000000001
106912,Tm3,5943.700000000001
100075,T4c,5943.700000000001
98398,T4c,5943.700000000001
88992,T4c,5943.700000000001
41136,Mi1,5943.700000000001
21287,LC4,5943.700000000001
10037,VS,5943.700000000001
69561,T2a,5943.700000000001
92862,T4b,5943.8
103870,T4a,5943.8
103827,T4c,5943.8
97675,T4c,5943.8
87814,T4b,5943.8
109326,T4c,5943.8
77395,T4b,5943.8
46745,Mi1,5943.8
38632,Mi1,5943.8
10755,H1,5943.8
87452,T2a,5943.8
112613,T4d,5943.9
103351,T4a,5943.9
100633,T4a,5943.9
99748,T4b,5943.9
68138,TmY3,5943.9
41659,Mi1,5943.9
38748,Mi1,5943.9
16128,LC4,5943.9
71765,T2a,5943.9
101770,T4b,5944.0
93957,T4b,5944.0
39727,Mi1,5944.0
83045,Tm3,5944.0
21313,LC4,5944.0
10016,HSE,5944.0
37000,Mi1,5944.0
114338,T4c,5944.1
103780,T4c,5944.1
99636,T4d,5944.1
89409,T4a,5944.1
99519,T4a,5944.1
77906,T2a,5944.1
44222,Mi1,5944.1
40026,TmY3,5944.1
12896,OA-VUMa5,5944.1
83365,T2a,5944.1
19550,LC4,5944.2
67963,Tm3,5944.2
59397,Mi1,5944.3
99258,T4c,5944.3
112993,T4b,5944.3
69164,Mi1,5944.3
41296,Mi1,5944.3
78437,Tm3,5944.3
35498,Mi1,5944.3
33017,Mi1,5944.3
28945,LC4,5944.3
20808,LC4,5944.3
39688,Mi1,5944.3
19954,LC4,5944.4
37123,Mi1,5944.4
37294,Mi1,5944.4
38529,Mi1,5944.4
73301,Tm3,5944.4
89099,T4a,5944.4
92273,T2a,5944.4
102572,T4c,5944.4
107835,T4b,5944.5
86175,T4a,5944.5
37044,Mi1,5944.5
61695,T2,5944.5
22975,LC4,5944.5
22847,LC4,5944.5
35890,Mi1,5944.5
36346,Mi1,5944.6
41120,Mi1,5944.6
98846,T4c,5944.6
107486,T4c,5944.6
116610,T4d,5944.6
38477,Mi1,5944.7
21151,LC4,5944.7
82038,Tm3,5944.7
88698,T4a,5944.7
91505,T4c,5944.7
92481,TmY3,5944.7
97145,T4c,5944.7
800146,TTMn,5944.7
100190,T4c,5944.8
133349,Tm3,5944.8
63489,T2,5944.8
71674,T2a,5944.8
37224,Mi1,5944.8
25893,VST1,5944.8
62401,T2,5944.8
35218,Mi1,5944.8
20673,LC4,5944.900000000001
21225,LC4,5944.900000000001
34463,Mi1,5944.900000000001
83946,T4d,5944.900000000001
93407,T4d,5944.900000000001
105126,T4c,5944.900000000001
118924,Tm3,5944.900000000001
126163,Tm3,5944.900000000001
527408,LC4,5944.900000000001
89252,T4b,5944.900000000001
112088,T4d,5945.0
100165,T4b,5945.0
107010,T4d,5945.0
100206,T4c,5945.0
91806,T4a,5945.0
51231,TmY3,5945.0
24338,LC4,5945.0
16570,VST2,5945.0
10023,HSS,5945.0
65348,TmY3,5945.0
97231,T4a,5945.1
96959,T4a,5945.1
95532,T4a,5945.1
94765,T2a,5945.1
94089,T4d,5945.1
66538,T2,5945.1
64977,T2,5945.1
38993,Mi1,5945.1
37568,Mi1,5945.1
35001,Mi1,5945.1
22194,LC4,5945.1
56762,TmY3,5945.1
98360,T4c,5945.200000000001
107799,T4b,5945.200000000001
98862,Tm3,5945.200000000001
97866,T4d,5945.200000000001
10226,OA-AL2i3,5945.200000000001
34369,Mi1,5945.200000000001
10825,OA-AL2i3,5945.200000000001
10265,OA-AL2i2,5945.200000000001
47686,TmY3,5945.200000000001
58576,T2,5945.3
79704,T4d,5945.3
81494,T2,5945.3
16628,LC4,5945.400000000001
34404,Mi1,5945.400000000001
45319,Mi1,5945.400000000001
83639,T2a,5945.400000000001
100981,T4d,5945.400000000001
95554,T4b,5945.5
98598,T4c,5945.5
18127,LC4,5945.5
93166,T4c,5945.5
113945,T4d,5945.6
100033,T4c,5945.6
91057,T4c,5945.6
86720,Tm3,5945.6
84328,T4a,5945.6
78735,T2a,5945.6
40703,Mi1,5945.6
40505,Mi1,5945.6
10677,OA-AL2i4,5945.6
10072,OA-AL2i1,5945.6
10025,H2,5945.6
78503,T2a,5945.6
121093,T4b,5945.700000000001
104622,T4b,5945.700000000001
97288,T4c,5945.700000000001
73320,T2,5945.700000000001
83682,Tm3,5945.700000000001
55976,Mi1,5945.700000000001
17364,LC4,5945.700000000001
10187,OA-VPM3,5945.700000000001
10012,VS,5945.700000000001
66325,Tm3,5945.700000000001
126702,Tm3,5945.8
101230,T4a,5945.8
73447,Tm3,5945.8
48060,Mi1,5945.8
25584,LC4,5945.8
23098,LC4,5945.8
46993,T2a,5945.8
107170,T4b,5945.9
103867,T4a,5945.9
103108,T4b,5945.9
96219,T4b,5945.9
34899,Mi1,5945.9
70112,T2,5945.9
33907,Mi1,5945.9
33110,Mi1,5945.9
15422,VST2,5945.9
11134,VSm,5945.9
34356,Mi1,5945.9
110482,T4b,5946.000000000001
98245,T4c,5946.000000000001
96035,T4d,5946.000000000001
89434,T4c,5946.000000000001
57239,Mi1,5946.000000000001
43615,Mi1,5946.000000000001
19794,LC4,5946.000000000001
14416,VST2,5946.000000000001
10322,OA-AL2i2,5946.000000000001
35405,Mi1,5946.000000000001
116633,T4c,5946.1
104202,T4d,5946.1
92229,T4c,5946.1
87090,T2a,5946.1
83004,T4b,5946.1
37853,Mi1,5946.1
19543,LC4,5946.1
74112,T2a,5946.1
35836,Mi1,5946.1
35017,Mi1,5946.1
10001,DNp01,5946.2
17054,LC4,5946.2
19260,LC4,5946.2
40795,Mi1,5946.2
43334,TmY3,5946.2
89866,T4b,5946.2
99074,T4b,5946.2
102519,T4a,5946.2
80086,Tm3,5946.3
77383,T2a,5946.3
42048,Mi1,5946.3
41668,Mi1,5946.3
40400,Mi1,5946.3
34938,Mi1,5946.3
10110,OA-VUMa1,5946.3
40936,Mi1,5946.3
62856,T2,5946.400000000001
537004,VSm,5946.400000000001
105332,T4b,5946.400000000001
94983,T4c,5946.400000000001
90657,T4a,5946.400000000001
87896,T4a,5946.400000000001
54087,Mi1,5946.400000000001
112393,T4a,5946.400000000001
36881,Mi1,5946.400000000001
35428,Mi1,5946.400000000001
32535,Mi1,5946.400000000001
22328,LC4,5946.400000000001
17987,LC4,5946.400000000001
10185,OA-VUMa8,5946.400000000001
38230,Mi1,5946.400000000001
112594,T4b,5946.5
105412,T4a,5946.5
100996,T4b,5946.5
99975,T4c,5946.5
97981,T4a,5946.5
78561,Tm3,5946.5
77557,T4b,5946.5
99672,T4a,5946.5
70632,Tm3,5946.5
68840,TmY3,5946.5
67113,Mi1,5946.5
42895,Mi1,5946.5
40832,Mi1,5946.5
20399,LC4,5946.5
17926,LC4,5946.5
71089,Mi1,5946.5
115111,T4a,5946.6
102579,T4b,5946.6
98625,T4a,5946.6
79875,T4c,5946.6
70414,T2a,5946.6
47967,Mi1,5946.6
20016,LC4,5946.6
12688,OA-ASM1,5946.6
10015,HSN,5946.6
64897,T2,5946.6
92055,T4c,5946.7
117142,T4d,5946.7
110160,T4c,5946.7
98349,T4a,5946.7
91682,T4b,5946.7
110968,T4b,5946.7
76621,T2a,5946.7
10284,VS,5946.7
30997,Mi1,5946.7
82529,T2a,5946.7
41804,Mi1,5946.7
39500,Mi1,5946.7
103765,T4d,5946.8
120289,T4c,5946.8
102991,T4c,5946.8
101732,T4c,5946.8
94287,T4d,5946.8
89020,T4a,5946.8
90278,T4a,5946.8
70321,Tm3,5946.8
67810,Tm3,5946.8
61550,T2,5946.8
37680,Mi1,5946.8
21804,LC4,5946.8
78905,T2,5946.8
82145,T2a,5946.900000000001
121821,T4c,5946.900000000001
115452,T4c,5946.900000000001
95454,T4a,5946.900000000001
81372,Tm3,5946.900000000001
10016,HSE,5946.900000000001
71164,Mi1,5946.900000000001
36684,Mi1,5946.900000000001
21165,LC4,5946.900000000001
16138,LC4,5946.900000000001
72711,T2,5946.900000000001
89092,T4c,5947.0
112048,T4c,5947.0
107812,T4a,5947.0
105300,T4a,5947.0
99789,T4d,5947.0
286259,OA-ASM1,5947.0
77982,T2a,5947.0
40256,Mi1,5947.0
10037,VS,5947.0
33614,Mi1,5947.0
73122,T2a,5947.0
37948,Mi1,5947.0
37371,Mi1,5947.0
10652,OA-AL2i4,5947.1
35447,Mi1,5947.1
70289,Mi1,5947.1
77779,T2a,5947.1
79314,T4b,5947.1
86504,T4b,5947.1
95926,T4a,5947.1
38133,Mi1,5947.1
96812,T4a,5947.200000000001
86907,T4a,5947.200000000001
91283,T4c,5947.200000000001
81486,T4b,5947.200000000001
60856,T2a,5947.200000000001
39743,Mi1,5947.200000000001
23792,LC4,5947.200000000001
71131,Tm3,5947.200000000001
105276,T4d,5947.3
90465,T4a,5947.3
88746,Tm3,5947.3
85664,TmY3,5947.3
71475,Tm3,5947.3
48283,TmY3,5947.3
40854,Mi1,5947.3
38648,Mi1,5947.3
10269,OA-AL2i2,5947.3
10120,OA-VPM4,5947.3
48186,TmY3,5947.3
93984,T4b,5947.4
121170,Tm3,5947.4
95972,T4d,5947.4
74731,T2a,5947.4
96576,T4c,5947.4
21336,LC4,5947.4
20282,LC4,5947.4
17548,LC4,5947.4
35512,Mi1,5947.4
10112,VS,5947.4
106801,T4c,5947.500000000001
104700,T4b,5947.500000000001
101215,T4c,5947.500000000001
100729,T4b,5947.500000000001
92939,T4b,5947.500000000001
71773,T2a,5947.500000000001
22034,LC4,5947.500000000001
67072,T2a,5947.500000000001
55101,Mi1,5947.500000000001
38479,Mi1,5947.500000000001
37438,Mi1,5947.500000000001
71408,T2,5947.500000000001
102799,T4c,5947.6
98194,T4d,5947.6
92146,T4a,5947.6
33655,Mi1,5947.6
10206,VS,5947.6
67614,Mi1,5947.6
81401,T4b,5947.7
104130,T4a,5947.7
104123,T4b,5947.7
98404,T4d,5947.7
94179,T4a,5947.7
63820,T2a,5947.7
38065,LC4,5947.7
35290,Mi1,5947.7
35152,Mi1,5947.7
34658,Mi1,5947.7
33766,Mi1,5947.7
41536,Mi1,5947.7
17668,LC4,5947.8
37390,Mi1,5947.8
91857,T4b,5947.8
104297,T4a,5947.8
134799,Tm3,5947.8
76074,Tm3,5947.900000000001
108249,T4a,5947.900000000001
72452,T2,5947.900000000001
49930,TmY3,5947.900000000001
35897,Mi1,5947.900000000001
26112,LC4,5947.900000000001
106338,T4a,5948.0
104722,T4d,5948.0
88922,T4c,5948.0
62562,T2,5948.0
57871,T2,5948.0
37391,Mi1,5948.0
115511,T4d,5948.0
36158,Mi1,5948.0
35845,Mi1,5948.0
34849,Mi1,5948.0
16606,VST2,5948.0
10755,H1,5948.0
37138,Mi1,5948.0
99850,T4a,5948.1
95458,T4d,5948.1
90419,T4b,5948.1
59864,Tm3,5948.1
52485,TmY3,5948.1
85536,T4a,5948.1
17266,LC4,5948.2
36695,Mi1,5948.2
69597,Tm3,5948.2
104714,T4b,5948.2
119651,T4c,5948.2
90135,T4c,5948.3
114201,T4c,5948.3
86635,T4c,5948.3
102462,T4c,5948.3
83067,T4b,5948.3
83979,T4a,5948.3
39405,Mi1,5948.3
111416,Tm3,5948.400000000001
105363,T4c,5948.400000000001
95345,T4d,5948.400000000001
86778,T4a,5948.400000000001
39692,TmY3,5948.400000000001
35777,Mi1,5948.400000000001
20588,LC4,5948.400000000001
23392,LC4,5948.400000000001
20542,LC4,5948.400000000001
12521,HST,5948.400000000001
10025,H2,5948.400000000001
10023,HSS,5948.400000000001
108349,T4d,5948.5
100785,T4b,5948.5
99316,T4b,5948.5
97184,T4d,5948.5
71036,T2a,5948.5
109649,T4c,5948.5
65513,T2a,5948.5
40085,Mi1,5948.5
38893,Mi1,5948.5
38791,Mi1,5948.5
35580,Mi1,5948.5
65531,T2a,5948.5
21313,LC4,5948.599999999999
37756,Mi1,5948.599999999999
44282,Mi1,5948.599999999999
46586,TmY3,5948.599999999999
96163,T4b,5948.700000000001
92684,T4c,5948.700000000001
38987,Mi1,5948.700000000001
10001,DNp01,5948.700000000001
79345,T2a,5948.700000000001
86932,T4b,5948.8
134372,Tm3,5948.8
106950,T4c,5948.8
106026,T4b,5948.8
102147,T4c,5948.8
101463,T4d,5948.8
94596,T4b,5948.8
72501,Mi1,5948.8
19420,LC4,5948.8
45322,Mi1,5948.8
39164,Mi1,5948.8
38487,Mi1,5948.8
16128,LC4,5948.8
10168,OA-VUMa6,5948.8
64849,Tm3,5948.8
116259,T4b,5948.9
105962,T4b,5948.9
99137,T4c,5948.9
96434,T4d,5948.9
87763,T4a,5948.9
105802,T4c,5948.9
42594,Mi1,5948.9
35934,Mi1,5948.9
34296,Mi1,5948.9
19954,LC4,5948.9
18189,LC4,5948.9
62757,T2a,5948.9
100924,T4b,5949.0
97853,T4c,5949.0
80302,T2a,5949.0
69546,Tm3,5949.0
61353,T2,5949.0
35416,Mi1,5949.0
20808,LC4,5949.0
36994,Mi1,5949.0
81548,T2a,5949.1
105379,T4c,5949.1
100673,T4b,5949.1
99609,T4a,5949.1
97784,T4c,5949.1
113991,T4d,5949.1
79358,T2a,5949.1
46784,Mi1,5949.1
11608,OA-VUMa2,5949.1
19634,LC4,5949.1
51049,Mi1,5949.1
44119,Mi1,5949.1
41545,Mi1,5949.1
91303,T4b,5949.2
65833,Mi1,5949.2
64149,Mi1,5949.2
42119,Mi1,5949.2
39595,Mi1,5949.2
101865,T4a,5949.2
38208,Mi1,5949.2
34079,Mi1,5949.2
34057,Mi1,5949.2
30803,LC4,5949.2
20917,LC4,5949.2
38514,Mi1,5949.2
525839,Mi1,5949.3
105199,T4d,5949.3
104412,T4a,5949.3
103383,T4c,5949.3
98300,T4a,5949.3
71583,Tm3,5949.3
66345,T2a,5949.3
38238,Mi1,5949.3
32893,Mi1,5949.3
87087,T2a,5949.3
80376,TmY3,5949.400000000001
105521,T4c,5949.400000000001
89573,T2a,5949.400000000001
38767,Mi1,5949.400000000001
96260,T4d,5949.400000000001
37677,Mi1,5949.400000000001
37839,Mi1,5949.400000000001
21225,LC4,5949.400000000001
87424,T4d,5949.400000000001
30480,LC4,5949.400000000001
24338,LC4,5949.5
37037,Mi1,5949.5
65052,T2,5949.5
88039,T4c,5949.5
103344,T4b,5949.5
103657,T4b,5949.6
109857,T4d,5949.6
94356,T4c,5949.6
88951,Tm3,5949.6
78477,T4a,5949.6
40944,Mi1,5949.6
39438,Mi1,5949.6
29563,LC4,5949.6
18127,LC4,5949.6
43063,Mi1,5949.6
92706,T4a,5949.7
98222,T4d,5949.7
93527,T4a,5949.7
85229,T4c,5949.7
31848,Mi1,5949.7
46230,TmY3,5949.7
34300,Mi1,5949.7
33091,Mi1,5949.7
73767,Mi1,5949.7
10015,HSN,5949.8
10016,HSE,5949.8
40235,Mi1,5949.8
97878,T4b,5949.8
103557,T4a,5949.8
69266,Tm3,5949.900000000001
92027,Tm3,5949.900000000001
107621,T4d,5949.900000000001
65671,Mi1,5949.900000000001
63868,T2a,5949.900000000001
35234,Mi1,5949.900000000001
10555,OA-VUMa3,5949.900000000001
64341,TmY3,5949.900000000001
22194,LC4,5950.0
38768,Mi1,5950.0
61960,T2,5950.0
62851,Tm3,5950.0
92047,T4c,5950.0
118948,T4d,5950.0
102479,T4c,5950.099999999999
101005,T4d,5950.099999999999
95017,T4c,5950.099999999999
88726,T4b,5950.099999999999
69540,TmY3,5950.099999999999
38710,Mi1,5950.099999999999
37699,Mi1,5950.099999999999
36646,Mi1,5950.099999999999
36446,Mi1,5950.099999999999
39716,Mi1,5950.099999999999
10037,VS,5950.200000000001
10311,VS,5950.200000000001
22975,LC4,5950.200000000001
38596,Mi1,5950.200000000001
38772,Mi1,5950.200000000001
54885,TmY3,5950.200000000001
125288,Tm3,5950.200000000001
97318,T4d,5950.3
100787,T4b,5950.3
99980,T4c,5950.3
96126,T4b,5950.3
114391,T4d,5950.3
82121,Tm3,5950.3
41950,Mi1,5950.3
35113,Mi1,5950.3
10012,VS,5950.3
86419,Tm3,5950.3
111423,T4c,5950.4
109225,T4a,5950.4
102791,T4c,5950.4
100282,T4a,5950.4
95005,T4a,5950.4
93142,T4a,5950.4
91222,T4d,5950.4
43485,Mi1,5950.4
39158,Mi1,5950.4
37585,Mi1,5950.4
36139,Mi1,5950.4
16628,LC4,5950.4
10799,OA-VUMa4,5950.4
48986,TmY3,5950.4
128726,Tm3,5950.5
104905,T4c,5950.5
85378,T4a,5950.5
43965,Mi1,5950.5
67464,Mi1,5950.5
34142,Mi1,5950.5
75521,T2a,5950.5
111180,T4c,5950.6
102845,T4b,5950.6
100345,T4c,5950.6
74023,T2a,5950.6
50333,TmY3,5950.6
42010,TmY3,5950.6
38708,Mi1,5950.6
35734,Mi1,5950.6
35235,Mi1,5950.6
20673,LC4,5950.6
39505,Mi1,5950.6
114793,T4b,5950.7
108066,T4b,5950.7
104017,T4b,5950.7
84366,T4b,5950.7
93025,T4b,5950.7
44592,TmY3,5950.7
42872,Mi1,5950.7
10687,OA-AL2i3,5950.7
10175,OA-VUMa6,5950.7
81378,T4b,5950.7
113983,T4d,5950.8
107075,T4d,5950.8
106745,T4b,5950.8
101945,T4b,5950.8
47962,TmY3,5950.8
22328,LC4,5950.8
17860,LC4,5950.8
10403,VS,5950.8
112619,T4d,5950.9
100215,T4c,5950.9
95921,T4c,5950.9
59959,Mi1,5950.9
39067,Mi1,5950.9
40958,Mi1,5950.9
36369,Mi1,5950.9
23098,LC4,5950.9
50955,TmY3,5950.9
40106,Mi1,5951.0
44527,Mi1,5951.0
55706,TmY3,5951.0
82674,T4a,5951.0
96365,T4a,5951.0
100897,T4c,5951.0
105135,T4c,5951.0
74411,Mi1,5951.1
87845,T4a,5951.1
69063,Mi1,5951.1
77920,Tm3,5951.1
11921,OA-VPM4,5951.1
10025,H2,5951.1
33326,Mi1,5951.1
10001,DNp01,5951.2
10112,VS,5951.2
11602,OA-ASM1,5951.2
25584,LC4,5951.2
37529,Mi1,5951.2
100774,T4a,5951.2
104972,T4a,5951.2
800146,TTMn,5951.2
94866,T4d,5951.2
65307,T2,5951.3
98654,T4d,5951.3
96199,T4a,5951.3
69961,Tm3,5951.3
65636,T2,5951.3
103527,T4c,5951.3
58224,Mi1,5951.3
43323,Mi1,5951.3
42758,Mi1,5951.3
42691,Mi1,5951.3
37113,Mi1,5951.3
21287,LC4,5951.3
46324,TmY3,5951.3
108438,T4d,5951.400000000001
107181,T4c,5951.400000000001
44449,TmY3,5951.400000000001
41626,Mi1,5951.400000000001
23929,LC4,5951.400000000001
19550,LC4,5951.400000000001
16138,LC4,5951.400000000001
36177,Mi1,5951.400000000001
56564,Mi1,5951.5
95681,T4a,5951.5
85535,T2a,5951.5
43783,Mi1,5951.5
116129,T4b,5951.5
36990,Mi1,5951.5
33394,Mi1,5951.5
17364,LC4,5951.5
41522,Mi1,5951.5
10072,OA-AL2i1,5951.599999999999
37243,Mi1,5951.599999999999
37927,Mi1,5951.599999999999
78805,T2a,5951.599999999999
80197,T4a,5951.599999999999
94549,T4b,5951.599999999999
113648,T4c,5951.700000000001
100032,T4c,5951.700000000001
93224,T4a,5951.700000000001
80913,T4a,5951.700000000001
40171,Mi1,5951.700000000001
39525,Mi1,5951.700000000001
83191,T4a,5951.700000000001
19543,LC4,5951.700000000001
19260,LC4,5951.700000000001
17926,LC4,5951.700000000001
10658,OA-AL2i3,5951.700000000001
10023,HSS,5951.700000000001
34329,Mi1,5951.700000000001
101480,T4c,5951.8
68412,T2a,5951.8
45176,Mi1,5951.8
49324,Mi1,5951.8
37555,Mi1,5951.8
33216,Mi1,5951.8
11005,OA-VUMa4,5951.8
37599,Mi1,5951.8
35888,Mi1,5951.9
37084,Mi1,5951.9
65443,T2a,5951.9
90112,T4c,5951.9
102016,T4a,5951.9
122233,Tm3,5952.0
112344,T4c,5952.0
98039,T4d,5952.0
91325,T4a,5952.0
34867,Mi1,5952.0
44700,Mi1,5952.0
34606,Mi1,5952.0
10206,VS,5952.0
85074,T4a,5952.0
10041,OA-VUMa1,5952.1
10755,H1,5952.1
37019,Mi1,5952.1
45349,Mi1,5952.1
58945,Tm3,5952.1
70177,T2,5952.1
90533,T4c,5952.1
98226,T4b,5952.1
542412,Mi1,5952.2
98467,T4d,5952.2
96657,T4c,5952.2
109868,Tm3,5952.2
37108,Mi1,5952.2
35774,Mi1,5952.2
31492,Mi1,5952.2
68933,Tm3,5952.2
112750,T4c,5952.3
109593,Tm3,5952.3
95335,T4a,5952.3
537004,VSm,5952.3
37270,Mi1,5952.3
21336,LC4,5952.3
75966,T2a,5952.3
11134,VSm,5952.4
38455,Mi1,5952.4
39718,Mi1,5952.4
85866,T4b,5952.4
98887,T4b,5952.4
101244,T4b,5952.4
73029,T2,5952.5
111928,T4b,5952.5
527408,LC4,5952.5
72665,Mi1,5952.5
106894,T4b,5952.5
37353,Mi1,5952.5
34862,Mi1,5952.5
12109,OA-VUMa2,5952.5
10284,VS,5952.5
41809,Mi1,5952.5
114207,T4a,5952.6
99922,T4c,5952.6
92644,T4d,5952.6
57398,Mi1,5952.6
20634,VST1,5952.6
20399,LC4,5952.6
19794,LC4,5952.6
10204,OA-AL2i2,5952.6
41435,Mi1,5952.6
107095,T4c,5952.7
126419,T4d,5952.7
100946,T4c,5952.7
100501,T4b,5952.7
95287,T4a,5952.7
76788,T4b,5952.7
10016,HSE,5952.7
124357,T4d,5952.8
115818,T4a,5952.8
113107,T4a,5952.8
112179,T4b,5952.8
97028,T4c,5952.8
90423,T4b,5952.8
48607,TmY3,5952.8
41709,Mi1,5952.8
21151,LC4,5952.8
93972,T4a,5952.8
83689,T4a,5952.900000000001
526158,Mi1,5952.900000000001
96852,T4a,5952.900000000001
94153,T4d,5952.900000000001
82208,T2a,5952.900000000001
90888,T4b,5952.900000000001
50345,TmY3,5952.900000000001
62569,T2,5952.900000000001
43414,Mi1,5952.900000000001
36540,Mi1,5952.900000000001
35806,Mi1,5952.900000000001
108325,T4c,5953.0
104858,T4b,5953.0
102975,T4b,5953.0
96003,T4d,5953.0
74860,Tm3,5953.0
73385,T2a,5953.0
69380,Tm3,5953.0
110040,T4c,5953.0
43978,Mi1,5953.0
36911,Mi1,5953.0
23392,LC4,5953.0
22847,LC4,5953.0
21313,LC4,5953.0
10015,HSN,5953.0
63994,Mi1,5953.0
36252,Mi1,5953.1
36660,Mi1,5953.1
62560,T2,5953.1
82855,Tm3,5953.1
111685,T4d,5953.200000000001
110646,T4b,5953.200000000001
108475,T4b,5953.200000000001
85170,T4c,5953.200000000001
83465,T4a,5953.200000000001
36533,Mi1,5953.200000000001
42533,TmY3,5953.200000000001
40635,Mi1,5953.200000000001
27788,Mi1,5953.200000000001
23606,Mi1,5953.200000000001
78086,T4c,5953.200000000001
85429,T4d,5953.3
117039,T4c,5953.3
105122,T4b,5953.3
95736,T4c,5953.3
76121,Tm3,5953.3
20542,LC4,5953.3
36217,Mi1,5953.3
35100,Mi1,5953.3
34171,Mi1,5953.3
33918,Mi1,5953.3
67971,Tm3,5953.3
10037,VS,5953.400000000001
17054,LC4,5953.400000000001
19954,LC4,5953.400000000001
39275,Mi1,5953.400000000001
59528,T2a,5953.400000000001
76003,Tm3,5953.400000000001
91179,T4a,5953.400000000001
97888,Tm3,5953.400000000001
108344,T4d,5953.400000000001
102595,T4d,5953.5
98409,T4c,5953.5
100046,T4b,5953.5
80812,T4a,5953.5
96211,T4d,5953.5
38178,Mi1,5953.6
10080,OA-VUMa3,5953.6
11264,OA-ASM1,5953.6
16128,LC4,5953.6
17548,LC4,5953.6
20016,LC4,5953.6
22034,LC4,5953.6
34933,Mi1,5953.6
68730,T2,5953.6
75712,Tm3,5953.6
79271,T4a,5953.6
92082,T4b,5953.6
93947,T4a,5953.6
102801,T4b,5953.6
93564,T4d,5953.700000000001
106200,T4c,5953.700000000001
61292,T2,5953.700000000001
10001,DNp01,5953.700000000001
10322,OA-AL2i2,5953.700000000001
20808,LC4,5953.700000000001
109336,T4b,5953.8
94368,T4a,5953.8
91313,T4a,5953.8
70490,Mi1,5953.8
67408,Mi1,5953.8
79449,T4b,5953.8
40596,Mi1,5953.8
24338,LC4,5953.8
22966,LC4,5953.8
21225,LC4,5953.8
42942,Mi1,5953.8
72655,Mi1,5953.9
104931,T4c,5953.9
94305,T4a,5953.9
104942,T4a,5953.9
80282,T4d,5953.9
70281,T2a,5953.9
17668,LC4,5953.9
47465,TmY3,5953.9
42856,Mi1,5953.9
18127,LC4,5953.9
10825,OA-AL2i3,5953.9
10025,H2,5953.9
50871,TmY3,5953.9
98692,T4a,5954.000000000001
114995,T4b,5954.000000000001
111380,Tm3,5954.000000000001
107334,T4a,5954.000000000001
74303,Mi1,5954.000000000001
72279,Mi1,5954.000000000001
50552,Mi1,5954.000000000001
35724,Mi1,5954.000000000001
35602,Mi1,5954.000000000001
35260,Mi1,5954.000000000001
107420,T4b,5954.1
105242,T4c,5954.1
99292,T4a,5954.1
90259,T4d,5954.1
90145,T4a,5954.1
89485,T4a,5954.1
75473,Tm3,5954.1
35770,Mi1,5954.1
35572,Mi1,5954.1
31262,LC4,5954.1
10269,OA-AL2i2,5954.1
84008,T4c,5954.1
101033,T4d,5954.2
121887,T4b,5954.2
118385,T4b,5954.2
111783,T4a,5954.2
103302,T4c,5954.2
98751,T4a,5954.2
74044,Tm3,5954.2
87412,T4c,5954.2
80358,Tm3,5954.2
79253,T4a,5954.2
62078,Mi1,5954.2
28945,LC4,5954.2
88398,T4a,5954.2
74891,T2a,5954.3
121313,T4d,5954.3
98000,T4b,5954.3
95822,T4b,5954.3
84490,T4a,5954.3
80670,T4a,5954.3
77891,Tm3,5954.3
71361,Tm3,5954.3
51122,Mi1,5954.3
51848,TmY3,5954.3
50633,TmY3,5954.3
47211,Mi1,5954.3
41613,Mi1,5954.3
38241,Mi1,5954.3
21165,LC4,5954.3
17987,LC4,5954.3
57349,Mi1,5954.3
111852,T4a,5954.400000000001
98361,T4a,5954.400000000001
90520,T4a,5954.400000000001
86558,T4b,5954.400000000001
76446,TmY3,5954.400000000001
90097,T4c,5954.400000000001
47842,TmY3,5954.400000000001
39791,Mi1,5954.400000000001
37509,Mi1,5954.400000000001
33462,Mi1,5954.400000000001
18189,LC4,5954.400000000001
69978,T2,5954.400000000001
99670,T4c,5954.5
90371,T4d,5954.5
85778,T4b,5954.5
79413,T4b,5954.5
78940,T4a,5954.5
66808,Tm3,5954.5
64633,T2a,5954.5
47240,TmY3,5954.5
20588,LC4,5954.5
69186,Tm3,5954.5
92346,T4a,5954.6
108847,T4d,5954.6
79297,T4a,5954.6
66852,Mi1,5954.6
63050,T2a,5954.6
46662,TmY3,5954.6
35840,Mi1,5954.6
19420,LC4,5954.6
33446,Mi1,5954.7
36305,Mi1,5954.7
41399,Mi1,5954.7
96931,T4b,5954.7
97256,T4c,5954.8
96424,T4b,5954.8
80483,T4c,5954.8
46827,Mi1,5954.8
87566,T4a,5954.8
78820,T2a,5954.900000000001
127170,Tm3,5954.900000000001
102220,T4a,5954.900000000001
91629,T4a,5954.900000000001
87289,T4a,5954.900000000001
42006,TmY3,5954.900000000001
37733,TmY3,5954.900000000001
35712,Mi1,5954.900000000001
35045,Mi1,5954.900000000001
34626,Mi1,5954.900000000001
10012,VS,5954.900000000001
75381,Tm3,5954.900000000001
107445,T4a,5955.0
10677,OA-AL2i4,5955.0
39651,Mi1,5955.0
48514,TmY3,5955.0
52350,Mi1,5955.0
66604,TmY3,5955.0
98175,T4c,5955.0
98504,T4c,5955.0
101302,T4d,5955.0
75660,T2a,5955.1
38857,Mi1,5955.1
91076,T4a,5955.1
62894,Tm3,5955.1
10023,HSS,5955.1
33017,Mi1,5955.1
41136,Mi1,5955.1
17266,LC4,5955.200000000001
23792,LC4,5955.200000000001
34189,Mi1,5955.200000000001
48547,TmY3,5955.200000000001
89784,T4b,5955.200000000001
94624,T4a,5955.200000000001
103722,T4c,5955.200000000001
104683,T4b,5955.200000000001
100874,T4a,5955.3
94743,T4d,5955.3
94058,T4b,5955.3
80793,T2a,5955.3
66227,Tm3,5955.3
40426,Mi1,5955.3
36954,Mi1,5955.3
12896,OA-VUMa5,5955.3
10112,VS,5955.3
63468,Mi1,5955.3
104674,T4a,5955.4
22194,LC4,5955.4
34272,Mi1,5955.4
36410,Mi1,5955.4
45719,Mi1,5955.4
71931,Tm3,5955.4
83042,T4b,5955.4
83583,T4d,5955.4
94081,T4c,5955.4
102910,T4b,5955.4
95227,T4a,5955.500000000001
82099,T4b,5955.500000000001
104996,T4a,5955.500000000001
67719,T2a,5955.500000000001
45696,Mi1,5955.500000000001
52328,TmY3,5955.500000000001
43689,Mi1,5955.500000000001
36452,Mi1,5955.500000000001
16628,LC4,5955.500000000001
100261,T4c,5955.6
91934,T4a,5955.6
86578,T4c,5955.6
78911,Tm3,5955.6
75550,Tm3,5955.6
74927,Tm3,5955.6
60857,Mi1,5955.6
44438,Mi1,5955.6
35173,Mi1,5955.6
22328,LC4,5955.6
10016,HSE,5955.6
65235,T2,5955.6
104336,T4b,5955.7
100247,T4c,5955.7
34479,Mi1,5955.7
39894,T4b,5955.7
67308,Mi1,5955.7
98668,T4a,5955.8
20282,LC4,5955.8
26112,LC4,5955.8
37631,Mi1,5955.8
49372,TmY3,5955.8
53065,Mi1,5955.8
77138,Tm3,5955.8
80855,Tm3,5955.8
84063,T4b,5955.8
85152,T4c,5955.8
88625,T4c,5955.8
72796,Tm3,5955.900000000001
79936,Tm3,5955.900000000001
60698,TmY3,5955.900000000001
106166,T4b,5956.0
20673,LC4,5956.0
20917,LC4,5956.0
35683,Mi1,5956.0
48286,Mi1,5956.0
74159,Tm3,5956.0
75118,T2a,5956.0
83438,T4a,5956.0
92652,T2a,5956.0
96671,T4c,5956.0
42675,Mi1,5956.1
84631,T4c,5956.1
95235,T4d,5956.1
44564,TmY3,5956.2
48894,TmY3,5956.2
16138,LC4,5956.2
103425,T4a,5956.2
109153,T4a,5956.2
41637,Mi1,5956.2
60979,TmY3,5956.2
39727,Mi1,5956.2
10755,H1,5956.2
38461,Mi1,5956.2
34045,Mi1,5956.2
23098,LC4,5956.2
12521,HST,5956.2
287884,OA-VPM3,5956.2
10001,DNp01,5956.2
39629,Mi1,5956.2
77775,T2a,5956.3
73021,T2a,5956.3
94973,T4c,5956.3
93509,T4b,5956.3
69980,Tm3,5956.3
92054,T4b,5956.3
66214,T2a,5956.3
10015,HSN,5956.3
39858,Mi1,5956.3
69778,T2,5956.3
63175,Mi1,5956.3
10110,OA-VUMa1,5956.400000000001
10226,OA-AL2i3,5956.400000000001
25584,LC4,5956.400000000001
29563,LC4,5956.400000000001
78014,T2a,5956.400000000001
103570,T4d,5956.400000000001
106840,T4b,5956.400000000001
107715,T4a,5956.400000000001
111184,T4a,5956.400000000001
546524,Mi1,5956.5
125396,T4b,5956.5
109631,T4b,5956.5
103025,T4a,5956.5
81733,Tm3,5956.5
78603,Tm3,5956.5
72896,Tm3,5956.5
71933,T2,5956.5
48531,Mi1,5956.5
41654,Mi1,5956.5
38721,Mi1,5956.5
78470,Tm3,5956.5
100855,T4a,5956.599999999999
100274,T4a,5956.599999999999
98985,T4c,5956.599999999999
93045,T4b,5956.599999999999
46248,Mi1,5956.599999999999
88281,T4b,5956.599999999999
72558,T2a,5956.700000000001
88815,T4d,5956.700000000001
85856,TmY3,5956.700000000001
81836,T2a,5956.700000000001
99663,T4c,5956.700000000001
38227,Mi1,5956.700000000001
21804,LC4,5956.700000000001
10206,VS,5956.700000000001
10037,VS,5956.700000000001
10025,H2,5956.700000000001
37088,Mi1,5956.700000000001
110988,T4a,5956.8
109217,T4b,5956.8
92472,T4c,5956.8
91444,T4c,5956.8
83556,Tm3,5956.8
79646,Tm3,5956.8
68562,T2a,5956.8
40411,Mi1,5956.8
88575,T4b,5956.8
122273,Tm3,5956.9
97326,T4c,5956.9
65106,T2,5956.9
80884,T2a,5956.9
38065,LC4,5956.9
33942,Mi1,5956.9
40577,Mi1,5956.9
129930,Tm3,5957.0
105565,Tm3,5957.0
100838,T4c,5957.0
95629,T4c,5957.0
84773,T2a,5957.0
94546,T4b,5957.0
37123,Mi1,5957.0
30803,LC4,5957.0
19634,LC4,5957.0
19543,LC4,5957.0
81215,Tm3,5957.0
97105,T4d,5957.1
101245,T4a,5957.1
100488,T4c,5957.1
99572,T4a,5957.1
87203,T4a,5957.1
72938,T2a,5957.1
78108,T2a,5957.1
41296,Mi1,5957.1
17926,LC4,5957.1
10265,OA-AL2i2,5957.1
105862,T4d,5957.2
104257,T4b,5957.2
98817,T4a,5957.2
96784,T4b,5957.2
96394,T4b,5957.2
85126,T4a,5957.2
99011,T4c,5957.2
78856,Tm3,5957.2
44222,Mi1,5957.2
34463,Mi1,5957.2
22975,LC4,5957.2
21313,LC4,5957.2
19260,LC4,5957.2
84663,T2a,5957.2
96134,T4b,5957.3
89102,T4d,5957.3
88933,T4a,5957.3
68167,Tm3,5957.3
63420,Mi1,5957.3
38632,Mi1,5957.3
40219,Mi1,5957.3
38421,Mi1,5957.3
36346,Mi1,5957.3
21336,LC4,5957.3
58862,Mi1,5957.3
102113,T4b,5957.400000000001
539983,T4c,5957.400000000001
93688,T4a,5957.400000000001
89368,T4c,5957.400000000001
78308,T2a,5957.400000000001
72132,Tm3,5957.400000000001
41659,Mi1,5957.400000000001
108625,T4b,5957.5
83125,T4b,5957.5
74807,TmY3,5957.5
93566,T4a,5957.5
37224,Mi1,5957.5
23392,LC4,5957.5
43872,Mi1,5957.5
92957,T4d,5957.6
118232,T4d,5957.6
110742,T4c,5957.6
107640,T4c,5957.6
102786,Tm3,5957.6
93750,T4c,5957.6
90740,Tm3,5957.6
61500,Tm3,5957.6
68475,T2a,5957.6
57950,Tm3,5957.6
56918,TmY3,5957.6
35890,Mi1,5957.6
30923,TmY3,5957.6
17364,LC4,5957.6
89728,Tm3,5957.6
111746,Tm3,5957.7
36275,Mi1,5957.7
41120,Mi1,5957.7
69543,T2a,5957.7
93935,T4a,5957.7
107609,T4d,5957.7
111010,T4c,5957.8
106922,T4c,5957.8
119959,T4d,5957.8
89934,T4d,5957.8
100856,T4a,5957.8
76524,Tm3,5957.8
32962,TmY3,5957.8
19954,LC4,5957.8
89483,T4a,5957.8
108948,T4b,5957.900000000001
110987,Tm3,5957.900000000001
98393,T4a,5957.900000000001
97545,T4c,5957.900000000001
93985,T4c,5957.900000000001
71230,Tm3,5957.900000000001
46745,Mi1,5957.900000000001
38993,Mi1,5957.900000000001
35405,Mi1,5957.900000000001
20542,LC4,5957.900000000001
83677,T4c,5957.900000000001
81305,Tm3,5958.0
69164,Mi1,5958.0
34899,Mi1,5958.0
37294,Mi1,5958.0
10072,OA-AL2i1,5958.099999999999
24338,LC4,5958.099999999999
64540,T2,5958.099999999999
76528,Tm3,5958.099999999999
83613,T4b,5958.099999999999
100105,T4a,5958.099999999999
800146,TTMn,5958.099999999999
101685,T4b,5958.200000000001
104753,T4a,5958.200000000001
95007,T4a,5958.200000000001
537004,VSm,5958.200000000001
112362,T4c,5958.200000000001
93941,T4b,5958.200000000001
90493,T4b,5958.200000000001
90219,T4a,5958.200000000001
87106,T4a,5958.200000000001
70800,Tm3,5958.200000000001
40505,Mi1,5958.200000000001
18127,LC4,5958.200000000001
12688,OA-ASM1,5958.200000000001
106952,T4b,5958.3
104256,T4a,5958.3
94147,T4a,5958.3
79259,T4b,5958.3
59397,Mi1,5958.3
49441,TmY3,5958.3
44746,TmY3,5958.3
55976,Mi1,5958.3
37568,Mi1,5958.3
37044,Mi1,5958.3
20808,LC4,5958.3
20399,LC4,5958.3
16128,LC4,5958.3
10187,OA-VPM3,5958.3
43313,TmY3,5958.3
109172,T4b,5958.4
109023,T4c,5958.4
106190,T4d,5958.4
90474,T4b,5958.4
24867,VST1,5958.4
38687,Mi1,5958.4
10185,OA-VUMa8,5958.4
74259,T2a,5958.4
84267,T4c,5958.5
86630,Tm3,5958.5
81620,T2a,5958.5
88084,T4b,5958.5
21225,LC4,5958.5
10023,HSS,5958.5
77527,T4a,5958.5
105214,T4c,5958.5
82964,T2a,5958.6
88353,T4b,5958.6
81064,Tm3,5958.6
99163,T4a,5958.6
90058,T4a,5958.6
71052,T2a,5958.6
77480,Tm3,5958.6
37000,Mi1,5958.6
21287,LC4,5958.6
19794,LC4,5958.6
17860,LC4,5958.6
10687,OA-AL2i3,5958.6
10016,HSE,5958.6
117151,T4d,5958.7
108757,T4c,5958.7
94703,T4c,5958.7
92281,T4c,5958.7
90121,T4b,5958.7
85009,Tm3,5958.7
81996,T2a,5958.7
93360,T4b,5958.7
69228,T2a,5958.7
39688,Mi1,5958.7
35498,Mi1,5958.7
19550,LC4,5958.7
10284,VS,5958.7
10001,DNp01,5958.7
74231,Tm3,5958.7
112369,T4d,5958.8
102295,T4d,5958.8
99387,T4a,5958.8
74375,Tm3,5958.8
71161,T2a,5958.8
38748,Mi1,5958.8
34938,Mi1,5958.8
34404,Mi1,5958.8
33907,Mi1,5958.8
40703,Mi1,5958.8
59008,Mi1,5958.9
89139,T4c,5958.9
108974,T4c,5959.0
107819,T4c,5959.0
101441,T4a,5959.0
48060,Mi1,5959.0
11134,VSm,5959.0
38477,Mi1,5959.1
42895,Mi1,5959.1
103497,Tm3,5959.1
108740,T4c,5959.1
97677,T4c,5959.2
95928,T4c,5959.2
91913,T4b,5959.2
86416,T4a,5959.2
57239,Mi1,5959.2
45319,Mi1,5959.2
38529,Mi1,5959.2
75298,T2a,5959.2
87873,T4b,5959.3
101228,T4a,5959.3
97145,T4c,5959.3
87565,T4a,5959.3
84328,T4a,5959.3
75343,Tm3,5959.3
57247,TmY3,5959.3
48267,TmY3,5959.3
151155,T4b,5959.400000000001
101721,T4d,5959.400000000001
71437,T2a,5959.400000000001
105115,T4d,5959.400000000001
10112,VS,5959.400000000001
10015,HSN,5959.400000000001
64485,T2,5959.400000000001
77361,T4a,5959.5
100799,T4c,5959.5
98381,T4d,5959.5
97675,T4c,5959.5
79138,T2a,5959.5
77972,Tm3,5959.5
71447,T4c,5959.5
77174,T2a,5959.5
58967,TmY3,5959.5
10025,H2,5959.5
10120,OA-VPM4,5959.5
11608,OA-VUMa2,5959.5
65009,T2,5959.5
25893,VST1,5959.5
45005,TmY3,5959.5
17548,LC4,5959.5
533688,Tm3,5959.599999999999
103033,T4a,5959.599999999999
86141,T4b,5959.599999999999
85938,T4a,5959.599999999999
82724,Tm3,5959.599999999999
103073,T4a,5959.599999999999
70635,Tm3,5959.599999999999
70188,T2,5959.599999999999
49788,TmY3,5959.599999999999
37948,Mi1,5959.599999999999
71089,Mi1,5959.599999999999
286259,OA-ASM1,5959.700000000001
110555,T4b,5959.700000000001
108199,T4c,5959.700000000001
82299,T4c,5959.700000000001
70812,TmY3,5959.700000000001
40716,Tm3,5959.700000000001
34356,Mi1,5959.700000000001
10012,VS,5959.700000000001
40936,Mi1,5959.700000000001
10168,OA-VUMa6,5959.700000000001
40256,Mi1,5959.8
78739,T4b,5959.8
83204,T4d,5959.8
107529,T4d,5959.8
105640,T4d,5959.9
94283,T4d,5959.9
94324,Tm3,5959.9
89282,T4a,5959.9
68842,TmY3,5959.9
33110,Mi1,5959.9
10037,VS,5959.9
83307,Tm3,5959.9
109774,T4d,5960.0
103867,T4a,5960.0
93927,T4a,5960.0
92593,T4d,5960.0
80437,Tm3,5960.0
72619,T2a,5960.0
71029,T2,5960.0
69915,TmY3,5960.0
103195,T4a,5960.0
43615,Mi1,5960.0
40795,Mi1,5960.0
37853,Mi1,5960.0
35017,Mi1,5960.0
33614,Mi1,5960.0
30997,Mi1,5960.0
22034,LC4,5960.0
10799,OA-VUMa4,5960.0
50311,TmY3,5960.0
128916,Tm3,5960.1
118029,T4b,5960.1
112027,T4d,5960.1
102540,T4b,5960.1
94668,T4d,5960.1
81883,T2a,5960.1
36684,Mi1,5960.1
67113,Mi1,5960.1
40400,Mi1,5960.1
35836,Mi1,5960.1
35001,Mi1,5960.1
34369,Mi1,5960.1
77307,Tm3,5960.1
85598,T4b,5960.2
92996,T4a,5960.2
88152,T4c,5960.2
83009,T4b,5960.2
32535,Mi1,5960.2
68212,T2a,5960.2
35218,Mi1,5960.2
81950,Tm3,5960.2
10755,H1,5960.2
527408,LC4,5960.3
132198,Tm3,5960.3
94953,T4d,5960.3
94471,T4a,5960.3
90952,T4c,5960.3
90567,T4b,5960.3
89409,T4a,5960.3
45162,TmY3,5960.3
36881,Mi1,5960.3
23929,LC4,5960.3
17668,LC4,5960.3
90206,T4b,5960.3
78422,Tm3,5960.4
110657,T4a,5960.4
98325,T4d,5960.4
91987,T4c,5960.4
56007,TmY3,5960.4
11005,OA-VUMa4,5960.4
30480,LC4,5960.4
22194,LC4,5960.4
17054,LC4,5960.4
10322,OA-AL2i2,5960.4
35897,Mi1,5960.4
10652,OA-AL2i4,5960.5
22328,LC4,5960.5
36158,Mi1,5960.5
54087,Mi1,5960.5
77623,T2a,5960.5
135612,Tm3,5960.5
97866,T4d,5960.6
102814,T4b,5960.6
76325,T2a,5960.6
51191,TmY3,5960.6
39692,TmY3,5960.6
38791,Mi1,5960.6
35447,Mi1,5960.6
35428,Mi1,5960.6
125171,Tm3,5960.7
102564,T4a,5960.7
93865,T4c,5960.7
83379,Tm3,5960.7
73619,T2a,5960.7
39500,Mi1,5960.7
37680,Mi1,5960.7
16628,LC4,5960.7
16138,LC4,5960.7
47368,TmY3,5960.7
90027,T4c,5960.8
104027,T4d,5960.8
100750,T4c,5960.8
97186,T4a,5960.8
91469,T4c,5960.8
88005,T4d,5960.8
47967,Mi1,5960.8
35512,Mi1,5960.8
22108,TmY3,5960.8
18189,LC4,5960.8
86992,T4b,5960.8
109142,T4b,5960.900000000001
35152,Mi1,5960.900000000001
38479,Mi1,5960.900000000001
41804,Mi1,5960.900000000001
42048,Mi1,5960.900000000001
71164,Mi1,5960.900000000001
88722,T4c,5960.900000000001
101589,T4a,5960.900000000001
105403,T4c,5960.900000000001
81015,T4a,5961.0
45948,TmY3,5961.0
91725,T4b,5961.0
89825,T4a,5961.0
38648,Mi1,5961.0
19420,LC4,5961.0
33655,Mi1,5961.0
20016,LC4,5961.0
38514,Mi1,5961.0
22847,LC4,5961.0
20588,LC4,5961.0
10269,OA-AL2i2,5961.1
15422,VST2,5961.1
38230,Mi1,5961.1
90049,T4c,5961.1
93419,T4b,5961.1
97899,T4a,5961.1
98890,T4c,5961.1
82515,Tm3,5961.1
105849,T4d,5961.200000000001
99731,T4c,5961.200000000001
104390,T4a,5961.200000000001
101772,Tm3,5961.200000000001
101134,T4c,5961.200000000001
91804,T4d,5961.200000000001
71765,T2a,5961.200000000001
41668,Mi1,5961.200000000001
20673,LC4,5961.200000000001
10001,DNp01,5961.200000000001
95985,T4c,5961.200000000001
21151,LC4,5961.3
40832,Mi1,5961.3
93166,T4c,5961.3
95926,T4a,5961.3
106401,T4d,5961.3
109598,T4b,5961.3
113414,T4d,5961.3
93302,T4b,5961.400000000001
89290,T4d,5961.400000000001
88491,T4a,5961.400000000001
80284,Tm3,5961.400000000001
70093,Tm3,5961.400000000001
77910,Tm3,5961.400000000001
37371,Mi1,5961.400000000001
34057,Mi1,5961.400000000001
79483,Tm3,5961.400000000001
117662,T4d,5961.5
101620,T4b,5961.5
88617,T4a,5961.5
69425,T2a,5961.5
68982,Tm3,5961.5
67150,T2a,5961.5
106121,T4a,5961.5
37138,Mi1,5961.5
35845,Mi1,5961.5
35416,Mi1,5961.5
10041,OA-VUMa1,5961.5
10016,HSE,5961.5
40026,TmY3,5961.5
119601,T4d,5961.6
106530,T4d,5961.6
96830,T4b,5961.6
85731,T4d,5961.6
75027,Tm3,5961.6
40235,Mi1,5961.6
37037,Mi1,5961.6
23098,LC4,5961.6
16570,VST2,5961.6
61659,Tm3,5961.6
67072,T2a,5961.700000000001
116343,T4a,5961.700000000001
92415,T4a,5961.700000000001
38208,Mi1,5961.700000000001
10011,OA-AL2i1,5961.700000000001
38133,Mi1,5961.700000000001
25584,LC4,5961.700000000001
61768,T2,5961.700000000001
547091,T2,5961.8
131034,Tm3,5961.8
118502,T4b,5961.8
99310,T4a,5961.8
77039,T2a,5961.8
65298,T2a,5961.8
60510,T2,5961.8
58527,TmY3,5961.8
39743,Mi1,5961.8
23392,LC4,5961.8
17926,LC4,5961.8
17266,LC4,5961.8
10825,OA-AL2i3,5961.8
115422,T4c,5961.9
112458,T4b,5961.9
112453,T4c,5961.9
104621,T4c,5961.9
73828,Tm3,5961.9
78597,T2a,5961.9
29563,LC4,5961.9
21313,LC4,5961.9
92431,T4a,5961.9
107628,T4d,5962.000000000001
100087,T4b,5962.000000000001
92993,Tm3,5962.000000000001
75848,T2a,5962.000000000001
70289,Mi1,5962.000000000001
67810,Tm3,5962.000000000001
38893,Mi1,5962.000000000001
10206,VS,5962.000000000001
10023,HSS,5962.000000000001
38987,Mi1,5962.000000000001
82549,T4b,5962.1
100867,T4b,5962.1
44747,TmY3,5962.1
35580,Mi1,5962.1
40854,Mi1,5962.1
44119,Mi1,5962.1
33766,Mi1,5962.1
111623,T4a,5962.2
94482,T4d,5962.2
89020,T4a,5962.2
74287,Tm3,5962.2
91057,T4c,5962.2
44282,Mi1,5962.2
37756,Mi1,5962.2
37390,Mi1,5962.2
10311,VS,5962.2
72794,Tm3,5962.2
63673,Tm3,5962.3
108307,T4b,5962.3
105718,T4b,5962.3
75557,Tm3,5962.3
67614,Mi1,5962.3
111581,T4d,5962.3
67152,Tm3,5962.3
62838,TmY3,5962.3
37391,Mi1,5962.3
38767,Mi1,5962.3
38238,Mi1,5962.3
34079,Mi1,5962.3
21336,LC4,5962.3
18127,LC4,5962.3
10025,H2,5962.3
42594,Mi1,5962.3
99950,T4c,5962.400000000001
127153,Tm3,5962.400000000001
113207,T4d,5962.400000000001
103479,T4c,5962.400000000001
102770,T4a,5962.400000000001
98137,T4d,5962.400000000001
41536,Mi1,5962.400000000001
68264,Tm3,5962.400000000001
91510,T4c,5962.400000000001
39164,Mi1,5962.400000000001
35777,Mi1,5962.400000000001
34849,Mi1,5962.400000000001
24338,LC4,5962.400000000001
102229,T4d,5962.5
97769,T4a,5962.5
85737,T2a,5962.5
78421,T2a,5962.5
53280,TmY3,5962.5
38487,Mi1,5962.5
171349687,Tm3,5962.5
35290,Mi1,5962.5
34300,Mi1,5962.5
21165,LC4,5962.5
20917,LC4,5962.5
19543,LC4,5962.5
10015,HSN,5962.5
37677,Mi1,5962.5
94071,T4a,5962.6
90796,T4d,5962.6
82313,T4a,5962.6
93482,T4d,5962.6
41545,Mi1,5962.6
40944,Mi1,5962.6
19260,LC4,5962.6
51049,Mi1,5962.6
10175,OA-VUMa6,5962.7
34296,Mi1,5962.7
55101,Mi1,5962.7
64260,T2,5962.7
71938,T2a,5962.7
123514,Tm3,5962.7
91914,T4a,5962.8
95528,T4d,5962.8
108697,T4d,5962.8
93957,T4b,5962.8
93479,T4d,5962.8
81309,T2a,5962.8
19954,LC4,5962.8
64149,Mi1,5962.8
60643,Tm3,5962.8
33091,Mi1,5962.8
23792,LC4,5962.8
17987,LC4,5962.8
66872,T2,5962.8
122308,Tm3,5962.900000000001
108161,T4a,5962.900000000001
100956,T4d,5962.900000000001
72501,Mi1,5962.900000000001
48930,TmY3,5962.900000000001
40085,Mi1,5962.900000000001
37699,Mi1,5962.900000000001
32893,Mi1,5962.900000000001
104884,T4b,5963.0
102481,T4a,5963.0
101994,T4a,5963.0
95554,T4b,5963.0
87808,T4a,5963.0
80838,T2a,5963.0
12521,HST,5963.0
36139,Mi1,5963.0
35934,Mi1,5963.0
34658,Mi1,5963.0
20808,LC4,5963.0
45322,Mi1,5963.0
69063,Mi1,5963.099999999999
91505,T4c,5963.099999999999
99628,T4b,5963.099999999999
66538,T2,5963.099999999999
22966,LC4,5963.099999999999
37438,Mi1,5963.099999999999
22975,LC4,5963.099999999999
10037,VS,5963.099999999999
39405,Mi1,5963.099999999999
110712,T4c,5963.200000000001
108870,T4a,5963.200000000001
104144,T2,5963.200000000001
97872,T4d,5963.200000000001
98139,T4d,5963.200000000001
56564,Mi1,5963.200000000001
42872,Mi1,5963.200000000001
36646,Mi1,5963.200000000001
21225,LC4,5963.200000000001
88460,T2a,5963.200000000001
87722,T2a,5963.3
117627,Tm3,5963.3
104478,T4d,5963.3
101742,T4c,5963.3
100033,T4c,5963.3
90900,T4a,5963.3
82536,T4d,5963.3
35234,Mi1,5963.3
59959,Mi1,5963.3
42691,Mi1,5963.3
37839,Mi1,5963.3
31848,Mi1,5963.3
10658,OA-AL2i3,5963.3
63021,Tm3,5963.3
98398,T4c,5963.4
800146,TTMn,5963.4
112744,T4d,5963.4
108824,T4d,5963.4
107464,T4a,5963.4
97835,T4a,5963.4
38768,Mi1,5963.4
26112,LC4,5963.4
16128,LC4,5963.4
10555,OA-VUMa3,5963.4
10112,VS,5963.4
80582,T4a,5963.4
106510,T4b,5963.500000000001
20282,LC4,5963.500000000001
20542,LC4,5963.500000000001
35734,Mi1,5963.500000000001
58553,TmY3,5963.500000000001
120312,Tm3,5963.500000000001
121816,T4a,5963.500000000001
95453,T4a,5963.6
95532,T4a,5963.6
35113,Mi1,5963.6
109326,T4c,5963.6
92706,T4a,5963.6
100018,T4a,5963.6
91345,T4c,5963.6
14416,VST2,5963.6
82425,T4b,5963.6
77484,T4d,5963.6
42119,Mi1,5963.6
110910,Tm3,5963.6
11551,VS,5963.6
88095,T4d,5963.6
103654,T4b,5963.7
102045,T4a,5963.7
149504,T4d,5963.7
65515,T2,5963.7
110076,T4c,5963.7
43063,Mi1,5963.7
38596,Mi1,5963.7
60886,T2a,5963.7
41950,Mi1,5963.7
39158,Mi1,5963.7
10001,DNp01,5963.8
11602,OA-ASM1,5963.8
53156,TmY3,5963.8
65833,Mi1,5963.8
76074,Tm3,5963.8
86175,T4a,5963.8
89142,T4b,5963.8
103152,T4a,5963.900000000001
96295,T4b,5963.900000000001
87896,T4a,5963.900000000001
62912,T2,5963.900000000001
67464,Mi1,5963.900000000001
39595,Mi1,5963.900000000001
43924,TmY3,5963.900000000001
34142,Mi1,5963.900000000001
65671,Mi1,5963.900000000001
38710,Mi1,5963.900000000001
36446,Mi1,5963.900000000001
17364,LC4,5964.0
36695,Mi1,5964.0
63489,T2,5964.0
95883,T4a,5964.0
97141,T4a,5964.0
98625,T4a,5964.0
101043,T4c,5964.0
102370,T4c,5964.0
113228,T4b,5964.0
525839,Mi1,5964.0
89434,T4c,5964.0
97480,T4c,5964.1
74272,T2,5964.1
96576,T4c,5964.1
43485,Mi1,5964.1
36994,Mi1,5964.1
37243,Mi1,5964.1
95239,T4a,5964.2
94179,T4a,5964.2
93021,T4a,5964.2
91806,T4a,5964.2
90657,T4a,5964.2
74374,T2a,5964.2
70524,T2a,5964.2
68342,Tm3,5964.2
39505,Mi1,5964.2
39438,Mi1,5964.2
35235,Mi1,5964.2
12109,OA-VUMa2,5964.2
10755,H1,5964.2
10677,OA-AL2i4,5964.2
42758,Mi1,5964.2
85536,T4a,5964.3
80177,Tm3,5964.3
20399,LC4,5964.3
72314,T2,5964.3
73767,Mi1,5964.3
10012,VS,5964.400000000001
10016,HSE,5964.400000000001
10072,OA-AL2i1,5964.400000000001
33326,Mi1,5964.400000000001
36177,Mi1,5964.400000000001
37270,Mi1,5964.400000000001
39716,Mi1,5964.400000000001
85924,T4a,5964.400000000001
102409,T4c,5964.400000000001
110182,T4c,5964.400000000001
116605,T4d,5964.400000000001
121093,T4b,5964.400000000001
93877,T4c,5964.5
92251,T4b,5964.5
101645,T4a,5964.5
66791,Tm3,5964.5
47696,TmY3,5964.5
70642,T2a,5964.5
109384,T4d,5964.599999999999
103780,T4c,5964.599999999999
70158,T2a,5964.599999999999
37585,Mi1,5964.599999999999
10284,VS,5964.700000000001
28945,LC4,5964.700000000001
46784,Mi1,5964.700000000001
78317,T4a,5964.700000000001
87358,T4a,5964.700000000001
92046,T4d,5964.700000000001
92114,T4c,5964.700000000001
107442,T4d,5964.700000000001
120916,T4d,5964.8
118658,T4a,5964.8
108594,T4d,5964.8
99671,T4c,5964.8
105313,T4a,5964.8
57164,TmY3,5964.8
41626,Mi1,5964.8
38772,Mi1,5964.8
36369,Mi1,5964.8
64058,T2,5964.8
117551,Tm3,5964.9
101072,T4b,5964.9
97877,T4d,5964.9
96676,T4b,5964.9
92842,T4a,5964.9
75172,T2a,5964.9
37353,Mi1,5964.9
82618,T2a,5964.9
99975,T4c,5965.0
537004,VSm,5965.0
126286,Tm3,5965.0
100726,T4d,5965.0
99837,T4a,5965.0
132624,Tm3,5965.0
94596,T4b,5965.0
85007,T4c,5965.0
37113,Mi1,5965.0
19794,LC4,5965.0
94755,T4a,5965.0
17548,LC4,5965.0
100310,T4d,5965.1
99131,T4c,5965.1
98598,T4c,5965.1
96812,T4a,5965.1
96307,T4a,5965.1
92939,T4b,5965.1
92682,T4a,5965.1
110693,Tm3,5965.1
71929,T2,5965.1
45176,Mi1,5965.1
43965,Mi1,5965.1
43323,Mi1,5965.1
37599,Mi1,5965.1
22328,LC4,5965.1
10025,H2,5965.1
80906,T4c,5965.1
108876,T4c,5965.2
96081,T4a,5965.2
86907,T4a,5965.2
22194,LC4,5965.2
11921,OA-VPM4,5965.2
52151,TmY3,5965.2
67424,T2,5965.3
102845,T4b,5965.3
95972,T4d,5965.3
91366,T4b,5965.3
58196,TmY3,5965.3
11134,VSm,5965.3
39275,Mi1,5965.3
34862,Mi1,5965.3
33216,Mi1,5965.3
49324,Mi1,5965.3
72955,T2a,5965.400000000001
105180,T4c,5965.400000000001
98099,T4b,5965.400000000001
74061,Tm3,5965.400000000001
71944,T2a,5965.400000000001
40106,Mi1,5965.400000000001
44527,Mi1,5965.400000000001
37555,Mi1,5965.400000000001
46121,TmY3,5965.400000000001
38708,Mi1,5965.400000000001
92006,T4a,5965.5
10023,HSS,5965.5
16138,LC4,5965.5
30803,LC4,5965.5
31262,LC4,5965.5
36540,Mi1,5965.5
40171,Mi1,5965.5
41435,Mi1,5965.5
69916,T2,5965.5
95356,T4a,5965.5
109996,T4c,5965.5
119213,T4c,5965.5
108065,T4c,5965.6
22034,LC4,5965.6
118551,Tm3,5965.6
99348,T4c,5965.6
113686,T4d,5965.6
98439,T4a,5965.6
16628,LC4,5965.6
37927,Mi1,5965.6
37529,Mi1,5965.6
36660,Mi1,5965.6
10015,HSN,5965.6
97193,T4a,5965.6
19634,LC4,5965.7
40599,TmY3,5965.7
71394,T2a,5965.7
74411,Mi1,5965.7
77344,Tm3,5965.7
98748,T4c,5965.8
112806,T4c,5965.8
68138,TmY3,5965.8
39067,Mi1,5965.8
41522,Mi1,5965.8
36533,Mi1,5965.900000000001
41464,TmY3,5965.900000000001
43978,Mi1,5965.900000000001
96090,T4c,5965.900000000001
97161,T4a,5965.900000000001
107719,T4b,5965.900000000001
104191,T4a,5966.0
102703,T4a,5966.0
102298,T4c,5966.0
63994,Mi1,5966.0
39718,Mi1,5966.0
21287,LC4,5966.0
10687,OA-AL2i3,5966.0
10080,OA-VUMa3,5966.0
100190,T4c,5966.099999999999
104853,T4c,5966.099999999999
98118,T4c,5966.099999999999
92839,T4b,5966.099999999999
88922,T4c,5966.099999999999
44449,TmY3,5966.099999999999
38455,Mi1,5966.099999999999
31492,Mi1,5966.099999999999
37019,Mi1,5966.099999999999
36217,Mi1,5966.099999999999
35774,Mi1,5966.099999999999
34606,Mi1,5966.099999999999
34171,Mi1,5966.099999999999
23392,LC4,5966.099999999999
37108,Mi1,5966.099999999999
98448,T4b,5966.099999999999
112241,T4b,5966.200000000001
38065,LC4,5966.200000000001
68840,TmY3,5966.200000000001
54503,TmY3,5966.200000000001
37084,Mi1,5966.200000000001
34329,Mi1,5966.200000000001
34867,Mi1,5966.200000000001
10204,OA-AL2i2,5966.200000000001
93622,T4c,5966.3
121245,Tm3,5966.3
110855,T4a,5966.3
104703,T4d,5966.3
97306,T4a,5966.3
94948,T4c,5966.3
82699,Tm3,5966.3
77395,T4b,5966.3
57398,Mi1,5966.3
35806,Mi1,5966.3
35100,Mi1,5966.3
21804,LC4,5966.3
19550,LC4,5966.3
17668,LC4,5966.3
10206,VS,5966.3
10001,DNp01,5966.3
39525,Mi1,5966.3
82674,T4a,5966.4
85664,TmY3,5966.4
99074,T4b,5966.4
90278,T4a,5966.4
78968,Tm3,5966.4
86715,Tm3,5966.4
72839,Tm3,5966.4
98010,T4a,5966.4
68522,T2a,5966.4
44700,Mi1,5966.4
41709,Mi1,5966.4
36990,Mi1,5966.4
11264,OA-ASM1,5966.4
68735,T2,5966.4
10037,VS,5966.4
110403,T4b,5966.5
104354,T4b,5966.5
101873,T4b,5966.5
92684,T4c,5966.5
74373,Tm3,5966.5
73284,T2a,5966.5
120016,Tm3,5966.5
40958,Mi1,5966.5
20673,LC4,5966.5
18127,LC4,5966.5
17860,LC4,5966.5
10110,OA-VUMa1,5966.5
58224,Mi1,5966.5
542412,Mi1,5966.6
130994,Tm3,5966.6
117631,T4d,5966.6
105962,T4b,5966.6
90566,T4d,5966.6
82576,T4b,5966.6
72426,Tm3,5966.6
70153,Tm3,5966.6
41399,Mi1,5966.6
42856,Mi1,5966.6
38178,Mi1,5966.6
36252,Mi1,5966.6
24338,LC4,5966.6
21313,LC4,5966.6
18189,LC4,5966.6
16606,VST2,5966.6
68605,T2,5966.6
89252,T4b,5966.7
96365,T4a,5966.7
103579,T4c,5966.7
88127,T4b,5966.7
43783,Mi1,5966.7
45349,Mi1,5966.7
17054,LC4,5966.8
23098,LC4,5966.8
35888,Mi1,5966.8
69736,Tm3,5966.8
71652,Tm3,5966.8
73447,Tm3,5966.8
95677,T4c,5966.8
101081,T4c,5966.8
102514,T4a,5966.8
98654,T4d,5966.9
36911,Mi1,5966.9
94282,T4c,5966.9
20588,LC4,5966.9
17926,LC4,5966.9
33394,Mi1,5966.9
105545,T4d,5967.0
104450,T4a,5967.0
98238,T4b,5967.0
97171,T4d,5967.0
96126,T4b,5967.0
58576,T2,5967.0
51122,Mi1,5967.0
41613,Mi1,5967.0
20634,VST1,5967.0
90731,T4b,5967.0
102425,T4b,5967.1
114196,T4d,5967.1
116248,T4d,5967.1
102147,T4c,5967.1
102572,T4c,5967.1
92911,T4c,5967.1
25584,LC4,5967.1
100165,T4b,5967.1
35724,Mi1,5967.1
12896,OA-VUMa5,5967.2
19543,LC4,5967.2
21336,LC4,5967.2
23606,Mi1,5967.2
56291,TmY3,5967.2
72194,Tm3,5967.2
86536,Tm3,5967.2
95982,T4d,5967.2
102448,T4d,5967.2
111613,T4d,5967.2
33918,Mi1,5967.2
61737,TmY3,5967.3
40596,Mi1,5967.3
35602,Mi1,5967.3
10016,HSE,5967.3
10112,VS,5967.3
124867,T4d,5967.400000000001
116187,T4c,5967.400000000001
107991,T4b,5967.400000000001
105574,T4d,5967.400000000001
104582,T4d,5967.400000000001
99423,T4d,5967.400000000001
86686,T4c,5967.400000000001
62851,Tm3,5967.400000000001
60856,T2a,5967.400000000001
39651,Mi1,5967.400000000001
10322,OA-AL2i2,5967.400000000001
91674,T4a,5967.400000000001
87390,T2a,5967.5
101382,T4c,5967.5
71228,T2a,5967.5
87763,T4a,5967.5
35045,Mi1,5967.5
33017,Mi1,5967.5
43414,Mi1,5967.5
122333,T4b,5967.599999999999
94549,T4b,5967.599999999999
122290,Tm3,5967.599999999999
106362,T4d,5967.599999999999
104802,T4c,5967.599999999999
104622,T4b,5967.599999999999
101215,T4c,5967.599999999999
98312,T4a,5967.599999999999
91741,T4d,5967.599999999999
19420,LC4,5967.599999999999
81561,T2a,5967.599999999999
72665,Mi1,5967.599999999999
72148,Tm3,5967.599999999999
50345,TmY3,5967.599999999999
40635,Mi1,5967.599999999999
36305,Mi1,5967.599999999999
19954,LC4,5967.599999999999
90423,T4b,5967.599999999999
100319,T4b,5967.700000000001
79875,T4c,5967.700000000001
78529,Tm3,5967.700000000001
37509,Mi1,5967.700000000001
41136,Mi1,5967.700000000001
20808,LC4,5967.700000000001
46827,Mi1,5967.700000000001
98194,T4d,5967.8
115882,T4b,5967.8
102579,T4b,5967.8
92668,T2a,5967.8
62078,Mi1,5967.8
57349,Mi1,5967.8
38241,Mi1,5967.8
29563,LC4,5967.8
78698,Tm3,5967.8
105412,T4a,5967.9
19260,LC4,5967.9
21225,LC4,5967.9
67728,T2,5967.9
100785,T4b,5967.9
106535,T4d,5967.9
108010,T4c,5967.9
108249,T4a,5967.9
92552,T4a,5968.0
102031,T4c,5968.0
91682,T4b,5968.0
117221,T4c,5968.0
110454,T4d,5968.0
86778,T4a,5968.0
35260,Mi1,5968.0
80812,T4a,5968.0
79257,Tm3,5968.0
63825,Tm3,5968.0
80927,Tm3,5968.0
34933,Mi1,5968.0
10025,H2,5968.0
287884,OA-VPM3,5968.1
109536,T4d,5968.1
101878,T4a,5968.1
98837,T4c,5968.1
526158,Mi1,5968.1
36452,Mi1,5968.1
35572,Mi1,5968.1
33942,Mi1,5968.1
10269,OA-AL2i2,5968.1
41809,Mi1,5968.1
800146,TTMn,5968.2
96835,T4b,5968.2
85741,T4a,5968.2
77846,Tm3,5968.2
70490,Mi1,5968.2
48986,TmY3,5968.2
42942,Mi1,5968.2
34626,Mi1,5968.2
33462,Mi1,5968.2
45719,Mi1,5968.2
87845,T4a,5968.3
116311,T4d,5968.3
114338,T4c,5968.3
105521,T4c,5968.3
73098,T2a,5968.3
20016,LC4,5968.3
56136,Tm3,5968.3
43689,Mi1,5968.3
65508,Tm3,5968.3
10755,H1,5968.3
103226,T4d,5968.4
95736,T4c,5968.4
85378,T4a,5968.4
77232,T2,5968.4
56984,TmY3,5968.4
98938,T4a,5968.4
38857,Mi1,5968.4
38461,Mi1,5968.4
22975,LC4,5968.4
10226,OA-AL2i3,5968.4
45696,Mi1,5968.4
108461,T4b,5968.500000000001
97015,T4a,5968.500000000001
93588,T4b,5968.500000000001
77594,T2a,5968.500000000001
76788,T4b,5968.500000000001
48531,Mi1,5968.500000000001
42533,TmY3,5968.500000000001
39727,Mi1,5968.500000000001
33446,Mi1,5968.500000000001
64712,T2a,5968.500000000001
106912,Tm3,5968.6
527408,LC4,5968.6
94224,T4b,5968.6
108675,T4b,5968.6
76886,T2a,5968.6
72066,Tm3,5968.6
36410,Mi1,5968.6
78943,T2a,5968.6
130730,Tm3,5968.7
101770,T4b,5968.7
91303,T4b,5968.7
68535,T2a,5968.7
64855,T2,5968.7
44244,TmY3,5968.7
132339,Tm3,5968.7
36954,Mi1,5968.7
34272,Mi1,5968.7
27788,Mi1,5968.7
16128,LC4,5968.7
10015,HSN,5968.7
39791,Mi1,5968.7
130861,Tm3,5968.8
107211,T4d,5968.8
105332,T4b,5968.8
103765,T4d,5968.8
96434,T4d,5968.8
78773,Tm3,5968.8
67408,Mi1,5968.8
67308,Mi1,5968.8
62272,T2,5968.8
10001,DNp01,5968.8
72655,Mi1,5968.8
100673,T4b,5968.900000000001
117364,T4b,5968.900000000001
116259,T4b,5968.900000000001
117882,T4b,5968.900000000001
101379,T4d,5968.900000000001
99358,T4c,5968.900000000001
102519,T4a,5968.900000000001
92640,T4d,5968.900000000001
72279,Mi1,5968.900000000001
66852,Mi1,5968.900000000001
35770,Mi1,5968.900000000001
11005,OA-VUMa4,5968.900000000001
10023,HSS,5968.900000000001
97031,T4c,5968.900000000001
128396,T4d,5969.0
103314,T4b,5969.0
91179,T4a,5969.0
84800,Tm3,5969.0
54216,TmY3,5969.0
63468,Mi1,5969.0
52350,Mi1,5969.0
17266,LC4,5969.0
79704,T4d,5969.0
111304,T4b,5969.1
115111,T4a,5969.1
100501,T4b,5969.1
47211,Mi1,5969.1
98349,T4a,5969.1
22847,LC4,5969.1
99670,T4c,5969.1
34189,Mi1,5969.200000000001
37631,Mi1,5969.200000000001
74303,Mi1,5969.200000000001
78172,TmY3,5969.200000000001
82038,Tm3,5969.200000000001
96260,T4d,5969.200000000001
102495,T4b,5969.200000000001
103827,T4c,5969.200000000001
99748,T4b,5969.3
108276,T4a,5969.3
100787,T4b,5969.3
70708,T2,5969.3
95364,T4d,5969.3
35712,Mi1,5969.3
34045,Mi1,5969.3
10012,VS,5969.3
39894,T4b,5969.3
66980,T2a,5969.400000000001
72005,Tm3,5969.400000000001
102991,T4c,5969.400000000001
104301,T4b,5969.400000000001
108119,T4c,5969.400000000001
112944,T4b,5969.400000000001
104911,T4c,5969.5
112775,T4d,5969.5
104858,T4b,5969.5
93334,T4b,5969.5
88039,T4c,5969.5
22328,LC4,5969.5
10403,VS,5969.5
89092,T4c,5969.5
84759,T2a,5969.6
102975,T4b,5969.6
102388,T4d,5969.6
98788,T4d,5969.6
94356,T4c,5969.6
90419,T4b,5969.6
73941,T2,5969.6
10037,VS,5969.6
50552,Mi1,5969.6
34463,Mi1,5969.6
20917,LC4,5969.6
20542,LC4,5969.6
10799,OA-VUMa4,5969.6
107799,T4b,5969.6
66357,T2a,5969.6
111579,Tm3,5969.700000000001
98175,T4c,5969.700000000001
103870,T4a,5969.700000000001
98549,T4a,5969.700000000001
96219,T4b,5969.700000000001
44438,Mi1,5969.700000000001
66345,T2a,5969.700000000001
21151,LC4,5969.700000000001
86504,T4b,5969.700000000001
47823,TmY3,5969.700000000001
38421,Mi1,5969.700000000001
118173,Tm3,5969.8
103148,T4a,5969.8
102742,T4d,5969.8
98937,T4a,5969.8
86932,T4b,5969.8
83156,T2a,5969.8
79271,T4a,5969.8
100874,T4a,5969.8
60857,Mi1,5969.8
61835,T2,5969.8
17364,LC4,5969.8
23929,LC4,5969.8
100633,T4a,5969.8
39629,Mi1,5969.8
50333,TmY3,5969.8
35405,Mi1,5969.8
40426,Mi1,5969.9
77916,T2a,5969.9
95990,T4a,5969.9
102741,T4c,5969.9
103645,T4c,5969.9
76733,Tm3,5969.9
94305,T4a,5970.000000000001
108066,T4b,5970.000000000001
105541,T4a,5970.000000000001
105387,T4b,5970.000000000001
103955,T4d,5970.000000000001
100206,T4c,5970.000000000001
93527,T4a,5970.000000000001
80913,T4a,5970.000000000001
46248,Mi1,5970.000000000001
39692,TmY3,5970.000000000001
36346,Mi1,5970.000000000001
35840,Mi1,5970.000000000001
89110,Tm3,5970.000000000001
106886,T4c,5970.1
98887,T4b,5970.1
94574,T4c,5970.1
91629,T4a,5970.1
89223,T4d,5970.1
106522,T4d,5970.1
35173,Mi1,5970.1
34479,Mi1,5970.1
20399,LC4,5970.1
12688,OA-ASM1,5970.1
10185,OA-VUMa8,5970.1
49894,TmY3,5970.1
111949,T4c,5970.2
104996,T4a,5970.2
98360,T4c,5970.2
92254,T4b,5970.2
80670,T4a,5970.2
42675,Mi1,5970.2
22194,LC4,5970.2
10016,HSE,5970.2
53065,Mi1,5970.2
123087,T4c,5970.3
17548,LC4,5970.3
23792,LC4,5970.3
38721,Mi1,5970.3
85170,T4c,5970.3
96728,T4c,5970.3
134209,Tm3,5970.3
83979,T4a,5970.400000000001
79449,T4b,5970.400000000001
91476,T4d,5970.400000000001
77223,Tm3,5970.400000000001
74997,Tm3,5970.400000000001
38993,Mi1,5970.400000000001
16628,LC4,5970.400000000001
10825,OA-AL2i3,5970.400000000001
10265,OA-AL2i2,5970.400000000001
10072,OA-AL2i1,5970.400000000001
123490,Tm3,5970.5
100282,T4a,5970.5
73723,T2a,5970.5
70632,Tm3,5970.5
41654,Mi1,5970.5
38227,Mi1,5970.5
23392,LC4,5970.5
12521,HST,5970.5
10206,VS,5970.5
10187,OA-VPM3,5970.5
117652,T4d,5970.6
106338,T4a,5970.6
88726,T4b,5970.6
87814,T4b,5970.6
81486,T4b,5970.6
10284,VS,5970.6
42010,TmY3,5970.6
21165,LC4,5970.6
17987,LC4,5970.6
16138,LC4,5970.6
59864,Tm3,5970.6
96638,T4c,5970.7
103022,T4a,5970.7
98417,T4d,5970.7
97878,T4b,5970.7
97028,T4c,5970.7
93025,T4b,5970.7
96774,T4c,5970.7
83718,Tm3,5970.7
34899,Mi1,5970.7
37123,Mi1,5970.7
86419,Tm3,5970.7
69266,Tm3,5970.7
44564,TmY3,5970.7
10025,H2,5970.8
44222,Mi1,5970.8
75590,T2a,5970.8
77991,Tm3,5970.8
92055,T4c,5970.8
98575,T4a,5970.8
106295,T4b,5970.8
120231,Tm3,5970.8
68951,TmY3,5970.8
112594,T4b,5970.900000000001
86696,T4d,5970.900000000001
90533,T4c,5970.900000000001
80033,T4a,5970.900000000001
37224,Mi1,5970.900000000001
24338,LC4,5970.900000000001
74504,T2a,5970.900000000001
97184,T4d,5971.0
90394,T4a,5971.0
89864,T4b,5971.0
81995,Tm3,5971.0
71485,T2,5971.0
41296,Mi1,5971.0
40577,Mi1,5971.0
19794,LC4,5971.0
10041,OA-VUMa1,5971.0
58862,Mi1,5971.0
102910,T4b,5971.099999999999
537004,VSm,5971.099999999999
127970,Tm3,5971.099999999999
106745,T4b,5971.099999999999
91313,T4a,5971.099999999999
104130,T4a,5971.099999999999
65925,Tm3,5971.099999999999
40219,Mi1,5971.099999999999
89416,T4c,5971.099999999999
35890,Mi1,5971.099999999999
30480,LC4,5971.099999999999
18127,LC4,5971.099999999999
108043,T4a,5971.200000000001
81401,T4b,5971.200000000001
77906,T2a,5971.200000000001
74853,Tm3,5971.200000000001
48514,TmY3,5971.200000000001
102801,T4b,5971.200000000001
37733,TmY3,5971.200000000001
26112,LC4,5971.200000000001
11134,VSm,5971.200000000001
10112,VS,5971.200000000001
41120,Mi1,5971.200000000001
118924,Tm3,5971.3
107812,T4a,5971.3
107031,T4b,5971.3
88381,Tm3,5971.3
48286,Mi1,5971.3
37000,Mi1,5971.3
10001,DNp01,5971.3
54885,TmY3,5971.3
77383,T2a,5971.4
114201,T4c,5971.4
95287,T4a,5971.4
88746,Tm3,5971.4
80282,T4d,5971.4
74731,T2a,5971.4
546524,Mi1,5971.4
69546,Tm3,5971.4
46745,Mi1,5971.4
40411,Mi1,5971.4
20282,LC4,5971.4
11608,OA-VUMa2,5971.4
72586,Tm3,5971.4
89866,T4b,5971.500000000001
89025,T4a,5971.500000000001
84746,T2a,5971.500000000001
80435,T2a,5971.500000000001
36275,Mi1,5971.500000000001
39858,Mi1,5971.500000000001
35683,Mi1,5971.500000000001
22034,LC4,5971.500000000001
71131,Tm3,5971.500000000001
98846,T4c,5971.6
112969,T4c,5971.6
84063,T4b,5971.6
99157,T4a,5971.6
71308,Tm3,5971.6
55976,Mi1,5971.6
38632,Mi1,5971.6
71398,Tm3,5971.6
92141,T4a,5971.7
88012,T2,5971.7
84781,Tm3,5971.7
83125,T4b,5971.7
99609,T4a,5971.7
59397,Mi1,5971.7
43872,Mi1,5971.7
21313,LC4,5971.7
63175,Mi1,5971.7
41637,Mi1,5971.8
41659,Mi1,5971.8
45319,Mi1,5971.8
48607,TmY3,5971.8
71853,T2a,5971.8
72190,Tm3,5971.8
116610,T4d,5971.8
105565,Tm3,5971.900000000001
110935,T4c,5971.900000000001
108123,T4b,5971.900000000001
105802,T4c,5971.900000000001
100032,T4c,5971.900000000001
90135,T4c,5971.900000000001
48283,TmY3,5971.900000000001
62340,T2,5971.900000000001
83004,T4b,5971.900000000001
42895,Mi1,5971.900000000001
22966,LC4,5971.900000000001
10015,HSN,5971.900000000001
99789,T4d,5972.0
96931,T4b,5972.0
95822,T4b,5972.0
94329,T4c,5972.0
111380,Tm3,5972.0
74937,T2a,5972.0
34938,Mi1,5972.0
21336,LC4,5972.0
10168,OA-VUMa6,5972.0
94081,T4c,5972.0
123299,T4c,5972.1
106821,T4b,5972.1
106150,T4c,5972.1
104123,T4b,5972.1
103383,T4c,5972.1
67971,Tm3,5972.1
37088,Mi1,5972.1
33614,Mi1,5972.1
25584,LC4,5972.1
19543,LC4,5972.1
10755,H1,5972.1
10311,VS,5972.1
56118,TmY3,5972.1
102462,T4c,5972.2
119245,T4d,5972.2
98245,T4c,5972.2
98911,T4b,5972.2
94058,T4b,5972.2
51963,TmY3,5972.2
97792,T4b,5972.2
37948,Mi1,5972.3
10023,HSS,5972.3
10120,OA-VPM4,5972.3
20588,LC4,5972.3
37294,Mi1,5972.3
37568,Mi1,5972.3
40256,Mi1,5972.3
47962,TmY3,5972.3
85778,T4b,5972.3
88167,T4b,5972.3
95005,T4a,5972.3
115686,T4b,5972.3
20808,LC4,5972.400000000001
79314,T4b,5972.400000000001
78940,T4a,5972.400000000001
20673,LC4,5972.400000000001
69889,T2a,5972.400000000001
115214,T4b,5972.5
33907,Mi1,5972.5
34404,Mi1,5972.5
64256,T2a,5972.5
75076,T2,5972.5
87937,T4d,5972.5
90097,T4c,5972.5
90888,T4b,5972.5
93750,T4c,5972.5
107170,T4b,5972.5
105895,T4a,5972.599999999999
90995,Tm3,5972.599999999999
111416,Tm3,5972.599999999999
80911,Tm3,5972.599999999999
135112,Tm3,5972.599999999999
23098,LC4,5972.599999999999
19954,LC4,5972.599999999999
17926,LC4,5972.599999999999
40505,Mi1,5972.599999999999
104714,T4b,5972.700000000001
101230,T4a,5972.700000000001
83365,T2a,5972.700000000001
51231,TmY3,5972.700000000001
69164,Mi1,5972.700000000001
35017,Mi1,5972.700000000001
18189,LC4,5972.700000000001
10037,VS,5972.700000000001
43334,TmY3,5972.700000000001
64977,T2,5972.8
120594,T4c,5972.8
101707,T4c,5972.8
97981,T4a,5972.8
71134,T2,5972.8
60979,TmY3,5972.8
61292,T2,5972.8
57239,Mi1,5972.8
40703,Mi1,5972.8
34356,Mi1,5972.8
21225,LC4,5972.8
19634,LC4,5972.8
17668,LC4,5972.8
59008,Mi1,5972.8
800146,TTMn,5972.9
137694,Tm3,5972.9
129235,Tm3,5972.9
89073,T2a,5972.9
86724,Tm3,5972.9
69540,TmY3,5972.9
40936,Mi1,5972.9
40795,Mi1,5972.9
35498,Mi1,5972.9
67295,T2,5972.9
88992,T4c,5973.0
135467,Tm3,5973.0
112321,T4d,5973.0
99292,T4a,5973.0
97853,T4c,5973.0
78503,T2a,5973.0
10016,HSE,5973.0
57871,T2,5973.0
44677,TmY3,5973.0
39688,Mi1,5973.0
30803,LC4,5973.0
75308,T2,5973.0
84328,T4a,5973.1
104262,T4a,5973.1
113410,T4d,5973.1
112545,T4d,5973.2
109127,T4b,5973.2
103557,T4a,5973.2
103527,T4c,5973.2
106950,T4c,5973.2
90430,T2a,5973.2
83465,T4a,5973.2
73320,T2,5973.2
10652,OA-AL2i4,5973.2
93313,T4a,5973.2
122233,Tm3,5973.3
103108,T4b,5973.3
100946,T4c,5973.3
100729,T4b,5973.3
96035,T4d,5973.3
94567,T4c,5973.3
92472,T4c,5973.3
48060,Mi1,5973.3
32535,Mi1,5973.3
95458,T4d,5973.3
98467,T4d,5973.400000000001
92171,T4b,5973.400000000001
85152,T4c,5973.400000000001
21287,LC4,5973.400000000001
106203,T4d,5973.400000000001
112613,T4d,5973.400000000001
115511,T4d,5973.400000000001
77723,T2a,5973.400000000001
104722,T4d,5973.400000000001
72558,T2a,5973.400000000001
19260,LC4,5973.400000000001
38477,Mi1,5973.400000000001
10677,OA-AL2i4,5973.400000000001
10687,OA-AL2i3,5973.400000000001
17054,LC4,5973.400000000001
61370,T2,5973.400000000001
35152,Mi1,5973.400000000001
35447,Mi1,5973.400000000001
37853,Mi1,5973.400000000001
119353,T4b,5973.5
112310,T4d,5973.5
102153,T4c,5973.5
95810,T2a,5973.5
82099,T4b,5973.5
90219,T4a,5973.5
63420,Mi1,5973.5
38529,Mi1,5973.5
38230,Mi1,5973.5
35836,Mi1,5973.5
71089,Mi1,5973.5
83438,T4a,5973.6
114817,T4d,5973.6
101228,T4a,5973.6
89485,T4a,5973.6
85429,T4d,5973.6
81378,T4b,5973.6
24867,VST1,5973.6
67113,Mi1,5973.6
38791,Mi1,5973.6
35416,Mi1,5973.6
16128,LC4,5973.6
10025,H2,5973.6
70359,T2,5973.6
79259,T4b,5973.7
128697,Tm3,5973.7
102688,T4b,5973.7
99572,T4a,5973.7
98985,T4c,5973.7
92281,T4c,5973.7
76446,TmY3,5973.7
38687,Mi1,5973.7
71164,Mi1,5973.7
73586,Tm3,5973.7
36158,Mi1,5973.7
35897,Mi1,5973.7
29563,LC4,5973.7
28945,LC4,5973.7
112048,T4c,5973.8
106819,T4b,5973.8
92229,T4c,5973.8
66227,Tm3,5973.8
120201,T4b,5973.8
52485,TmY3,5973.8
33655,Mi1,5973.8
10001,DNp01,5973.8
64633,T2a,5973.8
103440,T4d,5973.900000000001
93984,T4b,5973.900000000001
88642,T4a,5973.900000000001
81706,T2a,5973.900000000001
74023,T2a,5973.900000000001
68918,Tm3,5973.900000000001
54423,TmY3,5973.900000000001
38748,Mi1,5973.900000000001
36881,Mi1,5973.900000000001
35001,Mi1,5973.900000000001
34369,Mi1,5973.900000000001
60337,TmY3,5973.900000000001
83682,Tm3,5974.0
54087,Mi1,5974.0
96657,T4c,5974.0
33110,Mi1,5974.0
37371,Mi1,5974.0
66526,T2,5974.0
22975,LC4,5974.0
127615,Tm3,5974.099999999999
122273,Tm3,5974.099999999999
121420,T4d,5974.099999999999
107082,T4d,5974.099999999999
99922,T4c,5974.099999999999
91283,T4c,5974.099999999999
532850,Tm3,5974.099999999999
75723,Tm3,5974.099999999999
81211,Tm3,5974.099999999999
10012,VS,5974.099999999999
286259,OA-ASM1,5974.099999999999
38514,Mi1,5974.099999999999
63190,T2,5974.099999999999
22328,LC4,5974.099999999999
108438,T4d,5974.200000000001
10658,OA-AL2i3,5974.200000000001
19420,LC4,5974.200000000001
30997,Mi1,5974.200000000001
37037,Mi1,5974.200000000001
39743,Mi1,5974.200000000001
94089,T4d,5974.200000000001
95051,T4d,5974.200000000001
102112,T4c,5974.200000000001
103867,T4a,5974.200000000001
19550,LC4,5974.200000000001
70402,Tm3,5974.3
106664,T4c,5974.3
65742,Tm3,5974.3
49942,TmY3,5974.3
104257,T4b,5974.3
37044,Mi1,5974.3
36684,Mi1,5974.3
40400,Mi1,5974.3
15422,VST2,5974.3
117748,Tm3,5974.4
92047,T4c,5974.4
83689,T4a,5974.4
82529,T2a,5974.4
110160,T4c,5974.4
39500,Mi1,5974.4
10269,OA-AL2i2,5974.4
10175,OA-VUMa6,5974.4
69793,T2a,5974.4
35428,Mi1,5974.5
46230,TmY3,5974.5
64897,T2,5974.5
72983,T2a,5974.5
85126,T4a,5974.5
109727,T4b,5974.5
89099,T4a,5974.6
106587,T4d,5974.6
103343,T4b,5974.6
95017,T4c,5974.6
85866,T4b,5974.6
10206,VS,5974.6
41671,TmY3,5974.6
35845,Mi1,5974.6
10322,OA-AL2i2,5974.6
56762,TmY3,5974.6
41804,Mi1,5974.7
97288,T4c,5974.7
102791,T4c,5974.7
108847,T4d,5974.7
59959,Mi1,5974.8
102799,T4c,5974.8
94886,T4d,5974.8
87939,T4b,5974.8
80197,T4a,5974.8
104412,T4a,5974.8
40235,Mi1,5974.8
37680,Mi1,5974.8
37138,Mi1,5974.8
35512,Mi1,5974.8
20542,LC4,5974.8
38987,Mi1,5974.8
121887,T4b,5974.9
112633,T4b,5974.9
101961,Tm3,5974.9
97231,T4a,5974.9
96003,T4d,5974.9
93360,T4b,5974.9
79297,T4a,5974.9
78437,Tm3,5974.9
23392,LC4,5974.9
10015,HSN,5974.9
130376,Tm3,5975.0
107486,T4c,5975.0
102977,T4d,5975.0
98039,T4d,5975.0
87093,Tm3,5975.0
17364,LC4,5975.0
44592,TmY3,5975.0
38479,Mi1,5975.0
22194,LC4,5975.0
72989,Tm3,5975.0
66739,Tm3,5975.1
111928,T4b,5975.1
105698,T4c,5975.1
103425,T4a,5975.1
99258,T4c,5975.1
63868,T2a,5975.1
110757,T4b,5975.1
43615,Mi1,5975.1
38893,Mi1,5975.1
33766,Mi1,5975.1
25893,VST1,5975.1
16628,LC4,5975.1
47360,TmY3,5975.1
112393,T4a,5975.2
110646,T4b,5975.2
100996,T4b,5975.2
97249,T4d,5975.2
96211,T4d,5975.2
83042,T4b,5975.2
41762,TmY3,5975.2
34057,Mi1,5975.2
10112,VS,5975.2
87412,T4c,5975.2
64149,Mi1,5975.3
59277,TmY3,5975.3
37677,Mi1,5975.3
38238,Mi1,5975.3
24338,LC4,5975.3
17860,LC4,5975.3
34849,Mi1,5975.3
107420,T4b,5975.400000000001
75521,T2a,5975.400000000001
70289,Mi1,5975.400000000001
107819,T4c,5975.400000000001
42872,Mi1,5975.400000000001
35218,Mi1,5975.400000000001
20917,LC4,5975.400000000001
64849,Tm3,5975.400000000001
16138,LC4,5975.5
34300,Mi1,5975.5
39164,Mi1,5975.5
65513,T2a,5975.5
86558,T4b,5975.5
93509,T4b,5975.599999999999
106701,T4d,5975.599999999999
101383,T4b,5975.599999999999
107075,T4d,5975.599999999999
97326,T4c,5975.599999999999
92146,T4a,5975.599999999999
38767,Mi1,5975.599999999999
42594,Mi1,5975.599999999999
17548,LC4,5975.599999999999
44282,Mi1,5975.599999999999
42048,Mi1,5975.599999999999
36646,Mi1,5975.599999999999
111236,T4d,5975.700000000001
108475,T4b,5975.700000000001
53075,TmY3,5975.700000000001
40832,Mi1,5975.700000000001
106922,T4c,5975.700000000001
17266,LC4,5975.700000000001
10037,VS,5975.700000000001
10023,HSS,5975.700000000001
35580,Mi1,5975.700000000001
92706,T4a,5975.8
119288,T4d,5975.8
105379,T4c,5975.8
100838,T4c,5975.8
133349,Tm3,5975.8
90655,T4a,5975.8
55101,Mi1,5975.8
62757,T2a,5975.8
18127,LC4,5975.8
10016,HSE,5975.8
78477,T4a,5975.8
54211,TmY3,5975.8
67614,Mi1,5975.9
98692,T4a,5975.9
96281,TmY3,5975.9
94287,T4d,5975.9
91987,T4c,5975.9
91913,T4b,5975.9
84689,Tm3,5975.9
47967,Mi1,5975.9
40944,Mi1,5975.9
38065,LC4,5975.9
37391,Mi1,5975.9
31262,LC4,5975.9
10755,H1,5975.9
45322,Mi1,5975.9
20399,LC4,5976.0
38208,Mi1,5976.0
38648,Mi1,5976.0
48894,TmY3,5976.0
74088,T2a,5976.0
94624,T4a,5976.0
111184,T4a,5976.0
119556,T4b,5976.0
96199,T4a,5976.1
84267,T4c,5976.1
38133,Mi1,5976.1
20016,LC4,5976.1
100488,T4c,5976.200000000001
10284,VS,5976.200000000001
12109,OA-VUMa2,5976.200000000001
21313,LC4,5976.200000000001
34079,Mi1,5976.200000000001
37699,Mi1,5976.200000000001
37756,Mi1,5976.200000000001
41545,Mi1,5976.200000000001
80483,T4c,5976.200000000001
83677,T4c,5976.200000000001
85716,T4c,5976.200000000001
90145,T4a,5976.200000000001
100345,T4c,5976.200000000001
107445,T4a,5976.200000000001
99316,T4b,5976.3
81015,T4a,5976.3
62562,T2,5976.3
97885,T4a,5976.3
98222,T4d,5976.3
86635,T4c,5976.3
60594,TmY3,5976.3
80137,T2a,5976.3
40854,Mi1,5976.3
40085,Mi1,5976.3
37390,Mi1,5976.3
16570,VST2,5976.3
10110,OA-VUMa1,5976.3
10001,DNp01,5976.3
47686,TmY3,5976.3
527408,LC4,5976.4
99863,T4d,5976.4
97105,T4d,5976.4
93142,T4a,5976.4
41536,Mi1,5976.4
22847,LC4,5976.4
11602,OA-ASM1,5976.4
10555,OA-VUMa3,5976.4
10025,H2,5976.4
38487,Mi1,5976.4
113107,T4a,5976.500000000001
115369,T4c,5976.500000000001
114080,T4a,5976.500000000001
106801,T4c,5976.500000000001
19543,LC4,5976.500000000001
41668,Mi1,5976.500000000001
35290,Mi1,5976.500000000001
93166,T4c,5976.500000000001
32962,TmY3,5976.6
34296,Mi1,5976.6
69063,Mi1,5976.6
107105,T4d,5976.6
88152,T4c,5976.7
120992,Tm3,5976.7
106793,T4d,5976.7
101480,T4c,5976.7
93972,T4a,5976.7
56564,Mi1,5976.7
60863,T2,5976.7
39405,Mi1,5976.7
21336,LC4,5976.7
32893,Mi1,5976.7
34658,Mi1,5976.7
51870,TmY3,5976.7
37438,Mi1,5976.7
37270,Mi1,5976.7
21804,LC4,5976.8
25584,LC4,5976.8
38768,Mi1,5976.8
51049,Mi1,5976.8
95345,T4d,5976.8
124490,Tm3,5976.8
35234,Mi1,5976.8
133040,Tm3,5976.900000000001
103725,T4a,5976.900000000001
116716,T4b,5976.900000000001
107609,T4d,5976.900000000001
105126,T4c,5976.900000000001
103677,T4b,5976.900000000001
44119,Mi1,5976.900000000001
42691,Mi1,5976.900000000001
33091,Mi1,5976.900000000001
31848,Mi1,5976.900000000001
73139,Tm3,5976.900000000001
114391,T4d,5977.0
104018,T4c,5977.0
103497,Tm3,5977.0
100261,T4c,5977.0
88084,T4b,5977.0
72501,Mi1,5977.0
46324,TmY3,5977.0
37113,Mi1,5977.0
35777,Mi1,5977.0
66325,Tm3,5977.0
87289,T4a,5977.1
138152,Tm3,5977.1
104414,T4d,5977.1
79817,Tm3,5977.1
78731,Tm3,5977.1
78086,T4c,5977.1
37839,Mi1,5977.1
20808,LC4,5977.1
19794,LC4,5977.1
90112,T4c,5977.2
69961,Tm3,5977.2
65833,Mi1,5977.2
48547,TmY3,5977.2
38710,Mi1,5977.2
36177,Mi1,5977.2
36139,Mi1,5977.2
30923,TmY3,5977.2
10072,OA-AL2i1,5977.2
525839,Mi1,5977.3
114088,T4d,5977.3
101945,T4b,5977.3
95453,T4a,5977.3
80302,T2a,5977.3
77676,T2a,5977.3
43063,Mi1,5977.3
41950,Mi1,5977.3
39438,Mi1,5977.3
35934,Mi1,5977.3
35734,Mi1,5977.3
62488,T2,5977.3
68167,Tm3,5977.400000000001
34142,Mi1,5977.400000000001
36446,Mi1,5977.400000000001
42119,Mi1,5977.400000000001
77557,T4b,5977.400000000001
89784,T4b,5977.400000000001
91100,T2a,5977.400000000001
100924,T4b,5977.400000000001
114457,T4d,5977.400000000001
102479,T4c,5977.5
93419,T4b,5977.5
130280,Tm3,5977.5
108344,T4d,5977.5
81548,T2a,5977.5
37353,Mi1,5977.5
74228,Tm3,5977.5
23792,LC4,5977.5
19954,LC4,5977.5
11134,VSm,5977.5
80093,T2a,5977.5
537004,VSm,5977.6
109593,Tm3,5977.6
104621,T4c,5977.6
101732,T4c,5977.6
95681,T4a,5977.6
94471,T4a,5977.6
117862,T4d,5977.6
42758,Mi1,5977.6
39505,Mi1,5977.6
35113,Mi1,5977.6
21151,LC4,5977.6
14416,VST2,5977.6
10766,VS,5977.6
73029,T2,5977.6
105984,Tm3,5977.700000000001
91222,T4d,5977.700000000001
89368,T4c,5977.700000000001
83509,T2a,5977.700000000001
70812,TmY3,5977.700000000001
69597,Tm3,5977.700000000001
68475,T2a,5977.700000000001
41626,Mi1,5977.700000000001
62522,T2,5977.700000000001
36540,Mi1,5977.700000000001
21225,LC4,5977.700000000001
21165,LC4,5977.700000000001
17926,LC4,5977.700000000001
67072,T2a,5977.700000000001
75381,Tm3,5977.8
83191,T4a,5977.8
59528,T2a,5977.8
22034,LC4,5977.8
36695,Mi1,5977.8
47240,TmY3,5977.8
11005,OA-VUMa4,5977.9
117179,T4c,5977.9
117039,T4c,5977.9
109649,T4c,5977.9
89409,T4a,5977.9
80582,T4a,5977.9
73767,Mi1,5977.9
70321,Tm3,5977.9
151155,T4b,5977.9
66808,Tm3,5977.9
39595,Mi1,5977.9
39275,Mi1,5977.9
37585,Mi1,5977.9
35235,Mi1,5977.9
33326,Mi1,5977.9
67464,Mi1,5977.9
800146,TTMn,5978.000000000001
119501,T4d,5978.000000000001
93224,T4a,5978.000000000001
88398,T4a,5978.000000000001
86578,T4c,5978.000000000001
78856,Tm3,5978.000000000001
40171,Mi1,5978.000000000001
43485,Mi1,5978.000000000001
34862,Mi1,5978.000000000001
18189,LC4,5978.000000000001
10015,HSN,5978.000000000001
65803,T2,5978.000000000001
97675,T4c,5978.1
126163,Tm3,5978.1
95007,T4a,5978.1
109937,T4a,5978.1
36369,Mi1,5978.1
39716,Mi1,5978.1
20588,LC4,5978.1
103344,T4b,5978.1
20634,VST1,5978.1
17987,LC4,5978.2
34606,Mi1,5978.2
39158,Mi1,5978.2
43965,Mi1,5978.2
65671,Mi1,5978.2
85856,TmY3,5978.2
95454,T4a,5978.2
96394,T4b,5978.2
108974,T4c,5978.2
75343,Tm3,5978.3
87424,T4d,5978.3
71230,Tm3,5978.3
16128,LC4,5978.3
37927,Mi1,5978.3
10080,OA-VUMa3,5978.3
68212,T2a,5978.3
101685,T4b,5978.400000000001
125288,Tm3,5978.400000000001
112179,T4b,5978.400000000001
105115,T4d,5978.400000000001
101865,T4a,5978.400000000001
85229,T4c,5978.400000000001
10012,VS,5978.400000000001
79358,T2a,5978.400000000001
69915,TmY3,5978.400000000001
38596,Mi1,5978.400000000001
20673,LC4,5978.400000000001
83583,T4d,5978.400000000001
111783,T4a,5978.5
108349,T4d,5978.5
96134,T4b,5978.5
93985,T4c,5978.5
85938,T4a,5978.5
83067,T4b,5978.5
76038,Tm3,5978.5
49322,TmY3,5978.5
23098,LC4,5978.5
22328,LC4,5978.5
12896,OA-VUMa5,5978.5
65850,T2a,5978.5
99011,T4c,5978.6
95242,T4d,5978.6
90121,T4b,5978.6
49516,TmY3,5978.6
108625,T4b,5978.6
20282,LC4,5978.6
19260,LC4,5978.6
11921,OA-VPM4,5978.6
10016,HSE,5978.6
49324,Mi1,5978.6
113568,T4d,5978.7
104336,T4b,5978.7
97899,T4a,5978.7
94368,T4a,5978.7
92082,T4b,5978.7
82313,T4a,5978.7
79849,Tm3,5978.7
23929,LC4,5978.7
10037,VS,5978.7
82211,T2a,5978.7
82282,Tm3,5978.8
109916,T4d,5978.8
99980,T4c,5978.8
95499,T4b,5978.8
67002,T2,5978.8
100075,T4c,5978.8
43323,Mi1,5978.8
10001,DNp01,5978.8
10112,VS,5978.8
64778,TmY3,5978.8
41613,Mi1,5978.8
11264,OA-ASM1,5978.8
10204,OA-AL2i2,5978.900000000001
17668,LC4,5978.900000000001
23392,LC4,5978.900000000001
36994,Mi1,5978.900000000001
38502,Tm3,5978.900000000001
58703,T2,5978.900000000001
69380,Tm3,5978.900000000001
88698,T4a,5978.900000000001
97784,T4c,5978.900000000001
104368,T4c,5978.900000000001
104931,T4c,5978.900000000001
34867,Mi1,5978.900000000001
87565,T4a,5979.0
83432,Tm3,5979.0
46784,Mi1,5979.0
33216,Mi1,5979.0
34171,Mi1,5979.0
111857,T4d,5979.099999999999
111823,T4c,5979.099999999999
108907,T4c,5979.099999999999
108270,T4b,5979.099999999999
102401,T2,5979.099999999999
107143,T4d,5979.099999999999
51848,TmY3,5979.099999999999
40106,Mi1,5979.099999999999
33017,Mi1,5979.099999999999
31492,Mi1,5979.099999999999
10023,HSS,5979.099999999999
65348,TmY3,5979.099999999999
72009,T2,5979.200000000001
530434,Tm3,5979.200000000001
114611,T4d,5979.200000000001
113991,T4d,5979.200000000001
84490,T4a,5979.200000000001
38772,Mi1,5979.200000000001
10206,VS,5979.200000000001
37243,Mi1,5979.200000000001
36660,Mi1,5979.200000000001
10825,OA-AL2i3,5979.200000000001
37529,Mi1,5979.200000000001
10025,H2,5979.200000000001
12521,HST,5979.3
39718,Mi1,5979.3
43978,Mi1,5979.3
49788,TmY3,5979.3
69723,Tm3,5979.3
83009,T4b,5979.3
101245,T4a,5979.3
127686,Tm3,5979.4
109831,T4d,5979.4
108325,T4c,5979.4
107529,T4d,5979.4
90467,T4d,5979.4
88625,T4c,5979.4
81037,T2a,5979.4
95883,T4a,5979.4
78739,T4b,5979.500000000001
10226,OA-AL2i3,5979.500000000001
20542,LC4,5979.500000000001
38708,Mi1,5979.500000000001
53983,TmY3,5979.500000000001
91325,T4a,5979.500000000001
93604,T4a,5979.500000000001
97256,T4c,5979.500000000001
97545,T4c,5979.500000000001
99177,T4b,5979.500000000001
96784,T4b,5979.6
95921,T4c,5979.6
98300,T4a,5979.6
87873,T4b,5979.6
78308,T2a,5979.6
71188,T2a,5979.6
47465,TmY3,5979.6
22194,LC4,5979.6
84008,T4c,5979.6
88870,Tm3,5979.7
26112,LC4,5979.7
29563,LC4,5979.7
37108,Mi1,5979.7
41522,Mi1,5979.7
86416,T4a,5979.7
92181,T4a,5979.7
98393,T4a,5979.7
92862,T4b,5979.8
105718,T4b,5979.8
39525,Mi1,5979.8
114995,T4b,5979.8
71583,Tm3,5979.8
106894,T4b,5979.8
68933,Tm3,5979.8
10799,OA-VUMa4,5979.8
51050,TmY3,5979.8
45176,Mi1,5979.8
41435,Mi1,5979.8
35100,Mi1,5979.8
10755,H1,5979.8
62894,Tm3,5979.8
93566,T4a,5979.900000000001
102786,Tm3,5979.900000000001
57398,Mi1,5979.900000000001
110938,T4d,5979.900000000001
103025,T4a,5979.900000000001
44527,Mi1,5979.900000000001
70697,Tm3,5979.900000000001
40958,Mi1,5979.900000000001
38455,Mi1,5979.900000000001
41709,Mi1,5979.900000000001
37599,Mi1,5979.900000000001
30803,LC4,5979.900000000001
24338,LC4,5979.900000000001
19634,LC4,5979.900000000001
98504,T4c,5980.0
94481,T2,5980.0
43783,Mi1,5980.0
67810,Tm3,5980.0
88933,T4a,5980.1
114698,T4b,5980.1
107567,T4c,5980.1
96015,T4c,5980.1
95926,T4a,5980.1
94893,T4c,5980.1
115390,T4d,5980.1
92054,T4b,5980.1
85536,T4a,5980.1
37555,Mi1,5980.1
82425,T4b,5980.1
77226,T2a,5980.1
37509,Mi1,5980.1
36533,Mi1,5980.1
35045,Mi1,5980.1
22975,LC4,5980.1
18127,LC4,5980.1
84631,T4c,5980.1
109035,T4b,5980.2
101033,T4d,5980.2
94983,T4c,5980.2
94153,T4d,5980.2
79345,T2a,5980.2
83227,Tm3,5980.2
45948,TmY3,5980.2
16138,LC4,5980.2
16628,LC4,5980.2
51122,Mi1,5980.2
35602,Mi1,5980.2
17054,LC4,5980.2
35806,Mi1,5980.3
38178,Mi1,5980.3
77361,T4a,5980.3
93947,T4a,5980.3
97704,T2a,5980.3
109023,T4c,5980.3
112458,T4b,5980.3
122961,T4d,5980.3
57486,TmY3,5980.3
98000,T4b,5980.400000000001
71402,Tm3,5980.400000000001
79134,Tm3,5980.400000000001
41399,Mi1,5980.400000000001
33942,Mi1,5980.400000000001
21287,LC4,5980.400000000001
39067,Mi1,5980.400000000001
107334,T4a,5980.5
99663,T4c,5980.5
97145,T4c,5980.5
92939,T4b,5980.5
66538,T2,5980.5
84366,T4b,5980.5
36217,Mi1,5980.5
35774,Mi1,5980.5
34329,Mi1,5980.5
17364,LC4,5980.5
40599,TmY3,5980.5
74159,Tm3,5980.599999999999
95498,T4b,5980.599999999999
93302,T4b,5980.599999999999
105135,T4c,5980.599999999999
74010,T2a,5980.599999999999
83639,T2a,5980.599999999999
60235,TmY3,5980.599999999999
35724,Mi1,5980.599999999999
36452,Mi1,5980.599999999999
71447,T4c,5980.599999999999
40596,Mi1,5980.599999999999
36990,Mi1,5980.599999999999
113852,T4b,5980.700000000001
107010,T4d,5980.700000000001
97866,T4d,5980.700000000001
94468,T4c,5980.700000000001
91469,T4c,5980.700000000001
92644,T4d,5980.700000000001
57349,Mi1,5980.700000000001
45349,Mi1,5980.700000000001
39692,TmY3,5980.700000000001
19420,LC4,5980.700000000001
66207,T2,5980.700000000001
103195,T4a,5980.8
102540,T4b,5980.8
40716,Tm3,5980.8
39727,Mi1,5980.8
37019,Mi1,5980.8
35888,Mi1,5980.8
19543,LC4,5980.8
37084,Mi1,5980.8
10687,OA-AL2i3,5980.9
17548,LC4,5980.9
21313,LC4,5980.9
36252,Mi1,5980.9
91345,T4c,5980.9
93564,T4d,5980.9
100897,T4c,5980.9
104008,T4b,5980.9
113171,T4b,5981.0
71052,T2a,5981.0
90371,T4d,5981.0
43414,Mi1,5981.0
10041,OA-VUMa1,5981.0
10015,HSN,5981.0
38241,Mi1,5981.0
287884,OA-VPM3,5981.1
121816,T4a,5981.1
106166,T4b,5981.1
104972,T4a,5981.1
90955,T2a,5981.1
78317,T4a,5981.1
87106,T4a,5981.1
58945,Tm3,5981.1
48531,Mi1,5981.1
47368,TmY3,5981.1
40026,TmY3,5981.1
33394,Mi1,5981.1
20917,LC4,5981.1
74375,Tm3,5981.1
97677,T4c,5981.2
116439,T4c,5981.2
112619,T4d,5981.2
110071,T4d,5981.2
106952,T4b,5981.2
102045,T4a,5981.2
101463,T4d,5981.2
85731,T4d,5981.2
41809,Mi1,5981.2
77138,Tm3,5981.2
74411,Mi1,5981.2
67150,T2a,5981.2
58224,Mi1,5981.2
52350,Mi1,5981.2
42006,TmY3,5981.2
77527,T4a,5981.2
110482,T4b,5981.3
98625,T4a,5981.3
96262,T4c,5981.3
76653,T2a,5981.3
71361,Tm3,5981.3
62078,Mi1,5981.3
63994,Mi1,5981.3
42856,Mi1,5981.3
106840,T4b,5981.400000000001
10001,DNp01,5981.400000000001
22966,LC4,5981.400000000001
75966,T2a,5981.400000000001
84010,Tm3,5981.400000000001
88095,T4d,5981.400000000001
90259,T4d,5981.400000000001
97004,T4c,5981.400000000001
104297,T4a,5981.400000000001
107621,T4d,5981.400000000001
97528,T4a,5981.5
102016,T4a,5981.5
46827,Mi1,5981.5
105706,T4a,5981.5
116451,T4c,5981.5
96424,T4b,5981.5
104256,T4a,5981.5
92431,T4a,5981.5
41136,Mi1,5981.5
76380,Tm3,5981.5
71408,T2,5981.5
38857,Mi1,5981.5
25584,LC4,5981.5
21336,LC4,5981.5
10016,HSE,5981.5
82121,Tm3,5981.5
78911,Tm3,5981.6
109857,T4d,5981.6
109336,T4b,5981.6
102229,T4d,5981.6
98026,T4b,5981.6
94866,T4d,5981.6
116633,T4c,5981.6
62401,T2,5981.6
50311,TmY3,5981.6
47211,Mi1,5981.6
23606,Mi1,5981.6
20808,LC4,5981.6
10284,VS,5981.6
10185,OA-VUMa8,5981.6
65307,T2,5981.6
109031,Tm3,5981.7
98862,Tm3,5981.7
98448,T4b,5981.7
90423,T4b,5981.7
80080,T2a,5981.7
68840,TmY3,5981.7
96090,T4c,5981.7
44700,Mi1,5981.7
36410,Mi1,5981.7
16606,VST2,5981.7
10677,OA-AL2i4,5981.7
10269,OA-AL2i2,5981.7
10037,VS,5981.7
64341,TmY3,5981.7
117556,T4c,5981.8
104017,T4b,5981.8
103302,T4c,5981.8
64913,T2,5981.8
36305,Mi1,5981.8
20399,LC4,5981.8
19550,LC4,5981.8
34933,Mi1,5981.8
71765,T2a,5981.900000000001
101621,T4d,5981.900000000001
94743,T4d,5981.900000000001
89434,T4c,5981.900000000001
78848,Tm3,5981.900000000001
50633,TmY3,5981.900000000001
10322,OA-AL2i2,5981.900000000001
34626,Mi1,5981.900000000001
33446,Mi1,5981.900000000001
30480,LC4,5981.900000000001
36911,Mi1,5981.900000000001
10311,VS,5981.900000000001
110040,T4c,5982.0
109645,T4b,5982.0
104683,T4b,5982.0
100874,T4a,5982.0
94549,T4b,5982.0
94546,T4b,5982.0
115818,T4a,5982.0
86141,T4b,5982.0
85074,T4a,5982.0
82549,T4b,5982.0
69441,Tm3,5982.0
48186,TmY3,5982.0
10025,H2,5982.0
89825,T4a,5982.0
110384,T4b,5982.099999999999
100046,T4b,5982.099999999999
97769,T4a,5982.099999999999
94668,T4d,5982.099999999999
88575,T4b,5982.099999999999
86992,T4b,5982.099999999999
85608,T2a,5982.099999999999
44449,TmY3,5982.099999999999
43689,Mi1,5982.099999999999
39651,Mi1,5982.099999999999
39629,Mi1,5982.099999999999
19954,LC4,5982.099999999999
17266,LC4,5982.099999999999
74927,Tm3,5982.099999999999
101005,T4d,5982.200000000001
526158,Mi1,5982.200000000001
102845,T4b,5982.200000000001
93407,T4d,5982.200000000001
95985,T4c,5982.200000000001
45719,Mi1,5982.200000000001
35572,Mi1,5982.200000000001
21225,LC4,5982.200000000001
92911,T4c,5982.200000000001
84292,T4d,5982.3
542412,Mi1,5982.3
110988,T4a,5982.3
107640,T4c,5982.3
105862,T4d,5982.3
62947,T2a,5982.3
60698,TmY3,5982.3
42942,Mi1,5982.3
40635,Mi1,5982.3
38993,Mi1,5982.3
70188,T2,5982.3
77484,T4d,5982.4
78561,Tm3,5982.4
35770,Mi1,5982.4
87358,T4a,5982.4
76788,T4b,5982.4
85378,T4a,5982.4
63468,Mi1,5982.4
10112,VS,5982.4
56918,TmY3,5982.4
37631,Mi1,5982.4
22264,TmY3,5982.4
17926,LC4,5982.4
10023,HSS,5982.4
61353,T2,5982.4
37123,Mi1,5982.5
90058,T4a,5982.5
149504,T4d,5982.5
71475,Tm3,5982.6
84663,T2a,5982.6
68562,T2a,5982.6
96671,T4c,5982.6
98751,T4a,5982.6
96576,T4c,5982.6
64485,T2,5982.6
33462,Mi1,5982.6
51191,TmY3,5982.6
38461,Mi1,5982.6
34479,Mi1,5982.6
62089,Tm3,5982.6
10187,OA-VPM3,5982.6
10012,VS,5982.6
70490,Mi1,5982.7
91725,T4b,5982.7
95629,T4c,5982.7
105521,T4c,5982.7
110742,T4c,5982.7
106910,T4d,5982.8
105214,T4c,5982.8
102564,T4a,5982.8
17860,LC4,5982.8
67963,Tm3,5982.8
12688,OA-ASM1,5982.8
101215,T4c,5982.8
96107,T4d,5982.9
108346,T4b,5982.9
107297,T4c,5982.9
106401,T4d,5982.9
98194,T4d,5982.9
97318,T4d,5982.9
95532,T4a,5982.9
34463,Mi1,5982.9
93927,T4a,5982.9
82208,T2a,5982.9
66852,Mi1,5982.9
42675,Mi1,5982.9
36346,Mi1,5982.9
93941,T4b,5982.9
88922,T4c,5983.0
104478,T4d,5983.0
171349687,Tm3,5983.0
94283,T4d,5983.0
91444,T4c,5983.0
71931,Tm3,5983.0
16128,LC4,5983.0
38421,Mi1,5983.0
35712,Mi1,5983.0
23392,LC4,5983.0
19794,LC4,5983.0
10265,OA-AL2i2,5983.0
68412,T2a,5983.0
121170,Tm3,5983.1
113983,T4d,5983.1
113945,T4d,5983.1
111980,T4d,5983.1
99672,T4a,5983.1
98668,T4a,5983.1
91366,T4b,5983.1
83204,T4d,5983.1
82299,T4c,5983.1
60857,Mi1,5983.1
45696,Mi1,5983.1
42533,TmY3,5983.1
39791,Mi1,5983.1
36954,Mi1,5983.1
22328,LC4,5983.1
11134,VSm,5983.1
10072,OA-AL2i1,5983.1
50333,TmY3,5983.1
84434,Tm3,5983.2
102298,T4c,5983.2
96812,T4a,5983.2
94071,T4a,5983.2
79646,Tm3,5983.2
34899,Mi1,5983.2
63489,T2,5983.2
41464,TmY3,5983.2
69090,T2,5983.2
18189,LC4,5983.2
112809,T4d,5983.3
103657,T4b,5983.3
94755,T4a,5983.3
73371,T2a,5983.3
72665,Mi1,5983.3
72655,Mi1,5983.3
72279,Mi1,5983.3
67308,Mi1,5983.3
61734,T2,5983.3
41296,Mi1,5983.3
37224,Mi1,5983.3
537004,VSm,5983.400000000001
107240,T4b,5983.400000000001
101742,T4c,5983.400000000001
90465,T4a,5983.400000000001
89282,T4a,5983.400000000001
61960,T2,5983.400000000001
76061,T2a,5983.400000000001
35173,Mi1,5983.400000000001
34272,Mi1,5983.400000000001
27788,Mi1,5983.400000000001
87566,T4a,5983.400000000001
10206,VS,5983.5
19260,LC4,5983.5
33918,Mi1,5983.5
87896,T4a,5983.5
100680,T4d,5983.5
101380,T4d,5983.5
539983,T4c,5983.5
105276,T4d,5983.599999999999
800146,TTMn,5983.599999999999
121093,T4b,5983.599999999999
100867,T4b,5983.599999999999
34189,Mi1,5983.599999999999
81287,Tm3,5983.599999999999
38721,Mi1,5983.599999999999
89290,T4d,5983.599999999999
102572,T4c,5983.700000000001
100274,T4a,5983.700000000001
98404,T4d,5983.700000000001
96989,T4d,5983.700000000001
93865,T4c,5983.700000000001
83045,Tm3,5983.700000000001
98598,T4c,5983.700000000001
35840,Mi1,5983.700000000001
28945,LC4,5983.700000000001
23098,LC4,5983.700000000001
20673,LC4,5983.700000000001
20016,LC4,5983.700000000001
11608,OA-VUMa2,5983.700000000001
75473,Tm3,5983.700000000001
80855,Tm3,5983.8
97877,T4d,5983.8
10755,H1,5983.8
20588,LC4,5983.900000000001
68689,T2a,5983.900000000001
101067,T4a,5983.900000000001
126419,T4d,5984.0
117151,T4d,5984.0
102295,T4d,5984.0
58967,TmY3,5984.0
53065,Mi1,5984.0
50552,Mi1,5984.0
51770,TmY3,5984.0
35260,Mi1,5984.0
22847,LC4,5984.0
18127,LC4,5984.0
10168,OA-VUMa6,5984.0
10015,HSN,5984.0
10001,DNp01,5984.0
38227,Mi1,5984.0
119601,T4d,5984.1
110386,T4d,5984.1
107835,T4b,5984.1
96163,T4b,5984.1
90520,T4a,5984.1
63021,Tm3,5984.1
58320,TmY3,5984.1
41654,Mi1,5984.1
34045,Mi1,5984.1
68982,Tm3,5984.1
114669,T4b,5984.200000000001
547091,T2,5984.200000000001
119213,T4c,5984.200000000001
107184,Tm3,5984.200000000001
69980,Tm3,5984.200000000001
90900,T4a,5984.200000000001
20542,LC4,5984.200000000001
104670,T4d,5984.200000000001
10016,HSE,5984.3
24338,LC4,5984.3
40426,Mi1,5984.3
46248,Mi1,5984.3
63673,Tm3,5984.3
98748,T4c,5984.3
99636,T4d,5984.3
103033,T4a,5984.3
93957,T4b,5984.4
105242,T4c,5984.4
96852,T4a,5984.4
107715,T4a,5984.4
91303,T4b,5984.4
67408,Mi1,5984.4
80884,T2a,5984.4
70800,Tm3,5984.4
44222,Mi1,5984.4
22194,LC4,5984.4
81733,Tm3,5984.4
527408,LC4,5984.500000000001
111746,Tm3,5984.500000000001
105099,T4b,5984.500000000001
99837,T4a,5984.500000000001
96126,T4b,5984.500000000001
88491,T4a,5984.500000000001
109142,T4b,5984.500000000001
67415,T2,5984.500000000001
45162,TmY3,5984.500000000001
37000,Mi1,5984.500000000001
36275,Mi1,5984.500000000001
35405,Mi1,5984.500000000001
75318,T2,5984.500000000001
112027,T4d,5984.6
104674,T4a,5984.6
96676,T4b,5984.6
74303,Mi1,5984.6
58599,T2,5984.6
50345,TmY3,5984.6
42895,Mi1,5984.6
40936,Mi1,5984.6
22034,LC4,5984.6
57164,TmY3,5984.6
90474,T4b,5984.7
107117,T4d,5984.7
98137,T4d,5984.7
87429,T4b,5984.7
103351,T4a,5984.7
35890,Mi1,5984.7
23792,LC4,5984.7
21165,LC4,5984.7
68293,T2,5984.7
89934,T4d,5984.8
79253,T4a,5984.8
62838,TmY3,5984.8
55976,Mi1,5984.8
46662,TmY3,5984.8
16628,LC4,5984.8
16138,LC4,5984.8
10037,VS,5984.8
10025,H2,5984.8
104905,T4c,5984.900000000001
102579,T4b,5984.900000000001
99671,T4c,5984.900000000001
97306,T4a,5984.900000000001
17668,LC4,5984.900000000001
59397,Mi1,5984.900000000001
40795,Mi1,5984.900000000001
38632,Mi1,5984.900000000001
86932,T4b,5984.900000000001
65531,T2a,5985.0
111010,T4c,5985.0
105640,T4d,5985.0
98817,T4a,5985.0
68264,Tm3,5985.0
64050,T2,5985.0
101302,T4d,5985.0
47696,TmY3,5985.0
10120,OA-VPM4,5985.0
15422,VST2,5985.0
48286,Mi1,5985.0
40219,Mi1,5985.0
44438,Mi1,5985.0
38065,LC4,5985.0
76074,Tm3,5985.1
80812,T4a,5985.1
100673,T4b,5985.1
101772,Tm3,5985.1
111932,T4c,5985.1
546524,Mi1,5985.1
91076,T4a,5985.1
99131,T4c,5985.2
81092,Tm3,5985.2
95356,T4a,5985.2
85664,TmY3,5985.2
85009,Tm3,5985.2
58862,Mi1,5985.2
40411,Mi1,5985.2
40256,Mi1,5985.2
37294,Mi1,5985.2
21151,LC4,5985.2
63912,T2,5985.2
97193,T4a,5985.3
88353,T4b,5985.3
77891,Tm3,5985.3
70281,T2a,5985.3
39858,Mi1,5985.3
35683,Mi1,5985.3
34938,Mi1,5985.3
19543,LC4,5985.3
46745,Mi1,5985.3
66214,T2a,5985.400000000001
90657,T4a,5985.400000000001
72945,T2a,5985.400000000001
65235,T2,5985.400000000001
74725,T2a,5985.400000000001
45319,Mi1,5985.400000000001
40577,Mi1,5985.400000000001
37948,Mi1,5985.400000000001
31262,LC4,5985.400000000001
61768,T2,5985.400000000001
100855,T4a,5985.5
96835,T4b,5985.5
87763,T4a,5985.5
75660,T2a,5985.5
71036,T2a,5985.5
65468,T2,5985.5
33614,Mi1,5985.5
29563,LC4,5985.5
100105,T4a,5985.6
95235,T4d,5985.6
41659,Mi1,5985.6
35447,Mi1,5985.6
90027,T4c,5985.6
21313,LC4,5985.6
10175,OA-VUMa6,5985.6
10023,HSS,5985.6
35152,Mi1,5985.6
10652,OA-AL2i4,5985.700000000001
17987,LC4,5985.700000000001
48514,TmY3,5985.700000000001
60856,T2a,5985.700000000001
92114,T4c,5985.700000000001
99850,T4a,5985.700000000001
108161,T4a,5985.8
104130,T4a,5985.8
100033,T4c,5985.8
89020,T4a,5985.8
10112,VS,5985.8
35416,Mi1,5985.8
22975,LC4,5985.8
69228,T2a,5985.8
71944,T2a,5985.9
83946,T4d,5985.9
103570,T4d,5985.9
38230,Mi1,5985.9
10658,OA-AL2i3,5985.9
24867,VST1,5985.9
11005,OA-VUMa4,5985.9
10110,OA-VUMa1,5985.9
37568,Mi1,5985.9
20282,LC4,5986.000000000001
77395,T4b,5986.000000000001
84063,T4b,5986.000000000001
103271,T4c,5986.000000000001
112369,T4d,5986.000000000001
114850,Tm3,5986.000000000001
99074,T4b,5986.1
98175,T4c,5986.1
97878,T4b,5986.1
89252,T4b,5986.1
71029,T2,5986.1
71089,Mi1,5986.1
41120,Mi1,5986.1
40235,Mi1,5986.1
35897,Mi1,5986.1
20808,LC4,5986.1
17364,LC4,5986.1
69164,Mi1,5986.1
111180,T4c,5986.2
93688,T4a,5986.2
85598,T4b,5986.2
82674,T4a,5986.2
43872,Mi1,5986.2
41637,Mi1,5986.2
35001,Mi1,5986.2
17548,LC4,5986.2
79483,Tm3,5986.2
110183,T4d,5986.3
105403,T4c,5986.3
103780,T4c,5986.3
80899,TmY3,5986.3
81305,Tm3,5986.3
38529,Mi1,5986.3
32535,Mi1,5986.3
48060,Mi1,5986.3
37088,Mi1,5986.3
34356,Mi1,5986.3
109291,T4d,5986.400000000001
107763,T4d,5986.400000000001
105363,T4c,5986.400000000001
103870,T4a,5986.400000000001
96830,T4b,5986.400000000001
95335,T4a,5986.400000000001
39688,Mi1,5986.400000000001
35498,Mi1,5986.400000000001
33907,Mi1,5986.400000000001
21225,LC4,5986.400000000001
17054,LC4,5986.400000000001
68678,T2,5986.400000000001
56007,TmY3,5986.5
91505,T4c,5986.5
104996,T4a,5986.5
40703,Mi1,5986.5
10284,VS,5986.5
21336,LC4,5986.5
19954,LC4,5986.5
25584,LC4,5986.5
10001,DNp01,5986.5
10012,VS,5986.6
57239,Mi1,5986.6
78735,T2a,5986.6
92996,T4a,5986.6
100856,T4a,5986.6
103073,T4a,5986.6
80528,T2a,5986.7
128916,Tm3,5986.7
90567,T4b,5986.7
74044,Tm3,5986.7
52328,TmY3,5986.7
48986,TmY3,5986.7
71164,Mi1,5986.7
17926,LC4,5986.8
35836,Mi1,5986.8
37371,Mi1,5986.8
61500,Tm3,5986.8
74231,Tm3,5986.8
74287,Tm3,5986.8
83438,T4a,5986.8
101620,T4b,5986.8
102220,T4a,5986.8
103160,T4a,5986.8
101721,T4d,5986.900000000001
70239,T2,5986.900000000001
95554,T4b,5986.900000000001
67113,Mi1,5986.900000000001
11551,VS,5986.900000000001
69536,Tm3,5986.900000000001
105313,T4a,5987.0
102975,T4b,5987.0
99950,T4c,5987.0
91806,T4a,5987.0
73301,Tm3,5987.0
69778,T2,5987.0
38791,Mi1,5987.0
38514,Mi1,5987.0
23929,LC4,5987.0
21804,LC4,5987.0
20634,VST1,5987.0
10015,HSN,5987.0
38748,Mi1,5987.0
112362,T4c,5987.099999999999
110910,Tm3,5987.099999999999
73447,Tm3,5987.099999999999
98361,T4a,5987.099999999999
38477,Mi1,5987.099999999999
26112,LC4,5987.099999999999
70635,Tm3,5987.099999999999
37853,Mi1,5987.099999999999
10016,HSE,5987.200000000001
20917,LC4,5987.200000000001
34404,Mi1,5987.200000000001
36158,Mi1,5987.200000000001
93750,T4c,5987.200000000001
98890,T4c,5987.200000000001
116313,T4a,5987.3
112744,T4d,5987.3
87845,T4a,5987.3
86686,T4c,5987.3
83125,T4b,5987.3
102113,T4b,5987.3
40505,Mi1,5987.3
36881,Mi1,5987.3
23392,LC4,5987.3
19420,LC4,5987.3
59599,T2,5987.3
108870,T4a,5987.4
104202,T4d,5987.4
99628,T4b,5987.4
98325,T4d,5987.4
93482,T4d,5987.4
79704,T4d,5987.4
71161,T2a,5987.4
63175,Mi1,5987.4
59008,Mi1,5987.4
39743,Mi1,5987.4
76621,T2a,5987.4
89102,T4d,5987.500000000001
105292,T4b,5987.500000000001
98099,T4b,5987.500000000001
94596,T4b,5987.500000000001
93527,T4a,5987.500000000001
108307,T4b,5987.500000000001
74061,Tm3,5987.500000000001
37044,Mi1,5987.500000000001
30803,LC4,5987.500000000001
20399,LC4,5987.500000000001
12521,HST,5987.500000000001
65298,T2a,5987.500000000001
135612,Tm3,5987.6
98788,T4d,5987.6
98226,T4b,5987.6
91629,T4a,5987.6
88005,T4d,5987.6
44564,TmY3,5987.6
37733,TmY3,5987.6
37391,Mi1,5987.6
37037,Mi1,5987.6
21287,LC4,5987.6
16128,LC4,5987.6
10206,VS,5987.6
105565,Tm3,5987.7
118029,T4b,5987.7
100165,T4b,5987.7
94081,T4c,5987.7
12109,OA-VUMa2,5987.7
22328,LC4,5987.7
10025,H2,5987.7
38479,Mi1,5987.7
34369,Mi1,5987.8
91682,T4b,5987.8
97186,T4a,5987.8
99519,T4a,5987.8
108757,T4c,5987.8
111623,T4a,5987.8
91057,T4c,5987.900000000001
109172,T4b,5987.900000000001
103867,T4a,5987.900000000001
92842,T4a,5987.900000000001
91288,T4c,5987.900000000001
87827,T2a,5987.900000000001
104450,T4a,5987.900000000001
48073,TmY3,5987.900000000001
41804,Mi1,5987.900000000001
38893,Mi1,5987.900000000001
35845,Mi1,5987.900000000001
19634,LC4,5987.900000000001
10755,H1,5987.900000000001
48930,TmY3,5987.900000000001
286259,OA-ASM1,5988.0
109326,T4c,5988.0
99310,T4a,5988.0
98381,T4d,5988.0
91510,T4c,5988.0
88726,T4b,5988.0
68494,T2,5988.0
94179,T4a,5988.0
37680,Mi1,5988.0
37677,Mi1,5988.0
35017,Mi1,5988.0
18127,LC4,5988.0
16570,VST2,5988.0
10037,VS,5988.0
42872,Mi1,5988.0
100946,T4c,5988.1
100087,T4b,5988.1
92957,T4d,5988.1
88815,T4d,5988.1
80913,T4a,5988.1
80906,T4c,5988.1
59959,Mi1,5988.1
35512,Mi1,5988.1
87087,T2a,5988.1
93021,T4a,5988.2
112241,T4b,5988.2
104622,T4b,5988.2
99387,T4a,5988.2
87808,T4a,5988.2
87090,T2a,5988.2
49372,TmY3,5988.2
33655,Mi1,5988.2
24338,LC4,5988.2
10825,OA-AL2i3,5988.2
116129,T4b,5988.3
91313,T4a,5988.3
90796,T4d,5988.3
75557,Tm3,5988.3
63420,Mi1,5988.3
58553,TmY3,5988.3
37699,Mi1,5988.3
94356,T4c,5988.3
36684,Mi1,5988.3
34849,Mi1,5988.3
34057,Mi1,5988.3
30997,Mi1,5988.3
18189,LC4,5988.3
17266,LC4,5988.3
37270,Mi1,5988.3
112453,T4c,5988.400000000001
101441,T4a,5988.400000000001
100282,T4a,5988.400000000001
81996,T2a,5988.400000000001
77779,T2a,5988.400000000001
67449,TmY3,5988.400000000001
39894,T4b,5988.400000000001
40944,Mi1,5988.400000000001
38687,Mi1,5988.400000000001
37138,Mi1,5988.400000000001
35428,Mi1,5988.400000000001
10322,OA-AL2i2,5988.400000000001
65443,T2a,5988.400000000001
100981,T4d,5988.5
128726,Tm3,5988.5
91804,T4d,5988.5
90049,T4c,5988.5
33110,Mi1,5988.5
23098,LC4,5988.5
11602,OA-ASM1,5988.5
64149,Mi1,5988.5
800146,TTMn,5988.599999999999
96295,T4b,5988.599999999999
94324,Tm3,5988.599999999999
79449,T4b,5988.599999999999
72794,Tm3,5988.599999999999
66604,TmY3,5988.599999999999
64058,T2,5988.599999999999
58527,TmY3,5988.599999999999
49441,TmY3,5988.599999999999
44282,Mi1,5988.599999999999
19260,LC4,5988.599999999999
110855,T4a,5988.700000000001
108948,T4b,5988.700000000001
90533,T4c,5988.700000000001
79259,T4b,5988.700000000001
39500,Mi1,5988.700000000001
45322,Mi1,5988.700000000001
10555,OA-VUMa3,5988.700000000001
64540,T2,5988.700000000001
10687,OA-AL2i3,5988.8
35580,Mi1,5988.8
40400,Mi1,5988.8
73122,T2a,5988.8
82515,Tm3,5988.8
95972,T4d,5988.9
96081,T4a,5988.9
92682,T4a,5988.9
105849,T4d,5988.9
102370,T4c,5988.9
75766,T2a,5988.9
47967,Mi1,5988.9
45005,TmY3,5988.9
38238,Mi1,5988.9
25893,VST1,5988.9
19794,LC4,5988.9
11134,VSm,5988.9
10269,OA-AL2i2,5988.9
10023,HSS,5988.9
98887,T4b,5989.0
68842,TmY3,5989.0
41545,Mi1,5989.0
38987,Mi1,5989.0
36177,Mi1,5989.0
10001,DNp01,5989.0
537004,VSm,5989.1
101228,T4a,5989.1
93935,T4a,5989.1
86907,T4a,5989.1
81372,Tm3,5989.1
81015,T4a,5989.1
38767,Mi1,5989.1
34300,Mi1,5989.1
22194,LC4,5989.1
10112,VS,5989.1
75304,T2a,5989.1
102741,T4c,5989.2
10072,OA-AL2i1,5989.2
33766,Mi1,5989.2
39164,Mi1,5989.2
43615,Mi1,5989.2
54087,Mi1,5989.2
70524,T2a,5989.2
100190,T4c,5989.2
38208,Mi1,5989.3
99348,T4c,5989.3
20542,LC4,5989.3
35218,Mi1,5989.3
102703,T4a,5989.400000000001
102031,T4c,5989.400000000001
105412,T4a,5989.400000000001
100956,T4d,5989.400000000001
72148,Tm3,5989.400000000001
55101,Mi1,5989.400000000001
20673,LC4,5989.400000000001
20588,LC4,5989.400000000001
19550,LC4,5989.400000000001
16628,LC4,5989.400000000001
113414,T4d,5989.5
104144,T2,5989.5
90219,T4a,5989.5
99670,T4c,5989.5
40085,Mi1,5989.5
39438,Mi1,5989.5
76524,Tm3,5989.5
93360,T4b,5989.6
108066,T4b,5989.6
99975,T4c,5989.6
97184,T4d,5989.6
96307,T4a,5989.6
95736,T4c,5989.6
82618,T2a,5989.6
70900,Tm3,5989.6
75712,Tm3,5989.6
72426,Tm3,5989.6
42594,Mi1,5989.6
124362,T4c,5989.6
34079,Mi1,5989.6
81486,T4b,5989.6
36646,Mi1,5989.6
97161,T4a,5989.7
101123,T4c,5989.7
92993,Tm3,5989.7
102147,T4c,5989.7
90952,T4c,5989.7
93877,T4c,5989.7
73320,T2,5989.7
89483,T4a,5989.7
60886,T2a,5989.7
17860,LC4,5989.7
16138,LC4,5989.7
34658,Mi1,5989.8
37438,Mi1,5989.8
57871,T2,5989.8
74860,Tm3,5989.8
101885,T4a,5989.8
107095,T4c,5989.8
105122,T4b,5989.900000000001
102448,T4d,5989.900000000001
100785,T4b,5989.900000000001
113207,T4d,5989.900000000001
83307,Tm3,5989.900000000001
51767,TmY3,5989.900000000001
34296,Mi1,5989.900000000001
90278,T4a,5989.900000000001
127153,Tm3,5990.0
69063,Mi1,5990.0
65009,T2,5990.0
70289,Mi1,5990.0
38768,Mi1,5990.0
10016,HSE,5990.0
10015,HSN,5990.0
41668,Mi1,5990.0
117551,Tm3,5990.099999999999
10799,OA-VUMa4,5990.099999999999
12896,OA-VUMa5,5990.099999999999
21313,LC4,5990.099999999999
40832,Mi1,5990.099999999999
86419,Tm3,5990.099999999999
86504,T4b,5990.099999999999
108065,T4c,5990.099999999999
116259,T4b,5990.099999999999
121821,T4c,5990.099999999999
99731,T4c,5990.200000000001
110987,Tm3,5990.200000000001
98398,T4c,5990.200000000001
85152,T4c,5990.200000000001
42691,Mi1,5990.200000000001
37390,Mi1,5990.200000000001
19543,LC4,5990.3
20808,LC4,5990.3
41536,Mi1,5990.3
42758,Mi1,5990.3
93509,T4b,5990.3
96931,T4b,5990.3
100838,T4c,5990.3
105545,T4d,5990.3
105962,T4b,5990.3
109276,T4d,5990.4
105386,T4d,5990.4
82536,T4d,5990.4
79314,T4b,5990.4
39275,Mi1,5990.4
38648,Mi1,5990.4
35234,Mi1,5990.4
10677,OA-AL2i4,5990.4
10012,VS,5990.4
48607,TmY3,5990.5
67614,Mi1,5990.5
82656,T2a,5990.5
84577,T2a,5990.5
100501,T4b,5990.5
104858,T4b,5990.5
109598,T4b,5990.5
134624,Tm3,5990.5
56564,Mi1,5990.6
44119,Mi1,5990.6
36540,Mi1,5990.6
95074,T4a,5990.6
17668,LC4,5990.6
10025,H2,5990.6
31848,Mi1,5990.6
10041,OA-VUMa1,5990.6
92055,T4c,5990.7
19954,LC4,5990.7
33017,Mi1,5990.7
35113,Mi1,5990.7
40171,Mi1,5990.7
84328,T4a,5990.7
107412,Tm3,5990.7
97835,T4a,5990.8
72796,Tm3,5990.8
22966,LC4,5990.8
34862,Mi1,5990.8
41626,Mi1,5990.8
72938,T2a,5990.9
90145,T4a,5990.9
86536,Tm3,5990.9
94482,T4d,5990.9
41950,Mi1,5990.9
38710,Mi1,5990.9
35734,Mi1,5990.9
21225,LC4,5990.9
62851,Tm3,5990.9
105199,T4d,5991.0
96260,T4d,5991.0
94305,T4a,5991.0
87452,T2a,5991.0
75361,T2a,5991.0
72132,Tm3,5991.0
51049,Mi1,5991.0
37113,Mi1,5991.0
35934,Mi1,5991.0
35290,Mi1,5991.0
34142,Mi1,5991.0
17926,LC4,5991.0
107442,T4d,5991.0
61401,T2a,5991.0
101770,T4b,5991.1
72501,Mi1,5991.1
102801,T4b,5991.1
527408,LC4,5991.1
65833,Mi1,5991.1
22034,LC4,5991.1
29563,LC4,5991.1
25584,LC4,5991.1
22975,LC4,5991.1
21336,LC4,5991.1
36139,Mi1,5991.1
117627,Tm3,5991.2
100774,T4a,5991.2
88281,T4b,5991.2
38133,Mi1,5991.2
33091,Mi1,5991.2
32893,Mi1,5991.2
10226,OA-AL2i3,5991.2
10037,VS,5991.2
36446,Mi1,5991.2
97480,T4c,5991.299999999999
106745,T4b,5991.299999999999
102814,T4b,5991.299999999999
85007,T4c,5991.299999999999
35235,Mi1,5991.299999999999
42119,Mi1,5991.299999999999
37927,Mi1,5991.299999999999
37839,Mi1,5991.299999999999
44746,TmY3,5991.299999999999
71938,T2a,5991.400000000001
118385,T4b,5991.400000000001
109996,T4c,5991.400000000001
100729,T4b,5991.400000000001
75172,T2a,5991.400000000001
65671,Mi1,5991.400000000001
98360,T4c,5991.400000000001
43965,Mi1,5991.400000000001
39692,TmY3,5991.400000000001
39405,Mi1,5991.400000000001
60979,TmY3,5991.400000000001
37756,Mi1,5991.400000000001
20016,LC4,5991.400000000001
17548,LC4,5991.400000000001
97981,T4a,5991.5
96365,T4a,5991.5
95005,T4a,5991.5
93622,T4c,5991.5
76121,Tm3,5991.5
40854,Mi1,5991.5
42048,Mi1,5991.5
37585,Mi1,5991.5
30480,LC4,5991.5
10001,DNp01,5991.5
71652,Tm3,5991.5
81494,T2,5991.6
98654,T4d,5991.6
92047,T4c,5991.6
70642,T2a,5991.6
14416,VST2,5991.6
33326,Mi1,5991.6
22847,LC4,5991.6
49930,TmY3,5991.6
11264,OA-ASM1,5991.700000000001
41613,Mi1,5991.700000000001
67152,Tm3,5991.700000000001
89139,T4c,5991.700000000001
103654,T4b,5991.700000000001
108876,T4c,5991.700000000001
73385,T2a,5991.8
124345,T4d,5991.8
117221,T4c,5991.8
86175,T4a,5991.8
76003,Tm3,5991.8
71228,T2a,5991.8
73767,Mi1,5991.8
65052,T2,5991.8
64977,T2,5991.8
68138,TmY3,5991.8
49324,Mi1,5991.8
44592,TmY3,5991.8
35602,Mi1,5991.8
10284,VS,5991.8
525839,Mi1,5991.900000000001
90419,T4b,5991.900000000001
88152,T4c,5991.900000000001
83042,T4b,5991.900000000001
67464,Mi1,5991.900000000001
46586,TmY3,5991.900000000001
17364,LC4,5991.900000000001
67971,Tm3,5991.900000000001
83979,T4a,5992.0
105834,T4d,5992.0
97028,T4c,5992.0
93025,T4b,5992.0
66227,Tm3,5992.0
23392,LC4,5992.0
37509,Mi1,5992.0
36369,Mi1,5992.0
31492,Mi1,5992.0
39158,Mi1,5992.0
92251,T4b,5992.1
116343,T4a,5992.1
100726,T4d,5992.1
98139,T4d,5992.1
92684,T4c,5992.1
48283,TmY3,5992.1
103148,T4a,5992.1
38487,Mi1,5992.1
34606,Mi1,5992.1
21165,LC4,5992.1
18127,LC4,5992.1
10206,VS,5992.1
39716,Mi1,5992.1
116114,T4d,5992.200000000001
100310,T4d,5992.200000000001
98238,T4b,5992.200000000001
93142,T4a,5992.200000000001
74374,T2a,5992.200000000001
72955,T2a,5992.200000000001
61292,T2,5992.200000000001
38455,Mi1,5992.200000000001
11921,OA-VPM4,5992.200000000001
10755,H1,5992.200000000001
10204,OA-AL2i2,5992.200000000001
71933,T2,5992.200000000001
77906,T2a,5992.3
101072,T4b,5992.3
91934,T4a,5992.3
109868,Tm3,5992.3
88435,Tm3,5992.3
79210,Tm3,5992.3
67332,T2a,5992.3
23792,LC4,5992.3
43063,Mi1,5992.3
33216,Mi1,5992.3
24338,LC4,5992.3
10080,OA-VUMa3,5992.3
10023,HSS,5992.3
46784,Mi1,5992.3
16128,LC4,5992.4
38596,Mi1,5992.4
91914,T4a,5992.4
98409,T4c,5992.4
110693,Tm3,5992.4
121245,Tm3,5992.4
80282,T4d,5992.500000000001
94289,T4d,5992.500000000001
102910,T4b,5992.500000000001
59864,Tm3,5992.500000000001
87412,T4c,5992.500000000001
43485,Mi1,5992.500000000001
35777,Mi1,5992.500000000001
17054,LC4,5992.500000000001
48547,TmY3,5992.500000000001
28945,LC4,5992.6
37243,Mi1,5992.6
53156,TmY3,5992.6
77307,Tm3,5992.6
94930,T2a,5992.6
111416,Tm3,5992.6
117586,T4c,5992.7
107445,T4a,5992.7
91857,T4b,5992.7
80197,T4a,5992.7
100787,T4b,5992.7
66357,T2a,5992.7
38708,Mi1,5992.7
36660,Mi1,5992.7
34867,Mi1,5992.7
66791,Tm3,5992.7
115111,T4a,5992.8
104853,T4c,5992.8
103527,T4c,5992.8
92640,T4d,5992.8
89728,Tm3,5992.8
36217,Mi1,5992.8
22328,LC4,5992.8
10311,VS,5992.8
10112,VS,5992.8
10016,HSE,5992.8
77846,Tm3,5992.8
97141,T4a,5992.900000000001
134799,Tm3,5992.900000000001
101589,T4a,5992.900000000001
87390,T2a,5992.900000000001
34171,Mi1,5992.900000000001
33942,Mi1,5992.900000000001
17987,LC4,5992.900000000001
43323,Mi1,5992.900000000001
100319,T4b,5993.0
106535,T4d,5993.0
101043,T4c,5993.0
99137,T4c,5993.0
95287,T4a,5993.0
95239,T4a,5993.0
61695,T2,5993.0
39505,Mi1,5993.0
37529,Mi1,5993.0
37353,Mi1,5993.0
10015,HSN,5993.0
92281,T4c,5993.0
98222,T4d,5993.1
109153,T4a,5993.1
107464,T4a,5993.1
90731,T4b,5993.1
10403,VS,5993.1
39718,Mi1,5993.1
23098,LC4,5993.1
21151,LC4,5993.1
67131,Tm3,5993.1
78603,Tm3,5993.2
82976,Tm3,5993.2
72194,Tm3,5993.2
102595,T4d,5993.2
102425,T4b,5993.2
91179,T4a,5993.2
64260,T2,5993.2
96434,T4d,5993.2
42010,TmY3,5993.2
41399,Mi1,5993.2
40106,Mi1,5993.2
39067,Mi1,5993.2
37599,Mi1,5993.2
37108,Mi1,5993.2
35045,Mi1,5993.2
44527,Mi1,5993.2
107628,T4d,5993.3
107170,T4b,5993.3
106200,T4c,5993.3
100215,T4c,5993.3
95227,T4a,5993.3
78940,T4a,5993.3
73807,Tm3,5993.3
72045,T2a,5993.3
69570,Tm3,5993.3
92839,T4b,5993.3
106522,T4d,5993.400000000001
800146,TTMn,5993.400000000001
117631,T4d,5993.400000000001
110403,T4b,5993.400000000001
98439,T4a,5993.400000000001
44449,TmY3,5993.400000000001
79083,Tm3,5993.400000000001
38065,LC4,5993.400000000001
20282,LC4,5993.400000000001
88039,T4c,5993.400000000001
101994,T4a,5993.5
100032,T4c,5993.5
80582,T4a,5993.5
69266,Tm3,5993.5
61659,Tm3,5993.5
36994,Mi1,5993.5
36695,Mi1,5993.5
36452,Mi1,5993.5
20917,LC4,5993.5
10025,H2,5993.5
41709,Mi1,5993.5
97031,T4c,5993.6
118948,T4d,5993.6
80838,T2a,5993.6
22108,TmY3,5993.6
38772,Mi1,5993.6
69558,T2,5993.6
63825,Tm3,5993.700000000001
68730,T2,5993.700000000001
79824,Tm3,5993.700000000001
91741,T4d,5993.700000000001
103025,T4a,5993.700000000001
106295,T4b,5993.700000000001
111380,Tm3,5993.700000000001
35806,Mi1,5993.8
40596,Mi1,5993.8
90888,T4b,5993.8
96657,T4c,5993.8
128159,T4d,5993.8
92472,T4c,5993.9
104884,T4b,5993.9
122333,T4b,5993.9
89485,T4a,5993.9
57398,Mi1,5993.9
39727,Mi1,5993.9
35100,Mi1,5993.9
84267,T4c,5993.9
114338,T4c,5994.000000000001
108697,T4d,5994.000000000001
102991,T4c,5994.000000000001
96638,T4c,5994.000000000001
75298,T2a,5994.000000000001
38178,Mi1,5994.000000000001
19260,LC4,5994.000000000001
18189,LC4,5994.000000000001
10001,DNp01,5994.000000000001
43414,Mi1,5994.000000000001
100488,T4c,5994.1
91674,T4a,5994.1
79875,T4c,5994.1
66345,T2a,5994.1
45176,Mi1,5994.1
39595,Mi1,5994.1
41522,Mi1,5994.1
37555,Mi1,5994.1
36252,Mi1,5994.1
20399,LC4,5994.1
43978,Mi1,5994.1
102388,T4d,5994.2
100633,T4a,5994.2
90135,T4c,5994.2
81401,T4b,5994.2
74259,T2a,5994.2
70632,Tm3,5994.2
61550,T2,5994.2
41136,Mi1,5994.2
35724,Mi1,5994.2
22194,LC4,5994.2
122233,Tm3,5994.3
97853,T4c,5994.3
92046,T4d,5994.3
90097,T4c,5994.3
87565,T4a,5994.3
37084,Mi1,5994.3
23929,LC4,5994.3
20808,LC4,5994.3
19420,LC4,5994.3
10012,VS,5994.3
70158,T2a,5994.3
39525,Mi1,5994.400000000001
10037,VS,5994.400000000001
16628,LC4,5994.400000000001
35888,Mi1,5994.400000000001
38857,Mi1,5994.400000000001
52350,Mi1,5994.400000000001
60643,Tm3,5994.400000000001
99572,T4a,5994.400000000001
100206,T4c,5994.400000000001
101605,T4a,5994.5
90740,Tm3,5994.5
105332,T4b,5994.5
104191,T4a,5994.5
90566,T4d,5994.5
85924,T4a,5994.5
81309,T2a,5994.5
74023,T2a,5994.5
38993,Mi1,5994.5
16138,LC4,5994.5
86778,T4a,5994.5
85741,T4a,5994.6
124357,T4d,5994.6
107719,T4b,5994.6
68342,Tm3,5994.6
66872,T2,5994.6
57349,Mi1,5994.6
48531,Mi1,5994.6
68167,Tm3,5994.6
37019,Mi1,5994.6
36533,Mi1,5994.6
35774,Mi1,5994.6
34933,Mi1,5994.6
26112,LC4,5994.6
20542,LC4,5994.6
17266,LC4,5994.6
45719,Mi1,5994.6
108276,T4a,5994.7
107181,T4c,5994.7
100247,T4c,5994.7
86635,T4c,5994.7
86558,T4b,5994.7
41435,Mi1,5994.7
74411,Mi1,5994.7
43783,Mi1,5994.7
30803,LC4,5994.7
21287,LC4,5994.7
83689,T4a,5994.7
89784,T4b,5994.8
91469,T4c,5994.8
82038,Tm3,5994.8
109652,T4d,5994.8
95822,T4b,5994.8
77791,T2a,5994.8
41809,Mi1,5994.8
47368,TmY3,5994.8
33394,Mi1,5994.8
21313,LC4,5994.8
12688,OA-ASM1,5994.8
12521,HST,5994.8
287884,OA-VPM3,5994.900000000001
91913,T4b,5994.900000000001
82099,T4b,5994.900000000001
80670,T4a,5994.900000000001
51122,Mi1,5994.900000000001
40958,Mi1,5994.900000000001
36410,Mi1,5994.900000000001
20673,LC4,5994.900000000001
19954,LC4,5994.900000000001
19794,LC4,5994.900000000001
11005,OA-VUMa4,5994.900000000001
10072,OA-AL2i1,5994.900000000001
36990,Mi1,5994.900000000001
98039,T4d,5995.0
98349,T4a,5995.0
94703,T4c,5995.0
83677,T4c,5995.0
71674,T2a,5995.0
19543,LC4,5995.0
10322,OA-AL2i2,5995.099999999999
11134,VSm,5995.099999999999
35770,Mi1,5995.099999999999
62078,Mi1,5995.099999999999
69543,T2a,5995.099999999999
79271,T4a,5995.099999999999
81836,T2a,5995.099999999999
94948,T4c,5995.099999999999
97015,T4a,5995.099999999999
98985,T4c,5995.099999999999
106912,Tm3,5995.099999999999
101685,T4b,5995.200000000001
85429,T4d,5995.200000000001
17926,LC4,5995.200000000001
123490,Tm3,5995.200000000001
72190,Tm3,5995.200000000001
111613,T4d,5995.200000000001
67810,Tm3,5995.200000000001
10187,OA-VPM3,5995.200000000001
42942,Mi1,5995.200000000001
39651,Mi1,5995.200000000001
39629,Mi1,5995.200000000001
34899,Mi1,5995.200000000001
11608,OA-VUMa2,5995.200000000001
43924,TmY3,5995.200000000001
93984,T4b,5995.3
88992,T4c,5995.3
81064,Tm3,5995.3
75027,Tm3,5995.3
81378,T4b,5995.3
33446,Mi1,5995.3
20588,LC4,5995.3
10265,OA-AL2i2,5995.3
10185,OA-VUMa8,5995.3
58576,T2,5995.3
526158,Mi1,5995.4
125171,Tm3,5995.4
114196,T4d,5995.4
93166,T4c,5995.4
45349,Mi1,5995.4
38241,Mi1,5995.4
34463,Mi1,5995.4
33462,Mi1,5995.4
70153,Tm3,5995.4
102544,T4d,5995.500000000001
98692,T4a,5995.500000000001
107211,T4d,5995.500000000001
94147,T4a,5995.500000000001
113686,T4d,5995.500000000001
537004,VSm,5995.500000000001
108249,T4a,5995.500000000001
92146,T4a,5995.500000000001
10168,OA-VUMa6,5995.500000000001
86416,T4a,5995.500000000001
66167,T2,5995.500000000001
37224,Mi1,5995.500000000001
36305,Mi1,5995.500000000001
34626,Mi1,5995.500000000001
21225,LC4,5995.500000000001
91987,T4c,5995.500000000001
107819,T4c,5995.6
96219,T4b,5995.6
47211,Mi1,5995.6
10023,HSS,5995.6
78999,T2a,5995.6
90394,T4a,5995.7
127170,Tm3,5995.7
118260,T4d,5995.7
103497,Tm3,5995.7
94624,T4a,5995.7
89368,T4c,5995.7
10110,OA-VUMa1,5995.7
55084,TmY3,5995.7
44700,Mi1,5995.7
36346,Mi1,5995.7
21336,LC4,5995.7
10016,HSE,5995.7
82313,T4a,5995.7
76733,Tm3,5995.8
98118,T4c,5995.8
56136,Tm3,5995.8
94058,T4b,5995.8
37123,Mi1,5995.8
43689,Mi1,5995.8
35572,Mi1,5995.8
118658,T4a,5995.900000000001
107812,T4a,5995.900000000001
107159,T4b,5995.900000000001
103579,T4c,5995.900000000001
98837,T4c,5995.900000000001
103314,T4b,5995.900000000001
83009,T4b,5995.900000000001
63468,Mi1,5995.900000000001
58224,Mi1,5995.900000000001
23606,Mi1,5995.900000000001
92706,T4a,5995.900000000001
78968,Tm3,5996.0
104911,T4c,5996.0
87203,T4a,5996.0
118551,Tm3,5996.0
77527,T4a,5996.0
21804,LC4,5996.0
31262,LC4,5996.0
10269,OA-AL2i2,5996.0
10015,HSN,5996.0
62856,T2,5996.0
80483,T4c,5996.1
106530,T4d,5996.1
103827,T4c,5996.1
115882,T4b,5996.1
94549,T4b,5996.1
92552,T4a,5996.1
89409,T4a,5996.1
85170,T4c,5996.1
76788,T4b,5996.1
103425,T4a,5996.1
70812,TmY3,5996.1
68522,T2a,5996.1
67308,Mi1,5996.1
63994,Mi1,5996.1
58196,TmY3,5996.1
42533,TmY3,5996.1
36911,Mi1,5996.1
30923,TmY3,5996.1
10755,H1,5996.1
73096,T2a,5996.1
104123,T4b,5996.2
99292,T4a,5996.2
93588,T4b,5996.2
85778,T4b,5996.2
66808,Tm3,5996.2
95453,T4a,5996.2
41296,Mi1,5996.2
35840,Mi1,5996.2
25584,LC4,5996.2
22975,LC4,5996.2
44222,Mi1,5996.2
35173,Mi1,5996.3
88084,T4b,5996.3
103645,T4c,5996.400000000001
97171,T4d,5996.400000000001
96812,T4a,5996.400000000001
82576,T4b,5996.400000000001
81215,Tm3,5996.400000000001
80033,T4a,5996.400000000001
20634,VST1,5996.400000000001
24338,LC4,5996.400000000001
19634,LC4,5996.400000000001
18127,LC4,5996.400000000001
10025,H2,5996.400000000001
40795,Mi1,5996.400000000001
119103,T4c,5996.5
77916,T2a,5996.5
88922,T4c,5996.5
10001,DNp01,5996.5
34329,Mi1,5996.5
10112,VS,5996.599999999999
111928,T4b,5996.599999999999
111304,T4b,5996.599999999999
104703,T4d,5996.599999999999
96003,T4d,5996.599999999999
79297,T4a,5996.599999999999
73284,T2a,5996.599999999999
69546,Tm3,5996.599999999999
38721,Mi1,5996.599999999999
38461,Mi1,5996.599999999999
19550,LC4,5996.599999999999
17668,LC4,5996.599999999999
10687,OA-AL2i3,5996.599999999999
10206,VS,5996.599999999999
42856,Mi1,5996.599999999999
111783,T4a,5996.700000000001
83191,T4a,5996.700000000001
80793,T2a,5996.700000000001
66197,T2,5996.700000000001
75135,T2a,5996.700000000001
122273,Tm3,5996.8
104354,T4b,5996.8
99163,T4a,5996.8
64579,T2,5996.8
60857,Mi1,5996.8
77344,Tm3,5996.8
57247,TmY3,5996.8
42895,Mi1,5996.8
17548,LC4,5996.8
10120,OA-VPM4,5996.8
60510,T2,5996.8
99011,T4c,5996.9
102742,T4d,5996.9
100874,T4a,5996.9
99423,T4d,5996.9
532805,Tm3,5996.9
97885,T4a,5996.9
72279,Mi1,5996.9
83465,T4a,5996.9
23392,LC4,5996.9
92254,T4b,5996.9
64633,T2a,5996.9
37631,Mi1,5996.9
98467,T4d,5997.0
88165,T4a,5997.0
88127,T4b,5997.0
87814,T4b,5997.0
85378,T4a,5997.0
83583,T4d,5997.0
97677,T4c,5997.0
74937,T2a,5997.0
29563,LC4,5997.0
17860,LC4,5997.0
10825,OA-AL2i3,5997.0
10284,VS,5997.0
78421,T2a,5997.0
542412,Mi1,5997.1
124699,T4b,5997.1
121887,T4b,5997.1
112594,T4b,5997.1
93559,T4d,5997.1
92006,T4a,5997.1
67424,T2,5997.1
97145,T4c,5997.1
68485,T2a,5997.2
84008,T4c,5997.2
77174,T2a,5997.2
66538,T2,5997.2
96134,T4b,5997.2
39791,Mi1,5997.2
38421,Mi1,5997.2
37000,Mi1,5997.2
34189,Mi1,5997.2
46827,Mi1,5997.2
110076,T4c,5997.3
106950,T4c,5997.3
104621,T4c,5997.3
99789,T4d,5997.3
45696,Mi1,5997.3
36954,Mi1,5997.3
35260,Mi1,5997.3
16128,LC4,5997.3
89110,Tm3,5997.3
107031,T4b,5997.400000000001
90206,T4b,5997.400000000001
58221,T2,5997.400000000001
80284,Tm3,5997.400000000001
17364,LC4,5997.400000000001
10658,OA-AL2i3,5997.400000000001
42675,Mi1,5997.400000000001
115636,T4d,5997.5
106819,T4b,5997.5
104942,T4a,5997.5
103765,T4d,5997.5
102519,T4a,5997.5
102329,T4d,5997.5
98846,T4c,5997.5
88167,T4b,5997.5
84490,T4a,5997.5
77361,T4a,5997.5
46230,TmY3,5997.5
36275,Mi1,5997.5
10037,VS,5997.5
85440,Tm3,5997.5
89142,T4b,5997.6
118173,Tm3,5997.6
79138,T2a,5997.6
95458,T4d,5997.6
41654,Mi1,5997.6
40635,Mi1,5997.6
64897,T2,5997.6
34479,Mi1,5997.6
97899,T4a,5997.7
90423,T4b,5997.7
72665,Mi1,5997.7
16606,VST2,5997.7
51963,TmY3,5997.7
22034,LC4,5997.7
70490,Mi1,5997.7
105521,T4c,5997.8
97675,T4c,5997.8
91345,T4c,5997.8
77910,Tm3,5997.8
72896,Tm3,5997.8
112073,T4b,5997.8
64951,Tm3,5997.8
50552,Mi1,5997.8
46248,Mi1,5997.8
38227,Mi1,5997.8
22328,LC4,5997.8
65636,T2,5997.8
527408,LC4,5997.900000000001
112048,T4c,5997.900000000001
103022,T4a,5997.900000000001
101480,T4c,5997.900000000001
94953,T4d,5997.900000000001
92054,T4b,5997.900000000001
59528,T2a,5997.900000000001
35890,Mi1,5997.900000000001
10175,OA-VUMa6,5997.900000000001
72655,Mi1,5997.900000000001
94574,T4c,5998.0
106338,T4a,5998.0
100567,T4d,5998.0
800146,TTMn,5998.0
92273,T2a,5998.0
95928,T4c,5998.0
72829,T2a,5998.0
23098,LC4,5998.0
35683,Mi1,5998.0
74502,Tm3,5998.0
72558,T2a,5998.0
68212,T2a,5998.0
41671,TmY3,5998.099999999999
48894,TmY3,5998.099999999999
66852,Mi1,5998.099999999999
88095,T4d,5998.099999999999
88746,Tm3,5998.099999999999
101230,T4a,5998.099999999999
108438,T4d,5998.099999999999
79413,T4b,5998.099999999999
533688,Tm3,5998.200000000001
96576,T4c,5998.200000000001
117652,T4d,5998.200000000001
114207,T4a,5998.200000000001
101382,T4c,5998.200000000001
93419,T4b,5998.200000000001
78470,Tm3,5998.200000000001
50345,TmY3,5998.200000000001
40256,Mi1,5998.200000000001
35152,Mi1,5998.200000000001
94282,T4c,5998.200000000001
109384,T4d,5998.3
108594,T4d,5998.3
105180,T4c,5998.3
69540,TmY3,5998.3
66372,T2,5998.3
34045,Mi1,5998.3
20808,LC4,5998.3
58862,Mi1,5998.3
112993,T4b,5998.4
101033,T4d,5998.4
96394,T4b,5998.4
95007,T4a,5998.4
79070,T2a,5998.4
59397,Mi1,5998.4
35712,Mi1,5998.4
35416,Mi1,5998.4
82529,T2a,5998.4
126141,T4d,5998.5
77484,T4d,5998.5
71089,Mi1,5998.5
69889,T2a,5998.5
69736,Tm3,5998.5
98549,T4a,5998.5
40026,TmY3,5998.5
37948,Mi1,5998.5
34938,Mi1,5998.5
34272,Mi1,5998.5
10016,HSE,5998.5
46745,Mi1,5998.5
111852,T4a,5998.6
95990,T4a,5998.6
89223,T4d,5998.6
86715,Tm3,5998.6
77972,Tm3,5998.6
75067,TmY3,5998.6
24867,VST1,5998.6
12109,OA-VUMa2,5998.6
10012,VS,5998.6
76528,Tm3,5998.6
86578,T4c,5998.7
106190,T4d,5998.7
101245,T4a,5998.7
85126,T4a,5998.7
98393,T4a,5998.7
40936,Mi1,5998.7
33918,Mi1,5998.7
20016,LC4,5998.7
82674,T4a,5998.7
10023,HSS,5998.8
22194,LC4,5998.8
35897,Mi1,5998.8
53065,Mi1,5998.8
69961,Tm3,5998.8
71394,T2a,5998.8
96211,T4d,5998.8
106821,T4b,5998.8
108119,T4c,5998.8
107529,T4d,5998.9
103108,T4b,5998.9
101215,T4c,5998.9
97288,T4c,5998.9
72066,Tm3,5998.9
66334,T2,5998.9
17054,LC4,5998.9
95926,T4a,5998.9
116311,T4d,5999.0
103677,T4b,5999.0
95681,T4a,5999.0
76446,TmY3,5999.0
71437,T2a,5999.0
40426,Mi1,5999.0
40219,Mi1,5999.0
10001,DNp01,5999.0
67408,Mi1,5999.0
93985,T4c,5999.1
107799,T4b,5999.1
107609,T4d,5999.1
97326,T4c,5999.1
54885,TmY3,5999.1
118924,Tm3,5999.1
41464,TmY3,5999.1
10015,HSN,5999.1
45948,TmY3,5999.1
37088,Mi1,5999.1
10799,OA-VUMa4,5999.1
10652,OA-AL2i4,5999.2
16628,LC4,5999.2
19954,LC4,5999.2
35001,Mi1,5999.2
35405,Mi1,5999.2
43334,TmY3,5999.2
87896,T4a,5999.2
87939,T4b,5999.2
97545,T4c,5999.2
112750,T4c,5999.2
85856,TmY3,5999.2
45319,Mi1,5999.3
97231,T4a,5999.3
55976,Mi1,5999.3
97769,T4a,5999.3
35447,Mi1,5999.3
19260,LC4,5999.3
16138,LC4,5999.3
10025,H2,5999.3
21165,LC4,5999.3
131034,Tm3,5999.400000000001
111184,T4a,5999.400000000001
109631,T4b,5999.400000000001
107420,T4b,5999.400000000001
106922,T4c,5999.400000000001
78739,T4b,5999.400000000001
38791,Mi1,5999.400000000001
35836,Mi1,5999.400000000001
17926,LC4,5999.400000000001
40703,Mi1,5999.400000000001
74807,TmY3,5999.5
48514,TmY3,5999.5
48286,Mi1,5999.5
37294,Mi1,5999.5
35498,Mi1,5999.5
33614,Mi1,5999.5
37138,Mi1,5999.5
108043,T4a,5999.6
104027,T4d,5999.6
95364,T4d,5999.6
92593,T4d,5999.6
75343,Tm3,5999.6
73716,T2a,5999.6
48060,Mi1,5999.6
38632,Mi1,5999.6
37568,Mi1,5999.6
37371,Mi1,5999.6
34356,Mi1,5999.6
22847,LC4,5999.6
20542,LC4,5999.6
18189,LC4,5999.6
17987,LC4,5999.6
546524,Mi1,5999.700000000001
104257,T4b,5999.700000000001
97872,T4d,5999.700000000001
88933,T4a,5999.700000000001
20917,LC4,5999.700000000001
41659,Mi1,5999.700000000001
22966,LC4,5999.700000000001
21225,LC4,5999.700000000001
60337,TmY3,5999.700000000001
40235,Mi1,5999.8
58945,Tm3,5999.8
67072,T2a,5999.8
95017,T4c,5999.8
96199,T4a,5999.8
102572,T4c,5999.8
117662,T4d,5999.8
80911,Tm3,5999.900000000001
86932,T4b,5999.900000000001
82130,T2a,5999.900000000001
78503,T2a,5999.900000000001
95528,T4d,5999.900000000001
56984,TmY3,5999.900000000001
38529,Mi1,5999.900000000001
38230,Mi1,5999.900000000001
37037,Mi1,5999.900000000001
69164,Mi1,5999.900000000001
98937,T4a,5999.900000000001
