bodyId,type,t_ms
19292,Li28,11.1
15263,Li28,11.4
16545,Li28,12.200000000000001
17596,Li28,12.200000000000001
20264,Li28,12.3
14209,Li28,12.4
11981,Li28,12.5
15909,Li28,12.5
16033,Li28,12.6
17280,Li28,12.700000000000001
23047,Li28,13.2
15019,Li28,13.3
53065,Mi1,13.3
16596,Li28,13.5
15263,Li28,25.3
11981,Li28,25.8
19292,Li28,25.900000000000002
15909,Li28,26.500000000000004
16033,Li28,26.500000000000004
16545,Li28,26.500000000000004
14209,Li28,26.7
20264,Li28,27.200000000000003
17596,Li28,27.8
15019,Li28,28.200000000000003
17280,Li28,28.3
23047,Li28,28.400000000000002
53065,Mi1,28.8
16596,Li28,29.8
16033,Li28,40.0
19292,Li28,40.1
15263,Li28,40.300000000000004
14209,Li28,40.800000000000004
11981,Li28,41.1
15909,Li28,41.2
16545,Li28,41.4
23047,Li28,42.2
17596,Li28,42.5
17280,Li28,43.0
15019,Li28,43.4
20264,Li28,44.0
53065,Mi1,44.9
16596,Li28,45.6
14209,Li28,54.400000000000006
16033,Li28,54.400000000000006
15909,Li28,54.6
19292,Li28,54.900000000000006
15263,Li28,55.300000000000004
16545,Li28,55.300000000000004
17596,Li28,55.699999999999996
11981,Li28,56.0
17280,Li28,56.5
15019,Li28,57.300000000000004
23047,Li28,57.7
20264,Li28,58.7
53065,Mi1,60.3
16596,Li28,61.00000000000001
16033,Li28,68.3
15909,Li28,68.8
14209,Li28,69.4
17596,Li28,69.5
19292,Li28,70.0
15263,Li28,70.2
15019,Li28,70.9
11981,Li28,71.1
16545,Li28,71.3
20264,Li28,71.5
17280,Li28,71.7
23047,Li28,72.7
53065,Mi1,74.8
16596,Li28,75.0
16033,Li28,83.0
15909,Li28,83.10000000000001
17596,Li28,83.3
14209,Li28,83.8
11981,Li28,84.9
15263,Li28,84.9
17280,Li28,85.10000000000001
19292,Li28,85.5
16545,Li28,85.9
15019,Li28,86.3
20264,Li28,87.0
23047,Li28,87.7
53065,Mi1,89.4
16596,Li28,89.50000000000001
16033,Li28,98.0
15263,Li28,98.2
17596,Li28,98.7
14209,Li28,98.9
15909,Li28,99.3
11981,Li28,99.8
17280,Li28,100.2
19292,Li28,100.3
16545,Li28,100.8
23047,Li28,101.7
20264,Li28,102.0
15019,Li28,102.4
53065,Mi1,102.60000000000001
16596,Li28,103.10000000000001
15263,Li28,111.89999999999999
16033,Li28,112.80000000000001
11981,Li28,113.80000000000001
17280,Li28,113.9
14209,Li28,114.0
15909,Li28,114.10000000000001
17596,Li28,114.3
19292,Li28,114.8
16545,Li28,115.9
23047,Li28,116.10000000000001
20264,Li28,116.7
15019,Li28,118.4
16596,Li28,118.5
53065,Mi1,119.0
15263,Li28,126.2
16033,Li28,127.7
17280,Li28,128.0
14209,Li28,128.20000000000002
11981,Li28,128.4
17596,Li28,128.60000000000002
15909,Li28,128.79999999999998
23047,Li28,130.0
16545,Li28,130.70000000000002
20264,Li28,130.9
19292,Li28,131.9
16596,Li28,133.0
15019,Li28,133.3
53065,Mi1,133.3
16033,Li28,140.8
15263,Li28,141.5
17596,Li28,143.0
14209,Li28,143.2
17280,Li28,143.4
11981,Li28,144.0
20264,Li28,144.50000000000003
15909,Li28,144.9
16545,Li28,145.1
23047,Li28,145.2
19292,Li28,145.6
15019,Li28,147.1
53065,Mi1,147.7
16596,Li28,148.50000000000003
16033,Li28,155.5
15263,Li28,156.2
17596,Li28,157.9
14209,Li28,158.29999999999998
17280,Li28,158.29999999999998
15909,Li28,159.5
20264,Li28,159.5
11981,Li28,159.60000000000002
16545,Li28,159.79999999999998
23047,Li28,159.9
19292,Li28,161.29999999999998
53065,Mi1,161.5
15019,Li28,161.79999999999998
16596,Li28,163.9
16033,Li28,169.70000000000002
15263,Li28,170.3
17596,Li28,171.8
17280,Li28,173.0
15909,Li28,173.20000000000002
14209,Li28,173.5
20264,Li28,174.0
16545,Li28,174.20000000000002
11981,Li28,174.5
23047,Li28,174.70000000000002
15019,Li28,176.0
19292,Li28,176.2
53065,Mi1,177.3
16596,Li28,178.7
16033,Li28,184.3
15263,Li28,185.5
17596,Li28,185.7
15909,Li28,187.9
20264,Li28,188.0
17280,Li28,188.0
14209,Li28,189.0
16545,Li28,189.0
23047,Li28,189.0
11981,Li28,189.20000000000002
19292,Li28,189.9
15019,Li28,192.0
53065,Mi1,192.20000000000002
16596,Li28,193.79999999999998
16033,Li28,199.1
17596,Li28,200.20000000000002
15263,Li28,200.70000000000002
20264,Li28,202.6
15909,Li28,202.70000000000002
23047,Li28,203.3
14209,Li28,203.9
16545,Li28,203.9
17280,Li28,203.9
19292,Li28,204.5
11981,Li28,204.70000000000002
53065,Mi1,206.9
15019,Li28,207.3
16596,Li28,208.0
17596,Li28,214.4
16033,Li28,215.3
15263,Li28,215.4
20264,Li28,217.7
15909,Li28,217.8
11981,Li28,217.9
23047,Li28,218.2
14209,Li28,218.7
19292,Li28,218.7
16545,Li28,218.8
17280,Li28,219.5
53065,Mi1,221.20000000000002
16596,Li28,221.3
15019,Li28,222.10000000000002
17596,Li28,228.6
16033,Li28,229.9
15263,Li28,231.6
11981,Li28,232.1
14209,Li28,233.1
20264,Li28,233.4
17280,Li28,233.6
15909,Li28,233.70000000000002
19292,Li28,233.8
23047,Li28,233.9
16545,Li28,234.3
16596,Li28,235.3
15019,Li28,236.20000000000002
53065,Mi1,236.6
17596,Li28,243.4
16033,Li28,244.4
11981,Li28,245.50000000000003
15263,Li28,246.3
14209,Li28,247.10000000000002
16545,Li28,247.7
23047,Li28,247.9
20264,Li28,248.0
17280,Li28,248.10000000000002
16596,Li28,249.2
19292,Li28,249.9
15019,Li28,250.1
15909,Li28,250.20000000000002
53065,Mi1,251.70000000000002
17596,Li28,258.0
16033,Li28,259.59999999999997
11981,Li28,259.90000000000003
15263,Li28,261.2
14209,Li28,261.40000000000003
23047,Li28,262.7
16545,Li28,262.90000000000003
16596,Li28,262.90000000000003
17280,Li28,263.0
19292,Li28,264.40000000000003
15019,Li28,264.90000000000003
15909,Li28,264.90000000000003
20264,Li28,265.3
53065,Mi1,265.7
17596,Li28,272.90000000000003
16033,Li28,274.2
11981,Li28,275.90000000000003
15263,Li28,276.40000000000003
14209,Li28,276.6
23047,Li28,276.8
16596,Li28,277.5
16545,Li28,277.8
19292,Li28,278.5
17280,Li28,278.90000000000003
15909,Li28,279.3
53065,Mi1,279.5
20264,Li28,280.2
15019,Li28,280.3
17596,Li28,287.6
16033,Li28,288.4
11981,Li28,290.7
15263,Li28,291.6
14209,Li28,291.8
16596,Li28,292.4
19292,Li28,292.9
23047,Li28,293.00000000000006
16545,Li28,293.1
15909,Li28,293.7
20264,Li28,293.9
17280,Li28,294.2
53065,Mi1,294.4
15019,Li28,294.6
17596,Li28,302.20000000000005
16033,Li28,302.70000000000005
15263,Li28,306.3
16596,Li28,306.3
14209,Li28,306.6
11981,Li28,306.70000000000005
15909,Li28,307.6
17280,Li28,307.8
53065,Mi1,307.8
23047,Li28,308.1
20264,Li28,308.3
19292,Li28,308.5
16545,Li28,309.3
15019,Li28,309.9
16033,Li28,316.20000000000005
17596,Li28,317.59999999999997
15263,Li28,319.40000000000003
14209,Li28,320.5
16596,Li28,321.0
11981,Li28,321.59999999999997
23047,Li28,321.59999999999997
17280,Li28,321.70000000000005
15909,Li28,321.8
15019,Li28,322.40000000000003
19292,Li28,322.40000000000003
53065,Mi1,323.40000000000003
20264,Li28,324.40000000000003
16545,Li28,325.0
16033,Li28,330.0
17596,Li28,331.8
15263,Li28,332.8
14209,Li28,334.3
16596,Li28,335.90000000000003
15019,Li28,336.40000000000003
11981,Li28,336.6
23047,Li28,337.1
17280,Li28,337.29999999999995
19292,Li28,337.7
15909,Li28,338.0
53065,Mi1,338.1
20264,Li28,339.0
16545,Li28,341.2
16033,Li28,344.90000000000003
17596,Li28,346.8
15263,Li28,347.7
14209,Li28,349.6
11981,Li28,351.2
15019,Li28,351.8
16596,Li28,351.9
19292,Li28,351.9
17280,Li28,352.2
23047,Li28,352.2
15909,Li28,352.7
53065,Mi1,353.00000000000006
20264,Li28,353.50000000000006
16545,Li28,355.9
16033,Li28,359.00000000000006
17596,Li28,360.50000000000006
15263,Li28,362.2
14209,Li28,365.2
15019,Li28,365.8
11981,Li28,366.1
19292,Li28,366.4
17280,Li28,366.6
23047,Li28,367.3
16596,Li28,367.5
15909,Li28,367.6
53065,Mi1,367.8
20264,Li28,367.8
16545,Li28,369.9
16033,Li28,374.0
17596,Li28,374.3
15263,Li28,377.3
14209,Li28,379.0
15019,Li28,379.5
17280,Li28,379.8
11981,Li28,380.59999999999997
23047,Li28,381.59999999999997
20264,Li28,381.8
16596,Li28,382.09999999999997
15909,Li28,382.20000000000005
19292,Li28,382.90000000000003
53065,Mi1,383.20000000000005
16545,Li28,384.40000000000003
17596,Li28,387.8
16033,Li28,387.90000000000003
15263,Li28,392.8
17280,Li28,393.5
15019,Li28,393.6
14209,Li28,394.1
11981,Li28,395.1
15909,Li28,395.40000000000003
19292,Li28,396.1
20264,Li28,396.90000000000003
23047,Li28,396.90000000000003
16596,Li28,397.2
53065,Mi1,399.0
16545,Li28,400.1
17596,Li28,401.7
16033,Li28,402.6
15263,Li28,407.1
17280,Li28,408.2
14209,Li28,408.7
11981,Li28,408.90000000000003
15019,Li28,409.0
16596,Li28,410.6
15909,Li28,411.1
19292,Li28,411.6
20264,Li28,411.90000000000003
23047,Li28,412.40000000000003
53065,Mi1,413.1
16545,Li28,414.8
17596,Li28,416.9
16033,Li28,417.50000000000006
15263,Li28,422.50000000000006
14209,Li28,422.9
17280,Li28,423.1
15019,Li28,423.6
11981,Li28,423.8
16596,Li28,425.3
20264,Li28,425.3
19292,Li28,425.6
15909,Li28,426.2
53065,Mi1,426.8
23047,Li28,428.1
16545,Li28,429.2
17596,Li28,431.0
16033,Li28,433.5
11981,Li28,437.0
15263,Li28,437.3
17280,Li28,437.4
14209,Li28,437.70000000000005
15019,Li28,437.8
20264,Li28,439.0
16596,Li28,439.1
15909,Li28,440.6
19292,Li28,440.6
53065,Mi1,441.20000000000005
23047,Li28,442.40000000000003
16545,Li28,443.70000000000005
17596,Li28,445.8
16033,Li28,448.09999999999997
14209,Li28,450.70000000000005
11981,Li28,451.3
17280,Li28,451.3
15263,Li28,451.8
16596,Li28,453.20000000000005
20264,Li28,453.40000000000003
15019,Li28,454.20000000000005
15909,Li28,455.1
19292,Li28,455.70000000000005
53065,Mi1,456.40000000000003
23047,Li28,457.0
16545,Li28,458.5
17596,Li28,460.6
16033,Li28,463.3
11981,Li28,464.6
17280,Li28,464.7
14209,Li28,465.1
15263,Li28,466.2
16596,Li28,468.2
20264,Li28,468.30000000000007
15019,Li28,469.90000000000003
15909,Li28,469.90000000000003
19292,Li28,470.40000000000003
23047,Li28,471.90000000000003
53065,Mi1,472.1
16545,Li28,473.0
17596,Li28,475.8
16033,Li28,477.1
17280,Li28,478.90000000000003
14209,Li28,479.40000000000003
11981,Li28,480.2
15263,Li28,480.40000000000003
20264,Li28,481.90000000000003
16596,Li28,482.9
15019,Li28,484.50000000000006
15909,Li28,484.8
19292,Li28,485.9
23047,Li28,486.3
53065,Mi1,487.00000000000006
16545,Li28,487.1
17596,Li28,489.4
16033,Li28,492.3
14209,Li28,493.50000000000006
15263,Li28,494.20000000000005
17280,Li28,494.6
11981,Li28,495.5
20264,Li28,496.8
16596,Li28,497.9
15019,Li28,499.1
19292,Li28,499.5
15909,Li28,500.2
53065,Mi1,501.70000000000005
23047,Li28,501.8
16545,Li28,502.09999999999997
17596,Li28,503.2
14209,Li28,506.90000000000003
16033,Li28,507.2
15263,Li28,509.0
11981,Li28,510.4000000000001
17280,Li28,510.50000000000006
20264,Li28,511.6
16596,Li28,512.1
19292,Li28,513.8000000000001
15909,Li28,514.3
15019,Li28,514.8000000000001
53065,Mi1,516.3
23047,Li28,517.0
16545,Li28,517.6
17596,Li28,518.8000000000001
16033,Li28,521.1
14209,Li28,521.9
15263,Li28,523.9
17280,Li28,525.2
11981,Li28,525.8000000000001
20264,Li28,525.8000000000001
16596,Li28,526.5000000000001
19292,Li28,528.7
15019,Li28,529.1
15909,Li28,529.3
23047,Li28,530.7
53065,Mi1,531.1
16545,Li28,532.4
17596,Li28,533.1
16033,Li28,535.2
14209,Li28,537.3
15263,Li28,537.8000000000001
11981,Li28,539.7
17280,Li28,540.0
20264,Li28,541.4
16596,Li28,541.4
19292,Li28,542.7
15909,Li28,543.3
23047,Li28,544.2
15019,Li28,544.5
53065,Mi1,545.5999999999999
16545,Li28,546.5
17596,Li28,547.9000000000001
16033,Li28,550.4
14209,Li28,552.3
15263,Li28,553.3
11981,Li28,555.0
17280,Li28,555.3
20264,Li28,555.5
16596,Li28,555.9000000000001
19292,Li28,557.1
15909,Li28,558.1
23047,Li28,558.3
15019,Li28,558.6999999999999
53065,Mi1,561.0
16545,Li28,562.5
17596,Li28,562.6
16033,Li28,563.6
14209,Li28,568.3000000000001
15263,Li28,569.2
11981,Li28,569.5
17280,Li28,570.3000000000001
16596,Li28,571.5
20264,Li28,571.5
15909,Li28,572.1
19292,Li28,572.3000000000001
23047,Li28,574.0
15019,Li28,574.4
53065,Mi1,574.9000000000001
16545,Li28,575.4
17596,Li28,577.3000000000001
16033,Li28,578.2
14209,Li28,583.3000000000001
11981,Li28,583.5
17280,Li28,584.1
15263,Li28,585.2
16596,Li28,585.6
15909,Li28,586.6
20264,Li28,586.8
19292,Li28,587.0000000000001
15019,Li28,588.3000000000001
23047,Li28,588.5
53065,Mi1,588.7
16545,Li28,590.1
17596,Li28,591.9
16033,Li28,592.9
11981,Li28,598.1
14209,Li28,598.4
15263,Li28,600.2
17280,Li28,600.3000000000001
16596,Li28,601.1
15909,Li28,601.3000000000001
20264,Li28,601.4
19292,Li28,602.6
15019,Li28,602.9
53065,Mi1,602.9
23047,Li28,603.3000000000001
16545,Li28,604.5
17596,Li28,607.2
16033,Li28,607.3000000000001
11981,Li28,612.0999999999999
14209,Li28,613.6
15263,Li28,615.2
17280,Li28,615.5
16596,Li28,616.4000000000001
15909,Li28,616.7
19292,Li28,616.8
53065,Mi1,617.8
15019,Li28,617.9
20264,Li28,618.2
23047,Li28,618.9
16545,Li28,619.0
16033,Li28,620.8
17596,Li28,621.5
11981,Li28,627.5
14209,Li28,628.0
17280,Li28,629.9
15263,Li28,630.7
16596,Li28,631.1
15909,Li28,631.1999999999999
15019,Li28,631.7
20264,Li28,632.1
19292,Li28,632.6
23047,Li28,633.4000000000001
53065,Mi1,634.1
16545,Li28,634.8000000000001
17596,Li28,635.1
16033,Li28,635.4000000000001
11981,Li28,642.3
14209,Li28,642.3
17280,Li28,644.0
15909,Li28,645.1999999999999
15019,Li28,645.4000000000001
15263,Li28,645.7
16596,Li28,646.5000000000001
53065,Mi1,646.8000000000001
23047,Li28,647.0
19292,Li28,647.1
20264,Li28,647.1999999999999
17596,Li28,648.6
16545,Li28,649.1999999999999
16033,Li28,650.1
14209,Li28,656.3
11981,Li28,656.4
17280,Li28,658.7
15909,Li28,659.3
15263,Li28,659.9
19292,Li28,660.9
53065,Mi1,660.9
16596,Li28,661.1
20264,Li28,661.5
15019,Li28,661.7
23047,Li28,662.4
16545,Li28,663.3
17596,Li28,663.9
16033,Li28,664.4
14209,Li28,670.2
11981,Li28,670.7
17280,Li28,673.5
15263,Li28,673.6
15909,Li28,674.0
19292,Li28,674.5999999999999
16596,Li28,675.4
53065,Mi1,676.4
20264,Li28,676.5999999999999
23047,Li28,676.5999999999999
15019,Li28,676.7
16033,Li28,678.2
16545,Li28,678.2
17596,Li28,678.4
11981,Li28,684.6
14209,Li28,684.7
15263,Li28,687.4
17280,Li28,687.6999999999999
15909,Li28,688.4
19292,Li28,689.4
16596,Li28,690.3
20264,Li28,691.4
53065,Mi1,691.5
23047,Li28,691.8000000000001
15019,Li28,691.9000000000001
17596,Li28,692.3000000000001
16545,Li28,693.8000000000001
16033,Li28,694.3000000000001
14209,Li28,699.5
11981,Li28,699.5
17280,Li28,701.6999999999999
15263,Li28,702.0
19292,Li28,702.3000000000001
15909,Li28,703.0
53065,Mi1,705.4
16596,Li28,705.5
20264,Li28,705.6999999999999
15019,Li28,706.0000000000001
23047,Li28,707.2
16545,Li28,707.2
17596,Li28,707.4
16033,Li28,710.1
14209,Li28,714.1
11981,Li28,714.9
17280,Li28,715.4
15909,Li28,717.3000000000001
19292,Li28,718.2
15263,Li28,718.6
16596,Li28,719.6
53065,Mi1,720.1
15019,Li28,720.4
20264,Li28,720.6
16545,Li28,721.0000000000001
23047,Li28,721.1
17596,Li28,723.6
16033,Li28,725.2
14209,Li28,728.1
11981,Li28,729.2
17280,Li28,729.4
15909,Li28,732.2
19292,Li28,733.0
15263,Li28,734.5
53065,Mi1,734.5
15019,Li28,735.0
23047,Li28,735.4000000000001
16596,Li28,735.9
16545,Li28,736.5
20264,Li28,736.5
17596,Li28,736.7
16033,Li28,739.7
14209,Li28,742.4000000000001
17280,Li28,743.2
11981,Li28,743.3000000000001
15909,Li28,746.4000000000001
19292,Li28,748.3000000000001
53065,Mi1,749.0
15019,Li28,749.1
15263,Li28,749.5
16596,Li28,750.2
20264,Li28,750.2
23047,Li28,750.4000000000001
16545,Li28,750.7
17596,Li28,751.3000000000001
16033,Li28,754.9
17280,Li28,756.6
14209,Li28,757.7
11981,Li28,758.0
15909,Li28,759.6
19292,Li28,763.0
15019,Li28,763.5
53065,Mi1,763.6
15263,Li28,763.8000000000001
23047,Li28,764.0
16596,Li28,765.4000000000001
16545,Li28,766.1999999999999
17596,Li28,766.4000000000001
20264,Li28,766.4000000000001
16033,Li28,769.9
11981,Li28,771.6
14209,Li28,772.1999999999999
17280,Li28,772.5000000000001
15909,Li28,775.1999999999999
19292,Li28,776.7
15019,Li28,777.3
23047,Li28,778.1999999999999
53065,Mi1,778.9
15263,Li28,779.7
16596,Li28,779.8000000000001
20264,Li28,780.1
16545,Li28,780.8000000000001
17596,Li28,781.6
16033,Li28,785.6
11981,Li28,785.8000000000001
14209,Li28,786.3
17280,Li28,787.5000000000001
15909,Li28,790.6
19292,Li28,791.1
15019,Li28,791.3
23047,Li28,792.8000000000001
53065,Mi1,793.5
16596,Li28,795.1
20264,Li28,795.1
15263,Li28,795.8000000000001
17596,Li28,796.6
16545,Li28,796.7
11981,Li28,800.7
16033,Li28,800.7
14209,Li28,801.3
17280,Li28,801.7
19292,Li28,804.7
15909,Li28,806.0
15019,Li28,806.9000000000001
53065,Mi1,807.5
23047,Li28,808.2
16596,Li28,809.4
20264,Li28,810.0
15263,Li28,810.7
16545,Li28,810.7
17596,Li28,811.6
16033,Li28,815.0
14209,Li28,815.7
11981,Li28,816.5
17280,Li28,816.6
19292,Li28,819.0
15909,Li28,821.1
15019,Li28,821.5
53065,Mi1,822.6999999999999
20264,Li28,823.5
23047,Li28,823.5
16596,Li28,823.9000000000001
16545,Li28,824.2
17596,Li28,825.5
15263,Li28,825.9000000000001
16033,Li28,830.4
14209,Li28,830.6
17280,Li28,831.3000000000001
11981,Li28,831.8000000000001
19292,Li28,833.5
15909,Li28,836.0000000000001
15019,Li28,836.6
53065,Mi1,837.3000000000001
20264,Li28,838.2
23047,Li28,838.3000000000001
16545,Li28,839.0000000000001
15263,Li28,840.1
17596,Li28,840.1
16596,Li28,840.5
16033,Li28,844.5
14209,Li28,845.1
11981,Li28,845.9
17280,Li28,847.1
19292,Li28,848.9
15019,Li28,851.1
15909,Li28,851.2
20264,Li28,852.3000000000001
53065,Mi1,852.3000000000001
16545,Li28,853.6
23047,Li28,853.9
17596,Li28,854.1
15263,Li28,855.1
16596,Li28,855.8
16033,Li28,858.9
14209,Li28,859.5
11981,Li28,861.5
17280,Li28,862.6
19292,Li28,863.1
15019,Li28,865.7
15909,Li28,865.9
20264,Li28,867.0
53065,Mi1,867.1
16545,Li28,867.5
17596,Li28,869.3000000000001
15263,Li28,869.4000000000001
23047,Li28,869.7
16596,Li28,870.2
14209,Li28,873.4000000000001
16033,Li28,874.2
11981,Li28,874.9
19292,Li28,878.1
17280,Li28,878.6
16545,Li28,881.3000000000001
20264,Li28,881.8
15019,Li28,881.9
15909,Li28,882.3000000000001
53065,Mi1,882.4000000000001
17596,Li28,883.7
23047,Li28,884.7
15263,Li28,884.8000000000001
16596,Li28,884.8000000000001
14209,Li28,888.1
16033,Li28,888.1999999999999
11981,Li28,888.7
19292,Li28,892.3000000000001
17280,Li28,893.8000000000001
16545,Li28,895.6
15019,Li28,896.3000000000001
20264,Li28,896.5
15909,Li28,896.6
53065,Mi1,897.5
17596,Li28,897.9
16596,Li28,898.1999999999999
15263,Li28,899.7
23047,Li28,900.1999999999999
16033,Li28,902.7
14209,Li28,902.8000000000001
11981,Li28,904.5000000000001
19292,Li28,906.6
15019,Li28,910.0
17280,Li28,910.1
16545,Li28,910.8000000000001
20264,Li28,911.1
15909,Li28,911.2
53065,Mi1,912.3
17596,Li28,912.6
16596,Li28,914.0
15263,Li28,914.7
23047,Li28,915.0
16033,Li28,916.8000000000001
14209,Li28,918.7
11981,Li28,919.3
19292,Li28,921.6
16545,Li28,923.9000000000001
17280,Li28,924.9000000000001
15019,Li28,925.1
15909,Li28,925.6
20264,Li28,926.3
17596,Li28,926.8000000000001
53065,Mi1,927.8000000000001
15263,Li28,929.3
16596,Li28,929.5
23047,Li28,929.5
16033,Li28,931.2
14209,Li28,932.2
11981,Li28,934.3
19292,Li28,936.8000000000001
16545,Li28,938.2
15909,Li28,939.3
15019,Li28,939.4
17280,Li28,939.8000000000001
17596,Li28,941.3
53065,Mi1,941.4
20264,Li28,941.8000000000001
15263,Li28,943.2
16596,Li28,943.9000000000001
23047,Li28,944.9000000000001
16033,Li28,945.0
14209,Li28,947.2
11981,Li28,948.5
19292,Li28,951.0
16545,Li28,953.2
15019,Li28,954.5
15909,Li28,954.8000000000001
17280,Li28,955.1
53065,Mi1,956.1
17596,Li28,956.4
16596,Li28,957.4
15263,Li28,957.5
20264,Li28,957.6
23047,Li28,958.4
16033,Li28,959.3000000000001
11981,Li28,962.5
14209,Li28,962.8000000000001
19292,Li28,964.6
16545,Li28,966.5
15019,Li28,969.6
15909,Li28,969.6999999999999
17280,Li28,969.8
53065,Mi1,970.2
15263,Li28,971.2
17596,Li28,972.2
16596,Li28,972.3000000000001
20264,Li28,972.4
16033,Li28,973.4
23047,Li28,974.0000000000001
11981,Li28,976.8
14209,Li28,977.2
19292,Li28,979.5
16545,Li28,982.4
53065,Mi1,984.0000000000001
15019,Li28,984.3000000000001
17280,Li28,984.3000000000001
15909,Li28,984.9
15263,Li28,985.8
16596,Li28,986.5
16033,Li28,987.4000000000001
17596,Li28,987.8
20264,Li28,987.8
23047,Li28,988.4000000000001
11981,Li28,990.9
14209,Li28,992.3000000000001
19292,Li28,994.8
16545,Li28,996.4000000000001
53065,Mi1,998.5
15019,Li28,998.8
17280,Li28,999.1
16596,Li28,999.3000000000001
15909,Li28,1000.0
15263,Li28,1000.7000000000002
16033,Li28,1001.6
20264,Li28,1002.4
23047,Li28,1003.3000000000001
17596,Li28,1003.6
11981,Li28,1004.4999999999999
14209,Li28,1008.5999999999999
19292,Li28,1008.8000000000001
16545,Li28,1010.5999999999999
15019,Li28,1013.2
53065,Mi1,1013.4000000000001
17280,Li28,1014.1
15263,Li28,1014.1999999999999
16596,Li28,1014.4
15909,Li28,1015.5
16033,Li28,1016.5999999999999
20264,Li28,1017.0000000000001
17596,Li28,1018.8000000000002
23047,Li28,1019.1000000000001
11981,Li28,1019.7
14209,Li28,1022.9000000000001
19292,Li28,1023.5
16545,Li28,1024.6
15019,Li28,1026.6999999999998
15263,Li28,1028.5
53065,Mi1,1028.6
17280,Li28,1028.8000000000002
16596,Li28,1028.9
15909,Li28,1029.8
16033,Li28,1030.2
20264,Li28,1031.8
11981,Li28,1033.4
23047,Li28,1033.4
17596,Li28,1033.5
14209,Li28,1037.3000000000002
19292,Li28,1037.6000000000001
16545,Li28,1038.7
15019,Li28,1041.2
15263,Li28,1042.7
16596,Li28,1043.0000000000002
17280,Li28,1043.1000000000001
53065,Mi1,1043.9
15909,Li28,1044.5
16033,Li28,1045.4
20264,Li28,1046.1
11981,Li28,1046.3999999999999
17596,Li28,1047.2
23047,Li28,1050.5
14209,Li28,1052.2
19292,Li28,1052.4
16545,Li28,1052.7
15019,Li28,1055.3000000000002
17280,Li28,1057.2
15263,Li28,1057.9
53065,Mi1,1058.4
16596,Li28,1058.8
15909,Li28,1058.8999999999999
16033,Li28,1059.6000000000001
20264,Li28,1060.7
11981,Li28,1061.3000000000002
17596,Li28,1062.0
23047,Li28,1063.7
16545,Li28,1065.8
14209,Li28,1066.4
19292,Li28,1067.0
15019,Li28,1070.3
17280,Li28,1070.7
15263,Li28,1072.1000000000001
16033,Li28,1073.3000000000002
16596,Li28,1073.5
15909,Li28,1073.9
53065,Mi1,1075.6000000000001
20264,Li28,1076.4
17596,Li28,1076.6
11981,Li28,1076.6
23047,Li28,1078.2
16545,Li28,1081.4
19292,Li28,1081.5
14209,Li28,1082.0
15019,Li28,1084.6
17280,Li28,1085.7
15263,Li28,1086.7
15909,Li28,1088.0
16033,Li28,1088.1000000000001
16596,Li28,1088.2
53065,Mi1,1089.7
17596,Li28,1090.6
20264,Li28,1091.1
11981,Li28,1091.6000000000001
23047,Li28,1092.7
19292,Li28,1095.8000000000002
16545,Li28,1096.4
14209,Li28,1096.7
15019,Li28,1099.0
17280,Li28,1100.6
15263,Li28,1100.8
16033,Li28,1102.8
15909,Li28,1103.1
16596,Li28,1104.1000000000001
53065,Mi1,1104.4
17596,Li28,1105.7
20264,Li28,1105.7
11981,Li28,1106.8
23047,Li28,1106.8999999999999
19292,Li28,1110.8
14209,Li28,1111.1
16545,Li28,1111.2
15019,Li28,1113.0
15263,Li28,1114.9
17280,Li28,1115.0
15909,Li28,1117.3999999999999
16033,Li28,1117.5000000000002
53065,Mi1,1118.7
16596,Li28,1119.1
17596,Li28,1119.3
23047,Li28,1120.7
20264,Li28,1121.3999999999999
11981,Li28,1121.9
19292,Li28,1125.9
16545,Li28,1126.0
14209,Li28,1126.6
15019,Li28,1127.7
15263,Li28,1128.6000000000001
15909,Li28,1131.2
17280,Li28,1131.2
16033,Li28,1131.3999999999999
17596,Li28,1133.3
16596,Li28,1133.6000000000001
23047,Li28,1134.4
53065,Mi1,1134.8
20264,Li28,1136.3
11981,Li28,1137.6
16545,Li28,1140.1000000000001
19292,Li28,1140.8
14209,Li28,1141.6
15019,Li28,1141.9
15263,Li28,1144.2
15909,Li28,1146.1000000000001
16033,Li28,1146.5
17280,Li28,1146.8
17596,Li28,1148.0
16596,Li28,1148.3000000000002
53065,Mi1,1149.1
23047,Li28,1150.2
20264,Li28,1150.6000000000001
11981,Li28,1152.8
16545,Li28,1154.4
19292,Li28,1155.0
15019,Li28,1155.5
14209,Li28,1157.2
15263,Li28,1158.4
17280,Li28,1160.5
16033,Li28,1161.0
15909,Li28,1162.0000000000002
17596,Li28,1162.2
16596,Li28,1163.3
53065,Mi1,1163.5
23047,Li28,1164.6000000000001
20264,Li28,1165.6
11981,Li28,1166.8
19292,Li28,1169.0
15019,Li28,1169.2
16545,Li28,1169.3
14209,Li28,1172.8
15263,Li28,1173.5
17280,Li28,1174.6000000000001
16033,Li28,1175.2
15909,Li28,1175.8
17596,Li28,1176.3000000000002
16596,Li28,1178.2
53065,Mi1,1178.5
20264,Li28,1179.6
23047,Li28,1179.6
11981,Li28,1181.6
15019,Li28,1182.0000000000002
16545,Li28,1184.5
19292,Li28,1184.5
14209,Li28,1186.8
15263,Li28,1187.8
17280,Li28,1189.8
16033,Li28,1189.8999999999999
17596,Li28,1191.6
15909,Li28,1191.8
16596,Li28,1192.6000000000001
53065,Mi1,1192.9
23047,Li28,1193.5
20264,Li28,1194.0
11981,Li28,1197.3
15019,Li28,1197.7
16545,Li28,1198.7
19292,Li28,1199.0
14209,Li28,1200.8
15263,Li28,1202.7
17280,Li28,1203.7
16033,Li28,1205.2
16596,Li28,1207.2
53065,Mi1,1207.4
17596,Li28,1207.6
15909,Li28,1207.8
20264,Li28,1207.8999999999999
23047,Li28,1208.6000000000001
11981,Li28,1211.4
16545,Li28,1213.8999999999999
15019,Li28,1214.0
14209,Li28,1214.3000000000002
19292,Li28,1214.8000000000002
15263,Li28,1217.2
17280,Li28,1217.7
16033,Li28,1219.3
53065,Mi1,1220.5000000000002
20264,Li28,1221.8999999999999
16596,Li28,1222.0
17596,Li28,1222.4
15909,Li28,1223.2
23047,Li28,1224.5000000000002
11981,Li28,1226.7
14209,Li28,1228.6000000000001
15019,Li28,1228.6000000000001
16545,Li28,1228.7
19292,Li28,1229.6
15263,Li28,1232.7
17280,Li28,1233.1000000000001
16033,Li28,1234.0
16596,Li28,1235.4
53065,Mi1,1235.7
20264,Li28,1236.5000000000002
17596,Li28,1237.2
15909,Li28,1237.8
23047,Li28,1238.1
15019,Li28,1242.2
16545,Li28,1242.9
11981,Li28,1243.1000000000001
14209,Li28,1244.7
19292,Li28,1245.0
15263,Li28,1247.8
16033,Li28,1248.9
17280,Li28,1249.3
16596,Li28,1249.5
53065,Mi1,1250.7
17596,Li28,1252.1
15909,Li28,1252.9
20264,Li28,1252.9
23047,Li28,1253.0
15019,Li28,1256.6000000000001
11981,Li28,1257.1000000000001
16545,Li28,1257.3
19292,Li28,1259.3
14209,Li28,1260.2
15263,Li28,1261.1000000000001
17280,Li28,1263.3
16033,Li28,1263.4
16596,Li28,1264.7
53065,Mi1,1264.9
17596,Li28,1266.5
15909,Li28,1267.1000000000001
23047,Li28,1267.3
20264,Li28,1268.5
15019,Li28,1270.3
16545,Li28,1271.4
11981,Li28,1271.6000000000001
19292,Li28,1274.8000000000002
14209,Li28,1275.4
15263,Li28,1277.0
16033,Li28,1277.4
17280,Li28,1278.6
16596,Li28,1278.9
53065,Mi1,1279.7
15909,Li28,1280.6
17596,Li28,1280.9
23047,Li28,1282.3999999999999
20264,Li28,1283.0
15019,Li28,1285.3000000000002
16545,Li28,1285.9
11981,Li28,1286.3999999999999
14209,Li28,1289.4
19292,Li28,1289.7
15263,Li28,1291.0000000000002
16033,Li28,1292.1
17280,Li28,1293.8
53065,Mi1,1294.3999999999999
16596,Li28,1294.8000000000002
23047,Li28,1295.4
15909,Li28,1296.2
17596,Li28,1296.5
20264,Li28,1297.1000000000001
15019,Li28,1299.0000000000002
16545,Li28,1299.5
11981,Li28,1300.0
15263,Li28,1304.6
19292,Li28,1304.8
14209,Li28,1305.3000000000002
16033,Li28,1307.1000000000001
17280,Li28,1307.5
53065,Mi1,1308.3
23047,Li28,1309.3000000000002
17596,Li28,1309.8
16596,Li28,1310.1
15909,Li28,1310.4
20264,Li28,1311.4
16545,Li28,1313.6000000000001
11981,Li28,1315.4
15019,Li28,1316.6
15263,Li28,1318.4
19292,Li28,1320.4
14209,Li28,1320.5
16033,Li28,1321.6000000000001
17280,Li28,1321.8
23047,Li28,1323.2
53065,Mi1,1323.7
17596,Li28,1324.3
15909,Li28,1324.6
16596,Li28,1325.5
20264,Li28,1326.1000000000001
16545,Li28,1329.1000000000001
15019,Li28,1330.1000000000001
11981,Li28,1330.8999999999999
15263,Li28,1331.4
19292,Li28,1335.2
14209,Li28,1335.6000000000001
17280,Li28,1336.4
16033,Li28,1336.5
15909,Li28,1338.2
53065,Mi1,1338.7
23047,Li28,1339.0
16596,Li28,1339.6000000000001
17596,Li28,1339.6000000000001
20264,Li28,1341.5
16545,Li28,1343.1
15019,Li28,1345.5
11981,Li28,1345.8000000000002
15263,Li28,1346.3
19292,Li28,1349.0
17280,Li28,1351.6000000000001
14209,Li28,1351.9
16033,Li28,1352.0
15909,Li28,1352.2
53065,Mi1,1352.4
16596,Li28,1353.7
23047,Li28,1354.8
20264,Li28,1355.3000000000002
17596,Li28,1356.2
16545,Li28,1357.2
11981,Li28,1360.4
15019,Li28,1360.6
15263,Li28,1360.6
19292,Li28,1364.4
17280,Li28,1364.6
15909,Li28,1366.3
16033,Li28,1366.4
53065,Mi1,1366.8999999999999
14209,Li28,1367.1
16596,Li28,1369.3
23047,Li28,1369.4
17596,Li28,1370.3
20264,Li28,1370.4
16545,Li28,1373.0
15019,Li28,1374.2
15263,Li28,1375.2
11981,Li28,1375.7
17280,Li28,1378.5
19292,Li28,1378.6
16033,Li28,1379.8000000000002
15909,Li28,1381.1
14209,Li28,1382.0
53065,Mi1,1382.2
16596,Li28,1382.7
23047,Li28,1384.3
17596,Li28,1385.8000000000002
20264,Li28,1387.1
16545,Li28,1387.8000000000002
15263,Li28,1389.1
15019,Li28,1390.1000000000001
11981,Li28,1390.8
17280,Li28,1393.0
19292,Li28,1393.9
16033,Li28,1394.8
15909,Li28,1395.3
53065,Mi1,1395.9
14209,Li28,1397.6000000000001
16596,Li28,1397.9
23047,Li28,1398.6000000000001
17596,Li28,1400.6000000000001
20264,Li28,1402.3000000000002
16545,Li28,1402.6000000000001
15263,Li28,1402.9
15019,Li28,1404.1000000000001
11981,Li28,1405.7
19292,Li28,1408.3000000000002
17280,Li28,1409.0
16033,Li28,1409.2
53065,Mi1,1409.8000000000002
15909,Li28,1410.4
16596,Li28,1411.5
14209,Li28,1412.8
23047,Li28,1413.7
17596,Li28,1415.9
20264,Li28,1418.0000000000002
16545,Li28,1418.2
15263,Li28,1419.3
11981,Li28,1419.5
15019,Li28,1419.9
19292,Li28,1422.2
17280,Li28,1423.5
16033,Li28,1424.2
15909,Li28,1425.1
53065,Mi1,1425.2
16596,Li28,1426.5
14209,Li28,1426.6000000000001
23047,Li28,1427.7
16545,Li28,1432.3000000000002
20264,Li28,1432.7
17596,Li28,1432.8
15263,Li28,1433.3
11981,Li28,1433.5
15019,Li28,1435.4
19292,Li28,1436.7
17280,Li28,1438.0000000000002
53065,Mi1,1439.4
16033,Li28,1439.8
14209,Li28,1440.0000000000002
15909,Li28,1440.0000000000002
16596,Li28,1440.2
23047,Li28,1442.3000000000002
16545,Li28,1446.3000000000002
17596,Li28,1446.6000000000001
20264,Li28,1446.7
15263,Li28,1448.6000000000001
11981,Li28,1449.7
15019,Li28,1451.1000000000001
19292,Li28,1452.0000000000002
17280,Li28,1453.0
53065,Mi1,1454.2
16033,Li28,1454.3000000000002
15909,Li28,1454.9
14209,Li28,1455.6
16596,Li28,1455.8999999999999
23047,Li28,1457.1000000000001
20264,Li28,1460.5
17596,Li28,1461.0
16545,Li28,1461.2
15263,Li28,1463.2
15019,Li28,1465.4
11981,Li28,1465.6
19292,Li28,1466.9
17280,Li28,1467.1000000000001
16033,Li28,1467.5
14209,Li28,1468.7
53065,Mi1,1468.8000000000002
15909,Li28,1469.0
16596,Li28,1470.7
23047,Li28,1471.8
20264,Li28,1474.2
17596,Li28,1474.7
16545,Li28,1476.6000000000001
15263,Li28,1478.4
15019,Li28,1479.3
11981,Li28,1480.7
19292,Li28,1482.0
17280,Li28,1482.4
16033,Li28,1482.7
15909,Li28,1483.4
53065,Mi1,1484.4
14209,Li28,1484.9
16596,Li28,1485.2
23047,Li28,1485.5
20264,Li28,1488.1
17596,Li28,1488.8000000000002
16545,Li28,1491.4
15263,Li28,1492.5000000000002
15019,Li28,1493.6
11981,Li28,1494.8000000000002
17280,Li28,1496.5000000000002
16033,Li28,1496.7
15909,Li28,1497.5
19292,Li28,1497.5
53065,Mi1,1499.5
16596,Li28,1499.6
14209,Li28,1500.6000000000001
23047,Li28,1500.6000000000001
20264,Li28,1502.9
17596,Li28,1504.2
16545,Li28,1506.2
15263,Li28,1507.3
15019,Li28,1507.6
11981,Li28,1509.6
17280,Li28,1510.8000000000002
15909,Li28,1511.3
19292,Li28,1511.3
16033,Li28,1511.4
16596,Li28,1512.8000000000002
53065,Mi1,1514.0
23047,Li28,1515.7
14209,Li28,1516.2
20264,Li28,1518.1
17596,Li28,1519.0
16545,Li28,1519.6000000000001
15263,Li28,1519.9
15019,Li28,1522.3999999999999
11981,Li28,1523.8
17280,Li28,1525.2
15909,Li28,1525.9
19292,Li28,1526.3999999999999
16033,Li28,1526.9
16596,Li28,1526.9
53065,Mi1,1527.8
23047,Li28,1530.3999999999999
14209,Li28,1531.1000000000001
17596,Li28,1533.1000000000001
15263,Li28,1533.9
20264,Li28,1534.2
16545,Li28,1536.3
15019,Li28,1537.8
11981,Li28,1538.9
17280,Li28,1539.7
15909,Li28,1540.2
19292,Li28,1540.3
53065,Mi1,1542.2
16596,Li28,1542.2
16033,Li28,1543.0000000000002
23047,Li28,1545.0000000000002
14209,Li28,1545.3000000000002
15263,Li28,1547.8
17596,Li28,1548.5
20264,Li28,1548.5
16545,Li28,1550.6
15019,Li28,1552.5
15909,Li28,1554.0
11981,Li28,1554.1
19292,Li28,1554.3999999999999
16596,Li28,1556.1
17280,Li28,1556.2
53065,Mi1,1556.9
16033,Li28,1558.3999999999999
14209,Li28,1559.0000000000002
23047,Li28,1560.7
17596,Li28,1562.4
20264,Li28,1562.5
15263,Li28,1562.9
16545,Li28,1564.4
15909,Li28,1567.7
19292,Li28,1568.7
15019,Li28,1569.1000000000001
11981,Li28,1569.3000000000002
17280,Li28,1570.5
16596,Li28,1571.9
53065,Mi1,1572.0
16033,Li28,1572.8999999999999
14209,Li28,1573.7
23047,Li28,1575.4
17596,Li28,1576.1000000000001
20264,Li28,1576.8
16545,Li28,1577.9
15263,Li28,1578.4
15909,Li28,1581.4
15019,Li28,1582.7
11981,Li28,1583.1000000000001
19292,Li28,1583.2
17280,Li28,1585.5
16596,Li28,1586.1000000000001
53065,Mi1,1586.2
14209,Li28,1586.8999999999999
16033,Li28,1587.2
23047,Li28,1590.1000000000001
17596,Li28,1591.2
20264,Li28,1591.4
15263,Li28,1592.0
16545,Li28,1593.4
15909,Li28,1595.8000000000002
15019,Li28,1596.8
19292,Li28,1597.2
11981,Li28,1599.1
17280,Li28,1599.7
16596,Li28,1600.7
53065,Mi1,1600.8
16033,Li28,1602.8
14209,Li28,1603.6000000000001
23047,Li28,1604.8
17596,Li28,1605.0
20264,Li28,1605.6000000000001
15263,Li28,1607.1
16545,Li28,1608.3
15909,Li28,1610.8999999999999
19292,Li28,1611.3000000000002
15019,Li28,1611.5000000000002
11981,Li28,1613.8000000000002
16596,Li28,1615.3000000000002
53065,Mi1,1616.0
17280,Li28,1616.3
16033,Li28,1617.6000000000001
14209,Li28,1618.4
23047,Li28,1618.8
17596,Li28,1620.0
20264,Li28,1620.2
15263,Li28,1621.2
16545,Li28,1621.9
15909,Li28,1624.6
19292,Li28,1626.5
15019,Li28,1627.3
11981,Li28,1627.9
16596,Li28,1630.1000000000001
17280,Li28,1630.6
16033,Li28,1632.1000000000001
14209,Li28,1632.4
53065,Mi1,1632.7
15263,Li28,1634.4
20264,Li28,1634.4
23047,Li28,1634.5
17596,Li28,1635.2
16545,Li28,1637.0
15909,Li28,1638.4
19292,Li28,1639.9
15019,Li28,1641.5000000000002
11981,Li28,1642.6000000000001
16596,Li28,1643.7
17280,Li28,1645.3999999999999
16033,Li28,1646.1000000000001
14209,Li28,1646.7
53065,Mi1,1647.5000000000002
15263,Li28,1648.8
23047,Li28,1648.9
20264,Li28,1649.3
17596,Li28,1649.9
16545,Li28,1652.1000000000001
15909,Li28,1653.0
19292,Li28,1653.8000000000002
15019,Li28,1656.3000000000002
16596,Li28,1658.2
11981,Li28,1659.0
17280,Li28,1660.2
16033,Li28,1660.9
14209,Li28,1661.3
53065,Mi1,1662.4
20264,Li28,1663.1
23047,Li28,1663.8000000000002
15263,Li28,1664.2
17596,Li28,1665.3999999999999
16545,Li28,1666.6000000000001
15909,Li28,1668.1000000000001
19292,Li28,1669.1
15019,Li28,1670.9
11981,Li28,1673.3
16596,Li28,1673.3
16033,Li28,1674.6000000000001
14209,Li28,1675.1
17280,Li28,1675.5
23047,Li28,1678.1000000000001
20264,Li28,1678.2
53065,Mi1,1678.3000000000002
15263,Li28,1679.5
16545,Li28,1681.5
17596,Li28,1681.7
15909,Li28,1682.5
15019,Li28,1684.5
19292,Li28,1684.7
11981,Li28,1687.2
16596,Li28,1687.7
16033,Li28,1688.3000000000002
17280,Li28,1691.2
14209,Li28,1691.8
20264,Li28,1693.0
53065,Mi1,1693.0
15263,Li28,1693.7
23047,Li28,1694.4
16545,Li28,1695.4
15909,Li28,1697.1
17596,Li28,1697.6
15019,Li28,1699.6
19292,Li28,1700.2
11981,Li28,1702.1000000000001
16596,Li28,1702.8
16033,Li28,1703.5
17280,Li28,1706.4
14209,Li28,1706.5
23047,Li28,1707.8999999999999
53065,Mi1,1708.0000000000002
15263,Li28,1708.2
20264,Li28,1708.4
16545,Li28,1709.4
15909,Li28,1711.2
17596,Li28,1711.8999999999999
15019,Li28,1714.4
19292,Li28,1715.1000000000001
11981,Li28,1716.1000000000001
16596,Li28,1718.1000000000001
16033,Li28,1718.7
17280,Li28,1719.5
14209,Li28,1721.1000000000001
53065,Mi1,1722.1000000000001
15263,Li28,1722.8000000000002
23047,Li28,1723.0
16545,Li28,1723.6
20264,Li28,1724.2
15909,Li28,1725.7
17596,Li28,1726.8000000000002
15019,Li28,1728.1000000000001
19292,Li28,1729.8
11981,Li28,1730.3000000000002
16596,Li28,1733.1000000000001
16033,Li28,1733.8
17280,Li28,1734.4
14209,Li28,1735.8
53065,Mi1,1736.1
15263,Li28,1737.3
20264,Li28,1737.8999999999999
23047,Li28,1738.6000000000001
16545,Li28,1738.8000000000002
15909,Li28,1739.8999999999999
17596,Li28,1741.1000000000001
15019,Li28,1743.5
11981,Li28,1743.7
19292,Li28,1745.4
16596,Li28,1747.4
16033,Li28,1748.5000000000002
17280,Li28,1749.4
14209,Li28,1749.7
53065,Mi1,1751.4
20264,Li28,1751.6
15263,Li28,1753.4
15909,Li28,1753.6
16545,Li28,1753.6
23047,Li28,1753.8
17596,Li28,1754.4
15019,Li28,1757.6
11981,Li28,1758.2
19292,Li28,1760.8000000000002
16596,Li28,1761.3
16033,Li28,1763.4
14209,Li28,1763.9
53065,Mi1,1765.6
17280,Li28,1765.7
20264,Li28,1766.3
15909,Li28,1766.7
23047,Li28,1767.1000000000001
15263,Li28,1768.1
16545,Li28,1769.1000000000001
17596,Li28,1769.6000000000001
15019,Li28,1771.0
11981,Li28,1773.3
19292,Li28,1775.8
16596,Li28,1776.0
16033,Li28,1777.2
14209,Li28,1778.8000000000002
17280,Li28,1779.4
15909,Li28,1781.2
53065,Mi1,1781.4
23047,Li28,1781.7
20264,Li28,1782.2
15263,Li28,1782.5000000000002
16545,Li28,1782.8000000000002
15019,Li28,1785.5
17596,Li28,1786.0
11981,Li28,1787.8
19292,Li28,1790.5
16596,Li28,1790.6000000000001
14209,Li28,1792.8000000000002
16033,Li28,1792.9
17280,Li28,1794.3
15909,Li28,1795.6000000000001
23047,Li28,1795.7
20264,Li28,1796.3999999999999
53065,Mi1,1796.6000000000001
15263,Li28,1797.4
16545,Li28,1797.6000000000001
17596,Li28,1798.9
15019,Li28,1800.2
11981,Li28,1803.0000000000002
19292,Li28,1804.8000000000002
16596,Li28,1805.5
16033,Li28,1807.7
17280,Li28,1808.3
14209,Li28,1808.8000000000002
23047,Li28,1810.1
15909,Li28,1811.0000000000002
15263,Li28,1811.0000000000002
53065,Mi1,1811.6000000000001
20264,Li28,1811.9
17596,Li28,1812.1
16545,Li28,1813.4
15019,Li28,1813.7
11981,Li28,1818.2
19292,Li28,1818.9
16596,Li28,1819.5
16033,Li28,1822.2
14209,Li28,1822.7
17280,Li28,1824.1
15263,Li28,1825.2
15909,Li28,1825.7
53065,Mi1,1825.8
20264,Li28,1826.1
23047,Li28,1826.5
17596,Li28,1826.7
15019,Li28,1828.4
16545,Li28,1828.8
11981,Li28,1833.3000000000002
19292,Li28,1833.3000000000002
16596,Li28,1834.3
14209,Li28,1837.0000000000002
16033,Li28,1837.4
17280,Li28,1839.6000000000001
15263,Li28,1839.7
53065,Mi1,1840.5
15909,Li28,1840.8999999999999
23047,Li28,1840.8999999999999
17596,Li28,1841.5
20264,Li28,1842.1000000000001
16545,Li28,1842.5
15019,Li28,1843.4
19292,Li28,1848.4
11981,Li28,1849.6000000000001
16596,Li28,1849.7
14209,Li28,1850.8
16033,Li28,1852.1000000000001
15263,Li28,1853.6000000000001
17280,Li28,1854.8
53065,Mi1,1855.3000000000002
15909,Li28,1855.4
23047,Li28,1855.7
17596,Li28,1855.8000000000002
20264,Li28,1857.5
16545,Li28,1858.0
15019,Li28,1858.7
19292,Li28,1863.9
14209,Li28,1864.5
16596,Li28,1864.7
11981,Li28,1865.1
16033,Li28,1867.0
15263,Li28,1869.0
17280,Li28,1869.6000000000001
17596,Li28,1869.7
15909,Li28,1870.0
53065,Mi1,1870.4
23047,Li28,1870.6
20264,Li28,1871.9
15019,Li28,1873.9
16545,Li28,1873.9
19292,Li28,1878.8999999999999
11981,Li28,1879.0
14209,Li28,1879.0
16596,Li28,1879.2
16033,Li28,1881.6000000000001
15263,Li28,1883.1
17596,Li28,1884.0
17280,Li28,1884.1000000000001
15909,Li28,1885.2
23047,Li28,1885.4
20264,Li28,1885.6000000000001
53065,Mi1,1885.9
15019,Li28,1888.8
16545,Li28,1889.3000000000002
16596,Li28,1892.7
19292,Li28,1893.0
11981,Li28,1893.9
14209,Li28,1894.1000000000001
16033,Li28,1897.0
17596,Li28,1897.1
15263,Li28,1899.0
17280,Li28,1899.0
53065,Mi1,1899.3
23047,Li28,1900.5
20264,Li28,1900.6000000000001
15909,Li28,1900.8
16545,Li28,1903.5000000000002
15019,Li28,1903.7
14209,Li28,1908.1000000000001
19292,Li28,1908.1000000000001
16596,Li28,1908.5
11981,Li28,1909.6000000000001
17596,Li28,1910.7
16033,Li28,1911.9
53065,Mi1,1913.5000000000002
15909,Li28,1913.8000000000002
20264,Li28,1913.8000000000002
17280,Li28,1914.4
15263,Li28,1914.6000000000001
23047,Li28,1915.0
15019,Li28,1917.7
16545,Li28,1919.2
14209,Li28,1922.0
16596,Li28,1922.1000000000001
11981,Li28,1923.6000000000001
19292,Li28,1924.4
17596,Li28,1926.1000000000001
16033,Li28,1927.0
53065,Mi1,1928.0000000000002
20264,Li28,1928.5
15263,Li28,1928.6000000000001
15909,Li28,1928.8
17280,Li28,1930.3000000000002
23047,Li28,1930.5
15019,Li28,1933.0
16545,Li28,1933.1
14209,Li28,1936.1000000000001
16596,Li28,1937.1
11981,Li28,1937.3999999999999
19292,Li28,1939.3
17596,Li28,1940.1000000000001
16033,Li28,1941.0
15263,Li28,1942.3000000000002
53065,Mi1,1942.6000000000001
20264,Li28,1942.7
15909,Li28,1943.3999999999999
23047,Li28,1944.9
17280,Li28,1945.0
15019,Li28,1948.6000000000001
16545,Li28,1948.8
16596,Li28,1951.6
14209,Li28,1952.3000000000002
11981,Li28,1952.9
19292,Li28,1954.4
17596,Li28,1955.1
15263,Li28,1956.3000000000002
16033,Li28,1956.3000000000002
20264,Li28,1956.8
53065,Mi1,1958.2
23047,Li28,1958.3000000000002
15909,Li28,1958.9
17280,Li28,1960.6000000000001
15019,Li28,1963.3
16545,Li28,1963.4
16596,Li28,1966.4
14209,Li28,1966.7
11981,Li28,1968.1000000000001
19292,Li28,1969.6
15263,Li28,1970.9
16033,Li28,1971.0
20264,Li28,1971.2
17596,Li28,1971.4
15909,Li28,1973.3
23047,Li28,1973.3
53065,Mi1,1973.7
17280,Li28,1974.9
15019,Li28,1976.7
16545,Li28,1977.4
16596,Li28,1980.6000000000001
14209,Li28,1981.1000000000001
11981,Li28,1983.7
19292,Li28,1983.8999999999999
15263,Li28,1985.3
16033,Li28,1985.7
20264,Li28,1985.8
53065,Mi1,1986.3000000000002
17596,Li28,1986.6000000000001
23047,Li28,1988.6000000000001
15909,Li28,1988.7
17280,Li28,1990.7
16545,Li28,1991.8999999999999
15019,Li28,1992.2
14209,Li28,1995.3
16596,Li28,1996.5000000000002
19292,Li28,1998.2
20264,Li28,1999.3
11981,Li28,1999.8
16033,Li28,2000.1000000000001
53065,Mi1,2000.5000000000002
15263,Li28,2000.6
17596,Li28,2001.2000000000003
23047,Li28,2002.6000000000001
15909,Li28,2003.1
17280,Li28,2005.5
15019,Li28,2006.5
16545,Li28,2006.6000000000001
14209,Li28,2010.3
16596,Li28,2010.6000000000001
20264,Li28,2013.9
16033,Li28,2014.2000000000003
19292,Li28,2014.2000000000003
15263,Li28,2015.2
53065,Mi1,2015.2
11981,Li28,2015.4
17596,Li28,2016.8
23047,Li28,2018.8999999999999
15909,Li28,2019.2
15019,Li28,2020.8
17280,Li28,2021.3
16545,Li28,2022.4
14209,Li28,2024.9
16596,Li28,2025.1999999999998
20264,Li28,2027.5000000000002
15263,Li28,2029.7
53065,Mi1,2029.8000000000002
19292,Li28,2030.1
11981,Li28,2030.3
17596,Li28,2030.8999999999999
16033,Li28,2031.6000000000001
23047,Li28,2033.1000000000001
15909,Li28,2034.0000000000002
15019,Li28,2035.6000000000001
17280,Li28,2037.8000000000002
16545,Li28,2038.6999999999998
14209,Li28,2039.5000000000002
16596,Li28,2039.6000000000001
20264,Li28,2042.2000000000003
15263,Li28,2043.2
11981,Li28,2043.9000000000003
19292,Li28,2044.6
53065,Mi1,2044.6
16033,Li28,2045.9
17596,Li28,2046.1
15909,Li28,2048.3
23047,Li28,2048.4
15019,Li28,2051.1
17280,Li28,2051.8
16596,Li28,2053.2
16545,Li28,2053.3
14209,Li28,2054.2000000000003
20264,Li28,2056.0
15263,Li28,2057.3999999999996
11981,Li28,2058.8
19292,Li28,2059.1
53065,Mi1,2059.1
16033,Li28,2060.1000000000004
17596,Li28,2061.8
15909,Li28,2062.5
23047,Li28,2063.2000000000003
17280,Li28,2065.9
15019,Li28,2066.3
16545,Li28,2068.6
14209,Li28,2068.7000000000003
16596,Li28,2068.9
20264,Li28,2071.0
15263,Li28,2072.9
53065,Mi1,2073.6
11981,Li28,2074.5
16033,Li28,2075.0
19292,Li28,2075.6
17596,Li28,2076.4
23047,Li28,2077.8
15909,Li28,2078.1
17280,Li28,2080.6
15019,Li28,2081.0
16545,Li28,2083.0
14209,Li28,2084.6
16596,Li28,2084.6
20264,Li28,2086.9
15263,Li28,2087.6
53065,Mi1,2088.5
11981,Li28,2089.7999999999997
16033,Li28,2090.0000000000005
17596,Li28,2090.1
19292,Li28,2090.6000000000004
15909,Li28,2092.3
23047,Li28,2093.3
17280,Li28,2094.4
15019,Li28,2096.5
16545,Li28,2098.6000000000004
16596,Li28,2100.1000000000004
14209,Li28,2100.4
53065,Mi1,2101.9
20264,Li28,2102.3
15263,Li28,2102.4
17596,Li28,2104.6
16033,Li28,2104.7000000000003
19292,Li28,2105.2
11981,Li28,2106.4
23047,Li28,2106.9
15909,Li28,2107.5
17280,Li28,2108.5
15019,Li28,2111.0
16545,Li28,2112.1000000000004
14209,Li28,2116.2
16596,Li28,2116.3
53065,Mi1,2116.4
20264,Li28,2117.7000000000003
15263,Li28,2118.5
17596,Li28,2119.0
16033,Li28,2119.4
23047,Li28,2120.6
11981,Li28,2120.9
19292,Li28,2120.9
15909,Li28,2121.7999999999997
17280,Li28,2123.8
16545,Li28,2126.3
15019,Li28,2126.8
16596,Li28,2130.7
14209,Li28,2130.8
53065,Mi1,2130.9
20264,Li28,2132.4
17596,Li28,2133.2
15263,Li28,2133.5
16033,Li28,2134.8
11981,Li28,2135.1
23047,Li28,2135.2000000000003
19292,Li28,2135.8
15909,Li28,2137.1000000000004
17280,Li28,2138.7
15019,Li28,2140.8
16545,Li28,2141.3
16596,Li28,2145.3
14209,Li28,2145.4
20264,Li28,2145.6
53065,Mi1,2146.0
17596,Li28,2147.6
15263,Li28,2147.8
23047,Li28,2149.6
19292,Li28,2149.9
16033,Li28,2150.0
11981,Li28,2150.2
15909,Li28,2151.7
17280,Li28,2153.7999999999997
15019,Li28,2155.2999999999997
16545,Li28,2155.9
16596,Li28,2160.0
20264,Li28,2160.0
14209,Li28,2161.3
17596,Li28,2161.6
53065,Mi1,2161.6
15263,Li28,2163.8
23047,Li28,2164.1
11981,Li28,2164.6
16033,Li28,2165.0
19292,Li28,2165.5
15909,Li28,2166.6000000000004
17280,Li28,2168.4
16545,Li28,2168.6
15019,Li28,2170.0
16596,Li28,2174.1
20264,Li28,2174.6000000000004
17596,Li28,2175.9
53065,Mi1,2176.1
14209,Li28,2177.2
15263,Li28,2178.2
11981,Li28,2178.3999999999996
19292,Li28,2179.1
23047,Li28,2179.6000000000004
16033,Li28,2180.1
15909,Li28,2180.6
16545,Li28,2182.6000000000004
17280,Li28,2183.3
15019,Li28,2185.5
16596,Li28,2188.9
20264,Li28,2189.5
14209,Li28,2191.2000000000003
17596,Li28,2191.4
53065,Mi1,2191.7
11981,Li28,2192.7000000000003
23047,Li28,2193.2
15263,Li28,2193.5
19292,Li28,2193.9
16033,Li28,2194.5
15909,Li28,2196.6
16545,Li28,2196.8
17280,Li28,2199.3
15019,Li28,2200.4
16596,Li28,2203.7
17596,Li28,2204.2999999999997
20264,Li28,2204.5
53065,Mi1,2205.0
14209,Li28,2205.1000000000004
11981,Li28,2207.2000000000003
23047,Li28,2207.4
15263,Li28,2208.5
16033,Li28,2209.3
19292,Li28,2209.9
15909,Li28,2210.7000000000003
16545,Li28,2211.2000000000003
17280,Li28,2214.1
15019,Li28,2216.1
16596,Li28,2218.5
17596,Li28,2219.1
20264,Li28,2219.4
53065,Mi1,2220.1
14209,Li28,2220.5
11981,Li28,2221.2
16033,Li28,2223.1
23047,Li28,2223.2000000000003
15263,Li28,2224.0
19292,Li28,2224.4
15909,Li28,2225.4
16545,Li28,2226.6
17280,Li28,2228.4
15019,Li28,2231.1
16596,Li28,2232.5
17596,Li28,2233.4
53065,Mi1,2233.9
11981,Li28,2234.6
20264,Li28,2234.7000000000003
14209,Li28,2234.9
16033,Li28,2238.0
23047,Li28,2238.0
15263,Li28,2238.9
15909,Li28,2240.0
19292,Li28,2240.1
16545,Li28,2240.5
17280,Li28,2244.2999999999997
15019,Li28,2247.0
17596,Li28,2247.1
16596,Li28,2248.0
53065,Mi1,2248.1
14209,Li28,2249.4
20264,Li28,2249.9
11981,Li28,2250.2
16033,Li28,2252.5
23047,Li28,2252.6
15263,Li28,2253.1000000000004
16545,Li28,2253.6
19292,Li28,2253.7000000000003
15909,Li28,2254.5
17280,Li28,2259.4
15019,Li28,2261.3
16596,Li28,2261.8
53065,Mi1,2261.9
17596,Li28,2262.0
14209,Li28,2264.5
11981,Li28,2264.7
20264,Li28,2264.9
15263,Li28,2267.3
23047,Li28,2267.8
16033,Li28,2268.0
16545,Li28,2268.2000000000003
19292,Li28,2268.4
15909,Li28,2269.0
17280,Li28,2273.7000000000003
17596,Li28,2275.8
15019,Li28,2276.2000000000003
53065,Mi1,2276.2999999999997
16596,Li28,2276.5
11981,Li28,2280.1
14209,Li28,2280.1
15263,Li28,2281.0
20264,Li28,2281.0
16545,Li28,2281.9
16033,Li28,2282.2
23047,Li28,2282.4
15909,Li28,2283.4
19292,Li28,2283.4
17280,Li28,2289.0
16596,Li28,2290.4
17596,Li28,2291.7
15019,Li28,2291.9
53065,Mi1,2292.4
14209,Li28,2293.7000000000003
11981,Li28,2294.0
15263,Li28,2295.8
16545,Li28,2296.4
20264,Li28,2296.6000000000004
19292,Li28,2297.5000000000005
16033,Li28,2297.7000000000003
15909,Li28,2298.0
23047,Li28,2299.6000000000004
17280,Li28,2303.1
16596,Li28,2305.6
17596,Li28,2306.4
15019,Li28,2306.7000000000003
53065,Mi1,2307.0
11981,Li28,2308.5
14209,Li28,2308.8
15263,Li28,2310.7000000000003
16545,Li28,2311.2
19292,Li28,2311.8
16033,Li28,2312.1
15909,Li28,2312.2000000000003
20264,Li28,2312.3
23047,Li28,2314.7999999999997
17280,Li28,2318.5
17596,Li28,2320.4
15019,Li28,2321.8
16596,Li28,2321.8
11981,Li28,2322.1000000000004
53065,Mi1,2322.1000000000004
14209,Li28,2323.3
16545,Li28,2325.2000000000003
15263,Li28,2325.4
20264,Li28,2326.3
15909,Li28,2326.5
16033,Li28,2327.0
19292,Li28,2327.3
23047,Li28,2330.3
17280,Li28,2333.8
17596,Li28,2335.4
16596,Li28,2335.9
15019,Li28,2336.4
53065,Mi1,2336.5
14209,Li28,2337.6
11981,Li28,2337.7000000000003
15263,Li28,2340.9
20264,Li28,2341.2999999999997
15909,Li28,2341.4
16545,Li28,2341.4
19292,Li28,2342.3
16033,Li28,2342.6
23047,Li28,2346.3
17280,Li28,2347.6
17596,Li28,2350.1000000000004
53065,Mi1,2350.1000000000004
16596,Li28,2350.3
14209,Li28,2351.1000000000004
15019,Li28,2351.5
11981,Li28,2351.6
16545,Li28,2355.5
20264,Li28,2355.6
15263,Li28,2356.2000000000003
16033,Li28,2356.7
19292,Li28,2357.0
15909,Li28,2357.1
23047,Li28,2361.7
17280,Li28,2362.9
53065,Mi1,2364.4
17596,Li28,2364.4
11981,Li28,2365.8
16596,Li28,2365.8
15019,Li28,2365.8999999999996
14209,Li28,2366.0
16033,Li28,2369.8
20264,Li28,2370.1000000000004
16545,Li28,2370.5
15263,Li28,2371.2
15909,Li28,2372.3
19292,Li28,2372.4
23047,Li28,2377.8
17280,Li28,2378.3
17596,Li28,2378.9
53065,Mi1,2378.9
16596,Li28,2379.6
15019,Li28,2380.4
14209,Li28,2380.5
11981,Li28,2380.9
16033,Li28,2384.1
16545,Li28,2384.5
20264,Li28,2384.9
15263,Li28,2386.5000000000005
15909,Li28,2387.4
19292,Li28,2389.1
23047,Li28,2392.1
17280,Li28,2393.7
14209,Li28,2393.9
17596,Li28,2394.1
53065,Mi1,2394.1
15019,Li28,2395.6
16596,Li28,2396.3
11981,Li28,2396.4
16545,Li28,2398.7000000000003
16033,Li28,2399.1000000000004
20264,Li28,2399.6
15263,Li28,2400.5
15909,Li28,2402.0
19292,Li28,2402.8
23047,Li28,2405.8
17280,Li28,2407.3
14209,Li28,2407.9
17596,Li28,2409.2999999999997
16596,Li28,2409.5
11981,Li28,2410.1
53065,Mi1,2410.4
15019,Li28,2410.4
16545,Li28,2413.2000000000003
16033,Li28,2414.2000000000003
15263,Li28,2414.5000000000005
20264,Li28,2414.7000000000003
19292,Li28,2416.4
15909,Li28,2416.7
23047,Li28,2420.4
17280,Li28,2421.7
14209,Li28,2423.0
17596,Li28,2423.3
16596,Li28,2423.6
11981,Li28,2424.4
53065,Mi1,2425.1
15019,Li28,2425.6000000000004
16545,Li28,2428.5
16033,Li28,2428.7
15263,Li28,2429.4
20264,Li28,2429.4
19292,Li28,2430.8
15909,Li28,2431.1000000000004
23047,Li28,2434.0
17280,Li28,2435.4
17596,Li28,2437.5
14209,Li28,2438.0
53065,Mi1,2438.2999999999997
11981,Li28,2438.4
16596,Li28,2438.4
15019,Li28,2441.8
16033,Li28,2443.1000000000004
16545,Li28,2443.3
20264,Li28,2443.7999999999997
15909,Li28,2445.0000000000005
15263,Li28,2445.2000000000003
19292,Li28,2445.7
23047,Li28,2448.5
14209,Li28,2450.9
17280,Li28,2451.9
17596,Li28,2452.0
16596,Li28,2452.8
11981,Li28,2453.2000000000003
53065,Mi1,2453.9
15019,Li28,2457.3
16033,Li28,2457.5
16545,Li28,2457.5
20264,Li28,2458.1
15263,Li28,2459.4
15909,Li28,2461.5
19292,Li28,2461.5
23047,Li28,2463.4
14209,Li28,2465.6000000000004
17280,Li28,2465.7
11981,Li28,2466.8
16596,Li28,2467.1000000000004
17596,Li28,2467.4
53065,Mi1,2468.6
16545,Li28,2471.7999999999997
16033,Li28,2472.0
15019,Li28,2472.9
20264,Li28,2473.3
15263,Li28,2474.9
15909,Li28,2476.4
19292,Li28,2476.8
23047,Li28,2479.0
14209,Li28,2480.4
16596,Li28,2481.7
11981,Li28,2482.2999999999997
17280,Li28,2482.2999999999997
17596,Li28,2483.3
53065,Mi1,2483.4
16033,Li28,2486.2000000000003
16545,Li28,2486.9
15019,Li28,2487.8
20264,Li28,2487.9
15263,Li28,2490.2999999999997
15909,Li28,2491.4
19292,Li28,2491.8
23047,Li28,2492.5
14209,Li28,2494.6
16596,Li28,2495.0
11981,Li28,2496.6
17280,Li28,2497.2000000000003
53065,Mi1,2498.0
17596,Li28,2498.5
16033,Li28,2500.9
16545,Li28,2501.0000000000005
15019,Li28,2502.1
20264,Li28,2503.6
15263,Li28,2504.7999999999997
15909,Li28,2506.1
19292,Li28,2506.1
23047,Li28,2507.0
14209,Li28,2509.9
16596,Li28,2510.4
11981,Li28,2511.2000000000003
17596,Li28,2512.4
17280,Li28,2513.1
53065,Mi1,2513.6000000000004
16545,Li28,2515.3
16033,Li28,2516.4
15019,Li28,2516.9
20264,Li28,2517.1
15263,Li28,2519.4
15909,Li28,2519.7000000000003
19292,Li28,2520.1000000000004
23047,Li28,2521.0
14209,Li28,2524.4
11981,Li28,2525.1
16596,Li28,2525.4
17596,Li28,2526.8
53065,Mi1,2527.6
17280,Li28,2528.5
20264,Li28,2530.0
16545,Li28,2531.1
16033,Li28,2531.5000000000005
15019,Li28,2532.7999999999997
15909,Li28,2533.2000000000003
15263,Li28,2533.7
19292,Li28,2535.0
23047,Li28,2536.9
11981,Li28,2539.2000000000003
14209,Li28,2539.4
16596,Li28,2540.4
53065,Mi1,2541.7
17596,Li28,2541.9
17280,Li28,2543.5000000000005
20264,Li28,2543.5000000000005
16545,Li28,2545.8
16033,Li28,2546.4
15019,Li28,2547.2000000000003
15263,Li28,2547.9
15909,Li28,2549.0
19292,Li28,2549.5
23047,Li28,2552.2
11981,Li28,2554.1
14209,Li28,2554.9
17596,Li28,2555.1
16596,Li28,2556.2
53065,Mi1,2557.4
20264,Li28,2557.9
17280,Li28,2558.9
16545,Li28,2561.3
16033,Li28,2561.6000000000004
15263,Li28,2562.0
15019,Li28,2562.6000000000004
15909,Li28,2563.7000000000003
19292,Li28,2564.3
23047,Li28,2567.4
14209,Li28,2569.7
17596,Li28,2569.7
16596,Li28,2569.8
11981,Li28,2570.5
53065,Mi1,2572.4
20264,Li28,2573.6000000000004
17280,Li28,2574.0000000000005
16545,Li28,2575.1
15263,Li28,2575.6
16033,Li28,2576.7000000000003
15019,Li28,2577.7000000000003
19292,Li28,2578.4
15909,Li28,2579.9
23047,Li28,2582.4
17596,Li28,2582.5
14209,Li28,2584.2
16596,Li28,2584.3
11981,Li28,2584.7999999999997
53065,Mi1,2587.4
20264,Li28,2588.9
17280,Li28,2589.0
15263,Li28,2589.4
16033,Li28,2591.0
16545,Li28,2591.1
15019,Li28,2592.5
15909,Li28,2594.0000000000005
19292,Li28,2594.0000000000005
23047,Li28,2596.7000000000003
17596,Li28,2597.2
16596,Li28,2597.6
14209,Li28,2599.4
11981,Li28,2600.7999999999997
53065,Mi1,2602.8
20264,Li28,2603.0
17280,Li28,2603.1
15263,Li28,2604.9
16545,Li28,2605.4
16033,Li28,2606.0000000000005
15019,Li28,2606.7
15909,Li28,2608.0
19292,Li28,2609.8
23047,Li28,2610.5
17596,Li28,2611.5
16596,Li28,2611.8
11981,Li28,2614.9
14209,Li28,2615.0
17280,Li28,2616.6
20264,Li28,2616.8
53065,Mi1,2618.2000000000003
15263,Li28,2618.8
16033,Li28,2620.0
16545,Li28,2620.4
15019,Li28,2620.9
15909,Li28,2621.7999999999997
19292,Li28,2624.0
23047,Li28,2625.4
17596,Li28,2626.3
16596,Li28,2626.9
11981,Li28,2629.5
17280,Li28,2630.1
14209,Li28,2630.2000000000003
20264,Li28,2630.4
15263,Li28,2633.2
53065,Mi1,2633.9
16033,Li28,2635.1
16545,Li28,2635.5
15019,Li28,2636.9
15909,Li28,2637.4
23047,Li28,2640.1000000000004
19292,Li28,2641.0
17596,Li28,2641.1000000000004
16596,Li28,2641.5
17280,Li28,2643.8
14209,Li28,2645.2
11981,Li28,2645.2
20264,Li28,2645.9
53065,Mi1,2648.5000000000005
15263,Li28,2648.8
16545,Li28,2649.1000000000004
16033,Li28,2650.4
15019,Li28,2650.9
15909,Li28,2652.8
23047,Li28,2654.1
19292,Li28,2655.5
17596,Li28,2656.8
16596,Li28,2656.8
17280,Li28,2658.6000000000004
14209,Li28,2659.5
20264,Li28,2660.9
11981,Li28,2661.9
53065,Mi1,2662.3
16545,Li28,2662.9
16033,Li28,2664.8
15263,Li28,2664.9
15019,Li28,2666.3
15909,Li28,2667.7
23047,Li28,2669.0
19292,Li28,2669.6
16596,Li28,2670.9
17596,Li28,2671.2000000000003
17280,Li28,2673.0
14209,Li28,2674.7
53065,Mi1,2675.8
20264,Li28,2675.9
16545,Li28,2677.7000000000003
11981,Li28,2677.7999999999997
15263,Li28,2679.1
16033,Li28,2680.7000000000003
15019,Li28,2680.7000000000003
15909,Li28,2683.3
23047,Li28,2683.4
19292,Li28,2684.7000000000003
16596,Li28,2685.2
17596,Li28,2686.9
17280,Li28,2688.9
14209,Li28,2689.5
20264,Li28,2690.5
53065,Mi1,2690.7
16545,Li28,2691.2000000000003
11981,Li28,2692.5000000000005
15263,Li28,2694.7
16033,Li28,2695.2000000000003
15019,Li28,2696.1
23047,Li28,2697.7000000000003
15909,Li28,2699.0000000000005
19292,Li28,2699.0000000000005
16596,Li28,2699.8
17596,Li28,2700.5000000000005
17280,Li28,2703.4
14209,Li28,2704.2999999999997
53065,Mi1,2704.9
20264,Li28,2705.7000000000003
11981,Li28,2706.7000000000003
16545,Li28,2707.3
15263,Li28,2709.3
15019,Li28,2710.4
16033,Li28,2710.4
23047,Li28,2712.7000000000003
15909,Li28,2713.6
19292,Li28,2713.9
17596,Li28,2714.8
16596,Li28,2715.2000000000003
17280,Li28,2718.0
14209,Li28,2719.8
53065,Mi1,2720.4
20264,Li28,2720.7000000000003
11981,Li28,2721.5
15263,Li28,2722.9
16545,Li28,2722.9
16033,Li28,2724.6
15019,Li28,2724.9
23047,Li28,2727.3
19292,Li28,2728.2999999999997
16596,Li28,2729.0
15909,Li28,2729.4
17596,Li28,2729.7000000000003
17280,Li28,2732.0
14209,Li28,2734.9
20264,Li28,2735.1
11981,Li28,2736.0
53065,Mi1,2736.4
15263,Li28,2737.4
16545,Li28,2738.2
16033,Li28,2740.8
15019,Li28,2740.9
19292,Li28,2742.3
23047,Li28,2742.6
16596,Li28,2744.0
15909,Li28,2744.1
17596,Li28,2744.2999999999997
17280,Li28,2747.9
20264,Li28,2749.3
14209,Li28,2749.4
11981,Li28,2750.5
53065,Mi1,2751.1
15263,Li28,2751.6000000000004
16545,Li28,2753.6
16033,Li28,2755.2000000000003
15019,Li28,2756.2000000000003
23047,Li28,2757.1000000000004
19292,Li28,2757.3
15909,Li28,2758.6
17596,Li28,2758.7000000000003
16596,Li28,2758.7999999999997
17280,Li28,2763.0000000000005
20264,Li28,2763.2000000000003
14209,Li28,2763.6000000000004
11981,Li28,2764.8999999999996
53065,Mi1,2765.2
15263,Li28,2766.7000000000003
16545,Li28,2768.2000000000003
16033,Li28,2768.5
15019,Li28,2770.6
19292,Li28,2771.9
23047,Li28,2772.2000000000003
15909,Li28,2772.8999999999996
17596,Li28,2773.5000000000005
16596,Li28,2774.3
17280,Li28,2778.1000000000004
14209,Li28,2778.4
20264,Li28,2778.5
11981,Li28,2779.8
15263,Li28,2780.6
53065,Mi1,2780.6
16545,Li28,2782.3
16033,Li28,2783.9
15019,Li28,2786.1000000000004
17596,Li28,2787.9
19292,Li28,2788.2999999999997
23047,Li28,2788.6
15909,Li28,2788.9
16596,Li28,2789.2000000000003
20264,Li28,2792.7
14209,Li28,2792.8
17280,Li28,2792.8
11981,Li28,2793.7000000000003
15263,Li28,2795.3
53065,Mi1,2796.2999999999997
16545,Li28,2796.6000000000004
16033,Li28,2798.4
15019,Li28,2799.8
19292,Li28,2802.7000000000003
23047,Li28,2802.7999999999997
16596,Li28,2803.7
15909,Li28,2803.9
17596,Li28,2804.6000000000004
17280,Li28,2807.4
14209,Li28,2807.8
20264,Li28,2807.8
11981,Li28,2808.2000000000003
15263,Li28,2809.6
53065,Mi1,2811.1
16545,Li28,2811.9
16033,Li28,2812.7
15019,Li28,2815.6000000000004
19292,Li28,2817.8
16596,Li28,2817.8
23047,Li28,2818.5
15909,Li28,2819.2
17596,Li28,2819.8
14209,Li28,2821.2000000000003
11981,Li28,2821.8
20264,Li28,2821.9
17280,Li28,2822.1000000000004
15263,Li28,2823.2
53065,Mi1,2825.6
16545,Li28,2827.4
16033,Li28,2828.4
15019,Li28,2830.0
19292,Li28,2832.1
23047,Li28,2832.7
16596,Li28,2832.8
15909,Li28,2833.0
17596,Li28,2834.1000000000004
11981,Li28,2836.5
20264,Li28,2836.9
14209,Li28,2837.1
17280,Li28,2837.5000000000005
15263,Li28,2837.8
53065,Mi1,2839.8
16545,Li28,2841.5
16033,Li28,2842.4
15019,Li28,2844.0000000000005
19292,Li28,2846.7000000000003
15909,Li28,2847.1
23047,Li28,2847.2
16596,Li28,2847.4
17596,Li28,2849.2000000000003
14209,Li28,2849.6
20264,Li28,2851.3
11981,Li28,2851.6000000000004
17280,Li28,2851.9
15263,Li28,2852.7
53065,Mi1,2854.7999999999997
16033,Li28,2855.4
16545,Li28,2856.8
15019,Li28,2858.1000000000004
23047,Li28,2860.8
19292,Li28,2860.9
15909,Li28,2862.1000000000004
16596,Li28,2862.6
17596,Li28,2863.9
14209,Li28,2864.8
20264,Li28,2866.0
15263,Li28,2866.1000000000004
11981,Li28,2866.7000000000003
17280,Li28,2866.8
53065,Mi1,2870.3
16033,Li28,2871.4
16545,Li28,2871.7000000000003
15019,Li28,2872.7
23047,Li28,2875.3
19292,Li28,2876.6000000000004
17596,Li28,2877.5
15909,Li28,2877.6
16596,Li28,2877.6
20264,Li28,2879.5
14209,Li28,2879.6
17280,Li28,2880.4
15263,Li28,2881.0
11981,Li28,2881.6
53065,Mi1,2884.3
16545,Li28,2885.8
16033,Li28,2886.1000000000004
15019,Li28,2888.2000000000003
19292,Li28,2890.3
23047,Li28,2891.2
16596,Li28,2891.7999999999997
15909,Li28,2891.9
17596,Li28,2892.4
14209,Li28,2893.8999999999996
20264,Li28,2895.1000000000004
15263,Li28,2895.5
17280,Li28,2895.7000000000003
11981,Li28,2895.9
53065,Mi1,2899.0
16545,Li28,2900.4
16033,Li28,2900.7
15019,Li28,2903.7000000000003
19292,Li28,2905.1
16596,Li28,2905.6
23047,Li28,2906.5000000000005
17596,Li28,2906.7000000000003
15909,Li28,2907.1000000000004
20264,Li28,2909.4
15263,Li28,2909.5
14209,Li28,2910.0
17280,Li28,2911.1000000000004
11981,Li28,2912.2000000000003
53065,Mi1,2913.8
16545,Li28,2914.2000000000003
16033,Li28,2914.7000000000003
15019,Li28,2918.3
19292,Li28,2919.9
23047,Li28,2920.3
16596,Li28,2920.5
15909,Li28,2920.7
17596,Li28,2920.8
20264,Li28,2923.4
15263,Li28,2923.6
14209,Li28,2924.2000000000003
17280,Li28,2925.0
11981,Li28,2926.7000000000003
16545,Li28,2927.5
53065,Mi1,2928.1
16033,Li28,2930.2000000000003
15019,Li28,2932.4
17596,Li28,2934.9
16596,Li28,2935.4
19292,Li28,2935.5
23047,Li28,2936.0
15909,Li28,2936.3
20264,Li28,2937.6000000000004
15263,Li28,2938.6
11981,Li28,2939.6
14209,Li28,2940.2
17280,Li28,2940.4
53065,Mi1,2941.8
16545,Li28,2943.3
16033,Li28,2944.2
15019,Li28,2947.3
17596,Li28,2947.7999999999997
16596,Li28,2950.2000000000003
23047,Li28,2950.9
15909,Li28,2950.9
19292,Li28,2951.4
20264,Li28,2951.5
15263,Li28,2952.5
17280,Li28,2954.7000000000003
11981,Li28,2955.0
14209,Li28,2955.1000000000004
16033,Li28,2957.9
53065,Mi1,2958.1
16545,Li28,2959.1000000000004
17596,Li28,2962.1
15019,Li28,2962.2000000000003
15909,Li28,2964.3
16596,Li28,2964.3
23047,Li28,2964.8
19292,Li28,2966.6
15263,Li28,2967.0
20264,Li28,2967.1000000000004
14209,Li28,2969.2000000000003
11981,Li28,2969.7
17280,Li28,2970.0
16033,Li28,2972.3
16545,Li28,2974.1
53065,Mi1,2974.4
15019,Li28,2976.7000000000003
17596,Li28,2977.5
15909,Li28,2979.1000000000004
16596,Li28,2979.3
23047,Li28,2980.4
19292,Li28,2980.9
15263,Li28,2982.2999999999997
20264,Li28,2983.1000000000004
11981,Li28,2984.2
14209,Li28,2984.2
17280,Li28,2984.3
16033,Li28,2987.7000000000003
15019,Li28,2989.6000000000004
16545,Li28,2989.9
17596,Li28,2990.1
53065,Mi1,2990.2999999999997
16596,Li28,2994.4
15909,Li28,2994.5
23047,Li28,2995.0
19292,Li28,2995.7000000000003
15263,Li28,2998.2000000000003
17280,Li28,2998.8
20264,Li28,2999.3
11981,Li28,2999.5
14209,Li28,3000.6
16033,Li28,3003.4
17596,Li28,3004.0
53065,Mi1,3004.1000000000004
15019,Li28,3004.2
16545,Li28,3005.0000000000005
15909,Li28,3007.9
16596,Li28,3008.2
19292,Li28,3009.4
23047,Li28,3011.0
15263,Li28,3013.3
17280,Li28,3013.4
11981,Li28,3014.9
20264,Li28,3015.1000000000004
14209,Li28,3015.8
16033,Li28,3018.2999999999997
17596,Li28,3018.5
15019,Li28,3018.7
16545,Li28,3018.7
53065,Mi1,3019.0
15909,Li28,3022.2000000000003
16596,Li28,3023.6
23047,Li28,3024.1000000000004
19292,Li28,3024.5
15263,Li28,3027.4
17280,Li28,3028.7000000000003
20264,Li28,3029.0000000000005
11981,Li28,3029.4
14209,Li28,3030.6
16033,Li28,3032.1000000000004
17596,Li28,3032.3
15019,Li28,3033.1
16545,Li28,3033.1
53065,Mi1,3033.5
15909,Li28,3037.2000000000003
16596,Li28,3037.3
23047,Li28,3038.6
19292,Li28,3039.3
15263,Li28,3041.1
11981,Li28,3043.0
20264,Li28,3043.4
14209,Li28,3044.7000000000003
17280,Li28,3045.2000000000003
17596,Li28,3046.6
15019,Li28,3046.9
16033,Li28,3047.0
53065,Mi1,3048.9
16545,Li28,3049.1
15909,Li28,3051.8
16596,Li28,3052.3
23047,Li28,3053.6000000000004
19292,Li28,3054.7
20264,Li28,3057.0
11981,Li28,3057.6000000000004
17280,Li28,3058.3
15263,Li28,3058.4
14209,Li28,3060.0
15019,Li28,3061.0
17596,Li28,3061.7
16033,Li28,3062.1
16545,Li28,3063.4
53065,Mi1,3064.3
15909,Li28,3067.0
23047,Li28,3067.5000000000005
16596,Li28,3067.8
19292,Li28,3070.4
11981,Li28,3071.2000000000003
20264,Li28,3072.4
17280,Li28,3072.9
15263,Li28,3073.1
14209,Li28,3073.5
15019,Li28,3075.4
16033,Li28,3077.2
17596,Li28,3077.5
16545,Li28,3077.6000000000004
53065,Mi1,3078.7
15909,Li28,3081.4
16596,Li28,3081.8
23047,Li28,3082.2000000000003
19292,Li28,3084.1000000000004
11981,Li28,3085.0
17280,Li28,3086.8
15263,Li28,3087.4
20264,Li28,3087.5000000000005
14209,Li28,3088.1000000000004
15019,Li28,3089.0
16033,Li28,3090.9
17596,Li28,3091.2000000000003
16545,Li28,3093.5
53065,Mi1,3093.8
15909,Li28,3094.7
23047,Li28,3095.5000000000005
16596,Li28,3096.5
19292,Li28,3098.9
11981,Li28,3099.5000000000005
15263,Li28,3102.0000000000005
17280,Li28,3102.2000000000003
20264,Li28,3102.3
15019,Li28,3102.7
14209,Li28,3102.8
17596,Li28,3106.0000000000005
16033,Li28,3106.2000000000003
53065,Mi1,3108.6
16545,Li28,3108.7999999999997
23047,Li28,3109.5
15909,Li28,3109.6000000000004
16596,Li28,3110.9
11981,Li28,3113.7000000000003
19292,Li28,3114.1
15263,Li28,3116.2
14209,Li28,3116.4
20264,Li28,3117.0
15019,Li28,3117.6000000000004
17280,Li28,3117.6000000000004
17596,Li28,3120.4
16033,Li28,3120.7000000000003
16545,Li28,3122.1
53065,Mi1,3122.1
23047,Li28,3123.9
15909,Li28,3124.3
16596,Li28,3125.4
11981,Li28,3127.6
19292,Li28,3129.0
17280,Li28,3131.2000000000003
14209,Li28,3131.4
20264,Li28,3132.0
15263,Li28,3132.1000000000004
15019,Li28,3133.7000000000003
16545,Li28,3136.2
16033,Li28,3136.4
53065,Mi1,3136.5
17596,Li28,3137.1000000000004
15909,Li28,3138.0000000000005
23047,Li28,3138.2000000000003
16596,Li28,3139.6
11981,Li28,3142.2000000000003
19292,Li28,3144.9
14209,Li28,3145.0
20264,Li28,3146.3
15263,Li28,3146.4
17280,Li28,3146.6000000000004
15019,Li28,3148.7000000000003
15909,Li28,3151.2000000000003
16545,Li28,3151.6
17596,Li28,3151.6
53065,Mi1,3151.7
16033,Li28,3152.0
23047,Li28,3152.0
16596,Li28,3154.7
11981,Li28,3157.0
14209,Li28,3160.5000000000005
17280,Li28,3160.7000000000003
19292,Li28,3161.0
20264,Li28,3161.5
15263,Li28,3162.0000000000005
15019,Li28,3162.7
16033,Li28,3165.7999999999997
15909,Li28,3166.5
17596,Li28,3166.5
53065,Mi1,3166.6000000000004
23047,Li28,3167.2000000000003
16545,Li28,3167.2999999999997
16596,Li28,3168.1000000000004
11981,Li28,3171.4
20264,Li28,3174.9
15263,Li28,3175.9
14209,Li28,3176.1000000000004
19292,Li28,3176.4
15019,Li28,3176.9
17280,Li28,3177.2
16033,Li28,3180.5000000000005
53065,Mi1,3180.5000000000005
17596,Li28,3180.6
15909,Li28,3181.2
23047,Li28,3181.6
16545,Li28,3182.3
16596,Li28,3183.0
11981,Li28,3186.2000000000003
15263,Li28,3189.7999999999997
14209,Li28,3190.0
20264,Li28,3190.0
15019,Li28,3192.4
17280,Li28,3192.5000000000005
19292,Li28,3192.6
16033,Li28,3194.1
23047,Li28,3195.7
15909,Li28,3195.8
17596,Li28,3195.8
53065,Mi1,3196.1
16545,Li28,3197.5
16596,Li28,3198.5
11981,Li28,3200.9
20264,Li28,3204.4
15263,Li28,3205.1000000000004
14209,Li28,3205.4
15019,Li28,3207.5
17280,Li28,3207.7
19292,Li28,3208.6
16033,Li28,3209.6
17596,Li28,3209.7999999999997
23047,Li28,3210.3
53065,Mi1,3210.9
15909,Li28,3211.4
16545,Li28,3211.5
16596,Li28,3213.0
11981,Li28,3216.0
14209,Li28,3219.8
20264,Li28,3220.4
15263,Li28,3220.7000000000003
17280,Li28,3221.9
15019,Li28,3222.5
19292,Li28,3223.1
17596,Li28,3224.2000000000003
16033,Li28,3224.8
53065,Mi1,3225.2
15909,Li28,3225.9
23047,Li28,3226.5
16545,Li28,3226.6000000000004
16596,Li28,3227.4
11981,Li28,3230.2
20264,Li28,3233.7999999999997
14209,Li28,3234.0
15263,Li28,3235.9
17280,Li28,3236.5000000000005
15019,Li28,3236.9
17596,Li28,3238.5
19292,Li28,3239.3
16033,Li28,3239.6000000000004
23047,Li28,3240.2999999999997
53065,Mi1,3240.4
15909,Li28,3241.2
16545,Li28,3241.6
16596,Li28,3241.7999999999997
11981,Li28,3245.0
20264,Li28,3248.5
14209,Li28,3249.5
17280,Li28,3251.2000000000003
15263,Li28,3251.5
15019,Li28,3251.8
16033,Li28,3253.8
17596,Li28,3253.9
19292,Li28,3254.4
16596,Li28,3255.5
15909,Li28,3255.7
23047,Li28,3255.9
53065,Mi1,3256.0
16545,Li28,3256.8
11981,Li28,3259.6000000000004
20264,Li28,3263.1
14209,Li28,3264.7
17280,Li28,3265.1000000000004
15263,Li28,3265.5
15019,Li28,3267.3
16033,Li28,3267.4
16596,Li28,3269.0
17596,Li28,3269.0
19292,Li28,3269.0
15909,Li28,3270.2
23047,Li28,3270.2
16545,Li28,3270.9
53065,Mi1,3271.1
11981,Li28,3274.3
20264,Li28,3277.7000000000003
15263,Li28,3279.3
14209,Li28,3279.6000000000004
17280,Li28,3280.2999999999997
15019,Li28,3282.4
16033,Li28,3282.9
16596,Li28,3284.0
19292,Li28,3284.0
53065,Mi1,3284.6
16545,Li28,3285.0
23047,Li28,3285.1000000000004
15909,Li28,3285.4
17596,Li28,3285.4
11981,Li28,3289.3
20264,Li28,3293.1000000000004
15263,Li28,3293.6
14209,Li28,3294.3
17280,Li28,3295.2000000000003
15019,Li28,3296.1
16033,Li28,3296.6
16596,Li28,3298.5
17596,Li28,3298.9
53065,Mi1,3299.1
19292,Li28,3299.4
16545,Li28,3299.5
23047,Li28,3300.8
15909,Li28,3301.5000000000005
11981,Li28,3304.0
20264,Li28,3307.5
14209,Li28,3308.5
15263,Li28,3309.4
17280,Li28,3310.4
16033,Li28,3310.7999999999997
15019,Li28,3312.6000000000004
16596,Li28,3313.1000000000004
17596,Li28,3313.1000000000004
53065,Mi1,3314.2
19292,Li28,3314.6
16545,Li28,3315.6000000000004
23047,Li28,3316.1
15909,Li28,3316.9
11981,Li28,3317.6
20264,Li28,3321.5000000000005
14209,Li28,3323.5
16033,Li28,3323.7
15263,Li28,3324.6000000000004
17280,Li28,3324.7
16596,Li28,3326.2
15019,Li28,3326.7999999999997
19292,Li28,3328.6000000000004
53065,Mi1,3328.7
17596,Li28,3328.7
23047,Li28,3329.9
15909,Li28,3330.7000000000003
16545,Li28,3330.9
11981,Li28,3331.4
20264,Li28,3335.1
14209,Li28,3338.1000000000004
15263,Li28,3338.2
16033,Li28,3338.6
17280,Li28,3339.9
16596,Li28,3340.6000000000004
15019,Li28,3342.6
53065,Mi1,3342.9
19292,Li28,3343.0
17596,Li28,3344.8
16545,Li28,3345.0
23047,Li28,3345.2000000000003
11981,Li28,3345.6
15909,Li28,3345.9
20264,Li28,3349.2999999999997
16033,Li28,3352.3
14209,Li28,3353.0
15263,Li28,3353.7000000000003
17280,Li28,3354.5
16596,Li28,3355.6000000000004
15019,Li28,3356.9
19292,Li28,3357.4
53065,Mi1,3357.4
16545,Li28,3358.6
23047,Li28,3358.9
17596,Li28,3359.7000000000003
11981,Li28,3360.9
15909,Li28,3360.9
20264,Li28,3363.5
16033,Li28,3366.4
14209,Li28,3367.9
15263,Li28,3368.2000000000003
17280,Li28,3369.8
15019,Li28,3370.5
16596,Li28,3370.7000000000003
19292,Li28,3372.1
53065,Mi1,3372.5
16545,Li28,3372.9
17596,Li28,3373.5
23047,Li28,3374.1000000000004
15909,Li28,3375.8
11981,Li28,3376.4
20264,Li28,3378.1000000000004
16033,Li28,3380.4
14209,Li28,3381.8
15263,Li28,3383.3
17280,Li28,3384.6000000000004
16596,Li28,3384.8
15019,Li28,3385.4
16545,Li28,3387.2
19292,Li28,3387.5
53065,Mi1,3387.6
17596,Li28,3389.7000000000003
23047,Li28,3390.1000000000004
15909,Li28,3390.5
11981,Li28,3391.0
20264,Li28,3394.0
16033,Li28,3394.6
14209,Li28,3397.0
15263,Li28,3397.2000000000003
17280,Li28,3399.1000000000004
15019,Li28,3399.2
16596,Li28,3399.8
53065,Mi1,3402.1000000000004
16545,Li28,3402.4
19292,Li28,3402.5000000000005
17596,Li28,3404.3
23047,Li28,3404.8
15909,Li28,3405.1
11981,Li28,3405.7
20264,Li28,3409.0
16033,Li28,3410.5000000000005
15263,Li28,3411.7999999999997
14209,Li28,3412.3
17280,Li28,3413.1
16596,Li28,3414.1000000000004
15019,Li28,3414.6
53065,Mi1,3416.9
16545,Li28,3417.1
19292,Li28,3417.2000000000003
23047,Li28,3417.7
15909,Li28,3419.1000000000004
17596,Li28,3420.4
11981,Li28,3421.1
20264,Li28,3423.4
16033,Li28,3424.8
14209,Li28,3425.2000000000003
15263,Li28,3426.1000000000004
17280,Li28,3428.4
16596,Li28,3429.8
15019,Li28,3430.6
16545,Li28,3431.1000000000004
19292,Li28,3431.7999999999997
53065,Mi1,3432.1
23047,Li28,3432.2000000000003
15909,Li28,3433.1
17596,Li28,3435.6
11981,Li28,3436.3
20264,Li28,3438.4
14209,Li28,3439.0
16033,Li28,3439.4
15263,Li28,3441.1
17280,Li28,3442.7000000000003
15019,Li28,3444.2000000000003
16596,Li28,3444.4
19292,Li28,3445.9
53065,Mi1,3446.2000000000003
23047,Li28,3446.4
16545,Li28,3446.8
15909,Li28,3447.1000000000004
17596,Li28,3450.6
11981,Li28,3450.9
20264,Li28,3452.6000000000004
14209,Li28,3454.6
16033,Li28,3455.1000000000004
15263,Li28,3455.7000000000003
17280,Li28,3456.7
15019,Li28,3459.1000000000004
53065,Mi1,3459.1000000000004
16596,Li28,3460.2000000000003
19292,Li28,3460.6000000000004
16545,Li28,3461.6000000000004
23047,Li28,3461.8
15909,Li28,3463.4
11981,Li28,3464.8
17596,Li28,3465.3
20264,Li28,3467.0
14209,Li28,3469.0000000000005
17280,Li28,3470.5000000000005
16033,Li28,3470.8
15263,Li28,3471.6
15019,Li28,3472.6000000000004
53065,Mi1,3473.9
16596,Li28,3474.5000000000005
16545,Li28,3474.8
23047,Li28,3475.4
19292,Li28,3475.5
15909,Li28,3478.9
17596,Li28,3480.0
11981,Li28,3480.1
20264,Li28,3482.1
14209,Li28,3483.7000000000003
17280,Li28,3484.0
16033,Li28,3485.2000000000003
15263,Li28,3486.4
15019,Li28,3486.6
16596,Li28,3488.9
53065,Mi1,3489.7
16545,Li28,3489.8
19292,Li28,3489.9
23047,Li28,3490.8
17596,Li28,3492.6000000000004
11981,Li28,3493.9
15909,Li28,3494.6
20264,Li28,3497.3
17280,Li28,3497.6000000000004
14209,Li28,3498.2999999999997
16033,Li28,3499.4
15263,Li28,3501.1
15019,Li28,3502.1
16596,Li28,3503.6
53065,Mi1,3504.0
16545,Li28,3504.5
19292,Li28,3505.0000000000005
23047,Li28,3505.9
17596,Li28,3507.8
15909,Li28,3509.1
11981,Li28,3509.2000000000003
20264,Li28,3511.3
17280,Li28,3512.0
14209,Li28,3513.2000000000003
16033,Li28,3514.0
15263,Li28,3515.3
15019,Li28,3516.9
16596,Li28,3517.5
16545,Li28,3518.4
53065,Mi1,3519.2
19292,Li28,3519.4
23047,Li28,3520.7000000000003
17596,Li28,3521.8
15909,Li28,3523.8
11981,Li28,3524.0
20264,Li28,3525.5
17280,Li28,3527.9
16033,Li28,3528.0
14209,Li28,3528.7000000000003
15263,Li28,3530.2999999999997
15019,Li28,3532.6
16596,Li28,3532.9
53065,Mi1,3533.1
16545,Li28,3533.2000000000003
19292,Li28,3534.4
23047,Li28,3535.5000000000005
17596,Li28,3536.2
11981,Li28,3538.9
15909,Li28,3538.9
20264,Li28,3539.7000000000003
17280,Li28,3542.9
16033,Li28,3543.0
14209,Li28,3543.3
15263,Li28,3546.5
15019,Li28,3546.7
16545,Li28,3547.8
53065,Mi1,3548.0
19292,Li28,3548.6
16596,Li28,3549.4
17596,Li28,3549.6000000000004
23047,Li28,3550.9
15909,Li28,3552.0
11981,Li28,3553.6000000000004
20264,Li28,3555.0
14209,Li28,3556.9
16033,Li28,3557.3
17280,Li28,3558.0
16545,Li28,3560.7000000000003
15263,Li28,3561.9
15019,Li28,3562.0
19292,Li28,3562.7
53065,Mi1,3562.7
17596,Li28,3563.2000000000003
16596,Li28,3564.7000000000003
23047,Li28,3564.7000000000003
15909,Li28,3565.8
11981,Li28,3569.8
20264,Li28,3570.1
14209,Li28,3571.5000000000005
16033,Li28,3571.8
17280,Li28,3573.1
16545,Li28,3574.4
15263,Li28,3575.7000000000003
53065,Mi1,3577.2000000000003
15019,Li28,3577.6000000000004
19292,Li28,3577.6000000000004
17596,Li28,3578.0
16596,Li28,3580.4
23047,Li28,3580.7000000000003
15909,Li28,3581.1
11981,Li28,3583.9
20264,Li28,3584.9
16033,Li28,3585.8
14209,Li28,3586.6000000000004
17280,Li28,3587.8
16545,Li28,3589.0
15263,Li28,3590.9
19292,Li28,3591.5000000000005
53065,Mi1,3591.7000000000003
17596,Li28,3592.5
15019,Li28,3593.2000000000003
16596,Li28,3595.0
23047,Li28,3595.3
15909,Li28,3596.1000000000004
20264,Li28,3598.9
11981,Li28,3599.7000000000003
16033,Li28,3600.9
17280,Li28,3602.3
14209,Li28,3602.8
16545,Li28,3602.8
19292,Li28,3605.9
17596,Li28,3606.7
15263,Li28,3606.8
53065,Mi1,3607.0
15019,Li28,3609.4
15909,Li28,3609.7000000000003
23047,Li28,3610.6000000000004
16596,Li28,3611.9
11981,Li28,3614.6000000000004
20264,Li28,3614.7
16033,Li28,3615.9
17280,Li28,3616.2
16545,Li28,3617.8
14209,Li28,3618.8
17596,Li28,3620.5
53065,Mi1,3621.3
19292,Li28,3621.4
15263,Li28,3621.4
15909,Li28,3624.0
15019,Li28,3624.3
16596,Li28,3626.2000000000003
23047,Li28,3626.5
20264,Li28,3628.5
17280,Li28,3629.9
11981,Li28,3630.5
16033,Li28,3630.5
14209,Li28,3632.7000000000003
16545,Li28,3632.9
17596,Li28,3634.6000000000004
53065,Mi1,3635.2999999999997
19292,Li28,3635.5
15263,Li28,3636.9
15019,Li28,3639.1
15909,Li28,3639.5
16596,Li28,3640.4
23047,Li28,3642.6000000000004
20264,Li28,3643.7000000000003
17280,Li28,3644.7000000000003
11981,Li28,3645.0
16033,Li28,3645.6000000000004
16545,Li28,3647.4
14209,Li28,3647.9
53065,Mi1,3649.3
17596,Li28,3649.6
19292,Li28,3651.1
15263,Li28,3651.7000000000003
15019,Li28,3653.2
15909,Li28,3653.4
16596,Li28,3654.2000000000003
23047,Li28,3656.6
20264,Li28,3659.1
16033,Li28,3659.2000000000003
17280,Li28,3660.2
11981,Li28,3660.4
16545,Li28,3660.5000000000005
14209,Li28,3662.7
17596,Li28,3662.9
53065,Mi1,3664.0
19292,Li28,3664.9
15263,Li28,3665.6
15019,Li28,3667.7
16596,Li28,3668.2000000000003
15909,Li28,3668.6
23047,Li28,3671.2999999999997
20264,Li28,3673.4
16033,Li28,3673.7000000000003
11981,Li28,3674.8
17280,Li28,3674.9
16545,Li28,3675.8
14209,Li28,3676.5000000000005
53065,Mi1,3678.0000000000005
17596,Li28,3678.5
19292,Li28,3678.9
15263,Li28,3679.4
15909,Li28,3682.5
15019,Li28,3683.1
16596,Li28,3684.1000000000004
23047,Li28,3685.7000000000003
20264,Li28,3687.9
16033,Li28,3688.7000000000003
11981,Li28,3689.6
17280,Li28,3690.0000000000005
14209,Li28,3691.0
16545,Li28,3691.8
17596,Li28,3691.9
53065,Mi1,3693.0
19292,Li28,3693.7000000000003
15263,Li28,3695.8
15909,Li28,3697.3
15019,Li28,3698.4
16596,Li28,3698.4
23047,Li28,3699.6000000000004
20264,Li28,3702.9
11981,Li28,3703.1
16033,Li28,3703.6000000000004
14209,Li28,3705.1000000000004
53065,Mi1,3705.7999999999997
17280,Li28,3706.5
17596,Li28,3706.5
16545,Li28,3707.1
19292,Li28,3708.6
15263,Li28,3711.2000000000003
15909,Li28,3711.4
16596,Li28,3712.4
15019,Li28,3712.8
23047,Li28,3713.4
20264,Li28,3717.6
11981,Li28,3718.7
16033,Li28,3719.2000000000003
14209,Li28,3719.5
53065,Mi1,3720.6
17596,Li28,3720.8
17280,Li28,3721.4
16545,Li28,3721.7999999999997
19292,Li28,3723.8
15019,Li28,3726.0
15909,Li28,3726.7000000000003
15263,Li28,3727.3
16596,Li28,3727.3
23047,Li28,3729.0
11981,Li28,3732.7000000000003
16033,Li28,3732.8
20264,Li28,3733.1000000000004
53065,Mi1,3734.6000000000004
14209,Li28,3734.7000000000003
17280,Li28,3735.7
17596,Li28,3736.0
16545,Li28,3736.3
19292,Li28,3737.5
15909,Li28,3741.4
15019,Li28,3741.9
16596,Li28,3741.9
15263,Li28,3742.1
23047,Li28,3743.4
11981,Li28,3747.3
20264,Li28,3747.6000000000004
16033,Li28,3748.4
14209,Li28,3749.5
17596,Li28,3750.8
17280,Li28,3750.9
53065,Mi1,3751.0000000000005
16545,Li28,3751.2000000000003
19292,Li28,3751.3
15909,Li28,3755.8
16596,Li28,3756.4
15019,Li28,3756.9
23047,Li28,3757.6
15263,Li28,3759.0000000000005
11981,Li28,3762.3
20264,Li28,3762.3
16033,Li28,3763.7
14209,Li28,3763.9
16545,Li28,3765.5
17596,Li28,3765.8
19292,Li28,3766.2
53065,Mi1,3766.3
17280,Li28,3766.6000000000004
15909,Li28,3770.3
16596,Li28,3770.3
15263,Li28,3771.6000000000004
23047,Li28,3773.3
15019,Li28,3773.4
20264,Li28,3776.2999999999997
11981,Li28,3778.3
14209,Li28,3778.7000000000003
16033,Li28,3779.4
16545,Li28,3780.0
53065,Mi1,3780.7000000000003
17596,Li28,3780.8
19292,Li28,3781.6
17280,Li28,3781.8
16596,Li28,3784.1
15909,Li28,3784.2000000000003
15263,Li28,3785.7000000000003
15019,Li28,3788.4
23047,Li28,3789.2
20264,Li28,3789.5000000000005
11981,Li28,3792.4
14209,Li28,3793.4
16033,Li28,3793.7000000000003
16545,Li28,3794.2
53065,Mi1,3795.6000000000004
17596,Li28,3795.8
19292,Li28,3796.1
17280,Li28,3797.0
16596,Li28,3798.2
15909,Li28,3799.2000000000003
15263,Li28,3800.6
15019,Li28,3802.5
23047,Li28,3804.4
20264,Li28,3805.2000000000003
11981,Li28,3806.6
16545,Li28,3808.4
14209,Li28,3808.6
17596,Li28,3808.8
16033,Li28,3808.9
53065,Mi1,3809.7000000000003
19292,Li28,3811.0000000000005
17280,Li28,3811.8
16596,Li28,3813.2000000000003
15909,Li28,3813.6
15263,Li28,3815.8
15019,Li28,3817.1000000000004
20264,Li28,3818.9
23047,Li28,3819.9
11981,Li28,3821.9
14209,Li28,3822.4
16545,Li28,3822.4
35405,Mi1,3822.7000000000003
17596,Li28,3823.0000000000005
16033,Li28,3823.4
53065,Mi1,3823.9
34849,Mi1,3825.0
17280,Li28,3826.2
19292,Li28,3826.3
15909,Li28,3827.7
16596,Li28,3828.9
15263,Li28,3831.3
15019,Li28,3832.3
20264,Li28,3832.9
34057,Mi1,3834.0
23047,Li28,3834.2
11981,Li28,3835.0
17596,Li28,3836.8
14209,Li28,3837.0
16545,Li28,3837.8
16033,Li28,3837.8
53065,Mi1,3839.0
36252,Mi1,3839.3
19292,Li28,3840.9
17280,Li28,3842.2
15909,Li28,3842.4
16596,Li28,3842.6
15263,Li28,3844.7
15019,Li28,3847.8
20264,Li28,3848.8
23047,Li28,3849.9
11981,Li28,3850.2
35405,Mi1,3851.3
16545,Li28,3851.8
17596,Li28,3851.8
14209,Li28,3852.0000000000005
16033,Li28,3852.4
53065,Mi1,3853.3
19292,Li28,3854.9
17280,Li28,3855.8
15909,Li28,3857.7000000000003
16596,Li28,3858.0
15263,Li28,3859.2
34849,Mi1,3859.5
15019,Li28,3861.5000000000005
20264,Li28,3864.0000000000005
11981,Li28,3864.3
23047,Li28,3865.7000000000003
17596,Li28,3866.1000000000004
14209,Li28,3866.7999999999997
16545,Li28,3867.1
34057,Mi1,3867.2
16033,Li28,3868.2000000000003
53065,Mi1,3869.7000000000003
17280,Li28,3870.2
19292,Li28,3870.7999999999997
36252,Mi1,3872.4
16596,Li28,3873.8
15909,Li28,3874.1000000000004
15263,Li28,3874.7000000000003
15019,Li28,3875.9
11981,Li28,3878.4
20264,Li28,3879.0
17596,Li28,3879.7000000000003
35405,Mi1,3880.7
23047,Li28,3881.4
14209,Li28,3882.2
16033,Li28,3882.7000000000003
16545,Li28,3883.2
53065,Mi1,3884.8
17280,Li28,3885.1
34849,Mi1,3885.2999999999997
19292,Li28,3886.7000000000003
16596,Li28,3887.8
15909,Li28,3887.9
34057,Mi1,3887.9
15263,Li28,3889.1
15019,Li28,3890.6
36252,Mi1,3893.0
20264,Li28,3893.6
11981,Li28,3894.3
17596,Li28,3894.3
14209,Li28,3896.2000000000003
16545,Li28,3897.2999999999997
16033,Li28,3897.5000000000005
23047,Li28,3897.6
53065,Mi1,3900.0000000000005
19292,Li28,3900.1
17280,Li28,3900.8
15909,Li28,3902.7000000000003
16596,Li28,3902.9
15263,Li28,3902.9
35405,Mi1,3903.1000000000004
34849,Mi1,3904.0000000000005
15019,Li28,3904.7
11981,Li28,3908.4
17596,Li28,3908.4
20264,Li28,3909.2999999999997
34057,Mi1,3909.7000000000003
14209,Li28,3910.5000000000005
23047,Li28,3911.9
16545,Li28,3911.9
16033,Li28,3912.1
53065,Mi1,3913.7000000000003
19292,Li28,3914.2
36252,Mi1,3914.2
17280,Li28,3915.1000000000004
15263,Li28,3917.7000000000003
15909,Li28,3917.7000000000003
16596,Li28,3918.4
15019,Li28,3918.6
35405,Mi1,3920.9
11981,Li28,3922.7000000000003
17596,Li28,3923.0
20264,Li28,3924.7
34849,Mi1,3924.7
14209,Li28,3925.0
16545,Li28,3925.6
16033,Li28,3926.6
23047,Li28,3926.7000000000003
53065,Mi1,3927.2
17280,Li28,3929.1
19292,Li28,3929.1
34057,Mi1,3929.8
16596,Li28,3932.2000000000003
15263,Li28,3932.5
15019,Li28,3932.6000000000004
36252,Mi1,3933.5
15909,Li28,3933.9
11981,Li28,3936.3
17596,Li28,3937.7
35405,Mi1,3938.6
20264,Li28,3939.5
16033,Li28,3940.2000000000003
14209,Li28,3940.8
16545,Li28,3940.9
23047,Li28,3941.1
53065,Mi1,3942.0
34849,Mi1,3943.4
17280,Li28,3943.7000000000003
19292,Li28,3945.4
15263,Li28,3945.8
15019,Li28,3947.5
16596,Li28,3947.5
15909,Li28,3948.6000000000004
34057,Mi1,3949.6000000000004
36252,Mi1,3950.5000000000005
17596,Li28,3950.6
11981,Li28,3951.2
20264,Li28,3954.6
14209,Li28,3954.7000000000003
16033,Li28,3955.3
23047,Li28,3955.3
35405,Mi1,3955.7999999999997
16545,Li28,3956.2000000000003
53065,Mi1,3957.0
17280,Li28,3957.5
19292,Li28,3960.5
34849,Mi1,3960.7
15263,Li28,3961.5
15019,Li28,3962.3
16596,Li28,3962.3
15909,Li28,3964.0
17596,Li28,3964.0
11981,Li28,3966.3
36252,Mi1,3967.3
34057,Mi1,3967.7000000000003
16033,Li28,3968.8
20264,Li28,3969.9
23047,Li28,3970.3
14209,Li28,3970.6
16545,Li28,3970.8
17280,Li28,3971.9
53065,Mi1,3972.2000000000003
35405,Mi1,3973.3
15263,Li28,3975.7000000000003
15019,Li28,3976.4
19292,Li28,3976.8
16596,Li28,3977.0000000000005
34849,Mi1,3978.1
17596,Li28,3978.7000000000003
15909,Li28,3979.3
11981,Li28,3981.5
36252,Mi1,3983.6
16033,Li28,3983.7999999999997
14209,Li28,3984.6000000000004
34057,Mi1,3984.6000000000004
23047,Li28,3985.7
20264,Li28,3985.9
53065,Mi1,3986.5000000000005
16545,Li28,3986.7000000000003
17280,Li28,3986.9
35405,Mi1,3989.4
15263,Li28,3990.0
16596,Li28,3990.9
15019,Li28,3991.7000000000003
19292,Li28,3991.7999999999997
17596,Li28,3993.2000000000003
34849,Mi1,3993.8
15909,Li28,3994.8
11981,Li28,3996.0
14209,Li28,3997.4
36252,Mi1,3998.3
16033,Li28,3998.7000000000003
53065,Mi1,3999.7000000000003
23047,Li28,3999.7999999999997
20264,Li28,3999.9
16545,Li28,4000.4
17280,Li28,4000.6000000000004
34057,Mi1,4000.7000000000003
35405,Mi1,4004.7000000000007
15263,Li28,4005.3
16596,Li28,4005.5000000000005
19292,Li28,4006.8999999999996
15019,Li28,4007.0000000000005
34849,Mi1,4008.6000000000004
15909,Li28,4008.9000000000005
11981,Li28,4009.2
17596,Li28,4009.9999999999995
14209,Li28,4011.8999999999996
16033,Li28,4012.8
36252,Mi1,4013.1000000000004
53065,Mi1,4013.9000000000005
20264,Li28,4014.3
17280,Li28,4014.8
16545,Li28,4014.8999999999996
23047,Li28,4015.4000000000005
34057,Mi1,4016.3
16596,Li28,4019.8
35405,Mi1,4019.8999999999996
15263,Li28,4020.1000000000004
15019,Li28,4021.7999999999997
19292,Li28,4022.2
15909,Li28,4023.6
11981,Li28,4024.1
34849,Mi1,4025.1
17596,Li28,4026.2000000000003
14209,Li28,4026.2999999999997
16033,Li28,4026.3999999999996
53065,Mi1,4028.2
16545,Li28,4028.6
20264,Li28,4028.6
36252,Mi1,4028.6
23047,Li28,4030.0
17280,Li28,4030.1
34057,Mi1,4032.4
15263,Li28,4034.6
16596,Li28,4034.6
35405,Mi1,4035.2000000000003
19292,Li28,4037.1000000000004
15019,Li28,4037.3999999999996
15909,Li28,4037.9000000000005
11981,Li28,4038.2
34849,Mi1,4039.6
17596,Li28,4040.1
14209,Li28,4041.4
16033,Li28,4042.5000000000005
16545,Li28,4042.9
20264,Li28,4043.0
53065,Mi1,4043.6000000000004
17280,Li28,4044.2
36252,Mi1,4044.2
23047,Li28,4045.6000000000004
34057,Mi1,4046.3
15263,Li28,4048.7000000000003
16596,Li28,4049.0000000000005
35405,Mi1,4049.9
19292,Li28,4051.0
15019,Li28,4051.5
15909,Li28,4052.2
11981,Li28,4052.7000000000007
17596,Li28,4054.8
14209,Li28,4055.8000000000006
34849,Mi1,4056.2000000000003
16033,Li28,4057.3000000000006
20264,Li28,4058.2000000000003
17280,Li28,4058.2000000000003
16545,Li28,4058.2999999999997
36252,Mi1,4059.2000000000007
53065,Mi1,4059.2000000000007
23047,Li28,4060.6
34057,Mi1,4061.0
15263,Li28,4063.0000000000005
16596,Li28,4063.7
19292,Li28,4065.2
15019,Li28,4065.6
35405,Mi1,4067.0
15909,Li28,4067.1
11981,Li28,4067.8
17596,Li28,4068.4000000000005
14209,Li28,4070.3
34849,Mi1,4071.8000000000006
16033,Li28,4072.1
16545,Li28,4072.7000000000003
20264,Li28,4073.0000000000005
53065,Mi1,4073.2
17280,Li28,4073.3000000000006
36252,Mi1,4073.9
23047,Li28,4075.1
34057,Mi1,4075.6000000000004
15263,Li28,4077.9000000000005
16596,Li28,4078.9
19292,Li28,4079.2999999999997
35405,Mi1,4080.9000000000005
15019,Li28,4081.0000000000005
11981,Li28,4082.5000000000005
17596,Li28,4083.7000000000003
15909,Li28,4083.8999999999996
14209,Li28,4084.0000000000005
34849,Mi1,4087.1000000000004
16033,Li28,4087.9
16545,Li28,4088.1
20264,Li28,4088.4
17280,Li28,4088.6000000000004
53065,Mi1,4089.0000000000005
34057,Mi1,4089.1
36252,Mi1,4090.0
23047,Li28,4091.1
15263,Li28,4092.5
16596,Li28,4094.6
19292,Li28,4094.9
15019,Li28,4095.7
35405,Mi1,4095.8000000000006
11981,Li28,4097.599999999999
14209,Li28,4098.2
15909,Li28,4098.6
17596,Li28,4098.799999999999
34849,Mi1,4101.7
16545,Li28,4103.5
17280,Li28,4103.6
16033,Li28,4103.8
20264,Li28,4103.900000000001
53065,Mi1,4104.099999999999
36252,Mi1,4104.6
34057,Mi1,4104.6
23047,Li28,4105.3
15263,Li28,4108.8
16596,Li28,4109.6
15019,Li28,4109.900000000001
19292,Li28,4110.1
35405,Mi1,4110.5
11981,Li28,4111.3
14209,Li28,4112.8
15909,Li28,4112.8
17596,Li28,4114.1
16545,Li28,4117.6
34849,Mi1,4117.7
53065,Mi1,4117.900000000001
17280,Li28,4118.1
20264,Li28,4118.3
36252,Mi1,4118.5
16033,Li28,4119.2
34057,Mi1,4119.400000000001
23047,Li28,4120.8
16596,Li28,4123.9
15263,Li28,4124.2
35405,Mi1,4125.0
19292,Li28,4125.200000000001
15019,Li28,4125.500000000001
11981,Li28,4126.0
14209,Li28,4126.5
17596,Li28,4128.5
15909,Li28,4129.400000000001
16545,Li28,4131.700000000001
34849,Mi1,4131.9
17280,Li28,4132.5
36252,Mi1,4132.7
53065,Mi1,4132.900000000001
16033,Li28,4133.0
34057,Mi1,4133.200000000001
20264,Li28,4133.4
23047,Li28,4135.5
15263,Li28,4138.1
16596,Li28,4138.900000000001
15019,Li28,4140.2
19292,Li28,4140.6
35405,Mi1,4140.8
14209,Li28,4141.8
17596,Li28,4142.1
11981,Li28,4142.3
15909,Li28,4144.6
16545,Li28,4146.0
17280,Li28,4146.4
34849,Mi1,4146.8
53065,Mi1,4147.3
20264,Li28,4147.5
16033,Li28,4147.8
34057,Mi1,4147.8
36252,Mi1,4148.8
23047,Li28,4150.599999999999
15263,Li28,4152.4
16596,Li28,4153.299999999999
15019,Li28,4153.8
35405,Mi1,4155.1
11981,Li28,4155.9
19292,Li28,4155.9
14209,Li28,4156.5
17596,Li28,4156.7
15909,Li28,4158.5
16545,Li28,4161.1
17280,Li28,4161.700000000001
34849,Mi1,4162.1
53065,Mi1,4162.2
20264,Li28,4162.6
36252,Mi1,4162.900000000001
16033,Li28,4163.5
34057,Mi1,4163.5
23047,Li28,4165.5
15263,Li28,4167.4
15019,Li28,4167.8
35405,Mi1,4169.2
16596,Li28,4169.5
14209,Li28,4170.6
19292,Li28,4170.8
11981,Li28,4171.0
17596,Li28,4172.400000000001
15909,Li28,4172.7
16545,Li28,4174.700000000001
34849,Mi1,4176.099999999999
20264,Li28,4176.4
53065,Mi1,4176.5
17280,Li28,4176.6
36252,Mi1,4177.0
34057,Mi1,4178.4
16033,Li28,4178.500000000001
23047,Li28,4180.5
15019,Li28,4182.1
15263,Li28,4182.2
35405,Mi1,4183.5
71052,T2a,4184.0
16596,Li28,4184.200000000001
14209,Li28,4185.599999999999
19292,Li28,4185.8
15909,Li28,4186.1
11981,Li28,4186.500000000001
17596,Li28,4187.5
16545,Li28,4189.4
36252,Mi1,4190.9
34849,Mi1,4190.9
20264,Li28,4191.1
53065,Mi1,4191.1
17280,Li28,4192.099999999999
16033,Li28,4192.3
34057,Mi1,4193.400000000001
23047,Li28,4194.4
15019,Li28,4195.5
15263,Li28,4197.200000000001
35405,Mi1,4198.1
16596,Li28,4198.8
14209,Li28,4199.3
19292,Li28,4199.900000000001
11981,Li28,4201.299999999999
17596,Li28,4201.400000000001
15909,Li28,4202.6
36252,Mi1,4205.3
16545,Li28,4205.7
34849,Mi1,4205.7
53065,Mi1,4206.1
20264,Li28,4206.400000000001
17280,Li28,4207.1
34057,Mi1,4207.1
16033,Li28,4208.099999999999
23047,Li28,4208.6
15019,Li28,4210.500000000001
15263,Li28,4211.5
35405,Mi1,4213.200000000001
14209,Li28,4214.400000000001
16596,Li28,4214.400000000001
17596,Li28,4215.5
19292,Li28,4215.7
11981,Li28,4218.1
15909,Li28,4218.1
53065,Mi1,4218.500000000001
16545,Li28,4219.2
36252,Mi1,4220.5
20264,Li28,4220.7
34849,Mi1,4220.8
34057,Mi1,4221.7
17280,Li28,4222.400000000001
16033,Li28,4223.0
23047,Li28,4223.5
15019,Li28,4225.6
35405,Mi1,4227.2
15263,Li28,4227.3
14209,Li28,4228.2
16596,Li28,4230.599999999999
17596,Li28,4231.0
19292,Li28,4231.5
53065,Mi1,4232.8
11981,Li28,4233.1
15909,Li28,4233.3
16545,Li28,4234.1
34849,Mi1,4235.2
36252,Mi1,4235.2
20264,Li28,4235.3
34057,Mi1,4236.3
16033,Li28,4236.6
17280,Li28,4236.8
23047,Li28,4237.4
15019,Li28,4239.799999999999
35405,Mi1,4241.6
15263,Li28,4241.900000000001
14209,Li28,4243.9
17596,Li28,4245.200000000001
16596,Li28,4246.5
19292,Li28,4246.700000000001
11981,Li28,4248.6
53065,Mi1,4248.8
36252,Mi1,4249.1
15909,Li28,4249.3
16545,Li28,4249.400000000001
34849,Mi1,4249.400000000001
20264,Li28,4249.8
34057,Mi1,4250.900000000001
17280,Li28,4252.0
23047,Li28,4252.3
16033,Li28,4252.6
15019,Li28,4253.9
35405,Mi1,4255.6
15263,Li28,4256.9
14209,Li28,4258.8
19292,Li28,4260.3
17596,Li28,4260.5
16596,Li28,4261.0
15909,Li28,4263.3
36252,Mi1,4263.4
11981,Li28,4263.6
53065,Mi1,4263.7
16545,Li28,4264.0
34849,Mi1,4264.0
20264,Li28,4265.000000000001
34057,Mi1,4265.5
23047,Li28,4266.7
16033,Li28,4267.3
15019,Li28,4267.400000000001
17280,Li28,4267.400000000001
35405,Mi1,4269.6
15263,Li28,4272.8
14209,Li28,4272.9
19292,Li28,4275.2
17596,Li28,4276.2
16596,Li28,4276.400000000001
36252,Mi1,4277.5
16545,Li28,4277.7
53065,Mi1,4278.1
11981,Li28,4278.400000000001
34849,Mi1,4278.400000000001
15909,Li28,4278.5
20264,Li28,4279.1
34057,Mi1,4280.6
23047,Li28,4280.9
15019,Li28,4281.2
16033,Li28,4281.8
35405,Mi1,4283.400000000001
17280,Li28,4284.1
14209,Li28,4287.0
15263,Li28,4287.1
19292,Li28,4289.000000000001
16596,Li28,4290.6
17596,Li28,4290.900000000001
36252,Mi1,4291.400000000001
34849,Mi1,4291.8
16545,Li28,4291.9
53065,Mi1,4292.900000000001
34057,Mi1,4293.099999999999
15909,Li28,4293.6
11981,Li28,4294.2
20264,Li28,4294.700000000001
16033,Li28,4295.7
23047,Li28,4295.900000000001
15019,Li28,4296.0
17280,Li28,4297.900000000001
35405,Mi1,4298.5
71052,T2a,4298.8
14209,Li28,4301.200000000001
15263,Li28,4301.200000000001
19292,Li28,4303.4
16596,Li28,4304.3
17596,Li28,4304.8
34849,Mi1,4305.3
53065,Mi1,4306.7
36252,Mi1,4307.2
16545,Li28,4307.400000000001
11981,Li28,4308.4
34057,Mi1,4308.4
15909,Li28,4309.5
20264,Li28,4309.5
23047,Li28,4309.8
16033,Li28,4310.9
15019,Li28,4311.4
17280,Li28,4312.700000000001
35405,Mi1,4313.3
15263,Li28,4315.8
14209,Li28,4317.0
19292,Li28,4317.4
34849,Mi1,4319.0
17596,Li28,4320.0
16596,Li28,4321.000000000001
36252,Mi1,4322.099999999999
11981,Li28,4322.5
53065,Mi1,4322.6
16545,Li28,4322.6
20264,Li28,4323.5
34057,Mi1,4323.599999999999
15909,Li28,4324.0
23047,Li28,4325.200000000001
16033,Li28,4325.8
15019,Li28,4326.299999999999
17280,Li28,4328.0
35405,Mi1,4329.000000000001
15263,Li28,4331.1
14209,Li28,4331.8
19292,Li28,4332.1
34849,Mi1,4334.2
17596,Li28,4334.5
16596,Li28,4335.8
53065,Mi1,4336.400000000001
36252,Mi1,4336.5
11981,Li28,4337.1
20264,Li28,4337.5
16545,Li28,4338.3
34057,Mi1,4339.0
15909,Li28,4339.5
16033,Li28,4340.2
23047,Li28,4340.5
15019,Li28,4340.7
17280,Li28,4341.8
35405,Mi1,4343.4
14209,Li28,4346.099999999999
15263,Li28,4346.3
19292,Li28,4346.5
17596,Li28,4348.5
34849,Mi1,4348.5
16596,Li28,4350.3
36252,Mi1,4351.3
11981,Li28,4351.6
53065,Mi1,4352.0
16545,Li28,4352.9
15909,Li28,4353.5
34057,Mi1,4353.7
20264,Li28,4354.0
16033,Li28,4355.5
23047,Li28,4355.599999999999
15019,Li28,4356.6
17280,Li28,4356.6
35405,Mi1,4358.400000000001
19292,Li28,4360.400000000001
14209,Li28,4360.5
15263,Li28,4360.700000000001
17596,Li28,4362.200000000001
34849,Mi1,4362.3
16596,Li28,4365.3
36252,Mi1,4365.4
11981,Li28,4366.400000000001
53065,Mi1,4367.200000000001
16545,Li28,4367.6
20264,Li28,4367.900000000001
15909,Li28,4368.0
34057,Mi1,4368.700000000001
16033,Li28,4369.7
17280,Li28,4370.5
23047,Li28,4370.6
15019,Li28,4371.700000000001
35405,Mi1,4372.900000000001
14209,Li28,4374.8
15263,Li28,4374.900000000001
19292,Li28,4375.0
34849,Mi1,4376.599999999999
17596,Li28,4377.1
16596,Li28,4379.5
11981,Li28,4380.7
36252,Mi1,4380.799999999999
53065,Mi1,4381.6
16545,Li28,4381.9
15909,Li28,4383.4
20264,Li28,4383.7
17280,Li28,4384.9
34057,Mi1,4384.9
16033,Li28,4385.1
23047,Li28,4385.400000000001
15019,Li28,4386.6
35405,Mi1,4388.1
14209,Li28,4389.3
15263,Li28,4390.1
19292,Li28,4390.400000000001
34849,Mi1,4390.400000000001
17596,Li28,4392.2
36252,Mi1,4395.5
16596,Li28,4395.599999999999
16545,Li28,4396.4
11981,Li28,4396.5
15909,Li28,4397.3
20264,Li28,4397.6
53065,Mi1,4397.700000000001
34057,Mi1,4399.4
17280,Li28,4399.4
16033,Li28,4400.700000000001
23047,Li28,4400.8
35405,Mi1,4402.3
15019,Li28,4402.5
34849,Mi1,4403.2
14209,Li28,4404.2
15263,Li28,4405.0
17596,Li28,4405.3
19292,Li28,4405.3
16596,Li28,4409.900000000001
16545,Li28,4410.8
36252,Mi1,4410.9
15909,Li28,4411.8
11981,Li28,4411.9
20264,Li28,4411.9
53065,Mi1,4413.5
17280,Li28,4413.9
16033,Li28,4414.3
34057,Mi1,4414.7
23047,Li28,4415.900000000001
35405,Mi1,4416.5
34849,Mi1,4417.3
15019,Li28,4417.4
14209,Li28,4418.5
19292,Li28,4419.599999999999
17596,Li28,4419.9
15263,Li28,4420.900000000001
16596,Li28,4424.3
16545,Li28,4425.7
36252,Mi1,4425.7
15909,Li28,4425.900000000001
20264,Li28,4425.900000000001
11981,Li28,4427.0
16033,Li28,4428.3
53065,Mi1,4429.1
34057,Mi1,4429.2
17280,Li28,4429.700000000001
23047,Li28,4430.400000000001
35405,Mi1,4431.4
34849,Mi1,4432.400000000001
15019,Li28,4433.2
14209,Li28,4433.4
17596,Li28,4434.8
19292,Li28,4435.400000000001
15263,Li28,4436.4
71052,T2a,4438.000000000001
36252,Mi1,4439.5
16545,Li28,4439.6
16596,Li28,4439.6
11981,Li28,4440.599999999999
15909,Li28,4440.9
20264,Li28,4441.0
16033,Li28,4441.3
34057,Mi1,4442.3
17280,Li28,4443.9
53065,Mi1,4444.1
23047,Li28,4445.1
35405,Mi1,4445.8
34849,Mi1,4446.000000000001
15019,Li28,4447.5
14209,Li28,4447.8
19292,Li28,4449.7
17596,Li28,4450.7
15263,Li28,4451.299999999999
36252,Mi1,4453.8
16596,Li28,4454.8
20264,Li28,4455.0
16033,Li28,4455.4
15909,Li28,4456.1
11981,Li28,4456.599999999999
16545,Li28,4457.0
34057,Mi1,4457.4
53065,Mi1,4458.9
17280,Li28,4459.400000000001
23047,Li28,4459.7
34849,Mi1,4459.8
35405,Mi1,4459.8
14209,Li28,4461.5
15019,Li28,4461.5
19292,Li28,4463.6
17596,Li28,4465.1
15263,Li28,4467.400000000001
36252,Mi1,4468.3
16033,Li28,4469.1
16596,Li28,4469.5
15909,Li28,4470.8
11981,Li28,4471.4
20264,Li28,4471.7
34057,Mi1,4471.8
16545,Li28,4472.5
53065,Mi1,4473.1
17280,Li28,4473.3
35405,Mi1,4473.4
23047,Li28,4473.5
14209,Li28,4475.900000000001
34849,Mi1,4476.200000000001
19292,Li28,4477.700000000001
15019,Li28,4478.400000000001
17596,Li28,4479.4
33462,Mi1,4481.0
15263,Li28,4481.3
36252,Mi1,4484.4
16596,Li28,4484.7
16033,Li28,4484.7
15909,Li28,4485.599999999999
11981,Li28,4485.9
34057,Mi1,4486.2
20264,Li28,4486.3
16545,Li28,4487.4
17280,Li28,4487.8
35405,Mi1,4487.9
23047,Li28,4488.3
53065,Mi1,4488.700000000001
34849,Mi1,4490.3
14209,Li28,4491.5
19292,Li28,4492.0
15019,Li28,4492.6
17596,Li28,4494.5
71052,T2a,4494.900000000001
15263,Li28,4496.0
33907,Mi1,4496.8
16033,Li28,4499.1
36252,Mi1,4499.2
16596,Li28,4499.3
15909,Li28,4500.200000000001
20264,Li28,4500.3
34057,Mi1,4500.7
16545,Li28,4501.1
51122,Mi1,4501.3
11981,Li28,4501.400000000001
17280,Li28,4501.400000000001
53065,Mi1,4501.8
35405,Mi1,4502.1
23047,Li28,4503.099999999999
34849,Mi1,4504.3
14209,Li28,4505.6
19292,Li28,4506.3
35498,Mi1,4506.6
15019,Li28,4507.5
17596,Li28,4509.700000000001
15263,Li28,4510.5
33462,Mi1,4510.8
16033,Li28,4513.3
15909,Li28,4514.099999999999
16596,Li28,4514.200000000001
20264,Li28,4514.5
36252,Mi1,4515.000000000001
16545,Li28,4515.1
34057,Mi1,4515.900000000001
17280,Li28,4516.099999999999
53065,Mi1,4516.099999999999
35405,Mi1,4516.6
11981,Li28,4516.7
23047,Li28,4518.3
34849,Mi1,4519.200000000001
14209,Li28,4519.6
15019,Li28,4521.1
19292,Li28,4521.4
17596,Li28,4524.500000000001
15263,Li28,4524.8
33907,Mi1,4527.3
20264,Li28,4527.7
16033,Li28,4528.400000000001
15909,Li28,4528.9
36252,Mi1,4529.1
16596,Li28,4529.4
16545,Li28,4530.400000000001
53065,Mi1,4530.700000000001
17280,Li28,4531.8
11981,Li28,4532.0
34057,Mi1,4532.099999999999
35405,Mi1,4532.4
51122,Mi1,4532.4
23047,Li28,4533.400000000001
34849,Mi1,4534.1
14209,Li28,4534.1
35498,Mi1,4534.2
19292,Li28,4535.7
15019,Li28,4535.8
33462,Mi1,4536.0
15263,Li28,4538.9
17596,Li28,4539.6
20264,Li28,4541.5
16033,Li28,4542.7
15909,Li28,4542.8
36252,Mi1,4542.900000000001
16596,Li28,4544.299999999999
53065,Mi1,4545.0
16545,Li28,4545.7
17280,Li28,4546.2
34057,Mi1,4547.3
11981,Li28,4547.6
35405,Mi1,4548.8
34849,Mi1,4549.0
15019,Li28,4549.8
14209,Li28,4550.1
23047,Li28,4550.1
33907,Mi1,4550.8
19292,Li28,4551.6
17596,Li28,4552.9
15263,Li28,4553.0
35498,Mi1,4554.5
20264,Li28,4556.099999999999
33462,Mi1,4556.3
15909,Li28,4557.1
16033,Li28,4558.3
36252,Mi1,4558.8
51122,Mi1,4559.5
16596,Li28,4559.8
53065,Mi1,4559.9
16545,Li28,4561.3
17280,Li28,4562.2
34057,Mi1,4562.8
35405,Mi1,4563.6
11981,Li28,4563.8
34849,Mi1,4564.6
15019,Li28,4564.7
23047,Li28,4564.8
14209,Li28,4564.900000000001
17596,Li28,4566.7
15263,Li28,4567.7
71052,T2a,4568.1
19292,Li28,4568.9
33907,Mi1,4570.2
20264,Li28,4572.0
15909,Li28,4572.099999999999
16033,Li28,4572.6
36252,Mi1,4573.2
53065,Mi1,4573.599999999999
35498,Mi1,4574.5
16545,Li28,4574.7
16596,Li28,4574.8
33462,Mi1,4576.700000000001
51122,Mi1,4577.900000000001
17280,Li28,4577.900000000001
34057,Mi1,4578.3
35405,Mi1,4578.3
11981,Li28,4578.400000000001
15019,Li28,4578.400000000001
34849,Mi1,4578.700000000001
14209,Li28,4579.5
23047,Li28,4580.3
17596,Li28,4581.700000000001
15263,Li28,4582.6
19292,Li28,4583.9
15909,Li28,4585.900000000001
16033,Li28,4587.2
36252,Mi1,4587.7
20264,Li28,4587.8
33907,Mi1,4588.099999999999
16596,Li28,4588.3
53065,Mi1,4588.4
16545,Li28,4589.700000000001
11981,Li28,4592.2
33462,Mi1,4592.2
17280,Li28,4592.6
34057,Mi1,4593.1
15019,Li28,4593.1
34849,Mi1,4593.200000000001
35405,Mi1,4593.200000000001
35498,Mi1,4593.4
14209,Li28,4593.6
51122,Mi1,4594.9
23047,Li28,4596.0
17596,Li28,4596.6
19292,Li28,4597.599999999999
15263,Li28,4598.0
15909,Li28,4600.900000000001
16596,Li28,4601.200000000001
20264,Li28,4601.4
36252,Mi1,4602.1
53065,Mi1,4602.599999999999
33907,Mi1,4602.8
16033,Li28,4603.2
16545,Li28,4605.2
11981,Li28,4605.8
17280,Li28,4606.3
15019,Li28,4606.5
34057,Mi1,4606.7
33462,Mi1,4607.5
118924,Tm3,4607.8
14209,Li28,4608.3
34849,Mi1,4608.400000000001
35405,Mi1,4608.6
35498,Mi1,4609.3
17596,Li28,4610.599999999999
51122,Mi1,4610.599999999999
23047,Li28,4610.9
19292,Li28,4612.200000000001
15263,Li28,4613.400000000001
532850,Tm3,4613.400000000001
73828,Tm3,4614.3
15909,Li28,4615.3
20264,Li28,4615.5
53065,Mi1,4616.0
36252,Mi1,4616.3
16596,Li28,4616.8
16033,Li28,4617.3
92114,T4c,4617.500000000001
99922,T4c,4618.3
103479,T4c,4618.8
11981,Li28,4619.000000000001
33907,Mi1,4619.400000000001
34057,Mi1,4620.0
15019,Li28,4620.3
16545,Li28,4620.5
17280,Li28,4621.400000000001
33462,Mi1,4622.2
34849,Mi1,4622.6
14209,Li28,4623.099999999999
35405,Mi1,4623.099999999999
35498,Mi1,4624.000000000001
51122,Mi1,4625.0
23047,Li28,4625.4
93566,T4a,4625.7
17596,Li28,4626.0
19292,Li28,4627.400000000001
15263,Li28,4628.0
71052,T2a,4628.200000000001
15909,Li28,4629.400000000001
20264,Li28,4630.5
53065,Mi1,4630.7
16596,Li28,4631.099999999999
36252,Mi1,4631.099999999999
16033,Li28,4631.700000000001
99663,T4c,4632.1
15019,Li28,4634.2
11981,Li28,4634.700000000001
16545,Li28,4634.8
34057,Mi1,4635.2
33907,Mi1,4635.3
17280,Li28,4636.200000000001
33462,Mi1,4636.7
34849,Mi1,4637.0
35405,Mi1,4637.9
14209,Li28,4638.1
23047,Li28,4639.700000000001
35498,Mi1,4639.9
51122,Mi1,4640.2
76325,T2a,4640.3
17596,Li28,4641.0
19292,Li28,4642.2
15263,Li28,4642.9
15909,Li28,4644.200000000001
53065,Mi1,4644.9
20264,Li28,4645.400000000001
16596,Li28,4645.5
36252,Mi1,4645.599999999999
16033,Li28,4647.0
15019,Li28,4648.3
16545,Li28,4649.099999999999
11981,Li28,4649.7
34057,Mi1,4649.900000000001
33907,Mi1,4650.400000000001
17280,Li28,4650.599999999999
34849,Mi1,4651.2
33462,Mi1,4651.6
14209,Li28,4651.8
35405,Mi1,4652.7
35498,Mi1,4653.9
23047,Li28,4655.1
51122,Mi1,4655.400000000001
17596,Li28,4655.8
19292,Li28,4655.9
53065,Mi1,4658.5
15263,Li28,4658.700000000001
15909,Li28,4659.0
36252,Mi1,4660.0
16596,Li28,4660.8
20264,Li28,4661.2
16033,Li28,4661.700000000001
15019,Li28,4662.6
16545,Li28,4663.6
11981,Li28,4664.000000000001
34849,Mi1,4664.400000000001
34057,Mi1,4664.900000000001
118924,Tm3,4665.0
17280,Li28,4665.200000000001
33907,Mi1,4665.7
33462,Mi1,4666.1
14209,Li28,4666.8
35405,Mi1,4667.3
35498,Mi1,4668.6
92114,T4c,4668.7
23047,Li28,4669.1
51122,Mi1,4670.2
532850,Tm3,4670.2
17596,Li28,4671.400000000001
19292,Li28,4671.5
15909,Li28,4672.8
53065,Mi1,4673.200000000001
15263,Li28,4674.1
36252,Mi1,4674.400000000001
16596,Li28,4674.599999999999
16033,Li28,4675.8
20264,Li28,4676.8
15019,Li28,4677.400000000001
34849,Mi1,4678.1
11981,Li28,4678.2
34057,Mi1,4679.9
16545,Li28,4680.1
33462,Mi1,4680.2
33907,Mi1,4680.3
17280,Li28,4680.400000000001
14209,Li28,4681.200000000001
35405,Mi1,4681.4
35498,Mi1,4681.900000000001
51122,Mi1,4683.1
23047,Li28,4684.200000000001
83365,T2a,4685.9
99663,T4c,4686.0
19292,Li28,4686.3
15909,Li28,4686.500000000001
17596,Li28,4686.6
53065,Mi1,4687.8
16596,Li28,4688.900000000001
36252,Mi1,4689.099999999999
15263,Li28,4689.200000000001
16033,Li28,4690.0
20264,Li28,4690.9
11981,Li28,4692.200000000001
15019,Li28,4692.200000000001
34849,Mi1,4693.2
33462,Mi1,4694.1
16545,Li28,4694.8
33907,Mi1,4695.0
35405,Mi1,4695.0
34057,Mi1,4695.2
35498,Mi1,4695.9
17280,Li28,4696.400000000001
14209,Li28,4696.6
51122,Mi1,4697.4
23047,Li28,4698.5
71052,T2a,4700.200000000001
15909,Li28,4701.0
19292,Li28,4701.299999999999
17596,Li28,4701.400000000001
53065,Mi1,4702.3
15263,Li28,4703.8
16596,Li28,4703.9
36252,Mi1,4704.2
16033,Li28,4705.4
34849,Mi1,4705.6
20264,Li28,4706.1
11981,Li28,4707.6
15019,Li28,4707.6
16545,Li28,4708.8
35405,Mi1,4709.1
33907,Mi1,4709.2
35498,Mi1,4709.400000000001
33462,Mi1,4709.700000000001
34057,Mi1,4710.0
14209,Li28,4711.0
17280,Li28,4711.2
51122,Mi1,4712.6
23047,Li28,4713.5
17596,Li28,4714.9
19292,Li28,4716.0
15909,Li28,4716.5
53065,Mi1,4717.8
36252,Mi1,4717.900000000001
16596,Li28,4718.3
15263,Li28,4719.0
34849,Mi1,4719.400000000001
118924,Tm3,4721.0
20264,Li28,4721.200000000001
16033,Li28,4721.3
15019,Li28,4722.400000000001
11981,Li28,4722.8
16545,Li28,4723.4
33907,Mi1,4724.200000000001
35498,Mi1,4724.7
33462,Mi1,4724.8
35405,Mi1,4724.9
34057,Mi1,4725.900000000001
51122,Mi1,4725.900000000001
14209,Li28,4726.1
17280,Li28,4727.1
23047,Li28,4727.5
17596,Li28,4730.1
15909,Li28,4731.1
19292,Li28,4731.7
53065,Mi1,4731.799999999999
16596,Li28,4732.099999999999
36252,Mi1,4732.099999999999
99922,T4c,4732.200000000001
15263,Li28,4733.5
34849,Mi1,4735.400000000001
16033,Li28,4735.5
20264,Li28,4735.9
15019,Li28,4736.7
11981,Li28,4736.8
16545,Li28,4737.0
33907,Mi1,4737.900000000001
33462,Mi1,4739.3
35405,Mi1,4739.6
35498,Mi1,4740.3
51122,Mi1,4740.7
17280,Li28,4740.8
34057,Mi1,4741.5
14209,Li28,4741.5
23047,Li28,4741.7
19292,Li28,4745.3
17596,Li28,4745.6
36252,Mi1,4745.8
53065,Mi1,4745.9
15909,Li28,4746.2
16596,Li28,4746.599999999999
15263,Li28,4747.2
34849,Mi1,4750.1
16033,Li28,4750.200000000001
16545,Li28,4751.0
11981,Li28,4751.400000000001
15019,Li28,4751.599999999999
20264,Li28,4751.8
33907,Mi1,4752.3
33462,Mi1,4753.200000000001
35405,Mi1,4754.3
17280,Li28,4754.700000000001
35498,Mi1,4755.2
51122,Mi1,4755.7
14209,Li28,4756.0
34057,Mi1,4756.0
23047,Li28,4756.9
15909,Li28,4760.400000000001
36252,Mi1,4760.5
16596,Li28,4761.0
19292,Li28,4761.0
17596,Li28,4761.099999999999
15263,Li28,4761.4
53065,Mi1,4761.8
71052,T2a,4763.799999999999
11981,Li28,4765.3
15019,Li28,4765.7
16545,Li28,4765.8
34849,Mi1,4765.900000000001
16033,Li28,4766.500000000001
33907,Mi1,4766.7
20264,Li28,4767.5
33462,Mi1,4767.9
17280,Li28,4768.900000000001
35498,Mi1,4768.900000000001
35405,Mi1,4769.200000000001
51122,Mi1,4769.8
23047,Li28,4771.1
34057,Mi1,4771.1
14209,Li28,4771.1
36252,Mi1,4775.1
15909,Li28,4775.400000000001
16596,Li28,4775.400000000001
53065,Mi1,4776.1
17596,Li28,4776.3
19292,Li28,4776.3
15263,Li28,4777.200000000001
11981,Li28,4778.400000000001
15019,Li28,4778.8
34849,Mi1,4779.7
33907,Mi1,4780.200000000001
16033,Li28,4781.3
16545,Li28,4781.400000000001
20264,Li28,4781.5
33462,Mi1,4782.900000000001
17280,Li28,4783.3
35498,Mi1,4783.3
35405,Mi1,4783.5
51122,Mi1,4784.2
532850,Tm3,4785.200000000001
14209,Li28,4785.4
34057,Mi1,4786.8
23047,Li28,4787.1
92114,T4c,4787.6
15909,Li28,4789.5
16596,Li28,4789.5
36252,Mi1,4789.8
53065,Mi1,4789.900000000001
99663,T4c,4790.200000000001
17596,Li28,4791.3
19292,Li28,4792.1
15263,Li28,4792.5
118924,Tm3,4793.5
15019,Li28,4793.6
11981,Li28,4794.400000000001
33907,Mi1,4795.1
34849,Mi1,4795.6
16033,Li28,4796.400000000001
35405,Mi1,4797.3
33462,Mi1,4797.400000000001
16545,Li28,4797.5
20264,Li28,4798.200000000001
17280,Li28,4798.7
35498,Mi1,4798.7
51122,Mi1,4798.900000000001
14209,Li28,4800.1
23047,Li28,4801.099999999999
34057,Mi1,4802.2
15909,Li28,4802.599999999999
53065,Mi1,4803.5
16596,Li28,4803.7
36252,Mi1,4804.3
17596,Li28,4805.2
19292,Li28,4805.400000000001
15263,Li28,4806.8
15019,Li28,4808.6
11981,Li28,4809.0
33907,Mi1,4809.099999999999
34849,Mi1,4811.1
35405,Mi1,4811.6
16033,Li28,4812.0
16545,Li28,4812.0
33462,Mi1,4812.3
51122,Mi1,4812.3
17280,Li28,4813.3
20264,Li28,4813.6
35498,Mi1,4813.900000000001
23047,Li28,4814.500000000001
14209,Li28,4814.900000000001
15909,Li28,4816.5
34057,Mi1,4817.3
36252,Mi1,4818.0
83365,T2a,4818.2
16596,Li28,4818.5
53065,Mi1,4818.9
17596,Li28,4819.500000000001
19292,Li28,4820.700000000001
15263,Li28,4821.5
15019,Li28,4822.7
33907,Mi1,4824.2
11981,Li28,4824.4
71052,T2a,4825.200000000001
16033,Li28,4825.3
34849,Mi1,4825.9
51122,Mi1,4826.700000000001
35405,Mi1,4826.8
33462,Mi1,4827.1
16545,Li28,4827.7
17280,Li28,4828.0
20264,Li28,4828.8
35498,Mi1,4828.9
23047,Li28,4829.000000000001
14209,Li28,4829.8
34057,Mi1,4831.400000000001
16596,Li28,4832.4
15909,Li28,4832.6
36252,Mi1,4833.5
53065,Mi1,4833.6
17596,Li28,4834.2
19292,Li28,4835.6
99922,T4c,4835.900000000001
15263,Li28,4836.1
15019,Li28,4837.1
11981,Li28,4838.5
33907,Mi1,4839.400000000001
34849,Mi1,4839.700000000001
16033,Li28,4840.0
33462,Mi1,4841.099999999999
35405,Mi1,4841.5
51122,Mi1,4841.5
16545,Li28,4842.400000000001
17280,Li28,4843.200000000001
35498,Mi1,4843.4
20264,Li28,4843.900000000001
23047,Li28,4844.2
14209,Li28,4845.7
34057,Mi1,4846.7
16596,Li28,4848.1
15909,Li28,4848.3
19292,Li28,4849.8
36252,Mi1,4850.1
53065,Mi1,4850.1
17596,Li28,4850.6
15019,Li28,4851.4
15263,Li28,4852.0
11981,Li28,4852.3
33907,Mi1,4853.3
34849,Mi1,4853.6
16033,Li28,4854.6
51122,Mi1,4855.400000000001
35405,Mi1,4855.700000000001
33462,Mi1,4856.5
17280,Li28,4857.3
16545,Li28,4857.7
35498,Mi1,4858.1
23047,Li28,4858.6
79345,T2a,4858.7
20264,Li28,4858.8
14209,Li28,4860.1
34057,Mi1,4861.7
15909,Li28,4861.7
16596,Li28,4863.8
17596,Li28,4864.3
19292,Li28,4864.4
53065,Mi1,4864.4
36252,Mi1,4864.7
15019,Li28,4867.0
11981,Li28,4867.1
15263,Li28,4867.7
34849,Mi1,4867.7
33907,Mi1,4867.900000000001
35405,Mi1,4869.5
16033,Li28,4869.900000000001
51122,Mi1,4870.0
17280,Li28,4870.900000000001
33462,Mi1,4871.5
23047,Li28,4872.7
16545,Li28,4872.900000000001
20264,Li28,4873.099999999999
35498,Mi1,4873.4
118924,Tm3,4873.8
34057,Mi1,4875.7
14209,Li28,4875.7
15909,Li28,4877.000000000001
19292,Li28,4878.3
53065,Mi1,4878.9
17596,Li28,4879.2
16596,Li28,4879.3
36252,Mi1,4879.599999999999
15019,Li28,4880.7
11981,Li28,4882.1
33907,Mi1,4882.5
34849,Mi1,4882.900000000001
15263,Li28,4883.200000000001
35405,Mi1,4883.500000000001
16033,Li28,4884.9
23047,Li28,4886.200000000001
51122,Mi1,4886.6
33462,Mi1,4886.7
71052,T2a,4886.9
17280,Li28,4887.0
35498,Mi1,4887.0
20264,Li28,4888.0
16545,Li28,4889.200000000001
15909,Li28,4889.4
14209,Li28,4890.2
34057,Mi1,4891.1
19292,Li28,4892.0
53065,Mi1,4893.400000000001
17596,Li28,4893.6
36252,Mi1,4893.6
16596,Li28,4893.900000000001
15019,Li28,4895.2
11981,Li28,4896.4
34849,Mi1,4896.799999999999
15263,Li28,4897.0
33907,Mi1,4897.700000000001
35405,Mi1,4899.0
16033,Li28,4899.6
17280,Li28,4901.0
23047,Li28,4901.0
35498,Mi1,4901.400000000001
532850,Tm3,4901.7
33462,Mi1,4901.8
51122,Mi1,4902.0
20264,Li28,4903.0
15909,Li28,4904.1
14209,Li28,4904.4
34057,Mi1,4904.5
16545,Li28,4904.900000000001
19292,Li28,4905.8
36252,Mi1,4907.8
53065,Mi1,4907.8
17596,Li28,4908.2
99663,T4c,4908.700000000001
16596,Li28,4908.8
11981,Li28,4909.5
15019,Li28,4910.200000000001
33907,Mi1,4910.4
34849,Mi1,4910.7
15263,Li28,4912.7
92114,T4c,4913.0
35405,Mi1,4913.400000000001
103479,T4c,4913.400000000001
16033,Li28,4913.700000000001
23047,Li28,4915.200000000001
33462,Mi1,4915.6
51122,Mi1,4915.7
17280,Li28,4916.2
35498,Mi1,4917.1
15909,Li28,4917.7
20264,Li28,4917.7
14209,Li28,4917.8
34057,Mi1,4918.099999999999
16545,Li28,4919.0
19292,Li28,4921.0
17596,Li28,4922.1
53065,Mi1,4922.5
15019,Li28,4922.900000000001
36252,Mi1,4923.099999999999
11981,Li28,4923.3
33907,Mi1,4923.7
16596,Li28,4923.8
34849,Mi1,4926.4
15263,Li28,4927.1
35405,Mi1,4928.900000000001
16033,Li28,4929.2
23047,Li28,4930.1
35498,Mi1,4930.5
33462,Mi1,4930.6
51122,Mi1,4930.900000000001
14209,Li28,4931.200000000001
17280,Li28,4931.7
20264,Li28,4932.2
34057,Mi1,4932.2
15909,Li28,4932.700000000001
16545,Li28,4933.6
19292,Li28,4936.1
17596,Li28,4936.6
53065,Mi1,4937.700000000001
15019,Li28,4937.9
16596,Li28,4938.1
36252,Mi1,4938.1
33907,Mi1,4938.400000000001
11981,Li28,4938.900000000001
34849,Mi1,4940.700000000001
15263,Li28,4941.3
35405,Mi1,4944.2
16033,Li28,4944.2
23047,Li28,4944.4
33462,Mi1,4944.900000000001
35498,Mi1,4945.0
34057,Mi1,4945.2
51122,Mi1,4945.5
14209,Li28,4945.700000000001
20264,Li28,4946.400000000001
17280,Li28,4947.8
15909,Li28,4948.5
99922,T4c,4948.700000000001
16545,Li28,4948.9
19292,Li28,4951.1
17596,Li28,4951.400000000001
53065,Mi1,4951.8
15019,Li28,4952.3
36252,Mi1,4952.3
33907,Mi1,4952.8
11981,Li28,4953.700000000001
16596,Li28,4953.9
34849,Mi1,4954.900000000001
15263,Li28,4955.5
118924,Tm3,4957.5
16033,Li28,4958.200000000001
35498,Mi1,4958.6
33462,Mi1,4958.7
23047,Li28,4959.0
35405,Mi1,4959.1
71052,T2a,4959.299999999999
34057,Mi1,4959.8
51122,Mi1,4960.200000000001
14209,Li28,4961.1
20264,Li28,4962.1
15909,Li28,4963.099999999999
17280,Li28,4963.8
16545,Li28,4963.900000000001
83365,T2a,4964.3
53065,Mi1,4964.700000000001
19292,Li28,4966.200000000001
17596,Li28,4966.3
33907,Mi1,4967.5
36252,Mi1,4967.5
15019,Li28,4967.700000000001
11981,Li28,4968.900000000001
16596,Li28,4968.900000000001
34849,Mi1,4969.1
90465,T4a,4970.900000000001
15263,Li28,4971.4
35405,Mi1,4972.400000000001
33462,Mi1,4972.5
35498,Mi1,4972.5
34057,Mi1,4973.4
16033,Li28,4973.7
23047,Li28,4974.200000000001
51122,Mi1,4974.9
14209,Li28,4975.6
20264,Li28,4976.6
16545,Li28,4977.400000000001
34356,Mi1,4977.599999999999
15909,Li28,4977.9
17280,Li28,4979.4
53065,Mi1,4979.5
19292,Li28,4980.0
17596,Li28,4980.9
15019,Li28,4981.3
33907,Mi1,4981.7
42119,Mi1,4982.3
36252,Mi1,4983.1
37000,Mi1,4983.1
56564,Mi1,4983.5
11981,Li28,4984.0
34849,Mi1,4984.1
16596,Li28,4984.900000000001
15263,Li28,4986.1
35405,Mi1,4986.3
33462,Mi1,4987.0
35498,Mi1,4987.4
34057,Mi1,4987.6
16033,Li28,4988.3
51122,Mi1,4989.5
14209,Li28,4989.8
23047,Li28,4990.3
79345,T2a,4991.0
20264,Li28,4992.0
99663,T4c,4992.0
90049,T4c,4992.500000000001
15909,Li28,4993.3
17280,Li28,4993.700000000001
16545,Li28,4993.9
53065,Mi1,4994.5
17596,Li28,4995.200000000001
19292,Li28,4995.3
15019,Li28,4995.7
33907,Mi1,4996.1
36252,Mi1,4997.0
11981,Li28,4997.7
34849,Mi1,4998.200000000001
16596,Li28,4999.1
35405,Mi1,4999.5
34356,Mi1,4999.8
15263,Li28,5000.200000000001
35498,Mi1,5001.700000000001
33462,Mi1,5002.1
34057,Mi1,5002.5
42119,Mi1,5002.900000000001
16033,Li28,5002.900000000001
14209,Li28,5004.2
23047,Li28,5004.5
51122,Mi1,5005.7
69597,Tm3,5005.799999999999
71052,T2a,5006.6
20264,Li28,5006.8
37000,Mi1,5006.9
17280,Li28,5007.7
16545,Li28,5008.900000000001
53065,Mi1,5008.900000000001
56564,Mi1,5009.1
15909,Li28,5009.5
36252,Mi1,5010.8
17596,Li28,5010.900000000001
19292,Li28,5011.0
33907,Mi1,5011.099999999999
15019,Li28,5011.5
34849,Mi1,5012.3
16596,Li28,5012.700000000001
11981,Li28,5013.0
118924,Tm3,5014.3
35405,Mi1,5014.5
15263,Li28,5014.5
34057,Mi1,5015.000000000001
35498,Mi1,5015.6
82145,T2a,5016.3
16033,Li28,5017.8
33462,Mi1,5018.1
23047,Li28,5018.400000000001
99922,T4c,5018.400000000001
92114,T4c,5019.4
14209,Li28,5019.5
34356,Mi1,5019.5
73828,Tm3,5020.400000000001
51122,Mi1,5020.599999999999
532850,Tm3,5021.0
20264,Li28,5021.5
53065,Mi1,5022.0
16545,Li28,5022.400000000001
15909,Li28,5022.700000000001
42119,Mi1,5023.000000000001
17280,Li28,5023.5
37000,Mi1,5025.0
34849,Mi1,5025.400000000001
33907,Mi1,5025.700000000001
19292,Li28,5025.8
36252,Mi1,5026.400000000001
15019,Li28,5026.7
16596,Li28,5026.7
17596,Li28,5026.900000000001
11981,Li28,5027.8
56564,Mi1,5028.2
15263,Li28,5029.1
34057,Mi1,5029.4
35405,Mi1,5029.6
99423,T4d,5030.3
103479,T4c,5030.400000000001
35498,Mi1,5030.8
16033,Li28,5032.0
94305,T4a,5032.3
23047,Li28,5032.4
33462,Mi1,5032.6
14209,Li28,5034.8
51122,Mi1,5035.099999999999
53065,Mi1,5035.4
76325,T2a,5035.7
99663,T4c,5035.7
20264,Li28,5036.599999999999
16545,Li28,5036.599999999999
34356,Mi1,5037.0
15909,Li28,5037.6
42119,Mi1,5038.200000000001
17280,Li28,5038.400000000001
83365,T2a,5039.1
98099,T4b,5039.8
19292,Li28,5040.200000000001
33907,Mi1,5040.3
34849,Mi1,5040.4
11981,Li28,5041.3
36252,Mi1,5041.3
16596,Li28,5041.9
17596,Li28,5042.6
37000,Mi1,5042.6
15019,Li28,5042.8
35405,Mi1,5043.3
34057,Mi1,5043.6
15263,Li28,5044.0
56564,Mi1,5044.1
35498,Mi1,5046.0
33462,Mi1,5047.1
16033,Li28,5047.400000000001
23047,Li28,5047.6
51122,Mi1,5049.9
53065,Mi1,5049.9
14209,Li28,5050.0
16545,Li28,5050.900000000001
20264,Li28,5051.0
17280,Li28,5052.700000000001
15909,Li28,5053.1
19292,Li28,5053.7
34356,Mi1,5053.900000000001
42119,Mi1,5053.900000000001
33907,Mi1,5054.1
34849,Mi1,5054.700000000001
36252,Mi1,5055.2
11981,Li28,5055.900000000001
16596,Li28,5056.8
35405,Mi1,5057.0
34057,Mi1,5057.1
71052,T2a,5057.400000000001
17596,Li28,5057.599999999999
15019,Li28,5057.8
37000,Mi1,5058.400000000001
118924,Tm3,5058.400000000001
15263,Li28,5059.3
33462,Mi1,5060.5
35498,Mi1,5060.5
56564,Mi1,5060.5
79345,T2a,5060.9
16033,Li28,5061.3
23047,Li28,5061.900000000001
14209,Li28,5063.3
51122,Mi1,5063.8
53065,Mi1,5064.200000000001
20264,Li28,5065.0
16545,Li28,5065.8
15909,Li28,5066.3
99922,T4c,5066.8
17280,Li28,5067.200000000001
34849,Mi1,5068.2
90465,T4a,5068.599999999999
33907,Mi1,5068.9
34356,Mi1,5069.2
19292,Li28,5069.6
42119,Mi1,5069.7
36252,Mi1,5070.5
11981,Li28,5071.000000000001
17596,Li28,5071.000000000001
15019,Li28,5071.1
35405,Mi1,5071.400000000001
16596,Li28,5071.6
34057,Mi1,5072.6
92114,T4c,5073.9
37000,Mi1,5074.2
15263,Li28,5074.6
16033,Li28,5074.6
69597,Tm3,5075.099999999999
56564,Mi1,5075.3
35498,Mi1,5075.6
33462,Mi1,5076.5
23047,Li28,5076.8
73828,Tm3,5077.1
14209,Li28,5077.900000000001
16545,Li28,5078.8
53065,Mi1,5078.9
51122,Mi1,5079.000000000001
66808,Tm3,5079.2
15909,Li28,5079.7
17280,Li28,5080.900000000001
99663,T4c,5080.900000000001
92431,T4a,5081.1
83365,T2a,5081.1
20264,Li28,5081.5
94305,T4a,5083.3
34849,Mi1,5083.4
34356,Mi1,5084.1
42119,Mi1,5084.700000000001
33907,Mi1,5084.8
36252,Mi1,5084.8
35405,Mi1,5084.900000000001
17596,Li28,5085.0
19292,Li28,5085.1
34057,Mi1,5085.6
11981,Li28,5085.6
50333,TmY3,5086.9
15019,Li28,5087.000000000001
16596,Li28,5087.3
16033,Li28,5088.4
37000,Mi1,5088.4
15263,Li28,5089.5
93566,T4a,5089.9
35498,Mi1,5090.2
56564,Mi1,5091.0
90049,T4c,5091.5
33462,Mi1,5091.6
23047,Li28,5092.1
51122,Mi1,5093.0
15909,Li28,5093.3
53065,Mi1,5093.3
14209,Li28,5093.500000000001
16545,Li28,5094.2
55976,Mi1,5094.6
17280,Li28,5096.099999999999
20264,Li28,5096.099999999999
34849,Mi1,5097.400000000001
35405,Mi1,5098.7
17596,Li28,5099.099999999999
33907,Mi1,5099.8
34356,Mi1,5099.8
35836,Mi1,5099.8
65671,Mi1,5099.9
19292,Li28,5100.0
532850,Tm3,5100.0
34479,Mi1,5100.2
36252,Mi1,5100.2
11981,Li28,5100.900000000001
15019,Li28,5100.900000000001
42119,Mi1,5101.1
34057,Mi1,5101.4
16596,Li28,5102.3
37000,Mi1,5102.400000000001
34189,Mi1,5102.700000000001
16033,Li28,5103.1
35498,Mi1,5104.5
15263,Li28,5104.6
35017,Mi1,5104.8
99423,T4d,5105.8
92114,T4c,5105.9
102791,T4c,5106.1
51122,Mi1,5106.2
56564,Mi1,5106.4
71052,T2a,5106.8
14209,Li28,5106.900000000001
23047,Li28,5107.0
33462,Mi1,5107.200000000001
15909,Li28,5107.8
35840,Mi1,5108.1
53065,Mi1,5108.2
16545,Li28,5108.6
20264,Li28,5110.700000000001
35770,Mi1,5110.700000000001
118924,Tm3,5110.8
17280,Li28,5111.6
34849,Mi1,5111.6
36252,Mi1,5113.700000000001
35405,Mi1,5113.8
17596,Li28,5114.3
33907,Mi1,5114.3
19292,Li28,5114.6
34356,Mi1,5115.099999999999
15019,Li28,5115.200000000001
42119,Mi1,5115.5
37000,Mi1,5115.8
34057,Mi1,5116.0
11981,Li28,5116.3
16596,Li28,5116.5
95458,T4d,5116.5
16033,Li28,5117.8
35498,Mi1,5118.400000000001
100867,T4b,5118.599999999999
66808,Tm3,5118.9
15263,Li28,5119.2
95883,T4a,5119.7
94624,T4a,5120.0
94305,T4a,5120.099999999999
92047,T4c,5120.3
14209,Li28,5120.4
51122,Mi1,5120.5
99922,T4c,5120.6
33462,Mi1,5120.8
69597,Tm3,5120.900000000001
53065,Mi1,5121.0
15909,Li28,5121.1
55976,Mi1,5121.3
56564,Mi1,5121.400000000001
23047,Li28,5121.5
99663,T4c,5122.4
16545,Li28,5122.5
107442,T4d,5123.200000000001
35836,Mi1,5123.3
92431,T4a,5123.4
65671,Mi1,5123.7
106952,T4b,5123.7
34479,Mi1,5124.2
34189,Mi1,5124.400000000001
34849,Mi1,5124.8
20264,Li28,5125.200000000001
101772,Tm3,5125.6
61401,T2a,5125.6
83365,T2a,5125.8
97899,T4a,5126.0
17280,Li28,5126.2
92706,T4a,5126.2
103479,T4c,5126.3
76325,T2a,5127.2
35017,Mi1,5127.3
36252,Mi1,5127.400000000001
35405,Mi1,5127.5
17596,Li28,5127.8
33907,Mi1,5128.6
19292,Li28,5128.6
98985,T4c,5129.400000000001
74023,T2a,5129.5
16596,Li28,5129.599999999999
50333,TmY3,5130.1
15019,Li28,5130.2
34057,Mi1,5130.2
34356,Mi1,5130.3
37000,Mi1,5130.7
35840,Mi1,5130.900000000001
42119,Mi1,5130.900000000001
16033,Li28,5131.4
11981,Li28,5131.4
35498,Mi1,5132.7
98381,T4d,5132.8
15909,Li28,5133.4
15263,Li28,5133.500000000001
90049,T4c,5133.6
110646,T4b,5133.900000000001
14209,Li28,5134.3
91469,T4c,5134.400000000001
75848,T2a,5134.9
35770,Mi1,5135.000000000001
51122,Mi1,5135.6
33462,Mi1,5135.8
53065,Mi1,5135.8
16545,Li28,5136.200000000001
56564,Mi1,5136.4
109598,T4b,5136.5
23047,Li28,5137.8
71052,T2a,5138.0
55976,Mi1,5138.2
34849,Mi1,5138.900000000001
20264,Li28,5140.5
36252,Mi1,5140.7
92114,T4c,5140.8
65671,Mi1,5140.900000000001
35405,Mi1,5141.0
17280,Li28,5141.200000000001
33907,Mi1,5141.7
34189,Mi1,5141.900000000001
17596,Li28,5142.700000000001
93566,T4a,5142.700000000001
37000,Mi1,5143.3
19292,Li28,5143.5
34479,Mi1,5143.6
35836,Mi1,5143.8
15019,Li28,5144.3
16596,Li28,5144.7
34356,Mi1,5144.8
102791,T4c,5145.0
35017,Mi1,5145.1
42119,Mi1,5145.3
34057,Mi1,5145.400000000001
11981,Li28,5145.9
16033,Li28,5146.1
35840,Mi1,5147.3
15909,Li28,5147.4
35498,Mi1,5147.6
15263,Li28,5148.8
14209,Li28,5149.4
66808,Tm3,5150.3
33462,Mi1,5150.400000000001
51122,Mi1,5150.400000000001
56564,Mi1,5150.400000000001
92431,T4a,5151.1
53065,Mi1,5151.400000000001
16545,Li28,5151.8
69380,Tm3,5151.900000000001
35770,Mi1,5152.3
34849,Mi1,5152.5
55976,Mi1,5152.8
23047,Li28,5153.1
101772,Tm3,5153.8
36252,Mi1,5154.799999999999
35405,Mi1,5155.200000000001
20264,Li28,5155.700000000001
69597,Tm3,5155.9
92047,T4c,5155.9
17280,Li28,5156.2
37000,Mi1,5156.6
33907,Mi1,5156.6
17596,Li28,5157.200000000001
65671,Mi1,5157.500000000001
19292,Li28,5158.0
15909,Li28,5158.700000000001
34057,Mi1,5158.9
42119,Mi1,5159.1
15019,Li28,5159.2
34356,Mi1,5159.5
35836,Mi1,5159.5
34479,Mi1,5159.6
16033,Li28,5159.8
11981,Li28,5160.3
94624,T4a,5160.4
16596,Li28,5161.0
94305,T4a,5161.0
95883,T4a,5161.3
99663,T4c,5161.400000000001
34189,Mi1,5161.599999999999
35017,Mi1,5161.599999999999
35840,Mi1,5161.9
98099,T4b,5161.9
35498,Mi1,5162.1
50333,TmY3,5162.1
99922,T4c,5162.4
74023,T2a,5162.4
15263,Li28,5163.8
33462,Mi1,5163.9
51122,Mi1,5164.8
14209,Li28,5164.900000000001
56564,Mi1,5165.0
91806,T4a,5165.8
91469,T4c,5166.0
34849,Mi1,5166.3
16545,Li28,5166.400000000001
66808,Tm3,5166.9
53065,Mi1,5166.9
83365,T2a,5167.400000000001
55976,Mi1,5167.5
35770,Mi1,5167.8
23047,Li28,5168.0
92114,T4c,5168.5
20264,Li28,5169.700000000001
36252,Mi1,5169.700000000001
35405,Mi1,5170.2
99423,T4d,5170.3
98985,T4c,5170.5
71052,T2a,5170.6
15909,Li28,5170.6
33907,Mi1,5170.8
17280,Li28,5171.1
37000,Mi1,5171.3
532850,Tm3,5171.9
42119,Mi1,5172.3
97899,T4a,5172.3
98788,T4d,5172.3
17596,Li28,5172.6
34057,Mi1,5172.7
92706,T4a,5173.0
65671,Mi1,5173.099999999999
19292,Li28,5173.4
76325,T2a,5173.4
16033,Li28,5173.8
15019,Li28,5174.2
34356,Mi1,5174.5
34479,Mi1,5174.5
108307,T4b,5175.0
98381,T4d,5175.400000000001
11981,Li28,5175.6
16596,Li28,5175.6
93566,T4a,5176.0
35836,Mi1,5176.0
90049,T4c,5176.3
34189,Mi1,5176.8
35498,Mi1,5176.9
95458,T4d,5177.0
35017,Mi1,5177.2
35840,Mi1,5177.8
100867,T4b,5178.0
33462,Mi1,5178.3
15263,Li28,5178.6
56564,Mi1,5178.6
34849,Mi1,5178.8
14209,Li28,5179.1
51122,Mi1,5179.200000000001
16545,Li28,5179.8
96295,T4b,5180.1
101772,Tm3,5180.400000000001
92431,T4a,5180.6
53065,Mi1,5180.900000000001
107442,T4d,5181.200000000001
23047,Li28,5181.4
106952,T4b,5181.4
55976,Mi1,5181.7
73828,Tm3,5181.900000000001
35770,Mi1,5182.1
104257,T4b,5182.2
20264,Li28,5182.5
15909,Li28,5183.1
10015,HSN,5183.6
66214,T2a,5184.6
35405,Mi1,5184.8
36252,Mi1,5184.9
91444,T4c,5185.0
33907,Mi1,5185.2
37000,Mi1,5185.599999999999
34057,Mi1,5186.3
17596,Li28,5186.5
17280,Li28,5186.7
15019,Li28,5186.900000000001
16033,Li28,5187.0
42119,Mi1,5187.0
118924,Tm3,5187.400000000001
65671,Mi1,5187.9
103479,T4c,5188.2
52328,TmY3,5188.6
34479,Mi1,5188.7
19292,Li28,5188.900000000001
34356,Mi1,5189.6
95883,T4a,5189.6
102791,T4c,5189.7
98887,T4b,5189.8
75848,T2a,5190.400000000001
11981,Li28,5190.599999999999
16596,Li28,5190.700000000001
35836,Mi1,5190.9
35498,Mi1,5191.0
34189,Mi1,5191.1
35017,Mi1,5191.2
50333,TmY3,5191.8
35840,Mi1,5191.900000000001
33462,Mi1,5192.6
56564,Mi1,5192.6
51231,TmY3,5192.7
34849,Mi1,5192.8
15263,Li28,5193.299999999999
66325,Tm3,5193.400000000001
16545,Li28,5193.599999999999
51122,Mi1,5193.700000000001
110646,T4b,5193.700000000001
66808,Tm3,5194.0
53065,Mi1,5194.5
15909,Li28,5194.8
14209,Li28,5195.1
114391,T4d,5195.2
109598,T4b,5195.6
91469,T4c,5195.700000000001
94305,T4a,5195.8
92047,T4c,5196.000000000001
55976,Mi1,5196.1
47368,TmY3,5196.3
89434,T4c,5196.7
90465,T4a,5197.3
71052,T2a,5197.4
109142,T4b,5197.500000000001
92114,T4c,5198.0
35770,Mi1,5198.2
20264,Li28,5198.3
37000,Mi1,5198.3
99663,T4c,5198.3
83365,T2a,5198.5
23047,Li28,5198.599999999999
88625,T4c,5198.700000000001
74023,T2a,5199.1
42119,Mi1,5199.6
16033,Li28,5199.7
33907,Mi1,5199.8
34057,Mi1,5199.900000000001
35405,Mi1,5199.900000000001
36252,Mi1,5200.5
17280,Li28,5200.8
69597,Tm3,5201.0
92842,T4a,5201.0
15019,Li28,5201.1
17596,Li28,5201.599999999999
109536,T4d,5201.9
65671,Mi1,5202.6
94624,T4a,5202.8
98099,T4b,5202.8
92706,T4a,5202.900000000001
34479,Mi1,5203.0
69380,Tm3,5203.3
19292,Li28,5203.5
34356,Mi1,5203.6
101772,Tm3,5203.6
99922,T4c,5204.2
35498,Mi1,5204.6
11981,Li28,5204.8
92996,T4a,5205.4
101873,T4b,5205.6
34189,Mi1,5205.900000000001
35017,Mi1,5206.0
35836,Mi1,5206.1
34849,Mi1,5206.3
15263,Li28,5206.400000000001
33462,Mi1,5206.400000000001
51122,Mi1,5206.700000000001
15909,Li28,5206.9
16596,Li28,5207.0
35840,Mi1,5207.2
56564,Mi1,5207.3
92939,T4b,5207.6
53065,Mi1,5208.5
73096,T2a,5208.6
93566,T4a,5208.6
14209,Li28,5208.7
95458,T4d,5208.9
77383,T2a,5209.0
97899,T4a,5209.0
16545,Li28,5209.2
61401,T2a,5209.400000000001
92431,T4a,5209.5
91806,T4a,5210.200000000001
98985,T4c,5210.3
55976,Mi1,5210.6
98381,T4d,5210.7
99423,T4d,5210.8
66808,Tm3,5211.3
37000,Mi1,5212.000000000001
10015,HSN,5212.3
20264,Li28,5212.7
35770,Mi1,5212.8
34057,Mi1,5213.0
16033,Li28,5213.099999999999
23047,Li28,5213.099999999999
42119,Mi1,5213.6
532850,Tm3,5213.8
33907,Mi1,5213.900000000001
36252,Mi1,5214.400000000001
35405,Mi1,5214.8
17280,Li28,5215.1
95883,T4a,5215.4
92047,T4c,5215.7
65671,Mi1,5216.3
15019,Li28,5216.4
17596,Li28,5216.8
50333,TmY3,5216.8
103639,T4d,5217.0
19292,Li28,5217.1
15909,Li28,5217.599999999999
100867,T4b,5217.599999999999
34356,Mi1,5217.900000000001
79345,T2a,5218.200000000001
34479,Mi1,5218.3
35498,Mi1,5219.2
90049,T4c,5219.8
11981,Li28,5220.1
103479,T4c,5220.2
35840,Mi1,5220.400000000001
33462,Mi1,5220.5
34849,Mi1,5220.5
102791,T4c,5220.7
15263,Li28,5220.8
34189,Mi1,5220.900000000001
35836,Mi1,5221.099999999999
35017,Mi1,5221.4
51122,Mi1,5221.7
56564,Mi1,5222.3
99663,T4c,5222.700000000001
14209,Li28,5222.8
96295,T4b,5222.9
16596,Li28,5223.1
16545,Li28,5223.3
53065,Mi1,5224.4
92114,T4c,5225.2
55976,Mi1,5225.299999999999
101772,Tm3,5225.299999999999
66214,T2a,5225.6
98788,T4d,5226.6
16033,Li28,5227.0
37000,Mi1,5227.0
76325,T2a,5227.1
35770,Mi1,5227.2
34057,Mi1,5227.6
20264,Li28,5227.9
36252,Mi1,5228.000000000001
45005,TmY3,5228.000000000001
91469,T4c,5228.000000000001
42119,Mi1,5228.400000000001
23047,Li28,5228.5
35405,Mi1,5229.0
17280,Li28,5229.3
33907,Mi1,5229.4
15909,Li28,5229.8
65671,Mi1,5229.8
74023,T2a,5231.0
17596,Li28,5231.900000000001
34479,Mi1,5232.0
73828,Tm3,5232.0
94305,T4a,5232.099999999999
15019,Li28,5232.4
34356,Mi1,5232.4
19292,Li28,5232.6
110646,T4b,5233.1
71052,T2a,5233.2
11981,Li28,5233.5
35017,Mi1,5233.900000000001
34849,Mi1,5234.1
35498,Mi1,5234.200000000001
33462,Mi1,5234.500000000001
35840,Mi1,5234.6
15263,Li28,5235.3
14209,Li28,5235.8
94624,T4a,5235.9
16545,Li28,5236.3
34189,Mi1,5236.400000000001
35836,Mi1,5236.900000000001
56564,Mi1,5237.0
66808,Tm3,5237.200000000001
16596,Li28,5237.3
83365,T2a,5237.4
51122,Mi1,5237.7
106952,T4b,5238.599999999999
55976,Mi1,5238.9
92706,T4a,5239.3
104257,T4b,5240.5
92431,T4a,5240.5
69597,Tm3,5240.6
53065,Mi1,5240.7
34057,Mi1,5240.8
97899,T4a,5240.8
16033,Li28,5241.6
36252,Mi1,5242.0
15909,Li28,5242.500000000001
20264,Li28,5242.7
37000,Mi1,5242.8
98985,T4c,5243.0
23047,Li28,5243.0
33907,Mi1,5243.1
35770,Mi1,5243.1
35405,Mi1,5243.3
42119,Mi1,5243.3
17280,Li28,5243.400000000001
93566,T4a,5243.400000000001
91806,T4a,5243.700000000001
65671,Mi1,5244.1
98099,T4b,5244.400000000001
69380,Tm3,5245.099999999999
99922,T4c,5245.6
88625,T4c,5246.1
95883,T4a,5246.3
34356,Mi1,5246.400000000001
34479,Mi1,5246.5
75848,T2a,5246.8
50333,TmY3,5247.1
17596,Li28,5247.3
98887,T4b,5247.5
15019,Li28,5247.6
10015,HSN,5247.7
35017,Mi1,5248.099999999999
33462,Mi1,5248.3
92047,T4c,5248.4
19292,Li28,5248.6
92996,T4a,5248.6
35840,Mi1,5249.1
16545,Li28,5249.3
34849,Mi1,5249.3
35498,Mi1,5249.5
11981,Li28,5249.8
15263,Li28,5250.4
114391,T4d,5250.4
90049,T4c,5250.500000000001
56564,Mi1,5250.7
14209,Li28,5250.7
34189,Mi1,5251.0
16596,Li28,5251.3
55976,Mi1,5251.8
99663,T4c,5251.8
35836,Mi1,5252.2
51122,Mi1,5252.2
101772,Tm3,5253.5
47368,TmY3,5254.1
34057,Mi1,5254.3
66808,Tm3,5255.0
15909,Li28,5255.1
37000,Mi1,5255.8
53065,Mi1,5255.8
16033,Li28,5256.0
20264,Li28,5256.8
36252,Mi1,5256.9
92114,T4c,5257.2
109598,T4b,5257.400000000001
35770,Mi1,5257.6
42119,Mi1,5258.3
35405,Mi1,5258.7
65671,Mi1,5258.8
33907,Mi1,5258.8
17280,Li28,5259.0
23047,Li28,5259.0
34479,Mi1,5259.5
118924,Tm3,5259.9
34356,Mi1,5260.1
109142,T4b,5261.4
33462,Mi1,5262.1
100867,T4b,5262.1
15019,Li28,5262.2
90465,T4a,5262.400000000001
17596,Li28,5262.599999999999
102791,T4c,5262.700000000001
16545,Li28,5262.8
94305,T4a,5262.8
105698,T4c,5263.1
34849,Mi1,5263.2
97675,T4c,5263.2
35498,Mi1,5263.3
19292,Li28,5263.5
35017,Mi1,5263.6
11981,Li28,5263.7
35840,Mi1,5263.7
98381,T4d,5263.799999999999
14209,Li28,5264.6
89434,T4c,5265.1
56564,Mi1,5265.3
96295,T4b,5265.5
16596,Li28,5265.8
83365,T2a,5265.8
15263,Li28,5265.900000000001
55976,Mi1,5265.900000000001
51122,Mi1,5266.0
91469,T4c,5266.0
34189,Mi1,5266.7
35836,Mi1,5267.2
92431,T4a,5267.700000000001
34057,Mi1,5267.8
98985,T4c,5268.6
108349,T4d,5268.7
74023,T2a,5269.099999999999
15909,Li28,5269.4
53065,Mi1,5269.7
37000,Mi1,5270.3
107442,T4d,5270.599999999999
20264,Li28,5270.9
36252,Mi1,5271.0
16033,Li28,5271.5
42119,Mi1,5271.7
71052,T2a,5271.900000000001
35770,Mi1,5272.4
35405,Mi1,5272.9
34356,Mi1,5273.2
17280,Li28,5274.0
23047,Li28,5274.0
33907,Mi1,5274.500000000001
65671,Mi1,5274.500000000001
95883,T4a,5274.6
34479,Mi1,5274.900000000001
97899,T4a,5275.2
73828,Tm3,5275.9
16545,Li28,5276.7
33462,Mi1,5276.900000000001
92706,T4a,5276.900000000001
17596,Li28,5277.099999999999
35498,Mi1,5277.200000000001
34849,Mi1,5277.4
15019,Li28,5277.6
110646,T4b,5278.1
35017,Mi1,5278.1
11981,Li28,5278.3
19292,Li28,5278.3
95458,T4d,5278.400000000001
35840,Mi1,5279.2
14209,Li28,5279.4
56564,Mi1,5279.4
15263,Li28,5279.799999999999
55976,Mi1,5279.799999999999
16596,Li28,5280.0
34189,Mi1,5280.099999999999
66808,Tm3,5280.200000000001
50333,TmY3,5280.200000000001
92047,T4c,5280.400000000001
51122,Mi1,5280.700000000001
76325,T2a,5281.5
34057,Mi1,5281.900000000001
35836,Mi1,5282.3
101772,Tm3,5282.3
98788,T4d,5282.7
61401,T2a,5283.3
15909,Li28,5283.3
99663,T4c,5283.3
92842,T4a,5283.9
37000,Mi1,5284.3
69597,Tm3,5284.400000000001
53065,Mi1,5284.8
91444,T4c,5285.3
97231,T4a,5285.3
99922,T4c,5285.6
16033,Li28,5286.2
35770,Mi1,5286.400000000001
91806,T4a,5286.5
93566,T4a,5286.5
42119,Mi1,5286.5
20264,Li28,5286.700000000001
36252,Mi1,5286.700000000001
34356,Mi1,5287.6
94624,T4a,5287.6
532850,Tm3,5288.3
17280,Li28,5288.5
35405,Mi1,5288.5
10015,HSN,5288.9
23047,Li28,5289.1
33907,Mi1,5289.3
65671,Mi1,5289.400000000001
69380,Tm3,5289.900000000001
35498,Mi1,5290.0
34479,Mi1,5290.1
103479,T4c,5290.1
33462,Mi1,5290.3
17596,Li28,5291.0
16545,Li28,5291.1
34849,Mi1,5291.5
102791,T4c,5291.599999999999
35017,Mi1,5292.0
15019,Li28,5292.3
77383,T2a,5292.6
51231,TmY3,5292.7
35840,Mi1,5293.200000000001
92431,T4a,5293.3
90049,T4c,5293.4
92114,T4c,5293.4
11981,Li28,5293.5
14209,Li28,5293.5
55976,Mi1,5293.8
94305,T4a,5293.9
19292,Li28,5294.3
16596,Li28,5294.400000000001
98099,T4b,5294.400000000001
15909,Li28,5294.8
15263,Li28,5295.0
34189,Mi1,5295.0
56564,Mi1,5295.0
52328,TmY3,5295.2
73096,T2a,5295.2
34057,Mi1,5295.7
51122,Mi1,5295.7
91469,T4c,5295.8
35836,Mi1,5296.1
83365,T2a,5296.200000000001
74023,T2a,5297.400000000001
95883,T4a,5297.7
37000,Mi1,5298.0
106952,T4b,5298.3
108307,T4b,5299.2
98887,T4b,5299.700000000001
20264,Li28,5300.1
53065,Mi1,5300.1
42119,Mi1,5300.2
36252,Mi1,5300.400000000001
35770,Mi1,5300.8
34356,Mi1,5301.099999999999
16033,Li28,5301.200000000001
79257,Tm3,5301.5
104257,T4b,5301.5
35405,Mi1,5301.8
17280,Li28,5302.5
33907,Mi1,5302.9
101772,Tm3,5303.1
23047,Li28,5303.5
65671,Mi1,5303.6
66808,Tm3,5303.8
34479,Mi1,5303.8
118924,Tm3,5304.200000000001
33462,Mi1,5304.5
35498,Mi1,5304.700000000001
17596,Li28,5305.000000000001
16545,Li28,5305.1
50333,TmY3,5305.7
34849,Mi1,5305.900000000001
98381,T4d,5306.200000000001
96295,T4b,5306.4
66214,T2a,5306.500000000001
15909,Li28,5306.900000000001
97899,T4a,5307.0
92706,T4a,5307.0
15019,Li28,5307.1
14209,Li28,5307.3
35017,Mi1,5307.3
109598,T4b,5307.9
11981,Li28,5308.1
35840,Mi1,5308.1
55976,Mi1,5308.1
34189,Mi1,5308.2
98985,T4c,5309.3
16596,Li28,5309.4
15263,Li28,5309.8
56564,Mi1,5310.1
19292,Li28,5310.2
35836,Mi1,5310.599999999999
51122,Mi1,5311.5
34057,Mi1,5311.6
36540,Mi1,5311.8
37000,Mi1,5311.8
47368,TmY3,5311.8
36252,Mi1,5312.8
54087,Mi1,5312.8
59397,Mi1,5313.900000000001
89434,T4c,5314.0
42119,Mi1,5314.3
16033,Li28,5314.6
53065,Mi1,5314.8
114391,T4d,5315.0
20264,Li28,5315.1
34356,Mi1,5315.5
35770,Mi1,5315.8
17280,Li28,5315.9
33907,Mi1,5316.6
95458,T4d,5316.900000000001
71052,T2a,5316.900000000001
33655,Mi1,5317.099999999999
35405,Mi1,5317.099999999999
33462,Mi1,5317.7
88625,T4c,5317.8
34479,Mi1,5318.0
65671,Mi1,5318.1
15909,Li28,5318.700000000001
82145,T2a,5318.9
16545,Li28,5318.9
92047,T4c,5319.2
23047,Li28,5319.3
17596,Li28,5319.4
73828,Tm3,5319.5
35498,Mi1,5319.7
97675,T4c,5320.1
100867,T4b,5320.6
90465,T4a,5320.700000000001
92996,T4a,5321.000000000001
34849,Mi1,5321.2
14209,Li28,5321.3
35017,Mi1,5321.900000000001
102791,T4c,5322.0
11981,Li28,5322.4
34189,Mi1,5322.6
15019,Li28,5322.6
55976,Mi1,5323.400000000001
35840,Mi1,5323.8
15263,Li28,5324.0
83365,T2a,5324.0
110646,T4b,5324.1
69597,Tm3,5324.2
16596,Li28,5324.8
19292,Li28,5325.0
56564,Mi1,5325.0
34057,Mi1,5325.099999999999
105698,T4c,5325.7
51122,Mi1,5325.8
35836,Mi1,5326.299999999999
37000,Mi1,5326.599999999999
99663,T4c,5326.700000000001
92114,T4c,5326.9
66808,Tm3,5327.1
74023,T2a,5327.2
95883,T4a,5327.500000000001
92431,T4a,5327.6
36252,Mi1,5327.7
42119,Mi1,5328.0
69380,Tm3,5328.400000000001
53065,Mi1,5328.700000000001
16033,Li28,5329.000000000001
83979,T4a,5329.000000000001
99922,T4c,5329.000000000001
101772,Tm3,5329.3
45005,TmY3,5329.400000000001
34356,Mi1,5329.5
107442,T4d,5329.7
17280,Li28,5329.8
20264,Li28,5330.4
91469,T4c,5330.6
33907,Mi1,5330.6
93566,T4a,5330.7
35770,Mi1,5331.0
91806,T4a,5331.0
15909,Li28,5331.2
35405,Mi1,5331.2
33462,Mi1,5331.599999999999
23047,Li28,5331.700000000001
16545,Li28,5331.9
65671,Mi1,5331.9
50333,TmY3,5332.5
98099,T4b,5332.6
36540,Mi1,5332.8
66325,Tm3,5332.8
34479,Mi1,5332.900000000001
94305,T4a,5332.900000000001
10015,HSN,5333.4
109142,T4b,5333.7
94624,T4a,5333.8
59397,Mi1,5334.299999999999
35498,Mi1,5334.400000000001
34849,Mi1,5334.599999999999
17596,Li28,5334.700000000001
75848,T2a,5335.0
92706,T4a,5335.500000000001
35017,Mi1,5335.6
54087,Mi1,5336.1
11981,Li28,5336.2
55976,Mi1,5336.8
14209,Li28,5336.9
15263,Li28,5336.9
15019,Li28,5337.1
77383,T2a,5337.5
90049,T4c,5337.7
35840,Mi1,5337.8
34189,Mi1,5338.200000000001
102016,T4a,5338.6
76325,T2a,5338.7
97899,T4a,5339.0
34057,Mi1,5339.3
16596,Li28,5339.400000000001
19292,Li28,5339.400000000001
33655,Mi1,5339.400000000001
37000,Mi1,5339.9
10016,HSE,5340.2
51122,Mi1,5340.2
112744,T4d,5340.3
97231,T4a,5340.5
56564,Mi1,5340.8
35836,Mi1,5341.6
16033,Li28,5342.299999999999
53065,Mi1,5342.400000000001
15909,Li28,5342.5
36252,Mi1,5342.599999999999
42119,Mi1,5342.599999999999
98788,T4d,5343.3
33907,Mi1,5344.2
17280,Li28,5344.3
35770,Mi1,5344.700000000001
10015,HSN,5344.700000000001
20264,Li28,5344.700000000001
34356,Mi1,5344.8
16545,Li28,5345.1
35405,Mi1,5345.6
118924,Tm3,5345.900000000001
65671,Mi1,5346.0
71052,T2a,5346.099999999999
23047,Li28,5346.4
33462,Mi1,5346.8
98381,T4d,5346.900000000001
34479,Mi1,5346.900000000001
104257,T4b,5347.1
76524,Tm3,5347.599999999999
34849,Mi1,5347.9
77480,Tm3,5348.6
95883,T4a,5348.6
52328,TmY3,5348.900000000001
35498,Mi1,5349.0
89434,T4c,5349.3
92047,T4c,5349.6
95458,T4d,5349.6
11981,Li28,5349.8
95822,T4b,5350.0
17596,Li28,5350.299999999999
54885,TmY3,5350.299999999999
92939,T4b,5350.400000000001
35017,Mi1,5350.5
55976,Mi1,5350.5
36540,Mi1,5350.6
14209,Li28,5350.700000000001
15019,Li28,5351.0
66808,Tm3,5351.0
532850,Tm3,5351.4
15263,Li28,5351.7
83365,T2a,5351.7
59397,Mi1,5351.8
79345,T2a,5352.1
35840,Mi1,5352.2
54087,Mi1,5352.2
97872,T4d,5352.400000000001
93750,T4c,5352.6
102791,T4c,5352.6
92706,T4a,5352.700000000001
34189,Mi1,5352.700000000001
100867,T4b,5352.8
34057,Mi1,5353.2
15909,Li28,5354.0
16596,Li28,5354.099999999999
51122,Mi1,5354.099999999999
74023,T2a,5354.200000000001
37000,Mi1,5354.5
85126,T4a,5354.7
56564,Mi1,5354.8
19292,Li28,5355.0
92114,T4c,5355.0
36252,Mi1,5355.400000000001
47368,TmY3,5355.8
99423,T4d,5355.8
53065,Mi1,5355.9
91444,T4c,5355.9
35836,Mi1,5356.0
101772,Tm3,5356.0
96295,T4b,5356.2
33655,Mi1,5356.4
16033,Li28,5356.5
106952,T4b,5356.6
42119,Mi1,5357.4
33907,Mi1,5357.6
98985,T4c,5357.8
35405,Mi1,5358.1
34356,Mi1,5358.3
99922,T4c,5358.400000000001
17280,Li28,5358.6
35770,Mi1,5358.700000000001
73828,Tm3,5358.700000000001
75521,T2a,5358.700000000001
16545,Li28,5358.8
66214,T2a,5358.8
94305,T4a,5358.8
20264,Li28,5359.1
61401,T2a,5359.200000000001
83979,T4a,5359.200000000001
88625,T4c,5359.7
34369,Mi1,5359.8
65671,Mi1,5359.8
50333,TmY3,5359.900000000001
99663,T4c,5360.0
110646,T4b,5360.1
103479,T4c,5360.700000000001
114391,T4d,5360.9
23047,Li28,5361.1
91806,T4a,5361.400000000001
33462,Mi1,5361.5
34849,Mi1,5361.5
97675,T4c,5361.5
34479,Mi1,5361.6
69380,Tm3,5361.8
35498,Mi1,5362.099999999999
51231,TmY3,5362.099999999999
94624,T4a,5362.3
98887,T4b,5362.3
105698,T4c,5362.7
90465,T4a,5362.8
35017,Mi1,5363.0
11981,Li28,5363.1
108349,T4d,5363.5
91469,T4c,5363.599999999999
116716,T4b,5363.599999999999
15909,Li28,5364.1
17596,Li28,5364.3
69597,Tm3,5364.4
55976,Mi1,5364.5
92996,T4a,5364.5
15019,Li28,5364.900000000001
14209,Li28,5365.200000000001
63420,Mi1,5365.3
92431,T4a,5365.3
90049,T4c,5365.4
98099,T4b,5365.6
93566,T4a,5365.9
54087,Mi1,5366.0
108307,T4b,5366.2
36540,Mi1,5366.400000000001
10015,HSN,5366.6
35840,Mi1,5366.700000000001
34189,Mi1,5366.900000000001
34057,Mi1,5367.500000000001
97899,T4a,5367.500000000001
109598,T4b,5367.500000000001
15263,Li28,5367.7
37948,Mi1,5367.7
51122,Mi1,5367.7
16596,Li28,5367.8
37000,Mi1,5368.2
59397,Mi1,5368.400000000001
10025,H2,5368.599999999999
56564,Mi1,5368.8
36252,Mi1,5369.000000000001
97028,T4c,5369.3
16033,Li28,5369.5
10016,HSE,5370.200000000001
19292,Li28,5370.200000000001
95883,T4a,5370.200000000001
109142,T4b,5370.3
66808,Tm3,5370.4
35836,Mi1,5370.6
92842,T4a,5370.7
38767,Mi1,5370.7
34356,Mi1,5370.7
35770,Mi1,5370.7
53065,Mi1,5371.0
16545,Li28,5371.3
107442,T4d,5371.400000000001
33655,Mi1,5371.599999999999
35405,Mi1,5371.8
17280,Li28,5372.5
33907,Mi1,5372.6
116129,T4b,5372.7
92047,T4c,5373.099999999999
42119,Mi1,5373.3
65671,Mi1,5373.9
74228,Tm3,5374.2
98788,T4d,5374.3
75848,T2a,5374.5
20264,Li28,5375.4
92706,T4a,5375.4
15909,Li28,5375.7
23047,Li28,5375.8
100867,T4b,5375.8
34479,Mi1,5376.0
11981,Li28,5376.3
35498,Mi1,5376.3
104257,T4b,5376.400000000001
91283,T4c,5376.5
33462,Mi1,5376.700000000001
35017,Mi1,5376.9
34849,Mi1,5377.3
55976,Mi1,5377.7
98381,T4d,5377.7
102791,T4c,5378.6
96295,T4b,5379.1
17596,Li28,5379.5
34189,Mi1,5379.700000000001
14209,Li28,5379.700000000001
15019,Li28,5379.8
101772,Tm3,5379.8
36540,Mi1,5380.4
34057,Mi1,5380.5
54087,Mi1,5381.200000000001
37000,Mi1,5381.3
10015,HSN,5381.5
35840,Mi1,5381.6
15263,Li28,5382.400000000001
92114,T4c,5382.5
74023,T2a,5382.7
77383,T2a,5382.900000000001
51122,Mi1,5383.0
16033,Li28,5383.3
99663,T4c,5383.3
34369,Mi1,5383.500000000001
56564,Mi1,5383.500000000001
76325,T2a,5383.6
19292,Li28,5383.8
36252,Mi1,5383.8
34356,Mi1,5383.900000000001
59397,Mi1,5384.0
35836,Mi1,5384.3
83365,T2a,5384.5
16596,Li28,5384.700000000001
53065,Mi1,5385.000000000001
16545,Li28,5385.1
35405,Mi1,5385.6
35770,Mi1,5385.8
33655,Mi1,5385.900000000001
63420,Mi1,5386.0
33907,Mi1,5386.7
50333,TmY3,5387.0
118924,Tm3,5387.2
17280,Li28,5387.5
65671,Mi1,5387.599999999999
80302,T2a,5388.0
69380,Tm3,5388.2
83979,T4a,5388.5
89434,T4c,5388.5
105718,T4b,5388.5
42119,Mi1,5388.6
15909,Li28,5388.900000000001
95458,T4d,5389.3
37948,Mi1,5389.4
38767,Mi1,5389.6
35498,Mi1,5389.6
20264,Li28,5389.6
34479,Mi1,5389.7
104858,T4b,5390.1
23047,Li28,5390.400000000001
93750,T4c,5390.5
66325,Tm3,5390.8
35017,Mi1,5390.900000000001
97675,T4c,5391.0
11981,Li28,5391.1
33462,Mi1,5391.3
34849,Mi1,5391.8
92939,T4b,5392.400000000001
55976,Mi1,5393.000000000001
79257,Tm3,5393.7
37000,Mi1,5393.900000000001
91469,T4c,5394.0
15019,Li28,5394.099999999999
34189,Mi1,5394.099999999999
17596,Li28,5394.4
34057,Mi1,5394.4
92431,T4a,5394.6
14209,Li28,5395.1
54087,Mi1,5395.3
36540,Mi1,5396.2
98985,T4c,5396.5
88951,Tm3,5396.799999999999
15263,Li28,5396.900000000001
35840,Mi1,5396.900000000001
16033,Li28,5397.0
56564,Mi1,5397.6
34356,Mi1,5397.700000000001
53065,Mi1,5397.8
95883,T4a,5397.8
35836,Mi1,5398.000000000001
36252,Mi1,5398.1
16545,Li28,5398.1
19292,Li28,5398.1
51122,Mi1,5398.5
95005,T4a,5398.5
91806,T4a,5398.7
66808,Tm3,5399.1
35405,Mi1,5399.3
47368,TmY3,5399.500000000001
71052,T2a,5399.500000000001
94624,T4a,5399.500000000001
85126,T4a,5399.6
59397,Mi1,5399.6
16596,Li28,5399.7
35770,Mi1,5400.1
92047,T4c,5400.1
33655,Mi1,5400.3
34369,Mi1,5400.3
94305,T4a,5400.700000000001
34862,Mi1,5401.000000000001
99922,T4c,5401.000000000001
45005,TmY3,5401.1
98099,T4b,5401.2
69597,Tm3,5401.3
33907,Mi1,5401.3
52328,TmY3,5401.400000000001
34045,Mi1,5401.7
41809,Mi1,5401.900000000001
73828,Tm3,5401.900000000001
15909,Li28,5402.0
39158,Mi1,5402.099999999999
42119,Mi1,5402.099999999999
66214,T2a,5402.099999999999
17280,Li28,5402.200000000001
63420,Mi1,5402.3
87424,T4d,5402.3
33446,Mi1,5402.3
104257,T4b,5402.4
65671,Mi1,5402.8
20264,Li28,5402.900000000001
88625,T4c,5402.900000000001
90049,T4c,5402.900000000001
38479,Mi1,5403.1
54885,TmY3,5403.2
35498,Mi1,5403.400000000001
11981,Li28,5403.700000000001
37019,Mi1,5403.8
98887,T4b,5403.9
76524,Tm3,5404.2
34479,Mi1,5404.5
75521,T2a,5404.5
109142,T4b,5404.900000000001
37948,Mi1,5405.099999999999
102791,T4c,5405.3
105698,T4c,5405.3
38767,Mi1,5405.400000000001
97899,T4a,5405.400000000001
92706,T4a,5405.5
98788,T4d,5405.6
23047,Li28,5405.6
98381,T4d,5405.6
33462,Mi1,5405.8
34849,Mi1,5405.8
35017,Mi1,5405.8
110646,T4b,5405.9
101772,Tm3,5406.000000000001
91444,T4c,5406.6
32893,Mi1,5406.8
55976,Mi1,5406.900000000001
75848,T2a,5407.200000000001
103479,T4c,5407.3
37000,Mi1,5407.7
100867,T4b,5407.7
34189,Mi1,5408.5
99663,T4c,5408.5
109598,T4b,5408.5
34057,Mi1,5408.8
106952,T4b,5408.8
122308,Tm3,5408.9
93566,T4a,5409.000000000001
15019,Li28,5409.000000000001
10015,HSN,5409.2
17596,Li28,5409.2
74023,T2a,5409.5
50333,TmY3,5409.6
14209,Li28,5409.7
92114,T4c,5409.8
16033,Li28,5410.0
16545,Li28,5410.099999999999
54087,Mi1,5410.3
34356,Mi1,5410.5
95822,T4b,5410.5
36540,Mi1,5410.6
56564,Mi1,5410.9
35836,Mi1,5410.9
91283,T4c,5411.0
10016,HSE,5411.1
15263,Li28,5411.2
35840,Mi1,5411.5
36252,Mi1,5411.5
53065,Mi1,5411.5
532850,Tm3,5411.8
83365,T2a,5412.0
97028,T4c,5412.0
10025,H2,5412.1
107442,T4d,5412.4
97231,T4a,5412.900000000001
114391,T4d,5412.900000000001
19292,Li28,5413.200000000001
51231,TmY3,5413.3
51122,Mi1,5413.6
35405,Mi1,5413.700000000001
16596,Li28,5413.9
79271,T4a,5414.000000000001
97171,T4d,5414.000000000001
100680,T4d,5414.000000000001
108307,T4b,5414.2
15909,Li28,5414.2
59397,Mi1,5414.400000000001
102462,T4c,5414.5
35770,Mi1,5414.8
95681,T4a,5414.8
33655,Mi1,5415.3
34369,Mi1,5415.4
112744,T4d,5415.4
42119,Mi1,5415.500000000001
98300,T4a,5415.500000000001
92842,T4a,5415.8
33907,Mi1,5416.0
11981,Li28,5416.3
63420,Mi1,5416.599999999999
17280,Li28,5417.000000000001
35498,Mi1,5417.000000000001
116716,T4b,5417.000000000001
69380,Tm3,5417.1
92996,T4a,5417.400000000001
96295,T4b,5417.5
65671,Mi1,5417.6
83979,T4a,5417.7
91469,T4c,5418.0
20264,Li28,5418.200000000001
97675,T4c,5418.4
33462,Mi1,5418.9
34479,Mi1,5418.9
94305,T4a,5418.9
10037,VS,5419.0
90465,T4a,5419.0
97249,T4d,5419.400000000001
35017,Mi1,5419.5
37948,Mi1,5419.5
95458,T4d,5419.599999999999
23047,Li28,5419.599999999999
10112,VS,5420.0
92431,T4a,5420.2
34849,Mi1,5420.6
38767,Mi1,5421.200000000001
34045,Mi1,5421.3
95883,T4a,5421.3
66808,Tm3,5421.700000000001
101215,T4c,5421.700000000001
33446,Mi1,5421.9
79345,T2a,5421.9
34862,Mi1,5422.1
34057,Mi1,5422.1
37000,Mi1,5422.2
10015,HSN,5422.3
89434,T4c,5422.400000000001
55976,Mi1,5422.5
39158,Mi1,5422.6
109536,T4d,5422.7
34189,Mi1,5423.1
38479,Mi1,5423.3
41809,Mi1,5423.3
16033,Li28,5423.6
15019,Li28,5423.7
16545,Li28,5424.1
10016,HSE,5424.2
37019,Mi1,5424.400000000001
34356,Mi1,5424.5
99423,T4d,5424.5
56564,Mi1,5424.599999999999
53065,Mi1,5424.700000000001
98985,T4c,5424.700000000001
35840,Mi1,5424.8
36540,Mi1,5424.9
17596,Li28,5425.1
54087,Mi1,5425.2
14209,Li28,5425.2
35836,Mi1,5425.3
15909,Li28,5425.6
77383,T2a,5426.0
15263,Li28,5426.099999999999
92047,T4c,5426.4
36252,Mi1,5426.5
19292,Li28,5427.1
89290,T4d,5427.1
74228,Tm3,5427.2
97899,T4a,5427.3
101383,T4b,5427.5
108349,T4d,5427.9
89368,T4c,5428.0
32893,Mi1,5428.1
35405,Mi1,5428.1
71161,T2a,5428.1
35770,Mi1,5428.2
16596,Li28,5428.3
51122,Mi1,5428.8
34369,Mi1,5428.900000000001
99922,T4c,5429.3
71052,T2a,5429.5
47368,TmY3,5429.9
59397,Mi1,5430.2
104257,T4b,5430.2
73284,T2a,5430.400000000001
63420,Mi1,5430.5
11981,Li28,5430.6
42119,Mi1,5430.7
33655,Mi1,5430.900000000001
103639,T4d,5430.900000000001
118924,Tm3,5431.0
33907,Mi1,5431.099999999999
65671,Mi1,5431.7
35498,Mi1,5431.8
17280,Li28,5432.400000000001
33462,Mi1,5432.5
37948,Mi1,5433.0
105718,T4b,5433.2
34479,Mi1,5433.3
35017,Mi1,5433.5
10037,VS,5433.7
34849,Mi1,5433.8
88625,T4c,5433.8
20264,Li28,5434.3
74023,T2a,5434.7
23047,Li28,5434.7
98887,T4b,5435.0
101772,Tm3,5435.700000000001
92114,T4c,5435.8
93750,T4c,5435.8
38767,Mi1,5436.0
69597,Tm3,5436.0
10112,VS,5436.3
34189,Mi1,5436.3
78561,Tm3,5436.5
16033,Li28,5436.7
92706,T4a,5436.8
37000,Mi1,5436.8
33446,Mi1,5436.900000000001
77480,Tm3,5437.0
15909,Li28,5437.200000000001
55976,Mi1,5437.3
116129,T4b,5437.3
117627,Tm3,5437.700000000001
15019,Li28,5437.9
34057,Mi1,5437.9
36540,Mi1,5438.1
34356,Mi1,5438.3
14209,Li28,5438.6
53065,Mi1,5438.6
34862,Mi1,5438.7
39158,Mi1,5438.7
92939,T4b,5438.8
98788,T4d,5439.099999999999
56564,Mi1,5439.200000000001
94624,T4a,5439.200000000001
38479,Mi1,5439.500000000001
98381,T4d,5439.6
34045,Mi1,5439.8
16545,Li28,5439.900000000001
35836,Mi1,5440.0
35840,Mi1,5440.0
50333,TmY3,5440.0
91469,T4c,5440.0
36252,Mi1,5440.1
85126,T4a,5440.2
97872,T4d,5440.2
76325,T2a,5440.3
54087,Mi1,5440.5
41809,Mi1,5440.8
91806,T4a,5440.8
17596,Li28,5440.9
19292,Li28,5441.0
15263,Li28,5441.2
37019,Mi1,5441.400000000001
35770,Mi1,5441.8
99663,T4c,5441.900000000001
66808,Tm3,5442.0
51231,TmY3,5442.3
98099,T4b,5442.3
35405,Mi1,5442.4
51122,Mi1,5442.4
69793,T2a,5442.5
16596,Li28,5442.6
86686,T4c,5442.6
95005,T4a,5442.7
93566,T4a,5443.3
32893,Mi1,5443.5
59397,Mi1,5443.599999999999
75521,T2a,5443.599999999999
69380,Tm3,5443.9
33655,Mi1,5444.0
34369,Mi1,5444.1
103479,T4c,5444.4
97675,T4c,5444.4
83979,T4a,5444.5
95883,T4a,5444.7
10015,HSN,5445.0
11981,Li28,5445.0
42119,Mi1,5445.0
102791,T4c,5445.0
102462,T4c,5445.2
63420,Mi1,5445.400000000001
95458,T4d,5445.6
65671,Mi1,5445.700000000001
109142,T4b,5445.8
17280,Li28,5445.8
97231,T4a,5445.8
33907,Mi1,5446.2
35017,Mi1,5446.2
73828,Tm3,5446.3
104858,T4b,5446.400000000001
92047,T4c,5446.5
100867,T4b,5446.6
35498,Mi1,5446.6
33462,Mi1,5447.0
37948,Mi1,5447.099999999999
90049,T4c,5447.6
34479,Mi1,5447.6
34849,Mi1,5447.8
66980,T2a,5447.900000000001
15909,Li28,5448.3
68522,T2a,5448.400000000001
91444,T4c,5448.700000000001
79271,T4a,5448.8
112744,T4d,5448.8
38767,Mi1,5448.9
10025,H2,5449.0
83365,T2a,5449.400000000001
96295,T4b,5449.8
34189,Mi1,5449.900000000001
55976,Mi1,5449.900000000001
89434,T4c,5449.900000000001
23047,Li28,5450.0
20264,Li28,5450.200000000001
16033,Li28,5450.3
92431,T4a,5450.3
94305,T4a,5450.4
34057,Mi1,5450.5
109598,T4b,5451.2
97899,T4a,5451.2
37000,Mi1,5451.400000000001
95822,T4b,5451.400000000001
101005,T4d,5451.400000000001
110646,T4b,5451.8
73096,T2a,5452.0
98985,T4c,5452.0
10016,HSE,5452.2
36540,Mi1,5452.2
33446,Mi1,5452.500000000001
56564,Mi1,5452.7
34356,Mi1,5452.7
53065,Mi1,5452.900000000001
106952,T4b,5453.3
16545,Li28,5453.400000000001
36252,Mi1,5453.400000000001
39158,Mi1,5453.6
14209,Li28,5453.9
95681,T4a,5454.000000000001
107442,T4d,5454.000000000001
80302,T2a,5454.1
15019,Li28,5454.1
34862,Mi1,5454.6
103022,T4a,5454.8
35770,Mi1,5454.8
38479,Mi1,5455.200000000001
35836,Mi1,5455.3
41809,Mi1,5455.3
54087,Mi1,5455.3
108307,T4b,5455.3
17596,Li28,5455.4
35840,Mi1,5455.500000000001
51122,Mi1,5455.7
92114,T4c,5456.0
105698,T4c,5456.1
15263,Li28,5456.1
34045,Mi1,5456.1
71052,T2a,5456.3
35405,Mi1,5456.599999999999
66214,T2a,5456.599999999999
37019,Mi1,5456.8
91283,T4c,5456.8
19292,Li28,5457.0
45005,TmY3,5457.2
99628,T4b,5457.2
74023,T2a,5457.5
16596,Li28,5457.5
47368,TmY3,5458.3
59397,Mi1,5458.4
32893,Mi1,5458.5
34369,Mi1,5458.6
118924,Tm3,5458.6
78422,Tm3,5458.9
99922,T4c,5459.0
63420,Mi1,5459.2
42119,Mi1,5459.299999999999
33655,Mi1,5459.299999999999
11981,Li28,5459.8
98668,T4a,5460.0
33907,Mi1,5460.1
35017,Mi1,5460.200000000001
104257,T4b,5460.4
10025,H2,5460.500000000001
17280,Li28,5460.6
37948,Mi1,5460.6
89368,T4c,5460.6
15909,Li28,5460.7
65671,Mi1,5460.8
107170,T4b,5461.0
33462,Mi1,5461.1
35498,Mi1,5461.2
83689,T4a,5461.3
34849,Mi1,5461.400000000001
92706,T4a,5461.5
71773,T2a,5461.6
90465,T4a,5461.6
98887,T4b,5462.2
34479,Mi1,5462.7
94179,T4a,5462.900000000001
97675,T4c,5462.900000000001
97028,T4c,5463.0
54885,TmY3,5463.200000000001
91469,T4c,5463.200000000001
55976,Mi1,5463.3
101772,Tm3,5463.3
66808,Tm3,5463.4
34057,Mi1,5463.6
38767,Mi1,5463.7
101873,T4b,5463.7
101043,T4c,5463.900000000001
92996,T4a,5464.0
114391,T4d,5464.0
10015,HSN,5464.0
52328,TmY3,5464.2
77676,T2a,5464.2
77383,T2a,5464.3
98788,T4d,5464.8
16033,Li28,5465.0
34189,Mi1,5465.1
93750,T4c,5465.3
23047,Li28,5465.5
92842,T4a,5465.8
37000,Mi1,5465.900000000001
20264,Li28,5466.200000000001
34356,Mi1,5466.4
95883,T4a,5466.6
16545,Li28,5466.9
56564,Mi1,5467.0
36252,Mi1,5467.2
33446,Mi1,5467.400000000001
53065,Mi1,5467.5
99663,T4c,5467.700000000001
102791,T4c,5468.0
50333,TmY3,5468.200000000001
36540,Mi1,5468.3
98381,T4d,5468.4
14209,Li28,5468.4
15019,Li28,5468.500000000001
10016,HSE,5468.500000000001
35770,Mi1,5468.8
39158,Mi1,5468.8
101215,T4c,5468.8
35840,Mi1,5469.3
51122,Mi1,5469.400000000001
109536,T4d,5469.5
34862,Mi1,5469.6
93566,T4a,5469.6
38479,Mi1,5469.700000000001
92047,T4c,5469.8
71161,T2a,5469.8
41809,Mi1,5469.8
69597,Tm3,5470.2
54087,Mi1,5470.5
88625,T4c,5470.5
34045,Mi1,5470.6
35836,Mi1,5470.6
17596,Li28,5470.7
74231,Tm3,5470.900000000001
15263,Li28,5471.0
89290,T4d,5471.0
66325,Tm3,5471.200000000001
35405,Mi1,5471.200000000001
92939,T4b,5471.7
19292,Li28,5471.8
15909,Li28,5471.900000000001
98300,T4a,5472.1
61401,T2a,5472.3
69380,Tm3,5472.5
33655,Mi1,5472.599999999999
95458,T4d,5472.700000000001
102462,T4c,5472.700000000001
59397,Mi1,5472.8
83979,T4a,5472.8
37019,Mi1,5472.8
94624,T4a,5472.9
16596,Li28,5473.0
34369,Mi1,5473.0
42119,Mi1,5473.0
82145,T2a,5473.1
74228,Tm3,5473.4
100867,T4b,5473.5
11981,Li28,5473.6
89434,T4c,5473.8
97161,T4a,5473.900000000001
65671,Mi1,5474.0
33907,Mi1,5474.099999999999
35017,Mi1,5474.4
10037,VS,5474.5
109142,T4b,5474.5
32893,Mi1,5474.6
35498,Mi1,5474.6
63420,Mi1,5474.6
73284,T2a,5475.0
10112,VS,5475.2
33462,Mi1,5475.2
17280,Li28,5475.299999999999
34849,Mi1,5475.5
51231,TmY3,5475.8
105718,T4b,5475.900000000001
37948,Mi1,5476.1
34479,Mi1,5476.200000000001
91682,T4b,5476.200000000001
75848,T2a,5476.4
97899,T4a,5476.6
97249,T4d,5476.900000000001
34057,Mi1,5477.3
92431,T4a,5477.400000000001
91057,T4c,5477.400000000001
55976,Mi1,5477.6
10015,HSN,5477.700000000001
16033,Li28,5477.9
83365,T2a,5477.9
85126,T4a,5478.400000000001
102016,T4a,5478.5
92644,T4d,5478.6
38767,Mi1,5478.900000000001
96295,T4b,5479.200000000001
532850,Tm3,5479.4
34189,Mi1,5479.4
34356,Mi1,5479.6
16545,Li28,5479.7
95364,T4d,5479.7
104297,T4a,5479.7
92114,T4c,5479.8
93972,T4a,5479.8
37000,Mi1,5480.0
47368,TmY3,5480.0
99423,T4d,5480.0
74023,T2a,5480.2
116129,T4b,5480.3
56564,Mi1,5480.5
98099,T4b,5480.8
23047,Li28,5481.2
110646,T4b,5481.4
20264,Li28,5481.7
33446,Mi1,5481.7
98985,T4c,5481.8
10025,H2,5482.099999999999
53065,Mi1,5482.099999999999
36252,Mi1,5482.200000000001
36540,Mi1,5482.200000000001
14209,Li28,5482.200000000001
35770,Mi1,5482.200000000001
10016,HSE,5482.3
106952,T4b,5482.5
35840,Mi1,5482.6
66808,Tm3,5482.7
91806,T4a,5482.7
95005,T4a,5482.7
39158,Mi1,5482.8
73828,Tm3,5483.400000000001
67719,T2a,5483.400000000001
94305,T4a,5483.400000000001
38479,Mi1,5483.6
15909,Li28,5483.6
10023,HSS,5483.8
122308,Tm3,5483.8
79271,T4a,5483.900000000001
15019,Li28,5484.0
41809,Mi1,5484.0
34862,Mi1,5484.3
51122,Mi1,5484.3
35405,Mi1,5484.4
35836,Mi1,5484.8
34045,Mi1,5484.900000000001
109598,T4b,5485.1
108349,T4d,5485.1
54087,Mi1,5485.3
76524,Tm3,5485.400000000001
107442,T4d,5485.5
95883,T4a,5485.700000000001
15263,Li28,5485.8
37019,Mi1,5486.000000000001
33655,Mi1,5486.2
89368,T4c,5486.3
90049,T4c,5486.400000000001
10015,HSN,5486.6
97675,T4c,5486.8
11981,Li28,5487.0
19292,Li28,5487.0
95822,T4b,5487.0
17596,Li28,5487.200000000001
42119,Mi1,5487.200000000001
65671,Mi1,5487.200000000001
77480,Tm3,5487.200000000001
92706,T4a,5487.200000000001
34369,Mi1,5487.4
16596,Li28,5487.5
34933,Mi1,5487.6
10112,VS,5487.6
103479,T4c,5488.0
116716,T4b,5488.0
100680,T4d,5488.599999999999
59397,Mi1,5488.700000000001
63420,Mi1,5488.9
33462,Mi1,5489.0
98887,T4b,5489.3
45005,TmY3,5489.4
35498,Mi1,5489.6
75521,T2a,5489.6
32893,Mi1,5489.6
33907,Mi1,5489.8
98788,T4d,5489.900000000001
10037,VS,5490.0
36446,Mi1,5490.0
17280,Li28,5490.099999999999
34479,Mi1,5490.3
34849,Mi1,5490.4
47962,TmY3,5490.4
100787,T4b,5490.4
34057,Mi1,5490.5
86686,T4c,5490.6
35017,Mi1,5490.6
104858,T4b,5490.7
37948,Mi1,5490.9
16033,Li28,5491.2
77383,T2a,5491.2
10016,HSE,5491.700000000001
33942,Mi1,5492.0
34356,Mi1,5492.1
91283,T4c,5492.1
36533,Mi1,5492.3
101772,Tm3,5492.500000000001
91469,T4c,5492.6
71052,T2a,5492.6
34189,Mi1,5492.7
16545,Li28,5492.8
38767,Mi1,5492.8
58862,Mi1,5492.8
99922,T4c,5492.8
55976,Mi1,5492.900000000001
93750,T4c,5493.1
91444,T4c,5493.2
117627,Tm3,5493.3
37000,Mi1,5493.5
50333,TmY3,5493.700000000001
36954,Mi1,5494.000000000001
92047,T4c,5494.1
112321,T4d,5494.2
56564,Mi1,5494.6
94287,T4d,5494.6
61659,Tm3,5494.7
99663,T4c,5494.7
33446,Mi1,5495.0
69380,Tm3,5495.099999999999
76325,T2a,5495.200000000001
103022,T4a,5495.200000000001
15909,Li28,5495.200000000001
104257,T4b,5495.4
112744,T4d,5495.7
53065,Mi1,5496.0
20264,Li28,5496.2
97899,T4a,5496.2
49324,Mi1,5496.3
88951,Tm3,5496.3
36252,Mi1,5496.400000000001
93566,T4a,5496.5
23047,Li28,5496.700000000001
97171,T4d,5496.9
89434,T4c,5497.0
14209,Li28,5497.1
35770,Mi1,5497.1
51122,Mi1,5497.1
69597,Tm3,5497.2
87424,T4d,5497.2
102791,T4c,5497.3
39158,Mi1,5497.4
94624,T4a,5497.4
35840,Mi1,5497.5
15019,Li28,5497.6
36540,Mi1,5497.7
34862,Mi1,5497.900000000001
10025,H2,5498.200000000001
35405,Mi1,5498.3
41809,Mi1,5498.4
36217,Mi1,5498.9
38479,Mi1,5498.9
34045,Mi1,5499.0
35836,Mi1,5499.2
109649,T4c,5499.2
88625,T4c,5499.400000000001
100867,T4b,5499.5
33655,Mi1,5499.5
10112,VS,5499.8
65671,Mi1,5499.900000000001
98381,T4d,5499.900000000001
101383,T4b,5499.900000000001
97231,T4a,5500.200000000001
122233,Tm3,5500.3
34369,Mi1,5500.4
66214,T2a,5500.4
118924,Tm3,5500.500000000001
54087,Mi1,5500.6
37019,Mi1,5500.6
79257,Tm3,5500.7
11981,Li28,5500.8
10015,HSN,5501.0
15263,Li28,5501.1
109142,T4b,5501.400000000001
19292,Li28,5501.8
83979,T4a,5501.9
105698,T4c,5502.000000000001
42119,Mi1,5502.1
68562,T2a,5502.2
104414,T4d,5502.400000000001
35498,Mi1,5502.400000000001
59397,Mi1,5502.400000000001
95681,T4a,5502.6
17596,Li28,5502.7
34057,Mi1,5502.900000000001
66980,T2a,5503.0
104191,T4a,5503.0
54885,TmY3,5503.200000000001
92939,T4b,5503.200000000001
16596,Li28,5503.6
89290,T4d,5503.7
95453,T4a,5503.8
34849,Mi1,5503.900000000001
88992,T4c,5503.900000000001
33462,Mi1,5504.0
10037,VS,5504.1
34479,Mi1,5504.1
37948,Mi1,5504.2
35017,Mi1,5504.5
101005,T4d,5504.5
16033,Li28,5504.599999999999
97028,T4c,5504.599999999999
63420,Mi1,5504.700000000001
16545,Li28,5504.700000000001
33907,Mi1,5504.8
66808,Tm3,5504.8
92431,T4a,5504.9
111184,T4a,5504.9
47368,TmY3,5505.0
32893,Mi1,5505.1
104683,T4b,5505.4
15909,Li28,5505.7
51231,TmY3,5505.7
101215,T4c,5506.0
90049,T4c,5506.0
34356,Mi1,5506.0
34189,Mi1,5506.099999999999
17280,Li28,5506.200000000001
37000,Mi1,5506.5
99950,T4c,5506.6
98099,T4b,5507.0
10016,HSE,5507.400000000001
38767,Mi1,5507.5
78561,Tm3,5507.5
83365,T2a,5507.6
92114,T4c,5507.700000000001
55976,Mi1,5507.8
95883,T4a,5508.200000000001
34933,Mi1,5508.500000000001
36446,Mi1,5508.500000000001
91806,T4a,5508.500000000001
94305,T4a,5508.500000000001
56564,Mi1,5509.0
101043,T4c,5509.0
33446,Mi1,5509.400000000001
98300,T4a,5509.599999999999
105718,T4b,5509.599999999999
110646,T4b,5509.8
103654,T4b,5509.8
108307,T4b,5509.8
91469,T4c,5510.000000000001
73586,Tm3,5510.1
96295,T4b,5510.1
71161,T2a,5510.2
74023,T2a,5510.2
36252,Mi1,5510.3
53065,Mi1,5510.5
35770,Mi1,5510.8
90121,T4b,5510.8
102462,T4c,5511.099999999999
92842,T4a,5511.4
23047,Li28,5511.4
51122,Mi1,5511.7
35840,Mi1,5511.8
36540,Mi1,5511.8
20264,Li28,5511.900000000001
10015,HSN,5512.0
36533,Mi1,5512.1
95005,T4a,5512.2
41809,Mi1,5512.5
39158,Mi1,5512.5
33942,Mi1,5512.5
14209,Li28,5512.5
10025,H2,5512.5
58862,Mi1,5512.599999999999
49324,Mi1,5512.8
15019,Li28,5512.9
95458,T4d,5512.9
34862,Mi1,5513.1
35405,Mi1,5513.2
36954,Mi1,5513.6
34045,Mi1,5513.7
54211,TmY3,5513.8
35836,Mi1,5513.8
90465,T4a,5514.0
98887,T4b,5514.0
38479,Mi1,5514.099999999999
54087,Mi1,5514.3
97675,T4c,5514.3
33655,Mi1,5514.4
11981,Li28,5514.6
65513,T2a,5514.8
85126,T4a,5515.0
65671,Mi1,5515.1
59397,Mi1,5515.3
92706,T4a,5515.400000000001
15263,Li28,5515.8
37019,Mi1,5515.8
95822,T4b,5515.8
34057,Mi1,5515.900000000001
74231,Tm3,5515.900000000001
34369,Mi1,5516.0
92047,T4c,5516.200000000001
73284,T2a,5516.3
98788,T4d,5516.6
42119,Mi1,5516.7
10016,HSE,5517.0
35498,Mi1,5517.1
33462,Mi1,5517.2
16596,Li28,5517.3
83689,T4a,5517.3
17596,Li28,5517.400000000001
37948,Mi1,5517.400000000001
69793,T2a,5517.400000000001
52328,TmY3,5517.5
19292,Li28,5517.599999999999
92996,T4a,5517.599999999999
15909,Li28,5517.599999999999
34479,Mi1,5518.000000000001
36217,Mi1,5518.1
91682,T4b,5518.2
104257,T4b,5518.2
16545,Li28,5518.3
33907,Mi1,5518.3
98668,T4a,5518.3
85737,T2a,5518.5
34849,Mi1,5518.6
16033,Li28,5518.6
35017,Mi1,5518.7
92281,T4c,5518.8
94179,T4a,5518.900000000001
32893,Mi1,5519.200000000001
34189,Mi1,5519.5
75521,T2a,5519.6
101772,Tm3,5519.7
63420,Mi1,5519.900000000001
68522,T2a,5519.900000000001
37000,Mi1,5520.0
98985,T4c,5520.1
73828,Tm3,5520.3
86686,T4c,5520.5
99922,T4c,5520.8
17280,Li28,5521.1
34356,Mi1,5521.1
103022,T4a,5521.1
10015,HSN,5521.3
56564,Mi1,5521.5
38767,Mi1,5521.6
75848,T2a,5521.7
97899,T4a,5521.7
55976,Mi1,5521.7
68842,TmY3,5521.7
106952,T4b,5522.0
102791,T4c,5522.099999999999
80302,T2a,5522.3
97161,T4a,5522.3
99663,T4c,5522.3
71052,T2a,5522.4
93750,T4c,5522.4
99423,T4d,5522.5
98381,T4d,5522.6
10025,H2,5522.8
91283,T4c,5523.1
50333,TmY3,5523.2
116129,T4b,5523.5
34933,Mi1,5523.7
33446,Mi1,5523.900000000001
35770,Mi1,5523.900000000001
36252,Mi1,5524.3
79271,T4a,5524.3
53065,Mi1,5524.4
114391,T4d,5524.4
93419,T4b,5524.500000000001
93566,T4a,5524.7
94624,T4a,5524.8
89368,T4c,5525.1
36540,Mi1,5525.2
39158,Mi1,5525.3
89434,T4c,5525.400000000001
41809,Mi1,5525.5
122308,Tm3,5525.599999999999
20264,Li28,5525.8
51122,Mi1,5525.8
23047,Li28,5525.9
35840,Mi1,5525.9
36446,Mi1,5526.000000000001
69380,Tm3,5526.3
10112,VS,5526.7
11981,Li28,5526.7
109598,T4b,5526.7
66808,Tm3,5526.900000000001
89290,T4d,5526.900000000001
35405,Mi1,5527.200000000001
102741,T4c,5527.200000000001
10016,HSE,5527.3
58862,Mi1,5527.4
14209,Li28,5527.5
35836,Mi1,5527.7
10023,HSS,5527.8
34862,Mi1,5528.1
36533,Mi1,5528.2
38479,Mi1,5528.2
33655,Mi1,5528.3
65671,Mi1,5528.3
83979,T4a,5528.3
88625,T4c,5528.3
54087,Mi1,5528.400000000001
34045,Mi1,5528.5
74023,T2a,5528.599999999999
10015,HSN,5528.8
15019,Li28,5529.0
15909,Li28,5529.1
109857,T4d,5529.1
33942,Mi1,5529.4
109142,T4b,5529.4
34369,Mi1,5529.5
127615,Tm3,5529.6
59397,Mi1,5529.7
49324,Mi1,5529.799999999999
103479,T4c,5529.799999999999
42119,Mi1,5530.099999999999
33462,Mi1,5530.200000000001
34057,Mi1,5530.3
96090,T4c,5530.4
36954,Mi1,5530.700000000001
16545,Li28,5530.8
99628,T4b,5530.9
77383,T2a,5531.000000000001
91806,T4a,5531.000000000001
37019,Mi1,5531.1
47368,TmY3,5531.2
15263,Li28,5531.3
68562,T2a,5531.8
17596,Li28,5531.8
33907,Mi1,5531.8
10037,VS,5532.1
16033,Li28,5532.1
34479,Mi1,5532.1
35498,Mi1,5532.1
37948,Mi1,5532.1
107170,T4b,5532.1
104008,T4b,5532.4
95883,T4a,5532.500000000001
34849,Mi1,5532.6
19292,Li28,5532.6
127153,Tm3,5533.1
16596,Li28,5533.2
35017,Mi1,5533.400000000001
36217,Mi1,5533.400000000001
92644,T4d,5533.400000000001
102519,T4a,5533.5
32893,Mi1,5533.599999999999
37000,Mi1,5533.8
95364,T4d,5533.8
34189,Mi1,5533.8
104858,T4b,5533.9
94305,T4a,5534.1
56564,Mi1,5534.2
55976,Mi1,5534.5
66980,T2a,5534.5
34356,Mi1,5534.6
45005,TmY3,5534.8
63420,Mi1,5535.0
83365,T2a,5535.099999999999
98099,T4b,5535.200000000001
532850,Tm3,5535.4
17280,Li28,5535.4
91469,T4c,5535.5
74228,Tm3,5535.6
92431,T4a,5535.6
107442,T4d,5535.7
92114,T4c,5535.8
87424,T4d,5535.900000000001
66325,Tm3,5536.1
102016,T4a,5536.2
92939,T4b,5536.3
105698,T4c,5536.599999999999
38767,Mi1,5536.599999999999
101215,T4c,5536.700000000001
90049,T4c,5536.9
35770,Mi1,5537.2
97028,T4c,5537.2
67719,T2a,5537.6
97171,T4d,5537.6
10025,H2,5537.799999999999
33446,Mi1,5537.799999999999
99950,T4c,5537.900000000001
92706,T4a,5538.0
112744,T4d,5538.099999999999
34933,Mi1,5538.099999999999
53065,Mi1,5538.3
93972,T4a,5538.3
102462,T4c,5538.400000000001
108307,T4b,5538.400000000001
81401,T4b,5538.5
69597,Tm3,5538.6
73096,T2a,5538.700000000001
61659,Tm3,5538.8
36540,Mi1,5538.9
92047,T4c,5539.000000000001
108349,T4d,5539.000000000001
36252,Mi1,5539.000000000001
39158,Mi1,5539.000000000001
41809,Mi1,5539.2
10015,HSN,5539.6
96295,T4b,5539.7
35405,Mi1,5539.8
10016,HSE,5540.0
15909,Li28,5540.0
79257,Tm3,5540.200000000001
97675,T4c,5540.200000000001
11981,Li28,5540.3
92842,T4a,5540.3
36446,Mi1,5540.6
20264,Li28,5540.6
23047,Li28,5541.0
95005,T4a,5541.0
51122,Mi1,5541.2
54087,Mi1,5541.400000000001
104191,T4a,5541.599999999999
33655,Mi1,5541.700000000001
35836,Mi1,5541.8
61401,T2a,5541.8
65671,Mi1,5542.000000000001
34045,Mi1,5542.2
34862,Mi1,5542.2
35840,Mi1,5542.3
10112,VS,5542.400000000001
34057,Mi1,5542.400000000001
14209,Li28,5542.5
15019,Li28,5542.5
100867,T4b,5542.5
38479,Mi1,5542.6
36533,Mi1,5542.7
79345,T2a,5542.7
51231,TmY3,5543.0
103022,T4a,5543.0
98887,T4b,5543.200000000001
95822,T4b,5543.200000000001
16033,Li28,5543.3
58862,Mi1,5543.5
118924,Tm3,5543.7
42119,Mi1,5543.9
33462,Mi1,5544.1
49324,Mi1,5544.2
33942,Mi1,5544.3
97899,T4a,5544.3
77480,Tm3,5544.400000000001
95458,T4d,5544.400000000001
59397,Mi1,5544.5
65513,T2a,5544.599999999999
10037,VS,5544.599999999999
16545,Li28,5544.599999999999
34369,Mi1,5544.8
37019,Mi1,5544.9
33907,Mi1,5545.0
37948,Mi1,5545.6
105718,T4b,5545.900000000001
116716,T4b,5545.900000000001
50333,TmY3,5546.0
35017,Mi1,5546.1
100787,T4b,5546.3
91444,T4c,5546.3
35498,Mi1,5546.400000000001
36954,Mi1,5546.5
93750,T4c,5546.5
98300,T4a,5546.5
125171,Tm3,5546.5
15263,Li28,5546.8
73284,T2a,5546.8
81995,Tm3,5546.9
85126,T4a,5546.9
98788,T4d,5547.000000000001
54885,TmY3,5547.000000000001
16596,Li28,5547.000000000001
19292,Li28,5547.000000000001
17596,Li28,5547.2
34479,Mi1,5547.2
99922,T4c,5547.3
110646,T4b,5547.400000000001
34189,Mi1,5547.7
34356,Mi1,5547.7
75521,T2a,5547.8
83227,Tm3,5548.0
102791,T4c,5548.1
34849,Mi1,5548.1
55976,Mi1,5548.200000000001
101043,T4c,5548.200000000001
10025,H2,5548.3
56564,Mi1,5548.3
99131,T4c,5548.3
101772,Tm3,5548.3
36217,Mi1,5548.4
104257,T4b,5548.500000000001
104683,T4b,5548.500000000001
63420,Mi1,5548.8
32893,Mi1,5548.8
95681,T4a,5548.900000000001
99663,T4c,5548.900000000001
72558,T2a,5549.0
37000,Mi1,5549.1
112321,T4d,5549.2
35770,Mi1,5549.700000000001
89434,T4c,5550.1
76524,Tm3,5550.2
66808,Tm3,5550.3
17280,Li28,5550.3
117627,Tm3,5550.400000000001
98381,T4d,5550.400000000001
15909,Li28,5550.400000000001
91682,T4b,5550.400000000001
97231,T4a,5550.5
97872,T4d,5550.5
109536,T4d,5550.8
66214,T2a,5551.0
38767,Mi1,5551.0
42006,TmY3,5551.200000000001
97853,T4c,5551.3
101005,T4d,5551.3
10015,HSN,5551.4
68982,Tm3,5551.5
69380,Tm3,5551.6
94624,T4a,5551.6
111184,T4a,5551.6
33446,Mi1,5551.8
98985,T4c,5551.8
34933,Mi1,5551.9
79271,T4a,5552.1
47962,TmY3,5552.3
95883,T4a,5552.3
91806,T4a,5552.400000000001
36540,Mi1,5552.5
53065,Mi1,5552.5
91469,T4c,5552.8
101383,T4b,5552.8
74023,T2a,5553.1
35405,Mi1,5553.2
41809,Mi1,5553.2
104414,T4d,5553.3
39158,Mi1,5553.5
47368,TmY3,5553.8
11981,Li28,5553.900000000001
10016,HSE,5554.0
36252,Mi1,5554.200000000001
71052,T2a,5554.200000000001
71161,T2a,5554.400000000001
89290,T4d,5554.400000000001
526158,Mi1,5554.6
10112,VS,5554.700000000001
106793,T4d,5554.700000000001
101685,T4b,5554.8
91283,T4c,5554.9
98668,T4a,5555.000000000001
23047,Li28,5555.1
33655,Mi1,5555.1
34057,Mi1,5555.1
36446,Mi1,5555.3
51122,Mi1,5555.3
83689,T4a,5555.400000000001
89368,T4c,5555.6
20264,Li28,5555.7
35840,Mi1,5555.7
49372,TmY3,5555.7
16033,Li28,5555.8
16545,Li28,5555.8
92281,T4c,5555.900000000001
54087,Mi1,5555.900000000001
65671,Mi1,5556.0
35836,Mi1,5556.1
15019,Li28,5556.200000000001
34045,Mi1,5556.200000000001
38479,Mi1,5556.3
52328,TmY3,5556.3
92706,T4a,5556.4
34862,Mi1,5556.500000000001
88625,T4c,5556.500000000001
37631,Mi1,5556.6
10037,VS,5556.7
14209,Li28,5557.2
58862,Mi1,5557.3
93566,T4a,5557.3
94305,T4a,5557.3
97675,T4c,5557.5
33462,Mi1,5557.8
83979,T4a,5557.9
109142,T4b,5557.9
33907,Mi1,5558.0
92047,T4c,5558.0
42119,Mi1,5558.1
33942,Mi1,5558.2
59397,Mi1,5558.2
36533,Mi1,5558.3
92996,T4a,5558.5
10023,HSS,5558.7
55101,Mi1,5558.7
90465,T4a,5558.7
37599,Mi1,5558.8
49324,Mi1,5558.8
35017,Mi1,5559.0
37948,Mi1,5559.0
35498,Mi1,5559.099999999999
91057,T4c,5559.3
98099,T4b,5559.3
71773,T2a,5559.4
34369,Mi1,5559.5
15909,Li28,5559.6
101873,T4b,5559.7
104858,T4b,5559.7
34479,Mi1,5559.9
15263,Li28,5560.0
117662,T4d,5560.1
86686,T4c,5560.700000000001
19292,Li28,5560.700000000001
10015,HSN,5560.700000000001
34356,Mi1,5560.9
37019,Mi1,5561.0
78561,Tm3,5561.0
16596,Li28,5561.1
94179,T4a,5561.2
99423,T4d,5561.4
10025,H2,5561.6
97028,T4c,5561.6
17596,Li28,5561.7
80302,T2a,5561.8
73807,Tm3,5561.8
65298,T2a,5562.1
36954,Mi1,5562.200000000001
73828,Tm3,5562.400000000001
100867,T4b,5562.400000000001
37000,Mi1,5562.6
56564,Mi1,5562.6
92939,T4b,5562.6
112744,T4d,5562.6
34849,Mi1,5562.700000000001
55976,Mi1,5562.8
10016,HSE,5562.8
92431,T4a,5562.9
96576,T4c,5563.2
34189,Mi1,5563.5
35770,Mi1,5563.5
107442,T4d,5563.5
83067,T4b,5563.8
32893,Mi1,5563.900000000001
36217,Mi1,5563.900000000001
68522,T2a,5563.900000000001
96295,T4b,5564.099999999999
101772,Tm3,5564.7
77676,T2a,5564.8
33446,Mi1,5565.1
38767,Mi1,5565.1
63420,Mi1,5565.3
92114,T4c,5565.700000000001
102519,T4a,5565.700000000001
76325,T2a,5565.9
93750,T4c,5565.9
106952,T4b,5565.9
50333,TmY3,5566.0
17280,Li28,5566.1
103022,T4a,5566.1
66808,Tm3,5566.3
69597,Tm3,5566.400000000001
101215,T4c,5566.5
34933,Mi1,5566.7
36540,Mi1,5566.7
41809,Mi1,5566.7
98887,T4b,5567.0
53065,Mi1,5567.099999999999
102579,T4b,5567.200000000001
109598,T4b,5567.200000000001
16545,Li28,5567.5
122233,Tm3,5567.5
116129,T4b,5567.7
33655,Mi1,5567.7
99011,T4c,5567.7
10015,HSN,5568.0
39158,Mi1,5568.1
35405,Mi1,5568.2
95005,T4a,5568.2
74231,Tm3,5568.400000000001
36252,Mi1,5568.599999999999
96090,T4c,5568.599999999999
16033,Li28,5568.700000000001
102462,T4c,5568.8
66980,T2a,5568.8
11981,Li28,5568.9
34057,Mi1,5568.9
51231,TmY3,5569.0
69793,T2a,5569.0
15909,Li28,5569.2
20264,Li28,5569.4
51122,Mi1,5569.4
54087,Mi1,5569.900000000001
102741,T4c,5569.900000000001
15019,Li28,5570.0
10112,VS,5570.0
36446,Mi1,5570.200000000001
97899,T4a,5570.200000000001
23047,Li28,5570.400000000001
35840,Mi1,5570.6
10025,H2,5570.700000000001
34862,Mi1,5570.700000000001
65671,Mi1,5570.700000000001
35836,Mi1,5570.9
36533,Mi1,5571.000000000001
34045,Mi1,5571.000000000001
75848,T2a,5571.000000000001
95883,T4a,5571.1
38479,Mi1,5571.400000000001
33462,Mi1,5571.5
58862,Mi1,5571.5
107170,T4b,5571.5
99628,T4b,5571.6
14209,Li28,5571.7
64579,T2,5571.900000000001
88992,T4c,5571.900000000001
91469,T4c,5571.900000000001
122308,Tm3,5571.900000000001
92644,T4d,5572.0
35602,Mi1,5572.0
35218,Mi1,5572.099999999999
35498,Mi1,5572.200000000001
59397,Mi1,5572.200000000001
33907,Mi1,5572.3
33942,Mi1,5572.3
35580,Mi1,5572.3
10037,VS,5572.4
127615,Tm3,5572.500000000001
95453,T4a,5572.6
75484,Tm3,5572.6
49324,Mi1,5572.7
35017,Mi1,5572.7
37948,Mi1,5572.7
34369,Mi1,5572.8
45005,TmY3,5572.900000000001
47368,TmY3,5572.900000000001
42119,Mi1,5573.1
526158,Mi1,5573.1
70800,Tm3,5573.2
83365,T2a,5574.0
68562,T2a,5574.1
99663,T4c,5574.3
91444,T4c,5574.5
36994,Mi1,5574.6
34479,Mi1,5574.8
102016,T4a,5574.8
77383,T2a,5574.900000000001
19292,Li28,5575.0
37000,Mi1,5575.200000000001
17596,Li28,5575.3
38893,Mi1,5575.3
108307,T4b,5575.5
75521,T2a,5575.6
103479,T4c,5575.7
74228,Tm3,5575.7
34300,Mi1,5575.9
15263,Li28,5576.0
34356,Mi1,5576.0
69380,Tm3,5576.0
16596,Li28,5576.2
34849,Mi1,5576.3
97231,T4a,5576.3
99950,T4c,5576.3
95335,T4a,5576.400000000001
55976,Mi1,5576.5
56564,Mi1,5576.5
35428,Mi1,5576.599999999999
37019,Mi1,5576.8
37631,Mi1,5576.9
99922,T4c,5577.0
32893,Mi1,5577.1
36954,Mi1,5577.2
83979,T4a,5577.3
85126,T4a,5577.3
39743,Mi1,5577.4
92706,T4a,5577.6
104008,T4b,5577.8
37599,Mi1,5577.8
34189,Mi1,5577.8
35770,Mi1,5577.8
105698,T4c,5577.900000000001
102791,T4c,5578.0
10016,HSE,5578.1
90049,T4c,5578.1
94624,T4a,5578.1
15909,Li28,5578.400000000001
110646,T4b,5578.400000000001
89434,T4c,5578.5
114391,T4d,5578.5
109649,T4c,5578.5
104683,T4b,5578.5
38767,Mi1,5578.5
97161,T4a,5578.5
98300,T4a,5578.5
85737,T2a,5578.6
55101,Mi1,5578.8
74937,T2a,5578.8
36217,Mi1,5578.9
95822,T4b,5578.9
74023,T2a,5579.3
10015,HSN,5579.3
16545,Li28,5579.400000000001
73284,T2a,5579.400000000001
97028,T4c,5579.400000000001
33446,Mi1,5579.5
63420,Mi1,5579.6
98985,T4c,5579.8
17280,Li28,5580.0
79271,T4a,5580.0
92431,T4a,5580.0
104297,T4a,5580.099999999999
90121,T4b,5580.099999999999
91806,T4a,5580.200000000001
34933,Mi1,5580.3
54885,TmY3,5580.3
92047,T4c,5580.4
16033,Li28,5580.500000000001
98381,T4d,5580.6
111184,T4a,5580.6
101772,Tm3,5580.8
104257,T4b,5580.8
36540,Mi1,5580.900000000001
10025,H2,5580.900000000001
41809,Mi1,5581.0
91913,T4b,5581.1
92842,T4a,5581.1
34057,Mi1,5581.5
83689,T4a,5581.5
61659,Tm3,5581.599999999999
33655,Mi1,5581.700000000001
39158,Mi1,5581.8
97171,T4d,5581.8
53065,Mi1,5581.9
97675,T4c,5582.1
93419,T4b,5582.2
11981,Li28,5582.3
94305,T4a,5582.3
90423,T4b,5582.400000000001
51122,Mi1,5582.5
89368,T4c,5582.5
89139,T4c,5582.6
88625,T4c,5582.7
89290,T4d,5582.900000000001
74725,T2a,5583.0
35405,Mi1,5583.0
67719,T2a,5583.099999999999
72955,T2a,5583.7
65671,Mi1,5583.8
109857,T4d,5583.8
15019,Li28,5583.9
65513,T2a,5583.9
94368,T4a,5583.9
36252,Mi1,5584.3
93972,T4a,5584.3
54087,Mi1,5584.400000000001
87390,T2a,5584.400000000001
98887,T4b,5584.5
34862,Mi1,5584.5
23047,Li28,5584.5
35836,Mi1,5584.9
77480,Tm3,5584.9
10015,HSN,5585.0
20264,Li28,5585.0
58862,Mi1,5585.0
36533,Mi1,5585.3
33462,Mi1,5585.4
71052,T2a,5585.500000000001
93750,T4c,5585.500000000001
38479,Mi1,5585.6
34045,Mi1,5585.6
10023,HSS,5585.6
109142,T4b,5585.900000000001
33942,Mi1,5586.0
36446,Mi1,5586.0
14209,Li28,5586.2
49324,Mi1,5586.2
35840,Mi1,5586.3
37948,Mi1,5586.3
71161,T2a,5586.3
33907,Mi1,5586.400000000001
59397,Mi1,5586.6
92939,T4b,5586.700000000001
77991,Tm3,5586.9
35498,Mi1,5587.000000000001
10016,HSE,5587.1
42119,Mi1,5587.1
105718,T4b,5587.1
118924,Tm3,5587.1
101685,T4b,5587.2
34369,Mi1,5587.3
35017,Mi1,5587.3
98099,T4b,5587.400000000001
95458,T4d,5587.5
91283,T4c,5587.5
67113,Mi1,5587.6
98788,T4d,5587.6
10755,H1,5587.7
95883,T4a,5587.900000000001
15909,Li28,5588.200000000001
104858,T4b,5588.7
19292,Li28,5588.900000000001
37000,Mi1,5588.900000000001
91682,T4b,5589.2
98118,T4c,5589.2
34479,Mi1,5589.3
10025,H2,5589.400000000001
94179,T4a,5589.5
526158,Mi1,5589.5
91057,T4c,5589.700000000001
95364,T4d,5589.8
34356,Mi1,5589.9
56564,Mi1,5589.9
95681,T4a,5590.0
50333,TmY3,5590.1
92114,T4c,5590.2
117627,Tm3,5590.3
34849,Mi1,5590.3
16596,Li28,5590.400000000001
35845,Mi1,5590.400000000001
36954,Mi1,5590.400000000001
66808,Tm3,5590.400000000001
101043,T4c,5590.400000000001
91469,T4c,5590.6
72558,T2a,5590.7
15263,Li28,5590.8
17596,Li28,5590.8
35770,Mi1,5590.8
35218,Mi1,5590.900000000001
55976,Mi1,5591.0
35580,Mi1,5591.200000000001
532850,Tm3,5591.4
37019,Mi1,5591.5
103022,T4a,5591.5
32893,Mi1,5591.7
16545,Li28,5591.8
34189,Mi1,5592.0
10112,VS,5592.1
36217,Mi1,5592.1
10037,VS,5592.2
101005,T4d,5592.400000000001
36994,Mi1,5592.400000000001
36410,Mi1,5592.400000000001
92993,Tm3,5592.599999999999
97899,T4a,5592.599999999999
101215,T4c,5592.599999999999
35602,Mi1,5592.700000000001
38767,Mi1,5592.700000000001
94287,T4d,5593.0
100787,T4b,5593.0
10015,HSN,5593.1
33446,Mi1,5593.3
112744,T4d,5593.4
101480,T4c,5593.4
37631,Mi1,5593.4
38238,Mi1,5593.500000000001
97872,T4d,5593.500000000001
16033,Li28,5593.6
100867,T4b,5593.6
38893,Mi1,5593.900000000001
68982,Tm3,5594.0
63420,Mi1,5594.1
37599,Mi1,5594.2
35428,Mi1,5594.3
97853,T4c,5594.6
55101,Mi1,5594.6
93566,T4a,5594.700000000001
34300,Mi1,5594.8
17280,Li28,5594.9
41809,Mi1,5595.000000000001
53065,Mi1,5595.000000000001
39158,Mi1,5595.1
101383,T4b,5595.1
102462,T4c,5595.1
108349,T4d,5595.1
39743,Mi1,5595.3
34933,Mi1,5595.3
109536,T4d,5595.400000000001
33655,Mi1,5595.5
99131,T4c,5595.5
34057,Mi1,5595.6
116311,T4d,5595.8
36540,Mi1,5595.900000000001
98668,T4a,5596.0
11981,Li28,5596.500000000001
74373,Tm3,5596.900000000001
96090,T4c,5597.0
103654,T4b,5597.1
34862,Mi1,5597.400000000001
51122,Mi1,5597.5
15909,Li28,5597.700000000001
95005,T4a,5597.700000000001
35405,Mi1,5598.0
52485,TmY3,5598.0
79646,Tm3,5598.0
92281,T4c,5598.0
122233,Tm3,5598.0
92047,T4c,5598.2
51231,TmY3,5598.2
10016,HSE,5598.2
107442,T4d,5598.5
15019,Li28,5598.7
36533,Mi1,5598.7
65671,Mi1,5598.7
58862,Mi1,5598.8
112993,T4b,5599.099999999999
23047,Li28,5599.200000000001
34045,Mi1,5599.200000000001
35836,Mi1,5599.200000000001
54087,Mi1,5599.3
33907,Mi1,5599.3
10025,H2,5599.5
33942,Mi1,5599.5
20264,Li28,5599.8
99011,T4c,5599.8
37948,Mi1,5599.9
35840,Mi1,5600.0
36252,Mi1,5600.0
73828,Tm3,5600.0
89434,T4c,5600.1
33462,Mi1,5600.1
42119,Mi1,5600.2
14209,Li28,5600.299999999999
35498,Mi1,5600.299999999999
35017,Mi1,5600.700000000001
49324,Mi1,5600.700000000001
59397,Mi1,5600.700000000001
83979,T4a,5600.700000000001
38479,Mi1,5600.8
36446,Mi1,5601.1
34369,Mi1,5601.200000000001
96576,T4c,5601.900000000001
10112,VS,5601.900000000001
16545,Li28,5602.6
56564,Mi1,5602.700000000001
68562,T2a,5602.9
92706,T4a,5602.9
19292,Li28,5603.1
96295,T4b,5603.1
52328,TmY3,5603.2
101772,Tm3,5603.2
34479,Mi1,5603.3
81401,T4b,5603.3
99663,T4c,5603.3
95453,T4a,5603.400000000001
37000,Mi1,5603.400000000001
34849,Mi1,5603.5
10037,VS,5603.6
34356,Mi1,5603.6
47368,TmY3,5603.6
75521,T2a,5603.6
99922,T4c,5603.6
40026,TmY3,5603.7
87424,T4d,5603.7
109598,T4b,5603.8
92431,T4a,5603.8
86686,T4c,5604.0
68522,T2a,5604.099999999999
67113,Mi1,5604.200000000001
83227,Tm3,5604.3
99950,T4c,5604.3
15263,Li28,5604.4
526158,Mi1,5604.4
35770,Mi1,5604.6
97231,T4a,5604.7
76524,Tm3,5604.900000000001
83365,T2a,5604.900000000001
91806,T4a,5604.900000000001
97161,T4a,5605.1
69597,Tm3,5605.2
17596,Li28,5605.2
94624,T4a,5605.400000000001
36954,Mi1,5605.5
55976,Mi1,5605.5
73096,T2a,5605.5
106952,T4b,5605.5
66325,Tm3,5605.599999999999
16033,Li28,5605.700000000001
82282,Tm3,5605.700000000001
76325,T2a,5606.0
99423,T4d,5606.1
16596,Li28,5606.1
35218,Mi1,5606.2
92996,T4a,5606.2
97028,T4c,5606.2
94305,T4a,5606.3
32893,Mi1,5606.4
35580,Mi1,5606.4
47962,TmY3,5606.4
34189,Mi1,5606.5
37019,Mi1,5606.5
91444,T4c,5606.5
91469,T4c,5606.5
74023,T2a,5606.7
36994,Mi1,5606.7
66980,T2a,5606.8
10015,HSN,5606.900000000001
38767,Mi1,5606.900000000001
35602,Mi1,5607.099999999999
65298,T2a,5607.099999999999
97675,T4c,5607.200000000001
90465,T4a,5607.3
94153,T4d,5607.4
93750,T4c,5607.5
89368,T4c,5607.6
81995,Tm3,5607.6
36217,Mi1,5607.6
79257,Tm3,5607.6
33446,Mi1,5607.8
102791,T4c,5607.8
15909,Li28,5607.9
116129,T4b,5607.9
17280,Li28,5608.2
54885,TmY3,5608.2
122308,Tm3,5608.299999999999
79271,T4a,5608.299999999999
78968,Tm3,5608.5
53065,Mi1,5608.5
95822,T4b,5608.6
104257,T4b,5608.700000000001
35845,Mi1,5608.8
37631,Mi1,5608.8
98300,T4a,5608.8
63420,Mi1,5609.1
92842,T4a,5609.1
39158,Mi1,5609.200000000001
99628,T4b,5609.3
37599,Mi1,5609.3
35428,Mi1,5609.3
34300,Mi1,5609.4
98985,T4c,5609.4
61401,T2a,5609.500000000001
10016,HSE,5609.7
98381,T4d,5609.7
109631,T4b,5609.7
102579,T4b,5609.8
55101,Mi1,5609.900000000001
95883,T4a,5609.900000000001
98887,T4b,5609.900000000001
36540,Mi1,5610.0
34933,Mi1,5610.0
41809,Mi1,5610.1
34057,Mi1,5610.400000000001
88625,T4c,5610.400000000001
11981,Li28,5610.5
33655,Mi1,5610.5
74231,Tm3,5610.6
110646,T4b,5610.6
38893,Mi1,5610.700000000001
104368,T4c,5610.700000000001
62272,T2,5610.8
45005,TmY3,5610.8
34862,Mi1,5611.000000000001
39743,Mi1,5611.000000000001
51122,Mi1,5611.6
103022,T4a,5611.6
10023,HSS,5611.8
36410,Mi1,5611.8
35405,Mi1,5611.900000000001
10025,H2,5612.0
58862,Mi1,5612.200000000001
65671,Mi1,5612.3
36533,Mi1,5612.500000000001
35836,Mi1,5612.500000000001
50333,TmY3,5612.7
89290,T4d,5612.8
97899,T4a,5612.8
35498,Mi1,5613.1
38238,Mi1,5613.1
42119,Mi1,5613.1
33907,Mi1,5613.2
33942,Mi1,5613.2
102741,T4c,5613.2
97885,T4a,5613.3
23047,Li28,5613.3
85126,T4a,5613.3
37948,Mi1,5613.400000000001
35840,Mi1,5613.599999999999
16545,Li28,5613.700000000001
66808,Tm3,5613.700000000001
73284,T2a,5613.8
103479,T4c,5613.8
104297,T4a,5613.8
71052,T2a,5613.9
54087,Mi1,5614.0
109142,T4b,5614.2
77480,Tm3,5614.2
34369,Mi1,5614.3
49324,Mi1,5614.3
15019,Li28,5614.7
20264,Li28,5614.7
83689,T4a,5614.7
95335,T4a,5614.7
36252,Mi1,5614.8
34045,Mi1,5615.0
59397,Mi1,5615.0
72955,T2a,5615.099999999999
33462,Mi1,5615.200000000001
69380,Tm3,5615.200000000001
127615,Tm3,5615.200000000001
10015,HSN,5615.3
104858,T4b,5615.3
92644,T4d,5615.5
14209,Li28,5615.6
38479,Mi1,5615.6
56564,Mi1,5615.7
35017,Mi1,5615.7
90121,T4b,5615.9
93419,T4b,5616.0
10112,VS,5616.2
39275,Mi1,5616.2
101215,T4c,5616.3
36446,Mi1,5616.400000000001
104008,T4b,5616.5
34899,Mi1,5616.5
102519,T4a,5616.700000000001
117662,T4d,5616.700000000001
37568,Mi1,5616.700000000001
125171,Tm3,5616.700000000001
120231,Tm3,5616.8
72558,T2a,5616.8
16033,Li28,5616.900000000001
109857,T4d,5616.900000000001
111184,T4a,5616.900000000001
34849,Mi1,5617.0
90049,T4c,5617.0
19292,Li28,5617.1
36452,Mi1,5617.1
77383,T2a,5617.1
104674,T4a,5617.1
105698,T4c,5617.1
34479,Mi1,5617.200000000001
72279,Mi1,5617.3
91682,T4b,5617.3
34356,Mi1,5617.4
78561,Tm3,5617.4
95681,T4a,5617.4
93972,T4a,5617.500000000001
98788,T4d,5617.500000000001
107105,T4d,5617.500000000001
77676,T2a,5617.6
83979,T4a,5617.6
98099,T4b,5617.7
15909,Li28,5617.7
35770,Mi1,5617.8
49372,TmY3,5617.8
95458,T4d,5618.0
117627,Tm3,5618.0
10016,HSE,5618.1
102016,T4a,5618.1
94743,T4d,5618.2
108438,T4d,5618.2
73807,Tm3,5618.3
37000,Mi1,5618.400000000001
526158,Mi1,5618.5
107170,T4b,5618.8
47368,TmY3,5619.000000000001
66214,T2a,5619.000000000001
35100,Mi1,5619.1
68842,TmY3,5619.1
108307,T4b,5619.1
89434,T4c,5619.3
92114,T4c,5619.3
92939,T4b,5619.400000000001
92047,T4c,5619.6
92706,T4a,5619.7
17596,Li28,5619.7
101772,Tm3,5619.8
15263,Li28,5619.900000000001
10037,VS,5620.0
55976,Mi1,5620.0
83067,T4b,5620.0
112321,T4d,5620.0
10025,H2,5620.200000000001
74228,Tm3,5620.200000000001
100867,T4b,5620.3
35602,Mi1,5620.3
34189,Mi1,5620.4
36954,Mi1,5620.4
105718,T4b,5620.4
35580,Mi1,5620.5
37019,Mi1,5620.5
42006,TmY3,5620.6
108697,T4d,5620.6
91057,T4c,5620.7
101005,T4d,5620.7
116716,T4b,5620.8
91283,T4c,5620.8
67113,Mi1,5620.8
92839,T4b,5620.8
51231,TmY3,5620.900000000001
75848,T2a,5620.900000000001
104414,T4d,5620.900000000001
35218,Mi1,5621.0
35152,Mi1,5621.2
104683,T4b,5621.400000000001
107240,T4b,5621.5
34079,Mi1,5621.5
16596,Li28,5621.5
32893,Mi1,5621.599999999999
38767,Mi1,5621.599999999999
10015,HSN,5621.700000000001
33446,Mi1,5621.700000000001
36994,Mi1,5622.1
104191,T4a,5622.1
91987,T4c,5622.2
17280,Li28,5622.3
112744,T4d,5622.4
37631,Mi1,5622.6
53065,Mi1,5622.7
91469,T4c,5622.8
63420,Mi1,5622.8
37599,Mi1,5623.099999999999
34300,Mi1,5623.099999999999
11981,Li28,5623.099999999999
36217,Mi1,5623.200000000001
36540,Mi1,5623.3
34933,Mi1,5623.4
41809,Mi1,5623.5
107143,T4d,5623.5
39158,Mi1,5623.6
34862,Mi1,5623.7
88992,T4c,5623.7
35845,Mi1,5623.8
69793,T2a,5623.9
33655,Mi1,5624.1
10755,H1,5624.5
34057,Mi1,5624.5
10112,VS,5624.6
16545,Li28,5624.6
38893,Mi1,5624.8
95005,T4a,5624.900000000001
101480,T4c,5624.900000000001
35428,Mi1,5625.0
122233,Tm3,5625.200000000001
107211,T4d,5625.3
36533,Mi1,5625.500000000001
36410,Mi1,5625.6
100946,T4c,5625.6
65671,Mi1,5625.900000000001
58862,Mi1,5626.0
93527,T4a,5626.0
101685,T4b,5626.2
53075,TmY3,5626.3
99011,T4c,5626.400000000001
51122,Mi1,5626.400000000001
94179,T4a,5626.400000000001
35836,Mi1,5626.400000000001
42119,Mi1,5626.400000000001
39743,Mi1,5626.5
55101,Mi1,5626.5
70800,Tm3,5626.5
90423,T4b,5626.5
10025,H2,5626.700000000001
64579,T2,5626.700000000001
35498,Mi1,5626.8
98118,T4c,5626.8
35405,Mi1,5626.9
93688,T4a,5626.9
15909,Li28,5627.000000000001
10037,VS,5627.000000000001
88698,T4a,5627.2
102462,T4c,5627.2
33907,Mi1,5627.3
35840,Mi1,5627.3
97028,T4c,5627.3
37948,Mi1,5627.400000000001
94368,T4a,5627.400000000001
65513,T2a,5627.5
34369,Mi1,5627.6
87358,T4a,5627.6
33942,Mi1,5627.6
100032,T4c,5627.900000000001
49324,Mi1,5628.0
54087,Mi1,5628.0
96163,T4b,5628.3
16033,Li28,5628.4
59397,Mi1,5628.4
67150,T2a,5628.4
79646,Tm3,5628.4
104257,T4b,5628.5
20264,Li28,5628.5
95883,T4a,5628.7
33462,Mi1,5628.7
10015,HSN,5628.8
101770,T4b,5628.900000000001
107442,T4d,5628.900000000001
110988,T4a,5629.1
35017,Mi1,5629.2
99663,T4c,5629.3
56564,Mi1,5629.400000000001
92431,T4a,5629.400000000001
36446,Mi1,5629.5
68982,Tm3,5629.5
36252,Mi1,5629.5
38238,Mi1,5629.599999999999
91806,T4a,5629.599999999999
94624,T4a,5629.599999999999
109649,T4c,5629.700000000001
15019,Li28,5629.8
34045,Mi1,5629.9
104942,T4a,5629.9
74937,T2a,5630.0
23047,Li28,5630.0
38479,Mi1,5630.1
116311,T4d,5630.2
34356,Mi1,5630.4
30923,TmY3,5630.4
10016,HSE,5630.5
109593,Tm3,5630.6
37000,Mi1,5630.7
93025,T4b,5630.7
96134,T4b,5630.8
98668,T4a,5630.8
98887,T4b,5630.8
68562,T2a,5630.900000000001
96126,T4b,5631.099999999999
97161,T4a,5631.099999999999
98194,T4d,5631.099999999999
92281,T4c,5631.200000000001
14209,Li28,5631.3
94305,T4a,5631.3
19292,Li28,5631.4
34479,Mi1,5631.4
10023,HSS,5631.5
80302,T2a,5631.5
106922,T4c,5631.6
35770,Mi1,5631.9
50333,TmY3,5632.0
93334,T4b,5632.0
105574,T4d,5632.1
95453,T4a,5632.1
34849,Mi1,5632.400000000001
96090,T4c,5632.5
96295,T4b,5632.5
94755,T4a,5632.6
526158,Mi1,5632.6
90278,T4a,5632.900000000001
97231,T4a,5632.900000000001
75521,T2a,5633.1
87390,T2a,5633.1
116129,T4b,5633.200000000001
97853,T4c,5633.200000000001
73586,Tm3,5633.3
10206,VS,5633.4
99950,T4c,5633.4
55976,Mi1,5633.6
93750,T4c,5633.6
101215,T4c,5633.6
109598,T4b,5633.6
101873,T4b,5633.7
17596,Li28,5633.8
37019,Mi1,5633.8
39275,Mi1,5633.900000000001
92415,T4a,5634.0
97675,T4c,5634.0
88625,T4c,5634.1
108349,T4d,5634.1
34189,Mi1,5634.2
96576,T4c,5634.2
98300,T4a,5634.3
100787,T4b,5634.3
61659,Tm3,5634.400000000001
15263,Li28,5634.599999999999
35580,Mi1,5634.599999999999
10112,VS,5634.8
10025,H2,5634.8
109536,T4d,5634.9
36994,Mi1,5635.000000000001
37631,Mi1,5635.000000000001
37568,Mi1,5635.1
38767,Mi1,5635.1
114391,T4d,5635.1
67113,Mi1,5635.3
10015,HSN,5635.400000000001
36954,Mi1,5635.400000000001
40026,TmY3,5635.6
35602,Mi1,5635.6
34862,Mi1,5635.8
106793,T4d,5635.8
17280,Li28,5636.0
33446,Mi1,5636.0
34899,Mi1,5636.0
36217,Mi1,5636.099999999999
16596,Li28,5636.200000000001
37599,Mi1,5636.200000000001
95822,T4b,5636.3
66980,T2a,5636.3
32893,Mi1,5636.3
34300,Mi1,5636.3
36452,Mi1,5636.4
69540,TmY3,5636.4
83365,T2a,5636.4
98381,T4d,5636.7
53065,Mi1,5636.8
97171,T4d,5636.8
101043,T4c,5636.8
102579,T4b,5636.8
74023,T2a,5637.0
72279,Mi1,5637.1
34933,Mi1,5637.1
36540,Mi1,5637.1
15909,Li28,5637.2
99131,T4c,5637.2
39158,Mi1,5637.3
16545,Li28,5637.5
71161,T2a,5637.599999999999
10016,HSE,5637.700000000001
11981,Li28,5637.700000000001
35218,Mi1,5637.700000000001
63420,Mi1,5637.8
33655,Mi1,5637.9
41809,Mi1,5637.9
89290,T4d,5638.0
93566,T4a,5638.0
110403,T4b,5638.0
10037,VS,5638.2
34057,Mi1,5638.4
82855,Tm3,5638.4
35845,Mi1,5638.5
91469,T4c,5638.7
112633,T4b,5638.7
89368,T4c,5638.7
35100,Mi1,5638.8
107609,T4d,5638.8
79271,T4a,5638.900000000001
34079,Mi1,5639.4
35152,Mi1,5639.4
85126,T4a,5639.4
89434,T4c,5639.4
36533,Mi1,5639.6
39743,Mi1,5639.6
94356,T4c,5639.7
71475,Tm3,5639.7
93419,T4b,5640.0
35498,Mi1,5640.1
102741,T4c,5640.2
35428,Mi1,5640.3
65671,Mi1,5640.3
111746,Tm3,5640.3
58862,Mi1,5640.400000000001
36410,Mi1,5640.6
51122,Mi1,5640.6
35836,Mi1,5640.700000000001
55101,Mi1,5640.8
72796,Tm3,5640.8
33942,Mi1,5640.8
37948,Mi1,5640.900000000001
72558,T2a,5640.900000000001
92047,T4c,5640.900000000001
34369,Mi1,5641.0
42119,Mi1,5641.0
59397,Mi1,5641.1
103827,T4c,5641.1
35405,Mi1,5641.200000000001
38893,Mi1,5641.3
127615,Tm3,5641.4
20264,Li28,5641.4
10755,H1,5641.4
16033,Li28,5641.4
33907,Mi1,5641.7
49324,Mi1,5641.7
35840,Mi1,5641.8
107719,T4b,5642.0
54087,Mi1,5642.3
101620,T4b,5642.3
38479,Mi1,5642.700000000001
69980,Tm3,5642.8
56564,Mi1,5642.8
38238,Mi1,5642.8
10025,H2,5642.9
83979,T4a,5642.9
103022,T4a,5643.2
103654,T4b,5643.2
33462,Mi1,5643.3
36252,Mi1,5643.400000000001
73284,T2a,5643.400000000001
36446,Mi1,5643.5
99922,T4c,5643.6
102112,T4c,5643.900000000001
34356,Mi1,5643.900000000001
66808,Tm3,5643.900000000001
97899,T4a,5644.0
37000,Mi1,5644.099999999999
52485,TmY3,5644.099999999999
102791,T4c,5644.200000000001
10015,HSN,5644.3
104297,T4a,5644.4
35017,Mi1,5644.4
93972,T4a,5644.4
104858,T4b,5644.5
15019,Li28,5644.6
52328,TmY3,5644.6
68522,T2a,5644.8
35770,Mi1,5645.1
91444,T4c,5645.1
86686,T4c,5645.2
97249,T4d,5645.2
47368,TmY3,5645.3
95364,T4d,5645.400000000001
34045,Mi1,5645.5
34479,Mi1,5645.5
46662,TmY3,5645.5
92842,T4a,5645.5
92706,T4a,5645.599999999999
14209,Li28,5645.700000000001
110646,T4b,5645.700000000001
54885,TmY3,5645.8
90121,T4b,5645.9
91283,T4c,5646.0
23047,Li28,5646.1
83067,T4b,5646.2
87424,T4d,5646.2
89139,T4c,5646.3
118924,Tm3,5646.3
10112,VS,5646.4
69380,Tm3,5646.5
95335,T4a,5646.5
99670,T4c,5646.5
101772,Tm3,5646.5
78503,T2a,5646.7
95554,T4b,5646.7
19292,Li28,5646.8
76524,Tm3,5647.099999999999
97872,T4d,5647.099999999999
10016,HSE,5647.200000000001
34849,Mi1,5647.3
15909,Li28,5647.3
37019,Mi1,5647.4
526158,Mi1,5647.4
111184,T4a,5647.5
78968,Tm3,5647.6
91682,T4b,5647.6
81995,Tm3,5647.7
92939,T4b,5647.8
92996,T4a,5647.8
95458,T4d,5647.8
10023,HSS,5647.9
65298,T2a,5648.1
15263,Li28,5648.2
36994,Mi1,5648.2
39275,Mi1,5648.2
127153,Tm3,5648.2
34189,Mi1,5648.3
16545,Li28,5648.7
97480,T4c,5648.8
95239,T4a,5648.900000000001
35602,Mi1,5649.0
67113,Mi1,5649.1
55976,Mi1,5649.1
17596,Li28,5649.200000000001
91913,T4b,5649.4
35580,Mi1,5649.500000000001
100867,T4b,5649.500000000001
36954,Mi1,5649.6
81401,T4b,5649.6
105698,T4c,5649.6
97028,T4c,5649.7
38767,Mi1,5649.7
83227,Tm3,5649.8
112744,T4d,5649.8
37631,Mi1,5649.8
32893,Mi1,5650.0
90049,T4c,5650.0
91057,T4c,5650.0
34862,Mi1,5650.1
92114,T4c,5650.1
71052,T2a,5650.2
37599,Mi1,5650.5
109142,T4b,5650.5
79257,Tm3,5650.599999999999
33446,Mi1,5650.599999999999
98788,T4d,5650.700000000001
94179,T4a,5650.700000000001
36217,Mi1,5650.9
63420,Mi1,5650.9
108065,T4c,5650.9
95883,T4a,5651.000000000001
10025,H2,5651.1
10037,VS,5651.1
11981,Li28,5651.1
36540,Mi1,5651.1
34300,Mi1,5651.2
37568,Mi1,5651.2
98985,T4c,5651.3
16596,Li28,5651.400000000001
92431,T4a,5651.5
33655,Mi1,5651.5
17280,Li28,5651.7
36452,Mi1,5651.7
34933,Mi1,5651.900000000001
39158,Mi1,5651.900000000001
94305,T4a,5651.900000000001
100033,T4c,5651.900000000001
35845,Mi1,5652.0
34899,Mi1,5652.099999999999
101685,T4b,5652.200000000001
69597,Tm3,5652.3
53065,Mi1,5652.3
34057,Mi1,5652.5
106952,T4b,5652.5
16033,Li28,5652.6
41809,Mi1,5652.6
72279,Mi1,5652.7
94287,T4d,5652.7
95681,T4a,5652.7
91806,T4a,5652.8
99011,T4c,5652.900000000001
35218,Mi1,5652.900000000001
119245,T4d,5653.0
99423,T4d,5653.0
76325,T2a,5653.400000000001
39743,Mi1,5653.599999999999
97675,T4c,5653.599999999999
35100,Mi1,5653.8
104257,T4b,5653.8
33942,Mi1,5653.9
35152,Mi1,5653.9
36533,Mi1,5653.9
93688,T4a,5653.9
35498,Mi1,5654.0
10015,HSN,5654.0
58862,Mi1,5654.2
59397,Mi1,5654.2
35428,Mi1,5654.3
65671,Mi1,5654.3
97885,T4a,5654.5
35836,Mi1,5654.6
101480,T4c,5654.6
37948,Mi1,5654.7
34079,Mi1,5654.8
54087,Mi1,5654.900000000001
93750,T4c,5655.0
78108,T2a,5655.0
49324,Mi1,5655.0
36410,Mi1,5655.200000000001
51122,Mi1,5655.200000000001
55101,Mi1,5655.200000000001
98887,T4b,5655.200000000001
532850,Tm3,5655.200000000001
10016,HSE,5655.6
38893,Mi1,5655.6
102479,T4c,5655.6
90465,T4a,5655.700000000001
90423,T4b,5655.8
34369,Mi1,5655.8
42119,Mi1,5655.9
92281,T4c,5655.9
33462,Mi1,5656.000000000001
101005,T4d,5656.000000000001
33907,Mi1,5656.1
98837,T4c,5656.1
75298,T2a,5656.2
34356,Mi1,5656.2
35405,Mi1,5656.2
47962,TmY3,5656.2
99628,T4b,5656.3
35840,Mi1,5656.3
83689,T4a,5656.3
20264,Li28,5656.400000000001
38238,Mi1,5656.400000000001
95453,T4a,5656.400000000001
36446,Mi1,5656.5
98099,T4b,5656.5
38479,Mi1,5657.0
67150,T2a,5657.0
102462,T4c,5657.0
68562,T2a,5657.1
122233,Tm3,5657.200000000001
56564,Mi1,5657.200000000001
99663,T4c,5657.200000000001
15909,Li28,5657.4
72955,T2a,5657.4
73828,Tm3,5657.500000000001
103160,T4a,5657.500000000001
75521,T2a,5657.8
36252,Mi1,5657.8
92644,T4d,5657.8
99950,T4c,5657.900000000001
97853,T4c,5657.900000000001
77480,Tm3,5657.900000000001
94624,T4a,5657.900000000001
50333,TmY3,5657.900000000001
37000,Mi1,5658.0
94755,T4a,5658.0
98118,T4c,5658.0
105718,T4b,5658.0
94368,T4a,5658.1
104336,T4b,5658.1
51231,TmY3,5658.2
35017,Mi1,5658.2
15019,Li28,5658.3
94743,T4d,5658.3
95005,T4a,5658.3
132339,Tm3,5658.3
109857,T4d,5658.5
92047,T4c,5658.599999999999
96295,T4b,5658.8
72194,Tm3,5659.000000000001
68982,Tm3,5659.000000000001
103425,T4a,5659.000000000001
94153,T4d,5659.1
88152,T4c,5659.1
35770,Mi1,5659.2
91987,T4c,5659.2
10025,H2,5659.3
95356,T4a,5659.400000000001
96090,T4c,5659.5
105521,T4c,5659.5
45005,TmY3,5659.7
108307,T4b,5659.8
75377,T2a,5659.8
122308,Tm3,5659.900000000001
102579,T4b,5659.900000000001
16545,Li28,5659.900000000001
74231,Tm3,5659.900000000001
34479,Mi1,5660.0
34849,Mi1,5660.0
100032,T4c,5660.099999999999
19292,Li28,5660.099999999999
100018,T4a,5660.099999999999
109631,T4b,5660.099999999999
103639,T4d,5660.200000000001
100680,T4d,5660.200000000001
91469,T4c,5660.200000000001
67719,T2a,5660.200000000001
23047,Li28,5660.200000000001
14209,Li28,5660.200000000001
34045,Mi1,5660.3
98381,T4d,5660.3
10023,HSS,5660.4
101215,T4c,5660.4
104683,T4b,5660.4
107170,T4b,5660.4
108438,T4d,5660.4
526158,Mi1,5660.5
103479,T4c,5660.5
98300,T4a,5660.5
77383,T2a,5660.5
10112,VS,5660.5
97161,T4a,5660.5
78561,Tm3,5660.6
97231,T4a,5660.6
75848,T2a,5660.7
92839,T4b,5660.7
37019,Mi1,5660.900000000001
102016,T4a,5660.900000000001
104191,T4a,5661.2
95822,T4b,5661.2
10015,HSN,5661.400000000001
15263,Li28,5661.400000000001
98668,T4a,5661.400000000001
117627,Tm3,5661.5
96576,T4c,5661.599999999999
89368,T4c,5661.700000000001
66808,Tm3,5661.8
77676,T2a,5661.8
83365,T2a,5661.8
10037,VS,5661.9
35602,Mi1,5662.0
10016,HSE,5662.3
96126,T4b,5662.3
85126,T4a,5662.5
39275,Mi1,5662.6
97899,T4a,5662.6
55976,Mi1,5662.900000000001
10755,H1,5663.0
88951,Tm3,5663.0
36994,Mi1,5663.099999999999
89434,T4c,5663.200000000001
99131,T4c,5663.200000000001
102791,T4c,5663.3
36954,Mi1,5663.400000000001
34189,Mi1,5663.400000000001
11981,Li28,5663.5
42006,TmY3,5663.6
83979,T4a,5663.6
10206,VS,5663.8
33446,Mi1,5663.8
93566,T4a,5663.8
35580,Mi1,5663.9
38767,Mi1,5663.9
67113,Mi1,5663.9
66980,T2a,5664.000000000001
43334,TmY3,5664.1
34862,Mi1,5664.1
37631,Mi1,5664.3
104414,T4d,5664.3
39158,Mi1,5664.5
108697,T4d,5664.5
93419,T4b,5664.6
16033,Li28,5664.7
79271,T4a,5664.7
36540,Mi1,5664.8
101772,Tm3,5664.8
107211,T4d,5664.8
34300,Mi1,5664.900000000001
36217,Mi1,5665.0
37599,Mi1,5665.1
10025,H2,5665.200000000001
33655,Mi1,5665.200000000001
63420,Mi1,5665.200000000001
16596,Li28,5665.3
32893,Mi1,5665.3
89290,T4d,5665.4
37568,Mi1,5665.500000000001
88625,T4c,5665.6
74023,T2a,5665.6
17596,Li28,5665.7
34057,Mi1,5665.7
15909,Li28,5665.8
41809,Mi1,5665.900000000001
66325,Tm3,5665.900000000001
17280,Li28,5666.0
35218,Mi1,5666.2
36533,Mi1,5666.3
49372,TmY3,5666.400000000001
47368,TmY3,5666.400000000001
53065,Mi1,5666.400000000001
95883,T4a,5666.5
59397,Mi1,5666.599999999999
35845,Mi1,5667.000000000001
104027,T4d,5667.000000000001
34899,Mi1,5667.1
93527,T4a,5667.1
102519,T4a,5667.1
34933,Mi1,5667.2
120231,Tm3,5667.3
68842,TmY3,5667.400000000001
92114,T4c,5667.400000000001
104858,T4b,5667.5
36452,Mi1,5667.5
39743,Mi1,5667.900000000001
35152,Mi1,5668.0
58862,Mi1,5668.0
88992,T4c,5668.0
10015,HSN,5668.200000000001
51122,Mi1,5668.3
54087,Mi1,5668.3
65671,Mi1,5668.3
90278,T4a,5668.3
37948,Mi1,5668.4
116311,T4d,5668.5
70800,Tm3,5668.5
35100,Mi1,5668.5
35836,Mi1,5668.5
109649,T4c,5668.6
112321,T4d,5668.6
49324,Mi1,5668.7
72279,Mi1,5668.7
35498,Mi1,5668.8
99922,T4c,5669.0
33942,Mi1,5669.0
91682,T4b,5669.0
34369,Mi1,5669.1
96134,T4b,5669.2
104674,T4a,5669.2
55101,Mi1,5669.3
103022,T4a,5669.3
92706,T4a,5669.400000000001
102741,T4c,5669.400000000001
10016,HSE,5669.5
38893,Mi1,5669.5
35840,Mi1,5669.599999999999
56564,Mi1,5669.700000000001
65513,T2a,5669.9
35428,Mi1,5669.9
34356,Mi1,5670.0
100946,T4c,5670.0
33907,Mi1,5670.1
42119,Mi1,5670.1
33462,Mi1,5670.2
72558,T2a,5670.2
87358,T4a,5670.2
106922,T4c,5670.3
38238,Mi1,5670.5
34079,Mi1,5670.5
35405,Mi1,5670.7
92842,T4a,5670.7
97028,T4c,5670.7
20264,Li28,5670.799999999999
36446,Mi1,5670.799999999999
88698,T4a,5670.799999999999
10037,VS,5670.900000000001
73284,T2a,5670.900000000001
91806,T4a,5671.0
69540,TmY3,5671.0
36410,Mi1,5671.1
100787,T4b,5671.200000000001
35017,Mi1,5671.3
98194,T4d,5671.400000000001
107609,T4d,5671.400000000001
110988,T4a,5671.400000000001
38479,Mi1,5671.5
125171,Tm3,5671.5
127615,Tm3,5671.5
16545,Li28,5671.6
37000,Mi1,5671.700000000001
77991,Tm3,5671.700000000001
103440,T4d,5671.700000000001
109142,T4b,5671.8
93972,T4a,5671.8
107442,T4d,5671.9
73807,Tm3,5672.000000000001
74937,T2a,5672.000000000001
101043,T4c,5672.000000000001
10112,VS,5672.1
91444,T4c,5672.3
97171,T4d,5672.5
36252,Mi1,5672.6
104008,T4b,5672.6
70289,Mi1,5672.7
38133,Mi1,5672.7
71161,T2a,5672.8
87390,T2a,5672.8
90121,T4b,5672.8
15019,Li28,5672.900000000001
92431,T4a,5672.900000000001
10023,HSS,5673.1
35888,Mi1,5673.3
73096,T2a,5673.4
112744,T4d,5673.500000000001
80302,T2a,5673.500000000001
10025,H2,5673.500000000001
34045,Mi1,5673.6
94305,T4a,5673.7
92993,Tm3,5673.8
71475,Tm3,5673.900000000001
101383,T4b,5673.900000000001
37853,Mi1,5674.0
109598,T4b,5674.0
122233,Tm3,5674.2
97675,T4c,5674.2
111980,T4d,5674.2
34479,Mi1,5674.2
69380,Tm3,5674.2
35770,Mi1,5674.3
115636,T4d,5674.3
116129,T4b,5674.3
37019,Mi1,5674.400000000001
91283,T4c,5674.400000000001
91469,T4c,5674.400000000001
23047,Li28,5674.5
10015,HSN,5674.5
114391,T4d,5674.5
109593,Tm3,5674.700000000001
36177,Mi1,5674.700000000001
71398,Tm3,5674.700000000001
15909,Li28,5674.8
86686,T4c,5674.8
104257,T4b,5674.8
34849,Mi1,5675.000000000001
14209,Li28,5675.1
99011,T4c,5675.2
104297,T4a,5675.2
34296,Mi1,5675.2
117662,T4d,5675.2
116716,T4b,5675.400000000001
94356,T4c,5675.400000000001
92939,T4b,5675.400000000001
54885,TmY3,5675.400000000001
19292,Li28,5675.400000000001
79646,Tm3,5675.5
98788,T4d,5675.6
11981,Li28,5675.7
100867,T4b,5675.7
90049,T4c,5675.8
112179,T4b,5675.8
15263,Li28,5676.0
35602,Mi1,5676.0
526158,Mi1,5676.099999999999
110646,T4b,5676.099999999999
16033,Li28,5676.099999999999
36911,Mi1,5676.099999999999
83689,T4a,5676.099999999999
37270,Mi1,5676.3
64579,T2,5676.5
95681,T4a,5676.5
108349,T4d,5676.5
66214,T2a,5676.6
36994,Mi1,5676.7
37353,Mi1,5676.7
35580,Mi1,5676.7
10037,VS,5676.8
36540,Mi1,5676.8
92047,T4c,5676.8
107105,T4d,5676.8
95458,T4d,5677.0
34862,Mi1,5677.2
10016,HSE,5677.3
55976,Mi1,5677.3
46662,TmY3,5677.400000000001
39275,Mi1,5677.400000000001
98887,T4b,5677.5
33446,Mi1,5677.599999999999
37529,Mi1,5677.599999999999
34189,Mi1,5677.700000000001
10206,VS,5677.8
37371,Mi1,5677.9
41809,Mi1,5678.0
35806,Mi1,5678.1
65298,T2a,5678.1
37631,Mi1,5678.2
66345,T2a,5678.3
74228,Tm3,5678.4
67113,Mi1,5678.6
109868,Tm3,5678.8
111184,T4a,5678.8
38767,Mi1,5678.900000000001
69978,T2,5678.900000000001
37568,Mi1,5679.0
39158,Mi1,5679.0
33655,Mi1,5679.1
17596,Li28,5679.200000000001
36217,Mi1,5679.3
10112,VS,5679.400000000001
10025,H2,5679.400000000001
63420,Mi1,5679.6
95554,T4b,5679.6
36954,Mi1,5679.700000000001
34300,Mi1,5679.8
101215,T4c,5679.8
52328,TmY3,5679.9
37599,Mi1,5680.1
91057,T4c,5680.1
112993,T4b,5680.3
32893,Mi1,5680.3
94179,T4a,5680.400000000001
17280,Li28,5680.400000000001
10015,HSN,5680.400000000001
35712,Mi1,5680.6
95335,T4a,5680.6
59397,Mi1,5680.8
16596,Li28,5681.0
53065,Mi1,5681.1
16545,Li28,5681.200000000001
35218,Mi1,5681.200000000001
36452,Mi1,5681.200000000001
36533,Mi1,5681.3
93750,T4c,5681.3
58862,Mi1,5681.6
34057,Mi1,5681.6
34899,Mi1,5681.6
37948,Mi1,5681.8
39743,Mi1,5681.900000000001
67150,T2a,5681.900000000001
101685,T4b,5681.900000000001
49324,Mi1,5682.1
35100,Mi1,5682.2
102462,T4c,5682.2
105276,T4d,5682.3
65671,Mi1,5682.400000000001
35836,Mi1,5682.400000000001
35845,Mi1,5682.5
93688,T4a,5682.599999999999
34356,Mi1,5682.700000000001
54087,Mi1,5682.700000000001
34933,Mi1,5682.8
55101,Mi1,5682.8
40854,Mi1,5682.9
101620,T4b,5682.9
72279,Mi1,5683.0
35498,Mi1,5683.0
35234,Mi1,5683.1
33942,Mi1,5683.2
35152,Mi1,5683.3
56564,Mi1,5683.3
33907,Mi1,5683.400000000001
15909,Li28,5683.8
35934,Mi1,5683.8
101480,T4c,5683.8
51122,Mi1,5683.900000000001
90423,T4b,5683.900000000001
36446,Mi1,5684.0
35840,Mi1,5684.0
33462,Mi1,5684.099999999999
34369,Mi1,5684.099999999999
30923,TmY3,5684.200000000001
102975,T4b,5684.200000000001
107143,T4d,5684.3
38893,Mi1,5684.3
68562,T2a,5684.3
69980,Tm3,5684.3
95005,T4a,5684.3
35428,Mi1,5684.4
106701,T4d,5684.5
42119,Mi1,5684.5
99387,T4a,5684.5
75521,T2a,5684.6
104368,T4c,5684.6
38238,Mi1,5684.8
34079,Mi1,5684.8
37000,Mi1,5684.8
99628,T4b,5684.8
67971,Tm3,5684.9
35897,Mi1,5684.9
74231,Tm3,5685.0
85737,T2a,5685.0
35017,Mi1,5685.0
37037,Mi1,5685.1
71052,T2a,5685.1
40026,TmY3,5685.2
110403,T4b,5685.2
38479,Mi1,5685.3
69597,Tm3,5685.3
102388,T4d,5685.400000000001
98118,T4c,5685.5
100033,T4c,5685.5
97161,T4a,5685.599999999999
37699,Mi1,5685.599999999999
92281,T4c,5685.599999999999
36410,Mi1,5685.700000000001
87424,T4d,5685.700000000001
97853,T4c,5685.700000000001
20264,Li28,5685.8
72955,T2a,5685.8
105718,T4b,5685.8
107719,T4b,5685.8
105135,T4c,5686.0
83067,T4b,5686.0
50333,TmY3,5686.0
35405,Mi1,5686.0
10025,H2,5686.1
36252,Mi1,5686.1
96090,T4c,5686.1
99663,T4c,5686.1
109857,T4d,5686.1
85126,T4a,5686.4
89434,T4c,5686.4
96295,T4b,5686.4
98985,T4c,5686.4
92415,T4a,5686.5
66808,Tm3,5686.7
10037,VS,5686.8
95239,T4a,5686.8
98381,T4d,5686.900000000001
10112,VS,5687.1
61401,T2a,5687.1
89368,T4c,5687.1
91913,T4b,5687.1
108065,T4c,5687.1
101770,T4b,5687.200000000001
97899,T4a,5687.3
103654,T4b,5687.3
101772,Tm3,5687.5
10016,HSE,5687.5
91987,T4c,5687.6
74725,T2a,5687.700000000001
94624,T4a,5687.700000000001
98300,T4a,5687.700000000001
78503,T2a,5687.8
16033,Li28,5687.9
99950,T4c,5687.9
15019,Li28,5688.1
542412,Mi1,5688.3
34479,Mi1,5688.3
44244,TmY3,5688.3
95822,T4b,5688.400000000001
34045,Mi1,5688.5
35770,Mi1,5688.5
79345,T2a,5688.5
102564,T4a,5688.5
68982,Tm3,5688.7
47368,TmY3,5688.7
92996,T4a,5688.7
83204,T4d,5688.8
34849,Mi1,5688.8
11981,Li28,5688.900000000001
93419,T4b,5688.900000000001
99292,T4a,5688.900000000001
10023,HSS,5689.0
104683,T4b,5689.0
111746,Tm3,5689.0
102801,T4b,5689.1
37019,Mi1,5689.1
94755,T4a,5689.1
105698,T4c,5689.1
98654,T4d,5689.200000000001
78968,Tm3,5689.200000000001
14209,Li28,5689.200000000001
35602,Mi1,5689.200000000001
100032,T4c,5689.3
99670,T4c,5689.4
48547,TmY3,5689.500000000001
35888,Mi1,5689.500000000001
95453,T4a,5689.500000000001
102579,T4b,5689.6
93025,T4b,5689.6
117627,Tm3,5689.7
34862,Mi1,5689.7
23047,Li28,5689.7
10755,H1,5689.7
68522,T2a,5689.8
100310,T4d,5689.8
118924,Tm3,5689.8
10015,HSN,5689.900000000001
89290,T4d,5689.900000000001
97028,T4c,5689.900000000001
97231,T4a,5689.900000000001
526158,Mi1,5690.0
88625,T4c,5690.2
77383,T2a,5690.2
70289,Mi1,5690.2
94743,T4d,5690.3
19292,Li28,5690.5
35580,Mi1,5690.5
55976,Mi1,5690.700000000001
91469,T4c,5690.8
83979,T4a,5690.9
38133,Mi1,5691.0
98099,T4b,5691.1
15263,Li28,5691.2
39275,Mi1,5691.2
92706,T4a,5691.400000000001
36540,Mi1,5691.400000000001
81401,T4b,5691.5
102791,T4c,5691.5
16545,Li28,5691.7
81995,Tm3,5691.7
101005,T4d,5691.7
36994,Mi1,5691.8
10025,H2,5691.900000000001
75848,T2a,5691.900000000001
109536,T4d,5691.900000000001
108307,T4b,5692.0
15909,Li28,5692.0
51231,TmY3,5692.0
37631,Mi1,5692.099999999999
37853,Mi1,5692.099999999999
41809,Mi1,5692.099999999999
83365,T2a,5692.200000000001
89139,T4c,5692.200000000001
37353,Mi1,5692.4
34189,Mi1,5692.5
36177,Mi1,5692.5
33446,Mi1,5692.7
39158,Mi1,5692.7
37568,Mi1,5692.9
36217,Mi1,5692.9
93527,T4a,5693.0
99131,T4c,5693.0
67113,Mi1,5693.1
96576,T4c,5693.1
33655,Mi1,5693.2
37270,Mi1,5693.3
74023,T2a,5693.3
59397,Mi1,5693.400000000001
34296,Mi1,5693.5
37371,Mi1,5693.5
37948,Mi1,5693.599999999999
38767,Mi1,5693.700000000001
72796,Tm3,5693.8
34300,Mi1,5693.9
94305,T4a,5693.9
36911,Mi1,5694.1
36954,Mi1,5694.2
63420,Mi1,5694.3
35218,Mi1,5694.5
17280,Li28,5694.6
10016,HSE,5694.7
53065,Mi1,5694.8
35806,Mi1,5694.8
112633,T4b,5695.0
99011,T4c,5695.1
36452,Mi1,5695.200000000001
104858,T4b,5695.400000000001
107240,T4b,5695.400000000001
17596,Li28,5695.5
58862,Mi1,5695.5
98887,T4b,5695.6
72558,T2a,5695.6
37599,Mi1,5695.6
34057,Mi1,5695.6
32893,Mi1,5695.6
36533,Mi1,5695.6
37529,Mi1,5695.700000000001
10112,VS,5695.700000000001
34899,Mi1,5695.700000000001
91682,T4b,5695.9
97885,T4a,5695.9
34356,Mi1,5695.9
35836,Mi1,5695.9
49324,Mi1,5696.000000000001
65671,Mi1,5696.1
107170,T4b,5696.2
92114,T4c,5696.3
103025,T4a,5696.3
35498,Mi1,5696.400000000001
91934,T4a,5696.400000000001
91806,T4a,5696.6
10037,VS,5696.7
16596,Li28,5696.900000000001
39743,Mi1,5697.0
94368,T4a,5697.099999999999
10015,HSN,5697.099999999999
90121,T4b,5697.099999999999
56564,Mi1,5697.200000000001
92644,T4d,5697.200000000001
532850,Tm3,5697.3
38893,Mi1,5697.4
94287,T4d,5697.4
83689,T4a,5697.500000000001
35152,Mi1,5697.500000000001
77480,Tm3,5697.500000000001
34933,Mi1,5697.500000000001
35100,Mi1,5697.500000000001
36446,Mi1,5697.6
107621,T4d,5697.6
35845,Mi1,5697.7
90465,T4a,5697.7
106952,T4b,5697.8
33942,Mi1,5697.8
55101,Mi1,5697.8
104853,T4c,5697.8
104191,T4a,5698.0
33907,Mi1,5698.0
34369,Mi1,5698.0
10025,H2,5698.1
35428,Mi1,5698.1
35712,Mi1,5698.1
37000,Mi1,5698.2
104257,T4b,5698.2
33462,Mi1,5698.3
52485,TmY3,5698.3
38238,Mi1,5698.400000000001
66980,T2a,5698.400000000001
72148,Tm3,5698.5
51122,Mi1,5698.5
72279,Mi1,5698.599999999999
120016,Tm3,5698.700000000001
54087,Mi1,5698.700000000001
74891,T2a,5699.0
16033,Li28,5699.0
42119,Mi1,5699.0
73284,T2a,5699.1
34079,Mi1,5699.2
92431,T4a,5699.2
36252,Mi1,5699.3
103425,T4a,5699.3
35234,Mi1,5699.400000000001
36410,Mi1,5699.400000000001
92047,T4c,5699.400000000001
93334,T4b,5699.400000000001
95883,T4a,5699.5
82500,T2a,5699.5
35405,Mi1,5699.6
108438,T4d,5699.6
93972,T4a,5699.900000000001
102741,T4c,5699.900000000001
104336,T4b,5699.900000000001
122233,Tm3,5699.900000000001
35017,Mi1,5700.099999999999
107529,T4d,5700.099999999999
35840,Mi1,5700.200000000001
98837,T4c,5700.3
88152,T4c,5700.3
73586,Tm3,5700.3
100567,T4d,5700.4
103479,T4c,5700.4
38479,Mi1,5700.5
94153,T4d,5700.6
102112,T4c,5700.6
97480,T4c,5700.7
96126,T4b,5700.9
104450,T4a,5700.9
122308,Tm3,5701.0
100956,T4d,5701.0
79271,T4a,5701.0
15909,Li28,5701.0
20264,Li28,5701.1
10016,HSE,5701.2
73828,Tm3,5701.2
112775,T4d,5701.2
95356,T4a,5701.3
98194,T4d,5701.3
61659,Tm3,5701.400000000001
92839,T4b,5701.5
99423,T4d,5701.5
105521,T4c,5701.700000000001
40854,Mi1,5701.8
102016,T4a,5701.8
35770,Mi1,5701.9
71394,T2a,5701.9
93224,T4a,5701.9
98325,T4d,5701.9
37037,Mi1,5702.0
93750,T4c,5702.0
109142,T4b,5702.1
91444,T4c,5702.1
91283,T4c,5702.1
88992,T4c,5702.1
67150,T2a,5702.1
64712,T2a,5702.1
34045,Mi1,5702.1
101215,T4c,5702.2
35934,Mi1,5702.3
76524,Tm3,5702.3
93166,T4c,5702.3
34479,Mi1,5702.4
37019,Mi1,5702.4
94356,T4c,5702.4
54885,TmY3,5702.5
35602,Mi1,5702.5
102519,T4a,5702.6
78856,Tm3,5702.7
79257,Tm3,5702.8
35897,Mi1,5702.900000000001
93566,T4a,5702.900000000001
111184,T4a,5703.0
526158,Mi1,5703.0
10015,HSN,5703.1
15019,Li28,5703.1
34849,Mi1,5703.1
112744,T4d,5703.200000000001
11981,Li28,5703.200000000001
37699,Mi1,5703.400000000001
39275,Mi1,5703.400000000001
14209,Li28,5703.5
10112,VS,5703.6
34862,Mi1,5703.6
10025,H2,5703.700000000001
16545,Li28,5703.700000000001
10206,VS,5703.8
71475,Tm3,5703.9
114391,T4d,5703.9
99922,T4c,5704.000000000001
10023,HSS,5704.1
97675,T4c,5704.1
35888,Mi1,5704.2
55976,Mi1,5704.2
100867,T4b,5704.2
19292,Li28,5704.3
47962,TmY3,5704.400000000001
90049,T4c,5704.6
92281,T4c,5704.6
103022,T4a,5704.6
70289,Mi1,5704.7
36540,Mi1,5704.7
97171,T4d,5704.8
103827,T4c,5704.8
10037,VS,5704.900000000001
38133,Mi1,5705.0
88435,Tm3,5705.0
100946,T4c,5705.099999999999
23047,Li28,5705.3
116129,T4b,5705.3
92939,T4b,5705.4
542412,Mi1,5705.6
121170,Tm3,5705.6
35580,Mi1,5705.7
33655,Mi1,5705.900000000001
39158,Mi1,5705.900000000001
79646,Tm3,5706.0
116311,T4d,5706.0
110646,T4b,5706.2
33446,Mi1,5706.400000000001
34189,Mi1,5706.400000000001
37631,Mi1,5706.400000000001
97784,T4c,5706.400000000001
100787,T4b,5706.5
76325,T2a,5706.5
37853,Mi1,5706.599999999999
41809,Mi1,5706.599999999999
94624,T4a,5706.700000000001
95554,T4b,5706.700000000001
10016,HSE,5706.8
36217,Mi1,5706.8
37270,Mi1,5706.8
37948,Mi1,5706.8
41545,Mi1,5706.9
89434,T4c,5707.0
67113,Mi1,5707.0
36177,Mi1,5707.1
59397,Mi1,5707.1
15263,Li28,5707.2
94179,T4a,5707.2
37568,Mi1,5707.3
36452,Mi1,5707.5
36994,Mi1,5707.5
112619,T4d,5707.5
65531,T2a,5707.6
91057,T4c,5707.8
92842,T4a,5707.900000000001
10755,H1,5707.900000000001
36911,Mi1,5707.900000000001
31848,Mi1,5708.099999999999
40596,Mi1,5708.200000000001
38767,Mi1,5708.3
69793,T2a,5708.4
35218,Mi1,5708.5
98668,T4a,5708.5
101480,T4c,5708.6
17280,Li28,5708.7
36139,Mi1,5708.7
37353,Mi1,5708.8
34300,Mi1,5708.9
58862,Mi1,5708.9
98788,T4d,5708.9
35001,Mi1,5709.0
37371,Mi1,5709.0
53065,Mi1,5709.0
63420,Mi1,5709.0
93419,T4b,5709.2
102462,T4c,5709.2
65513,T2a,5709.3
95005,T4a,5709.400000000001
37599,Mi1,5709.400000000001
10025,H2,5709.400000000001
35836,Mi1,5709.400000000001
17596,Li28,5709.5
35806,Mi1,5709.5
83979,T4a,5709.5
10284,VS,5709.599999999999
34356,Mi1,5709.700000000001
83465,T4a,5709.8
97899,T4a,5709.8
34899,Mi1,5709.9
34296,Mi1,5709.9
34057,Mi1,5709.9
15909,Li28,5709.9
10112,VS,5709.9
35774,Mi1,5710.1
92706,T4a,5710.1
36533,Mi1,5710.2
37529,Mi1,5710.2
49324,Mi1,5710.3
36954,Mi1,5710.4
65671,Mi1,5710.4
71773,T2a,5710.4
56564,Mi1,5710.500000000001
41626,Mi1,5710.6
10015,HSN,5710.6
32893,Mi1,5710.6
34463,Mi1,5710.900000000001
38893,Mi1,5710.900000000001
98381,T4d,5710.900000000001
107609,T4d,5710.900000000001
124490,Tm3,5710.900000000001
85126,T4a,5711.0
100018,T4a,5711.0
39743,Mi1,5711.1
95453,T4a,5711.2
16033,Li28,5711.2
35100,Mi1,5711.2
35498,Mi1,5711.3
54087,Mi1,5711.400000000001
38238,Mi1,5711.5
88167,T4b,5711.5
102147,T4c,5711.5
36446,Mi1,5711.6
127615,Tm3,5711.6
35152,Mi1,5711.700000000001
88698,T4a,5711.8
33907,Mi1,5711.8
51122,Mi1,5711.9
69540,TmY3,5711.9
75521,T2a,5711.9
104354,T4b,5712.000000000001
109649,T4c,5712.000000000001
66345,T2a,5712.1
37000,Mi1,5712.1
96134,T4b,5712.1
16596,Li28,5712.1
33462,Mi1,5712.1
89368,T4c,5712.2
43334,TmY3,5712.2
55101,Mi1,5712.2
89290,T4d,5712.400000000001
120231,Tm3,5712.5
35845,Mi1,5712.6
33942,Mi1,5712.7
132339,Tm3,5712.7
10016,HSE,5712.8
34933,Mi1,5712.8
96774,T4c,5712.8
99950,T4c,5712.8
71161,T2a,5712.900000000001
34079,Mi1,5712.900000000001
34369,Mi1,5712.900000000001
35405,Mi1,5713.0
36410,Mi1,5713.0
95822,T4b,5713.0
98118,T4c,5713.0
35712,Mi1,5713.099999999999
101685,T4b,5713.099999999999
90394,T4a,5713.200000000001
66808,Tm3,5713.3
35428,Mi1,5713.3
10023,HSS,5713.3
72279,Mi1,5713.500000000001
54211,TmY3,5713.7
90423,T4b,5713.7
101770,T4b,5713.7
36252,Mi1,5713.8
70800,Tm3,5713.900000000001
88625,T4c,5713.900000000001
99663,T4c,5714.0
93688,T4a,5714.0
68562,T2a,5714.0
35234,Mi1,5714.0
40026,TmY3,5714.1
101043,T4c,5714.1
103657,T4b,5714.1
106922,T4c,5714.1
69380,Tm3,5714.2
87390,T2a,5714.2
80302,T2a,5714.3
112179,T4b,5714.3
69980,Tm3,5714.3
101772,Tm3,5714.400000000001
95458,T4d,5714.400000000001
74231,Tm3,5714.400000000001
16545,Li28,5714.400000000001
78561,Tm3,5714.5
68982,Tm3,5714.599999999999
72938,T2a,5714.599999999999
74937,T2a,5714.599999999999
90278,T4a,5714.599999999999
97853,T4c,5714.8
94305,T4a,5714.8
112321,T4d,5714.8
35840,Mi1,5714.8
38479,Mi1,5714.8
35017,Mi1,5714.9
95364,T4d,5714.9
109598,T4b,5714.9
20264,Li28,5715.0
101620,T4b,5715.0
106912,Tm3,5715.0
10037,VS,5715.1
109593,Tm3,5715.2
88726,T4b,5715.3
52328,TmY3,5715.3
108697,T4d,5715.3
42119,Mi1,5715.400000000001
72955,T2a,5715.5
125171,Tm3,5715.7
102479,T4c,5715.8
103654,T4b,5715.8
10025,H2,5716.099999999999
106793,T4d,5716.099999999999
35602,Mi1,5716.200000000001
65298,T2a,5716.200000000001
100032,T4c,5716.200000000001
11981,Li28,5716.3
110988,T4a,5716.4
50333,TmY3,5716.4
40854,Mi1,5716.5
42006,TmY3,5716.5
69228,T2a,5716.5
74375,Tm3,5716.5
91325,T4a,5716.5
67971,Tm3,5716.6
35897,Mi1,5716.7
97028,T4c,5716.7
39275,Mi1,5716.8
91987,T4c,5716.8
36540,Mi1,5716.8
34849,Mi1,5716.8
34479,Mi1,5716.8
34045,Mi1,5716.9
34862,Mi1,5716.9
87358,T4a,5716.9
46662,TmY3,5717.0
47368,TmY3,5717.0
96090,T4c,5717.0
104297,T4a,5717.0
95239,T4a,5717.1
68842,TmY3,5717.2
37019,Mi1,5717.2
103440,T4d,5717.3
35770,Mi1,5717.400000000001
102791,T4c,5717.400000000001
37037,Mi1,5717.5
45005,TmY3,5717.5
99670,T4c,5717.5
35934,Mi1,5717.599999999999
104683,T4b,5717.599999999999
37699,Mi1,5717.700000000001
97872,T4d,5717.700000000001
10112,VS,5717.700000000001
19292,Li28,5717.8
78503,T2a,5717.8
94743,T4d,5717.8
96295,T4b,5717.8
92993,Tm3,5717.9
86686,T4c,5718.0
526158,Mi1,5718.0
15019,Li28,5718.200000000001
91469,T4c,5718.200000000001
15909,Li28,5718.3
14209,Li28,5718.3
55976,Mi1,5718.4
75848,T2a,5718.4
35888,Mi1,5718.6
91913,T4b,5718.6
97249,T4d,5718.6
10016,HSE,5718.7
90121,T4b,5718.7
96576,T4c,5718.7
100033,T4c,5718.7
33655,Mi1,5718.900000000001
92047,T4c,5718.900000000001
107442,T4d,5719.1
48547,TmY3,5719.1
10015,HSN,5719.1
102975,T4b,5719.1
23047,Li28,5719.2
34189,Mi1,5719.2
38133,Mi1,5719.2
39158,Mi1,5719.3
30923,TmY3,5719.6
105698,T4c,5719.6
70289,Mi1,5719.700000000001
51231,TmY3,5719.8
104674,T4a,5719.8
92996,T4a,5719.9
102579,T4b,5720.000000000001
35580,Mi1,5720.1
36452,Mi1,5720.1
36217,Mi1,5720.2
92254,T4b,5720.2
37948,Mi1,5720.3
59397,Mi1,5720.3
72558,T2a,5720.3
108065,T4c,5720.3
127153,Tm3,5720.3
101873,T4b,5720.5
95335,T4a,5720.5
41809,Mi1,5720.5
67113,Mi1,5720.5
33446,Mi1,5720.7
75298,T2a,5720.7
98985,T4c,5720.7
102741,T4c,5720.7
117627,Tm3,5720.7
103025,T4a,5720.8
10206,VS,5720.8
74023,T2a,5720.8
36994,Mi1,5720.900000000001
66325,Tm3,5721.0
99011,T4c,5721.0
37631,Mi1,5721.099999999999
542412,Mi1,5721.200000000001
16033,Li28,5721.3
37568,Mi1,5721.4
93527,T4a,5721.4
95681,T4a,5721.500000000001
37270,Mi1,5721.500000000001
38767,Mi1,5721.6
104858,T4b,5721.8
10025,H2,5721.8
15263,Li28,5721.900000000001
34300,Mi1,5721.900000000001
98099,T4b,5721.900000000001
58862,Mi1,5722.1
67150,T2a,5722.1
119245,T4d,5722.1
10037,VS,5722.2
102564,T4a,5722.2
37353,Mi1,5722.3
90145,T4a,5722.3
37853,Mi1,5722.400000000001
36177,Mi1,5722.5
103160,T4a,5722.599999999999
10023,HSS,5722.700000000001
91682,T4b,5722.700000000001
92281,T4c,5722.700000000001
35806,Mi1,5722.8
37371,Mi1,5722.8
110403,T4b,5722.8
104257,T4b,5722.9
92114,T4c,5723.0
93750,T4c,5723.0
53065,Mi1,5723.1
36533,Mi1,5723.1
34296,Mi1,5723.2
83689,T4a,5723.2
99628,T4b,5723.2
63420,Mi1,5723.3
77676,T2a,5723.3
82515,Tm3,5723.400000000001
56564,Mi1,5723.5
99131,T4c,5723.5
65671,Mi1,5723.7
107170,T4b,5723.8
35218,Mi1,5723.8
34057,Mi1,5724.0
91806,T4a,5724.0
122233,Tm3,5724.0
17280,Li28,5724.099999999999
34356,Mi1,5724.099999999999
36446,Mi1,5724.099999999999
107211,T4d,5724.099999999999
35836,Mi1,5724.200000000001
103022,T4a,5724.200000000001
98194,T4d,5724.4
37529,Mi1,5724.5
36911,Mi1,5724.5
37599,Mi1,5724.6
37000,Mi1,5724.7
34899,Mi1,5724.8
41545,Mi1,5724.8
36954,Mi1,5724.9
102388,T4d,5724.9
10015,HSN,5725.0
10016,HSE,5725.0
39743,Mi1,5725.0
91345,T4c,5725.0
40596,Mi1,5725.1
16545,Li28,5725.2
33942,Mi1,5725.2
96163,T4b,5725.2
54087,Mi1,5725.299999999999
97675,T4c,5725.400000000001
17596,Li28,5725.5
35100,Mi1,5725.5
49324,Mi1,5725.5
31848,Mi1,5725.599999999999
35498,Mi1,5725.599999999999
38893,Mi1,5725.8
38238,Mi1,5725.8
32893,Mi1,5725.8
35845,Mi1,5725.900000000001
81401,T4b,5725.900000000001
10112,VS,5726.0
103677,T4b,5726.0
15909,Li28,5726.1
33462,Mi1,5726.1
35774,Mi1,5726.1
55101,Mi1,5726.200000000001
95356,T4a,5726.200000000001
111746,Tm3,5726.3
34369,Mi1,5726.3
10755,H1,5726.4
35712,Mi1,5726.500000000001
41626,Mi1,5726.500000000001
95005,T4a,5726.500000000001
35001,Mi1,5726.6
105718,T4b,5726.6
16596,Li28,5726.7
51122,Mi1,5726.7
100206,T4c,5726.7
104027,T4d,5726.7
33907,Mi1,5726.8
34933,Mi1,5726.900000000001
87424,T4d,5726.900000000001
36139,Mi1,5727.0
88992,T4c,5727.1
78172,TmY3,5727.2
93419,T4b,5727.2
102519,T4a,5727.3
98887,T4b,5727.400000000001
101383,T4b,5727.5
92415,T4a,5727.5
91283,T4c,5727.5
35152,Mi1,5727.5
10025,H2,5727.5
89139,T4c,5727.5
94356,T4c,5727.6
95883,T4a,5727.700000000001
34463,Mi1,5727.700000000001
72279,Mi1,5727.700000000001
73284,T2a,5727.700000000001
99863,T4d,5727.8
108349,T4d,5727.8
34079,Mi1,5727.8
89434,T4c,5727.8
11981,Li28,5727.9
35017,Mi1,5727.9
35428,Mi1,5727.9
36252,Mi1,5727.9
85152,T4c,5727.9
93972,T4a,5728.000000000001
35234,Mi1,5728.1
77383,T2a,5728.1
100946,T4c,5728.2
35405,Mi1,5728.2
105135,T4c,5728.3
35840,Mi1,5728.5
36410,Mi1,5728.5
92839,T4b,5728.5
93865,T4c,5728.5
101215,T4c,5728.5
42119,Mi1,5728.6
79271,T4a,5728.6
104336,T4b,5728.6
104368,T4c,5728.6
107105,T4d,5728.7
83067,T4b,5728.7
48986,TmY3,5728.7
103073,T4a,5728.8
90135,T4c,5728.900000000001
104450,T4a,5728.900000000001
74725,T2a,5729.0
111416,Tm3,5729.0
547091,T2,5729.0
104191,T4a,5729.099999999999
38479,Mi1,5729.200000000001
39067,Mi1,5729.3
98312,T4a,5729.4
94624,T4a,5729.6
36540,Mi1,5729.7
104942,T4a,5729.7
35447,Mi1,5729.8
37019,Mi1,5729.8
90474,T4b,5729.900000000001
92431,T4a,5730.0
99387,T4a,5730.0
100310,T4d,5730.0
104853,T4c,5730.0
98654,T4d,5730.2
69164,Mi1,5730.2
10037,VS,5730.2
20264,Li28,5730.2
84063,T4b,5730.3
96126,T4b,5730.3
108307,T4b,5730.3
54885,TmY3,5730.400000000001
34862,Mi1,5730.5
35602,Mi1,5730.5
39275,Mi1,5730.5
112744,T4d,5730.599999999999
84008,T4c,5730.599999999999
83583,T4d,5730.700000000001
90567,T4b,5730.8
93166,T4c,5730.8
95554,T4b,5730.8
34849,Mi1,5730.9
10016,HSE,5731.0
83365,T2a,5731.0
10015,HSN,5731.1
109857,T4d,5731.1
118924,Tm3,5731.2
34867,Mi1,5731.3
85074,T4a,5731.3
35770,Mi1,5731.400000000001
15019,Li28,5731.5
33655,Mi1,5731.5
88152,T4c,5731.5
97231,T4a,5731.6
101772,Tm3,5731.6
114391,T4d,5731.6
93360,T4b,5731.7
34045,Mi1,5731.8
94755,T4a,5731.8
98300,T4a,5731.8
37037,Mi1,5731.900000000001
35897,Mi1,5731.900000000001
35934,Mi1,5732.0
105521,T4c,5732.0
97899,T4a,5732.099999999999
102016,T4a,5732.099999999999
10023,HSS,5732.200000000001
66808,Tm3,5732.200000000001
91444,T4c,5732.200000000001
14209,Li28,5732.3
72829,T2a,5732.4
92082,T4b,5732.4
34479,Mi1,5732.4
19292,Li28,5732.5
23047,Li28,5732.5
70812,TmY3,5732.5
35888,Mi1,5732.6
37699,Mi1,5732.6
40854,Mi1,5732.6
55976,Mi1,5732.6
89368,T4c,5732.6
93224,T4a,5732.7
10025,H2,5732.8
526158,Mi1,5733.0
82855,Tm3,5733.0
34189,Mi1,5733.0
36452,Mi1,5733.0
92706,T4a,5733.1
37948,Mi1,5733.2
71052,T2a,5733.2
85126,T4a,5733.2
39158,Mi1,5733.299999999999
93025,T4b,5733.299999999999
99922,T4c,5733.400000000001
70289,Mi1,5733.400000000001
49372,TmY3,5733.400000000001
68212,T2a,5733.400000000001
100867,T4b,5733.5
101005,T4d,5733.5
109142,T4b,5733.5
16033,Li28,5733.6
38133,Mi1,5733.6
68522,T2a,5733.6
74927,Tm3,5733.6
91741,T4d,5733.6
83227,Tm3,5733.8
67113,Mi1,5733.900000000001
36217,Mi1,5733.900000000001
35580,Mi1,5734.0
100787,T4b,5734.0
10112,VS,5734.1
69597,Tm3,5734.200000000001
73096,T2a,5734.4
37270,Mi1,5734.500000000001
59397,Mi1,5734.6
92644,T4d,5734.6
108438,T4d,5734.7
83979,T4a,5734.8
15263,Li28,5734.8
81995,Tm3,5734.900000000001
97161,T4a,5734.900000000001
74228,Tm3,5735.0
102462,T4c,5735.0
78854,T2a,5735.1
66214,T2a,5735.2
38767,Mi1,5735.2
91469,T4c,5735.2
33446,Mi1,5735.2
37568,Mi1,5735.2
34300,Mi1,5735.3
95453,T4a,5735.3
15909,Li28,5735.400000000001
92939,T4b,5735.400000000001
542412,Mi1,5735.400000000001
77480,Tm3,5735.6
10015,HSN,5735.6
36994,Mi1,5735.6
66980,T2a,5735.6
91057,T4c,5735.6
47368,TmY3,5735.700000000001
37631,Mi1,5735.9
41809,Mi1,5735.9
90465,T4a,5736.000000000001
99672,T4a,5736.000000000001
10206,VS,5736.2
94305,T4a,5736.2
107609,T4d,5736.2
110646,T4b,5736.2
53065,Mi1,5736.3
71475,Tm3,5736.400000000001
37353,Mi1,5736.5
10016,HSE,5736.5
35806,Mi1,5736.6
10037,VS,5736.7
37371,Mi1,5736.7
58862,Mi1,5736.7
105276,T4d,5736.7
36177,Mi1,5736.900000000001
36533,Mi1,5736.900000000001
103827,T4c,5737.0
103425,T4a,5737.0
98325,T4d,5737.0
94179,T4a,5737.0
10025,H2,5737.099999999999
56564,Mi1,5737.099999999999
109868,Tm3,5737.099999999999
94368,T4a,5737.200000000001
98226,T4b,5737.200000000001
109631,T4b,5737.200000000001
65671,Mi1,5737.3
116129,T4b,5737.4
122308,Tm3,5737.500000000001
75521,T2a,5737.500000000001
34296,Mi1,5737.6
36446,Mi1,5737.6
101685,T4b,5737.6
99950,T4c,5737.8
101480,T4c,5737.8
16545,Li28,5737.900000000001
37000,Mi1,5737.900000000001
63420,Mi1,5737.900000000001
34899,Mi1,5738.1
36954,Mi1,5738.400000000001
92842,T4a,5738.5
89290,T4d,5738.599999999999
35218,Mi1,5738.599999999999
54087,Mi1,5738.700000000001
83465,T4a,5738.700000000001
37599,Mi1,5738.700000000001
72796,Tm3,5738.8
35836,Mi1,5738.8
49324,Mi1,5738.9
93750,T4c,5738.9
96134,T4b,5738.9
34057,Mi1,5739.0
34356,Mi1,5739.0
34369,Mi1,5739.0
37853,Mi1,5739.0
72148,Tm3,5739.0
36911,Mi1,5739.1
32893,Mi1,5739.1
17280,Li28,5739.1
37529,Mi1,5739.2
38238,Mi1,5739.2
78856,Tm3,5739.3
33942,Mi1,5739.4
72896,Tm3,5739.4
95810,T2a,5739.4
97193,T4a,5739.4
41545,Mi1,5739.5
39743,Mi1,5739.7
97866,T4d,5739.7
10755,H1,5739.7
38893,Mi1,5739.8
97885,T4a,5739.8
10015,HSN,5739.900000000001
97878,T4b,5739.900000000001
98118,T4c,5739.900000000001
35100,Mi1,5740.0
35498,Mi1,5740.099999999999
107719,T4b,5740.200000000001
66345,T2a,5740.200000000001
51122,Mi1,5740.3
10023,HSS,5740.4
40596,Mi1,5740.4
120016,Tm3,5740.4
35774,Mi1,5740.6
40426,Mi1,5740.6
74231,Tm3,5740.6
17596,Li28,5740.7
78968,Tm3,5740.8
104414,T4d,5740.9
41296,Mi1,5740.9
40944,Mi1,5741.0
88625,T4c,5741.0
33462,Mi1,5741.0
33907,Mi1,5741.0
35845,Mi1,5741.1
68562,T2a,5741.1
95822,T4b,5741.1
97853,T4c,5741.1
55101,Mi1,5741.2
36252,Mi1,5741.2
106200,T4c,5741.2
10284,VS,5741.2
34933,Mi1,5741.2
111184,T4a,5741.3
11981,Li28,5741.5
35152,Mi1,5741.5
94153,T4d,5741.5
97171,T4d,5741.6
34079,Mi1,5741.6
36139,Mi1,5741.6
69980,Tm3,5741.6
91987,T4c,5741.6
97028,T4c,5741.6
41626,Mi1,5741.700000000001
68982,Tm3,5741.700000000001
36410,Mi1,5741.700000000001
34463,Mi1,5741.8
92281,T4c,5741.8
35712,Mi1,5741.900000000001
92047,T4c,5741.900000000001
10112,VS,5742.0
83204,T4d,5742.1
10016,HSE,5742.1
35840,Mi1,5742.1
50333,TmY3,5742.1
72279,Mi1,5742.1
98837,T4c,5742.1
35234,Mi1,5742.200000000001
31848,Mi1,5742.3
67971,Tm3,5742.3
92181,T4a,5742.3
10025,H2,5742.4
33216,Mi1,5742.500000000001
35001,Mi1,5742.500000000001
38479,Mi1,5742.500000000001
47962,TmY3,5742.6
97784,T4c,5742.6
16596,Li28,5742.6
35017,Mi1,5742.6
109593,Tm3,5742.6
117662,T4d,5742.7
51231,TmY3,5742.8
96090,T4c,5742.8
101620,T4b,5742.8
104683,T4b,5742.900000000001
35428,Mi1,5743.0
98788,T4d,5743.0
99663,T4c,5743.0
80855,Tm3,5743.1
98668,T4a,5743.1
100033,T4c,5743.1
96295,T4b,5743.2
93566,T4a,5743.2
67719,T2a,5743.2
35405,Mi1,5743.2
69540,TmY3,5743.2
80358,Tm3,5743.3
48283,TmY3,5743.400000000001
103654,T4b,5743.400000000001
104257,T4b,5743.400000000001
100855,T4a,5743.5
38993,Mi1,5743.5
99292,T4a,5743.5
79646,Tm3,5743.6
98194,T4d,5743.700000000001
10037,VS,5743.8
16033,Li28,5743.8
107529,T4d,5743.8
90423,T4b,5743.9
42119,Mi1,5744.000000000001
69380,Tm3,5744.000000000001
96424,T4b,5744.000000000001
61659,Tm3,5744.1
72955,T2a,5744.1
98381,T4d,5744.2
82145,T2a,5744.2
39275,Mi1,5744.2
38514,Mi1,5744.2
34849,Mi1,5744.2
90278,T4a,5744.3
101770,T4b,5744.3
102801,T4b,5744.3
15909,Li28,5744.400000000001
35770,Mi1,5744.400000000001
97480,T4c,5744.400000000001
77138,Tm3,5744.5
100087,T4b,5744.5
97675,T4c,5744.7
79257,Tm3,5744.7
66604,TmY3,5744.7
76524,Tm3,5744.7
75377,T2a,5744.8
88281,T4b,5744.8
102791,T4c,5744.900000000001
94743,T4d,5744.900000000001
48547,TmY3,5744.900000000001
102425,T4b,5744.900000000001
36540,Mi1,5744.900000000001
34862,Mi1,5744.900000000001
15019,Li28,5744.900000000001
44119,Mi1,5744.900000000001
100032,T4c,5745.0
37019,Mi1,5745.200000000001
90394,T4a,5745.200000000001
96576,T4c,5745.200000000001
104354,T4b,5745.200000000001
106701,T4d,5745.200000000001
102579,T4b,5745.3
65298,T2a,5745.3
40026,TmY3,5745.3
35602,Mi1,5745.3
10015,HSN,5745.3
39692,TmY3,5745.3
36305,Mi1,5745.4
112179,T4b,5745.4
33655,Mi1,5745.500000000001
49441,TmY3,5745.6
102975,T4b,5745.8
72194,Tm3,5745.900000000001
20264,Li28,5745.900000000001
19292,Li28,5745.900000000001
36452,Mi1,5746.0
69164,Mi1,5746.0
34479,Mi1,5746.1
46662,TmY3,5746.2
76733,Tm3,5746.2
95458,T4d,5746.2
35934,Mi1,5746.3
90049,T4c,5746.3
99670,T4c,5746.3
34045,Mi1,5746.400000000001
104858,T4b,5746.400000000001
109598,T4b,5746.5
106952,T4b,5746.5
37037,Mi1,5746.5
91913,T4b,5746.5
95883,T4a,5746.5
40854,Mi1,5746.599999999999
48894,TmY3,5746.599999999999
90121,T4b,5746.700000000001
38133,Mi1,5746.8
39067,Mi1,5746.8
35888,Mi1,5746.9
37699,Mi1,5746.9
37948,Mi1,5746.9
98887,T4b,5746.9
104008,T4b,5746.9
99423,T4d,5747.0
14209,Li28,5747.0
10025,H2,5747.1
35447,Mi1,5747.1
52328,TmY3,5747.1
113686,T4d,5747.1
16545,Li28,5747.2
67113,Mi1,5747.2
70289,Mi1,5747.2
103570,T4d,5747.2
87289,T4a,5747.3
83067,T4b,5747.3
35897,Mi1,5747.3
34189,Mi1,5747.4
10016,HSE,5747.5
44244,TmY3,5747.5
55976,Mi1,5747.5
36217,Mi1,5747.6
37270,Mi1,5747.7
34867,Mi1,5747.8
39158,Mi1,5747.8
112619,T4d,5747.900000000001
93407,T4d,5747.900000000001
61401,T2a,5747.900000000001
59397,Mi1,5748.0
72558,T2a,5748.0
92431,T4a,5748.0
94755,T4a,5748.099999999999
116311,T4d,5748.099999999999
100319,T4b,5748.200000000001
77779,T2a,5748.3
95239,T4a,5748.3
104297,T4a,5748.4
79210,Tm3,5748.5
35580,Mi1,5748.5
23047,Li28,5748.5
112633,T4b,5748.6
103025,T4a,5748.7
78805,T2a,5748.8
93688,T4a,5748.8
99980,T4c,5748.8
117627,Tm3,5748.8
10206,VS,5749.0
89434,T4c,5749.0
10112,VS,5749.0
33446,Mi1,5749.1
38767,Mi1,5749.1
103022,T4a,5749.1
542412,Mi1,5749.1
96126,T4b,5749.2
41809,Mi1,5749.3
102564,T4a,5749.3
103657,T4b,5749.3
94668,T4d,5749.400000000001
71398,Tm3,5749.400000000001
526158,Mi1,5749.400000000001
35806,Mi1,5749.400000000001
37568,Mi1,5749.400000000001
10037,VS,5749.6
74023,T2a,5749.6
53065,Mi1,5749.700000000001
34300,Mi1,5749.8
37353,Mi1,5749.8
100956,T4d,5749.8
108065,T4c,5749.900000000001
94356,T4c,5750.0
37631,Mi1,5750.0
10755,H1,5750.0
37371,Mi1,5750.0
10023,HSS,5750.1
56564,Mi1,5750.1
58862,Mi1,5750.200000000001
101772,Tm3,5750.3
30923,TmY3,5750.4
99131,T4c,5750.4
36994,Mi1,5750.500000000001
15263,Li28,5750.6
93527,T4a,5750.8
100282,T4a,5750.8
101302,T4d,5750.900000000001
91682,T4b,5750.900000000001
92114,T4c,5750.900000000001
71161,T2a,5751.0
66808,Tm3,5751.1
36533,Mi1,5751.2
83689,T4a,5751.2
105698,T4c,5751.2
91806,T4a,5751.3
94287,T4d,5751.3
34296,Mi1,5751.3
75484,Tm3,5751.3
36446,Mi1,5751.400000000001
99011,T4c,5751.400000000001
102147,T4c,5751.400000000001
10015,HSN,5751.5
10025,H2,5751.5
71938,T2a,5751.5
122233,Tm3,5751.5
65671,Mi1,5751.6
11981,Li28,5751.6
97899,T4a,5751.700000000001
89368,T4c,5751.8
34356,Mi1,5751.9
36177,Mi1,5751.9
87390,T2a,5751.9
127615,Tm3,5751.9
38238,Mi1,5752.000000000001
95681,T4a,5752.000000000001
10016,HSE,5752.1
35836,Mi1,5752.1
104336,T4b,5752.3
67150,T2a,5752.3
33942,Mi1,5752.400000000001
34899,Mi1,5752.400000000001
35218,Mi1,5752.400000000001
37000,Mi1,5752.400000000001
74375,Tm3,5752.400000000001
92939,T4b,5752.5
64712,T2a,5752.6
32893,Mi1,5752.6
93419,T4b,5752.6
95005,T4a,5753.0
54087,Mi1,5753.0
91469,T4c,5753.0
39743,Mi1,5753.0
34057,Mi1,5753.0
63420,Mi1,5753.099999999999
15909,Li28,5753.200000000001
34369,Mi1,5753.200000000001
79271,T4a,5753.200000000001
38893,Mi1,5753.3
93750,T4c,5753.4
51122,Mi1,5753.4
77991,Tm3,5753.4
37599,Mi1,5753.4
49324,Mi1,5753.4
37529,Mi1,5753.5
36954,Mi1,5753.6
43334,TmY3,5753.7
41545,Mi1,5753.8
16033,Li28,5754.1
17280,Li28,5754.1
106922,T4c,5754.1
99628,T4b,5754.2
92839,T4b,5754.2
68842,TmY3,5754.2
65513,T2a,5754.2
89139,T4c,5754.2
35498,Mi1,5754.3
36911,Mi1,5754.3
36139,Mi1,5754.5
107621,T4d,5754.5
525839,Mi1,5754.5
73284,T2a,5754.599999999999
88698,T4a,5754.599999999999
37123,Mi1,5754.599999999999
35845,Mi1,5754.599999999999
33907,Mi1,5754.700000000001
37853,Mi1,5754.700000000001
109291,T4d,5754.8
120231,Tm3,5754.8
33017,Mi1,5754.9
36252,Mi1,5755.0
98300,T4a,5755.0
35100,Mi1,5755.0
125171,Tm3,5755.0
95356,T4a,5755.1
35774,Mi1,5755.1
33462,Mi1,5755.2
101215,T4c,5755.3
93334,T4b,5755.3
91934,T4a,5755.3
90145,T4a,5755.3
86686,T4c,5755.3
36410,Mi1,5755.3
34933,Mi1,5755.4
88167,T4b,5755.4
40596,Mi1,5755.5
95335,T4a,5755.5
120312,Tm3,5755.5
107211,T4d,5755.6
93972,T4a,5755.6
34079,Mi1,5755.6
10112,VS,5755.6
35152,Mi1,5755.6
16545,Li28,5755.7
71394,T2a,5755.7
107143,T4d,5755.8
35234,Mi1,5755.8
103479,T4c,5755.8
102595,T4d,5755.900000000001
108697,T4d,5755.900000000001
94624,T4a,5755.900000000001
96774,T4c,5755.900000000001
10025,H2,5756.099999999999
81401,T4b,5756.099999999999
35840,Mi1,5756.200000000001
72279,Mi1,5756.200000000001
104853,T4c,5756.200000000001
95453,T4a,5756.3
114817,T4d,5756.3
98654,T4d,5756.4
95554,T4b,5756.4
35017,Mi1,5756.4
55101,Mi1,5756.4
34463,Mi1,5756.5
88992,T4c,5756.5
50345,TmY3,5756.6
94305,T4a,5756.6
95364,T4d,5756.6
98099,T4b,5756.6
101685,T4b,5756.6
102112,T4c,5756.6
85737,T2a,5756.7
52485,TmY3,5756.7
92706,T4a,5756.7
41626,Mi1,5756.7
47368,TmY3,5756.7
96931,T4b,5756.8
111416,Tm3,5756.8
17596,Li28,5756.9
100787,T4b,5756.9
91283,T4c,5757.0
100567,T4d,5757.0
31848,Mi1,5757.1
35712,Mi1,5757.1
35770,Mi1,5757.1
84010,Tm3,5757.1
10037,VS,5757.2
10016,HSE,5757.3
35428,Mi1,5757.3
39275,Mi1,5757.3
54885,TmY3,5757.3
83979,T4a,5757.3
40944,Mi1,5757.400000000001
89934,T4d,5757.400000000001
101043,T4c,5757.400000000001
106912,Tm3,5757.400000000001
110403,T4b,5757.400000000001
105718,T4b,5757.5
102519,T4a,5757.5
100946,T4c,5757.5
38230,Mi1,5757.5
38479,Mi1,5757.5
100310,T4d,5757.5
121170,Tm3,5757.6
36540,Mi1,5757.700000000001
78503,T2a,5757.700000000001
80302,T2a,5757.700000000001
34862,Mi1,5757.8
90423,T4b,5757.8
93166,T4c,5757.8
98360,T4c,5757.8
10015,HSN,5757.900000000001
88152,T4c,5758.0
107442,T4d,5758.1
40426,Mi1,5758.200000000001
16596,Li28,5758.3
78561,Tm3,5758.3
105521,T4c,5758.4
35001,Mi1,5758.500000000001
35405,Mi1,5758.500000000001
37019,Mi1,5758.500000000001
42119,Mi1,5758.500000000001
38993,Mi1,5758.6
40171,Mi1,5758.7
36452,Mi1,5758.8
92047,T4c,5758.900000000001
97161,T4a,5758.900000000001
34849,Mi1,5759.0
40832,Mi1,5759.0
93025,T4b,5759.0
97231,T4a,5759.0
88035,Tm3,5759.1
112744,T4d,5759.2
102741,T4c,5759.2
35602,Mi1,5759.2
33655,Mi1,5759.2
98985,T4c,5759.2
10023,HSS,5759.3
37948,Mi1,5759.3
41296,Mi1,5759.3
69228,T2a,5759.400000000001
110646,T4b,5759.5
79483,Tm3,5759.5
537004,VSm,5759.5
112775,T4d,5759.6
60857,Mi1,5759.6
33216,Mi1,5759.8
71402,Tm3,5759.8
88726,T4b,5759.8
91674,T4a,5759.8
48986,TmY3,5759.9
34479,Mi1,5760.000000000001
41120,Mi1,5760.000000000001
83438,T4a,5760.000000000001
102479,T4c,5760.1
96090,T4c,5760.1
34171,Mi1,5760.1
38133,Mi1,5760.2
38514,Mi1,5760.3
87722,T2a,5760.3
91444,T4c,5760.3
10025,H2,5760.400000000001
14209,Li28,5760.5
92996,T4a,5760.5
34189,Mi1,5760.6
37037,Mi1,5760.6
107170,T4b,5760.7
71674,T2a,5760.7
98312,T4a,5760.7
34045,Mi1,5760.7
39629,Mi1,5760.7
35888,Mi1,5760.8
36305,Mi1,5760.8
99387,T4a,5760.8
15019,Li28,5760.900000000001
35897,Mi1,5760.900000000001
39158,Mi1,5760.900000000001
104674,T4a,5760.900000000001
96035,T4d,5761.099999999999
67113,Mi1,5761.099999999999
109996,T4c,5761.099999999999
70800,Tm3,5761.200000000001
70289,Mi1,5761.200000000001
15909,Li28,5761.200000000001
69441,Tm3,5761.200000000001
41668,Mi1,5761.3
86419,Tm3,5761.3
73807,Tm3,5761.4
10755,H1,5761.4
40854,Mi1,5761.4
10284,VS,5761.5
100105,T4a,5761.6
95242,T4d,5761.7
111184,T4a,5761.7
85126,T4a,5761.7
10206,VS,5761.7
38767,Mi1,5761.7
40085,Mi1,5761.7
20264,Li28,5761.8
68982,Tm3,5761.8
36217,Mi1,5761.900000000001
69164,Mi1,5761.900000000001
101005,T4d,5762.0
96163,T4b,5762.0
37270,Mi1,5762.0
10112,VS,5762.0
35934,Mi1,5762.0
70524,T2a,5762.1
83191,T4a,5762.1
19292,Li28,5762.2
37699,Mi1,5762.2
42006,TmY3,5762.2
37371,Mi1,5762.3
44119,Mi1,5762.3
107529,T4d,5762.400000000001
100033,T4c,5762.5
59397,Mi1,5762.5
11981,Li28,5762.599999999999
34867,Mi1,5762.599999999999
97853,T4c,5762.599999999999
108307,T4b,5762.700000000001
10016,HSE,5762.8
39067,Mi1,5762.8
109536,T4d,5762.9
107240,T4b,5762.9
119245,T4d,5762.9
35447,Mi1,5762.9
55976,Mi1,5762.9
33446,Mi1,5763.0
35580,Mi1,5763.0
47686,TmY3,5763.0
56007,TmY3,5763.0
91057,T4c,5763.0
10015,HSN,5763.1
37568,Mi1,5763.1
66980,T2a,5763.1
85007,T4c,5763.2
37353,Mi1,5763.3
53065,Mi1,5763.4
58862,Mi1,5763.5
82515,Tm3,5763.5
83227,Tm3,5763.6
87358,T4a,5763.6
100867,T4b,5763.6
102975,T4b,5763.6
23047,Li28,5763.7
93021,T4a,5763.7
56564,Mi1,5763.8
104257,T4b,5763.8
100018,T4a,5763.900000000001
41809,Mi1,5764.0
93935,T4a,5764.0
98381,T4d,5764.0
102462,T4c,5764.0
34300,Mi1,5764.099999999999
36994,Mi1,5764.099999999999
542412,Mi1,5764.099999999999
16033,Li28,5764.200000000001
84008,T4c,5764.200000000001
92281,T4c,5764.200000000001
107609,T4d,5764.200000000001
91366,T4b,5764.3
86630,Tm3,5764.3
104191,T4a,5764.4
532850,Tm3,5764.4
16545,Li28,5764.5
90135,T4c,5764.5
95007,T4a,5764.5
102229,T4d,5764.5
35806,Mi1,5764.7
83583,T4d,5764.8
96576,T4c,5765.0
35836,Mi1,5765.0
34296,Mi1,5765.1
36533,Mi1,5765.1
37631,Mi1,5765.1
84063,T4b,5765.1
94179,T4a,5765.1
91345,T4c,5765.2
526158,Mi1,5765.2
79646,Tm3,5765.400000000001
10025,H2,5765.400000000001
103425,T4a,5765.5
97028,T4c,5765.5
15263,Li28,5765.5
92644,T4d,5765.5
10037,VS,5765.6
33942,Mi1,5765.6
36177,Mi1,5765.6
65671,Mi1,5765.6
34057,Mi1,5765.700000000001
37000,Mi1,5765.700000000001
38238,Mi1,5765.700000000001
34899,Mi1,5765.8
108325,T4c,5765.900000000001
111746,Tm3,5765.900000000001
64341,TmY3,5765.900000000001
93360,T4b,5766.0
98175,T4c,5766.0
89290,T4d,5766.1
105135,T4c,5766.1
34356,Mi1,5766.200000000001
54087,Mi1,5766.200000000001
36446,Mi1,5766.4
104450,T4a,5766.500000000001
75521,T2a,5766.7
90219,T4a,5766.7
109857,T4d,5766.8
100206,T4c,5766.8
10023,HSS,5766.8
35218,Mi1,5766.8
97256,T4c,5766.8
39743,Mi1,5766.900000000001
49324,Mi1,5766.900000000001
37599,Mi1,5767.1
67971,Tm3,5767.1
98325,T4d,5767.1
34369,Mi1,5767.2
74231,Tm3,5767.3
92842,T4a,5767.3
102388,T4d,5767.400000000001
97866,T4d,5767.400000000001
69793,T2a,5767.400000000001
71052,T2a,5767.400000000001
32893,Mi1,5767.5
63420,Mi1,5767.5
85152,T4c,5767.5
10112,VS,5767.599999999999
10016,HSE,5767.599999999999
132339,Tm3,5767.599999999999
96657,T4c,5767.700000000001
87845,T4a,5767.700000000001
106793,T4d,5767.8
109649,T4c,5767.8
38893,Mi1,5767.9
51122,Mi1,5767.9
35498,Mi1,5768.000000000001
36139,Mi1,5768.000000000001
66345,T2a,5768.000000000001
112321,T4d,5768.1
103440,T4d,5768.1
98504,T4c,5768.1
37529,Mi1,5768.1
10015,HSN,5768.1
69978,T2,5768.1
36410,Mi1,5768.2
35152,Mi1,5768.3
35845,Mi1,5768.3
96134,T4b,5768.400000000001
91913,T4b,5768.5
92082,T4b,5768.5
94153,T4d,5768.6
109652,T4d,5768.7
101383,T4b,5768.7
99670,T4c,5768.7
36911,Mi1,5768.7
37853,Mi1,5768.7
34933,Mi1,5768.8
69597,Tm3,5768.8
71475,Tm3,5768.8
83465,T4a,5768.8
93947,T4a,5768.8
98118,T4c,5768.8
89434,T4c,5768.900000000001
91325,T4a,5768.900000000001
15909,Li28,5768.900000000001
33462,Mi1,5769.0
78856,Tm3,5769.0
101480,T4c,5769.0
102016,T4a,5769.0
128726,Tm3,5769.0
17280,Li28,5769.0
104703,T4d,5769.099999999999
36954,Mi1,5769.099999999999
50333,TmY3,5769.099999999999
91806,T4a,5769.099999999999
94356,T4c,5769.200000000001
34079,Mi1,5769.200000000001
73586,Tm3,5769.200000000001
35017,Mi1,5769.3
68562,T2a,5769.3
77676,T2a,5769.3
81995,Tm3,5769.3
40026,TmY3,5769.4
65531,T2a,5769.4
95822,T4b,5769.4
112993,T4b,5769.4
98887,T4b,5769.5
127153,Tm3,5769.5
41545,Mi1,5769.5
107719,T4b,5769.7
33907,Mi1,5769.8
40596,Mi1,5769.8
72279,Mi1,5769.8
115636,T4d,5769.8
35774,Mi1,5769.900000000001
36252,Mi1,5769.900000000001
48547,TmY3,5770.0
95883,T4a,5770.0
99950,T4c,5770.1
103022,T4a,5770.1
99663,T4c,5770.1
98194,T4d,5770.1
91987,T4c,5770.1
87424,T4d,5770.1
35234,Mi1,5770.1
104683,T4b,5770.2
35100,Mi1,5770.3
77383,T2a,5770.3
35840,Mi1,5770.400000000001
41626,Mi1,5770.5
98349,T4a,5770.5
99922,T4c,5770.5
103725,T4a,5770.599999999999
39275,Mi1,5770.599999999999
94368,T4a,5770.700000000001
55101,Mi1,5770.8
66808,Tm3,5770.8
92993,Tm3,5770.8
90567,T4b,5770.9
94743,T4d,5770.9
10037,VS,5771.1
75848,T2a,5771.1
98837,T4c,5771.1
96295,T4b,5771.2
98668,T4a,5771.2
72989,Tm3,5771.2
10025,H2,5771.2
35770,Mi1,5771.2
70812,TmY3,5771.2
33017,Mi1,5771.3
38529,Mi1,5771.3
68212,T2a,5771.3
69980,Tm3,5771.3
101215,T4c,5771.3
99011,T4c,5771.4
547091,T2,5771.5
103160,T4a,5771.5
35712,Mi1,5771.5
101772,Tm3,5771.5
16596,Li28,5771.6
103654,T4b,5771.6
108438,T4d,5771.6
525839,Mi1,5771.6
35428,Mi1,5771.7
34862,Mi1,5771.7
40944,Mi1,5771.7
17596,Li28,5771.7
33655,Mi1,5771.7
10206,VS,5771.8
38479,Mi1,5771.8
39692,TmY3,5771.8
109593,Tm3,5771.900000000001
102579,T4b,5771.900000000001
112179,T4b,5771.900000000001
12521,HST,5771.900000000001
11134,VSm,5771.900000000001
36540,Mi1,5771.900000000001
67150,T2a,5772.0
80855,Tm3,5772.0
97675,T4c,5772.0
100032,T4c,5772.0
42119,Mi1,5772.099999999999
92431,T4a,5772.099999999999
34463,Mi1,5772.200000000001
116129,T4b,5772.200000000001
93509,T4b,5772.4
10016,HSE,5772.4
99292,T4a,5772.4
97784,T4c,5772.5
69570,Tm3,5772.5
83365,T2a,5772.6
104942,T4a,5772.6
11981,Li28,5772.7
31848,Mi1,5772.7
36452,Mi1,5772.7
109142,T4b,5772.7
93419,T4b,5772.8
37123,Mi1,5772.8
62947,T2a,5772.8
10015,HSN,5772.8
34849,Mi1,5772.8
41296,Mi1,5772.9
74927,Tm3,5772.9
75298,T2a,5772.9
93224,T4a,5773.000000000001
10112,VS,5773.000000000001
73828,Tm3,5773.000000000001
77982,T2a,5773.000000000001
83689,T4a,5773.000000000001
69540,TmY3,5773.1
89825,T4a,5773.1
37019,Mi1,5773.1
92415,T4a,5773.2
38993,Mi1,5773.2
37948,Mi1,5773.2
74023,T2a,5773.3
10755,H1,5773.400000000001
16033,Li28,5773.400000000001
16545,Li28,5773.400000000001
38208,Mi1,5773.400000000001
38241,Mi1,5773.400000000001
102791,T4c,5773.400000000001
10023,HSS,5773.5
35602,Mi1,5773.6
30997,Mi1,5773.6
35405,Mi1,5773.6
20634,VST1,5773.700000000001
95239,T4a,5773.700000000001
106166,T4b,5773.700000000001
117627,Tm3,5773.8
39505,Mi1,5773.8
100282,T4a,5773.8
104297,T4a,5773.900000000001
108349,T4d,5773.900000000001
35001,Mi1,5773.900000000001
94755,T4a,5773.900000000001
35897,Mi1,5774.0
39405,Mi1,5774.0
93166,T4c,5774.0
40426,Mi1,5774.1
72558,T2a,5774.1
72796,Tm3,5774.1
90278,T4a,5774.1
103025,T4a,5774.200000000001
91469,T4c,5774.200000000001
85074,T4a,5774.200000000001
33216,Mi1,5774.200000000001
69380,Tm3,5774.200000000001
40256,Mi1,5774.3
46662,TmY3,5774.3
34479,Mi1,5774.4
38230,Mi1,5774.4
60857,Mi1,5774.4
74937,T2a,5774.4
102564,T4a,5774.500000000001
81836,T2a,5774.500000000001
93972,T4a,5774.500000000001
93750,T4c,5774.6
110988,T4a,5774.6
74228,Tm3,5774.6
38133,Mi1,5774.8
47368,TmY3,5774.8
77480,Tm3,5774.8
97899,T4a,5774.8
93566,T4a,5774.900000000001
35934,Mi1,5775.0
37037,Mi1,5775.0
93865,T4c,5775.0
67113,Mi1,5775.1
122233,Tm3,5775.2
106922,T4c,5775.2
36305,Mi1,5775.2
88625,T4c,5775.2
107105,T4d,5775.3
10012,VS,5775.3
34045,Mi1,5775.3
51231,TmY3,5775.3
70289,Mi1,5775.3
92114,T4c,5775.3
101620,T4b,5775.3
91682,T4b,5775.400000000001
40854,Mi1,5775.400000000001
36217,Mi1,5775.400000000001
39158,Mi1,5775.5
45005,TmY3,5775.5
68522,T2a,5775.5
34189,Mi1,5775.599999999999
37270,Mi1,5775.599999999999
40832,Mi1,5775.599999999999
104858,T4b,5775.599999999999
109598,T4b,5775.700000000001
103677,T4b,5775.700000000001
49372,TmY3,5775.700000000001
38767,Mi1,5775.700000000001
15019,Li28,5775.700000000001
10037,VS,5775.8
14209,Li28,5775.8
38514,Mi1,5775.8
37371,Mi1,5775.9
15909,Li28,5776.000000000001
39718,Mi1,5776.000000000001
76074,Tm3,5776.000000000001
90474,T4b,5776.000000000001
108065,T4c,5776.000000000001
103073,T4a,5776.1
72955,T2a,5776.1
95453,T4a,5776.1
69164,Mi1,5776.1
34171,Mi1,5776.1
10025,H2,5776.2
35888,Mi1,5776.2
40171,Mi1,5776.2
93527,T4a,5776.2
96126,T4b,5776.2
55976,Mi1,5776.3
76325,T2a,5776.3
103827,T4c,5776.400000000001
106952,T4b,5776.400000000001
83067,T4b,5776.400000000001
33446,Mi1,5776.5
73096,T2a,5776.5
97677,T4c,5776.5
102801,T4b,5776.5
10016,HSE,5776.6
20264,Li28,5776.6
39629,Mi1,5776.7
90121,T4b,5776.7
116311,T4d,5776.7
111980,T4d,5776.8
78968,Tm3,5776.8
59397,Mi1,5776.8
37568,Mi1,5776.8
19292,Li28,5776.8
34867,Mi1,5776.900000000001
44119,Mi1,5776.900000000001
58862,Mi1,5776.900000000001
113686,T4d,5776.900000000001
37353,Mi1,5777.0
41809,Mi1,5777.0
92939,T4b,5777.0
98300,T4a,5777.0
95681,T4a,5777.099999999999
95335,T4a,5777.099999999999
35447,Mi1,5777.099999999999
10015,HSN,5777.200000000001
34300,Mi1,5777.200000000001
41120,Mi1,5777.3
37699,Mi1,5777.4
38238,Mi1,5777.4
35580,Mi1,5777.5
35806,Mi1,5777.5
89368,T4c,5777.6
104336,T4b,5777.8
74725,T2a,5777.8
53065,Mi1,5777.8
41668,Mi1,5777.8
56564,Mi1,5777.900000000001
98788,T4d,5777.900000000001
542412,Mi1,5777.900000000001
92254,T4b,5778.0
99672,T4a,5778.0
73284,T2a,5778.1
36994,Mi1,5778.1
100633,T4a,5778.1
30923,TmY3,5778.1
36533,Mi1,5778.1
95005,T4a,5778.2
95356,T4a,5778.400000000001
103657,T4b,5778.400000000001
39067,Mi1,5778.5
33942,Mi1,5778.599999999999
34356,Mi1,5778.599999999999
37000,Mi1,5778.599999999999
99348,T4c,5778.599999999999
104905,T4c,5778.700000000001
32535,Mi1,5778.700000000001
526158,Mi1,5778.700000000001
10284,VS,5778.8
10023,HSS,5778.9
37631,Mi1,5778.9
122308,Tm3,5778.9
34057,Mi1,5779.0
65298,T2a,5779.1
93688,T4a,5779.1
35836,Mi1,5779.2
40085,Mi1,5779.2
537004,VSm,5779.2
107031,T4b,5779.3
92047,T4c,5779.3
34296,Mi1,5779.3
10112,VS,5779.3
62078,Mi1,5779.3
23047,Li28,5779.4
64579,T2,5779.4
86778,T4a,5779.4
39743,Mi1,5779.5
65671,Mi1,5779.5
96394,T4b,5779.5
104368,T4c,5779.5
102147,T4c,5779.6
78108,T2a,5779.6
34899,Mi1,5779.7
44564,TmY3,5779.7
92181,T4a,5779.7
95554,T4b,5779.7
38791,Mi1,5779.8
90145,T4a,5779.8
64149,Mi1,5779.900000000001
36446,Mi1,5780.0
48283,TmY3,5780.0
109631,T4b,5780.099999999999
81401,T4b,5780.099999999999
34369,Mi1,5780.200000000001
54087,Mi1,5780.200000000001
83979,T4a,5780.200000000001
96676,T4b,5780.3
10016,HSE,5780.4
106522,T4d,5780.4
36177,Mi1,5780.6
101685,T4b,5780.6
100897,T4c,5780.700000000001
97878,T4b,5780.700000000001
47967,Mi1,5780.700000000001
49324,Mi1,5780.700000000001
35498,Mi1,5780.8
96424,T4b,5780.8
100946,T4c,5780.8
133040,Tm3,5780.8
15263,Li28,5780.9
35218,Mi1,5781.000000000001
10037,VS,5781.1
120016,Tm3,5781.2
99163,T4a,5781.2
59959,Mi1,5781.2
10025,H2,5781.2
10015,HSN,5781.3
90423,T4b,5781.3
104354,T4b,5781.3
98099,T4b,5781.400000000001
97480,T4c,5781.400000000001
116716,T4b,5781.400000000001
16545,Li28,5781.400000000001
57398,Mi1,5781.400000000001
94287,T4d,5781.5
88992,T4c,5781.5
35152,Mi1,5781.5
72148,Tm3,5781.5
36410,Mi1,5781.6
97193,T4a,5781.6
37529,Mi1,5781.7
37599,Mi1,5781.7
107445,T4a,5781.8
94305,T4a,5781.8
97171,T4d,5781.8
94624,T4a,5781.900000000001
40703,Mi1,5781.900000000001
32893,Mi1,5781.900000000001
35017,Mi1,5781.900000000001
94574,T4c,5782.0
51122,Mi1,5782.0
79345,T2a,5782.0
91057,T4c,5782.1
91741,T4d,5782.200000000001
48894,TmY3,5782.200000000001
72066,Tm3,5782.200000000001
36911,Mi1,5782.200000000001
38893,Mi1,5782.200000000001
35845,Mi1,5782.200000000001
64260,T2,5782.3
37853,Mi1,5782.4
71938,T2a,5782.4
90206,T4b,5782.4
99628,T4b,5782.4
102370,T4c,5782.4
48986,TmY3,5782.500000000001
101770,T4b,5782.500000000001
36139,Mi1,5782.500000000001
80435,T2a,5782.6
108847,T4d,5782.6
92839,T4b,5782.7
94283,T4d,5782.7
112744,T4d,5782.7
16033,Li28,5782.8
95017,T4c,5782.8
49441,TmY3,5782.900000000001
97885,T4a,5782.900000000001
113171,T4b,5783.0
111184,T4a,5783.0
90049,T4c,5783.1
60856,T2a,5783.2
88167,T4b,5783.2
125171,Tm3,5783.3
107442,T4d,5783.3
100680,T4d,5783.3
92281,T4c,5783.3
33462,Mi1,5783.3
17280,Li28,5783.400000000001
63420,Mi1,5783.400000000001
94179,T4a,5783.400000000001
100787,T4b,5783.400000000001
35234,Mi1,5783.5
97028,T4c,5783.5
109868,Tm3,5783.5
100087,T4b,5783.599999999999
97853,T4c,5783.599999999999
54885,TmY3,5783.599999999999
88435,Tm3,5783.599999999999
15909,Li28,5783.700000000001
33907,Mi1,5783.700000000001
36954,Mi1,5783.8
40596,Mi1,5783.8
91283,T4c,5783.9
100310,T4d,5783.9
10755,H1,5784.000000000001
99131,T4c,5784.000000000001
104027,T4d,5784.1
106701,T4d,5784.1
102519,T4a,5784.1
35840,Mi1,5784.1
39275,Mi1,5784.1
71228,T2a,5784.1
68842,TmY3,5784.2
107997,T4c,5784.2
66604,TmY3,5784.3
72279,Mi1,5784.3
79271,T4a,5784.3
68982,Tm3,5784.400000000001
61659,Tm3,5784.400000000001
35770,Mi1,5784.400000000001
10016,HSE,5784.400000000001
78172,TmY3,5784.5
88152,T4c,5784.5
55101,Mi1,5784.6
89290,T4d,5784.6
104853,T4c,5784.6
36252,Mi1,5784.7
41545,Mi1,5784.8
72938,T2a,5784.8
34933,Mi1,5784.8
34079,Mi1,5784.900000000001
35774,Mi1,5784.900000000001
83204,T4d,5784.900000000001
101463,T4d,5784.900000000001
105718,T4b,5784.900000000001
35100,Mi1,5785.0
36540,Mi1,5785.099999999999
42119,Mi1,5785.099999999999
94668,T4d,5785.200000000001
72194,Tm3,5785.200000000001
40944,Mi1,5785.200000000001
38479,Mi1,5785.200000000001
35712,Mi1,5785.3
16596,Li28,5785.4
34862,Mi1,5785.4
102425,T4b,5785.4
10112,VS,5785.5
37948,Mi1,5785.5
41626,Mi1,5785.5
111416,Tm3,5785.6
72005,Tm3,5785.6
47962,TmY3,5785.6
10015,HSN,5785.7
34849,Mi1,5785.7
100033,T4c,5785.7
105521,T4c,5785.7
106295,T4b,5785.8
100855,T4a,5785.8
88698,T4a,5785.8
95883,T4a,5785.8
33017,Mi1,5785.8
11981,Li28,5785.8
10025,H2,5785.8
33655,Mi1,5785.8
101081,T4c,5785.900000000001
10037,VS,5786.0
10206,VS,5786.0
101043,T4c,5786.0
98887,T4b,5786.1
10023,HSS,5786.2
36452,Mi1,5786.3
98439,T4a,5786.3
98226,T4b,5786.400000000001
37019,Mi1,5786.400000000001
525839,Mi1,5786.5
98360,T4c,5786.5
52328,TmY3,5786.5
48547,TmY3,5786.5
90394,T4a,5786.700000000001
97866,T4d,5786.8
37123,Mi1,5786.9
112619,T4d,5786.9
35428,Mi1,5787.0
61768,T2,5787.0
75660,T2a,5787.0
91444,T4c,5787.0
97231,T4a,5787.1
92706,T4a,5787.1
34463,Mi1,5787.1
41296,Mi1,5787.2
107529,T4d,5787.2
17596,Li28,5787.3
61401,T2a,5787.3
87358,T4a,5787.3
69228,T2a,5787.4
104414,T4d,5787.5
107170,T4b,5787.5
110403,T4b,5787.6
103570,T4d,5787.6
101005,T4d,5787.6
76733,Tm3,5787.6
38993,Mi1,5787.6
93025,T4b,5787.6
31848,Mi1,5787.7
96090,T4c,5787.7
88281,T4b,5787.900000000001
104008,T4b,5787.900000000001
117662,T4d,5787.900000000001
104257,T4b,5788.0
35602,Mi1,5788.0
118924,Tm3,5788.099999999999
95458,T4d,5788.099999999999
35897,Mi1,5788.099999999999
36217,Mi1,5788.099999999999
83438,T4a,5788.200000000001
35405,Mi1,5788.200000000001
40426,Mi1,5788.200000000001
99423,T4d,5788.3
100319,T4b,5788.3
94356,T4c,5788.3
101302,T4d,5788.3
108907,T4c,5788.400000000001
66980,T2a,5788.400000000001
78503,T2a,5788.5
100956,T4d,5788.5
101772,Tm3,5788.5
10016,HSE,5788.6
83583,T4d,5788.700000000001
107609,T4d,5788.9
59397,Mi1,5788.9
98985,T4c,5788.9
38529,Mi1,5789.000000000001
127615,Tm3,5789.1
91469,T4c,5789.1
37371,Mi1,5789.2
60857,Mi1,5789.2
102741,T4c,5789.2
98654,T4d,5789.3
35888,Mi1,5789.3
34479,Mi1,5789.400000000001
35001,Mi1,5789.400000000001
33216,Mi1,5789.400000000001
34189,Mi1,5789.400000000001
50333,TmY3,5789.5
39158,Mi1,5789.5
37270,Mi1,5789.5
38241,Mi1,5789.5
91806,T4a,5789.6
105412,T4a,5789.6
67113,Mi1,5789.7
88726,T4b,5789.7
35934,Mi1,5789.8
38230,Mi1,5789.8
85126,T4a,5789.8
38767,Mi1,5789.900000000001
36305,Mi1,5790.0
38514,Mi1,5790.0
10025,H2,5790.1
37037,Mi1,5790.1
104674,T4a,5790.1
112633,T4b,5790.1
38133,Mi1,5790.3
39405,Mi1,5790.3
87390,T2a,5790.4
70289,Mi1,5790.4
102975,T4b,5790.4
10037,VS,5790.4
55976,Mi1,5790.4
40854,Mi1,5790.500000000001
40171,Mi1,5790.500000000001
10112,VS,5790.500000000001
10015,HSN,5790.500000000001
33446,Mi1,5790.6
39505,Mi1,5790.6
40832,Mi1,5790.6
89139,T4c,5790.6
91987,T4c,5790.7
58862,Mi1,5790.7
96134,T4b,5790.7
38238,Mi1,5790.7
34171,Mi1,5790.7
41120,Mi1,5790.7
14209,Li28,5790.8
15019,Li28,5790.8
40256,Mi1,5790.8
37568,Mi1,5790.900000000001
98194,T4d,5790.900000000001
101230,T4a,5790.900000000001
16545,Li28,5791.0
19292,Li28,5791.1
34300,Mi1,5791.1
53065,Mi1,5791.1
96931,T4b,5791.2
35806,Mi1,5791.2
34867,Mi1,5791.2
30997,Mi1,5791.2
20264,Li28,5791.400000000001
38208,Mi1,5791.400000000001
69164,Mi1,5791.400000000001
44119,Mi1,5791.5
56564,Mi1,5791.599999999999
33942,Mi1,5791.700000000001
35580,Mi1,5791.700000000001
37353,Mi1,5791.700000000001
39629,Mi1,5791.700000000001
89434,T4c,5791.8
35447,Mi1,5791.8
34356,Mi1,5791.8
86419,Tm3,5791.9
92552,T4a,5791.9
15909,Li28,5792.000000000001
36533,Mi1,5792.000000000001
37699,Mi1,5792.000000000001
98381,T4d,5792.000000000001
37000,Mi1,5792.1
542412,Mi1,5792.1
66808,Tm3,5792.1
79646,Tm3,5792.2
36994,Mi1,5792.2
34057,Mi1,5792.400000000001
39743,Mi1,5792.400000000001
41809,Mi1,5792.400000000001
87289,T4a,5792.400000000001
124345,T4d,5792.400000000001
39718,Mi1,5792.6
103425,T4a,5792.6
77395,T4b,5792.7
41668,Mi1,5792.7
34296,Mi1,5792.7
10206,VS,5792.7
34045,Mi1,5792.8
92996,T4a,5792.8
10016,HSE,5792.900000000001
16033,Li28,5792.900000000001
107211,T4d,5792.900000000001
104191,T4a,5793.200000000001
101732,T4c,5793.200000000001
526158,Mi1,5793.200000000001
49324,Mi1,5793.200000000001
65671,Mi1,5793.200000000001
10755,H1,5793.3
39067,Mi1,5793.3
66214,T2a,5793.3
93419,T4b,5793.3
37631,Mi1,5793.4
32535,Mi1,5793.5
42675,Mi1,5793.5
74375,Tm3,5793.6
99387,T4a,5793.7
78911,Tm3,5793.7
37243,Mi1,5793.7
72896,Tm3,5793.8
103022,T4a,5793.8
10284,VS,5793.900000000001
66345,T2a,5793.900000000001
99950,T4c,5793.900000000001
106801,T4c,5794.0
34899,Mi1,5794.0
67150,T2a,5794.0
67719,T2a,5794.0
105834,T4d,5794.1
91345,T4c,5794.1
86686,T4c,5794.1
101878,T4a,5794.2
107297,T4c,5794.2
100501,T4b,5794.2
23047,Li28,5794.2
35836,Mi1,5794.2
99980,T4c,5794.2
35218,Mi1,5794.3
36177,Mi1,5794.3
36446,Mi1,5794.3
39692,TmY3,5794.3
91913,T4b,5794.3
35498,Mi1,5794.400000000001
77138,Tm3,5794.400000000001
98118,T4c,5794.400000000001
112179,T4b,5794.400000000001
90219,T4a,5794.5
10025,H2,5794.5
40085,Mi1,5794.5
35017,Mi1,5794.599999999999
96576,T4c,5794.599999999999
72558,T2a,5794.700000000001
104450,T4a,5794.8
71161,T2a,5794.8
78856,Tm3,5794.8
103314,T4b,5794.8
102579,T4b,5794.9
70524,T2a,5794.9
58945,Tm3,5794.9
10037,VS,5795.0
92842,T4a,5795.0
10023,HSS,5795.1
90465,T4a,5795.1
91313,T4a,5795.1
99922,T4c,5795.1
101215,T4c,5795.2
93360,T4b,5795.2
74231,Tm3,5795.2
62078,Mi1,5795.2
54087,Mi1,5795.2
10112,VS,5795.2
65513,T2a,5795.2
15263,Li28,5795.3
97161,T4a,5795.3
102229,T4d,5795.3
36911,Mi1,5795.4
93334,T4b,5795.5
86416,T4a,5795.5
51122,Mi1,5795.5
10015,HSN,5795.5
69889,T2a,5795.5
34369,Mi1,5795.6
42594,Mi1,5795.6
70812,TmY3,5795.6
97899,T4a,5795.6
98000,T4b,5795.6
98751,T4a,5795.7
84063,T4b,5795.799999999999
89368,T4c,5795.799999999999
122233,Tm3,5795.900000000001
40026,TmY3,5796.0
68562,T2a,5796.0
103479,T4c,5796.0
121170,Tm3,5796.0
34626,Mi1,5796.1
36410,Mi1,5796.1
120231,Tm3,5796.200000000001
89020,T4a,5796.3
69980,Tm3,5796.3
94743,T4d,5796.3
38893,Mi1,5796.3
36139,Mi1,5796.3
35845,Mi1,5796.3
35152,Mi1,5796.3
37853,Mi1,5796.3
37599,Mi1,5796.400000000001
64149,Mi1,5796.400000000001
83465,T4a,5796.400000000001
104683,T4b,5796.400000000001
71131,Tm3,5796.5
75521,T2a,5796.5
47967,Mi1,5796.5
96852,T4a,5796.6
98846,T4c,5796.6
102462,T4c,5796.6
38791,Mi1,5796.700000000001
89142,T4b,5796.8
32893,Mi1,5796.8
33462,Mi1,5796.8
63868,T2a,5796.8
71394,T2a,5796.9
79483,Tm3,5796.9
37529,Mi1,5796.9
47368,TmY3,5796.9
120312,Tm3,5796.9
99663,T4c,5797.000000000001
96774,T4c,5797.000000000001
86536,Tm3,5797.000000000001
39275,Mi1,5797.000000000001
97784,T4c,5797.1
47686,TmY3,5797.2
50345,TmY3,5797.2
83689,T4a,5797.2
10016,HSE,5797.3
17280,Li28,5797.3
83191,T4a,5797.3
92431,T4a,5797.3
40596,Mi1,5797.400000000001
123490,Tm3,5797.400000000001
106200,T4c,5797.5
63420,Mi1,5797.5
70490,Mi1,5797.5
35234,Mi1,5797.6
34142,Mi1,5797.7
59959,Mi1,5797.8
99670,T4c,5797.8
35770,Mi1,5797.900000000001
82145,T2a,5797.900000000001
108697,T4d,5797.900000000001
101480,T4c,5798.0
10012,VS,5798.0
106922,T4c,5798.1
11981,Li28,5798.1
96295,T4b,5798.1
35840,Mi1,5798.200000000001
44449,TmY3,5798.200000000001
89728,Tm3,5798.200000000001
90567,T4b,5798.200000000001
36252,Mi1,5798.3
105403,T4c,5798.3
97675,T4c,5798.4
100032,T4c,5798.4
33907,Mi1,5798.500000000001
42119,Mi1,5798.6
36540,Mi1,5798.7
38479,Mi1,5798.7
40703,Mi1,5798.7
48607,TmY3,5798.7
87845,T4a,5798.7
71188,T2a,5798.8
108325,T4c,5798.8
107159,T4b,5798.900000000001
57398,Mi1,5799.0
109593,Tm3,5799.0
36954,Mi1,5799.0
16596,Li28,5799.0
34933,Mi1,5799.0
10025,H2,5799.0
107075,T4d,5799.1
94983,T4c,5799.2
34079,Mi1,5799.3
72279,Mi1,5799.3
108065,T4c,5799.3
102112,T4c,5799.400000000001
77991,Tm3,5799.400000000001
40944,Mi1,5799.400000000001
37948,Mi1,5799.400000000001
35774,Mi1,5799.400000000001
34849,Mi1,5799.400000000001
16545,Li28,5799.400000000001
41545,Mi1,5799.5
79083,Tm3,5799.5
93166,T4c,5799.5
38721,Mi1,5799.599999999999
68212,T2a,5799.599999999999
99292,T4a,5799.599999999999
67971,Tm3,5799.700000000001
105126,T4c,5799.8
35712,Mi1,5799.8
91629,T4a,5799.8
34862,Mi1,5799.9
35045,Mi1,5799.9
55101,Mi1,5799.9
80855,Tm3,5799.9
89934,T4d,5799.9
91934,T4a,5799.9
107621,T4d,5799.9
33017,Mi1,5800.1
33655,Mi1,5800.1
95364,T4d,5800.1
98175,T4c,5800.1
100105,T4a,5800.1
77383,T2a,5800.2
102801,T4b,5800.400000000001
109996,T4c,5800.400000000001
36452,Mi1,5800.400000000001
35100,Mi1,5800.5
103025,T4a,5800.5
10015,HSN,5800.5
114391,T4d,5800.5
91366,T4b,5800.6
37123,Mi1,5800.7
91057,T4c,5800.7
95453,T4a,5800.7
93021,T4a,5800.8
10037,VS,5800.900000000001
15909,Li28,5800.900000000001
92114,T4c,5800.900000000001
75381,Tm3,5801.0
93972,T4a,5801.0
10206,VS,5801.0
82038,Tm3,5801.099999999999
95239,T4a,5801.099999999999
17596,Li28,5801.200000000001
36217,Mi1,5801.200000000001
83979,T4a,5801.200000000001
101620,T4b,5801.200000000001
105292,T4b,5801.200000000001
108307,T4b,5801.200000000001
90278,T4a,5801.3
69380,Tm3,5801.3
95972,T4d,5801.3
41626,Mi1,5801.3
62272,T2,5801.3
35428,Mi1,5801.4
41296,Mi1,5801.4
109857,T4d,5801.4
10112,VS,5801.5
31848,Mi1,5801.5
37019,Mi1,5801.5
79257,Tm3,5801.5
82855,Tm3,5801.5
93509,T4b,5801.6
76524,Tm3,5801.6
10016,HSE,5801.7
43334,TmY3,5801.7
71674,T2a,5801.7
74927,Tm3,5801.7
12521,HST,5801.8
38993,Mi1,5801.8
83365,T2a,5801.8
94468,T4c,5801.8
84008,T4c,5801.9
42006,TmY3,5801.9
52485,TmY3,5801.9
110646,T4b,5801.9
94755,T4a,5802.0
90423,T4b,5802.0
35405,Mi1,5802.1
103654,T4b,5802.1
37270,Mi1,5802.2
98300,T4a,5802.2
16033,Li28,5802.3
73807,Tm3,5802.3
74373,Tm3,5802.3
92281,T4c,5802.3
98504,T4c,5802.3
71475,Tm3,5802.400000000001
74023,T2a,5802.5
95822,T4b,5802.5
34463,Mi1,5802.599999999999
35897,Mi1,5802.599999999999
37371,Mi1,5802.599999999999
82211,T2a,5802.599999999999
93750,T4c,5802.599999999999
98312,T4a,5802.599999999999
537004,VSm,5802.599999999999
525839,Mi1,5802.700000000001
102791,T4c,5802.700000000001
35602,Mi1,5802.700000000001
34479,Mi1,5802.700000000001
83067,T4b,5802.700000000001
38241,Mi1,5802.8
39158,Mi1,5802.8
10023,HSS,5803.0
67113,Mi1,5803.0
78561,Tm3,5803.0
100282,T4a,5803.0
100838,T4c,5803.0
34189,Mi1,5803.1
38230,Mi1,5803.1
95007,T4a,5803.2
38529,Mi1,5803.3
92082,T4b,5803.3
104858,T4b,5803.4
97256,T4c,5803.5
102479,T4c,5803.5
59397,Mi1,5803.5
85152,T4c,5803.5
71052,T2a,5803.6
88152,T4c,5803.6
33446,Mi1,5803.6
38514,Mi1,5803.6
40426,Mi1,5803.7
38767,Mi1,5803.7
40256,Mi1,5803.7
10025,H2,5803.799999999999
36305,Mi1,5803.799999999999
41120,Mi1,5803.799999999999
68933,Tm3,5803.799999999999
72955,T2a,5803.799999999999
104336,T4b,5803.799999999999
10755,H1,5803.900000000001
100946,T4c,5803.900000000001
102991,T4c,5803.900000000001
95554,T4b,5804.0
34171,Mi1,5804.1
35888,Mi1,5804.1
38238,Mi1,5804.1
92644,T4d,5804.1
108438,T4d,5804.1
34300,Mi1,5804.200000000001
60857,Mi1,5804.200000000001
37037,Mi1,5804.3
68982,Tm3,5804.3
96728,T4c,5804.400000000001
96126,T4b,5804.400000000001
55976,Mi1,5804.400000000001
35806,Mi1,5804.400000000001
58862,Mi1,5804.400000000001
35001,Mi1,5804.5
35934,Mi1,5804.5
88625,T4c,5804.5
105698,T4c,5804.5
70289,Mi1,5804.6
97677,T4c,5804.6
100867,T4b,5804.6
36533,Mi1,5804.700000000001
100033,T4c,5804.700000000001
53065,Mi1,5804.700000000001
34356,Mi1,5804.700000000001
40171,Mi1,5804.700000000001
94305,T4a,5804.8
34057,Mi1,5804.8
37353,Mi1,5804.8
80302,T2a,5804.8
97872,T4d,5804.8
77891,Tm3,5804.9
44244,TmY3,5804.9
111746,Tm3,5804.9
35447,Mi1,5804.9
40854,Mi1,5804.9
11134,VSm,5805.000000000001
15019,Li28,5805.000000000001
33216,Mi1,5805.000000000001
77779,T2a,5805.000000000001
44564,TmY3,5805.1
85074,T4a,5805.1
90135,T4c,5805.1
100206,T4c,5805.2
70800,Tm3,5805.2
34867,Mi1,5805.3
83227,Tm3,5805.3
83438,T4a,5805.3
83639,T2a,5805.3
94624,T4a,5805.3
38133,Mi1,5805.400000000001
121816,T4a,5805.400000000001
102147,T4c,5805.5
33942,Mi1,5805.5
37568,Mi1,5805.5
94368,T4a,5805.6
101772,Tm3,5805.6
39505,Mi1,5805.6
19292,Li28,5805.7
40832,Mi1,5805.7
48547,TmY3,5805.7
92939,T4b,5805.7
117627,Tm3,5805.7
35580,Mi1,5805.8
90145,T4a,5805.8
90121,T4b,5805.900000000001
44119,Mi1,5805.900000000001
112775,T4d,5805.900000000001
69164,Mi1,5806.0
64712,T2a,5806.0
39405,Mi1,5806.0
37699,Mi1,5806.0
39629,Mi1,5806.0
97288,T4c,5806.1
30997,Mi1,5806.1
56564,Mi1,5806.1
34045,Mi1,5806.200000000001
542412,Mi1,5806.200000000001
10015,HSN,5806.200000000001
20264,Li28,5806.200000000001
99011,T4c,5806.200000000001
96163,T4b,5806.3
10016,HSE,5806.3
92706,T4a,5806.3
36994,Mi1,5806.4
46662,TmY3,5806.4
95005,T4a,5806.4
109536,T4d,5806.4
41668,Mi1,5806.6
93688,T4a,5806.6
93527,T4a,5806.7
69597,Tm3,5806.7
102564,T4a,5806.7
37000,Mi1,5806.7
41809,Mi1,5806.7
39743,Mi1,5806.8
65671,Mi1,5806.8
92047,T4c,5806.8
98668,T4a,5806.8
101685,T4b,5806.8
10037,VS,5806.900000000001
14209,Li28,5806.900000000001
16545,Li28,5806.900000000001
38208,Mi1,5806.900000000001
109649,T4c,5807.0
102388,T4d,5807.0
34296,Mi1,5807.0
82515,Tm3,5807.0
48514,TmY3,5807.1
98862,Tm3,5807.1
102975,T4b,5807.1
89290,T4d,5807.2
40085,Mi1,5807.3
91682,T4b,5807.3
100261,T4c,5807.3
94549,T4b,5807.400000000001
53075,TmY3,5807.5
101228,T4a,5807.5
95356,T4a,5807.599999999999
94356,T4c,5807.599999999999
48986,TmY3,5807.599999999999
104257,T4b,5807.599999999999
39067,Mi1,5807.599999999999
15909,Li28,5807.599999999999
39692,TmY3,5807.599999999999
100488,T4c,5807.700000000001
86141,T4b,5807.700000000001
35836,Mi1,5807.700000000001
35498,Mi1,5807.700000000001
93566,T4a,5807.8
95335,T4a,5807.8
526158,Mi1,5807.8
96199,T4a,5807.9
39718,Mi1,5807.9
111184,T4a,5807.9
11981,Li28,5807.9
36446,Mi1,5807.9
37631,Mi1,5808.1
30923,TmY3,5808.2
34899,Mi1,5808.2
93985,T4c,5808.2
106912,Tm3,5808.2
36139,Mi1,5808.400000000001
36177,Mi1,5808.400000000001
86778,T4a,5808.400000000001
107529,T4d,5808.5
99863,T4d,5808.5
48894,TmY3,5808.5
80812,T4a,5808.5
10025,H2,5808.6
35017,Mi1,5808.6
51231,TmY3,5808.6
89825,T4a,5808.6
73828,Tm3,5808.7
108349,T4d,5808.7
23047,Li28,5808.8
62078,Mi1,5808.8
70642,T2a,5808.8
103677,T4b,5808.8
107640,T4c,5808.8
107719,T4b,5808.900000000001
103440,T4d,5808.900000000001
113207,T4d,5808.900000000001
98349,T4a,5808.900000000001
34369,Mi1,5808.900000000001
102153,T4c,5808.900000000001
97028,T4c,5809.0
101770,T4b,5809.0
32535,Mi1,5809.0
95883,T4a,5809.0
88922,T4c,5809.099999999999
101873,T4b,5809.099999999999
49324,Mi1,5809.099999999999
102519,T4a,5809.200000000001
104853,T4c,5809.200000000001
97249,T4d,5809.200000000001
90888,T4b,5809.3
104301,T4b,5809.3
110988,T4a,5809.3
108948,T4b,5809.4
95985,T4c,5809.4
76074,Tm3,5809.4
54087,Mi1,5809.4
88992,T4c,5809.4
36410,Mi1,5809.4
10112,VS,5809.4
10023,HSS,5809.4
50333,TmY3,5809.4
51122,Mi1,5809.5
85598,T4b,5809.5
91469,T4c,5809.5
95681,T4a,5809.5
96676,T4b,5809.5
101383,T4b,5809.5
102016,T4a,5809.6
91325,T4a,5809.6
532850,Tm3,5809.6
97878,T4b,5809.7
74891,T2a,5809.7
33462,Mi1,5809.8
67150,T2a,5809.8
91674,T4a,5809.8
83677,T4c,5809.9
93865,T4c,5809.9
124490,Tm3,5809.9
36911,Mi1,5810.0
38893,Mi1,5810.0
69441,Tm3,5810.1
15263,Li28,5810.1
547091,T2,5810.2
39275,Mi1,5810.3
92993,Tm3,5810.3
37529,Mi1,5810.400000000001
65298,T2a,5810.400000000001
72796,Tm3,5810.400000000001
73284,T2a,5810.400000000001
90097,T4c,5810.400000000001
94179,T4a,5810.400000000001
102031,T4c,5810.5
97866,T4d,5810.5
120016,Tm3,5810.5
88353,T4b,5810.5
35218,Mi1,5810.5
35845,Mi1,5810.5
69540,TmY3,5810.5
35152,Mi1,5810.5
16033,Li28,5810.5
10016,HSE,5810.599999999999
83583,T4d,5810.599999999999
98099,T4b,5810.700000000001
90419,T4b,5810.700000000001
72148,Tm3,5810.700000000001
70239,T2,5810.700000000001
47967,Mi1,5810.700000000001
42594,Mi1,5810.700000000001
38791,Mi1,5810.700000000001
37599,Mi1,5810.700000000001
92839,T4b,5810.8
35234,Mi1,5810.9
109598,T4b,5810.9
37853,Mi1,5811.0
92415,T4a,5811.0
79271,T4a,5811.1
103226,T4d,5811.1
37243,Mi1,5811.1
85378,T4a,5811.2
90049,T4c,5811.2
98194,T4d,5811.2
105122,T4b,5811.2
106952,T4b,5811.2
106793,T4d,5811.3
49372,TmY3,5811.3
77676,T2a,5811.3
81401,T4b,5811.3
93947,T4a,5811.4
63420,Mi1,5811.4
17280,Li28,5811.5
36252,Mi1,5811.5
112744,T4d,5811.5
98837,T4c,5811.6
56762,TmY3,5811.6
95677,T4c,5811.6
97193,T4a,5811.6
106522,T4d,5811.6
109142,T4b,5811.7
116129,T4b,5811.7
78422,Tm3,5811.7
94283,T4d,5811.7
42675,Mi1,5811.7
42119,Mi1,5811.7
10015,HSN,5811.7
93419,T4b,5811.900000000001
10755,H1,5812.0
33907,Mi1,5812.0
35840,Mi1,5812.0
104297,T4a,5812.0
91444,T4c,5812.1
97231,T4a,5812.1
128726,Tm3,5812.200000000001
96134,T4b,5812.200000000001
47368,TmY3,5812.200000000001
40596,Mi1,5812.400000000001
91283,T4c,5812.400000000001
10037,VS,5812.5
36646,Mi1,5812.5
59959,Mi1,5812.5
75848,T2a,5812.5
98360,T4c,5812.6
94153,T4d,5812.6
91987,T4c,5812.6
85737,T2a,5812.6
84063,T4b,5812.6
35770,Mi1,5812.6
34849,Mi1,5812.6
34626,Mi1,5812.6
10025,H2,5812.6
36540,Mi1,5812.6
34933,Mi1,5812.700000000001
81064,Tm3,5812.700000000001
99628,T4b,5812.700000000001
125288,Tm3,5812.700000000001
36954,Mi1,5812.8
91806,T4a,5812.8
64149,Mi1,5812.8
34862,Mi1,5812.8
35712,Mi1,5812.8
39651,Mi1,5812.8
106295,T4b,5812.9
72279,Mi1,5812.9
100855,T4a,5812.9
111416,Tm3,5812.9
78421,T2a,5813.000000000001
32893,Mi1,5813.000000000001
98887,T4b,5813.1
45005,TmY3,5813.1
107442,T4d,5813.1
96657,T4c,5813.1
37948,Mi1,5813.1
38479,Mi1,5813.1
48283,TmY3,5813.1
33655,Mi1,5813.2
66345,T2a,5813.2
16596,Li28,5813.3
35890,Mi1,5813.3
84010,Tm3,5813.400000000001
85126,T4a,5813.400000000001
88698,T4a,5813.400000000001
91913,T4b,5813.5
89434,T4c,5813.5
65531,T2a,5813.5
10206,VS,5813.5
34079,Mi1,5813.5
40944,Mi1,5813.5
40703,Mi1,5813.6
33017,Mi1,5813.6
36452,Mi1,5813.6
133349,Tm3,5813.6
93224,T4a,5813.7
55101,Mi1,5813.7
71228,T2a,5813.8
98788,T4d,5813.8
100787,T4b,5813.8
103570,T4d,5813.900000000001
103827,T4c,5813.900000000001
103657,T4b,5814.0
101463,T4d,5814.0
69063,Mi1,5814.0
34142,Mi1,5814.0
15909,Li28,5814.0
40219,Mi1,5814.1
70490,Mi1,5814.1
101005,T4d,5814.1
101215,T4c,5814.1
54885,TmY3,5814.200000000001
80358,Tm3,5814.200000000001
90394,T4a,5814.3
98381,T4d,5814.3
41659,Mi1,5814.3
64579,T2,5814.4
97105,T4d,5814.4
35774,Mi1,5814.4
106701,T4d,5814.500000000001
105574,T4d,5814.6
10016,HSE,5814.6
38987,Mi1,5814.6
16545,Li28,5814.7
36275,Mi1,5814.7
41545,Mi1,5814.7
96931,T4b,5814.7
97853,T4c,5814.7
10112,VS,5814.8
83204,T4d,5814.8
97885,T4a,5814.8
98985,T4c,5814.8
104008,T4b,5814.8
98398,T4c,5814.900000000001
37270,Mi1,5815.0
82282,Tm3,5815.0
101302,T4d,5815.0
116311,T4d,5815.0
57398,Mi1,5815.1
35100,Mi1,5815.2
51050,TmY3,5815.2
107170,T4b,5815.2
36217,Mi1,5815.3
10023,HSS,5815.3
127153,Tm3,5815.400000000001
38721,Mi1,5815.400000000001
35045,Mi1,5815.5
36346,Mi1,5815.5
37371,Mi1,5815.5
38993,Mi1,5815.5
66808,Tm3,5815.5
95458,T4d,5815.5
105521,T4c,5815.599999999999
35405,Mi1,5815.599999999999
31848,Mi1,5815.599999999999
33091,Mi1,5815.599999999999
35602,Mi1,5815.700000000001
74937,T2a,5815.700000000001
77480,Tm3,5815.700000000001
43978,Mi1,5815.8
77527,T4a,5815.8
122308,Tm3,5815.8
64341,TmY3,5815.9
37019,Mi1,5815.9
69793,T2a,5815.9
10015,HSN,5815.9
17596,Li28,5815.9
104354,T4b,5815.9
98654,T4d,5816.0
34463,Mi1,5816.1
35428,Mi1,5816.1
96576,T4c,5816.1
99348,T4c,5816.1
99423,T4d,5816.1
92431,T4a,5816.2
68522,T2a,5816.2
92684,T4c,5816.2
35897,Mi1,5816.2
31492,Mi1,5816.2
41626,Mi1,5816.2
10025,H2,5816.3
87358,T4a,5816.3
99131,T4c,5816.3
34189,Mi1,5816.400000000001
41296,Mi1,5816.400000000001
41654,Mi1,5816.400000000001
69228,T2a,5816.400000000001
93025,T4b,5816.400000000001
81995,Tm3,5816.5
105135,T4c,5816.6
40256,Mi1,5816.6
38241,Mi1,5816.7
81836,T2a,5816.7
37123,Mi1,5816.8
10037,VS,5816.900000000001
67113,Mi1,5816.900000000001
94930,T2a,5816.900000000001
105412,T4a,5816.900000000001
78968,Tm3,5817.0
103725,T4a,5817.0
33446,Mi1,5817.0
96090,T4c,5817.099999999999
107240,T4b,5817.099999999999
127615,Tm3,5817.099999999999
20808,LC4,5817.3
97899,T4a,5817.3
525839,Mi1,5817.3
109631,T4b,5817.4
46324,TmY3,5817.4
98325,T4d,5817.4
103160,T4a,5817.5
38529,Mi1,5817.5
38230,Mi1,5817.5
103073,T4a,5817.6
58862,Mi1,5817.6
35888,Mi1,5817.6
40426,Mi1,5817.6
34057,Mi1,5817.7
66325,Tm3,5817.7
96035,T4d,5817.7
93935,T4a,5817.8
132339,Tm3,5817.8
97171,T4d,5817.9
106166,T4b,5817.9
93360,T4b,5817.9
92842,T4a,5817.9
88726,T4b,5817.9
36305,Mi1,5817.9
11981,Li28,5817.9
10284,VS,5818.0
20634,VST1,5818.0
37294,Mi1,5818.0
38514,Mi1,5818.0
59397,Mi1,5818.0
91741,T4d,5818.1
53065,Mi1,5818.1
34300,Mi1,5818.1
116610,T4d,5818.2
112619,T4d,5818.2
35934,Mi1,5818.2
92254,T4b,5818.2
34867,Mi1,5818.3
35447,Mi1,5818.3
91345,T4c,5818.3
72426,Tm3,5818.400000000001
102741,T4c,5818.400000000001
108065,T4c,5818.400000000001
39158,Mi1,5818.5
41120,Mi1,5818.5
70289,Mi1,5818.5
74725,T2a,5818.5
104942,T4a,5818.5
55976,Mi1,5818.599999999999
78856,Tm3,5818.599999999999
71402,Tm3,5818.700000000001
42691,Mi1,5818.8
38767,Mi1,5818.8
38238,Mi1,5818.8
102370,T4c,5818.9
37839,Mi1,5818.9
10016,HSE,5818.9
36533,Mi1,5818.9
37568,Mi1,5819.1
122233,Tm3,5819.1
10755,H1,5819.2
33942,Mi1,5819.2
34479,Mi1,5819.2
44119,Mi1,5819.2
68842,TmY3,5819.2
96424,T4b,5819.2
103025,T4a,5819.2
15019,Li28,5819.3
34171,Mi1,5819.3
37037,Mi1,5819.3
38133,Mi1,5819.3
537004,VSm,5819.4
60857,Mi1,5819.4
69164,Mi1,5819.4
16033,Li28,5819.4
35001,Mi1,5819.4
34356,Mi1,5819.5
37699,Mi1,5819.5
118924,Tm3,5819.6
37353,Mi1,5819.6
40854,Mi1,5819.6
89139,T4c,5819.6
92281,T4c,5819.6
542412,Mi1,5819.6
35806,Mi1,5819.7
37000,Mi1,5819.7
40171,Mi1,5819.7
72558,T2a,5819.7
47240,TmY3,5819.8
85007,T4c,5819.8
39629,Mi1,5819.8
91366,T4b,5819.8
88281,T4b,5819.900000000001
52328,TmY3,5819.900000000001
94567,T4c,5819.900000000001
19292,Li28,5819.900000000001
35580,Mi1,5819.900000000001
99609,T4a,5820.0
99663,T4c,5820.0
40832,Mi1,5820.0
90474,T4b,5820.1
87722,T2a,5820.1
112633,T4b,5820.1
86419,Tm3,5820.1
10015,HSN,5820.1
35498,Mi1,5820.1
66980,T2a,5820.1
10112,VS,5820.1
40026,TmY3,5820.200000000001
76325,T2a,5820.200000000001
100018,T4a,5820.200000000001
100319,T4b,5820.200000000001
101244,T4b,5820.200000000001
10025,H2,5820.3
39405,Mi1,5820.3
56564,Mi1,5820.3
34296,Mi1,5820.400000000001
104674,T4a,5820.400000000001
99922,T4c,5820.5
87424,T4d,5820.5
36446,Mi1,5820.5
15909,Li28,5820.5
36994,Mi1,5820.5
66604,TmY3,5820.6
83689,T4a,5820.6
98175,T4c,5820.6
34045,Mi1,5820.700000000001
35017,Mi1,5820.8
65671,Mi1,5820.8
74287,Tm3,5820.8
84008,T4c,5820.9
39505,Mi1,5820.9
20264,Li28,5820.9
33216,Mi1,5820.9
10037,VS,5821.000000000001
10206,VS,5821.000000000001
104450,T4a,5821.000000000001
72619,T2a,5821.1
38178,Mi1,5821.2
78503,T2a,5821.2
107105,T4d,5821.2
87289,T4a,5821.3
30997,Mi1,5821.3
10023,HSS,5821.3
89368,T4c,5821.400000000001
94289,T4d,5821.400000000001
102462,T4c,5821.400000000001
39718,Mi1,5821.5
67971,Tm3,5821.5
102045,T4a,5821.5
104703,T4d,5821.5
107445,T4a,5821.5
105565,Tm3,5821.6
90219,T4a,5821.6
38768,Mi1,5821.6
39743,Mi1,5821.6
41809,Mi1,5821.6
14209,Li28,5821.7
34369,Mi1,5821.7
77395,T4b,5821.7
103022,T4a,5821.7
102579,T4b,5821.8
104368,T4c,5821.8
526158,Mi1,5821.900000000001
128916,Tm3,5821.900000000001
100956,T4d,5821.900000000001
97784,T4c,5821.900000000001
74023,T2a,5821.900000000001
41668,Mi1,5821.900000000001
38208,Mi1,5821.900000000001
75660,T2a,5821.900000000001
60856,T2a,5821.900000000001
133040,Tm3,5822.0
34899,Mi1,5822.0
35836,Mi1,5822.0
92668,T2a,5822.0
99950,T4c,5822.1
16545,Li28,5822.1
37631,Mi1,5822.1
71938,T2a,5822.200000000001
73320,T2,5822.200000000001
104905,T4c,5822.200000000001
94305,T4a,5822.3
99387,T4a,5822.3
40085,Mi1,5822.4
108824,T4d,5822.4
108847,T4d,5822.4
36139,Mi1,5822.500000000001
62078,Mi1,5822.500000000001
73096,T2a,5822.500000000001
100310,T4d,5822.500000000001
100897,T4c,5822.500000000001
100996,T4b,5822.500000000001
99672,T4a,5822.6
102229,T4d,5822.6
74228,Tm3,5822.6
97480,T4c,5822.6
92114,T4c,5822.7
112179,T4b,5822.7
39067,Mi1,5822.7
36410,Mi1,5822.8
37391,Mi1,5822.8
97161,T4a,5822.8
100087,T4b,5822.8
107031,T4b,5822.8
91057,T4c,5822.900000000001
74231,Tm3,5822.900000000001
100785,T4b,5822.900000000001
10012,VS,5822.900000000001
11134,VSm,5822.900000000001
49324,Mi1,5823.0
51122,Mi1,5823.0
94574,T4c,5823.0
39692,TmY3,5823.1
41950,Mi1,5823.1
87845,T4a,5823.1
97675,T4c,5823.2
112321,T4d,5823.2
103425,T4a,5823.3
99980,T4c,5823.3
99850,T4a,5823.3
36177,Mi1,5823.3
90145,T4a,5823.400000000001
100190,T4c,5823.400000000001
104858,T4b,5823.400000000001
118502,T4b,5823.5
95242,T4d,5823.5
69736,Tm3,5823.5
72066,Tm3,5823.5
40635,Mi1,5823.5
33462,Mi1,5823.5
10016,HSE,5823.5
54087,Mi1,5823.5
44449,TmY3,5823.599999999999
63994,Mi1,5823.599999999999
85152,T4c,5823.599999999999
89099,T4a,5823.599999999999
98467,T4d,5823.599999999999
104683,T4b,5823.599999999999
75521,T2a,5823.700000000001
106922,T4c,5823.700000000001
125171,Tm3,5823.8
103639,T4d,5823.8
86696,T4d,5823.8
47962,TmY3,5823.8
42006,TmY3,5823.8
32535,Mi1,5823.9
36911,Mi1,5823.9
37853,Mi1,5823.9
48286,Mi1,5823.9
63175,Mi1,5823.9
39275,Mi1,5824.0
97256,T4c,5824.0
93750,T4c,5824.1
109593,Tm3,5824.2
108325,T4c,5824.2
10015,HSN,5824.2
78805,T2a,5824.2
90567,T4b,5824.2
93972,T4a,5824.3
34938,Mi1,5824.3
35416,Mi1,5824.3
47967,Mi1,5824.3
68562,T2a,5824.3
93927,T4a,5824.3
103314,T4b,5824.3
38893,Mi1,5824.400000000001
10025,H2,5824.5
83465,T4a,5824.5
86416,T4a,5824.5
94287,T4d,5824.5
109384,T4d,5824.5
35218,Mi1,5824.6
37529,Mi1,5824.6
39438,Mi1,5824.6
70812,TmY3,5824.6
101772,Tm3,5824.6
118385,T4b,5824.7
96295,T4b,5824.7
17280,Li28,5824.7
23047,Li28,5824.7
42594,Mi1,5824.7
38791,Mi1,5824.8
41435,Mi1,5824.8
95017,T4c,5824.8
98118,T4c,5824.900000000001
71089,Mi1,5825.0
42895,Mi1,5825.0
92047,T4c,5825.0
104256,T4a,5825.099999999999
107609,T4d,5825.099999999999
101043,T4c,5825.099999999999
35235,Mi1,5825.099999999999
10112,VS,5825.099999999999
34933,Mi1,5825.200000000001
86536,Tm3,5825.200000000001
15263,Li28,5825.3
58945,Tm3,5825.3
35152,Mi1,5825.4
104191,T4a,5825.4
106401,T4d,5825.4
72938,T2a,5825.5
37599,Mi1,5825.5
35234,Mi1,5825.5
10037,VS,5825.5
36252,Mi1,5825.5
64149,Mi1,5825.6
95005,T4a,5825.6
47465,TmY3,5825.7
49322,TmY3,5825.7
49788,TmY3,5825.7
105242,T4c,5825.8
79646,Tm3,5825.8
100867,T4b,5825.8
35845,Mi1,5825.8
65850,T2a,5825.8
35840,Mi1,5825.8
33907,Mi1,5825.9
35770,Mi1,5825.9
34862,Mi1,5826.0
69980,Tm3,5826.0
92552,T4a,5826.0
94356,T4c,5826.0
109291,T4d,5826.0
116716,T4b,5826.0
96394,T4b,5826.1
34849,Mi1,5826.2
48547,TmY3,5826.2
88167,T4b,5826.2
93509,T4b,5826.2
33655,Mi1,5826.400000000001
36540,Mi1,5826.400000000001
69380,Tm3,5826.400000000001
67150,T2a,5826.5
97866,T4d,5826.5
98139,T4d,5826.5
104336,T4b,5826.5
100032,T4c,5826.700000000001
37948,Mi1,5826.700000000001
37243,Mi1,5826.700000000001
36452,Mi1,5826.8
40944,Mi1,5826.8
59959,Mi1,5826.8
63420,Mi1,5826.8
98504,T4c,5826.8
114088,T4d,5826.8
93166,T4c,5826.9
73385,T2a,5826.9
89290,T4d,5826.9
42119,Mi1,5826.9
33017,Mi1,5826.9
50345,TmY3,5826.9
10023,HSS,5827.0
36954,Mi1,5827.0
78911,Tm3,5827.0
94743,T4d,5827.0
105718,T4b,5827.0
68212,T2a,5827.1
11981,Li28,5827.1
15909,Li28,5827.1
16596,Li28,5827.1
38479,Mi1,5827.2
34079,Mi1,5827.2
37113,Mi1,5827.3
37270,Mi1,5827.3
74927,Tm3,5827.3
108307,T4b,5827.3
10206,VS,5827.4
32893,Mi1,5827.4
34626,Mi1,5827.4
40596,Mi1,5827.4
97677,T4c,5827.4
120312,Tm3,5827.5
102425,T4b,5827.5
62340,T2,5827.5
12521,HST,5827.5
10755,H1,5827.6
16033,Li28,5827.6
35712,Mi1,5827.6
72279,Mi1,5827.6
34142,Mi1,5827.7
105962,T4b,5827.7
112993,T4b,5827.7
96365,T4a,5827.8
72005,Tm3,5827.8
69961,Tm3,5827.8
10016,HSE,5827.8
91469,T4c,5827.900000000001
100105,T4a,5827.900000000001
106801,T4c,5827.900000000001
40703,Mi1,5828.0
42675,Mi1,5828.0
70490,Mi1,5828.1
98751,T4a,5828.1
102147,T4c,5828.1
103479,T4c,5828.200000000001
60886,T2a,5828.200000000001
47686,TmY3,5828.3
92706,T4a,5828.3
94624,T4a,5828.3
98300,T4a,5828.3
57398,Mi1,5828.400000000001
83979,T4a,5828.400000000001
91629,T4a,5828.400000000001
92181,T4a,5828.400000000001
88625,T4c,5828.5
55101,Mi1,5828.5
94058,T4b,5828.6
10015,HSN,5828.6
36646,Mi1,5828.700000000001
100033,T4c,5828.700000000001
101480,T4c,5828.700000000001
107075,T4d,5828.700000000001
99670,T4c,5828.8
102975,T4b,5828.8
74375,Tm3,5828.9
92939,T4b,5828.9
100633,T4a,5828.9
110403,T4b,5828.9
119245,T4d,5829.000000000001
110646,T4b,5829.000000000001
10025,H2,5829.000000000001
49930,TmY3,5829.000000000001
101081,T4c,5829.000000000001
35602,Mi1,5829.1
39651,Mi1,5829.1
72896,Tm3,5829.1
83438,T4a,5829.1
109996,T4c,5829.2
97028,T4c,5829.2
84328,T4a,5829.2
83067,T4b,5829.2
50333,TmY3,5829.2
66227,Tm3,5829.3
93957,T4b,5829.3
95364,T4d,5829.3
96812,T4a,5829.3
102519,T4a,5829.3
113568,T4d,5829.400000000001
111928,T4b,5829.400000000001
105214,T4c,5829.400000000001
94755,T4a,5829.400000000001
37371,Mi1,5829.400000000001
35405,Mi1,5829.400000000001
36217,Mi1,5829.5
78848,Tm3,5829.5
92644,T4d,5829.5
95453,T4a,5829.5
41545,Mi1,5829.6
88152,T4c,5829.7
77991,Tm3,5829.7
94668,T4d,5829.7
10037,VS,5829.7
35774,Mi1,5829.7
37123,Mi1,5829.8
67113,Mi1,5829.8
91303,T4b,5829.8
98846,T4c,5829.8
30923,TmY3,5829.900000000001
38993,Mi1,5829.900000000001
86778,T4a,5829.900000000001
115636,T4d,5830.0
112088,T4d,5830.0
40256,Mi1,5830.0
35100,Mi1,5830.0
10112,VS,5830.0
16545,Li28,5830.0
33446,Mi1,5830.099999999999
47368,TmY3,5830.099999999999
68982,Tm3,5830.099999999999
84063,T4b,5830.099999999999
95335,T4a,5830.099999999999
100501,T4b,5830.099999999999
41659,Mi1,5830.200000000001
35897,Mi1,5830.200000000001
101620,T4b,5830.3
40426,Mi1,5830.3
31848,Mi1,5830.4
35428,Mi1,5830.4
38987,Mi1,5830.6
102791,T4c,5830.6
95554,T4b,5830.7
99292,T4a,5830.7
90423,T4b,5830.8
44564,TmY3,5830.8
41296,Mi1,5830.8
37019,Mi1,5830.8
34189,Mi1,5830.8
35890,Mi1,5830.900000000001
36346,Mi1,5831.0
77138,Tm3,5831.0
41626,Mi1,5831.1
108438,T4d,5831.1
101685,T4b,5831.2
95356,T4a,5831.2
525839,Mi1,5831.2
69063,Mi1,5831.2
10284,VS,5831.2
87896,T4a,5831.2
34463,Mi1,5831.3
38721,Mi1,5831.3
79483,Tm3,5831.3
17596,Li28,5831.400000000001
38241,Mi1,5831.400000000001
104414,T4d,5831.5
105276,T4d,5831.5
35888,Mi1,5831.5
59397,Mi1,5831.5
31492,Mi1,5831.599999999999
34057,Mi1,5831.599999999999
35045,Mi1,5831.599999999999
40219,Mi1,5831.599999999999
51231,TmY3,5831.700000000001
79257,Tm3,5831.700000000001
537004,VSm,5831.700000000001
94081,T4c,5831.8
111184,T4a,5831.8
103654,T4b,5831.8
95972,T4d,5831.8
90135,T4c,5831.8
58862,Mi1,5831.8
38529,Mi1,5831.8
36305,Mi1,5831.8
34356,Mi1,5831.8
10023,HSS,5831.8
10016,HSE,5831.8
36533,Mi1,5831.9
38230,Mi1,5831.9
66214,T2a,5831.9
95822,T4b,5831.9
95883,T4a,5831.9
99011,T4c,5831.9
55976,Mi1,5832.0
102801,T4b,5832.1
38238,Mi1,5832.1
101215,T4c,5832.1
35447,Mi1,5832.2
35934,Mi1,5832.2
36275,Mi1,5832.2
69164,Mi1,5832.2
88491,T4a,5832.2
92996,T4a,5832.3
98448,T4b,5832.3
95926,T4a,5832.3
95007,T4a,5832.3
90121,T4b,5832.3
37699,Mi1,5832.3
41120,Mi1,5832.3
38514,Mi1,5832.3
35001,Mi1,5832.3
53065,Mi1,5832.3
52485,TmY3,5832.400000000001
70289,Mi1,5832.400000000001
96003,T4d,5832.400000000001
34867,Mi1,5832.5
110910,Tm3,5832.6
90206,T4b,5832.6
33091,Mi1,5832.6
70524,T2a,5832.6
96126,T4b,5832.7
33942,Mi1,5832.8
43978,Mi1,5832.8
41654,Mi1,5832.900000000001
34171,Mi1,5832.900000000001
107143,T4d,5833.0
93360,T4b,5833.0
61768,T2,5833.0
44119,Mi1,5833.0
10015,HSN,5833.099999999999
10025,H2,5833.099999999999
37568,Mi1,5833.099999999999
60857,Mi1,5833.099999999999
71475,Tm3,5833.099999999999
102479,T4c,5833.099999999999
100206,T4c,5833.200000000001
93527,T4a,5833.200000000001
38767,Mi1,5833.200000000001
76038,Tm3,5833.3
90278,T4a,5833.3
10206,VS,5833.4
34300,Mi1,5833.4
89784,T4b,5833.4
101230,T4a,5833.4
104257,T4b,5833.5
104144,T2,5833.5
89142,T4b,5833.5
83191,T4a,5833.5
39158,Mi1,5833.5
87390,T2a,5833.5
37037,Mi1,5833.6
37353,Mi1,5833.6
72194,Tm3,5833.6
75298,T2a,5833.6
80855,Tm3,5833.6
100282,T4a,5833.7
113686,T4d,5833.7
87358,T4a,5833.7
40832,Mi1,5833.7
19292,Li28,5833.8
42691,Mi1,5833.8
37000,Mi1,5833.9
34479,Mi1,5834.0
35806,Mi1,5834.0
40171,Mi1,5834.0
73586,Tm3,5834.0
34296,Mi1,5834.1
106093,T4a,5834.1
67072,T2a,5834.2
98887,T4b,5834.2
40854,Mi1,5834.2
38133,Mi1,5834.2
37839,Mi1,5834.2
15019,Li28,5834.2
15909,Li28,5834.3
91313,T4a,5834.3
96211,T4d,5834.3
10037,VS,5834.400000000001
91806,T4a,5834.400000000001
105403,T4c,5834.400000000001
106664,T4c,5834.5
39629,Mi1,5834.5
87873,T4b,5834.5
34899,Mi1,5834.5
35017,Mi1,5834.5
39505,Mi1,5834.599999999999
93021,T4a,5834.599999999999
109172,T4b,5834.599999999999
37294,Mi1,5834.700000000001
48894,TmY3,5834.700000000001
56564,Mi1,5834.700000000001
98099,T4b,5834.700000000001
107529,T4d,5834.700000000001
104853,T4c,5834.8
76074,Tm3,5834.8
33216,Mi1,5834.8
34045,Mi1,5834.8
36446,Mi1,5834.8
35498,Mi1,5834.9
36994,Mi1,5834.9
73122,T2a,5834.9
10755,H1,5835.0
93985,T4c,5835.0
106819,T4b,5835.1
542412,Mi1,5835.1
96576,T4c,5835.2
65671,Mi1,5835.2
88698,T4a,5835.2
526158,Mi1,5835.3
11981,Li28,5835.3
48986,TmY3,5835.3
90112,T4c,5835.3
101878,T4a,5835.3
114817,T4d,5835.3
35580,Mi1,5835.4
71052,T2a,5835.5
90097,T4c,5835.5
48607,TmY3,5835.5
97878,T4b,5835.5
14209,Li28,5835.5
10016,HSE,5835.5
48514,TmY3,5835.5
10112,VS,5835.5
39718,Mi1,5835.6
66345,T2a,5835.6
88992,T4c,5835.6
93419,T4b,5835.6
100946,T4c,5835.6
37631,Mi1,5835.7
92281,T4c,5835.7
94368,T4a,5835.7
96134,T4b,5835.8
94468,T4c,5835.8
91913,T4b,5835.8
49441,TmY3,5835.8
20264,Li28,5835.8
38208,Mi1,5835.8
34369,Mi1,5835.8
39405,Mi1,5835.8
96199,T4a,5835.900000000001
120231,Tm3,5835.900000000001
91682,T4b,5835.900000000001
98381,T4d,5835.900000000001
36410,Mi1,5835.900000000001
35836,Mi1,5835.900000000001
66808,Tm3,5835.900000000001
30997,Mi1,5836.0
39743,Mi1,5836.0
105698,T4c,5836.0
111857,T4d,5836.0
69597,Tm3,5836.1
71394,T2a,5836.1
109857,T4d,5836.3
96081,T4a,5836.3
10023,HSS,5836.3
78025,T2a,5836.3
62078,Mi1,5836.400000000001
100924,T4b,5836.400000000001
46662,TmY3,5836.5
56007,TmY3,5836.5
39275,Mi1,5836.6
72955,T2a,5836.6
93865,T4c,5836.6
105126,T4c,5836.6
40085,Mi1,5836.700000000001
38178,Mi1,5836.700000000001
89825,T4a,5836.8
17280,Li28,5836.8
41668,Mi1,5836.8
88815,T4d,5836.9
94283,T4d,5836.9
111380,Tm3,5836.9
36139,Mi1,5837.000000000001
89020,T4a,5837.000000000001
97193,T4a,5837.000000000001
107297,T4c,5837.1
69889,T2a,5837.2
108697,T4d,5837.2
10025,H2,5837.2
51122,Mi1,5837.3
57486,TmY3,5837.3
10015,HSN,5837.400000000001
47696,TmY3,5837.400000000001
71161,T2a,5837.400000000001
91987,T4c,5837.400000000001
101732,T4c,5837.400000000001
110604,T4a,5837.5
89434,T4c,5837.5
86141,T4b,5837.5
33462,Mi1,5837.5
10012,VS,5837.6
96676,T4b,5837.6
97288,T4c,5837.6
100838,T4c,5837.6
111416,Tm3,5837.6
39067,Mi1,5837.7
69546,Tm3,5837.7
118948,T4d,5837.8
100488,T4c,5837.8
97231,T4a,5837.8
89368,T4c,5837.8
16545,Li28,5837.8
41809,Mi1,5837.8
36177,Mi1,5837.8
49324,Mi1,5837.8
129235,Tm3,5837.900000000001
121170,Tm3,5837.900000000001
171349687,Tm3,5837.900000000001
67152,Tm3,5837.900000000001
89934,T4d,5837.900000000001
81215,Tm3,5838.0
77383,T2a,5838.0
35152,Mi1,5838.0
37391,Mi1,5838.0
36911,Mi1,5838.099999999999
47967,Mi1,5838.099999999999
72829,T2a,5838.099999999999
94549,T4b,5838.099999999999
102564,T4a,5838.099999999999
98625,T4a,5838.200000000001
107719,T4b,5838.200000000001
86175,T4a,5838.200000000001
96728,T4c,5838.200000000001
48283,TmY3,5838.3
88922,T4c,5838.3
20634,VST1,5838.4
38791,Mi1,5838.4
72148,Tm3,5838.4
85378,T4a,5838.4
38768,Mi1,5838.500000000001
63868,T2a,5838.500000000001
91283,T4c,5838.7
16033,Li28,5838.7
96852,T4a,5838.7
114391,T4d,5838.8
81401,T4b,5838.8
42594,Mi1,5838.900000000001
90520,T4a,5838.900000000001
98654,T4d,5838.900000000001
103425,T4a,5838.900000000001
54087,Mi1,5839.0
94179,T4a,5839.0
98194,T4d,5839.0
109649,T4c,5839.1
121816,T4a,5839.1
115511,T4d,5839.1
37853,Mi1,5839.1
10016,HSE,5839.1
38893,Mi1,5839.1
37270,Mi1,5839.2
39692,TmY3,5839.2
40635,Mi1,5839.2
95239,T4a,5839.2
37529,Mi1,5839.3
36252,Mi1,5839.3
101228,T4a,5839.3
10037,VS,5839.3
35770,Mi1,5839.3
117627,Tm3,5839.3
100726,T4d,5839.5
36452,Mi1,5839.599999999999
41950,Mi1,5839.599999999999
71131,Tm3,5839.599999999999
112744,T4d,5839.599999999999
35416,Mi1,5839.700000000001
94953,T4d,5839.700000000001
109868,Tm3,5839.700000000001
83365,T2a,5839.8
90465,T4a,5839.8
92431,T4a,5839.8
98788,T4d,5839.8
98137,T4d,5839.9
92082,T4b,5839.9
62562,T2,5839.9
34849,Mi1,5839.9
35218,Mi1,5839.9
10206,VS,5839.9
48286,Mi1,5839.9
42895,Mi1,5840.0
122233,Tm3,5840.0
32535,Mi1,5840.1
65298,T2a,5840.2
120016,Tm3,5840.2
89728,Tm3,5840.2
85924,T4a,5840.2
63994,Mi1,5840.2
35845,Mi1,5840.2
36540,Mi1,5840.2
37948,Mi1,5840.2
35234,Mi1,5840.2
23047,Li28,5840.2
42119,Mi1,5840.3
73284,T2a,5840.3
42758,Mi1,5840.400000000001
72796,Tm3,5840.400000000001
33655,Mi1,5840.400000000001
35840,Mi1,5840.400000000001
33017,Mi1,5840.5
34933,Mi1,5840.5
46827,Mi1,5840.5
109598,T4b,5840.5
37599,Mi1,5840.6
64260,T2,5840.6
100855,T4a,5840.6
107211,T4d,5840.6
97899,T4a,5840.7
41522,Mi1,5840.7
34626,Mi1,5840.7
35235,Mi1,5840.7
11134,VSm,5840.8
15263,Li28,5840.8
33907,Mi1,5840.8
37243,Mi1,5840.8
41435,Mi1,5840.8
90259,T4d,5840.8
92839,T4b,5840.8
98349,T4a,5840.8
98360,T4c,5840.8
64149,Mi1,5840.900000000001
40026,TmY3,5840.900000000001
34938,Mi1,5840.900000000001
32893,Mi1,5840.900000000001
36954,Mi1,5840.900000000001
16596,Li28,5841.0
39438,Mi1,5841.0
10023,HSS,5841.099999999999
35173,Mi1,5841.099999999999
59959,Mi1,5841.099999999999
70490,Mi1,5841.099999999999
72989,Tm3,5841.200000000001
82038,Tm3,5841.200000000001
71089,Mi1,5841.200000000001
34862,Mi1,5841.200000000001
12521,HST,5841.200000000001
10112,VS,5841.200000000001
104027,T4d,5841.3
10015,HSN,5841.4
95921,T4c,5841.4
10025,H2,5841.5
105706,T4a,5841.5
106295,T4b,5841.6
98175,T4c,5841.6
104297,T4a,5841.6
40944,Mi1,5841.6
63420,Mi1,5841.6
34079,Mi1,5841.7
40596,Mi1,5841.7
96774,T4c,5841.7
38479,Mi1,5841.8
78856,Tm3,5841.8
101770,T4b,5841.8
34142,Mi1,5841.9
85126,T4a,5841.9
109142,T4b,5842.0
103022,T4a,5842.0
63175,Mi1,5842.0
63468,Mi1,5842.0
101302,T4d,5842.0
35712,Mi1,5842.1
80812,T4a,5842.1
15909,Li28,5842.2
38993,Mi1,5842.2
52350,Mi1,5842.2
93566,T4a,5842.2
98985,T4c,5842.2
106200,T4c,5842.3
95458,T4d,5842.3
10755,H1,5842.400000000001
38227,Mi1,5842.400000000001
40703,Mi1,5842.400000000001
94153,T4d,5842.400000000001
94983,T4c,5842.400000000001
100673,T4b,5842.400000000001
95287,T4a,5842.5
86419,Tm3,5842.5
94305,T4a,5842.5
46993,T2a,5842.5
35602,Mi1,5842.5
54885,TmY3,5842.5
36660,Mi1,5842.599999999999
55101,Mi1,5842.599999999999
67150,T2a,5842.700000000001
10016,HSE,5842.8
90219,T4a,5842.8
72279,Mi1,5842.9
93750,T4c,5842.9
537004,VSm,5842.9
97853,T4c,5843.0
93334,T4b,5843.0
33446,Mi1,5843.0
90888,T4b,5843.0
93224,T4a,5843.0
86686,T4c,5843.1
71674,T2a,5843.2
10037,VS,5843.2
36217,Mi1,5843.2
37113,Mi1,5843.2
37371,Mi1,5843.2
41296,Mi1,5843.2
106701,T4d,5843.2
42675,Mi1,5843.3
91345,T4c,5843.4
36646,Mi1,5843.500000000001
40256,Mi1,5843.500000000001
41545,Mi1,5843.500000000001
67113,Mi1,5843.500000000001
72983,T2a,5843.500000000001
97675,T4c,5843.500000000001
101383,T4b,5843.500000000001
101772,Tm3,5843.500000000001
106922,T4c,5843.6
102595,T4d,5843.6
11981,Li28,5843.6
50345,TmY3,5843.6
95985,T4c,5843.6
57398,Mi1,5843.7
95681,T4a,5843.7
105521,T4c,5843.7
96784,T4b,5843.8
79271,T4a,5843.8
97318,T4d,5843.900000000001
96090,T4c,5843.900000000001
35405,Mi1,5843.900000000001
35897,Mi1,5843.900000000001
83583,T4d,5844.0
97769,T4a,5844.0
99131,T4c,5844.0
96931,T4b,5844.1
10284,VS,5844.1
35100,Mi1,5844.1
37019,Mi1,5844.1
39651,Mi1,5844.1
98226,T4b,5844.1
102579,T4b,5844.2
93025,T4b,5844.2
91057,T4c,5844.2
34189,Mi1,5844.2
40426,Mi1,5844.2
41659,Mi1,5844.2
101005,T4d,5844.3
35774,Mi1,5844.3
104412,T4a,5844.3
102229,T4d,5844.5
106952,T4b,5844.5
83204,T4d,5844.5
83639,T2a,5844.5
71228,T2a,5844.5
38238,Mi1,5844.5
72426,Tm3,5844.5
35890,Mi1,5844.6
69540,TmY3,5844.6
74023,T2a,5844.6
80670,T4a,5844.700000000001
59397,Mi1,5844.700000000001
70812,TmY3,5844.700000000001
102388,T4d,5844.700000000001
35447,Mi1,5844.8
83125,T4b,5844.8
103025,T4a,5844.9
75381,Tm3,5844.9
35428,Mi1,5844.9
37123,Mi1,5844.9
107621,T4d,5845.000000000001
83677,T4c,5845.000000000001
92273,T2a,5845.000000000001
34463,Mi1,5845.000000000001
34057,Mi1,5845.000000000001
43334,TmY3,5845.000000000001
108065,T4c,5845.1
106522,T4d,5845.1
71765,T2a,5845.1
40219,Mi1,5845.1
36346,Mi1,5845.1
41120,Mi1,5845.1
44449,TmY3,5845.2
68933,Tm3,5845.3
93688,T4a,5845.3
104858,T4b,5845.3
36275,Mi1,5845.400000000001
90027,T4c,5845.400000000001
102113,T4b,5845.400000000001
10015,HSN,5845.5
10023,HSS,5845.5
70289,Mi1,5845.5
77527,T4a,5845.5
100261,T4c,5845.5
103827,T4c,5845.6
82515,Tm3,5845.6
116311,T4d,5845.6
38529,Mi1,5845.6
36533,Mi1,5845.6
68342,Tm3,5845.6
35001,Mi1,5845.7
16545,Li28,5845.7
34356,Mi1,5845.7
36305,Mi1,5845.8
83227,Tm3,5845.8
106745,T4b,5845.8
35934,Mi1,5845.900000000001
38987,Mi1,5845.900000000001
99731,T4c,5845.900000000001
55976,Mi1,5846.0
10025,H2,5846.0
17596,Li28,5846.0
35045,Mi1,5846.099999999999
31492,Mi1,5846.099999999999
10112,VS,5846.3
38514,Mi1,5846.3
69063,Mi1,5846.3
69228,T2a,5846.3
82099,T4b,5846.3
98398,T4c,5846.3
525839,Mi1,5846.3
86416,T4a,5846.4
110988,T4a,5846.4
102975,T4b,5846.4
66227,Tm3,5846.4
98439,T4a,5846.4
31848,Mi1,5846.500000000001
58862,Mi1,5846.500000000001
64897,T2,5846.500000000001
106912,Tm3,5846.500000000001
10016,HSE,5846.6
38241,Mi1,5846.6
38721,Mi1,5846.6
85778,T4b,5846.6
89290,T4d,5846.6
90145,T4a,5846.6
92706,T4a,5846.6
100787,T4b,5846.6
67971,Tm3,5846.7
34171,Mi1,5846.7
103440,T4d,5846.7
90423,T4b,5846.8
94356,T4c,5846.8
38767,Mi1,5846.8
37568,Mi1,5846.8
17280,Li28,5846.8
10037,VS,5846.8
33942,Mi1,5846.900000000001
35724,Mi1,5846.900000000001
35888,Mi1,5846.900000000001
72558,T2a,5846.900000000001
48547,TmY3,5847.0
100319,T4b,5847.0
37699,Mi1,5847.0
41626,Mi1,5847.0
34300,Mi1,5847.1
34867,Mi1,5847.1
35806,Mi1,5847.1
44119,Mi1,5847.1
69186,Tm3,5847.1
99663,T4c,5847.1
108907,T4c,5847.1
97784,T4c,5847.2
40936,Mi1,5847.2
111746,Tm3,5847.2
83438,T4a,5847.3
34479,Mi1,5847.400000000001
36446,Mi1,5847.400000000001
39158,Mi1,5847.400000000001
53065,Mi1,5847.400000000001
77676,T2a,5847.400000000001
33091,Mi1,5847.5
43978,Mi1,5847.5
60857,Mi1,5847.5
99348,T4c,5847.599999999999
90419,T4b,5847.700000000001
40171,Mi1,5847.700000000001
86630,Tm3,5847.700000000001
95005,T4a,5847.8
38230,Mi1,5847.8
41654,Mi1,5847.8
69164,Mi1,5847.8
71398,Tm3,5847.8
81995,Tm3,5847.8
88152,T4c,5847.8
103073,T4a,5847.8
92640,T4d,5847.9
61401,T2a,5847.9
95677,T4c,5847.9
42691,Mi1,5847.9
90371,T4d,5847.9
37353,Mi1,5847.9
40854,Mi1,5847.9
37037,Mi1,5847.9
37000,Mi1,5847.9
64849,Tm3,5848.0
92047,T4c,5848.0
93509,T4b,5848.0
109536,T4d,5848.0
102799,T4c,5848.1
98668,T4a,5848.1
38133,Mi1,5848.1
35017,Mi1,5848.1
78421,T2a,5848.1
16033,Li28,5848.2
65513,T2a,5848.2
83689,T4a,5848.2
96295,T4b,5848.2
105565,Tm3,5848.2
92254,T4b,5848.3
96163,T4b,5848.5
102741,T4c,5848.5
36410,Mi1,5848.5
93877,T4c,5848.5
10012,VS,5848.6
37839,Mi1,5848.6
47368,TmY3,5848.6
65671,Mi1,5848.6
100190,T4c,5848.6
102462,T4c,5848.6
10206,VS,5848.7
33216,Mi1,5848.7
56564,Mi1,5848.7
91629,T4a,5848.7
104996,T4a,5848.8
88726,T4b,5848.8
34296,Mi1,5848.8
35836,Mi1,5848.8
59008,Mi1,5848.8
42533,TmY3,5848.900000000001
71583,Tm3,5848.900000000001
91674,T4a,5848.900000000001
104450,T4a,5848.900000000001
108344,T4d,5849.0
34899,Mi1,5849.0
91469,T4c,5849.0
123490,Tm3,5849.0
101589,T4a,5849.099999999999
15909,Li28,5849.200000000001
33110,Mi1,5849.200000000001
39629,Mi1,5849.200000000001
39727,Mi1,5849.200000000001
87289,T4a,5849.200000000001
93407,T4d,5849.200000000001
110693,Tm3,5849.200000000001
85074,T4a,5849.3
38857,Mi1,5849.3
93166,T4c,5849.3
37294,Mi1,5849.3
38208,Mi1,5849.3
50333,TmY3,5849.4
72619,T2a,5849.4
77846,Tm3,5849.4
92842,T4a,5849.4
104884,T4b,5849.4
105412,T4a,5849.4
117662,T4d,5849.4
37631,Mi1,5849.5
99950,T4c,5849.5
40832,Mi1,5849.6
94755,T4a,5849.6
36158,Mi1,5849.6
15019,Li28,5849.6
19292,Li28,5849.6
10755,H1,5849.6
34369,Mi1,5849.6
10015,HSN,5849.7
39275,Mi1,5849.7
85152,T4c,5849.7
96424,T4b,5849.7
101480,T4c,5849.7
102991,T4c,5849.7
542412,Mi1,5849.7
547091,T2,5849.8
109652,T4d,5849.8
84008,T4c,5849.8
34045,Mi1,5849.8
39505,Mi1,5849.8
39718,Mi1,5849.8
98325,T4d,5849.9
10025,H2,5849.9
74287,Tm3,5849.9
92114,T4c,5849.9
526158,Mi1,5849.9
99671,T4c,5850.0
95972,T4d,5850.0
95356,T4a,5850.0
93360,T4b,5850.0
38648,Mi1,5850.0
20264,Li28,5850.0
30997,Mi1,5850.1
100785,T4b,5850.1
101865,T4a,5850.1
107445,T4a,5850.2
100087,T4b,5850.2
96035,T4d,5850.2
60856,T2a,5850.2
44592,TmY3,5850.2
39405,Mi1,5850.2
10023,HSS,5850.2
35498,Mi1,5850.3
35580,Mi1,5850.3
81883,T2a,5850.3
96126,T4b,5850.3
10037,VS,5850.400000000001
92552,T4a,5850.400000000001
91325,T4a,5850.5
37270,Mi1,5850.5
86778,T4a,5850.5
10016,HSE,5850.599999999999
36139,Mi1,5850.599999999999
130280,Tm3,5850.599999999999
38178,Mi1,5850.700000000001
84063,T4b,5850.700000000001
120992,Tm3,5850.700000000001
99980,T4c,5850.8
97256,T4c,5850.8
98118,T4c,5850.8
109593,Tm3,5850.8
36177,Mi1,5850.9
41668,Mi1,5850.9
103677,T4b,5850.9
107640,T4c,5850.9
122961,T4d,5850.9
68212,T2a,5851.0
39743,Mi1,5851.0
90567,T4b,5851.0
93972,T4a,5851.1
94471,T4a,5851.1
91366,T4b,5851.1
68562,T2a,5851.1
36994,Mi1,5851.1
36911,Mi1,5851.1
14209,Li28,5851.1
62078,Mi1,5851.1
537004,VSm,5851.200000000001
87845,T4a,5851.200000000001
92939,T4b,5851.200000000001
101245,T4a,5851.200000000001
105115,T4d,5851.200000000001
51122,Mi1,5851.3
74860,Tm3,5851.3
75521,T2a,5851.3
104191,T4a,5851.3
107075,T4d,5851.3
92415,T4a,5851.4
106166,T4b,5851.4
76524,Tm3,5851.4
75550,Tm3,5851.4
102147,T4c,5851.4
41809,Mi1,5851.4
35152,Mi1,5851.4
11134,VSm,5851.4
58945,Tm3,5851.4
72066,Tm3,5851.500000000001
85598,T4b,5851.500000000001
94574,T4c,5851.500000000001
112179,T4b,5851.500000000001
101463,T4d,5851.6
98000,T4b,5851.6
90566,T4d,5851.6
97885,T4a,5851.6
38768,Mi1,5851.6
36452,Mi1,5851.6
73301,Tm3,5851.6
10112,VS,5851.7
33017,Mi1,5851.7
39067,Mi1,5851.7
82211,T2a,5851.7
84267,T4c,5851.7
96657,T4c,5851.7
99011,T4c,5851.7
64341,TmY3,5851.8
49324,Mi1,5851.8
101994,T4a,5851.8
65531,T2a,5851.900000000001
93313,T4a,5851.900000000001
71938,T2a,5852.0
103780,T4c,5852.0
99670,T4c,5852.0
33462,Mi1,5852.0
79704,T4d,5852.0
98890,T4c,5852.0
70642,T2a,5852.1
79449,T4b,5852.1
102016,T4a,5852.1
11981,Li28,5852.2
38791,Mi1,5852.2
40635,Mi1,5852.2
83465,T4a,5852.2
97829,Tm3,5852.2
122308,Tm3,5852.2
97186,T4a,5852.3
96394,T4b,5852.3
37948,Mi1,5852.3
40085,Mi1,5852.3
91806,T4a,5852.3
100033,T4c,5852.400000000001
35234,Mi1,5852.400000000001
56762,TmY3,5852.400000000001
78503,T2a,5852.400000000001
109384,T4d,5852.400000000001
102519,T4a,5852.5
64633,T2a,5852.5
37391,Mi1,5852.6
94624,T4a,5852.6
97866,T4d,5852.6
37853,Mi1,5852.8
94886,T4d,5852.8
101945,T4b,5852.8
100501,T4b,5852.9
116633,T4c,5852.9
107442,T4d,5853.000000000001
104336,T4b,5853.000000000001
99387,T4a,5853.000000000001
38893,Mi1,5853.000000000001
39692,TmY3,5853.1
93957,T4b,5853.1
97677,T4c,5853.1
99922,T4c,5853.3
47967,Mi1,5853.400000000001
93604,T4a,5853.400000000001
91987,T4c,5853.5
54087,Mi1,5853.5
103657,T4b,5853.5
41950,Mi1,5853.5
10015,HSN,5853.5
35770,Mi1,5853.5
10025,H2,5853.6
77891,Tm3,5853.6
78172,TmY3,5853.6
96835,T4b,5853.6
103570,T4d,5853.6
100310,T4d,5853.7
37529,Mi1,5853.7
16545,Li28,5853.7
34849,Mi1,5853.8
35840,Mi1,5853.8
101215,T4c,5853.8
111852,T4a,5853.900000000001
107031,T4b,5853.900000000001
102045,T4a,5853.900000000001
90394,T4a,5853.900000000001
108876,T4c,5853.900000000001
69980,Tm3,5853.900000000001
42594,Mi1,5853.900000000001
36252,Mi1,5853.900000000001
88167,T4b,5853.900000000001
34862,Mi1,5854.0
37243,Mi1,5854.0
47686,TmY3,5854.0
68522,T2a,5854.0
99163,T4a,5854.099999999999
114088,T4d,5854.099999999999
42119,Mi1,5854.099999999999
80302,T2a,5854.099999999999
10037,VS,5854.200000000001
35218,Mi1,5854.200000000001
36540,Mi1,5854.200000000001
47240,TmY3,5854.200000000001
101043,T4c,5854.200000000001
102031,T4c,5854.200000000001
10016,HSE,5854.3
35416,Mi1,5854.3
108847,T4d,5854.4
42895,Mi1,5854.4
73828,Tm3,5854.4
109916,T4d,5854.4
104256,T4a,5854.500000000001
93947,T4a,5854.500000000001
74927,Tm3,5854.500000000001
63994,Mi1,5854.500000000001
34079,Mi1,5854.500000000001
53156,TmY3,5854.6
69441,Tm3,5854.6
84010,Tm3,5854.6
96576,T4c,5854.6
97028,T4c,5854.6
36954,Mi1,5854.7
92957,T4d,5854.7
104703,T4d,5854.8
102801,T4b,5854.8
91934,T4a,5854.8
35235,Mi1,5854.8
34626,Mi1,5854.900000000001
59959,Mi1,5854.900000000001
61659,Tm3,5854.900000000001
91444,T4c,5854.900000000001
100206,T4c,5854.900000000001
97171,T4d,5855.0
78911,Tm3,5855.0
47465,TmY3,5855.0
34933,Mi1,5855.0
33655,Mi1,5855.0
32893,Mi1,5855.0
10023,HSS,5855.0
23047,Li28,5855.1
35845,Mi1,5855.1
100032,T4c,5855.1
100897,T4c,5855.1
71089,Mi1,5855.2
83682,Tm3,5855.2
34938,Mi1,5855.2
40596,Mi1,5855.2
15909,Li28,5855.3
33446,Mi1,5855.3
40703,Mi1,5855.3
40944,Mi1,5855.3
79483,Tm3,5855.3
96812,T4a,5855.3
106801,T4c,5855.3
89434,T4c,5855.400000000001
92684,T4c,5855.400000000001
68485,T2a,5855.400000000001
92046,T4d,5855.400000000001
39438,Mi1,5855.400000000001
15263,Li28,5855.400000000001
44564,TmY3,5855.400000000001
37599,Mi1,5855.400000000001
10755,H1,5855.5
35602,Mi1,5855.5
48286,Mi1,5855.5
64149,Mi1,5855.5
111928,T4b,5855.5
32535,Mi1,5855.599999999999
33907,Mi1,5855.599999999999
99519,T4a,5855.599999999999
79083,Tm3,5855.700000000001
41435,Mi1,5855.8
16596,Li28,5855.8
38479,Mi1,5855.9
38993,Mi1,5855.9
43414,Mi1,5855.9
63175,Mi1,5855.9
63420,Mi1,5855.9
103314,T4b,5855.9
105962,T4b,5855.9
102370,T4c,5856.0
98312,T4a,5856.0
96365,T4a,5856.0
95554,T4b,5856.0
12521,HST,5856.0
34142,Mi1,5856.0
40256,Mi1,5856.1
90135,T4c,5856.1
98751,T4a,5856.1
104008,T4b,5856.2
37371,Mi1,5856.3
38421,Mi1,5856.3
68412,T2a,5856.3
76733,Tm3,5856.3
113983,T4d,5856.3
94179,T4a,5856.400000000001
41522,Mi1,5856.400000000001
46827,Mi1,5856.400000000001
41709,Mi1,5856.5
110076,T4c,5856.5
42758,Mi1,5856.6
89139,T4c,5856.6
102425,T4b,5856.6
107170,T4b,5856.6
104905,T4c,5856.7
112619,T4d,5856.7
101685,T4b,5856.7
10284,VS,5856.7
78561,Tm3,5856.7
98887,T4b,5856.7
10112,VS,5856.7
16033,Li28,5856.8
77480,Tm3,5856.8
89099,T4a,5856.8
94668,T4d,5856.8
98862,Tm3,5856.8
10206,VS,5856.900000000001
116129,T4b,5856.900000000001
98504,T4c,5857.0
79646,Tm3,5857.0
42048,Mi1,5857.0
41296,Mi1,5857.0
10015,HSN,5857.099999999999
36660,Mi1,5857.099999999999
38238,Mi1,5857.099999999999
67113,Mi1,5857.099999999999
68982,Tm3,5857.099999999999
90888,T4b,5857.099999999999
95453,T4a,5857.099999999999
92281,T4c,5857.200000000001
90121,T4b,5857.200000000001
70490,Mi1,5857.200000000001
10025,H2,5857.200000000001
36217,Mi1,5857.200000000001
17280,Li28,5857.200000000001
39894,T4b,5857.200000000001
35712,Mi1,5857.3
44449,TmY3,5857.3
72279,Mi1,5857.3
88491,T4a,5857.3
114698,T4b,5857.4
110403,T4b,5857.4
107105,T4d,5857.4
83979,T4a,5857.4
42675,Mi1,5857.4
48060,Mi1,5857.4
35405,Mi1,5857.4
55101,Mi1,5857.4
66980,T2a,5857.5
127615,Tm3,5857.6
83583,T4d,5857.6
97161,T4a,5857.6
35447,Mi1,5857.6
78968,Tm3,5857.6
10012,VS,5857.7
35173,Mi1,5857.7
57239,Mi1,5857.7
88625,T4c,5857.7
98837,T4c,5857.7
35897,Mi1,5857.8
37123,Mi1,5857.8
98175,T4c,5857.8
102112,T4c,5857.8
113568,T4d,5857.9
102703,T4a,5857.9
100633,T4a,5857.9
10016,HSE,5857.9
36646,Mi1,5857.9
35512,Mi1,5857.9
41613,Mi1,5857.9
10037,VS,5858.0
38227,Mi1,5858.0
101620,T4b,5858.0
106401,T4d,5858.1
102791,T4c,5858.1
62894,Tm3,5858.1
40426,Mi1,5858.1
37138,Mi1,5858.1
42872,Mi1,5858.1
34189,Mi1,5858.2
35774,Mi1,5858.2
44746,TmY3,5858.2
70524,T2a,5858.2
74937,T2a,5858.2
104017,T4b,5858.2
107010,T4d,5858.2
104354,T4b,5858.299999999999
41659,Mi1,5858.299999999999
37113,Mi1,5858.400000000001
59397,Mi1,5858.400000000001
77307,Tm3,5858.400000000001
95822,T4b,5858.400000000001
39651,Mi1,5858.5
96003,T4d,5858.5
107609,T4d,5858.5
122290,Tm3,5858.5
83067,T4b,5858.599999999999
89784,T4b,5858.599999999999
63468,Mi1,5858.599999999999
113207,T4d,5858.599999999999
110742,T4c,5858.599999999999
62089,Tm3,5858.599999999999
61292,T2,5858.599999999999
45005,TmY3,5858.599999999999
41545,Mi1,5858.599999999999
35100,Mi1,5858.599999999999
20634,VST1,5858.599999999999
52350,Mi1,5858.700000000001
93482,T4d,5858.700000000001
34356,Mi1,5858.8
48986,TmY3,5858.8
93750,T4c,5858.8
104478,T4d,5858.900000000001
58703,T2,5858.900000000001
41120,Mi1,5858.900000000001
36533,Mi1,5859.0
88698,T4a,5859.0
95926,T4a,5859.0
100046,T4b,5859.0
101228,T4a,5859.0
69063,Mi1,5859.1
105403,T4c,5859.1
109326,T4c,5859.1
106535,T4d,5859.200000000001
104368,T4c,5859.200000000001
70800,Tm3,5859.200000000001
74725,T2a,5859.200000000001
48894,TmY3,5859.3
57398,Mi1,5859.3
105122,T4b,5859.3
37088,Mi1,5859.4
38514,Mi1,5859.4
38529,Mi1,5859.4
46248,Mi1,5859.4
532850,Tm3,5859.4
36275,Mi1,5859.500000000001
55976,Mi1,5859.500000000001
94743,T4d,5859.500000000001
99672,T4a,5859.500000000001
119245,T4d,5859.500000000001
38987,Mi1,5859.7
37019,Mi1,5859.7
99292,T4a,5859.7
93419,T4b,5859.7
36305,Mi1,5859.7
41804,Mi1,5859.7
35890,Mi1,5859.7
35428,Mi1,5859.7
34463,Mi1,5859.7
35934,Mi1,5859.7
34057,Mi1,5859.7
10023,HSS,5859.7
117142,T4d,5859.8
108974,T4c,5859.8
110910,Tm3,5859.8
92644,T4d,5859.8
36684,Mi1,5859.8
94948,T4c,5859.8
70289,Mi1,5859.900000000001
96134,T4b,5860.0
30923,TmY3,5860.0
33942,Mi1,5860.0
34867,Mi1,5860.0
35001,Mi1,5860.0
77779,T2a,5860.0
90278,T4a,5860.0
93527,T4a,5860.0
81836,T2a,5860.1
108438,T4d,5860.1
47962,TmY3,5860.1
71475,Tm3,5860.1
40219,Mi1,5860.2
97288,T4c,5860.2
103557,T4a,5860.2
44119,Mi1,5860.3
47211,Mi1,5860.3
67308,Mi1,5860.3
77395,T4b,5860.3
105521,T4c,5860.400000000001
40411,Mi1,5860.400000000001
91303,T4b,5860.400000000001
34171,Mi1,5860.400000000001
31848,Mi1,5860.400000000001
35888,Mi1,5860.400000000001
34404,Mi1,5860.5
37699,Mi1,5860.5
76788,T4b,5860.5
90430,T2a,5860.5
100282,T4a,5860.5
10755,H1,5860.6
48531,Mi1,5860.6
80855,Tm3,5860.6
95007,T4a,5860.6
102153,T4c,5860.6
118924,Tm3,5860.700000000001
96090,T4c,5860.8
11981,Li28,5860.8
36346,Mi1,5860.8
10015,HSN,5860.9
34479,Mi1,5860.9
58862,Mi1,5860.9
87358,T4a,5860.9
98381,T4d,5860.9
104257,T4b,5860.9
102564,T4a,5861.000000000001
94549,T4b,5861.000000000001
40171,Mi1,5861.000000000001
38767,Mi1,5861.000000000001
38721,Mi1,5861.000000000001
37568,Mi1,5861.000000000001
36881,Mi1,5861.000000000001
35806,Mi1,5861.000000000001
10025,H2,5861.1
16545,Li28,5861.1
31492,Mi1,5861.1
69380,Tm3,5861.1
112633,T4b,5861.1
95629,T4c,5861.2
95528,T4d,5861.2
48547,TmY3,5861.2
38241,Mi1,5861.2
36446,Mi1,5861.2
104683,T4b,5861.3
111184,T4a,5861.3
53065,Mi1,5861.400000000001
61768,T2,5861.400000000001
87390,T2a,5861.400000000001
97835,T4a,5861.400000000001
91741,T4d,5861.5
90049,T4c,5861.5
67072,T2a,5861.5
65468,T2,5861.5
35045,Mi1,5861.5
35017,Mi1,5861.5
15909,Li28,5861.6
36410,Mi1,5861.6
48607,TmY3,5861.6
100867,T4b,5861.6
97105,T4d,5861.7
94356,T4c,5861.7
87896,T4a,5861.7
42006,TmY3,5861.7
33216,Mi1,5861.7
20808,LC4,5861.7
10016,HSE,5861.7
39275,Mi1,5861.7
10112,VS,5861.8
40026,TmY3,5861.8
96931,T4b,5861.8
34300,Mi1,5861.900000000001
43978,Mi1,5861.900000000001
94081,T4c,5861.900000000001
102579,T4b,5861.900000000001
107529,T4d,5861.900000000001
525839,Mi1,5862.0
109996,T4c,5862.0
83438,T4a,5862.0
66345,T2a,5862.0
10037,VS,5862.0
38230,Mi1,5862.0
17596,Li28,5862.0
41626,Mi1,5862.0
108349,T4d,5862.099999999999
103344,T4b,5862.099999999999
97853,T4c,5862.099999999999
97145,T4c,5862.099999999999
39158,Mi1,5862.099999999999
74159,Tm3,5862.099999999999
67971,Tm3,5862.099999999999
37000,Mi1,5862.099999999999
95883,T4a,5862.099999999999
34369,Mi1,5862.200000000001
42691,Mi1,5862.200000000001
56564,Mi1,5862.200000000001
72955,T2a,5862.200000000001
98300,T4a,5862.200000000001
98654,T4d,5862.200000000001
537004,VSm,5862.3
88922,T4c,5862.3
125171,Tm3,5862.3
74231,Tm3,5862.4
90219,T4a,5862.4
33091,Mi1,5862.4
50345,TmY3,5862.4
93985,T4c,5862.500000000001
93935,T4a,5862.500000000001
98099,T4b,5862.500000000001
66808,Tm3,5862.500000000001
60857,Mi1,5862.500000000001
41654,Mi1,5862.500000000001
34296,Mi1,5862.500000000001
10206,VS,5862.500000000001
34899,Mi1,5862.6
103867,T4a,5862.7
99316,T4b,5862.7
99628,T4b,5862.7
52485,TmY3,5862.7
35724,Mi1,5862.7
84328,T4a,5862.7
85378,T4a,5862.8
106886,T4c,5862.900000000001
46662,TmY3,5862.900000000001
52328,TmY3,5862.900000000001
69164,Mi1,5862.900000000001
100956,T4d,5862.900000000001
104858,T4b,5862.900000000001
89368,T4c,5863.0
106821,T4b,5863.0
37037,Mi1,5863.0
38208,Mi1,5863.0
65671,Mi1,5863.1
69736,Tm3,5863.1
98194,T4d,5863.1
116610,T4d,5863.1
37270,Mi1,5863.2
37631,Mi1,5863.2
108948,T4b,5863.3
88353,T4b,5863.3
92706,T4a,5863.3
10284,VS,5863.3
40854,Mi1,5863.3
35836,Mi1,5863.400000000001
37353,Mi1,5863.400000000001
38133,Mi1,5863.400000000001
72005,Tm3,5863.400000000001
91913,T4b,5863.400000000001
100946,T4c,5863.400000000001
67152,Tm3,5863.5
78597,T2a,5863.5
67150,T2a,5863.599999999999
98846,T4c,5863.700000000001
91510,T4c,5863.700000000001
89825,T4a,5863.700000000001
74375,Tm3,5863.700000000001
103497,Tm3,5863.8
102975,T4b,5863.8
100488,T4c,5863.8
97675,T4c,5863.8
103022,T4a,5863.8
88281,T4b,5863.8
80435,T2a,5863.8
70281,T2a,5863.8
40832,Mi1,5863.8
94058,T4b,5863.8
20264,Li28,5863.9
37555,Mi1,5863.9
39743,Mi1,5863.9
40936,Mi1,5863.9
90145,T4a,5863.9
94283,T4d,5863.9
112393,T4a,5863.9
103025,T4a,5864.0
39718,Mi1,5864.0
39629,Mi1,5864.0
33017,Mi1,5864.0
19292,Li28,5864.0
89409,T4a,5864.1
105214,T4c,5864.1
110646,T4b,5864.1
113991,T4d,5864.1
16033,Li28,5864.2
37294,Mi1,5864.2
48514,TmY3,5864.2
59008,Mi1,5864.2
526158,Mi1,5864.3
37839,Mi1,5864.3
36139,Mi1,5864.400000000001
39405,Mi1,5864.400000000001
45322,Mi1,5864.400000000001
88992,T4c,5864.400000000001
97326,T4c,5864.400000000001
10023,HSS,5864.5
36911,Mi1,5864.5
71765,T2a,5864.5
99609,T4a,5864.5
103425,T4a,5864.6
87412,T4c,5864.6
104390,T4a,5864.6
38178,Mi1,5864.6
39727,Mi1,5864.6
36177,Mi1,5864.6
59864,Tm3,5864.7
95454,T4a,5864.7
101230,T4a,5864.7
10015,HSN,5864.8
36452,Mi1,5864.8
90097,T4c,5864.8
94089,T4d,5864.8
109172,T4b,5864.8
117151,T4d,5864.8
51231,TmY3,5864.900000000001
45319,Mi1,5864.900000000001
15019,Li28,5864.900000000001
10025,H2,5864.900000000001
30997,Mi1,5864.900000000001
36158,Mi1,5865.0
85856,TmY3,5865.0
102479,T4c,5865.0
62078,Mi1,5865.099999999999
63050,T2a,5865.099999999999
92993,Tm3,5865.099999999999
81015,T4a,5865.200000000001
38768,Mi1,5865.200000000001
34045,Mi1,5865.200000000001
66604,TmY3,5865.200000000001
35498,Mi1,5865.3
49324,Mi1,5865.3
85126,T4a,5865.3
91313,T4a,5865.3
104130,T4a,5865.3
99423,T4d,5865.4
542412,Mi1,5865.4
90423,T4b,5865.4
36994,Mi1,5865.4
10016,HSE,5865.4
77138,Tm3,5865.4
120231,Tm3,5865.5
39505,Mi1,5865.5
51122,Mi1,5865.5
60886,T2a,5865.5
100924,T4b,5865.5
101772,Tm3,5865.5
90900,T4a,5865.6
89728,Tm3,5865.6
93509,T4b,5865.6
106840,T4b,5865.6
43689,Mi1,5865.6
41809,Mi1,5865.6
35580,Mi1,5865.6
86141,T4b,5865.6
35734,Mi1,5865.6
35152,Mi1,5865.7
35234,Mi1,5865.7
37948,Mi1,5865.7
51848,TmY3,5865.7
93166,T4c,5865.7
39067,Mi1,5865.8
10755,H1,5865.8
120312,Tm3,5865.9
69961,Tm3,5865.9
49441,TmY3,5865.9
47696,TmY3,5865.9
38857,Mi1,5866.0
95017,T4c,5866.0
98039,T4d,5866.0
108824,T4d,5866.0
93865,T4c,5866.1
101770,T4b,5866.1
103479,T4c,5866.1
76621,T2a,5866.1
37853,Mi1,5866.1
34862,Mi1,5866.1
43323,Mi1,5866.1
47967,Mi1,5866.2
105242,T4c,5866.2
122273,Tm3,5866.2
68535,T2a,5866.299999999999
88398,T4a,5866.299999999999
92047,T4c,5866.299999999999
91283,T4c,5866.400000000001
75848,T2a,5866.400000000001
71052,T2a,5866.400000000001
38648,Mi1,5866.400000000001
10037,VS,5866.400000000001
14209,Li28,5866.400000000001
40085,Mi1,5866.5
41668,Mi1,5866.5
80812,T4a,5866.5
104853,T4c,5866.5
109023,T4c,5866.5
101878,T4a,5866.6
105718,T4b,5866.6
100855,T4a,5866.6
35770,Mi1,5866.6
81211,Tm3,5866.6
33110,Mi1,5866.6
11134,VSm,5866.6
33326,Mi1,5866.700000000001
69546,Tm3,5866.700000000001
99850,T4a,5866.700000000001
102910,T4b,5866.700000000001
105135,T4c,5866.700000000001
108307,T4b,5866.700000000001
107567,T4c,5866.8
96211,T4d,5866.8
63868,T2a,5866.8
40635,Mi1,5866.8
86536,Tm3,5866.8
10112,VS,5866.900000000001
101302,T4d,5866.900000000001
16570,VST2,5867.0
33462,Mi1,5867.0
38791,Mi1,5867.0
41950,Mi1,5867.0
133349,Tm3,5867.1
108325,T4c,5867.1
98360,T4c,5867.1
72148,Tm3,5867.1
105292,T4b,5867.1
15909,Li28,5867.200000000001
67408,Mi1,5867.200000000001
98467,T4d,5867.200000000001
97306,T4a,5867.3
36252,Mi1,5867.3
89020,T4a,5867.3
95985,T4c,5867.3
95356,T4a,5867.4
45948,TmY3,5867.4
37529,Mi1,5867.4
39692,TmY3,5867.4
83125,T4b,5867.500000000001
10206,VS,5867.500000000001
35416,Mi1,5867.500000000001
48930,TmY3,5867.500000000001
100018,T4a,5867.500000000001
93927,T4a,5867.6
60979,TmY3,5867.6
72896,Tm3,5867.6
37243,Mi1,5867.6
34079,Mi1,5867.6
66227,Tm3,5867.7
91682,T4b,5867.7
93360,T4b,5867.7
35840,Mi1,5867.8
38893,Mi1,5867.8
54087,Mi1,5867.8
102229,T4d,5867.8
37391,Mi1,5867.900000000001
42895,Mi1,5867.900000000001
36540,Mi1,5867.900000000001
36954,Mi1,5868.0
42594,Mi1,5868.0
63994,Mi1,5868.0
91345,T4c,5868.0
97184,T4d,5868.0
98398,T4c,5868.0
117221,T4c,5868.0
82425,T4b,5868.1
96199,T4a,5868.1
91057,T4c,5868.2
102388,T4d,5868.2
38993,Mi1,5868.2
35235,Mi1,5868.2
64540,T2,5868.2
33655,Mi1,5868.3
40256,Mi1,5868.3
40596,Mi1,5868.3
42119,Mi1,5868.3
108065,T4c,5868.3
78856,Tm3,5868.400000000001
100105,T4a,5868.400000000001
92431,T4a,5868.5
97878,T4b,5868.5
96728,T4c,5868.5
94468,T4c,5868.5
87289,T4a,5868.5
100996,T4b,5868.5
34849,Mi1,5868.5
16545,Li28,5868.5
10025,H2,5868.5
10015,HSN,5868.5
67719,T2a,5868.5
100033,T4c,5868.6
128726,Tm3,5868.6
85536,T4a,5868.6
86419,Tm3,5868.6
83191,T4a,5868.700000000001
121170,Tm3,5868.700000000001
99310,T4a,5868.8
72938,T2a,5868.8
59959,Mi1,5868.8
89290,T4d,5868.8
39438,Mi1,5868.8
35218,Mi1,5868.8
33446,Mi1,5868.8
40703,Mi1,5868.8
10269,OA-AL2i2,5868.9
11981,Li28,5868.9
32893,Mi1,5868.9
88152,T4c,5868.9
88460,T2a,5868.9
100680,T4d,5868.9
40944,Mi1,5869.000000000001
98788,T4d,5869.000000000001
109142,T4b,5869.1
71089,Mi1,5869.1
34938,Mi1,5869.1
10016,HSE,5869.1
35602,Mi1,5869.1
34626,Mi1,5869.2
47368,TmY3,5869.2
86416,T4a,5869.2
109857,T4d,5869.2
96126,T4b,5869.3
23047,Li28,5869.3
42758,Mi1,5869.3
86778,T4a,5869.3
84008,T4c,5869.400000000001
83677,T4c,5869.400000000001
41671,TmY3,5869.400000000001
10023,HSS,5869.400000000001
34142,Mi1,5869.400000000001
34933,Mi1,5869.400000000001
64149,Mi1,5869.5
15263,Li28,5869.5
104336,T4b,5869.5
94567,T4c,5869.6
81996,T2a,5869.6
99670,T4c,5869.6
17280,Li28,5869.6
42533,TmY3,5869.6
32535,Mi1,5869.7
38238,Mi1,5869.7
48286,Mi1,5869.7
68842,TmY3,5869.7
72426,Tm3,5869.7
94305,T4a,5869.7
103302,T4c,5869.7
35845,Mi1,5869.8
36660,Mi1,5869.8
119213,T4c,5869.900000000001
73619,T2a,5869.900000000001
98349,T4a,5869.900000000001
90465,T4a,5870.0
128916,Tm3,5870.0
37599,Mi1,5870.099999999999
70158,T2a,5870.099999999999
95287,T4a,5870.099999999999
63175,Mi1,5870.200000000001
90419,T4b,5870.200000000001
93021,T4a,5870.200000000001
107420,T4b,5870.200000000001
63420,Mi1,5870.3
90112,T4c,5870.3
41435,Mi1,5870.3
33907,Mi1,5870.3
38479,Mi1,5870.4
43414,Mi1,5870.4
81401,T4b,5870.4
89934,T4d,5870.4
10012,VS,5870.500000000001
35447,Mi1,5870.500000000001
72796,Tm3,5870.500000000001
74023,T2a,5870.500000000001
90520,T4a,5870.500000000001
97899,T4a,5870.6
62947,T2a,5870.6
100787,T4b,5870.7
93025,T4b,5870.7
91469,T4c,5870.7
86696,T4d,5870.7
111380,Tm3,5870.7
35897,Mi1,5870.7
12521,HST,5870.7
10037,VS,5870.7
46827,Mi1,5870.7
112241,T4b,5870.8
95921,T4c,5870.8
49788,TmY3,5870.8
41522,Mi1,5870.8
50333,TmY3,5870.900000000001
85741,T4a,5870.900000000001
97769,T4a,5870.900000000001
10284,VS,5871.0
37371,Mi1,5871.0
105412,T4a,5871.1
94224,T4b,5871.1
87873,T4b,5871.1
68840,TmY3,5871.1
41296,Mi1,5871.1
71188,T2a,5871.1
59397,Mi1,5871.2
76074,Tm3,5871.2
84267,T4c,5871.2
149504,T4d,5871.3
73807,Tm3,5871.3
105332,T4b,5871.3
89142,T4b,5871.400000000001
75660,T2a,5871.400000000001
10755,H1,5871.400000000001
16033,Li28,5871.400000000001
95335,T4a,5871.5
171349687,Tm3,5871.5
122233,Tm3,5871.5
74228,Tm3,5871.5
72279,Mi1,5871.5
93688,T4a,5871.5
38421,Mi1,5871.5
36217,Mi1,5871.5
34189,Mi1,5871.5
16596,Li28,5871.5
68475,T2a,5871.5
37123,Mi1,5871.599999999999
41709,Mi1,5871.599999999999
96576,T4c,5871.599999999999
98448,T4b,5871.599999999999
84631,T4c,5871.700000000001
67113,Mi1,5871.700000000001
97677,T4c,5871.700000000001
105565,Tm3,5871.8
94368,T4a,5871.8
95972,T4d,5871.8
35405,Mi1,5871.8
70490,Mi1,5871.8
35173,Mi1,5871.8
36533,Mi1,5871.9
37113,Mi1,5871.9
95239,T4a,5871.9
97231,T4a,5871.9
98985,T4c,5871.9
104884,T4b,5871.9
127970,Tm3,5871.9
95345,T4d,5872.0
63468,Mi1,5872.0
67131,Tm3,5872.0
111416,Tm3,5872.1
10112,VS,5872.1
34356,Mi1,5872.1
35712,Mi1,5872.1
35774,Mi1,5872.1
42048,Mi1,5872.1
104414,T4d,5872.1
80670,T4a,5872.2
92114,T4c,5872.2
10025,H2,5872.2
100310,T4d,5872.3
103657,T4b,5872.4
10015,HSN,5872.4
38514,Mi1,5872.4
41120,Mi1,5872.4
42872,Mi1,5872.4
90796,T4d,5872.4
100673,T4b,5872.4
100785,T4b,5872.4
103654,T4b,5872.5
94755,T4a,5872.5
76325,T2a,5872.5
41613,Mi1,5872.5
79138,T2a,5872.5
79271,T4a,5872.6
52350,Mi1,5872.6
55101,Mi1,5872.6
101245,T4a,5872.7
103725,T4a,5872.7
36646,Mi1,5872.7
40426,Mi1,5872.7
100838,T4c,5872.8
95458,T4d,5872.8
91629,T4a,5872.8
10016,HSE,5872.8
48060,Mi1,5872.8
56007,TmY3,5872.900000000001
90533,T4c,5872.900000000001
99663,T4c,5872.900000000001
89434,T4c,5873.0
69915,TmY3,5873.0
537004,VSm,5873.0
42675,Mi1,5873.0
33942,Mi1,5873.0
69063,Mi1,5873.0
99131,T4c,5873.0
36305,Mi1,5873.099999999999
41545,Mi1,5873.099999999999
104942,T4a,5873.099999999999
104996,T4a,5873.099999999999
101480,T4c,5873.200000000001
34463,Mi1,5873.200000000001
57239,Mi1,5873.200000000001
100190,T4c,5873.200000000001
108276,T4a,5873.3
92281,T4c,5873.3
39651,Mi1,5873.3
10206,VS,5873.4
34867,Mi1,5873.4
55976,Mi1,5873.4
34057,Mi1,5873.5
37509,Mi1,5873.5
40219,Mi1,5873.5
73096,T2a,5873.6
104674,T4a,5873.6
83689,T4a,5873.6
38227,Mi1,5873.6
37138,Mi1,5873.6
36275,Mi1,5873.6
35428,Mi1,5873.7
35512,Mi1,5873.7
37019,Mi1,5873.7
37680,Mi1,5873.7
85152,T4c,5873.7
93972,T4a,5873.7
104412,T4a,5873.8
93224,T4a,5873.8
41659,Mi1,5873.8
44119,Mi1,5873.8
107075,T4d,5873.9
10023,HSS,5873.9
35934,Mi1,5873.9
38529,Mi1,5873.9
47211,Mi1,5873.9
54885,TmY3,5873.9
95554,T4b,5873.9
102741,T4c,5873.9
113107,T4a,5873.9
89784,T4b,5874.0
78731,Tm3,5874.0
34479,Mi1,5874.0
70289,Mi1,5874.0
107997,T4c,5874.0
78503,T2a,5874.0
95681,T4a,5874.1
44449,TmY3,5874.1
31848,Mi1,5874.1
103780,T4c,5874.3
96812,T4a,5874.3
35888,Mi1,5874.3
37044,Mi1,5874.3
93750,T4c,5874.3
38987,Mi1,5874.400000000001
40171,Mi1,5874.400000000001
36346,Mi1,5874.5
36684,Mi1,5874.5
72194,Tm3,5874.5
72558,T2a,5874.5
85429,T4d,5874.5
46230,TmY3,5874.6
15909,Li28,5874.6
38767,Mi1,5874.6
40400,Mi1,5874.6
78820,T2a,5874.6
75381,Tm3,5874.700000000001
85664,TmY3,5874.700000000001
67424,T2,5874.700000000001
92996,T4a,5874.700000000001
35017,Mi1,5874.700000000001
35001,Mi1,5874.700000000001
33216,Mi1,5874.700000000001
41626,Mi1,5874.700000000001
105698,T4c,5874.8
109649,T4c,5874.8
39275,Mi1,5874.8
98118,T4c,5874.8
126163,Tm3,5874.8
41804,Mi1,5874.900000000001
99011,T4c,5874.900000000001
37699,Mi1,5874.900000000001
77527,T4a,5874.900000000001
35100,Mi1,5874.900000000001
35045,Mi1,5874.900000000001
35806,Mi1,5874.900000000001
34300,Mi1,5874.900000000001
98887,T4b,5875.0
80197,T4a,5875.0
72586,Tm3,5875.0
70812,TmY3,5875.0
96295,T4b,5875.0
37568,Mi1,5875.0
34171,Mi1,5875.0
10037,VS,5875.0
67810,Tm3,5875.0
35890,Mi1,5875.1
95005,T4a,5875.1
100165,T4b,5875.1
100319,T4b,5875.1
16545,Li28,5875.200000000001
58862,Mi1,5875.200000000001
60856,T2a,5875.200000000001
94287,T4d,5875.200000000001
86175,T4a,5875.3
96015,T4c,5875.3
82515,Tm3,5875.3
37224,Mi1,5875.3
41536,Mi1,5875.3
37270,Mi1,5875.3
57398,Mi1,5875.3
40411,Mi1,5875.4
69228,T2a,5875.4
71161,T2a,5875.4
106922,T4c,5875.4
39500,Mi1,5875.500000000001
46248,Mi1,5875.500000000001
36446,Mi1,5875.500000000001
31492,Mi1,5875.6
37000,Mi1,5875.6
43978,Mi1,5875.6
48531,Mi1,5875.6
65833,Mi1,5875.6
110988,T4a,5875.6
117627,Tm3,5875.6
69597,Tm3,5875.7
43334,TmY3,5875.7
34369,Mi1,5875.7
10072,OA-AL2i1,5875.7
36410,Mi1,5875.7
75966,T2a,5875.8
37088,Mi1,5875.900000000001
38208,Mi1,5875.900000000001
44282,Mi1,5875.900000000001
53065,Mi1,5875.900000000001
79259,T4b,5875.900000000001
96424,T4b,5875.900000000001
34404,Mi1,5876.0
100261,T4c,5876.1
10322,OA-AL2i2,5876.1
10025,H2,5876.1
97028,T4c,5876.2
32962,TmY3,5876.2
38241,Mi1,5876.2
67308,Mi1,5876.2
69164,Mi1,5876.2
97011,T4b,5876.3
56564,Mi1,5876.3
10015,HSN,5876.3
92939,T4b,5876.400000000001
68212,T2a,5876.400000000001
10016,HSE,5876.400000000001
34899,Mi1,5876.400000000001
37353,Mi1,5876.5
65671,Mi1,5876.5
75172,T2a,5876.5
33091,Mi1,5876.6
39158,Mi1,5876.6
60857,Mi1,5876.6
73320,T2,5876.6
104450,T4a,5876.6
44222,Mi1,5876.700000000001
97193,T4a,5876.700000000001
525839,Mi1,5876.8
42691,Mi1,5876.8
74373,Tm3,5876.8
93957,T4b,5876.8
96784,T4b,5876.9
96081,T4a,5876.9
100981,T4d,5876.9
85924,T4a,5876.9
97256,T4c,5876.9
72066,Tm3,5876.9
11981,Li28,5876.9
85007,T4c,5876.9
64579,T2,5876.9
38230,Mi1,5876.9
37037,Mi1,5877.000000000001
85778,T4b,5877.000000000001
118502,T4b,5877.000000000001
68342,Tm3,5877.1
88815,T4d,5877.1
44564,TmY3,5877.1
36881,Mi1,5877.1
33017,Mi1,5877.1
38721,Mi1,5877.1
34296,Mi1,5877.2
90206,T4b,5877.2
97784,T4c,5877.2
44592,TmY3,5877.3
91806,T4a,5877.3
93419,T4b,5877.3
83204,T4d,5877.400000000001
99348,T4c,5877.400000000001
99950,T4c,5877.400000000001
74287,Tm3,5877.400000000001
36452,Mi1,5877.400000000001
68982,Tm3,5877.400000000001
35724,Mi1,5877.5
41654,Mi1,5877.5
86992,T4b,5877.5
101589,T4a,5877.5
102462,T4c,5877.5
106295,T4b,5877.5
106701,T4d,5877.5
112744,T4d,5877.5
121816,T4a,5877.6
71228,T2a,5877.6
79293,Tm3,5877.6
10112,VS,5877.7
33614,Mi1,5877.7
37948,Mi1,5877.7
58945,Tm3,5877.7
94574,T4c,5877.7
96676,T4b,5877.7
99922,T4c,5877.7
106664,T4c,5877.8
49372,TmY3,5877.8
99731,T4c,5877.8
39718,Mi1,5877.8
17596,Li28,5877.8
43783,Mi1,5877.8
36139,Mi1,5877.900000000001
37839,Mi1,5877.900000000001
40936,Mi1,5877.900000000001
65298,T2a,5877.900000000001
90259,T4d,5877.900000000001
107143,T4d,5877.900000000001
101732,T4c,5878.0
88726,T4b,5878.0
71944,T2a,5878.0
42856,Mi1,5878.0
37631,Mi1,5878.0
10755,H1,5878.0
39405,Mi1,5878.0
39743,Mi1,5878.099999999999
83465,T4a,5878.099999999999
93566,T4a,5878.099999999999
100501,T4b,5878.099999999999
114817,T4d,5878.099999999999
109598,T4b,5878.200000000001
108199,T4c,5878.200000000001
94471,T4a,5878.200000000001
92082,T4b,5878.200000000001
88575,T4b,5878.200000000001
40832,Mi1,5878.200000000001
58599,T2,5878.200000000001
40235,Mi1,5878.200000000001
37294,Mi1,5878.200000000001
10023,HSS,5878.200000000001
78911,Tm3,5878.200000000001
108344,T4d,5878.3
107812,T4a,5878.3
82576,T4b,5878.3
64849,Tm3,5878.3
104297,T4a,5878.3
39629,Mi1,5878.3
36911,Mi1,5878.3
36177,Mi1,5878.3
48283,TmY3,5878.3
92839,T4b,5878.4
97480,T4c,5878.4
101215,T4c,5878.4
102991,T4c,5878.4
60510,T2,5878.500000000001
84328,T4a,5878.500000000001
526158,Mi1,5878.500000000001
98175,T4c,5878.6
79483,Tm3,5878.6
30997,Mi1,5878.6
35836,Mi1,5878.6
38133,Mi1,5878.6
35234,Mi1,5878.7
104257,T4b,5878.7
39727,Mi1,5878.8
68562,T2a,5878.8
109631,T4b,5878.8
19292,Li28,5878.900000000001
37438,Mi1,5878.900000000001
59008,Mi1,5878.900000000001
101228,T4a,5878.900000000001
542412,Mi1,5879.0
103160,T4a,5879.0
98668,T4a,5879.0
95242,T4d,5879.0
62078,Mi1,5879.0
73284,T2a,5879.0
38178,Mi1,5879.0
92842,T4a,5879.0
94624,T4a,5879.1
113686,T4d,5879.1
102801,T4b,5879.1
91987,T4c,5879.1
90567,T4b,5879.1
82855,Tm3,5879.1
68264,Tm3,5879.1
38857,Mi1,5879.1
20264,Li28,5879.2
35498,Mi1,5879.2
96003,T4d,5879.2
49324,Mi1,5879.3
98625,T4a,5879.400000000001
94071,T4a,5879.400000000001
90219,T4a,5879.400000000001
69793,T2a,5879.400000000001
40854,Mi1,5879.400000000001
34862,Mi1,5879.400000000001
81215,Tm3,5879.400000000001
86686,T4c,5879.5
103226,T4d,5879.5
95364,T4d,5879.5
89368,T4c,5879.5
84063,T4b,5879.5
65513,T2a,5879.5
51122,Mi1,5879.5
38710,Mi1,5879.5
36158,Mi1,5879.5
16033,Li28,5879.5
11134,VSm,5879.5
10037,VS,5879.5
38768,Mi1,5879.5
112775,T4d,5879.599999999999
102975,T4b,5879.599999999999
92706,T4a,5879.599999999999
102147,T4c,5879.599999999999
64633,T2a,5879.599999999999
35770,Mi1,5879.599999999999
90121,T4b,5879.599999999999
17280,Li28,5879.700000000001
47967,Mi1,5879.700000000001
85074,T4a,5879.700000000001
95453,T4a,5879.700000000001
102519,T4a,5879.700000000001
105115,T4d,5879.700000000001
106819,T4b,5879.700000000001
106522,T4d,5879.8
96219,T4b,5879.8
91476,T4d,5879.8
73122,T2a,5879.8
34079,Mi1,5879.8
79345,T2a,5879.8
10025,H2,5879.9
15019,Li28,5879.9
50345,TmY3,5879.9
71938,T2a,5879.9
89099,T4a,5879.9
103440,T4d,5879.9
106745,T4b,5879.9
93564,T4d,5880.0
88491,T4a,5880.0
57247,TmY3,5880.0
48894,TmY3,5880.0
10016,HSE,5880.0
37853,Mi1,5880.0
37529,Mi1,5880.0
35152,Mi1,5880.0
43323,Mi1,5880.0
96852,T4a,5880.0
112048,T4c,5880.1
107445,T4a,5880.1
10015,HSN,5880.1
89282,T4a,5880.1
41809,Mi1,5880.2
82038,Tm3,5880.2
102845,T4b,5880.2
124345,T4d,5880.2
40085,Mi1,5880.3
48514,TmY3,5880.3
74927,Tm3,5880.3
100282,T4a,5880.3
104191,T4a,5880.3
101685,T4b,5880.4
91366,T4b,5880.4
20808,LC4,5880.4
45319,Mi1,5880.4
90474,T4b,5880.4
101005,T4d,5880.5
38455,Mi1,5880.5
66345,T2a,5880.5
96657,T4c,5880.5
41950,Mi1,5880.6
93334,T4b,5880.6
78108,T2a,5880.6
39505,Mi1,5880.6
35580,Mi1,5880.7
39067,Mi1,5880.7
101081,T4c,5880.7
105126,T4c,5880.7
107719,T4b,5880.7
98137,T4d,5880.8
38648,Mi1,5880.8
107640,T4c,5880.8
36994,Mi1,5880.8
37927,Mi1,5880.8
38993,Mi1,5880.900000000001
40256,Mi1,5880.900000000001
45322,Mi1,5880.900000000001
77383,T2a,5880.900000000001
83583,T4d,5880.900000000001
35734,Mi1,5881.0
36252,Mi1,5881.0
38791,Mi1,5881.0
91325,T4a,5881.0
109593,Tm3,5881.099999999999
106952,T4b,5881.099999999999
43689,Mi1,5881.099999999999
39525,Mi1,5881.099999999999
34849,Mi1,5881.099999999999
36540,Mi1,5881.099999999999
10012,VS,5881.200000000001
40635,Mi1,5881.200000000001
94058,T4b,5881.200000000001
107297,T4c,5881.3
85598,T4b,5881.3
84490,T4a,5881.3
118385,T4b,5881.3
42594,Mi1,5881.3
37555,Mi1,5881.3
15909,Li28,5881.3
66325,Tm3,5881.3
111746,Tm3,5881.4
108757,T4c,5881.4
104256,T4a,5881.4
99671,T4c,5881.4
97866,T4d,5881.4
86932,T4b,5881.4
83438,T4a,5881.4
33655,Mi1,5881.4
87845,T4a,5881.4
103025,T4a,5881.5
110693,Tm3,5881.5
108161,T4a,5881.5
71674,T2a,5881.5
14209,Li28,5881.5
68933,Tm3,5881.5
67150,T2a,5881.5
38893,Mi1,5881.5
69980,Tm3,5881.5
34045,Mi1,5881.6
91313,T4a,5881.6
93527,T4a,5881.6
94356,T4c,5881.6
94953,T4d,5881.7
93360,T4b,5881.7
88922,T4c,5881.7
67408,Mi1,5881.7
35416,Mi1,5881.7
36990,Mi1,5881.7
35602,Mi1,5881.7
103867,T4a,5881.7
54087,Mi1,5881.7
112458,T4b,5881.8
112453,T4c,5881.8
82313,T4a,5881.8
48547,TmY3,5881.8
35840,Mi1,5881.9
40944,Mi1,5881.9
41668,Mi1,5881.9
80913,T4a,5881.9
88698,T4a,5881.9
103677,T4b,5881.9
111928,T4b,5881.9
123490,Tm3,5882.0
96394,T4b,5882.0
89825,T4a,5882.0
79704,T4d,5882.0
62562,T2,5882.0
12521,HST,5882.0
33446,Mi1,5882.1
35235,Mi1,5882.1
37243,Mi1,5882.1
37391,Mi1,5882.1
65531,T2a,5882.1
114391,T4d,5882.1
106401,T4d,5882.2
102045,T4a,5882.2
72794,Tm3,5882.2
20634,VST1,5882.2
33462,Mi1,5882.2
40703,Mi1,5882.2
33110,Mi1,5882.3
42119,Mi1,5882.3
94289,T4d,5882.3
101463,T4d,5882.400000000001
95356,T4a,5882.400000000001
79646,Tm3,5882.400000000001
77594,T2a,5882.400000000001
47686,TmY3,5882.400000000001
39894,T4b,5882.400000000001
34626,Mi1,5882.400000000001
10023,HSS,5882.400000000001
42895,Mi1,5882.400000000001
82099,T4b,5882.5
96931,T4b,5882.5
112806,T4c,5882.5
105962,T4b,5882.6
90394,T4a,5882.6
39438,Mi1,5882.6
16545,Li28,5882.6
10112,VS,5882.6
33326,Mi1,5882.6
115511,T4d,5882.700000000001
35218,Mi1,5882.700000000001
63994,Mi1,5882.700000000001
99980,T4c,5882.700000000001
100032,T4c,5882.700000000001
103425,T4a,5882.700000000001
537004,VSm,5882.700000000001
77910,Tm3,5882.8
97675,T4c,5882.8
100726,T4d,5882.8
40596,Mi1,5882.900000000001
87424,T4d,5882.900000000001
106801,T4c,5883.0
95926,T4a,5883.0
95883,T4a,5883.0
105521,T4c,5883.0
44244,TmY3,5883.0
38238,Mi1,5883.0
71089,Mi1,5883.0
32893,Mi1,5883.0
35845,Mi1,5883.1
36954,Mi1,5883.1
40026,TmY3,5883.1
64712,T2a,5883.1
94743,T4d,5883.1
103570,T4d,5883.1
64149,Mi1,5883.200000000001
102791,T4c,5883.200000000001
42758,Mi1,5883.200000000001
10025,H2,5883.3
70524,T2a,5883.3
101994,T4a,5883.3
115686,T4b,5883.3
39692,TmY3,5883.4
59959,Mi1,5883.4
88625,T4c,5883.4
94283,T4d,5883.4
102579,T4b,5883.4
103022,T4a,5883.4
10037,VS,5883.500000000001
98751,T4a,5883.500000000001
125288,Tm3,5883.6
100488,T4c,5883.6
94081,T4c,5883.6
15263,Li28,5883.6
10016,HSE,5883.6
34933,Mi1,5883.7
77991,Tm3,5883.7
83979,T4a,5883.7
93509,T4b,5883.7
99292,T4a,5883.7
95822,T4b,5883.8
107529,T4d,5883.8
23047,Li28,5883.8
41435,Mi1,5883.8
10015,HSN,5883.900000000001
32535,Mi1,5883.900000000001
91469,T4c,5883.900000000001
71773,T2a,5884.0
103314,T4b,5884.0
107211,T4d,5884.0
116311,T4d,5884.0
90097,T4c,5884.1
110403,T4b,5884.1
96365,T4a,5884.1
84434,Tm3,5884.1
75377,T2a,5884.1
34938,Mi1,5884.1
34142,Mi1,5884.1
10755,H1,5884.1
10206,VS,5884.1
22108,TmY3,5884.2
33907,Mi1,5884.2
71583,Tm3,5884.2
79875,T4c,5884.2
90566,T4d,5884.2
92684,T4c,5884.2
102031,T4c,5884.3
90888,T4b,5884.3
11981,Li28,5884.3
81995,Tm3,5884.400000000001
93166,T4c,5884.400000000001
37599,Mi1,5884.5
48286,Mi1,5884.5
72279,Mi1,5884.5
90027,T4c,5884.5
105403,T4c,5884.5
106200,T4c,5884.6
95736,T4c,5884.6
94153,T4d,5884.6
64897,T2,5884.6
36660,Mi1,5884.6
35447,Mi1,5884.6
43414,Mi1,5884.700000000001
76121,Tm3,5884.700000000001
83067,T4b,5884.700000000001
98654,T4d,5884.700000000001
100897,T4c,5884.700000000001
105276,T4d,5884.700000000001
111783,T4a,5884.8
94179,T4a,5884.8
109326,T4c,5884.8
91913,T4b,5884.8
59397,Mi1,5884.8
92957,T4d,5884.8
38479,Mi1,5884.9
35897,Mi1,5885.000000000001
36217,Mi1,5885.000000000001
71402,Tm3,5885.000000000001
72989,Tm3,5885.000000000001
76788,T4b,5885.000000000001
92644,T4d,5885.000000000001
97145,T4c,5885.000000000001
97885,T4a,5885.1
100946,T4c,5885.1
75298,T2a,5885.1
63175,Mi1,5885.1
63673,Tm3,5885.1
63420,Mi1,5885.1
67113,Mi1,5885.1
104858,T4b,5885.2
97186,T4a,5885.2
51963,TmY3,5885.2
112969,T4c,5885.2
37371,Mi1,5885.2
35405,Mi1,5885.2
38421,Mi1,5885.2
10284,VS,5885.3
41296,Mi1,5885.3
62272,T2,5885.3
90423,T4b,5885.3
95007,T4a,5885.400000000001
101620,T4b,5885.400000000001
101772,Tm3,5885.400000000001
106912,Tm3,5885.5
86416,T4a,5885.5
41522,Mi1,5885.5
46827,Mi1,5885.5
83365,T2a,5885.5
37123,Mi1,5885.6
66808,Tm3,5885.6
102370,T4c,5885.6
112944,T4b,5885.6
79449,T4b,5885.7
116716,T4b,5885.8
96090,T4c,5885.8
80812,T4a,5885.8
94668,T4d,5885.8
37113,Mi1,5885.8
35173,Mi1,5885.8
63468,Mi1,5885.8
38514,Mi1,5885.900000000001
71475,Tm3,5885.900000000001
89866,T4b,5885.900000000001
107442,T4d,5885.900000000001
97899,T4a,5886.0
99387,T4a,5886.0
100729,T4b,5886.0
98325,T4d,5886.099999999999
106793,T4d,5886.099999999999
92668,T2a,5886.099999999999
34189,Mi1,5886.099999999999
70490,Mi1,5886.099999999999
41709,Mi1,5886.099999999999
92254,T4b,5886.099999999999
10023,HSS,5886.200000000001
33942,Mi1,5886.200000000001
48060,Mi1,5886.200000000001
71131,Tm3,5886.200000000001
87106,T4a,5886.200000000001
116633,T4c,5886.200000000001
102703,T4a,5886.3
100633,T4a,5886.3
91303,T4b,5886.3
36533,Mi1,5886.3
42872,Mi1,5886.3
37270,Mi1,5886.3
44119,Mi1,5886.3
97853,T4c,5886.4
112088,T4d,5886.4
96035,T4d,5886.4
67971,Tm3,5886.4
34867,Mi1,5886.4
16596,Li28,5886.4
40426,Mi1,5886.5
55101,Mi1,5886.5
94549,T4b,5886.5
107715,T4a,5886.5
10025,H2,5886.6
39275,Mi1,5886.6
96307,T4a,5886.7
93877,T4c,5886.7
75550,Tm3,5886.7
52350,Mi1,5886.7
34463,Mi1,5886.7
10112,VS,5886.8
36275,Mi1,5886.8
37019,Mi1,5886.8
69723,Tm3,5886.8
129930,Tm3,5886.8
127615,Tm3,5886.900000000001
103827,T4c,5886.900000000001
96134,T4b,5886.900000000001
69063,Mi1,5886.900000000001
46324,TmY3,5886.900000000001
35774,Mi1,5886.900000000001
34479,Mi1,5886.900000000001
10016,HSE,5887.0
34356,Mi1,5887.0
90371,T4d,5887.0
104478,T4d,5887.0
98139,T4d,5887.1
93985,T4c,5887.1
69540,TmY3,5887.1
55976,Mi1,5887.1
42048,Mi1,5887.1
41613,Mi1,5887.1
36305,Mi1,5887.1
24867,VST1,5887.1
33216,Mi1,5887.2
41120,Mi1,5887.2
75557,Tm3,5887.2
90135,T4c,5887.2
92047,T4c,5887.2
64341,TmY3,5887.3
108438,T4d,5887.3
10037,VS,5887.3
35017,Mi1,5887.400000000001
90145,T4a,5887.400000000001
92415,T4a,5887.400000000001
98862,Tm3,5887.400000000001
108974,T4c,5887.5
108675,T4b,5887.5
91444,T4c,5887.5
91629,T4a,5887.5
70289,Mi1,5887.5
38227,Mi1,5887.5
36646,Mi1,5887.5
90278,T4a,5887.5
10015,HSN,5887.599999999999
77395,T4b,5887.599999999999
88152,T4c,5887.599999999999
97161,T4a,5887.599999999999
92046,T4d,5887.700000000001
110742,T4c,5887.700000000001
92181,T4a,5887.700000000001
78421,T2a,5887.700000000001
48607,TmY3,5887.700000000001
40219,Mi1,5887.700000000001
34057,Mi1,5887.700000000001
88167,T4b,5887.700000000001
31848,Mi1,5887.8
35712,Mi1,5887.8
37138,Mi1,5887.8
57239,Mi1,5887.8
108847,T4d,5887.8
41659,Mi1,5887.9
77307,Tm3,5887.9
62856,T2,5888.0
58862,Mi1,5888.0
48986,TmY3,5888.0
75521,T2a,5888.0
35806,Mi1,5888.0
16033,Li28,5888.0
39716,Mi1,5888.0
104130,T4a,5888.0
110454,T4d,5888.1
100206,T4c,5888.1
80855,Tm3,5888.1
71765,T2a,5888.1
15909,Li28,5888.1
74159,Tm3,5888.1
30923,TmY3,5888.2
50333,TmY3,5888.2
78940,T4a,5888.2
87358,T4a,5888.2
113945,T4d,5888.2
39651,Mi1,5888.3
101382,T4c,5888.3
100105,T4a,5888.3
66980,T2a,5888.3
35428,Mi1,5888.3
40171,Mi1,5888.3
547091,T2,5888.3
41545,Mi1,5888.3
116129,T4b,5888.4
107621,T4d,5888.4
116451,T4c,5888.4
93941,T4b,5888.4
89409,T4a,5888.4
47211,Mi1,5888.4
38529,Mi1,5888.4
36684,Mi1,5888.4
35001,Mi1,5888.5
35512,Mi1,5888.5
51231,TmY3,5888.5
96576,T4c,5888.5
107609,T4d,5888.6
101742,T4c,5888.6
66227,Tm3,5888.6
62894,Tm3,5888.6
39164,Mi1,5888.6
11134,VSm,5888.6
37000,Mi1,5888.7
37699,Mi1,5888.7
76038,Tm3,5888.7
91057,T4c,5888.7
98381,T4d,5888.7
107010,T4d,5888.8
122308,Tm3,5888.8
95629,T4c,5888.8
97769,T4a,5888.8
70800,Tm3,5888.900000000001
46248,Mi1,5888.900000000001
102229,T4d,5888.900000000001
96211,T4d,5888.900000000001
41136,Mi1,5888.900000000001
106166,T4b,5888.900000000001
37509,Mi1,5888.900000000001
36346,Mi1,5888.900000000001
35934,Mi1,5888.900000000001
35045,Mi1,5888.900000000001
39158,Mi1,5888.900000000001
111184,T4a,5888.900000000001
111685,T4d,5889.0
72829,T2a,5889.0
10012,VS,5889.099999999999
35890,Mi1,5889.099999999999
36410,Mi1,5889.099999999999
38208,Mi1,5889.099999999999
88084,T4b,5889.099999999999
92640,T4d,5889.099999999999
88992,T4c,5889.200000000001
86778,T4a,5889.200000000001
99670,T4c,5889.200000000001
42675,Mi1,5889.200000000001
37568,Mi1,5889.200000000001
79257,Tm3,5889.200000000001
41804,Mi1,5889.3
74044,Tm3,5889.3
117662,T4d,5889.3
36446,Mi1,5889.4
37680,Mi1,5889.4
43978,Mi1,5889.4
47368,TmY3,5889.4
97878,T4b,5889.4
71394,T2a,5889.5
110910,Tm3,5889.5
90419,T4b,5889.5
74937,T2a,5889.5
52485,TmY3,5889.5
38767,Mi1,5889.5
38987,Mi1,5889.5
34171,Mi1,5889.5
10755,H1,5889.5
46662,TmY3,5889.5
33017,Mi1,5889.6
34300,Mi1,5889.6
41626,Mi1,5889.6
81092,Tm3,5889.6
83639,T2a,5889.6
101770,T4b,5889.7
83677,T4c,5889.7
69961,Tm3,5889.7
44449,TmY3,5889.8
62089,Tm3,5889.8
97288,T4c,5889.8
101244,T4b,5889.8
105412,T4a,5889.8
132339,Tm3,5889.8
99748,T4b,5889.9
105214,T4c,5889.9
92281,T4c,5889.9
34369,Mi1,5889.9
37353,Mi1,5889.9
91510,T4c,5889.9
10025,H2,5890.0
38241,Mi1,5890.0
40505,Mi1,5890.0
53156,TmY3,5890.0
61353,T2,5890.0
92552,T4a,5890.0
102564,T4a,5890.0
104931,T4c,5890.0
98846,T4c,5890.1
92431,T4a,5890.1
37044,Mi1,5890.1
37088,Mi1,5890.1
35100,Mi1,5890.1
34296,Mi1,5890.2
38230,Mi1,5890.2
40411,Mi1,5890.2
108697,T4d,5890.3
100785,T4b,5890.3
103557,T4a,5890.3
98300,T4a,5890.3
60857,Mi1,5890.3
31492,Mi1,5890.3
97318,T4d,5890.3
10016,HSE,5890.400000000001
10023,HSS,5890.400000000001
67308,Mi1,5890.400000000001
74997,Tm3,5890.400000000001
83125,T4b,5890.400000000001
112179,T4b,5890.400000000001
83994,T2a,5890.5
74504,T2a,5890.5
16545,Li28,5890.5
10206,VS,5890.5
40400,Mi1,5890.5
36139,Mi1,5890.6
41536,Mi1,5890.6
42006,TmY3,5890.6
96126,T4b,5890.700000000001
98504,T4c,5890.700000000001
96812,T4a,5890.700000000001
59864,Tm3,5890.700000000001
48531,Mi1,5890.700000000001
47962,TmY3,5890.700000000001
38708,Mi1,5890.700000000001
35888,Mi1,5890.700000000001
74023,T2a,5890.8
88933,T4a,5890.8
99316,T4b,5890.8
100867,T4b,5890.8
102425,T4b,5890.8
112321,T4d,5890.900000000001
98194,T4d,5890.900000000001
87896,T4a,5890.900000000001
69164,Mi1,5890.900000000001
36452,Mi1,5890.900000000001
10112,VS,5891.0
38721,Mi1,5891.0
39500,Mi1,5891.0
57398,Mi1,5891.0
91179,T4a,5891.0
95677,T4c,5891.0
113207,T4d,5891.0
65671,Mi1,5891.1
53065,Mi1,5891.1
34404,Mi1,5891.1
10037,VS,5891.1
10015,HSN,5891.200000000001
107031,T4b,5891.200000000001
122233,Tm3,5891.3
104996,T4a,5891.3
100838,T4c,5891.3
93984,T4b,5891.3
100874,T4a,5891.3
87289,T4a,5891.3
58224,Mi1,5891.3
56564,Mi1,5891.3
17596,Li28,5891.3
91741,T4d,5891.3
11981,Li28,5891.4
33091,Mi1,5891.4
87390,T2a,5891.4
97872,T4d,5891.4
98312,T4a,5891.500000000001
537004,VSm,5891.500000000001
525839,Mi1,5891.500000000001
95017,T4c,5891.500000000001
85378,T4a,5891.500000000001
47240,TmY3,5891.500000000001
42691,Mi1,5891.500000000001
37948,Mi1,5891.500000000001
37224,Mi1,5891.500000000001
76733,Tm3,5891.500000000001
86141,T4b,5891.6
97105,T4d,5891.6
89434,T4c,5891.6
72955,T2a,5891.6
85152,T4c,5891.6
39718,Mi1,5891.6
37037,Mi1,5891.6
17280,Li28,5891.6
65833,Mi1,5891.6
113991,T4d,5891.7
35498,Mi1,5891.7
37839,Mi1,5891.7
42533,TmY3,5891.7
86630,Tm3,5891.7
103765,T4d,5891.7
120016,Tm3,5891.8
88353,T4b,5891.8
134209,Tm3,5891.8
89252,T4b,5891.8
72619,T2a,5891.8
37631,Mi1,5891.8
89020,T4a,5891.8
33766,Mi1,5891.900000000001
44282,Mi1,5891.900000000001
103527,T4c,5891.900000000001
109536,T4d,5891.900000000001
89139,T4c,5892.0
30997,Mi1,5892.0
36177,Mi1,5892.0
67072,T2a,5892.0
92939,T4b,5892.0
102479,T4c,5892.0
109276,T4d,5892.1
93025,T4b,5892.1
112027,T4d,5892.1
62078,Mi1,5892.1
34862,Mi1,5892.1
62757,T2a,5892.1
526158,Mi1,5892.1
129235,Tm3,5892.2
114088,T4d,5892.2
46745,Mi1,5892.2
95921,T4c,5892.2
34899,Mi1,5892.3
40256,Mi1,5892.3
84008,T4c,5892.3
91345,T4c,5892.3
91674,T4a,5892.3
133040,Tm3,5892.3
151155,T4b,5892.3
94755,T4a,5892.400000000001
90049,T4c,5892.400000000001
78470,Tm3,5892.400000000001
40936,Mi1,5892.400000000001
39629,Mi1,5892.400000000001
36881,Mi1,5892.400000000001
35234,Mi1,5892.400000000001
33614,Mi1,5892.400000000001
36911,Mi1,5892.5
39405,Mi1,5892.5
41654,Mi1,5892.5
113852,T4b,5892.5
110855,T4a,5892.6
91283,T4c,5892.6
74303,Mi1,5892.6
44700,Mi1,5892.6
38178,Mi1,5892.6
10284,VS,5892.6
45176,Mi1,5892.6
104703,T4d,5892.700000000001
51122,Mi1,5892.700000000001
65307,T2,5892.700000000001
69546,Tm3,5892.700000000001
72426,Tm3,5892.700000000001
94305,T4a,5892.700000000001
104008,T4b,5892.700000000001
77846,Tm3,5892.8
72665,Mi1,5892.8
35724,Mi1,5892.8
38791,Mi1,5892.8
135612,Tm3,5892.9
39743,Mi1,5892.9
40832,Mi1,5892.9
121245,Tm3,5892.9
542412,Mi1,5892.9
103073,T4a,5893.000000000001
96199,T4a,5893.000000000001
83191,T4a,5893.000000000001
53075,TmY3,5893.000000000001
35836,Mi1,5893.000000000001
38857,Mi1,5893.1
39727,Mi1,5893.1
44222,Mi1,5893.1
81706,T2a,5893.1
102765,T4d,5893.1
530434,Tm3,5893.2
100787,T4b,5893.2
100087,T4b,5893.2
95554,T4b,5893.2
59008,Mi1,5893.2
36158,Mi1,5893.2
10025,H2,5893.3
12521,HST,5893.3
40085,Mi1,5893.3
41809,Mi1,5893.3
96671,T4c,5893.3
87412,T4c,5893.400000000001
49324,Mi1,5893.400000000001
90520,T4a,5893.400000000001
36369,Mi1,5893.400000000001
47967,Mi1,5893.400000000001
77916,T2a,5893.5
98890,T4c,5893.5
100046,T4b,5893.5
102016,T4a,5893.5
93482,T4d,5893.6
90952,T4c,5893.6
93865,T4c,5893.6
70239,T2,5893.6
37529,Mi1,5893.6
88095,T4d,5893.6
10016,HSE,5893.7
33655,Mi1,5893.7
35152,Mi1,5893.7
35770,Mi1,5893.7
51049,Mi1,5893.7
73447,Tm3,5893.7
97677,T4c,5893.7
74259,T2a,5893.8
112633,T4b,5893.8
99011,T4c,5893.8
95985,T4c,5893.8
42856,Mi1,5893.8
35113,Mi1,5893.8
38993,Mi1,5893.8
40854,Mi1,5893.8
34079,Mi1,5893.8
106362,T4d,5893.900000000001
88398,T4a,5893.900000000001
74231,Tm3,5893.900000000001
119245,T4d,5893.900000000001
34606,Mi1,5893.900000000001
20264,Li28,5893.900000000001
44564,TmY3,5893.900000000001
36540,Mi1,5894.0
38133,Mi1,5894.0
77226,T2a,5894.0
85536,T4a,5894.0
86536,Tm3,5894.0
101878,T4a,5894.0
105565,Tm3,5894.0
106950,T4c,5894.099999999999
63190,T2,5894.099999999999
40577,Mi1,5894.099999999999
40944,Mi1,5894.099999999999
34849,Mi1,5894.099999999999
15909,Li28,5894.099999999999
37294,Mi1,5894.099999999999
19292,Li28,5894.200000000001
38768,Mi1,5894.200000000001
66214,T2a,5894.200000000001
89290,T4d,5894.200000000001
57349,Mi1,5894.3
43783,Mi1,5894.3
38648,Mi1,5894.3
37438,Mi1,5894.3
10023,HSS,5894.3
37853,Mi1,5894.3
15019,Li28,5894.4
47696,TmY3,5894.4
63868,T2a,5894.4
102799,T4c,5894.4
104683,T4b,5894.4
117221,T4c,5894.5
93407,T4d,5894.5
81015,T4a,5894.5
61401,T2a,5894.5
45948,TmY3,5894.5
45319,Mi1,5894.5
46586,TmY3,5894.5
35602,Mi1,5894.5
38710,Mi1,5894.6
70642,T2a,5894.6
84063,T4b,5894.6
102975,T4b,5894.6
107819,T4c,5894.6
118948,T4d,5894.6
33446,Mi1,5894.7
37927,Mi1,5894.7
41950,Mi1,5894.7
57871,T2,5894.7
100855,T4a,5894.8
85866,T4b,5894.8
97256,T4c,5894.8
95235,T4d,5894.8
93927,T4a,5894.8
84267,T4c,5894.8
65850,T2a,5894.8
42594,Mi1,5894.8
36994,Mi1,5894.8
35416,Mi1,5894.8
10755,H1,5894.8
83583,T4d,5894.8
117748,Tm3,5894.900000000001
102910,T4b,5894.900000000001
101480,T4c,5894.900000000001
101215,T4c,5894.900000000001
98439,T4a,5894.900000000001
94983,T4c,5894.900000000001
67963,Tm3,5894.900000000001
77527,T4a,5894.900000000001
67152,Tm3,5894.900000000001
43323,Mi1,5894.900000000001
39505,Mi1,5894.900000000001
10037,VS,5894.900000000001
80838,T2a,5894.900000000001
35235,Mi1,5895.0
20634,VST1,5895.0
104972,T4a,5895.0
10112,VS,5895.0
10015,HSN,5895.0
10311,VS,5895.0
10206,VS,5895.1
117151,T4d,5895.2
122273,Tm3,5895.2
108594,T4d,5895.2
112393,T4a,5895.2
105834,T4d,5895.2
38238,Mi1,5895.2
16033,Li28,5895.2
40235,Mi1,5895.3
98467,T4d,5895.3
102448,T4d,5895.3
104853,T4c,5895.3
103497,Tm3,5895.400000000001
69441,Tm3,5895.400000000001
42119,Mi1,5895.400000000001
38893,Mi1,5895.400000000001
35840,Mi1,5895.400000000001
35580,Mi1,5895.400000000001
36252,Mi1,5895.5
37391,Mi1,5895.5
51191,TmY3,5895.5
97171,T4d,5895.5
100190,T4c,5895.5
81309,T2a,5895.599999999999
94224,T4b,5895.599999999999
40635,Mi1,5895.599999999999
75590,T2a,5895.599999999999
96295,T4b,5895.700000000001
93750,T4c,5895.700000000001
77480,Tm3,5895.700000000001
68951,TmY3,5895.700000000001
98039,T4d,5895.700000000001
58945,Tm3,5895.700000000001
43689,Mi1,5895.700000000001
39067,Mi1,5895.700000000001
35734,Mi1,5895.700000000001
64260,T2,5895.700000000001
47465,TmY3,5895.8
72983,T2a,5895.8
93947,T4a,5895.8
97326,T4c,5895.8
101302,T4d,5895.8
103645,T4c,5895.8
104450,T4a,5895.8
105313,T4a,5895.8
67408,Mi1,5895.9
105545,T4d,5895.9
54087,Mi1,5895.9
98393,T4a,5895.9
40703,Mi1,5895.9
43965,Mi1,5895.9
39438,Mi1,5895.9
14209,Li28,5896.0
33462,Mi1,5896.0
35260,Mi1,5896.0
107105,T4d,5896.0
83682,Tm3,5896.1
66852,Mi1,5896.1
69380,Tm3,5896.1
41668,Mi1,5896.1
49441,TmY3,5896.1
111380,Tm3,5896.2
16570,VST2,5896.2
32893,Mi1,5896.2
34626,Mi1,5896.2
45322,Mi1,5896.2
97866,T4d,5896.2
106821,T4b,5896.2
108876,T4c,5896.2
112744,T4d,5896.3
124867,T4d,5896.3
86175,T4a,5896.3
107075,T4d,5896.3
37243,Mi1,5896.4
85126,T4a,5896.4
98398,T4c,5896.4
112545,T4d,5896.4
101383,T4b,5896.5
86419,Tm3,5896.5
74375,Tm3,5896.5
90219,T4a,5896.5
35845,Mi1,5896.5
34045,Mi1,5896.5
10012,VS,5896.5
49322,TmY3,5896.5
71089,Mi1,5896.6
72558,T2a,5896.6
87873,T4b,5896.6
99519,T4a,5896.6
10025,H2,5896.7
33907,Mi1,5896.7
37555,Mi1,5896.7
78856,Tm3,5896.7
79358,T2a,5896.7
94468,T4c,5896.8
114698,T4b,5896.8
70281,T2a,5896.8
42758,Mi1,5896.8
73828,Tm3,5896.8
33110,Mi1,5896.900000000001
35218,Mi1,5896.900000000001
39525,Mi1,5896.900000000001
64149,Mi1,5896.900000000001
77891,Tm3,5896.900000000001
83438,T4a,5896.900000000001
99672,T4a,5896.900000000001
10016,HSE,5897.0
20808,LC4,5897.0
63994,Mi1,5897.0
82674,T4a,5897.0
98175,T4c,5897.0
104336,T4b,5897.0
105895,T4a,5897.099999999999
101245,T4a,5897.099999999999
111613,T4d,5897.099999999999
38455,Mi1,5897.099999999999
41435,Mi1,5897.099999999999
106886,T4c,5897.099999999999
36990,Mi1,5897.099999999999
48286,Mi1,5897.200000000001
95454,T4a,5897.200000000001
108325,T4c,5897.3
40596,Mi1,5897.3
67810,Tm3,5897.3
93935,T4a,5897.3
98349,T4a,5897.3
104017,T4b,5897.3
116114,T4d,5897.3
108065,T4c,5897.4
100033,T4c,5897.4
99628,T4b,5897.4
93419,T4b,5897.4
15422,VST2,5897.4
83009,T4b,5897.4
59959,Mi1,5897.4
36954,Mi1,5897.4
92114,T4c,5897.4
104905,T4c,5897.5
116259,T4b,5897.5
100956,T4d,5897.5
77676,T2a,5897.5
80358,Tm3,5897.5
16545,Li28,5897.6
42895,Mi1,5897.6
48930,TmY3,5897.6
50345,TmY3,5897.6
88922,T4c,5897.6
92706,T4a,5897.6
96774,T4c,5897.6
124490,Tm3,5897.7
102113,T4b,5897.7
98099,T4b,5897.7
80911,Tm3,5897.7
78968,Tm3,5897.7
34938,Mi1,5897.7
60979,TmY3,5897.7
11981,Li28,5897.7
62522,T2,5897.7
15263,Li28,5897.7
101945,T4b,5897.8
72148,Tm3,5897.8
99663,T4c,5897.8
34142,Mi1,5897.8
32535,Mi1,5897.8
33326,Mi1,5897.8
111980,T4d,5897.9
105718,T4b,5897.9
100501,T4b,5897.9
112241,T4b,5897.9
94886,T4d,5897.9
72005,Tm3,5897.9
68562,T2a,5897.9
97028,T4c,5897.9
36217,Mi1,5898.0
107170,T4b,5898.0
107567,T4c,5898.0
107420,T4b,5898.1
44592,TmY3,5898.1
93957,T4b,5898.1
95287,T4a,5898.1
98837,T4c,5898.1
106203,T4d,5898.1
109142,T4b,5898.1
100319,T4b,5898.2
82211,T2a,5898.2
133349,Tm3,5898.2
59397,Mi1,5898.2
73021,T2a,5898.2
45005,TmY3,5898.2
41637,Mi1,5898.2
41296,Mi1,5898.2
38461,Mi1,5898.2
10023,HSS,5898.3
79271,T4a,5898.3
104354,T4b,5898.3
106535,T4d,5898.400000000001
95335,T4a,5898.400000000001
92055,T4c,5898.400000000001
90533,T4c,5898.400000000001
78561,Tm3,5898.400000000001
34933,Mi1,5898.400000000001
34272,Mi1,5898.400000000001
85856,TmY3,5898.400000000001
112619,T4d,5898.5
81733,Tm3,5898.5
83689,T4a,5898.5
85664,TmY3,5898.5
89728,Tm3,5898.5
93360,T4b,5898.5
95972,T4d,5898.5
101043,T4c,5898.5
68522,T2a,5898.6
113107,T4a,5898.6
11134,VSm,5898.6
10037,VS,5898.700000000001
61768,T2,5898.700000000001
72279,Mi1,5898.700000000001
81372,Tm3,5898.700000000001
97306,T4a,5898.700000000001
102801,T4b,5898.700000000001
92054,T4b,5898.8
41464,TmY3,5898.8
60886,T2a,5898.8
75343,Tm3,5898.8
98887,T4b,5898.8
102388,T4d,5898.8
94368,T4a,5898.900000000001
93021,T4a,5898.900000000001
71052,T2a,5898.900000000001
35897,Mi1,5898.900000000001
38421,Mi1,5898.900000000001
36660,Mi1,5898.900000000001
39692,TmY3,5898.900000000001
98360,T4c,5899.0
100310,T4d,5899.0
95453,T4a,5899.0
104018,T4c,5899.0
117551,Tm3,5899.0
102462,T4c,5899.0
94356,T4c,5899.0
10015,HSN,5899.0
68412,T2a,5899.0
67113,Mi1,5899.0
37371,Mi1,5899.0
35173,Mi1,5899.0
10112,VS,5899.0
77791,T2a,5899.0
104412,T4a,5899.1
98985,T4c,5899.1
97784,T4c,5899.1
93604,T4a,5899.1
91806,T4a,5899.1
81996,T2a,5899.1
43414,Mi1,5899.1
67332,T2a,5899.1
41399,Mi1,5899.1
37270,Mi1,5899.1
35447,Mi1,5899.1
23047,Li28,5899.1
71652,Tm3,5899.1
99671,T4c,5899.200000000001
95458,T4d,5899.200000000001
56984,TmY3,5899.200000000001
76524,Tm3,5899.200000000001
92273,T2a,5899.200000000001
100673,T4b,5899.3
84328,T4a,5899.3
68475,T2a,5899.3
537004,VSm,5899.3
44119,Mi1,5899.3
41709,Mi1,5899.3
45719,Mi1,5899.3
37123,Mi1,5899.4
38748,Mi1,5899.4
46827,Mi1,5899.4
63468,Mi1,5899.4
71398,Tm3,5899.4
95926,T4a,5899.4
91222,T4d,5899.500000000001
37113,Mi1,5899.500000000001
10206,VS,5899.500000000001
63175,Mi1,5899.500000000001
80670,T4a,5899.6
60856,T2a,5899.6
44438,Mi1,5899.6
38479,Mi1,5899.6
92027,Tm3,5899.6
35405,Mi1,5899.6
35290,Mi1,5899.6
33942,Mi1,5899.6
16606,VST2,5899.6
35683,Mi1,5899.6
37599,Mi1,5899.7
42872,Mi1,5899.7
61659,Tm3,5899.7
69736,Tm3,5899.7
76788,T4b,5899.7
99423,T4d,5899.7
126286,Tm3,5899.7
109857,T4d,5899.8
118924,Tm3,5899.8
97231,T4a,5899.8
55101,Mi1,5899.8
68167,Tm3,5899.8
36533,Mi1,5899.8
78437,Tm3,5899.8
110646,T4b,5899.900000000001
105292,T4b,5899.900000000001
95239,T4a,5899.900000000001
96003,T4d,5899.900000000001
38514,Mi1,5899.900000000001
34356,Mi1,5899.900000000001
10025,H2,5899.900000000001
64050,T2,5899.900000000001
48060,Mi1,5900.0
94948,T4c,5900.0
98000,T4b,5900.0
102991,T4c,5900.1
111416,Tm3,5900.1
98788,T4d,5900.1
103780,T4c,5900.1
52350,Mi1,5900.1
41522,Mi1,5900.1
34479,Mi1,5900.1
69889,T2a,5900.1
85778,T4b,5900.2
83204,T4d,5900.2
10284,VS,5900.2
35774,Mi1,5900.2
39275,Mi1,5900.2
10016,HSE,5900.3
10755,H1,5900.3
15909,Li28,5900.3
34463,Mi1,5900.3
36275,Mi1,5900.3
82425,T4b,5900.3
106745,T4b,5900.3
149504,T4d,5900.3
97835,T4a,5900.3
36646,Mi1,5900.400000000001
38687,Mi1,5900.400000000001
39858,Mi1,5900.400000000001
63420,Mi1,5900.400000000001
97193,T4a,5900.5
115636,T4d,5900.5
546524,Mi1,5900.5
85429,T4d,5900.5
46993,T2a,5900.5
41120,Mi1,5900.5
36305,Mi1,5900.5
68840,TmY3,5900.5
79259,T4b,5900.599999999999
102579,T4b,5900.599999999999
115390,T4d,5900.599999999999
109291,T4d,5900.700000000001
105122,T4b,5900.700000000001
103867,T4a,5900.700000000001
86416,T4a,5900.700000000001
45696,Mi1,5900.700000000001
68982,Tm3,5900.700000000001
98448,T4b,5900.8
16596,Li28,5900.8
34867,Mi1,5900.8
57239,Mi1,5900.8
90888,T4b,5900.8
96365,T4a,5900.8
38227,Mi1,5900.9
80197,T4a,5900.9
17280,Li28,5900.9
94482,T4d,5900.9
96262,T4c,5901.000000000001
80812,T4a,5901.000000000001
102741,T4c,5901.000000000001
35017,Mi1,5901.000000000001
78597,T2a,5901.000000000001
96163,T4b,5901.1
91682,T4b,5901.1
100165,T4b,5901.1
58862,Mi1,5901.1
104256,T4a,5901.1
40171,Mi1,5901.1
34189,Mi1,5901.1
33216,Mi1,5901.1
46230,TmY3,5901.1
116343,T4a,5901.2
118232,T4d,5901.2
16033,Li28,5901.3
33017,Mi1,5901.3
37019,Mi1,5901.3
38632,Mi1,5901.3
77138,Tm3,5901.3
97792,T4b,5901.400000000001
97675,T4c,5901.400000000001
55976,Mi1,5901.400000000001
38477,Mi1,5901.400000000001
40426,Mi1,5901.400000000001
41659,Mi1,5901.400000000001
35806,Mi1,5901.5
69063,Mi1,5901.5
83227,Tm3,5901.5
104858,T4b,5901.5
109996,T4c,5901.5
104884,T4b,5901.6
89784,T4b,5901.6
41545,Mi1,5901.6
40219,Mi1,5901.6
34057,Mi1,5901.7
37699,Mi1,5901.7
70490,Mi1,5901.7
74287,Tm3,5901.7
90112,T4c,5901.7
43978,Mi1,5901.8
90058,T4a,5901.8
97545,T4c,5901.8
70289,Mi1,5901.900000000001
64540,T2,5901.900000000001
47211,Mi1,5901.900000000001
25893,VST1,5902.0
41613,Mi1,5902.0
66872,T2,5902.0
96424,T4b,5902.0
105521,T4c,5902.0
88491,T4a,5902.099999999999
90796,T4d,5902.099999999999
125171,Tm3,5902.200000000001
97145,T4c,5902.200000000001
82099,T4b,5902.200000000001
35712,Mi1,5902.200000000001
35934,Mi1,5902.200000000001
74725,T2a,5902.200000000001
42048,Mi1,5902.3
54211,TmY3,5902.3
69980,Tm3,5902.3
95356,T4a,5902.3
121816,T4a,5902.4
113983,T4d,5902.4
108307,T4b,5902.4
102688,T4b,5902.4
98118,T4c,5902.4
88625,T4c,5902.4
38987,Mi1,5902.4
36346,Mi1,5902.4
35045,Mi1,5902.4
10037,VS,5902.4
10023,HSS,5902.4
38208,Mi1,5902.4
104368,T4c,5902.5
106093,T4a,5902.5
108870,T4a,5902.5
93688,T4a,5902.5
35428,Mi1,5902.5
64849,Tm3,5902.5
115111,T4a,5902.6
107445,T4a,5902.6
105332,T4b,5902.6
96835,T4b,5902.6
110076,T4c,5902.6
36684,Mi1,5902.6
35001,Mi1,5902.6
34296,Mi1,5902.6
37138,Mi1,5902.6
41804,Mi1,5902.7
96728,T4c,5902.7
98751,T4a,5902.7
99131,T4c,5902.7
108625,T4b,5902.7
111949,T4c,5902.7
127153,Tm3,5902.7
110988,T4a,5902.8
39158,Mi1,5902.8
84631,T4c,5902.8
10112,VS,5902.8
10687,OA-AL2i3,5902.8
10015,HSN,5902.8
34171,Mi1,5902.900000000001
36410,Mi1,5902.900000000001
37568,Mi1,5902.900000000001
91505,T4c,5902.900000000001
99950,T4c,5902.900000000001
106295,T4b,5902.900000000001
103654,T4b,5903.0
101228,T4a,5903.0
93224,T4a,5903.0
61292,T2,5903.0
31848,Mi1,5903.0
38230,Mi1,5903.0
35890,Mi1,5903.0
10025,H2,5903.0
38529,Mi1,5903.0
90121,T4b,5903.1
101589,T4a,5903.1
95005,T4a,5903.1
78503,T2a,5903.1
78317,T4a,5903.1
46248,Mi1,5903.1
39894,T4b,5903.1
37088,Mi1,5903.1
34369,Mi1,5903.2
85837,Tm3,5903.2
108948,T4b,5903.3
99863,T4d,5903.3
96931,T4b,5903.3
90423,T4b,5903.3
80435,T2a,5903.3
60857,Mi1,5903.3
48514,TmY3,5903.3
88575,T4b,5903.3
36139,Mi1,5903.400000000001
103344,T4b,5903.400000000001
108066,T4b,5903.400000000001
68342,Tm3,5903.5
104257,T4b,5903.5
96090,T4c,5903.5
45349,Mi1,5903.5
102147,T4c,5903.5
39651,Mi1,5903.5
38767,Mi1,5903.5
11981,Li28,5903.5
41136,Mi1,5903.5
106922,T4c,5903.599999999999
99157,T4a,5903.599999999999
91913,T4b,5903.599999999999
75135,T2a,5903.599999999999
76074,Tm3,5903.599999999999
70812,TmY3,5903.599999999999
65443,T2a,5903.599999999999
44449,TmY3,5903.599999999999
10016,HSE,5903.599999999999
71447,T4c,5903.599999999999
38721,Mi1,5903.700000000001
40026,TmY3,5903.700000000001
54885,TmY3,5903.700000000001
84010,Tm3,5903.700000000001
103022,T4a,5903.700000000001
103579,T4c,5903.700000000001
96657,T4c,5903.8
41626,Mi1,5903.8
73767,Mi1,5903.8
10206,VS,5903.8
10072,OA-AL2i1,5903.8
37680,Mi1,5903.8
46784,Mi1,5903.9
49930,TmY3,5903.9
66345,T2a,5903.9
91313,T4a,5903.9
93972,T4a,5903.9
100274,T4a,5903.9
85741,T4a,5904.0
66808,Tm3,5904.0
95883,T4a,5904.0
37000,Mi1,5904.0
42675,Mi1,5904.0
16545,Li28,5904.1
36446,Mi1,5904.1
37509,Mi1,5904.1
91469,T4c,5904.1
38241,Mi1,5904.2
67150,T2a,5904.2
128916,Tm3,5904.2
116610,T4d,5904.3
10012,VS,5904.3
34300,Mi1,5904.3
67464,Mi1,5904.3
103195,T4a,5904.3
171349687,Tm3,5904.4
40256,Mi1,5904.4
37353,Mi1,5904.4
35512,Mi1,5904.5
35888,Mi1,5904.5
40795,Mi1,5904.5
49788,TmY3,5904.5
69186,Tm3,5904.5
100488,T4c,5904.5
109326,T4c,5904.5
108276,T4a,5904.6
89110,Tm3,5904.6
106587,T4d,5904.6
40400,Mi1,5904.6
39716,Mi1,5904.6
67308,Mi1,5904.6
37839,Mi1,5904.7
81064,Tm3,5904.7
93509,T4b,5904.7
100924,T4b,5904.7
101873,T4b,5904.7
102786,Tm3,5904.7
89368,T4c,5904.8
103025,T4a,5904.8
102298,T4c,5904.8
100856,T4a,5904.8
96676,T4b,5904.8
88870,Tm3,5904.8
75484,Tm3,5904.8
78911,Tm3,5904.8
71765,T2a,5904.8
58553,TmY3,5904.8
48531,Mi1,5904.8
31492,Mi1,5904.8
81401,T4b,5904.8
97184,T4d,5904.900000000001
91629,T4a,5904.900000000001
66227,Tm3,5904.900000000001
86778,T4a,5904.900000000001
37037,Mi1,5904.900000000001
36452,Mi1,5904.900000000001
35100,Mi1,5904.900000000001
41536,Mi1,5904.900000000001
35498,Mi1,5905.0
39164,Mi1,5905.0
40505,Mi1,5905.0
84663,T2a,5905.0
94549,T4b,5905.0
74860,Tm3,5905.099999999999
94567,T4c,5905.099999999999
92842,T4a,5905.099999999999
73301,Tm3,5905.099999999999
12521,HST,5905.099999999999
40936,Mi1,5905.099999999999
48283,TmY3,5905.099999999999
37044,Mi1,5905.099999999999
87845,T4a,5905.200000000001
105403,T4c,5905.200000000001
101685,T4b,5905.200000000001
95681,T4a,5905.200000000001
92682,T4a,5905.200000000001
90097,T4c,5905.200000000001
80302,T2a,5905.200000000001
68264,Tm3,5905.200000000001
48897,TmY3,5905.200000000001
48547,TmY3,5905.200000000001
40411,Mi1,5905.200000000001
37224,Mi1,5905.200000000001
10755,H1,5905.200000000001
107529,T4d,5905.3
99609,T4a,5905.3
65803,T2,5905.3
107812,T4a,5905.3
57398,Mi1,5905.3
37631,Mi1,5905.3
34862,Mi1,5905.3
33091,Mi1,5905.3
42533,TmY3,5905.3
34404,Mi1,5905.4
39718,Mi1,5905.4
42691,Mi1,5905.4
72066,Tm3,5905.4
80483,T4c,5905.4
90900,T4a,5905.4
130861,Tm3,5905.5
109172,T4b,5905.5
107143,T4d,5905.5
56564,Mi1,5905.5
100282,T4a,5905.5
106840,T4b,5905.5
92993,Tm3,5905.6
525839,Mi1,5905.6
103657,T4b,5905.6
102540,T4b,5905.6
88698,T4a,5905.6
83042,T4b,5905.6
65671,Mi1,5905.6
41809,Mi1,5905.6
37948,Mi1,5905.6
35234,Mi1,5905.6
106401,T4d,5905.7
104297,T4a,5905.7
69164,Mi1,5905.7
110693,Tm3,5905.7
41671,TmY3,5905.7
15909,Li28,5905.7
46745,Mi1,5905.7
104144,T2,5905.8
11134,VSm,5905.8
30997,Mi1,5905.8
37084,Mi1,5905.8
64633,T2a,5905.8
87090,T2a,5905.8
89282,T4a,5905.8
93166,T4c,5905.8
96576,T4c,5905.8
105115,T4d,5905.9
103148,T4a,5905.9
37677,Mi1,5905.9
89934,T4d,5905.9
108119,T4c,5906.000000000001
10025,H2,5906.000000000001
10037,VS,5906.000000000001
34899,Mi1,5906.000000000001
37756,Mi1,5906.000000000001
53065,Mi1,5906.000000000001
72501,Mi1,5906.000000000001
79449,T4b,5906.000000000001
99922,T4c,5906.000000000001
92996,T4a,5906.1
90145,T4a,5906.1
39500,Mi1,5906.1
86635,T4c,5906.1
58224,Mi1,5906.2
36881,Mi1,5906.2
36911,Mi1,5906.2
38791,Mi1,5906.2
47967,Mi1,5906.2
96784,T4b,5906.3
96394,T4b,5906.3
101380,T4d,5906.3
96219,T4b,5906.3
51122,Mi1,5906.3
83979,T4a,5906.3
36177,Mi1,5906.3
33394,Mi1,5906.3
32962,TmY3,5906.3
10023,HSS,5906.400000000001
79138,T2a,5906.400000000001
95810,T2a,5906.400000000001
109023,T4c,5906.400000000001
121093,T4b,5906.400000000001
85924,T4a,5906.5
65833,Mi1,5906.5
33614,Mi1,5906.5
10015,HSN,5906.5
35770,Mi1,5906.5
40085,Mi1,5906.6
62078,Mi1,5906.6
74927,Tm3,5906.6
109649,T4c,5906.6
101033,T4d,5906.7
102572,T4c,5906.7
94624,T4a,5906.7
38857,Mi1,5906.7
36540,Mi1,5906.7
10112,VS,5906.7
93566,T4a,5906.7
108349,T4d,5906.8
38708,Mi1,5906.8
40944,Mi1,5906.8
83465,T4a,5906.8
94282,T4c,5906.8
102519,T4a,5906.8
104622,T4b,5906.8
105099,T4b,5906.900000000001
101463,T4d,5906.900000000001
98625,T4a,5906.900000000001
97186,T4a,5906.900000000001
113410,T4d,5906.900000000001
71228,T2a,5906.900000000001
35152,Mi1,5906.900000000001
19292,Li28,5906.900000000001
96126,T4b,5906.900000000001
526158,Mi1,5906.900000000001
79483,Tm3,5907.0
87358,T4a,5907.0
39629,Mi1,5907.0
16033,Li28,5907.0
10269,OA-AL2i2,5907.0
10016,HSE,5907.0
39727,Mi1,5907.1
94058,T4b,5907.1
95528,T4d,5907.1
101005,T4d,5907.1
103343,T4b,5907.1
103425,T4a,5907.1
104191,T4a,5907.1
106894,T4b,5907.200000000001
106522,T4d,5907.200000000001
104390,T4a,5907.200000000001
99980,T4c,5907.200000000001
86992,T4b,5907.200000000001
82313,T4a,5907.200000000001
37108,Mi1,5907.200000000001
44700,Mi1,5907.200000000001
40106,Mi1,5907.200000000001
109384,T4d,5907.200000000001
34658,Mi1,5907.200000000001
17596,Li28,5907.200000000001
45176,Mi1,5907.200000000001
537004,VSm,5907.3
120312,Tm3,5907.3
38178,Mi1,5907.3
41654,Mi1,5907.3
35724,Mi1,5907.4
45319,Mi1,5907.4
50633,TmY3,5907.4
92839,T4b,5907.4
94071,T4a,5907.4
91366,T4b,5907.500000000001
542412,Mi1,5907.500000000001
113171,T4b,5907.500000000001
85938,T4a,5907.500000000001
74374,T2a,5907.500000000001
48073,TmY3,5907.500000000001
38993,Mi1,5907.500000000001
33918,Mi1,5907.500000000001
39405,Mi1,5907.6
67728,T2,5907.6
94081,T4c,5907.6
107640,T4c,5907.6
95822,T4b,5907.7
100018,T4a,5907.7
89825,T4a,5907.7
112594,T4b,5907.7
102295,T4d,5907.7
89099,T4a,5907.7
44222,Mi1,5907.7
82549,T4b,5907.7
51848,TmY3,5907.7
85598,T4b,5907.7
39438,Mi1,5907.7
35602,Mi1,5907.7
104674,T4a,5907.8
102229,T4d,5907.8
95736,T4c,5907.8
86686,T4c,5907.8
79134,Tm3,5907.8
63021,Tm3,5907.8
42594,Mi1,5907.8
101772,Tm3,5907.900000000001
96081,T4a,5907.900000000001
94471,T4a,5907.900000000001
104802,T4c,5907.900000000001
85007,T4c,5907.900000000001
76380,Tm3,5907.900000000001
85074,T4a,5907.900000000001
37391,Mi1,5907.900000000001
36369,Mi1,5907.900000000001
36158,Mi1,5907.900000000001
34079,Mi1,5907.900000000001
33655,Mi1,5907.900000000001
47368,TmY3,5907.900000000001
48894,TmY3,5908.0
91987,T4c,5908.0
108824,T4d,5908.1
106701,T4d,5908.1
72665,Mi1,5908.1
44282,Mi1,5908.1
40832,Mi1,5908.1
38772,Mi1,5908.1
34849,Mi1,5908.1
40854,Mi1,5908.1
102045,T4a,5908.2
33446,Mi1,5908.2
49324,Mi1,5908.2
97899,T4a,5908.2
101994,T4a,5908.2
121170,Tm3,5908.3
74303,Mi1,5908.3
37529,Mi1,5908.3
38893,Mi1,5908.3
33766,Mi1,5908.400000000001
68212,T2a,5908.400000000001
69597,Tm3,5908.400000000001
91914,T4a,5908.400000000001
98404,T4d,5908.400000000001
123490,Tm3,5908.400000000001
36252,Mi1,5908.5
43783,Mi1,5908.5
65513,T2a,5908.5
75318,T2,5908.5
85378,T4a,5908.5
98137,T4d,5908.599999999999
539983,T4c,5908.599999999999
89142,T4b,5908.599999999999
100785,T4b,5908.599999999999
80284,Tm3,5908.599999999999
86907,T4a,5908.599999999999
60337,TmY3,5908.599999999999
52328,TmY3,5908.599999999999
44564,TmY3,5908.599999999999
38238,Mi1,5908.599999999999
10206,VS,5908.599999999999
73284,T2a,5908.599999999999
38648,Mi1,5908.700000000001
101865,T4a,5908.700000000001
103314,T4b,5908.700000000001
120231,Tm3,5908.700000000001
101230,T4a,5908.8
59008,Mi1,5908.8
35113,Mi1,5908.8
35836,Mi1,5908.8
36994,Mi1,5908.9
37294,Mi1,5908.9
39743,Mi1,5908.9
41950,Mi1,5908.9
73385,T2a,5908.9
88435,Tm3,5908.9
82576,T4b,5909.000000000001
44527,Mi1,5909.000000000001
90259,T4d,5909.000000000001
42856,Mi1,5909.000000000001
35840,Mi1,5909.000000000001
43689,Mi1,5909.000000000001
107010,T4d,5909.1
101072,T4b,5909.1
65235,T2,5909.1
39692,TmY3,5909.1
20264,Li28,5909.1
37438,Mi1,5909.1
10025,H2,5909.1
37853,Mi1,5909.1
112993,T4b,5909.2
105962,T4b,5909.2
98194,T4d,5909.2
94089,T4d,5909.2
110968,T4b,5909.2
51049,Mi1,5909.2
38768,Mi1,5909.2
35580,Mi1,5909.2
73320,T2,5909.2
34606,Mi1,5909.3
96959,T4a,5909.3
111928,T4b,5909.3
102112,T4c,5909.400000000001
94574,T4c,5909.400000000001
88726,T4b,5909.400000000001
84490,T4a,5909.400000000001
72938,T2a,5909.400000000001
71036,T2a,5909.400000000001
40577,Mi1,5909.400000000001
40235,Mi1,5909.400000000001
35416,Mi1,5909.400000000001
11981,Li28,5909.400000000001
10284,VS,5909.400000000001
65298,T2a,5909.400000000001
119501,T4d,5909.5
104130,T4a,5909.5
99348,T4c,5909.5
92939,T4b,5909.5
57349,Mi1,5909.5
34626,Mi1,5909.5
20634,VST1,5909.5
10755,H1,5909.5
90566,T4d,5909.5
92047,T4c,5909.6
10012,VS,5909.6
40703,Mi1,5909.6
96812,T4a,5909.6
102031,T4c,5909.7
105565,Tm3,5909.7
100996,T4b,5909.7
96260,T4d,5909.7
39067,Mi1,5909.7
38710,Mi1,5909.7
10037,VS,5909.7
38133,Mi1,5909.8
80582,T4a,5909.8
103302,T4c,5909.8
10015,HSN,5909.900000000001
39505,Mi1,5909.900000000001
94283,T4d,5909.900000000001
108907,T4c,5910.0
93313,T4a,5910.0
71089,Mi1,5910.0
44746,TmY3,5910.0
32893,Mi1,5910.0
14209,Li28,5910.099999999999
35235,Mi1,5910.099999999999
72045,T2a,5910.099999999999
109598,T4b,5910.099999999999
110555,T4b,5910.099999999999
118551,Tm3,5910.200000000001
114338,T4c,5910.200000000001
103479,T4c,5910.200000000001
79646,Tm3,5910.200000000001
71944,T2a,5910.200000000001
37927,Mi1,5910.200000000001
48286,Mi1,5910.200000000001
42758,Mi1,5910.200000000001
16545,Li28,5910.200000000001
10023,HSS,5910.200000000001
54087,Mi1,5910.200000000001
88152,T4c,5910.3
82699,Tm3,5910.3
43323,Mi1,5910.3
82038,Tm3,5910.3
33462,Mi1,5910.3
10016,HSE,5910.3
41668,Mi1,5910.3
35218,Mi1,5910.4
79875,T4c,5910.4
95364,T4d,5910.4
100032,T4c,5910.4
100946,T4c,5910.5
112179,T4b,5910.5
95007,T4a,5910.5
78172,TmY3,5910.5
43965,Mi1,5910.5
42119,Mi1,5910.5
41435,Mi1,5910.5
70524,T2a,5910.5
98654,T4d,5910.6
10112,VS,5910.6
42895,Mi1,5910.6
45322,Mi1,5910.6
61370,T2,5910.6
89434,T4c,5910.6
99670,T4c,5910.6
104478,T4d,5910.6
107719,T4b,5910.6
112048,T4c,5910.6
113686,T4d,5910.6
100729,T4b,5910.7
98222,T4d,5910.7
103639,T4d,5910.7
103570,T4d,5910.7
97878,T4b,5910.7
92431,T4a,5910.7
79704,T4d,5910.7
79297,T4a,5910.7
64149,Mi1,5910.7
34045,Mi1,5910.7
15019,Li28,5910.7
88005,T4d,5910.7
86932,T4b,5910.8
101770,T4b,5910.8
96307,T4a,5910.8
62340,T2,5910.8
59397,Mi1,5910.8
34938,Mi1,5910.8
17280,Li28,5910.8
15909,Li28,5910.900000000001
40596,Mi1,5910.900000000001
90465,T4a,5910.900000000001
94743,T4d,5910.900000000001
105126,T4c,5910.900000000001
111017,T4d,5910.900000000001
86696,T4d,5911.0
75172,T2a,5911.0
105242,T4c,5911.1
102975,T4b,5911.1
108161,T4a,5911.1
106801,T4c,5911.1
97677,T4c,5911.1
87412,T4c,5911.1
83583,T4d,5911.1
39525,Mi1,5911.1
36990,Mi1,5911.1
33110,Mi1,5911.1
32535,Mi1,5911.1
122961,T4d,5911.2
113568,T4d,5911.2
64778,TmY3,5911.2
62569,T2,5911.2
67408,Mi1,5911.2
35734,Mi1,5911.2
35260,Mi1,5911.2
33907,Mi1,5911.2
35845,Mi1,5911.2
37555,Mi1,5911.3
63673,Tm3,5911.3
68933,Tm3,5911.3
98026,T4b,5911.3
100261,T4c,5911.400000000001
112369,T4d,5911.400000000001
111783,T4a,5911.400000000001
110482,T4b,5911.400000000001
99310,T4a,5911.400000000001
91444,T4c,5911.400000000001
77920,Tm3,5911.400000000001
73619,T2a,5911.400000000001
71583,Tm3,5911.400000000001
99292,T4a,5911.400000000001
33942,Mi1,5911.5
41296,Mi1,5911.5
97877,T4d,5911.5
99731,T4c,5911.5
117627,Tm3,5911.5
118385,T4b,5911.599999999999
95554,T4b,5911.599999999999
92644,T4d,5911.599999999999
82145,T2a,5911.599999999999
36217,Mi1,5911.599999999999
71161,T2a,5911.599999999999
51231,TmY3,5911.599999999999
37270,Mi1,5911.599999999999
81037,T2a,5911.599999999999
98226,T4b,5911.700000000001
111184,T4a,5911.700000000001
89409,T4a,5911.700000000001
93527,T4a,5911.700000000001
35897,Mi1,5911.8
37243,Mi1,5911.8
84063,T4b,5911.8
84267,T4c,5911.8
34142,Mi1,5911.9
92281,T4c,5911.9
111010,T4c,5911.9
102845,T4b,5912.0
97885,T4a,5912.0
59959,Mi1,5912.0
38455,Mi1,5912.1
63994,Mi1,5912.1
67113,Mi1,5912.1
67424,T2,5912.1
77484,T4d,5912.1
88746,Tm3,5912.1
100075,T4c,5912.1
108847,T4d,5912.1
85009,Tm3,5912.2
40635,Mi1,5912.2
68842,TmY3,5912.2
10025,H2,5912.2
36954,Mi1,5912.2
35405,Mi1,5912.3
38421,Mi1,5912.3
38514,Mi1,5912.3
66852,Mi1,5912.3
77383,T2a,5912.3
92684,T4c,5912.3
104942,T4a,5912.3
128726,Tm3,5912.4
104027,T4d,5912.4
99850,T4a,5912.4
67719,T2a,5912.4
39275,Mi1,5912.4
77527,T4a,5912.4
15263,Li28,5912.5
37371,Mi1,5912.5
41709,Mi1,5912.5
62851,Tm3,5912.5
93750,T4c,5912.5
110910,Tm3,5912.5
111236,T4d,5912.5
97769,T4a,5912.6
533688,Tm3,5912.6
97141,T4a,5912.6
99137,T4c,5912.6
81836,T2a,5912.6
67971,Tm3,5912.6
33326,Mi1,5912.6
92957,T4d,5912.6
117652,T4d,5912.7
115511,T4d,5912.7
109868,Tm3,5912.7
105379,T4c,5912.7
98575,T4a,5912.7
90419,T4b,5912.7
79210,Tm3,5912.7
46827,Mi1,5912.7
44119,Mi1,5912.7
42872,Mi1,5912.7
95453,T4a,5912.8
93142,T4a,5912.8
92706,T4a,5912.8
98668,T4a,5912.8
57247,TmY3,5912.8
20808,LC4,5912.8
83438,T4a,5912.8
71230,Tm3,5912.900000000001
102791,T4c,5912.900000000001
91057,T4c,5913.0
86419,Tm3,5913.0
72796,Tm3,5913.0
93622,T4c,5913.0
35173,Mi1,5913.0
34463,Mi1,5913.0
41399,Mi1,5913.0
10037,VS,5913.099999999999
12521,HST,5913.099999999999
23047,Li28,5913.099999999999
34933,Mi1,5913.099999999999
40171,Mi1,5913.099999999999
80913,T4a,5913.099999999999
91804,T4d,5913.099999999999
103867,T4a,5913.099999999999
112458,T4b,5913.099999999999
112613,T4d,5913.099999999999
128396,T4d,5913.200000000001
100774,T4a,5913.200000000001
77307,Tm3,5913.200000000001
16033,Li28,5913.200000000001
10015,HSN,5913.3
10206,VS,5913.3
11134,VSm,5913.3
34356,Mi1,5913.3
34479,Mi1,5913.3
37599,Mi1,5913.4
75521,T2a,5913.4
85152,T4c,5913.4
97256,T4c,5913.4
108974,T4c,5913.4
107159,T4b,5913.5
100855,T4a,5913.5
91345,T4c,5913.5
81620,T2a,5913.5
109593,Tm3,5913.5
37123,Mi1,5913.5
37113,Mi1,5913.5
35447,Mi1,5913.5
10016,HSE,5913.5
62912,T2,5913.5
16570,VST2,5913.6
41522,Mi1,5913.6
50333,TmY3,5913.6
66604,TmY3,5913.6
72194,Tm3,5913.6
72279,Mi1,5913.6
90567,T4b,5913.6
115422,T4c,5913.700000000001
103725,T4a,5913.700000000001
97288,T4c,5913.700000000001
53156,TmY3,5913.700000000001
66357,T2a,5913.700000000001
57239,Mi1,5913.700000000001
90657,T4a,5913.700000000001
73586,Tm3,5913.8
119601,T4d,5913.8
96035,T4d,5913.8
88992,T4c,5913.8
74891,T2a,5913.8
55976,Mi1,5913.8
100867,T4b,5913.8
41637,Mi1,5913.8
38461,Mi1,5913.8
36305,Mi1,5913.8
36275,Mi1,5913.8
10322,OA-AL2i2,5913.8
48060,Mi1,5913.8
10023,HSS,5913.8
93360,T4b,5913.9
91303,T4b,5913.9
79314,T4b,5913.9
36660,Mi1,5913.9
38479,Mi1,5913.9
10755,H1,5913.9
48607,TmY3,5913.9
92552,T4a,5914.000000000001
100897,T4c,5914.000000000001
94179,T4a,5914.000000000001
80137,T2a,5914.000000000001
105698,T4c,5914.000000000001
43414,Mi1,5914.000000000001
36533,Mi1,5914.000000000001
35774,Mi1,5914.000000000001
71938,T2a,5914.000000000001
95345,T4d,5914.1
90027,T4c,5914.1
88084,T4b,5914.1
87763,T4a,5914.1
63175,Mi1,5914.1
92911,T4c,5914.1
45719,Mi1,5914.1
39858,Mi1,5914.1
34272,Mi1,5914.1
33017,Mi1,5914.1
52350,Mi1,5914.1
10012,VS,5914.2
34867,Mi1,5914.2
98381,T4d,5914.2
108438,T4d,5914.3
105412,T4a,5914.3
95629,T4c,5914.3
44438,Mi1,5914.3
92251,T4b,5914.3
76325,T2a,5914.3
94305,T4a,5914.3
77344,Tm3,5914.400000000001
75381,Tm3,5914.400000000001
112453,T4c,5914.400000000001
36646,Mi1,5914.400000000001
63468,Mi1,5914.400000000001
16596,Li28,5914.5
55101,Mi1,5914.5
74023,T2a,5914.5
83677,T4c,5914.5
97853,T4c,5914.5
101742,T4c,5914.5
101620,T4b,5914.6
97829,Tm3,5914.6
87827,T2a,5914.6
41120,Mi1,5914.6
38748,Mi1,5914.6
10112,VS,5914.6
34057,Mi1,5914.7
35806,Mi1,5914.7
43978,Mi1,5914.7
58967,TmY3,5914.7
63420,Mi1,5914.7
93419,T4b,5914.7
105802,T4c,5914.7
58527,TmY3,5914.8
83125,T4b,5914.8
45696,Mi1,5914.8
50345,TmY3,5914.8
35017,Mi1,5914.900000000001
58862,Mi1,5914.900000000001
84328,T4a,5914.900000000001
89485,T4a,5914.900000000001
97105,T4d,5914.900000000001
71475,Tm3,5915.0
85737,T2a,5915.0
89139,T4c,5915.0
102370,T4c,5915.0
537004,VSm,5915.1
75557,Tm3,5915.1
33216,Mi1,5915.1
38208,Mi1,5915.1
35683,Mi1,5915.200000000001
49372,TmY3,5915.200000000001
110742,T4c,5915.200000000001
47686,TmY3,5915.3
90278,T4a,5915.3
90371,T4d,5915.3
91179,T4a,5915.3
94287,T4d,5915.3
102703,T4a,5915.3
69228,T2a,5915.4
102801,T4b,5915.4
67152,Tm3,5915.4
95921,T4c,5915.4
38227,Mi1,5915.4
10025,H2,5915.4
41545,Mi1,5915.4
24867,VST1,5915.4
35290,Mi1,5915.500000000001
40256,Mi1,5915.500000000001
41613,Mi1,5915.500000000001
69961,Tm3,5915.500000000001
78940,T4a,5915.500000000001
127615,Tm3,5915.500000000001
112969,T4c,5915.6
94755,T4a,5915.6
92229,T4c,5915.6
47696,TmY3,5915.6
41659,Mi1,5915.6
74159,Tm3,5915.6
114817,T4d,5915.7
35890,Mi1,5915.7
47211,Mi1,5915.7
60698,TmY3,5915.7
69063,Mi1,5915.7
87106,T4a,5915.7
90430,T2a,5915.7
79083,Tm3,5915.8
38529,Mi1,5915.8
97866,T4d,5915.8
96134,T4b,5915.8
41804,Mi1,5915.8
37019,Mi1,5915.8
38230,Mi1,5915.8
36684,Mi1,5915.8
40426,Mi1,5915.8
36410,Mi1,5915.900000000001
48986,TmY3,5915.900000000001
102564,T4a,5916.0
97161,T4a,5916.0
93877,T4c,5916.0
90219,T4a,5916.0
87896,T4a,5916.0
37699,Mi1,5916.0
11981,Li28,5916.0
62894,Tm3,5916.0
546524,Mi1,5916.1
40599,TmY3,5916.1
93985,T4c,5916.1
101605,T4a,5916.1
99163,T4a,5916.2
16545,Li28,5916.2
90655,T4a,5916.2
105214,T4c,5916.2
76788,T4b,5916.2
14416,VST2,5916.2
47962,TmY3,5916.2
15909,Li28,5916.2
64897,T2,5916.2
35001,Mi1,5916.2
104996,T4a,5916.3
89866,T4b,5916.3
81883,T2a,5916.3
86416,T4a,5916.3
34296,Mi1,5916.3
34189,Mi1,5916.3
10037,VS,5916.3
37568,Mi1,5916.3
70289,Mi1,5916.400000000001
110403,T4b,5916.400000000001
72558,T2a,5916.5
10284,VS,5916.5
35045,Mi1,5916.5
42010,TmY3,5916.5
42048,Mi1,5916.5
100874,T4a,5916.599999999999
100206,T4c,5916.599999999999
88933,T4a,5916.599999999999
99316,T4b,5916.700000000001
96211,T4d,5916.700000000001
83365,T2a,5916.700000000001
69540,TmY3,5916.700000000001
87565,T4a,5916.700000000001
38632,Mi1,5916.700000000001
37733,TmY3,5916.700000000001
10016,HSE,5916.700000000001
10015,HSN,5916.700000000001
60857,Mi1,5916.700000000001
99837,T4a,5916.8
34369,Mi1,5916.8
36346,Mi1,5916.8
37138,Mi1,5916.8
39158,Mi1,5916.8
93957,T4b,5916.8
121887,T4b,5916.8
95972,T4d,5916.9
104683,T4b,5916.9
149504,T4d,5916.9
87722,T2a,5916.9
46248,Mi1,5916.9
39651,Mi1,5916.9
82674,T4a,5916.9
38987,Mi1,5917.000000000001
78739,T4b,5917.000000000001
96830,T4b,5917.000000000001
98175,T4c,5917.000000000001
100501,T4b,5917.000000000001
110757,T4b,5917.000000000001
107609,T4d,5917.1
80855,Tm3,5917.1
70490,Mi1,5917.1
39595,Mi1,5917.1
41136,Mi1,5917.1
43872,Mi1,5917.1
88281,T4b,5917.2
106190,T4d,5917.2
100033,T4c,5917.2
91934,T4a,5917.2
69793,T2a,5917.2
100105,T4a,5917.2
38687,Mi1,5917.2
35934,Mi1,5917.2
35512,Mi1,5917.2
22194,LC4,5917.2
67614,Mi1,5917.2
108344,T4d,5917.3
98300,T4a,5917.3
93334,T4b,5917.3
89020,T4a,5917.3
100190,T4c,5917.3
39688,Mi1,5917.3
37088,Mi1,5917.3
36139,Mi1,5917.3
34171,Mi1,5917.3
75660,T2a,5917.3
119213,T4c,5917.400000000001
98398,T4c,5917.400000000001
92181,T4a,5917.400000000001
40219,Mi1,5917.400000000001
36446,Mi1,5917.400000000001
48531,Mi1,5917.400000000001
46784,Mi1,5917.5
99663,T4c,5917.5
101480,T4c,5917.5
112321,T4d,5917.5
90394,T4a,5917.6
100673,T4b,5917.6
88167,T4b,5917.6
10023,HSS,5917.6
38767,Mi1,5917.6
35428,Mi1,5917.6
71188,T2a,5917.6
106166,T4b,5917.7
105574,T4d,5917.7
123514,Tm3,5917.7
38721,Mi1,5917.7
38477,Mi1,5917.7
94668,T4d,5917.7
35888,Mi1,5917.8
93025,T4b,5917.8
31848,Mi1,5917.900000000001
34300,Mi1,5917.900000000001
37000,Mi1,5917.900000000001
108065,T4c,5917.900000000001
117221,T4c,5917.900000000001
93564,T4d,5918.0
69546,Tm3,5918.0
103780,T4c,5918.0
35498,Mi1,5918.0
34862,Mi1,5918.0
40505,Mi1,5918.0
35712,Mi1,5918.099999999999
39164,Mi1,5918.099999999999
102595,T4d,5918.099999999999
90206,T4b,5918.200000000001
70708,T2,5918.200000000001
43615,Mi1,5918.200000000001
112027,T4d,5918.200000000001
41536,Mi1,5918.200000000001
10206,VS,5918.200000000001
42675,Mi1,5918.200000000001
31492,Mi1,5918.3
35234,Mi1,5918.3
35777,Mi1,5918.3
37044,Mi1,5918.3
42691,Mi1,5918.3
97028,T4c,5918.3
107835,T4b,5918.3
81215,Tm3,5918.4
90520,T4a,5918.4
104336,T4b,5918.4
106338,T4a,5918.5
80282,T4d,5918.5
103160,T4a,5918.5
44592,TmY3,5918.5
37680,Mi1,5918.5
67810,Tm3,5918.5
107095,T4c,5918.6
98039,T4d,5918.6
92082,T4b,5918.6
98846,T4c,5918.6
41809,Mi1,5918.6
39716,Mi1,5918.6
10025,H2,5918.6
74231,Tm3,5918.6
10112,VS,5918.7
40795,Mi1,5918.7
47967,Mi1,5918.7
90740,Tm3,5918.7
100838,T4c,5918.7
102479,T4c,5918.7
95356,T4a,5918.8
97145,T4c,5918.8
67072,T2a,5918.8
67308,Mi1,5918.8
37224,Mi1,5918.8
34899,Mi1,5918.8
38241,Mi1,5918.8
92640,T4d,5918.900000000001
10755,H1,5918.900000000001
37509,Mi1,5918.900000000001
40411,Mi1,5918.900000000001
41626,Mi1,5918.900000000001
80906,T4c,5918.900000000001
88353,T4b,5918.900000000001
113207,T4d,5918.900000000001
102425,T4b,5919.0
99387,T4a,5919.0
97480,T4c,5919.0
10012,VS,5919.0
40936,Mi1,5919.0
37353,Mi1,5919.0
102910,T4b,5919.0
45162,TmY3,5919.0
100787,T4b,5919.1
97981,T4a,5919.1
103022,T4a,5919.1
88398,T4a,5919.1
82299,T4c,5919.1
75343,Tm3,5919.1
57398,Mi1,5919.1
10311,VS,5919.1
98598,T4c,5919.2
91806,T4a,5919.2
45349,Mi1,5919.2
110604,T4a,5919.2
43063,Mi1,5919.2
40400,Mi1,5919.2
43485,Mi1,5919.2
38791,Mi1,5919.3
91510,T4c,5919.3
98312,T4a,5919.3
100567,T4d,5919.3
101228,T4a,5919.3
101245,T4a,5919.3
110855,T4a,5919.3
83009,T4b,5919.400000000001
73767,Mi1,5919.400000000001
108757,T4c,5919.400000000001
36540,Mi1,5919.400000000001
65671,Mi1,5919.400000000001
37585,Mi1,5919.5
37631,Mi1,5919.5
37948,Mi1,5919.5
66227,Tm3,5919.5
107075,T4d,5919.5
10037,VS,5919.599999999999
37037,Mi1,5919.599999999999
88922,T4c,5919.599999999999
101945,T4b,5919.599999999999
92862,T4b,5919.700000000001
80812,T4a,5919.700000000001
69380,Tm3,5919.700000000001
68485,T2a,5919.700000000001
33091,Mi1,5919.700000000001
39718,Mi1,5919.700000000001
34404,Mi1,5919.700000000001
33614,Mi1,5919.700000000001
56564,Mi1,5919.700000000001
101215,T4c,5919.8
103527,T4c,5919.8
101081,T4c,5919.8
107211,T4d,5919.8
30997,Mi1,5919.8
94549,T4b,5919.8
30923,TmY3,5919.8
10016,HSE,5919.9
16033,Li28,5919.9
36452,Mi1,5919.9
40085,Mi1,5919.9
66808,Tm3,5919.9
112393,T4a,5919.9
44449,TmY3,5920.0
106912,Tm3,5920.0
100956,T4d,5920.0
36911,Mi1,5920.0
36177,Mi1,5920.0
81378,T4b,5920.0
90888,T4b,5920.1
36695,Mi1,5920.1
38993,Mi1,5920.1
86778,T4a,5920.1
94153,T4d,5920.1
97231,T4a,5920.2
85229,T4c,5920.2
91469,T4c,5920.2
53065,Mi1,5920.2
77916,T2a,5920.2
10015,HSN,5920.3
39894,T4b,5920.3
71164,Mi1,5920.3
72794,Tm3,5920.3
96015,T4c,5920.3
98890,T4c,5920.3
83067,T4b,5920.4
112775,T4d,5920.4
93927,T4a,5920.4
67464,Mi1,5920.4
64712,T2a,5920.4
58945,Tm3,5920.4
70812,TmY3,5920.4
109153,T4a,5920.5
37391,Mi1,5920.5
39629,Mi1,5920.5
42594,Mi1,5920.5
89290,T4d,5920.5
107442,T4d,5920.5
70158,T2a,5920.6
58224,Mi1,5920.6
78820,T2a,5920.6
100087,T4b,5920.6
46745,Mi1,5920.6
37839,Mi1,5920.6
35770,Mi1,5920.6
38487,Mi1,5920.6
35100,Mi1,5920.7
37390,Mi1,5920.7
91682,T4b,5920.7
17280,Li28,5920.799999999999
91313,T4a,5920.799999999999
92415,T4a,5920.799999999999
526158,Mi1,5920.799999999999
119245,T4d,5920.900000000001
101732,T4c,5920.900000000001
71131,Tm3,5920.900000000001
38238,Mi1,5920.900000000001
37756,Mi1,5920.900000000001
35152,Mi1,5920.900000000001
33655,Mi1,5921.0
60979,TmY3,5921.0
62078,Mi1,5921.0
69164,Mi1,5921.0
98118,T4c,5921.099999999999
95017,T4c,5921.099999999999
116311,T4d,5921.099999999999
68982,Tm3,5921.099999999999
64341,TmY3,5921.099999999999
35602,Mi1,5921.099999999999
36994,Mi1,5921.099999999999
36881,Mi1,5921.099999999999
23606,Mi1,5921.099999999999
11134,VSm,5921.099999999999
39438,Mi1,5921.099999999999
96576,T4c,5921.200000000001
95242,T4d,5921.200000000001
84008,T4c,5921.200000000001
78856,Tm3,5921.200000000001
64977,T2,5921.200000000001
45319,Mi1,5921.200000000001
37084,Mi1,5921.200000000001
65833,Mi1,5921.200000000001
52485,TmY3,5921.3
94356,T4c,5921.3
118029,T4b,5921.3
95985,T4c,5921.400000000001
103870,T4a,5921.400000000001
101885,T4a,5921.400000000001
81015,T4a,5921.400000000001
122233,Tm3,5921.400000000001
41654,Mi1,5921.400000000001
38893,Mi1,5921.400000000001
38857,Mi1,5921.400000000001
44222,Mi1,5921.400000000001
111852,T4a,5921.5
72896,Tm3,5921.5
72655,Mi1,5921.5
83191,T4a,5921.5
38178,Mi1,5921.5
17596,Li28,5921.5
10023,HSS,5921.5
68562,T2a,5921.5
40106,Mi1,5921.6
65531,T2a,5921.6
87289,T4a,5921.6
91325,T4a,5921.6
97326,T4c,5921.6
100633,T4a,5921.700000000001
104621,T4c,5921.700000000001
100726,T4d,5921.700000000001
94368,T4a,5921.700000000001
107420,T4b,5921.700000000001
35572,Mi1,5921.700000000001
34849,Mi1,5921.700000000001
34079,Mi1,5921.700000000001
79259,T4b,5921.700000000001
10025,H2,5921.8
44282,Mi1,5921.8
86141,T4b,5921.8
100488,T4c,5921.8
126163,Tm3,5921.8
131034,Tm3,5921.8
542412,Mi1,5921.8
107621,T4d,5921.9
97784,T4c,5921.9
69915,TmY3,5921.9
51122,Mi1,5921.9
40944,Mi1,5921.9
19292,Li28,5921.9
15909,Li28,5921.9
39727,Mi1,5921.9
37677,Mi1,5922.000000000001
42533,TmY3,5922.000000000001
86536,Tm3,5922.000000000001
96090,T4c,5922.000000000001
102909,T4c,5922.000000000001
104202,T4d,5922.000000000001
110386,T4d,5922.000000000001
525839,Mi1,5922.000000000001
101302,T4d,5922.1
106121,T4a,5922.1
89092,T4c,5922.1
37108,Mi1,5922.1
41950,Mi1,5922.1
44700,Mi1,5922.1
33446,Mi1,5922.2
92046,T4d,5922.2
74259,T2a,5922.2
69266,Tm3,5922.2
45176,Mi1,5922.2
113991,T4d,5922.2
36158,Mi1,5922.2
35836,Mi1,5922.2
35724,Mi1,5922.2
39500,Mi1,5922.2
92146,T4a,5922.2
15422,VST2,5922.3
77891,Tm3,5922.3
98467,T4d,5922.3
107297,T4c,5922.3
116439,T4c,5922.3
70642,T2a,5922.400000000001
122273,Tm3,5922.400000000001
91366,T4b,5922.400000000001
86175,T4a,5922.400000000001
75550,Tm3,5922.400000000001
45948,TmY3,5922.400000000001
38708,Mi1,5922.400000000001
37529,Mi1,5922.400000000001
36252,Mi1,5922.400000000001
40958,Mi1,5922.400000000001
94948,T4c,5922.5
90423,T4b,5922.5
88039,T4c,5922.5
103108,T4b,5922.5
39692,TmY3,5922.5
36369,Mi1,5922.5
77395,T4b,5922.5
10284,VS,5922.6
27788,Mi1,5922.6
37438,Mi1,5922.6
39405,Mi1,5922.6
69425,T2a,5922.6
88095,T4d,5922.6
122308,Tm3,5922.6
93947,T4a,5922.7
110182,T4c,5922.7
96365,T4a,5922.7
72501,Mi1,5922.7
10112,VS,5922.7
35840,Mi1,5922.7
33918,Mi1,5922.7
42758,Mi1,5922.7
34606,Mi1,5922.7
10037,VS,5922.8
16545,Li28,5922.8
34658,Mi1,5922.8
38772,Mi1,5922.8
40832,Mi1,5922.8
72955,T2a,5922.8
109916,T4d,5922.8
74411,Mi1,5922.900000000001
92472,T4c,5922.900000000001
96852,T4a,5922.900000000001
98887,T4b,5922.900000000001
102016,T4a,5922.900000000001
106819,T4b,5922.900000000001
537004,VSm,5923.0
49441,TmY3,5923.0
40577,Mi1,5923.0
95532,T4a,5923.0
33766,Mi1,5923.0
11981,Li28,5923.0
38768,Mi1,5923.0
33394,Mi1,5923.1
34329,Mi1,5923.1
35416,Mi1,5923.1
38648,Mi1,5923.1
48514,TmY3,5923.1
97306,T4a,5923.1
104257,T4b,5923.1
114391,T4d,5923.1
107240,T4b,5923.200000000001
72665,Mi1,5923.200000000001
51049,Mi1,5923.200000000001
10016,HSE,5923.200000000001
40235,Mi1,5923.200000000001
49324,Mi1,5923.200000000001
107031,T4b,5923.3
35580,Mi1,5923.3
48547,TmY3,5923.3
63825,Tm3,5923.3
96676,T4b,5923.3
103025,T4a,5923.3
47240,TmY3,5923.4
43783,Mi1,5923.4
39743,Mi1,5923.4
37294,Mi1,5923.500000000001
59008,Mi1,5923.500000000001
90145,T4a,5923.500000000001
95883,T4a,5923.500000000001
99671,T4c,5923.500000000001
102462,T4c,5923.500000000001
105403,T4c,5923.500000000001
103645,T4c,5923.6
530434,Tm3,5923.6
98862,Tm3,5923.6
93865,T4c,5923.6
93021,T4a,5923.6
90135,T4c,5923.6
87845,T4a,5923.6
102741,T4c,5923.6
79449,T4b,5923.6
51963,TmY3,5923.6
46662,TmY3,5923.6
42942,Mi1,5923.6
40854,Mi1,5923.6
37853,Mi1,5923.6
10755,H1,5923.6
85664,TmY3,5923.6
95926,T4a,5923.7
91283,T4c,5923.7
82855,Tm3,5923.7
38596,Mi1,5923.7
38710,Mi1,5923.7
34045,Mi1,5923.7
20634,VST1,5923.7
12521,HST,5923.7
35897,Mi1,5923.7
95454,T4a,5923.8
10015,HSN,5923.8
33462,Mi1,5923.8
39791,Mi1,5923.8
40703,Mi1,5923.8
42895,Mi1,5923.8
57349,Mi1,5923.8
74504,T2a,5923.8
82515,Tm3,5923.8
96003,T4d,5923.8
104853,T4c,5923.900000000001
117882,T4b,5923.900000000001
96295,T4b,5923.900000000001
43689,Mi1,5923.900000000001
59864,Tm3,5923.900000000001
71089,Mi1,5923.900000000001
35113,Mi1,5923.900000000001
10206,VS,5924.0
74303,Mi1,5924.0
80197,T4a,5924.0
87873,T4b,5924.0
115686,T4b,5924.0
107170,T4b,5924.1
90121,T4b,5924.1
81211,Tm3,5924.1
50552,Mi1,5924.1
35218,Mi1,5924.1
20264,Li28,5924.1
14209,Li28,5924.2
45322,Mi1,5924.2
72426,Tm3,5924.2
91288,T4c,5924.2
98349,T4a,5924.2
103497,Tm3,5924.2
98504,T4c,5924.3
94468,T4c,5924.3
40596,Mi1,5924.3
42856,Mi1,5924.3
41435,Mi1,5924.400000000001
48286,Mi1,5924.400000000001
94324,Tm3,5924.400000000001
99011,T4c,5924.400000000001
104884,T4b,5924.400000000001
43334,TmY3,5924.5
32893,Mi1,5924.5
33942,Mi1,5924.5
34626,Mi1,5924.5
43965,Mi1,5924.5
85536,T4a,5924.5
91629,T4a,5924.5
92114,T4c,5924.5
96199,T4a,5924.5
103677,T4b,5924.5
108675,T4b,5924.599999999999
118610,T4b,5924.599999999999
97675,T4c,5924.599999999999
76121,Tm3,5924.599999999999
43323,Mi1,5924.599999999999
37270,Mi1,5924.599999999999
35734,Mi1,5924.599999999999
44527,Mi1,5924.599999999999
34938,Mi1,5924.700000000001
92668,T2a,5924.700000000001
49516,TmY3,5924.8
10012,VS,5924.8
39505,Mi1,5924.8
74731,T2a,5924.8
78477,T4a,5924.8
89102,T4d,5924.8
94624,T4a,5924.8
98393,T4a,5924.8
104858,T4b,5924.9
95005,T4a,5924.9
94081,T4c,5924.9
99975,T4c,5924.9
37371,Mi1,5924.9
35235,Mi1,5924.9
10025,H2,5924.9
38133,Mi1,5924.9
37927,Mi1,5925.000000000001
39067,Mi1,5925.000000000001
58703,T2,5925.000000000001
59397,Mi1,5925.000000000001
71402,Tm3,5925.000000000001
106745,T4b,5925.000000000001
103765,T4d,5925.1
100319,T4b,5925.1
88152,T4c,5925.1
32535,Mi1,5925.1
39525,Mi1,5925.1
25893,VST1,5925.1
40026,TmY3,5925.1
116633,T4c,5925.2
89282,T4a,5925.2
101878,T4a,5925.2
103657,T4b,5925.2
109631,T4b,5925.2
91913,T4b,5925.3
83689,T4a,5925.3
105521,T4c,5925.3
75027,Tm3,5925.3
106535,T4d,5925.3
41296,Mi1,5925.3
10023,HSS,5925.3
42872,Mi1,5925.3
36217,Mi1,5925.3
24338,LC4,5925.3
93972,T4a,5925.400000000001
120928,T4d,5925.400000000001
104412,T4a,5925.5
39275,Mi1,5925.5
111857,T4d,5925.5
35260,Mi1,5925.5
23047,Li28,5925.5
38514,Mi1,5925.5
41709,Mi1,5925.5
34142,Mi1,5925.6
37243,Mi1,5925.6
67113,Mi1,5925.6
72148,Tm3,5925.6
88625,T4c,5925.6
103195,T4a,5925.6
105135,T4c,5925.6
93984,T4b,5925.7
109336,T4b,5925.7
98000,T4b,5925.7
74044,Tm3,5925.7
46827,Mi1,5925.7
41668,Mi1,5925.7
65106,T2,5925.7
33110,Mi1,5925.8
35173,Mi1,5925.8
36990,Mi1,5925.8
104450,T4a,5925.8
102579,T4b,5925.900000000001
100345,T4c,5925.900000000001
112806,T4c,5925.900000000001
77480,Tm3,5925.900000000001
72190,Tm3,5925.900000000001
87424,T4d,5925.900000000001
15019,Li28,5926.0
34463,Mi1,5926.0
36954,Mi1,5926.0
54087,Mi1,5926.0
64149,Mi1,5926.0
67408,Mi1,5926.0
74375,Tm3,5926.0
75377,T2a,5926.0
85866,T4b,5926.0
103654,T4b,5926.0
120201,T4b,5926.099999999999
112619,T4d,5926.099999999999
34933,Mi1,5926.099999999999
76003,Tm3,5926.099999999999
93166,T4c,5926.099999999999
10037,VS,5926.200000000001
35845,Mi1,5926.200000000001
66872,T2,5926.200000000001
68840,TmY3,5926.200000000001
82425,T4b,5926.200000000001
85126,T4a,5926.200000000001
95287,T4a,5926.200000000001
98238,T4b,5926.200000000001
98325,T4d,5926.200000000001
101441,T4a,5926.200000000001
102991,T4c,5926.3
102814,T4b,5926.3
98194,T4d,5926.3
41464,TmY3,5926.3
72989,Tm3,5926.3
69889,T2a,5926.3
98137,T4d,5926.3
33326,Mi1,5926.4
37555,Mi1,5926.4
68342,Tm3,5926.4
81995,Tm3,5926.4
77906,T2a,5926.5
171349687,Tm3,5926.5
68167,Tm3,5926.5
10016,HSE,5926.5
37113,Mi1,5926.5
34479,Mi1,5926.5
41399,Mi1,5926.5
111416,Tm3,5926.6
106952,T4b,5926.6
105313,T4a,5926.6
108625,T4b,5926.6
94703,T4c,5926.6
44119,Mi1,5926.6
10112,VS,5926.6
97171,T4d,5926.6
113107,T4a,5926.7
40171,Mi1,5926.7
70632,Tm3,5926.7
73122,T2a,5926.7
82099,T4b,5926.7
99131,T4c,5926.7
102572,T4c,5926.7
105332,T4b,5926.7
79271,T4a,5926.8
33017,Mi1,5926.8
37123,Mi1,5926.8
121245,Tm3,5926.900000000001
106200,T4c,5926.900000000001
95554,T4b,5926.900000000001
95239,T4a,5926.900000000001
77910,Tm3,5926.900000000001
66852,Mi1,5926.900000000001
94953,T4d,5926.900000000001
40635,Mi1,5926.900000000001
36305,Mi1,5926.900000000001
33907,Mi1,5926.900000000001
16033,Li28,5926.900000000001
10269,OA-AL2i2,5926.900000000001
65307,T2,5926.900000000001
48060,Mi1,5927.0
75966,T2a,5927.0
111746,Tm3,5927.0
107334,T4a,5927.1
99950,T4c,5927.1
104256,T4a,5927.1
84759,T2a,5927.1
35447,Mi1,5927.1
90474,T4b,5927.1
59959,Mi1,5927.2
63994,Mi1,5927.2
88491,T4a,5927.2
95458,T4d,5927.2
101043,T4c,5927.2
108066,T4b,5927.2
98360,T4c,5927.3
88698,T4a,5927.3
10015,HSN,5927.3
15263,Li28,5927.3
35405,Mi1,5927.400000000001
38421,Mi1,5927.400000000001
45719,Mi1,5927.400000000001
91674,T4a,5927.400000000001
96812,T4a,5927.400000000001
103073,T4a,5927.400000000001
103827,T4c,5927.400000000001
109142,T4b,5927.400000000001
121816,T4a,5927.400000000001
105565,Tm3,5927.5
92254,T4b,5927.5
36275,Mi1,5927.5
43414,Mi1,5927.5
34356,Mi1,5927.599999999999
38455,Mi1,5927.599999999999
44564,TmY3,5927.599999999999
55976,Mi1,5927.599999999999
57239,Mi1,5927.599999999999
77846,Tm3,5927.599999999999
103226,T4d,5927.599999999999
117364,T4b,5927.599999999999
81401,T4b,5927.700000000001
52350,Mi1,5927.700000000001
58862,Mi1,5927.700000000001
109996,T4c,5927.700000000001
109326,T4c,5927.8
104753,T4a,5927.8
114088,T4d,5927.8
72279,Mi1,5927.8
38479,Mi1,5927.8
98837,T4c,5927.8
108870,T4a,5927.9
103867,T4a,5927.9
74287,Tm3,5927.9
64849,Tm3,5927.9
38208,Mi1,5927.9
41522,Mi1,5927.9
15909,Li28,5927.9
45696,Mi1,5927.9
10001,DNp01,5928.0
38230,Mi1,5928.0
40256,Mi1,5928.0
42119,Mi1,5928.0
57871,T2,5928.0
61292,T2,5928.0
73139,Tm3,5928.0
82208,T2a,5928.0
71765,T2a,5928.1
71674,T2a,5928.1
79253,T4a,5928.1
10025,H2,5928.1
47211,Mi1,5928.1
107529,T4d,5928.1
95677,T4c,5928.2
96434,T4d,5928.2
90112,T4c,5928.2
90533,T4c,5928.2
61500,Tm3,5928.2
36646,Mi1,5928.2
34867,Mi1,5928.2
33216,Mi1,5928.3
34057,Mi1,5928.3
35774,Mi1,5928.3
44438,Mi1,5928.3
69980,Tm3,5928.3
84063,T4b,5928.3
85938,T4a,5928.3
115369,T4c,5928.4
97545,T4c,5928.4
95822,T4b,5928.4
94866,T4d,5928.4
117039,T4c,5928.4
68475,T2a,5928.4
93750,T4c,5928.4
37599,Mi1,5928.4
103440,T4d,5928.4
38461,Mi1,5928.4
100310,T4d,5928.5
55101,Mi1,5928.5
83307,Tm3,5928.5
89434,T4c,5928.5
97878,T4b,5928.5
98099,T4b,5928.5
112594,T4b,5928.6
107819,T4c,5928.6
104703,T4d,5928.6
100032,T4c,5928.6
68412,T2a,5928.6
69441,Tm3,5928.6
125288,Tm3,5928.6
10755,H1,5928.6
97769,T4a,5928.6
108475,T4b,5928.7
114995,T4b,5928.7
106295,T4b,5928.7
127970,Tm3,5928.7
98439,T4a,5928.7
108199,T4c,5928.7
89784,T4b,5928.7
41637,Mi1,5928.7
71394,T2a,5928.7
97835,T4a,5928.7
86558,T4b,5928.7
84800,Tm3,5928.7
85778,T4b,5928.799999999999
108948,T4b,5928.799999999999
99074,T4b,5928.799999999999
93224,T4a,5928.799999999999
84631,T4c,5928.799999999999
78731,Tm3,5928.799999999999
78421,T2a,5928.799999999999
74088,T2a,5928.799999999999
63420,Mi1,5928.799999999999
57164,TmY3,5928.799999999999
63468,Mi1,5928.900000000001
71361,Tm3,5928.900000000001
80582,T4a,5928.900000000001
85378,T4a,5928.900000000001
63175,Mi1,5929.0
99670,T4c,5929.0
36684,Mi1,5929.0
11134,VSm,5929.0
34296,Mi1,5929.0
10023,HSS,5929.1
34272,Mi1,5929.1
36533,Mi1,5929.1
89728,Tm3,5929.1
92281,T4c,5929.1
100785,T4b,5929.1
107445,T4a,5929.1
107464,T4a,5929.1
117551,Tm3,5929.1
105706,T4a,5929.3
95007,T4a,5929.3
94147,T4a,5929.3
89409,T4a,5929.3
83438,T4a,5929.3
16545,Li28,5929.3
78025,T2a,5929.3
76074,Tm3,5929.3
41545,Mi1,5929.3
107486,T4c,5929.3
78086,T4c,5929.3
71931,Tm3,5929.400000000001
80793,T2a,5929.400000000001
11981,Li28,5929.400000000001
35017,Mi1,5929.400000000001
99672,T4a,5929.400000000001
102153,T4c,5929.5
113945,T4d,5929.5
87566,T4a,5929.5
71228,T2a,5929.5
41120,Mi1,5929.5
39858,Mi1,5929.5
35001,Mi1,5929.5
97872,T4d,5929.6
91222,T4d,5929.6
50311,TmY3,5929.6
93935,T4a,5929.6
35290,Mi1,5929.6
10016,HSE,5929.6
43978,Mi1,5929.6
83583,T4d,5929.700000000001
113228,T4b,5929.700000000001
105545,T4d,5929.700000000001
105387,T4b,5929.700000000001
96394,T4b,5929.700000000001
94058,T4b,5929.700000000001
82313,T4a,5929.700000000001
94071,T4a,5929.700000000001
41613,Mi1,5929.700000000001
38987,Mi1,5929.700000000001
37019,Mi1,5929.700000000001
35806,Mi1,5929.700000000001
10284,VS,5929.700000000001
10206,VS,5929.700000000001
10037,VS,5929.700000000001
81996,T2a,5929.700000000001
546524,Mi1,5929.8
151155,T4b,5929.8
105541,T4a,5929.8
98985,T4c,5929.8
56984,TmY3,5929.8
42006,TmY3,5929.8
38748,Mi1,5929.8
91725,T4b,5929.8
16570,VST2,5929.9
34189,Mi1,5929.9
36410,Mi1,5929.9
48894,TmY3,5929.9
83204,T4d,5929.9
93482,T4d,5929.9
98692,T4a,5929.9
109645,T4b,5929.9
106401,T4d,5930.000000000001
90419,T4b,5930.000000000001
102975,T4b,5930.000000000001
16596,Li28,5930.000000000001
37699,Mi1,5930.000000000001
114201,T4c,5930.1
108249,T4a,5930.1
102229,T4d,5930.1
91987,T4c,5930.1
85856,TmY3,5930.1
89368,T4c,5930.1
63489,T2,5930.1
48531,Mi1,5930.1
38227,Mi1,5930.1
35683,Mi1,5930.1
35045,Mi1,5930.1
80670,T4a,5930.1
37138,Mi1,5930.2
38529,Mi1,5930.2
101994,T4a,5930.3
108594,T4d,5930.3
100046,T4b,5930.3
106950,T4c,5930.3
61353,T2,5930.3
41659,Mi1,5930.3
91179,T4a,5930.3
118260,T4d,5930.400000000001
96931,T4b,5930.400000000001
106362,T4d,5930.400000000001
104905,T4c,5930.400000000001
92939,T4b,5930.400000000001
34171,Mi1,5930.400000000001
69063,Mi1,5930.400000000001
66214,T2a,5930.400000000001
64540,T2,5930.400000000001
40426,Mi1,5930.400000000001
90049,T4c,5930.400000000001
103557,T4a,5930.5
35890,Mi1,5930.5
66980,T2a,5930.5
71944,T2a,5930.5
84267,T4c,5930.5
93509,T4b,5930.5
94179,T4a,5930.5
98788,T4d,5930.5
90097,T4c,5930.6
86907,T4a,5930.6
110646,T4b,5930.6
93688,T4a,5930.6
78503,T2a,5930.6
83639,T2a,5930.6
61768,T2,5930.6
41136,Mi1,5930.6
35934,Mi1,5930.6
17280,Li28,5930.6
78317,T4a,5930.6
36346,Mi1,5930.7
36660,Mi1,5930.7
92054,T4b,5930.7
98448,T4b,5930.7
101589,T4a,5930.7
101685,T4b,5930.8
547091,T2,5930.8
10015,HSN,5930.8
41804,Mi1,5930.8
100282,T4a,5930.8
10012,VS,5930.900000000001
47368,TmY3,5930.900000000001
76038,Tm3,5931.0
108276,T4a,5931.0
86630,Tm3,5931.0
74228,Tm3,5931.0
61968,T2,5931.0
36139,Mi1,5931.0
10112,VS,5931.0
10025,H2,5931.0
94596,T4b,5931.1
104017,T4b,5931.1
92047,T4c,5931.1
38632,Mi1,5931.1
40219,Mi1,5931.1
70289,Mi1,5931.1
36446,Mi1,5931.200000000001
37088,Mi1,5931.200000000001
94283,T4d,5931.200000000001
34300,Mi1,5931.3
46784,Mi1,5931.3
60857,Mi1,5931.3
85152,T4c,5931.3
85924,T4a,5931.3
99628,T4b,5931.4
102147,T4c,5931.4
92055,T4c,5931.4
117748,Tm3,5931.4
34369,Mi1,5931.4
22108,TmY3,5931.4
35888,Mi1,5931.4
537004,VSm,5931.500000000001
47967,Mi1,5931.500000000001
110988,T4a,5931.500000000001
74997,Tm3,5931.500000000001
42048,Mi1,5931.500000000001
35234,Mi1,5931.500000000001
39164,Mi1,5931.500000000001
37568,Mi1,5931.500000000001
39651,Mi1,5931.500000000001
39158,Mi1,5931.500000000001
38721,Mi1,5931.500000000001
35512,Mi1,5931.6
37509,Mi1,5931.6
46324,TmY3,5931.6
77174,T2a,5931.6
95235,T4d,5931.6
97186,T4a,5931.6
56918,TmY3,5931.6
38767,Mi1,5931.7
56762,TmY3,5931.7
60886,T2a,5931.7
85170,T4c,5931.7
112241,T4b,5931.8
91057,T4c,5931.8
81486,T4b,5931.8
60856,T2a,5931.8
46248,Mi1,5931.8
79345,T2a,5931.8
39595,Mi1,5931.900000000001
70635,Tm3,5931.900000000001
78911,Tm3,5931.900000000001
85429,T4d,5931.900000000001
88575,T4b,5931.900000000001
102786,Tm3,5931.900000000001
106840,T4b,5932.0
99157,T4a,5932.0
80483,T4c,5932.0
40411,Mi1,5932.0
44244,TmY3,5932.0
40505,Mi1,5932.0
74860,Tm3,5932.0
89825,T4a,5932.1
31848,Mi1,5932.1
66538,T2,5932.1
91741,T4d,5932.1
98817,T4a,5932.2
108461,T4b,5932.2
95736,T4c,5932.2
37948,Mi1,5932.2
83125,T4b,5932.2
35498,Mi1,5932.2
37044,Mi1,5932.3
38477,Mi1,5932.3
67963,Tm3,5932.3
73447,Tm3,5932.3
34899,Mi1,5932.400000000001
37000,Mi1,5932.400000000001
37224,Mi1,5932.400000000001
67308,Mi1,5932.400000000001
91505,T4c,5932.400000000001
93360,T4b,5932.400000000001
101772,Tm3,5932.400000000001
101620,T4b,5932.5
100033,T4c,5932.5
68535,T2a,5932.5
66345,T2a,5932.5
98751,T4a,5932.5
31492,Mi1,5932.599999999999
38241,Mi1,5932.599999999999
38791,Mi1,5932.599999999999
41536,Mi1,5932.599999999999
84328,T4a,5932.599999999999
102409,T4c,5932.599999999999
101463,T4d,5932.700000000001
113414,T4d,5932.700000000001
107640,T4c,5932.700000000001
104130,T4a,5932.700000000001
90219,T4a,5932.700000000001
10023,HSS,5932.700000000001
38687,Mi1,5932.700000000001
34862,Mi1,5932.700000000001
10016,HSE,5932.700000000001
67614,Mi1,5932.700000000001
112744,T4d,5932.8
104622,T4b,5932.8
100165,T4b,5932.8
83556,Tm3,5932.8
39716,Mi1,5932.8
43872,Mi1,5932.8
37353,Mi1,5932.8
36452,Mi1,5932.8
35428,Mi1,5932.8
16033,Li28,5932.8
39688,Mi1,5932.8
77527,T4a,5932.9
102845,T4b,5932.9
102031,T4c,5932.9
96262,T4c,5932.9
89252,T4b,5932.9
70490,Mi1,5932.9
30997,Mi1,5932.9
57398,Mi1,5932.9
36177,Mi1,5932.9
63868,T2a,5932.9
42675,Mi1,5932.9
37391,Mi1,5932.9
10755,H1,5933.000000000001
12521,HST,5933.000000000001
41809,Mi1,5933.000000000001
73767,Mi1,5933.000000000001
92839,T4b,5933.000000000001
97318,T4d,5933.000000000001
99980,T4c,5933.000000000001
110987,Tm3,5933.000000000001
72005,Tm3,5933.000000000001
96657,T4c,5933.1
75521,T2a,5933.1
94282,T4c,5933.1
79483,Tm3,5933.2
42691,Mi1,5933.2
10037,VS,5933.2
40936,Mi1,5933.2
97866,T4d,5933.3
96134,T4b,5933.3
92706,T4a,5933.3
59528,T2a,5933.3
120594,T4c,5933.3
40085,Mi1,5933.3
37631,Mi1,5933.3
36540,Mi1,5933.3
53065,Mi1,5933.3
36911,Mi1,5933.400000000001
40400,Mi1,5933.400000000001
56564,Mi1,5933.400000000001
81733,Tm3,5933.400000000001
105180,T4c,5933.400000000001
110693,Tm3,5933.400000000001
76446,TmY3,5933.5
123490,Tm3,5933.5
79297,T4a,5933.5
40795,Mi1,5933.5
37037,Mi1,5933.5
56007,TmY3,5933.5
35712,Mi1,5933.5
15909,Li28,5933.5
102388,T4d,5933.6
102045,T4a,5933.6
100856,T4a,5933.6
83042,T4b,5933.6
104123,T4b,5933.6
45349,Mi1,5933.6
44449,TmY3,5933.6
38238,Mi1,5933.6
69736,Tm3,5933.6
43615,Mi1,5933.7
75298,T2a,5933.7
97288,T4c,5933.7
97677,T4c,5933.7
39438,Mi1,5933.8
39718,Mi1,5933.8
91303,T4b,5933.8
98398,T4c,5933.8
86992,T4b,5933.900000000001
121093,T4b,5933.900000000001
108325,T4c,5933.900000000001
42758,Mi1,5933.900000000001
42594,Mi1,5933.900000000001
41626,Mi1,5933.900000000001
34404,Mi1,5933.900000000001
35770,Mi1,5933.900000000001
10025,H2,5934.0
37680,Mi1,5934.0
65671,Mi1,5934.0
71652,Tm3,5934.0
92431,T4a,5934.0
97853,T4c,5934.0
97193,T4a,5934.0
37585,Mi1,5934.099999999999
96671,T4c,5934.099999999999
10015,HSN,5934.200000000001
69543,T2a,5934.200000000001
87390,T2a,5934.200000000001
97899,T4a,5934.200000000001
111380,Tm3,5934.200000000001
107812,T4a,5934.3
38857,Mi1,5934.3
129930,Tm3,5934.3
99922,T4c,5934.3
116129,T4b,5934.3
99258,T4c,5934.3
33614,Mi1,5934.3
72066,Tm3,5934.3
36881,Mi1,5934.3
86504,T4b,5934.3
71447,T4c,5934.3
35777,Mi1,5934.4
51122,Mi1,5934.4
63332,T2,5934.4
89110,Tm3,5934.4
95453,T4a,5934.4
97256,T4c,5934.4
94574,T4c,5934.4
43485,Mi1,5934.5
103425,T4a,5934.5
104931,T4c,5934.5
108119,T4c,5934.5
111949,T4c,5934.5
94549,T4b,5934.6
87763,T4a,5934.6
67150,T2a,5934.6
33655,Mi1,5934.6
39727,Mi1,5934.6
49322,TmY3,5934.7
68264,Tm3,5934.7
83465,T4a,5934.7
89142,T4b,5934.7
105718,T4b,5934.7
106886,T4c,5934.8
105122,T4b,5934.8
96126,T4b,5934.8
90657,T4a,5934.8
36994,Mi1,5934.8
37839,Mi1,5934.8
37677,Mi1,5934.8
35100,Mi1,5934.8
132624,Tm3,5934.8
80838,T2a,5934.8
33091,Mi1,5934.9
35836,Mi1,5934.9
10072,OA-AL2i1,5934.9
39629,Mi1,5934.9
65833,Mi1,5935.0
62078,Mi1,5935.0
64633,T2a,5935.0
58224,Mi1,5935.0
38993,Mi1,5935.0
50345,TmY3,5935.1
66227,Tm3,5935.1
74937,T2a,5935.1
85074,T4a,5935.1
86416,T4a,5935.1
526158,Mi1,5935.1
37390,Mi1,5935.2
45319,Mi1,5935.2
46745,Mi1,5935.2
78927,T2a,5935.2
106338,T4a,5935.3
86635,T4c,5935.3
37084,Mi1,5935.3
62089,Tm3,5935.3
37756,Mi1,5935.400000000001
43063,Mi1,5935.400000000001
82674,T4a,5935.400000000001
88933,T4a,5935.400000000001
90952,T4c,5935.400000000001
102799,T4c,5935.400000000001
106522,T4d,5935.400000000001
98625,T4a,5935.5
96307,T4a,5935.5
78943,T2a,5935.5
58553,TmY3,5935.5
44282,Mi1,5935.5
10112,VS,5935.599999999999
35416,Mi1,5935.599999999999
62757,T2a,5935.599999999999
67464,Mi1,5935.599999999999
72619,T2a,5935.599999999999
93419,T4b,5935.599999999999
96424,T4b,5935.599999999999
101228,T4a,5935.599999999999
109774,T4d,5935.700000000001
103314,T4b,5935.700000000001
80437,Tm3,5935.700000000001
69164,Mi1,5935.700000000001
35152,Mi1,5935.700000000001
41654,Mi1,5935.700000000001
33446,Mi1,5935.700000000001
11134,VSm,5935.700000000001
43924,TmY3,5935.700000000001
74927,Tm3,5935.8
133349,Tm3,5935.8
104996,T4a,5935.8
98748,T4c,5935.8
90259,T4d,5935.8
87896,T4a,5935.8
70321,Tm3,5935.8
10311,VS,5935.8
39692,TmY3,5935.8
10016,HSE,5935.8
16545,Li28,5935.8
67971,Tm3,5935.8
38772,Mi1,5935.8
34849,Mi1,5935.8
35602,Mi1,5935.9
36695,Mi1,5935.9
39500,Mi1,5935.9
105962,T4b,5935.9
44700,Mi1,5935.9
63673,Tm3,5935.9
82618,T2a,5935.9
94983,T4c,5935.9
95335,T4a,5935.9
96784,T4b,5935.9
97105,T4d,5935.9
44222,Mi1,5935.9
102448,T4d,5936.0
40703,Mi1,5936.0
19292,Li28,5936.0
36158,Mi1,5936.0
46230,TmY3,5936.1
48283,TmY3,5936.1
78308,T2a,5936.1
105115,T4d,5936.1
107010,T4d,5936.1
99609,T4a,5936.2
91469,T4c,5936.2
86932,T4b,5936.2
74061,Tm3,5936.2
71164,Mi1,5936.2
53156,TmY3,5936.2
40716,Tm3,5936.2
37108,Mi1,5936.2
34606,Mi1,5936.2
68212,T2a,5936.2
104354,T4b,5936.2
49788,TmY3,5936.3
542412,Mi1,5936.3
90796,T4d,5936.3
38178,Mi1,5936.3
10206,VS,5936.3
10023,HSS,5936.3
11981,Li28,5936.3
111823,T4c,5936.4
106821,T4b,5936.4
104414,T4d,5936.4
82549,T4b,5936.4
90566,T4d,5936.4
40577,Mi1,5936.4
38893,Mi1,5936.4
37438,Mi1,5936.4
42895,Mi1,5936.4
75848,T2a,5936.5
539983,T4c,5936.5
111928,T4b,5936.5
111184,T4a,5936.5
88726,T4b,5936.5
68918,Tm3,5936.5
67152,Tm3,5936.5
67072,T2a,5936.5
60979,TmY3,5936.5
49324,Mi1,5936.5
39405,Mi1,5936.5
38708,Mi1,5936.5
23606,Mi1,5936.5
109593,Tm3,5936.6
100729,T4b,5936.6
99748,T4b,5936.6
61659,Tm3,5936.6
35897,Mi1,5936.6
34079,Mi1,5936.6
129235,Tm3,5936.7
525839,Mi1,5936.7
101770,T4b,5936.7
100274,T4a,5936.7
84123,T2a,5936.7
83979,T4a,5936.7
111623,T4a,5936.7
76528,Tm3,5936.7
71089,Mi1,5936.7
41950,Mi1,5936.7
40235,Mi1,5936.7
33394,Mi1,5936.7
17596,Li28,5936.7
77594,T2a,5936.7
125171,Tm3,5936.8
117151,T4d,5936.8
92684,T4c,5936.8
78968,Tm3,5936.8
35840,Mi1,5936.8
38487,Mi1,5936.8
35724,Mi1,5936.8
10037,VS,5936.8
65803,T2,5936.8
82130,T2a,5936.900000000001
98245,T4c,5936.900000000001
62851,Tm3,5936.900000000001
112944,T4b,5936.900000000001
38768,Mi1,5936.900000000001
37853,Mi1,5936.900000000001
37529,Mi1,5936.900000000001
39275,Mi1,5936.900000000001
109023,T4c,5937.0
90900,T4a,5937.0
81015,T4a,5937.0
73284,T2a,5937.0
72655,Mi1,5937.0
91806,T4a,5937.0
40944,Mi1,5937.0
36369,Mi1,5937.0
23047,Li28,5937.0
10025,H2,5937.0
57349,Mi1,5937.0
109384,T4d,5937.1
109276,T4d,5937.1
99789,T4d,5937.1
86778,T4a,5937.1
79257,Tm3,5937.1
34658,Mi1,5937.1
27788,Mi1,5937.1
40854,Mi1,5937.1
72501,Mi1,5937.200000000001
104297,T4a,5937.200000000001
112545,T4d,5937.200000000001
124357,T4d,5937.3
71052,T2a,5937.3
108161,T4a,5937.3
39743,Mi1,5937.3
35113,Mi1,5937.3
66739,Tm3,5937.3
114457,T4d,5937.400000000001
109172,T4b,5937.400000000001
101245,T4a,5937.400000000001
87412,T4c,5937.400000000001
42533,TmY3,5937.400000000001
35572,Mi1,5937.400000000001
34938,Mi1,5937.400000000001
51049,Mi1,5937.400000000001
10755,H1,5937.5
33918,Mi1,5937.5
35580,Mi1,5937.5
43689,Mi1,5937.5
76653,T2a,5937.5
76788,T4b,5937.5
91345,T4c,5937.5
111613,T4d,5937.5
120992,Tm3,5937.6
105895,T4a,5937.6
100946,T4c,5937.6
83379,Tm3,5937.6
40832,Mi1,5937.6
59008,Mi1,5937.6
48986,TmY3,5937.6
40106,Mi1,5937.6
71583,Tm3,5937.6
44527,Mi1,5937.700000000001
103148,T4a,5937.700000000001
100018,T4a,5937.700000000001
45322,Mi1,5937.700000000001
41296,Mi1,5937.700000000001
34626,Mi1,5937.700000000001
37294,Mi1,5937.700000000001
36252,Mi1,5937.700000000001
38710,Mi1,5937.700000000001
10284,VS,5937.700000000001
10015,HSN,5937.700000000001
77307,Tm3,5937.8
39791,Mi1,5937.8
100855,T4a,5937.8
10012,VS,5937.8
33766,Mi1,5937.8
37270,Mi1,5937.9
42872,Mi1,5937.9
42942,Mi1,5937.9
74411,Mi1,5937.9
84490,T4a,5937.9
105849,T4d,5937.9
107105,T4d,5937.9
93407,T4d,5938.000000000001
82211,T2a,5938.000000000001
79358,T2a,5938.000000000001
51231,TmY3,5938.000000000001
33462,Mi1,5938.000000000001
94305,T4a,5938.1
82576,T4b,5938.1
82038,Tm3,5938.1
104191,T4a,5938.1
74303,Mi1,5938.1
37927,Mi1,5938.1
33942,Mi1,5938.1
79138,T2a,5938.1
39067,Mi1,5938.2
40958,Mi1,5938.2
41435,Mi1,5938.2
45176,Mi1,5938.2
92171,T4b,5938.2
95921,T4c,5938.2
96219,T4b,5938.2
108974,T4c,5938.2
112048,T4c,5938.3
44119,Mi1,5938.3
62562,T2,5938.3
37371,Mi1,5938.3
32535,Mi1,5938.3
38648,Mi1,5938.3
123299,T4c,5938.400000000001
90567,T4b,5938.400000000001
86578,T4c,5938.400000000001
72665,Mi1,5938.400000000001
104478,T4d,5938.400000000001
41709,Mi1,5938.400000000001
40596,Mi1,5938.400000000001
38596,Mi1,5938.400000000001
32893,Mi1,5938.400000000001
66791,Tm3,5938.400000000001
43323,Mi1,5938.5
63190,T2,5938.5
72558,T2a,5938.5
93527,T4a,5938.5
93877,T4c,5938.5
118948,T4d,5938.5
101480,T4c,5938.6
109652,T4d,5938.6
102801,T4b,5938.6
116343,T4a,5938.6
96728,T4c,5938.6
64149,Mi1,5938.6
83067,T4b,5938.6
79646,Tm3,5938.6
51848,TmY3,5938.6
17280,Li28,5938.6
92644,T4d,5938.6
135467,Tm3,5938.7
103271,T4c,5938.7
101742,T4c,5938.7
100673,T4b,5938.7
98887,T4b,5938.7
98654,T4d,5938.7
43783,Mi1,5938.7
69723,Tm3,5938.7
42856,Mi1,5938.7
35218,Mi1,5938.7
34142,Mi1,5938.7
14209,Li28,5938.7
85007,T4c,5938.7
74374,T2a,5938.8
71475,Tm3,5938.8
107628,T4d,5938.8
34045,Mi1,5938.8
67113,Mi1,5938.8
35235,Mi1,5938.900000000001
36217,Mi1,5938.900000000001
63021,Tm3,5938.900000000001
71773,T2a,5938.900000000001
83432,Tm3,5938.900000000001
86724,Tm3,5938.900000000001
98222,T4d,5938.900000000001
104972,T4a,5938.900000000001
149504,T4d,5938.900000000001
116259,T4b,5939.0
111685,T4d,5939.0
102564,T4a,5939.0
92682,T4a,5939.0
80913,T4a,5939.0
35845,Mi1,5939.0
44592,TmY3,5939.0
38514,Mi1,5939.0
10016,HSE,5939.0
47696,TmY3,5939.0
48286,Mi1,5939.1
89223,T4d,5939.1
50333,TmY3,5939.1
43965,Mi1,5939.1
16033,Li28,5939.1
34329,Mi1,5939.1
39505,Mi1,5939.1
20264,Li28,5939.1
34463,Mi1,5939.200000000001
37113,Mi1,5939.200000000001
59397,Mi1,5939.200000000001
88084,T4b,5939.200000000001
94743,T4d,5939.200000000001
77779,T2a,5939.3
109727,T4b,5939.3
92842,T4a,5939.3
91076,T4a,5939.3
67810,Tm3,5939.3
65850,T2a,5939.3
89934,T4d,5939.3
79259,T4b,5939.4
95681,T4a,5939.4
94471,T4a,5939.4
91781,Tm3,5939.4
96638,T4c,5939.4
62838,TmY3,5939.4
33326,Mi1,5939.4
33017,Mi1,5939.4
15909,Li28,5939.4
45948,TmY3,5939.4
104390,T4a,5939.500000000001
103570,T4d,5939.500000000001
81548,T2a,5939.500000000001
87452,T2a,5939.500000000001
70281,T2a,5939.500000000001
35260,Mi1,5939.500000000001
81092,Tm3,5939.500000000001
37243,Mi1,5939.6
93142,T4a,5939.6
105126,T4c,5939.6
89099,T4a,5939.7
104336,T4b,5939.7
92957,T4d,5939.7
85731,T4d,5939.7
98139,T4d,5939.7
72132,Tm3,5939.7
46827,Mi1,5939.7
41668,Mi1,5939.7
77484,T4d,5939.7
122333,T4b,5939.8
99572,T4a,5939.8
99348,T4c,5939.8
10023,HSS,5939.8
79314,T4b,5939.8
96365,T4a,5939.8
10687,OA-AL2i3,5939.8
86686,T4c,5939.900000000001
64485,T2,5939.900000000001
54885,TmY3,5939.900000000001
48930,TmY3,5939.900000000001
122233,Tm3,5939.900000000001
36990,Mi1,5939.900000000001
33110,Mi1,5939.900000000001
24338,LC4,5939.900000000001
10112,VS,5939.900000000001
40256,Mi1,5939.900000000001
35734,Mi1,5940.0
37123,Mi1,5940.0
38421,Mi1,5940.0
67408,Mi1,5940.0
97675,T4c,5940.0
100874,T4a,5940.0
102742,T4d,5940.0
105292,T4b,5940.1
532850,Tm3,5940.1
118385,T4b,5940.1
97031,T4c,5940.1
41399,Mi1,5940.1
87565,T4a,5940.1
50552,Mi1,5940.1
10025,H2,5940.1
96260,T4d,5940.1
106894,T4b,5940.2
35447,Mi1,5940.2
37555,Mi1,5940.2
38133,Mi1,5940.2
40171,Mi1,5940.2
48060,Mi1,5940.2
66808,Tm3,5940.2
68522,T2a,5940.2
82529,T2a,5940.2
92552,T4a,5940.2
94886,T4d,5940.2
108270,T4b,5940.2
94089,T4d,5940.3
43414,Mi1,5940.3
105862,T4d,5940.400000000001
95928,T4c,5940.400000000001
89485,T4a,5940.400000000001
36275,Mi1,5940.400000000001
35173,Mi1,5940.400000000001
83009,T4b,5940.400000000001
34933,Mi1,5940.5
42010,TmY3,5940.5
52350,Mi1,5940.5
81309,T2a,5940.5
93957,T4b,5940.5
99387,T4a,5940.5
102113,T4b,5940.5
114080,T4a,5940.5
134799,Tm3,5940.5
59959,Mi1,5940.5
119288,T4d,5940.599999999999
88922,T4c,5940.599999999999
106203,T4d,5940.599999999999
95629,T4c,5940.599999999999
36305,Mi1,5940.599999999999
24867,VST1,5940.599999999999
20808,LC4,5940.599999999999
10037,VS,5940.599999999999
75343,Tm3,5940.599999999999
112369,T4d,5940.700000000001
108307,T4b,5940.700000000001
99292,T4a,5940.700000000001
100206,T4c,5940.700000000001
80080,T2a,5940.700000000001
40635,Mi1,5940.700000000001
38455,Mi1,5940.700000000001
88460,T2a,5940.700000000001
34356,Mi1,5940.8
80855,Tm3,5940.8
90278,T4a,5940.8
103780,T4c,5940.8
108065,T4c,5940.8
118658,T4a,5940.8
537004,VSm,5940.8
97306,T4a,5940.9
102910,T4b,5940.9
90371,T4d,5940.9
89416,T4c,5940.9
101302,T4d,5940.9
85009,Tm3,5940.9
20634,VST1,5940.9
88992,T4c,5940.9
83507,Tm3,5940.9
77361,T4a,5940.9
101033,T4d,5941.000000000001
86715,Tm3,5941.000000000001
74159,Tm3,5941.000000000001
74010,T2a,5941.000000000001
66852,Mi1,5941.000000000001
78561,Tm3,5941.000000000001
57239,Mi1,5941.000000000001
45696,Mi1,5941.000000000001
36954,Mi1,5941.000000000001
35405,Mi1,5941.000000000001
66357,T2a,5941.000000000001
99316,T4b,5941.1
15019,Li28,5941.1
33907,Mi1,5941.1
34479,Mi1,5941.1
70153,Tm3,5941.1
77138,Tm3,5941.1
78940,T4a,5941.1
100897,T4c,5941.2
39525,Mi1,5941.2
90423,T4b,5941.2
110910,Tm3,5941.2
80911,Tm3,5941.2
10015,HSN,5941.2
55976,Mi1,5941.2
48547,TmY3,5941.2
15263,Li28,5941.2
63994,Mi1,5941.2
87814,T4b,5941.3
99731,T4c,5941.3
112393,T4a,5941.3
106150,T4c,5941.400000000001
101230,T4a,5941.400000000001
97145,T4c,5941.400000000001
80812,T4a,5941.400000000001
64260,T2,5941.400000000001
72279,Mi1,5941.400000000001
51191,TmY3,5941.400000000001
44438,Mi1,5941.400000000001
79875,T4c,5941.400000000001
83677,T4c,5941.5
85741,T4a,5941.5
96576,T4c,5941.5
42119,Mi1,5941.5
39894,T4b,5941.5
34296,Mi1,5941.5
75473,Tm3,5941.5
107715,T4a,5941.6
103867,T4a,5941.6
103025,T4a,5941.6
100501,T4b,5941.6
70800,Tm3,5941.6
107567,T4c,5941.6
54087,Mi1,5941.6
45719,Mi1,5941.6
41522,Mi1,5941.6
36646,Mi1,5941.6
68138,TmY3,5941.6
34867,Mi1,5941.7
37599,Mi1,5941.7
47465,TmY3,5941.7
94930,T2a,5941.7
95227,T4a,5941.7
100924,T4b,5941.7
101865,T4a,5941.7
103302,T4c,5941.7
63468,Mi1,5941.8
96774,T4c,5941.8
38461,Mi1,5941.8
16545,Li28,5941.8
38208,Mi1,5941.8
38230,Mi1,5941.8
47211,Mi1,5941.900000000001
79704,T4d,5941.900000000001
96081,T4a,5941.900000000001
99519,T4a,5941.900000000001
102298,T4c,5941.900000000001
113207,T4d,5942.0
95356,T4a,5942.0
10206,VS,5942.0
82724,Tm3,5942.0
10016,HSE,5942.099999999999
38479,Mi1,5942.099999999999
58527,TmY3,5942.099999999999
58862,Mi1,5942.099999999999
85716,T4c,5942.099999999999
90027,T4c,5942.099999999999
102579,T4b,5942.099999999999
105640,T4d,5942.200000000001
107997,T4c,5942.200000000001
86419,Tm3,5942.200000000001
12521,HST,5942.200000000001
86175,T4a,5942.200000000001
10322,OA-AL2i2,5942.3
10755,H1,5942.3
16606,VST2,5942.3
36410,Mi1,5942.3
65298,T2a,5942.3
84577,T2a,5942.3
90058,T4a,5942.3
102370,T4c,5942.3
108043,T4a,5942.3
118924,Tm3,5942.4
97877,T4d,5942.4
97784,T4c,5942.4
80282,T4d,5942.4
33216,Mi1,5942.4
91629,T4a,5942.4
65636,T2,5942.5
91366,T4b,5942.5
91444,T4c,5942.5
105214,T4c,5942.5
85598,T4b,5942.6
107609,T4d,5942.6
78856,Tm3,5942.6
58945,Tm3,5942.6
41545,Mi1,5942.6
78698,Tm3,5942.6
58967,TmY3,5942.7
88870,Tm3,5942.7
96003,T4d,5942.7
108824,T4d,5942.7
44564,TmY3,5942.8
11134,VSm,5942.8
38987,Mi1,5942.8
55101,Mi1,5942.8
72796,Tm3,5942.8
78597,T2a,5942.8
88127,T4b,5942.8
98175,T4c,5942.8
111783,T4a,5942.8
113983,T4d,5942.8
48607,TmY3,5942.9
35806,Mi1,5942.9
94356,T4c,5942.9
34057,Mi1,5942.9
35001,Mi1,5942.9
63175,Mi1,5942.9
10012,VS,5943.0
34272,Mi1,5943.0
35774,Mi1,5943.0
69063,Mi1,5943.0
91914,T4a,5943.0
92251,T4b,5943.0
93588,T4b,5943.0
102703,T4a,5943.0
103351,T4a,5943.0
110742,T4c,5943.0
91682,T4b,5943.1
84010,Tm3,5943.1
82536,T4d,5943.1
69546,Tm3,5943.1
41637,Mi1,5943.1
546524,Mi1,5943.1
36346,Mi1,5943.1
40026,TmY3,5943.1
10025,H2,5943.1
94755,T4a,5943.1
11981,Li28,5943.1
36139,Mi1,5943.1
107143,T4d,5943.2
138152,Tm3,5943.2
116114,T4d,5943.2
112458,T4b,5943.2
104621,T4c,5943.2
96835,T4b,5943.2
99423,T4d,5943.2
80435,T2a,5943.2
73029,T2,5943.2
54423,TmY3,5943.2
48531,Mi1,5943.2
36533,Mi1,5943.2
87358,T4a,5943.2
35045,Mi1,5943.3
37733,TmY3,5943.3
70524,T2a,5943.3
103033,T4a,5943.3
106801,T4c,5943.400000000001
104884,T4b,5943.400000000001
103579,T4c,5943.400000000001
100981,T4d,5943.400000000001
100838,T4c,5943.400000000001
100488,T4c,5943.400000000001
58196,TmY3,5943.400000000001
10023,HSS,5943.400000000001
98393,T4a,5943.400000000001
41804,Mi1,5943.400000000001
35683,Mi1,5943.400000000001
36684,Mi1,5943.5
56136,Tm3,5943.5
69228,T2a,5943.5
71938,T2a,5943.5
76524,Tm3,5943.5
91510,T4c,5943.5
98381,T4d,5943.5
115511,T4d,5943.599999999999
93750,T4c,5943.599999999999
90731,T4b,5943.599999999999
91313,T4a,5943.599999999999
32962,TmY3,5943.599999999999
112969,T4c,5943.700000000001
93985,T4c,5943.700000000001
107420,T4b,5943.700000000001
105412,T4a,5943.700000000001
95990,T4a,5943.700000000001
94468,T4c,5943.700000000001
93566,T4a,5943.700000000001
68933,Tm3,5943.700000000001
63420,Mi1,5943.700000000001
62894,Tm3,5943.700000000001
37019,Mi1,5943.700000000001
35934,Mi1,5943.700000000001
11551,VS,5943.700000000001
71230,Tm3,5943.700000000001
116187,T4c,5943.8
103022,T4a,5943.8
102295,T4d,5943.8
100105,T4a,5943.8
98409,T4c,5943.8
40426,Mi1,5943.8
53983,TmY3,5943.8
38748,Mi1,5943.8
38529,Mi1,5943.8
14416,VST2,5943.8
74112,T2a,5943.8
117631,T4d,5943.9
115390,T4d,5943.9
90520,T4a,5943.9
82976,Tm3,5943.9
73320,T2,5943.9
39858,Mi1,5943.9
36446,Mi1,5943.9
60337,TmY3,5943.9
115111,T4a,5944.0
96830,T4b,5944.0
94482,T4d,5944.0
80302,T2a,5944.0
75318,T2,5944.0
73098,T2a,5944.0
72829,T2a,5944.0
49942,TmY3,5944.0
44449,TmY3,5944.0
41659,Mi1,5944.0
10112,VS,5944.0
533688,Tm3,5944.1
95926,T4a,5944.1
94668,T4d,5944.1
94567,T4c,5944.1
104911,T4c,5944.1
88746,Tm3,5944.1
88491,T4a,5944.1
82121,Tm3,5944.1
93302,T4b,5944.1
127153,Tm3,5944.2
88815,T4d,5944.2
79293,Tm3,5944.2
75381,Tm3,5944.2
98549,T4a,5944.2
41613,Mi1,5944.2
41120,Mi1,5944.2
37138,Mi1,5944.2
35290,Mi1,5944.2
45005,TmY3,5944.2
121420,T4d,5944.3
16596,Li28,5944.3
35234,Mi1,5944.3
43978,Mi1,5944.3
58576,T2,5944.3
61835,T2,5944.3
75172,T2a,5944.3
78739,T4b,5944.3
98300,T4a,5944.3
101215,T4c,5944.3
119601,T4d,5944.4
74725,T2a,5944.4
97888,Tm3,5944.4
71029,T2,5944.4
37699,Mi1,5944.4
38632,Mi1,5944.4
59864,Tm3,5944.4
10037,VS,5944.4
10284,VS,5944.5
16033,Li28,5944.5
34171,Mi1,5944.5
34189,Mi1,5944.5
35017,Mi1,5944.5
38227,Mi1,5944.5
120289,T4c,5944.5
110160,T4c,5944.6
88398,T4a,5944.6
47967,Mi1,5944.6
15909,Li28,5944.6
10015,HSN,5944.6
41136,Mi1,5944.6
101945,T4b,5944.7
112344,T4c,5944.7
112027,T4d,5944.7
110076,T4c,5944.7
101382,T4c,5944.7
104008,T4b,5944.7
79449,T4b,5944.7
60643,Tm3,5944.7
95972,T4d,5944.7
45162,TmY3,5944.7
36660,Mi1,5944.7
36452,Mi1,5944.7
102791,T4c,5944.8
87845,T4a,5944.8
86141,T4b,5944.8
83438,T4a,5944.8
40505,Mi1,5944.8
37509,Mi1,5944.8
117221,T4c,5944.900000000001
117179,T4c,5944.900000000001
109134,T4d,5944.900000000001
102540,T4b,5944.900000000001
89020,T4a,5944.900000000001
46248,Mi1,5944.900000000001
85536,T4a,5944.900000000001
83365,T2a,5944.900000000001
70289,Mi1,5944.900000000001
46784,Mi1,5944.900000000001
88039,T4c,5944.900000000001
135612,Tm3,5945.0
102519,T4a,5945.0
104301,T4b,5945.0
60698,TmY3,5945.0
41671,TmY3,5945.0
34369,Mi1,5945.1
37044,Mi1,5945.1
38721,Mi1,5945.1
50955,TmY3,5945.1
68982,Tm3,5945.1
74023,T2a,5945.1
105403,T4c,5945.1
113107,T4a,5945.1
92640,T4d,5945.200000000001
77226,T2a,5945.200000000001
70812,TmY3,5945.200000000001
69961,Tm3,5945.200000000001
67728,T2,5945.200000000001
10016,HSE,5945.200000000001
38477,Mi1,5945.200000000001
37224,Mi1,5945.200000000001
35890,Mi1,5945.200000000001
105521,T4c,5945.200000000001
55706,TmY3,5945.200000000001
96090,T4c,5945.3
40936,Mi1,5945.3
39651,Mi1,5945.3
113991,T4d,5945.400000000001
98039,T4d,5945.400000000001
96295,T4b,5945.400000000001
90888,T4b,5945.400000000001
79817,Tm3,5945.400000000001
99670,T4c,5945.400000000001
65513,T2a,5945.400000000001
60857,Mi1,5945.400000000001
37000,Mi1,5945.400000000001
22194,LC4,5945.400000000001
72983,T2a,5945.400000000001
35888,Mi1,5945.5
37088,Mi1,5945.5
38241,Mi1,5945.5
90145,T4a,5945.5
96163,T4b,5945.5
85440,Tm3,5945.6
35512,Mi1,5945.6
40219,Mi1,5945.6
69380,Tm3,5945.6
110482,T4b,5945.6
98846,T4c,5945.700000000001
101072,T4b,5945.700000000001
98598,T4c,5945.700000000001
95883,T4a,5945.700000000001
69540,TmY3,5945.700000000001
66325,Tm3,5945.700000000001
34300,Mi1,5945.8
36177,Mi1,5945.8
37948,Mi1,5945.8
40411,Mi1,5945.8
80906,T4c,5945.8
93166,T4c,5945.8
110403,T4b,5945.8
128916,Tm3,5945.8
111304,T4b,5945.9
109649,T4c,5945.9
93927,T4a,5945.9
42758,Mi1,5945.9
31492,Mi1,5945.9
48514,TmY3,5945.9
15422,VST2,5946.000000000001
37353,Mi1,5946.000000000001
38767,Mi1,5946.000000000001
38791,Mi1,5946.000000000001
86907,T4a,5946.000000000001
87106,T4a,5946.000000000001
110454,T4d,5946.000000000001
98911,T4b,5946.1
103195,T4a,5946.1
103152,T4a,5946.1
89139,T4c,5946.1
36911,Mi1,5946.1
65742,Tm3,5946.1
41536,Mi1,5946.1
77775,T2a,5946.1
10025,H2,5946.2
38238,Mi1,5946.2
70490,Mi1,5946.2
81378,T4b,5946.2
100787,T4b,5946.3
99671,T4c,5946.3
94224,T4b,5946.3
82699,Tm3,5946.3
39718,Mi1,5946.3
71853,T2a,5946.3
39164,Mi1,5946.3
39158,Mi1,5946.3
77916,T2a,5946.3
76733,Tm3,5946.400000000001
113686,T4d,5946.400000000001
69915,TmY3,5946.400000000001
17280,Li28,5946.400000000001
10206,VS,5946.400000000001
39692,TmY3,5946.400000000001
114832,T4c,5946.5
100190,T4c,5946.5
98504,T4c,5946.5
108876,T4c,5946.5
40795,Mi1,5946.5
35498,Mi1,5946.5
23047,Li28,5946.5
80582,T4a,5946.5
101707,T4c,5946.6
37391,Mi1,5946.6
51870,TmY3,5946.6
74502,Tm3,5946.6
85229,T4c,5946.6
97015,T4a,5946.6
103344,T4b,5946.6
106922,T4c,5946.7
95985,T4c,5946.7
73767,Mi1,5946.7
72586,Tm3,5946.7
37037,Mi1,5946.7
130994,Tm3,5946.8
122273,Tm3,5946.8
98937,T4a,5946.8
97028,T4c,5946.8
108349,T4d,5946.8
42048,Mi1,5946.8
40085,Mi1,5946.8
34899,Mi1,5946.8
34862,Mi1,5946.8
92996,T4a,5946.8
85378,T4a,5946.900000000001
10023,HSS,5946.900000000001
33614,Mi1,5946.900000000001
35428,Mi1,5946.900000000001
37568,Mi1,5946.900000000001
83583,T4d,5946.900000000001
84008,T4c,5946.900000000001
107075,T4d,5947.0
106664,T4c,5947.0
114196,T4d,5947.0
114088,T4d,5947.0
92346,T4a,5947.0
37680,Mi1,5947.0
50633,TmY3,5947.0
39438,Mi1,5947.0
90135,T4c,5947.0
10755,H1,5947.0
31848,Mi1,5947.1
51122,Mi1,5947.1
80197,T4a,5947.1
89092,T4c,5947.1
89483,T4a,5947.1
96211,T4d,5947.1
98575,T4a,5947.1
119501,T4d,5947.1
98467,T4d,5947.200000000001
97326,T4c,5947.200000000001
88353,T4b,5947.200000000001
84663,T2a,5947.200000000001
103870,T4a,5947.200000000001
39716,Mi1,5947.200000000001
36540,Mi1,5947.200000000001
34404,Mi1,5947.200000000001
40400,Mi1,5947.200000000001
130861,Tm3,5947.3
102975,T4b,5947.3
95736,T4c,5947.3
95005,T4a,5947.3
87808,T4a,5947.3
94948,T4c,5947.3
70697,Tm3,5947.3
57398,Mi1,5947.3
56564,Mi1,5947.3
25893,VST1,5947.3
10825,OA-AL2i3,5947.3
82299,T4c,5947.3
38687,Mi1,5947.4
39688,Mi1,5947.4
85664,TmY3,5947.4
97184,T4d,5947.4
113410,T4d,5947.4
107529,T4d,5947.500000000001
119556,T4b,5947.500000000001
95345,T4d,5947.500000000001
105802,T4c,5947.500000000001
74504,T2a,5947.500000000001
87289,T4a,5947.500000000001
41809,Mi1,5947.500000000001
30997,Mi1,5947.500000000001
109035,T4b,5947.6
105379,T4c,5947.6
102479,T4c,5947.6
93604,T4a,5947.6
93025,T4b,5947.6
89434,T4c,5947.6
80376,TmY3,5947.6
69597,Tm3,5947.6
67308,Mi1,5947.6
42594,Mi1,5947.6
16545,Li28,5947.6
10012,VS,5947.6
83004,T4b,5947.6
92472,T4c,5947.7
112179,T4b,5947.7
90465,T4a,5947.7
93947,T4a,5947.7
38502,Tm3,5947.7
10001,DNp01,5947.7
88095,T4d,5947.7
36881,Mi1,5947.8
37631,Mi1,5947.8
43872,Mi1,5947.8
62078,Mi1,5947.8
65671,Mi1,5947.8
67614,Mi1,5947.8
77557,T4b,5947.8
84364,Tm3,5947.8
108438,T4d,5947.900000000001
91857,T4b,5947.900000000001
39595,Mi1,5947.900000000001
41654,Mi1,5947.900000000001
78470,Tm3,5947.900000000001
47686,TmY3,5948.0
71765,T2a,5948.0
90655,T4a,5948.0
106026,T4b,5948.0
108344,T4d,5948.0
88167,T4b,5948.1
111579,Tm3,5948.1
53065,Mi1,5948.1
94624,T4a,5948.1
37677,Mi1,5948.1
10015,HSN,5948.1
43615,Mi1,5948.1
119213,T4c,5948.2
106510,T4b,5948.2
97769,T4a,5948.2
95554,T4b,5948.2
92281,T4c,5948.2
121887,T4b,5948.2
45319,Mi1,5948.2
42691,Mi1,5948.2
35712,Mi1,5948.2
35602,Mi1,5948.2
84063,T4b,5948.2
112453,T4c,5948.3
104683,T4b,5948.3
44282,Mi1,5948.3
64058,T2,5948.3
10037,VS,5948.3
10016,HSE,5948.3
38857,Mi1,5948.3
95982,T4d,5948.400000000001
134209,Tm3,5948.400000000001
108907,T4c,5948.400000000001
105565,Tm3,5948.400000000001
102845,T4b,5948.400000000001
96812,T4a,5948.400000000001
93941,T4b,5948.400000000001
10269,OA-AL2i2,5948.400000000001
83682,Tm3,5948.400000000001
67295,T2,5948.400000000001
37585,Mi1,5948.400000000001
35770,Mi1,5948.400000000001
24338,LC4,5948.400000000001
85152,T4c,5948.400000000001
10112,VS,5948.5
33655,Mi1,5948.5
43485,Mi1,5948.5
64977,T2,5948.5
75557,Tm3,5948.5
109916,T4d,5948.5
121170,Tm3,5948.599999999999
103527,T4c,5948.599999999999
109598,T4b,5948.599999999999
37270,Mi1,5948.599999999999
10311,VS,5948.599999999999
101383,T4b,5948.599999999999
99663,T4c,5948.700000000001
71131,Tm3,5948.700000000001
46745,Mi1,5948.700000000001
45349,Mi1,5948.700000000001
101005,T4d,5948.700000000001
41626,Mi1,5948.700000000001
38993,Mi1,5948.700000000001
36994,Mi1,5948.700000000001
33446,Mi1,5948.700000000001
42675,Mi1,5948.700000000001
111236,T4d,5948.8
108010,T4c,5948.8
98668,T4a,5948.8
93972,T4a,5948.8
44222,Mi1,5948.8
39727,Mi1,5948.8
35416,Mi1,5948.8
11134,VSm,5948.8
84631,T4c,5948.8
86536,Tm3,5948.9
108625,T4b,5948.9
137694,Tm3,5948.9
82674,T4a,5948.9
35836,Mi1,5948.9
58224,Mi1,5948.9
39629,Mi1,5948.9
11981,Li28,5948.9
69164,Mi1,5948.9
82099,T4b,5949.0
93509,T4b,5949.0
105834,T4d,5949.0
114338,T4c,5949.0
117627,Tm3,5949.0
104714,T4b,5949.1
90097,T4c,5949.1
80670,T4a,5949.1
69980,Tm3,5949.1
33091,Mi1,5949.1
37839,Mi1,5949.1
37390,Mi1,5949.1
56118,TmY3,5949.1
526158,Mi1,5949.2
537004,VSm,5949.2
120231,Tm3,5949.2
104674,T4a,5949.2
100310,T4d,5949.2
47240,TmY3,5949.2
40235,Mi1,5949.2
34849,Mi1,5949.2
116610,T4d,5949.3
107819,T4c,5949.3
105698,T4c,5949.3
98118,T4c,5949.3
95532,T4a,5949.3
79271,T4a,5949.3
78773,Tm3,5949.3
77395,T4b,5949.3
35897,Mi1,5949.3
10025,H2,5949.3
89282,T4a,5949.3
98890,T4c,5949.400000000001
97161,T4a,5949.400000000001
98404,T4d,5949.400000000001
40703,Mi1,5949.400000000001
39500,Mi1,5949.400000000001
85938,T4a,5949.400000000001
15909,Li28,5949.5
68562,T2a,5949.5
90121,T4b,5949.5
104257,T4b,5949.5
108847,T4d,5949.5
112594,T4b,5949.5
98360,T4c,5949.6
35152,Mi1,5949.6
30923,TmY3,5949.6
127615,Tm3,5949.7
12521,HST,5949.7
16033,Li28,5949.7
71161,T2a,5949.7
85866,T4b,5949.7
92047,T4c,5949.7
99837,T4a,5949.7
105099,T4b,5949.7
118173,Tm3,5949.7
112633,T4b,5949.8
113852,T4b,5949.8
36158,Mi1,5949.8
41296,Mi1,5949.8
35777,Mi1,5949.900000000001
71164,Mi1,5949.900000000001
84267,T4c,5949.900000000001
87873,T4b,5949.900000000001
120016,Tm3,5949.900000000001
131034,Tm3,5950.0
107031,T4b,5950.0
106912,Tm3,5950.0
102991,T4c,5950.0
95364,T4d,5950.0
41950,Mi1,5950.0
37438,Mi1,5950.0
36695,Mi1,5950.0
94893,T4c,5950.0
38772,Mi1,5950.099999999999
39275,Mi1,5950.099999999999
64341,TmY3,5950.099999999999
72955,T2a,5950.099999999999
81836,T2a,5950.099999999999
134372,Tm3,5950.200000000001
97885,T4a,5950.200000000001
92939,T4b,5950.200000000001
71089,Mi1,5950.200000000001
38768,Mi1,5950.200000000001
90219,T4a,5950.200000000001
103343,T4b,5950.3
102786,Tm3,5950.3
96676,T4b,5950.3
111010,T4c,5950.3
42895,Mi1,5950.3
33017,Mi1,5950.3
10023,HSS,5950.3
49324,Mi1,5950.3
81706,T2a,5950.4
525839,Mi1,5950.4
105300,T4a,5950.4
104802,T4c,5950.4
102462,T4c,5950.4
99950,T4c,5950.4
99131,T4c,5950.4
99011,T4c,5950.4
91283,T4c,5950.4
77383,T2a,5950.4
87939,T4b,5950.4
78603,Tm3,5950.4
34606,Mi1,5950.4
35724,Mi1,5950.4
37371,Mi1,5950.4
38178,Mi1,5950.4
34079,Mi1,5950.4
52328,TmY3,5950.4
65468,T2,5950.4
67464,Mi1,5950.4
65833,Mi1,5950.4
42872,Mi1,5950.4
10206,VS,5950.5
35100,Mi1,5950.5
37084,Mi1,5950.5
60856,T2a,5950.5
85856,TmY3,5950.5
106401,T4d,5950.5
108757,T4c,5950.5
115818,T4a,5950.5
92911,T4c,5950.6
119353,T4b,5950.6
86504,T4b,5950.6
38893,Mi1,5950.6
64050,T2,5950.6
77991,Tm3,5950.6
17596,Li28,5950.7
34658,Mi1,5950.7
40106,Mi1,5950.7
40577,Mi1,5950.7
44700,Mi1,5950.7
49441,TmY3,5950.7
65443,T2a,5950.7
74287,Tm3,5950.7
82425,T4b,5950.7
90419,T4b,5950.7
62912,T2,5950.8
103497,Tm3,5950.8
100261,T4c,5950.8
57349,Mi1,5950.8
112806,T4c,5950.8
37529,Mi1,5950.8
35840,Mi1,5950.8
33394,Mi1,5950.8
44119,Mi1,5950.8
104858,T4b,5950.9
100033,T4c,5950.9
73828,Tm3,5950.9
72655,Mi1,5950.9
94549,T4b,5950.9
35113,Mi1,5950.9
34938,Mi1,5950.9
32535,Mi1,5950.9
40832,Mi1,5950.9
33766,Mi1,5951.0
72501,Mi1,5951.0
89290,T4d,5951.0
99310,T4a,5951.0
104256,T4a,5951.0
111581,T4d,5951.1
107445,T4a,5951.1
104450,T4a,5951.1
89409,T4a,5951.1
103765,T4d,5951.1
47962,TmY3,5951.1
38487,Mi1,5951.1
37756,Mi1,5951.1
75766,T2a,5951.1
542412,Mi1,5951.2
124362,T4c,5951.2
121816,T4a,5951.2
94081,T4c,5951.2
91987,T4c,5951.2
98194,T4d,5951.2
43063,Mi1,5951.2
39405,Mi1,5951.2
38710,Mi1,5951.2
23606,Mi1,5951.2
16570,VST2,5951.2
89866,T4b,5951.2
10755,H1,5951.3
40854,Mi1,5951.3
47368,TmY3,5951.3
77527,T4a,5951.3
93360,T4b,5951.3
107812,T4a,5951.3
112088,T4d,5951.3
132339,Tm3,5951.3
106535,T4d,5951.400000000001
151155,T4b,5951.400000000001
102741,T4c,5951.400000000001
106793,T4d,5951.400000000001
93313,T4a,5951.400000000001
108066,T4b,5951.400000000001
81401,T4b,5951.400000000001
37853,Mi1,5951.400000000001
36252,Mi1,5951.400000000001
10072,OA-AL2i1,5951.400000000001
91804,T4d,5951.400000000001
10016,HSE,5951.400000000001
93021,T4a,5951.5
74231,Tm3,5951.5
72148,Tm3,5951.5
98862,Tm3,5951.5
42533,TmY3,5951.5
39067,Mi1,5951.5
10015,HSN,5951.5
67150,T2a,5951.5
96199,T4a,5951.599999999999
76268,T2a,5951.599999999999
68842,TmY3,5951.599999999999
51049,Mi1,5951.599999999999
41709,Mi1,5951.599999999999
38708,Mi1,5951.599999999999
37123,Mi1,5951.599999999999
35580,Mi1,5951.599999999999
41464,TmY3,5951.599999999999
100785,T4b,5951.700000000001
133040,Tm3,5951.700000000001
102229,T4d,5951.700000000001
88152,T4c,5951.700000000001
68167,Tm3,5951.700000000001
74259,T2a,5951.700000000001
40944,Mi1,5951.700000000001
33942,Mi1,5951.700000000001
77846,Tm3,5951.700000000001
109142,T4b,5951.8
101441,T4a,5951.8
98026,T4b,5951.8
97231,T4a,5951.8
105199,T4d,5951.8
64149,Mi1,5951.8
34142,Mi1,5951.8
10284,VS,5951.8
92114,T4c,5951.8
10012,VS,5951.9
33462,Mi1,5951.9
44527,Mi1,5951.9
80137,T2a,5951.9
93984,T4b,5951.9
102572,T4c,5951.9
82313,T4a,5952.0
106295,T4b,5952.0
97981,T4a,5952.0
85126,T4a,5952.0
79297,T4a,5952.0
19292,Li28,5952.0
48286,Mi1,5952.0
33918,Mi1,5952.0
67719,T2a,5952.0
38648,Mi1,5952.0
91325,T4a,5952.1
100867,T4b,5952.1
98137,T4d,5952.1
95822,T4b,5952.1
95528,T4d,5952.1
94071,T4a,5952.1
89102,T4d,5952.1
74303,Mi1,5952.1
68951,TmY3,5952.1
64849,Tm3,5952.1
45322,Mi1,5952.1
43689,Mi1,5952.1
39743,Mi1,5952.1
38514,Mi1,5952.1
101721,T4d,5952.2
94546,T4b,5952.2
74731,T2a,5952.2
105332,T4b,5952.2
41435,Mi1,5952.2
34463,Mi1,5952.2
10037,VS,5952.2
37243,Mi1,5952.2
109857,T4d,5952.3
107719,T4b,5952.3
100087,T4b,5952.3
92082,T4b,5952.3
67131,Tm3,5952.3
75419,T2,5952.3
45176,Mi1,5952.3
37294,Mi1,5952.3
37108,Mi1,5952.3
10025,H2,5952.3
64913,T2,5952.3
39791,Mi1,5952.4
120916,T4d,5952.5
100633,T4a,5952.5
80284,Tm3,5952.5
77676,T2a,5952.5
50345,TmY3,5952.5
38596,Mi1,5952.5
36217,Mi1,5952.5
34626,Mi1,5952.5
43965,Mi1,5952.5
35235,Mi1,5952.5
27788,Mi1,5952.6
67113,Mi1,5952.6
71447,T4c,5952.6
78086,T4c,5952.6
100996,T4b,5952.6
102401,T2,5952.6
108870,T4a,5952.6
114698,T4b,5952.6
126702,Tm3,5952.6
98788,T4d,5952.7
116633,T4c,5952.7
93865,T4c,5952.7
88625,T4c,5952.7
80483,T4c,5952.7
40596,Mi1,5952.7
59397,Mi1,5952.7
43783,Mi1,5952.7
42856,Mi1,5952.7
40256,Mi1,5952.7
74411,Mi1,5952.7
105313,T4a,5952.8
59008,Mi1,5952.8
14209,Li28,5952.8
35845,Mi1,5952.8
16545,Li28,5952.900000000001
66207,T2,5952.900000000001
88005,T4d,5952.900000000001
107170,T4b,5952.900000000001
77480,Tm3,5953.0
34045,Mi1,5953.0
35572,Mi1,5953.0
63825,Tm3,5953.0
72665,Mi1,5953.0
101685,T4b,5953.0
104027,T4d,5953.0
104368,T4c,5953.0
107334,T4a,5953.0
91179,T4a,5953.1
83979,T4a,5953.1
109996,T4c,5953.1
104996,T4a,5953.1
128726,Tm3,5953.1
43323,Mi1,5953.1
42942,Mi1,5953.1
37927,Mi1,5953.1
36369,Mi1,5953.1
32893,Mi1,5953.1
66604,TmY3,5953.1
34329,Mi1,5953.200000000001
41399,Mi1,5953.200000000001
62401,T2,5953.200000000001
77906,T2a,5953.200000000001
103073,T4a,5953.200000000001
104412,T4a,5953.3
100729,T4b,5953.3
93224,T4a,5953.3
89368,T4c,5953.3
84366,T4b,5953.3
40599,TmY3,5953.3
68342,Tm3,5953.3
34933,Mi1,5953.3
10112,VS,5953.3
80033,T4a,5953.3
97256,T4c,5953.400000000001
100075,T4c,5953.400000000001
98312,T4a,5953.400000000001
108475,T4b,5953.400000000001
97288,T4c,5953.400000000001
92706,T4a,5953.400000000001
41668,Mi1,5953.400000000001
84328,T4a,5953.400000000001
78477,T4a,5953.400000000001
61768,T2,5953.400000000001
40171,Mi1,5953.400000000001
38421,Mi1,5953.400000000001
88698,T4a,5953.400000000001
117652,T4d,5953.5
103645,T4c,5953.5
81215,Tm3,5953.5
59959,Mi1,5953.5
17280,Li28,5953.5
33326,Mi1,5953.5
109291,T4d,5953.6
35405,Mi1,5953.6
71036,T2a,5953.6
91806,T4a,5953.6
103479,T4c,5953.6
109937,T4a,5953.6
86416,T4a,5953.700000000001
96126,T4b,5953.700000000001
112241,T4b,5953.700000000001
83227,Tm3,5953.700000000001
78014,T2a,5953.700000000001
72938,T2a,5953.700000000001
10023,HSS,5953.700000000001
80358,Tm3,5953.700000000001
123490,Tm3,5953.8
109326,T4c,5953.8
97835,T4a,5953.8
91913,T4b,5953.8
90533,T4c,5953.8
68840,TmY3,5953.8
91303,T4b,5953.8
48060,Mi1,5953.8
43414,Mi1,5953.8
43334,TmY3,5953.8
38133,Mi1,5953.8
20634,VST1,5953.8
52350,Mi1,5953.8
34356,Mi1,5953.9
69425,T2a,5953.9
80093,T2a,5953.9
103108,T4b,5953.9
110040,T4c,5953.9
118029,T4b,5953.9
106587,T4d,5954.000000000001
83125,T4b,5954.000000000001
70632,Tm3,5954.000000000001
72194,Tm3,5954.000000000001
67408,Mi1,5954.1
67424,T2,5954.1
97677,T4c,5954.1
102112,T4c,5954.2
106701,T4d,5954.2
84292,T4d,5954.2
87896,T4a,5954.2
38455,Mi1,5954.2
35173,Mi1,5954.2
34296,Mi1,5954.2
66227,Tm3,5954.2
86778,T4a,5954.3
25584,LC4,5954.3
38208,Mi1,5954.3
40635,Mi1,5954.3
78805,T2a,5954.3
83946,T4d,5954.3
98238,T4b,5954.3
94282,T4c,5954.400000000001
115422,T4c,5954.400000000001
87827,T2a,5954.400000000001
10016,HSE,5954.400000000001
40958,Mi1,5954.400000000001
33110,Mi1,5954.400000000001
86932,T4b,5954.400000000001
35260,Mi1,5954.5
35734,Mi1,5954.5
47211,Mi1,5954.5
79413,T4b,5954.5
84689,Tm3,5954.5
93622,T4c,5954.5
117551,Tm3,5954.6
111134,T4d,5954.6
105545,T4d,5954.6
100215,T4c,5954.6
96107,T4d,5954.6
79253,T4a,5954.6
76621,T2a,5954.6
104130,T4a,5954.6
75966,T2a,5954.6
74853,Tm3,5954.6
68475,T2a,5954.6
50552,Mi1,5954.6
45696,Mi1,5954.6
36990,Mi1,5954.6
76074,Tm3,5954.6
119103,T4c,5954.7
105242,T4c,5954.7
93334,T4b,5954.7
89784,T4b,5954.7
83307,Tm3,5954.7
62560,T2,5954.7
51050,TmY3,5954.7
39505,Mi1,5954.7
35447,Mi1,5954.7
35218,Mi1,5954.7
15909,Li28,5954.7
11981,Li28,5954.7
60979,TmY3,5954.7
81015,T4a,5954.8
98654,T4d,5954.8
95287,T4a,5954.8
95007,T4a,5954.8
80913,T4a,5954.8
70188,T2,5954.8
37555,Mi1,5954.8
36275,Mi1,5954.8
10206,VS,5954.8
10015,HSN,5954.8
115369,T4c,5954.900000000001
104018,T4c,5954.900000000001
90112,T4c,5954.900000000001
81486,T4b,5954.900000000001
75712,Tm3,5954.900000000001
101772,Tm3,5954.900000000001
55976,Mi1,5954.900000000001
48894,TmY3,5954.900000000001
46827,Mi1,5954.900000000001
34479,Mi1,5954.900000000001
62947,T2a,5954.900000000001
33907,Mi1,5955.0
37113,Mi1,5955.0
39525,Mi1,5955.0
87937,T4d,5955.0
93688,T4a,5955.0
100319,T4b,5955.0
100956,T4d,5955.0
85778,T4b,5955.1
95239,T4a,5955.1
88922,T4c,5955.1
83689,T4a,5955.1
62851,Tm3,5955.1
71944,T2a,5955.1
72279,Mi1,5955.1
36646,Mi1,5955.1
112993,T4b,5955.200000000001
83191,T4a,5955.200000000001
80812,T4a,5955.200000000001
118502,T4b,5955.200000000001
63468,Mi1,5955.200000000001
38461,Mi1,5955.200000000001
38230,Mi1,5955.200000000001
69186,Tm3,5955.200000000001
10025,H2,5955.3
10755,H1,5955.3
45719,Mi1,5955.3
101878,T4a,5955.3
108675,T4b,5955.3
96931,T4b,5955.4
109868,Tm3,5955.4
102147,T4c,5955.4
101732,T4c,5955.4
91505,T4c,5955.4
16033,Li28,5955.4
63994,Mi1,5955.4
62856,T2,5955.4
75550,Tm3,5955.4
11134,VSm,5955.4
101043,T4c,5955.500000000001
77294,T2a,5955.500000000001
74088,T2a,5955.500000000001
76788,T4b,5955.500000000001
20264,Li28,5955.500000000001
15019,Li28,5955.500000000001
34867,Mi1,5955.500000000001
94179,T4a,5955.6
103425,T4a,5955.6
100046,T4b,5955.6
114995,T4b,5955.6
95458,T4d,5955.6
87565,T4a,5955.6
98226,T4b,5955.6
58862,Mi1,5955.6
50333,TmY3,5955.6
42119,Mi1,5955.6
36305,Mi1,5955.6
35045,Mi1,5955.6
66980,T2a,5955.6
104622,T4b,5955.7
97675,T4c,5955.7
72426,Tm3,5955.7
92229,T4c,5955.7
69536,Tm3,5955.7
57239,Mi1,5955.7
44747,TmY3,5955.7
71931,Tm3,5955.7
87763,T4a,5955.8
94287,T4d,5955.8
96035,T4d,5955.8
109536,T4d,5955.8
91057,T4c,5955.900000000001
116451,T4c,5955.900000000001
107640,T4c,5955.900000000001
171349687,Tm3,5955.900000000001
90394,T4a,5955.900000000001
100774,T4a,5955.900000000001
57871,T2,5955.900000000001
57164,TmY3,5955.900000000001
48986,TmY3,5955.900000000001
44438,Mi1,5955.900000000001
64256,T2a,5955.900000000001
121093,T4b,5956.0
119636,T4c,5956.0
107835,T4b,5956.0
101244,T4b,5956.0
116716,T4b,5956.0
96434,T4d,5956.0
92481,TmY3,5956.0
76325,T2a,5956.0
48531,Mi1,5956.0
97878,T4b,5956.0
10037,VS,5956.1
15263,Li28,5956.1
38987,Mi1,5956.1
105962,T4b,5956.1
108697,T4d,5956.1
99137,T4c,5956.2
103160,T4a,5956.2
102814,T4b,5956.2
100282,T4a,5956.2
100032,T4c,5956.2
85039,T2a,5956.2
42006,TmY3,5956.2
44449,TmY3,5956.2
41637,Mi1,5956.2
41522,Mi1,5956.2
38529,Mi1,5956.2
36139,Mi1,5956.2
67810,Tm3,5956.2
10403,VS,5956.3
23047,Li28,5956.3
81620,T2a,5956.3
93045,T4b,5956.3
98837,T4c,5956.400000000001
92181,T4a,5956.400000000001
92055,T4c,5956.400000000001
81986,Tm3,5956.400000000001
34057,Mi1,5956.400000000001
54087,Mi1,5956.400000000001
37599,Mi1,5956.400000000001
10012,VS,5956.400000000001
65307,T2,5956.400000000001
106530,T4d,5956.5
537004,VSm,5956.5
120546,T4d,5956.5
101463,T4d,5956.5
60886,T2a,5956.5
65009,T2,5956.5
97186,T4a,5956.5
38479,Mi1,5956.5
36954,Mi1,5956.599999999999
77344,Tm3,5956.599999999999
92046,T4d,5956.599999999999
120201,T4b,5956.599999999999
149504,T4d,5956.599999999999
73795,TmY3,5956.700000000001
107181,T4c,5956.700000000001
34272,Mi1,5956.700000000001
36346,Mi1,5956.700000000001
34171,Mi1,5956.8
61500,Tm3,5956.8
90467,T4d,5956.8
93482,T4d,5956.8
93750,T4c,5956.8
101620,T4b,5956.8
120312,Tm3,5956.8
127170,Tm3,5956.9
103867,T4a,5956.9
103314,T4b,5956.9
101228,T4a,5956.9
99292,T4a,5956.9
92684,T4c,5956.9
89025,T4a,5956.9
88933,T4a,5956.9
65348,TmY3,5956.9
98448,T4b,5956.9
108276,T4a,5957.0
106950,T4c,5957.0
102220,T4a,5957.0
94305,T4a,5957.0
98361,T4a,5957.0
57486,TmY3,5957.0
40426,Mi1,5957.0
36533,Mi1,5957.0
62569,T2,5957.0
98398,T4c,5957.1
114817,T4d,5957.1
111416,Tm3,5957.1
104942,T4a,5957.1
99850,T4a,5957.1
116259,T4b,5957.1
89252,T4b,5957.1
41136,Mi1,5957.1
48547,TmY3,5957.1
41545,Mi1,5957.1
36410,Mi1,5957.1
35017,Mi1,5957.1
33216,Mi1,5957.1
10023,HSS,5957.1
71437,T2a,5957.1
93527,T4a,5957.2
97145,T4c,5957.2
98751,T4a,5957.2
546524,Mi1,5957.2
125288,Tm3,5957.3
118551,Tm3,5957.3
114791,T4d,5957.3
111380,Tm3,5957.3
110693,Tm3,5957.3
36684,Mi1,5957.3
98817,T4a,5957.3
87090,T2a,5957.3
37699,Mi1,5957.3
35683,Mi1,5957.3
106745,T4b,5957.3
90657,T4a,5957.400000000001
110646,T4b,5957.400000000001
98000,T4b,5957.400000000001
90049,T4c,5957.400000000001
10016,HSE,5957.400000000001
66808,Tm3,5957.400000000001
52485,TmY3,5957.400000000001
43978,Mi1,5957.400000000001
66852,Mi1,5957.400000000001
106844,T4d,5957.5
96576,T4c,5957.5
91674,T4a,5957.5
91469,T4c,5957.5
85170,T4c,5957.5
79936,Tm3,5957.5
78911,Tm3,5957.5
48186,TmY3,5957.5
46121,TmY3,5957.5
36446,Mi1,5957.5
35806,Mi1,5957.5
66345,T2a,5957.5
112750,T4c,5957.6
107799,T4b,5957.6
98692,T4a,5957.6
78151,Tm3,5957.6
87087,T2a,5957.6
75027,Tm3,5957.6
96262,T4c,5957.6
108249,T4a,5957.7
97866,T4d,5957.7
58553,TmY3,5957.7
98985,T4c,5957.7
41659,Mi1,5957.7
36452,Mi1,5957.7
35234,Mi1,5957.7
50311,TmY3,5957.7
10112,VS,5957.8
12521,HST,5957.8
41613,Mi1,5957.8
74159,Tm3,5957.8
98887,T4b,5957.8
101994,T4a,5957.900000000001
101589,T4a,5957.900000000001
99628,T4b,5957.900000000001
75343,Tm3,5957.900000000001
86992,T4b,5957.900000000001
37019,Mi1,5957.900000000001
35774,Mi1,5957.900000000001
16545,Li28,5957.900000000001
55101,Mi1,5957.900000000001
106190,T4d,5958.0
95235,T4d,5958.0
89728,Tm3,5958.0
113171,T4b,5958.0
63175,Mi1,5958.0
20808,LC4,5958.0
83677,T4c,5958.0
37138,Mi1,5958.099999999999
88575,T4b,5958.099999999999
94596,T4b,5958.099999999999
97480,T4c,5958.099999999999
99789,T4d,5958.099999999999
104336,T4b,5958.099999999999
109336,T4b,5958.200000000001
106338,T4a,5958.200000000001
105115,T4d,5958.200000000001
102045,T4a,5958.200000000001
74375,Tm3,5958.200000000001
79259,T4b,5958.200000000001
41804,Mi1,5958.200000000001
34189,Mi1,5958.200000000001
46248,Mi1,5958.200000000001
41762,TmY3,5958.200000000001
35934,Mi1,5958.200000000001
102801,T4b,5958.3
97899,T4a,5958.3
90423,T4b,5958.3
38791,Mi1,5958.3
103025,T4a,5958.3
37948,Mi1,5958.3
10025,H2,5958.3
10015,HSN,5958.3
38748,Mi1,5958.3
10001,DNp01,5958.4
31492,Mi1,5958.4
40219,Mi1,5958.4
71228,T2a,5958.4
79134,Tm3,5958.4
98222,T4d,5958.4
102031,T4c,5958.4
91725,T4b,5958.5
102425,T4b,5958.5
74044,Tm3,5958.5
67152,Tm3,5958.5
58703,T2,5958.5
48283,TmY3,5958.5
73723,T2a,5958.5
69063,Mi1,5958.6
92431,T4a,5958.6
105984,Tm3,5958.7
71308,Tm3,5958.7
77891,Tm3,5958.7
16596,Li28,5958.7
37509,Mi1,5958.7
38721,Mi1,5958.8
34369,Mi1,5958.8
35001,Mi1,5958.8
36660,Mi1,5958.8
38238,Mi1,5958.8
38632,Mi1,5958.8
40505,Mi1,5958.8
104905,T4c,5958.9
93559,T4d,5958.9
106093,T4a,5958.9
100680,T4d,5958.9
35290,Mi1,5958.9
70289,Mi1,5958.9
10284,VS,5959.0
38477,Mi1,5959.0
41120,Mi1,5959.0
56984,TmY3,5959.0
80282,T4d,5959.0
81305,Tm3,5959.0
98099,T4b,5959.0
104753,T4a,5959.0
85924,T4a,5959.1
69793,T2a,5959.1
59528,T2a,5959.1
40411,Mi1,5959.1
37044,Mi1,5959.1
38227,Mi1,5959.1
18127,LC4,5959.1
39858,Mi1,5959.1
113414,T4d,5959.2
103022,T4a,5959.2
88281,T4b,5959.2
77972,Tm3,5959.2
73447,Tm3,5959.2
68264,Tm3,5959.2
37037,Mi1,5959.2
46784,Mi1,5959.2
35888,Mi1,5959.2
34300,Mi1,5959.2
14416,VST2,5959.2
10206,VS,5959.2
68212,T2a,5959.2
111949,T4c,5959.3
97853,T4c,5959.3
97545,T4c,5959.3
94283,T4d,5959.3
74373,Tm3,5959.3
51963,TmY3,5959.3
39651,Mi1,5959.3
35512,Mi1,5959.3
64855,T2,5959.3
96003,T4d,5959.400000000001
94703,T4c,5959.400000000001
92593,T4d,5959.400000000001
90900,T4a,5959.400000000001
69266,Tm3,5959.400000000001
63420,Mi1,5959.400000000001
42758,Mi1,5959.400000000001
40936,Mi1,5959.400000000001
10755,H1,5959.400000000001
33614,Mi1,5959.400000000001
42010,TmY3,5959.400000000001
39438,Mi1,5959.400000000001
39164,Mi1,5959.400000000001
37391,Mi1,5959.5
60857,Mi1,5959.5
101742,T4c,5959.5
103725,T4a,5959.5
38241,Mi1,5959.599999999999
75484,Tm3,5959.599999999999
90493,T4b,5959.599999999999
96015,T4c,5959.599999999999
98175,T4c,5959.599999999999
99074,T4b,5959.599999999999
100946,T4c,5959.599999999999
107486,T4c,5959.599999999999
104853,T4c,5959.700000000001
85429,T4d,5959.700000000001
95356,T4a,5959.700000000001
15909,Li28,5959.700000000001
50871,TmY3,5959.700000000001
10037,VS,5959.700000000001
95453,T4a,5959.8
67072,T2a,5959.8
63489,T2,5959.8
37088,Mi1,5959.8
37224,Mi1,5959.8
47967,Mi1,5959.8
109153,T4a,5959.9
106166,T4b,5959.9
95454,T4a,5959.9
103383,T4c,5959.9
30997,Mi1,5960.0
37680,Mi1,5960.0
40085,Mi1,5960.0
73767,Mi1,5960.0
86578,T4c,5960.0
91934,T4a,5960.0
94153,T4d,5960.0
103557,T4a,5960.0
39158,Mi1,5960.0
91366,T4b,5960.1
112619,T4d,5960.1
89864,T4b,5960.1
37353,Mi1,5960.1
72190,Tm3,5960.1
69736,Tm3,5960.2
90058,T4a,5960.2
95017,T4c,5960.2
100501,T4b,5960.2
539983,T4c,5960.2
530434,Tm3,5960.3
112321,T4d,5960.3
92993,Tm3,5960.3
59599,T2,5960.3
22108,TmY3,5960.3
81950,Tm3,5960.3
39692,TmY3,5960.4
93564,T4d,5960.4
51122,Mi1,5960.4
41536,Mi1,5960.4
37733,TmY3,5960.4
93419,T4b,5960.4
24338,LC4,5960.4
11981,Li28,5960.4
10023,HSS,5960.4
10016,HSE,5960.4
34862,Mi1,5960.4
10322,OA-AL2i2,5960.5
35498,Mi1,5960.5
36177,Mi1,5960.5
94324,Tm3,5960.5
100856,T4a,5960.5
111423,T4c,5960.5
100165,T4b,5960.6
96989,T4d,5960.6
72896,Tm3,5960.6
39718,Mi1,5960.6
37000,Mi1,5960.6
34899,Mi1,5960.6
42594,Mi1,5960.6
44282,Mi1,5960.7
74860,Tm3,5960.7
85378,T4a,5960.7
92842,T4a,5960.7
121245,Tm3,5960.7
117364,T4b,5960.8
106522,T4d,5960.8
99672,T4a,5960.8
94356,T4c,5960.8
96657,T4c,5960.8
66526,T2,5960.8
10269,OA-AL2i2,5960.8
92415,T4a,5960.8
41654,Mi1,5960.8
10311,VS,5960.900000000001
36911,Mi1,5960.900000000001
41809,Mi1,5960.900000000001
59277,TmY3,5960.900000000001
94058,T4b,5960.900000000001
102910,T4b,5960.900000000001
46324,TmY3,5961.0
16033,Li28,5961.0
39688,Mi1,5961.0
53156,TmY3,5961.0
67971,Tm3,5961.0
77484,T4d,5961.0
78317,T4a,5961.0
80884,T2a,5961.0
108948,T4b,5961.0
111180,T4c,5961.1
79314,T4b,5961.1
112744,T4d,5961.1
70490,Mi1,5961.1
42691,Mi1,5961.1
39716,Mi1,5961.1
35602,Mi1,5961.1
10012,VS,5961.1
57247,TmY3,5961.1
49372,TmY3,5961.200000000001
17280,Li28,5961.200000000001
35890,Mi1,5961.200000000001
35897,Mi1,5961.200000000001
40716,Tm3,5961.200000000001
76446,TmY3,5961.200000000001
79483,Tm3,5961.200000000001
106840,T4b,5961.200000000001
107211,T4d,5961.200000000001
122308,Tm3,5961.200000000001
103780,T4c,5961.3
91629,T4a,5961.3
108325,T4c,5961.3
91313,T4a,5961.3
114611,T4d,5961.3
75521,T2a,5961.3
73021,T2a,5961.3
10025,H2,5961.3
83509,T2a,5961.3
99348,T4c,5961.400000000001
98625,T4a,5961.400000000001
94574,T4c,5961.400000000001
33091,Mi1,5961.400000000001
61292,T2,5961.400000000001
42048,Mi1,5961.400000000001
82549,T4b,5961.400000000001
106886,T4c,5961.5
100345,T4c,5961.5
99975,T4c,5961.5
100726,T4d,5961.5
36540,Mi1,5961.5
31848,Mi1,5961.5
57398,Mi1,5961.5
37568,Mi1,5961.6
38767,Mi1,5961.6
43872,Mi1,5961.6
101215,T4c,5961.700000000001
89825,T4a,5961.700000000001
83204,T4d,5961.700000000001
74807,TmY3,5961.700000000001
64540,T2,5961.700000000001
73807,Tm3,5961.700000000001
51231,TmY3,5961.700000000001
43313,TmY3,5961.700000000001
38993,Mi1,5961.700000000001
37631,Mi1,5961.700000000001
36881,Mi1,5961.700000000001
59864,Tm3,5961.700000000001
41296,Mi1,5961.8
38687,Mi1,5961.8
101245,T4a,5961.8
33655,Mi1,5961.8
10015,HSN,5961.8
34404,Mi1,5961.8
39727,Mi1,5961.9
39894,T4b,5961.9
44222,Mi1,5961.9
65671,Mi1,5961.9
67963,Tm3,5961.9
78735,T2a,5961.9
102388,T4d,5961.9
45319,Mi1,5962.000000000001
83045,Tm3,5962.000000000001
66538,T2,5962.000000000001
526158,Mi1,5962.000000000001
42872,Mi1,5962.000000000001
40400,Mi1,5962.000000000001
37270,Mi1,5962.000000000001
35416,Mi1,5962.000000000001
40795,Mi1,5962.000000000001
104123,T4b,5962.1
97193,T4a,5962.1
97004,T4c,5962.1
84063,T4b,5962.1
44592,TmY3,5962.1
35770,Mi1,5962.1
11134,VSm,5962.1
46745,Mi1,5962.1
105180,T4c,5962.2
117748,Tm3,5962.2
110855,T4a,5962.2
106952,T4b,5962.2
77361,T4a,5962.2
10112,VS,5962.2
61622,T2,5962.2
43924,TmY3,5962.2
37438,Mi1,5962.2
67614,Mi1,5962.2
94471,T4a,5962.3
105135,T4c,5962.3
109023,T4c,5962.3
83583,T4d,5962.3
62078,Mi1,5962.3
80582,T4a,5962.3
69164,Mi1,5962.3
56564,Mi1,5962.3
83009,T4b,5962.3
92862,T4b,5962.400000000001
87566,T4a,5962.400000000001
85152,T4c,5962.400000000001
120594,T4c,5962.400000000001
39500,Mi1,5962.400000000001
33017,Mi1,5962.400000000001
71089,Mi1,5962.400000000001
45948,TmY3,5962.5
98349,T4a,5962.5
104354,T4b,5962.5
107442,T4d,5962.5
117662,T4d,5962.5
112310,T4d,5962.6
104297,T4a,5962.6
101081,T4c,5962.6
99748,T4b,5962.6
98748,T4c,5962.6
43485,Mi1,5962.6
49788,TmY3,5962.6
39629,Mi1,5962.6
38768,Mi1,5962.6
37585,Mi1,5962.6
96219,T4b,5962.6
61353,T2,5962.7
40703,Mi1,5962.7
129235,Tm3,5962.7
16606,VST2,5962.7
33446,Mi1,5962.7
35428,Mi1,5962.8
39595,Mi1,5962.8
40235,Mi1,5962.8
115686,T4b,5962.8
58224,Mi1,5962.900000000001
107117,T4d,5962.900000000001
78940,T4a,5962.900000000001
117882,T4b,5962.900000000001
56918,TmY3,5962.900000000001
63868,T2a,5962.900000000001
43615,Mi1,5962.900000000001
42895,Mi1,5962.900000000001
36158,Mi1,5962.900000000001
32535,Mi1,5962.900000000001
46230,TmY3,5962.900000000001
92054,T4b,5963.0
87845,T4a,5963.0
82618,T2a,5963.0
99609,T4a,5963.0
74927,Tm3,5963.0
54503,TmY3,5963.0
81494,T2,5963.0
45349,Mi1,5963.099999999999
53065,Mi1,5963.099999999999
64633,T2a,5963.099999999999
66872,T2,5963.099999999999
67308,Mi1,5963.099999999999
70158,T2a,5963.099999999999
83161,T2a,5963.099999999999
92839,T4b,5963.099999999999
106200,T4c,5963.200000000001
96394,T4b,5963.200000000001
96307,T4a,5963.200000000001
82964,T2a,5963.200000000001
64778,TmY3,5963.200000000001
70642,T2a,5963.200000000001
42675,Mi1,5963.200000000001
35712,Mi1,5963.200000000001
71652,Tm3,5963.200000000001
16545,Li28,5963.3
34079,Mi1,5963.3
88039,T4c,5963.3
90145,T4a,5963.3
123299,T4c,5963.3
106121,T4a,5963.4
99922,T4c,5963.4
95883,T4a,5963.4
93935,T4a,5963.4
93166,T4c,5963.4
64485,T2,5963.4
51848,TmY3,5963.4
100799,T4c,5963.4
39275,Mi1,5963.4
38857,Mi1,5963.4
37677,Mi1,5963.4
35152,Mi1,5963.4
10037,VS,5963.4
10016,HSE,5963.4
41626,Mi1,5963.4
104722,T4d,5963.500000000001
102448,T4d,5963.500000000001
98417,T4d,5963.500000000001
97306,T4a,5963.500000000001
103827,T4c,5963.500000000001
94866,T4d,5963.500000000001
90740,Tm3,5963.500000000001
90567,T4b,5963.500000000001
96365,T4a,5963.500000000001
46662,TmY3,5963.6
44700,Mi1,5963.6
90206,T4b,5963.6
10755,H1,5963.6
36994,Mi1,5963.6
36695,Mi1,5963.7
69961,Tm3,5963.7
89110,Tm3,5963.7
100488,T4c,5963.7
102975,T4b,5963.7
119601,T4d,5963.7
84490,T4a,5963.8
38893,Mi1,5963.8
37390,Mi1,5963.8
34849,Mi1,5963.8
10023,HSS,5963.8
93985,T4c,5963.900000000001
91345,T4c,5963.900000000001
89099,T4a,5963.900000000001
81378,T4b,5963.900000000001
96260,T4d,5963.900000000001
76003,Tm3,5963.900000000001
37371,Mi1,5963.900000000001
10687,OA-AL2i3,5963.900000000001
77982,T2a,5963.900000000001
37839,Mi1,5964.0
44564,TmY3,5964.0
78503,T2a,5964.0
86724,Tm3,5964.0
100274,T4a,5964.0
102564,T4a,5964.0
537004,VSm,5964.0
547091,T2,5964.0
110182,T4c,5964.1
90371,T4d,5964.1
525839,Mi1,5964.1
33942,Mi1,5964.1
87412,T4c,5964.1
35777,Mi1,5964.2
40256,Mi1,5964.2
41950,Mi1,5964.2
73284,T2a,5964.2
85608,T2a,5964.2
96852,T4a,5964.2
100673,T4b,5964.2
104191,T4a,5964.2
109593,Tm3,5964.3
106894,T4b,5964.3
102298,T4c,5964.3
89573,T2a,5964.3
82299,T4c,5964.3
72066,Tm3,5964.3
38772,Mi1,5964.3
56291,TmY3,5964.3
54885,TmY3,5964.3
40026,TmY3,5964.3
38710,Mi1,5964.3
15422,VST2,5964.3
65833,Mi1,5964.3
105363,T4c,5964.400000000001
35836,Mi1,5964.400000000001
68982,Tm3,5964.400000000001
10025,H2,5964.400000000001
10206,VS,5964.400000000001
81211,Tm3,5964.5
34938,Mi1,5964.5
38178,Mi1,5964.5
43689,Mi1,5964.5
48514,TmY3,5964.5
65515,T2,5964.5
79704,T4d,5964.5
82576,T4b,5964.5
91222,T4d,5964.5
95051,T4d,5964.5
100855,T4a,5964.5
116311,T4d,5964.599999999999
127970,Tm3,5964.599999999999
103033,T4a,5964.599999999999
116343,T4a,5964.599999999999
101480,T4c,5964.599999999999
15909,Li28,5964.599999999999
71164,Mi1,5964.599999999999
46586,TmY3,5964.599999999999
35100,Mi1,5964.599999999999
88726,T4b,5964.599999999999
88491,T4a,5964.700000000001
101770,T4b,5964.700000000001
92472,T4c,5964.700000000001
83042,T4b,5964.700000000001
39067,Mi1,5964.700000000001
41709,Mi1,5964.700000000001
37756,Mi1,5964.700000000001
34606,Mi1,5964.700000000001
57349,Mi1,5964.700000000001
110938,T4d,5964.8
107464,T4a,5964.8
100206,T4c,5964.8
85731,T4d,5964.8
85229,T4c,5964.8
74061,Tm3,5964.8
49324,Mi1,5964.8
44119,Mi1,5964.8
40577,Mi1,5964.8
35724,Mi1,5964.8
22194,LC4,5964.8
69380,Tm3,5964.8
92146,T4a,5964.9
92552,T4a,5964.9
62488,T2,5964.9
113107,T4a,5964.9
84267,T4c,5964.9
94953,T4d,5964.9
77791,T2a,5964.9
36252,Mi1,5964.9
71765,T2a,5964.9
65531,T2a,5964.9
72501,Mi1,5964.9
35840,Mi1,5964.9
10284,VS,5964.9
37084,Mi1,5965.0
39405,Mi1,5965.0
40944,Mi1,5965.0
95335,T4a,5965.0
97105,T4d,5965.0
111613,T4d,5965.0
103870,T4a,5965.1
102703,T4a,5965.1
102016,T4a,5965.1
99671,T4c,5965.1
107628,T4d,5965.1
83438,T4a,5965.1
82656,T2a,5965.1
78108,T2a,5965.1
10015,HSN,5965.1
91741,T4d,5965.1
108974,T4c,5965.2
104478,T4d,5965.2
92251,T4b,5965.2
67464,Mi1,5965.2
40106,Mi1,5965.2
81996,T2a,5965.2
71188,T2a,5965.3
86175,T4a,5965.3
88084,T4b,5965.3
83639,T2a,5965.3
79449,T4b,5965.3
63673,Tm3,5965.3
38514,Mi1,5965.3
51049,Mi1,5965.3
43063,Mi1,5965.3
40832,Mi1,5965.3
34658,Mi1,5965.3
89934,T4d,5965.3
61370,T2,5965.3
114207,T4a,5965.3
93957,T4b,5965.400000000001
111857,T4d,5965.400000000001
87358,T4a,5965.400000000001
37243,Mi1,5965.400000000001
64149,Mi1,5965.400000000001
45176,Mi1,5965.400000000001
86419,Tm3,5965.400000000001
105521,T4c,5965.5
98393,T4a,5965.5
89409,T4a,5965.5
81064,Tm3,5965.5
111852,T4a,5965.5
72045,T2a,5965.5
58967,TmY3,5965.5
35580,Mi1,5965.5
80197,T4a,5965.5
33766,Mi1,5965.6
34142,Mi1,5965.6
38648,Mi1,5965.6
42533,TmY3,5965.6
70708,T2,5965.6
104621,T4c,5965.6
105276,T4d,5965.6
118385,T4b,5965.6
105126,T4c,5965.7
122233,Tm3,5965.7
110386,T4d,5965.7
99636,T4d,5965.7
35113,Mi1,5965.7
37123,Mi1,5965.7
35235,Mi1,5965.7
10012,VS,5965.7
95921,T4c,5965.7
112027,T4d,5965.8
106801,T4c,5965.8
102742,T4d,5965.8
89223,T4d,5965.8
72655,Mi1,5965.8
37108,Mi1,5965.8
32893,Mi1,5965.8
74411,Mi1,5965.8
90430,T2a,5965.900000000001
110555,T4b,5965.900000000001
92644,T4d,5965.900000000001
90566,T4d,5965.900000000001
90474,T4b,5965.900000000001
85009,Tm3,5965.900000000001
82038,Tm3,5965.900000000001
71475,Tm3,5965.900000000001
59397,Mi1,5965.900000000001
40171,Mi1,5965.900000000001
39791,Mi1,5965.900000000001
38487,Mi1,5965.900000000001
33918,Mi1,5965.900000000001
33394,Mi1,5965.900000000001
111184,T4a,5966.0
105895,T4a,5966.0
70812,TmY3,5966.0
83465,T4a,5966.0
37529,Mi1,5966.0
34626,Mi1,5966.0
48286,Mi1,5966.0
43965,Mi1,5966.099999999999
44527,Mi1,5966.099999999999
92957,T4d,5966.099999999999
93360,T4b,5966.099999999999
114884,T4d,5966.099999999999
79875,T4c,5966.200000000001
103657,T4b,5966.200000000001
94368,T4a,5966.200000000001
42942,Mi1,5966.200000000001
34463,Mi1,5966.200000000001
32962,TmY3,5966.200000000001
38708,Mi1,5966.200000000001
97318,T4d,5966.3
11981,Li28,5966.3
16033,Li28,5966.3
25893,VST1,5966.3
37853,Mi1,5966.3
38596,Mi1,5966.3
78739,T4b,5966.3
99358,T4c,5966.3
103570,T4d,5966.3
35572,Mi1,5966.4
40854,Mi1,5966.4
90888,T4b,5966.4
93877,T4c,5966.4
107621,T4d,5966.4
126163,Tm3,5966.5
100924,T4b,5966.5
96671,T4c,5966.5
113648,T4c,5966.5
110910,Tm3,5966.5
78856,Tm3,5966.5
96676,T4b,5966.5
41399,Mi1,5966.5
10016,HSE,5966.5
12521,HST,5966.5
45322,Mi1,5966.5
36217,Mi1,5966.5
23606,Mi1,5966.5
33326,Mi1,5966.6
125171,Tm3,5966.6
113945,T4d,5966.6
107159,T4b,5966.6
107095,T4c,5966.6
81995,Tm3,5966.6
99670,T4c,5966.6
76121,Tm3,5966.6
64897,T2,5966.6
62894,Tm3,5966.6
58945,Tm3,5966.6
39743,Mi1,5966.6
78421,T2a,5966.6
94886,T4d,5966.6
96812,T4a,5966.7
108065,T4c,5966.7
105849,T4d,5966.7
104972,T4a,5966.7
104884,T4b,5966.7
82515,Tm3,5966.7
48060,Mi1,5966.7
16570,VST2,5966.7
10112,VS,5966.7
68412,T2a,5966.7
107819,T4c,5966.8
98010,T4a,5966.8
95926,T4a,5966.8
103677,T4b,5966.8
37294,Mi1,5966.8
36369,Mi1,5966.8
43783,Mi1,5966.8
35845,Mi1,5966.9
41435,Mi1,5966.9
59959,Mi1,5966.9
73122,T2a,5966.9
95629,T4c,5966.9
113568,T4d,5967.0
102370,T4c,5967.0
95554,T4b,5967.0
93142,T4a,5967.0
86696,T4d,5967.0
47211,Mi1,5967.0
35447,Mi1,5967.0
19292,Li28,5967.0
79646,Tm3,5967.0
542412,Mi1,5967.1
111980,T4d,5967.1
104017,T4b,5967.1
38461,Mi1,5967.1
34296,Mi1,5967.1
104144,T2,5967.1
17596,Li28,5967.1
11551,VS,5967.1
10037,VS,5967.1
10023,HSS,5967.1
33462,Mi1,5967.1
10001,DNp01,5967.2
42856,Mi1,5967.2
43323,Mi1,5967.2
90097,T4c,5967.2
97784,T4c,5967.2
104858,T4b,5967.2
110657,T4a,5967.2
111783,T4a,5967.2
107420,T4b,5967.3
110604,T4a,5967.3
103195,T4a,5967.3
34933,Mi1,5967.3
90121,T4b,5967.3
43414,Mi1,5967.3
98598,T4c,5967.3
91444,T4c,5967.400000000001
77307,Tm3,5967.400000000001
62838,TmY3,5967.400000000001
105565,Tm3,5967.400000000001
38421,Mi1,5967.400000000001
10025,H2,5967.400000000001
46827,Mi1,5967.400000000001
37927,Mi1,5967.5
52350,Mi1,5967.5
67150,T2a,5967.5
74303,Mi1,5967.5
95677,T4c,5967.5
115111,T4a,5967.5
97141,T4a,5967.599999999999
110988,T4a,5967.599999999999
102845,T4b,5967.599999999999
96728,T4c,5967.599999999999
70524,T2a,5967.599999999999
86635,T4c,5967.599999999999
77623,T2a,5967.599999999999
96424,T4b,5967.599999999999
59008,Mi1,5967.599999999999
10072,OA-AL2i1,5967.700000000001
41668,Mi1,5967.700000000001
47368,TmY3,5967.700000000001
70281,T2a,5967.700000000001
82208,T2a,5967.700000000001
86558,T4b,5967.700000000001
104703,T4d,5967.700000000001
117151,T4d,5967.700000000001
113207,T4d,5967.8
98439,T4a,5967.8
90219,T4a,5967.8
80855,Tm3,5967.8
24338,LC4,5967.8
63021,Tm3,5967.8
40599,TmY3,5967.8
34329,Mi1,5967.8
76886,T2a,5967.8
103654,T4b,5967.9
116129,T4b,5967.9
108161,T4a,5967.9
105403,T4c,5967.9
94081,T4c,5967.9
58862,Mi1,5967.9
84008,T4c,5967.9
67113,Mi1,5967.9
38133,Mi1,5967.9
21225,LC4,5967.9
92006,T4a,5967.9
102579,T4b,5968.0
101230,T4a,5968.0
99572,T4a,5968.0
95736,T4c,5968.0
80899,TmY3,5968.0
45696,Mi1,5968.0
38230,Mi1,5968.0
34356,Mi1,5968.0
34045,Mi1,5968.0
23047,Li28,5968.0
78308,T2a,5968.0
103440,T4d,5968.1
119288,T4d,5968.1
106401,T4d,5968.1
101302,T4d,5968.1
10755,H1,5968.1
91913,T4b,5968.1
38987,Mi1,5968.1
97877,T4d,5968.1
89142,T4b,5968.1
89485,T4a,5968.2
103148,T4a,5968.2
99731,T4c,5968.2
98245,T4c,5968.2
79297,T4a,5968.2
72665,Mi1,5968.2
58527,TmY3,5968.2
35173,Mi1,5968.2
27788,Mi1,5968.2
24867,VST1,5968.2
14209,Li28,5968.2
98938,T4a,5968.3
93588,T4b,5968.3
81733,Tm3,5968.3
72005,Tm3,5968.3
103497,Tm3,5968.3
66227,Tm3,5968.3
40596,Mi1,5968.3
35218,Mi1,5968.3
10015,HSN,5968.3
55976,Mi1,5968.3
102544,T4d,5968.4
67408,Mi1,5968.4
102572,T4c,5968.4
11134,VSm,5968.4
38455,Mi1,5968.4
33110,Mi1,5968.500000000001
94624,T4a,5968.500000000001
95681,T4a,5968.500000000001
101945,T4b,5968.500000000001
105640,T4d,5968.500000000001
91682,T4b,5968.6
112393,T4a,5968.6
107529,T4d,5968.6
68138,TmY3,5968.6
100874,T4a,5968.6
40635,Mi1,5968.6
36305,Mi1,5968.6
45719,Mi1,5968.6
36139,Mi1,5968.6
18127,LC4,5968.6
34867,Mi1,5968.7
93947,T4a,5968.7
111623,T4a,5968.7
104996,T4a,5968.8
90419,T4b,5968.8
85741,T4a,5968.8
82674,T4a,5968.8
36275,Mi1,5968.8
38208,Mi1,5968.8
37113,Mi1,5968.8
16545,Li28,5968.8
68167,Tm3,5968.8
99316,T4b,5968.900000000001
105718,T4b,5968.900000000001
95990,T4a,5968.900000000001
105122,T4b,5968.900000000001
86907,T4a,5968.900000000001
60856,T2a,5968.900000000001
95972,T4d,5968.900000000001
10206,VS,5969.0
17280,Li28,5969.0
35734,Mi1,5969.0
75660,T2a,5969.0
88152,T4c,5969.0
110989,T4b,5969.0
100247,T4c,5969.1
93509,T4b,5969.1
85074,T4a,5969.1
72279,Mi1,5969.1
20634,VST1,5969.1
45162,TmY3,5969.1
34057,Mi1,5969.200000000001
36684,Mi1,5969.200000000001
80177,Tm3,5969.200000000001
87289,T4a,5969.200000000001
95242,T4d,5969.200000000001
96090,T4c,5969.200000000001
107356,T4d,5969.3
99980,T4c,5969.3
50345,TmY3,5969.3
92281,T4c,5969.3
47465,TmY3,5969.3
48607,TmY3,5969.3
35405,Mi1,5969.3
112369,T4d,5969.400000000001
33907,Mi1,5969.400000000001
35045,Mi1,5969.400000000001
35260,Mi1,5969.400000000001
36646,Mi1,5969.400000000001
37599,Mi1,5969.400000000001
42119,Mi1,5969.400000000001
56136,Tm3,5969.400000000001
94329,T4c,5969.400000000001
108625,T4b,5969.5
108066,T4b,5969.5
84781,Tm3,5969.5
10016,HSE,5969.5
80483,T4c,5969.5
37555,Mi1,5969.5
82121,Tm3,5969.5
77527,T4a,5969.6
100105,T4a,5969.6
97769,T4a,5969.6
94743,T4d,5969.6
102909,T4c,5969.6
76788,T4b,5969.6
72794,Tm3,5969.6
69546,Tm3,5969.6
40958,Mi1,5969.6
34479,Mi1,5969.6
77395,T4b,5969.6
537004,VSm,5969.700000000001
121313,T4d,5969.700000000001
96134,T4b,5969.700000000001
89282,T4a,5969.700000000001
102113,T4b,5969.700000000001
69441,Tm3,5969.700000000001
50552,Mi1,5969.700000000001
36346,Mi1,5969.700000000001
75381,Tm3,5969.700000000001
15909,Li28,5969.8
20264,Li28,5969.8
34272,Mi1,5969.8
86686,T4c,5969.8
90533,T4c,5969.8
99663,T4c,5969.8
92047,T4c,5969.9
94668,T4d,5969.9
85598,T4b,5969.9
93302,T4b,5969.9
60863,T2,5969.9
36990,Mi1,5969.9
71583,Tm3,5969.9
48531,Mi1,5969.9
114793,T4b,5970.000000000001
111746,Tm3,5970.000000000001
107445,T4a,5970.000000000001
105541,T4a,5970.000000000001
100190,T4c,5970.000000000001
111304,T4b,5970.000000000001
88922,T4c,5970.000000000001
72839,Tm3,5970.000000000001
57239,Mi1,5970.000000000001
39525,Mi1,5970.000000000001
94755,T4a,5970.000000000001
115882,T4b,5970.1
34171,Mi1,5970.1
36410,Mi1,5970.1
63468,Mi1,5970.1
71361,Tm3,5970.1
87896,T4a,5970.1
117631,T4d,5970.2
41136,Mi1,5970.2
96784,T4b,5970.2
122333,T4b,5970.2
96295,T4b,5970.2
38529,Mi1,5970.2
72558,T2a,5970.2
44438,Mi1,5970.2
39505,Mi1,5970.2
86141,T4b,5970.2
111928,T4b,5970.3
10012,VS,5970.3
15019,Li28,5970.3
41522,Mi1,5970.3
66357,T2a,5970.3
89416,T4c,5970.3
94289,T4d,5970.3
97031,T4c,5970.3
99157,T4a,5970.3
94468,T4c,5970.400000000001
68678,T2,5970.400000000001
104670,T4d,5970.400000000001
98325,T4d,5970.400000000001
63994,Mi1,5970.400000000001
56762,TmY3,5970.400000000001
54087,Mi1,5970.400000000001
37019,Mi1,5970.400000000001
36954,Mi1,5970.400000000001
10025,H2,5970.400000000001
10023,HSS,5970.400000000001
800146,TTMn,5970.5
121887,T4b,5970.5
106362,T4d,5970.5
105412,T4a,5970.5
102495,T4b,5970.5
101605,T4a,5970.5
96830,T4b,5970.5
92682,T4a,5970.5
74023,T2a,5970.5
60594,TmY3,5970.5
38791,Mi1,5970.5
10284,VS,5970.5
10037,VS,5970.5
64579,T2,5970.6
80670,T4a,5970.6
97171,T4d,5970.6
98139,T4d,5970.6
102153,T4c,5970.7
95345,T4d,5970.7
44449,TmY3,5970.7
46248,Mi1,5970.7
50633,TmY3,5970.7
31492,Mi1,5970.8
96211,T4d,5970.8
97015,T4a,5970.8
99387,T4a,5970.8
99773,Tm3,5970.8
108594,T4d,5970.8
99614,T4c,5970.900000000001
81015,T4a,5970.900000000001
73301,Tm3,5970.900000000001
66791,Tm3,5970.900000000001
39692,TmY3,5970.900000000001
43978,Mi1,5970.900000000001
37699,Mi1,5970.900000000001
36446,Mi1,5970.900000000001
52151,TmY3,5970.900000000001
84800,Tm3,5971.0
100897,T4c,5971.0
97677,T4c,5971.0
106922,T4c,5971.0
71674,T2a,5971.0
65235,T2,5971.0
37948,Mi1,5971.0
37509,Mi1,5971.0
10112,VS,5971.0
70153,Tm3,5971.0
99163,T4a,5971.099999999999
72132,Tm3,5971.099999999999
41613,Mi1,5971.099999999999
85866,T4b,5971.099999999999
35234,Mi1,5971.099999999999
33216,Mi1,5971.099999999999
15263,Li28,5971.099999999999
40426,Mi1,5971.099999999999
36452,Mi1,5971.200000000001
38238,Mi1,5971.200000000001
38479,Mi1,5971.200000000001
65542,T2,5971.200000000001
82313,T4a,5971.200000000001
91076,T4a,5971.200000000001
93021,T4a,5971.3
104414,T4d,5971.3
100981,T4d,5971.3
100785,T4b,5971.3
90259,T4d,5971.3
41637,Mi1,5971.3
38241,Mi1,5971.3
35683,Mi1,5971.3
35512,Mi1,5971.3
68840,TmY3,5971.3
94948,T4c,5971.4
107075,T4d,5971.4
98194,T4d,5971.4
87814,T4b,5971.4
65298,T2a,5971.4
63175,Mi1,5971.4
35017,Mi1,5971.4
69889,T2a,5971.4
95498,T4b,5971.500000000001
10015,HSN,5971.500000000001
41545,Mi1,5971.500000000001
88992,T4c,5971.500000000001
105214,T4c,5971.500000000001
103933,T4d,5971.6
138496,Tm3,5971.6
97145,T4c,5971.6
104582,T4d,5971.6
68535,T2a,5971.6
82099,T4b,5971.6
60979,TmY3,5971.6
151155,T4b,5971.7
95928,T4c,5971.7
92939,T4b,5971.7
92254,T4b,5971.7
89434,T4c,5971.7
119213,T4c,5971.7
78437,Tm3,5971.7
71230,Tm3,5971.7
69228,T2a,5971.7
39438,Mi1,5971.7
89020,T4a,5971.7
35934,Mi1,5971.8
69063,Mi1,5971.8
83125,T4b,5971.8
85664,TmY3,5971.8
88127,T4b,5971.8
102229,T4d,5971.8
107812,T4a,5971.8
87424,T4d,5971.900000000001
94573,T4c,5971.900000000001
90796,T4d,5971.900000000001
114201,T4c,5971.900000000001
80812,T4a,5971.900000000001
37138,Mi1,5971.900000000001
36533,Mi1,5971.900000000001
80793,T2a,5971.900000000001
41659,Mi1,5972.0
65925,Tm3,5972.0
66852,Mi1,5972.0
85536,T4a,5972.0
86504,T4b,5972.0
93750,T4c,5972.0
546524,Mi1,5972.0
117221,T4c,5972.1
101228,T4a,5972.1
97326,T4c,5972.1
88095,T4d,5972.1
37353,Mi1,5972.1
61401,T2a,5972.1
40219,Mi1,5972.1
16033,Li28,5972.1
80906,T4c,5972.1
87106,T4a,5972.2
107567,T4c,5972.2
87722,T2a,5972.2
86416,T4a,5972.2
36660,Mi1,5972.2
71938,T2a,5972.2
37391,Mi1,5972.2
84328,T4a,5972.2
10001,DNp01,5972.3
35806,Mi1,5972.3
47696,TmY3,5972.3
64977,T2,5972.3
109225,T4a,5972.400000000001
98300,T4a,5972.400000000001
97528,T4a,5972.400000000001
97028,T4c,5972.400000000001
89073,T2a,5972.400000000001
83156,T2a,5972.400000000001
78529,Tm3,5972.400000000001
71052,T2a,5972.400000000001
42758,Mi1,5972.400000000001
10755,H1,5972.400000000001
88353,T4b,5972.400000000001
48930,TmY3,5972.5
102462,T4c,5972.5
95985,T4c,5972.5
91510,T4c,5972.5
68983,Tm3,5972.5
40936,Mi1,5972.5
34189,Mi1,5972.5
40411,Mi1,5972.5
35001,Mi1,5972.5
34369,Mi1,5972.5
10311,VS,5972.5
10016,HSE,5972.5
40505,Mi1,5972.5
94549,T4b,5972.599999999999
86778,T4a,5972.599999999999
37037,Mi1,5972.599999999999
41804,Mi1,5972.599999999999
10269,OA-AL2i2,5972.700000000001
39164,Mi1,5972.700000000001
40085,Mi1,5972.700000000001
76962,T2a,5972.700000000001
108043,T4a,5972.8
122290,Tm3,5972.8
90520,T4a,5972.8
112594,T4b,5972.8
60857,Mi1,5972.8
35888,Mi1,5972.8
89784,T4b,5972.8
47967,Mi1,5972.8
11981,Li28,5972.9
20808,LC4,5972.9
33614,Mi1,5972.9
70402,Tm3,5972.9
117039,T4c,5973.0
107334,T4a,5973.0
101033,T4d,5973.0
98654,T4d,5973.0
37224,Mi1,5973.0
35897,Mi1,5973.0
35290,Mi1,5973.0
72796,Tm3,5973.0
94567,T4c,5973.0
36177,Mi1,5973.1
74731,T2a,5973.1
77916,T2a,5973.1
82536,T4d,5973.1
89092,T4c,5973.1
102481,T4a,5973.1
102791,T4c,5973.2
128396,T4d,5973.2
81548,T2a,5973.2
41120,Mi1,5973.2
87873,T4b,5973.2
10206,VS,5973.3
30997,Mi1,5973.3
73320,T2,5973.3
94071,T4a,5973.3
108307,T4b,5973.3
108344,T4d,5973.3
105706,T4a,5973.400000000001
102479,T4c,5973.400000000001
101072,T4b,5973.400000000001
96835,T4b,5973.400000000001
94482,T4d,5973.400000000001
48894,TmY3,5973.400000000001
91987,T4c,5973.400000000001
42594,Mi1,5973.400000000001
39158,Mi1,5973.400000000001
38721,Mi1,5973.400000000001
93566,T4a,5973.400000000001
95532,T4a,5973.5
109172,T4b,5973.5
103867,T4a,5973.5
90135,T4c,5973.5
107609,T4d,5973.5
69980,Tm3,5973.5
10025,H2,5973.5
74010,T2a,5973.5
48547,TmY3,5973.5
106295,T4b,5973.6
95287,T4a,5973.6
90278,T4a,5973.6
70289,Mi1,5973.6
112458,T4b,5973.6
39651,Mi1,5973.6
37680,Mi1,5973.6
10023,HSS,5973.6
42691,Mi1,5973.6
110403,T4b,5973.6
35774,Mi1,5973.7
44746,TmY3,5973.7
83067,T4b,5973.7
97256,T4c,5973.7
98175,T4c,5973.7
98846,T4c,5973.7
133349,Tm3,5973.7
95007,T4a,5973.8
122273,Tm3,5973.8
116187,T4c,5973.8
110987,Tm3,5973.8
38993,Mi1,5973.8
38748,Mi1,5973.8
34899,Mi1,5973.8
10037,VS,5973.8
63820,T2a,5973.8
14416,VST2,5973.900000000001
41536,Mi1,5973.900000000001
80913,T4a,5973.900000000001
84631,T4c,5973.900000000001
110742,T4c,5973.900000000001
107082,T4d,5974.0
97249,T4d,5974.0
90657,T4a,5974.0
84746,T2a,5974.0
77174,T2a,5974.0
38632,Mi1,5974.0
55101,Mi1,5974.0
42872,Mi1,5974.0
38477,Mi1,5974.0
38227,Mi1,5974.0
68475,T2a,5974.0
98575,T4a,5974.099999999999
97184,T4d,5974.099999999999
96576,T4c,5974.099999999999
92706,T4a,5974.099999999999
37088,Mi1,5974.099999999999
62562,T2,5974.099999999999
16545,Li28,5974.099999999999
10403,VS,5974.099999999999
67810,Tm3,5974.099999999999
35498,Mi1,5974.200000000001
46784,Mi1,5974.200000000001
81309,T2a,5974.200000000001
86536,Tm3,5974.200000000001
115390,T4d,5974.200000000001
129930,Tm3,5974.200000000001
135112,Tm3,5974.200000000001
98381,T4d,5974.3
86630,Tm3,5974.3
81401,T4b,5974.3
34300,Mi1,5974.3
11134,VSm,5974.3
39718,Mi1,5974.3
33655,Mi1,5974.4
58576,T2,5974.4
63420,Mi1,5974.4
78597,T2a,5974.4
98467,T4d,5974.4
103527,T4c,5974.4
97872,T4d,5974.5
99519,T4a,5974.5
93407,T4d,5974.5
33017,Mi1,5974.5
37270,Mi1,5974.5
37044,Mi1,5974.5
39858,Mi1,5974.5
117142,T4d,5974.6
110757,T4b,5974.6
96931,T4b,5974.6
119245,T4d,5974.6
90027,T4c,5974.6
48986,TmY3,5974.6
92171,T4b,5974.6
10015,HSN,5974.7
41654,Mi1,5974.7
61659,Tm3,5974.7
86932,T4b,5974.7
92114,T4c,5974.7
81486,T4b,5974.8
117586,T4c,5974.8
91303,T4b,5974.8
88005,T4d,5974.8
71089,Mi1,5974.8
36911,Mi1,5974.8
41464,TmY3,5974.8
39727,Mi1,5974.8
39688,Mi1,5974.8
69164,Mi1,5974.8
537004,VSm,5974.9
102786,Tm3,5974.9
102741,T4c,5974.9
101772,Tm3,5974.9
100787,T4b,5974.9
74374,T2a,5974.9
73767,Mi1,5974.9
37000,Mi1,5974.9
15909,Li28,5974.9
84663,T2a,5974.9
88746,Tm3,5975.0
115636,T4d,5975.0
112613,T4d,5975.0
98118,T4c,5975.0
71394,T2a,5975.0
108119,T4c,5975.0
36540,Mi1,5975.0
35602,Mi1,5975.0
16596,Li28,5975.0
10112,VS,5975.0
70490,Mi1,5975.0
33091,Mi1,5975.1
34404,Mi1,5975.1
35416,Mi1,5975.1
37438,Mi1,5975.1
96081,T4a,5975.1
107010,T4d,5975.1
113228,T4b,5975.2
112241,T4b,5975.2
109727,T4b,5975.2
105862,T4d,5975.2
105313,T4a,5975.2
51122,Mi1,5975.2
62757,T2a,5975.2
54423,TmY3,5975.2
10012,VS,5975.2
88398,T4a,5975.2
99258,T4c,5975.3
108249,T4a,5975.3
102765,T4d,5975.3
102540,T4b,5975.3
92911,T4c,5975.3
40795,Mi1,5975.3
82425,T4b,5975.3
58196,TmY3,5975.3
41296,Mi1,5975.3
91476,T4d,5975.3
34862,Mi1,5975.3
79083,Tm3,5975.400000000001
65671,Mi1,5975.400000000001
104257,T4b,5975.400000000001
12521,HST,5975.400000000001
10322,OA-AL2i2,5975.400000000001
44222,Mi1,5975.400000000001
10016,HSE,5975.5
37568,Mi1,5975.5
38857,Mi1,5975.5
44282,Mi1,5975.5
88617,T4a,5975.5
100310,T4d,5975.5
113991,T4d,5975.5
121821,T4c,5975.599999999999
109631,T4b,5975.599999999999
100838,T4c,5975.599999999999
96199,T4a,5975.599999999999
39716,Mi1,5975.599999999999
99837,T4a,5975.599999999999
526158,Mi1,5975.700000000001
117627,Tm3,5975.700000000001
102519,T4a,5975.700000000001
102045,T4a,5975.700000000001
79358,T2a,5975.700000000001
99011,T4c,5975.700000000001
68212,T2a,5975.700000000001
61768,T2,5975.700000000001
50311,TmY3,5975.700000000001
42048,Mi1,5975.700000000001
73139,Tm3,5975.700000000001
94179,T4a,5975.8
98668,T4a,5975.8
96163,T4b,5975.8
73385,T2a,5975.8
99950,T4c,5975.8
36881,Mi1,5975.8
35770,Mi1,5975.8
33942,Mi1,5975.8
40703,Mi1,5975.8
108870,T4a,5975.9
100729,T4b,5975.9
82211,T2a,5975.9
73619,T2a,5975.9
104714,T4b,5975.9
48897,TmY3,5975.9
36158,Mi1,5975.9
31848,Mi1,5975.9
71944,T2a,5975.9
24338,LC4,5976.0
40400,Mi1,5976.0
46745,Mi1,5976.0
57398,Mi1,5976.0
85856,TmY3,5976.0
101865,T4a,5976.0
105332,T4b,5976.1
132624,Tm3,5976.1
128916,Tm3,5976.1
103955,T4d,5976.1
60337,TmY3,5976.1
74937,T2a,5976.1
91057,T4c,5976.1
56564,Mi1,5976.1
38768,Mi1,5976.1
112048,T4c,5976.200000000001
102991,T4c,5976.200000000001
112775,T4d,5976.200000000001
42895,Mi1,5976.200000000001
35890,Mi1,5976.200000000001
89102,T4d,5976.200000000001
10755,H1,5976.3
39275,Mi1,5976.3
39629,Mi1,5976.3
70635,Tm3,5976.3
104622,T4b,5976.3
79138,T2a,5976.4
109598,T4b,5976.4
93941,T4b,5976.4
77557,T4b,5976.4
104412,T4a,5976.4
43485,Mi1,5976.4
37631,Mi1,5976.4
23047,Li28,5976.4
57164,TmY3,5976.4
33446,Mi1,5976.500000000001
38767,Mi1,5976.500000000001
40256,Mi1,5976.500000000001
41709,Mi1,5976.500000000001
41809,Mi1,5976.500000000001
104130,T4a,5976.500000000001
104301,T4b,5976.500000000001
114457,T4d,5976.6
102295,T4d,5976.6
101380,T4d,5976.6
98549,T4a,5976.6
91914,T4a,5976.6
32535,Mi1,5976.6
83682,Tm3,5976.6
68918,Tm3,5976.6
37585,Mi1,5976.6
10025,H2,5976.6
84434,Tm3,5976.6
104202,T4d,5976.7
103302,T4c,5976.7
100033,T4c,5976.7
57950,Tm3,5976.7
41671,TmY3,5976.7
38687,Mi1,5976.7
35152,Mi1,5976.7
45319,Mi1,5976.7
10284,VS,5976.8
34079,Mi1,5976.8
53065,Mi1,5976.8
85924,T4a,5976.8
94356,T4c,5976.8
102147,T4c,5976.8
102975,T4b,5976.8
108876,T4c,5976.8
118948,T4d,5976.900000000001
108757,T4c,5976.900000000001
105962,T4b,5976.900000000001
105545,T4d,5976.900000000001
44700,Mi1,5976.900000000001
66538,T2,5976.900000000001
62078,Mi1,5976.900000000001
91179,T4a,5976.900000000001
103579,T4c,5977.0
105292,T4b,5977.0
116248,T4d,5977.0
100282,T4a,5977.0
40235,Mi1,5977.0
71447,T4c,5977.0
60643,Tm3,5977.0
10037,VS,5977.0
98817,T4a,5977.0
121816,T4a,5977.1
114338,T4c,5977.1
91469,T4c,5977.1
90112,T4c,5977.1
85938,T4a,5977.1
85378,T4a,5977.1
38514,Mi1,5977.1
34849,Mi1,5977.1
10023,HSS,5977.1
112944,T4b,5977.2
98137,T4d,5977.2
79259,T4b,5977.2
67971,Tm3,5977.2
104256,T4a,5977.2
43689,Mi1,5977.2
34938,Mi1,5977.2
10206,VS,5977.2
61960,T2,5977.2
108847,T4d,5977.3
93972,T4a,5977.3
93927,T4a,5977.3
93025,T4b,5977.3
106819,T4b,5977.3
68730,T2,5977.3
40577,Mi1,5977.3
39500,Mi1,5977.3
77594,T2a,5977.3
43872,Mi1,5977.400000000001
44119,Mi1,5977.400000000001
47686,TmY3,5977.400000000001
87808,T4a,5977.400000000001
88933,T4a,5977.400000000001
94983,T4c,5977.400000000001
103314,T4b,5977.400000000001
110160,T4c,5977.400000000001
112179,T4b,5977.400000000001
95005,T4a,5977.5
62851,Tm3,5977.5
39595,Mi1,5977.5
38710,Mi1,5977.5
35428,Mi1,5977.5
15422,VST2,5977.5
37371,Mi1,5977.6
38178,Mi1,5977.6
43615,Mi1,5977.6
80582,T4a,5977.6
97792,T4b,5977.6
98887,T4b,5977.700000000001
98360,T4c,5977.700000000001
97288,T4c,5977.700000000001
88167,T4b,5977.700000000001
67614,Mi1,5977.700000000001
38893,Mi1,5977.700000000001
37839,Mi1,5977.700000000001
37677,Mi1,5977.700000000001
75343,Tm3,5977.700000000001
16033,Li28,5977.8
35836,Mi1,5977.8
97981,T4a,5977.8
45349,Mi1,5977.8
109384,T4d,5977.9
115511,T4d,5977.9
74159,Tm3,5977.9
10015,HSN,5977.9
83979,T4a,5977.9
34606,Mi1,5978.000000000001
36695,Mi1,5978.000000000001
41950,Mi1,5978.000000000001
64260,T2,5978.000000000001
68933,Tm3,5978.000000000001
69915,TmY3,5978.000000000001
70900,Tm3,5978.000000000001
77910,Tm3,5978.000000000001
87565,T4a,5978.000000000001
88698,T4a,5978.000000000001
93865,T4c,5978.000000000001
93688,T4a,5978.1
93527,T4a,5978.1
97835,T4a,5978.1
72619,T2a,5978.1
111823,T4c,5978.1
149504,T4d,5978.1
103425,T4a,5978.1
66808,Tm3,5978.1
63825,Tm3,5978.1
42675,Mi1,5978.1
39405,Mi1,5978.1
38772,Mi1,5978.1
37756,Mi1,5978.1
36994,Mi1,5978.1
35840,Mi1,5978.1
17280,Li28,5978.1
10001,DNp01,5978.1
107297,T4c,5978.2
102409,T4c,5978.2
72955,T2a,5978.2
92684,T4c,5978.2
57349,Mi1,5978.2
35100,Mi1,5978.2
72501,Mi1,5978.2
47240,TmY3,5978.3
112453,T4c,5978.3
64849,Tm3,5978.400000000001
75557,Tm3,5978.400000000001
80282,T4d,5978.400000000001
83432,Tm3,5978.400000000001
104674,T4a,5978.5
107105,T4d,5978.5
106203,T4d,5978.5
103025,T4a,5978.5
10016,HSE,5978.5
89290,T4d,5978.5
67308,Mi1,5978.5
37123,Mi1,5978.5
97675,T4c,5978.5
525839,Mi1,5978.6
131034,Tm3,5978.6
113686,T4d,5978.6
97899,T4a,5978.6
95364,T4d,5978.6
76528,Tm3,5978.6
75172,T2a,5978.6
74504,T2a,5978.6
44527,Mi1,5978.6
37390,Mi1,5978.6
84010,Tm3,5978.6
105115,T4d,5978.7
94282,T4c,5978.7
82529,T2a,5978.7
68562,T2a,5978.7
40944,Mi1,5978.7
40106,Mi1,5978.7
118658,T4a,5978.8
109326,T4c,5978.8
101994,T4a,5978.8
58224,Mi1,5978.8
103108,T4b,5978.8
40832,Mi1,5978.8
35572,Mi1,5978.8
34658,Mi1,5978.8
30923,TmY3,5978.8
49324,Mi1,5978.8
41626,Mi1,5978.900000000001
77138,Tm3,5978.900000000001
79271,T4a,5978.900000000001
98890,T4c,5978.900000000001
98911,T4b,5978.900000000001
87390,T2a,5979.0
112806,T4c,5979.0
109276,T4d,5979.0
80838,T2a,5979.0
72989,Tm3,5979.0
35777,Mi1,5979.0
34463,Mi1,5979.0
78477,T4a,5979.0
90731,T4b,5979.099999999999
34142,Mi1,5979.099999999999
35712,Mi1,5979.099999999999
37243,Mi1,5979.099999999999
64149,Mi1,5979.099999999999
86715,Tm3,5979.099999999999
97161,T4a,5979.099999999999
101685,T4b,5979.099999999999
47211,Mi1,5979.200000000001
65833,Mi1,5979.200000000001
72148,Tm3,5979.200000000001
76380,Tm3,5979.200000000001
100501,T4b,5979.200000000001
89483,T4a,5979.3
95356,T4a,5979.3
83677,T4c,5979.3
108675,T4b,5979.3
127615,Tm3,5979.3
74287,Tm3,5979.3
107240,T4b,5979.3
68522,T2a,5979.3
10112,VS,5979.3
33766,Mi1,5979.3
74231,Tm3,5979.3
39067,Mi1,5979.3
34626,Mi1,5979.3
59397,Mi1,5979.3
35235,Mi1,5979.4
68264,Tm3,5979.4
93984,T4b,5979.4
100261,T4c,5979.4
104683,T4b,5979.4
108475,T4b,5979.4
111010,T4c,5979.500000000001
106950,T4c,5979.500000000001
89368,T4c,5979.500000000001
43063,Mi1,5979.500000000001
11981,Li28,5979.500000000001
51049,Mi1,5979.500000000001
95822,T4b,5979.6
112969,T4c,5979.6
109035,T4b,5979.6
105802,T4c,5979.6
95810,T2a,5979.6
93360,T4b,5979.6
78172,TmY3,5979.6
40171,Mi1,5979.6
39894,T4b,5979.6
20634,VST1,5979.6
10025,H2,5979.6
86578,T4c,5979.6
114391,T4d,5979.7
35580,Mi1,5979.7
82130,T2a,5979.7
99310,T4a,5979.7
111416,Tm3,5979.7
100488,T4c,5979.8
95453,T4a,5979.8
94089,T4d,5979.8
91806,T4a,5979.8
35447,Mi1,5979.8
78561,Tm3,5979.8
60886,T2a,5979.8
103022,T4a,5979.8
91283,T4c,5979.8
116633,T4c,5979.8
117179,T4c,5979.900000000001
119556,T4b,5979.900000000001
106821,T4b,5979.900000000001
98398,T4c,5979.900000000001
101645,T4a,5979.900000000001
35724,Mi1,5979.900000000001
67464,Mi1,5980.0
96003,T4d,5980.0
89409,T4a,5980.0
86992,T4b,5980.0
81372,Tm3,5980.0
78968,Tm3,5980.0
65513,T2a,5980.0
43965,Mi1,5980.0
39743,Mi1,5980.0
37529,Mi1,5980.0
33918,Mi1,5980.0
16606,VST2,5980.0
10012,VS,5980.0
45176,Mi1,5980.0
48286,Mi1,5980.1
96638,T4c,5980.1
79314,T4b,5980.1
98312,T4a,5980.1
41399,Mi1,5980.1
37853,Mi1,5980.1
37108,Mi1,5980.1
35845,Mi1,5980.1
35113,Mi1,5980.1
38648,Mi1,5980.1
116605,T4d,5980.2
104390,T4a,5980.2
77484,T4d,5980.2
45322,Mi1,5980.2
76653,T2a,5980.2
36217,Mi1,5980.2
16545,Li28,5980.2
11134,VSm,5980.2
10037,VS,5980.2
43783,Mi1,5980.2
23606,Mi1,5980.3
37294,Mi1,5980.3
59959,Mi1,5980.3
91288,T4c,5980.3
91313,T4a,5980.3
100319,T4b,5980.3
171349687,Tm3,5980.400000000001
121542,T4a,5980.400000000001
114080,T4a,5980.400000000001
33394,Mi1,5980.400000000001
15909,Li28,5980.400000000001
10755,H1,5980.400000000001
56007,TmY3,5980.400000000001
42942,Mi1,5980.5
45719,Mi1,5980.5
69597,Tm3,5980.5
72655,Mi1,5980.5
120992,Tm3,5980.5
123490,Tm3,5980.5
111949,T4c,5980.599999999999
103271,T4c,5980.599999999999
37927,Mi1,5980.599999999999
71164,Mi1,5980.599999999999
93166,T4c,5980.599999999999
102801,T4b,5980.700000000001
537004,VSm,5980.700000000001
116259,T4b,5980.700000000001
107031,T4b,5980.700000000001
105379,T4c,5980.700000000001
91505,T4c,5980.700000000001
97231,T4a,5980.700000000001
80911,Tm3,5980.700000000001
60698,TmY3,5980.700000000001
50333,TmY3,5980.700000000001
40854,Mi1,5980.700000000001
39791,Mi1,5980.700000000001
10023,HSS,5980.700000000001
85535,T2a,5980.700000000001
120016,Tm3,5980.8
104008,T4b,5980.8
101382,T4c,5980.8
101134,T4c,5980.8
93622,T4c,5980.8
82976,Tm3,5980.8
75848,T2a,5980.8
48060,Mi1,5980.8
34356,Mi1,5980.8
34296,Mi1,5980.8
88870,Tm3,5980.8
106745,T4b,5980.9
36252,Mi1,5980.9
38487,Mi1,5980.9
59008,Mi1,5980.9
78086,T4c,5980.9
68735,T2,5981.0
91629,T4a,5981.0
10015,HSN,5981.0
71765,T2a,5981.1
16570,VST2,5981.1
34933,Mi1,5981.1
37084,Mi1,5981.1
38230,Mi1,5981.1
38596,Mi1,5981.1
41435,Mi1,5981.1
45696,Mi1,5981.1
59864,Tm3,5981.1
80080,T2a,5981.1
82549,T4b,5981.1
102799,T4c,5981.1
105199,T4d,5981.1
107640,T4c,5981.1
117652,T4d,5981.1
108438,T4d,5981.2
103765,T4d,5981.2
119353,T4b,5981.2
74411,Mi1,5981.2
96126,T4b,5981.2
38708,Mi1,5981.2
38461,Mi1,5981.2
10206,VS,5981.2
43323,Mi1,5981.2
33326,Mi1,5981.3
36369,Mi1,5981.3
52350,Mi1,5981.3
83438,T4a,5981.3
93482,T4d,5981.3
48267,TmY3,5981.400000000001
117911,T4b,5981.400000000001
112633,T4b,5981.400000000001
106535,T4d,5981.400000000001
32893,Mi1,5981.400000000001
100075,T4c,5981.400000000001
38208,Mi1,5981.400000000001
800146,TTMn,5981.400000000001
103870,T4a,5981.400000000001
97186,T4a,5981.5
100633,T4a,5981.5
10016,HSE,5981.5
44564,TmY3,5981.5
96657,T4c,5981.6
83689,T4a,5981.6
109142,T4b,5981.6
78470,Tm3,5981.6
33462,Mi1,5981.6
44592,TmY3,5981.6
38987,Mi1,5981.6
67113,Mi1,5981.6
36139,Mi1,5981.7
36305,Mi1,5981.7
42856,Mi1,5981.7
71933,T2,5981.7
78911,Tm3,5981.7
94305,T4a,5981.7
114995,T4b,5981.7
104911,T4c,5981.8
103073,T4a,5981.8
102031,T4c,5981.8
90423,T4b,5981.8
37733,TmY3,5981.8
80033,T4a,5981.8
46827,Mi1,5981.8
40635,Mi1,5981.8
82855,Tm3,5981.8
103780,T4c,5981.900000000001
79449,T4b,5981.900000000001
87412,T4c,5981.900000000001
43414,Mi1,5981.900000000001
55976,Mi1,5981.900000000001
17596,Li28,5981.900000000001
115452,T4c,5982.0
114088,T4d,5982.0
100087,T4b,5982.0
88575,T4b,5982.0
124867,T4d,5982.0
68342,Tm3,5982.0
62089,Tm3,5982.0
47360,TmY3,5982.0
35173,Mi1,5982.0
84490,T4a,5982.0
113107,T4a,5982.099999999999
93419,T4b,5982.099999999999
92273,T2a,5982.099999999999
87763,T4a,5982.099999999999
53983,TmY3,5982.099999999999
42533,TmY3,5982.099999999999
38421,Mi1,5982.099999999999
35260,Mi1,5982.099999999999
76038,Tm3,5982.099999999999
103195,T4a,5982.200000000001
110454,T4d,5982.200000000001
105565,Tm3,5982.200000000001
102514,T4a,5982.200000000001
98625,T4a,5982.200000000001
98751,T4a,5982.200000000001
99292,T4a,5982.200000000001
90145,T4a,5982.200000000001
36684,Mi1,5982.200000000001
36410,Mi1,5982.3
40596,Mi1,5982.3
41136,Mi1,5982.3
76074,Tm3,5982.3
84366,T4b,5982.3
88491,T4a,5982.3
98404,T4d,5982.3
121170,Tm3,5982.3
119357,T4d,5982.4
111017,T4d,5982.4
100032,T4c,5982.4
98039,T4d,5982.4
33110,Mi1,5982.4
67408,Mi1,5982.4
35218,Mi1,5982.4
35045,Mi1,5982.4
87827,T2a,5982.4
111579,Tm3,5982.5
542412,Mi1,5982.5
533688,Tm3,5982.5
101707,T4c,5982.5
10284,VS,5982.5
79253,T4a,5982.5
51191,TmY3,5982.5
101441,T4a,5982.5
103645,T4c,5982.6
97878,T4b,5982.6
93509,T4b,5982.6
98448,T4b,5982.6
19292,Li28,5982.6
10025,H2,5982.6
58862,Mi1,5982.6
27788,Mi1,5982.7
34867,Mi1,5982.7
104336,T4b,5982.7
124357,T4d,5982.7
101379,T4d,5982.8
110968,T4b,5982.8
102329,T4d,5982.8
92431,T4a,5982.8
34479,Mi1,5982.8
36646,Mi1,5982.8
34045,Mi1,5982.8
38791,Mi1,5982.8
36275,Mi1,5982.8
10311,VS,5982.9
60510,T2,5982.9
69540,TmY3,5982.9
78940,T4a,5982.9
85170,T4c,5982.9
99131,T4c,5982.9
118029,T4b,5982.9
106338,T4a,5983.0
99137,T4c,5983.0
75590,T2a,5983.0
33907,Mi1,5983.0
72279,Mi1,5983.0
34272,Mi1,5983.0
110040,T4c,5983.0
72665,Mi1,5983.0
38133,Mi1,5983.1
137694,Tm3,5983.1
109336,T4b,5983.1
34057,Mi1,5983.1
34171,Mi1,5983.2
37113,Mi1,5983.2
37948,Mi1,5983.2
38238,Mi1,5983.2
48531,Mi1,5983.2
59528,T2a,5983.2
91345,T4c,5983.2
101480,T4c,5983.2
74303,Mi1,5983.3
34329,Mi1,5983.400000000001
39692,TmY3,5983.400000000001
40958,Mi1,5983.400000000001
41668,Mi1,5983.400000000001
42119,Mi1,5983.400000000001
57239,Mi1,5983.400000000001
95239,T4a,5983.400000000001
101961,Tm3,5983.400000000001
93564,T4d,5983.5
532850,Tm3,5983.5
86419,Tm3,5983.5
83613,T4b,5983.5
38455,Mi1,5983.5
16033,Li28,5983.5
66739,Tm3,5983.5
10037,VS,5983.599999999999
37555,Mi1,5983.599999999999
50552,Mi1,5983.599999999999
67332,T2a,5983.599999999999
76621,T2a,5983.599999999999
83042,T4b,5983.599999999999
93957,T4b,5983.700000000001
66980,T2a,5983.700000000001
42006,TmY3,5983.700000000001
14209,Li28,5983.700000000001
38529,Mi1,5983.700000000001
35405,Mi1,5983.700000000001
41522,Mi1,5983.700000000001
68982,Tm3,5983.8
104931,T4c,5983.8
54087,Mi1,5983.8
96434,T4d,5983.8
35734,Mi1,5983.8
12521,HST,5983.8
40426,Mi1,5983.8
10112,VS,5983.900000000001
35234,Mi1,5983.900000000001
36452,Mi1,5983.900000000001
39525,Mi1,5983.900000000001
44438,Mi1,5983.900000000001
92055,T4c,5983.900000000001
98692,T4a,5983.900000000001
109996,T4c,5983.900000000001
109645,T4b,5984.0
103033,T4a,5984.0
85126,T4a,5984.0
76788,T4b,5984.0
20808,LC4,5984.0
71398,Tm3,5984.0
67152,Tm3,5984.0
73029,T2,5984.0
101215,T4c,5984.1
547091,T2,5984.1
102220,T4a,5984.1
99789,T4d,5984.1
91804,T4d,5984.1
90655,T4a,5984.1
85716,T4c,5984.1
24867,VST1,5984.1
10015,HSN,5984.1
37019,Mi1,5984.200000000001
37699,Mi1,5984.200000000001
41613,Mi1,5984.200000000001
69063,Mi1,5984.200000000001
69961,Tm3,5984.200000000001
85152,T4c,5984.200000000001
102703,T4a,5984.200000000001
102910,T4b,5984.200000000001
93224,T4a,5984.3
92640,T4d,5984.3
89728,Tm3,5984.3
75473,Tm3,5984.3
103351,T4a,5984.3
72426,Tm3,5984.3
36346,Mi1,5984.3
10023,HSS,5984.3
74927,Tm3,5984.3
107799,T4b,5984.4
95926,T4a,5984.4
78820,T2a,5984.4
63994,Mi1,5984.4
93985,T4c,5984.4
40936,Mi1,5984.4
38241,Mi1,5984.4
37599,Mi1,5984.4
37509,Mi1,5984.4
43978,Mi1,5984.4
10016,HSE,5984.500000000001
33216,Mi1,5984.500000000001
84063,T4b,5984.500000000001
90952,T4c,5984.500000000001
101721,T4d,5984.500000000001
111380,Tm3,5984.500000000001
121093,T4b,5984.500000000001
102688,T4b,5984.6
104123,T4b,5984.6
94596,T4b,5984.6
107715,T4a,5984.6
46248,Mi1,5984.6
15019,Li28,5984.6
90371,T4d,5984.6
116610,T4d,5984.7
109916,T4d,5984.7
97545,T4c,5984.7
96365,T4a,5984.7
89252,T4b,5984.7
85837,Tm3,5984.7
83009,T4b,5984.7
45948,TmY3,5984.7
44449,TmY3,5984.7
36990,Mi1,5984.7
10755,H1,5984.7
99628,T4b,5984.8
98756,T4b,5984.8
98222,T4d,5984.8
96774,T4c,5984.8
109857,T4d,5984.8
63468,Mi1,5984.8
53075,TmY3,5984.8
40026,TmY3,5984.8
25893,VST1,5984.8
86907,T4a,5984.8
85778,T4b,5984.900000000001
78943,T2a,5984.900000000001
69543,T2a,5984.900000000001
42010,TmY3,5984.900000000001
100046,T4b,5984.900000000001
37138,Mi1,5984.900000000001
36533,Mi1,5984.900000000001
35934,Mi1,5984.900000000001
15263,Li28,5984.900000000001
39438,Mi1,5984.900000000001
108349,T4d,5985.0
106530,T4d,5985.0
103557,T4a,5985.0
101732,T4c,5985.0
82674,T4a,5985.0
20264,Li28,5985.0
10072,OA-AL2i1,5985.0
87429,T4b,5985.0
88922,T4c,5985.1
117551,Tm3,5985.1
107464,T4a,5985.1
105521,T4c,5985.1
104621,T4c,5985.1
75521,T2a,5985.1
71437,T2a,5985.1
70800,Tm3,5985.1
49441,TmY3,5985.1
41659,Mi1,5985.1
41545,Mi1,5985.1
36446,Mi1,5985.1
35017,Mi1,5985.1
115818,T4a,5985.2
98349,T4a,5985.2
66214,T2a,5985.2
102579,T4b,5985.2
48283,TmY3,5985.2
10012,VS,5985.2
65803,T2,5985.2
36954,Mi1,5985.3
71929,T2,5985.3
72194,Tm3,5985.3
79483,Tm3,5985.3
98985,T4c,5985.3
100165,T4b,5985.3
96260,T4d,5985.400000000001
110693,Tm3,5985.400000000001
101770,T4b,5985.400000000001
101463,T4d,5985.400000000001
69736,Tm3,5985.400000000001
10206,VS,5985.400000000001
47368,TmY3,5985.400000000001
42758,Mi1,5985.400000000001
35512,Mi1,5985.400000000001
57871,T2,5985.400000000001
37391,Mi1,5985.5
87203,T4a,5985.5
92842,T4a,5985.5
102112,T4c,5985.5
92054,T4b,5985.6
100673,T4b,5985.6
98504,T4c,5985.6
97784,T4c,5985.6
96035,T4d,5985.6
88625,T4c,5985.6
99670,T4c,5985.6
82699,Tm3,5985.6
78422,Tm3,5985.6
39505,Mi1,5985.6
36660,Mi1,5985.6
35683,Mi1,5985.6
83365,T2a,5985.6
10025,H2,5985.6
23047,Li28,5985.700000000001
35001,Mi1,5985.700000000001
37037,Mi1,5985.700000000001
47962,TmY3,5985.700000000001
87896,T4a,5985.700000000001
101245,T4a,5985.700000000001
103226,T4d,5985.8
74259,T2a,5985.8
49788,TmY3,5985.8
35290,Mi1,5985.8
15909,Li28,5985.9
65742,Tm3,5985.9
66227,Tm3,5985.9
88815,T4d,5985.9
90888,T4b,5985.9
100956,T4d,5985.9
118924,Tm3,5985.9
109031,Tm3,5986.000000000001
118232,T4d,5986.000000000001
104858,T4b,5986.000000000001
101043,T4c,5986.000000000001
95554,T4b,5986.000000000001
16545,Li28,5986.000000000001
83583,T4d,5986.000000000001
83191,T4a,5986.000000000001
17280,Li28,5986.000000000001
11981,Li28,5986.000000000001
91674,T4a,5986.000000000001
88642,T4a,5986.1
85429,T4d,5986.1
103344,T4b,5986.1
35897,Mi1,5986.1
35806,Mi1,5986.1
84292,T4d,5986.1
37353,Mi1,5986.2
38993,Mi1,5986.2
41120,Mi1,5986.2
50345,TmY3,5986.2
89282,T4a,5986.2
91725,T4b,5986.2
88039,T4c,5986.3
111613,T4d,5986.3
102564,T4a,5986.3
75966,T2a,5986.3
107143,T4d,5986.3
42872,Mi1,5986.3
42691,Mi1,5986.3
67449,TmY3,5986.3
31492,Mi1,5986.3
87566,T4a,5986.400000000001
80528,T2a,5986.400000000001
74375,Tm3,5986.400000000001
120928,T4d,5986.400000000001
40505,Mi1,5986.400000000001
40219,Mi1,5986.400000000001
33017,Mi1,5986.400000000001
63190,T2,5986.400000000001
34189,Mi1,5986.5
66325,Tm3,5986.5
71931,Tm3,5986.5
84267,T4c,5986.5
88722,T4c,5986.5
101878,T4a,5986.5
135612,Tm3,5986.5
537004,VSm,5986.5
66852,Mi1,5986.6
97885,T4a,5986.6
73447,Tm3,5986.6
41637,Mi1,5986.6
36177,Mi1,5986.6
37680,Mi1,5986.6
34369,Mi1,5986.6
11134,VSm,5986.6
38479,Mi1,5986.6
546524,Mi1,5986.7
115111,T4a,5986.7
99975,T4c,5986.7
99671,T4c,5986.7
99572,T4a,5986.7
71228,T2a,5986.7
60857,Mi1,5986.7
52485,TmY3,5986.7
41804,Mi1,5986.7
34899,Mi1,5986.7
63175,Mi1,5986.7
89825,T4a,5986.8
107819,T4c,5986.8
98937,T4a,5986.8
91366,T4b,5986.8
83004,T4b,5986.8
67072,T2a,5986.8
64256,T2a,5986.8
40411,Mi1,5986.8
40085,Mi1,5986.8
39727,Mi1,5986.8
94224,T4b,5986.900000000001
78317,T4a,5986.900000000001
63673,Tm3,5986.900000000001
71475,Tm3,5986.900000000001
39158,Mi1,5986.900000000001
33655,Mi1,5986.900000000001
10001,DNp01,5986.900000000001
39164,Mi1,5986.900000000001
107170,T4b,5987.0
10037,VS,5987.0
35888,Mi1,5987.0
42594,Mi1,5987.0
70321,Tm3,5987.0
87452,T2a,5987.0
95454,T4a,5987.0
90058,T4a,5987.099999999999
103657,T4b,5987.099999999999
37224,Mi1,5987.099999999999
10015,HSN,5987.200000000001
33614,Mi1,5987.200000000001
35498,Mi1,5987.200000000001
37270,Mi1,5987.200000000001
47967,Mi1,5987.200000000001
92996,T4a,5987.200000000001
100018,T4a,5987.200000000001
97866,T4d,5987.3
121245,Tm3,5987.3
119959,T4d,5987.3
110482,T4b,5987.3
69266,Tm3,5987.3
105387,T4b,5987.3
86558,T4b,5987.3
109937,T4a,5987.3
94147,T4a,5987.4
94287,T4d,5987.4
92046,T4d,5987.4
98099,T4b,5987.4
95235,T4d,5987.4
77527,T4a,5987.4
89139,T4c,5987.4
56918,TmY3,5987.4
46784,Mi1,5987.4
38477,Mi1,5987.4
35774,Mi1,5987.4
10016,HSE,5987.4
70632,Tm3,5987.4
71029,T2,5987.500000000001
35416,Mi1,5987.500000000001
55101,Mi1,5987.500000000001
71131,Tm3,5987.500000000001
75304,T2a,5987.500000000001
77361,T4a,5987.500000000001
83307,Tm3,5987.500000000001
104853,T4c,5987.500000000001
539983,T4c,5987.6
134209,Tm3,5987.6
102425,T4b,5987.6
108123,T4b,5987.6
80284,Tm3,5987.6
66604,TmY3,5987.6
86635,T4c,5987.6
101620,T4b,5987.7
10023,HSS,5987.7
36911,Mi1,5987.7
66345,T2a,5987.7
89485,T4a,5987.7
94058,T4b,5987.7
100867,T4b,5987.7
34862,Mi1,5987.8
92047,T4c,5987.8
118551,Tm3,5987.8
90900,T4a,5987.900000000001
86175,T4a,5987.900000000001
103570,T4d,5987.900000000001
39651,Mi1,5987.900000000001
71089,Mi1,5987.900000000001
104884,T4b,5987.900000000001
109023,T4c,5988.0
97853,T4c,5988.0
113414,T4d,5988.0
94549,T4b,5988.0
99074,T4b,5988.0
83465,T4a,5988.0
33942,Mi1,5988.0
70490,Mi1,5988.0
90049,T4c,5988.0
81378,T4b,5988.0
105574,T4d,5988.1
97677,T4c,5988.1
90097,T4c,5988.1
76733,Tm3,5988.1
98238,T4b,5988.1
36540,Mi1,5988.1
35602,Mi1,5988.1
30997,Mi1,5988.1
41536,Mi1,5988.1
96812,T4a,5988.1
37088,Mi1,5988.2
38632,Mi1,5988.2
74997,Tm3,5988.2
88381,Tm3,5988.3
94283,T4d,5988.3
100855,T4a,5988.400000000001
112744,T4d,5988.400000000001
111783,T4a,5988.400000000001
105099,T4b,5988.400000000001
79704,T4d,5988.400000000001
40795,Mi1,5988.400000000001
39688,Mi1,5988.400000000001
58553,TmY3,5988.400000000001
10112,VS,5988.5
48607,TmY3,5988.5
91913,T4b,5988.5
92939,T4b,5988.5
98175,T4c,5988.5
126419,T4d,5988.599999999999
107529,T4d,5988.599999999999
95227,T4a,5988.599999999999
94471,T4a,5988.599999999999
38227,Mi1,5988.599999999999
16033,Li28,5988.599999999999
63420,Mi1,5988.599999999999
97306,T4a,5988.700000000001
10025,H2,5988.700000000001
37000,Mi1,5988.700000000001
38748,Mi1,5988.700000000001
40703,Mi1,5988.700000000001
44222,Mi1,5988.700000000001
92472,T4c,5988.700000000001
113410,T4d,5988.700000000001
82299,T4c,5988.8
80812,T4a,5988.8
92281,T4c,5988.8
41296,Mi1,5988.8
39275,Mi1,5988.8
76524,Tm3,5988.8
130861,Tm3,5988.9
119601,T4d,5988.9
108907,T4c,5988.9
108066,T4b,5988.9
96262,T4c,5988.9
95017,T4c,5988.9
89866,T4b,5988.9
88084,T4b,5988.9
75027,Tm3,5988.9
69570,Tm3,5988.9
67002,T2,5988.9
51963,TmY3,5988.9
10687,OA-AL2i3,5988.9
115369,T4c,5989.0
100774,T4a,5989.0
89020,T4a,5989.0
81215,Tm3,5989.0
73828,Tm3,5989.0
70812,TmY3,5989.0
38768,Mi1,5989.0
77846,Tm3,5989.0
65508,Tm3,5989.1
102975,T4b,5989.1
95990,T4a,5989.1
94703,T4c,5989.1
93750,T4c,5989.1
90394,T4a,5989.1
42895,Mi1,5989.1
106886,T4c,5989.1
40599,TmY3,5989.1
39858,Mi1,5989.1
39718,Mi1,5989.1
10755,H1,5989.1
46662,TmY3,5989.1
115686,T4b,5989.1
70289,Mi1,5989.2
90121,T4b,5989.2
69164,Mi1,5989.2
121420,T4d,5989.2
40256,Mi1,5989.2
38721,Mi1,5989.2
60856,T2a,5989.2
37044,Mi1,5989.3
41654,Mi1,5989.3
63021,Tm3,5989.3
94153,T4d,5989.3
96295,T4b,5989.3
100190,T4c,5989.3
106952,T4b,5989.400000000001
95458,T4d,5989.400000000001
74725,T2a,5989.400000000001
73723,T2a,5989.400000000001
39629,Mi1,5989.400000000001
51848,TmY3,5989.400000000001
37438,Mi1,5989.400000000001
53156,TmY3,5989.400000000001
95074,T4a,5989.5
130730,Tm3,5989.5
526158,Mi1,5989.5
67150,T2a,5989.5
98026,T4b,5989.5
43924,TmY3,5989.5
40716,Tm3,5989.5
36158,Mi1,5989.5
64712,T2a,5989.5
34300,Mi1,5989.6
35890,Mi1,5989.6
64341,TmY3,5989.6
73096,T2a,5989.6
74044,Tm3,5989.6
95883,T4a,5989.6
104996,T4a,5989.6
110076,T4c,5989.7
108270,T4b,5989.7
102572,T4c,5989.7
98393,T4a,5989.7
68840,TmY3,5989.7
92839,T4b,5989.7
51122,Mi1,5989.7
96219,T4b,5989.7
68485,T2a,5989.8
107181,T4c,5989.8
110646,T4b,5989.8
77906,T2a,5989.8
73767,Mi1,5989.8
46230,TmY3,5989.8
85536,T4a,5989.8
41709,Mi1,5989.8
10284,VS,5989.8
16596,Li28,5989.8
44282,Mi1,5989.8
35770,Mi1,5989.8
34404,Mi1,5989.8
33091,Mi1,5989.900000000001
33446,Mi1,5989.900000000001
39716,Mi1,5989.900000000001
62078,Mi1,5989.900000000001
80855,Tm3,5989.900000000001
89784,T4b,5989.900000000001
93313,T4a,5989.900000000001
105698,T4c,5989.900000000001
122233,Tm3,5989.900000000001
123299,T4c,5989.900000000001
108276,T4a,5990.0
99177,T4b,5990.0
73586,Tm3,5990.0
65671,Mi1,5990.0
103152,T4a,5990.0
42048,Mi1,5990.0
57398,Mi1,5990.0
10206,VS,5990.0
82282,Tm3,5990.0
40400,Mi1,5990.0
38857,Mi1,5990.0
100785,T4b,5990.099999999999
34849,Mi1,5990.099999999999
38767,Mi1,5990.099999999999
44119,Mi1,5990.099999999999
70524,T2a,5990.099999999999
95736,T4c,5990.099999999999
99748,T4b,5990.099999999999
106401,T4d,5990.099999999999
105242,T4c,5990.200000000001
97769,T4a,5990.200000000001
97145,T4c,5990.200000000001
90533,T4c,5990.200000000001
11551,VS,5990.200000000001
87358,T4a,5990.200000000001
79257,Tm3,5990.200000000001
87845,T4a,5990.200000000001
118260,T4d,5990.3
117151,T4d,5990.3
115422,T4c,5990.3
108065,T4c,5990.3
106295,T4b,5990.3
88152,T4c,5990.3
39500,Mi1,5990.3
34938,Mi1,5990.3
10037,VS,5990.3
95335,T4a,5990.3
10012,VS,5990.4
10015,HSN,5990.4
10016,HSE,5990.4
46745,Mi1,5990.4
98837,T4c,5990.4
101228,T4a,5990.4
103827,T4c,5990.4
67963,Tm3,5990.5
54885,TmY3,5990.5
37631,Mi1,5990.5
32962,TmY3,5990.5
45319,Mi1,5990.5
53065,Mi1,5990.6
67424,T2,5990.6
72558,T2a,5990.6
101742,T4c,5990.6
106522,T4d,5990.6
108948,T4b,5990.6
109652,T4d,5990.6
89934,T4d,5990.7
105403,T4c,5990.7
68167,Tm3,5990.7
15422,VST2,5990.7
31848,Mi1,5990.7
36881,Mi1,5990.7
35152,Mi1,5990.8
63868,T2a,5990.8
96576,T4c,5990.8
101589,T4a,5990.8
106166,T4b,5990.8
107412,Tm3,5990.8
110855,T4a,5990.8
112027,T4d,5990.8
99863,T4d,5990.9
98000,T4b,5990.9
37585,Mi1,5990.9
64633,T2a,5990.9
80483,T4c,5990.9
77307,Tm3,5991.0
103867,T4a,5991.0
95985,T4c,5991.0
112344,T4c,5991.0
90567,T4b,5991.0
82099,T4b,5991.0
72066,Tm3,5991.0
94624,T4a,5991.0
56564,Mi1,5991.0
10023,HSS,5991.0
37371,Mi1,5991.0
38178,Mi1,5991.0
56984,TmY3,5991.0
43689,Mi1,5991.0
43872,Mi1,5991.0
43615,Mi1,5991.0
116935,T4a,5991.1
96394,T4b,5991.1
94574,T4c,5991.1
92552,T4a,5991.1
80197,T4a,5991.1
78739,T4b,5991.1
71161,T2a,5991.1
38514,Mi1,5991.1
32535,Mi1,5991.1
15909,Li28,5991.1
14416,VST2,5991.1
108974,T4c,5991.2
106510,T4b,5991.2
101005,T4d,5991.2
95972,T4d,5991.2
96671,T4c,5991.2
69723,Tm3,5991.2
92644,T4d,5991.2
43485,Mi1,5991.2
37756,Mi1,5991.2
37677,Mi1,5991.2
104354,T4b,5991.299999999999
95629,T4c,5991.299999999999
93604,T4a,5991.299999999999
104450,T4a,5991.299999999999
40235,Mi1,5991.299999999999
34079,Mi1,5991.299999999999
44700,Mi1,5991.299999999999
37839,Mi1,5991.400000000001
48547,TmY3,5991.400000000001
63489,T2,5991.400000000001
82618,T2a,5991.400000000001
99609,T4a,5991.400000000001
100726,T4d,5991.400000000001
102845,T4b,5991.400000000001
82576,T4b,5991.5
100750,T4c,5991.5
96090,T4c,5991.5
82038,Tm3,5991.5
79646,Tm3,5991.5
73284,T2a,5991.5
41809,Mi1,5991.5
39595,Mi1,5991.5
107420,T4b,5991.6
94081,T4c,5991.6
85229,T4c,5991.6
64149,Mi1,5991.6
72190,Tm3,5991.6
38687,Mi1,5991.6
35840,Mi1,5991.6
11981,Li28,5991.6
38710,Mi1,5991.6
104191,T4a,5991.700000000001
119288,T4d,5991.700000000001
107812,T4a,5991.700000000001
105849,T4d,5991.700000000001
98788,T4d,5991.700000000001
99348,T4c,5991.700000000001
85731,T4d,5991.700000000001
96676,T4b,5991.700000000001
79297,T4a,5991.700000000001
37568,Mi1,5991.700000000001
12521,HST,5991.700000000001
10025,H2,5991.700000000001
99850,T4a,5991.8
92706,T4a,5991.8
104802,T4c,5991.8
35836,Mi1,5991.8
48986,TmY3,5991.8
34606,Mi1,5991.900000000001
47211,Mi1,5991.900000000001
60979,TmY3,5991.900000000001
81015,T4a,5991.900000000001
85938,T4a,5991.900000000001
101302,T4d,5991.900000000001
108199,T4c,5991.900000000001
100856,T4a,5992.0
104297,T4a,5992.0
103497,Tm3,5992.0
75550,Tm3,5992.0
530434,Tm3,5992.0
37390,Mi1,5992.0
37123,Mi1,5992.0
36994,Mi1,5992.0
35428,Mi1,5992.0
58224,Mi1,5992.0
113983,T4d,5992.1
97193,T4a,5992.1
94468,T4c,5992.1
86778,T4a,5992.1
108461,T4b,5992.1
45005,TmY3,5992.1
34463,Mi1,5992.1
16545,Li28,5992.1
76446,TmY3,5992.1
40577,Mi1,5992.200000000001
41950,Mi1,5992.200000000001
85664,TmY3,5992.200000000001
96307,T4a,5992.200000000001
104017,T4b,5992.200000000001
106912,Tm3,5992.200000000001
111623,T4a,5992.200000000001
102229,T4d,5992.3
112545,T4d,5992.3
105895,T4a,5992.3
96199,T4a,5992.3
74061,Tm3,5992.3
45349,Mi1,5992.3
40944,Mi1,5992.3
34626,Mi1,5992.3
79259,T4b,5992.3
77480,Tm3,5992.4
107486,T4c,5992.4
103725,T4a,5992.4
102770,T4a,5992.4
99423,T4d,5992.4
84328,T4a,5992.4
67614,Mi1,5992.4
138152,Tm3,5992.4
57349,Mi1,5992.4
49372,TmY3,5992.4
49324,Mi1,5992.4
44527,Mi1,5992.4
33766,Mi1,5992.4
77383,T2a,5992.4
101383,T4b,5992.500000000001
70239,T2,5992.500000000001
93360,T4b,5992.500000000001
82313,T4a,5992.500000000001
43334,TmY3,5992.500000000001
36695,Mi1,5992.500000000001
38502,Tm3,5992.500000000001
35572,Mi1,5992.500000000001
10112,VS,5992.500000000001
38893,Mi1,5992.500000000001
37243,Mi1,5992.6
78503,T2a,5992.6
84008,T4c,5992.6
91857,T4b,5992.6
96784,T4b,5992.6
537004,VSm,5992.7
120231,Tm3,5992.7
112594,T4b,5992.7
92146,T4a,5992.7
89434,T4c,5992.7
52328,TmY3,5992.7
35235,Mi1,5992.7
24338,LC4,5992.8
86416,T4a,5992.8
86504,T4b,5992.8
97028,T4c,5992.8
115214,T4b,5992.8
108625,T4b,5992.900000000001
98194,T4d,5992.900000000001
94356,T4c,5992.900000000001
91325,T4a,5992.900000000001
41626,Mi1,5992.900000000001
65052,T2,5992.900000000001
45176,Mi1,5992.900000000001
76003,Tm3,5992.900000000001
525839,Mi1,5993.0
117748,Tm3,5993.0
114817,T4d,5993.0
96134,T4b,5993.0
59397,Mi1,5993.0
49942,TmY3,5993.0
36217,Mi1,5993.0
35712,Mi1,5993.0
20634,VST1,5993.0
58945,Tm3,5993.0
87289,T4a,5993.1
107445,T4a,5993.1
92082,T4b,5993.1
85378,T4a,5993.1
102298,T4c,5993.1
67308,Mi1,5993.1
40832,Mi1,5993.1
38772,Mi1,5993.1
69380,Tm3,5993.1
35777,Mi1,5993.1
100946,T4c,5993.2
100874,T4a,5993.2
97105,T4d,5993.2
83125,T4b,5993.2
40171,Mi1,5993.2
42675,Mi1,5993.2
80913,T4a,5993.2
35100,Mi1,5993.2
90219,T4a,5993.3
87873,T4b,5993.3
108010,T4c,5993.3
47696,TmY3,5993.3
10016,HSE,5993.3
65833,Mi1,5993.3
10755,H1,5993.400000000001
35447,Mi1,5993.400000000001
48514,TmY3,5993.400000000001
51049,Mi1,5993.5
105126,T4c,5993.5
93877,T4c,5993.5
77232,T2,5993.5
48286,Mi1,5993.5
100924,T4b,5993.5
39405,Mi1,5993.5
34296,Mi1,5993.5
11134,VSm,5993.5
10269,OA-AL2i2,5993.5
43965,Mi1,5993.5
109326,T4c,5993.6
104257,T4b,5993.6
98862,Tm3,5993.6
79875,T4c,5993.6
99387,T4a,5993.6
72501,Mi1,5993.6
70188,T2,5993.6
38648,Mi1,5993.6
10037,VS,5993.6
78856,Tm3,5993.6
10015,HSN,5993.700000000001
16033,Li28,5993.700000000001
17280,Li28,5993.700000000001
33918,Mi1,5993.700000000001
35113,Mi1,5993.700000000001
39743,Mi1,5993.700000000001
92957,T4d,5993.8
124490,Tm3,5993.8
122308,Tm3,5993.8
81836,T2a,5993.8
74731,T2a,5993.8
51231,TmY3,5993.8
35845,Mi1,5993.8
34658,Mi1,5993.8
34142,Mi1,5993.9
90465,T4a,5993.9
93021,T4a,5993.9
94071,T4a,5993.9
99922,T4c,5993.9
103479,T4c,5993.9
112088,T4d,5993.9
109831,T4d,5994.000000000001
105640,T4d,5994.000000000001
94755,T4a,5994.000000000001
75076,T2,5994.000000000001
50633,TmY3,5994.000000000001
120594,T4c,5994.000000000001
45719,Mi1,5994.000000000001
40106,Mi1,5994.000000000001
39067,Mi1,5994.000000000001
38208,Mi1,5994.000000000001
48060,Mi1,5994.000000000001
11005,OA-VUMa4,5994.1
18127,LC4,5994.1
37529,Mi1,5994.1
81733,Tm3,5994.1
103527,T4c,5994.1
114196,T4d,5994.1
116311,T4d,5994.2
113207,T4d,5994.2
99663,T4c,5994.2
89409,T4a,5994.2
58967,TmY3,5994.2
35724,Mi1,5994.2
41399,Mi1,5994.2
40854,Mi1,5994.2
36305,Mi1,5994.2
10023,HSS,5994.2
45322,Mi1,5994.2
85598,T4b,5994.3
89099,T4a,5994.3
83227,Tm3,5994.3
49930,TmY3,5994.3
37853,Mi1,5994.3
35580,Mi1,5994.3
16570,VST2,5994.3
116439,T4c,5994.400000000001
106150,T4c,5994.400000000001
100206,T4c,5994.400000000001
67464,Mi1,5994.400000000001
37108,Mi1,5994.400000000001
38708,Mi1,5994.400000000001
43783,Mi1,5994.400000000001
10322,OA-AL2i2,5994.400000000001
126702,Tm3,5994.5
120916,T4d,5994.5
107719,T4b,5994.5
100799,T4c,5994.5
87565,T4a,5994.5
83067,T4b,5994.5
92114,T4c,5994.5
67810,Tm3,5994.5
43063,Mi1,5994.5
37927,Mi1,5994.5
36252,Mi1,5994.5
10206,VS,5994.5
71583,Tm3,5994.5
10025,H2,5994.6
59959,Mi1,5994.6
83677,T4c,5994.6
104942,T4a,5994.6
77775,T2a,5994.7
104478,T4d,5994.7
102814,T4b,5994.7
43323,Mi1,5994.7
23606,Mi1,5994.7
36139,Mi1,5994.7
35173,Mi1,5994.7
32893,Mi1,5994.7
36410,Mi1,5994.7
105180,T4c,5994.8
95921,T4c,5994.8
95532,T4a,5994.8
94743,T4d,5994.8
81995,Tm3,5994.8
78603,Tm3,5994.8
67408,Mi1,5994.8
34933,Mi1,5994.8
81620,T2a,5994.8
117631,T4d,5994.900000000001
112393,T4a,5994.900000000001
98887,T4b,5994.900000000001
94368,T4a,5994.900000000001
98598,T4c,5994.900000000001
70112,T2,5994.900000000001
74088,T2a,5994.900000000001
42942,Mi1,5994.900000000001
10012,VS,5994.900000000001
10403,VS,5995.0
36275,Mi1,5995.0
37084,Mi1,5995.0
74228,Tm3,5995.0
85856,TmY3,5995.0
72655,Mi1,5995.099999999999
38461,Mi1,5995.099999999999
71164,Mi1,5995.099999999999
80670,T4a,5995.099999999999
92141,T4a,5995.099999999999
92251,T4b,5995.099999999999
97877,T4d,5995.099999999999
106587,T4d,5995.099999999999
112369,T4d,5995.099999999999
125396,T4b,5995.099999999999
120312,Tm3,5995.200000000001
113945,T4d,5995.200000000001
109649,T4c,5995.200000000001
108161,T4a,5995.200000000001
102742,T4d,5995.200000000001
149504,T4d,5995.3
119501,T4d,5995.3
72938,T2a,5995.3
59008,Mi1,5995.3
54211,TmY3,5995.3
107442,T4d,5995.3
43414,Mi1,5995.3
41435,Mi1,5995.3
37294,Mi1,5995.3
33326,Mi1,5995.3
46324,TmY3,5995.3
40596,Mi1,5995.4
41136,Mi1,5995.4
46827,Mi1,5995.4
97256,T4c,5995.4
90657,T4a,5995.500000000001
105313,T4a,5995.500000000001
101772,Tm3,5995.500000000001
99316,T4b,5995.500000000001
106701,T4d,5995.500000000001
86578,T4c,5995.500000000001
85007,T4c,5995.500000000001
58862,Mi1,5995.500000000001
40635,Mi1,5995.500000000001
38238,Mi1,5995.500000000001
90419,T4b,5995.500000000001
118385,T4b,5995.6
110910,Tm3,5995.6
104703,T4d,5995.6
91222,T4d,5995.6
65850,T2a,5995.6
64540,T2,5995.6
45696,Mi1,5995.6
38230,Mi1,5995.6
80376,TmY3,5995.6
83979,T4a,5995.7
105214,T4c,5995.7
42856,Mi1,5995.7
97675,T4c,5995.7
38987,Mi1,5995.7
35045,Mi1,5995.7
39692,TmY3,5995.7
34356,Mi1,5995.8
36369,Mi1,5995.8
75377,T2a,5995.8
111184,T4a,5995.8
111236,T4d,5995.8
111928,T4b,5995.8
95007,T4a,5995.900000000001
92006,T4a,5995.900000000001
74891,T2a,5995.900000000001
33110,Mi1,5995.900000000001
45162,TmY3,5995.900000000001
20808,LC4,5995.900000000001
62894,Tm3,5995.900000000001
91806,T4a,5996.0
112619,T4d,5996.0
104027,T4d,5996.0
101994,T4a,5996.0
96211,T4d,5996.0
85009,Tm3,5996.0
104368,T4c,5996.0
74411,Mi1,5996.0
55976,Mi1,5996.0
39791,Mi1,5996.0
38791,Mi1,5996.0
38596,Mi1,5996.0
23047,Li28,5996.0
80302,T2a,5996.0
110988,T4a,5996.1
102462,T4c,5996.1
98398,T4c,5996.1
94282,T4c,5996.1
83946,T4d,5996.1
98654,T4d,5996.1
69980,Tm3,5996.1
37948,Mi1,5996.1
33462,Mi1,5996.1
15909,Li28,5996.1
77395,T4b,5996.1
105565,Tm3,5996.2
85741,T4a,5996.2
75628,T2a,5996.2
68293,T2,5996.2
57239,Mi1,5996.2
10016,HSE,5996.2
67113,Mi1,5996.2
82515,Tm3,5996.3
105862,T4d,5996.3
96424,T4b,5996.3
93527,T4a,5996.3
90566,T4d,5996.3
52350,Mi1,5996.3
10112,VS,5996.3
38421,Mi1,5996.3
35260,Mi1,5996.3
34867,Mi1,5996.3
17596,Li28,5996.3
38487,Mi1,5996.3
120289,T4c,5996.400000000001
36684,Mi1,5996.400000000001
96931,T4b,5996.400000000001
33394,Mi1,5996.400000000001
10284,VS,5996.400000000001
33907,Mi1,5996.400000000001
39894,T4b,5996.5
66538,T2,5996.5
84631,T4c,5996.5
100787,T4b,5996.5
104256,T4a,5996.5
111746,Tm3,5996.599999999999
94948,T4c,5996.599999999999
93947,T4a,5996.599999999999
91682,T4b,5996.599999999999
54087,Mi1,5996.599999999999
38529,Mi1,5996.599999999999
34329,Mi1,5996.599999999999
58527,TmY3,5996.599999999999
108594,T4d,5996.700000000001
99731,T4c,5996.700000000001
96728,T4c,5996.700000000001
95453,T4a,5996.700000000001
104753,T4a,5996.700000000001
91444,T4c,5996.700000000001
80582,T4a,5996.700000000001
77891,Tm3,5996.700000000001
77484,T4d,5996.700000000001
93334,T4b,5996.700000000001
34057,Mi1,5996.8
65235,T2,5996.8
73320,T2,5996.8
93688,T4a,5996.8
102388,T4d,5996.8
107628,T4d,5996.8
118884,T4c,5996.8
42533,TmY3,5996.9
103722,T4c,5996.9
89223,T4d,5996.9
35734,Mi1,5996.9
10015,HSN,5996.9
11981,Li28,5996.9
10037,VS,5996.9
34479,Mi1,5996.9
44449,TmY3,5997.0
77344,Tm3,5997.0
81287,Tm3,5997.0
87814,T4b,5997.0
95528,T4d,5997.0
98549,T4a,5997.0
106190,T4d,5997.0
115424,T4b,5997.0
99358,T4c,5997.1
109153,T4a,5997.1
117882,T4b,5997.1
105412,T4a,5997.1
83718,Tm3,5997.1
107075,T4d,5997.1
44592,TmY3,5997.1
42119,Mi1,5997.1
41668,Mi1,5997.1
36646,Mi1,5997.1
48531,Mi1,5997.1
108697,T4d,5997.2
104018,T4c,5997.2
101033,T4d,5997.2
41522,Mi1,5997.2
37733,TmY3,5997.2
37113,Mi1,5997.2
35234,Mi1,5997.2
27788,Mi1,5997.2
107609,T4d,5997.3
94668,T4d,5997.3
90520,T4a,5997.3
90135,T4c,5997.3
88491,T4a,5997.3
10023,HSS,5997.3
50552,Mi1,5997.3
47465,TmY3,5997.3
19292,Li28,5997.3
88353,T4b,5997.3
98360,T4c,5997.400000000001
118502,T4b,5997.400000000001
100501,T4b,5997.400000000001
100282,T4a,5997.400000000001
89290,T4d,5997.400000000001
14209,Li28,5997.400000000001
63994,Mi1,5997.400000000001
46248,Mi1,5997.400000000001
40958,Mi1,5997.400000000001
34171,Mi1,5997.400000000001
72665,Mi1,5997.400000000001
117221,T4c,5997.5
105135,T4c,5997.5
104622,T4b,5997.5
87939,T4b,5997.5
72896,Tm3,5997.5
66872,T2,5997.5
62838,TmY3,5997.5
10025,H2,5997.5
81486,T4b,5997.5
106840,T4b,5997.6
102801,T4b,5997.6
100105,T4a,5997.6
97835,T4a,5997.6
98748,T4c,5997.6
85074,T4a,5997.6
34045,Mi1,5997.6
87106,T4a,5997.6
80906,T4c,5997.6
72279,Mi1,5997.6
39438,Mi1,5997.7
44244,TmY3,5997.7
86724,Tm3,5997.7
86932,T4b,5997.7
88281,T4b,5997.7
97288,T4c,5997.7
120201,T4b,5997.7
104144,T2,5997.8
103654,T4b,5997.8
77972,Tm3,5997.8
69063,Mi1,5997.8
43978,Mi1,5997.8
38133,Mi1,5997.8
36346,Mi1,5997.8
22194,LC4,5997.8
16545,Li28,5997.8
10755,H1,5997.8
41464,TmY3,5997.8
62340,T2,5997.900000000001
542412,Mi1,5997.900000000001
93302,T4b,5997.900000000001
91469,T4c,5997.900000000001
59277,TmY3,5997.900000000001
37699,Mi1,5997.900000000001
44564,TmY3,5997.900000000001
40426,Mi1,5997.900000000001
49322,TmY3,5997.900000000001
10311,VS,5997.900000000001
33216,Mi1,5998.0
35405,Mi1,5998.0
35683,Mi1,5998.0
37391,Mi1,5998.0
38993,Mi1,5998.0
40936,Mi1,5998.0
51870,TmY3,5998.0
67719,T2a,5998.0
67971,Tm3,5998.0
79271,T4a,5998.0
95356,T4a,5998.099999999999
90278,T4a,5998.099999999999
75712,Tm3,5998.099999999999
75343,Tm3,5998.099999999999
61292,T2,5998.099999999999
38455,Mi1,5998.099999999999
69546,Tm3,5998.099999999999
10001,DNp01,5998.200000000001
36452,Mi1,5998.200000000001
37555,Mi1,5998.200000000001
68842,TmY3,5998.200000000001
69186,Tm3,5998.200000000001
109593,Tm3,5998.3
105718,T4b,5998.3
103780,T4c,5998.3
100996,T4b,5998.3
100033,T4c,5998.3
37599,Mi1,5998.3
91313,T4a,5998.3
75135,T2a,5998.3
110555,T4b,5998.3
35897,Mi1,5998.3
93142,T4a,5998.3
103160,T4a,5998.4
107211,T4d,5998.4
37509,Mi1,5998.4
42758,Mi1,5998.4
35017,Mi1,5998.5
35934,Mi1,5998.5
36990,Mi1,5998.5
37019,Mi1,5998.5
66357,T2a,5998.5
78773,Tm3,5998.5
93566,T4a,5998.5
100247,T4c,5998.5
100345,T4c,5998.5
102791,T4c,5998.5
117364,T4b,5998.6
95287,T4a,5998.6
88398,T4a,5998.6
78940,T4a,5998.6
10766,VS,5998.6
34272,Mi1,5998.6
33017,Mi1,5998.6
38241,Mi1,5998.6
112750,T4c,5998.7
106608,T4a,5998.7
103383,T4c,5998.7
102113,T4b,5998.7
76788,T4b,5998.7
69228,T2a,5998.7
36533,Mi1,5998.7
36446,Mi1,5998.7
35218,Mi1,5998.7
10206,VS,5998.7
39727,Mi1,5998.7
16033,Li28,5998.8
35806,Mi1,5998.8
79817,Tm3,5998.8
88726,T4b,5998.8
135467,Tm3,5998.9
104130,T4a,5998.9
93509,T4b,5998.9
87412,T4c,5998.9
41613,Mi1,5998.9
79314,T4b,5998.9
65106,T2,5998.9
39525,Mi1,5998.9
81305,Tm3,5998.9
537004,VSm,5999.0
102579,T4b,5999.0
83204,T4d,5999.0
88095,T4d,5999.0
74023,T2a,5999.0
63468,Mi1,5999.0
75381,Tm3,5999.0
97326,T4c,5999.1
88933,T4a,5999.1
82425,T4b,5999.1
68212,T2a,5999.1
95681,T4a,5999.1
50333,TmY3,5999.1
12521,HST,5999.1
10016,HSE,5999.1
10012,VS,5999.1
62947,T2a,5999.1
61500,Tm3,5999.2
93419,T4b,5999.2
94305,T4a,5999.2
101885,T4a,5999.2
103195,T4a,5999.2
105541,T4a,5999.2
108824,T4d,5999.3
107835,T4b,5999.3
107709,T4a,5999.3
97171,T4d,5999.3
100897,T4c,5999.3
90112,T4c,5999.3
83438,T4a,5999.3
74303,Mi1,5999.3
91629,T4a,5999.3
34369,Mi1,5999.400000000001
40411,Mi1,5999.400000000001
41545,Mi1,5999.400000000001
74860,Tm3,5999.400000000001
77991,Tm3,5999.400000000001
95822,T4b,5999.400000000001
98817,T4a,5999.400000000001
102479,T4c,5999.400000000001
107334,T4a,5999.5
78308,T2a,5999.5
36954,Mi1,5999.5
41120,Mi1,5999.5
37138,Mi1,5999.6
39505,Mi1,5999.6
79449,T4b,5999.6
91510,T4c,5999.6
93588,T4b,5999.6
95005,T4a,5999.6
102448,T4d,5999.6
117662,T4d,5999.700000000001
94482,T4d,5999.700000000001
11134,VSm,5999.700000000001
15019,Li28,5999.700000000001
74112,T2a,5999.700000000001
10072,OA-AL2i1,5999.8
37680,Mi1,5999.8
62272,T2,5999.8
92229,T4c,5999.8
93935,T4a,5999.8
97899,T4a,5999.8
98625,T4a,5999.8
103108,T4b,5999.8
100310,T4d,5999.900000000001
95239,T4a,5999.900000000001
82001,T2a,5999.900000000001
71944,T2a,5999.900000000001
66808,Tm3,5999.900000000001
33614,Mi1,5999.900000000001
41804,Mi1,5999.900000000001
37353,Mi1,5999.900000000001
37037,Mi1,5999.900000000001
105962,T4b,5999.900000000001
44438,Mi1,5999.900000000001
113991,T4d,5999.900000000001
