bodyId,type,t_ms
16033,Li28,11.3
20264,Li28,11.7
14209,Li28,11.9
17280,Li28,12.0
53065,Mi1,12.0
15263,Li28,12.3
15019,Li28,12.4
11981,Li28,12.700000000000001
23047,Li28,12.700000000000001
17596,Li28,12.8
19292,Li28,12.9
16596,Li28,12.9
15909,Li28,13.3
16545,Li28,14.6
14209,Li28,25.7
17280,Li28,25.900000000000002
16033,Li28,26.0
15263,Li28,26.2
17596,Li28,27.0
20264,Li28,27.0
16596,Li28,27.1
11981,Li28,27.1
15019,Li28,27.3
53065,Mi1,27.4
23047,Li28,27.900000000000002
15909,Li28,28.200000000000003
19292,Li28,28.5
16545,Li28,28.900000000000002
17280,Li28,40.0
15263,Li28,40.699999999999996
14209,Li28,41.1
17596,Li28,41.300000000000004
16033,Li28,41.4
20264,Li28,41.9
53065,Mi1,41.9
15019,Li28,41.9
16596,Li28,42.300000000000004
11981,Li28,42.4
23047,Li28,42.7
15909,Li28,43.0
19292,Li28,43.0
16545,Li28,43.9
17596,Li28,54.900000000000006
17280,Li28,55.0
15019,Li28,55.6
14209,Li28,55.900000000000006
16033,Li28,56.199999999999996
15263,Li28,56.199999999999996
20264,Li28,56.6
23047,Li28,56.6
11981,Li28,56.800000000000004
16596,Li28,57.2
53065,Mi1,57.7
15909,Li28,57.9
16545,Li28,58.0
19292,Li28,58.5
17596,Li28,69.8
15019,Li28,69.9
20264,Li28,70.7
15263,Li28,70.8
17280,Li28,70.9
14209,Li28,71.1
23047,Li28,71.2
16033,Li28,71.3
53065,Mi1,72.50000000000001
15909,Li28,72.6
16596,Li28,72.6
11981,Li28,72.9
16545,Li28,73.00000000000001
19292,Li28,74.00000000000001
15263,Li28,84.5
15019,Li28,84.60000000000001
14209,Li28,84.9
17596,Li28,85.7
20264,Li28,85.8
23047,Li28,86.0
16033,Li28,86.4
15909,Li28,86.8
17280,Li28,86.8
16596,Li28,86.9
11981,Li28,87.3
16545,Li28,88.2
53065,Mi1,88.50000000000001
19292,Li28,89.00000000000001
15263,Li28,99.60000000000001
20264,Li28,99.8
15019,Li28,99.9
14209,Li28,100.5
15909,Li28,100.60000000000001
17596,Li28,100.60000000000001
23047,Li28,100.7
16596,Li28,101.3
53065,Mi1,102.3
11981,Li28,102.3
16033,Li28,102.4
17280,Li28,103.0
19292,Li28,103.7
16545,Li28,104.8
15263,Li28,114.2
14209,Li28,114.5
20264,Li28,114.9
15909,Li28,115.60000000000001
23047,Li28,115.60000000000001
17596,Li28,115.7
15019,Li28,115.9
16596,Li28,116.0
11981,Li28,116.2
17280,Li28,116.9
16033,Li28,117.8
19292,Li28,117.9
53065,Mi1,118.2
16545,Li28,121.2
14209,Li28,128.60000000000002
15263,Li28,128.60000000000002
15019,Li28,129.9
16596,Li28,130.20000000000002
23047,Li28,130.4
15909,Li28,130.4
20264,Li28,130.5
17596,Li28,131.3
11981,Li28,131.4
17280,Li28,131.4
53065,Mi1,132.0
16033,Li28,132.6
19292,Li28,132.9
16545,Li28,136.39999999999998
14209,Li28,142.1
15019,Li28,143.7
15263,Li28,143.8
15909,Li28,144.7
23047,Li28,144.9
16596,Li28,145.3
17280,Li28,145.7
53065,Mi1,145.9
11981,Li28,146.00000000000003
17596,Li28,146.00000000000003
20264,Li28,146.00000000000003
16033,Li28,147.7
19292,Li28,148.4
16545,Li28,150.7
14209,Li28,156.10000000000002
15019,Li28,158.0
15263,Li28,158.4
23047,Li28,158.4
16596,Li28,158.79999999999998
20264,Li28,159.60000000000002
15909,Li28,159.70000000000002
17280,Li28,159.79999999999998
17596,Li28,160.60000000000002
11981,Li28,161.5
19292,Li28,162.20000000000002
53065,Mi1,162.29999999999998
16033,Li28,163.5
16545,Li28,165.3
14209,Li28,170.4
15019,Li28,172.70000000000002
15263,Li28,172.70000000000002
23047,Li28,172.9
17280,Li28,173.1
16596,Li28,173.9
15909,Li28,174.0
20264,Li28,174.20000000000002
17596,Li28,175.0
19292,Li28,175.2
53065,Mi1,176.2
11981,Li28,176.4
16033,Li28,178.00000000000003
16545,Li28,179.8
14209,Li28,185.4
15019,Li28,186.9
17280,Li28,187.7
23047,Li28,187.8
15263,Li28,188.29999999999998
20264,Li28,188.79999999999998
17596,Li28,188.9
15909,Li28,189.0
16596,Li28,189.60000000000002
19292,Li28,189.70000000000002
11981,Li28,189.9
53065,Mi1,190.60000000000002
16033,Li28,193.20000000000002
16545,Li28,194.20000000000002
14209,Li28,198.5
15019,Li28,200.3
17280,Li28,202.1
23047,Li28,202.9
16596,Li28,203.3
20264,Li28,203.5
15263,Li28,203.9
15909,Li28,204.1
19292,Li28,204.8
11981,Li28,204.9
17596,Li28,205.4
53065,Mi1,205.5
16033,Li28,207.9
16545,Li28,208.50000000000003
14209,Li28,212.50000000000003
15019,Li28,213.9
17280,Li28,217.3
15263,Li28,218.3
16596,Li28,218.4
20264,Li28,218.4
53065,Mi1,219.0
23047,Li28,219.4
15909,Li28,219.5
17596,Li28,220.0
19292,Li28,220.7
11981,Li28,220.9
16545,Li28,222.20000000000002
16033,Li28,223.20000000000002
14209,Li28,227.8
15019,Li28,228.9
17280,Li28,232.3
20264,Li28,232.70000000000002
15263,Li28,233.4
23047,Li28,233.8
19292,Li28,233.9
53065,Mi1,234.20000000000002
16596,Li28,234.40000000000003
15909,Li28,235.6
17596,Li28,235.9
11981,Li28,236.3
16545,Li28,237.6
16033,Li28,238.4
14209,Li28,242.7
15019,Li28,243.4
17280,Li28,246.9
20264,Li28,247.2
19292,Li28,248.4
15263,Li28,248.5
23047,Li28,248.7
15909,Li28,249.4
53065,Mi1,250.1
16596,Li28,250.3
17596,Li28,251.20000000000002
11981,Li28,251.6
16545,Li28,252.8
16033,Li28,253.1
14209,Li28,256.40000000000003
15019,Li28,258.90000000000003
20264,Li28,261.09999999999997
17280,Li28,261.90000000000003
19292,Li28,262.40000000000003
15263,Li28,262.90000000000003
23047,Li28,263.8
53065,Mi1,264.0
15909,Li28,265.0
16596,Li28,265.40000000000003
17596,Li28,266.40000000000003
11981,Li28,266.5
16545,Li28,266.6
16033,Li28,267.7
14209,Li28,270.5
15019,Li28,273.6
20264,Li28,275.1
17280,Li28,276.7
15263,Li28,277.6
23047,Li28,277.8
19292,Li28,278.2
53065,Mi1,278.6
15909,Li28,279.1
17596,Li28,279.8
16596,Li28,280.1
11981,Li28,281.7
16033,Li28,282.6
16545,Li28,283.1
14209,Li28,286.6
15019,Li28,288.3
20264,Li28,290.50000000000006
23047,Li28,291.4
17280,Li28,292.1
15263,Li28,292.9
53065,Mi1,293.1
15909,Li28,293.4
19292,Li28,293.7
17596,Li28,294.2
11981,Li28,295.00000000000006
16596,Li28,295.4
16033,Li28,297.4
16545,Li28,298.1
14209,Li28,302.5
15019,Li28,303.5
20264,Li28,305.4
17280,Li28,305.8
23047,Li28,305.9
15263,Li28,307.4
53065,Mi1,308.1
19292,Li28,308.3
15909,Li28,309.5
17596,Li28,309.5
11981,Li28,310.5
16596,Li28,311.20000000000005
16033,Li28,312.5
16545,Li28,313.5
14209,Li28,317.70000000000005
15019,Li28,317.8
17280,Li28,319.8
23047,Li28,320.5
20264,Li28,320.59999999999997
53065,Mi1,322.20000000000005
15263,Li28,322.5
19292,Li28,323.59999999999997
17596,Li28,323.8
15909,Li28,324.90000000000003
11981,Li28,325.09999999999997
16596,Li28,325.3
16033,Li28,326.90000000000003
16545,Li28,329.1
14209,Li28,332.1
15019,Li28,333.2
17280,Li28,334.6
23047,Li28,335.1
20264,Li28,335.8
15263,Li28,337.1
53065,Mi1,337.79999999999995
19292,Li28,338.2
11981,Li28,339.3
17596,Li28,339.40000000000003
15909,Li28,340.2
16596,Li28,340.2
16033,Li28,341.2
16545,Li28,345.0
14209,Li28,346.90000000000003
17280,Li28,348.90000000000003
15019,Li28,349.2
23047,Li28,349.2
20264,Li28,350.4
53065,Mi1,352.3
19292,Li28,352.7
15263,Li28,353.3
11981,Li28,353.7
17596,Li28,354.00000000000006
15909,Li28,354.3
16596,Li28,355.3
16033,Li28,356.00000000000006
16545,Li28,360.1
14209,Li28,361.2
23047,Li28,362.6
17280,Li28,363.7
15019,Li28,364.8
53065,Mi1,365.2
20264,Li28,365.6
19292,Li28,367.1
11981,Li28,367.8
15263,Li28,368.20000000000005
17596,Li28,368.6
15909,Li28,370.0
16033,Li28,370.4
16596,Li28,370.5
14209,Li28,374.4
16545,Li28,375.3
23047,Li28,377.8
17280,Li28,378.8
15019,Li28,379.5
20264,Li28,380.09999999999997
53065,Mi1,380.3
15263,Li28,382.3
11981,Li28,382.5
19292,Li28,382.5
17596,Li28,383.5
15909,Li28,384.5
16033,Li28,384.90000000000003
16596,Li28,385.8
14209,Li28,388.59999999999997
16545,Li28,390.6
23047,Li28,391.6
17280,Li28,393.3
15019,Li28,393.5
20264,Li28,394.5
53065,Mi1,395.1
15263,Li28,396.2
19292,Li28,396.7
17596,Li28,397.0
11981,Li28,397.3
15909,Li28,399.0
16033,Li28,399.90000000000003
16596,Li28,400.3
14209,Li28,402.3
16545,Li28,404.5
23047,Li28,406.7
17280,Li28,407.2
15019,Li28,407.7
20264,Li28,408.2
53065,Mi1,409.3
19292,Li28,410.7
15263,Li28,410.8
17596,Li28,411.7
11981,Li28,412.40000000000003
15909,Li28,413.0
16033,Li28,414.2
16596,Li28,414.5
14209,Li28,416.5
16545,Li28,417.9
17280,Li28,421.6
23047,Li28,422.00000000000006
15019,Li28,422.3
20264,Li28,423.00000000000006
53065,Mi1,423.7
19292,Li28,424.9
15263,Li28,425.9
11981,Li28,427.00000000000006
15909,Li28,427.3
17596,Li28,427.6
16033,Li28,428.6
14209,Li28,430.9
16596,Li28,431.20000000000005
16545,Li28,433.20000000000005
17280,Li28,436.3
23047,Li28,436.6
15019,Li28,437.9
53065,Mi1,438.4
20264,Li28,439.0
19292,Li28,439.1
11981,Li28,440.20000000000005
15263,Li28,440.6
15909,Li28,442.1
17596,Li28,442.20000000000005
16033,Li28,443.90000000000003
14209,Li28,446.09999999999997
16596,Li28,446.59999999999997
16545,Li28,447.0
17280,Li28,450.5
23047,Li28,451.09999999999997
15019,Li28,451.8
19292,Li28,453.20000000000005
53065,Mi1,454.0
20264,Li28,454.3
15263,Li28,455.70000000000005
11981,Li28,456.0
17596,Li28,456.6
15909,Li28,458.2
16033,Li28,459.1
14209,Li28,460.2
16596,Li28,460.8
16545,Li28,461.90000000000003
17280,Li28,465.1
19292,Li28,466.7
15019,Li28,466.8
23047,Li28,467.0
53065,Mi1,468.30000000000007
20264,Li28,469.7
17596,Li28,470.8
11981,Li28,470.90000000000003
15263,Li28,471.8
15909,Li28,471.90000000000003
16033,Li28,473.8
14209,Li28,474.5
16596,Li28,475.0
16545,Li28,477.5
17280,Li28,478.90000000000003
23047,Li28,480.7
15019,Li28,481.50000000000006
53065,Mi1,481.6
19292,Li28,481.90000000000003
20264,Li28,484.1
11981,Li28,485.1
15909,Li28,486.3
17596,Li28,486.3
15263,Li28,486.7
16033,Li28,488.4
14209,Li28,488.8
16596,Li28,489.1
17280,Li28,492.8
16545,Li28,492.9
15019,Li28,495.5
19292,Li28,496.9
53065,Mi1,497.6
23047,Li28,497.70000000000005
20264,Li28,498.0
11981,Li28,500.09999999999997
17596,Li28,500.70000000000005
15909,Li28,500.9
15263,Li28,502.29999999999995
16033,Li28,503.40000000000003
14209,Li28,503.50000000000006
16596,Li28,504.2
17280,Li28,506.40000000000003
16545,Li28,507.50000000000006
15019,Li28,511.70000000000005
19292,Li28,512.0
53065,Mi1,512.9
20264,Li28,513.4000000000001
23047,Li28,513.6
11981,Li28,515.4
17596,Li28,515.4
15909,Li28,515.5000000000001
16033,Li28,517.8000000000001
15263,Li28,518.1999999999999
14209,Li28,518.4
16596,Li28,518.6
17280,Li28,520.1999999999999
16545,Li28,521.4
15019,Li28,525.4
53065,Mi1,527.0
19292,Li28,528.0
20264,Li28,528.3
11981,Li28,528.5000000000001
23047,Li28,528.5000000000001
17596,Li28,529.5
15909,Li28,531.5
16033,Li28,531.6
14209,Li28,532.1
16596,Li28,533.1
15263,Li28,533.3
16545,Li28,534.9
17280,Li28,536.1
15019,Li28,539.7
53065,Mi1,542.1
11981,Li28,543.2
19292,Li28,543.2
23047,Li28,543.5999999999999
17596,Li28,543.8000000000001
20264,Li28,544.4
14209,Li28,546.3
16033,Li28,546.5999999999999
16596,Li28,547.3
15909,Li28,547.5
15263,Li28,548.5
16545,Li28,548.5
17280,Li28,550.5
15019,Li28,553.3
53065,Mi1,556.1
19292,Li28,556.3
11981,Li28,557.5
23047,Li28,557.8000000000001
17596,Li28,558.6
20264,Li28,559.4
14209,Li28,561.5
16596,Li28,561.6999999999999
15909,Li28,562.4
15263,Li28,562.5
16033,Li28,563.0
16545,Li28,563.1
17280,Li28,564.6999999999999
15019,Li28,567.8000000000001
53065,Mi1,569.6999999999999
19292,Li28,571.1
23047,Li28,572.2
20264,Li28,572.9000000000001
17596,Li28,573.5
11981,Li28,573.8
14209,Li28,576.1
15909,Li28,576.6
16596,Li28,577.1
16545,Li28,577.6999999999999
16033,Li28,577.8
17280,Li28,579.3000000000001
15263,Li28,579.6
15019,Li28,582.5
53065,Mi1,584.4
19292,Li28,586.1
23047,Li28,586.1
17596,Li28,587.8
11981,Li28,588.5
20264,Li28,589.5
15909,Li28,589.8
14209,Li28,589.9
16596,Li28,591.8
16033,Li28,592.7
16545,Li28,593.3000000000001
17280,Li28,594.8
15263,Li28,595.9
15019,Li28,597.2
53065,Mi1,599.1
19292,Li28,600.4
23047,Li28,601.2
11981,Li28,602.9
17596,Li28,603.0
15909,Li28,603.8
20264,Li28,603.8
14209,Li28,604.6
16596,Li28,604.9
16033,Li28,606.9
16545,Li28,607.2
17280,Li28,609.5
15263,Li28,610.3000000000001
15019,Li28,611.7
53065,Mi1,614.1
19292,Li28,614.2
23047,Li28,616.0
11981,Li28,617.2
15909,Li28,617.4000000000001
17596,Li28,617.8
20264,Li28,619.5
16596,Li28,619.5
14209,Li28,619.6
16545,Li28,620.9
16033,Li28,623.0
17280,Li28,623.8
15263,Li28,624.1999999999999
15019,Li28,626.9
19292,Li28,629.0
53065,Mi1,629.5
23047,Li28,630.5
11981,Li28,632.1999999999999
15909,Li28,632.5
17596,Li28,632.8000000000001
14209,Li28,634.1
16596,Li28,634.1999999999999
20264,Li28,634.5
16545,Li28,635.6
16033,Li28,638.1999999999999
17280,Li28,639.0
15263,Li28,640.0
15019,Li28,641.5
19292,Li28,642.9
53065,Mi1,644.6
23047,Li28,646.1
11981,Li28,646.4000000000001
17596,Li28,646.6
15909,Li28,646.7
14209,Li28,648.0
16596,Li28,649.1999999999999
20264,Li28,649.3
16545,Li28,650.7
17280,Li28,653.5000000000001
16033,Li28,654.0
15263,Li28,655.3
15019,Li28,656.2
19292,Li28,657.6
23047,Li28,659.2
53065,Mi1,659.2
17596,Li28,660.4
11981,Li28,660.7
15909,Li28,661.9
14209,Li28,662.4
20264,Li28,663.2
16545,Li28,664.6
16596,Li28,664.6
17280,Li28,668.5
16033,Li28,668.7
15263,Li28,670.5
15019,Li28,671.4
19292,Li28,672.9000000000001
23047,Li28,673.5
53065,Mi1,674.1
17596,Li28,674.3
14209,Li28,675.7
11981,Li28,676.0
15909,Li28,676.2
20264,Li28,678.9000000000001
16545,Li28,679.5
16596,Li28,680.8000000000001
17280,Li28,682.8000000000001
16033,Li28,684.1
15019,Li28,684.8000000000001
15263,Li28,687.0
19292,Li28,687.5
23047,Li28,688.9000000000001
17596,Li28,689.5
53065,Mi1,689.5
15909,Li28,690.4
11981,Li28,690.6
14209,Li28,690.8000000000001
20264,Li28,693.5
16545,Li28,693.8000000000001
16596,Li28,695.4
17280,Li28,699.0
16033,Li28,699.3000000000001
15019,Li28,701.0
15263,Li28,701.5
19292,Li28,701.6999999999999
23047,Li28,703.0
11981,Li28,703.6
53065,Mi1,704.0
17596,Li28,704.1
14209,Li28,704.6999999999999
15909,Li28,705.1
20264,Li28,707.6999999999999
16545,Li28,708.5
16596,Li28,709.4
17280,Li28,713.6999999999999
16033,Li28,714.5
15019,Li28,715.6
15263,Li28,715.6999999999999
19292,Li28,715.8
23047,Li28,717.7
17596,Li28,718.0000000000001
14209,Li28,718.8
53065,Mi1,718.8
11981,Li28,719.9
15909,Li28,720.1
20264,Li28,722.6
16545,Li28,723.0000000000001
16596,Li28,724.9
16033,Li28,727.8
17280,Li28,728.3000000000001
19292,Li28,730.3000000000001
15019,Li28,730.7
15263,Li28,731.8
23047,Li28,732.1
17596,Li28,732.8
53065,Mi1,733.6
11981,Li28,734.3000000000001
14209,Li28,734.3000000000001
15909,Li28,734.7
16545,Li28,737.8
20264,Li28,738.3000000000001
16596,Li28,740.0
16033,Li28,742.3000000000001
17280,Li28,744.0
19292,Li28,744.3000000000001
15019,Li28,746.0
23047,Li28,746.6
15263,Li28,746.7
17596,Li28,747.9
11981,Li28,748.6
14209,Li28,749.0
53065,Mi1,749.1
15909,Li28,749.2
16545,Li28,752.8
20264,Li28,754.4000000000001
16596,Li28,755.6
17280,Li28,757.7
16033,Li28,757.8000000000001
19292,Li28,759.3000000000001
15263,Li28,760.7
15019,Li28,760.9
23047,Li28,762.4000000000001
14209,Li28,763.1
17596,Li28,763.4000000000001
11981,Li28,763.6
53065,Mi1,764.5
15909,Li28,764.9
16545,Li28,767.7
16596,Li28,769.1
20264,Li28,769.1
17280,Li28,771.8000000000001
16033,Li28,772.8000000000001
19292,Li28,773.4000000000001
15263,Li28,773.5000000000001
14209,Li28,776.6
23047,Li28,776.8000000000001
15019,Li28,777.3
17596,Li28,777.7
11981,Li28,778.7
15909,Li28,779.6
53065,Mi1,779.7
16596,Li28,783.4
20264,Li28,783.4
16545,Li28,783.7
17280,Li28,785.7
15263,Li28,787.3
16033,Li28,787.5000000000001
19292,Li28,788.6
14209,Li28,790.4
23047,Li28,790.7
15019,Li28,792.2
17596,Li28,793.2
11981,Li28,793.6
15909,Li28,794.4
53065,Mi1,794.6
16596,Li28,796.6
16545,Li28,798.3
20264,Li28,799.5
17280,Li28,800.6
16033,Li28,802.0
19292,Li28,802.7
15263,Li28,803.2
14209,Li28,805.1
23047,Li28,805.8000000000001
15019,Li28,807.1
11981,Li28,808.1
17596,Li28,808.9000000000001
53065,Mi1,808.9000000000001
15909,Li28,809.8000000000001
16596,Li28,812.5
16545,Li28,812.9000000000001
20264,Li28,815.2
17280,Li28,816.1
16033,Li28,816.2
19292,Li28,817.6
15263,Li28,818.0
23047,Li28,819.9000000000001
14209,Li28,821.1
15019,Li28,821.6999999999999
11981,Li28,822.3000000000001
17596,Li28,822.3000000000001
53065,Mi1,823.2
15909,Li28,823.9000000000001
16545,Li28,827.9000000000001
16596,Li28,828.1
20264,Li28,829.4
16033,Li28,830.6999999999999
15263,Li28,831.4
19292,Li28,831.6
17280,Li28,832.6999999999999
23047,Li28,834.0000000000001
14209,Li28,835.5
11981,Li28,835.9000000000001
17596,Li28,836.9000000000001
15019,Li28,838.2
15909,Li28,839.2
53065,Mi1,839.2
16596,Li28,842.6
16545,Li28,844.1
20264,Li28,844.5
16033,Li28,845.4
15263,Li28,845.6
19292,Li28,846.3000000000001
17280,Li28,847.0000000000001
14209,Li28,848.9
23047,Li28,849.3000000000001
11981,Li28,850.6
17596,Li28,852.4
53065,Mi1,852.8
15019,Li28,853.0000000000001
15909,Li28,853.4
16596,Li28,857.7
20264,Li28,858.9
16033,Li28,859.8
16545,Li28,860.4000000000001
15263,Li28,861.0
17280,Li28,861.4000000000001
19292,Li28,862.4000000000001
23047,Li28,863.0
14209,Li28,863.4000000000001
11981,Li28,866.0
17596,Li28,866.9
15909,Li28,868.1
53065,Mi1,868.2
15019,Li28,868.3000000000001
16596,Li28,872.7
20264,Li28,873.4000000000001
15263,Li28,874.9
16545,Li28,875.3000000000001
17280,Li28,876.1
16033,Li28,876.2
23047,Li28,877.6
19292,Li28,877.6
14209,Li28,877.9
11981,Li28,880.2
15019,Li28,882.0
15909,Li28,882.2
17596,Li28,882.3000000000001
53065,Mi1,882.5
20264,Li28,887.1999999999999
16596,Li28,887.5
15263,Li28,889.4000000000001
16545,Li28,890.1
17280,Li28,890.3000000000001
16033,Li28,890.6
19292,Li28,891.8000000000001
23047,Li28,892.4000000000001
14209,Li28,892.8000000000001
15019,Li28,895.1
11981,Li28,895.9
15909,Li28,896.3000000000001
17596,Li28,896.7
53065,Mi1,897.5
16596,Li28,901.5000000000001
20264,Li28,902.8000000000001
15263,Li28,903.0
16545,Li28,903.7
16033,Li28,904.9
17280,Li28,905.5000000000001
19292,Li28,907.1
14209,Li28,907.8000000000001
23047,Li28,908.7
15019,Li28,909.4000000000001
15909,Li28,910.1
11981,Li28,911.1
17596,Li28,911.9
53065,Mi1,912.9
16596,Li28,915.7
20264,Li28,917.3
15263,Li28,917.6
16545,Li28,919.3
16033,Li28,920.3
17280,Li28,921.2
19292,Li28,921.2
14209,Li28,922.5000000000001
23047,Li28,923.2
15909,Li28,923.5000000000001
15019,Li28,924.1
53065,Mi1,927.5
17596,Li28,927.8000000000001
11981,Li28,927.9000000000001
16596,Li28,928.8000000000001
20264,Li28,931.5
15263,Li28,931.9000000000001
16545,Li28,934.8000000000001
17280,Li28,935.3
16033,Li28,935.7
19292,Li28,936.3
15019,Li28,937.8000000000001
23047,Li28,937.9000000000001
15909,Li28,938.3
14209,Li28,938.4
11981,Li28,942.1
53065,Mi1,942.3
17596,Li28,943.1
16596,Li28,943.2
15263,Li28,946.5
20264,Li28,947.2
17280,Li28,949.1
16033,Li28,949.7
16545,Li28,950.1
19292,Li28,951.1
15019,Li28,952.9000000000001
15909,Li28,953.0
23047,Li28,953.0
14209,Li28,953.5
11981,Li28,957.0
53065,Mi1,957.3000000000001
17596,Li28,957.6999999999999
16596,Li28,959.0
15263,Li28,961.1
20264,Li28,961.2
17280,Li28,963.9000000000001
19292,Li28,965.2
16033,Li28,965.4
16545,Li28,965.9000000000001
15019,Li28,967.5
23047,Li28,967.5
15909,Li28,967.6999999999999
14209,Li28,968.6
53065,Mi1,969.9000000000001
11981,Li28,971.5
17596,Li28,973.2
16596,Li28,973.9000000000001
15263,Li28,975.5
20264,Li28,975.5
17280,Li28,977.6
19292,Li28,979.5
16545,Li28,980.0000000000001
15019,Li28,981.2
16033,Li28,981.2
15909,Li28,982.3000000000001
23047,Li28,982.3000000000001
53065,Mi1,983.5
14209,Li28,984.4
11981,Li28,986.2
16596,Li28,987.0000000000001
20264,Li28,988.1
17596,Li28,988.1
17280,Li28,991.2
15263,Li28,991.8
16545,Li28,995.2
19292,Li28,995.2
15019,Li28,995.3000000000001
23047,Li28,995.9
16033,Li28,996.0
15909,Li28,996.5
53065,Mi1,998.7
11981,Li28,1000.8000000000001
14209,Li28,1001.0000000000001
16596,Li28,1001.1000000000001
17596,Li28,1003.1000000000001
20264,Li28,1003.1000000000001
15263,Li28,1006.3
17280,Li28,1006.5999999999999
16545,Li28,1009.6
19292,Li28,1009.6
15909,Li28,1010.1999999999999
15019,Li28,1010.4
16033,Li28,1010.7000000000002
23047,Li28,1012.1
53065,Mi1,1012.4
14209,Li28,1014.8000000000002
11981,Li28,1015.5
16596,Li28,1015.5
20264,Li28,1016.4
17596,Li28,1017.4000000000001
15263,Li28,1021.0000000000001
17280,Li28,1022.5
16033,Li28,1023.9
19292,Li28,1024.2
15909,Li28,1024.5
15019,Li28,1024.8000000000002
16545,Li28,1025.3000000000002
53065,Mi1,1027.5
14209,Li28,1028.3
23047,Li28,1029.2
11981,Li28,1030.1
20264,Li28,1030.5
16596,Li28,1030.6
17596,Li28,1031.4
15263,Li28,1037.0000000000002
17280,Li28,1037.7
19292,Li28,1038.3999999999999
16033,Li28,1038.6
15909,Li28,1039.0000000000002
15019,Li28,1039.6000000000001
16545,Li28,1039.7
53065,Mi1,1042.5
14209,Li28,1043.6000000000001
23047,Li28,1044.3999999999999
16596,Li28,1044.6
11981,Li28,1046.2
20264,Li28,1046.2
17596,Li28,1046.8
15263,Li28,1052.5
17280,Li28,1052.7
19292,Li28,1052.8
16033,Li28,1052.8999999999999
15019,Li28,1053.3000000000002
15909,Li28,1054.4
16545,Li28,1054.8999999999999
14209,Li28,1057.7
23047,Li28,1058.1
53065,Mi1,1058.2
16596,Li28,1059.0
20264,Li28,1059.3000000000002
11981,Li28,1061.4
17596,Li28,1062.2
15263,Li28,1066.3
19292,Li28,1066.8999999999999
15019,Li28,1067.1000000000001
17280,Li28,1068.1000000000001
16033,Li28,1068.4
15909,Li28,1069.9
16545,Li28,1070.8999999999999
23047,Li28,1071.9
53065,Mi1,1072.6
14209,Li28,1073.1
20264,Li28,1073.8
16596,Li28,1074.8
11981,Li28,1075.2
17596,Li28,1075.8
15263,Li28,1080.3
15019,Li28,1081.1
19292,Li28,1081.8000000000002
17280,Li28,1082.2
15909,Li28,1083.8000000000002
16033,Li28,1084.6
16545,Li28,1085.7
53065,Mi1,1086.4
23047,Li28,1086.5
14209,Li28,1087.4
16596,Li28,1088.4
20264,Li28,1089.4
17596,Li28,1090.6
11981,Li28,1090.7
15019,Li28,1094.8999999999999
15263,Li28,1095.1
17280,Li28,1096.4
19292,Li28,1096.4
15909,Li28,1098.2
16033,Li28,1099.7
16545,Li28,1100.4
53065,Mi1,1100.8999999999999
23047,Li28,1101.3
14209,Li28,1101.7
16596,Li28,1103.2
20264,Li28,1104.7
17596,Li28,1105.0
11981,Li28,1106.0
15263,Li28,1110.1000000000001
19292,Li28,1110.1000000000001
15019,Li28,1110.3
17280,Li28,1111.8000000000002
15909,Li28,1113.0
16033,Li28,1114.7
16545,Li28,1115.0
53065,Mi1,1115.3999999999999
14209,Li28,1115.7
23047,Li28,1116.0
16596,Li28,1118.3
17596,Li28,1119.3
11981,Li28,1119.3999999999999
20264,Li28,1119.7
15019,Li28,1124.1000000000001
19292,Li28,1125.5
17280,Li28,1126.3
15263,Li28,1126.6
15909,Li28,1127.9
16033,Li28,1128.8
16545,Li28,1129.6000000000001
53065,Mi1,1130.0
23047,Li28,1131.0
14209,Li28,1131.1
16596,Li28,1133.3999999999999
17596,Li28,1133.5
11981,Li28,1134.0
20264,Li28,1134.2
15019,Li28,1139.5
19292,Li28,1139.8000000000002
17280,Li28,1140.9
15263,Li28,1141.9
16033,Li28,1142.9
15909,Li28,1143.3
16545,Li28,1143.5
53065,Mi1,1143.8000000000002
14209,Li28,1145.2
23047,Li28,1146.4
17596,Li28,1148.2
11981,Li28,1148.6000000000001
20264,Li28,1149.2
16596,Li28,1149.3
15019,Li28,1155.0
19292,Li28,1155.3
15263,Li28,1156.7
17280,Li28,1157.3999999999999
53065,Mi1,1157.6
16545,Li28,1157.9
16033,Li28,1158.1000000000001
15909,Li28,1159.1
14209,Li28,1160.1000000000001
23047,Li28,1161.5
17596,Li28,1162.7
11981,Li28,1163.3999999999999
20264,Li28,1164.1000000000001
16596,Li28,1164.9
15019,Li28,1170.6000000000001
19292,Li28,1170.9
53065,Mi1,1171.7
17280,Li28,1171.8
16545,Li28,1172.8
16033,Li28,1173.2
15263,Li28,1173.3999999999999
15909,Li28,1173.5
14209,Li28,1175.3
23047,Li28,1176.4
17596,Li28,1177.0
11981,Li28,1177.8
20264,Li28,1179.2
16596,Li28,1179.7
15019,Li28,1184.8
19292,Li28,1184.9
15263,Li28,1186.5
53065,Mi1,1186.7
16545,Li28,1186.7
17280,Li28,1186.9
16033,Li28,1187.2
15909,Li28,1187.6
17596,Li28,1189.8999999999999
14209,Li28,1191.7
23047,Li28,1192.0
20264,Li28,1192.4
16596,Li28,1192.8
11981,Li28,1193.0
15019,Li28,1199.5
16545,Li28,1201.3
19292,Li28,1201.5
53065,Mi1,1201.6
15263,Li28,1201.7
16033,Li28,1201.7
15909,Li28,1202.6000000000001
17280,Li28,1203.4
17596,Li28,1205.3
23047,Li28,1205.8999999999999
14209,Li28,1206.9
20264,Li28,1206.9
16596,Li28,1208.4
11981,Li28,1208.6000000000001
15019,Li28,1214.2
16545,Li28,1215.0
19292,Li28,1215.4
15263,Li28,1215.5
16033,Li28,1216.1999999999998
15909,Li28,1216.9
17280,Li28,1217.1000000000001
53065,Mi1,1217.5
23047,Li28,1219.2
17596,Li28,1220.3000000000002
14209,Li28,1220.8000000000002
20264,Li28,1221.8
16596,Li28,1223.3
11981,Li28,1223.8999999999999
15019,Li28,1229.3
16545,Li28,1229.3
19292,Li28,1229.6
15263,Li28,1230.1
16033,Li28,1230.9
53065,Mi1,1232.2
17280,Li28,1232.7
15909,Li28,1232.8000000000002
23047,Li28,1233.6
17596,Li28,1234.0
14209,Li28,1235.1000000000001
20264,Li28,1236.0
11981,Li28,1237.3
16596,Li28,1238.0
16545,Li28,1243.4
19292,Li28,1244.1
15019,Li28,1244.3999999999999
15263,Li28,1245.5
53065,Mi1,1246.6000000000001
17280,Li28,1246.8000000000002
15909,Li28,1247.3
17596,Li28,1247.6
16033,Li28,1248.3999999999999
23047,Li28,1248.8000000000002
14209,Li28,1249.1000000000001
20264,Li28,1250.1
16596,Li28,1252.3
11981,Li28,1253.6
16545,Li28,1257.5
19292,Li28,1258.3
15019,Li28,1258.7
15909,Li28,1261.1000000000001
15263,Li28,1261.2
17280,Li28,1261.4
17596,Li28,1261.6000000000001
53065,Mi1,1261.7
14209,Li28,1263.3
16033,Li28,1263.4
20264,Li28,1263.9
23047,Li28,1264.3999999999999
16596,Li28,1267.0
11981,Li28,1268.6
16545,Li28,1271.8
19292,Li28,1272.3
15019,Li28,1272.8000000000002
15263,Li28,1275.9
15909,Li28,1276.1
17596,Li28,1276.2
17280,Li28,1276.3
16033,Li28,1277.0
53065,Mi1,1277.3000000000002
14209,Li28,1277.4
20264,Li28,1279.3000000000002
23047,Li28,1280.0
16596,Li28,1281.4
11981,Li28,1283.0
16545,Li28,1286.1
19292,Li28,1286.3
15019,Li28,1286.6999999999998
17280,Li28,1289.9
17596,Li28,1290.1
15909,Li28,1290.3999999999999
15263,Li28,1290.6
16033,Li28,1290.6999999999998
53065,Mi1,1291.5
14209,Li28,1292.5
20264,Li28,1293.5
23047,Li28,1293.8
11981,Li28,1297.5
16596,Li28,1297.6000000000001
15019,Li28,1300.6
19292,Li28,1300.6
16545,Li28,1301.0000000000002
17596,Li28,1303.6000000000001
17280,Li28,1304.5
15263,Li28,1304.7
15909,Li28,1304.9
53065,Mi1,1305.1000000000001
16033,Li28,1305.3000000000002
14209,Li28,1308.0
23047,Li28,1308.8999999999999
20264,Li28,1309.0000000000002
16596,Li28,1311.5
11981,Li28,1312.8999999999999
19292,Li28,1315.2
16545,Li28,1316.0
15019,Li28,1316.8999999999999
17596,Li28,1317.6000000000001
53065,Mi1,1318.7
17280,Li28,1318.8999999999999
15909,Li28,1319.0000000000002
15263,Li28,1319.7
16033,Li28,1320.8
14209,Li28,1322.2
20264,Li28,1323.9
23047,Li28,1324.0
16596,Li28,1325.7
11981,Li28,1327.5
19292,Li28,1329.3000000000002
16545,Li28,1330.5
15019,Li28,1331.1000000000001
17596,Li28,1332.8
53065,Mi1,1333.9
15263,Li28,1334.5
17280,Li28,1334.8999999999999
15909,Li28,1335.0
16033,Li28,1335.9
14209,Li28,1336.6
20264,Li28,1338.0
23047,Li28,1339.6000000000001
16596,Li28,1339.8000000000002
11981,Li28,1342.1000000000001
19292,Li28,1344.0
16545,Li28,1344.6
15019,Li28,1345.5
17596,Li28,1347.5000000000002
53065,Mi1,1348.8999999999999
15263,Li28,1349.4
16033,Li28,1349.9
17280,Li28,1350.4
14209,Li28,1350.8999999999999
15909,Li28,1350.8999999999999
20264,Li28,1352.6
23047,Li28,1353.9
16596,Li28,1355.4
19292,Li28,1356.5
11981,Li28,1357.0
16545,Li28,1359.7
15019,Li28,1360.8999999999999
17596,Li28,1363.3
53065,Mi1,1363.6000000000001
15263,Li28,1363.7
15909,Li28,1364.6
16033,Li28,1364.7
14209,Li28,1364.8
17280,Li28,1365.8000000000002
20264,Li28,1367.9
23047,Li28,1368.2
11981,Li28,1371.2
16596,Li28,1371.8000000000002
19292,Li28,1371.9
16545,Li28,1374.6
15019,Li28,1375.3
17596,Li28,1377.6000000000001
15263,Li28,1378.3
53065,Mi1,1378.6
15909,Li28,1379.6000000000001
17280,Li28,1379.9
16033,Li28,1380.0
14209,Li28,1380.2
20264,Li28,1382.6
23047,Li28,1382.6
11981,Li28,1386.2
19292,Li28,1386.9
16596,Li28,1388.1000000000001
16545,Li28,1389.6000000000001
15019,Li28,1390.1000000000001
17596,Li28,1391.3999999999999
53065,Mi1,1393.3999999999999
16033,Li28,1393.5
15263,Li28,1393.5
17280,Li28,1394.4
15909,Li28,1395.7
14209,Li28,1396.2
23047,Li28,1397.1
20264,Li28,1397.3
19292,Li28,1401.3
16596,Li28,1401.6
11981,Li28,1401.8000000000002
16545,Li28,1405.2
17596,Li28,1406.5
15019,Li28,1406.9
16033,Li28,1407.2
15263,Li28,1407.3999999999999
53065,Mi1,1407.6
17280,Li28,1408.7
14209,Li28,1410.6000000000001
23047,Li28,1411.6
20264,Li28,1411.8000000000002
15909,Li28,1412.0000000000002
16596,Li28,1416.2
19292,Li28,1416.2
11981,Li28,1416.3000000000002
16545,Li28,1420.1000000000001
17596,Li28,1421.3999999999999
53065,Mi1,1421.5
15019,Li28,1421.8000000000002
16033,Li28,1422.0000000000002
17280,Li28,1422.4
15263,Li28,1423.5
14209,Li28,1425.0
23047,Li28,1425.0
20264,Li28,1425.6
15909,Li28,1428.3000000000002
19292,Li28,1430.6000000000001
16596,Li28,1431.0
11981,Li28,1432.1000000000001
16545,Li28,1435.3
16033,Li28,1435.9
53065,Mi1,1436.2
15019,Li28,1436.5
17280,Li28,1436.6000000000001
17596,Li28,1437.3
15263,Li28,1438.2
14209,Li28,1439.3
23047,Li28,1439.7
20264,Li28,1441.4
15909,Li28,1443.0
19292,Li28,1446.1000000000001
11981,Li28,1446.9
16596,Li28,1447.2
16545,Li28,1449.5
16033,Li28,1450.0000000000002
15019,Li28,1450.6000000000001
53065,Mi1,1450.8
17596,Li28,1451.0
17280,Li28,1451.8999999999999
23047,Li28,1453.4
15263,Li28,1454.6000000000001
14209,Li28,1454.7
20264,Li28,1456.8
15909,Li28,1457.6
11981,Li28,1460.9
19292,Li28,1461.0
16596,Li28,1461.8
16033,Li28,1463.4
16545,Li28,1464.6000000000001
53065,Mi1,1465.1000000000001
17596,Li28,1465.6
15019,Li28,1465.7
17280,Li28,1467.4
23047,Li28,1467.8999999999999
15263,Li28,1468.7
14209,Li28,1468.9
20264,Li28,1470.5
15909,Li28,1472.7
11981,Li28,1474.5
19292,Li28,1475.0
16596,Li28,1476.9
53065,Mi1,1478.5000000000002
16033,Li28,1478.9
16545,Li28,1479.5
15019,Li28,1479.7
17596,Li28,1481.0
17280,Li28,1481.8
23047,Li28,1482.3000000000002
14209,Li28,1482.8000000000002
15263,Li28,1483.8
20264,Li28,1484.7
15909,Li28,1488.8000000000002
11981,Li28,1489.8999999999999
19292,Li28,1490.8000000000002
16596,Li28,1491.8
53065,Mi1,1492.8000000000002
16545,Li28,1493.2
16033,Li28,1493.7
15019,Li28,1495.2
17280,Li28,1495.5
17596,Li28,1496.1
14209,Li28,1496.9
23047,Li28,1497.3
15263,Li28,1498.4
20264,Li28,1499.6
15909,Li28,1503.0
11981,Li28,1504.0
19292,Li28,1504.9
53065,Mi1,1506.1
16545,Li28,1507.1000000000001
16596,Li28,1508.2
16033,Li28,1508.7
17280,Li28,1510.1
17596,Li28,1510.1
15019,Li28,1510.6000000000001
14209,Li28,1512.6000000000001
23047,Li28,1512.8000000000002
15263,Li28,1513.9
20264,Li28,1514.3
15909,Li28,1517.7
11981,Li28,1518.8000000000002
19292,Li28,1519.8
53065,Mi1,1521.8
16545,Li28,1522.6000000000001
16596,Li28,1522.8000000000002
16033,Li28,1523.3
17280,Li28,1524.5
17596,Li28,1525.0
15019,Li28,1526.2
14209,Li28,1527.4
23047,Li28,1528.0
15263,Li28,1528.0
20264,Li28,1528.7
11981,Li28,1533.2
15909,Li28,1533.2
19292,Li28,1536.1
16545,Li28,1536.5
16033,Li28,1536.8000000000002
53065,Mi1,1537.3000000000002
16596,Li28,1538.0
17280,Li28,1539.5
17596,Li28,1540.2
15019,Li28,1540.8000000000002
14209,Li28,1541.1000000000001
23047,Li28,1542.9
15263,Li28,1543.5
20264,Li28,1544.5
15909,Li28,1547.3000000000002
11981,Li28,1548.9
16033,Li28,1550.8000000000002
16545,Li28,1550.8000000000002
19292,Li28,1551.3000000000002
53065,Mi1,1552.2
16596,Li28,1553.1000000000001
17280,Li28,1554.3
17596,Li28,1554.7
15019,Li28,1555.0000000000002
14209,Li28,1555.2
23047,Li28,1557.0000000000002
15263,Li28,1557.9
20264,Li28,1558.9
15909,Li28,1560.6
16033,Li28,1564.4
11981,Li28,1564.8
53065,Mi1,1565.5
16545,Li28,1565.9
19292,Li28,1566.5
17596,Li28,1568.2
16596,Li28,1568.4
17280,Li28,1568.8
14209,Li28,1570.7
15019,Li28,1570.7
15263,Li28,1571.6000000000001
23047,Li28,1572.0
20264,Li28,1573.0000000000002
15909,Li28,1575.4
16545,Li28,1579.4
53065,Mi1,1579.9
11981,Li28,1580.4
16033,Li28,1581.7
19292,Li28,1581.9
17596,Li28,1582.6
17280,Li28,1583.1000000000001
16596,Li28,1583.3000000000002
15019,Li28,1584.8999999999999
15263,Li28,1585.8
14209,Li28,1585.9
23047,Li28,1587.4
20264,Li28,1588.3
15909,Li28,1589.6000000000001
16545,Li28,1594.7
53065,Mi1,1594.7
11981,Li28,1594.8999999999999
19292,Li28,1596.2
16033,Li28,1596.8
17596,Li28,1597.3000000000002
17280,Li28,1597.4
16596,Li28,1599.2
15263,Li28,1599.5
15019,Li28,1600.1000000000001
14209,Li28,1600.7
23047,Li28,1601.0
20264,Li28,1603.1
15909,Li28,1605.0
16545,Li28,1608.8999999999999
11981,Li28,1609.3000000000002
53065,Mi1,1609.6000000000001
19292,Li28,1610.8
16033,Li28,1611.5000000000002
17596,Li28,1611.5000000000002
17280,Li28,1612.8999999999999
15263,Li28,1613.2
15019,Li28,1613.2
16596,Li28,1614.3
14209,Li28,1615.5000000000002
23047,Li28,1616.4
20264,Li28,1617.4
15909,Li28,1620.1000000000001
16545,Li28,1622.8
53065,Mi1,1623.4
11981,Li28,1624.0
17596,Li28,1625.1
16033,Li28,1625.3
19292,Li28,1625.9
17280,Li28,1626.9
15263,Li28,1627.3
15019,Li28,1627.4
14209,Li28,1629.4
16596,Li28,1629.7
20264,Li28,1632.6
23047,Li28,1632.6
15909,Li28,1634.2
16545,Li28,1635.7
11981,Li28,1638.3
53065,Mi1,1639.2
17596,Li28,1640.4
16033,Li28,1640.8
17280,Li28,1640.8
19292,Li28,1640.9
15263,Li28,1641.7
15019,Li28,1642.5
16596,Li28,1643.5000000000002
14209,Li28,1643.9
23047,Li28,1646.8
20264,Li28,1646.9
15909,Li28,1648.9
16545,Li28,1649.5000000000002
11981,Li28,1652.1000000000001
17280,Li28,1653.5
53065,Mi1,1654.2
17596,Li28,1654.7
16033,Li28,1655.3
19292,Li28,1656.3000000000002
15019,Li28,1657.3999999999999
15263,Li28,1657.6000000000001
14209,Li28,1658.0
16596,Li28,1658.3000000000002
23047,Li28,1661.3
20264,Li28,1662.0
15909,Li28,1662.6000000000001
16545,Li28,1664.7
11981,Li28,1666.9
17280,Li28,1668.2
53065,Mi1,1668.8
17596,Li28,1670.0000000000002
16033,Li28,1670.1000000000001
19292,Li28,1670.4
15263,Li28,1670.9
15019,Li28,1672.6000000000001
14209,Li28,1672.8
16596,Li28,1673.1
20264,Li28,1675.6
23047,Li28,1676.3000000000002
15909,Li28,1678.3000000000002
16545,Li28,1678.7
11981,Li28,1680.6000000000001
16033,Li28,1683.7
17280,Li28,1683.8000000000002
53065,Mi1,1684.2
15263,Li28,1684.4
17596,Li28,1684.7
19292,Li28,1685.5
15019,Li28,1686.7
16596,Li28,1687.3999999999999
14209,Li28,1687.5
20264,Li28,1690.6000000000001
23047,Li28,1691.1
16545,Li28,1692.7
15909,Li28,1693.1
11981,Li28,1695.1
17280,Li28,1697.8
16033,Li28,1698.2
19292,Li28,1698.9
53065,Mi1,1699.0
15263,Li28,1699.3
17596,Li28,1699.9
15019,Li28,1700.8
16596,Li28,1700.9
14209,Li28,1703.5
20264,Li28,1706.1000000000001
23047,Li28,1706.7
16545,Li28,1707.6
15909,Li28,1707.8999999999999
11981,Li28,1711.2
17280,Li28,1712.7
53065,Mi1,1713.0
19292,Li28,1713.2
16033,Li28,1713.5
17596,Li28,1713.7
15263,Li28,1714.7
15019,Li28,1715.0
16596,Li28,1716.3000000000002
14209,Li28,1718.6000000000001
20264,Li28,1720.0
23047,Li28,1721.1000000000001
16545,Li28,1722.5
15909,Li28,1724.0
11981,Li28,1726.6000000000001
53065,Mi1,1727.3
16033,Li28,1727.7
17596,Li28,1727.7
17280,Li28,1728.1000000000001
19292,Li28,1729.0
15263,Li28,1729.3
15019,Li28,1730.2
16596,Li28,1731.6
14209,Li28,1733.8999999999999
23047,Li28,1734.9
20264,Li28,1735.1000000000001
16545,Li28,1736.4
15909,Li28,1737.8999999999999
16033,Li28,1741.4
11981,Li28,1741.8999999999999
53065,Mi1,1742.0
17280,Li28,1742.1
17596,Li28,1742.6000000000001
19292,Li28,1743.5
15263,Li28,1744.8000000000002
15019,Li28,1745.7
16596,Li28,1747.0
14209,Li28,1749.1000000000001
20264,Li28,1750.2
16545,Li28,1750.3000000000002
23047,Li28,1750.7
15909,Li28,1751.6
16033,Li28,1754.8000000000002
53065,Mi1,1755.8
17280,Li28,1756.0
11981,Li28,1756.1
17596,Li28,1756.9
19292,Li28,1758.3
15263,Li28,1759.2
15019,Li28,1761.1000000000001
16596,Li28,1762.2
14209,Li28,1763.3
16545,Li28,1764.0
23047,Li28,1764.1
15909,Li28,1765.5
20264,Li28,1766.4
16033,Li28,1769.2
53065,Mi1,1769.2
11981,Li28,1770.8000000000002
17280,Li28,1770.8000000000002
17596,Li28,1772.0
15263,Li28,1773.3
19292,Li28,1773.5
15019,Li28,1775.7
16596,Li28,1777.1000000000001
14209,Li28,1777.5
16545,Li28,1777.8
23047,Li28,1779.8
15909,Li28,1781.7
20264,Li28,1782.3999999999999
16033,Li28,1783.4
53065,Mi1,1783.4
17280,Li28,1784.8000000000002
17596,Li28,1786.0
11981,Li28,1786.1
19292,Li28,1788.0
15263,Li28,1788.6000000000001
16545,Li28,1791.2
15019,Li28,1792.3999999999999
14209,Li28,1793.1000000000001
16596,Li28,1793.4
23047,Li28,1795.1000000000001
15909,Li28,1796.1
53065,Mi1,1796.8000000000002
20264,Li28,1798.1
16033,Li28,1799.3000000000002
17596,Li28,1800.6
17280,Li28,1800.8000000000002
11981,Li28,1801.7
15263,Li28,1803.7
19292,Li28,1804.3
16545,Li28,1806.1
16596,Li28,1807.0000000000002
14209,Li28,1807.2
15019,Li28,1807.2
23047,Li28,1809.0000000000002
15909,Li28,1810.1
53065,Mi1,1812.1
20264,Li28,1813.5
16033,Li28,1813.7
17596,Li28,1814.3999999999999
17280,Li28,1814.7
11981,Li28,1815.3000000000002
15263,Li28,1818.8000000000002
19292,Li28,1818.9
16596,Li28,1821.0000000000002
14209,Li28,1821.6000000000001
16545,Li28,1822.0
15019,Li28,1822.2
23047,Li28,1823.1000000000001
15909,Li28,1825.7
53065,Mi1,1826.5
20264,Li28,1827.8
16033,Li28,1828.2
17280,Li28,1829.5
17596,Li28,1830.4
11981,Li28,1831.1000000000001
19292,Li28,1833.2
15263,Li28,1833.3000000000002
16596,Li28,1835.4
16545,Li28,1835.6000000000001
14209,Li28,1836.7
23047,Li28,1837.1000000000001
15019,Li28,1837.6000000000001
15909,Li28,1841.2
53065,Mi1,1841.6000000000001
20264,Li28,1842.0
16033,Li28,1842.2
11981,Li28,1843.4
17596,Li28,1845.7
17280,Li28,1845.8000000000002
19292,Li28,1848.3
15263,Li28,1848.8
16596,Li28,1848.8999999999999
16545,Li28,1850.7
14209,Li28,1851.0
23047,Li28,1851.6000000000001
15019,Li28,1852.2
53065,Mi1,1855.2
20264,Li28,1855.7
15909,Li28,1855.8000000000002
16033,Li28,1856.8999999999999
11981,Li28,1858.3
17280,Li28,1860.0
17596,Li28,1861.5000000000002
15263,Li28,1862.4
19292,Li28,1863.0
16545,Li28,1864.8999999999999
16596,Li28,1864.8999999999999
14209,Li28,1866.0
23047,Li28,1866.5
15019,Li28,1867.0
15909,Li28,1870.6
53065,Mi1,1870.8
20264,Li28,1871.3000000000002
16033,Li28,1871.4
11981,Li28,1872.8999999999999
17280,Li28,1874.1000000000001
17596,Li28,1876.2
15263,Li28,1877.5000000000002
19292,Li28,1878.1000000000001
16545,Li28,1878.3
16596,Li28,1879.8000000000002
23047,Li28,1881.4
14209,Li28,1882.8
15019,Li28,1883.1
16033,Li28,1885.8000000000002
20264,Li28,1885.8000000000002
15909,Li28,1886.2
11981,Li28,1887.2
53065,Mi1,1887.5000000000002
17280,Li28,1888.0
17596,Li28,1890.6
15263,Li28,1893.2
16545,Li28,1893.2
16596,Li28,1894.1000000000001
19292,Li28,1895.1
23047,Li28,1895.7
14209,Li28,1896.7
15019,Li28,1897.0
16033,Li28,1900.0
15909,Li28,1901.0
20264,Li28,1901.5000000000002
11981,Li28,1902.5
53065,Mi1,1902.8
17280,Li28,1904.1000000000001
17596,Li28,1904.8
15263,Li28,1908.0
16545,Li28,1908.2
16596,Li28,1908.9
19292,Li28,1909.1
23047,Li28,1909.6000000000001
14209,Li28,1911.8000000000002
15019,Li28,1912.7
16033,Li28,1915.3
15909,Li28,1915.6000000000001
20264,Li28,1915.9
53065,Mi1,1916.8
11981,Li28,1917.1
17280,Li28,1918.7
17596,Li28,1920.5
19292,Li28,1923.3
15263,Li28,1923.6000000000001
16545,Li28,1923.6000000000001
16596,Li28,1923.7
23047,Li28,1924.5
14209,Li28,1927.1
15019,Li28,1927.3
20264,Li28,1929.3999999999999
16033,Li28,1929.9
15909,Li28,1930.4
53065,Mi1,1931.0
11981,Li28,1931.9
17280,Li28,1933.7
17596,Li28,1935.7
15263,Li28,1937.6
16545,Li28,1937.8000000000002
19292,Li28,1937.8000000000002
16596,Li28,1938.2
23047,Li28,1939.1
14209,Li28,1940.7
15019,Li28,1941.7000000000003
15909,Li28,1944.7
20264,Li28,1945.0
16033,Li28,1945.5
11981,Li28,1945.9
53065,Mi1,1946.5
17280,Li28,1949.0
17596,Li28,1950.9
19292,Li28,1952.1000000000001
23047,Li28,1952.3000000000002
16545,Li28,1952.8
16596,Li28,1953.5
15263,Li28,1954.3000000000002
14209,Li28,1956.7
15019,Li28,1958.0000000000002
15909,Li28,1958.5
20264,Li28,1959.8
16033,Li28,1960.5
53065,Mi1,1961.0
11981,Li28,1962.4
17280,Li28,1963.3
17596,Li28,1964.6000000000001
19292,Li28,1966.7
23047,Li28,1967.3
16545,Li28,1967.4
15263,Li28,1968.8
16596,Li28,1968.9
14209,Li28,1971.2
15019,Li28,1972.8
15909,Li28,1972.9
53065,Mi1,1975.3
20264,Li28,1975.4
11981,Li28,1975.7
16033,Li28,1976.6000000000001
17280,Li28,1977.3
17596,Li28,1979.3
19292,Li28,1980.3000000000002
16545,Li28,1981.5
23047,Li28,1981.6
15263,Li28,1983.5
16596,Li28,1983.8
15909,Li28,1986.6000000000001
14209,Li28,1987.4
15019,Li28,1987.8999999999999
11981,Li28,1989.2
20264,Li28,1989.4
53065,Mi1,1989.4
16033,Li28,1992.2
17596,Li28,1993.6
17280,Li28,1993.7
19292,Li28,1994.5000000000002
23047,Li28,1995.5
16545,Li28,1996.1
15263,Li28,1998.2
16596,Li28,1998.6000000000001
14209,Li28,2002.5
15019,Li28,2002.8000000000002
11981,Li28,2003.3000000000002
15909,Li28,2003.6
20264,Li28,2003.7000000000003
53065,Mi1,2004.3000000000002
17280,Li28,2006.8999999999999
17596,Li28,2007.3000000000002
16033,Li28,2007.8
23047,Li28,2009.1999999999998
19292,Li28,2009.6000000000001
16545,Li28,2011.0
16596,Li28,2012.5000000000002
15263,Li28,2012.9999999999998
14209,Li28,2016.5000000000002
15019,Li28,2017.1999999999998
11981,Li28,2017.8000000000002
15909,Li28,2018.3
53065,Mi1,2018.4
20264,Li28,2018.5
17280,Li28,2020.8
17596,Li28,2021.9
16033,Li28,2022.8999999999999
23047,Li28,2024.2
19292,Li28,2024.9999999999998
16545,Li28,2025.1999999999998
16596,Li28,2027.1
15263,Li28,2029.3
14209,Li28,2031.3
15019,Li28,2031.7000000000003
11981,Li28,2032.2
15909,Li28,2032.9999999999998
53065,Mi1,2033.4000000000003
20264,Li28,2033.5
17280,Li28,2035.8
17596,Li28,2036.3000000000002
16033,Li28,2038.0000000000002
23047,Li28,2038.6999999999998
16545,Li28,2039.5000000000002
19292,Li28,2040.7
16596,Li28,2042.2000000000003
15263,Li28,2045.1999999999998
14209,Li28,2046.5
15019,Li28,2046.6000000000001
11981,Li28,2047.2
15909,Li28,2047.8
53065,Mi1,2048.4
20264,Li28,2049.2
17280,Li28,2051.5
17596,Li28,2051.6
23047,Li28,2052.7999999999997
16033,Li28,2053.0
16545,Li28,2054.0
19292,Li28,2055.9
16596,Li28,2056.2
15263,Li28,2058.8
14209,Li28,2061.1
15019,Li28,2061.2
53065,Mi1,2062.3
11981,Li28,2062.6000000000004
15909,Li28,2062.8
20264,Li28,2063.4
17596,Li28,2065.3
23047,Li28,2067.0
16033,Li28,2067.7000000000003
17280,Li28,2067.9
16545,Li28,2068.5
16596,Li28,2070.2000000000003
19292,Li28,2071.4
15263,Li28,2072.6
15019,Li28,2075.6
14209,Li28,2075.7
15909,Li28,2077.0
53065,Mi1,2077.1
11981,Li28,2077.2
20264,Li28,2077.2
17596,Li28,2078.9
23047,Li28,2082.1
17280,Li28,2082.5
16033,Li28,2083.1
16545,Li28,2084.2
16596,Li28,2084.4
15263,Li28,2087.2999999999997
19292,Li28,2087.8
15019,Li28,2089.7999999999997
53065,Mi1,2090.7
14209,Li28,2091.2999999999997
15909,Li28,2091.7
11981,Li28,2091.7
20264,Li28,2092.3
17596,Li28,2092.7000000000003
23047,Li28,2097.2
17280,Li28,2097.5
16033,Li28,2098.1
16596,Li28,2098.4
16545,Li28,2099.8
15263,Li28,2101.7999999999997
19292,Li28,2103.4
15019,Li28,2104.7000000000003
15909,Li28,2105.7000000000003
14209,Li28,2106.4
53065,Mi1,2106.7
17596,Li28,2107.1
11981,Li28,2107.5
20264,Li28,2108.5
16596,Li28,2111.7
17280,Li28,2111.7
23047,Li28,2112.0
16033,Li28,2113.7999999999997
16545,Li28,2114.2000000000003
15263,Li28,2116.2
15019,Li28,2118.0
19292,Li28,2118.3
15909,Li28,2119.8999999999996
53065,Mi1,2121.6
17596,Li28,2122.1
11981,Li28,2122.7
14209,Li28,2122.8
20264,Li28,2123.0
17280,Li28,2125.2
16596,Li28,2127.0
23047,Li28,2127.5
16033,Li28,2128.1
16545,Li28,2129.7000000000003
15263,Li28,2131.4
15019,Li28,2133.0
19292,Li28,2133.7999999999997
15909,Li28,2135.0
14209,Li28,2137.1000000000004
11981,Li28,2137.2
53065,Mi1,2137.2
20264,Li28,2137.7000000000003
17596,Li28,2137.7999999999997
17280,Li28,2139.5
16596,Li28,2141.7999999999997
23047,Li28,2142.2
16033,Li28,2142.5
16545,Li28,2144.8
15019,Li28,2146.9
19292,Li28,2147.2000000000003
15263,Li28,2147.4
14209,Li28,2150.7
15909,Li28,2151.1
53065,Mi1,2152.5000000000005
17596,Li28,2152.6
20264,Li28,2152.8
11981,Li28,2154.2
17280,Li28,2155.2999999999997
23047,Li28,2157.4
16033,Li28,2157.6
16596,Li28,2157.7000000000003
16545,Li28,2160.0
15263,Li28,2161.6
15019,Li28,2162.2
19292,Li28,2163.0
14209,Li28,2165.5
15909,Li28,2166.0
53065,Mi1,2166.8
20264,Li28,2167.4
17596,Li28,2168.6
11981,Li28,2168.8
17280,Li28,2169.7000000000003
16033,Li28,2171.9
16596,Li28,2172.2000000000003
23047,Li28,2173.1000000000004
16545,Li28,2175.5
15263,Li28,2175.7
15019,Li28,2178.5
19292,Li28,2178.6000000000004
15909,Li28,2180.4
53065,Mi1,2181.0
14209,Li28,2181.0
20264,Li28,2182.9
17596,Li28,2183.4
11981,Li28,2183.6000000000004
17280,Li28,2184.0
16033,Li28,2186.2
16596,Li28,2187.5
23047,Li28,2187.8
15263,Li28,2189.6
16545,Li28,2190.1
15909,Li28,2193.5
15019,Li28,2193.6
19292,Li28,2195.1
14209,Li28,2195.9
53065,Mi1,2196.4
20264,Li28,2197.6
17596,Li28,2198.1
17280,Li28,2198.7000000000003
11981,Li28,2199.3
16033,Li28,2201.0
16596,Li28,2201.7000000000003
15263,Li28,2202.8
23047,Li28,2203.1
16545,Li28,2205.4
15019,Li28,2208.2000000000003
15909,Li28,2208.2000000000003
19292,Li28,2209.0
14209,Li28,2210.8
20264,Li28,2212.5
53065,Mi1,2212.6
17596,Li28,2213.1000000000004
11981,Li28,2213.3
17280,Li28,2214.4
16033,Li28,2215.6000000000004
16596,Li28,2216.8
23047,Li28,2217.9
15263,Li28,2218.2
16545,Li28,2219.6000000000004
15019,Li28,2223.4
15909,Li28,2223.8
19292,Li28,2224.2000000000003
14209,Li28,2225.3
11981,Li28,2227.5
20264,Li28,2227.7
53065,Mi1,2227.9
17596,Li28,2227.9
17280,Li28,2229.4
16033,Li28,2229.5
16596,Li28,2231.4
15263,Li28,2233.2
23047,Li28,2233.2
16545,Li28,2234.7000000000003
15019,Li28,2236.8999999999996
19292,Li28,2237.9
15909,Li28,2239.4
14209,Li28,2240.8
17596,Li28,2242.3
53065,Mi1,2242.5
11981,Li28,2242.6
20264,Li28,2244.2000000000003
16033,Li28,2245.0
16596,Li28,2245.1000000000004
17280,Li28,2245.9
15263,Li28,2247.0
23047,Li28,2248.6
16545,Li28,2249.0
15019,Li28,2251.1
19292,Li28,2251.6000000000004
15909,Li28,2253.3
14209,Li28,2255.9
53065,Mi1,2257.3
11981,Li28,2257.5000000000005
17596,Li28,2257.6
16596,Li28,2258.6
16033,Li28,2259.0
20264,Li28,2259.2000000000003
17280,Li28,2260.8
15263,Li28,2261.5000000000005
23047,Li28,2263.2000000000003
16545,Li28,2265.5000000000005
15019,Li28,2266.7000000000003
19292,Li28,2267.2000000000003
15909,Li28,2267.8
14209,Li28,2270.7000000000003
17596,Li28,2271.6000000000004
53065,Mi1,2271.9
16033,Li28,2272.5
11981,Li28,2272.9
16596,Li28,2273.9
20264,Li28,2274.0
15263,Li28,2275.0
17280,Li28,2275.8
23047,Li28,2278.0
16545,Li28,2281.5000000000005
15019,Li28,2282.1000000000004
19292,Li28,2282.2
15909,Li28,2282.9
17596,Li28,2285.2000000000003
53065,Mi1,2285.4
14209,Li28,2285.8
16033,Li28,2286.5
11981,Li28,2288.2999999999997
15263,Li28,2288.2999999999997
20264,Li28,2288.2999999999997
16596,Li28,2288.4
17280,Li28,2291.6000000000004
23047,Li28,2292.2000000000003
16545,Li28,2295.8
15909,Li28,2296.5
15019,Li28,2296.6000000000004
19292,Li28,2297.1
17596,Li28,2299.0
14209,Li28,2300.2000000000003
53065,Mi1,2300.6000000000004
11981,Li28,2302.6
16033,Li28,2303.1
15263,Li28,2303.2
20264,Li28,2303.3
16596,Li28,2303.3999999999996
17280,Li28,2305.7000000000003
23047,Li28,2307.3
16545,Li28,2310.3
19292,Li28,2311.3999999999996
15909,Li28,2311.9
15019,Li28,2312.0000000000005
53065,Mi1,2313.2000000000003
17596,Li28,2313.2999999999997
14209,Li28,2316.1
11981,Li28,2316.7
20264,Li28,2316.9
15263,Li28,2318.0
16033,Li28,2318.2
16596,Li28,2318.5
17280,Li28,2319.0
23047,Li28,2322.0
16545,Li28,2325.6
15909,Li28,2326.2
19292,Li28,2326.7000000000003
15019,Li28,2326.7999999999997
53065,Mi1,2328.7
17596,Li28,2329.2000000000003
14209,Li28,2331.0
11981,Li28,2331.7000000000003
20264,Li28,2332.0000000000005
16596,Li28,2332.7
17280,Li28,2332.7
15263,Li28,2332.9
16033,Li28,2333.5
23047,Li28,2336.1
16545,Li28,2340.7
19292,Li28,2340.9
15909,Li28,2341.0
15019,Li28,2341.7
53065,Mi1,2342.0
17596,Li28,2343.8
20264,Li28,2346.1000000000004
14209,Li28,2346.7000000000003
15263,Li28,2346.7999999999997
11981,Li28,2347.1000000000004
17280,Li28,2347.7000000000003
16596,Li28,2348.1
16033,Li28,2348.3
23047,Li28,2351.2
15909,Li28,2355.3
16545,Li28,2355.5
19292,Li28,2355.9
15019,Li28,2356.7
53065,Mi1,2356.7
17596,Li28,2357.6
14209,Li28,2361.2000000000003
16596,Li28,2361.5
11981,Li28,2362.2
20264,Li28,2362.3
15263,Li28,2362.4
17280,Li28,2362.6
16033,Li28,2364.3
23047,Li28,2365.5
15909,Li28,2369.8999999999996
16545,Li28,2370.0
15019,Li28,2370.6
19292,Li28,2370.9
17596,Li28,2371.6
53065,Mi1,2372.1
14209,Li28,2375.7999999999997
16596,Li28,2375.7999999999997
20264,Li28,2377.2000000000003
15263,Li28,2377.2000000000003
11981,Li28,2377.7
17280,Li28,2377.8
23047,Li28,2379.3
16033,Li28,2379.7000000000003
15909,Li28,2384.2000000000003
16545,Li28,2384.7
19292,Li28,2386.0
15019,Li28,2386.4
53065,Mi1,2386.6
17596,Li28,2386.9
16596,Li28,2390.1000000000004
14209,Li28,2390.7000000000003
17280,Li28,2390.9
20264,Li28,2391.3
11981,Li28,2392.1
23047,Li28,2392.9
15263,Li28,2394.4
16033,Li28,2394.7000000000003
15909,Li28,2397.8
16545,Li28,2399.4
15019,Li28,2400.7
19292,Li28,2400.8
17596,Li28,2401.7
53065,Mi1,2401.8
17280,Li28,2404.4
14209,Li28,2405.4
16596,Li28,2405.6
23047,Li28,2406.2000000000003
11981,Li28,2406.5000000000005
20264,Li28,2407.4
16033,Li28,2409.2999999999997
15263,Li28,2409.4
15909,Li28,2412.3
16545,Li28,2413.2000000000003
19292,Li28,2414.1
17596,Li28,2415.4
15019,Li28,2415.7000000000003
53065,Mi1,2416.4
16596,Li28,2419.3
17280,Li28,2419.4
14209,Li28,2421.2000000000003
11981,Li28,2421.7
23047,Li28,2422.2000000000003
20264,Li28,2422.9
15263,Li28,2423.7000000000003
16033,Li28,2424.2
15909,Li28,2427.2
19292,Li28,2428.0
16545,Li28,2428.1
17596,Li28,2429.4
15019,Li28,2430.4
53065,Mi1,2431.2
17280,Li28,2433.7
16596,Li28,2434.1
14209,Li28,2434.9
11981,Li28,2435.5
23047,Li28,2435.7000000000003
20264,Li28,2438.1
15263,Li28,2438.5000000000005
16033,Li28,2438.7000000000003
19292,Li28,2442.6
15909,Li28,2443.4
16545,Li28,2444.0
17596,Li28,2444.0
15019,Li28,2445.1
53065,Mi1,2445.3
17280,Li28,2448.9
16596,Li28,2449.5
14209,Li28,2450.7000000000003
23047,Li28,2451.1000000000004
11981,Li28,2451.4
16033,Li28,2452.5
15263,Li28,2453.0000000000005
20264,Li28,2454.1
15909,Li28,2456.8
19292,Li28,2457.2000000000003
16545,Li28,2458.2000000000003
17596,Li28,2458.4
53065,Mi1,2459.7000000000003
15019,Li28,2460.1
17280,Li28,2462.9
16596,Li28,2463.7999999999997
14209,Li28,2466.1
15263,Li28,2466.4
11981,Li28,2466.7000000000003
23047,Li28,2466.7000000000003
16033,Li28,2466.8
20264,Li28,2467.3
15909,Li28,2471.7999999999997
19292,Li28,2471.9
16545,Li28,2472.5
17596,Li28,2472.8
15019,Li28,2474.4
53065,Mi1,2474.7
17280,Li28,2477.7
16596,Li28,2478.1
16033,Li28,2480.5
15263,Li28,2480.6
14209,Li28,2480.7000000000003
23047,Li28,2481.0000000000005
20264,Li28,2482.0
11981,Li28,2482.1
19292,Li28,2485.6000000000004
15909,Li28,2485.8
17596,Li28,2487.2
53065,Mi1,2489.2000000000003
16545,Li28,2489.7
15019,Li28,2490.6
17280,Li28,2492.5
16596,Li28,2492.9
15263,Li28,2495.1000000000004
16033,Li28,2495.2
14209,Li28,2495.3
11981,Li28,2495.9
23047,Li28,2496.1000000000004
20264,Li28,2496.7999999999997
19292,Li28,2501.0000000000005
15909,Li28,2501.7
17596,Li28,2502.7
53065,Mi1,2504.2
16545,Li28,2505.1
15019,Li28,2505.6000000000004
17280,Li28,2505.6000000000004
16596,Li28,2507.6
15263,Li28,2508.9
16033,Li28,2509.4
11981,Li28,2509.7
20264,Li28,2511.0
14209,Li28,2511.0
23047,Li28,2511.7000000000003
19292,Li28,2515.8
15909,Li28,2516.2
53065,Mi1,2518.1
17596,Li28,2518.2999999999997
15019,Li28,2519.3
16545,Li28,2520.2
17280,Li28,2520.2
16596,Li28,2522.0
11981,Li28,2523.0
15263,Li28,2525.1
14209,Li28,2525.2000000000003
16033,Li28,2525.3
20264,Li28,2525.5
23047,Li28,2526.0
19292,Li28,2530.2000000000003
15909,Li28,2530.7
17596,Li28,2532.5
53065,Mi1,2533.8
15019,Li28,2534.2999999999997
16545,Li28,2535.5000000000005
16596,Li28,2535.8
17280,Li28,2536.3
11981,Li28,2537.9
14209,Li28,2538.6000000000004
20264,Li28,2538.8
15263,Li28,2539.4
23047,Li28,2540.3
16033,Li28,2540.5
19292,Li28,2544.7000000000003
15909,Li28,2546.3
17596,Li28,2546.7
53065,Mi1,2549.1
15019,Li28,2549.4
16545,Li28,2549.8
16596,Li28,2550.6000000000004
11981,Li28,2552.2
17280,Li28,2552.6
20264,Li28,2553.0
14209,Li28,2553.6000000000004
15263,Li28,2553.6000000000004
16033,Li28,2555.0
23047,Li28,2555.6
19292,Li28,2558.0
15909,Li28,2560.6
17596,Li28,2562.9
15019,Li28,2563.0
16545,Li28,2563.6
53065,Mi1,2564.1000000000004
16596,Li28,2565.1
11981,Li28,2566.6000000000004
14209,Li28,2567.2000000000003
17280,Li28,2567.2999999999997
15263,Li28,2567.7000000000003
20264,Li28,2568.4
23047,Li28,2570.1
16033,Li28,2570.7
19292,Li28,2573.0
15909,Li28,2574.4
15019,Li28,2576.9
16545,Li28,2577.3999999999996
53065,Mi1,2577.9
17596,Li28,2579.1
16596,Li28,2579.7000000000003
14209,Li28,2581.0
17280,Li28,2581.3
11981,Li28,2582.4
15263,Li28,2583.0
20264,Li28,2583.0
23047,Li28,2584.7999999999997
16033,Li28,2586.3
19292,Li28,2587.7000000000003
15909,Li28,2588.4
16545,Li28,2592.4
53065,Mi1,2592.7999999999997
15019,Li28,2593.2
16596,Li28,2594.2000000000003
14209,Li28,2594.7
17596,Li28,2595.4
17280,Li28,2596.4
15263,Li28,2596.5
11981,Li28,2596.6
20264,Li28,2598.5
23047,Li28,2599.5
16033,Li28,2600.6
19292,Li28,2600.9
15909,Li28,2603.6
16545,Li28,2606.9
53065,Mi1,2607.7
15019,Li28,2608.0
16596,Li28,2608.4
17596,Li28,2608.9
14209,Li28,2609.5
17280,Li28,2610.3
15263,Li28,2610.8
11981,Li28,2611.2999999999997
20264,Li28,2612.5
23047,Li28,2614.4
19292,Li28,2615.4
16033,Li28,2615.7
15909,Li28,2619.2000000000003
53065,Mi1,2622.2000000000003
16545,Li28,2622.3
14209,Li28,2623.5
15019,Li28,2623.6
16596,Li28,2623.9
17596,Li28,2624.5
17280,Li28,2625.0
11981,Li28,2625.5
15263,Li28,2626.1
20264,Li28,2627.5
23047,Li28,2629.3
19292,Li28,2630.3
16033,Li28,2630.4
15909,Li28,2634.1
16545,Li28,2635.8
53065,Mi1,2636.6
14209,Li28,2637.2
15019,Li28,2637.7999999999997
17596,Li28,2638.1
16596,Li28,2638.6000000000004
11981,Li28,2639.8
15263,Li28,2640.1000000000004
17280,Li28,2641.4
20264,Li28,2643.2999999999997
23047,Li28,2643.4
16033,Li28,2644.6
19292,Li28,2645.5
15909,Li28,2648.9
16545,Li28,2650.4
14209,Li28,2651.9
53065,Mi1,2652.5000000000005
17596,Li28,2652.9
16596,Li28,2653.1000000000004
15019,Li28,2653.3
11981,Li28,2654.6000000000004
15263,Li28,2654.8
17280,Li28,2655.2999999999997
23047,Li28,2657.7999999999997
19292,Li28,2659.1
20264,Li28,2659.7
16033,Li28,2661.1000000000004
15909,Li28,2662.0
16545,Li28,2664.6
14209,Li28,2666.6000000000004
16596,Li28,2666.9
15019,Li28,2667.2000000000003
53065,Mi1,2667.4
11981,Li28,2668.4
17596,Li28,2668.6
17280,Li28,2669.7999999999997
15263,Li28,2669.7999999999997
23047,Li28,2672.4
19292,Li28,2673.5
20264,Li28,2674.5
16033,Li28,2675.4
15909,Li28,2677.0
16545,Li28,2680.4
15019,Li28,2680.6
16596,Li28,2681.4
14209,Li28,2681.5
53065,Mi1,2682.5
17596,Li28,2683.1
11981,Li28,2683.8
15263,Li28,2684.2999999999997
17280,Li28,2686.0
23047,Li28,2687.7
19292,Li28,2688.2000000000003
20264,Li28,2689.4
16033,Li28,2689.7000000000003
15909,Li28,2693.7000000000003
15019,Li28,2695.7
14209,Li28,2695.9
16596,Li28,2696.2000000000003
16545,Li28,2696.6
17596,Li28,2698.0
53065,Mi1,2698.3
11981,Li28,2698.3999999999996
15263,Li28,2698.9
17280,Li28,2700.8
19292,Li28,2702.5
23047,Li28,2702.8
20264,Li28,2703.5
16033,Li28,2705.3
15909,Li28,2709.5
14209,Li28,2710.5
16596,Li28,2710.7000000000003
16545,Li28,2710.7000000000003
17596,Li28,2712.4
15019,Li28,2712.6
53065,Mi1,2713.0
11981,Li28,2713.2
15263,Li28,2714.7000000000003
17280,Li28,2715.1
19292,Li28,2715.7
23047,Li28,2717.9
20264,Li28,2719.1
16033,Li28,2719.6000000000004
15909,Li28,2723.1
14209,Li28,2724.2000000000003
16596,Li28,2724.5
16545,Li28,2725.4
15019,Li28,2727.3
17596,Li28,2727.7
11981,Li28,2728.0
53065,Mi1,2728.6
15263,Li28,2730.3
17280,Li28,2730.3
19292,Li28,2730.8
23047,Li28,2732.5
20264,Li28,2732.9
16033,Li28,2734.0
15909,Li28,2737.7999999999997
16596,Li28,2738.6
14209,Li28,2739.6000000000004
16545,Li28,2739.8
17596,Li28,2742.1000000000004
15019,Li28,2742.6
53065,Mi1,2743.5
15263,Li28,2744.2999999999997
17280,Li28,2744.9
11981,Li28,2745.0
19292,Li28,2745.3
20264,Li28,2746.9
23047,Li28,2747.9
16033,Li28,2750.1000000000004
16596,Li28,2752.9
15909,Li28,2753.4
14209,Li28,2753.8
16545,Li28,2754.7000000000003
15019,Li28,2758.4
17280,Li28,2758.9
17596,Li28,2759.0000000000005
15263,Li28,2759.1
53065,Mi1,2759.2000000000003
19292,Li28,2760.0
11981,Li28,2760.1
23047,Li28,2760.4
20264,Li28,2761.7000000000003
16033,Li28,2765.3
14209,Li28,2767.5
16596,Li28,2767.6000000000004
16545,Li28,2769.1000000000004
15909,Li28,2769.6
17596,Li28,2773.2000000000003
15019,Li28,2773.5000000000005
17280,Li28,2773.5000000000005
15263,Li28,2774.0
23047,Li28,2774.2
53065,Mi1,2774.7000000000003
11981,Li28,2774.7999999999997
19292,Li28,2776.4
20264,Li28,2777.1000000000004
16033,Li28,2779.7
14209,Li28,2781.4
16596,Li28,2781.8
16545,Li28,2783.9
15909,Li28,2785.0
15019,Li28,2788.0
17596,Li28,2788.0
23047,Li28,2788.1
17280,Li28,2788.6
11981,Li28,2789.8
15263,Li28,2790.0
19292,Li28,2790.6
53065,Mi1,2791.2000000000003
20264,Li28,2792.2000000000003
16033,Li28,2794.0
16596,Li28,2796.6000000000004
14209,Li28,2797.4
16545,Li28,2798.5
15909,Li28,2801.0
15019,Li28,2801.7000000000003
17280,Li28,2802.7999999999997
17596,Li28,2802.9
23047,Li28,2803.3
11981,Li28,2804.5
15263,Li28,2804.7
19292,Li28,2805.0
20264,Li28,2805.4
53065,Mi1,2805.5000000000005
16033,Li28,2809.1
16596,Li28,2810.9
16545,Li28,2812.0
14209,Li28,2813.2000000000003
15909,Li28,2815.3
15019,Li28,2816.4
17280,Li28,2817.2000000000003
15263,Li28,2818.4
23047,Li28,2818.9
17596,Li28,2818.9
19292,Li28,2819.3
11981,Li28,2820.3
53065,Mi1,2820.3
20264,Li28,2820.5
16033,Li28,2823.3
16545,Li28,2825.9
16596,Li28,2825.9
14209,Li28,2827.1
15909,Li28,2830.0
15019,Li28,2831.3999999999996
15263,Li28,2832.3
17280,Li28,2833.0
17596,Li28,2833.1
23047,Li28,2833.2000000000003
19292,Li28,2834.1000000000004
53065,Mi1,2834.4
11981,Li28,2834.7999999999997
20264,Li28,2834.9
16033,Li28,2838.4
16545,Li28,2839.7000000000003
16596,Li28,2840.3
14209,Li28,2841.5
15909,Li28,2843.1
15019,Li28,2846.2
17596,Li28,2847.3
23047,Li28,2847.7000000000003
53065,Mi1,2847.9
15263,Li28,2848.2000000000003
19292,Li28,2848.4
17280,Li28,2848.6000000000004
11981,Li28,2849.2000000000003
20264,Li28,2850.0
16033,Li28,2851.3
16596,Li28,2854.2
16545,Li28,2854.5
14209,Li28,2856.3
15909,Li28,2857.7000000000003
23047,Li28,2860.4
15019,Li28,2860.9
19292,Li28,2861.6
53065,Mi1,2861.8
15263,Li28,2862.4
17280,Li28,2862.5
17596,Li28,2862.7000000000003
11981,Li28,2863.9
20264,Li28,2864.4
16033,Li28,2868.1
16545,Li28,2868.2000000000003
16596,Li28,2869.4
15909,Li28,2871.8
14209,Li28,2872.3
23047,Li28,2874.0
19292,Li28,2875.5
15019,Li28,2876.0000000000005
15263,Li28,2876.5
53065,Mi1,2877.0
17596,Li28,2878.0
17280,Li28,2878.2
11981,Li28,2879.0
20264,Li28,2879.7000000000003
16545,Li28,2883.2
16596,Li28,2883.7000000000003
16033,Li28,2884.2000000000003
15909,Li28,2886.1000000000004
14209,Li28,2888.0000000000005
23047,Li28,2888.0000000000005
15019,Li28,2889.6
19292,Li28,2890.1000000000004
53065,Mi1,2891.0
17596,Li28,2892.0000000000005
15263,Li28,2892.0000000000005
17280,Li28,2892.9
20264,Li28,2893.1
11981,Li28,2894.5000000000005
16545,Li28,2897.6
16033,Li28,2898.4
16596,Li28,2898.8
15909,Li28,2900.4
23047,Li28,2902.2000000000003
14209,Li28,2904.3
15019,Li28,2904.6000000000004
53065,Mi1,2905.1
19292,Li28,2905.4
17280,Li28,2906.2000000000003
15263,Li28,2906.3
20264,Li28,2906.5000000000005
17596,Li28,2906.8
11981,Li28,2909.8
16033,Li28,2913.7
16596,Li28,2913.7
16545,Li28,2913.8
15909,Li28,2914.6
23047,Li28,2916.9
15019,Li28,2918.7000000000003
14209,Li28,2919.1000000000004
17280,Li28,2919.6
53065,Mi1,2919.9
19292,Li28,2920.3
17596,Li28,2920.4
20264,Li28,2921.2000000000003
15263,Li28,2921.6
11981,Li28,2925.9
16596,Li28,2928.0
16033,Li28,2928.2000000000003
15909,Li28,2929.4
16545,Li28,2929.7
23047,Li28,2930.7000000000003
17280,Li28,2933.3
17596,Li28,2933.8
19292,Li28,2934.6
53065,Mi1,2934.8
15019,Li28,2934.9
14209,Li28,2935.3
20264,Li28,2935.7999999999997
15263,Li28,2936.1
11981,Li28,2940.7
16596,Li28,2942.9
16033,Li28,2942.9
15909,Li28,2944.5
16545,Li28,2944.7
23047,Li28,2945.6000000000004
17280,Li28,2947.3
53065,Mi1,2948.7
17596,Li28,2948.8
19292,Li28,2949.5
15263,Li28,2949.8
14209,Li28,2949.9
15019,Li28,2950.9
20264,Li28,2951.9
11981,Li28,2956.2
16596,Li28,2957.3
15909,Li28,2958.2000000000003
16033,Li28,2958.8
16545,Li28,2959.1000000000004
23047,Li28,2960.0
17280,Li28,2963.3
14209,Li28,2963.4
53065,Mi1,2963.4
17596,Li28,2963.6
15263,Li28,2964.3
19292,Li28,2964.6000000000004
20264,Li28,2965.4
15019,Li28,2966.2000000000003
11981,Li28,2970.2000000000003
16596,Li28,2972.1
15909,Li28,2972.3
16545,Li28,2972.7000000000003
23047,Li28,2974.7000000000003
16033,Li28,2975.4
14209,Li28,2977.7
17596,Li28,2978.1
19292,Li28,2978.1
17280,Li28,2978.2999999999997
15263,Li28,2979.7000000000003
20264,Li28,2980.3
15019,Li28,2981.2000000000003
53065,Mi1,2981.2000000000003
11981,Li28,2984.8
15909,Li28,2987.0
16545,Li28,2987.2
16596,Li28,2988.0
23047,Li28,2989.1
16033,Li28,2990.5
19292,Li28,2991.7999999999997
17280,Li28,2993.0000000000005
17596,Li28,2993.3
14209,Li28,2994.0
53065,Mi1,2995.3
15263,Li28,2995.6
20264,Li28,2995.6
15019,Li28,2996.6
11981,Li28,3000.3
15909,Li28,3001.9
16596,Li28,3002.2999999999997
23047,Li28,3003.4
16545,Li28,3004.0
16033,Li28,3005.0000000000005
19292,Li28,3007.9
17596,Li28,3008.2
17280,Li28,3009.0000000000005
14209,Li28,3009.2000000000003
20264,Li28,3010.1
15263,Li28,3010.4
15019,Li28,3010.7
53065,Mi1,3010.8
11981,Li28,3015.1000000000004
15909,Li28,3015.6
16596,Li28,3016.7999999999997
23047,Li28,3018.6
16545,Li28,3019.0
16033,Li28,3019.6
17280,Li28,3023.3
19292,Li28,3023.3
14209,Li28,3023.6
17596,Li28,3023.8
15019,Li28,3024.1000000000004
15263,Li28,3024.2
53065,Mi1,3025.2000000000003
20264,Li28,3025.8
11981,Li28,3029.0000000000005
15909,Li28,3029.9
16596,Li28,3031.0
16033,Li28,3032.6
16545,Li28,3033.2000000000003
23047,Li28,3033.6000000000004
17596,Li28,3037.5
17280,Li28,3037.6000000000004
14209,Li28,3037.9
15263,Li28,3038.9
19292,Li28,3039.4
15019,Li28,3039.9
53065,Mi1,3040.1000000000004
20264,Li28,3040.2
11981,Li28,3043.4
16596,Li28,3045.3
15909,Li28,3045.6000000000004
16033,Li28,3046.7
16545,Li28,3048.9
23047,Li28,3049.0
17280,Li28,3051.6
14209,Li28,3052.1000000000004
15263,Li28,3053.3
53065,Mi1,3053.4
17596,Li28,3053.4
20264,Li28,3054.1
15019,Li28,3054.2000000000003
19292,Li28,3055.2000000000003
11981,Li28,3057.6000000000004
16596,Li28,3060.3
15909,Li28,3060.7999999999997
16033,Li28,3062.3
16545,Li28,3063.6
23047,Li28,3064.6
14209,Li28,3065.9
17280,Li28,3066.2000000000003
15263,Li28,3067.7000000000003
17596,Li28,3067.7000000000003
53065,Mi1,3067.7000000000003
15019,Li28,3069.5
20264,Li28,3069.7
19292,Li28,3069.8
11981,Li28,3072.5
15909,Li28,3075.5000000000005
16596,Li28,3075.6
16033,Li28,3077.5
16545,Li28,3079.9
14209,Li28,3080.3
17280,Li28,3081.0
23047,Li28,3081.3
17596,Li28,3082.0000000000005
15019,Li28,3082.9
15263,Li28,3083.2999999999997
53065,Mi1,3083.4
19292,Li28,3083.7000000000003
20264,Li28,3085.2
11981,Li28,3087.4
15909,Li28,3089.5
16596,Li28,3091.6
16033,Li28,3091.7000000000003
23047,Li28,3094.5
17280,Li28,3095.0
14209,Li28,3095.7000000000003
16545,Li28,3096.0
17596,Li28,3096.6
15263,Li28,3097.6000000000004
15019,Li28,3098.4
19292,Li28,3098.9
53065,Mi1,3099.1
20264,Li28,3099.2999999999997
11981,Li28,3100.9
15909,Li28,3104.2
16033,Li28,3106.0000000000005
16596,Li28,3107.0
17280,Li28,3107.9
23047,Li28,3109.0
14209,Li28,3111.4
16545,Li28,3111.5
15019,Li28,3111.8
17596,Li28,3112.0
53065,Mi1,3113.0
19292,Li28,3113.2
20264,Li28,3114.0000000000005
15263,Li28,3114.2000000000003
11981,Li28,3115.5
15909,Li28,3119.7000000000003
16033,Li28,3121.3
17280,Li28,3122.8
16596,Li28,3123.2999999999997
23047,Li28,3124.4
14209,Li28,3124.9
15019,Li28,3125.7000000000003
53065,Mi1,3126.2000000000003
16545,Li28,3126.6000000000004
17596,Li28,3127.9
19292,Li28,3128.4
20264,Li28,3128.5
15263,Li28,3129.0
11981,Li28,3130.1
15909,Li28,3133.8
16033,Li28,3135.9
17280,Li28,3138.2000000000003
16596,Li28,3138.8
23047,Li28,3138.9
14209,Li28,3139.7
53065,Mi1,3140.4
15019,Li28,3140.8
16545,Li28,3142.3
17596,Li28,3142.5
15263,Li28,3142.6000000000004
20264,Li28,3143.1
19292,Li28,3143.2000000000003
11981,Li28,3145.1000000000004
15909,Li28,3148.7000000000003
16033,Li28,3150.1
17280,Li28,3152.6
16596,Li28,3153.2
14209,Li28,3154.4
15019,Li28,3154.8
23047,Li28,3155.5
53065,Mi1,3155.9
15263,Li28,3157.0
16545,Li28,3157.3
17596,Li28,3157.4
19292,Li28,3157.6
20264,Li28,3158.9
11981,Li28,3159.8
15909,Li28,3162.6000000000004
16033,Li28,3165.7999999999997
17280,Li28,3166.7
14209,Li28,3168.4
15019,Li28,3168.9
16596,Li28,3169.6
23047,Li28,3169.9
53065,Mi1,3170.6000000000004
17596,Li28,3171.5
19292,Li28,3171.6
15263,Li28,3171.7
16545,Li28,3172.9
20264,Li28,3174.1
11981,Li28,3175.0
15909,Li28,3177.7999999999997
16033,Li28,3180.5000000000005
17280,Li28,3181.1000000000004
14209,Li28,3182.6000000000004
15019,Li28,3182.8
16596,Li28,3184.3
23047,Li28,3184.6
53065,Mi1,3185.2
19292,Li28,3185.7000000000003
17596,Li28,3185.9
15263,Li28,3186.3
16545,Li28,3186.8
20264,Li28,3188.1
11981,Li28,3190.3
15909,Li28,3191.7
16033,Li28,3195.1
15019,Li28,3197.4
17280,Li28,3197.7000000000003
14209,Li28,3198.0
23047,Li28,3198.0
53065,Mi1,3199.1
16596,Li28,3199.3
15263,Li28,3200.1
19292,Li28,3200.3
17596,Li28,3200.4
16545,Li28,3201.0
20264,Li28,3203.5
11981,Li28,3205.0
15909,Li28,3207.1
15019,Li28,3210.1
16033,Li28,3210.1
17280,Li28,3211.5
23047,Li28,3212.1
14209,Li28,3212.2999999999997
16596,Li28,3213.0
53065,Mi1,3213.2
19292,Li28,3214.5
17596,Li28,3215.6000000000004
16545,Li28,3215.7
15263,Li28,3215.9
20264,Li28,3218.3
11981,Li28,3219.4
15909,Li28,3221.7999999999997
16033,Li28,3224.6
15019,Li28,3224.7000000000003
17280,Li28,3226.4
23047,Li28,3227.6000000000004
16596,Li28,3228.2999999999997
14209,Li28,3228.4
53065,Mi1,3228.5000000000005
19292,Li28,3229.0
17596,Li28,3229.7000000000003
16545,Li28,3229.7999999999997
15263,Li28,3230.8
20264,Li28,3232.2999999999997
11981,Li28,3234.2
15909,Li28,3234.5
15019,Li28,3238.9
16033,Li28,3239.8
14209,Li28,3241.7999999999997
17280,Li28,3241.9
19292,Li28,3242.0
23047,Li28,3242.3
16545,Li28,3243.2000000000003
16596,Li28,3243.2000000000003
17596,Li28,3243.2000000000003
53065,Mi1,3243.9
15263,Li28,3245.9
20264,Li28,3246.2
15909,Li28,3249.2
11981,Li28,3249.6
16033,Li28,3254.7000000000003
14209,Li28,3255.0000000000005
15019,Li28,3255.5
19292,Li28,3255.9
23047,Li28,3256.2999999999997
17280,Li28,3256.4
16545,Li28,3258.0
16596,Li28,3258.3
17596,Li28,3258.4
53065,Mi1,3259.7
15263,Li28,3261.4
20264,Li28,3261.6
11981,Li28,3264.1
15909,Li28,3264.5
14209,Li28,3268.2999999999997
16033,Li28,3269.8
15019,Li28,3270.0
23047,Li28,3270.6
19292,Li28,3271.7
16596,Li28,3272.4
16545,Li28,3272.5
17280,Li28,3272.7
17596,Li28,3273.4
53065,Mi1,3273.8
20264,Li28,3276.4
15263,Li28,3278.0
11981,Li28,3278.4
15909,Li28,3278.9
14209,Li28,3282.1000000000004
16033,Li28,3283.5
15019,Li28,3285.0
19292,Li28,3285.7000000000003
23047,Li28,3285.9
16545,Li28,3286.9
16596,Li28,3287.2000000000003
17280,Li28,3287.3
17596,Li28,3287.5
53065,Mi1,3288.1
20264,Li28,3290.4
11981,Li28,3291.5
15263,Li28,3293.0
15909,Li28,3294.2
14209,Li28,3296.6
16033,Li28,3297.7000000000003
19292,Li28,3299.7
23047,Li28,3299.7
15019,Li28,3299.7
16545,Li28,3302.2
17280,Li28,3302.7999999999997
17596,Li28,3302.7999999999997
16596,Li28,3303.4
53065,Mi1,3303.9
20264,Li28,3304.8
11981,Li28,3306.4
15263,Li28,3308.1
15909,Li28,3308.7
14209,Li28,3312.1
16033,Li28,3312.5
15019,Li28,3314.3
19292,Li28,3315.5
23047,Li28,3315.8
17280,Li28,3316.0
16545,Li28,3317.0
16596,Li28,3317.4
17596,Li28,3317.7000000000003
53065,Mi1,3319.2000000000003
11981,Li28,3320.5
20264,Li28,3321.0
15263,Li28,3321.4
15909,Li28,3322.9
14209,Li28,3327.0
16033,Li28,3327.1
15019,Li28,3329.8
17280,Li28,3329.9
19292,Li28,3331.0
23047,Li28,3331.8
16545,Li28,3332.1
17596,Li28,3332.2000000000003
16596,Li28,3332.4
53065,Mi1,3333.8
20264,Li28,3334.7999999999997
15263,Li28,3334.7999999999997
11981,Li28,3334.9
15909,Li28,3337.3
16033,Li28,3341.1
14209,Li28,3341.3
15019,Li28,3344.7
19292,Li28,3345.2999999999997
17280,Li28,3345.4
23047,Li28,3345.8
17596,Li28,3347.1
16596,Li28,3347.2
53065,Mi1,3347.4
16545,Li28,3348.3
11981,Li28,3348.4
15263,Li28,3349.8
20264,Li28,3351.2
15909,Li28,3352.2000000000003
14209,Li28,3356.0000000000005
16033,Li28,3356.3
17280,Li28,3359.1
23047,Li28,3359.2
15019,Li28,3359.6000000000004
19292,Li28,3360.2000000000003
17596,Li28,3360.9
16596,Li28,3361.2000000000003
11981,Li28,3362.2
53065,Mi1,3362.4
16545,Li28,3363.1
15263,Li28,3364.2000000000003
20264,Li28,3366.0
15909,Li28,3367.1
14209,Li28,3369.1
16033,Li28,3371.9
23047,Li28,3373.2999999999997
15019,Li28,3373.5
17280,Li28,3374.0
17596,Li28,3375.1000000000004
19292,Li28,3375.3
16596,Li28,3375.5
11981,Li28,3376.4
53065,Mi1,3377.2000000000003
16545,Li28,3378.2
15263,Li28,3378.7000000000003
20264,Li28,3380.6000000000004
15909,Li28,3382.0
14209,Li28,3382.4
16033,Li28,3386.9
15019,Li28,3388.0000000000005
23047,Li28,3388.9
17596,Li28,3389.9
17280,Li28,3390.0
19292,Li28,3390.0
16596,Li28,3390.5
11981,Li28,3390.8
53065,Mi1,3392.1
15263,Li28,3393.4
16545,Li28,3393.7000000000003
20264,Li28,3395.3
14209,Li28,3395.9
15909,Li28,3398.8
16033,Li28,3402.0
15019,Li28,3402.4
23047,Li28,3402.8
17280,Li28,3404.3
19292,Li28,3404.5
17596,Li28,3405.0
16596,Li28,3405.1
11981,Li28,3405.8
53065,Mi1,3407.4
15263,Li28,3407.6
16545,Li28,3409.1
20264,Li28,3409.5
14209,Li28,3410.8
15909,Li28,3414.4
15019,Li28,3416.9
16033,Li28,3417.2999999999997
23047,Li28,3417.5
17596,Li28,3418.8
19292,Li28,3418.8
17280,Li28,3418.9
16596,Li28,3419.7000000000003
11981,Li28,3420.7
53065,Mi1,3421.4
15263,Li28,3422.2000000000003
16545,Li28,3423.2
20264,Li28,3424.0000000000005
14209,Li28,3425.5
15909,Li28,3428.2000000000003
23047,Li28,3431.3
15019,Li28,3431.6
16033,Li28,3432.0000000000005
19292,Li28,3432.7
17596,Li28,3433.4
17280,Li28,3434.1000000000004
16596,Li28,3434.3
11981,Li28,3435.2
53065,Mi1,3435.5
15263,Li28,3436.7
16545,Li28,3436.7
20264,Li28,3439.2
14209,Li28,3439.7999999999997
15909,Li28,3442.7000000000003
15019,Li28,3446.5000000000005
23047,Li28,3446.5000000000005
17596,Li28,3447.3
16033,Li28,3447.7000000000003
11981,Li28,3448.4
19292,Li28,3448.6000000000004
17280,Li28,3448.7
16596,Li28,3450.0
16545,Li28,3450.7000000000003
53065,Mi1,3450.9
15263,Li28,3451.7000000000003
20264,Li28,3452.9
14209,Li28,3454.1
15909,Li28,3456.9
15019,Li28,3460.5
19292,Li28,3462.0
23047,Li28,3462.2000000000003
11981,Li28,3462.8
16033,Li28,3463.1000000000004
17596,Li28,3463.1000000000004
17280,Li28,3463.5
16596,Li28,3464.0
53065,Mi1,3466.0
16545,Li28,3466.4
15263,Li28,3466.7000000000003
20264,Li28,3466.8
14209,Li28,3468.8
15909,Li28,3471.6
15019,Li28,3475.5
19292,Li28,3476.2
11981,Li28,3477.2000000000003
23047,Li28,3477.3
17596,Li28,3477.5
16033,Li28,3478.1
17280,Li28,3478.2000000000003
16596,Li28,3480.0
16545,Li28,3480.1
15263,Li28,3481.3
53065,Mi1,3481.8
20264,Li28,3483.1000000000004
14209,Li28,3483.5
15909,Li28,3486.2999999999997
23047,Li28,3491.4
17596,Li28,3491.6
11981,Li28,3491.7999999999997
15019,Li28,3491.7999999999997
19292,Li28,3491.9
17280,Li28,3492.3
16033,Li28,3493.0000000000005
16596,Li28,3494.1
16545,Li28,3495.3
15263,Li28,3496.3
14209,Li28,3497.7
20264,Li28,3497.7
53065,Mi1,3497.7
15909,Li28,3501.2000000000003
17596,Li28,3505.9
15019,Li28,3506.0
23047,Li28,3506.0
11981,Li28,3506.9
19292,Li28,3507.5
16033,Li28,3508.3
16596,Li28,3508.9
17280,Li28,3508.9
16545,Li28,3509.2000000000003
15263,Li28,3511.1000000000004
20264,Li28,3511.7000000000003
14209,Li28,3512.0
53065,Mi1,3513.8
15909,Li28,3516.2
17596,Li28,3520.1000000000004
23047,Li28,3521.2000000000003
15019,Li28,3521.4
11981,Li28,3521.5
19292,Li28,3521.8
16033,Li28,3523.0
16596,Li28,3523.3
17280,Li28,3523.6
16545,Li28,3523.8
14209,Li28,3525.5
15263,Li28,3526.8
20264,Li28,3527.1000000000004
53065,Mi1,3527.1000000000004
15909,Li28,3532.7000000000003
17596,Li28,3534.8
15019,Li28,3535.0
23047,Li28,3535.7000000000003
19292,Li28,3535.9
11981,Li28,3536.0
16545,Li28,3537.9
16033,Li28,3538.1
16596,Li28,3538.2000000000003
17280,Li28,3538.8
14209,Li28,3539.9
53065,Mi1,3540.4
20264,Li28,3540.9
15263,Li28,3542.2000000000003
15909,Li28,3546.8
15019,Li28,3549.5
17596,Li28,3550.1
19292,Li28,3550.1
11981,Li28,3550.9
23047,Li28,3551.1000000000004
16596,Li28,3551.6
16545,Li28,3553.0000000000005
16033,Li28,3553.2000000000003
17280,Li28,3554.4
53065,Mi1,3555.2000000000003
14209,Li28,3555.2000000000003
20264,Li28,3555.5000000000005
15263,Li28,3557.4
15909,Li28,3560.4
23047,Li28,3564.5
15019,Li28,3564.6
17596,Li28,3565.4
19292,Li28,3565.4
11981,Li28,3565.5
16596,Li28,3566.2999999999997
16545,Li28,3567.0
16033,Li28,3568.2
53065,Mi1,3569.6000000000004
17280,Li28,3569.7
14209,Li28,3569.8
20264,Li28,3570.2000000000003
15263,Li28,3570.9
15909,Li28,3574.0
23047,Li28,3578.9
15019,Li28,3579.9
17596,Li28,3579.9
19292,Li28,3580.0
11981,Li28,3580.9
16596,Li28,3581.2000000000003
16033,Li28,3582.1
16545,Li28,3582.1
14209,Li28,3584.1000000000004
53065,Mi1,3584.1000000000004
17280,Li28,3584.4
15263,Li28,3585.1
20264,Li28,3585.3
15909,Li28,3587.5000000000005
19292,Li28,3594.1
23047,Li28,3594.2000000000003
17596,Li28,3594.4
15019,Li28,3594.6000000000004
11981,Li28,3595.1
16596,Li28,3595.9
16033,Li28,3596.4
16545,Li28,3596.7999999999997
14209,Li28,3598.4
53065,Mi1,3598.6000000000004
17280,Li28,3599.1
20264,Li28,3600.6
15263,Li28,3600.7000000000003
15909,Li28,3603.4
23047,Li28,3608.4
15019,Li28,3609.7000000000003
16596,Li28,3609.9
11981,Li28,3610.1
17596,Li28,3610.1
19292,Li28,3610.2000000000003
16033,Li28,3610.4
16545,Li28,3612.2
14209,Li28,3613.6000000000004
53065,Mi1,3613.6000000000004
20264,Li28,3614.5
17280,Li28,3615.2999999999997
15263,Li28,3615.2999999999997
15909,Li28,3618.0000000000005
23047,Li28,3622.8
16596,Li28,3624.0
19292,Li28,3624.3
15019,Li28,3624.6
11981,Li28,3624.7000000000003
17596,Li28,3625.0
16033,Li28,3625.1
16545,Li28,3625.9
20264,Li28,3627.9
53065,Mi1,3628.1000000000004
14209,Li28,3629.0
15263,Li28,3629.7000000000003
17280,Li28,3630.8
15909,Li28,3633.2
19292,Li28,3637.3
16596,Li28,3637.5
23047,Li28,3637.5
15019,Li28,3638.8
17596,Li28,3639.6
16033,Li28,3639.8
11981,Li28,3640.0
16545,Li28,3640.9
53065,Mi1,3642.7
14209,Li28,3642.8
20264,Li28,3644.7000000000003
17280,Li28,3645.3
15263,Li28,3645.4
15909,Li28,3647.6
16596,Li28,3651.5
23047,Li28,3652.0
19292,Li28,3652.4
15019,Li28,3653.1000000000004
11981,Li28,3653.3
16033,Li28,3654.3
17596,Li28,3655.2000000000003
16545,Li28,3656.9
14209,Li28,3657.2
53065,Mi1,3658.1
20264,Li28,3658.4
15263,Li28,3659.2999999999997
17280,Li28,3661.5
15909,Li28,3662.6000000000004
16596,Li28,3666.2000000000003
23047,Li28,3667.2999999999997
15019,Li28,3667.6
19292,Li28,3668.0
11981,Li28,3668.2000000000003
16033,Li28,3669.2
17596,Li28,3670.3
14209,Li28,3670.8
16545,Li28,3672.4
53065,Mi1,3672.9
20264,Li28,3673.2
15263,Li28,3674.8
15909,Li28,3675.2999999999997
17280,Li28,3676.2000000000003
16596,Li28,3680.1000000000004
23047,Li28,3681.7000000000003
11981,Li28,3682.2000000000003
15019,Li28,3682.2000000000003
19292,Li28,3682.4
17596,Li28,3684.5000000000005
16033,Li28,3684.6
14209,Li28,3686.9
20264,Li28,3687.6
16545,Li28,3687.8
53065,Mi1,3688.2000000000003
15263,Li28,3689.3
17280,Li28,3690.1
15909,Li28,3690.5
16596,Li28,3694.0000000000005
11981,Li28,3695.2000000000003
23047,Li28,3696.2000000000003
19292,Li28,3697.5
15019,Li28,3697.9
16033,Li28,3699.2000000000003
17596,Li28,3699.4
14209,Li28,3701.4
53065,Mi1,3702.4
20264,Li28,3702.9
15263,Li28,3703.3
16545,Li28,3703.6000000000004
15909,Li28,3704.8
17280,Li28,3705.4
16596,Li28,3708.0
11981,Li28,3710.4
23047,Li28,3710.8
19292,Li28,3712.1000000000004
16033,Li28,3713.2
15019,Li28,3713.7000000000003
17596,Li28,3714.3
53065,Mi1,3715.9
14209,Li28,3716.3
20264,Li28,3716.9
15263,Li28,3718.1
16545,Li28,3718.3
15909,Li28,3720.8
17280,Li28,3721.1000000000004
16596,Li28,3722.5
11981,Li28,3724.8
23047,Li28,3725.1000000000004
19292,Li28,3727.2000000000003
15019,Li28,3727.5
16033,Li28,3728.6
17596,Li28,3729.2
53065,Mi1,3730.0
14209,Li28,3730.4
15263,Li28,3731.2000000000003
20264,Li28,3731.6000000000004
16545,Li28,3734.2
15909,Li28,3735.2000000000003
17280,Li28,3736.7000000000003
16596,Li28,3737.2
23047,Li28,3738.5
11981,Li28,3739.7
15019,Li28,3741.4
19292,Li28,3741.9
16033,Li28,3743.1
17596,Li28,3744.0
53065,Mi1,3745.2
14209,Li28,3745.3
15263,Li28,3745.5
20264,Li28,3747.5
16545,Li28,3748.4
15909,Li28,3749.9
16596,Li28,3752.2999999999997
23047,Li28,3752.2999999999997
11981,Li28,3752.6
17280,Li28,3753.0
15019,Li28,3755.8
19292,Li28,3756.5000000000005
16033,Li28,3756.6
17596,Li28,3758.3
53065,Mi1,3759.4
14209,Li28,3760.0
15263,Li28,3760.1
20264,Li28,3761.7999999999997
16545,Li28,3762.5
15909,Li28,3764.1
23047,Li28,3766.7000000000003
16596,Li28,3766.8
11981,Li28,3767.1
17280,Li28,3768.1
15019,Li28,3770.8
19292,Li28,3771.5
16033,Li28,3772.2000000000003
53065,Mi1,3774.0
17596,Li28,3774.2
14209,Li28,3774.9
15263,Li28,3775.3
20264,Li28,3777.4
16545,Li28,3777.5
15909,Li28,3779.3
23047,Li28,3780.7000000000003
11981,Li28,3782.1000000000004
16596,Li28,3782.1000000000004
17280,Li28,3782.5
15019,Li28,3785.6
19292,Li28,3786.0
16033,Li28,3787.1
53065,Mi1,3787.2000000000003
17596,Li28,3789.9
15263,Li28,3790.2
14209,Li28,3790.4
20264,Li28,3791.3
16545,Li28,3792.7
15909,Li28,3793.6
16596,Li28,3796.0
23047,Li28,3796.1
11981,Li28,3797.0
17280,Li28,3798.6
15019,Li28,3799.4
19292,Li28,3800.7
16033,Li28,3801.7000000000003
53065,Mi1,3801.9
15263,Li28,3804.2999999999997
14209,Li28,3804.6
16545,Li28,3806.6
20264,Li28,3807.1
17596,Li28,3807.5
15909,Li28,3808.2000000000003
16596,Li28,3810.1000000000004
23047,Li28,3810.7000000000003
11981,Li28,3812.6
17280,Li28,3813.0
15019,Li28,3813.4
19292,Li28,3815.7
16033,Li28,3816.2999999999997
53065,Mi1,3816.8
15263,Li28,3818.7999999999997
14209,Li28,3819.2000000000003
16545,Li28,3821.3
15909,Li28,3821.6
20264,Li28,3821.6
17596,Li28,3821.8
16596,Li28,3824.4
23047,Li28,3824.5
15019,Li28,3827.9
17280,Li28,3828.0
11981,Li28,3828.4
19292,Li28,3829.6
53065,Mi1,3831.2000000000003
16033,Li28,3831.4
34057,Mi1,3832.0
35405,Mi1,3832.4
15263,Li28,3833.0
14209,Li28,3834.1000000000004
16545,Li28,3835.4
15909,Li28,3836.5
17596,Li28,3836.7
20264,Li28,3836.8
34849,Mi1,3837.9
16596,Li28,3839.3
23047,Li28,3840.2000000000003
17280,Li28,3841.9
15019,Li28,3842.9
11981,Li28,3843.2000000000003
19292,Li28,3844.4
36252,Mi1,3844.6000000000004
53065,Mi1,3845.2000000000003
16033,Li28,3845.5000000000005
15263,Li28,3847.1
16545,Li28,3849.3
14209,Li28,3849.6
20264,Li28,3850.5
15909,Li28,3850.7000000000003
17596,Li28,3851.3
16596,Li28,3855.0
23047,Li28,3855.6000000000004
17280,Li28,3855.9
15019,Li28,3856.4
19292,Li28,3858.1000000000004
11981,Li28,3858.1000000000004
53065,Mi1,3860.0000000000005
15263,Li28,3860.7
16033,Li28,3861.3
35405,Mi1,3862.4
16545,Li28,3863.5
14209,Li28,3864.7
17596,Li28,3864.8
15909,Li28,3865.6
20264,Li28,3865.6
34849,Mi1,3869.5000000000005
23047,Li28,3871.0
16596,Li28,3871.1
19292,Li28,3871.5
34057,Mi1,3872.0000000000005
17280,Li28,3872.1
15019,Li28,3872.2000000000003
11981,Li28,3874.2
53065,Mi1,3874.7999999999997
36252,Mi1,3875.5
15263,Li28,3876.0000000000005
16033,Li28,3876.3
17596,Li28,3877.9
16545,Li28,3879.1
20264,Li28,3879.7000000000003
14209,Li28,3880.3
15909,Li28,3880.4
23047,Li28,3884.8
35405,Mi1,3885.6
16596,Li28,3886.2
19292,Li28,3887.2
17280,Li28,3887.7000000000003
11981,Li28,3888.1
15019,Li28,3888.1
53065,Mi1,3889.0
15263,Li28,3889.9
16033,Li28,3890.1000000000004
17596,Li28,3893.4
20264,Li28,3893.4
14209,Li28,3894.9
16545,Li28,3895.2
34849,Mi1,3895.2
15909,Li28,3895.8
34057,Mi1,3896.0000000000005
36252,Mi1,3896.3
23047,Li28,3898.7000000000003
19292,Li28,3901.1
11981,Li28,3901.4
16596,Li28,3901.5
15019,Li28,3901.6
17280,Li28,3902.1000000000004
53065,Mi1,3902.7000000000003
15263,Li28,3904.1
16033,Li28,3905.2000000000003
35405,Mi1,3907.6000000000004
20264,Li28,3908.0000000000005
17596,Li28,3909.0
14209,Li28,3909.9
15909,Li28,3910.4
16545,Li28,3910.6
23047,Li28,3913.8
34849,Mi1,3915.3
19292,Li28,3915.5
15019,Li28,3916.0000000000005
53065,Mi1,3916.2000000000003
36252,Mi1,3916.8
11981,Li28,3916.9
16596,Li28,3917.0
17280,Li28,3917.5
34057,Mi1,3918.3
15263,Li28,3919.6
16033,Li28,3920.2000000000003
20264,Li28,3921.7000000000003
17596,Li28,3924.0000000000005
16545,Li28,3924.8
15909,Li28,3925.0
14209,Li28,3925.2999999999997
23047,Li28,3927.3
35405,Mi1,3928.3
15019,Li28,3930.1000000000004
19292,Li28,3930.3
53065,Mi1,3930.9
17280,Li28,3931.2
11981,Li28,3931.3
16596,Li28,3933.1
34849,Mi1,3934.0
16033,Li28,3934.3
20264,Li28,3934.7000000000003
15263,Li28,3935.0
36252,Mi1,3935.2
34057,Mi1,3937.7
16545,Li28,3938.3
17596,Li28,3938.9
15909,Li28,3940.1
14209,Li28,3940.7
23047,Li28,3942.3
35405,Mi1,3943.6
53065,Mi1,3944.6000000000004
19292,Li28,3944.8
11981,Li28,3945.5
15019,Li28,3945.6
17280,Li28,3946.2000000000003
16596,Li28,3947.7999999999997
20264,Li28,3948.8
16033,Li28,3950.0
34849,Mi1,3950.2000000000003
15263,Li28,3950.9
36252,Mi1,3952.2000000000003
17596,Li28,3953.4
14209,Li28,3954.4
16545,Li28,3954.5000000000005
15909,Li28,3954.6
34057,Mi1,3955.0
23047,Li28,3959.0
53065,Mi1,3959.0
35405,Mi1,3959.2
19292,Li28,3959.7000000000003
11981,Li28,3960.7
15019,Li28,3960.8
16596,Li28,3962.0
17280,Li28,3962.5000000000005
20264,Li28,3963.7000000000003
16033,Li28,3964.5
15263,Li28,3965.0
34849,Mi1,3966.5000000000005
14209,Li28,3967.7000000000003
16545,Li28,3968.3
17596,Li28,3968.6000000000004
36252,Mi1,3969.0
15909,Li28,3969.1
34057,Mi1,3971.0
23047,Li28,3973.4
53065,Mi1,3973.8
35405,Mi1,3974.4
19292,Li28,3975.2
11981,Li28,3975.9
16596,Li28,3977.0000000000005
17280,Li28,3977.2000000000003
15019,Li28,3977.5
20264,Li28,3978.1
16033,Li28,3978.5000000000005
15263,Li28,3979.5
34849,Mi1,3981.8
17596,Li28,3982.3
14209,Li28,3982.7000000000003
16545,Li28,3983.3
36252,Mi1,3984.7000000000003
15909,Li28,3986.3
34057,Mi1,3986.6
11981,Li28,3988.2000000000003
23047,Li28,3988.4
53065,Mi1,3989.5
19292,Li28,3989.5
35405,Mi1,3989.9
15019,Li28,3991.9
17280,Li28,3992.2
20264,Li28,3992.2
16596,Li28,3993.3
16033,Li28,3993.7
15263,Li28,3994.5000000000005
16545,Li28,3997.4
17596,Li28,3997.4
34849,Mi1,3997.6000000000004
14209,Li28,3998.1
15909,Li28,4000.3
34057,Mi1,4001.9
36252,Mi1,4001.9
11981,Li28,4003.4
19292,Li28,4003.7999999999997
23047,Li28,4003.8999999999996
53065,Mi1,4004.2999999999997
15019,Li28,4006.4
35405,Mi1,4006.7000000000003
20264,Li28,4006.8999999999996
17280,Li28,4007.1000000000004
16596,Li28,4007.4000000000005
15263,Li28,4007.8
16033,Li28,4010.5000000000005
16545,Li28,4010.8000000000006
17596,Li28,4012.7000000000007
34849,Mi1,4013.1000000000004
14209,Li28,4013.2000000000003
15909,Li28,4016.0
36252,Mi1,4016.7999999999997
11981,Li28,4017.2
34057,Mi1,4017.9999999999995
19292,Li28,4018.1000000000004
53065,Mi1,4018.2000000000003
23047,Li28,4019.7000000000003
20264,Li28,4021.5000000000005
15019,Li28,4022.1
16596,Li28,4022.1
17280,Li28,4022.2
15263,Li28,4022.4
35405,Mi1,4023.6
16545,Li28,4024.7999999999997
16033,Li28,4024.9000000000005
17596,Li28,4026.2999999999997
14209,Li28,4027.6000000000004
34849,Mi1,4029.7999999999997
15909,Li28,4032.2000000000003
53065,Mi1,4032.7999999999997
11981,Li28,4033.0000000000005
36252,Mi1,4033.2
19292,Li28,4033.9
34057,Mi1,4033.9
23047,Li28,4034.6
16596,Li28,4036.0000000000005
15019,Li28,4036.2999999999997
17280,Li28,4036.8
20264,Li28,4037.0
35405,Mi1,4037.9000000000005
15263,Li28,4038.2
16033,Li28,4038.8999999999996
16545,Li28,4039.1000000000004
17596,Li28,4041.8
14209,Li28,4042.8000000000006
34849,Mi1,4046.1
15909,Li28,4046.3
19292,Li28,4047.8000000000006
11981,Li28,4048.6000000000004
53065,Mi1,4048.6000000000004
36252,Mi1,4050.1000000000004
34057,Mi1,4050.1000000000004
23047,Li28,4050.2999999999997
16596,Li28,4050.5000000000005
15019,Li28,4051.6000000000004
17280,Li28,4051.8
20264,Li28,4051.8999999999996
15263,Li28,4052.7000000000007
35405,Mi1,4053.1000000000004
16033,Li28,4053.2000000000003
16545,Li28,4053.3
14209,Li28,4056.7999999999997
17596,Li28,4057.6
15909,Li28,4060.5
34849,Mi1,4061.7
11981,Li28,4063.8000000000006
19292,Li28,4064.0
53065,Mi1,4064.1
34057,Mi1,4065.2
16596,Li28,4065.5
23047,Li28,4065.6
36252,Mi1,4065.6
17280,Li28,4065.9
20264,Li28,4066.6
15019,Li28,4066.8000000000006
15263,Li28,4067.8
16545,Li28,4068.7
16033,Li28,4069.1000000000004
35405,Mi1,4069.1000000000004
17596,Li28,4072.1
14209,Li28,4072.3
15909,Li28,4075.0
34849,Mi1,4077.1000000000004
19292,Li28,4078.8
11981,Li28,4079.2000000000003
53065,Mi1,4079.4000000000005
17280,Li28,4079.8000000000006
16596,Li28,4080.2000000000003
20264,Li28,4080.7999999999997
36252,Mi1,4081.1
23047,Li28,4081.3000000000006
34057,Mi1,4081.3000000000006
15019,Li28,4081.4
15263,Li28,4081.5
35405,Mi1,4083.5
16545,Li28,4084.0000000000005
16033,Li28,4084.2999999999997
17596,Li28,4086.3
14209,Li28,4087.6
15909,Li28,4090.1000000000004
34849,Mi1,4091.3
17280,Li28,4094.0
11981,Li28,4094.3000000000006
53065,Mi1,4094.3000000000006
19292,Li28,4094.9
16596,Li28,4095.0000000000005
15263,Li28,4095.1000000000004
20264,Li28,4095.2999999999997
36252,Mi1,4095.8000000000006
23047,Li28,4096.6
15019,Li28,4096.7
34057,Mi1,4097.1
16033,Li28,4097.700000000001
35405,Mi1,4098.7
16545,Li28,4100.2
17596,Li28,4101.3
14209,Li28,4101.900000000001
15909,Li28,4104.7
34849,Mi1,4105.599999999999
17280,Li28,4108.0
11981,Li28,4108.400000000001
53065,Mi1,4108.7
16596,Li28,4109.0
15019,Li28,4109.4
20264,Li28,4109.8
36252,Mi1,4109.8
23047,Li28,4110.1
19292,Li28,4110.2
15263,Li28,4110.599999999999
16033,Li28,4112.0
34057,Mi1,4112.0
35405,Mi1,4113.0
16545,Li28,4115.5
14209,Li28,4115.8
17596,Li28,4116.8
15909,Li28,4119.2
34849,Mi1,4121.400000000001
17280,Li28,4123.0
15019,Li28,4123.5
11981,Li28,4123.700000000001
23047,Li28,4124.000000000001
53065,Mi1,4124.1
16596,Li28,4124.2
36252,Mi1,4124.7
19292,Li28,4124.7
20264,Li28,4125.8
15263,Li28,4126.0
34057,Mi1,4127.0
16033,Li28,4127.3
35405,Mi1,4127.900000000001
16545,Li28,4129.8
14209,Li28,4130.2
17596,Li28,4131.2
15909,Li28,4134.700000000001
34849,Mi1,4137.1
17280,Li28,4137.299999999999
15019,Li28,4137.299999999999
23047,Li28,4137.700000000001
11981,Li28,4137.8
16596,Li28,4137.9
53065,Mi1,4139.2
20264,Li28,4139.3
36252,Mi1,4139.700000000001
19292,Li28,4139.8
34057,Mi1,4140.6
16033,Li28,4141.3
15263,Li28,4141.6
35405,Mi1,4144.5
16545,Li28,4145.1
14209,Li28,4145.2
17596,Li28,4145.8
15909,Li28,4149.4
17280,Li28,4151.5
15019,Li28,4151.900000000001
11981,Li28,4152.4
16596,Li28,4152.5
34849,Mi1,4152.7
23047,Li28,4153.0
36252,Mi1,4153.400000000001
53065,Mi1,4153.700000000001
20264,Li28,4153.9
19292,Li28,4155.0
16033,Li28,4155.5
34057,Mi1,4155.8
15263,Li28,4156.2
14209,Li28,4159.0
35405,Mi1,4159.0
16545,Li28,4160.200000000001
17596,Li28,4160.200000000001
15909,Li28,4163.9
17280,Li28,4165.099999999999
11981,Li28,4167.3
15019,Li28,4167.4
16596,Li28,4167.4
23047,Li28,4167.4
34849,Mi1,4168.0
53065,Mi1,4168.0
36252,Mi1,4168.200000000001
15263,Li28,4170.2
20264,Li28,4170.2
19292,Li28,4170.8
34057,Mi1,4171.400000000001
16033,Li28,4171.9
14209,Li28,4172.6
35405,Mi1,4173.8
17596,Li28,4174.1
16545,Li28,4174.9
17280,Li28,4179.400000000001
15909,Li28,4179.5
11981,Li28,4182.0
23047,Li28,4182.0
15019,Li28,4182.1
36252,Mi1,4182.3
16596,Li28,4182.599999999999
53065,Mi1,4182.8
34849,Mi1,4184.7
15263,Li28,4185.5
19292,Li28,4185.5
20264,Li28,4186.1
14209,Li28,4186.500000000001
34057,Mi1,4186.500000000001
16033,Li28,4187.400000000001
35405,Mi1,4188.3
17596,Li28,4189.8
16545,Li28,4190.1
17280,Li28,4192.8
15909,Li28,4195.1
15019,Li28,4195.700000000001
36252,Mi1,4196.1
11981,Li28,4196.400000000001
23047,Li28,4196.5
53065,Mi1,4196.8
16596,Li28,4197.6
15263,Li28,4200.099999999999
34849,Mi1,4200.200000000001
20264,Li28,4200.3
34057,Mi1,4200.8
19292,Li28,4201.1
14209,Li28,4201.1
16033,Li28,4202.3
35405,Mi1,4202.6
17596,Li28,4204.8
16545,Li28,4205.099999999999
17280,Li28,4208.6
15909,Li28,4208.7
36252,Mi1,4210.500000000001
15019,Li28,4211.2
16596,Li28,4211.2
53065,Mi1,4211.700000000001
23047,Li28,4211.9
11981,Li28,4211.9
20264,Li28,4214.400000000001
14209,Li28,4215.3
34849,Mi1,4215.3
19292,Li28,4215.4
34057,Mi1,4215.6
15263,Li28,4215.900000000001
16033,Li28,4217.0
35405,Mi1,4218.4
17596,Li28,4219.1
16545,Li28,4220.2
17280,Li28,4222.400000000001
15909,Li28,4223.7
23047,Li28,4226.0
36252,Mi1,4226.3
15019,Li28,4226.900000000001
11981,Li28,4227.0
53065,Mi1,4227.0
16596,Li28,4227.8
20264,Li28,4227.8
14209,Li28,4227.9
19292,Li28,4229.3
34057,Mi1,4230.0
34849,Mi1,4230.400000000001
15263,Li28,4231.0
16033,Li28,4232.7
17596,Li28,4233.7
35405,Mi1,4233.8
16545,Li28,4235.400000000001
17280,Li28,4237.099999999999
15909,Li28,4239.3
36252,Mi1,4240.6
23047,Li28,4241.000000000001
15019,Li28,4241.7
14209,Li28,4241.8
53065,Mi1,4242.0
16596,Li28,4242.500000000001
20264,Li28,4243.0
11981,Li28,4243.2
19292,Li28,4244.400000000001
34057,Mi1,4244.900000000001
15263,Li28,4245.099999999999
34849,Mi1,4246.700000000001
35405,Mi1,4247.900000000001
16033,Li28,4248.8
17596,Li28,4249.000000000001
16545,Li28,4249.2
17280,Li28,4251.400000000001
71052,T2a,4252.6
15909,Li28,4254.1
36252,Mi1,4255.4
14209,Li28,4255.5
23047,Li28,4255.799999999999
53065,Mi1,4256.2
16596,Li28,4256.5
15019,Li28,4256.6
20264,Li28,4258.0
34057,Mi1,4258.3
11981,Li28,4259.1
15263,Li28,4260.0
19292,Li28,4260.2
34849,Mi1,4260.7
17596,Li28,4262.5
35405,Mi1,4263.2
16545,Li28,4263.900000000001
16033,Li28,4265.2
17280,Li28,4266.4
15909,Li28,4269.7
36252,Mi1,4270.1
15019,Li28,4270.5
14209,Li28,4270.9
23047,Li28,4271.1
53065,Mi1,4271.2
16596,Li28,4271.6
11981,Li28,4272.9
20264,Li28,4272.9
34057,Mi1,4274.3
34849,Mi1,4275.400000000001
15263,Li28,4275.8
19292,Li28,4276.0
35405,Mi1,4277.3
17596,Li28,4277.3
16033,Li28,4279.5
16545,Li28,4279.7
17280,Li28,4280.6
15019,Li28,4284.4
23047,Li28,4284.900000000001
36252,Mi1,4285.099999999999
14209,Li28,4285.5
15909,Li28,4285.5
53065,Mi1,4285.6
16596,Li28,4285.9
20264,Li28,4287.6
11981,Li28,4287.8
34057,Mi1,4288.5
19292,Li28,4290.4
34849,Mi1,4290.7
15263,Li28,4291.1
17596,Li28,4291.9
35405,Mi1,4292.5
16033,Li28,4294.2
17280,Li28,4294.9
16545,Li28,4295.3
15019,Li28,4298.8
15909,Li28,4299.2
53065,Mi1,4299.700000000001
23047,Li28,4300.3
14209,Li28,4300.8
16596,Li28,4301.3
20264,Li28,4301.6
11981,Li28,4302.299999999999
36252,Mi1,4302.299999999999
34057,Mi1,4302.9
34849,Mi1,4305.2
15263,Li28,4306.099999999999
19292,Li28,4306.7
17596,Li28,4306.900000000001
35405,Mi1,4307.400000000001
16033,Li28,4308.2
16545,Li28,4309.7
17280,Li28,4310.299999999999
15019,Li28,4313.1
53065,Mi1,4314.3
15909,Li28,4314.4
14209,Li28,4314.900000000001
23047,Li28,4316.3
20264,Li28,4316.8
16596,Li28,4316.8
34057,Mi1,4317.0
36252,Mi1,4317.0
11981,Li28,4317.8
15263,Li28,4320.9
19292,Li28,4321.2
34849,Mi1,4321.3
17596,Li28,4321.900000000001
35405,Mi1,4322.5
16033,Li28,4322.900000000001
16545,Li28,4325.099999999999
17280,Li28,4325.5
15019,Li28,4328.2
53065,Mi1,4329.3
14209,Li28,4330.3
15909,Li28,4330.3
23047,Li28,4331.2
36252,Mi1,4331.700000000001
16596,Li28,4332.0
11981,Li28,4332.1
20264,Li28,4332.2
34057,Mi1,4332.4
15263,Li28,4335.1
34849,Mi1,4335.4
17596,Li28,4336.5
19292,Li28,4336.700000000001
35405,Mi1,4337.2
16033,Li28,4337.400000000001
17280,Li28,4339.9
16545,Li28,4341.0
15019,Li28,4342.8
53065,Mi1,4342.900000000001
15909,Li28,4344.5
14209,Li28,4345.000000000001
36252,Mi1,4345.6
11981,Li28,4346.200000000001
20264,Li28,4346.4
16596,Li28,4346.6
23047,Li28,4346.6
34057,Mi1,4347.3
15263,Li28,4349.9
34849,Mi1,4350.7
16033,Li28,4351.1
19292,Li28,4351.500000000001
17596,Li28,4351.8
35405,Mi1,4351.900000000001
16545,Li28,4355.599999999999
17280,Li28,4356.0
15019,Li28,4357.0
53065,Mi1,4357.0
15909,Li28,4359.3
20264,Li28,4360.3
23047,Li28,4360.700000000001
14209,Li28,4360.9
16596,Li28,4360.9
11981,Li28,4361.3
36252,Mi1,4361.6
34057,Mi1,4361.900000000001
15263,Li28,4363.9
34849,Mi1,4365.099999999999
16033,Li28,4365.7
17596,Li28,4366.3
19292,Li28,4366.400000000001
35405,Mi1,4367.3
17280,Li28,4370.4
16545,Li28,4371.2
15019,Li28,4371.3
53065,Mi1,4372.4
15909,Li28,4373.4
23047,Li28,4374.900000000001
16596,Li28,4375.500000000001
14209,Li28,4375.6
11981,Li28,4375.8
20264,Li28,4376.3
34057,Mi1,4376.599999999999
36252,Mi1,4376.9
15263,Li28,4378.7
34849,Mi1,4380.0
35405,Mi1,4380.2
19292,Li28,4380.6
16033,Li28,4380.7
17596,Li28,4381.200000000001
17280,Li28,4385.3
15019,Li28,4385.5
16545,Li28,4386.0
53065,Mi1,4387.2
15909,Li28,4388.4
23047,Li28,4388.6
16596,Li28,4389.5
11981,Li28,4390.2
34057,Mi1,4390.3
14209,Li28,4390.400000000001
20264,Li28,4390.8
36252,Mi1,4391.0
34849,Mi1,4393.400000000001
15263,Li28,4394.099999999999
19292,Li28,4394.3
16033,Li28,4395.0
35405,Mi1,4395.2
17596,Li28,4395.400000000001
15019,Li28,4399.8
17280,Li28,4399.8
16545,Li28,4400.1
53065,Mi1,4400.3
15909,Li28,4402.7
16596,Li28,4403.700000000001
11981,Li28,4403.8
14209,Li28,4404.1
36252,Mi1,4404.4
23047,Li28,4405.1
20264,Li28,4405.2
34057,Mi1,4405.700000000001
19292,Li28,4408.2
17596,Li28,4408.5
34849,Mi1,4408.5
35405,Mi1,4409.6
15263,Li28,4410.099999999999
16033,Li28,4410.3
17280,Li28,4413.5
15019,Li28,4414.000000000001
16545,Li28,4415.200000000001
53065,Mi1,4415.6
15909,Li28,4417.4
16596,Li28,4417.4
36252,Mi1,4417.8
11981,Li28,4418.4
14209,Li28,4419.0
23047,Li28,4419.5
20264,Li28,4420.5
34057,Mi1,4422.000000000001
19292,Li28,4422.5
34849,Mi1,4423.7
15263,Li28,4423.900000000001
17596,Li28,4424.400000000001
16033,Li28,4424.9
35405,Mi1,4425.8
15019,Li28,4428.4
17280,Li28,4428.8
53065,Mi1,4430.400000000001
16545,Li28,4430.900000000001
16596,Li28,4431.4
11981,Li28,4432.5
15909,Li28,4432.700000000001
36252,Mi1,4432.8
14209,Li28,4433.900000000001
23047,Li28,4434.099999999999
20264,Li28,4436.200000000001
34057,Mi1,4436.8
19292,Li28,4437.5
34849,Mi1,4437.6
15263,Li28,4438.8
35405,Mi1,4440.0
17596,Li28,4440.2
16033,Li28,4440.5
15019,Li28,4441.1
17280,Li28,4442.9
53065,Mi1,4444.7
16596,Li28,4445.9
36252,Mi1,4446.000000000001
16545,Li28,4446.1
15909,Li28,4446.8
14209,Li28,4448.3
11981,Li28,4448.400000000001
23047,Li28,4449.3
34057,Mi1,4451.599999999999
34849,Mi1,4452.0
20264,Li28,4452.3
19292,Li28,4453.0
15263,Li28,4454.400000000001
15019,Li28,4454.7
16033,Li28,4455.0
35405,Mi1,4455.5
17596,Li28,4455.6
17280,Li28,4457.0
36252,Mi1,4459.900000000001
53065,Mi1,4460.1
16545,Li28,4461.1
15909,Li28,4461.700000000001
16596,Li28,4461.8
23047,Li28,4462.400000000001
14209,Li28,4462.5
11981,Li28,4463.6
34849,Mi1,4467.6
20264,Li28,4467.7
15263,Li28,4467.900000000001
19292,Li28,4468.500000000001
34057,Mi1,4468.7
35405,Mi1,4469.700000000001
15019,Li28,4469.700000000001
17596,Li28,4470.5
16033,Li28,4470.8
17280,Li28,4472.1
36252,Mi1,4474.5
15909,Li28,4476.1
53065,Mi1,4476.1
14209,Li28,4477.1
16545,Li28,4477.2
16596,Li28,4477.3
23047,Li28,4478.1
11981,Li28,4478.3
34849,Mi1,4481.2
19292,Li28,4481.900000000001
15263,Li28,4482.0
20264,Li28,4482.200000000001
34057,Mi1,4483.1
15019,Li28,4484.7
35405,Mi1,4485.2
16033,Li28,4485.5
17596,Li28,4486.2
17280,Li28,4487.5
33907,Mi1,4488.2
36252,Mi1,4490.0
53065,Mi1,4490.6
15909,Li28,4490.9
11981,Li28,4491.400000000001
16545,Li28,4492.1
23047,Li28,4492.6
16596,Li28,4492.7
14209,Li28,4493.0
35498,Mi1,4493.5
34849,Mi1,4495.8
15263,Li28,4496.5
33462,Mi1,4496.700000000001
20264,Li28,4497.2
19292,Li28,4497.6
34057,Mi1,4498.3
16033,Li28,4500.3
15019,Li28,4500.4
17596,Li28,4500.500000000001
51122,Mi1,4500.6
35405,Mi1,4500.8
17280,Li28,4502.7
36252,Mi1,4504.2
53065,Mi1,4504.9
16545,Li28,4505.0
23047,Li28,4505.6
15909,Li28,4506.200000000001
16596,Li28,4507.2
11981,Li28,4507.400000000001
14209,Li28,4509.3
20264,Li28,4511.0
15263,Li28,4511.099999999999
34849,Mi1,4511.200000000001
19292,Li28,4511.6
34057,Mi1,4511.9
15019,Li28,4514.200000000001
16033,Li28,4514.8
35405,Mi1,4515.3
17596,Li28,4515.5
33907,Mi1,4516.8
36252,Mi1,4517.8
17280,Li28,4519.0
53065,Mi1,4519.3
15909,Li28,4520.1
16545,Li28,4520.400000000001
23047,Li28,4520.5
11981,Li28,4520.9
35498,Mi1,4521.799999999999
16596,Li28,4523.5
14209,Li28,4523.8
33462,Mi1,4524.3
19292,Li28,4525.3
34849,Mi1,4525.700000000001
20264,Li28,4526.0
34057,Mi1,4526.2
15263,Li28,4526.6
16033,Li28,4529.4
15019,Li28,4529.7
35405,Mi1,4529.900000000001
71052,T2a,4530.400000000001
17596,Li28,4530.6
36252,Mi1,4532.7
53065,Mi1,4532.8
17280,Li28,4533.3
51122,Mi1,4533.8
16545,Li28,4533.9
15909,Li28,4534.3
23047,Li28,4534.5
11981,Li28,4536.8
16596,Li28,4538.1
14209,Li28,4538.3
34849,Mi1,4539.7
20264,Li28,4540.0
34057,Mi1,4540.6
19292,Li28,4540.8
33907,Mi1,4541.0
15263,Li28,4541.400000000001
16033,Li28,4543.6
15019,Li28,4544.299999999999
35405,Mi1,4545.3
17596,Li28,4546.1
36252,Mi1,4546.5
33462,Mi1,4546.6
53065,Mi1,4547.7
17280,Li28,4547.8
35498,Mi1,4547.900000000001
16545,Li28,4548.7
23047,Li28,4548.8
15909,Li28,4549.3
11981,Li28,4552.2
16596,Li28,4552.599999999999
14209,Li28,4552.9
20264,Li28,4554.2
34849,Mi1,4554.8
34057,Mi1,4555.400000000001
19292,Li28,4555.8
15263,Li28,4555.900000000001
51122,Mi1,4557.1
16033,Li28,4557.3
15019,Li28,4557.5
33907,Mi1,4558.6
35405,Mi1,4559.5
17596,Li28,4560.1
17280,Li28,4560.8
36252,Mi1,4560.9
16545,Li28,4562.8
53065,Mi1,4563.1
23047,Li28,4563.5
15909,Li28,4565.3
33462,Mi1,4565.9
11981,Li28,4567.0
14209,Li28,4567.4
16596,Li28,4568.0
35498,Mi1,4568.400000000001
34057,Mi1,4568.700000000001
20264,Li28,4569.0
19292,Li28,4570.5
34849,Mi1,4571.2
15263,Li28,4571.3
16033,Li28,4572.4
15019,Li28,4572.7
17596,Li28,4574.1
35405,Mi1,4574.1
36252,Mi1,4575.0
51122,Mi1,4576.299999999999
33907,Mi1,4576.700000000001
53065,Mi1,4576.700000000001
17280,Li28,4577.200000000001
16545,Li28,4577.7
23047,Li28,4578.1
15909,Li28,4579.900000000001
11981,Li28,4581.3
14209,Li28,4581.3
16596,Li28,4582.8
34057,Mi1,4583.0
20264,Li28,4583.4
118924,Tm3,4583.7
33462,Mi1,4583.8
35498,Mi1,4584.5
19292,Li28,4585.500000000001
15019,Li28,4585.8
34849,Mi1,4586.599999999999
15263,Li28,4587.1
16033,Li28,4588.200000000001
17596,Li28,4588.200000000001
36252,Mi1,4589.2
35405,Mi1,4589.5
17280,Li28,4591.8
53065,Mi1,4592.2
15909,Li28,4593.500000000001
23047,Li28,4593.500000000001
33907,Mi1,4593.500000000001
51122,Mi1,4593.6
16545,Li28,4593.6
14209,Li28,4595.5
34057,Mi1,4596.4
11981,Li28,4596.900000000001
20264,Li28,4597.5
16596,Li28,4597.8
33462,Mi1,4599.6
15019,Li28,4599.8
35498,Mi1,4600.1
19292,Li28,4601.1
34849,Mi1,4601.500000000001
15263,Li28,4601.900000000001
17596,Li28,4602.599999999999
16033,Li28,4603.2
35405,Mi1,4603.2
36252,Mi1,4604.6
17280,Li28,4605.9
53065,Mi1,4606.5
15909,Li28,4607.099999999999
23047,Li28,4608.6
16545,Li28,4609.0
51122,Mi1,4609.1
14209,Li28,4610.400000000001
11981,Li28,4610.700000000001
33907,Mi1,4611.2
34057,Mi1,4612.4
20264,Li28,4612.6
16596,Li28,4613.5
15019,Li28,4614.1
33462,Mi1,4614.7
19292,Li28,4615.9
34849,Mi1,4616.3
35498,Mi1,4616.3
15263,Li28,4616.5
35405,Mi1,4617.6
17596,Li28,4618.3
16033,Li28,4618.3
36252,Mi1,4619.1
17280,Li28,4619.900000000001
53065,Mi1,4621.2
15909,Li28,4622.799999999999
16545,Li28,4623.6
23047,Li28,4623.9
51122,Mi1,4624.5
11981,Li28,4625.3
532850,Tm3,4625.8
71052,T2a,4626.8
14209,Li28,4626.8
33907,Mi1,4627.2
20264,Li28,4627.400000000001
34057,Mi1,4627.8
15019,Li28,4628.4
16596,Li28,4628.4
34849,Mi1,4629.700000000001
19292,Li28,4630.2
33462,Mi1,4630.2
35498,Mi1,4631.5
15263,Li28,4631.5
16033,Li28,4632.1
17596,Li28,4632.8
35405,Mi1,4632.8
36252,Mi1,4633.500000000001
53065,Mi1,4634.400000000001
17280,Li28,4634.700000000001
99922,T4c,4635.6
15909,Li28,4635.900000000001
99663,T4c,4636.3
103479,T4c,4637.700000000001
23047,Li28,4638.6
16545,Li28,4638.6
11981,Li28,4639.6
92114,T4c,4640.5
51122,Mi1,4641.099999999999
34057,Mi1,4641.200000000001
33907,Mi1,4641.7
14209,Li28,4642.0
20264,Li28,4642.2
15019,Li28,4642.5
16596,Li28,4642.5
34849,Mi1,4644.3
33462,Mi1,4645.1
19292,Li28,4645.9
15263,Li28,4646.0
16033,Li28,4646.4
35405,Mi1,4646.900000000001
35498,Mi1,4647.3
36252,Mi1,4647.700000000001
17280,Li28,4647.9
17596,Li28,4648.3
53065,Mi1,4649.4
15909,Li28,4650.599999999999
16545,Li28,4654.6
23047,Li28,4654.900000000001
11981,Li28,4655.3
33907,Mi1,4655.700000000001
51122,Mi1,4655.8
14209,Li28,4656.000000000001
34057,Mi1,4656.6
20264,Li28,4656.900000000001
15019,Li28,4657.500000000001
34849,Mi1,4658.400000000001
16596,Li28,4658.700000000001
15263,Li28,4659.2
33462,Mi1,4660.099999999999
16033,Li28,4660.3
35405,Mi1,4661.1
19292,Li28,4661.400000000001
17596,Li28,4662.4
35498,Mi1,4662.5
53065,Mi1,4663.0
17280,Li28,4663.1
36252,Mi1,4663.3
15909,Li28,4665.0
16545,Li28,4667.900000000001
23047,Li28,4670.0
33907,Mi1,4670.7
11981,Li28,4671.0
51122,Mi1,4671.700000000001
14209,Li28,4671.8
34057,Mi1,4672.000000000001
15019,Li28,4672.900000000001
20264,Li28,4673.099999999999
34849,Mi1,4673.500000000001
16596,Li28,4674.1
15263,Li28,4674.2
35405,Mi1,4674.400000000001
33462,Mi1,4675.2
19292,Li28,4675.400000000001
16033,Li28,4676.0
17596,Li28,4676.4
53065,Mi1,4676.7
36252,Mi1,4677.5
35498,Mi1,4677.9
17280,Li28,4678.4
15909,Li28,4679.8
71052,T2a,4681.7
83365,T2a,4682.2
16545,Li28,4683.1
23047,Li28,4683.5
33907,Mi1,4684.200000000001
51122,Mi1,4684.4
34849,Mi1,4686.2
11981,Li28,4686.3
14209,Li28,4686.8
34057,Mi1,4686.900000000001
20264,Li28,4687.400000000001
15019,Li28,4687.5
35405,Mi1,4687.9
15263,Li28,4688.900000000001
33462,Mi1,4689.500000000001
16596,Li28,4690.2
19292,Li28,4690.400000000001
17596,Li28,4691.3
16033,Li28,4691.4
53065,Mi1,4691.4
36252,Mi1,4692.0
35498,Mi1,4692.8
17280,Li28,4693.400000000001
15909,Li28,4693.9
73828,Tm3,4695.0
16545,Li28,4697.200000000001
23047,Li28,4697.3
33907,Mi1,4697.6
51122,Mi1,4699.2
34849,Mi1,4699.900000000001
34057,Mi1,4701.400000000001
20264,Li28,4701.8
14209,Li28,4701.900000000001
15019,Li28,4702.7
35405,Mi1,4702.7
11981,Li28,4702.8
15263,Li28,4703.1
16596,Li28,4703.9
33462,Mi1,4703.9
17596,Li28,4705.6
19292,Li28,4705.7
16033,Li28,4705.8
53065,Mi1,4706.5
36252,Mi1,4706.599999999999
35498,Mi1,4707.1
15909,Li28,4707.8
17280,Li28,4708.8
79345,T2a,4711.0
23047,Li28,4711.2
16545,Li28,4711.599999999999
33907,Mi1,4711.599999999999
51122,Mi1,4712.8
34849,Mi1,4714.700000000001
35405,Mi1,4714.8
118924,Tm3,4715.3
20264,Li28,4715.6
34057,Mi1,4716.0
11981,Li28,4717.3
14209,Li28,4717.5
15019,Li28,4717.6
16596,Li28,4717.6
15263,Li28,4717.8
33462,Mi1,4718.500000000001
99922,T4c,4719.599999999999
36252,Mi1,4720.400000000001
17596,Li28,4720.5
53065,Mi1,4720.8
19292,Li28,4720.900000000001
16033,Li28,4721.3
15909,Li28,4722.400000000001
35498,Mi1,4723.0
17280,Li28,4723.5
92114,T4c,4723.6
532850,Tm3,4723.7
23047,Li28,4724.8
33907,Mi1,4725.1
35405,Mi1,4727.3
51122,Mi1,4727.400000000001
16545,Li28,4728.900000000001
34849,Mi1,4729.6
34057,Mi1,4730.2
15263,Li28,4731.1
14209,Li28,4731.3
20264,Li28,4731.6
11981,Li28,4731.7
33462,Mi1,4731.7
16596,Li28,4732.9
15019,Li28,4734.200000000001
16033,Li28,4734.4
36252,Mi1,4734.500000000001
19292,Li28,4735.0
53065,Mi1,4735.0
17596,Li28,4735.5
15909,Li28,4735.8
71052,T2a,4737.099999999999
35498,Mi1,4737.4
17280,Li28,4738.0
23047,Li28,4738.700000000001
33907,Mi1,4741.400000000001
35405,Mi1,4742.1
51122,Mi1,4742.7
16545,Li28,4744.000000000001
34849,Mi1,4744.2
14209,Li28,4745.7
34057,Mi1,4745.8
15263,Li28,4746.1
20264,Li28,4746.3
33462,Mi1,4746.400000000001
11981,Li28,4747.0
16596,Li28,4748.3
16033,Li28,4748.3
15019,Li28,4748.7
36252,Mi1,4748.9
19292,Li28,4749.3
15909,Li28,4750.4
53065,Mi1,4750.4
17596,Li28,4751.2
35498,Mi1,4751.599999999999
17280,Li28,4753.5
23047,Li28,4753.7
33907,Mi1,4756.200000000001
35405,Mi1,4756.5
51122,Mi1,4757.2
34849,Mi1,4758.6
16545,Li28,4758.900000000001
20264,Li28,4759.700000000001
15263,Li28,4760.1
14209,Li28,4760.6
11981,Li28,4761.099999999999
34057,Mi1,4761.5
33462,Mi1,4762.0
36252,Mi1,4763.0
16033,Li28,4763.4
19292,Li28,4763.4
16596,Li28,4763.6
15019,Li28,4764.099999999999
17596,Li28,4764.9
35498,Mi1,4765.900000000001
53065,Mi1,4766.0
15909,Li28,4766.1
23047,Li28,4767.599999999999
17280,Li28,4769.4
35405,Mi1,4770.9
51122,Mi1,4771.3
33907,Mi1,4772.8
34849,Mi1,4773.1
20264,Li28,4774.099999999999
16545,Li28,4774.4
15263,Li28,4774.500000000001
11981,Li28,4775.8
14209,Li28,4775.8
33462,Mi1,4776.8
36252,Mi1,4777.0
16033,Li28,4777.200000000001
34057,Mi1,4777.6
16596,Li28,4778.1
19292,Li28,4778.2
17596,Li28,4778.700000000001
15019,Li28,4779.1
15909,Li28,4780.400000000001
53065,Mi1,4780.6
35498,Mi1,4781.2
23047,Li28,4784.1
17280,Li28,4784.900000000001
51122,Mi1,4785.6
33907,Mi1,4785.9
35405,Mi1,4786.5
34849,Mi1,4786.599999999999
16545,Li28,4789.000000000001
15263,Li28,4789.2
20264,Li28,4789.6
14209,Li28,4789.8
11981,Li28,4790.200000000001
16596,Li28,4791.700000000001
19292,Li28,4791.700000000001
16033,Li28,4792.0
33462,Mi1,4792.2
36252,Mi1,4792.7
34057,Mi1,4793.099999999999
17596,Li28,4793.5
15909,Li28,4794.700000000001
53065,Mi1,4794.8
15019,Li28,4795.2
35498,Mi1,4795.5
23047,Li28,4798.3
99922,T4c,4798.900000000001
17280,Li28,4799.5
51122,Mi1,4799.8
33907,Mi1,4800.2
35405,Mi1,4800.8
34849,Mi1,4802.1
16545,Li28,4803.8
15263,Li28,4804.5
20264,Li28,4804.9
14209,Li28,4805.400000000001
36252,Mi1,4806.0
19292,Li28,4806.500000000001
16033,Li28,4806.6
11981,Li28,4806.8
16596,Li28,4806.8
33462,Mi1,4807.8
34057,Mi1,4807.8
15909,Li28,4808.0
53065,Mi1,4808.900000000001
17596,Li28,4808.900000000001
15019,Li28,4809.200000000001
35498,Mi1,4810.700000000001
118924,Tm3,4812.9
23047,Li28,4813.6
99663,T4c,4814.099999999999
17280,Li28,4814.4
35405,Mi1,4814.900000000001
51122,Mi1,4814.900000000001
33907,Mi1,4815.3
34849,Mi1,4816.4
16545,Li28,4817.8
15263,Li28,4818.599999999999
20264,Li28,4818.9
36252,Mi1,4819.7
19292,Li28,4820.3
11981,Li28,4820.5
14209,Li28,4820.8
16596,Li28,4822.200000000001
53065,Mi1,4822.3
33462,Mi1,4822.500000000001
34057,Mi1,4822.6
16033,Li28,4823.1
15909,Li28,4823.2
15019,Li28,4823.9
17596,Li28,4824.5
35498,Mi1,4824.7
73828,Tm3,4825.6
532850,Tm3,4826.400000000001
71052,T2a,4827.900000000001
17280,Li28,4828.400000000001
23047,Li28,4828.700000000001
35405,Mi1,4829.5
33907,Mi1,4829.8
51122,Mi1,4829.8
34849,Mi1,4830.7
16545,Li28,4831.400000000001
103479,T4c,4831.400000000001
20264,Li28,4833.0
92114,T4c,4833.3
15263,Li28,4834.599999999999
11981,Li28,4834.700000000001
36252,Mi1,4834.8
19292,Li28,4835.0
34057,Mi1,4835.7
15909,Li28,4836.0
14209,Li28,4836.2
53065,Mi1,4837.000000000001
16033,Li28,4837.5
33462,Mi1,4837.5
16596,Li28,4837.6
15019,Li28,4838.099999999999
35498,Mi1,4838.900000000001
17596,Li28,4839.5
76325,T2a,4840.8
99922,T4c,4840.900000000001
17280,Li28,4842.5
23047,Li28,4843.8
35405,Mi1,4844.0
51122,Mi1,4844.2
34849,Mi1,4844.599999999999
16545,Li28,4846.0
33907,Mi1,4846.0
11981,Li28,4848.1
20264,Li28,4848.3
19292,Li28,4849.099999999999
36252,Mi1,4849.6
15263,Li28,4849.9
34057,Mi1,4849.9
15909,Li28,4850.400000000001
14209,Li28,4850.8
33462,Mi1,4851.1
16033,Li28,4851.4
16596,Li28,4851.7
15019,Li28,4852.1
35498,Mi1,4852.9
53065,Mi1,4853.8
17596,Li28,4854.900000000001
17280,Li28,4857.7
35405,Mi1,4857.9
23047,Li28,4858.2
51122,Mi1,4859.0
34849,Mi1,4859.6
33907,Mi1,4860.2
16545,Li28,4860.3
11981,Li28,4861.8
36252,Mi1,4862.8
19292,Li28,4863.3
15909,Li28,4863.400000000001
20264,Li28,4863.700000000001
15263,Li28,4864.799999999999
34057,Mi1,4865.0
33462,Mi1,4865.099999999999
16033,Li28,4866.400000000001
16596,Li28,4866.7
35498,Mi1,4866.7
15019,Li28,4866.8
14209,Li28,4867.0
53065,Mi1,4867.7
17596,Li28,4869.1
99663,T4c,4870.7
23047,Li28,4872.4
35405,Mi1,4872.5
17280,Li28,4873.0
51122,Mi1,4873.099999999999
34849,Mi1,4873.6
16545,Li28,4873.9
33907,Mi1,4874.5
11981,Li28,4875.6
36252,Mi1,4876.400000000001
34057,Mi1,4877.3
19292,Li28,4877.400000000001
15909,Li28,4877.5
118924,Tm3,4878.8
15263,Li28,4879.0
20264,Li28,4879.599999999999
16033,Li28,4880.3
33462,Mi1,4880.5
16596,Li28,4880.7
35498,Mi1,4880.799999999999
71052,T2a,4881.4
15019,Li28,4881.7
14209,Li28,4882.2
53065,Mi1,4882.900000000001
17596,Li28,4884.5
35405,Mi1,4886.5
17280,Li28,4886.8
51122,Mi1,4887.0
23047,Li28,4887.1
34849,Mi1,4887.599999999999
16545,Li28,4888.900000000001
33907,Mi1,4889.4
73828,Tm3,4889.9
36252,Mi1,4890.3
11981,Li28,4890.5
92114,T4c,4891.4
34057,Mi1,4891.500000000001
15909,Li28,4891.900000000001
19292,Li28,4892.1
15263,Li28,4893.0
20264,Li28,4893.3
33462,Mi1,4894.0
99922,T4c,4894.099999999999
35498,Mi1,4894.200000000001
16596,Li28,4895.599999999999
16033,Li28,4895.8
15019,Li28,4896.3
14209,Li28,4896.799999999999
17596,Li28,4898.2
53065,Mi1,4898.5
35405,Mi1,4899.6
34849,Mi1,4900.3
51122,Mi1,4900.9
23047,Li28,4900.9
17280,Li28,4902.5
33907,Mi1,4903.5
93566,T4a,4904.6
90465,T4a,4905.1
11981,Li28,4905.200000000001
16545,Li28,4905.5
15909,Li28,4906.000000000001
36252,Mi1,4906.000000000001
34057,Mi1,4906.3
20264,Li28,4907.7
19292,Li28,4907.8
15263,Li28,4908.2
33462,Mi1,4908.400000000001
35498,Mi1,4908.599999999999
16596,Li28,4909.0
15019,Li28,4911.1
14209,Li28,4911.700000000001
16033,Li28,4911.9
53065,Mi1,4912.2
17596,Li28,4913.1
35405,Mi1,4914.400000000001
34849,Mi1,4915.6
23047,Li28,4916.2
33907,Mi1,4917.400000000001
51122,Mi1,4917.5
17280,Li28,4917.900000000001
11981,Li28,4918.8
16545,Li28,4919.9
532850,Tm3,4919.9
34057,Mi1,4920.6
15909,Li28,4921.400000000001
36252,Mi1,4921.8
15263,Li28,4922.5
20264,Li28,4922.7
35498,Mi1,4922.900000000001
19292,Li28,4923.099999999999
33462,Mi1,4923.3
16033,Li28,4924.400000000001
16596,Li28,4924.400000000001
15019,Li28,4925.5
14209,Li28,4926.200000000001
17596,Li28,4927.8
53065,Mi1,4928.0
35405,Mi1,4929.400000000001
34849,Mi1,4930.1
33907,Mi1,4931.4
71052,T2a,4932.1
51122,Mi1,4932.400000000001
11981,Li28,4932.5
23047,Li28,4933.2
17280,Li28,4933.400000000001
16545,Li28,4934.099999999999
34057,Mi1,4934.9
20264,Li28,4936.0
19292,Li28,4936.6
36252,Mi1,4936.7
15909,Li28,4936.900000000001
15263,Li28,4936.900000000001
33462,Mi1,4937.5
35498,Mi1,4937.9
16033,Li28,4939.0
15019,Li28,4939.6
16596,Li28,4940.0
118924,Tm3,4941.1
14209,Li28,4941.400000000001
53065,Mi1,4941.900000000001
83365,T2a,4942.0
17596,Li28,4942.9
34849,Mi1,4944.4
35405,Mi1,4944.8
33907,Mi1,4945.5
51122,Mi1,4946.3
11981,Li28,4947.200000000001
23047,Li28,4947.200000000001
17280,Li28,4947.900000000001
16545,Li28,4948.3
92114,T4c,4948.5
15909,Li28,4949.7
36252,Mi1,4949.8
34057,Mi1,4949.900000000001
20264,Li28,4950.7
19292,Li28,4950.8
33462,Mi1,4951.599999999999
15263,Li28,4953.0
35498,Mi1,4953.1
15019,Li28,4953.9
16033,Li28,4954.400000000001
99922,T4c,4956.0
16596,Li28,4956.2
53065,Mi1,4956.400000000001
14209,Li28,4956.5
17596,Li28,4958.099999999999
35405,Mi1,4958.7
34849,Mi1,4959.2
33907,Mi1,4959.5
51122,Mi1,4960.200000000001
11981,Li28,4962.000000000001
17280,Li28,4962.1
23047,Li28,4962.7
16545,Li28,4963.099999999999
15909,Li28,4963.6
36252,Mi1,4963.6
34057,Mi1,4964.2
19292,Li28,4964.8
20264,Li28,4965.1
33462,Mi1,4965.7
35498,Mi1,4967.1
15263,Li28,4967.5
15019,Li28,4968.500000000001
16033,Li28,4971.099999999999
99663,T4c,4971.200000000001
16596,Li28,4971.3
53065,Mi1,4971.4
14209,Li28,4972.1
17596,Li28,4973.3
35405,Mi1,4973.5
34849,Mi1,4974.200000000001
51122,Mi1,4974.200000000001
33907,Mi1,4975.0
17280,Li28,4975.2
11981,Li28,4975.400000000001
37000,Mi1,4977.2
16545,Li28,4977.3
36252,Mi1,4978.400000000001
56564,Mi1,4978.400000000001
23047,Li28,4978.6
34057,Mi1,4978.7
19292,Li28,4978.8
15909,Li28,4979.7
42119,Mi1,4979.8
20264,Li28,4979.900000000001
33462,Mi1,4981.2
15263,Li28,4981.3
103479,T4c,4981.3
34356,Mi1,4981.6
35498,Mi1,4981.8
15019,Li28,4982.200000000001
16033,Li28,4984.7
53065,Mi1,4985.400000000001
14209,Li28,4986.900000000001
16596,Li28,4987.0
17596,Li28,4987.3
35405,Mi1,4988.3
34849,Mi1,4988.400000000001
51122,Mi1,4989.1
33907,Mi1,4989.7
11981,Li28,4990.099999999999
17280,Li28,4990.099999999999
16545,Li28,4991.400000000001
34057,Mi1,4992.200000000001
19292,Li28,4993.400000000001
15909,Li28,4994.2
71052,T2a,4994.400000000001
23047,Li28,4994.5
36252,Mi1,4994.6
20264,Li28,4995.099999999999
15263,Li28,4995.8
15019,Li28,4996.3
532850,Tm3,4996.599999999999
35498,Mi1,4997.3
33462,Mi1,4997.7
16033,Li28,4999.1
53065,Mi1,4999.8
16596,Li28,5000.900000000001
42119,Mi1,5001.400000000001
34849,Mi1,5001.599999999999
14209,Li28,5001.8
37000,Mi1,5001.9
17596,Li28,5002.5
35405,Mi1,5002.900000000001
51122,Mi1,5003.0
33907,Mi1,5003.6
17280,Li28,5004.2
92114,T4c,5004.3
11981,Li28,5005.0
16545,Li28,5006.3
34356,Mi1,5006.4
34057,Mi1,5006.8
56564,Mi1,5006.9
19292,Li28,5007.900000000001
15909,Li28,5008.1
23047,Li28,5008.4
36252,Mi1,5008.900000000001
90049,T4c,5009.1
20264,Li28,5009.8
98099,T4b,5011.200000000001
15263,Li28,5011.200000000001
15019,Li28,5011.4
79345,T2a,5011.4
33462,Mi1,5011.5
99922,T4c,5011.9
35498,Mi1,5012.5
16033,Li28,5012.8
118924,Tm3,5012.9
53065,Mi1,5014.3
16596,Li28,5014.700000000001
35405,Mi1,5015.400000000001
34849,Mi1,5015.400000000001
14209,Li28,5015.900000000001
83365,T2a,5017.400000000001
51122,Mi1,5017.700000000001
33907,Mi1,5018.000000000001
17596,Li28,5018.1
69597,Tm3,5018.1
11981,Li28,5018.5
17280,Li28,5018.5
34057,Mi1,5020.700000000001
15909,Li28,5020.8
37000,Mi1,5021.0
16545,Li28,5021.0
99663,T4c,5021.4
42119,Mi1,5022.3
19292,Li28,5022.8
73828,Tm3,5022.8
23047,Li28,5023.000000000001
36252,Mi1,5023.2
71052,T2a,5023.5
56564,Mi1,5024.8
34356,Mi1,5025.599999999999
33462,Mi1,5025.700000000001
20264,Li28,5025.9
15019,Li28,5025.9
15263,Li28,5026.2
35498,Mi1,5026.6
16033,Li28,5028.0
53065,Mi1,5028.700000000001
94305,T4a,5028.700000000001
35405,Mi1,5029.1
34849,Mi1,5029.4
16596,Li28,5029.900000000001
50333,TmY3,5030.0
51122,Mi1,5030.8
14209,Li28,5031.7
103479,T4c,5032.6
11981,Li28,5032.7
33907,Mi1,5033.0
17596,Li28,5033.1
17280,Li28,5033.3
92114,T4c,5033.700000000001
15909,Li28,5033.8
34057,Mi1,5034.0
16545,Li28,5035.9
37000,Mi1,5037.3
23047,Li28,5037.5
36252,Mi1,5037.6
19292,Li28,5038.5
42119,Mi1,5039.3
33462,Mi1,5040.0
15263,Li28,5040.3
35498,Mi1,5040.3
20264,Li28,5040.500000000001
15019,Li28,5040.8
34356,Mi1,5042.900000000001
16033,Li28,5043.0
53065,Mi1,5043.099999999999
34849,Mi1,5043.4
56564,Mi1,5044.1
35405,Mi1,5044.2
16596,Li28,5044.8
51122,Mi1,5045.4
14209,Li28,5046.200000000001
76325,T2a,5047.1
33907,Mi1,5047.2
106952,T4b,5047.3
11981,Li28,5047.8
17280,Li28,5047.8
17596,Li28,5047.900000000001
34057,Mi1,5048.4
15909,Li28,5049.3
16545,Li28,5050.5
36252,Mi1,5051.7
19292,Li28,5052.400000000001
23047,Li28,5053.2
33462,Mi1,5054.1
15019,Li28,5055.000000000001
35498,Mi1,5055.1
20264,Li28,5055.3
37000,Mi1,5055.5
42119,Mi1,5055.8
15263,Li28,5055.8
34849,Mi1,5057.5
34356,Mi1,5057.8
53065,Mi1,5058.0
35405,Mi1,5058.1
51122,Mi1,5058.2
16033,Li28,5058.5
16596,Li28,5059.200000000001
108307,T4b,5060.1
56564,Mi1,5060.3
83365,T2a,5060.9
33907,Mi1,5061.1
14209,Li28,5061.8
17280,Li28,5061.8
11981,Li28,5062.2
17596,Li28,5062.3
15909,Li28,5063.000000000001
71052,T2a,5063.6
34057,Mi1,5063.8
16545,Li28,5066.1
36252,Mi1,5066.2
19292,Li28,5067.5
23047,Li28,5068.0
33462,Mi1,5068.5
15019,Li28,5069.6
20264,Li28,5069.8
34849,Mi1,5069.8
37000,Mi1,5069.900000000001
35498,Mi1,5070.3
15263,Li28,5070.9
42119,Mi1,5071.5
35405,Mi1,5072.8
51122,Mi1,5073.2
53065,Mi1,5073.3
34356,Mi1,5073.400000000001
16033,Li28,5073.700000000001
16596,Li28,5073.700000000001
56564,Mi1,5075.4
11981,Li28,5076.0
33907,Mi1,5076.0
17280,Li28,5076.299999999999
14209,Li28,5076.400000000001
34057,Mi1,5076.8
17596,Li28,5077.200000000001
118924,Tm3,5077.500000000001
90049,T4c,5078.3
15909,Li28,5078.3
69597,Tm3,5078.700000000001
79345,T2a,5079.000000000001
94305,T4a,5079.6
99922,T4c,5080.200000000001
19292,Li28,5080.4
16545,Li28,5081.2
36252,Mi1,5081.2
99663,T4c,5081.599999999999
532850,Tm3,5081.700000000001
23047,Li28,5083.099999999999
33462,Mi1,5083.200000000001
34849,Mi1,5083.5
20264,Li28,5083.9
15019,Li28,5084.1
35498,Mi1,5084.400000000001
42119,Mi1,5085.6
15263,Li28,5085.7
35405,Mi1,5086.1
37000,Mi1,5086.700000000001
92114,T4c,5087.6
34356,Mi1,5087.8
16033,Li28,5087.8
53065,Mi1,5087.900000000001
51122,Mi1,5088.7
16596,Li28,5089.0
106952,T4b,5089.2
14209,Li28,5089.8
33907,Mi1,5090.0
99423,T4d,5090.2
34057,Mi1,5090.6
92431,T4a,5090.900000000001
15909,Li28,5091.200000000001
11981,Li28,5091.5
56564,Mi1,5091.5
17280,Li28,5091.9
17596,Li28,5092.0
73828,Tm3,5092.1
98099,T4b,5094.3
50333,TmY3,5094.6
19292,Li28,5095.000000000001
36252,Mi1,5095.7
16545,Li28,5096.0
20264,Li28,5097.400000000001
55976,Mi1,5097.9
33462,Mi1,5098.0
34849,Mi1,5098.3
23047,Li28,5098.4
35498,Mi1,5099.099999999999
15263,Li28,5099.9
37000,Mi1,5100.0
42119,Mi1,5100.3
15019,Li28,5100.6
16033,Li28,5101.1
35836,Mi1,5101.200000000001
35405,Mi1,5101.8
35017,Mi1,5102.1
53065,Mi1,5102.5
34189,Mi1,5102.700000000001
71052,T2a,5103.000000000001
34356,Mi1,5103.2
51122,Mi1,5103.3
16596,Li28,5103.400000000001
35840,Mi1,5103.5
34057,Mi1,5103.900000000001
33907,Mi1,5104.3
65671,Mi1,5104.4
15909,Li28,5104.7
14209,Li28,5105.400000000001
93566,T4a,5105.5
56564,Mi1,5105.5
34479,Mi1,5105.599999999999
83365,T2a,5105.599999999999
11981,Li28,5105.8
66808,Tm3,5106.4
17596,Li28,5106.5
101772,Tm3,5106.7
103479,T4c,5107.0
17280,Li28,5107.200000000001
94624,T4a,5107.5
35770,Mi1,5107.6
19292,Li28,5108.6
16545,Li28,5109.500000000001
102791,T4c,5109.500000000001
36252,Mi1,5110.0
33462,Mi1,5110.700000000001
23047,Li28,5112.3
99922,T4c,5112.3
34849,Mi1,5112.4
98381,T4d,5112.5
20264,Li28,5113.3
35498,Mi1,5113.599999999999
42119,Mi1,5114.2
37000,Mi1,5114.2
16033,Li28,5114.2
15263,Li28,5114.4
15019,Li28,5115.7
53065,Mi1,5115.7
76325,T2a,5116.2
35405,Mi1,5116.3
99663,T4c,5116.400000000001
34057,Mi1,5116.8
15909,Li28,5117.200000000001
97899,T4a,5117.3
51122,Mi1,5117.500000000001
34356,Mi1,5117.7
92114,T4c,5118.1
16596,Li28,5118.2
33907,Mi1,5119.3
109536,T4d,5120.0
69597,Tm3,5120.099999999999
95883,T4a,5120.099999999999
11981,Li28,5120.3
56564,Mi1,5120.5
55976,Mi1,5120.6
14209,Li28,5120.7
17596,Li28,5121.5
17280,Li28,5122.0
90049,T4c,5122.7
107442,T4d,5123.099999999999
16545,Li28,5123.7
19292,Li28,5123.7
35017,Mi1,5123.7
35836,Mi1,5123.8
94305,T4a,5124.0
34189,Mi1,5124.8
79345,T2a,5124.900000000001
36252,Mi1,5125.0
33462,Mi1,5125.0
65671,Mi1,5125.200000000001
35840,Mi1,5125.500000000001
92431,T4a,5125.500000000001
34849,Mi1,5126.1
23047,Li28,5126.599999999999
34479,Mi1,5126.700000000001
35498,Mi1,5126.700000000001
20264,Li28,5127.5
98985,T4c,5128.200000000001
37000,Mi1,5128.3
100867,T4b,5128.7
42119,Mi1,5128.8
35405,Mi1,5129.599999999999
53065,Mi1,5129.8
15263,Li28,5130.0
76524,Tm3,5130.0
74023,T2a,5130.2
92706,T4a,5130.3
16033,Li28,5130.799999999999
15019,Li28,5130.900000000001
34057,Mi1,5130.900000000001
66808,Tm3,5131.200000000001
109598,T4b,5131.3
15909,Li28,5131.9
16596,Li28,5132.1
51122,Mi1,5132.1
34356,Mi1,5132.3
92996,T4a,5132.8
71052,T2a,5133.4
101772,Tm3,5133.6
35770,Mi1,5133.900000000001
118924,Tm3,5134.1
33907,Mi1,5134.5
56564,Mi1,5134.5
14209,Li28,5134.599999999999
11981,Li28,5134.599999999999
50333,TmY3,5135.3
95458,T4d,5135.5
17596,Li28,5135.900000000001
17280,Li28,5136.0
90465,T4a,5137.2
92047,T4c,5137.2
110646,T4b,5137.9
19292,Li28,5138.0
69380,Tm3,5138.1
95822,T4b,5138.2
16545,Li28,5138.7
55976,Mi1,5138.799999999999
33462,Mi1,5139.4
36252,Mi1,5139.5
109142,T4b,5139.8
34849,Mi1,5139.9
35498,Mi1,5140.1
35017,Mi1,5140.900000000001
35836,Mi1,5141.200000000001
65671,Mi1,5142.0
23047,Li28,5142.2
37000,Mi1,5142.3
20264,Li28,5142.5
15909,Li28,5142.700000000001
42119,Mi1,5142.8
35405,Mi1,5143.2
34057,Mi1,5143.6
99663,T4c,5143.8
16033,Li28,5143.900000000001
53065,Mi1,5144.3
35840,Mi1,5144.4
34189,Mi1,5144.5
15019,Li28,5144.8
15263,Li28,5144.9
97899,T4a,5144.9
91469,T4c,5145.1
92114,T4c,5145.3
34479,Mi1,5145.400000000001
34356,Mi1,5146.2
73096,T2a,5146.7
106952,T4b,5146.799999999999
16596,Li28,5146.900000000001
83365,T2a,5146.900000000001
98099,T4b,5147.0
51122,Mi1,5147.0
532850,Tm3,5147.200000000001
33907,Mi1,5148.2
75848,T2a,5148.900000000001
11981,Li28,5149.0
56564,Mi1,5149.3
73828,Tm3,5149.7
93566,T4a,5149.7
95883,T4a,5149.900000000001
99922,T4c,5149.900000000001
35770,Mi1,5150.8
17596,Li28,5150.9
102791,T4c,5150.9
61401,T2a,5151.1
17280,Li28,5151.1
14209,Li28,5151.400000000001
33462,Mi1,5152.0
98381,T4d,5152.5
19292,Li28,5152.6
16545,Li28,5153.1
45005,TmY3,5153.3
36252,Mi1,5153.400000000001
34849,Mi1,5153.8
55976,Mi1,5153.9
66808,Tm3,5153.9
15909,Li28,5154.2
94305,T4a,5154.3
88625,T4c,5154.6
108307,T4b,5154.900000000001
35498,Mi1,5155.6
37000,Mi1,5155.6
35017,Mi1,5155.9
53065,Mi1,5156.3
20264,Li28,5156.7
16033,Li28,5157.0
23047,Li28,5157.200000000001
35405,Mi1,5157.3
42119,Mi1,5157.500000000001
96295,T4b,5157.8
35836,Mi1,5157.900000000001
65671,Mi1,5157.900000000001
69597,Tm3,5158.1
34057,Mi1,5158.2
15263,Li28,5158.700000000001
103479,T4c,5158.9
15019,Li28,5160.0
34189,Mi1,5160.0
101772,Tm3,5160.099999999999
34356,Mi1,5160.3
94624,T4a,5160.4
116716,T4b,5160.4
16596,Li28,5160.5
90049,T4c,5160.7
34479,Mi1,5161.2
35840,Mi1,5161.400000000001
51122,Mi1,5161.400000000001
99423,T4d,5161.700000000001
50333,TmY3,5162.0
71052,T2a,5162.3
52328,TmY3,5162.5
33907,Mi1,5162.799999999999
92431,T4a,5163.0
98985,T4c,5163.9
56564,Mi1,5164.6
11981,Li28,5164.8
92706,T4a,5164.8
35770,Mi1,5165.0
91806,T4a,5165.0
98788,T4d,5165.200000000001
14209,Li28,5165.4
92047,T4c,5165.6
83979,T4a,5165.6
17280,Li28,5166.0
17596,Li28,5166.0
33462,Mi1,5166.1
15909,Li28,5166.3
16545,Li28,5167.400000000001
105698,T4c,5167.400000000001
19292,Li28,5167.5
10015,HSN,5167.7
34849,Mi1,5167.8
55976,Mi1,5168.0
89434,T4c,5168.6
35498,Mi1,5169.1
37000,Mi1,5169.8
23047,Li28,5170.0
36252,Mi1,5170.0
35405,Mi1,5170.6
74023,T2a,5170.6
20264,Li28,5170.7
35017,Mi1,5171.200000000001
53065,Mi1,5171.200000000001
42119,Mi1,5171.8
16033,Li28,5171.8
92114,T4c,5172.1
100867,T4b,5173.0
15263,Li28,5173.200000000001
34057,Mi1,5173.200000000001
34356,Mi1,5173.6
35836,Mi1,5173.8
76325,T2a,5173.8
65671,Mi1,5174.400000000001
15019,Li28,5174.700000000001
16596,Li28,5174.700000000001
51122,Mi1,5175.3
34189,Mi1,5175.5
35840,Mi1,5175.900000000001
97899,T4a,5176.200000000001
34479,Mi1,5176.7
95883,T4a,5176.9
33907,Mi1,5177.700000000001
66808,Tm3,5178.2
69380,Tm3,5178.2
11981,Li28,5178.4
118924,Tm3,5178.4
15909,Li28,5179.400000000001
17596,Li28,5179.5
35770,Mi1,5179.6
17280,Li28,5180.3
104257,T4b,5180.400000000001
33462,Mi1,5180.7
102791,T4c,5180.7
56564,Mi1,5180.900000000001
14209,Li28,5181.0
16545,Li28,5181.200000000001
34849,Mi1,5181.3
110646,T4b,5181.7
35498,Mi1,5182.5
55976,Mi1,5182.700000000001
97675,T4c,5183.2
51231,TmY3,5183.3
19292,Li28,5183.8
37000,Mi1,5183.900000000001
20264,Li28,5184.3
36252,Mi1,5184.4
16033,Li28,5184.7
53065,Mi1,5184.7
35405,Mi1,5185.0
23047,Li28,5185.1
99663,T4c,5185.400000000001
35017,Mi1,5185.599999999999
98887,T4b,5185.700000000001
34356,Mi1,5185.8
66214,T2a,5186.5
101772,Tm3,5186.7
95458,T4d,5186.8
42119,Mi1,5187.1
34057,Mi1,5187.2
94305,T4a,5187.5
15263,Li28,5187.9
83365,T2a,5188.400000000001
65671,Mi1,5188.5
35836,Mi1,5189.4
15019,Li28,5189.500000000001
91469,T4c,5189.7
51122,Mi1,5190.0
90465,T4a,5190.1
92047,T4c,5190.2
92431,T4a,5190.2
107442,T4d,5190.3
16596,Li28,5190.400000000001
34189,Mi1,5190.599999999999
97231,T4a,5190.599999999999
35840,Mi1,5190.9
50333,TmY3,5191.1
34479,Mi1,5191.900000000001
33907,Mi1,5191.900000000001
92996,T4a,5192.4
15909,Li28,5192.7
109598,T4b,5192.9
11981,Li28,5193.0
99922,T4c,5193.1
16545,Li28,5193.8
35770,Mi1,5194.1
17596,Li28,5194.3
98099,T4b,5194.6
77383,T2a,5195.0
92706,T4a,5195.2
34849,Mi1,5195.3
35498,Mi1,5195.5
73828,Tm3,5195.6
33462,Mi1,5195.700000000001
14209,Li28,5195.8
56564,Mi1,5195.8
98381,T4d,5195.9
17280,Li28,5196.2
36252,Mi1,5197.500000000001
55976,Mi1,5197.500000000001
16033,Li28,5197.8
10015,HSN,5198.0
19292,Li28,5198.1
20264,Li28,5198.2
37000,Mi1,5198.8
34356,Mi1,5199.0
69597,Tm3,5199.0
53065,Mi1,5199.2
66808,Tm3,5199.2
35017,Mi1,5199.8
35405,Mi1,5199.8
76524,Tm3,5199.8
93566,T4a,5200.200000000001
92114,T4c,5200.3
23047,Li28,5201.1
34057,Mi1,5201.5
42119,Mi1,5202.1
65671,Mi1,5202.3
96295,T4b,5202.4
94624,T4a,5202.6
532850,Tm3,5202.8
95883,T4a,5203.0
15263,Li28,5203.3
90049,T4c,5203.400000000001
61401,T2a,5203.6
71052,T2a,5204.2
15909,Li28,5204.400000000001
35836,Mi1,5204.5
15019,Li28,5204.8
106952,T4b,5205.0
16596,Li28,5205.099999999999
97899,T4a,5205.099999999999
51122,Mi1,5205.200000000001
98985,T4c,5205.200000000001
47368,TmY3,5205.4
33907,Mi1,5205.7
34189,Mi1,5205.8
34479,Mi1,5205.8
35840,Mi1,5205.8
103479,T4c,5206.599999999999
54885,TmY3,5207.0
11981,Li28,5207.5
16545,Li28,5207.6
75848,T2a,5208.5
109142,T4b,5208.6
34849,Mi1,5208.7
33462,Mi1,5208.9
35770,Mi1,5208.9
17596,Li28,5208.9
99663,T4c,5209.5
102791,T4c,5209.599999999999
35498,Mi1,5209.700000000001
17280,Li28,5210.1
56564,Mi1,5210.1
91806,T4a,5210.4
14209,Li28,5210.900000000001
37000,Mi1,5212.000000000001
91444,T4c,5212.000000000001
100867,T4b,5212.2
79257,Tm3,5212.3
36252,Mi1,5212.400000000001
20264,Li28,5212.6
53065,Mi1,5212.900000000001
16033,Li28,5213.0
19292,Li28,5213.099999999999
55976,Mi1,5213.099999999999
35405,Mi1,5213.8
34356,Mi1,5214.2
35017,Mi1,5214.2
95822,T4b,5214.3
108307,T4b,5214.700000000001
34057,Mi1,5214.700000000001
23047,Li28,5215.2
88625,T4c,5215.6
92431,T4a,5215.900000000001
42119,Mi1,5216.200000000001
74023,T2a,5216.5
101772,Tm3,5216.6
99423,T4d,5216.7
65671,Mi1,5217.1
15909,Li28,5217.299999999999
110646,T4b,5217.400000000001
83365,T2a,5217.400000000001
45005,TmY3,5217.599999999999
15263,Li28,5218.3
91469,T4c,5218.500000000001
92047,T4c,5218.900000000001
15019,Li28,5219.0
35840,Mi1,5219.2
50333,TmY3,5219.400000000001
35836,Mi1,5219.5
33907,Mi1,5219.700000000001
34479,Mi1,5220.000000000001
52328,TmY3,5220.400000000001
16596,Li28,5220.400000000001
51122,Mi1,5220.5
34189,Mi1,5220.5
11981,Li28,5220.8
66808,Tm3,5221.7
16545,Li28,5221.8
17596,Li28,5222.8
33462,Mi1,5222.9
89434,T4c,5222.9
34849,Mi1,5223.3
35498,Mi1,5223.3
35770,Mi1,5223.3
104257,T4b,5223.5
94305,T4a,5223.7
17280,Li28,5224.200000000001
92706,T4a,5224.4
98381,T4d,5224.6
56564,Mi1,5224.9
105698,T4c,5225.400000000001
14209,Li28,5225.700000000001
16033,Li28,5226.200000000001
36252,Mi1,5226.4
37000,Mi1,5226.6
55976,Mi1,5227.0
92114,T4c,5227.1
20264,Li28,5227.3
34356,Mi1,5227.8
53065,Mi1,5227.9
98788,T4d,5227.9
76325,T2a,5228.000000000001
34057,Mi1,5228.7
35017,Mi1,5228.8
19292,Li28,5229.0
23047,Li28,5229.6
35405,Mi1,5229.900000000001
42119,Mi1,5229.900000000001
15909,Li28,5230.599999999999
15263,Li28,5231.900000000001
109598,T4b,5232.6
11981,Li28,5232.8
65671,Mi1,5232.9
33907,Mi1,5233.900000000001
34479,Mi1,5234.0
15019,Li28,5234.1
35836,Mi1,5234.500000000001
35840,Mi1,5234.900000000001
34189,Mi1,5235.0
16596,Li28,5235.2
16545,Li28,5236.2
33462,Mi1,5236.400000000001
17596,Li28,5237.0
51122,Mi1,5237.200000000001
35770,Mi1,5237.8
34849,Mi1,5238.599999999999
56564,Mi1,5239.1
90049,T4c,5239.2
35498,Mi1,5239.6
36252,Mi1,5239.6
37000,Mi1,5240.0
17280,Li28,5240.4
20264,Li28,5240.9
55976,Mi1,5241.0
16033,Li28,5241.2
102791,T4c,5241.2
53065,Mi1,5241.3
34356,Mi1,5241.5
14209,Li28,5241.6
98985,T4c,5241.6
35017,Mi1,5242.3
118924,Tm3,5242.3
94624,T4a,5242.6
23047,Li28,5242.8
19292,Li28,5243.3
71052,T2a,5243.3
15909,Li28,5243.599999999999
35405,Mi1,5244.000000000001
34057,Mi1,5244.1
66808,Tm3,5244.6
95458,T4d,5244.6
42119,Mi1,5245.4
66325,Tm3,5245.7
532850,Tm3,5245.900000000001
15263,Li28,5246.0
99922,T4c,5246.700000000001
69597,Tm3,5246.9
65671,Mi1,5247.4
34479,Mi1,5247.8
69380,Tm3,5247.8
74023,T2a,5247.8
11981,Li28,5247.900000000001
116716,T4b,5248.099999999999
82145,T2a,5248.5
33907,Mi1,5248.7
92431,T4a,5248.8
101772,Tm3,5248.8
35836,Mi1,5249.0
15019,Li28,5249.3
34189,Mi1,5249.3
73828,Tm3,5249.3
35840,Mi1,5249.6
16596,Li28,5249.7
99663,T4c,5249.8
91469,T4c,5250.1
97899,T4a,5250.200000000001
92047,T4c,5250.4
50333,TmY3,5250.500000000001
98099,T4b,5250.6
33462,Mi1,5250.8
92706,T4a,5251.2
16545,Li28,5251.400000000001
17596,Li28,5251.400000000001
35770,Mi1,5251.5
51122,Mi1,5251.5
34849,Mi1,5252.2
36252,Mi1,5252.7
15909,Li28,5253.0
91806,T4a,5253.3
83365,T2a,5253.5
56564,Mi1,5253.7
35498,Mi1,5254.0
37000,Mi1,5254.0
53065,Mi1,5254.0
55976,Mi1,5254.0
95883,T4a,5254.0
51231,TmY3,5254.2
93566,T4a,5254.2
97675,T4c,5254.2
98887,T4b,5254.2
17280,Li28,5254.5
16033,Li28,5254.599999999999
92114,T4c,5255.1
14209,Li28,5255.3
100867,T4b,5255.3
92939,T4b,5255.7
80302,T2a,5255.8
34356,Mi1,5255.900000000001
20264,Li28,5256.099999999999
90465,T4a,5256.099999999999
94305,T4a,5256.099999999999
34057,Mi1,5256.200000000001
35017,Mi1,5256.3
66214,T2a,5256.4
10015,HSN,5257.1
23047,Li28,5257.1
103479,T4c,5257.2
109142,T4b,5257.400000000001
19292,Li28,5257.6
98788,T4d,5257.6
106952,T4b,5258.200000000001
35405,Mi1,5258.4
107442,T4d,5258.7
96295,T4b,5258.8
92842,T4a,5259.0
45005,TmY3,5259.1
89434,T4c,5259.8
61401,T2a,5260.3
15263,Li28,5260.7
66808,Tm3,5260.900000000001
42119,Mi1,5261.0
75848,T2a,5261.200000000001
11981,Li28,5261.4
65671,Mi1,5261.8
100680,T4d,5262.0
34479,Mi1,5262.400000000001
92996,T4a,5262.8
33907,Mi1,5263.3
35836,Mi1,5263.5
35840,Mi1,5263.5
15909,Li28,5263.799999999999
34189,Mi1,5264.0
16545,Li28,5264.200000000001
16596,Li28,5264.200000000001
15019,Li28,5264.7
33462,Mi1,5265.3
34849,Mi1,5265.3
17596,Li28,5265.5
35770,Mi1,5266.0
51122,Mi1,5266.200000000001
37000,Mi1,5266.3
35498,Mi1,5267.0
79345,T2a,5267.3
56564,Mi1,5267.5
77383,T2a,5267.8
36252,Mi1,5267.9
16033,Li28,5268.2
55976,Mi1,5268.3
52328,TmY3,5268.400000000001
53065,Mi1,5268.7
34057,Mi1,5268.8
98381,T4d,5269.200000000001
34356,Mi1,5269.5
17280,Li28,5269.6
20264,Li28,5269.7
35017,Mi1,5270.0
14209,Li28,5270.8
110646,T4b,5271.1
88625,T4c,5271.7
99922,T4c,5271.799999999999
114391,T4d,5271.799999999999
19292,Li28,5271.799999999999
23047,Li28,5271.900000000001
35405,Mi1,5272.099999999999
76325,T2a,5272.4
92431,T4a,5272.6
71052,T2a,5272.9
99423,T4d,5273.1
95822,T4b,5273.2
101772,Tm3,5273.900000000001
11981,Li28,5274.1
94624,T4a,5274.3
65671,Mi1,5274.900000000001
15263,Li28,5275.9
42119,Mi1,5276.1
92047,T4c,5276.5
34479,Mi1,5276.7
33907,Mi1,5277.099999999999
15909,Li28,5277.4
16545,Li28,5277.4
35836,Mi1,5277.6
35840,Mi1,5277.6
34189,Mi1,5277.9
90049,T4c,5278.8
33462,Mi1,5279.3
34849,Mi1,5279.4
16596,Li28,5279.5
35498,Mi1,5279.6
37000,Mi1,5279.900000000001
17596,Li28,5280.3
15019,Li28,5280.400000000001
35770,Mi1,5280.8
16033,Li28,5281.2
56564,Mi1,5281.3
102791,T4c,5281.3
104257,T4b,5281.3
51122,Mi1,5281.5
99663,T4c,5282.0
35017,Mi1,5282.4
83365,T2a,5282.6
34057,Mi1,5282.7
98985,T4c,5282.7
97899,T4a,5283.1
34356,Mi1,5283.3
53065,Mi1,5283.3
55976,Mi1,5283.5
66808,Tm3,5283.8
76524,Tm3,5284.000000000001
36252,Mi1,5284.1
105698,T4c,5284.2
20264,Li28,5284.3
17280,Li28,5284.8
95883,T4a,5284.900000000001
97231,T4a,5285.5
92114,T4c,5285.6
94305,T4a,5285.6
14209,Li28,5285.7
35405,Mi1,5285.8
19292,Li28,5286.3
74023,T2a,5286.3
92706,T4a,5286.700000000001
23047,Li28,5287.1
91444,T4c,5287.2
69597,Tm3,5287.3
50333,TmY3,5288.0
69380,Tm3,5288.1
91469,T4c,5288.1
11981,Li28,5288.200000000001
100867,T4b,5288.400000000001
65671,Mi1,5289.400000000001
15909,Li28,5289.5
10015,HSN,5289.8
118924,Tm3,5289.900000000001
42119,Mi1,5289.900000000001
15263,Li28,5290.6
16545,Li28,5290.900000000001
34479,Mi1,5291.0
33907,Mi1,5291.3
35840,Mi1,5291.400000000001
108349,T4d,5292.2
33462,Mi1,5292.5
34849,Mi1,5292.7
35836,Mi1,5292.8
34189,Mi1,5293.0
102016,T4a,5293.5
17596,Li28,5294.0
37000,Mi1,5294.0
16596,Li28,5294.700000000001
109536,T4d,5294.700000000001
16033,Li28,5294.8
89434,T4c,5294.9
35770,Mi1,5295.1
56564,Mi1,5295.1
35498,Mi1,5295.3
15019,Li28,5295.4
75848,T2a,5296.1
51122,Mi1,5296.3
35017,Mi1,5296.400000000001
34057,Mi1,5296.5
34356,Mi1,5297.000000000001
55976,Mi1,5297.5
47368,TmY3,5297.6
91806,T4a,5297.7
110646,T4b,5298.0
36252,Mi1,5298.4
53065,Mi1,5298.7
14209,Li28,5299.1
101772,Tm3,5299.2
17280,Li28,5300.0
92431,T4a,5300.2
20264,Li28,5300.3
93566,T4a,5300.3
98381,T4d,5300.5
95458,T4d,5300.6
19292,Li28,5300.7
35405,Mi1,5300.7
11981,Li28,5301.099999999999
107442,T4d,5301.099999999999
92047,T4c,5301.3
15909,Li28,5301.3
73828,Tm3,5301.6
109598,T4b,5302.0
98099,T4b,5302.1
99922,T4c,5302.2
23047,Li28,5302.700000000001
51231,TmY3,5302.8
98788,T4d,5303.2
97675,T4c,5303.7
16545,Li28,5303.900000000001
42119,Mi1,5304.3
65671,Mi1,5304.9
34479,Mi1,5304.9
15263,Li28,5305.5
34849,Mi1,5305.8
33907,Mi1,5306.0
35840,Mi1,5307.0
33462,Mi1,5307.1
34189,Mi1,5307.2
35836,Mi1,5307.599999999999
17596,Li28,5308.5
16033,Li28,5308.7
37000,Mi1,5309.099999999999
35770,Mi1,5309.099999999999
35498,Mi1,5309.099999999999
16596,Li28,5309.099999999999
71052,T2a,5309.5
15019,Li28,5309.6
56564,Mi1,5310.3
51122,Mi1,5310.400000000001
34057,Mi1,5310.599999999999
34356,Mi1,5310.8
532850,Tm3,5310.8
35017,Mi1,5311.3
55976,Mi1,5311.900000000001
106952,T4b,5312.2
36252,Mi1,5312.400000000001
102791,T4c,5312.5
54087,Mi1,5312.6
99663,T4c,5312.9
14209,Li28,5313.400000000001
15909,Li28,5313.400000000001
53065,Mi1,5313.5
95883,T4a,5313.6
94624,T4a,5313.7
66808,Tm3,5313.900000000001
19292,Li28,5313.900000000001
35405,Mi1,5313.900000000001
94305,T4a,5314.200000000001
59397,Mi1,5314.500000000001
17280,Li28,5314.6
92114,T4c,5315.5
20264,Li28,5315.599999999999
97899,T4a,5315.599999999999
98887,T4b,5315.700000000001
23047,Li28,5315.8
69597,Tm3,5315.8
79257,Tm3,5316.0
36540,Mi1,5316.0
83365,T2a,5316.6
92706,T4a,5316.7
96295,T4b,5316.8
50333,TmY3,5316.900000000001
11981,Li28,5317.0
103479,T4c,5317.099999999999
33655,Mi1,5317.200000000001
109142,T4b,5317.3
74023,T2a,5317.9
16545,Li28,5318.2
80302,T2a,5318.599999999999
90465,T4a,5319.2
34479,Mi1,5319.3
90049,T4c,5319.4
34849,Mi1,5319.6
42119,Mi1,5319.6
65671,Mi1,5320.1
10015,HSN,5320.5
15263,Li28,5320.5
33907,Mi1,5321.2
35840,Mi1,5321.400000000001
35836,Mi1,5321.400000000001
33462,Mi1,5321.900000000001
34189,Mi1,5322.0
16033,Li28,5322.8
37000,Mi1,5323.1
35770,Mi1,5323.400000000001
34057,Mi1,5323.700000000001
101772,Tm3,5323.700000000001
98985,T4c,5323.8
15019,Li28,5324.0
17596,Li28,5324.3
34356,Mi1,5324.400000000001
16596,Li28,5324.5
15909,Li28,5325.0
35498,Mi1,5325.0
55976,Mi1,5325.200000000001
56564,Mi1,5325.3
35017,Mi1,5325.5
51122,Mi1,5325.6
91806,T4a,5326.1
108307,T4b,5326.2
36252,Mi1,5326.400000000001
104257,T4b,5326.9
91469,T4c,5327.500000000001
77383,T2a,5327.6
19292,Li28,5327.7
92431,T4a,5327.7
14209,Li28,5327.900000000001
69380,Tm3,5328.3
53065,Mi1,5328.5
92842,T4a,5328.8
105698,T4c,5328.9
17280,Li28,5329.2
73096,T2a,5329.400000000001
83979,T4a,5329.400000000001
35405,Mi1,5329.900000000001
23047,Li28,5329.900000000001
118924,Tm3,5330.6
88625,T4c,5331.0
76325,T2a,5331.2
92047,T4c,5331.5
16545,Li28,5331.599999999999
20264,Li28,5331.599999999999
61401,T2a,5331.700000000001
11981,Li28,5332.1
100867,T4b,5332.7
42119,Mi1,5333.200000000001
34479,Mi1,5333.4
65671,Mi1,5333.7
34849,Mi1,5333.8
66808,Tm3,5334.299999999999
15263,Li28,5334.700000000001
33462,Mi1,5335.0
35840,Mi1,5335.1
33907,Mi1,5335.200000000001
59397,Mi1,5335.200000000001
36540,Mi1,5335.7
35836,Mi1,5335.8
95883,T4a,5336.0
34189,Mi1,5336.2
16033,Li28,5336.5
54087,Mi1,5336.5
15909,Li28,5337.000000000001
34356,Mi1,5337.3
37000,Mi1,5337.5
89434,T4c,5337.5
34057,Mi1,5337.6
15019,Li28,5337.8
17596,Li28,5338.4
92114,T4c,5338.500000000001
35770,Mi1,5338.6
110646,T4b,5338.7
93566,T4a,5339.1
35498,Mi1,5339.599999999999
56564,Mi1,5339.9
35017,Mi1,5340.0
55976,Mi1,5340.2
51122,Mi1,5340.3
16596,Li28,5340.5
85126,T4a,5340.8
36252,Mi1,5341.200000000001
33655,Mi1,5341.3
75848,T2a,5341.4
83365,T2a,5341.5
87424,T4d,5341.7
114391,T4d,5341.8
14209,Li28,5341.9
50333,TmY3,5341.9
98381,T4d,5342.0
91444,T4c,5342.400000000001
94624,T4a,5342.599999999999
99922,T4c,5342.700000000001
99663,T4c,5342.900000000001
69597,Tm3,5343.1
53065,Mi1,5343.3
19292,Li28,5343.3
51231,TmY3,5343.4
94305,T4a,5343.6
97899,T4a,5343.6
23047,Li28,5343.8
74023,T2a,5344.0
35405,Mi1,5344.3
17280,Li28,5344.6
97231,T4a,5345.1
101772,Tm3,5345.2
16545,Li28,5345.2
20264,Li28,5345.3
34849,Mi1,5346.500000000001
11981,Li28,5346.900000000001
10015,HSN,5347.1
109598,T4b,5347.3
65671,Mi1,5347.400000000001
34479,Mi1,5347.5
10016,HSE,5348.3
71052,T2a,5348.6
15909,Li28,5348.7
33462,Mi1,5348.900000000001
42119,Mi1,5349.099999999999
95458,T4d,5349.3
16033,Li28,5349.7
35840,Mi1,5349.7
90049,T4c,5349.9
33907,Mi1,5350.1
34356,Mi1,5350.1
15263,Li28,5350.2
35836,Mi1,5350.6
92706,T4a,5351.0
37000,Mi1,5351.200000000001
34189,Mi1,5351.3
52328,TmY3,5351.4
34057,Mi1,5351.6
36540,Mi1,5352.400000000001
15019,Li28,5352.700000000001
35017,Mi1,5353.000000000001
59397,Mi1,5353.1
98985,T4c,5353.1
47368,TmY3,5353.3
17596,Li28,5353.6
35770,Mi1,5353.6
92431,T4a,5353.8
54087,Mi1,5354.0
35498,Mi1,5354.0
56564,Mi1,5354.3
102791,T4c,5354.5
55976,Mi1,5354.7
16596,Li28,5354.900000000001
36252,Mi1,5355.0
91469,T4c,5355.700000000001
51122,Mi1,5355.9
14209,Li28,5356.4
66808,Tm3,5356.5
107442,T4d,5356.900000000001
19292,Li28,5357.3
33655,Mi1,5357.6
75521,T2a,5357.9
35405,Mi1,5358.0
23047,Li28,5358.1
98887,T4b,5358.6
34849,Mi1,5358.700000000001
53065,Mi1,5358.8
98788,T4d,5358.8
34369,Mi1,5359.0
97675,T4c,5359.1
76524,Tm3,5359.500000000001
16545,Li28,5360.0
17280,Li28,5360.1
116129,T4b,5360.2
20264,Li28,5360.400000000001
15909,Li28,5361.2
11981,Li28,5361.900000000001
34479,Mi1,5362.0
33462,Mi1,5362.099999999999
65671,Mi1,5362.3
73828,Tm3,5362.3
532850,Tm3,5362.5
42119,Mi1,5362.8
83979,T4a,5362.900000000001
92114,T4c,5363.0
63420,Mi1,5363.5
101772,Tm3,5363.8
15263,Li28,5364.3
35840,Mi1,5364.5
106952,T4b,5364.5
50333,TmY3,5364.6
76325,T2a,5364.6
16033,Li28,5364.7
33907,Mi1,5364.7
93750,T4c,5365.0
35836,Mi1,5365.0
34356,Mi1,5365.200000000001
99423,T4d,5365.3
37948,Mi1,5365.4
103479,T4c,5365.5
34189,Mi1,5366.0
34057,Mi1,5366.2
37000,Mi1,5366.2
17596,Li28,5367.0
35017,Mi1,5367.0
15019,Li28,5367.1
38767,Mi1,5367.6
36540,Mi1,5367.900000000001
56564,Mi1,5367.900000000001
35498,Mi1,5368.2
55976,Mi1,5368.2
35770,Mi1,5368.3
36252,Mi1,5368.5
95883,T4a,5368.5
92047,T4c,5369.400000000001
54087,Mi1,5369.8
59397,Mi1,5369.900000000001
91806,T4a,5370.0
98099,T4b,5370.099999999999
19292,Li28,5370.3
91283,T4c,5370.4
16596,Li28,5370.6
79345,T2a,5370.6
14209,Li28,5370.7
97899,T4a,5370.8
51122,Mi1,5370.900000000001
104257,T4b,5370.900000000001
69380,Tm3,5371.0
74023,T2a,5371.1
99663,T4c,5371.3
98381,T4d,5371.400000000001
77383,T2a,5371.400000000001
96295,T4b,5371.5
15909,Li28,5371.700000000001
94305,T4a,5371.9
23047,Li28,5372.2
88625,T4c,5372.5
35405,Mi1,5372.6
79257,Tm3,5372.6
16545,Li28,5372.7
34849,Mi1,5372.7
97028,T4c,5372.900000000001
53065,Mi1,5373.7
33655,Mi1,5373.8
20264,Li28,5374.2
100867,T4b,5374.6
99922,T4c,5374.8
17280,Li28,5375.200000000001
42119,Mi1,5375.8
11981,Li28,5375.900000000001
34479,Mi1,5375.900000000001
105698,T4c,5376.0
33462,Mi1,5376.2
71052,T2a,5376.700000000001
93566,T4a,5377.2
65671,Mi1,5377.2
118924,Tm3,5378.5
89434,T4c,5378.8
91469,T4c,5378.8
34356,Mi1,5378.900000000001
35840,Mi1,5378.900000000001
83365,T2a,5378.900000000001
33907,Mi1,5379.0
92939,T4b,5379.0
34369,Mi1,5379.5
35836,Mi1,5379.599999999999
109142,T4b,5379.700000000001
34057,Mi1,5380.1
108307,T4b,5380.2
16033,Li28,5380.3
34189,Mi1,5380.4
15263,Li28,5380.7
85126,T4a,5380.7
73096,T2a,5380.8
17596,Li28,5381.0
37000,Mi1,5381.099999999999
98985,T4c,5381.3
35017,Mi1,5381.3
92706,T4a,5381.4
15019,Li28,5381.5
35498,Mi1,5381.8
66808,Tm3,5382.2
102791,T4c,5382.2
56564,Mi1,5382.400000000001
55976,Mi1,5382.6
36252,Mi1,5382.7
95822,T4b,5382.7
95458,T4d,5383.0
110646,T4b,5383.200000000001
63420,Mi1,5383.200000000001
10015,HSN,5383.200000000001
35770,Mi1,5383.3
69597,Tm3,5383.8
15909,Li28,5384.1
94624,T4a,5384.1
90049,T4c,5384.700000000001
54885,TmY3,5384.8
19292,Li28,5384.9
36540,Mi1,5385.2
10025,H2,5385.3
16596,Li28,5385.400000000001
59397,Mi1,5385.5
91444,T4c,5385.6
92431,T4a,5385.7
34849,Mi1,5385.900000000001
51122,Mi1,5386.0
14209,Li28,5386.099999999999
23047,Li28,5386.200000000001
92996,T4a,5386.200000000001
108349,T4d,5386.200000000001
54087,Mi1,5386.3
66325,Tm3,5386.3
61401,T2a,5386.5
109598,T4b,5386.6
105718,T4b,5386.7
16545,Li28,5386.900000000001
53065,Mi1,5386.900000000001
35405,Mi1,5387.2
37948,Mi1,5387.3
101772,Tm3,5387.8
33655,Mi1,5388.3
47368,TmY3,5388.5
20264,Li28,5388.900000000001
92842,T4a,5389.3
33462,Mi1,5389.3
17280,Li28,5389.7
98887,T4b,5389.7
11981,Li28,5390.000000000001
42119,Mi1,5390.1
34479,Mi1,5390.2
52328,TmY3,5390.2
65671,Mi1,5390.2
38767,Mi1,5390.6
50333,TmY3,5390.6
98788,T4d,5390.7
83979,T4a,5390.7
75848,T2a,5390.8
116716,T4b,5391.7
90465,T4a,5392.1
66214,T2a,5392.400000000001
92114,T4c,5392.400000000001
33907,Mi1,5392.9
35840,Mi1,5392.9
45005,TmY3,5393.8
16033,Li28,5394.0
34356,Mi1,5394.099999999999
51231,TmY3,5394.200000000001
35836,Mi1,5394.3
34057,Mi1,5394.4
37000,Mi1,5394.5
103022,T4a,5394.6
15263,Li28,5395.0
17596,Li28,5395.0
34189,Mi1,5395.3
35498,Mi1,5395.400000000001
95364,T4d,5395.599999999999
93750,T4c,5395.8
34369,Mi1,5396.2
55976,Mi1,5396.3
15909,Li28,5396.3
15019,Li28,5396.3
39158,Mi1,5396.4
56564,Mi1,5396.4
35017,Mi1,5396.5
10016,HSE,5396.900000000001
36252,Mi1,5397.0
74023,T2a,5397.200000000001
35770,Mi1,5397.4
114391,T4d,5398.000000000001
107442,T4d,5398.400000000001
97675,T4c,5398.5
95883,T4a,5398.5
99663,T4c,5398.7
34849,Mi1,5399.4
36540,Mi1,5399.4
100867,T4b,5399.4
19292,Li28,5399.500000000001
98381,T4d,5399.6
59397,Mi1,5399.7
91806,T4a,5400.2
37019,Mi1,5400.3
16596,Li28,5400.5
104257,T4b,5400.599999999999
53065,Mi1,5400.599999999999
94305,T4a,5400.599999999999
34862,Mi1,5400.700000000001
23047,Li28,5400.8
63420,Mi1,5400.8
92047,T4c,5401.1
97231,T4a,5401.1
33446,Mi1,5401.5
51122,Mi1,5401.5
54087,Mi1,5401.6
112744,T4d,5401.7
41809,Mi1,5401.8
14209,Li28,5401.8
16545,Li28,5402.099999999999
33655,Mi1,5402.4
35405,Mi1,5402.7
37948,Mi1,5403.3
91469,T4c,5403.3
20264,Li28,5403.5
38479,Mi1,5403.5
10112,VS,5403.8
11981,Li28,5404.0
34479,Mi1,5404.0
10037,VS,5404.0
97899,T4a,5404.2
42119,Mi1,5404.5
33462,Mi1,5404.6
10015,HSN,5404.7
34045,Mi1,5404.799999999999
65671,Mi1,5405.3
35840,Mi1,5405.400000000001
117627,Tm3,5405.400000000001
17280,Li28,5405.700000000001
92706,T4a,5406.000000000001
38767,Mi1,5406.1
103639,T4d,5406.3
89434,T4c,5406.900000000001
32893,Mi1,5407.0
104858,T4b,5407.1
35836,Mi1,5407.8
34356,Mi1,5407.900000000001
37000,Mi1,5407.900000000001
16033,Li28,5408.2
33907,Mi1,5408.2
34057,Mi1,5409.000000000001
34189,Mi1,5409.000000000001
35498,Mi1,5409.1
17596,Li28,5409.400000000001
15263,Li28,5409.7
15909,Li28,5410.0
55976,Mi1,5410.0
83365,T2a,5410.099999999999
35017,Mi1,5410.7
77383,T2a,5410.9
15019,Li28,5411.1
36252,Mi1,5411.2
101772,Tm3,5411.400000000001
66808,Tm3,5411.400000000001
56564,Mi1,5411.400000000001
34369,Mi1,5411.400000000001
75521,T2a,5411.8
80302,T2a,5412.6
89290,T4d,5412.799999999999
35770,Mi1,5413.0
94624,T4a,5413.0
110646,T4b,5413.0
19292,Li28,5413.400000000001
36540,Mi1,5413.9
59397,Mi1,5414.400000000001
96295,T4b,5414.5
23047,Li28,5414.7
53065,Mi1,5414.900000000001
102791,T4c,5415.0
34849,Mi1,5415.1
88625,T4c,5415.1
92939,T4b,5415.4
97028,T4c,5415.4
63420,Mi1,5415.500000000001
35405,Mi1,5415.7
47368,TmY3,5415.7
116129,T4b,5415.8
16596,Li28,5415.8
51122,Mi1,5415.900000000001
101215,T4c,5416.1
54087,Mi1,5416.2
95458,T4d,5416.3
33655,Mi1,5416.700000000001
16545,Li28,5416.8
14209,Li28,5416.9
69380,Tm3,5417.2
92431,T4a,5417.2
33462,Mi1,5418.3
20264,Li28,5418.4
65671,Mi1,5418.6
34862,Mi1,5418.7
42119,Mi1,5418.7
102462,T4c,5418.7
39158,Mi1,5419.0
37948,Mi1,5419.1
98099,T4b,5419.2
35840,Mi1,5419.3
71052,T2a,5419.5
11981,Li28,5419.700000000001
34479,Mi1,5419.8
109142,T4b,5420.0
83979,T4a,5420.2
532850,Tm3,5420.7
37019,Mi1,5421.0
17280,Li28,5421.1
15909,Li28,5421.400000000001
16033,Li28,5421.5
33446,Mi1,5421.5
35836,Mi1,5421.700000000001
10025,H2,5421.9
50333,TmY3,5421.9
76325,T2a,5422.000000000001
38767,Mi1,5422.000000000001
34356,Mi1,5422.000000000001
102016,T4a,5422.1
90049,T4c,5422.3
41809,Mi1,5422.400000000001
85126,T4a,5422.900000000001
98985,T4c,5423.0
34057,Mi1,5423.1
37000,Mi1,5423.1
91283,T4c,5423.1
91469,T4c,5423.1
33907,Mi1,5423.500000000001
35498,Mi1,5423.6
34189,Mi1,5423.7
34045,Mi1,5423.8
15263,Li28,5424.0
17596,Li28,5424.2
92114,T4c,5424.3
38479,Mi1,5424.9
99423,T4d,5425.1
55976,Mi1,5425.2
98788,T4d,5425.2
73284,T2a,5425.6
56564,Mi1,5425.7
15019,Li28,5425.7
35017,Mi1,5425.8
86686,T4c,5425.8
36252,Mi1,5425.900000000001
69597,Tm3,5426.4
34369,Mi1,5426.5
99663,T4c,5426.7
99922,T4c,5426.7
87424,T4d,5426.8
89368,T4c,5426.9
75848,T2a,5427.0
106952,T4b,5427.1
92047,T4c,5427.3
95005,T4a,5427.599999999999
19292,Li28,5428.1
32893,Mi1,5428.1
104257,T4b,5428.1
34849,Mi1,5428.2
35770,Mi1,5428.2
23047,Li28,5428.3
59397,Mi1,5428.3
93566,T4a,5428.6
95681,T4a,5428.8
105698,T4c,5428.900000000001
98381,T4d,5429.0
35405,Mi1,5429.1
53065,Mi1,5429.1
16596,Li28,5429.400000000001
109598,T4b,5429.6
66808,Tm3,5430.000000000001
105718,T4b,5430.000000000001
16545,Li28,5430.2
54087,Mi1,5430.2
71161,T2a,5430.3
36540,Mi1,5430.400000000001
91806,T4a,5430.5
68522,T2a,5430.7
95822,T4b,5430.8
95883,T4a,5431.0
107442,T4d,5431.0
51122,Mi1,5431.099999999999
79271,T4a,5431.099999999999
103479,T4c,5431.200000000001
74023,T2a,5431.4
14209,Li28,5431.7
98887,T4b,5431.7
10016,HSE,5431.7
63420,Mi1,5431.900000000001
33655,Mi1,5432.0
33462,Mi1,5432.5
94305,T4a,5432.5
42119,Mi1,5432.599999999999
20264,Li28,5432.700000000001
10015,HSN,5433.2
73828,Tm3,5433.2
35840,Mi1,5433.3
92706,T4a,5433.400000000001
65671,Mi1,5433.6
15909,Li28,5433.7
11981,Li28,5433.8
10112,VS,5433.900000000001
34479,Mi1,5434.3
37948,Mi1,5434.8
97675,T4c,5434.9
101772,Tm3,5435.1
97899,T4a,5435.2
34862,Mi1,5435.400000000001
39158,Mi1,5435.700000000001
35836,Mi1,5435.700000000001
108307,T4b,5435.9
10037,VS,5436.0
16033,Li28,5436.1
91444,T4c,5436.1
17280,Li28,5436.2
34356,Mi1,5436.7
118924,Tm3,5437.0
33907,Mi1,5437.1
91682,T4b,5437.1
35498,Mi1,5437.200000000001
41809,Mi1,5437.200000000001
34057,Mi1,5437.5
37000,Mi1,5437.5
15263,Li28,5437.5
33446,Mi1,5437.6
89434,T4c,5438.2
17596,Li28,5438.3
34189,Mi1,5438.3
47368,TmY3,5438.3
38767,Mi1,5438.400000000001
83365,T2a,5438.8
56564,Mi1,5439.099999999999
35017,Mi1,5439.200000000001
37019,Mi1,5439.4
55976,Mi1,5439.6
36252,Mi1,5439.6
10025,H2,5439.900000000001
15019,Li28,5440.0
34045,Mi1,5440.0
34369,Mi1,5440.3
92431,T4a,5440.9
114391,T4d,5441.8
59397,Mi1,5441.900000000001
34849,Mi1,5442.0
35405,Mi1,5442.099999999999
38479,Mi1,5442.099999999999
100867,T4b,5442.3
97231,T4a,5442.3
35770,Mi1,5442.7
19292,Li28,5442.8
53065,Mi1,5442.9
94624,T4a,5442.9
102791,T4c,5443.400000000001
50333,TmY3,5443.599999999999
54087,Mi1,5443.8
16596,Li28,5444.0
122308,Tm3,5444.0
54885,TmY3,5444.1
117627,Tm3,5444.2
16545,Li28,5444.5
75521,T2a,5444.6
91469,T4c,5444.8
23047,Li28,5444.900000000001
15909,Li28,5445.3
32893,Mi1,5445.400000000001
90465,T4a,5445.400000000001
36540,Mi1,5445.6
88625,T4c,5445.9
51122,Mi1,5446.000000000001
14209,Li28,5446.000000000001
92996,T4a,5446.1
33655,Mi1,5446.2
33462,Mi1,5446.3
98300,T4a,5446.400000000001
42119,Mi1,5447.0
20264,Li28,5447.200000000001
73807,Tm3,5447.3
35840,Mi1,5447.4
63420,Mi1,5447.4
65671,Mi1,5447.7
37948,Mi1,5448.1
10015,HSN,5448.2
83979,T4a,5448.8
34479,Mi1,5448.9
11981,Li28,5449.0
97249,T4d,5449.3
98668,T4a,5449.6
34356,Mi1,5450.099999999999
35836,Mi1,5450.099999999999
39158,Mi1,5450.099999999999
16033,Li28,5450.5
34862,Mi1,5450.5
17280,Li28,5450.6
97872,T4d,5451.3
52328,TmY3,5451.400000000001
77480,Tm3,5451.400000000001
93750,T4c,5451.400000000001
33907,Mi1,5451.5
38767,Mi1,5451.599999999999
10016,HSE,5451.8
92114,T4c,5451.8
34057,Mi1,5452.0
15263,Li28,5452.1
35498,Mi1,5452.3
37000,Mi1,5452.4
56564,Mi1,5452.500000000001
73096,T2a,5452.6
34189,Mi1,5452.7
77383,T2a,5452.8
41809,Mi1,5452.900000000001
92939,T4b,5452.900000000001
112744,T4d,5453.0
35017,Mi1,5453.1
66808,Tm3,5453.1
98985,T4c,5453.1
74228,Tm3,5453.6
17596,Li28,5453.6
15019,Li28,5453.9
33446,Mi1,5454.1
34369,Mi1,5454.1
96295,T4b,5454.400000000001
55976,Mi1,5454.7
36252,Mi1,5455.200000000001
92047,T4c,5455.7
104257,T4b,5455.7
116129,T4b,5455.7
69380,Tm3,5455.8
35405,Mi1,5455.8
34849,Mi1,5455.900000000001
34045,Mi1,5456.1
93972,T4a,5456.1
79257,Tm3,5456.2
35770,Mi1,5456.3
37019,Mi1,5456.400000000001
15909,Li28,5457.0
101772,Tm3,5457.0
92706,T4a,5457.2
53065,Mi1,5457.2
94305,T4a,5457.3
89290,T4d,5457.3
59397,Mi1,5457.400000000001
101215,T4c,5457.400000000001
19292,Li28,5457.5
110646,T4b,5457.5
91806,T4a,5457.900000000001
99663,T4c,5457.900000000001
38479,Mi1,5458.099999999999
16596,Li28,5458.4
95883,T4a,5458.4
16545,Li28,5458.4
101005,T4d,5458.8
97028,T4c,5458.9
95822,T4b,5459.0
47368,TmY3,5459.2
54087,Mi1,5459.2
99922,T4c,5459.2
51231,TmY3,5459.400000000001
90049,T4c,5459.400000000001
97899,T4a,5459.599999999999
14209,Li28,5459.700000000001
98381,T4d,5459.700000000001
108349,T4d,5459.8
69597,Tm3,5459.8
79271,T4a,5459.8
75848,T2a,5460.1
76524,Tm3,5460.1
33462,Mi1,5460.200000000001
42119,Mi1,5460.200000000001
33655,Mi1,5460.500000000001
63420,Mi1,5460.500000000001
74023,T2a,5460.7
71052,T2a,5460.8
92842,T4a,5460.8
23047,Li28,5460.8
36540,Mi1,5460.8
65671,Mi1,5461.1
35840,Mi1,5461.2
10015,HSN,5461.6
32893,Mi1,5461.6
51122,Mi1,5461.700000000001
97171,T4d,5461.700000000001
95458,T4d,5462.1
20264,Li28,5462.2
37948,Mi1,5462.2
79345,T2a,5462.3
16033,Li28,5462.5
99628,T4b,5463.099999999999
76325,T2a,5463.200000000001
104008,T4b,5463.3
34356,Mi1,5463.6
34479,Mi1,5463.6
85126,T4a,5463.7
11981,Li28,5463.900000000001
10112,VS,5464.0
91469,T4c,5464.0
98099,T4b,5464.0
35836,Mi1,5464.2
17280,Li28,5464.599999999999
91444,T4c,5464.8
97675,T4c,5464.9
39158,Mi1,5465.0
33907,Mi1,5465.1
34057,Mi1,5465.1
38767,Mi1,5465.2
34862,Mi1,5465.3
95681,T4a,5465.400000000001
10037,VS,5465.8
90121,T4b,5465.900000000001
35017,Mi1,5466.0
109598,T4b,5466.0
10025,H2,5466.200000000001
35498,Mi1,5466.3
37000,Mi1,5466.3
50333,TmY3,5466.3
15263,Li28,5466.4
89434,T4c,5466.4
56564,Mi1,5466.5
83365,T2a,5466.7
92431,T4a,5466.7
117662,T4d,5466.7
89368,T4c,5467.0
109142,T4b,5467.2
15909,Li28,5467.2
34189,Mi1,5467.400000000001
80302,T2a,5467.400000000001
41809,Mi1,5467.5
10016,HSE,5467.599999999999
17596,Li28,5467.599999999999
45005,TmY3,5467.599999999999
15019,Li28,5468.3
36252,Mi1,5468.500000000001
55976,Mi1,5468.500000000001
98788,T4d,5468.7
35405,Mi1,5468.7
34849,Mi1,5468.7
34369,Mi1,5468.8
105698,T4c,5468.8
91283,T4c,5468.900000000001
33446,Mi1,5469.3
107442,T4d,5469.3
94624,T4a,5469.5
97231,T4a,5469.9
53065,Mi1,5470.400000000001
106952,T4b,5470.8
101043,T4c,5471.099999999999
66214,T2a,5471.099999999999
37019,Mi1,5471.099999999999
38479,Mi1,5471.200000000001
95005,T4a,5471.4
34045,Mi1,5471.6
73284,T2a,5471.6
102462,T4c,5471.6
102791,T4c,5471.6
19292,Li28,5471.7
35770,Mi1,5471.8
16545,Li28,5472.0
59397,Mi1,5472.2
16596,Li28,5472.400000000001
93566,T4a,5472.599999999999
10015,HSN,5473.1
74373,Tm3,5473.1
68522,T2a,5473.3
71161,T2a,5473.5
42119,Mi1,5473.7
23047,Li28,5474.099999999999
33462,Mi1,5474.099999999999
54087,Mi1,5474.099999999999
92114,T4c,5474.8
14209,Li28,5474.9
104297,T4a,5475.0
51122,Mi1,5475.2
63420,Mi1,5475.2
65671,Mi1,5475.2
103479,T4c,5475.2
35840,Mi1,5475.5
36540,Mi1,5475.700000000001
532850,Tm3,5475.8
33655,Mi1,5476.0
37948,Mi1,5476.4
20264,Li28,5476.4
32893,Mi1,5476.500000000001
16033,Li28,5476.900000000001
98887,T4b,5476.900000000001
109536,T4d,5477.0
34356,Mi1,5477.400000000001
35836,Mi1,5477.400000000001
101772,Tm3,5477.5
11981,Li28,5478.000000000001
66980,T2a,5478.2
34479,Mi1,5478.5
97899,T4a,5478.6
83979,T4a,5478.6
34862,Mi1,5478.7
75521,T2a,5478.7
33907,Mi1,5478.900000000001
108307,T4b,5478.900000000001
34057,Mi1,5479.0
15909,Li28,5479.4
35017,Mi1,5479.500000000001
98985,T4c,5479.500000000001
35498,Mi1,5479.6
86686,T4c,5479.6
17280,Li28,5479.6
38767,Mi1,5479.7
39158,Mi1,5479.7
98300,T4a,5480.0
37000,Mi1,5480.2
56564,Mi1,5480.2
94179,T4a,5480.700000000001
92047,T4c,5481.1
17596,Li28,5481.4
66808,Tm3,5481.4
55976,Mi1,5481.5
34189,Mi1,5481.7
15263,Li28,5481.7
36252,Mi1,5481.900000000001
35405,Mi1,5482.099999999999
91469,T4c,5482.099999999999
105718,T4b,5482.099999999999
34849,Mi1,5482.200000000001
95883,T4a,5482.200000000001
34369,Mi1,5482.3
73828,Tm3,5482.4
67719,T2a,5482.7
62272,T2,5482.7
15019,Li28,5482.7
94305,T4a,5482.9
99663,T4c,5482.9
33446,Mi1,5483.2
69380,Tm3,5483.299999999999
41809,Mi1,5483.5
47368,TmY3,5483.6
104257,T4b,5484.1
53065,Mi1,5484.3
122308,Tm3,5484.6
35770,Mi1,5484.6
92706,T4a,5484.8
38479,Mi1,5484.900000000001
10016,HSE,5484.900000000001
98381,T4d,5485.1
88625,T4c,5485.3
100867,T4b,5485.3
117627,Tm3,5485.5
91806,T4a,5485.700000000001
16545,Li28,5485.8
37019,Mi1,5486.000000000001
16596,Li28,5486.5
54885,TmY3,5486.5
59397,Mi1,5486.6
10015,HSN,5486.8
34045,Mi1,5486.8
42119,Mi1,5486.900000000001
101215,T4c,5486.900000000001
50333,TmY3,5487.0
19292,Li28,5487.5
118924,Tm3,5487.5
54087,Mi1,5487.7
99423,T4d,5487.7
89290,T4d,5487.8
71052,T2a,5488.1
33462,Mi1,5488.599999999999
15909,Li28,5489.0
23047,Li28,5489.0
33655,Mi1,5489.2
14209,Li28,5489.4
97161,T4a,5489.4
34933,Mi1,5489.5
116716,T4b,5489.5
74023,T2a,5489.7
51122,Mi1,5489.900000000001
32893,Mi1,5490.0
63420,Mi1,5490.0
65671,Mi1,5490.3
16033,Li28,5490.4
37948,Mi1,5490.5
10112,VS,5491.0
58862,Mi1,5491.0
34057,Mi1,5491.1
36533,Mi1,5491.400000000001
83689,T4a,5491.400000000001
35840,Mi1,5491.6
35498,Mi1,5491.700000000001
35836,Mi1,5491.8
36540,Mi1,5491.8
90049,T4c,5491.900000000001
36954,Mi1,5492.200000000001
79271,T4a,5492.3
90465,T4a,5492.3
104858,T4b,5492.4
91682,T4b,5492.6
34356,Mi1,5492.7
36217,Mi1,5492.8
11981,Li28,5492.900000000001
20264,Li28,5493.0
34479,Mi1,5493.0
56564,Mi1,5493.2
52328,TmY3,5493.2
34862,Mi1,5493.2
35017,Mi1,5493.2
99922,T4c,5493.5
33907,Mi1,5493.700000000001
38767,Mi1,5493.8
39158,Mi1,5494.400000000001
77383,T2a,5494.400000000001
93750,T4c,5494.5
37000,Mi1,5494.6
36446,Mi1,5494.8
17280,Li28,5494.8
78561,Tm3,5495.200000000001
33942,Mi1,5495.4
34369,Mi1,5495.6
61401,T2a,5495.6
101772,Tm3,5495.6
104683,T4b,5495.6
69597,Tm3,5495.7
98099,T4b,5495.7
49324,Mi1,5495.8
112744,T4d,5495.900000000001
83227,Tm3,5496.1
55976,Mi1,5496.1
34189,Mi1,5496.2
92939,T4b,5496.2
97028,T4c,5496.3
35405,Mi1,5496.400000000001
91444,T4c,5496.599999999999
10025,H2,5496.700000000001
15263,Li28,5496.8
61659,Tm3,5497.0
36252,Mi1,5497.1
107442,T4d,5497.1
17596,Li28,5497.1
34849,Mi1,5497.2
94624,T4a,5497.4
89434,T4c,5497.5
100787,T4b,5497.6
15019,Li28,5497.7
41809,Mi1,5497.7
68562,T2a,5498.0
96295,T4b,5498.099999999999
95822,T4b,5498.3
33446,Mi1,5498.4
110646,T4b,5498.4
16545,Li28,5498.5
51231,TmY3,5498.6
91283,T4c,5498.8
15909,Li28,5499.0
103022,T4a,5499.1
116129,T4b,5499.1
102791,T4c,5499.2
35770,Mi1,5499.3
10015,HSN,5499.8
75848,T2a,5499.8
91469,T4c,5499.8
101383,T4b,5499.8
38479,Mi1,5500.1
92431,T4a,5500.200000000001
66808,Tm3,5500.200000000001
92842,T4a,5500.3
92996,T4a,5500.4
53065,Mi1,5500.500000000001
59397,Mi1,5500.6
107170,T4b,5500.6
97899,T4a,5500.8
97171,T4d,5501.0
19292,Li28,5501.1
37019,Mi1,5501.1
109857,T4d,5501.1
42119,Mi1,5501.2
16596,Li28,5501.400000000001
54087,Mi1,5501.400000000001
85126,T4a,5501.400000000001
95458,T4d,5501.8
34045,Mi1,5502.000000000001
92114,T4c,5502.000000000001
45005,TmY3,5502.1
77676,T2a,5502.2
97675,T4c,5502.6
33655,Mi1,5503.0
16033,Li28,5503.099999999999
10016,HSE,5503.200000000001
33462,Mi1,5503.200000000001
14209,Li28,5503.3
74228,Tm3,5503.3
74231,Tm3,5503.3
109598,T4b,5503.4
47368,TmY3,5503.5
92047,T4c,5503.6
98887,T4b,5503.900000000001
34057,Mi1,5504.0
51122,Mi1,5504.1
10037,VS,5504.1
35498,Mi1,5504.1
32893,Mi1,5504.2
92706,T4a,5504.599999999999
10023,HSS,5504.700000000001
65671,Mi1,5504.700000000001
94305,T4a,5504.9
23047,Li28,5505.5
97231,T4a,5505.5
35840,Mi1,5505.7
36540,Mi1,5505.7
10025,H2,5505.8
35836,Mi1,5505.900000000001
63420,Mi1,5505.900000000001
95883,T4a,5506.0
34862,Mi1,5506.099999999999
73096,T2a,5506.4
11981,Li28,5506.6
34479,Mi1,5506.8
37948,Mi1,5506.8
56564,Mi1,5506.8
20264,Li28,5507.1
106952,T4b,5507.2
99663,T4c,5507.3
83365,T2a,5507.3
37000,Mi1,5507.400000000001
34356,Mi1,5507.5
83979,T4a,5507.5
109631,T4b,5507.6
17280,Li28,5507.8
33907,Mi1,5507.900000000001
35017,Mi1,5508.0
98668,T4a,5508.0
98788,T4d,5508.0
10015,HSN,5508.200000000001
109142,T4b,5508.4
76325,T2a,5508.500000000001
93566,T4a,5508.500000000001
69380,Tm3,5508.6
39158,Mi1,5508.7
50333,TmY3,5508.7
55976,Mi1,5509.0
89368,T4c,5509.0
38767,Mi1,5509.2
34933,Mi1,5509.5
34369,Mi1,5509.599999999999
96090,T4c,5509.599999999999
104257,T4b,5509.9
15909,Li28,5510.000000000001
34189,Mi1,5510.1
95364,T4d,5510.2
36252,Mi1,5510.3
35405,Mi1,5510.6
36217,Mi1,5510.6
15263,Li28,5510.7
33446,Mi1,5510.900000000001
77480,Tm3,5510.900000000001
34849,Mi1,5511.0
114391,T4d,5511.0
17596,Li28,5511.099999999999
58862,Mi1,5511.200000000001
73284,T2a,5511.200000000001
36533,Mi1,5511.4
98300,T4a,5511.4
15019,Li28,5511.6
108349,T4d,5511.6
95681,T4a,5511.7
16545,Li28,5511.8
87424,T4d,5512.3
98985,T4c,5512.400000000001
36446,Mi1,5512.599999999999
41809,Mi1,5512.700000000001
127615,Tm3,5512.8
36954,Mi1,5512.9
95005,T4a,5512.9
71161,T2a,5513.0
102462,T4c,5513.0
88625,T4c,5513.1
101005,T4d,5513.2
105718,T4b,5513.2
91806,T4a,5513.3
102016,T4a,5513.3
66325,Tm3,5513.4
35770,Mi1,5513.4
98381,T4d,5513.7
79257,Tm3,5513.8
74937,T2a,5513.900000000001
100867,T4b,5514.0
33942,Mi1,5514.200000000001
101772,Tm3,5514.200000000001
38479,Mi1,5514.3
10016,HSE,5514.4
88992,T4c,5514.4
10112,VS,5514.5
59397,Mi1,5514.5
77991,Tm3,5514.7
42119,Mi1,5514.9
122233,Tm3,5515.0
89290,T4d,5515.3
37019,Mi1,5515.400000000001
105698,T4c,5515.5
54087,Mi1,5515.6
65513,T2a,5515.7
16033,Li28,5516.0
53065,Mi1,5516.0
49324,Mi1,5516.500000000001
99950,T4c,5516.6
16596,Li28,5516.6
34045,Mi1,5516.6
10037,VS,5516.8
10025,H2,5516.900000000001
74023,T2a,5516.900000000001
75521,T2a,5516.900000000001
19292,Li28,5517.400000000001
32893,Mi1,5517.400000000001
102741,T4c,5517.400000000001
104008,T4b,5517.700000000001
34057,Mi1,5517.700000000001
35498,Mi1,5518.000000000001
33655,Mi1,5518.000000000001
10015,HSN,5518.2
91469,T4c,5518.3
51122,Mi1,5518.5
111184,T4a,5518.7
33462,Mi1,5518.900000000001
91682,T4b,5519.099999999999
109536,T4d,5519.200000000001
34479,Mi1,5519.3
35840,Mi1,5519.4
83689,T4a,5519.4
35836,Mi1,5519.4
14209,Li28,5519.5
65671,Mi1,5519.5
36540,Mi1,5519.6
56564,Mi1,5519.6
63420,Mi1,5519.7
15909,Li28,5519.900000000001
11981,Li28,5520.0
99628,T4b,5520.2
109649,T4c,5520.400000000001
37000,Mi1,5520.5
23047,Li28,5520.5
34356,Mi1,5521.0
71052,T2a,5521.0
34862,Mi1,5521.2
20264,Li28,5521.4
93750,T4c,5521.4
89434,T4c,5521.5
103022,T4a,5521.5
37948,Mi1,5521.7
33907,Mi1,5521.8
94287,T4d,5521.900000000001
98099,T4b,5522.0
35017,Mi1,5522.0
99922,T4c,5522.099999999999
47962,TmY3,5522.5
55976,Mi1,5522.5
66808,Tm3,5522.5
73828,Tm3,5522.5
92939,T4b,5522.5
66214,T2a,5522.6
104858,T4b,5522.6
66980,T2a,5522.8
39158,Mi1,5523.000000000001
16545,Li28,5523.000000000001
97675,T4c,5523.1
85737,T2a,5523.2
90423,T4b,5523.3
97899,T4a,5523.3
101043,T4c,5523.400000000001
95883,T4a,5523.5
34369,Mi1,5523.6
38767,Mi1,5523.7
36252,Mi1,5523.7
92431,T4a,5523.7
81995,Tm3,5523.8
34189,Mi1,5523.900000000001
108307,T4b,5524.0
17280,Li28,5524.200000000001
34849,Mi1,5524.200000000001
47368,TmY3,5524.4
79271,T4a,5524.6
92047,T4c,5525.0
93972,T4a,5525.0
91283,T4c,5525.1
94624,T4a,5525.1
96295,T4b,5525.2
33446,Mi1,5525.2
15019,Li28,5525.2
35405,Mi1,5525.3
91057,T4c,5525.3
34933,Mi1,5525.400000000001
92644,T4d,5525.5
68842,TmY3,5525.599999999999
77383,T2a,5525.599999999999
80302,T2a,5525.599999999999
15263,Li28,5525.700000000001
17596,Li28,5525.700000000001
102791,T4c,5525.8
86686,T4c,5525.8
95822,T4b,5525.8
122308,Tm3,5526.1
76524,Tm3,5526.3
101215,T4c,5526.400000000001
94305,T4a,5526.5
41809,Mi1,5526.6
92706,T4a,5526.6
110646,T4b,5526.6
112744,T4d,5526.6
35770,Mi1,5526.7
58862,Mi1,5526.8
68522,T2a,5526.900000000001
36533,Mi1,5527.0
118924,Tm3,5527.0
59397,Mi1,5527.099999999999
69597,Tm3,5527.5
90049,T4c,5527.7
97028,T4c,5527.7
10025,H2,5527.8
74373,Tm3,5528.0
36446,Mi1,5528.2
51231,TmY3,5528.2
10015,HSN,5528.400000000001
95458,T4d,5528.599999999999
36217,Mi1,5528.8
10112,VS,5529.0
16033,Li28,5529.0
38479,Mi1,5529.1
54885,TmY3,5529.1
90121,T4b,5529.2
36954,Mi1,5529.3
10016,HSE,5529.4
104368,T4c,5529.6
42119,Mi1,5529.7
15909,Li28,5529.7
53065,Mi1,5529.799999999999
83979,T4a,5530.200000000001
54087,Mi1,5530.3
117627,Tm3,5530.3
98887,T4b,5530.4
16596,Li28,5530.5
92842,T4a,5530.5
33942,Mi1,5530.6
73586,Tm3,5530.700000000001
108697,T4d,5530.9
50333,TmY3,5531.000000000001
37019,Mi1,5531.3
35498,Mi1,5531.3
34045,Mi1,5531.400000000001
92114,T4c,5531.400000000001
10037,VS,5531.6
49324,Mi1,5531.6
34057,Mi1,5531.7
19292,Li28,5531.8
51122,Mi1,5531.900000000001
97161,T4a,5532.4
33655,Mi1,5532.8
35836,Mi1,5532.8
32893,Mi1,5532.900000000001
11981,Li28,5533.1
52328,TmY3,5533.1
65671,Mi1,5533.2
33462,Mi1,5533.599999999999
63420,Mi1,5533.700000000001
99131,T4c,5533.700000000001
34479,Mi1,5533.8
109142,T4b,5533.8
56564,Mi1,5533.9
103479,T4c,5534.2
107442,T4d,5534.3
14209,Li28,5534.3
36540,Mi1,5534.400000000001
35840,Mi1,5534.5
101772,Tm3,5534.5
23047,Li28,5534.6
34356,Mi1,5534.6
37000,Mi1,5534.7
99663,T4c,5534.7
104257,T4b,5534.8
109598,T4b,5535.5
127153,Tm3,5535.5
94179,T4a,5535.6
37948,Mi1,5535.6
35017,Mi1,5535.900000000001
20264,Li28,5536.0
16545,Li28,5536.2
34862,Mi1,5536.2
98788,T4d,5536.2
91469,T4c,5536.3
10023,HSS,5536.5
55976,Mi1,5536.5
92281,T4c,5536.599999999999
91444,T4c,5536.700000000001
90465,T4a,5536.700000000001
36252,Mi1,5536.9
69380,Tm3,5536.9
88625,T4c,5537.0
33907,Mi1,5537.2
96576,T4c,5537.6
34849,Mi1,5537.799999999999
39158,Mi1,5537.900000000001
85126,T4a,5537.900000000001
91806,T4a,5537.900000000001
34189,Mi1,5538.0
38767,Mi1,5538.099999999999
34369,Mi1,5538.6
15909,Li28,5538.700000000001
10025,H2,5538.8
74228,Tm3,5538.8
10015,HSN,5538.9
95005,T4a,5538.9
95453,T4a,5538.9
17280,Li28,5539.1
35405,Mi1,5539.2
67719,T2a,5539.5
71773,T2a,5539.5
15019,Li28,5539.6
87424,T4d,5539.7
61659,Tm3,5539.900000000001
33446,Mi1,5540.0
59397,Mi1,5540.0
34933,Mi1,5540.1
98381,T4d,5540.1
100867,T4b,5540.1
89434,T4c,5540.200000000001
35770,Mi1,5540.7
93566,T4a,5540.7
45005,TmY3,5540.8
58862,Mi1,5540.900000000001
17596,Li28,5540.900000000001
15263,Li28,5541.0
95335,T4a,5541.0
98985,T4c,5541.0
83365,T2a,5541.1
75848,T2a,5541.3
82639,T2a,5541.3
116129,T4b,5541.3
74023,T2a,5541.5
10016,HSE,5541.700000000001
98300,T4a,5541.8
41809,Mi1,5541.8
97231,T4a,5541.8
88951,Tm3,5542.2
93750,T4c,5542.2
36533,Mi1,5542.400000000001
89368,T4c,5542.400000000001
103022,T4a,5542.5
89290,T4d,5542.7
38479,Mi1,5542.900000000001
79257,Tm3,5543.099999999999
16033,Li28,5543.200000000001
92047,T4c,5543.3
53065,Mi1,5543.4
36954,Mi1,5543.5
71161,T2a,5543.6
74231,Tm3,5543.6
36217,Mi1,5543.7
36446,Mi1,5543.7
75521,T2a,5543.7
101383,T4b,5544.0
104297,T4a,5544.2
11981,Li28,5544.3
93419,T4b,5544.5
33942,Mi1,5544.5
47368,TmY3,5544.599999999999
42119,Mi1,5544.700000000001
95883,T4a,5544.700000000001
34057,Mi1,5545.0
34045,Mi1,5545.3
35498,Mi1,5545.3
37019,Mi1,5545.4
68562,T2a,5545.4
97675,T4c,5545.4
16596,Li28,5545.5
54087,Mi1,5545.6
88992,T4c,5546.0
19292,Li28,5546.400000000001
33655,Mi1,5546.400000000001
49324,Mi1,5546.5
83067,T4b,5546.6
35836,Mi1,5546.700000000001
10037,VS,5546.8
99950,T4c,5546.8
51122,Mi1,5547.1
127615,Tm3,5547.1
34356,Mi1,5547.5
97899,T4a,5547.6
33462,Mi1,5547.8
63420,Mi1,5547.8
65671,Mi1,5547.8
99423,T4d,5547.8
99922,T4c,5547.8
56564,Mi1,5547.900000000001
32893,Mi1,5548.0
71052,T2a,5548.1
34479,Mi1,5548.500000000001
91682,T4b,5548.6
14209,Li28,5548.6
36540,Mi1,5548.8
66808,Tm3,5548.8
83689,T4a,5548.8
111184,T4a,5548.8
23047,Li28,5548.900000000001
37948,Mi1,5548.900000000001
10015,HSN,5549.2
81401,T4b,5549.400000000001
37000,Mi1,5549.5
92993,Tm3,5549.5
35840,Mi1,5549.700000000001
33907,Mi1,5549.9
10112,VS,5549.9
35017,Mi1,5550.0
98099,T4b,5550.0
98887,T4b,5550.0
105718,T4b,5550.0
92431,T4a,5550.1
16545,Li28,5550.2
34862,Mi1,5550.3
68982,Tm3,5550.3
88035,Tm3,5550.400000000001
15909,Li28,5550.5
20264,Li28,5550.5
55976,Mi1,5550.6
65298,T2a,5550.7
34189,Mi1,5550.8
102579,T4b,5550.900000000001
96295,T4b,5551.0
98668,T4a,5551.200000000001
34849,Mi1,5551.3
96090,T4c,5551.4
36252,Mi1,5551.5
532850,Tm3,5551.5
59397,Mi1,5551.8
108349,T4d,5551.9
102791,T4c,5551.9
78561,Tm3,5551.9
92939,T4b,5551.9
94305,T4a,5552.3
94624,T4a,5552.3
10025,H2,5552.400000000001
54211,TmY3,5552.400000000001
78968,Tm3,5552.599999999999
68842,TmY3,5552.700000000001
70800,Tm3,5552.700000000001
97028,T4c,5552.8
39158,Mi1,5552.8
79271,T4a,5552.9
37599,Mi1,5553.0
38767,Mi1,5553.0
112321,T4d,5553.2
114391,T4d,5553.2
35405,Mi1,5553.3
34369,Mi1,5553.5
92706,T4a,5553.5
15019,Li28,5553.7
33446,Mi1,5553.7
35770,Mi1,5553.900000000001
95822,T4b,5554.0
73284,T2a,5554.1
102462,T4c,5554.1
109857,T4d,5554.1
10016,HSE,5554.200000000001
37631,Mi1,5554.3
83979,T4a,5554.3
101043,T4c,5554.3
91283,T4c,5554.400000000001
110646,T4b,5554.400000000001
80302,T2a,5554.400000000001
69978,T2,5554.5
34933,Mi1,5554.700000000001
66325,Tm3,5554.700000000001
105698,T4c,5554.700000000001
17596,Li28,5554.8
92114,T4c,5554.8
17280,Li28,5554.9
16033,Li28,5555.000000000001
106952,T4b,5555.1
102741,T4c,5555.1
104257,T4b,5555.2
112744,T4d,5555.3
106793,T4d,5555.5
122308,Tm3,5555.5
54885,TmY3,5555.6
58862,Mi1,5555.6
38479,Mi1,5555.7
41809,Mi1,5555.8
526158,Mi1,5555.900000000001
90049,T4c,5556.0
50333,TmY3,5556.500000000001
15263,Li28,5556.6
95681,T4a,5556.6
53065,Mi1,5557.2
11981,Li28,5557.3
92996,T4a,5557.400000000001
36446,Mi1,5557.700000000001
95458,T4d,5557.700000000001
36217,Mi1,5557.8
109649,T4c,5557.8
101215,T4c,5557.9
108307,T4b,5558.2
36533,Mi1,5558.3
65513,T2a,5558.6
101685,T4b,5558.7
101873,T4b,5559.0
36954,Mi1,5559.099999999999
33942,Mi1,5559.200000000001
55101,Mi1,5559.200000000001
66980,T2a,5559.200000000001
98381,T4d,5559.200000000001
10015,HSN,5559.3
42119,Mi1,5559.4
34057,Mi1,5559.5
35498,Mi1,5559.5
92842,T4a,5559.6
116716,T4b,5559.7
34045,Mi1,5559.7
70112,T2,5559.7
35836,Mi1,5560.1
54087,Mi1,5560.2
10037,VS,5560.3
49324,Mi1,5560.3
99628,T4b,5560.3
37019,Mi1,5560.400000000001
16596,Li28,5560.8
10025,H2,5560.9
19292,Li28,5561.0
33655,Mi1,5561.1
56564,Mi1,5561.4
34356,Mi1,5561.7
102519,T4a,5561.900000000001
10112,VS,5562.0
37000,Mi1,5562.0
51122,Mi1,5562.200000000001
23047,Li28,5562.5
33907,Mi1,5562.6
15909,Li28,5562.8
14209,Li28,5562.9
33462,Mi1,5562.9
101005,T4d,5563.1
63420,Mi1,5563.1
32893,Mi1,5563.2
65671,Mi1,5563.3
99663,T4c,5563.3
100787,T4b,5563.3
36540,Mi1,5563.400000000001
93688,T4a,5563.400000000001
97171,T4d,5563.6
35840,Mi1,5563.8
34862,Mi1,5563.900000000001
34479,Mi1,5564.0
55976,Mi1,5564.4
34189,Mi1,5564.500000000001
69597,Tm3,5564.6
35017,Mi1,5564.7
36252,Mi1,5564.7
101772,Tm3,5564.900000000001
20264,Li28,5565.0
37948,Mi1,5565.0
92281,T4c,5565.0
104858,T4b,5565.1
91057,T4c,5565.400000000001
59397,Mi1,5565.9
16545,Li28,5565.9
77480,Tm3,5566.0
91806,T4a,5566.0
10023,HSS,5566.1
16033,Li28,5566.3
35405,Mi1,5566.400000000001
89434,T4c,5566.6
97853,T4c,5566.6
104683,T4b,5566.7
91469,T4c,5566.8
103022,T4a,5566.8
76524,Tm3,5566.900000000001
35770,Mi1,5567.0
93972,T4a,5567.0
34849,Mi1,5567.200000000001
107170,T4b,5567.200000000001
38767,Mi1,5567.3
33446,Mi1,5567.5
34369,Mi1,5567.5
39158,Mi1,5567.5
98788,T4d,5567.5
79345,T2a,5567.8
15019,Li28,5567.9
100867,T4b,5568.0
86686,T4c,5568.2
109142,T4b,5568.2
47368,TmY3,5568.5
69793,T2a,5568.599999999999
93750,T4c,5568.700000000001
94179,T4a,5568.700000000001
88625,T4c,5568.8
97249,T4d,5568.8
98300,T4a,5568.8
34933,Mi1,5568.9
92047,T4c,5569.0
17280,Li28,5569.0
51231,TmY3,5569.0
74023,T2a,5569.1
75521,T2a,5569.1
66214,T2a,5569.2
97899,T4a,5569.2
66808,Tm3,5569.4
98985,T4c,5569.5
107442,T4d,5569.6
17596,Li28,5569.6
89290,T4d,5569.6
92644,T4d,5569.8
52328,TmY3,5569.900000000001
94305,T4a,5569.900000000001
102016,T4a,5569.900000000001
58862,Mi1,5570.0
94624,T4a,5570.0
69380,Tm3,5570.1
97675,T4c,5570.1
83227,Tm3,5570.200000000001
89368,T4c,5570.3
38479,Mi1,5570.3
15263,Li28,5570.3
10025,H2,5570.3
11981,Li28,5570.400000000001
104191,T4a,5570.400000000001
122233,Tm3,5570.400000000001
10016,HSE,5570.6
102791,T4c,5570.6
10755,H1,5570.8
95005,T4a,5570.9
35580,Mi1,5571.000000000001
85126,T4a,5571.2
41809,Mi1,5571.2
10015,HSN,5571.400000000001
90121,T4b,5571.400000000001
36533,Mi1,5571.7
83365,T2a,5571.900000000001
36446,Mi1,5572.0
36217,Mi1,5572.3
36994,Mi1,5572.4
47962,TmY3,5572.4
53065,Mi1,5572.6
35498,Mi1,5572.7
10037,VS,5572.7
34057,Mi1,5572.8
76325,T2a,5572.900000000001
37599,Mi1,5573.0
15909,Li28,5573.1
34300,Mi1,5573.2
36954,Mi1,5573.3
33942,Mi1,5573.5
42119,Mi1,5573.599999999999
37631,Mi1,5573.700000000001
74228,Tm3,5573.700000000001
92706,T4a,5573.700000000001
91682,T4b,5573.9
10112,VS,5573.9
35218,Mi1,5573.9
35836,Mi1,5574.2
37019,Mi1,5574.2
526158,Mi1,5574.2
54087,Mi1,5574.5
104414,T4d,5574.6
99131,T4c,5574.8
33655,Mi1,5575.0
34045,Mi1,5575.0
91444,T4c,5575.099999999999
16596,Li28,5575.3
19292,Li28,5575.4
37000,Mi1,5575.4
56564,Mi1,5575.4
49324,Mi1,5575.5
34356,Mi1,5575.6
98887,T4b,5575.6
97161,T4a,5575.8
61401,T2a,5575.9
95883,T4a,5575.9
14209,Li28,5576.0
33907,Mi1,5576.1
35602,Mi1,5576.2
23047,Li28,5576.400000000001
63420,Mi1,5576.5
51122,Mi1,5576.599999999999
92431,T4a,5576.599999999999
109598,T4b,5576.599999999999
33462,Mi1,5576.9
35428,Mi1,5576.9
32893,Mi1,5577.0
68562,T2a,5577.1
16545,Li28,5577.1
97028,T4c,5577.2
36540,Mi1,5577.4
36252,Mi1,5577.4
38893,Mi1,5577.6
50333,TmY3,5577.6
55101,Mi1,5577.900000000001
39743,Mi1,5578.0
65671,Mi1,5578.0
20264,Li28,5578.1
35017,Mi1,5578.3
96295,T4b,5578.3
34479,Mi1,5578.400000000001
37948,Mi1,5578.6
34862,Mi1,5578.6
16033,Li28,5578.8
55976,Mi1,5579.000000000001
35405,Mi1,5579.2
35840,Mi1,5579.3
111184,T4a,5579.3
34189,Mi1,5579.5
59397,Mi1,5579.6
103654,T4b,5579.900000000001
73828,Tm3,5579.900000000001
93566,T4a,5579.900000000001
99922,T4c,5580.099999999999
94287,T4d,5580.099999999999
78108,T2a,5580.200000000001
98381,T4d,5580.200000000001
10025,H2,5580.3
110646,T4b,5580.4
91283,T4c,5580.500000000001
81995,Tm3,5580.7
95822,T4b,5580.900000000001
34849,Mi1,5581.0
92114,T4c,5581.0
101480,T4c,5581.0
92939,T4b,5581.1
35770,Mi1,5581.1
33446,Mi1,5581.2
77383,T2a,5581.2
10015,HSN,5581.3
39158,Mi1,5581.599999999999
118924,Tm3,5581.700000000001
89139,T4c,5581.8
38767,Mi1,5581.9
79271,T4a,5581.9
99011,T4c,5582.0
98668,T4a,5582.2
90049,T4c,5582.2
34369,Mi1,5582.2
15019,Li28,5582.400000000001
85737,T2a,5582.6
83979,T4a,5582.7
96090,T4c,5582.8
17280,Li28,5582.900000000001
72955,T2a,5582.900000000001
75848,T2a,5582.900000000001
95458,T4d,5582.900000000001
104257,T4b,5582.900000000001
97231,T4a,5583.0
117627,Tm3,5583.099999999999
15909,Li28,5583.200000000001
45005,TmY3,5583.200000000001
96576,T4c,5583.3
38479,Mi1,5583.5
34933,Mi1,5583.6
83689,T4a,5583.6
101383,T4b,5583.7
90423,T4b,5583.9
74937,T2a,5584.0
91469,T4c,5584.0
97872,T4d,5584.0
17596,Li28,5584.3
102462,T4c,5584.5
54885,TmY3,5584.8
87424,T4d,5584.9
36533,Mi1,5585.0
58862,Mi1,5585.0
11981,Li28,5585.2
36217,Mi1,5585.2
73807,Tm3,5585.2
79257,Tm3,5585.2
90465,T4a,5585.6
105718,T4b,5585.6
36446,Mi1,5585.7
10016,HSE,5585.7
15263,Li28,5585.7
34057,Mi1,5585.8
68522,T2a,5585.8
10037,VS,5586.2
53065,Mi1,5586.3
93419,T4b,5586.400000000001
98118,T4c,5586.400000000001
88992,T4c,5586.6
95335,T4a,5586.6
66980,T2a,5587.000000000001
41809,Mi1,5587.000000000001
101215,T4c,5587.2
33942,Mi1,5587.400000000001
35498,Mi1,5587.400000000001
36954,Mi1,5587.900000000001
98099,T4b,5587.900000000001
35836,Mi1,5588.0
33655,Mi1,5588.200000000001
47368,TmY3,5588.200000000001
37019,Mi1,5588.3
74231,Tm3,5588.3
99950,T4c,5588.4
34356,Mi1,5588.4
42119,Mi1,5588.500000000001
35580,Mi1,5588.6
56564,Mi1,5588.900000000001
103479,T4c,5589.0
83067,T4b,5589.1
19292,Li28,5589.2
37599,Mi1,5589.2
16545,Li28,5589.3
34045,Mi1,5589.3
38238,Mi1,5589.400000000001
54087,Mi1,5589.5
33907,Mi1,5589.5
35845,Mi1,5589.5
526158,Mi1,5589.599999999999
49324,Mi1,5589.700000000001
37000,Mi1,5589.9
37631,Mi1,5589.9
71052,T2a,5589.9
10015,HSN,5590.0
10025,H2,5590.1
10023,HSS,5590.2
103639,T4d,5590.3
63420,Mi1,5590.400000000001
33462,Mi1,5590.6
36252,Mi1,5590.6
51122,Mi1,5590.6
66808,Tm3,5590.7
92047,T4c,5590.7
99663,T4c,5590.900000000001
23047,Li28,5591.0
67113,Mi1,5591.099999999999
37948,Mi1,5591.099999999999
10112,VS,5591.3
16596,Li28,5591.4
16033,Li28,5591.5
35017,Mi1,5591.6
34300,Mi1,5591.7
14209,Li28,5592.1
20264,Li28,5592.1
36540,Mi1,5592.2
35218,Mi1,5592.299999999999
105698,T4c,5592.299999999999
65671,Mi1,5592.400000000001
94305,T4a,5592.400000000001
36994,Mi1,5592.400000000001
55976,Mi1,5592.5
34479,Mi1,5592.700000000001
91057,T4c,5592.8
59397,Mi1,5593.0
34862,Mi1,5593.1
34189,Mi1,5593.200000000001
92281,T4c,5593.200000000001
49372,TmY3,5593.3
32893,Mi1,5593.3
55101,Mi1,5593.4
114391,T4d,5593.500000000001
15909,Li28,5593.500000000001
51231,TmY3,5593.6
74725,T2a,5593.6
101772,Tm3,5593.6
35602,Mi1,5593.8
35840,Mi1,5593.8
39743,Mi1,5593.8
94624,T4a,5593.900000000001
36410,Mi1,5594.0
112744,T4d,5594.1
35405,Mi1,5594.1
38893,Mi1,5594.1
72558,T2a,5594.3
93750,T4c,5594.6
103022,T4a,5594.6
97675,T4c,5594.700000000001
69597,Tm3,5594.9
122308,Tm3,5594.9
64579,T2,5595.000000000001
104858,T4b,5595.000000000001
74023,T2a,5595.1
34849,Mi1,5595.1
89434,T4c,5595.2
99423,T4d,5595.3
116129,T4b,5595.3
35770,Mi1,5595.400000000001
33446,Mi1,5595.5
39158,Mi1,5595.7
127615,Tm3,5595.7
89290,T4d,5595.8
92706,T4a,5595.8
38767,Mi1,5595.900000000001
95453,T4a,5595.900000000001
91806,T4a,5596.0
100787,T4b,5596.0
70800,Tm3,5596.099999999999
73284,T2a,5596.200000000001
97899,T4a,5596.3
98788,T4d,5596.3
100867,T4b,5596.3
34369,Mi1,5596.4
109142,T4b,5596.7
35428,Mi1,5596.8
75521,T2a,5596.8
81401,T4b,5596.900000000001
91682,T4b,5596.900000000001
68982,Tm3,5597.0
78561,Tm3,5597.1
67719,T2a,5597.1
93972,T4a,5597.2
127153,Tm3,5597.2
15019,Li28,5597.3
98985,T4c,5597.3
71161,T2a,5597.5
95005,T4a,5597.5
102579,T4b,5597.5
34933,Mi1,5597.599999999999
92996,T4a,5597.599999999999
116311,T4d,5597.8
88625,T4c,5597.8
50333,TmY3,5598.0
97028,T4c,5598.0
98887,T4b,5598.0
102791,T4c,5598.1
17280,Li28,5598.2
95681,T4a,5598.2
38479,Mi1,5598.5
92431,T4a,5598.6
104297,T4a,5598.7
36217,Mi1,5599.0
34057,Mi1,5599.0
104257,T4b,5599.0
36533,Mi1,5599.3
11981,Li28,5599.4
58862,Mi1,5599.4
87390,T2a,5599.5
10016,HSE,5599.6
10015,HSN,5599.7
15263,Li28,5599.7
53065,Mi1,5599.7
94368,T4a,5599.7
110988,T4a,5599.7
10037,VS,5600.0
122233,Tm3,5600.2
89368,T4c,5600.2
85126,T4a,5600.400000000001
92842,T4a,5600.5
36446,Mi1,5600.599999999999
124490,Tm3,5600.599999999999
73586,Tm3,5600.700000000001
10025,H2,5600.8
61659,Tm3,5600.8
104008,T4b,5600.8
41809,Mi1,5601.200000000001
17596,Li28,5601.200000000001
102741,T4c,5601.3
95883,T4a,5601.3
16545,Li28,5601.4
91469,T4c,5601.4
35498,Mi1,5601.500000000001
33942,Mi1,5601.6
35836,Mi1,5601.8
34356,Mi1,5601.900000000001
37019,Mi1,5602.0
101685,T4b,5602.1
108697,T4d,5602.3
532850,Tm3,5602.3
33655,Mi1,5602.400000000001
54087,Mi1,5602.5
36954,Mi1,5602.6
34045,Mi1,5602.8
42119,Mi1,5603.1
15909,Li28,5603.3
37000,Mi1,5603.3
49324,Mi1,5603.3
16033,Li28,5603.5
19292,Li28,5603.7
37631,Mi1,5603.7
69380,Tm3,5603.8
37599,Mi1,5603.8
56564,Mi1,5603.8
33907,Mi1,5604.3
65513,T2a,5604.3
107442,T4d,5604.3
33462,Mi1,5604.4
35017,Mi1,5604.500000000001
63420,Mi1,5604.500000000001
101043,T4c,5604.500000000001
90121,T4b,5604.6
98300,T4a,5604.6
106952,T4b,5604.7
37948,Mi1,5604.900000000001
96295,T4b,5604.900000000001
23047,Li28,5605.0
36540,Mi1,5605.0
93688,T4a,5605.1
36252,Mi1,5605.3
77991,Tm3,5605.3
526158,Mi1,5605.3
10112,VS,5605.5
14209,Li28,5605.5
20264,Li28,5605.599999999999
55976,Mi1,5605.700000000001
35580,Mi1,5605.9
91444,T4c,5606.0
65671,Mi1,5606.1
68842,TmY3,5606.1
51122,Mi1,5606.2
97171,T4d,5606.3
10015,HSN,5606.4
34479,Mi1,5606.5
35218,Mi1,5606.5
34189,Mi1,5606.6
16596,Li28,5606.8
34300,Mi1,5606.8
59397,Mi1,5606.8
96134,T4b,5606.8
97885,T4a,5606.900000000001
35840,Mi1,5607.0
67113,Mi1,5607.0
108307,T4b,5607.0
55101,Mi1,5607.3
69540,TmY3,5607.3
109598,T4b,5607.4
92839,T4b,5607.4
40026,TmY3,5607.4
34862,Mi1,5607.5
91283,T4c,5607.6
102462,T4c,5607.6
104368,T4c,5607.6
38238,Mi1,5607.7
94179,T4a,5607.7
109857,T4d,5607.7
36994,Mi1,5607.8
83227,Tm3,5607.8
35770,Mi1,5607.9
35845,Mi1,5608.0
47368,TmY3,5608.0
65298,T2a,5608.0
66808,Tm3,5608.0
32893,Mi1,5608.1
93566,T4a,5608.2
69793,T2a,5608.299999999999
99628,T4b,5608.299999999999
35602,Mi1,5608.400000000001
98381,T4d,5608.6
97161,T4a,5608.8
39158,Mi1,5608.8
83979,T4a,5608.8
34849,Mi1,5609.0
35405,Mi1,5609.0
79271,T4a,5609.0
33446,Mi1,5609.200000000001
39743,Mi1,5609.200000000001
95822,T4b,5609.200000000001
109649,T4c,5609.200000000001
10016,HSE,5609.3
10025,H2,5609.4
108349,T4d,5609.500000000001
43334,TmY3,5609.500000000001
107170,T4b,5609.500000000001
10023,HSS,5609.6
92114,T4c,5609.6
76524,Tm3,5609.7
92939,T4b,5609.7
100018,T4a,5609.8
95364,T4d,5609.900000000001
47962,TmY3,5610.0
107105,T4d,5610.0
101480,T4c,5610.1
52485,TmY3,5610.2
97853,T4c,5610.2
42006,TmY3,5610.2
94305,T4a,5610.3
101005,T4d,5610.3
38893,Mi1,5610.6
86686,T4c,5610.6
72955,T2a,5610.8
77383,T2a,5610.8
38767,Mi1,5610.9
109631,T4b,5610.9
101215,T4c,5611.000000000001
97231,T4a,5611.000000000001
80302,T2a,5611.000000000001
10037,VS,5611.000000000001
104683,T4b,5611.1
93419,T4b,5611.3
99663,T4c,5611.400000000001
34369,Mi1,5611.5
78968,Tm3,5611.6
110646,T4b,5611.7
96090,T4c,5611.7
35428,Mi1,5611.7
52328,TmY3,5611.7
11981,Li28,5611.7
10755,H1,5611.7
17280,Li28,5611.7
83689,T4a,5611.900000000001
92993,Tm3,5611.900000000001
15019,Li28,5612.0
34057,Mi1,5612.0
105718,T4b,5612.0
34933,Mi1,5612.099999999999
95458,T4d,5612.099999999999
111184,T4a,5612.200000000001
91057,T4c,5612.200000000001
92047,T4c,5612.3
36410,Mi1,5612.500000000001
16545,Li28,5612.900000000001
83365,T2a,5613.0
58862,Mi1,5613.3
15909,Li28,5613.400000000001
36533,Mi1,5613.5
91806,T4a,5613.5
10015,HSN,5613.599999999999
77480,Tm3,5613.700000000001
38479,Mi1,5613.700000000001
103022,T4a,5614.0
77676,T2a,5614.2
36446,Mi1,5614.3
15263,Li28,5614.4
117662,T4d,5614.4
36217,Mi1,5614.5
53065,Mi1,5614.5
98099,T4b,5614.6
99922,T4c,5614.6
89434,T4c,5614.8
92706,T4a,5614.8
33942,Mi1,5614.900000000001
35498,Mi1,5615.0
34899,Mi1,5615.099999999999
34356,Mi1,5615.4
37019,Mi1,5615.4
16033,Li28,5615.6
109536,T4d,5615.6
10025,H2,5615.7
35836,Mi1,5615.8
10112,VS,5616.0
99131,T4c,5616.1
34079,Mi1,5616.2
39275,Mi1,5616.2
41809,Mi1,5616.3
33655,Mi1,5616.400000000001
50333,TmY3,5616.6
36954,Mi1,5616.700000000001
17596,Li28,5616.8
34045,Mi1,5616.8
36452,Mi1,5616.8
72279,Mi1,5616.8
99950,T4c,5616.8
35100,Mi1,5617.1
37568,Mi1,5617.200000000001
49324,Mi1,5617.3
68562,T2a,5617.3
37948,Mi1,5617.4
35152,Mi1,5617.500000000001
102519,T4a,5617.500000000001
95883,T4a,5617.8
33462,Mi1,5617.900000000001
73828,Tm3,5617.900000000001
10016,HSE,5618.0
56564,Mi1,5618.0
23047,Li28,5618.1
54087,Mi1,5618.1
37000,Mi1,5618.1
93527,T4a,5618.2
92431,T4a,5618.2
35017,Mi1,5618.3
107211,T4d,5618.3
102112,T4c,5618.400000000001
42119,Mi1,5618.5
37631,Mi1,5618.6
63420,Mi1,5618.8
74228,Tm3,5618.8
100032,T4c,5618.8
55976,Mi1,5618.9
97675,T4c,5619.000000000001
65671,Mi1,5619.000000000001
59397,Mi1,5619.1
93750,T4c,5619.1
33907,Mi1,5619.2
20264,Li28,5619.3
92644,T4d,5619.400000000001
97899,T4a,5619.400000000001
66980,T2a,5619.5
96126,T4b,5619.5
51122,Mi1,5619.7
101772,Tm3,5619.8
94153,T4d,5619.8
19292,Li28,5619.8
37599,Mi1,5619.8
36252,Mi1,5619.900000000001
110403,T4b,5620.0
526158,Mi1,5620.099999999999
36540,Mi1,5620.200000000001
95453,T4a,5620.3
35580,Mi1,5620.4
34300,Mi1,5620.5
14209,Li28,5620.5
104858,T4b,5620.6
100680,T4d,5620.6
51231,TmY3,5620.7
72558,T2a,5620.7
91987,T4c,5620.7
55101,Mi1,5620.8
98668,T4a,5620.8
108438,T4d,5620.8
16596,Li28,5620.900000000001
98887,T4b,5621.0
116716,T4b,5621.2
125171,Tm3,5621.2
104191,T4a,5621.2
92415,T4a,5621.2
79646,Tm3,5621.2
54885,TmY3,5621.2
67113,Mi1,5621.3
34479,Mi1,5621.400000000001
97028,T4c,5621.400000000001
75521,T2a,5621.599999999999
94624,T4a,5621.599999999999
10015,HSN,5621.700000000001
35770,Mi1,5621.8
104257,T4b,5621.9
94743,T4d,5621.9
34189,Mi1,5622.0
35218,Mi1,5622.0
36994,Mi1,5622.0
91469,T4c,5622.0
103654,T4b,5622.0
74023,T2a,5622.1
92281,T4c,5622.1
107609,T4d,5622.1
35840,Mi1,5622.2
87424,T4d,5622.3
94755,T4a,5622.4
32893,Mi1,5622.6
35845,Mi1,5622.6
33446,Mi1,5622.7
39158,Mi1,5622.7
117627,Tm3,5622.8
10037,VS,5622.900000000001
98985,T4c,5622.900000000001
38238,Mi1,5623.099999999999
106922,T4c,5623.200000000001
35405,Mi1,5623.3
34862,Mi1,5623.5
88625,T4c,5623.6
15909,Li28,5623.7
75848,T2a,5623.8
35602,Mi1,5623.9
34849,Mi1,5624.0
98788,T4d,5624.1
67150,T2a,5624.2
89368,T4c,5624.2
10025,H2,5624.3
120231,Tm3,5624.3
112744,T4d,5624.5
95005,T4a,5624.5
39743,Mi1,5624.6
38767,Mi1,5624.6
11981,Li28,5624.700000000001
81995,Tm3,5624.700000000001
91682,T4b,5624.8
102579,T4b,5624.900000000001
109593,Tm3,5624.900000000001
93972,T4a,5625.0
95681,T4a,5625.200000000001
96576,T4c,5625.200000000001
122233,Tm3,5625.200000000001
118924,Tm3,5625.3
102791,T4c,5625.4
34369,Mi1,5625.4
10206,VS,5625.6
74231,Tm3,5625.6
88698,T4a,5625.6
34933,Mi1,5625.8
90049,T4c,5625.8
100867,T4b,5625.8
88992,T4c,5625.900000000001
104942,T4a,5625.900000000001
38893,Mi1,5626.0
10023,HSS,5626.0
127615,Tm3,5626.1
100787,T4b,5626.2
16545,Li28,5626.3
102462,T4c,5626.3
34057,Mi1,5626.400000000001
89290,T4d,5626.5
98118,T4c,5626.5
36533,Mi1,5626.6
99011,T4c,5626.6
17280,Li28,5626.8
109142,T4b,5626.8
90423,T4b,5626.9
92996,T4a,5626.9
102016,T4a,5627.000000000001
15019,Li28,5627.400000000001
35428,Mi1,5627.400000000001
73284,T2a,5627.400000000001
100946,T4c,5627.400000000001
105698,T4c,5627.400000000001
10016,HSE,5627.7
58862,Mi1,5627.7
36410,Mi1,5627.8
87358,T4a,5627.8
10112,VS,5627.900000000001
68522,T2a,5628.0
16033,Li28,5628.0
38479,Mi1,5628.7
85126,T4a,5628.7
15263,Li28,5628.8
34356,Mi1,5628.900000000001
35498,Mi1,5628.900000000001
36446,Mi1,5628.900000000001
93419,T4b,5629.2
35836,Mi1,5629.3
36217,Mi1,5629.3
37019,Mi1,5629.3
10015,HSN,5629.5
69380,Tm3,5629.599999999999
101873,T4b,5629.700000000001
101685,T4b,5629.9
95335,T4a,5630.0
33655,Mi1,5630.4
93334,T4b,5630.4
10025,H2,5630.5
102741,T4c,5630.5
35017,Mi1,5630.8
36954,Mi1,5630.8
41809,Mi1,5630.8
37948,Mi1,5630.900000000001
33942,Mi1,5630.900000000001
49324,Mi1,5631.099999999999
53065,Mi1,5631.099999999999
71052,T2a,5631.099999999999
34045,Mi1,5631.3
33462,Mi1,5631.7
56564,Mi1,5631.7
17596,Li28,5631.8
66808,Tm3,5631.8
59397,Mi1,5632.1
98300,T4a,5632.1
55976,Mi1,5632.1
37631,Mi1,5632.3
54087,Mi1,5632.3
69597,Tm3,5632.3
23047,Li28,5632.400000000001
36540,Mi1,5632.8
103160,T4a,5632.8
39275,Mi1,5633.1
83067,T4b,5633.1
68982,Tm3,5633.200000000001
65671,Mi1,5633.200000000001
37000,Mi1,5633.200000000001
15909,Li28,5633.200000000001
42119,Mi1,5633.3
20264,Li28,5633.4
33907,Mi1,5633.4
63420,Mi1,5633.4
96295,T4b,5633.4
101215,T4c,5633.6
34899,Mi1,5633.7
36252,Mi1,5633.8
61401,T2a,5633.8
51122,Mi1,5634.400000000001
34300,Mi1,5634.400000000001
37568,Mi1,5634.5
65513,T2a,5634.5
72279,Mi1,5634.700000000001
92047,T4c,5634.700000000001
35770,Mi1,5634.9
92842,T4a,5634.9
16596,Li28,5635.000000000001
90465,T4a,5635.000000000001
69980,Tm3,5635.2
34079,Mi1,5635.3
19292,Li28,5635.3
526158,Mi1,5635.5
35580,Mi1,5635.6
14209,Li28,5635.7
37599,Mi1,5635.7
47368,TmY3,5635.900000000001
55101,Mi1,5635.900000000001
35218,Mi1,5636.099999999999
35840,Mi1,5636.099999999999
67113,Mi1,5636.099999999999
35152,Mi1,5636.200000000001
35100,Mi1,5636.200000000001
45005,TmY3,5636.3
34189,Mi1,5636.5
44244,TmY3,5636.5
83979,T4a,5636.5
91057,T4c,5636.5
94305,T4a,5636.5
36994,Mi1,5636.6
103479,T4c,5636.7
91913,T4b,5636.8
101043,T4c,5636.8
11981,Li28,5636.8
50333,TmY3,5636.900000000001
39158,Mi1,5636.900000000001
16545,Li28,5637.0
32893,Mi1,5637.0
34849,Mi1,5637.0
36452,Mi1,5637.0
40026,TmY3,5637.1
34479,Mi1,5637.2
89139,T4c,5637.3
10015,HSN,5637.400000000001
111184,T4a,5637.5
91283,T4c,5637.5
10016,HSE,5637.5
34862,Mi1,5637.5
33446,Mi1,5637.599999999999
35845,Mi1,5637.599999999999
35405,Mi1,5637.700000000001
38238,Mi1,5637.9
78561,Tm3,5637.9
99628,T4b,5637.9
35602,Mi1,5638.4
94179,T4a,5638.5
98887,T4b,5638.5
91469,T4c,5638.6
91444,T4c,5638.7
97675,T4c,5638.900000000001
98381,T4d,5639.0
39743,Mi1,5639.099999999999
95883,T4a,5639.200000000001
34369,Mi1,5639.3
38893,Mi1,5639.3
92939,T4b,5639.4
91806,T4a,5639.6
92114,T4c,5639.6
38767,Mi1,5639.6
10025,H2,5639.7
97161,T4a,5639.8
34057,Mi1,5639.9
83365,T2a,5639.9
99663,T4c,5640.0
34933,Mi1,5640.1
89434,T4c,5640.1
16033,Li28,5640.2
107170,T4b,5640.3
103022,T4a,5640.3
98099,T4b,5640.400000000001
71161,T2a,5640.400000000001
17280,Li28,5640.400000000001
79257,Tm3,5640.5
104414,T4d,5640.700000000001
94356,T4c,5640.8
101480,T4c,5640.8
95458,T4d,5640.900000000001
34356,Mi1,5641.0
36533,Mi1,5641.0
74937,T2a,5641.0
110988,T4a,5641.0
110646,T4b,5641.1
71475,Tm3,5641.1
36410,Mi1,5641.200000000001
66214,T2a,5641.200000000001
83689,T4a,5641.4
93566,T4a,5641.4
72796,Tm3,5641.500000000001
93750,T4c,5641.6
96090,T4c,5641.7
97853,T4c,5641.7
104683,T4b,5641.8
104297,T4a,5641.900000000001
35428,Mi1,5641.900000000001
67719,T2a,5642.1
106952,T4b,5642.2
58862,Mi1,5642.3
38479,Mi1,5642.400000000001
99922,T4c,5642.5
532850,Tm3,5642.5
87390,T2a,5642.599999999999
92706,T4a,5642.599999999999
35498,Mi1,5642.9
79271,T4a,5643.000000000001
108307,T4b,5643.000000000001
35836,Mi1,5643.000000000001
77383,T2a,5643.1
122308,Tm3,5643.1
15019,Li28,5643.2
15263,Li28,5643.2
33655,Mi1,5643.6
86686,T4c,5643.6
94368,T4a,5643.6
10755,H1,5643.7
108065,T4c,5643.7
35017,Mi1,5644.0
37019,Mi1,5644.099999999999
36446,Mi1,5644.099999999999
15909,Li28,5644.3
36217,Mi1,5644.3
10015,HSN,5644.4
10023,HSS,5644.4
90121,T4b,5644.5
36954,Mi1,5644.6
41809,Mi1,5644.6
37948,Mi1,5644.900000000001
94624,T4a,5645.0
92431,T4a,5645.2
95822,T4b,5645.2
49324,Mi1,5645.400000000001
56564,Mi1,5645.5
36540,Mi1,5645.700000000001
75521,T2a,5645.8
33942,Mi1,5645.9
59397,Mi1,5645.9
95453,T4a,5645.9
53065,Mi1,5646.0
89368,T4c,5646.0
107442,T4d,5646.0
55976,Mi1,5646.1
54087,Mi1,5646.1
37631,Mi1,5646.1
10016,HSE,5646.1
34045,Mi1,5646.3
33462,Mi1,5646.5
37000,Mi1,5646.5
105718,T4b,5646.8
17596,Li28,5646.900000000001
23047,Li28,5646.900000000001
109598,T4b,5647.0
97028,T4c,5647.099999999999
68562,T2a,5647.3
65671,Mi1,5647.3
78503,T2a,5647.4
10025,H2,5647.5
97899,T4a,5647.5
96134,T4b,5647.7
33907,Mi1,5647.9
72955,T2a,5647.9
101620,T4b,5648.000000000001
35770,Mi1,5648.000000000001
46662,TmY3,5648.000000000001
36252,Mi1,5648.1
104368,T4c,5648.3
42119,Mi1,5648.5
20264,Li28,5648.6
63420,Mi1,5648.7
65298,T2a,5648.7
92644,T4d,5648.7
97231,T4a,5648.7
49372,TmY3,5648.8
34300,Mi1,5648.900000000001
39275,Mi1,5649.0
116129,T4b,5649.1
102975,T4b,5649.1
16545,Li28,5649.4
51122,Mi1,5649.4
55101,Mi1,5649.4
74023,T2a,5649.4
90278,T4a,5649.500000000001
102462,T4c,5649.500000000001
37568,Mi1,5649.6
35580,Mi1,5649.7
95005,T4a,5649.8
74725,T2a,5650.0
526158,Mi1,5650.1
99950,T4c,5650.1
37599,Mi1,5650.2
99131,T4c,5650.2
11981,Li28,5650.3
34189,Mi1,5650.3
39158,Mi1,5650.3
104257,T4b,5650.3
19292,Li28,5650.400000000001
69793,T2a,5650.400000000001
34899,Mi1,5650.5
16596,Li28,5650.599999999999
42006,TmY3,5650.599999999999
10015,HSN,5650.599999999999
92281,T4c,5650.700000000001
94287,T4d,5650.700000000001
32893,Mi1,5650.8
47962,TmY3,5650.9
78422,Tm3,5651.1
14209,Li28,5651.2
35152,Mi1,5651.2
36994,Mi1,5651.3
34849,Mi1,5651.400000000001
114391,T4d,5651.5
100033,T4c,5651.5
35845,Mi1,5651.5
35218,Mi1,5651.5
33446,Mi1,5651.5
71398,Tm3,5651.6
101383,T4b,5651.6
72558,T2a,5651.7
10037,VS,5651.8
35100,Mi1,5651.900000000001
35840,Mi1,5651.900000000001
38238,Mi1,5652.099999999999
36452,Mi1,5652.200000000001
109857,T4d,5652.3
101772,Tm3,5652.3
34057,Mi1,5652.3
67113,Mi1,5652.3
72279,Mi1,5652.3
35405,Mi1,5652.4
104858,T4b,5652.5
34479,Mi1,5652.5
34862,Mi1,5652.5
98985,T4c,5652.5
80302,T2a,5652.7
81401,T4b,5652.7
34079,Mi1,5652.7
68842,TmY3,5652.8
88035,Tm3,5652.8
85737,T2a,5652.900000000001
88625,T4c,5652.900000000001
34369,Mi1,5653.3
69540,TmY3,5653.400000000001
94305,T4a,5653.400000000001
102791,T4c,5653.400000000001
109649,T4c,5653.599999999999
34933,Mi1,5653.599999999999
122233,Tm3,5653.700000000001
39743,Mi1,5653.9
93972,T4a,5653.9
16033,Li28,5654.0
90423,T4b,5654.0
91682,T4b,5654.0
10112,VS,5654.3
35602,Mi1,5654.3
38767,Mi1,5654.3
77480,Tm3,5654.3
67150,T2a,5654.4
38893,Mi1,5654.4
95554,T4b,5654.5
66325,Tm3,5654.6
99423,T4d,5654.7
66808,Tm3,5654.7
17280,Li28,5654.8
72829,T2a,5654.900000000001
89290,T4d,5654.900000000001
10016,HSE,5655.0
10025,H2,5655.0
98788,T4d,5655.099999999999
52328,TmY3,5655.200000000001
76325,T2a,5655.200000000001
99011,T4c,5655.3
107719,T4b,5655.3
93419,T4b,5655.4
36533,Mi1,5655.4
35836,Mi1,5655.5
90049,T4c,5655.6
105698,T4c,5655.6
15909,Li28,5655.700000000001
34356,Mi1,5655.700000000001
36410,Mi1,5655.700000000001
54885,TmY3,5655.700000000001
100867,T4b,5655.8
103425,T4a,5655.9
98118,T4c,5656.000000000001
95364,T4d,5656.1
103654,T4b,5656.2
95239,T4a,5656.400000000001
58862,Mi1,5656.8
35428,Mi1,5656.900000000001
104191,T4a,5656.900000000001
38479,Mi1,5657.1
36446,Mi1,5657.200000000001
83227,Tm3,5657.200000000001
35498,Mi1,5657.3
98194,T4d,5657.3
37948,Mi1,5657.4
35017,Mi1,5657.4
89434,T4c,5657.6
15019,Li28,5657.900000000001
101005,T4d,5658.1
33655,Mi1,5658.3
36954,Mi1,5658.3
15263,Li28,5658.5
36217,Mi1,5658.5
72194,Tm3,5658.5
96576,T4c,5658.700000000001
37019,Mi1,5658.9
102519,T4a,5659.000000000001
92114,T4c,5659.000000000001
49324,Mi1,5659.2
91806,T4a,5659.2
10015,HSN,5659.400000000001
55976,Mi1,5659.400000000001
101043,T4c,5659.400000000001
105135,T4c,5659.400000000001
65671,Mi1,5659.6
91469,T4c,5659.6
97675,T4c,5659.6
100032,T4c,5659.6
116311,T4d,5659.8
96126,T4b,5659.8
34045,Mi1,5659.8
92839,T4b,5659.8
36540,Mi1,5659.900000000001
92047,T4c,5659.900000000001
41809,Mi1,5660.0
117627,Tm3,5660.099999999999
33462,Mi1,5660.099999999999
37000,Mi1,5660.099999999999
91987,T4c,5660.099999999999
95681,T4a,5660.3
53065,Mi1,5660.3
17596,Li28,5660.4
47368,TmY3,5660.4
56564,Mi1,5660.4
37631,Mi1,5660.7
59397,Mi1,5660.7
74228,Tm3,5660.7
23047,Li28,5660.8
107105,T4d,5660.900000000001
51231,TmY3,5661.1
112744,T4d,5661.1
68982,Tm3,5661.2
54087,Mi1,5661.2
33942,Mi1,5661.400000000001
88152,T4c,5661.400000000001
16545,Li28,5661.5
83979,T4a,5661.5
33907,Mi1,5661.8
93750,T4c,5662.0
10025,H2,5662.2
50333,TmY3,5662.2
82855,Tm3,5662.2
10112,VS,5662.3
34300,Mi1,5662.4
85126,T4a,5662.4
93688,T4a,5662.4
37568,Mi1,5662.5
102741,T4c,5662.5
101215,T4c,5662.6
94755,T4a,5662.7
42119,Mi1,5662.799999999999
90121,T4b,5662.799999999999
98300,T4a,5662.900000000001
10023,HSS,5662.900000000001
10037,VS,5663.0
65513,T2a,5663.0
36252,Mi1,5663.099999999999
39275,Mi1,5663.099999999999
87424,T4d,5663.3
94624,T4a,5663.3
100018,T4a,5663.400000000001
35770,Mi1,5663.5
20264,Li28,5663.5
79646,Tm3,5663.5
63420,Mi1,5663.6
97872,T4d,5663.700000000001
127153,Tm3,5663.700000000001
109142,T4b,5663.8
35580,Mi1,5663.9
11981,Li28,5664.2
74231,Tm3,5664.2
96295,T4b,5664.2
73807,Tm3,5664.3
19292,Li28,5664.400000000001
51122,Mi1,5664.400000000001
96090,T4c,5664.5
94153,T4d,5664.5
32893,Mi1,5664.5
55101,Mi1,5664.5
61659,Tm3,5664.6
35152,Mi1,5664.7
39158,Mi1,5664.7
37599,Mi1,5664.900000000001
34189,Mi1,5665.0
127615,Tm3,5665.1
106793,T4d,5665.1
526158,Mi1,5665.1
70800,Tm3,5665.200000000001
10016,HSE,5665.200000000001
14209,Li28,5665.3
15909,Li28,5665.3
101770,T4b,5665.3
16033,Li28,5665.4
34849,Mi1,5665.4
91057,T4c,5665.4
33446,Mi1,5665.500000000001
67113,Mi1,5665.500000000001
98668,T4a,5665.500000000001
35218,Mi1,5665.6
34057,Mi1,5665.7
34479,Mi1,5665.7
34899,Mi1,5665.7
91283,T4c,5665.8
103022,T4a,5665.8
36994,Mi1,5665.900000000001
38238,Mi1,5666.0
16596,Li28,5666.1
35845,Mi1,5666.1
69597,Tm3,5666.1
72279,Mi1,5666.1
35840,Mi1,5666.3
34862,Mi1,5666.3
35100,Mi1,5666.5
91444,T4c,5666.599999999999
97171,T4d,5666.599999999999
34369,Mi1,5666.8
66980,T2a,5666.9
78968,Tm3,5666.9
86686,T4c,5666.9
94179,T4a,5667.000000000001
35405,Mi1,5667.1
81995,Tm3,5667.2
77991,Tm3,5667.2
92842,T4a,5667.3
97899,T4a,5667.3
110646,T4b,5667.400000000001
34933,Mi1,5667.6
88951,Tm3,5667.6
95883,T4a,5667.6
107143,T4d,5667.6
92706,T4a,5667.7
92939,T4b,5667.7
98887,T4b,5667.8
39743,Mi1,5667.8
74373,Tm3,5667.900000000001
102579,T4b,5667.900000000001
34079,Mi1,5667.900000000001
36452,Mi1,5667.900000000001
98381,T4d,5668.0
118924,Tm3,5668.0
100787,T4b,5668.099999999999
76524,Tm3,5668.200000000001
73284,T2a,5668.3
88992,T4c,5668.4
71052,T2a,5668.5
99663,T4c,5668.5
69380,Tm3,5668.6
35602,Mi1,5668.6
34356,Mi1,5668.6
35836,Mi1,5668.8
10015,HSN,5668.9
36410,Mi1,5668.9
98837,T4c,5668.9
38767,Mi1,5669.0
38893,Mi1,5669.0
94743,T4d,5669.0
125171,Tm3,5669.0
120231,Tm3,5669.1
79271,T4a,5669.3
68522,T2a,5669.3
83689,T4a,5669.5
109536,T4d,5669.5
101480,T4c,5669.599999999999
10025,H2,5669.700000000001
109631,T4b,5669.700000000001
124490,Tm3,5669.700000000001
36533,Mi1,5669.9
104008,T4b,5669.9
89368,T4c,5670.1
99922,T4c,5670.1
52485,TmY3,5670.1
75848,T2a,5670.2
92431,T4a,5670.2
100946,T4c,5670.2
102801,T4b,5670.2
17280,Li28,5670.4
36446,Mi1,5670.4
38479,Mi1,5670.4
97028,T4c,5670.4
95335,T4a,5670.5
117662,T4d,5670.7
58862,Mi1,5670.900000000001
10037,VS,5670.900000000001
37948,Mi1,5670.900000000001
10112,VS,5671.3
35498,Mi1,5671.3
40026,TmY3,5671.3
73828,Tm3,5671.3
99628,T4b,5671.400000000001
16545,Li28,5671.5
112321,T4d,5671.5
109593,Tm3,5671.6
90423,T4b,5671.6
35017,Mi1,5671.6
36217,Mi1,5671.6
69980,Tm3,5671.700000000001
111184,T4a,5671.700000000001
66808,Tm3,5671.8
94305,T4a,5671.8
97161,T4a,5671.8
10016,HSE,5671.9
37853,Mi1,5671.9
111746,Tm3,5672.000000000001
103827,T4c,5672.000000000001
35428,Mi1,5672.000000000001
33655,Mi1,5672.000000000001
36954,Mi1,5672.000000000001
83067,T4b,5672.1
102462,T4c,5672.1
77676,T2a,5672.2
98099,T4b,5672.2
95453,T4a,5672.3
99670,T4c,5672.3
101685,T4b,5672.400000000001
49324,Mi1,5672.400000000001
89290,T4d,5672.5
105718,T4b,5672.6
34045,Mi1,5672.7
43334,TmY3,5672.7
101772,Tm3,5672.7
108438,T4d,5672.7
36540,Mi1,5672.8
107609,T4d,5672.900000000001
15019,Li28,5672.900000000001
77982,T2a,5673.0
82282,Tm3,5673.0
56564,Mi1,5673.0
15909,Li28,5673.1
55976,Mi1,5673.1
15263,Li28,5673.1
37000,Mi1,5673.200000000001
37019,Mi1,5673.3
89434,T4c,5673.3
100567,T4d,5673.3
53065,Mi1,5673.4
104297,T4a,5673.500000000001
70289,Mi1,5673.6
103440,T4d,5673.7
106922,T4c,5673.7
34296,Mi1,5673.8
99131,T4c,5673.900000000001
95005,T4a,5673.900000000001
37270,Mi1,5673.900000000001
59397,Mi1,5673.900000000001
93527,T4a,5673.900000000001
108349,T4d,5674.0
10755,H1,5674.0
47368,TmY3,5674.0
65671,Mi1,5674.0
94368,T4a,5674.0
96163,T4b,5674.0
106952,T4b,5674.0
108697,T4d,5674.1
97231,T4a,5674.1
102016,T4a,5674.1
67150,T2a,5674.2
94356,T4c,5674.3
97480,T4c,5674.3
54087,Mi1,5674.5
104257,T4b,5674.5
33462,Mi1,5674.599999999999
91806,T4a,5674.599999999999
97853,T4c,5674.599999999999
107240,T4b,5674.700000000001
105521,T4c,5674.700000000001
10023,HSS,5674.8
41809,Mi1,5674.8
71475,Tm3,5674.8
35806,Mi1,5674.9
36177,Mi1,5674.9
37371,Mi1,5675.000000000001
72955,T2a,5675.000000000001
11981,Li28,5675.1
109868,Tm3,5675.2
107442,T4d,5675.3
91469,T4c,5675.3
33942,Mi1,5675.3
16033,Li28,5675.3
92047,T4c,5675.400000000001
107211,T4d,5675.400000000001
92281,T4c,5675.5
50333,TmY3,5675.6
104858,T4b,5675.6
107170,T4b,5675.6
37529,Mi1,5675.7
67971,Tm3,5675.7
92993,Tm3,5675.7
103479,T4c,5675.8
17596,Li28,5675.8
10015,HSN,5675.900000000001
23047,Li28,5675.900000000001
42119,Mi1,5675.900000000001
10025,H2,5676.0
35770,Mi1,5676.0
79257,Tm3,5676.0
95458,T4d,5676.0
122233,Tm3,5676.0
35888,Mi1,5676.099999999999
75521,T2a,5676.099999999999
33907,Mi1,5676.3
96134,T4b,5676.4
109598,T4b,5676.4
122308,Tm3,5676.4
99950,T4c,5676.5
10037,VS,5676.6
72558,T2a,5676.6
93566,T4a,5676.7
74023,T2a,5676.8
92644,T4d,5676.8
98654,T4d,5676.8
91682,T4b,5676.9
36911,Mi1,5676.9
88625,T4c,5677.0
39275,Mi1,5677.1
54211,TmY3,5677.1
34300,Mi1,5677.2
36252,Mi1,5677.2
37568,Mi1,5677.2
37631,Mi1,5677.2
38133,Mi1,5677.2
99011,T4c,5677.3
89139,T4c,5677.400000000001
101620,T4b,5677.5
92996,T4a,5677.5
64579,T2,5677.5
37353,Mi1,5677.5
10206,VS,5677.5
78561,Tm3,5677.599999999999
83365,T2a,5677.599999999999
94287,T4d,5677.8
51122,Mi1,5677.9
65298,T2a,5677.9
108307,T4b,5677.9
55101,Mi1,5678.0
114391,T4d,5678.0
104683,T4b,5678.1
77383,T2a,5678.1
10016,HSE,5678.2
10112,VS,5678.2
66345,T2a,5678.3
37599,Mi1,5678.4
92415,T4a,5678.4
95822,T4b,5678.4
112179,T4b,5678.5
19292,Li28,5678.5
63420,Mi1,5678.5
68562,T2a,5678.5
98985,T4c,5678.6
35152,Mi1,5678.6
39158,Mi1,5678.7
95356,T4a,5678.7
34849,Mi1,5678.8
91913,T4b,5678.8
45005,TmY3,5678.900000000001
20264,Li28,5679.0
35580,Mi1,5679.0
32893,Mi1,5679.1
34479,Mi1,5679.1
67113,Mi1,5679.1
35840,Mi1,5679.200000000001
34057,Mi1,5679.3
35218,Mi1,5679.3
53075,TmY3,5679.3
70239,T2,5679.3
97675,T4c,5679.400000000001
34862,Mi1,5679.5
62272,T2,5679.5
42006,TmY3,5679.6
104368,T4c,5679.6
526158,Mi1,5679.700000000001
97885,T4a,5679.8
33446,Mi1,5679.8
38238,Mi1,5679.9
110403,T4b,5679.9
73096,T2a,5680.1
102791,T4c,5680.1
34899,Mi1,5680.400000000001
35100,Mi1,5680.400000000001
73586,Tm3,5680.400000000001
35934,Mi1,5680.5
81401,T4b,5680.5
85126,T4a,5680.5
34369,Mi1,5680.6
37037,Mi1,5680.7
102741,T4c,5680.7
79345,T2a,5680.8
16596,Li28,5680.900000000001
46662,TmY3,5680.900000000001
14209,Li28,5681.0
15909,Li28,5681.0
36452,Mi1,5681.0
119245,T4d,5681.0
10025,H2,5681.1
16545,Li28,5681.1
72279,Mi1,5681.3
34189,Mi1,5681.3
35405,Mi1,5681.3
34933,Mi1,5681.4
39743,Mi1,5681.4
99387,T4a,5681.4
62340,T2,5681.500000000001
35602,Mi1,5681.6
36994,Mi1,5681.6
90465,T4a,5681.6
110988,T4a,5681.7
115636,T4d,5681.8
93750,T4c,5682.0
93419,T4b,5682.0
10037,VS,5682.0
34356,Mi1,5682.0
92114,T4c,5682.1
40854,Mi1,5682.1
87358,T4a,5682.1
35845,Mi1,5682.2
35897,Mi1,5682.2
10015,HSN,5682.2
95554,T4b,5682.2
532850,Tm3,5682.3
104674,T4a,5682.3
54885,TmY3,5682.3
66214,T2a,5682.3
69570,Tm3,5682.3
35836,Mi1,5682.400000000001
100033,T4c,5682.400000000001
93972,T4a,5682.5
96576,T4c,5682.5
98887,T4b,5682.5
116129,T4b,5682.599999999999
101215,T4c,5682.599999999999
95239,T4a,5682.599999999999
98788,T4d,5682.599999999999
34079,Mi1,5682.700000000001
36446,Mi1,5682.700000000001
68842,TmY3,5682.8
102388,T4d,5682.8
35712,Mi1,5682.9
30923,TmY3,5683.0
98226,T4b,5683.2
92706,T4a,5683.2
36533,Mi1,5683.3
100867,T4b,5683.3
36410,Mi1,5683.3
38767,Mi1,5683.5
72796,Tm3,5683.5
35017,Mi1,5683.8
37948,Mi1,5683.8
100310,T4d,5683.8
17280,Li28,5683.900000000001
67719,T2a,5684.0
74937,T2a,5684.0
99663,T4c,5684.099999999999
95883,T4a,5684.099999999999
101005,T4d,5684.200000000001
98118,T4c,5684.200000000001
100680,T4d,5684.200000000001
38893,Mi1,5684.4
10016,HSE,5684.5
69793,T2a,5684.5
88698,T4a,5684.5
107621,T4d,5684.5
71161,T2a,5684.6
117627,Tm3,5684.6
36217,Mi1,5684.7
92939,T4b,5684.8
48547,TmY3,5684.9
35234,Mi1,5684.9
35498,Mi1,5685.0
38479,Mi1,5685.0
104942,T4a,5685.0
109649,T4c,5685.0
58862,Mi1,5685.3
92839,T4b,5685.3
36540,Mi1,5685.400000000001
105698,T4c,5685.400000000001
104336,T4b,5685.599999999999
49324,Mi1,5685.700000000001
90278,T4a,5685.8
96295,T4b,5685.8
97249,T4d,5685.8
97899,T4a,5685.8
10025,H2,5685.9
87390,T2a,5685.9
104027,T4d,5685.9
35428,Mi1,5686.0
36954,Mi1,5686.0
37019,Mi1,5686.0
102519,T4a,5686.1
90121,T4b,5686.1
10112,VS,5686.2
90049,T4c,5686.2
95681,T4a,5686.2
16033,Li28,5686.3
56564,Mi1,5686.3
59397,Mi1,5686.3
108065,T4c,5686.4
102479,T4c,5686.5
103654,T4b,5686.5
34045,Mi1,5686.5
69540,TmY3,5686.5
15019,Li28,5686.6
102564,T4a,5686.7
542412,Mi1,5686.7
15263,Li28,5686.8
37699,Mi1,5687.0
107529,T4d,5687.1
53065,Mi1,5687.200000000001
55976,Mi1,5687.3
33655,Mi1,5687.3
93334,T4b,5687.3
97028,T4c,5687.400000000001
537004,VSm,5687.6
69978,T2,5687.6
37000,Mi1,5687.6
112993,T4b,5687.700000000001
10037,VS,5687.8
10023,HSS,5687.9
52328,TmY3,5687.9
65671,Mi1,5688.000000000001
93688,T4a,5688.000000000001
132339,Tm3,5688.1
83204,T4d,5688.1
100032,T4c,5688.1
10755,H1,5688.1
80302,T2a,5688.1
10015,HSN,5688.400000000001
96126,T4b,5688.400000000001
91469,T4c,5688.5
112744,T4d,5688.5
98194,T4d,5688.6
11981,Li28,5688.6
37853,Mi1,5688.6
78503,T2a,5688.6
94179,T4a,5688.6
100787,T4b,5688.6
91987,T4c,5688.7
41809,Mi1,5688.8
54087,Mi1,5688.8
87424,T4d,5689.200000000001
94153,T4d,5689.3
33907,Mi1,5689.4
33462,Mi1,5689.6
68982,Tm3,5689.6
91057,T4c,5689.6
42119,Mi1,5689.8
104191,T4a,5689.8
17596,Li28,5689.8
10016,HSE,5689.900000000001
15909,Li28,5690.0
23047,Li28,5690.0
36252,Mi1,5690.1
94755,T4a,5690.1
98300,T4a,5690.1
93025,T4b,5690.2
35770,Mi1,5690.3
37631,Mi1,5690.3
39275,Mi1,5690.400000000001
94624,T4a,5690.5
94305,T4a,5690.599999999999
33942,Mi1,5690.700000000001
91934,T4a,5690.8
10025,H2,5690.9
74725,T2a,5690.9
111980,T4d,5690.9
49372,TmY3,5691.1
10284,VS,5691.3
34300,Mi1,5691.3
37568,Mi1,5691.3
95364,T4d,5691.5
102462,T4c,5691.5
83979,T4a,5691.5
55101,Mi1,5691.6
85007,T4c,5691.6
16545,Li28,5691.7
100018,T4a,5691.7
37599,Mi1,5691.900000000001
34296,Mi1,5692.0
10206,VS,5692.099999999999
34479,Mi1,5692.200000000001
47368,TmY3,5692.3
37270,Mi1,5692.3
98668,T4a,5692.4
34862,Mi1,5692.4
34849,Mi1,5692.5
70289,Mi1,5692.5
35152,Mi1,5692.6
35580,Mi1,5692.6
51231,TmY3,5692.6
91283,T4c,5692.6
37371,Mi1,5692.7
63420,Mi1,5692.8
65513,T2a,5692.8
35806,Mi1,5692.8
51122,Mi1,5692.8
10112,VS,5692.9
19292,Li28,5692.9
34057,Mi1,5693.0
92431,T4a,5693.0
103025,T4a,5693.0
20264,Li28,5693.1
36911,Mi1,5693.1
67113,Mi1,5693.1
36177,Mi1,5693.2
35840,Mi1,5693.3
38133,Mi1,5693.3
33446,Mi1,5693.400000000001
10037,VS,5693.5
39158,Mi1,5693.5
98381,T4d,5693.5
35218,Mi1,5693.700000000001
38238,Mi1,5693.700000000001
83689,T4a,5693.700000000001
32893,Mi1,5693.9
35888,Mi1,5693.9
79646,Tm3,5693.9
73284,T2a,5694.0
37353,Mi1,5694.0
34369,Mi1,5694.1
10015,HSN,5694.2
37529,Mi1,5694.3
526158,Mi1,5694.3
35100,Mi1,5694.4
92842,T4a,5694.6
16596,Li28,5694.7
89434,T4c,5694.8
104450,T4a,5694.8
14209,Li28,5695.0
35405,Mi1,5695.0
70800,Tm3,5695.1
34189,Mi1,5695.1
10016,HSE,5695.3
99423,T4d,5695.3
64712,T2a,5695.400000000001
34933,Mi1,5695.6
36452,Mi1,5695.6
39743,Mi1,5695.6
88152,T4c,5695.6
82145,T2a,5695.8
103022,T4a,5695.8
103425,T4a,5695.9
35836,Mi1,5695.9
34899,Mi1,5696.000000000001
72279,Mi1,5696.000000000001
36994,Mi1,5696.1
35602,Mi1,5696.2
101383,T4b,5696.2
36446,Mi1,5696.3
34356,Mi1,5696.400000000001
94356,T4c,5696.400000000001
100956,T4d,5696.6
109142,T4b,5696.7
37948,Mi1,5696.7
116311,T4d,5696.8
10023,HSS,5696.8
67150,T2a,5697.0
99922,T4c,5697.0
107719,T4b,5697.099999999999
36533,Mi1,5697.200000000001
35845,Mi1,5697.3
68522,T2a,5697.3
112633,T4b,5697.3
86686,T4c,5697.4
92281,T4c,5697.500000000001
88992,T4c,5697.500000000001
79271,T4a,5697.500000000001
35017,Mi1,5697.500000000001
34079,Mi1,5697.6
69380,Tm3,5697.6
72558,T2a,5697.6
95335,T4a,5697.7
101480,T4c,5697.8
104354,T4b,5697.8
66325,Tm3,5698.0
91806,T4a,5698.1
104257,T4b,5698.1
17280,Li28,5698.1
35934,Mi1,5698.1
36410,Mi1,5698.3
66808,Tm3,5698.3
89290,T4d,5698.400000000001
95005,T4a,5698.400000000001
36217,Mi1,5698.599999999999
74231,Tm3,5698.599999999999
106701,T4d,5698.599999999999
99011,T4c,5698.700000000001
122233,Tm3,5698.700000000001
127615,Tm3,5698.8
37037,Mi1,5698.8
93527,T4a,5698.8
75377,T2a,5698.9
110646,T4b,5698.9
38893,Mi1,5699.0
71475,Tm3,5699.0
10025,H2,5699.1
36540,Mi1,5699.2
49324,Mi1,5699.2
90423,T4b,5699.2
102147,T4c,5699.400000000001
58862,Mi1,5699.400000000001
38767,Mi1,5699.400000000001
56564,Mi1,5699.400000000001
35897,Mi1,5699.400000000001
16033,Li28,5699.5
36954,Mi1,5699.7
96090,T4c,5699.7
75521,T2a,5699.8
10112,VS,5699.900000000001
92047,T4c,5699.900000000001
102791,T4c,5699.900000000001
59397,Mi1,5700.0
88167,T4b,5700.099999999999
38479,Mi1,5700.099999999999
35498,Mi1,5700.099999999999
33655,Mi1,5700.200000000001
101043,T4c,5700.200000000001
40854,Mi1,5700.4
10015,HSN,5700.5
15909,Li28,5700.5
35712,Mi1,5700.5
10016,HSE,5700.8
10037,VS,5700.8
37000,Mi1,5700.9
53065,Mi1,5700.9
104297,T4a,5701.0
15263,Li28,5701.0
95458,T4d,5701.1
71394,T2a,5701.2
15019,Li28,5701.3
101215,T4c,5701.3
34045,Mi1,5701.5
35428,Mi1,5701.5
37019,Mi1,5701.5
105718,T4b,5701.700000000001
41809,Mi1,5701.8
65671,Mi1,5701.9
111184,T4a,5702.0
101772,Tm3,5702.0
35234,Mi1,5702.1
102579,T4b,5702.1
99950,T4c,5702.3
92706,T4a,5702.5
93224,T4a,5702.6
542412,Mi1,5702.6
40026,TmY3,5702.7
61401,T2a,5702.7
91682,T4b,5702.7
97853,T4c,5702.8
94743,T4d,5702.8
11981,Li28,5702.8
55976,Mi1,5702.8
72955,T2a,5702.8
16545,Li28,5702.900000000001
74891,T2a,5702.900000000001
102975,T4b,5702.900000000001
93750,T4c,5703.1
103160,T4a,5703.1
93419,T4b,5703.200000000001
122308,Tm3,5703.200000000001
99292,T4a,5703.3
95822,T4b,5703.3
50333,TmY3,5703.3
61659,Tm3,5703.400000000001
23047,Li28,5703.5
103827,T4c,5703.5
89368,T4c,5703.6
93166,T4c,5703.6
33462,Mi1,5703.700000000001
54087,Mi1,5704.000000000001
33907,Mi1,5704.1
102741,T4c,5704.2
104858,T4b,5704.2
35770,Mi1,5704.2
37853,Mi1,5704.400000000001
39275,Mi1,5704.400000000001
40596,Mi1,5704.400000000001
97784,T4c,5704.400000000001
37699,Mi1,5704.5
42119,Mi1,5704.7
17596,Li28,5704.8
33942,Mi1,5704.8
68562,T2a,5704.8
101685,T4b,5704.900000000001
88625,T4c,5705.099999999999
52485,TmY3,5705.099999999999
97231,T4a,5705.4
97161,T4a,5705.500000000001
36252,Mi1,5705.6
55101,Mi1,5705.6
127153,Tm3,5705.6
37631,Mi1,5705.7
99131,T4c,5705.7
102112,T4c,5705.7
37568,Mi1,5706.0
35152,Mi1,5706.0
10015,HSN,5706.0
34057,Mi1,5706.0
39158,Mi1,5706.2
105521,T4c,5706.2
34300,Mi1,5706.3
34479,Mi1,5706.3
34862,Mi1,5706.3
37599,Mi1,5706.3
97171,T4d,5706.400000000001
85126,T4a,5706.400000000001
10016,HSE,5706.400000000001
10025,H2,5706.400000000001
109857,T4d,5706.5
51122,Mi1,5706.599999999999
66980,T2a,5706.700000000001
97675,T4c,5706.9
107609,T4d,5707.1
19292,Li28,5707.1
33446,Mi1,5707.1
78856,Tm3,5707.1
74023,T2a,5707.2
97028,T4c,5707.2
35580,Mi1,5707.2
67113,Mi1,5707.2
34463,Mi1,5707.3
35774,Mi1,5707.400000000001
35806,Mi1,5707.400000000001
37270,Mi1,5707.400000000001
38238,Mi1,5707.400000000001
81995,Tm3,5707.6
98887,T4b,5707.6
10023,HSS,5707.7
101620,T4b,5707.8
99628,T4b,5707.8
95883,T4a,5707.8
83365,T2a,5707.8
36139,Mi1,5707.8
34849,Mi1,5707.8
34296,Mi1,5707.8
63420,Mi1,5707.8
36177,Mi1,5707.900000000001
70289,Mi1,5708.0
35840,Mi1,5708.099999999999
41626,Mi1,5708.099999999999
81401,T4b,5708.099999999999
20264,Li28,5708.200000000001
35100,Mi1,5708.3
32893,Mi1,5708.3
35218,Mi1,5708.4
38133,Mi1,5708.4
69980,Tm3,5708.4
36911,Mi1,5708.5
97899,T4a,5708.5
34189,Mi1,5708.6
37529,Mi1,5708.6
104414,T4d,5708.6
91469,T4c,5708.7
100033,T4c,5708.7
95810,T2a,5708.8
37371,Mi1,5708.8
118924,Tm3,5709.0
34356,Mi1,5709.2
34369,Mi1,5709.2
98788,T4d,5709.2
34899,Mi1,5709.3
77480,Tm3,5709.3
98099,T4b,5709.3
74228,Tm3,5709.400000000001
47962,TmY3,5709.400000000001
36452,Mi1,5709.400000000001
34933,Mi1,5709.400000000001
37948,Mi1,5709.400000000001
35405,Mi1,5709.599999999999
100867,T4b,5709.599999999999
526158,Mi1,5709.599999999999
35001,Mi1,5709.700000000001
41545,Mi1,5709.700000000001
35836,Mi1,5709.8
36994,Mi1,5709.9
92939,T4b,5710.0
37353,Mi1,5710.0
15909,Li28,5710.1
31848,Mi1,5710.1
73828,Tm3,5710.1
96576,T4c,5710.1
36446,Mi1,5710.4
72148,Tm3,5710.4
35888,Mi1,5710.500000000001
16033,Li28,5710.500000000001
99663,T4c,5710.500000000001
91913,T4b,5710.6
83465,T4a,5710.6
71052,T2a,5710.6
36533,Mi1,5710.6
14209,Li28,5710.7
35602,Mi1,5710.7
35017,Mi1,5710.8
39743,Mi1,5710.8
69597,Tm3,5710.8
109536,T4d,5710.8
16596,Li28,5710.900000000001
72279,Mi1,5710.900000000001
91057,T4c,5711.1
10755,H1,5711.3
10037,VS,5711.3
35845,Mi1,5711.400000000001
10112,VS,5711.700000000001
95554,T4b,5711.700000000001
67971,Tm3,5711.8
116716,T4b,5711.8
112321,T4d,5711.9
77676,T2a,5712.000000000001
100946,T4c,5712.1
36410,Mi1,5712.2
107105,T4d,5712.3
102801,T4b,5712.3
93972,T4a,5712.3
90121,T4b,5712.3
17280,Li28,5712.400000000001
72194,Tm3,5712.400000000001
92114,T4c,5712.400000000001
95239,T4a,5712.400000000001
10015,HSN,5712.5
33655,Mi1,5712.5
36217,Mi1,5712.5
96295,T4b,5712.5
102425,T4b,5712.5
49324,Mi1,5712.7
10025,H2,5712.7
89434,T4c,5712.8
101770,T4b,5712.8
114391,T4d,5712.8
36954,Mi1,5712.900000000001
83979,T4a,5712.900000000001
10206,VS,5713.0
66345,T2a,5713.0
103022,T4a,5713.099999999999
58862,Mi1,5713.200000000001
34079,Mi1,5713.200000000001
35498,Mi1,5713.3
56564,Mi1,5713.3
95453,T4a,5713.3
37037,Mi1,5713.4
98837,T4c,5713.4
103654,T4b,5713.4
38893,Mi1,5713.500000000001
98118,T4c,5713.500000000001
96163,T4b,5713.7
36540,Mi1,5713.8
111416,Tm3,5713.900000000001
83227,Tm3,5713.900000000001
38767,Mi1,5714.0
59397,Mi1,5714.0
11981,Li28,5714.3
34045,Mi1,5714.3
48547,TmY3,5714.3
54885,TmY3,5714.3
98194,T4d,5714.3
38479,Mi1,5714.400000000001
88698,T4a,5714.400000000001
104336,T4b,5714.5
91987,T4c,5714.5
93688,T4a,5714.599999999999
99670,T4c,5714.599999999999
106922,T4c,5714.599999999999
16545,Li28,5714.700000000001
95356,T4a,5714.700000000001
92839,T4b,5714.8
35712,Mi1,5714.9
35897,Mi1,5714.9
53065,Mi1,5714.9
92644,T4d,5714.9
112179,T4b,5715.0
90394,T4a,5715.1
102519,T4a,5715.1
15019,Li28,5715.2
10016,HSE,5715.3
35934,Mi1,5715.3
37000,Mi1,5715.3
37019,Mi1,5715.400000000001
91444,T4c,5715.6
30923,TmY3,5715.8
68982,Tm3,5715.8
104257,T4b,5715.900000000001
93566,T4a,5715.900000000001
46662,TmY3,5716.0
98300,T4a,5716.0
109593,Tm3,5716.0
41809,Mi1,5716.099999999999
96134,T4b,5716.099999999999
15263,Li28,5716.200000000001
70812,TmY3,5716.200000000001
94179,T4a,5716.3
107170,T4b,5716.3
125171,Tm3,5716.4
110403,T4b,5716.4
85737,T2a,5716.4
65671,Mi1,5716.4
91806,T4a,5716.4
35428,Mi1,5716.5
47368,TmY3,5716.5
66808,Tm3,5716.5
83067,T4b,5716.5
106200,T4c,5716.6
40854,Mi1,5716.7
74375,Tm3,5716.8
102479,T4c,5716.9
94356,T4c,5716.9
65298,T2a,5717.0
90423,T4b,5717.0
90567,T4b,5717.2
23047,Li28,5717.3
72796,Tm3,5717.3
92047,T4c,5717.3
106952,T4b,5717.3
78968,Tm3,5717.5
102564,T4a,5717.5
107143,T4d,5717.5
94624,T4a,5717.599999999999
55976,Mi1,5717.599999999999
89139,T4c,5717.599999999999
39275,Mi1,5717.8
92281,T4c,5717.8
95681,T4a,5717.8
107211,T4d,5717.8
33462,Mi1,5717.9
35234,Mi1,5717.9
112744,T4d,5717.9
107442,T4d,5718.0
42119,Mi1,5718.0
33907,Mi1,5718.0
10025,H2,5718.0
35770,Mi1,5718.1
94368,T4a,5718.1
33942,Mi1,5718.200000000001
109142,T4b,5718.200000000001
100310,T4d,5718.3
37853,Mi1,5718.500000000001
100032,T4c,5718.500000000001
109598,T4b,5718.6
103479,T4c,5718.7
54087,Mi1,5718.8
34057,Mi1,5718.8
93750,T4c,5718.900000000001
10037,VS,5719.0
15909,Li28,5719.0
17596,Li28,5719.0
94287,T4d,5719.0
94755,T4a,5719.0
77383,T2a,5719.2
10015,HSN,5719.400000000001
10023,HSS,5719.5
37568,Mi1,5719.6
36252,Mi1,5719.700000000001
37699,Mi1,5719.8
55101,Mi1,5719.8
78108,T2a,5719.8
542412,Mi1,5719.8
39158,Mi1,5719.9
51122,Mi1,5719.9
96126,T4b,5719.9
37599,Mi1,5720.000000000001
92431,T4a,5720.1
90465,T4a,5720.1
34862,Mi1,5720.1
104683,T4b,5720.3
119245,T4d,5720.3
51231,TmY3,5720.5
104191,T4a,5720.5
108307,T4b,5720.5
34300,Mi1,5720.6
10016,HSE,5720.7
98985,T4c,5720.7
33446,Mi1,5720.8
94305,T4a,5720.8
44244,TmY3,5720.900000000001
37631,Mi1,5721.099999999999
35580,Mi1,5721.099999999999
16033,Li28,5721.099999999999
35152,Mi1,5721.200000000001
36911,Mi1,5721.500000000001
38238,Mi1,5721.6
103025,T4a,5721.6
108438,T4d,5721.6
35840,Mi1,5721.7
77991,Tm3,5721.7
108349,T4d,5721.8
37270,Mi1,5721.8
10112,VS,5721.8
36177,Mi1,5721.8
34479,Mi1,5721.900000000001
90278,T4a,5721.900000000001
99922,T4c,5721.900000000001
100787,T4b,5721.900000000001
97885,T4a,5722.0
19292,Li28,5722.0
34849,Mi1,5722.0
35806,Mi1,5722.0
63420,Mi1,5722.0
91283,T4c,5722.1
111184,T4a,5722.1
34296,Mi1,5722.1
40596,Mi1,5722.2
35218,Mi1,5722.3
101772,Tm3,5722.3
67113,Mi1,5722.400000000001
37371,Mi1,5722.5
69380,Tm3,5722.5
70289,Mi1,5722.5
90145,T4a,5722.599999999999
10755,H1,5722.599999999999
38133,Mi1,5722.700000000001
34463,Mi1,5722.700000000001
35100,Mi1,5722.8
50333,TmY3,5722.8
32893,Mi1,5722.9
37529,Mi1,5722.9
37948,Mi1,5722.9
78561,Tm3,5723.0
34369,Mi1,5723.1
98381,T4d,5723.2
111746,Tm3,5723.2
20264,Li28,5723.2
34356,Mi1,5723.2
40026,TmY3,5723.3
35836,Mi1,5723.3
10025,H2,5723.5
34899,Mi1,5723.5
35405,Mi1,5723.5
103425,T4a,5723.6
36994,Mi1,5723.8
88152,T4c,5723.8
34189,Mi1,5723.900000000001
34933,Mi1,5723.900000000001
121170,Tm3,5723.900000000001
41626,Mi1,5724.0
36452,Mi1,5724.099999999999
36446,Mi1,5724.099999999999
67150,T2a,5724.200000000001
92706,T4a,5724.4
14209,Li28,5724.5
36139,Mi1,5724.5
37353,Mi1,5724.5
104853,T4c,5724.5
104008,T4b,5724.6
526158,Mi1,5724.6
117662,T4d,5724.7
104674,T4a,5724.7
36533,Mi1,5724.7
103657,T4b,5724.7
110646,T4b,5724.8
89368,T4c,5724.9
35602,Mi1,5725.0
35774,Mi1,5725.1
85152,T4c,5725.1
93419,T4b,5725.1
78503,T2a,5725.2
101215,T4c,5725.299999999999
87390,T2a,5725.299999999999
101005,T4d,5725.400000000001
97675,T4c,5725.400000000001
10015,HSN,5725.400000000001
16545,Li28,5725.400000000001
77138,Tm3,5725.5
35001,Mi1,5725.5
35017,Mi1,5725.5
72279,Mi1,5725.5
74927,Tm3,5725.5
122233,Tm3,5725.5
102579,T4b,5725.599999999999
76325,T2a,5725.599999999999
42006,TmY3,5725.599999999999
35845,Mi1,5725.599999999999
39743,Mi1,5725.700000000001
35888,Mi1,5725.8
98668,T4a,5725.8
101480,T4c,5725.8
105698,T4c,5725.8
120231,Tm3,5725.8
45005,TmY3,5725.900000000001
106912,Tm3,5725.900000000001
92842,T4a,5726.0
99011,T4c,5726.0
10016,HSE,5726.0
90049,T4c,5726.0
16596,Li28,5726.1
87358,T4a,5726.1
17280,Li28,5726.200000000001
66214,T2a,5726.200000000001
114817,T4d,5726.200000000001
36954,Mi1,5726.3
102462,T4c,5726.3
36410,Mi1,5726.500000000001
120312,Tm3,5726.500000000001
71161,T2a,5726.6
110988,T4a,5726.6
104450,T4a,5726.6
49324,Mi1,5726.6
11981,Li28,5726.6
37037,Mi1,5726.6
34079,Mi1,5726.6
33655,Mi1,5726.6
41545,Mi1,5726.6
96090,T4c,5726.8
102016,T4a,5726.8
15909,Li28,5726.900000000001
92996,T4a,5726.900000000001
99387,T4a,5727.0
87424,T4d,5727.1
72558,T2a,5727.1
83583,T4d,5727.2
36217,Mi1,5727.3
36540,Mi1,5727.400000000001
47686,TmY3,5727.400000000001
117627,Tm3,5727.400000000001
35498,Mi1,5727.5
71398,Tm3,5727.5
38893,Mi1,5727.6
38479,Mi1,5727.6
109631,T4b,5727.700000000001
31848,Mi1,5727.8
58862,Mi1,5727.8
10206,VS,5727.9
95335,T4a,5728.000000000001
91469,T4c,5728.1
84063,T4b,5728.2
107621,T4d,5728.3
56564,Mi1,5728.3
34045,Mi1,5728.3
38767,Mi1,5728.3
80302,T2a,5728.400000000001
10023,HSS,5728.5
88726,T4b,5728.5
101873,T4b,5728.5
94153,T4d,5728.6
39067,Mi1,5728.6
59397,Mi1,5728.6
75848,T2a,5728.6
112619,T4d,5728.8
112775,T4d,5728.8
69164,Mi1,5728.8
104858,T4b,5728.8
91345,T4c,5728.900000000001
97028,T4c,5728.900000000001
10025,H2,5729.099999999999
35897,Mi1,5729.099999999999
92082,T4b,5729.099999999999
100087,T4b,5729.099999999999
102791,T4c,5729.099999999999
35934,Mi1,5729.200000000001
37000,Mi1,5729.200000000001
98325,T4d,5729.4
53065,Mi1,5729.4
79646,Tm3,5729.4
97899,T4a,5729.500000000001
37019,Mi1,5729.6
93527,T4a,5729.7
10284,VS,5729.900000000001
35712,Mi1,5729.900000000001
48894,TmY3,5729.900000000001
92939,T4b,5729.900000000001
94743,T4d,5729.900000000001
15263,Li28,5730.0
102741,T4c,5730.1
65671,Mi1,5730.1
98312,T4a,5730.1
10037,VS,5730.2
41809,Mi1,5730.2
89290,T4d,5730.2
100206,T4c,5730.2
102975,T4b,5730.2
108065,T4c,5730.3
93166,T4c,5730.3
82515,Tm3,5730.3
72829,T2a,5730.3
66604,TmY3,5730.3
72938,T2a,5730.3
39275,Mi1,5730.400000000001
71475,Tm3,5730.400000000001
70800,Tm3,5730.5
92254,T4b,5730.5
107529,T4d,5730.5
105135,T4c,5730.599999999999
34867,Mi1,5730.700000000001
102388,T4d,5730.700000000001
35428,Mi1,5730.8
10015,HSN,5730.8
10112,VS,5730.9
15019,Li28,5730.9
116129,T4b,5730.9
35447,Mi1,5731.0
92415,T4a,5731.0
99131,T4c,5731.0
101685,T4b,5731.1
23047,Li28,5731.1
91325,T4a,5731.1
127615,Tm3,5731.2
93865,T4c,5731.2
79271,T4a,5731.2
33942,Mi1,5731.2
66980,T2a,5731.3
90474,T4b,5731.3
76733,Tm3,5731.400000000001
10016,HSE,5731.400000000001
33907,Mi1,5731.400000000001
98887,T4b,5731.5
104368,T4c,5731.5
96774,T4c,5731.5
35770,Mi1,5731.6
99950,T4c,5731.6
34057,Mi1,5731.6
69540,TmY3,5731.7
98654,T4d,5731.7
67971,Tm3,5731.8
97480,T4c,5731.8
109649,T4c,5731.8
113686,T4d,5731.8
55976,Mi1,5731.900000000001
91682,T4b,5731.900000000001
91057,T4c,5732.0
97784,T4c,5732.099999999999
54087,Mi1,5732.099999999999
91741,T4d,5732.200000000001
68562,T2a,5732.3
33462,Mi1,5732.4
37568,Mi1,5732.4
74231,Tm3,5732.5
16033,Li28,5732.7
42119,Mi1,5732.7
65531,T2a,5732.7
82855,Tm3,5732.7
105521,T4c,5732.8
90135,T4c,5732.8
34862,Mi1,5732.9
75521,T2a,5732.9
90121,T4b,5732.9
92993,Tm3,5732.9
40854,Mi1,5733.0
103677,T4b,5733.1
105718,T4b,5733.1
99670,T4c,5733.2
104297,T4a,5733.2
93025,T4b,5733.400000000001
103073,T4a,5733.6
37853,Mi1,5733.6
99663,T4c,5733.8
37699,Mi1,5733.900000000001
39158,Mi1,5733.900000000001
35234,Mi1,5734.0
51122,Mi1,5734.0
100018,T4a,5734.0
33446,Mi1,5734.1
36252,Mi1,5734.1
95883,T4a,5734.1
55101,Mi1,5734.200000000001
68982,Tm3,5734.200000000001
97853,T4c,5734.3
36177,Mi1,5734.4
83689,T4a,5734.4
96295,T4b,5734.4
10025,H2,5734.500000000001
95822,T4b,5734.6
547091,T2,5734.6
10755,H1,5734.7
34300,Mi1,5734.7
88625,T4c,5734.7
97161,T4a,5734.7
542412,Mi1,5734.7
37599,Mi1,5734.8
15909,Li28,5734.8
16545,Li28,5734.900000000001
35152,Mi1,5734.900000000001
38238,Mi1,5734.900000000001
69793,T2a,5734.900000000001
35580,Mi1,5735.2
89434,T4c,5735.2
91913,T4b,5735.2
47368,TmY3,5735.3
107609,T4d,5735.400000000001
78856,Tm3,5735.400000000001
37631,Mi1,5735.400000000001
17596,Li28,5735.400000000001
65513,T2a,5735.5
37270,Mi1,5735.6
74023,T2a,5735.6
85126,T4a,5735.6
103570,T4d,5735.700000000001
19292,Li28,5735.8
88992,T4c,5735.8
37371,Mi1,5735.9
95364,T4d,5735.9
34849,Mi1,5735.9
86686,T4c,5736.000000000001
35840,Mi1,5736.2
34296,Mi1,5736.3
112633,T4b,5736.3
38133,Mi1,5736.400000000001
73284,T2a,5736.400000000001
83191,T4a,5736.400000000001
83204,T4d,5736.5
93334,T4b,5736.6
67113,Mi1,5736.6
63420,Mi1,5736.6
10015,HSN,5736.6
34369,Mi1,5736.7
35218,Mi1,5736.7
81401,T4b,5736.8
92281,T4c,5736.8
94624,T4a,5736.8
103440,T4d,5736.8
10037,VS,5736.900000000001
35806,Mi1,5736.900000000001
74937,T2a,5736.900000000001
100033,T4c,5737.0
40596,Mi1,5737.0
32893,Mi1,5737.0
37948,Mi1,5737.0
109857,T4d,5737.099999999999
34479,Mi1,5737.200000000001
36911,Mi1,5737.3
96657,T4c,5737.3
100946,T4c,5737.3
43334,TmY3,5737.4
35836,Mi1,5737.4
96134,T4b,5737.500000000001
34933,Mi1,5737.500000000001
35100,Mi1,5737.6
37529,Mi1,5737.6
98118,T4c,5737.6
35405,Mi1,5737.7
70289,Mi1,5737.7
83067,T4b,5737.7
34189,Mi1,5737.8
36139,Mi1,5737.8
48547,TmY3,5737.8
37353,Mi1,5737.900000000001
20264,Li28,5737.900000000001
34899,Mi1,5737.900000000001
34356,Mi1,5738.0
36446,Mi1,5738.0
36452,Mi1,5738.0
106701,T4d,5738.0
10112,VS,5738.1
97872,T4d,5738.2
36994,Mi1,5738.2
34463,Mi1,5738.3
93360,T4b,5738.3
10023,HSS,5738.3
33655,Mi1,5738.599999999999
98099,T4b,5738.599999999999
10016,HSE,5738.599999999999
99980,T4c,5738.700000000001
97231,T4a,5738.700000000001
95458,T4d,5738.700000000001
36954,Mi1,5738.700000000001
35017,Mi1,5738.8
36533,Mi1,5738.8
48986,TmY3,5738.8
116311,T4d,5738.8
84008,T4c,5738.9
95005,T4a,5738.9
96576,T4c,5738.9
71402,Tm3,5739.0
66808,Tm3,5739.0
40944,Mi1,5739.0
92114,T4c,5739.1
49324,Mi1,5739.2
72955,T2a,5739.2
35845,Mi1,5739.4
95554,T4b,5739.4
11981,Li28,5739.6
72279,Mi1,5739.6
83979,T4a,5739.6
94356,T4c,5739.6
35774,Mi1,5739.7
526158,Mi1,5739.7
35602,Mi1,5739.7
10025,H2,5739.8
104257,T4b,5739.8
41626,Mi1,5740.0
35001,Mi1,5740.200000000001
97866,T4d,5740.200000000001
14209,Li28,5740.3
80855,Tm3,5740.3
92181,T4a,5740.3
107719,T4b,5740.3
100867,T4b,5740.4
16596,Li28,5740.4
40426,Mi1,5740.4
37037,Mi1,5740.5
64712,T2a,5740.5
95356,T4a,5740.5
102801,T4b,5740.5
102564,T4a,5740.6
17280,Li28,5740.6
74373,Tm3,5740.6
93972,T4a,5740.6
118924,Tm3,5740.6
93419,T4b,5740.7
120016,Tm3,5740.7
92047,T4c,5740.7
35888,Mi1,5740.7
36410,Mi1,5740.7
90423,T4b,5740.7
34079,Mi1,5740.8
36540,Mi1,5740.8
100105,T4a,5740.8
104354,T4b,5740.8
101043,T4c,5740.9
100855,T4a,5740.9
103022,T4a,5740.9
33216,Mi1,5740.9
41296,Mi1,5740.9
101620,T4b,5741.0
39692,TmY3,5741.0
38893,Mi1,5741.2
93750,T4c,5741.2
10206,VS,5741.3
58862,Mi1,5741.400000000001
95239,T4a,5741.400000000001
97249,T4d,5741.6
36217,Mi1,5741.6
91987,T4c,5741.6
67150,T2a,5741.700000000001
41545,Mi1,5741.700000000001
35897,Mi1,5741.8
103827,T4c,5741.8
31848,Mi1,5741.900000000001
39743,Mi1,5741.900000000001
106922,T4c,5741.900000000001
59397,Mi1,5742.0
96126,T4b,5742.0
38479,Mi1,5742.1
44119,Mi1,5742.1
36305,Mi1,5742.1
35498,Mi1,5742.200000000001
38993,Mi1,5742.200000000001
66345,T2a,5742.200000000001
102519,T4a,5742.200000000001
69228,T2a,5742.3
88698,T4a,5742.3
92839,T4b,5742.3
97878,T4b,5742.3
532850,Tm3,5742.500000000001
99292,T4a,5742.500000000001
38514,Mi1,5742.500000000001
98788,T4d,5742.500000000001
35934,Mi1,5742.500000000001
10015,HSN,5742.6
93407,T4d,5742.6
37000,Mi1,5742.7
91806,T4a,5742.7
38767,Mi1,5742.900000000001
52328,TmY3,5742.900000000001
95453,T4a,5743.0
81995,Tm3,5743.1
91469,T4c,5743.1
69597,Tm3,5743.1
34045,Mi1,5743.2
68212,T2a,5743.2
96676,T4b,5743.2
99672,T4a,5743.2
102147,T4c,5743.2
132339,Tm3,5743.2
52485,TmY3,5743.3
56564,Mi1,5743.3
69980,Tm3,5743.3
39275,Mi1,5743.400000000001
15909,Li28,5743.400000000001
15263,Li28,5743.400000000001
100956,T4d,5743.5
53065,Mi1,5743.6
54885,TmY3,5743.6
68522,T2a,5743.700000000001
74725,T2a,5743.700000000001
96424,T4b,5743.700000000001
98504,T4c,5743.700000000001
98837,T4c,5743.8
93224,T4a,5743.8
16033,Li28,5743.8
73586,Tm3,5743.8
93688,T4a,5743.9
93935,T4a,5743.9
40026,TmY3,5744.000000000001
71188,T2a,5744.1
102579,T4b,5744.1
37019,Mi1,5744.2
33942,Mi1,5744.2
100032,T4c,5744.3
10025,H2,5744.400000000001
109593,Tm3,5744.400000000001
83465,T4a,5744.400000000001
10016,HSE,5744.400000000001
33907,Mi1,5744.400000000001
37568,Mi1,5744.400000000001
10037,VS,5744.6
41809,Mi1,5744.6
96931,T4b,5744.6
101772,Tm3,5744.8
103654,T4b,5744.8
69164,Mi1,5744.900000000001
112744,T4d,5745.0
104942,T4a,5745.0
98300,T4a,5745.200000000001
16545,Li28,5745.3
30923,TmY3,5745.3
92644,T4d,5745.3
39067,Mi1,5745.4
92706,T4a,5745.4
65671,Mi1,5745.500000000001
35428,Mi1,5745.500000000001
104858,T4b,5745.6
35770,Mi1,5745.6
10112,VS,5745.6
68842,TmY3,5745.7
35712,Mi1,5745.900000000001
62947,T2a,5745.900000000001
10755,H1,5746.0
15019,Li28,5746.0
93566,T4a,5746.0
94755,T4a,5746.0
104336,T4b,5746.2
108697,T4d,5746.2
10023,HSS,5746.2
106793,T4d,5746.2
33462,Mi1,5746.3
55976,Mi1,5746.3
97675,T4c,5746.3
34057,Mi1,5746.400000000001
46662,TmY3,5746.400000000001
94179,T4a,5746.5
84010,Tm3,5746.5
122308,Tm3,5746.5
100319,T4b,5746.599999999999
94305,T4a,5746.599999999999
92431,T4a,5746.700000000001
112179,T4b,5746.700000000001
23047,Li28,5746.700000000001
42119,Mi1,5746.700000000001
103160,T4a,5746.8
34862,Mi1,5746.9
103025,T4a,5747.0
100282,T4a,5747.1
12521,HST,5747.2
33446,Mi1,5747.2
89368,T4c,5747.2
48283,TmY3,5747.3
88951,Tm3,5747.4
36177,Mi1,5747.5
38238,Mi1,5747.5
10015,HSN,5747.6
35447,Mi1,5747.6
39158,Mi1,5747.6
72148,Tm3,5747.6
79345,T2a,5747.6
35234,Mi1,5747.7
114391,T4d,5747.7
71052,T2a,5747.8
89139,T4c,5747.8
65298,T2a,5747.900000000001
37270,Mi1,5748.0
37853,Mi1,5748.0
78968,Tm3,5748.0
55101,Mi1,5748.099999999999
34867,Mi1,5748.3
54087,Mi1,5748.3
109598,T4b,5748.3
49372,TmY3,5748.4
50333,TmY3,5748.4
542412,Mi1,5748.4
104853,T4c,5748.5
76524,Tm3,5748.5
51122,Mi1,5748.6
97899,T4a,5748.7
10025,H2,5748.8
40854,Mi1,5748.8
37699,Mi1,5748.9
69380,Tm3,5748.9
79257,Tm3,5749.0
87289,T4a,5749.0
10016,HSE,5749.1
35580,Mi1,5749.1
111184,T4a,5749.2
19292,Li28,5749.3
37599,Mi1,5749.3
99628,T4b,5749.3
36252,Mi1,5749.400000000001
35840,Mi1,5749.5
75298,T2a,5749.5
34296,Mi1,5749.6
88167,T4b,5749.6
94368,T4a,5749.6
102975,T4b,5749.6
107442,T4d,5749.700000000001
34849,Mi1,5749.700000000001
98985,T4c,5749.8
35806,Mi1,5749.900000000001
103425,T4a,5750.0
35152,Mi1,5750.1
101383,T4b,5750.1
37371,Mi1,5750.200000000001
104414,T4d,5750.200000000001
99922,T4c,5750.3
17596,Li28,5750.3
63420,Mi1,5750.3
37631,Mi1,5750.4
10037,VS,5750.4
34300,Mi1,5750.4
35218,Mi1,5750.7
37948,Mi1,5750.8
34899,Mi1,5750.900000000001
35836,Mi1,5751.0
32893,Mi1,5751.1
100310,T4d,5751.2
15909,Li28,5751.2
67113,Mi1,5751.2
95883,T4a,5751.2
95681,T4a,5751.3
95007,T4a,5751.3
38133,Mi1,5751.3
91682,T4b,5751.3
98381,T4d,5751.400000000001
34356,Mi1,5751.5
109142,T4b,5751.5
11981,Li28,5751.6
122233,Tm3,5751.6
125171,Tm3,5751.700000000001
36446,Mi1,5751.700000000001
35405,Mi1,5751.8
81836,T2a,5751.9
37529,Mi1,5751.9
36139,Mi1,5752.000000000001
36452,Mi1,5752.000000000001
36533,Mi1,5752.000000000001
37353,Mi1,5752.000000000001
40596,Mi1,5752.000000000001
106952,T4b,5752.000000000001
34479,Mi1,5752.2
35845,Mi1,5752.2
36911,Mi1,5752.2
98226,T4b,5752.3
73828,Tm3,5752.3
34369,Mi1,5752.3
33655,Mi1,5752.3
49324,Mi1,5752.400000000001
10112,VS,5752.6
35017,Mi1,5752.6
92842,T4a,5752.6
83365,T2a,5752.7
99423,T4d,5752.7
100787,T4b,5752.7
110403,T4b,5752.8
90219,T4a,5752.900000000001
62272,T2,5752.900000000001
34189,Mi1,5752.900000000001
10015,HSN,5752.900000000001
35100,Mi1,5753.0
47368,TmY3,5753.0
36994,Mi1,5753.099999999999
85152,T4c,5753.099999999999
10025,H2,5753.200000000001
91444,T4c,5753.200000000001
104450,T4a,5753.200000000001
109536,T4d,5753.3
110646,T4b,5753.3
70289,Mi1,5753.4
35774,Mi1,5753.4
10023,HSS,5753.4
10016,HSE,5753.5
73096,T2a,5753.5
98194,T4d,5753.5
104191,T4a,5753.5
51231,TmY3,5753.6
72279,Mi1,5753.7
36410,Mi1,5753.8
41626,Mi1,5753.8
96090,T4c,5753.900000000001
36954,Mi1,5753.900000000001
34933,Mi1,5753.900000000001
20264,Li28,5753.900000000001
16033,Li28,5754.0
88152,T4c,5754.0
526158,Mi1,5754.0
34463,Mi1,5754.1
89290,T4d,5754.1
14209,Li28,5754.2
72796,Tm3,5754.2
93021,T4a,5754.2
525839,Mi1,5754.2
98887,T4b,5754.3
17280,Li28,5754.3
35498,Mi1,5754.400000000001
47962,TmY3,5754.400000000001
77480,Tm3,5754.400000000001
72558,T2a,5754.5
72194,Tm3,5754.599999999999
102425,T4b,5754.599999999999
105718,T4b,5754.599999999999
104683,T4b,5754.599999999999
35897,Mi1,5754.700000000001
35602,Mi1,5754.700000000001
36540,Mi1,5754.8
91283,T4c,5754.8
37123,Mi1,5754.9
95335,T4a,5754.9
92281,T4c,5755.0
101215,T4c,5755.1
101770,T4b,5755.1
35888,Mi1,5755.2
36217,Mi1,5755.2
41545,Mi1,5755.2
38893,Mi1,5755.3
90049,T4c,5755.3
106912,Tm3,5755.3
10206,VS,5755.4
105698,T4c,5755.4
90121,T4b,5755.5
107105,T4d,5755.5
58862,Mi1,5755.5
68982,Tm3,5755.5
59397,Mi1,5755.6
82500,T2a,5755.6
34079,Mi1,5755.6
35001,Mi1,5755.6
99950,T4c,5755.8
102791,T4c,5755.8
93166,T4c,5755.8
104257,T4b,5755.900000000001
109868,Tm3,5755.900000000001
37037,Mi1,5756.0
79646,Tm3,5756.0
37000,Mi1,5756.099999999999
16545,Li28,5756.200000000001
78172,TmY3,5756.200000000001
111416,Tm3,5756.200000000001
92939,T4b,5756.3
97193,T4a,5756.3
110988,T4a,5756.4
39275,Mi1,5756.4
16596,Li28,5756.4
31848,Mi1,5756.4
33907,Mi1,5756.5
101302,T4d,5756.5
33017,Mi1,5756.6
40944,Mi1,5756.6
88281,T4b,5756.7
45005,TmY3,5756.7
56564,Mi1,5756.7
39743,Mi1,5756.8
10037,VS,5756.8
35934,Mi1,5756.9
40832,Mi1,5756.9
95822,T4b,5756.9
71394,T2a,5757.0
102479,T4c,5757.0
87358,T4a,5757.1
102741,T4c,5757.1
33942,Mi1,5757.2
84063,T4b,5757.2
101005,T4d,5757.2
93750,T4c,5757.3
40426,Mi1,5757.3
33216,Mi1,5757.400000000001
38479,Mi1,5757.400000000001
87722,T2a,5757.400000000001
99011,T4c,5757.5
104027,T4d,5757.5
41296,Mi1,5757.6
107170,T4b,5757.6
99663,T4c,5757.700000000001
41809,Mi1,5757.700000000001
92047,T4c,5757.700000000001
38767,Mi1,5757.700000000001
10025,H2,5757.700000000001
71161,T2a,5757.900000000001
93527,T4a,5757.900000000001
99670,T4c,5757.900000000001
101480,T4c,5757.900000000001
34045,Mi1,5758.0
53065,Mi1,5758.0
97028,T4c,5758.0
97853,T4c,5758.0
41120,Mi1,5758.1
86419,Tm3,5758.200000000001
15263,Li28,5758.200000000001
78503,T2a,5758.3
85074,T4a,5758.3
105521,T4c,5758.3
10016,HSE,5758.4
15909,Li28,5758.4
94624,T4a,5758.4
537004,VSm,5758.4
96295,T4b,5758.500000000001
94743,T4d,5758.7
89434,T4c,5758.7
94668,T4d,5758.8
37019,Mi1,5758.8
74375,Tm3,5758.8
34057,Mi1,5758.900000000001
65671,Mi1,5758.900000000001
70812,TmY3,5758.900000000001
75521,T2a,5758.900000000001
44119,Mi1,5759.0
54211,TmY3,5759.1
91913,T4b,5759.2
38993,Mi1,5759.2
90394,T4a,5759.2
10015,HSN,5759.3
60857,Mi1,5759.3
10755,H1,5759.400000000001
42006,TmY3,5759.400000000001
106166,T4b,5759.400000000001
61659,Tm3,5759.5
97171,T4d,5759.5
35428,Mi1,5759.5
103657,T4b,5759.5
48547,TmY3,5759.6
36305,Mi1,5759.6
74231,Tm3,5759.700000000001
35712,Mi1,5759.700000000001
37568,Mi1,5759.700000000001
38514,Mi1,5759.8
72896,Tm3,5759.8
79271,T4a,5759.8
108438,T4d,5759.8
88726,T4b,5759.9
102579,T4b,5759.9
42119,Mi1,5760.000000000001
109996,T4c,5760.000000000001
10112,VS,5760.1
100567,T4d,5760.2
35770,Mi1,5760.3
39067,Mi1,5760.3
90423,T4b,5760.3
91057,T4c,5760.3
127153,Tm3,5760.3
78856,Tm3,5760.400000000001
96576,T4c,5760.400000000001
102462,T4c,5760.400000000001
39629,Mi1,5760.5
40171,Mi1,5760.5
38230,Mi1,5760.5
38238,Mi1,5760.5
66325,Tm3,5760.6
120231,Tm3,5760.7
37270,Mi1,5760.8
90145,T4a,5760.8
100033,T4c,5760.900000000001
97161,T4a,5761.0
101685,T4b,5761.0
69164,Mi1,5761.099999999999
68562,T2a,5761.099999999999
33446,Mi1,5761.099999999999
55976,Mi1,5761.099999999999
23047,Li28,5761.200000000001
33462,Mi1,5761.200000000001
34862,Mi1,5761.200000000001
99131,T4c,5761.200000000001
50345,TmY3,5761.3
71475,Tm3,5761.3
15019,Li28,5761.4
40085,Mi1,5761.4
107031,T4b,5761.4
69978,T2,5761.5
88625,T4c,5761.5
39158,Mi1,5761.6
11981,Li28,5761.8
97256,T4c,5761.8
93025,T4b,5761.900000000001
95453,T4a,5761.900000000001
91469,T4c,5762.0
83438,T4a,5762.0
100680,T4d,5762.0
37853,Mi1,5762.0
36177,Mi1,5762.0
55101,Mi1,5762.0
74927,Tm3,5762.1
35447,Mi1,5762.2
77383,T2a,5762.2
10025,H2,5762.3
35234,Mi1,5762.3
41668,Mi1,5762.3
94305,T4a,5762.3
108065,T4c,5762.3
542412,Mi1,5762.400000000001
106522,T4d,5762.400000000001
102016,T4a,5762.400000000001
81401,T4b,5762.400000000001
34171,Mi1,5762.400000000001
94356,T4c,5762.400000000001
34867,Mi1,5762.5
10037,VS,5762.599999999999
69540,TmY3,5762.599999999999
90567,T4b,5762.599999999999
61401,T2a,5762.700000000001
93419,T4b,5762.700000000001
54087,Mi1,5762.9
98654,T4d,5762.9
40854,Mi1,5762.9
70524,T2a,5762.9
10023,HSS,5763.0
107529,T4d,5763.0
96035,T4d,5763.1
97784,T4c,5763.2
91987,T4c,5763.2
93360,T4b,5763.2
116716,T4b,5763.2
34849,Mi1,5763.3
63420,Mi1,5763.4
67113,Mi1,5763.5
108307,T4b,5763.8
37948,Mi1,5763.8
34296,Mi1,5763.8
51122,Mi1,5763.900000000001
95356,T4a,5763.900000000001
102519,T4a,5763.900000000001
10016,HSE,5764.0
19292,Li28,5764.0
94287,T4d,5764.0
92114,T4c,5764.099999999999
34300,Mi1,5764.200000000001
35840,Mi1,5764.3
99387,T4a,5764.4
98099,T4b,5764.4
34899,Mi1,5764.4
37699,Mi1,5764.4
67150,T2a,5764.4
35152,Mi1,5764.5
67971,Tm3,5764.5
98360,T4c,5764.6
35218,Mi1,5764.6
35580,Mi1,5764.6
36139,Mi1,5764.6
103479,T4c,5764.6
36452,Mi1,5764.8
36533,Mi1,5764.9
74023,T2a,5764.9
101620,T4b,5764.9
83689,T4a,5765.0
95554,T4b,5765.0
102229,T4d,5765.0
17596,Li28,5765.1
35405,Mi1,5765.1
36252,Mi1,5765.1
37631,Mi1,5765.1
83583,T4d,5765.1
35806,Mi1,5765.2
16033,Li28,5765.3
34479,Mi1,5765.3
37599,Mi1,5765.3
34189,Mi1,5765.400000000001
98118,T4c,5765.400000000001
36446,Mi1,5765.5
34369,Mi1,5765.6
35836,Mi1,5765.6
37371,Mi1,5765.6
79483,Tm3,5765.6
34356,Mi1,5765.900000000001
33655,Mi1,5765.900000000001
10015,HSN,5766.0
37353,Mi1,5766.0
10206,VS,5766.1
15909,Li28,5766.1
16545,Li28,5766.1
32893,Mi1,5766.1
40596,Mi1,5766.1
49930,TmY3,5766.1
124490,Tm3,5766.1
73284,T2a,5766.200000000001
10284,VS,5766.3
87390,T2a,5766.4
101772,Tm3,5766.4
36911,Mi1,5766.500000000001
91741,T4d,5766.500000000001
92082,T4b,5766.500000000001
95364,T4d,5766.500000000001
34933,Mi1,5766.6
35845,Mi1,5766.6
37529,Mi1,5766.6
85126,T4a,5766.7
49322,TmY3,5766.7
10025,H2,5766.8
38133,Mi1,5766.8
93972,T4a,5766.8
71938,T2a,5766.900000000001
72955,T2a,5766.900000000001
96126,T4b,5767.1
35774,Mi1,5767.1
36410,Mi1,5767.1
47686,TmY3,5767.1
72279,Mi1,5767.1
35017,Mi1,5767.2
35897,Mi1,5767.3
93947,T4a,5767.3
98788,T4d,5767.3
76325,T2a,5767.400000000001
102564,T4a,5767.400000000001
103022,T4a,5767.400000000001
49324,Mi1,5767.5
92706,T4a,5767.5
104858,T4b,5767.5
97677,T4c,5767.599999999999
526158,Mi1,5767.700000000001
100946,T4c,5767.8
100867,T4b,5767.8
41626,Mi1,5767.9
83979,T4a,5767.9
92668,T2a,5767.9
70289,Mi1,5768.000000000001
87424,T4d,5768.000000000001
88992,T4c,5768.000000000001
36994,Mi1,5768.1
102975,T4b,5768.1
10112,VS,5768.1
39692,TmY3,5768.2
56007,TmY3,5768.2
59397,Mi1,5768.2
66808,Tm3,5768.3
91345,T4c,5768.3
95239,T4a,5768.400000000001
10037,VS,5768.400000000001
35100,Mi1,5768.400000000001
87845,T4a,5768.400000000001
98175,T4c,5768.5
38893,Mi1,5768.5
35602,Mi1,5768.5
36954,Mi1,5768.5
35498,Mi1,5768.6
91806,T4a,5768.6
17280,Li28,5768.7
77676,T2a,5768.7
103073,T4a,5768.7
106922,T4c,5768.7
102388,T4d,5768.8
102801,T4b,5768.8
58862,Mi1,5768.8
34463,Mi1,5768.8
20264,Li28,5768.8
36217,Mi1,5768.900000000001
95005,T4a,5768.900000000001
41545,Mi1,5769.0
94153,T4d,5769.0
91366,T4b,5769.099999999999
102595,T4d,5769.200000000001
107143,T4d,5769.200000000001
109649,T4c,5769.200000000001
88698,T4a,5769.3
54885,TmY3,5769.4
40026,TmY3,5769.4
34079,Mi1,5769.4
36540,Mi1,5769.4
97675,T4c,5769.5
37000,Mi1,5769.6
75848,T2a,5769.6
89934,T4d,5769.6
98668,T4a,5769.6
108847,T4d,5769.6
117627,Tm3,5769.6
100206,T4c,5769.7
14209,Li28,5769.7
67719,T2a,5769.8
10755,H1,5769.8
35888,Mi1,5769.8
10016,HSE,5769.900000000001
33942,Mi1,5770.0
86630,Tm3,5770.0
101043,T4c,5770.2
66214,T2a,5770.2
90135,T4c,5770.2
112321,T4d,5770.2
68842,TmY3,5770.3
109593,Tm3,5770.400000000001
92281,T4c,5770.400000000001
31848,Mi1,5770.400000000001
39275,Mi1,5770.400000000001
33907,Mi1,5770.5
100018,T4a,5770.5
48894,TmY3,5770.599999999999
56564,Mi1,5770.599999999999
72005,Tm3,5770.599999999999
104297,T4a,5770.599999999999
68212,T2a,5770.700000000001
38767,Mi1,5770.700000000001
94179,T4a,5770.700000000001
97899,T4a,5770.700000000001
75484,Tm3,5770.8
104674,T4a,5770.8
91325,T4a,5770.9
94574,T4c,5770.9
40944,Mi1,5770.9
81064,Tm3,5770.9
98325,T4d,5770.9
120312,Tm3,5771.0
75377,T2a,5771.0
11981,Li28,5771.1
95458,T4d,5771.1
10015,HSN,5771.1
107609,T4d,5771.1
103025,T4a,5771.2
83204,T4d,5771.2
50333,TmY3,5771.2
37037,Mi1,5771.2
16596,Li28,5771.2
66980,T2a,5771.3
96134,T4b,5771.3
35001,Mi1,5771.4
37123,Mi1,5771.4
38479,Mi1,5771.4
64712,T2a,5771.4
77779,T2a,5771.4
525839,Mi1,5771.4
10025,H2,5771.6
41296,Mi1,5771.7
15263,Li28,5771.7
39743,Mi1,5771.900000000001
53065,Mi1,5771.900000000001
93750,T4c,5771.900000000001
97480,T4c,5771.900000000001
66345,T2a,5772.0
76074,Tm3,5772.0
92431,T4a,5772.099999999999
98349,T4a,5772.099999999999
100633,T4a,5772.099999999999
49441,TmY3,5772.200000000001
101081,T4c,5772.3
10023,HSS,5772.3
97231,T4a,5772.3
65671,Mi1,5772.4
92839,T4b,5772.4
92993,Tm3,5772.4
98312,T4a,5772.4
104703,T4d,5772.4
96163,T4b,5772.5
41809,Mi1,5772.6
113686,T4d,5772.6
39405,Mi1,5772.6
35934,Mi1,5772.6
10037,VS,5772.6
127615,Tm3,5772.7
34057,Mi1,5772.8
40426,Mi1,5772.8
89368,T4c,5772.8
102147,T4c,5772.8
112179,T4b,5772.8
38238,Mi1,5772.9
92939,T4b,5772.9
33216,Mi1,5772.9
37019,Mi1,5773.000000000001
34045,Mi1,5773.000000000001
38993,Mi1,5773.1
80302,T2a,5773.1
99163,T4a,5773.1
37568,Mi1,5773.2
92415,T4a,5773.2
108907,T4c,5773.2
122308,Tm3,5773.2
91934,T4a,5773.3
98381,T4d,5773.3
35712,Mi1,5773.3
79293,Tm3,5773.400000000001
100855,T4a,5773.400000000001
41120,Mi1,5773.5
93334,T4b,5773.5
33017,Mi1,5773.6
103827,T4c,5773.6
34862,Mi1,5773.700000000001
94289,T4d,5773.8
92644,T4d,5773.8
100032,T4c,5773.8
42119,Mi1,5773.8
38529,Mi1,5773.8
89020,T4a,5773.8
39505,Mi1,5773.900000000001
44119,Mi1,5773.900000000001
93865,T4c,5773.900000000001
104336,T4b,5774.0
10112,VS,5774.1
82515,Tm3,5774.1
83067,T4b,5774.1
35428,Mi1,5774.200000000001
37270,Mi1,5774.200000000001
90278,T4a,5774.4
10016,HSE,5774.500000000001
15909,Li28,5774.500000000001
33446,Mi1,5774.6
40832,Mi1,5774.6
88035,Tm3,5774.6
35770,Mi1,5774.7
38208,Mi1,5774.7
66604,TmY3,5774.7
39158,Mi1,5774.8
93688,T4a,5774.8
111746,Tm3,5774.900000000001
69980,Tm3,5775.0
36177,Mi1,5775.0
39067,Mi1,5775.0
38514,Mi1,5775.1
48986,TmY3,5775.1
83465,T4a,5775.1
38241,Mi1,5775.2
65298,T2a,5775.2
80855,Tm3,5775.3
100087,T4b,5775.3
36305,Mi1,5775.400000000001
94624,T4a,5775.5
68982,Tm3,5775.5
15019,Li28,5775.5
10015,HSN,5775.599999999999
95883,T4a,5775.599999999999
55976,Mi1,5775.700000000001
33462,Mi1,5775.8
62078,Mi1,5775.8
76524,Tm3,5775.8
103570,T4d,5775.9
119245,T4d,5776.000000000001
35447,Mi1,5776.1
94755,T4a,5776.1
32535,Mi1,5776.1
16033,Li28,5776.2
40256,Mi1,5776.2
82855,Tm3,5776.2
23047,Li28,5776.3
69164,Mi1,5776.3
105276,T4d,5776.3
10025,H2,5776.400000000001
60857,Mi1,5776.400000000001
98300,T4a,5776.400000000001
47967,Mi1,5776.5
71674,T2a,5776.5
37853,Mi1,5776.5
70800,Tm3,5776.5
37948,Mi1,5776.6
65513,T2a,5776.6
39629,Mi1,5776.7
91682,T4b,5776.7
91913,T4b,5776.8
34867,Mi1,5776.8
89290,T4d,5776.8
10037,VS,5776.900000000001
103425,T4a,5777.0
35234,Mi1,5777.0
34849,Mi1,5777.0
10012,VS,5777.099999999999
60856,T2a,5777.099999999999
16545,Li28,5777.200000000001
37699,Mi1,5777.200000000001
40085,Mi1,5777.200000000001
40854,Mi1,5777.200000000001
67113,Mi1,5777.200000000001
86686,T4c,5777.200000000001
542412,Mi1,5777.3
55101,Mi1,5777.3
30997,Mi1,5777.3
36139,Mi1,5777.3
44564,TmY3,5777.3
10206,VS,5777.4
40171,Mi1,5777.4
107719,T4b,5777.4
95017,T4c,5777.5
91283,T4c,5777.5
120016,Tm3,5777.5
39718,Mi1,5777.5
38230,Mi1,5777.5
88152,T4c,5777.5
95242,T4d,5777.6
83191,T4a,5777.7
90465,T4a,5777.7
104683,T4b,5777.7
107211,T4d,5777.7
114391,T4d,5777.900000000001
114817,T4d,5777.900000000001
54087,Mi1,5777.900000000001
79083,Tm3,5777.900000000001
19292,Li28,5778.0
99011,T4c,5778.0
35840,Mi1,5778.1
63420,Mi1,5778.1
30923,TmY3,5778.2
47368,TmY3,5778.2
77991,Tm3,5778.2
95972,T4d,5778.2
96090,T4c,5778.2
98887,T4b,5778.2
34479,Mi1,5778.3
36452,Mi1,5778.400000000001
109857,T4d,5778.5
95453,T4a,5778.5
51122,Mi1,5778.5
43334,TmY3,5778.5
41668,Mi1,5778.5
34189,Mi1,5778.5
35580,Mi1,5778.599999999999
90121,T4b,5778.599999999999
109916,T4d,5778.599999999999
35405,Mi1,5778.700000000001
36252,Mi1,5778.700000000001
34296,Mi1,5778.8
34899,Mi1,5778.8
110646,T4b,5779.0
35218,Mi1,5779.0
10016,HSE,5779.0
34300,Mi1,5779.1
40596,Mi1,5779.1
71052,T2a,5779.1
91469,T4c,5779.1
93527,T4a,5779.1
33655,Mi1,5779.2
36446,Mi1,5779.2
52485,TmY3,5779.2
99348,T4c,5779.2
108325,T4c,5779.3
101215,T4c,5779.3
10023,HSS,5779.4
34171,Mi1,5779.5
35845,Mi1,5779.5
37371,Mi1,5779.5
37631,Mi1,5779.5
47962,TmY3,5779.5
34369,Mi1,5779.6
89434,T4c,5779.6
93566,T4a,5779.6
35806,Mi1,5779.7
122233,Tm3,5779.900000000001
92552,T4a,5779.900000000001
35152,Mi1,5779.900000000001
36533,Mi1,5779.900000000001
48547,TmY3,5780.0
81995,Tm3,5780.0
96394,T4b,5780.0
36410,Mi1,5780.099999999999
98985,T4c,5780.099999999999
74937,T2a,5780.3
97878,T4b,5780.3
100310,T4d,5780.4
17596,Li28,5780.5
10112,VS,5780.6
37529,Mi1,5780.6
86778,T4a,5780.6
10015,HSN,5780.700000000001
11134,VSm,5780.700000000001
91057,T4c,5780.700000000001
49324,Mi1,5780.8
64149,Mi1,5780.8
35836,Mi1,5780.8
37599,Mi1,5780.9
104257,T4b,5780.9
106701,T4d,5780.9
10025,H2,5781.000000000001
77395,T4b,5781.000000000001
537004,VSm,5781.000000000001
67150,T2a,5781.1
92842,T4a,5781.1
59959,Mi1,5781.1
107445,T4a,5781.1
38133,Mi1,5781.1
36911,Mi1,5781.1
40703,Mi1,5781.1
10037,VS,5781.2
35602,Mi1,5781.2
69380,Tm3,5781.3
70289,Mi1,5781.3
72279,Mi1,5781.3
86536,Tm3,5781.3
112744,T4d,5781.400000000001
97866,T4d,5781.400000000001
104368,T4c,5781.400000000001
35017,Mi1,5781.400000000001
46662,TmY3,5781.400000000001
34933,Mi1,5781.5
35774,Mi1,5781.5
83227,Tm3,5781.5
84008,T4c,5781.5
526158,Mi1,5781.5
118924,Tm3,5781.6
109142,T4b,5781.7
37353,Mi1,5781.7
58862,Mi1,5781.7
106200,T4c,5781.7
111184,T4a,5781.8
91674,T4a,5781.8
38791,Mi1,5781.8
35897,Mi1,5781.8
32893,Mi1,5781.900000000001
52328,TmY3,5781.900000000001
90049,T4c,5781.900000000001
90474,T4b,5781.900000000001
112619,T4d,5781.900000000001
97872,T4d,5782.0
94368,T4a,5782.0
11981,Li28,5782.0
15909,Li28,5782.0
41626,Mi1,5782.1
103654,T4b,5782.1
104191,T4a,5782.1
34356,Mi1,5782.200000000001
35498,Mi1,5782.200000000001
57398,Mi1,5782.200000000001
101480,T4c,5782.200000000001
78561,Tm3,5782.3
72066,Tm3,5782.3
92996,T4a,5782.3
20264,Li28,5782.3
37000,Mi1,5782.3
59397,Mi1,5782.4
91987,T4c,5782.4
96424,T4b,5782.4
100105,T4a,5782.4
104450,T4a,5782.4
36217,Mi1,5782.500000000001
95356,T4a,5782.500000000001
100282,T4a,5782.500000000001
33942,Mi1,5782.6
103677,T4b,5782.7
97885,T4a,5782.7
39275,Mi1,5782.7
34463,Mi1,5782.7
74231,Tm3,5782.7
17280,Li28,5782.8
35100,Mi1,5782.8
36994,Mi1,5782.8
38893,Mi1,5782.8
84063,T4b,5782.8
133040,Tm3,5782.8
36540,Mi1,5782.900000000001
90219,T4a,5782.900000000001
110988,T4a,5783.1
92706,T4a,5783.1
10284,VS,5783.1
94356,T4c,5783.2
104008,T4b,5783.2
94305,T4a,5783.3
41545,Mi1,5783.400000000001
71228,T2a,5783.400000000001
103022,T4a,5783.5
64260,T2,5783.5
93509,T4b,5783.5
94953,T4d,5783.599999999999
116311,T4d,5783.599999999999
10016,HSE,5783.700000000001
12521,HST,5783.700000000001
85152,T4c,5783.700000000001
97028,T4c,5783.700000000001
106295,T4b,5783.8
99670,T4c,5783.8
93166,T4c,5783.8
98194,T4d,5783.8
35001,Mi1,5783.8
34079,Mi1,5783.8
56564,Mi1,5783.8
35888,Mi1,5783.9
96576,T4c,5783.9
98439,T4a,5783.9
105718,T4b,5783.9
104853,T4c,5784.000000000001
77480,Tm3,5784.000000000001
51050,TmY3,5784.000000000001
10755,H1,5784.000000000001
36954,Mi1,5784.1
107621,T4d,5784.2
69597,Tm3,5784.3
81883,T2a,5784.3
14209,Li28,5784.400000000001
96657,T4c,5784.400000000001
92047,T4c,5784.5
96676,T4b,5784.5
89825,T4a,5784.5
104905,T4c,5784.5
101685,T4b,5784.6
71398,Tm3,5784.6
101302,T4d,5784.7
102579,T4b,5784.7
31848,Mi1,5784.7
98837,T4c,5784.7
105135,T4c,5784.7
113171,T4b,5784.8
101772,Tm3,5784.8
79646,Tm3,5784.8
99922,T4c,5784.8
101873,T4b,5784.900000000001
102741,T4c,5784.900000000001
77891,Tm3,5785.0
90423,T4b,5785.0
40944,Mi1,5785.099999999999
72148,Tm3,5785.099999999999
79271,T4a,5785.099999999999
88625,T4c,5785.099999999999
102425,T4b,5785.099999999999
107529,T4d,5785.200000000001
83689,T4a,5785.200000000001
97171,T4d,5785.200000000001
10015,HSN,5785.3
10025,H2,5785.3
65531,T2a,5785.3
77138,Tm3,5785.3
80358,Tm3,5785.3
86416,T4a,5785.3
100956,T4d,5785.3
38479,Mi1,5785.4
99292,T4a,5785.4
100033,T4c,5785.5
33907,Mi1,5785.5
37037,Mi1,5785.6
61768,T2,5785.6
72938,T2a,5785.6
82038,Tm3,5785.6
93224,T4a,5785.6
97249,T4d,5785.6
10112,VS,5785.7
72558,T2a,5785.8
123490,Tm3,5785.8
10037,VS,5785.900000000001
103725,T4a,5785.900000000001
101383,T4b,5785.900000000001
95681,T4a,5785.900000000001
10023,HSS,5785.900000000001
38767,Mi1,5785.900000000001
39743,Mi1,5785.900000000001
105521,T4c,5786.0
100867,T4b,5786.0
102112,T4c,5786.0
102370,T4c,5786.1
99628,T4b,5786.1
111416,Tm3,5786.1
97193,T4a,5786.1
94743,T4d,5786.1
96931,T4b,5786.1
87358,T4a,5786.1
83365,T2a,5786.1
38238,Mi1,5786.2
74228,Tm3,5786.2
53065,Mi1,5786.3
69793,T2a,5786.3
74725,T2a,5786.3
74927,Tm3,5786.3
116129,T4b,5786.3
112775,T4d,5786.400000000001
69228,T2a,5786.400000000001
101005,T4d,5786.400000000001
34057,Mi1,5786.5
40426,Mi1,5786.5
48283,TmY3,5786.5
71475,Tm3,5786.5
72194,Tm3,5786.5
92254,T4b,5786.5
100897,T4c,5786.599999999999
102462,T4c,5786.599999999999
99950,T4c,5786.599999999999
99672,T4a,5786.599999999999
16545,Li28,5786.599999999999
99980,T4c,5786.599999999999
37123,Mi1,5786.700000000001
65671,Mi1,5786.700000000001
525839,Mi1,5786.700000000001
16596,Li28,5786.8
37019,Mi1,5786.8
72829,T2a,5786.8
15263,Li28,5786.9
16033,Li28,5786.9
34862,Mi1,5786.9
37568,Mi1,5786.9
68522,T2a,5786.9
93972,T4a,5786.9
39692,TmY3,5787.0
105122,T4b,5787.0
41296,Mi1,5787.2
67971,Tm3,5787.3
35934,Mi1,5787.4
103314,T4b,5787.4
41809,Mi1,5787.5
33216,Mi1,5787.5
35712,Mi1,5787.6
40026,TmY3,5787.6
107442,T4d,5787.6
20634,VST1,5787.7
95822,T4b,5787.7
107170,T4b,5787.7
92181,T4a,5787.799999999999
94283,T4d,5787.900000000001
102791,T4c,5787.900000000001
38993,Mi1,5788.0
33017,Mi1,5788.099999999999
87289,T4a,5788.099999999999
108438,T4d,5788.099999999999
34045,Mi1,5788.200000000001
35770,Mi1,5788.200000000001
36177,Mi1,5788.200000000001
78503,T2a,5788.200000000001
83979,T4a,5788.200000000001
92281,T4c,5788.200000000001
95005,T4a,5788.200000000001
78856,Tm3,5788.3
44244,TmY3,5788.3
10016,HSE,5788.3
42119,Mi1,5788.3
33446,Mi1,5788.400000000001
78968,Tm3,5788.400000000001
97853,T4c,5788.400000000001
99663,T4c,5788.5
10206,VS,5788.5
44119,Mi1,5788.5
76733,Tm3,5788.5
109598,T4b,5788.5
93750,T4c,5788.6
41120,Mi1,5788.700000000001
39158,Mi1,5788.700000000001
95554,T4b,5788.8
108697,T4d,5788.9
96774,T4c,5788.9
96295,T4b,5788.9
100319,T4b,5788.9
39405,Mi1,5788.9
36305,Mi1,5788.9
35428,Mi1,5788.9
92939,T4b,5788.9
15909,Li28,5789.000000000001
37270,Mi1,5789.1
10025,H2,5789.1
89139,T4c,5789.2
10015,HSN,5789.3
33462,Mi1,5789.3
105698,T4c,5789.3
115636,T4d,5789.3
91806,T4a,5789.400000000001
102519,T4a,5789.400000000001
40832,Mi1,5789.5
97675,T4c,5789.5
547091,T2,5789.6
38529,Mi1,5789.7
39067,Mi1,5789.7
101620,T4b,5789.8
101770,T4b,5789.8
93025,T4b,5789.900000000001
109631,T4b,5789.900000000001
35447,Mi1,5790.0
51231,TmY3,5790.0
90394,T4a,5790.0
50333,TmY3,5790.1
36139,Mi1,5790.1
37948,Mi1,5790.200000000001
55976,Mi1,5790.200000000001
77254,Tm3,5790.200000000001
105412,T4a,5790.200000000001
23047,Li28,5790.3
38241,Mi1,5790.3
66808,Tm3,5790.3
95007,T4a,5790.3
99131,T4c,5790.3
110403,T4b,5790.4
37699,Mi1,5790.4
68562,T2a,5790.4
34849,Mi1,5790.500000000001
98654,T4d,5790.500000000001
106952,T4b,5790.500000000001
67113,Mi1,5790.6
88167,T4b,5790.6
79257,Tm3,5790.7
39505,Mi1,5790.7
97784,T4c,5790.7
37853,Mi1,5790.7
35234,Mi1,5790.7
38208,Mi1,5790.7
93419,T4b,5790.7
103657,T4b,5790.8
55101,Mi1,5790.8
81401,T4b,5790.8
10037,VS,5791.0
102801,T4b,5791.0
10112,VS,5791.1
38514,Mi1,5791.1
96728,T4c,5791.1
15019,Li28,5791.2
34867,Mi1,5791.3
40256,Mi1,5791.3
125171,Tm3,5791.3
60857,Mi1,5791.400000000001
40854,Mi1,5791.5
104858,T4b,5791.5
10755,H1,5791.599999999999
69164,Mi1,5791.599999999999
93021,T4a,5791.599999999999
34300,Mi1,5791.700000000001
35840,Mi1,5791.700000000001
40085,Mi1,5791.700000000001
97256,T4c,5791.700000000001
542412,Mi1,5791.700000000001
109291,T4d,5791.8
85126,T4a,5791.8
108065,T4c,5791.8
54087,Mi1,5792.1
10023,HSS,5792.2
39629,Mi1,5792.2
84010,Tm3,5792.2
96134,T4b,5792.2
97899,T4a,5792.2
108349,T4d,5792.2
49372,TmY3,5792.3
102975,T4b,5792.3
33655,Mi1,5792.3
37631,Mi1,5792.3
63420,Mi1,5792.400000000001
86419,Tm3,5792.400000000001
88992,T4c,5792.400000000001
38230,Mi1,5792.5
36452,Mi1,5792.5
93360,T4b,5792.5
34479,Mi1,5792.5
36252,Mi1,5792.5
40171,Mi1,5792.6
34899,Mi1,5792.6
11981,Li28,5792.6
19292,Li28,5792.7
32535,Mi1,5792.7
47967,Mi1,5792.7
10016,HSE,5792.8
10025,H2,5792.8
72989,Tm3,5792.8
89368,T4c,5792.8
83438,T4a,5792.900000000001
96126,T4b,5792.900000000001
34296,Mi1,5792.900000000001
35580,Mi1,5792.900000000001
35152,Mi1,5793.0
36446,Mi1,5793.0
34189,Mi1,5793.099999999999
35405,Mi1,5793.099999999999
74023,T2a,5793.099999999999
112993,T4b,5793.099999999999
532850,Tm3,5793.099999999999
98751,T4a,5793.200000000001
41668,Mi1,5793.3
51122,Mi1,5793.4
40596,Mi1,5793.5
34369,Mi1,5793.5
35806,Mi1,5793.5
94179,T4a,5793.6
102991,T4c,5793.6
36533,Mi1,5793.7
62078,Mi1,5793.7
93935,T4a,5793.7
36410,Mi1,5793.8
132339,Tm3,5793.900000000001
97161,T4a,5793.900000000001
95239,T4a,5793.900000000001
10015,HSN,5793.900000000001
35218,Mi1,5794.0
35017,Mi1,5794.1
39718,Mi1,5794.1
107031,T4b,5794.1
98118,T4c,5794.2
95883,T4a,5794.2
98360,T4c,5794.2
30997,Mi1,5794.2
74373,Tm3,5794.2
100787,T4b,5794.3
98887,T4b,5794.3
36911,Mi1,5794.3
35845,Mi1,5794.400000000001
92431,T4a,5794.400000000001
109536,T4d,5794.400000000001
85007,T4c,5794.5
90145,T4a,5794.5
91444,T4c,5794.5
92114,T4c,5794.5
101228,T4a,5794.599999999999
83067,T4b,5794.599999999999
35836,Mi1,5794.599999999999
35602,Mi1,5794.599999999999
37371,Mi1,5794.599999999999
34171,Mi1,5794.700000000001
108307,T4b,5794.8
34933,Mi1,5794.8
83583,T4d,5794.8
94668,T4d,5794.8
42006,TmY3,5795.0
104336,T4b,5795.1
15909,Li28,5795.1
102147,T4c,5795.2
97677,T4c,5795.3
16033,Li28,5795.3
35774,Mi1,5795.3
35897,Mi1,5795.3
39275,Mi1,5795.3
58862,Mi1,5795.3
72796,Tm3,5795.3
37529,Mi1,5795.4
32893,Mi1,5795.5
48547,TmY3,5795.5
74375,Tm3,5795.5
117662,T4d,5795.5
68982,Tm3,5795.7
88435,Tm3,5795.7
35498,Mi1,5795.7
101463,T4d,5795.7
102016,T4a,5795.799999999999
102564,T4a,5795.799999999999
95810,T2a,5795.799999999999
50345,TmY3,5795.799999999999
48073,TmY3,5795.799999999999
45005,TmY3,5795.799999999999
38893,Mi1,5795.799999999999
33942,Mi1,5795.900000000001
34142,Mi1,5795.900000000001
36217,Mi1,5795.900000000001
70289,Mi1,5795.900000000001
100946,T4c,5795.900000000001
49324,Mi1,5796.0
102229,T4d,5796.0
17280,Li28,5796.0
17596,Li28,5796.1
37599,Mi1,5796.1
66345,T2a,5796.1
68933,Tm3,5796.1
59397,Mi1,5796.200000000001
106522,T4d,5796.200000000001
41626,Mi1,5796.3
72279,Mi1,5796.3
42594,Mi1,5796.3
38133,Mi1,5796.3
37243,Mi1,5796.3
36540,Mi1,5796.3
34356,Mi1,5796.3
16545,Li28,5796.3
69441,Tm3,5796.400000000001
78911,Tm3,5796.400000000001
91469,T4c,5796.400000000001
526158,Mi1,5796.400000000001
106912,Tm3,5796.5
99387,T4a,5796.5
98504,T4c,5796.5
70490,Mi1,5796.5
34463,Mi1,5796.5
10025,H2,5796.5
72955,T2a,5796.5
98788,T4d,5796.6
121816,T4a,5796.6
93957,T4b,5796.700000000001
38721,Mi1,5796.8
10037,VS,5796.8
37353,Mi1,5796.9
98099,T4b,5796.9
36994,Mi1,5796.9
73828,Tm3,5797.000000000001
106922,T4c,5797.000000000001
20264,Li28,5797.000000000001
113568,T4d,5797.000000000001
100206,T4c,5797.1
10016,HSE,5797.1
103160,T4a,5797.1
40703,Mi1,5797.2
106801,T4c,5797.3
108824,T4d,5797.3
47368,TmY3,5797.3
35045,Mi1,5797.400000000001
35100,Mi1,5797.400000000001
70812,TmY3,5797.400000000001
88152,T4c,5797.5
54885,TmY3,5797.5
37000,Mi1,5797.5
89290,T4d,5797.5
14209,Li28,5797.5
10112,VS,5797.5
34079,Mi1,5797.5
10206,VS,5797.6
64149,Mi1,5797.6
108948,T4b,5797.6
56564,Mi1,5797.7
68212,T2a,5797.7
78422,Tm3,5797.7
105292,T4b,5797.8
88698,T4a,5797.8
91366,T4b,5797.8
71938,T2a,5797.900000000001
91913,T4b,5797.900000000001
59959,Mi1,5797.900000000001
41545,Mi1,5798.0
42675,Mi1,5798.1
95453,T4a,5798.1
10023,HSS,5798.200000000001
75521,T2a,5798.200000000001
99863,T4d,5798.200000000001
107609,T4d,5798.3
10284,VS,5798.3
38479,Mi1,5798.3
103025,T4a,5798.3
38238,Mi1,5798.4
70112,T2,5798.500000000001
73807,Tm3,5798.500000000001
90121,T4b,5798.500000000001
95458,T4d,5798.500000000001
98175,T4c,5798.500000000001
98381,T4d,5798.500000000001
47686,TmY3,5798.7
79483,Tm3,5798.7
102479,T4c,5798.7
57398,Mi1,5798.8
85737,T2a,5798.900000000001
100855,T4a,5798.900000000001
38791,Mi1,5798.900000000001
71402,Tm3,5799.0
112179,T4b,5799.0
31848,Mi1,5799.1
33907,Mi1,5799.1
69540,TmY3,5799.1
83465,T4a,5799.1
92047,T4c,5799.1
96090,T4c,5799.1
104683,T4b,5799.1
101043,T4c,5799.2
35888,Mi1,5799.2
100032,T4c,5799.2
10015,HSN,5799.3
37037,Mi1,5799.3
91345,T4c,5799.3
104354,T4b,5799.3
112633,T4b,5799.3
87424,T4d,5799.400000000001
73096,T2a,5799.5
38767,Mi1,5799.599999999999
106166,T4b,5799.599999999999
34057,Mi1,5799.700000000001
98349,T4a,5799.8
104257,T4b,5799.8
94624,T4a,5799.8
34626,Mi1,5799.8
40944,Mi1,5799.8
34862,Mi1,5799.8
64341,TmY3,5799.8
36954,Mi1,5799.9
96199,T4a,5799.9
10755,H1,5800.000000000001
35001,Mi1,5800.000000000001
101244,T4b,5800.000000000001
90423,T4b,5800.1
73284,T2a,5800.1
85074,T4a,5800.1
10025,H2,5800.2
53075,TmY3,5800.2
61659,Tm3,5800.2
94755,T4a,5800.2
46324,TmY3,5800.3
44449,TmY3,5800.3
92644,T4d,5800.3
10012,VS,5800.400000000001
104942,T4a,5800.5
15263,Li28,5800.5
53065,Mi1,5800.5
65671,Mi1,5800.6
84063,T4b,5800.6
90135,T4c,5800.7
99670,T4c,5800.7
37123,Mi1,5800.8
76074,Tm3,5800.8
101772,Tm3,5800.900000000001
98846,T4c,5800.900000000001
91629,T4a,5800.900000000001
41809,Mi1,5800.900000000001
39692,TmY3,5800.900000000001
87845,T4a,5800.900000000001
40426,Mi1,5801.0
75381,Tm3,5801.0
91283,T4c,5801.0
98300,T4a,5801.099999999999
37568,Mi1,5801.099999999999
88726,T4b,5801.099999999999
94356,T4c,5801.099999999999
525839,Mi1,5801.099999999999
15909,Li28,5801.200000000001
33446,Mi1,5801.3
121170,Tm3,5801.3
10016,HSE,5801.4
33216,Mi1,5801.4
35712,Mi1,5801.4
37019,Mi1,5801.4
92082,T4b,5801.4
80855,Tm3,5801.5
102579,T4b,5801.5
35934,Mi1,5801.5
41296,Mi1,5801.6
97231,T4a,5801.6
58945,Tm3,5801.7
82639,T2a,5801.7
97028,T4c,5801.7
107997,T4c,5801.7
120231,Tm3,5801.7
70642,T2a,5801.8
10037,VS,5801.9
101685,T4b,5801.9
111980,T4d,5802.1
66980,T2a,5802.1
65298,T2a,5802.1
33017,Mi1,5802.1
39743,Mi1,5802.2
77982,T2a,5802.2
93527,T4a,5802.2
11981,Li28,5802.3
36177,Mi1,5802.3
48607,TmY3,5802.3
100501,T4b,5802.3
537004,VSm,5802.3
94305,T4a,5802.400000000001
64579,T2,5802.400000000001
34045,Mi1,5802.400000000001
42119,Mi1,5802.400000000001
35770,Mi1,5802.5
37270,Mi1,5802.599999999999
107159,T4b,5802.599999999999
127615,Tm3,5802.599999999999
75660,T2a,5802.700000000001
16596,Li28,5802.700000000001
103570,T4d,5802.8
90567,T4b,5802.8
36305,Mi1,5802.8
39158,Mi1,5802.8
10112,VS,5803.0
91325,T4a,5803.0
100838,T4c,5803.0
103479,T4c,5803.0
38993,Mi1,5803.1
92706,T4a,5803.1
103639,T4d,5803.1
110604,T4a,5803.2
33462,Mi1,5803.2
37948,Mi1,5803.3
39405,Mi1,5803.3
41120,Mi1,5803.3
44119,Mi1,5803.3
102741,T4c,5803.3
40832,Mi1,5803.4
90097,T4c,5803.7
95364,T4d,5803.799999999999
104297,T4a,5803.799999999999
35447,Mi1,5803.799999999999
10025,H2,5803.900000000001
104674,T4a,5803.900000000001
10023,HSS,5803.900000000001
105834,T4d,5803.900000000001
67150,T2a,5804.0
38529,Mi1,5804.1
55976,Mi1,5804.1
95335,T4a,5804.1
126286,Tm3,5804.1
16033,Li28,5804.200000000001
37853,Mi1,5804.200000000001
39067,Mi1,5804.200000000001
103425,T4a,5804.200000000001
35234,Mi1,5804.3
40026,TmY3,5804.3
55101,Mi1,5804.3
100087,T4b,5804.3
93688,T4a,5804.400000000001
34849,Mi1,5804.400000000001
71161,T2a,5804.400000000001
67113,Mi1,5804.5
105521,T4c,5804.5
38514,Mi1,5804.6
69980,Tm3,5804.6
99011,T4c,5804.6
10015,HSN,5804.700000000001
48514,TmY3,5804.700000000001
103827,T4c,5804.700000000001
101230,T4a,5804.8
98312,T4a,5804.8
94368,T4a,5804.8
37699,Mi1,5804.8
35428,Mi1,5804.9
40256,Mi1,5804.9
91682,T4b,5804.9
23047,Li28,5805.000000000001
34300,Mi1,5805.000000000001
39505,Mi1,5805.000000000001
77383,T2a,5805.1
95554,T4b,5805.1
107640,T4c,5805.3
96035,T4d,5805.400000000001
16545,Li28,5805.400000000001
34296,Mi1,5805.5
34899,Mi1,5805.6
38230,Mi1,5805.6
69164,Mi1,5805.6
36452,Mi1,5805.7
38208,Mi1,5805.7
542412,Mi1,5805.7
85152,T4c,5805.8
100282,T4a,5805.8
98985,T4c,5805.8
83639,T2a,5805.8
10016,HSE,5805.8
38241,Mi1,5805.8
40171,Mi1,5805.8
36139,Mi1,5805.8
94983,T4c,5805.900000000001
15019,Li28,5806.0
40854,Mi1,5806.0
96576,T4c,5806.0
122308,Tm3,5806.1
69380,Tm3,5806.1
91057,T4c,5806.1
33655,Mi1,5806.1
40085,Mi1,5806.1
34479,Mi1,5806.200000000001
35017,Mi1,5806.200000000001
60857,Mi1,5806.200000000001
100310,T4d,5806.200000000001
62562,T2,5806.3
93566,T4a,5806.4
35840,Mi1,5806.4
60856,T2a,5806.4
122233,Tm3,5806.500000000001
36410,Mi1,5806.500000000001
92842,T4a,5806.500000000001
54087,Mi1,5806.6
86778,T4a,5806.6
90888,T4b,5806.6
62272,T2,5806.7
72619,T2a,5806.7
99423,T4d,5806.7
62078,Mi1,5806.900000000001
37631,Mi1,5807.0
39629,Mi1,5807.1
10206,VS,5807.2
35152,Mi1,5807.2
36252,Mi1,5807.3
36533,Mi1,5807.3
90278,T4a,5807.3
102153,T4c,5807.3
104191,T4a,5807.3
71052,T2a,5807.400000000001
36446,Mi1,5807.400000000001
70524,T2a,5807.400000000001
34369,Mi1,5807.400000000001
10037,VS,5807.400000000001
41668,Mi1,5807.5
32535,Mi1,5807.599999999999
35405,Mi1,5807.599999999999
51122,Mi1,5807.599999999999
35580,Mi1,5807.700000000001
103073,T4a,5807.700000000001
107719,T4b,5807.700000000001
95972,T4d,5807.8
40596,Mi1,5807.8
10025,H2,5807.9
84008,T4c,5807.9
19292,Li28,5808.000000000001
92281,T4c,5808.000000000001
97866,T4d,5808.1
34867,Mi1,5808.1
34933,Mi1,5808.1
47967,Mi1,5808.1
63420,Mi1,5808.1
104450,T4a,5808.1
35806,Mi1,5808.2
34189,Mi1,5808.2
39718,Mi1,5808.3
57247,TmY3,5808.3
102462,T4c,5808.3
15909,Li28,5808.400000000001
36911,Mi1,5808.400000000001
90219,T4a,5808.400000000001
97878,T4b,5808.400000000001
103440,T4d,5808.5
111928,T4b,5808.5
98194,T4d,5808.5
37371,Mi1,5808.5
30997,Mi1,5808.5
34356,Mi1,5808.6
35897,Mi1,5808.6
44564,TmY3,5808.6
50333,TmY3,5808.6
93166,T4c,5808.6
35218,Mi1,5808.7
35498,Mi1,5808.7
48894,TmY3,5808.7
101215,T4c,5808.7
93509,T4b,5808.8
39275,Mi1,5808.8
17280,Li28,5808.8
35602,Mi1,5808.8
97899,T4a,5808.900000000001
99628,T4b,5808.900000000001
17596,Li28,5809.0
64712,T2a,5809.0
107529,T4d,5809.0
34171,Mi1,5809.099999999999
35774,Mi1,5809.099999999999
102975,T4b,5809.099999999999
49324,Mi1,5809.200000000001
107105,T4d,5809.3
78421,T2a,5809.3
35845,Mi1,5809.3
72426,Tm3,5809.3
83438,T4a,5809.4
59397,Mi1,5809.5
91987,T4c,5809.5
93750,T4c,5809.5
107297,T4c,5809.5
100488,T4c,5809.6
117627,Tm3,5809.6
69916,T2,5809.6
36217,Mi1,5809.6
37529,Mi1,5809.6
35836,Mi1,5809.7
38893,Mi1,5809.7
89434,T4c,5809.7
98668,T4a,5809.8
10112,VS,5809.9
33942,Mi1,5809.9
37599,Mi1,5809.9
58862,Mi1,5809.9
91469,T4c,5809.9
72279,Mi1,5810.0
87390,T2a,5810.0
99348,T4c,5810.0
70289,Mi1,5810.1
49322,TmY3,5810.1
100956,T4d,5810.2
101480,T4c,5810.2
10023,HSS,5810.2
79646,Tm3,5810.2
112744,T4d,5810.3
526158,Mi1,5810.3
10016,HSE,5810.3
97288,T4c,5810.3
34463,Mi1,5810.400000000001
102801,T4b,5810.400000000001
10015,HSN,5810.400000000001
32893,Mi1,5810.5
91313,T4a,5810.5
96394,T4b,5810.5
102388,T4d,5810.5
10755,H1,5810.700000000001
37000,Mi1,5810.700000000001
39651,Mi1,5810.700000000001
109142,T4b,5810.700000000001
65513,T2a,5810.8
66808,Tm3,5810.8
56564,Mi1,5810.8
67719,T2a,5810.9
34079,Mi1,5811.0
37353,Mi1,5811.0
82211,T2a,5811.0
107445,T4a,5811.1
36646,Mi1,5811.1
41626,Mi1,5811.1
83583,T4d,5811.1
93360,T4b,5811.1
93947,T4a,5811.1
101770,T4b,5811.1
105403,T4c,5811.3
12521,HST,5811.3
104414,T4d,5811.3
99663,T4c,5811.4
35100,Mi1,5811.5
71773,T2a,5811.5
94549,T4b,5811.5
36540,Mi1,5811.6
36994,Mi1,5811.6
34142,Mi1,5811.7
109857,T4d,5811.7
91741,T4d,5811.8
20264,Li28,5811.8
33907,Mi1,5811.900000000001
40703,Mi1,5811.900000000001
105126,T4c,5811.900000000001
38238,Mi1,5812.0
64149,Mi1,5812.0
48986,TmY3,5812.1
107075,T4d,5812.1
95985,T4c,5812.200000000001
98325,T4d,5812.200000000001
101302,T4d,5812.3
74927,Tm3,5812.3
10025,H2,5812.3
61401,T2a,5812.3
10037,VS,5812.400000000001
35888,Mi1,5812.400000000001
42594,Mi1,5812.400000000001
69228,T2a,5812.400000000001
72558,T2a,5812.400000000001
90145,T4a,5812.400000000001
109593,Tm3,5812.400000000001
59959,Mi1,5812.5
96931,T4b,5812.5
11981,Li28,5812.5
35045,Mi1,5812.6
38133,Mi1,5812.6
71228,T2a,5812.6
72005,Tm3,5812.6
96295,T4b,5812.6
34057,Mi1,5812.700000000001
38987,Mi1,5812.700000000001
72896,Tm3,5812.700000000001
92839,T4b,5812.8
103022,T4a,5812.8
83979,T4a,5812.8
43978,Mi1,5812.8
66214,T2a,5812.8
71131,Tm3,5812.9
89728,Tm3,5812.9
100033,T4c,5812.9
109996,T4c,5812.9
38479,Mi1,5813.000000000001
52485,TmY3,5813.000000000001
74937,T2a,5813.000000000001
94468,T4c,5813.000000000001
99922,T4c,5813.000000000001
101005,T4d,5813.000000000001
37243,Mi1,5813.1
37839,Mi1,5813.1
95681,T4a,5813.1
92939,T4b,5813.2
83689,T4a,5813.2
111416,Tm3,5813.2
31848,Mi1,5813.2
69597,Tm3,5813.2
93419,T4b,5813.400000000001
90419,T4b,5813.400000000001
80302,T2a,5813.400000000001
37037,Mi1,5813.400000000001
34862,Mi1,5813.5
41545,Mi1,5813.5
65671,Mi1,5813.5
72148,Tm3,5813.5
14209,Li28,5813.6
16033,Li28,5813.6
104027,T4d,5813.6
109649,T4c,5813.6
91806,T4a,5813.7
38791,Mi1,5813.7
70490,Mi1,5813.8
96163,T4b,5813.8
96676,T4b,5813.8
31492,Mi1,5813.900000000001
102791,T4c,5813.900000000001
108847,T4d,5813.900000000001
15263,Li28,5814.0
97256,T4c,5814.0
93972,T4a,5814.1
106793,T4d,5814.1
85378,T4a,5814.1
66325,Tm3,5814.1
47368,TmY3,5814.1
30923,TmY3,5814.1
83365,T2a,5814.1
38767,Mi1,5814.200000000001
40944,Mi1,5814.200000000001
69063,Mi1,5814.200000000001
89368,T4c,5814.200000000001
93025,T4b,5814.200000000001
104858,T4b,5814.3
35001,Mi1,5814.3
16545,Li28,5814.3
38721,Mi1,5814.4
39743,Mi1,5814.4
57398,Mi1,5814.4
95356,T4a,5814.4
96126,T4b,5814.4
91444,T4c,5814.500000000001
36954,Mi1,5814.6
74023,T2a,5814.6
97784,T4c,5814.6
98654,T4d,5814.7
79271,T4a,5814.7
37270,Mi1,5814.7
76524,Tm3,5814.7
41659,Mi1,5814.8
92431,T4a,5814.8
40426,Mi1,5814.900000000001
78856,Tm3,5814.900000000001
103654,T4b,5814.900000000001
103657,T4b,5814.900000000001
107143,T4d,5814.900000000001
111184,T4a,5814.900000000001
98837,T4c,5815.0
110646,T4b,5815.0
109868,Tm3,5815.0
106844,T4d,5815.0
10016,HSE,5815.0
102519,T4a,5815.0
41809,Mi1,5815.0
104256,T4a,5815.0
37568,Mi1,5815.1
35890,Mi1,5815.1
93224,T4a,5815.2
42675,Mi1,5815.2
107240,T4b,5815.3
94574,T4c,5815.3
40219,Mi1,5815.3
93985,T4c,5815.3
33216,Mi1,5815.400000000001
80435,T2a,5815.400000000001
85126,T4a,5815.400000000001
86536,Tm3,5815.400000000001
99292,T4a,5815.400000000001
15909,Li28,5815.5
69186,Tm3,5815.5
95007,T4a,5815.5
95822,T4b,5815.5
36346,Mi1,5815.599999999999
94743,T4d,5815.599999999999
105718,T4b,5815.599999999999
53065,Mi1,5815.700000000001
33446,Mi1,5815.700000000001
114391,T4d,5815.700000000001
10015,HSN,5815.700000000001
33017,Mi1,5815.700000000001
35712,Mi1,5815.8
37123,Mi1,5815.8
10112,VS,5815.8
41296,Mi1,5815.8
38993,Mi1,5815.9
92047,T4c,5815.9
71475,Tm3,5816.0
11134,VSm,5816.1
34626,Mi1,5816.1
35934,Mi1,5816.1
42119,Mi1,5816.1
81836,T2a,5816.1
100785,T4b,5816.1
89825,T4a,5816.2
77395,T4b,5816.2
37948,Mi1,5816.2
35770,Mi1,5816.2
10206,VS,5816.2
37019,Mi1,5816.2
87289,T4a,5816.3
88625,T4c,5816.3
93865,T4c,5816.3
37294,Mi1,5816.400000000001
83204,T4d,5816.400000000001
89934,T4d,5816.400000000001
97885,T4a,5816.5
95005,T4a,5816.5
90206,T4b,5816.5
36177,Mi1,5816.5
10025,H2,5816.5
75848,T2a,5816.5
86686,T4c,5816.6
88281,T4b,5816.6
106701,T4d,5816.6
70800,Tm3,5816.7
97853,T4c,5816.7
525839,Mi1,5816.7
86416,T4a,5816.8
107442,T4d,5816.8
101620,T4b,5816.8
34045,Mi1,5816.8
44119,Mi1,5816.8
16596,Li28,5816.900000000001
39405,Mi1,5816.900000000001
71188,T2a,5816.900000000001
102425,T4b,5817.0
35447,Mi1,5817.0
107170,T4b,5817.0
10023,HSS,5817.0
10037,VS,5817.0
72066,Tm3,5817.099999999999
97480,T4c,5817.099999999999
36275,Mi1,5817.099999999999
38514,Mi1,5817.200000000001
83067,T4b,5817.200000000001
99131,T4c,5817.200000000001
112619,T4d,5817.200000000001
36305,Mi1,5817.3
69889,T2a,5817.3
116311,T4d,5817.3
39158,Mi1,5817.4
42691,Mi1,5817.4
10284,VS,5817.4
34849,Mi1,5817.5
41654,Mi1,5817.5
73586,Tm3,5817.5
75298,T2a,5817.5
78561,Tm3,5817.5
95883,T4a,5817.5
97171,T4d,5817.5
109598,T4b,5817.5
91913,T4b,5817.6
86419,Tm3,5817.6
41120,Mi1,5817.7
33462,Mi1,5817.7
40256,Mi1,5817.8
88922,T4c,5817.8
35234,Mi1,5817.9
78503,T2a,5817.9
90566,T4d,5817.9
66604,TmY3,5818.0
90049,T4c,5818.0
108438,T4d,5818.1
95453,T4a,5818.2
101878,T4a,5818.2
40832,Mi1,5818.2
33091,Mi1,5818.3
67113,Mi1,5818.3
20634,VST1,5818.400000000001
39067,Mi1,5818.400000000001
90394,T4a,5818.400000000001
38529,Mi1,5818.5
98788,T4d,5818.5
104336,T4b,5818.5
83191,T4a,5818.599999999999
93407,T4d,5818.599999999999
107211,T4d,5818.700000000001
96774,T4c,5818.700000000001
49441,TmY3,5818.700000000001
35840,Mi1,5818.700000000001
34296,Mi1,5818.700000000001
55976,Mi1,5818.8
97675,T4c,5818.8
77991,Tm3,5818.9
91345,T4c,5818.9
98226,T4b,5818.9
46662,TmY3,5819.0
55101,Mi1,5819.0
79345,T2a,5819.0
100319,T4b,5819.1
37699,Mi1,5819.1
10016,HSE,5819.2
96852,T4a,5819.2
98887,T4b,5819.2
10755,H1,5819.3
60857,Mi1,5819.3
109384,T4d,5819.3
36139,Mi1,5819.4
85924,T4a,5819.4
100867,T4b,5819.4
60886,T2a,5819.5
34479,Mi1,5819.6
33655,Mi1,5819.6
36452,Mi1,5819.7
37853,Mi1,5819.7
39505,Mi1,5819.7
94356,T4c,5819.7
104008,T4b,5819.7
108065,T4c,5819.7
111746,Tm3,5819.8
537004,VSm,5819.8
34300,Mi1,5819.900000000001
96134,T4b,5820.0
94755,T4a,5820.0
82855,Tm3,5820.0
39692,TmY3,5820.0
65531,T2a,5820.1
81215,Tm3,5820.1
99950,T4c,5820.1
110403,T4b,5820.1
40085,Mi1,5820.200000000001
68562,T2a,5820.200000000001
98175,T4c,5820.3
54087,Mi1,5820.3
52328,TmY3,5820.3
35017,Mi1,5820.3
10025,H2,5820.3
23047,Li28,5820.400000000001
34369,Mi1,5820.400000000001
35152,Mi1,5820.400000000001
35428,Mi1,5820.400000000001
86141,T4b,5820.400000000001
94287,T4d,5820.400000000001
108344,T4d,5820.400000000001
120312,Tm3,5820.400000000001
542412,Mi1,5820.5
109652,T4d,5820.5
38230,Mi1,5820.5
10015,HSN,5820.5
98862,Tm3,5820.5
34899,Mi1,5820.6
35405,Mi1,5820.6
38208,Mi1,5820.6
63868,T2a,5820.6
87358,T4a,5820.6
106819,T4b,5820.6
92114,T4c,5820.700000000001
80812,T4a,5820.700000000001
38241,Mi1,5820.700000000001
36252,Mi1,5820.700000000001
10112,VS,5820.8
36410,Mi1,5820.8
62078,Mi1,5820.8
74287,Tm3,5820.9
77676,T2a,5820.9
123490,Tm3,5820.9
40171,Mi1,5821.000000000001
40854,Mi1,5821.000000000001
98099,T4b,5821.000000000001
102229,T4d,5821.1
69164,Mi1,5821.1
83227,Tm3,5821.1
34189,Mi1,5821.2
35416,Mi1,5821.2
38768,Mi1,5821.2
15019,Li28,5821.3
36446,Mi1,5821.3
84063,T4b,5821.3
34867,Mi1,5821.400000000001
10037,VS,5821.400000000001
37371,Mi1,5821.400000000001
97872,T4d,5821.5
35897,Mi1,5821.5
76325,T2a,5821.6
40596,Mi1,5821.6
39629,Mi1,5821.6
34356,Mi1,5821.7
37631,Mi1,5821.7
63420,Mi1,5821.7
93927,T4a,5821.7
92706,T4a,5821.8
63175,Mi1,5821.8
51122,Mi1,5821.8
98398,T4c,5821.8
38178,Mi1,5821.8
34933,Mi1,5821.8
41668,Mi1,5821.8
41950,Mi1,5821.900000000001
35498,Mi1,5822.0
35218,Mi1,5822.1
35602,Mi1,5822.1
50345,TmY3,5822.1
89099,T4a,5822.1
35806,Mi1,5822.200000000001
108325,T4c,5822.200000000001
113207,T4d,5822.200000000001
119245,T4d,5822.200000000001
36533,Mi1,5822.3
100946,T4c,5822.4
15909,Li28,5822.4
99980,T4c,5822.4
10012,VS,5822.500000000001
81401,T4b,5822.500000000001
101772,Tm3,5822.500000000001
11981,Li28,5822.6
39718,Mi1,5822.6
89139,T4c,5822.6
100787,T4b,5822.6
48547,TmY3,5822.7
108307,T4b,5822.7
101463,T4d,5822.7
39275,Mi1,5822.7
19292,Li28,5822.7
16033,Li28,5822.8
47967,Mi1,5822.8
93957,T4b,5822.8
10023,HSS,5822.900000000001
36911,Mi1,5822.900000000001
82038,Tm3,5822.900000000001
37391,Mi1,5823.0
17280,Li28,5823.0
116129,T4b,5823.1
33942,Mi1,5823.1
49324,Mi1,5823.1
96657,T4c,5823.2
97028,T4c,5823.2
17596,Li28,5823.3
38893,Mi1,5823.3
87845,T4a,5823.3
90121,T4b,5823.3
99670,T4c,5823.3
104368,T4c,5823.3
107031,T4b,5823.3
110988,T4a,5823.400000000001
105574,T4d,5823.400000000001
100897,T4c,5823.400000000001
34171,Mi1,5823.400000000001
67971,Tm3,5823.400000000001
30997,Mi1,5823.400000000001
77480,Tm3,5823.400000000001
35774,Mi1,5823.5
44449,TmY3,5823.5
77527,T4a,5823.5
100261,T4c,5823.5
93021,T4a,5823.599999999999
37599,Mi1,5823.599999999999
35580,Mi1,5823.599999999999
10016,HSE,5823.8
16545,Li28,5823.8
37529,Mi1,5823.8
68212,T2a,5823.8
91057,T4c,5823.8
104257,T4b,5823.8
94153,T4d,5823.9
106295,T4b,5824.0
58862,Mi1,5824.0
34938,Mi1,5824.0
56564,Mi1,5824.0
83465,T4a,5824.1
97161,T4a,5824.1
100105,T4a,5824.1
90423,T4b,5824.2
10206,VS,5824.2
35845,Mi1,5824.2
59397,Mi1,5824.2
101732,T4c,5824.2
74231,Tm3,5824.3
101685,T4b,5824.3
41435,Mi1,5824.3
34079,Mi1,5824.3
37000,Mi1,5824.3
36540,Mi1,5824.3
40635,Mi1,5824.3
10025,H2,5824.400000000001
36217,Mi1,5824.400000000001
83677,T4c,5824.400000000001
91629,T4a,5824.400000000001
103314,T4b,5824.400000000001
118924,Tm3,5824.5
108349,T4d,5824.5
68522,T2a,5824.5
32893,Mi1,5824.5
32535,Mi1,5824.5
34463,Mi1,5824.5
63994,Mi1,5824.6
102147,T4c,5824.6
102579,T4b,5824.6
88152,T4c,5824.7
72279,Mi1,5824.7
92996,T4a,5824.8
100633,T4a,5824.8
37353,Mi1,5824.8
34142,Mi1,5824.900000000001
35836,Mi1,5824.900000000001
67150,T2a,5824.900000000001
112321,T4d,5824.900000000001
38238,Mi1,5825.0
70289,Mi1,5825.0
89290,T4d,5825.0
97677,T4c,5825.099999999999
69793,T2a,5825.099999999999
107621,T4d,5825.200000000001
77138,Tm3,5825.200000000001
98504,T4c,5825.200000000001
68982,Tm3,5825.3
96424,T4b,5825.3
91469,T4c,5825.4
41626,Mi1,5825.4
66345,T2a,5825.4
92552,T4a,5825.4
106952,T4b,5825.5
102031,T4c,5825.5
92684,T4c,5825.5
95017,T4c,5825.5
66808,Tm3,5825.5
10015,HSN,5825.5
89434,T4c,5825.5
103025,T4a,5825.6
97866,T4d,5825.6
91366,T4b,5825.6
106912,Tm3,5825.6
47962,TmY3,5825.6
39438,Mi1,5825.6
81064,Tm3,5825.6
31848,Mi1,5825.7
34057,Mi1,5825.7
69736,Tm3,5825.7
88698,T4a,5825.7
89142,T4b,5825.7
92254,T4b,5825.7
102991,T4c,5825.7
99011,T4c,5825.8
98118,T4c,5825.8
526158,Mi1,5825.8
82515,Tm3,5825.8
81995,Tm3,5825.8
93750,T4c,5825.8
92281,T4c,5825.9
109631,T4b,5825.9
10112,VS,5826.0
33907,Mi1,5826.0
35235,Mi1,5826.0
116610,T4d,5826.1
93334,T4b,5826.1
97231,T4a,5826.1
37113,Mi1,5826.1
10755,H1,5826.1
86778,T4a,5826.1
10037,VS,5826.2
42895,Mi1,5826.2
48286,Mi1,5826.2
93527,T4a,5826.2
98381,T4d,5826.2
106401,T4d,5826.2
38133,Mi1,5826.3
40703,Mi1,5826.3
91674,T4a,5826.3
99850,T4a,5826.3
71674,T2a,5826.400000000001
34862,Mi1,5826.400000000001
42594,Mi1,5826.5
70812,TmY3,5826.5
90135,T4c,5826.5
99609,T4a,5826.5
100206,T4c,5826.5
51231,TmY3,5826.599999999999
64149,Mi1,5826.599999999999
92415,T4a,5826.599999999999
95458,T4d,5826.599999999999
105521,T4c,5826.599999999999
94179,T4a,5826.700000000001
78968,Tm3,5826.700000000001
35100,Mi1,5826.700000000001
35045,Mi1,5826.700000000001
75521,T2a,5826.8
100032,T4c,5826.8
102975,T4b,5826.8
39651,Mi1,5826.9
92644,T4d,5826.9
101081,T4c,5826.9
103160,T4a,5826.9
94668,T4d,5827.0
77891,Tm3,5827.0
36994,Mi1,5827.0
65671,Mi1,5827.0
35888,Mi1,5827.1
38479,Mi1,5827.1
75484,Tm3,5827.1
79483,Tm3,5827.1
94305,T4a,5827.1
120016,Tm3,5827.1
125288,Tm3,5827.1
90567,T4b,5827.2
114088,T4d,5827.3
104853,T4c,5827.3
40944,Mi1,5827.3
59959,Mi1,5827.3
89020,T4a,5827.3
72194,Tm3,5827.4
37270,Mi1,5827.4
106522,T4d,5827.4
94624,T4a,5827.5
90465,T4a,5827.5
94058,T4b,5827.5
42006,TmY3,5827.5
74375,Tm3,5827.5
41545,Mi1,5827.6
71089,Mi1,5827.6
107609,T4d,5827.6
113686,T4d,5827.7
98194,T4d,5827.8
70490,Mi1,5827.8
80855,Tm3,5827.8
102564,T4a,5827.8
98360,T4c,5827.900000000001
100855,T4a,5827.900000000001
104703,T4d,5827.900000000001
109536,T4d,5827.900000000001
105962,T4b,5828.0
112993,T4b,5828.0
96090,T4c,5828.0
95554,T4b,5828.0
100567,T4d,5828.0
54885,TmY3,5828.0
37037,Mi1,5828.0
10023,HSS,5828.0
71394,T2a,5828.0
36646,Mi1,5828.1
39743,Mi1,5828.1
73284,T2a,5828.1
88992,T4c,5828.1
91682,T4b,5828.1
91934,T4a,5828.1
98300,T4a,5828.1
105698,T4c,5828.200000000001
41809,Mi1,5828.200000000001
37243,Mi1,5828.200000000001
38791,Mi1,5828.200000000001
97193,T4a,5828.3
15263,Li28,5828.3
20264,Li28,5828.3
33446,Mi1,5828.3
35934,Mi1,5828.3
37568,Mi1,5828.3
83438,T4a,5828.3
103677,T4b,5828.3
105412,T4a,5828.400000000001
125171,Tm3,5828.400000000001
38767,Mi1,5828.400000000001
86630,Tm3,5828.400000000001
14209,Li28,5828.400000000001
10284,VS,5828.400000000001
10016,HSE,5828.400000000001
38987,Mi1,5828.5
57398,Mi1,5828.5
83583,T4d,5828.5
101215,T4c,5828.5
10025,H2,5828.6
93166,T4c,5828.700000000001
106922,T4c,5828.700000000001
40026,TmY3,5828.700000000001
72938,T2a,5828.700000000001
72955,T2a,5828.8
97105,T4d,5828.8
33216,Mi1,5828.9
76733,Tm3,5828.9
98312,T4a,5828.9
33017,Mi1,5829.000000000001
38721,Mi1,5829.000000000001
90219,T4a,5829.000000000001
99387,T4a,5829.000000000001
102741,T4c,5829.1
105276,T4d,5829.1
69380,Tm3,5829.1
37839,Mi1,5829.1
44564,TmY3,5829.1
15909,Li28,5829.2
36954,Mi1,5829.2
40426,Mi1,5829.2
95335,T4a,5829.2
34626,Mi1,5829.3
36177,Mi1,5829.3
61659,Tm3,5829.3
95239,T4a,5829.5
48894,TmY3,5829.5
104683,T4b,5829.5
35001,Mi1,5829.6
88167,T4b,5829.6
10015,HSN,5829.7
41296,Mi1,5829.7
91283,T4c,5829.7
112179,T4b,5829.8
104354,T4b,5829.8
91303,T4b,5829.900000000001
37948,Mi1,5829.900000000001
102016,T4a,5829.900000000001
66227,Tm3,5829.900000000001
11134,VSm,5829.900000000001
35770,Mi1,5829.900000000001
47368,TmY3,5829.900000000001
79083,Tm3,5830.0
88491,T4a,5830.0
105565,Tm3,5830.0
133040,Tm3,5830.0
39158,Mi1,5830.099999999999
47686,TmY3,5830.099999999999
96576,T4c,5830.099999999999
108907,T4c,5830.200000000001
37019,Mi1,5830.200000000001
37123,Mi1,5830.200000000001
40256,Mi1,5830.200000000001
48283,TmY3,5830.200000000001
50333,TmY3,5830.200000000001
76074,Tm3,5830.200000000001
79257,Tm3,5830.200000000001
103827,T4c,5830.3
53065,Mi1,5830.3
12521,HST,5830.3
35447,Mi1,5830.3
92993,Tm3,5830.4
118385,T4b,5830.4
547091,T2,5830.4
11981,Li28,5830.500000000001
92939,T4b,5830.500000000001
103022,T4a,5830.500000000001
107529,T4d,5830.6
106166,T4b,5830.6
44119,Mi1,5830.6
34045,Mi1,5830.6
103226,T4d,5830.6
10206,VS,5830.7
56007,TmY3,5830.7
88726,T4b,5830.7
90097,T4c,5830.7
93360,T4b,5830.7
68842,TmY3,5830.8
42119,Mi1,5830.8
96728,T4c,5830.8
16033,Li28,5830.8
16570,VST2,5830.8
106093,T4a,5830.8
69063,Mi1,5830.900000000001
43978,Mi1,5830.900000000001
42675,Mi1,5830.900000000001
35712,Mi1,5830.900000000001
10112,VS,5830.900000000001
10037,VS,5830.900000000001
36305,Mi1,5831.0
36346,Mi1,5831.0
84008,T4c,5831.0
89784,T4b,5831.0
99663,T4c,5831.0
38993,Mi1,5831.1
90474,T4b,5831.1
100310,T4d,5831.2
93688,T4a,5831.2
64260,T2,5831.3
102479,T4c,5831.3
35234,Mi1,5831.400000000001
83689,T4a,5831.400000000001
93509,T4b,5831.400000000001
35890,Mi1,5831.5
38514,Mi1,5831.5
98439,T4a,5831.5
58945,Tm3,5831.599999999999
91987,T4c,5831.599999999999
40219,Mi1,5831.700000000001
16545,Li28,5831.8
16596,Li28,5831.8
34849,Mi1,5831.8
36452,Mi1,5831.8
84328,T4a,5831.8
98349,T4a,5831.8
98654,T4d,5831.8
537004,VSm,5831.8
37699,Mi1,5831.9
55976,Mi1,5831.9
96365,T4a,5831.9
525839,Mi1,5832.0
101770,T4b,5832.0
121816,T4a,5832.0
10016,HSE,5832.1
34296,Mi1,5832.1
35840,Mi1,5832.1
95677,T4c,5832.1
122233,Tm3,5832.2
171349687,Tm3,5832.2
42691,Mi1,5832.3
103425,T4a,5832.3
128726,Tm3,5832.400000000001
33462,Mi1,5832.400000000001
31492,Mi1,5832.400000000001
74228,Tm3,5832.5
100033,T4c,5832.5
100838,T4c,5832.5
33655,Mi1,5832.6
85152,T4c,5832.6
39405,Mi1,5832.7
10025,H2,5832.7
33091,Mi1,5832.7
41120,Mi1,5832.8
48514,TmY3,5832.8
87896,T4a,5832.8
93419,T4b,5832.8
96812,T4a,5832.8
112775,T4d,5832.8
122961,T4d,5832.900000000001
102791,T4c,5832.900000000001
41659,Mi1,5832.900000000001
69980,Tm3,5832.900000000001
10755,H1,5832.900000000001
10023,HSS,5832.900000000001
40832,Mi1,5832.900000000001
38529,Mi1,5833.0
49372,TmY3,5833.0
87873,T4b,5833.0
100087,T4b,5833.0
81211,Tm3,5833.099999999999
102370,T4c,5833.099999999999
94368,T4a,5833.099999999999
94283,T4d,5833.099999999999
67113,Mi1,5833.099999999999
48986,TmY3,5833.099999999999
93935,T4a,5833.099999999999
105214,T4c,5833.200000000001
60857,Mi1,5833.3
36252,Mi1,5833.3
96081,T4a,5833.3
41654,Mi1,5833.4
40085,Mi1,5833.4
90259,T4d,5833.4
36275,Mi1,5833.4
39067,Mi1,5833.4
104905,T4c,5833.4
38230,Mi1,5833.5
96295,T4b,5833.5
100190,T4c,5833.5
96003,T4d,5833.5
34300,Mi1,5833.5
69961,Tm3,5833.5
63050,T2a,5833.5
86416,T4a,5833.5
69540,TmY3,5833.6
98846,T4c,5833.6
104191,T4a,5833.7
36139,Mi1,5833.7
37371,Mi1,5833.7
34479,Mi1,5833.7
35017,Mi1,5833.7
10015,HSN,5833.8
39692,TmY3,5833.8
94743,T4d,5833.8
97899,T4a,5833.8
98887,T4b,5833.8
102462,T4c,5834.0
100282,T4a,5834.0
100501,T4b,5834.0
69164,Mi1,5834.0
83125,T4b,5834.0
62078,Mi1,5834.0
39505,Mi1,5834.2
78108,T2a,5834.2
114698,T4b,5834.2
34369,Mi1,5834.3
88353,T4b,5834.3
55101,Mi1,5834.400000000001
54087,Mi1,5834.5
34899,Mi1,5834.5
35405,Mi1,5834.599999999999
36410,Mi1,5834.599999999999
48607,TmY3,5834.599999999999
66980,T2a,5834.599999999999
85074,T4a,5834.599999999999
34189,Mi1,5834.700000000001
35152,Mi1,5834.8
94081,T4c,5834.8
133349,Tm3,5834.8
60856,T2a,5834.9
43334,TmY3,5834.9
104144,T2,5834.9
36446,Mi1,5834.9
37853,Mi1,5834.9
36533,Mi1,5835.0
37294,Mi1,5835.0
38241,Mi1,5835.0
40171,Mi1,5835.0
67152,Tm3,5835.0
83067,T4b,5835.0
542412,Mi1,5835.1
75381,Tm3,5835.1
71052,T2a,5835.1
35897,Mi1,5835.1
35498,Mi1,5835.1
35602,Mi1,5835.2
38208,Mi1,5835.2
67072,T2a,5835.2
101589,T4a,5835.2
33942,Mi1,5835.3
83979,T4a,5835.3
92047,T4c,5835.3
98137,T4d,5835.3
23047,Li28,5835.4
17280,Li28,5835.4
109916,T4d,5835.5
10037,VS,5835.6
15909,Li28,5835.6
34356,Mi1,5835.6
98751,T4a,5835.6
111184,T4a,5835.6
34867,Mi1,5835.7
92640,T4d,5835.7
95921,T4c,5835.7
10112,VS,5835.8
99628,T4b,5835.8
74023,T2a,5835.8
10016,HSE,5835.8
39275,Mi1,5835.8
37631,Mi1,5835.900000000001
95972,T4d,5836.0
15019,Li28,5836.0
40596,Mi1,5836.0
95453,T4a,5836.0
532850,Tm3,5836.0
36911,Mi1,5836.1
92842,T4a,5836.1
117662,T4d,5836.200000000001
103073,T4a,5836.200000000001
41668,Mi1,5836.200000000001
99348,T4c,5836.200000000001
35428,Mi1,5836.200000000001
90430,T2a,5836.3
63420,Mi1,5836.400000000001
95926,T4a,5836.400000000001
98000,T4b,5836.400000000001
116716,T4b,5836.400000000001
99671,T4c,5836.5
40854,Mi1,5836.5
10025,H2,5836.5
39629,Mi1,5836.6
47967,Mi1,5836.6
51122,Mi1,5836.6
108847,T4d,5836.6
97288,T4c,5836.700000000001
102799,T4c,5836.700000000001
102801,T4b,5836.8
101228,T4a,5836.8
107445,T4a,5836.8
38768,Mi1,5836.8
97675,T4c,5836.8
10206,VS,5836.9
34933,Mi1,5836.9
35218,Mi1,5836.9
49324,Mi1,5836.9
91325,T4a,5836.9
103302,T4c,5836.9
107075,T4d,5836.9
93566,T4a,5837.000000000001
94567,T4c,5837.000000000001
71938,T2a,5837.000000000001
101230,T4a,5837.1
102045,T4a,5837.1
104412,T4a,5837.1
37599,Mi1,5837.2
72558,T2a,5837.2
104297,T4a,5837.2
104858,T4b,5837.2
94549,T4b,5837.3
121170,Tm3,5837.3
98985,T4c,5837.3
91313,T4a,5837.3
99423,T4d,5837.3
38178,Mi1,5837.3
35580,Mi1,5837.3
78911,Tm3,5837.3
35806,Mi1,5837.3
19292,Li28,5837.400000000001
38893,Mi1,5837.400000000001
39718,Mi1,5837.400000000001
61292,T2,5837.400000000001
91913,T4b,5837.400000000001
96199,T4a,5837.400000000001
120992,Tm3,5837.5
111380,Tm3,5837.5
100924,T4b,5837.5
77383,T2a,5837.5
37529,Mi1,5837.5
87289,T4a,5837.6
100956,T4d,5837.6
112744,T4d,5837.6
34171,Mi1,5837.7
92082,T4b,5837.7
95681,T4a,5837.8
104450,T4a,5837.8
95356,T4a,5837.8
41950,Mi1,5837.8
10023,HSS,5837.8
59397,Mi1,5837.8
46827,Mi1,5837.900000000001
77226,T2a,5837.900000000001
10012,VS,5838.0
35416,Mi1,5838.0
37000,Mi1,5838.0
38227,Mi1,5838.0
98175,T4c,5838.0
98668,T4a,5838.099999999999
96035,T4d,5838.099999999999
91444,T4c,5838.099999999999
73320,T2,5838.099999999999
36540,Mi1,5838.099999999999
34079,Mi1,5838.099999999999
90145,T4a,5838.099999999999
10015,HSN,5838.200000000001
16033,Li28,5838.200000000001
85126,T4a,5838.200000000001
97878,T4b,5838.200000000001
105242,T4c,5838.200000000001
76038,Tm3,5838.3
111857,T4d,5838.3
56762,TmY3,5838.3
35774,Mi1,5838.3
17596,Li28,5838.3
118502,T4b,5838.4
30997,Mi1,5838.500000000001
84010,Tm3,5838.500000000001
92046,T4d,5838.500000000001
92431,T4a,5838.500000000001
526158,Mi1,5838.500000000001
109142,T4b,5838.6
93750,T4c,5838.6
34142,Mi1,5838.6
34057,Mi1,5838.6
56564,Mi1,5838.6
37353,Mi1,5838.7
79134,Tm3,5838.7
95007,T4a,5838.7
101302,T4d,5838.7
99672,T4a,5838.8
94356,T4c,5838.8
102519,T4a,5838.8
38238,Mi1,5838.8
45005,TmY3,5838.8
32893,Mi1,5838.900000000001
37391,Mi1,5838.900000000001
44244,TmY3,5838.900000000001
79646,Tm3,5838.900000000001
101245,T4a,5838.900000000001
72279,Mi1,5839.0
74927,Tm3,5839.0
35845,Mi1,5839.0
61768,T2,5839.0
36217,Mi1,5839.1
41626,Mi1,5839.1
77779,T2a,5839.1
90520,T4a,5839.1
97835,T4a,5839.1
34463,Mi1,5839.2
63175,Mi1,5839.2
72426,Tm3,5839.2
86536,Tm3,5839.3
58862,Mi1,5839.3
88460,T2a,5839.400000000001
114817,T4d,5839.400000000001
10016,HSE,5839.400000000001
64149,Mi1,5839.400000000001
10755,H1,5839.5
33907,Mi1,5839.5
41435,Mi1,5839.5
105122,T4b,5839.5
117627,Tm3,5839.5
35836,Mi1,5839.599999999999
84063,T4b,5839.599999999999
98448,T4b,5839.599999999999
122308,Tm3,5839.700000000001
110693,Tm3,5839.700000000001
96126,T4b,5839.700000000001
37270,Mi1,5839.700000000001
16545,Li28,5839.700000000001
34862,Mi1,5839.700000000001
69546,Tm3,5839.9
70289,Mi1,5839.9
93972,T4a,5839.9
101873,T4b,5839.9
100726,T4d,5840.0
103479,T4c,5840.0
103570,T4d,5840.0
92839,T4b,5840.0
41522,Mi1,5840.0
40703,Mi1,5840.0
97256,T4c,5840.0
10037,VS,5840.1
11981,Li28,5840.1
32535,Mi1,5840.1
122290,Tm3,5840.1
100996,T4b,5840.2
73301,Tm3,5840.2
59959,Mi1,5840.2
44449,TmY3,5840.2
31848,Mi1,5840.2
10025,H2,5840.2
42594,Mi1,5840.2
101005,T4d,5840.3
35173,Mi1,5840.3
38133,Mi1,5840.3
41545,Mi1,5840.3
42758,Mi1,5840.3
91469,T4c,5840.3
100488,T4c,5840.3
106200,T4c,5840.3
99292,T4a,5840.400000000001
49788,TmY3,5840.400000000001
101480,T4c,5840.400000000001
35045,Mi1,5840.400000000001
34938,Mi1,5840.400000000001
39438,Mi1,5840.400000000001
127615,Tm3,5840.400000000001
83365,T2a,5840.5
10112,VS,5840.5
95883,T4a,5840.6
118948,T4d,5840.6
37243,Mi1,5840.6
72796,Tm3,5840.6
98788,T4d,5840.8
96931,T4b,5840.8
73828,Tm3,5840.8
90278,T4a,5840.8
91345,T4c,5840.900000000001
40944,Mi1,5841.0
63468,Mi1,5841.0
65671,Mi1,5841.0
92114,T4c,5841.0
102595,T4d,5841.0
37113,Mi1,5841.099999999999
85378,T4a,5841.099999999999
98139,T4d,5841.099999999999
102425,T4b,5841.200000000001
38479,Mi1,5841.200000000001
85598,T4b,5841.200000000001
37037,Mi1,5841.3
63994,Mi1,5841.3
64849,Tm3,5841.3
87358,T4a,5841.3
88625,T4c,5841.4
93947,T4a,5841.4
93025,T4b,5841.5
99670,T4c,5841.5
92181,T4a,5841.5
35888,Mi1,5841.5
20634,VST1,5841.5
83191,T4a,5841.5
36646,Mi1,5841.6
111928,T4b,5841.6
35235,Mi1,5841.7
36994,Mi1,5841.7
41809,Mi1,5841.7
68982,Tm3,5841.7
88152,T4c,5841.8
42895,Mi1,5841.8
91806,T4a,5841.8
108948,T4b,5841.8
111416,Tm3,5841.8
86175,T4a,5841.9
72148,Tm3,5841.9
112241,T4b,5841.9
33446,Mi1,5841.9
39651,Mi1,5841.9
38791,Mi1,5842.0
94755,T4a,5842.0
33017,Mi1,5842.0
36660,Mi1,5842.0
35934,Mi1,5842.1
40635,Mi1,5842.1
35100,Mi1,5842.2
47240,TmY3,5842.2
70490,Mi1,5842.3
42533,TmY3,5842.3
72829,T2a,5842.3
15909,Li28,5842.3
37123,Mi1,5842.3
20264,Li28,5842.400000000001
33216,Mi1,5842.400000000001
39743,Mi1,5842.400000000001
93985,T4c,5842.400000000001
95287,T4a,5842.400000000001
102113,T4b,5842.400000000001
105521,T4c,5842.400000000001
10015,HSN,5842.400000000001
87424,T4d,5842.5
11134,VSm,5842.5
108697,T4d,5842.599999999999
99922,T4c,5842.599999999999
38767,Mi1,5842.599999999999
88922,T4c,5842.700000000001
97853,T4c,5842.700000000001
48286,Mi1,5842.8
71089,Mi1,5842.8
128916,Tm3,5842.8
67971,Tm3,5842.9
103025,T4a,5842.9
90121,T4b,5842.9
57398,Mi1,5842.9
52350,Mi1,5842.9
38987,Mi1,5842.9
37568,Mi1,5842.9
10016,HSE,5842.9
40256,Mi1,5843.0
103657,T4b,5843.0
104674,T4a,5843.0
14209,Li28,5843.1
71475,Tm3,5843.1
36177,Mi1,5843.2
98099,T4b,5843.3
110646,T4b,5843.3
85778,T4b,5843.3
108438,T4d,5843.3
67424,T2,5843.3
10023,HSS,5843.3
79271,T4a,5843.3
48547,TmY3,5843.3
10206,VS,5843.4
37948,Mi1,5843.4
38721,Mi1,5843.4
49441,TmY3,5843.4
90888,T4b,5843.4
35770,Mi1,5843.500000000001
37019,Mi1,5843.500000000001
75660,T2a,5843.500000000001
41296,Mi1,5843.6
36954,Mi1,5843.7
40426,Mi1,5843.7
92281,T4c,5843.7
107170,T4b,5843.7
37839,Mi1,5843.8
89825,T4a,5843.8
93877,T4c,5843.8
95985,T4c,5843.900000000001
54211,TmY3,5843.900000000001
95822,T4b,5843.900000000001
78856,Tm3,5843.900000000001
10025,H2,5843.900000000001
12521,HST,5843.900000000001
50345,TmY3,5844.0
69228,T2a,5844.0
77395,T4b,5844.0
102975,T4b,5844.0
35001,Mi1,5844.1
35447,Mi1,5844.1
53065,Mi1,5844.1
10284,VS,5844.2
109857,T4d,5844.3
98467,T4d,5844.3
35712,Mi1,5844.3
95364,T4d,5844.3
42119,Mi1,5844.400000000001
68412,T2a,5844.400000000001
90419,T4b,5844.400000000001
99731,T4c,5844.400000000001
106801,T4c,5844.400000000001
39158,Mi1,5844.5
86419,Tm3,5844.5
107640,T4c,5844.5
95005,T4a,5844.6
44119,Mi1,5844.6
10037,VS,5844.6
36452,Mi1,5844.700000000001
65850,T2a,5844.700000000001
85924,T4a,5844.700000000001
93865,T4c,5844.700000000001
96676,T4b,5844.700000000001
97784,T4c,5844.700000000001
109593,Tm3,5844.700000000001
120231,Tm3,5844.8
102229,T4d,5844.8
104336,T4b,5844.8
37699,Mi1,5844.8
100319,T4b,5844.8
35890,Mi1,5844.9
80670,T4a,5844.9
100946,T4c,5844.9
35234,Mi1,5845.000000000001
46324,TmY3,5845.000000000001
64341,TmY3,5845.000000000001
80812,T4a,5845.000000000001
537004,VSm,5845.000000000001
89368,T4c,5845.1
72983,T2a,5845.1
35840,Mi1,5845.1
30923,TmY3,5845.1
36305,Mi1,5845.2
47465,TmY3,5845.2
94574,T4c,5845.2
98837,T4c,5845.2
101994,T4a,5845.2
10112,VS,5845.3
34296,Mi1,5845.3
43978,Mi1,5845.3
86686,T4c,5845.3
105706,T4a,5845.400000000001
100785,T4b,5845.400000000001
38514,Mi1,5845.400000000001
97186,T4a,5845.400000000001
34045,Mi1,5845.5
38857,Mi1,5845.5
75848,T2a,5845.5
96835,T4b,5845.6
15263,Li28,5845.6
69063,Mi1,5845.6
104996,T4a,5845.6
101620,T4b,5845.7
100105,T4a,5845.7
42675,Mi1,5845.7
99131,T4c,5845.7
40832,Mi1,5845.7
10755,H1,5845.8
33462,Mi1,5845.8
34849,Mi1,5845.8
55976,Mi1,5845.8
16033,Li28,5845.900000000001
17280,Li28,5845.900000000001
34626,Mi1,5845.900000000001
89434,T4c,5845.900000000001
129235,Tm3,5846.0
107719,T4b,5846.0
95554,T4b,5846.0
36346,Mi1,5846.0
40936,Mi1,5846.0
38993,Mi1,5846.0
71765,T2a,5846.0
102579,T4b,5846.099999999999
40026,TmY3,5846.099999999999
67150,T2a,5846.099999999999
16596,Li28,5846.200000000001
39405,Mi1,5846.3
33091,Mi1,5846.4
38648,Mi1,5846.4
47696,TmY3,5846.4
78503,T2a,5846.4
33655,Mi1,5846.500000000001
44592,TmY3,5846.500000000001
68562,T2a,5846.500000000001
86778,T4a,5846.500000000001
104257,T4b,5846.500000000001
107031,T4b,5846.500000000001
74725,T2a,5846.6
46662,TmY3,5846.6
10016,HSE,5846.6
40219,Mi1,5846.6
34300,Mi1,5846.7
37371,Mi1,5846.7
96163,T4b,5846.7
116311,T4d,5846.7
31492,Mi1,5846.8
38230,Mi1,5846.900000000001
10015,HSN,5846.900000000001
110071,T4d,5847.0
73385,T2a,5847.0
68840,TmY3,5847.0
35017,Mi1,5847.0
16545,Li28,5847.1
39692,TmY3,5847.1
65298,T2a,5847.1
67113,Mi1,5847.1
90394,T4a,5847.1
97885,T4a,5847.1
525839,Mi1,5847.2
94983,T4c,5847.2
118260,T4d,5847.2
41120,Mi1,5847.2
62078,Mi1,5847.2
36139,Mi1,5847.3
91629,T4a,5847.3
83438,T4a,5847.400000000001
104301,T4b,5847.400000000001
10025,H2,5847.5
90423,T4b,5847.5
98325,T4d,5847.5
108065,T4c,5847.5
97161,T4a,5847.599999999999
101685,T4b,5847.599999999999
60857,Mi1,5847.599999999999
35405,Mi1,5847.599999999999
34479,Mi1,5847.599999999999
69164,Mi1,5847.599999999999
42691,Mi1,5847.700000000001
68342,Tm3,5847.700000000001
74287,Tm3,5847.700000000001
109996,T4c,5847.700000000001
93166,T4c,5847.8
112619,T4d,5847.8
102112,T4c,5847.8
97769,T4a,5847.8
75521,T2a,5847.8
69441,Tm3,5847.8
36252,Mi1,5847.8
10012,VS,5847.9
35897,Mi1,5847.9
39067,Mi1,5847.9
86696,T4d,5847.9
126163,Tm3,5847.9
34356,Mi1,5848.0
36446,Mi1,5848.0
68933,Tm3,5848.1
41654,Mi1,5848.1
38529,Mi1,5848.1
36410,Mi1,5848.2
39727,Mi1,5848.2
40085,Mi1,5848.2
41659,Mi1,5848.2
35602,Mi1,5848.3
36275,Mi1,5848.3
93509,T4b,5848.3
39505,Mi1,5848.400000000001
93360,T4b,5848.400000000001
15909,Li28,5848.400000000001
39275,Mi1,5848.400000000001
33942,Mi1,5848.5
34899,Mi1,5848.5
79449,T4b,5848.5
102564,T4a,5848.5
106701,T4d,5848.5
100206,T4c,5848.6
54087,Mi1,5848.6
64897,T2,5848.6
88698,T4a,5848.6
91366,T4b,5848.6
105403,T4c,5848.7
34369,Mi1,5848.7
37853,Mi1,5848.7
35152,Mi1,5848.8
37294,Mi1,5848.8
55101,Mi1,5848.8
91057,T4c,5848.8
101043,T4c,5848.8
96211,T4d,5848.900000000001
10023,HSS,5848.900000000001
93224,T4a,5848.900000000001
542412,Mi1,5849.200000000001
83583,T4d,5849.200000000001
83465,T4a,5849.200000000001
38208,Mi1,5849.200000000001
66808,Tm3,5849.3
96576,T4c,5849.3
35498,Mi1,5849.4
10037,VS,5849.4
36158,Mi1,5849.4
101772,Tm3,5849.5
77527,T4a,5849.5
65468,T2,5849.6
40596,Mi1,5849.6
36911,Mi1,5849.7
65513,T2a,5849.7
98398,T4c,5849.7
59008,Mi1,5849.8
66604,TmY3,5849.8
104884,T4b,5849.8
34189,Mi1,5849.9
36533,Mi1,5849.9
39629,Mi1,5849.9
40171,Mi1,5849.9
62894,Tm3,5849.9
93313,T4a,5849.9
109172,T4b,5850.0
98890,T4c,5850.0
11981,Li28,5850.0
34867,Mi1,5850.0
97677,T4c,5850.0
44564,TmY3,5850.1
89099,T4a,5850.1
23047,Li28,5850.2
63420,Mi1,5850.2
98118,T4c,5850.3
115511,T4d,5850.3
98887,T4b,5850.3
96134,T4b,5850.3
10016,HSE,5850.3
39718,Mi1,5850.3
38241,Mi1,5850.3
37631,Mi1,5850.3
70642,T2a,5850.3
92706,T4a,5850.400000000001
93527,T4a,5850.400000000001
100897,T4c,5850.400000000001
102153,T4c,5850.5
100867,T4b,5850.5
34057,Mi1,5850.5
10206,VS,5850.5
48894,TmY3,5850.5
51122,Mi1,5850.599999999999
96424,T4b,5850.599999999999
105126,T4c,5850.700000000001
47967,Mi1,5850.700000000001
35724,Mi1,5850.8
101215,T4c,5850.8
10112,VS,5850.8
60886,T2a,5850.9
103314,T4b,5850.9
38768,Mi1,5850.9
49324,Mi1,5850.9
64633,T2a,5851.0
66227,Tm3,5851.0
92939,T4b,5851.0
97028,T4c,5851.1
70524,T2a,5851.1
102147,T4c,5851.1
35218,Mi1,5851.1
34933,Mi1,5851.1
63868,T2a,5851.1
47368,TmY3,5851.200000000001
70812,TmY3,5851.200000000001
94305,T4a,5851.200000000001
98194,T4d,5851.200000000001
108307,T4b,5851.200000000001
38893,Mi1,5851.3
41668,Mi1,5851.3
37000,Mi1,5851.3
96394,T4b,5851.3
34142,Mi1,5851.3
10025,H2,5851.3
10015,HSN,5851.3
35580,Mi1,5851.3
35806,Mi1,5851.500000000001
37353,Mi1,5851.500000000001
38238,Mi1,5851.500000000001
94886,T4d,5851.500000000001
100033,T4c,5851.6
83227,Tm3,5851.6
99980,T4c,5851.6
40854,Mi1,5851.6
35428,Mi1,5851.6
68212,T2a,5851.6
15019,Li28,5851.7
59397,Mi1,5851.7
99011,T4c,5851.7
110910,Tm3,5851.7
76621,T2a,5851.8
101945,T4b,5851.8
123490,Tm3,5851.8
35416,Mi1,5851.900000000001
107442,T4d,5851.900000000001
103343,T4b,5852.0
95528,T4d,5852.0
74860,Tm3,5852.0
69597,Tm3,5852.0
37529,Mi1,5852.0
37270,Mi1,5852.0
34171,Mi1,5852.1
35774,Mi1,5852.1
37599,Mi1,5852.1
83677,T4c,5852.1
90145,T4a,5852.1
108824,T4d,5852.2
106401,T4d,5852.2
102388,T4d,5852.2
93021,T4a,5852.2
50333,TmY3,5852.2
19292,Li28,5852.2
10755,H1,5852.3
38178,Mi1,5852.3
58862,Mi1,5852.3
97249,T4d,5852.3
98625,T4a,5852.3
109598,T4b,5852.3
112088,T4d,5852.400000000001
93927,T4a,5852.400000000001
89290,T4d,5852.400000000001
80855,Tm3,5852.5
526158,Mi1,5852.5
35845,Mi1,5852.6
41950,Mi1,5852.6
72279,Mi1,5852.6
100855,T4a,5852.6
103022,T4a,5852.6
30997,Mi1,5852.8
94468,T4c,5852.8
94224,T4b,5852.9
34862,Mi1,5852.9
33110,Mi1,5853.000000000001
36217,Mi1,5853.000000000001
82038,Tm3,5853.000000000001
90219,T4a,5853.000000000001
122233,Tm3,5853.000000000001
122273,Tm3,5853.000000000001
39894,T4b,5853.1
64149,Mi1,5853.1
90567,T4b,5853.2
108199,T4c,5853.2
73807,Tm3,5853.2
100680,T4d,5853.3
92552,T4a,5853.3
91510,T4c,5853.3
90049,T4c,5853.3
71228,T2a,5853.3
32893,Mi1,5853.400000000001
33907,Mi1,5853.400000000001
34079,Mi1,5853.400000000001
105115,T4d,5853.400000000001
110988,T4a,5853.400000000001
72005,Tm3,5853.5
89728,Tm3,5853.5
97899,T4a,5853.6
35045,Mi1,5853.6
36540,Mi1,5853.7
40703,Mi1,5853.7
48986,TmY3,5853.7
101865,T4a,5853.7
17596,Li28,5853.8
56564,Mi1,5853.8
63175,Mi1,5853.8
106295,T4b,5853.8
106522,T4d,5853.8
73122,T2a,5853.900000000001
64712,T2a,5853.900000000001
39438,Mi1,5853.900000000001
33017,Mi1,5854.0
34463,Mi1,5854.0
96784,T4b,5854.0
100787,T4b,5854.0
41545,Mi1,5854.099999999999
42594,Mi1,5854.099999999999
46827,Mi1,5854.099999999999
83556,Tm3,5854.099999999999
107529,T4d,5854.200000000001
105718,T4b,5854.200000000001
104256,T4a,5854.200000000001
99663,T4c,5854.200000000001
51231,TmY3,5854.200000000001
43414,Mi1,5854.200000000001
10016,HSE,5854.200000000001
69380,Tm3,5854.200000000001
41435,Mi1,5854.3
59959,Mi1,5854.3
101463,T4d,5854.3
65671,Mi1,5854.4
10037,VS,5854.4
41626,Mi1,5854.500000000001
116633,T4c,5854.500000000001
20808,LC4,5854.500000000001
93957,T4b,5854.6
106912,Tm3,5854.6
16033,Li28,5854.7
46230,TmY3,5854.7
91913,T4b,5854.7
108876,T4c,5854.7
94953,T4d,5854.8
93750,T4c,5854.8
83979,T4a,5854.8
91283,T4c,5854.8
37243,Mi1,5854.8
16545,Li28,5854.8
38133,Mi1,5854.8
10023,HSS,5854.900000000001
31848,Mi1,5854.900000000001
35836,Mi1,5854.900000000001
87845,T4a,5854.900000000001
103725,T4a,5854.900000000001
98349,T4a,5855.0
32535,Mi1,5855.0
37113,Mi1,5855.0
94624,T4a,5855.0
99950,T4c,5855.1
37391,Mi1,5855.1
69889,T2a,5855.1
40944,Mi1,5855.2
70289,Mi1,5855.2
96812,T4a,5855.2
108349,T4d,5855.2
93688,T4a,5855.3
10025,H2,5855.3
15909,Li28,5855.3
38227,Mi1,5855.3
96295,T4b,5855.3
37037,Mi1,5855.400000000001
38791,Mi1,5855.400000000001
71402,Tm3,5855.400000000001
83204,T4d,5855.400000000001
103654,T4b,5855.400000000001
109649,T4c,5855.400000000001
100310,T4d,5855.5
99163,T4a,5855.5
101383,T4b,5855.5
70490,Mi1,5855.5
10112,VS,5855.5
96090,T4c,5855.5
97866,T4d,5855.599999999999
93419,T4b,5855.599999999999
34938,Mi1,5855.700000000001
94668,T4d,5855.700000000001
63994,Mi1,5855.8
94179,T4a,5855.8
97231,T4a,5855.8
98360,T4c,5855.8
100032,T4c,5855.8
107609,T4d,5855.8
91987,T4c,5855.9
89934,T4d,5855.9
71161,T2a,5855.9
35235,Mi1,5855.9
10015,HSN,5855.9
36994,Mi1,5855.9
38421,Mi1,5856.0
102031,T4c,5856.0
41522,Mi1,5856.1
74159,Tm3,5856.1
74937,T2a,5856.1
71583,Tm3,5856.3
92415,T4a,5856.3
90371,T4d,5856.3
46993,T2a,5856.3
42895,Mi1,5856.3
38479,Mi1,5856.3
36177,Mi1,5856.3
10206,VS,5856.3
33446,Mi1,5856.400000000001
35934,Mi1,5856.400000000001
37568,Mi1,5856.400000000001
40256,Mi1,5856.400000000001
53156,TmY3,5856.400000000001
98175,T4c,5856.400000000001
128396,T4d,5856.5
99387,T4a,5856.5
38767,Mi1,5856.5
35100,Mi1,5856.6
35888,Mi1,5856.6
37123,Mi1,5856.6
82099,T4b,5856.6
101244,T4b,5856.6
102991,T4c,5856.6
103827,T4c,5856.6
117151,T4d,5856.6
98654,T4d,5856.7
10284,VS,5856.7
72955,T2a,5856.7
36646,Mi1,5856.8
100673,T4b,5856.8
104478,T4d,5856.8
38721,Mi1,5856.900000000001
80302,T2a,5856.900000000001
88491,T4a,5856.900000000001
116129,T4b,5856.900000000001
92047,T4c,5857.0
97326,T4c,5857.0
85856,TmY3,5857.0
48060,Mi1,5857.0
41809,Mi1,5857.0
48286,Mi1,5857.0
98751,T4a,5857.099999999999
35173,Mi1,5857.099999999999
35512,Mi1,5857.099999999999
89020,T4a,5857.099999999999
112633,T4b,5857.099999999999
101480,T4c,5857.200000000001
70281,T2a,5857.200000000001
105962,T4b,5857.3
69736,Tm3,5857.3
72194,Tm3,5857.3
71089,Mi1,5857.3
54885,TmY3,5857.3
20264,Li28,5857.3
40426,Mi1,5857.3
37948,Mi1,5857.3
35001,Mi1,5857.3
41296,Mi1,5857.3
41709,Mi1,5857.4
66214,T2a,5857.4
114391,T4d,5857.4
92273,T2a,5857.5
14209,Li28,5857.5
39651,Mi1,5857.5
42758,Mi1,5857.5
58703,T2,5857.5
71131,Tm3,5857.5
86416,T4a,5857.5
94549,T4b,5857.5
116114,T4d,5857.6
76074,Tm3,5857.6
104027,T4d,5857.6
36954,Mi1,5857.6
40635,Mi1,5857.6
35234,Mi1,5857.6
10012,VS,5857.7
33216,Mi1,5857.7
48531,Mi1,5857.7
106664,T4c,5857.8
81836,T2a,5857.8
97184,T4d,5857.8
37088,Mi1,5857.8
37019,Mi1,5857.8
41613,Mi1,5857.8
57398,Mi1,5857.9
10016,HSE,5858.0
83639,T2a,5858.0
91674,T4a,5858.0
91741,T4d,5858.0
107621,T4d,5858.0
74375,Tm3,5858.1
105412,T4a,5858.1
90566,T4d,5858.1
63468,Mi1,5858.1
39743,Mi1,5858.1
38987,Mi1,5858.1
36660,Mi1,5858.1
11134,VSm,5858.1
35770,Mi1,5858.2
37138,Mi1,5858.2
66345,T2a,5858.2
104683,T4b,5858.2
132339,Tm3,5858.2
105565,Tm3,5858.299999999999
95356,T4a,5858.299999999999
45948,TmY3,5858.299999999999
41804,Mi1,5858.299999999999
40411,Mi1,5858.299999999999
10037,VS,5858.400000000001
53065,Mi1,5858.400000000001
55976,Mi1,5858.400000000001
35890,Mi1,5858.5
36881,Mi1,5858.5
91345,T4c,5858.5
102703,T4a,5858.599999999999
98381,T4d,5858.599999999999
102791,T4c,5858.599999999999
44119,Mi1,5858.599999999999
37699,Mi1,5858.599999999999
97171,T4d,5858.599999999999
34849,Mi1,5858.700000000001
35712,Mi1,5858.700000000001
38993,Mi1,5858.700000000001
42119,Mi1,5858.700000000001
52350,Mi1,5858.700000000001
67308,Mi1,5858.700000000001
106819,T4b,5858.900000000001
96365,T4a,5858.900000000001
90112,T4c,5858.900000000001
38514,Mi1,5858.900000000001
35840,Mi1,5858.900000000001
39158,Mi1,5858.900000000001
36305,Mi1,5859.0
36452,Mi1,5859.0
78470,Tm3,5859.1
84063,T4b,5859.1
91682,T4b,5859.200000000001
102801,T4b,5859.200000000001
44449,TmY3,5859.200000000001
100633,T4a,5859.200000000001
11981,Li28,5859.200000000001
10755,H1,5859.200000000001
34296,Mi1,5859.200000000001
35447,Mi1,5859.3
77307,Tm3,5859.3
102741,T4c,5859.3
104942,T4a,5859.3
10025,H2,5859.4
33655,Mi1,5859.4
37839,Mi1,5859.4
58945,Tm3,5859.4
60856,T2a,5859.4
96126,T4b,5859.500000000001
96003,T4d,5859.500000000001
65531,T2a,5859.500000000001
42872,Mi1,5859.6
97193,T4a,5859.6
105135,T4c,5859.6
46248,Mi1,5859.7
67113,Mi1,5859.7
83689,T4a,5859.7
95629,T4c,5859.7
104450,T4a,5859.7
94948,T4c,5859.8
17280,Li28,5859.8
40219,Mi1,5859.8
97878,T4b,5859.900000000001
10112,VS,5859.900000000001
34626,Mi1,5859.900000000001
15263,Li28,5860.0
33462,Mi1,5860.0
39405,Mi1,5860.0
85152,T4c,5860.0
62078,Mi1,5860.1
72066,Tm3,5860.1
98862,Tm3,5860.2
98504,T4c,5860.2
98312,T4a,5860.2
97318,T4d,5860.2
83067,T4b,5860.2
69063,Mi1,5860.2
35017,Mi1,5860.2
34300,Mi1,5860.2
12521,HST,5860.2
83125,T4b,5860.3
88726,T4b,5860.3
95681,T4a,5860.3
109326,T4c,5860.3
537004,VSm,5860.3
84008,T4c,5860.400000000001
82855,Tm3,5860.400000000001
43978,Mi1,5860.400000000001
10015,HSN,5860.400000000001
35897,Mi1,5860.400000000001
10023,HSS,5860.400000000001
42691,Mi1,5860.400000000001
16596,Li28,5860.5
38230,Mi1,5860.5
85007,T4c,5860.5
93482,T4d,5860.5
94356,T4c,5860.5
109384,T4d,5860.5
121816,T4a,5860.6
97306,T4a,5860.6
89784,T4b,5860.6
34045,Mi1,5860.6
37371,Mi1,5860.6
36346,Mi1,5860.6
42048,Mi1,5860.6
96657,T4c,5860.700000000001
108974,T4c,5860.700000000001
94058,T4b,5860.700000000001
72619,T2a,5860.700000000001
40832,Mi1,5860.700000000001
36684,Mi1,5860.700000000001
73284,T2a,5860.8
78421,T2a,5860.8
90097,T4c,5860.8
84328,T4a,5860.9
88992,T4c,5860.9
91806,T4a,5860.9
97675,T4c,5860.9
525839,Mi1,5861.000000000001
103425,T4a,5861.000000000001
34356,Mi1,5861.000000000001
89139,T4c,5861.000000000001
97105,T4d,5861.1
57239,Mi1,5861.1
85074,T4a,5861.1
87289,T4a,5861.1
94283,T4d,5861.1
96852,T4a,5861.1
104130,T4a,5861.2
101878,T4a,5861.2
87390,T2a,5861.2
100838,T4c,5861.2
42675,Mi1,5861.3
47211,Mi1,5861.3
91469,T4c,5861.3
107211,T4d,5861.3
94368,T4a,5861.400000000001
95883,T4a,5861.400000000001
83438,T4a,5861.400000000001
78848,Tm3,5861.400000000001
69961,Tm3,5861.400000000001
80812,T4a,5861.400000000001
36139,Mi1,5861.5
36446,Mi1,5861.5
97288,T4c,5861.5
106535,T4d,5861.6
33091,Mi1,5861.6
95926,T4a,5861.6
103867,T4a,5861.7
90135,T4c,5861.7
107105,T4d,5861.7
85741,T4a,5861.7
92431,T4a,5861.7
69980,Tm3,5861.7
37853,Mi1,5861.7
35602,Mi1,5861.7
76788,T4b,5861.7
10016,HSE,5861.8
33942,Mi1,5861.8
74023,T2a,5861.8
102479,T4c,5861.8
113983,T4d,5861.900000000001
106922,T4c,5861.900000000001
104191,T4a,5861.900000000001
97145,T4c,5861.900000000001
81401,T4b,5861.900000000001
60857,Mi1,5861.900000000001
38857,Mi1,5861.900000000001
39275,Mi1,5861.900000000001
38648,Mi1,5861.900000000001
34404,Mi1,5861.900000000001
31492,Mi1,5861.900000000001
54087,Mi1,5861.900000000001
542412,Mi1,5862.0
100501,T4b,5862.0
95972,T4d,5862.0
65307,T2,5862.0
41659,Mi1,5862.0
87412,T4c,5862.0
10206,VS,5862.099999999999
15909,Li28,5862.099999999999
36410,Mi1,5862.099999999999
69793,T2a,5862.099999999999
79483,Tm3,5862.099999999999
100282,T4a,5862.099999999999
88152,T4c,5862.200000000001
38529,Mi1,5862.200000000001
35405,Mi1,5862.200000000001
34479,Mi1,5862.200000000001
52328,TmY3,5862.3
95921,T4c,5862.3
110742,T4c,5862.3
87896,T4a,5862.4
78597,T2a,5862.4
69164,Mi1,5862.4
41120,Mi1,5862.4
49322,TmY3,5862.4
39727,Mi1,5862.4
36252,Mi1,5862.4
34899,Mi1,5862.4
10037,VS,5862.4
40936,Mi1,5862.4
106745,T4b,5862.6
81215,Tm3,5862.6
75550,Tm3,5862.6
102462,T4c,5862.6
34369,Mi1,5862.6
20634,VST1,5862.6
40085,Mi1,5862.6
16545,Li28,5862.7
39505,Mi1,5862.7
48514,TmY3,5862.7
67072,T2a,5862.7
40596,Mi1,5862.8
77480,Tm3,5862.8
91303,T4b,5862.8
107010,T4d,5862.900000000001
102975,T4b,5862.900000000001
103780,T4c,5862.900000000001
72586,Tm3,5862.900000000001
36275,Mi1,5862.900000000001
95239,T4a,5862.900000000001
39692,TmY3,5863.0
74373,Tm3,5863.0
93407,T4d,5863.0
93972,T4a,5863.0
10025,H2,5863.1
36533,Mi1,5863.1
55101,Mi1,5863.1
91444,T4c,5863.1
111184,T4a,5863.2
110403,T4b,5863.2
96728,T4c,5863.2
95453,T4a,5863.2
72896,Tm3,5863.2
89409,T4a,5863.2
39067,Mi1,5863.2
92281,T4c,5863.2
34189,Mi1,5863.3
35498,Mi1,5863.3
38241,Mi1,5863.3
40171,Mi1,5863.3
67152,Tm3,5863.3
97256,T4c,5863.400000000001
92114,T4c,5863.400000000001
98300,T4a,5863.400000000001
78561,Tm3,5863.400000000001
38208,Mi1,5863.400000000001
87873,T4b,5863.400000000001
35152,Mi1,5863.5
98985,T4c,5863.5
108344,T4d,5863.5
112393,T4a,5863.5
79824,Tm3,5863.599999999999
112744,T4d,5863.700000000001
109023,T4c,5863.700000000001
83682,Tm3,5863.700000000001
39718,Mi1,5863.700000000001
23047,Li28,5863.700000000001
41654,Mi1,5863.8
92082,T4b,5863.8
94471,T4a,5863.8
39629,Mi1,5863.9
104972,T4a,5863.9
94081,T4c,5864.0
91325,T4a,5864.0
90533,T4c,5864.0
104858,T4b,5864.0
75298,T2a,5864.0
16033,Li28,5864.0
10112,VS,5864.0
83583,T4d,5864.0
38238,Mi1,5864.1
93865,T4c,5864.1
103497,Tm3,5864.1
35218,Mi1,5864.2
10015,HSN,5864.3
34867,Mi1,5864.3
43323,Mi1,5864.3
91313,T4a,5864.3
37294,Mi1,5864.400000000001
107297,T4c,5864.400000000001
36911,Mi1,5864.400000000001
22108,TmY3,5864.5
37353,Mi1,5864.5
59008,Mi1,5864.5
107445,T4a,5864.5
38768,Mi1,5864.6
47967,Mi1,5864.6
48607,TmY3,5864.6
76325,T2a,5864.6
79704,T4d,5864.6
107420,T4b,5864.6
89142,T4b,5864.7
91629,T4a,5864.7
90206,T4b,5864.7
81995,Tm3,5864.7
10023,HSS,5864.7
37000,Mi1,5864.7
78911,Tm3,5864.7
34057,Mi1,5864.7
34142,Mi1,5864.8
59397,Mi1,5864.8
101732,T4c,5864.8
110076,T4c,5864.8
111928,T4b,5864.900000000001
113207,T4d,5864.900000000001
149504,T4d,5864.900000000001
45322,Mi1,5865.0
104017,T4b,5865.0
103025,T4a,5865.0
37270,Mi1,5865.0
95017,T4c,5865.0
68982,Tm3,5865.099999999999
106821,T4b,5865.099999999999
77676,T2a,5865.200000000001
43689,Mi1,5865.200000000001
48547,TmY3,5865.200000000001
49324,Mi1,5865.200000000001
108325,T4c,5865.3
63420,Mi1,5865.3
99670,T4c,5865.3
35580,Mi1,5865.4
36217,Mi1,5865.4
40854,Mi1,5865.4
67408,Mi1,5865.4
82515,Tm3,5865.4
77138,Tm3,5865.5
104008,T4b,5865.5
74228,Tm3,5865.5
72558,T2a,5865.5
35428,Mi1,5865.5
10016,HSE,5865.6
35724,Mi1,5865.6
45319,Mi1,5865.6
71052,T2a,5865.6
100956,T4d,5865.6
111380,Tm3,5865.6
97853,T4c,5865.7
61401,T2a,5865.7
51122,Mi1,5865.7
35806,Mi1,5865.7
33326,Mi1,5865.7
47962,TmY3,5865.7
34933,Mi1,5865.8
38893,Mi1,5865.8
92842,T4a,5865.8
106840,T4b,5865.8
107567,T4c,5865.8
81996,T2a,5865.9
71938,T2a,5865.9
101228,T4a,5865.9
10755,H1,5865.9
48283,TmY3,5865.9
35416,Mi1,5866.0
37631,Mi1,5866.0
117221,T4c,5866.0
109536,T4d,5866.1
10012,VS,5866.1
30997,Mi1,5866.1
33017,Mi1,5866.1
61968,T2,5866.1
100165,T4b,5866.1
71036,T2a,5866.2
51848,TmY3,5866.2
36158,Mi1,5866.2
35774,Mi1,5866.2
34171,Mi1,5866.299999999999
35734,Mi1,5866.299999999999
37599,Mi1,5866.299999999999
100946,T4c,5866.299999999999
101620,T4b,5866.299999999999
10037,VS,5866.400000000001
102519,T4a,5866.400000000001
104853,T4c,5866.5
95458,T4d,5866.5
68475,T2a,5866.5
60979,TmY3,5866.5
41668,Mi1,5866.5
34862,Mi1,5866.6
86141,T4b,5866.6
96035,T4d,5866.6
106952,T4b,5866.6
115636,T4d,5866.6
100488,T4c,5866.700000000001
99850,T4a,5866.700000000001
96199,T4a,5866.700000000001
102910,T4b,5866.700000000001
68522,T2a,5866.700000000001
41950,Mi1,5866.700000000001
38178,Mi1,5866.700000000001
35045,Mi1,5866.700000000001
92996,T4a,5866.700000000001
59864,Tm3,5866.8
86778,T4a,5866.8
112179,T4b,5866.8
120312,Tm3,5866.8
526158,Mi1,5866.8
10025,H2,5866.900000000001
86419,Tm3,5866.900000000001
87358,T4a,5867.0
50345,TmY3,5867.0
10284,VS,5867.0
15019,Li28,5867.0
36540,Mi1,5867.1
71944,T2a,5867.1
93566,T4a,5867.1
102045,T4a,5867.1
171349687,Tm3,5867.1
113686,T4d,5867.200000000001
118385,T4b,5867.3
72279,Mi1,5867.3
71475,Tm3,5867.3
52485,TmY3,5867.3
58862,Mi1,5867.3
11981,Li28,5867.3
64149,Mi1,5867.3
33907,Mi1,5867.4
92644,T4d,5867.4
104412,T4a,5867.4
104414,T4d,5867.4
127970,Tm3,5867.4
95454,T4a,5867.500000000001
88815,T4d,5867.500000000001
79646,Tm3,5867.500000000001
35845,Mi1,5867.500000000001
19292,Li28,5867.6
39438,Mi1,5867.6
74927,Tm3,5867.6
89434,T4c,5867.6
90121,T4b,5867.6
101302,T4d,5867.6
97480,T4c,5867.7
99519,T4a,5867.7
37037,Mi1,5867.7
33110,Mi1,5867.7
37529,Mi1,5867.8
40703,Mi1,5867.8
77891,Tm3,5867.8
91366,T4b,5867.8
103557,T4a,5867.8
113991,T4d,5867.900000000001
84267,T4c,5867.900000000001
112453,T4c,5867.900000000001
37243,Mi1,5867.900000000001
41626,Mi1,5867.900000000001
32893,Mi1,5868.0
41545,Mi1,5868.0
67150,T2a,5868.0
93360,T4b,5868.0
95287,T4a,5868.0
106886,T4c,5868.0
95554,T4b,5868.1
90219,T4a,5868.1
110555,T4b,5868.1
70289,Mi1,5868.1
81015,T4a,5868.1
10015,HSN,5868.2
41671,TmY3,5868.2
73096,T2a,5868.2
88922,T4c,5868.2
98137,T4d,5868.2
114088,T4d,5868.2
102425,T4b,5868.3
119245,T4d,5868.3
84631,T4c,5868.3
98099,T4b,5868.3
10112,VS,5868.400000000001
47368,TmY3,5868.400000000001
65671,Mi1,5868.400000000001
79138,T2a,5868.400000000001
17596,Li28,5868.5
34463,Mi1,5868.5
40944,Mi1,5868.5
41435,Mi1,5868.5
70800,Tm3,5868.5
90423,T4b,5868.5
117627,Tm3,5868.6
111416,Tm3,5868.6
63175,Mi1,5868.6
78968,Tm3,5868.6
35235,Mi1,5868.6
38791,Mi1,5868.700000000001
89368,T4c,5868.700000000001
46827,Mi1,5868.8
66808,Tm3,5868.8
92684,T4c,5868.8
35836,Mi1,5868.9
42594,Mi1,5868.9
102579,T4b,5868.9
99671,T4c,5869.000000000001
91057,T4c,5869.000000000001
89825,T4a,5869.000000000001
88698,T4a,5869.000000000001
10206,VS,5869.000000000001
34079,Mi1,5869.000000000001
31848,Mi1,5869.000000000001
15909,Li28,5869.000000000001
82425,T4b,5869.000000000001
62562,T2,5869.1
109142,T4b,5869.1
37391,Mi1,5869.1
32535,Mi1,5869.1
37123,Mi1,5869.1
40026,TmY3,5869.1
32962,TmY3,5869.2
35934,Mi1,5869.2
42006,TmY3,5869.2
115686,T4b,5869.2
99310,T4a,5869.3
92668,T2a,5869.3
90888,T4b,5869.3
69546,Tm3,5869.3
10016,HSE,5869.3
10023,HSS,5869.3
113568,T4d,5869.400000000001
98668,T4a,5869.400000000001
101770,T4b,5869.400000000001
104257,T4b,5869.400000000001
86536,Tm3,5869.5
88167,T4b,5869.5
59959,Mi1,5869.5
95335,T4a,5869.5
40256,Mi1,5869.6
537004,VSm,5869.6
105214,T4c,5869.6
37113,Mi1,5869.6
87722,T2a,5869.6
16545,Li28,5869.7
56564,Mi1,5869.7
67131,Tm3,5869.7
88281,T4b,5869.7
92839,T4b,5869.7
112806,T4c,5869.8
104354,T4b,5869.8
112458,T4b,5869.8
95242,T4d,5869.8
88353,T4b,5869.8
102229,T4d,5869.8
11134,VSm,5869.900000000001
36177,Mi1,5869.900000000001
42533,TmY3,5869.900000000001
69228,T2a,5869.900000000001
96219,T4b,5869.900000000001
37948,Mi1,5870.0
42895,Mi1,5870.0
79293,Tm3,5870.0
103271,T4c,5870.099999999999
101245,T4a,5870.099999999999
38227,Mi1,5870.099999999999
34938,Mi1,5870.099999999999
99628,T4b,5870.099999999999
133040,Tm3,5870.200000000001
37555,Mi1,5870.200000000001
41809,Mi1,5870.200000000001
44564,TmY3,5870.200000000001
67971,Tm3,5870.200000000001
69540,TmY3,5870.200000000001
108438,T4d,5870.200000000001
94153,T4d,5870.3
47686,TmY3,5870.3
36994,Mi1,5870.3
41522,Mi1,5870.3
125171,Tm3,5870.4
10025,H2,5870.4
99922,T4c,5870.4
102147,T4c,5870.500000000001
100105,T4a,5870.500000000001
111746,Tm3,5870.500000000001
40426,Mi1,5870.500000000001
35888,Mi1,5870.500000000001
38479,Mi1,5870.500000000001
70490,Mi1,5870.500000000001
10037,VS,5870.500000000001
77527,T4a,5870.6
86175,T4a,5870.6
38767,Mi1,5870.7
68535,T2a,5870.7
93509,T4b,5870.7
106166,T4b,5870.7
94743,T4d,5870.8
72426,Tm3,5870.8
62089,Tm3,5870.8
43414,Mi1,5870.8
35100,Mi1,5870.900000000001
91913,T4b,5870.900000000001
105292,T4b,5870.900000000001
105521,T4c,5870.900000000001
95985,T4c,5871.0
99348,T4c,5871.0
85778,T4b,5871.0
85378,T4a,5871.0
37568,Mi1,5871.0
44592,TmY3,5871.0
38993,Mi1,5871.0
33446,Mi1,5871.0
66227,Tm3,5871.0
63994,Mi1,5871.1
97028,T4c,5871.1
99292,T4a,5871.1
101081,T4c,5871.1
120016,Tm3,5871.1
101005,T4d,5871.2
35173,Mi1,5871.2
79259,T4b,5871.2
91934,T4a,5871.2
93166,T4c,5871.2
77383,T2a,5871.3
97784,T4c,5871.3
35001,Mi1,5871.3
56007,TmY3,5871.3
99316,T4b,5871.3
95677,T4c,5871.400000000001
88035,Tm3,5871.400000000001
92640,T4d,5871.400000000001
37019,Mi1,5871.400000000001
16033,Li28,5871.400000000001
41296,Mi1,5871.5
42758,Mi1,5871.5
63468,Mi1,5871.5
90419,T4b,5871.5
99609,T4a,5871.5
38133,Mi1,5871.599999999999
55976,Mi1,5871.599999999999
71089,Mi1,5871.599999999999
116610,T4d,5871.700000000001
106401,T4d,5871.700000000001
82211,T2a,5871.700000000001
78503,T2a,5871.700000000001
35234,Mi1,5871.700000000001
48060,Mi1,5871.700000000001
40635,Mi1,5871.700000000001
17280,Li28,5871.700000000001
48286,Mi1,5871.700000000001
110693,Tm3,5871.8
93935,T4a,5871.8
103570,T4d,5871.8
66980,T2a,5871.9
41709,Mi1,5871.9
33216,Mi1,5871.9
112048,T4c,5872.0
100033,T4c,5872.0
98398,T4c,5872.0
93025,T4b,5872.0
76733,Tm3,5872.0
110646,T4b,5872.0
38987,Mi1,5872.0
36660,Mi1,5872.0
34849,Mi1,5872.0
14209,Li28,5872.0
10755,H1,5872.0
39158,Mi1,5872.0
33655,Mi1,5872.1
35770,Mi1,5872.1
85126,T4a,5872.1
103657,T4b,5872.1
107075,T4d,5872.1
38421,Mi1,5872.2
64849,Tm3,5872.2
93947,T4a,5872.2
96931,T4b,5872.3
75381,Tm3,5872.3
20264,Li28,5872.3
36452,Mi1,5872.3
57398,Mi1,5872.3
35512,Mi1,5872.4
36305,Mi1,5872.4
37699,Mi1,5872.4
71765,T2a,5872.4
77395,T4b,5872.4
94755,T4a,5872.4
105122,T4b,5872.4
95822,T4b,5872.5
42119,Mi1,5872.5
39651,Mi1,5872.5
10015,HSN,5872.5
34296,Mi1,5872.5
38514,Mi1,5872.5
108907,T4c,5872.6
12521,HST,5872.6
85924,T4a,5872.6
107143,T4d,5872.6
63050,T2a,5872.7
82576,T4b,5872.7
35890,Mi1,5872.7
35712,Mi1,5872.8
52350,Mi1,5872.8
68562,T2a,5872.8
99011,T4c,5872.8
104996,T4a,5872.8
96134,T4b,5872.900000000001
104390,T4a,5872.900000000001
102016,T4a,5872.900000000001
67113,Mi1,5872.900000000001
53065,Mi1,5872.900000000001
34626,Mi1,5872.900000000001
10112,VS,5872.900000000001
10016,HSE,5873.0
36646,Mi1,5873.0
36954,Mi1,5873.0
101589,T4a,5873.0
101994,T4a,5873.0
107031,T4b,5873.0
99131,T4c,5873.099999999999
100190,T4c,5873.099999999999
44119,Mi1,5873.099999999999
38721,Mi1,5873.099999999999
41613,Mi1,5873.099999999999
37680,Mi1,5873.200000000001
48894,TmY3,5873.200000000001
67308,Mi1,5873.200000000001
100087,T4b,5873.200000000001
547091,T2,5873.200000000001
96576,T4c,5873.3
37138,Mi1,5873.4
65542,T2,5873.4
35840,Mi1,5873.4
36881,Mi1,5873.4
37509,Mi1,5873.5
39743,Mi1,5873.5
94574,T4c,5873.5
35017,Mi1,5873.6
93985,T4c,5873.6
94549,T4b,5873.6
35447,Mi1,5873.7
97769,T4a,5873.7
101685,T4b,5873.8
107170,T4b,5873.8
100981,T4d,5873.8
81037,T2a,5873.8
10025,H2,5873.8
86416,T4a,5873.8
48531,Mi1,5873.9
98887,T4b,5873.9
105403,T4c,5873.9
127615,Tm3,5873.9
92939,T4b,5874.0
35897,Mi1,5874.0
46662,TmY3,5874.0
67719,T2a,5874.0
93527,T4a,5874.0
83191,T4a,5874.1
68342,Tm3,5874.1
34356,Mi1,5874.1
96211,T4d,5874.1
10284,VS,5874.1
10023,HSS,5874.1
33462,Mi1,5874.1
78151,Tm3,5874.2
68840,TmY3,5874.2
40400,Mi1,5874.2
34300,Mi1,5874.3
62078,Mi1,5874.3
62856,T2,5874.3
65833,Mi1,5874.3
85429,T4d,5874.3
98467,T4d,5874.3
100785,T4b,5874.3
104884,T4b,5874.3
98118,T4c,5874.400000000001
83465,T4a,5874.400000000001
42691,Mi1,5874.400000000001
36346,Mi1,5874.400000000001
39405,Mi1,5874.400000000001
37044,Mi1,5874.400000000001
41804,Mi1,5874.400000000001
87845,T4a,5874.5
40832,Mi1,5874.6
33942,Mi1,5874.6
93750,T4c,5874.700000000001
37088,Mi1,5874.700000000001
37853,Mi1,5874.700000000001
10012,VS,5874.8
10037,VS,5874.8
15909,Li28,5874.8
37371,Mi1,5874.8
37839,Mi1,5874.8
49788,TmY3,5874.8
94305,T4a,5874.8
92046,T4d,5874.900000000001
101215,T4c,5874.900000000001
97899,T4a,5874.900000000001
77991,Tm3,5874.900000000001
101742,T4c,5874.900000000001
38857,Mi1,5874.900000000001
38230,Mi1,5874.900000000001
35602,Mi1,5874.900000000001
74231,Tm3,5874.900000000001
525839,Mi1,5874.900000000001
94567,T4c,5875.0
98448,T4b,5875.0
85536,T4a,5875.0
104905,T4c,5875.0
39275,Mi1,5875.0
34045,Mi1,5875.0
69063,Mi1,5875.0
106701,T4d,5875.0
96676,T4b,5875.1
95007,T4a,5875.1
103677,T4b,5875.1
43978,Mi1,5875.1
40219,Mi1,5875.1
46248,Mi1,5875.1
42872,Mi1,5875.200000000001
47211,Mi1,5875.200000000001
33091,Mi1,5875.200000000001
40085,Mi1,5875.200000000001
133349,Tm3,5875.200000000001
86686,T4c,5875.3
75966,T2a,5875.3
64897,T2,5875.3
15263,Li28,5875.3
30923,TmY3,5875.3
11981,Li28,5875.3
36684,Mi1,5875.4
37438,Mi1,5875.4
40411,Mi1,5875.4
54087,Mi1,5875.4
75377,T2a,5875.4
36139,Mi1,5875.500000000001
42675,Mi1,5875.500000000001
60857,Mi1,5875.500000000001
104336,T4b,5875.500000000001
104297,T4a,5875.6
85837,Tm3,5875.6
72148,Tm3,5875.6
10206,VS,5875.6
51963,TmY3,5875.6
31492,Mi1,5875.6
71398,Tm3,5875.6
101772,Tm3,5875.7
542412,Mi1,5875.7
90465,T4a,5875.8
99423,T4d,5875.8
90027,T4c,5875.8
79449,T4b,5875.8
72989,Tm3,5875.8
16596,Li28,5875.8
34479,Mi1,5875.900000000001
36410,Mi1,5875.900000000001
80197,T4a,5875.900000000001
90097,T4c,5875.900000000001
93688,T4a,5875.900000000001
93957,T4b,5875.900000000001
102845,T4b,5875.900000000001
108847,T4d,5875.900000000001
96081,T4a,5876.0
36275,Mi1,5876.1
90259,T4d,5876.1
107640,T4c,5876.1
37224,Mi1,5876.2
38648,Mi1,5876.2
92047,T4c,5876.2
37927,Mi1,5876.3
103425,T4a,5876.3
103160,T4a,5876.400000000001
100787,T4b,5876.400000000001
96394,T4b,5876.400000000001
39718,Mi1,5876.400000000001
62894,Tm3,5876.400000000001
96090,T4c,5876.400000000001
38241,Mi1,5876.400000000001
35498,Mi1,5876.5
40596,Mi1,5876.5
42048,Mi1,5876.5
98325,T4d,5876.5
121170,Tm3,5876.5
93877,T4c,5876.6
78172,TmY3,5876.6
44282,Mi1,5876.6
35152,Mi1,5876.6
16545,Li28,5876.6
35405,Mi1,5876.6
10015,HSN,5876.700000000001
10016,HSE,5876.700000000001
34369,Mi1,5876.700000000001
38238,Mi1,5876.700000000001
48930,TmY3,5876.700000000001
110910,Tm3,5876.700000000001
97161,T4a,5876.8
100206,T4c,5876.8
92957,T4d,5876.8
36252,Mi1,5876.8
37270,Mi1,5876.8
49372,TmY3,5876.8
69164,Mi1,5876.9
10755,H1,5877.000000000001
40171,Mi1,5877.000000000001
41120,Mi1,5877.000000000001
64341,TmY3,5877.000000000001
112993,T4b,5877.1
92254,T4b,5877.1
86992,T4b,5877.1
78856,Tm3,5877.1
38529,Mi1,5877.1
40936,Mi1,5877.1
33614,Mi1,5877.1
51050,TmY3,5877.1
100261,T4c,5877.2
112027,T4d,5877.2
99731,T4c,5877.2
103073,T4a,5877.2
55101,Mi1,5877.2
36446,Mi1,5877.2
70524,T2a,5877.2
34189,Mi1,5877.2
10025,H2,5877.3
34899,Mi1,5877.3
44449,TmY3,5877.3
39505,Mi1,5877.400000000001
101382,T4c,5877.400000000001
108757,T4c,5877.5
90278,T4a,5877.5
88575,T4b,5877.5
49324,Mi1,5877.5
38710,Mi1,5877.5
34404,Mi1,5877.5
10112,VS,5877.6
38208,Mi1,5877.6
50333,TmY3,5877.6
94071,T4a,5877.6
98039,T4d,5877.6
105332,T4b,5877.6
102564,T4a,5877.7
94624,T4a,5877.7
81733,Tm3,5877.7
39727,Mi1,5877.7
35218,Mi1,5877.7
75557,Tm3,5877.7
37353,Mi1,5877.8
41659,Mi1,5877.8
68212,T2a,5877.8
98175,T4c,5877.8
112241,T4b,5877.900000000001
108065,T4c,5877.900000000001
36533,Mi1,5877.900000000001
107529,T4d,5877.900000000001
39629,Mi1,5878.0
43783,Mi1,5878.0
117662,T4d,5878.0
122233,Tm3,5878.0
77910,Tm3,5878.099999999999
34867,Mi1,5878.099999999999
39500,Mi1,5878.099999999999
105115,T4d,5878.099999999999
84328,T4a,5878.200000000001
83438,T4a,5878.200000000001
90900,T4a,5878.200000000001
47967,Mi1,5878.200000000001
57239,Mi1,5878.200000000001
16033,Li28,5878.3
36217,Mi1,5878.3
39067,Mi1,5878.3
42856,Mi1,5878.3
91469,T4c,5878.3
112775,T4d,5878.3
90145,T4a,5878.4
92281,T4c,5878.4
104256,T4a,5878.500000000001
101230,T4a,5878.500000000001
97872,T4d,5878.500000000001
95364,T4d,5878.500000000001
93927,T4a,5878.500000000001
37000,Mi1,5878.500000000001
36990,Mi1,5878.500000000001
95356,T4a,5878.500000000001
48986,TmY3,5878.500000000001
122273,Tm3,5878.6
10023,HSS,5878.6
37294,Mi1,5878.6
105242,T4c,5878.6
117748,Tm3,5878.6
85664,TmY3,5878.7
39894,T4b,5878.7
83365,T2a,5878.7
35428,Mi1,5878.8
39692,TmY3,5878.8
97866,T4d,5878.8
38768,Mi1,5878.900000000001
96126,T4b,5878.900000000001
99672,T4a,5878.900000000001
100897,T4c,5878.900000000001
108307,T4b,5878.900000000001
59397,Mi1,5879.0
84490,T4a,5879.0
35580,Mi1,5879.0
34862,Mi1,5879.0
10037,VS,5879.1
34057,Mi1,5879.1
36911,Mi1,5879.1
44222,Mi1,5879.1
77779,T2a,5879.1
92706,T4a,5879.1
532850,Tm3,5879.1
104144,T2,5879.2
102801,T4b,5879.2
107812,T4a,5879.2
97677,T4c,5879.2
41536,Mi1,5879.2
96163,T4b,5879.2
40235,Mi1,5879.2
34142,Mi1,5879.2
23047,Li28,5879.2
34933,Mi1,5879.3
41654,Mi1,5879.3
77594,T2a,5879.3
79271,T4a,5879.3
93419,T4b,5879.3
108948,T4b,5879.400000000001
105276,T4d,5879.400000000001
88625,T4c,5879.400000000001
63868,T2a,5879.400000000001
96295,T4b,5879.400000000001
63420,Mi1,5879.5
83125,T4b,5879.5
89290,T4d,5879.5
107719,T4b,5879.5
109857,T4d,5879.5
103022,T4a,5879.599999999999
106295,T4b,5879.599999999999
97231,T4a,5879.599999999999
74287,Tm3,5879.599999999999
41668,Mi1,5879.599999999999
33017,Mi1,5879.599999999999
94356,T4c,5879.599999999999
69597,Tm3,5879.700000000001
107609,T4d,5879.700000000001
60510,T2,5879.8
103867,T4a,5879.8
99980,T4c,5879.9
30997,Mi1,5879.9
59008,Mi1,5879.9
102741,T4c,5879.9
99663,T4c,5880.0
96003,T4d,5880.0
79875,T4c,5880.0
105126,T4c,5880.0
47465,TmY3,5880.0
37599,Mi1,5880.0
35806,Mi1,5880.0
49441,TmY3,5880.0
118948,T4d,5880.1
36158,Mi1,5880.1
34171,Mi1,5880.1
66345,T2a,5880.2
86630,Tm3,5880.2
62947,T2a,5880.2
35416,Mi1,5880.2
45319,Mi1,5880.2
51122,Mi1,5880.2
35724,Mi1,5880.2
114817,T4d,5880.3
10016,HSE,5880.3
35774,Mi1,5880.3
43323,Mi1,5880.3
69570,Tm3,5880.3
97675,T4c,5880.3
110604,T4a,5880.3
106922,T4c,5880.4
105962,T4b,5880.4
35045,Mi1,5880.5
64149,Mi1,5880.5
68982,Tm3,5880.5
91629,T4a,5880.5
97878,T4b,5880.5
100867,T4b,5880.5
71394,T2a,5880.6
104703,T4d,5880.6
51231,TmY3,5880.6
37631,Mi1,5880.6
10072,OA-AL2i1,5880.7
15909,Li28,5880.7
38893,Mi1,5880.7
90520,T4a,5880.7
98625,T4a,5880.7
109631,T4b,5880.7
71228,T2a,5880.8
38178,Mi1,5880.8
72279,Mi1,5880.8
78731,Tm3,5880.8
80812,T4a,5880.8
96424,T4b,5880.8
33326,Mi1,5880.900000000001
113171,T4b,5880.900000000001
10015,HSN,5880.900000000001
10025,H2,5880.900000000001
125288,Tm3,5880.900000000001
82038,Tm3,5881.0
93021,T4a,5881.0
74259,T2a,5881.0
68951,TmY3,5881.0
39525,Mi1,5881.0
15019,Li28,5881.0
106793,T4d,5881.099999999999
537004,VSm,5881.099999999999
37243,Mi1,5881.200000000001
41950,Mi1,5881.200000000001
91987,T4c,5881.200000000001
100726,T4d,5881.200000000001
104683,T4b,5881.200000000001
151155,T4b,5881.3
104130,T4a,5881.3
89282,T4a,5881.3
88152,T4c,5881.3
79083,Tm3,5881.3
77846,Tm3,5881.3
91283,T4c,5881.3
67810,Tm3,5881.3
40854,Mi1,5881.3
39438,Mi1,5881.3
38455,Mi1,5881.3
68264,Tm3,5881.3
36540,Mi1,5881.3
32893,Mi1,5881.3
94468,T4c,5881.4
84010,Tm3,5881.4
101228,T4a,5881.4
41545,Mi1,5881.4
37037,Mi1,5881.4
45322,Mi1,5881.4
33907,Mi1,5881.5
43334,TmY3,5881.5
74375,Tm3,5881.5
107445,T4a,5881.5
112619,T4d,5881.6
40944,Mi1,5881.7
71674,T2a,5881.7
90394,T4a,5881.7
109598,T4b,5881.7
123490,Tm3,5881.7
116311,T4d,5881.8
95005,T4a,5881.8
526158,Mi1,5881.8
41626,Mi1,5881.8
10112,VS,5881.8
47696,TmY3,5881.8
35845,Mi1,5881.9
40703,Mi1,5881.9
43689,Mi1,5881.9
56762,TmY3,5881.9
93360,T4b,5881.9
103314,T4b,5881.9
111949,T4c,5881.9
112944,T4b,5881.9
102031,T4c,5882.0
101480,T4c,5882.0
37391,Mi1,5882.0
10284,VS,5882.0
35235,Mi1,5882.1
35836,Mi1,5882.1
37529,Mi1,5882.1
38791,Mi1,5882.1
96307,T4a,5882.1
96812,T4a,5882.1
98788,T4d,5882.1
116129,T4b,5882.1
75521,T2a,5882.2
72796,Tm3,5882.2
33110,Mi1,5882.2
37948,Mi1,5882.2
10206,VS,5882.3
88460,T2a,5882.3
94283,T4d,5882.3
118924,Tm3,5882.400000000001
48547,TmY3,5882.400000000001
35734,Mi1,5882.400000000001
73320,T2,5882.400000000001
34079,Mi1,5882.400000000001
10755,H1,5882.400000000001
34463,Mi1,5882.400000000001
105565,Tm3,5882.5
19292,Li28,5882.5
69889,T2a,5882.5
83979,T4a,5882.5
88491,T4a,5882.5
91345,T4c,5882.5
102991,T4c,5882.5
106522,T4d,5882.5
63175,Mi1,5882.6
53075,TmY3,5882.6
116259,T4b,5882.6
103780,T4c,5882.700000000001
106203,T4d,5882.700000000001
95926,T4a,5882.700000000001
67408,Mi1,5882.700000000001
58862,Mi1,5882.700000000001
35934,Mi1,5882.700000000001
70289,Mi1,5882.8
76524,Tm3,5882.8
100310,T4d,5882.900000000001
83677,T4c,5882.900000000001
65671,Mi1,5882.900000000001
90049,T4c,5882.900000000001
59959,Mi1,5882.900000000001
16570,VST2,5882.900000000001
62272,T2,5882.900000000001
116633,T4c,5883.0
10023,HSS,5883.0
17596,Li28,5883.0
41435,Mi1,5883.0
48283,TmY3,5883.0
73828,Tm3,5883.0
84689,Tm3,5883.0
102975,T4b,5883.0
81064,Tm3,5883.1
95736,T4c,5883.1
37123,Mi1,5883.1
42895,Mi1,5883.1
31848,Mi1,5883.200000000001
98349,T4a,5883.200000000001
103654,T4b,5883.200000000001
104858,T4b,5883.200000000001
77791,T2a,5883.3
97288,T4c,5883.3
98194,T4d,5883.3
98360,T4c,5883.3
98439,T4a,5883.4
102479,T4c,5883.4
73301,Tm3,5883.4
11981,Li28,5883.500000000001
12521,HST,5883.500000000001
73447,Tm3,5883.500000000001
74725,T2a,5883.500000000001
10037,VS,5883.6
20634,VST1,5883.6
86635,T4c,5883.6
98846,T4c,5883.7
104674,T4a,5883.7
100046,T4b,5883.7
99387,T4a,5883.7
72983,T2a,5883.7
61768,T2,5883.7
46827,Mi1,5883.7
46586,TmY3,5883.7
41809,Mi1,5883.7
17280,Li28,5883.7
10016,HSE,5883.7
50345,TmY3,5883.8
94930,T2a,5883.8
90796,T4d,5883.900000000001
69380,Tm3,5883.900000000001
11134,VSm,5883.900000000001
63673,Tm3,5883.900000000001
80670,T4a,5884.0
99863,T4d,5884.0
42594,Mi1,5884.1
95453,T4a,5884.1
99670,T4c,5884.1
100018,T4a,5884.1
75172,T2a,5884.2
127153,Tm3,5884.2
64712,T2a,5884.2
105698,T4c,5884.2
40256,Mi1,5884.2
36177,Mi1,5884.2
40426,Mi1,5884.2
35001,Mi1,5884.3
46324,TmY3,5884.3
530434,Tm3,5884.400000000001
106093,T4a,5884.400000000001
103527,T4c,5884.400000000001
70490,Mi1,5884.400000000001
111852,T4a,5884.400000000001
38993,Mi1,5884.400000000001
35888,Mi1,5884.400000000001
16545,Li28,5884.400000000001
41296,Mi1,5884.400000000001
10025,H2,5884.5
34938,Mi1,5884.5
37019,Mi1,5884.5
71583,Tm3,5884.5
73284,T2a,5884.5
80855,Tm3,5884.5
100633,T4a,5884.5
100855,T4a,5884.5
112563,Tm3,5884.5
102370,T4c,5884.6
76038,Tm3,5884.6
70812,TmY3,5884.6
38479,Mi1,5884.6
37113,Mi1,5884.700000000001
37568,Mi1,5884.700000000001
38514,Mi1,5884.700000000001
71652,Tm3,5884.700000000001
78940,T4a,5884.700000000001
79345,T2a,5884.700000000001
87896,T4a,5884.700000000001
94081,T4c,5884.700000000001
100032,T4c,5884.700000000001
106801,T4c,5884.8
98654,T4d,5884.8
96774,T4c,5884.8
36452,Mi1,5884.8
33655,Mi1,5884.8
66325,Tm3,5884.8
10015,HSN,5884.9
10322,OA-AL2i2,5884.9
35234,Mi1,5884.9
95883,T4a,5884.9
100729,T4b,5884.9
98381,T4d,5885.000000000001
93334,T4b,5885.000000000001
32535,Mi1,5885.000000000001
43414,Mi1,5885.000000000001
74159,Tm3,5885.000000000001
97193,T4a,5885.1
98139,T4d,5885.1
105718,T4b,5885.1
107240,T4b,5885.1
111783,T4a,5885.1
112633,T4b,5885.1
128726,Tm3,5885.1
97186,T4a,5885.2
96365,T4a,5885.2
95239,T4a,5885.2
75848,T2a,5885.2
16033,Li28,5885.2
37699,Mi1,5885.2
33446,Mi1,5885.2
122308,Tm3,5885.2
72955,T2a,5885.2
89784,T4b,5885.3
94179,T4a,5885.3
20264,Li28,5885.3
35100,Mi1,5885.3
38227,Mi1,5885.400000000001
82099,T4b,5885.400000000001
100924,T4b,5885.5
63994,Mi1,5885.5
56564,Mi1,5885.5
101043,T4c,5885.5
37555,Mi1,5885.5
14209,Li28,5885.5
55976,Mi1,5885.5
36994,Mi1,5885.6
38133,Mi1,5885.6
39158,Mi1,5885.6
40635,Mi1,5885.6
57398,Mi1,5885.6
67113,Mi1,5885.6
71089,Mi1,5885.6
72558,T2a,5885.6
10269,OA-AL2i2,5885.6
104368,T4c,5885.7
119213,T4c,5885.7
89020,T4a,5885.7
54885,TmY3,5885.7
34849,Mi1,5885.7
72194,Tm3,5885.7
10012,VS,5885.8
87873,T4b,5885.8
98837,T4c,5885.8
100501,T4b,5885.8
104450,T4a,5885.8
109996,T4c,5885.8
114391,T4d,5885.8
105412,T4a,5885.900000000001
91806,T4a,5885.900000000001
91510,T4c,5885.900000000001
10112,VS,5885.900000000001
76788,T4b,5885.900000000001
68933,Tm3,5886.0
87424,T4d,5886.0
88922,T4c,5886.0
97145,T4c,5886.0
108824,T4d,5886.0
110855,T4a,5886.0
85598,T4b,5886.099999999999
93972,T4a,5886.099999999999
90121,T4b,5886.099999999999
38987,Mi1,5886.099999999999
36305,Mi1,5886.099999999999
36660,Mi1,5886.099999999999
35770,Mi1,5886.099999999999
33216,Mi1,5886.099999999999
20808,LC4,5886.099999999999
35447,Mi1,5886.200000000001
48607,TmY3,5886.200000000001
68842,TmY3,5886.200000000001
76074,Tm3,5886.200000000001
100319,T4b,5886.200000000001
100488,T4c,5886.200000000001
102791,T4c,5886.3
100673,T4b,5886.3
94668,T4d,5886.3
92181,T4a,5886.3
41522,Mi1,5886.3
65298,T2a,5886.3
48286,Mi1,5886.3
90423,T4b,5886.3
15909,Li28,5886.4
52350,Mi1,5886.4
94948,T4c,5886.5
90219,T4a,5886.5
53065,Mi1,5886.5
38767,Mi1,5886.5
33942,Mi1,5886.6
89099,T4a,5886.6
99950,T4c,5886.7
45005,TmY3,5886.7
35890,Mi1,5886.7
121816,T4a,5886.7
34626,Mi1,5886.7
34296,Mi1,5886.7
35173,Mi1,5886.7
38421,Mi1,5886.8
42758,Mi1,5886.8
44119,Mi1,5886.8
63468,Mi1,5886.8
95554,T4b,5886.8
103827,T4c,5886.8
92552,T4a,5886.900000000001
111685,T4d,5886.900000000001
109326,T4c,5886.900000000001
90430,T2a,5886.900000000001
93166,T4c,5886.900000000001
42533,TmY3,5886.900000000001
10016,HSE,5886.900000000001
90135,T4c,5886.900000000001
39651,Mi1,5886.900000000001
96015,T4c,5887.0
41613,Mi1,5887.0
41709,Mi1,5887.0
60856,T2a,5887.0
67963,Tm3,5887.0
83583,T4d,5887.0
85856,TmY3,5887.0
86419,Tm3,5887.0
98751,T4a,5887.1
97835,T4a,5887.1
42119,Mi1,5887.1
58945,Tm3,5887.1
36646,Mi1,5887.2
64260,T2,5887.2
82500,T2a,5887.2
100105,T4a,5887.2
105834,T4d,5887.2
106200,T4c,5887.3
109172,T4b,5887.3
93984,T4b,5887.3
10023,HSS,5887.3
72938,T2a,5887.3
10206,VS,5887.400000000001
35897,Mi1,5887.400000000001
83204,T4d,5887.400000000001
109593,Tm3,5887.400000000001
113107,T4a,5887.5
108276,T4a,5887.5
89434,T4c,5887.5
109652,T4d,5887.5
48060,Mi1,5887.5
39275,Mi1,5887.5
49930,TmY3,5887.5
39743,Mi1,5887.599999999999
69723,Tm3,5887.599999999999
82313,T4a,5887.599999999999
85152,T4c,5887.599999999999
90567,T4b,5887.599999999999
102112,T4c,5887.599999999999
103226,T4d,5887.599999999999
100874,T4a,5887.700000000001
105521,T4c,5887.700000000001
101878,T4a,5887.700000000001
79257,Tm3,5887.700000000001
78025,T2a,5887.700000000001
40026,TmY3,5887.700000000001
35712,Mi1,5887.700000000001
10755,H1,5887.8
57871,T2,5887.8
83689,T4a,5887.8
102462,T4c,5887.8
112179,T4b,5887.8
124867,T4d,5887.8
104191,T4a,5887.9
96784,T4b,5887.9
47240,TmY3,5887.9
10025,H2,5887.9
69961,Tm3,5887.9
36954,Mi1,5888.0
67150,T2a,5888.0
67308,Mi1,5888.0
83067,T4b,5888.0
100838,T4c,5888.1
102519,T4a,5888.1
60886,T2a,5888.1
79646,Tm3,5888.1
37371,Mi1,5888.1
35017,Mi1,5888.1
39716,Mi1,5888.1
100996,T4b,5888.2
10037,VS,5888.2
62078,Mi1,5888.2
90533,T4c,5888.2
96657,T4c,5888.2
97105,T4d,5888.2
97256,T4c,5888.2
86778,T4a,5888.3
65513,T2a,5888.3
43978,Mi1,5888.3
35512,Mi1,5888.3
40505,Mi1,5888.3
36881,Mi1,5888.3
103497,Tm3,5888.3
42691,Mi1,5888.3
110454,T4d,5888.3
91682,T4b,5888.4
94983,T4c,5888.4
90112,T4c,5888.4
42872,Mi1,5888.4
39405,Mi1,5888.4
37853,Mi1,5888.4
37509,Mi1,5888.4
111184,T4a,5888.5
107621,T4d,5888.5
46248,Mi1,5888.5
38721,Mi1,5888.5
95345,T4d,5888.5
37088,Mi1,5888.5
35840,Mi1,5888.5
34356,Mi1,5888.5
37270,Mi1,5888.5
45948,TmY3,5888.6
48514,TmY3,5888.6
97326,T4c,5888.6
92114,T4c,5888.7
542412,Mi1,5888.7
98137,T4d,5888.8
108675,T4b,5888.8
71188,T2a,5888.8
87289,T4a,5888.8
33091,Mi1,5888.8
31492,Mi1,5888.8
61353,T2,5888.8
84434,Tm3,5888.900000000001
113945,T4d,5888.900000000001
97885,T4a,5888.900000000001
40832,Mi1,5888.900000000001
40219,Mi1,5888.900000000001
40085,Mi1,5888.900000000001
38708,Mi1,5888.900000000001
37138,Mi1,5888.900000000001
35602,Mi1,5888.900000000001
33462,Mi1,5888.900000000001
10015,HSN,5888.900000000001
107819,T4c,5889.0
78805,T2a,5889.0
77307,Tm3,5889.0
122290,Tm3,5889.0
54087,Mi1,5889.0
47211,Mi1,5889.0
34300,Mi1,5889.0
58224,Mi1,5889.0
102113,T4b,5889.099999999999
75660,T2a,5889.099999999999
126163,Tm3,5889.099999999999
44449,TmY3,5889.099999999999
103479,T4c,5889.099999999999
40596,Mi1,5889.099999999999
36346,Mi1,5889.099999999999
42675,Mi1,5889.099999999999
38857,Mi1,5889.099999999999
37680,Mi1,5889.200000000001
38238,Mi1,5889.200000000001
48531,Mi1,5889.200000000001
72829,T2a,5889.200000000001
95972,T4d,5889.200000000001
96576,T4c,5889.200000000001
101770,T4b,5889.200000000001
525839,Mi1,5889.3
108974,T4c,5889.3
65833,Mi1,5889.3
106745,T4b,5889.3
38230,Mi1,5889.4
92684,T4c,5889.4
35405,Mi1,5889.5
41804,Mi1,5889.5
74997,Tm3,5889.5
88698,T4a,5889.5
98862,Tm3,5889.5
84063,T4b,5889.6
91313,T4a,5889.6
40400,Mi1,5889.6
16606,VST2,5889.6
33766,Mi1,5889.6
34369,Mi1,5889.6
95810,T2a,5889.7
93566,T4a,5889.7
93224,T4a,5889.7
109142,T4b,5889.7
37839,Mi1,5889.7
34045,Mi1,5889.7
69063,Mi1,5889.7
34479,Mi1,5889.8
72619,T2a,5889.8
79483,Tm3,5889.8
86416,T4a,5889.8
100282,T4a,5889.8
93509,T4b,5889.9
108325,T4c,5889.9
91179,T4a,5889.9
103344,T4b,5889.9
39718,Mi1,5889.9
36446,Mi1,5889.9
36139,Mi1,5889.9
40411,Mi1,5889.9
35152,Mi1,5890.0
38241,Mi1,5890.0
57247,TmY3,5890.0
89368,T4c,5890.0
106952,T4b,5890.1
103025,T4a,5890.1
67072,T2a,5890.1
69441,Tm3,5890.1
10112,VS,5890.1
10016,HSE,5890.1
63190,T2,5890.1
16596,Li28,5890.2
35218,Mi1,5890.2
38529,Mi1,5890.2
40171,Mi1,5890.2
78911,Tm3,5890.2
87412,T4c,5890.2
94089,T4d,5890.2
100956,T4d,5890.3
81620,T2a,5890.3
69164,Mi1,5890.3
36410,Mi1,5890.3
10284,VS,5890.3
65531,T2a,5890.3
36684,Mi1,5890.400000000001
44592,TmY3,5890.400000000001
87358,T4a,5890.400000000001
91057,T4c,5890.400000000001
91913,T4b,5890.400000000001
101463,T4d,5890.400000000001
103645,T4c,5890.400000000001
99157,T4a,5890.5
98099,T4b,5890.5
93865,T4c,5890.5
66808,Tm3,5890.5
15422,VST2,5890.5
93750,T4c,5890.5
90058,T4a,5890.6
36252,Mi1,5890.6
38648,Mi1,5890.6
77480,Tm3,5890.6
85378,T4a,5890.6
102147,T4c,5890.700000000001
112393,T4a,5890.700000000001
66227,Tm3,5890.700000000001
90566,T4d,5890.700000000001
11981,Li28,5890.8
16545,Li28,5890.8
36533,Mi1,5890.8
37044,Mi1,5890.8
39164,Mi1,5890.8
74504,T2a,5890.8
84008,T4c,5890.8
98300,T4a,5890.8
116716,T4b,5890.900000000001
103148,T4a,5890.900000000001
92431,T4a,5890.900000000001
90371,T4d,5890.900000000001
86932,T4b,5890.900000000001
23047,Li28,5890.900000000001
35498,Mi1,5890.900000000001
34899,Mi1,5890.900000000001
149504,T4d,5890.900000000001
15263,Li28,5890.900000000001
41120,Mi1,5890.900000000001
537004,VSm,5891.0
111980,T4d,5891.0
88726,T4b,5891.0
36275,Mi1,5891.0
112969,T4c,5891.1
105545,T4d,5891.1
98890,T4c,5891.1
95921,T4c,5891.1
95528,T4d,5891.1
96199,T4a,5891.1
69980,Tm3,5891.1
42048,Mi1,5891.1
40936,Mi1,5891.1
39629,Mi1,5891.1
37438,Mi1,5891.1
91674,T4a,5891.1
10025,H2,5891.200000000001
91303,T4b,5891.200000000001
37353,Mi1,5891.3
77916,T2a,5891.3
84267,T4c,5891.3
94058,T4b,5891.4
96852,T4a,5891.4
111928,T4b,5891.4
81883,T2a,5891.4
37000,Mi1,5891.4
35580,Mi1,5891.4
10023,HSS,5891.4
60857,Mi1,5891.4
77527,T4a,5891.500000000001
49324,Mi1,5891.500000000001
81015,T4a,5891.500000000001
38768,Mi1,5891.500000000001
36911,Mi1,5891.500000000001
39727,Mi1,5891.500000000001
36217,Mi1,5891.6
41136,Mi1,5891.6
55101,Mi1,5891.6
67971,Tm3,5891.6
97853,T4c,5891.6
102229,T4d,5891.6
102448,T4d,5891.6
93564,T4d,5891.7
97306,T4a,5891.7
39067,Mi1,5891.7
97784,T4c,5891.7
34189,Mi1,5891.7
15909,Li28,5891.7
38208,Mi1,5891.7
71944,T2a,5891.8
74023,T2a,5891.8
81706,T2a,5891.8
92842,T4a,5891.8
96728,T4c,5891.8
135612,Tm3,5891.900000000001
103657,T4b,5891.900000000001
100033,T4c,5891.900000000001
98985,T4c,5891.900000000001
81211,Tm3,5891.900000000001
71475,Tm3,5891.900000000001
70158,T2a,5891.900000000001
40577,Mi1,5891.900000000001
79704,T4d,5891.900000000001
33614,Mi1,5892.0
34057,Mi1,5892.0
68475,T2a,5892.0
80435,T2a,5892.0
118502,T4b,5892.0
87106,T4a,5892.1
47368,TmY3,5892.1
76621,T2a,5892.1
98504,T4c,5892.2
110403,T4b,5892.2
47967,Mi1,5892.2
81401,T4b,5892.2
121245,Tm3,5892.3
101620,T4b,5892.3
100946,T4c,5892.3
97792,T4b,5892.3
89139,T4c,5892.3
36369,Mi1,5892.3
62757,T2a,5892.3
59397,Mi1,5892.3
57239,Mi1,5892.3
44282,Mi1,5892.3
85074,T4a,5892.3
104478,T4d,5892.400000000001
41659,Mi1,5892.400000000001
105574,T4d,5892.400000000001
10037,VS,5892.400000000001
37224,Mi1,5892.400000000001
30997,Mi1,5892.5
33017,Mi1,5892.5
39505,Mi1,5892.5
41668,Mi1,5892.5
92939,T4b,5892.5
117151,T4d,5892.5
112321,T4d,5892.6
80913,T4a,5892.6
60979,TmY3,5892.6
80911,Tm3,5892.6
44746,TmY3,5892.6
42856,Mi1,5892.6
34867,Mi1,5892.6
59864,Tm3,5892.6
10015,HSN,5892.700000000001
34404,Mi1,5892.700000000001
35428,Mi1,5892.700000000001
37294,Mi1,5892.700000000001
74303,Mi1,5892.700000000001
103557,T4a,5892.700000000001
112744,T4d,5892.700000000001
111857,T4d,5892.8
107010,T4d,5892.8
89728,Tm3,5892.8
37927,Mi1,5892.8
46230,TmY3,5892.8
43783,Mi1,5892.8
72665,Mi1,5892.8
38710,Mi1,5892.9
44564,TmY3,5892.9
104853,T4c,5892.9
108119,T4c,5893.000000000001
102910,T4b,5893.000000000001
103302,T4c,5893.000000000001
47962,TmY3,5893.000000000001
97769,T4a,5893.000000000001
10755,H1,5893.1
109868,Tm3,5893.2
97028,T4c,5893.2
95458,T4d,5893.2
102153,T4c,5893.2
47686,TmY3,5893.2
16033,Li28,5893.2
10016,HSE,5893.2
71938,T2a,5893.2
35806,Mi1,5893.3
39500,Mi1,5893.3
41654,Mi1,5893.3
82425,T4b,5893.3
83227,Tm3,5893.3
92047,T4c,5893.3
102579,T4b,5893.400000000001
109276,T4d,5893.400000000001
101244,T4b,5893.400000000001
104996,T4a,5893.400000000001
95822,T4b,5893.400000000001
94282,T4c,5893.400000000001
97899,T4a,5893.400000000001
10206,VS,5893.5
34862,Mi1,5893.5
36158,Mi1,5893.5
44700,Mi1,5893.5
86536,Tm3,5893.5
120231,Tm3,5893.5
103639,T4d,5893.6
102799,T4c,5893.6
92706,T4a,5893.6
89409,T4a,5893.6
36540,Mi1,5893.6
44244,TmY3,5893.6
35416,Mi1,5893.6
10012,VS,5893.6
58553,TmY3,5893.6
62340,T2,5893.7
91366,T4b,5893.7
99348,T4c,5893.7
101302,T4d,5893.8
99292,T4a,5893.8
85741,T4a,5893.8
88398,T4a,5893.8
45319,Mi1,5893.8
51049,Mi1,5893.8
37599,Mi1,5893.8
12521,HST,5893.900000000001
46745,Mi1,5893.900000000001
50333,TmY3,5893.900000000001
71052,T2a,5893.900000000001
74927,Tm3,5893.900000000001
102425,T4b,5893.900000000001
103425,T4a,5893.900000000001
101772,Tm3,5894.0
98398,T4c,5894.0
83438,T4a,5894.0
65106,T2,5894.0
34933,Mi1,5894.099999999999
35045,Mi1,5894.099999999999
69915,TmY3,5894.099999999999
89252,T4b,5894.099999999999
97545,T4c,5894.200000000001
65850,T2a,5894.200000000001
101732,T4c,5894.200000000001
61659,Tm3,5894.200000000001
62562,T2,5894.200000000001
10112,VS,5894.3
36990,Mi1,5894.3
37631,Mi1,5894.3
51122,Mi1,5894.3
63420,Mi1,5894.3
72005,Tm3,5894.3
80284,Tm3,5894.3
108349,T4d,5894.3
104412,T4a,5894.4
74228,Tm3,5894.4
64633,T2a,5894.4
45176,Mi1,5894.4
43965,Mi1,5894.4
17280,Li28,5894.4
39438,Mi1,5894.4
37391,Mi1,5894.4
34142,Mi1,5894.4
113686,T4d,5894.4
41950,Mi1,5894.4
98118,T4c,5894.5
112545,T4d,5894.5
10025,H2,5894.5
32893,Mi1,5894.5
106664,T4c,5894.5
37243,Mi1,5894.6
106912,Tm3,5894.6
96134,T4b,5894.6
70642,T2a,5894.6
107442,T4d,5894.6
41536,Mi1,5894.6
39894,T4b,5894.6
37948,Mi1,5894.6
44222,Mi1,5894.6
35724,Mi1,5894.7
87390,T2a,5894.7
88992,T4c,5894.7
94305,T4a,5894.7
98887,T4b,5894.8
11134,VSm,5894.8
64149,Mi1,5894.8
83191,T4a,5894.8
94287,T4d,5894.900000000001
98226,T4b,5894.900000000001
35260,Mi1,5894.900000000001
70281,T2a,5894.900000000001
96676,T4b,5894.900000000001
66852,Mi1,5895.0
81996,T2a,5895.0
91469,T4c,5895.0
37529,Mi1,5895.1
101245,T4a,5895.2
99922,T4c,5895.2
117221,T4c,5895.2
80302,T2a,5895.2
39692,TmY3,5895.2
90419,T4b,5895.2
92839,T4b,5895.3
102045,T4a,5895.3
108161,T4a,5895.3
33326,Mi1,5895.3
35836,Mi1,5895.400000000001
38178,Mi1,5895.400000000001
38791,Mi1,5895.400000000001
57349,Mi1,5895.400000000001
72279,Mi1,5895.400000000001
99671,T4c,5895.400000000001
59008,Mi1,5895.5
111380,Tm3,5895.5
40235,Mi1,5895.5
37037,Mi1,5895.5
41671,TmY3,5895.5
112088,T4d,5895.599999999999
110988,T4a,5895.599999999999
104257,T4b,5895.599999999999
102703,T4a,5895.599999999999
114088,T4d,5895.599999999999
95629,T4c,5895.599999999999
94743,T4d,5895.599999999999
94549,T4b,5895.599999999999
101945,T4b,5895.599999999999
10023,HSS,5895.700000000001
34079,Mi1,5895.700000000001
34171,Mi1,5895.700000000001
35934,Mi1,5895.700000000001
40944,Mi1,5895.700000000001
41626,Mi1,5895.700000000001
43689,Mi1,5895.700000000001
67152,Tm3,5895.700000000001
74937,T2a,5895.700000000001
111613,T4d,5895.8
104336,T4b,5895.8
86175,T4a,5895.8
71402,Tm3,5895.8
40703,Mi1,5895.8
42895,Mi1,5895.9
96035,T4d,5895.9
110693,Tm3,5895.9
115511,T4d,5896.0
105313,T4a,5896.0
100165,T4b,5896.0
68212,T2a,5896.0
88152,T4c,5896.0
35774,Mi1,5896.0
34463,Mi1,5896.0
33907,Mi1,5896.0
51199,T2,5896.0
118385,T4b,5896.1
35734,Mi1,5896.1
41545,Mi1,5896.1
58862,Mi1,5896.1
89825,T4a,5896.1
100087,T4b,5896.1
106401,T4d,5896.1
62560,T2,5896.2
35845,Mi1,5896.2
45322,Mi1,5896.2
10015,HSN,5896.3
10016,HSE,5896.3
85866,T4b,5896.3
99850,T4a,5896.3
103022,T4a,5896.3
104017,T4b,5896.3
38993,Mi1,5896.4
10037,VS,5896.4
59959,Mi1,5896.4
99748,T4b,5896.4
104256,T4a,5896.4
526158,Mi1,5896.4
94356,T4c,5896.5
97171,T4d,5896.5
93527,T4a,5896.5
80838,T2a,5896.5
94624,T4a,5896.5
38893,Mi1,5896.5
20808,LC4,5896.5
19292,Li28,5896.5
41464,TmY3,5896.5
15019,Li28,5896.6
38748,Mi1,5896.6
88435,Tm3,5896.6
105099,T4b,5896.6
113207,T4d,5896.6
111746,Tm3,5896.7
79358,T2a,5896.7
71161,T2a,5896.7
70289,Mi1,5896.7
43323,Mi1,5896.7
53156,TmY3,5896.7
93688,T4a,5896.8
34606,Mi1,5896.8
35235,Mi1,5896.8
38455,Mi1,5896.8
72066,Tm3,5896.8
85126,T4a,5896.8
91629,T4a,5896.8
92993,Tm3,5896.8
94471,T4a,5896.8
86141,T4b,5896.900000000001
69736,Tm3,5896.900000000001
100867,T4b,5896.900000000001
35113,Mi1,5896.900000000001
15909,Li28,5896.900000000001
41399,Mi1,5896.900000000001
33110,Mi1,5897.0
37123,Mi1,5897.0
41809,Mi1,5897.0
97184,T4d,5897.0
98175,T4c,5897.0
78503,T2a,5897.099999999999
101005,T4d,5897.200000000001
95681,T4a,5897.200000000001
101685,T4b,5897.200000000001
40854,Mi1,5897.200000000001
68982,Tm3,5897.200000000001
16545,Li28,5897.3
88933,T4a,5897.3
96219,T4b,5897.3
21336,LC4,5897.4
73122,T2a,5897.4
102595,T4d,5897.4
106535,T4d,5897.4
31848,Mi1,5897.5
75343,Tm3,5897.5
117551,Tm3,5897.5
94953,T4d,5897.6
104802,T4c,5897.6
103570,T4d,5897.6
91444,T4c,5897.6
40426,Mi1,5897.6
65443,T2a,5897.6
41296,Mi1,5897.6
79259,T4b,5897.6
95356,T4a,5897.7
89934,T4d,5897.7
65671,Mi1,5897.7
98026,T4b,5897.7
39525,Mi1,5897.7
35234,Mi1,5897.7
10025,H2,5897.7
42594,Mi1,5897.7
10284,VS,5897.8
69540,TmY3,5897.8
71131,Tm3,5897.8
84328,T4a,5897.8
90474,T4b,5897.8
107297,T4c,5897.8
108594,T4d,5897.8
117627,Tm3,5897.8
107031,T4b,5897.9
92055,T4c,5897.9
34938,Mi1,5897.9
44438,Mi1,5897.9
46993,T2a,5897.9
39858,Mi1,5898.0
68412,T2a,5898.0
90888,T4b,5898.0
96090,T4c,5898.0
96931,T4b,5898.0
110646,T4b,5898.0
128916,Tm3,5898.1
102388,T4d,5898.1
99316,T4b,5898.1
92046,T4d,5898.1
85007,T4c,5898.1
36452,Mi1,5898.1
36177,Mi1,5898.1
35888,Mi1,5898.1
35001,Mi1,5898.1
17596,Li28,5898.1
67408,Mi1,5898.1
38479,Mi1,5898.2
80483,T4c,5898.2
92415,T4a,5898.2
91325,T4a,5898.3
103867,T4a,5898.3
68167,Tm3,5898.3
10311,VS,5898.3
63021,Tm3,5898.3
46662,TmY3,5898.3
63175,Mi1,5898.3
37568,Mi1,5898.400000000001
79449,T4b,5898.400000000001
91222,T4d,5898.400000000001
112453,T4c,5898.400000000001
546524,Mi1,5898.400000000001
116343,T4a,5898.5
108066,T4b,5898.5
105565,Tm3,5898.5
61292,T2,5898.5
10755,H1,5898.5
37019,Mi1,5898.5
10112,VS,5898.5
41435,Mi1,5898.5
111416,Tm3,5898.6
99011,T4c,5898.6
88951,Tm3,5898.6
83677,T4c,5898.6
41637,Mi1,5898.6
37699,Mi1,5898.6
72148,Tm3,5898.6
10206,VS,5898.6
38227,Mi1,5898.700000000001
71089,Mi1,5898.700000000001
81215,Tm3,5898.700000000001
99670,T4c,5898.700000000001
35447,Mi1,5898.8
77226,T2a,5898.8
104354,T4b,5898.8
537004,VSm,5898.8
171349687,Tm3,5898.8
547091,T2,5898.900000000001
112458,T4b,5898.900000000001
94468,T4c,5898.900000000001
46827,Mi1,5898.900000000001
40635,Mi1,5898.900000000001
94368,T4a,5898.900000000001
37113,Mi1,5899.0
38687,Mi1,5899.0
64778,TmY3,5899.0
70490,Mi1,5899.0
77395,T4b,5899.0
104018,T4c,5899.0
100785,T4b,5899.1
78470,Tm3,5899.1
11981,Li28,5899.1
67113,Mi1,5899.1
73619,T2a,5899.1
129235,Tm3,5899.200000000001
94755,T4a,5899.200000000001
66604,TmY3,5899.200000000001
40256,Mi1,5899.200000000001
87845,T4a,5899.200000000001
34849,Mi1,5899.200000000001
33942,Mi1,5899.200000000001
33655,Mi1,5899.200000000001
32535,Mi1,5899.200000000001
38461,Mi1,5899.200000000001
10687,OA-AL2i3,5899.3
34272,Mi1,5899.3
34296,Mi1,5899.3
95335,T4a,5899.3
83465,T4a,5899.4
101215,T4c,5899.4
88084,T4b,5899.4
55976,Mi1,5899.4
44119,Mi1,5899.4
38477,Mi1,5899.4
10016,HSE,5899.4
69546,Tm3,5899.4
38632,Mi1,5899.500000000001
74287,Tm3,5899.500000000001
95287,T4a,5899.500000000001
96295,T4b,5899.500000000001
105403,T4c,5899.500000000001
91987,T4c,5899.6
10023,HSS,5899.6
36994,Mi1,5899.6
56564,Mi1,5899.6
113983,T4d,5899.6
102801,T4b,5899.7
76121,Tm3,5899.7
72426,Tm3,5899.7
78317,T4a,5899.7
38514,Mi1,5899.7
34626,Mi1,5899.7
64849,Tm3,5899.7
109649,T4c,5899.8
90097,T4c,5899.8
52350,Mi1,5899.8
20264,Li28,5899.8
33446,Mi1,5899.8
10015,HSN,5899.8
39158,Mi1,5899.8
10012,VS,5899.900000000001
33216,Mi1,5899.900000000001
37555,Mi1,5899.900000000001
48060,Mi1,5899.900000000001
78421,T2a,5899.900000000001
83979,T4a,5899.900000000001
92281,T4c,5899.900000000001
93957,T4b,5900.0
98788,T4d,5900.0
95007,T4a,5900.0
93313,T4a,5900.0
100206,T4c,5900.0
63994,Mi1,5900.0
56984,TmY3,5900.0
45696,Mi1,5900.0
65742,Tm3,5900.0
109384,T4d,5900.1
57398,Mi1,5900.1
53065,Mi1,5900.1
104027,T4d,5900.2
98312,T4a,5900.2
96671,T4c,5900.2
79271,T4a,5900.2
98381,T4d,5900.2
42119,Mi1,5900.2
41522,Mi1,5900.2
36305,Mi1,5900.2
10037,VS,5900.2
48894,TmY3,5900.2
35100,Mi1,5900.3
36660,Mi1,5900.3
43414,Mi1,5900.3
48986,TmY3,5900.3
95985,T4c,5900.3
99131,T4c,5900.400000000001
113991,T4d,5900.400000000001
82674,T4a,5900.400000000001
98000,T4b,5900.400000000001
51191,TmY3,5900.400000000001
38133,Mi1,5900.400000000001
35290,Mi1,5900.400000000001
82515,Tm3,5900.400000000001
107529,T4d,5900.5
106166,T4b,5900.5
95926,T4a,5900.5
88095,T4d,5900.5
97675,T4c,5900.5
42758,Mi1,5900.5
38767,Mi1,5900.5
38421,Mi1,5900.5
35770,Mi1,5900.5
48286,Mi1,5900.5
16033,Li28,5900.599999999999
38987,Mi1,5900.599999999999
69228,T2a,5900.599999999999
93025,T4b,5900.599999999999
98393,T4a,5900.599999999999
21313,LC4,5900.700000000001
98194,T4d,5900.700000000001
106295,T4b,5900.8
107075,T4d,5900.8
93166,T4c,5900.8
39651,Mi1,5900.8
35683,Mi1,5900.8
14209,Li28,5900.8
10025,H2,5900.8
35173,Mi1,5900.9
75381,Tm3,5900.9
93482,T4d,5900.9
110071,T4d,5900.9
106819,T4b,5901.000000000001
93877,T4c,5901.000000000001
88353,T4b,5901.000000000001
86696,T4d,5901.000000000001
67308,Mi1,5901.000000000001
64579,T2,5901.000000000001
37371,Mi1,5901.000000000001
36646,Mi1,5901.1
41709,Mi1,5901.1
68840,TmY3,5901.1
89290,T4d,5901.1
98668,T4a,5901.1
108697,T4d,5901.1
97866,T4d,5901.2
42872,Mi1,5901.2
37270,Mi1,5901.2
39275,Mi1,5901.3
42691,Mi1,5901.3
45719,Mi1,5901.3
69978,T2,5901.3
73385,T2a,5901.3
98625,T4a,5901.3
115111,T4a,5901.400000000001
85778,T4b,5901.400000000001
80812,T4a,5901.400000000001
36954,Mi1,5901.400000000001
35897,Mi1,5901.400000000001
80670,T4a,5901.400000000001
34356,Mi1,5901.5
38238,Mi1,5901.5
41613,Mi1,5901.5
47211,Mi1,5901.5
80197,T4a,5901.5
107420,T4b,5901.5
83009,T4b,5901.6
35017,Mi1,5901.6
88005,T4d,5901.6
95235,T4d,5901.7
109916,T4d,5901.8
102975,T4b,5901.8
100190,T4c,5901.8
16570,VST2,5901.8
66345,T2a,5901.900000000001
71765,T2a,5901.900000000001
82576,T4b,5901.900000000001
93360,T4b,5901.900000000001
93604,T4a,5901.900000000001
95453,T4a,5901.900000000001
36346,Mi1,5902.0
63468,Mi1,5902.0
107211,T4d,5902.0
106821,T4b,5902.099999999999
64540,T2,5902.099999999999
35890,Mi1,5902.099999999999
15909,Li28,5902.099999999999
39743,Mi1,5902.099999999999
35602,Mi1,5902.200000000001
36881,Mi1,5902.200000000001
48531,Mi1,5902.200000000001
54087,Mi1,5902.200000000001
104858,T4b,5902.3
122233,Tm3,5902.3
105214,T4c,5902.3
94574,T4c,5902.3
92644,T4d,5902.3
92640,T4d,5902.3
62078,Mi1,5902.3
93985,T4c,5902.3
35512,Mi1,5902.4
46248,Mi1,5902.4
78108,T2a,5902.4
95017,T4c,5902.4
98448,T4b,5902.4
35840,Mi1,5902.5
10016,HSE,5902.5
38721,Mi1,5902.5
38857,Mi1,5902.5
42006,TmY3,5902.5
97161,T4a,5902.5
101480,T4c,5902.5
106701,T4d,5902.5
83583,T4d,5902.6
116451,T4c,5902.6
70812,TmY3,5902.6
42675,Mi1,5902.6
37853,Mi1,5902.6
35405,Mi1,5902.6
20634,VST1,5902.6
38230,Mi1,5902.6
96081,T4a,5902.7
105332,T4b,5902.7
104622,T4b,5902.7
101742,T4c,5902.7
93947,T4a,5902.7
89142,T4b,5902.7
69063,Mi1,5902.7
49788,TmY3,5902.7
40596,Mi1,5902.7
38708,Mi1,5902.7
35712,Mi1,5902.7
73029,T2,5902.7
85429,T4d,5902.8
42533,TmY3,5902.8
88625,T4c,5902.8
10112,VS,5902.8
39405,Mi1,5902.8
127615,Tm3,5902.900000000001
105895,T4a,5902.900000000001
97677,T4c,5902.900000000001
97288,T4c,5902.900000000001
38241,Mi1,5902.900000000001
93622,T4c,5902.900000000001
85664,TmY3,5902.900000000001
31492,Mi1,5902.900000000001
94886,T4d,5902.900000000001
89434,T4c,5903.0
108438,T4d,5903.0
110742,T4c,5903.0
122273,Tm3,5903.0
91741,T4d,5903.1
33091,Mi1,5903.1
36410,Mi1,5903.1
39716,Mi1,5903.1
65636,T2,5903.1
85924,T4a,5903.1
90206,T4b,5903.1
96394,T4b,5903.1
97318,T4d,5903.2
103725,T4a,5903.2
86778,T4a,5903.2
542412,Mi1,5903.2
37680,Mi1,5903.2
36139,Mi1,5903.2
33462,Mi1,5903.2
48073,TmY3,5903.2
37509,Mi1,5903.3
40219,Mi1,5903.3
40411,Mi1,5903.3
96003,T4d,5903.3
104931,T4c,5903.3
106950,T4c,5903.400000000001
96835,T4b,5903.400000000001
50345,TmY3,5903.400000000001
88922,T4c,5903.400000000001
34479,Mi1,5903.400000000001
10015,HSN,5903.400000000001
40085,Mi1,5903.400000000001
10023,HSS,5903.5
36446,Mi1,5903.5
69164,Mi1,5903.5
80358,Tm3,5903.5
89784,T4b,5903.5
104390,T4a,5903.5
110910,Tm3,5903.5
75550,Tm3,5903.599999999999
103765,T4d,5903.599999999999
94081,T4c,5903.599999999999
78968,Tm3,5903.599999999999
48547,TmY3,5903.599999999999
10755,H1,5903.599999999999
38529,Mi1,5903.599999999999
23047,Li28,5903.599999999999
10206,VS,5903.599999999999
10037,VS,5903.599999999999
43978,Mi1,5903.599999999999
94482,T4d,5903.700000000001
85536,T4a,5903.700000000001
74231,Tm3,5903.700000000001
45349,Mi1,5903.700000000001
72501,Mi1,5903.700000000001
37000,Mi1,5903.700000000001
35152,Mi1,5903.700000000001
11134,VSm,5903.700000000001
39718,Mi1,5903.700000000001
17280,Li28,5903.8
40832,Mi1,5903.8
46784,Mi1,5903.8
93419,T4b,5903.8
104008,T4b,5903.9
104884,T4b,5903.9
525839,Mi1,5903.9
103780,T4c,5903.9
25893,VST1,5903.9
102845,T4b,5903.9
10025,H2,5903.9
103677,T4b,5903.9
36684,Mi1,5904.0
40505,Mi1,5904.0
72896,Tm3,5904.0
87827,T2a,5904.0
107640,T4c,5904.0
101994,T4a,5904.1
85152,T4c,5904.1
95554,T4b,5904.1
35218,Mi1,5904.1
37839,Mi1,5904.1
34189,Mi1,5904.2
34300,Mi1,5904.2
36533,Mi1,5904.2
37088,Mi1,5904.2
40171,Mi1,5904.2
72586,Tm3,5904.2
104130,T4a,5904.2
107159,T4b,5904.2
116114,T4d,5904.2
105115,T4d,5904.3
66227,Tm3,5904.3
38648,Mi1,5904.3
40400,Mi1,5904.3
41804,Mi1,5904.3
99628,T4b,5904.4
90278,T4a,5904.4
79210,Tm3,5904.4
65833,Mi1,5904.4
89866,T4b,5904.4
34369,Mi1,5904.4
33017,Mi1,5904.4
30923,TmY3,5904.4
16545,Li28,5904.4
34658,Mi1,5904.4
34899,Mi1,5904.5
40936,Mi1,5904.5
67150,T2a,5904.5
84063,T4b,5904.5
90259,T4d,5904.5
120992,Tm3,5904.5
90655,T4a,5904.6
83639,T2a,5904.6
37353,Mi1,5904.6
78856,Tm3,5904.6
36275,Mi1,5904.6
90027,T4c,5904.7
108344,T4d,5904.7
109291,T4d,5904.8
91345,T4c,5904.8
90145,T4a,5904.8
93941,T4b,5904.8
37677,Mi1,5904.8
33766,Mi1,5904.8
15263,Li28,5904.8
82855,Tm3,5904.8
10001,DNp01,5904.900000000001
36217,Mi1,5904.900000000001
65803,T2,5904.900000000001
68562,T2a,5904.900000000001
97256,T4c,5904.900000000001
103440,T4d,5904.900000000001
112594,T4b,5904.900000000001
84631,T4c,5905.0
107812,T4a,5905.0
82699,Tm3,5905.0
68485,T2a,5905.0
41659,Mi1,5905.0
37138,Mi1,5905.0
78597,T2a,5905.0
44449,TmY3,5905.099999999999
24867,VST1,5905.200000000001
58224,Mi1,5905.200000000001
65307,T2,5905.200000000001
119601,T4d,5905.200000000001
108065,T4c,5905.3
102564,T4a,5905.3
100787,T4b,5905.3
97878,T4b,5905.3
92254,T4b,5905.3
90219,T4a,5905.3
42048,Mi1,5905.3
52485,TmY3,5905.3
49324,Mi1,5905.3
39629,Mi1,5905.3
16596,Li28,5905.3
62894,Tm3,5905.3
77383,T2a,5905.4
37084,Mi1,5905.4
67810,Tm3,5905.4
109536,T4d,5905.4
60857,Mi1,5905.4
10012,VS,5905.4
39067,Mi1,5905.4
57239,Mi1,5905.4
37044,Mi1,5905.4
90423,T4b,5905.5
10284,VS,5905.5
12521,HST,5905.5
33918,Mi1,5905.5
34057,Mi1,5905.5
35580,Mi1,5905.5
48514,TmY3,5905.5
109023,T4c,5905.6
107445,T4a,5905.6
96576,T4c,5905.6
10016,HSE,5905.6
88575,T4b,5905.6
37438,Mi1,5905.6
537004,VSm,5905.6
93021,T4a,5905.6
36911,Mi1,5905.7
34867,Mi1,5905.7
33614,Mi1,5905.7
34045,Mi1,5905.8
36252,Mi1,5905.8
87896,T4a,5905.8
96812,T4a,5905.8
103073,T4a,5905.8
84123,T2a,5905.9
38208,Mi1,5905.9
40795,Mi1,5905.9
81836,T2a,5905.9
92027,Tm3,5905.9
30997,Mi1,5906.000000000001
35498,Mi1,5906.000000000001
39164,Mi1,5906.000000000001
77920,Tm3,5906.000000000001
112613,T4d,5906.000000000001
92082,T4b,5906.1
80437,Tm3,5906.1
96424,T4b,5906.1
102016,T4a,5906.2
108870,T4a,5906.2
99980,T4c,5906.2
66808,Tm3,5906.2
51231,TmY3,5906.2
36540,Mi1,5906.2
41668,Mi1,5906.3
44282,Mi1,5906.3
55101,Mi1,5906.3
93407,T4d,5906.3
129930,Tm3,5906.3
82211,T2a,5906.400000000001
74375,Tm3,5906.400000000001
118551,Tm3,5906.400000000001
47967,Mi1,5906.400000000001
73767,Mi1,5906.400000000001
36369,Mi1,5906.5
37294,Mi1,5906.5
92229,T4c,5906.5
97193,T4a,5906.5
100856,T4a,5906.5
105126,T4c,5906.5
101228,T4a,5906.6
120312,Tm3,5906.6
107567,T4c,5906.6
105135,T4c,5906.6
105122,T4b,5906.6
98575,T4a,5906.6
52328,TmY3,5906.6
94071,T4a,5906.6
67464,Mi1,5906.6
59397,Mi1,5906.6
41120,Mi1,5906.6
38768,Mi1,5906.6
98467,T4d,5906.6
37391,Mi1,5906.7
45319,Mi1,5906.7
75298,T2a,5906.7
76788,T4b,5906.7
84267,T4c,5906.7
93509,T4b,5906.7
96211,T4d,5906.7
102295,T4d,5906.7
107997,T4c,5906.8
106886,T4c,5906.8
113568,T4d,5906.8
39727,Mi1,5906.8
34404,Mi1,5906.8
64149,Mi1,5906.8
10112,VS,5906.900000000001
40106,Mi1,5906.900000000001
97231,T4a,5906.900000000001
102540,T4b,5906.900000000001
125171,Tm3,5906.900000000001
43783,Mi1,5907.0
34862,Mi1,5907.0
10025,H2,5907.0
10037,VS,5907.0
10015,HSN,5907.1
35428,Mi1,5907.1
37224,Mi1,5907.1
37599,Mi1,5907.1
37756,Mi1,5907.1
82038,Tm3,5907.1
123490,Tm3,5907.1
92054,T4b,5907.200000000001
83067,T4b,5907.200000000001
51122,Mi1,5907.200000000001
64341,TmY3,5907.200000000001
15909,Li28,5907.200000000001
11981,Li28,5907.200000000001
37948,Mi1,5907.200000000001
35416,Mi1,5907.3
40026,TmY3,5907.3
51848,TmY3,5907.3
98039,T4d,5907.3
115686,T4b,5907.3
10023,HSS,5907.4
44527,Mi1,5907.4
47465,TmY3,5907.4
539983,T4c,5907.4
100488,T4c,5907.500000000001
99387,T4a,5907.500000000001
89368,T4c,5907.500000000001
16033,Li28,5907.500000000001
39500,Mi1,5907.500000000001
42856,Mi1,5907.500000000001
39692,TmY3,5907.6
41654,Mi1,5907.6
88491,T4a,5907.6
95005,T4a,5907.6
108876,T4c,5907.6
104450,T4a,5907.7
128396,T4d,5907.7
100838,T4c,5907.8
100897,T4c,5907.8
84490,T4a,5907.8
37108,Mi1,5907.8
37243,Mi1,5907.8
87289,T4a,5907.8
36990,Mi1,5907.900000000001
44700,Mi1,5907.900000000001
104942,T4a,5907.900000000001
106522,T4d,5907.900000000001
103314,T4b,5908.0
101230,T4a,5908.0
98349,T4a,5908.0
98325,T4d,5908.0
95883,T4a,5908.0
39505,Mi1,5908.0
39438,Mi1,5908.0
36158,Mi1,5908.0
96126,T4b,5908.0
90520,T4a,5908.1
109336,T4b,5908.1
103025,T4a,5908.1
97877,T4d,5908.1
86419,Tm3,5908.1
81995,Tm3,5908.1
77138,Tm3,5908.1
68264,Tm3,5908.1
41136,Mi1,5908.1
37927,Mi1,5908.1
35806,Mi1,5908.1
98654,T4d,5908.2
90394,T4a,5908.2
63420,Mi1,5908.2
92682,T4a,5908.2
37631,Mi1,5908.2
33394,Mi1,5908.2
51049,Mi1,5908.2
35045,Mi1,5908.3
35724,Mi1,5908.3
38710,Mi1,5908.3
79134,Tm3,5908.3
90135,T4c,5908.3
108757,T4c,5908.3
99837,T4a,5908.400000000001
106840,T4b,5908.400000000001
94283,T4d,5908.400000000001
98360,T4c,5908.400000000001
37529,Mi1,5908.400000000001
86416,T4a,5908.400000000001
34933,Mi1,5908.400000000001
34171,Mi1,5908.400000000001
40577,Mi1,5908.5
41536,Mi1,5908.5
47696,TmY3,5908.5
81309,T2a,5908.5
94153,T4d,5908.5
100274,T4a,5908.5
101072,T4b,5908.5
127970,Tm3,5908.5
134209,Tm3,5908.599999999999
34142,Mi1,5908.599999999999
10206,VS,5908.599999999999
32893,Mi1,5908.599999999999
10016,HSE,5908.700000000001
38791,Mi1,5908.700000000001
38993,Mi1,5908.700000000001
41950,Mi1,5908.700000000001
91303,T4b,5908.700000000001
107609,T4d,5908.700000000001
92939,T4b,5908.8
95454,T4a,5908.8
72665,Mi1,5908.8
10755,H1,5908.8
37037,Mi1,5908.8
35836,Mi1,5908.8
56007,TmY3,5908.8
100729,T4b,5908.9
102462,T4c,5908.9
106362,T4d,5908.9
112241,T4b,5908.9
101383,T4b,5909.000000000001
89110,Tm3,5909.000000000001
46745,Mi1,5909.000000000001
73716,T2a,5909.000000000001
32962,TmY3,5909.1
44222,Mi1,5909.1
60337,TmY3,5909.1
70800,Tm3,5909.1
102579,T4b,5909.1
109593,Tm3,5909.1
111010,T4c,5909.1
94224,T4b,5909.2
83682,Tm3,5909.2
104703,T4d,5909.2
10269,OA-AL2i2,5909.2
40703,Mi1,5909.2
10072,OA-AL2i1,5909.2
43689,Mi1,5909.3
45176,Mi1,5909.3
71036,T2a,5909.3
91313,T4a,5909.3
106922,T4c,5909.3
97145,T4c,5909.400000000001
104972,T4a,5909.400000000001
80582,T4a,5909.400000000001
90112,T4c,5909.400000000001
38893,Mi1,5909.5
41626,Mi1,5909.5
43965,Mi1,5909.5
91934,T4a,5909.5
95736,T4c,5909.5
100261,T4c,5909.5
100855,T4a,5909.5
104191,T4a,5909.6
117652,T4d,5909.7
104297,T4a,5909.7
98222,T4d,5909.7
67424,T2,5909.7
45322,Mi1,5909.7
34463,Mi1,5909.8
77623,T2a,5909.8
78940,T4a,5909.8
83365,T2a,5909.8
89485,T4a,5909.8
90049,T4c,5909.8
102031,T4c,5909.900000000001
99663,T4c,5909.900000000001
92957,T4d,5909.900000000001
83042,T4b,5909.900000000001
72279,Mi1,5909.900000000001
38178,Mi1,5909.900000000001
35774,Mi1,5909.900000000001
34079,Mi1,5909.900000000001
35845,Mi1,5910.0
62851,Tm3,5910.0
77527,T4a,5910.0
78561,Tm3,5910.0
91505,T4c,5910.0
92706,T4a,5910.099999999999
101033,T4d,5910.099999999999
70289,Mi1,5910.099999999999
59008,Mi1,5910.099999999999
69980,Tm3,5910.099999999999
33907,Mi1,5910.099999999999
121093,T4b,5910.200000000001
103527,T4c,5910.200000000001
100774,T4a,5910.200000000001
89282,T4a,5910.200000000001
105292,T4b,5910.200000000001
42895,Mi1,5910.200000000001
40235,Mi1,5910.200000000001
35934,Mi1,5910.200000000001
10025,H2,5910.200000000001
79704,T4d,5910.200000000001
11134,VSm,5910.3
38772,Mi1,5910.3
74303,Mi1,5910.3
77484,T4d,5910.3
87565,T4a,5910.3
90121,T4b,5910.3
107170,T4b,5910.3
74010,T2a,5910.4
82099,T4b,5910.4
75557,Tm3,5910.4
118948,T4d,5910.4
63868,T2a,5910.4
31848,Mi1,5910.4
15019,Li28,5910.4
40944,Mi1,5910.4
118924,Tm3,5910.5
110555,T4b,5910.5
97141,T4a,5910.5
95239,T4a,5910.5
72794,Tm3,5910.5
108847,T4d,5910.5
39894,T4b,5910.5
35734,Mi1,5910.5
35235,Mi1,5910.5
10037,VS,5910.5
63673,Tm3,5910.5
34606,Mi1,5910.6
47368,TmY3,5910.6
81372,Tm3,5910.6
86992,T4b,5910.6
110968,T4b,5910.6
103343,T4b,5910.7
102741,T4c,5910.7
99950,T4c,5910.7
97853,T4c,5910.7
66980,T2a,5910.7
81015,T4a,5910.7
49322,TmY3,5910.7
41545,Mi1,5910.7
85378,T4a,5910.7
10015,HSN,5910.8
34296,Mi1,5910.8
67971,Tm3,5910.8
83689,T4a,5910.8
91510,T4c,5910.8
105379,T4c,5910.8
112619,T4d,5910.8
526158,Mi1,5910.8
111184,T4a,5910.900000000001
91806,T4a,5910.900000000001
88698,T4a,5910.900000000001
85938,T4a,5910.900000000001
103160,T4a,5910.900000000001
59959,Mi1,5910.900000000001
58862,Mi1,5910.900000000001
33110,Mi1,5910.900000000001
10112,VS,5910.900000000001
75484,Tm3,5910.900000000001
119245,T4d,5911.0
100673,T4b,5911.0
91283,T4c,5911.0
65671,Mi1,5911.0
110076,T4c,5911.0
41296,Mi1,5911.0
35234,Mi1,5911.0
33326,Mi1,5911.0
43334,TmY3,5911.0
10023,HSS,5911.1
38455,Mi1,5911.1
69597,Tm3,5911.1
78911,Tm3,5911.1
80906,T4c,5911.1
98846,T4c,5911.1
102229,T4d,5911.1
104674,T4a,5911.1
105718,T4b,5911.1
119501,T4d,5911.2
107105,T4d,5911.2
105962,T4b,5911.2
54885,TmY3,5911.2
33942,Mi1,5911.2
73807,Tm3,5911.2
16545,Li28,5911.3
58703,T2,5911.3
69266,Tm3,5911.3
75521,T2a,5911.3
100310,T4d,5911.3
92684,T4c,5911.400000000001
97186,T4a,5911.400000000001
57349,Mi1,5911.400000000001
22108,TmY3,5911.400000000001
83438,T4a,5911.400000000001
101770,T4b,5911.5
34938,Mi1,5911.5
42594,Mi1,5911.5
64897,T2,5911.5
95972,T4d,5911.5
99310,T4a,5911.5
91682,T4b,5911.599999999999
35260,Mi1,5911.599999999999
79314,T4b,5911.599999999999
100032,T4c,5911.599999999999
71089,Mi1,5911.599999999999
19292,Li28,5911.599999999999
58196,TmY3,5911.599999999999
10012,VS,5911.599999999999
66852,Mi1,5911.599999999999
37123,Mi1,5911.700000000001
41399,Mi1,5911.700000000001
41809,Mi1,5911.700000000001
70524,T2a,5911.700000000001
81378,T4b,5911.700000000001
83125,T4b,5911.700000000001
100726,T4d,5911.8
10016,HSE,5911.8
38748,Mi1,5911.8
44119,Mi1,5911.8
60856,T2a,5911.8
92047,T4c,5911.8
111949,T4c,5911.8
101463,T4d,5911.9
103195,T4a,5911.9
85856,TmY3,5911.9
113107,T4a,5911.9
75966,T2a,5911.9
76074,Tm3,5911.9
37699,Mi1,5911.9
40256,Mi1,5912.0
89099,T4a,5912.0
96134,T4b,5912.0
40854,Mi1,5912.1
50311,TmY3,5912.1
72955,T2a,5912.1
94179,T4a,5912.1
102910,T4b,5912.1
44592,TmY3,5912.2
105412,T4a,5912.2
102791,T4c,5912.2
36452,Mi1,5912.2
37019,Mi1,5912.2
72558,T2a,5912.2
97885,T4a,5912.3
35888,Mi1,5912.3
39525,Mi1,5912.3
40426,Mi1,5912.3
537004,VSm,5912.3
99975,T4c,5912.4
133349,Tm3,5912.4
112048,T4c,5912.4
91913,T4b,5912.4
102991,T4c,5912.4
105521,T4c,5912.4
106894,T4b,5912.5
100046,T4b,5912.5
94948,T4c,5912.5
94668,T4d,5912.5
100501,T4b,5912.5
76380,Tm3,5912.5
35001,Mi1,5912.5
20808,LC4,5912.5
79875,T4c,5912.5
32535,Mi1,5912.6
36177,Mi1,5912.6
67408,Mi1,5912.6
77982,T2a,5912.6
84328,T4a,5912.6
96262,T4c,5912.6
99609,T4a,5912.6
85009,Tm3,5912.7
91057,T4c,5912.7
79138,T2a,5912.7
15909,Li28,5912.7
35113,Mi1,5912.7
108199,T4c,5912.8
106801,T4c,5912.8
99137,T4c,5912.8
82313,T4a,5912.8
79646,Tm3,5912.8
112806,T4c,5912.8
63175,Mi1,5912.8
48607,TmY3,5912.8
44438,Mi1,5912.8
37270,Mi1,5912.8
67113,Mi1,5912.8
40635,Mi1,5912.900000000001
67719,T2a,5912.900000000001
101081,T4c,5913.0
98175,T4c,5913.0
93972,T4a,5913.0
37568,Mi1,5913.0
43323,Mi1,5913.0
34849,Mi1,5913.0
89020,T4a,5913.0
46827,Mi1,5913.099999999999
103654,T4b,5913.099999999999
74159,Tm3,5913.099999999999
38514,Mi1,5913.099999999999
10284,VS,5913.099999999999
35447,Mi1,5913.099999999999
23098,LC4,5913.099999999999
38227,Mi1,5913.099999999999
39275,Mi1,5913.200000000001
41435,Mi1,5913.200000000001
33655,Mi1,5913.3
100567,T4d,5913.3
133040,Tm3,5913.3
109326,T4c,5913.4
109142,T4b,5913.4
97326,T4c,5913.4
90796,T4d,5913.4
17280,Li28,5913.4
38479,Mi1,5913.4
10025,H2,5913.4
72983,T2a,5913.4
48060,Mi1,5913.5
17596,Li28,5913.5
110855,T4a,5913.6
108625,T4b,5913.6
33446,Mi1,5913.6
79483,Tm3,5913.6
98137,T4d,5913.700000000001
88281,T4b,5913.700000000001
16033,Li28,5913.700000000001
41637,Mi1,5913.700000000001
112027,T4d,5913.8
104996,T4a,5913.8
93750,T4c,5913.8
86932,T4b,5913.8
104683,T4b,5913.8
37113,Mi1,5913.8
36660,Mi1,5913.8
36305,Mi1,5913.8
10755,H1,5913.8
38632,Mi1,5913.8
68933,Tm3,5913.9
112369,T4d,5913.9
97899,T4a,5913.9
92552,T4a,5913.9
88152,T4c,5913.9
63825,Tm3,5913.9
96365,T4a,5913.9
39858,Mi1,5913.9
38133,Mi1,5913.9
34356,Mi1,5913.9
11981,Li28,5913.9
42758,Mi1,5913.9
10206,VS,5913.9
10037,VS,5913.9
151155,T4b,5914.000000000001
104478,T4d,5914.000000000001
94549,T4b,5914.000000000001
546524,Mi1,5914.000000000001
36994,Mi1,5914.000000000001
34626,Mi1,5914.000000000001
70490,Mi1,5914.000000000001
533688,Tm3,5914.1
102479,T4c,5914.1
90533,T4c,5914.1
103497,Tm3,5914.1
55976,Mi1,5914.1
41522,Mi1,5914.1
68342,Tm3,5914.1
37371,Mi1,5914.2
82724,Tm3,5914.2
86686,T4c,5914.2
92996,T4a,5914.3
103827,T4c,5914.3
102786,Tm3,5914.3
86907,T4a,5914.3
65298,T2a,5914.3
52350,Mi1,5914.3
42872,Mi1,5914.3
38767,Mi1,5914.3
33216,Mi1,5914.3
64712,T2a,5914.3
48283,TmY3,5914.400000000001
10015,HSN,5914.400000000001
38461,Mi1,5914.400000000001
43414,Mi1,5914.400000000001
88167,T4b,5914.400000000001
97835,T4a,5914.400000000001
117039,T4c,5914.400000000001
90371,T4d,5914.5
90419,T4b,5914.5
57398,Mi1,5914.5
98751,T4a,5914.5
53065,Mi1,5914.5
20264,Li28,5914.5
38421,Mi1,5914.5
38238,Mi1,5914.5
38230,Mi1,5914.5
34272,Mi1,5914.5
38687,Mi1,5914.5
108974,T4c,5914.6
98504,T4c,5914.6
49372,TmY3,5914.6
71228,T2a,5914.6
71447,T4c,5914.6
10322,OA-AL2i2,5914.7
43615,Mi1,5914.7
95364,T4d,5914.7
101589,T4a,5914.7
116610,T4d,5914.8
103022,T4a,5914.8
86175,T4a,5914.8
73586,Tm3,5914.8
50333,TmY3,5914.8
37555,Mi1,5914.8
45696,Mi1,5914.8
36954,Mi1,5914.8
35173,Mi1,5914.8
48930,TmY3,5914.8
96830,T4b,5914.900000000001
98194,T4d,5914.900000000001
56564,Mi1,5914.900000000001
102370,T4c,5914.900000000001
100633,T4a,5914.900000000001
48286,Mi1,5914.900000000001
10023,HSS,5914.900000000001
39743,Mi1,5914.900000000001
38987,Mi1,5914.900000000001
38477,Mi1,5914.900000000001
35770,Mi1,5914.900000000001
42119,Mi1,5914.900000000001
10016,HSE,5914.900000000001
121816,T4a,5915.0
94356,T4c,5915.0
90657,T4a,5915.0
82549,T4b,5915.0
58945,Tm3,5915.0
63994,Mi1,5915.0
39158,Mi1,5915.0
35100,Mi1,5915.0
71230,Tm3,5915.0
108907,T4c,5915.1
95356,T4a,5915.1
96657,T4c,5915.1
39651,Mi1,5915.1
10112,VS,5915.1
93927,T4a,5915.1
35017,Mi1,5915.200000000001
42691,Mi1,5915.200000000001
67308,Mi1,5915.200000000001
99163,T4a,5915.3
94567,T4c,5915.3
94305,T4a,5915.3
87358,T4a,5915.3
71773,T2a,5915.3
69063,Mi1,5915.3
35897,Mi1,5915.3
77344,Tm3,5915.3
12521,HST,5915.4
66167,T2,5915.4
95926,T4a,5915.4
90465,T4a,5915.500000000001
97480,T4c,5915.500000000001
130861,Tm3,5915.500000000001
68982,Tm3,5915.500000000001
91804,T4d,5915.500000000001
41613,Mi1,5915.500000000001
40599,TmY3,5915.500000000001
36646,Mi1,5915.500000000001
35890,Mi1,5915.500000000001
47211,Mi1,5915.500000000001
36410,Mi1,5915.6
41709,Mi1,5915.6
51963,TmY3,5915.6
99316,T4b,5915.6
112179,T4b,5915.7
102975,T4b,5915.7
97866,T4d,5915.7
97105,T4d,5915.7
80093,T2a,5915.7
36695,Mi1,5915.7
35777,Mi1,5915.7
87412,T4c,5915.7
63468,Mi1,5915.8
97769,T4a,5915.8
69961,Tm3,5915.900000000001
100874,T4a,5915.900000000001
117151,T4d,5916.0
106745,T4b,5916.0
101865,T4a,5916.0
57164,TmY3,5916.0
90567,T4b,5916.0
48531,Mi1,5916.0
96199,T4a,5916.0
20634,VST1,5916.1
58967,TmY3,5916.1
77307,Tm3,5916.1
98398,T4c,5916.1
109172,T4b,5916.1
111783,T4a,5916.1
132339,Tm3,5916.1
163245,T4d,5916.2
102572,T4c,5916.2
100282,T4a,5916.2
98862,Tm3,5916.2
35512,Mi1,5916.2
43485,Mi1,5916.2
38241,Mi1,5916.2
62078,Mi1,5916.2
100319,T4b,5916.3
103867,T4a,5916.3
95921,T4c,5916.3
93142,T4a,5916.3
91366,T4b,5916.3
54087,Mi1,5916.3
42675,Mi1,5916.3
35290,Mi1,5916.3
14209,Li28,5916.400000000001
46248,Mi1,5916.400000000001
96307,T4a,5916.400000000001
100033,T4c,5916.400000000001
112393,T4a,5916.400000000001
149504,T4d,5916.5
104144,T2,5916.5
100785,T4b,5916.5
82964,T2a,5916.5
23047,Li28,5916.5
40596,Mi1,5916.5
36881,Mi1,5916.5
74044,Tm3,5916.5
64058,T2,5916.599999999999
35683,Mi1,5916.599999999999
79259,T4b,5916.599999999999
34479,Mi1,5916.599999999999
10025,H2,5916.599999999999
35602,Mi1,5916.599999999999
31492,Mi1,5916.700000000001
33017,Mi1,5916.700000000001
37509,Mi1,5916.700000000001
40085,Mi1,5916.700000000001
40219,Mi1,5916.700000000001
57486,TmY3,5916.700000000001
89825,T4a,5916.700000000001
98300,T4a,5916.8
92251,T4b,5916.8
37853,Mi1,5916.8
37733,TmY3,5916.8
36346,Mi1,5916.8
37353,Mi1,5916.8
114338,T4c,5916.9
14416,VST2,5916.9
33091,Mi1,5916.9
43872,Mi1,5916.9
73320,T2,5916.9
87424,T4d,5916.9
96260,T4d,5916.9
101878,T4a,5916.9
105565,Tm3,5916.9
121170,Tm3,5917.000000000001
38721,Mi1,5917.000000000001
110403,T4b,5917.000000000001
35405,Mi1,5917.1
35840,Mi1,5917.1
75343,Tm3,5917.1
90566,T4d,5917.1
103425,T4a,5917.1
120016,Tm3,5917.1
44564,TmY3,5917.2
10037,VS,5917.2
36684,Mi1,5917.2
45719,Mi1,5917.2
60886,T2a,5917.2
92431,T4a,5917.2
99670,T4c,5917.2
102298,T4c,5917.2
127170,Tm3,5917.2
101772,Tm3,5917.3
111928,T4b,5917.3
93224,T4a,5917.3
73021,T2a,5917.3
69380,Tm3,5917.3
68212,T2a,5917.3
45948,TmY3,5917.3
34300,Mi1,5917.400000000001
34899,Mi1,5917.400000000001
37680,Mi1,5917.400000000001
95532,T4a,5917.400000000001
98887,T4b,5917.400000000001
542412,Mi1,5917.5
102147,T4c,5917.5
96784,T4b,5917.5
39688,Mi1,5917.5
38857,Mi1,5917.5
65833,Mi1,5917.5
104336,T4b,5917.6
72190,Tm3,5917.6
79297,T4a,5917.6
91469,T4c,5917.6
95453,T4a,5917.6
90740,Tm3,5917.7
74023,T2a,5917.7
101620,T4b,5917.7
100956,T4d,5917.7
72132,Tm3,5917.7
39716,Mi1,5917.7
49516,TmY3,5917.7
43978,Mi1,5917.7
64633,T2a,5917.7
16545,Li28,5917.7
109134,T4d,5917.8
105541,T4a,5917.8
94058,T4b,5917.8
93865,T4c,5917.8
88870,Tm3,5917.8
39595,Mi1,5917.8
38708,Mi1,5917.8
36533,Mi1,5917.8
33462,Mi1,5917.8
40411,Mi1,5917.8
71394,T2a,5917.900000000001
103645,T4c,5917.900000000001
100981,T4d,5917.900000000001
95985,T4c,5917.900000000001
87763,T4a,5917.900000000001
70632,Tm3,5917.900000000001
38529,Mi1,5917.900000000001
37000,Mi1,5917.900000000001
35218,Mi1,5917.900000000001
35152,Mi1,5917.900000000001
10016,HSE,5917.900000000001
39405,Mi1,5917.900000000001
10015,HSN,5918.0
74860,Tm3,5918.0
82208,T2a,5918.0
91725,T4b,5918.0
102519,T4a,5918.0
80812,T4a,5918.099999999999
91179,T4a,5918.099999999999
97028,T4c,5918.200000000001
101685,T4b,5918.200000000001
98245,T4c,5918.200000000001
84008,T4c,5918.200000000001
111236,T4d,5918.200000000001
36139,Mi1,5918.200000000001
35712,Mi1,5918.200000000001
33766,Mi1,5918.200000000001
39629,Mi1,5918.200000000001
121245,Tm3,5918.3
101382,T4c,5918.3
93935,T4a,5918.3
88746,Tm3,5918.3
104202,T4d,5918.3
68535,T2a,5918.3
38648,Mi1,5918.3
34369,Mi1,5918.3
15909,Li28,5918.3
85598,T4b,5918.3
37088,Mi1,5918.4
37138,Mi1,5918.4
41804,Mi1,5918.4
58527,TmY3,5918.4
71944,T2a,5918.4
79449,T4b,5918.4
81733,Tm3,5918.4
85074,T4a,5918.4
65513,T2a,5918.5
80855,Tm3,5918.5
58224,Mi1,5918.5
10023,HSS,5918.5
34189,Mi1,5918.5
36446,Mi1,5918.5
11134,VSm,5918.6
40400,Mi1,5918.6
68475,T2a,5918.6
88398,T4a,5918.6
98417,T4d,5918.6
102045,T4a,5918.6
525839,Mi1,5918.7
96774,T4c,5918.7
90888,T4b,5918.7
43063,Mi1,5918.7
49324,Mi1,5918.7
40936,Mi1,5918.7
49441,TmY3,5918.7
50345,TmY3,5918.8
93360,T4b,5918.8
87873,T4b,5918.8
80177,Tm3,5918.8
45162,TmY3,5918.8
103657,T4b,5918.8
39718,Mi1,5918.8
39164,Mi1,5918.8
37839,Mi1,5918.8
36217,Mi1,5918.8
10755,H1,5918.8
40505,Mi1,5918.8
106338,T4a,5918.8
60698,TmY3,5918.900000000001
104858,T4b,5918.900000000001
94147,T4a,5918.900000000001
59864,Tm3,5918.900000000001
73447,Tm3,5918.900000000001
91629,T4a,5918.900000000001
23606,Mi1,5919.0
34658,Mi1,5919.0
47240,TmY3,5919.0
60979,TmY3,5919.0
72938,T2a,5919.0
83677,T4c,5919.0
98238,T4b,5919.0
106295,T4b,5919.1
104414,T4d,5919.1
99519,T4a,5919.1
87566,T4a,5919.1
86536,Tm3,5919.1
38208,Mi1,5919.1
40171,Mi1,5919.1
122961,T4d,5919.1
36275,Mi1,5919.1
16596,Li28,5919.1
41659,Mi1,5919.1
106203,T4d,5919.2
119103,T4c,5919.2
47360,TmY3,5919.2
69164,Mi1,5919.2
40832,Mi1,5919.3
74411,Mi1,5919.3
89409,T4a,5919.3
99672,T4a,5919.3
100190,T4c,5919.3
116129,T4b,5919.400000000001
109857,T4d,5919.400000000001
99731,T4c,5919.400000000001
67614,Mi1,5919.400000000001
67332,T2a,5919.400000000001
39692,TmY3,5919.400000000001
36540,Mi1,5919.400000000001
10012,VS,5919.400000000001
44282,Mi1,5919.400000000001
38768,Mi1,5919.5
60857,Mi1,5919.5
66538,T2,5919.5
73828,Tm3,5919.5
88726,T4b,5919.599999999999
117221,T4c,5919.599999999999
107719,T4b,5919.599999999999
35580,Mi1,5919.599999999999
16033,Li28,5919.599999999999
34045,Mi1,5919.599999999999
10284,VS,5919.599999999999
10112,VS,5919.599999999999
34862,Mi1,5919.599999999999
101945,T4b,5919.700000000001
100946,T4c,5919.700000000001
94368,T4a,5919.700000000001
89139,T4c,5919.700000000001
71652,Tm3,5919.700000000001
64149,Mi1,5919.700000000001
57239,Mi1,5919.700000000001
10206,VS,5919.700000000001
67152,Tm3,5919.700000000001
117748,Tm3,5919.8
114698,T4b,5919.8
109996,T4c,5919.8
98118,T4c,5919.8
109631,T4b,5919.8
88815,T4d,5919.8
47967,Mi1,5919.8
37390,Mi1,5919.8
10025,H2,5919.8
95528,T4d,5919.8
110693,Tm3,5919.9
95554,T4b,5919.9
92146,T4a,5919.9
83583,T4d,5919.9
90058,T4a,5919.9
37948,Mi1,5919.9
35498,Mi1,5919.9
34057,Mi1,5919.9
74259,T2a,5919.9
56291,TmY3,5920.0
66872,T2,5920.0
69793,T2a,5920.0
118029,T4b,5920.0
537004,VSm,5920.0
84663,T2a,5920.1
103579,T4c,5920.1
72501,Mi1,5920.1
106401,T4d,5920.1
37438,Mi1,5920.1
45319,Mi1,5920.1
104412,T4a,5920.1
36252,Mi1,5920.1
103302,T4c,5920.2
96676,T4b,5920.2
59397,Mi1,5920.2
55101,Mi1,5920.2
70697,Tm3,5920.2
37391,Mi1,5920.2
37084,Mi1,5920.2
37044,Mi1,5920.2
36911,Mi1,5920.2
53156,TmY3,5920.2
15422,VST2,5920.3
33614,Mi1,5920.3
68522,T2a,5920.3
92114,T4c,5920.3
86778,T4a,5920.4
92281,T4c,5920.4
64977,T2,5920.4
108307,T4b,5920.4
30997,Mi1,5920.4
15263,Li28,5920.4
35416,Mi1,5920.4
107715,T4a,5920.5
100105,T4a,5920.5
98985,T4c,5920.5
62562,T2,5920.5
45349,Mi1,5920.5
90278,T4a,5920.5
46784,Mi1,5920.6
99292,T4a,5920.6
93984,T4b,5920.6
93166,T4c,5920.6
91674,T4a,5920.6
84010,Tm3,5920.6
73284,T2a,5920.6
37677,Mi1,5920.6
41120,Mi1,5920.6
39438,Mi1,5920.6
112744,T4d,5920.6
36369,Mi1,5920.6
34404,Mi1,5920.6
41668,Mi1,5920.6
96295,T4b,5920.7
39727,Mi1,5920.7
94624,T4a,5920.7
101605,T4a,5920.7
91914,T4a,5920.7
37599,Mi1,5920.7
86635,T4c,5920.7
76325,T2a,5920.7
10037,VS,5920.7
88922,T4c,5920.7
39067,Mi1,5920.799999999999
90145,T4a,5920.799999999999
90900,T4a,5920.799999999999
98911,T4b,5920.799999999999
103870,T4a,5920.799999999999
110482,T4b,5920.799999999999
111416,Tm3,5920.799999999999
104257,T4b,5920.900000000001
101873,T4b,5920.900000000001
96576,T4c,5920.900000000001
85741,T4a,5920.900000000001
82425,T4b,5920.900000000001
96931,T4b,5920.900000000001
74504,T2a,5920.900000000001
67072,T2a,5920.900000000001
42010,TmY3,5920.900000000001
38487,Mi1,5920.900000000001
10016,HSE,5920.900000000001
77916,T2a,5920.900000000001
102425,T4b,5921.0
74725,T2a,5921.0
69441,Tm3,5921.0
107117,T4d,5921.0
34867,Mi1,5921.0
34171,Mi1,5921.0
61353,T2,5921.0
11981,Li28,5921.099999999999
37243,Mi1,5921.099999999999
37927,Mi1,5921.099999999999
66227,Tm3,5921.099999999999
73767,Mi1,5921.099999999999
83227,Tm3,5921.099999999999
94282,T4c,5921.099999999999
95345,T4d,5921.099999999999
115422,T4c,5921.099999999999
97545,T4c,5921.200000000001
98890,T4c,5921.200000000001
117662,T4d,5921.200000000001
88095,T4d,5921.200000000001
78172,TmY3,5921.200000000001
41136,Mi1,5921.200000000001
85152,T4c,5921.200000000001
71164,Mi1,5921.200000000001
34329,Mi1,5921.3
35806,Mi1,5921.3
38993,Mi1,5921.3
42048,Mi1,5921.3
44700,Mi1,5921.3
72655,Mi1,5921.3
78739,T4b,5921.3
104256,T4a,5921.3
104853,T4c,5921.3
105403,T4c,5921.400000000001
104123,T4b,5921.400000000001
94324,Tm3,5921.400000000001
66345,T2a,5921.400000000001
37037,Mi1,5921.400000000001
39500,Mi1,5921.400000000001
37585,Mi1,5921.400000000001
40795,Mi1,5921.400000000001
78820,T2a,5921.5
91987,T4c,5921.5
42533,TmY3,5921.5
10015,HSN,5921.5
35572,Mi1,5921.5
77676,T2a,5921.5
27788,Mi1,5921.6
38791,Mi1,5921.6
42856,Mi1,5921.6
51122,Mi1,5921.6
77846,Tm3,5921.6
97306,T4a,5921.6
98099,T4b,5921.6
107529,T4d,5921.6
107835,T4b,5921.6
92472,T4c,5921.700000000001
37294,Mi1,5921.700000000001
43689,Mi1,5921.700000000001
46230,TmY3,5921.700000000001
107464,T4a,5921.700000000001
97784,T4c,5921.8
105706,T4a,5921.8
83009,T4b,5921.8
77891,Tm3,5921.8
69889,T2a,5921.8
41950,Mi1,5921.8
34933,Mi1,5921.8
17280,Li28,5921.8
71475,Tm3,5921.9
93527,T4a,5921.9
104905,T4c,5922.000000000001
99671,T4c,5922.000000000001
99011,T4c,5922.000000000001
98404,T4d,5922.000000000001
93957,T4b,5922.000000000001
85126,T4a,5922.000000000001
67464,Mi1,5922.000000000001
39505,Mi1,5922.000000000001
36158,Mi1,5922.000000000001
33918,Mi1,5922.000000000001
10023,HSS,5922.000000000001
82674,T4a,5922.000000000001
104753,T4a,5922.1
131034,Tm3,5922.1
113228,T4b,5922.1
103148,T4a,5922.1
50633,TmY3,5922.1
40958,Mi1,5922.1
38596,Mi1,5922.1
36990,Mi1,5922.1
35428,Mi1,5922.1
100087,T4b,5922.2
90219,T4a,5922.2
72279,Mi1,5922.2
99348,T4c,5922.2
43783,Mi1,5922.2
40106,Mi1,5922.2
39791,Mi1,5922.2
58553,TmY3,5922.2
82299,T4c,5922.3
94743,T4d,5922.3
94866,T4d,5922.3
95681,T4a,5922.3
102801,T4b,5922.3
107819,T4c,5922.3
100867,T4b,5922.400000000001
38710,Mi1,5922.400000000001
74927,Tm3,5922.400000000001
111380,Tm3,5922.400000000001
85229,T4c,5922.5
98625,T4a,5922.5
41654,Mi1,5922.5
40577,Mi1,5922.5
75377,T2a,5922.5
116633,T4c,5922.6
99748,T4b,5922.6
46745,Mi1,5922.6
44222,Mi1,5922.6
41536,Mi1,5922.6
61768,T2,5922.6
37631,Mi1,5922.6
35045,Mi1,5922.6
33907,Mi1,5922.6
33394,Mi1,5922.6
41464,TmY3,5922.6
35724,Mi1,5922.7
37224,Mi1,5922.7
45322,Mi1,5922.7
88039,T4c,5922.7
530434,Tm3,5922.7
66214,T2a,5922.8
105115,T4d,5922.8
63489,T2,5922.8
37756,Mi1,5922.8
35836,Mi1,5922.8
16570,VST2,5922.8
107412,Tm3,5922.900000000001
104802,T4c,5922.900000000001
95458,T4d,5922.900000000001
109598,T4b,5922.900000000001
80282,T4d,5922.900000000001
34142,Mi1,5922.900000000001
10025,H2,5922.900000000001
81996,T2a,5922.900000000001
41671,TmY3,5923.0
44527,Mi1,5923.0
78503,T2a,5923.0
92839,T4b,5923.0
98837,T4c,5923.0
106190,T4d,5923.0
107486,T4c,5923.0
108475,T4b,5923.0
82976,Tm3,5923.1
76003,Tm3,5923.1
103780,T4c,5923.1
37108,Mi1,5923.1
68840,TmY3,5923.1
33942,Mi1,5923.200000000001
71583,Tm3,5923.200000000001
111823,T4c,5923.200000000001
91444,T4c,5923.3
80483,T4c,5923.3
66357,T2a,5923.3
120201,T4b,5923.3
45005,TmY3,5923.3
32893,Mi1,5923.3
63420,Mi1,5923.3
109153,T4a,5923.3
34079,Mi1,5923.4
38893,Mi1,5923.4
40703,Mi1,5923.4
42942,Mi1,5923.4
68167,Tm3,5923.4
99423,T4d,5923.4
105242,T4c,5923.4
74374,T2a,5923.500000000001
108948,T4b,5923.500000000001
105276,T4d,5923.500000000001
72796,Tm3,5923.500000000001
48547,TmY3,5923.500000000001
43965,Mi1,5923.500000000001
72665,Mi1,5923.500000000001
125288,Tm3,5923.6
112453,T4c,5923.6
89102,T4d,5923.6
82529,T2a,5923.6
81401,T4b,5923.6
105698,T4c,5923.6
51049,Mi1,5923.6
37529,Mi1,5923.6
35234,Mi1,5923.6
34463,Mi1,5923.6
77395,T4b,5923.6
116311,T4d,5923.7
16545,Li28,5923.7
50552,Mi1,5923.7
67810,Tm3,5923.7
71089,Mi1,5923.7
93509,T4b,5923.7
101215,T4c,5923.7
101302,T4d,5923.7
117627,Tm3,5923.7
98692,T4a,5923.8
89784,T4b,5923.8
105387,T4b,5923.8
10755,H1,5923.8
45176,Mi1,5923.8
94081,T4c,5923.900000000001
104301,T4b,5923.900000000001
10016,HSE,5923.900000000001
41626,Mi1,5923.900000000001
119213,T4c,5924.0
102845,T4b,5924.0
15909,Li28,5924.0
74937,T2a,5924.0
122233,Tm3,5924.1
113207,T4d,5924.1
93688,T4a,5924.1
78317,T4a,5924.1
33326,Mi1,5924.1
31848,Mi1,5924.1
12521,HST,5924.1
44449,TmY3,5924.1
99922,T4c,5924.2
78477,T4a,5924.2
69736,Tm3,5924.2
59959,Mi1,5924.2
94071,T4a,5924.2
40235,Mi1,5924.2
35734,Mi1,5924.2
10112,VS,5924.2
10037,VS,5924.2
42895,Mi1,5924.2
34938,Mi1,5924.3
35774,Mi1,5924.3
83979,T4a,5924.3
105313,T4a,5924.3
35845,Mi1,5924.400000000001
40944,Mi1,5924.400000000001
61370,T2,5924.400000000001
86416,T4a,5924.400000000001
115390,T4d,5924.5
100787,T4b,5924.5
85536,T4a,5924.5
80197,T4a,5924.5
70812,TmY3,5924.5
34296,Mi1,5924.599999999999
37270,Mi1,5924.599999999999
38514,Mi1,5924.599999999999
41296,Mi1,5924.599999999999
57871,T2,5924.599999999999
58862,Mi1,5924.599999999999
63021,Tm3,5924.599999999999
101245,T4a,5924.599999999999
90952,T4c,5924.700000000001
85664,TmY3,5924.700000000001
80913,T4a,5924.700000000001
41809,Mi1,5924.8
70289,Mi1,5924.8
71938,T2a,5924.8
85778,T4b,5924.8
108276,T4a,5924.8
526158,Mi1,5924.9
105802,T4c,5924.9
105545,T4d,5924.9
101228,T4a,5924.9
95335,T4a,5924.9
88084,T4b,5924.9
87106,T4a,5924.9
80670,T4a,5924.9
80582,T4a,5924.9
75304,T2a,5924.9
42594,Mi1,5924.9
114196,T4d,5925.000000000001
95017,T4c,5925.000000000001
92668,T2a,5925.000000000001
89934,T4d,5925.000000000001
77480,Tm3,5925.000000000001
94471,T4a,5925.000000000001
32535,Mi1,5925.000000000001
15019,Li28,5925.000000000001
10015,HSN,5925.000000000001
10012,VS,5925.000000000001
40256,Mi1,5925.000000000001
34606,Mi1,5925.1
38178,Mi1,5925.1
77910,Tm3,5925.1
79253,T4a,5925.1
96812,T4a,5925.1
100488,T4c,5925.1
107442,T4d,5925.1
75172,T2a,5925.2
92939,T4b,5925.2
88933,T4a,5925.2
65671,Mi1,5925.2
10206,VS,5925.2
35934,Mi1,5925.2
16033,Li28,5925.2
37699,Mi1,5925.2
44119,Mi1,5925.3
47962,TmY3,5925.3
62912,T2,5925.3
77906,T2a,5925.3
81015,T4a,5925.3
104621,T4c,5925.400000000001
103108,T4b,5925.400000000001
74303,Mi1,5925.400000000001
41399,Mi1,5925.400000000001
59008,Mi1,5925.400000000001
36452,Mi1,5925.400000000001
70321,Tm3,5925.400000000001
92842,T4a,5925.5
107445,T4a,5925.5
100165,T4b,5925.5
97981,T4a,5925.5
79257,Tm3,5925.5
65235,T2,5925.5
69425,T2a,5925.5
69540,TmY3,5925.5
57349,Mi1,5925.5
10311,VS,5925.5
33655,Mi1,5925.6
38772,Mi1,5925.6
74112,T2a,5925.6
77527,T4a,5925.6
85737,T2a,5925.6
106200,T4c,5925.6
135612,Tm3,5925.7
107812,T4a,5925.7
96219,T4b,5925.7
10023,HSS,5925.7
36177,Mi1,5925.7
30923,TmY3,5925.7
94468,T4c,5925.7
90520,T4a,5925.8
110646,T4b,5925.8
96163,T4b,5925.8
94755,T4a,5925.8
74731,T2a,5925.8
39275,Mi1,5925.8
71361,Tm3,5925.8
40854,Mi1,5925.8
38748,Mi1,5925.8
37123,Mi1,5925.8
72148,Tm3,5925.8
114817,T4d,5925.900000000001
95629,T4c,5925.900000000001
75027,Tm3,5925.900000000001
35235,Mi1,5925.900000000001
10284,VS,5925.900000000001
10025,H2,5925.900000000001
33110,Mi1,5925.900000000001
84267,T4c,5926.0
108066,T4b,5926.0
98381,T4d,5926.0
96090,T4c,5926.0
80137,T2a,5926.0
118658,T4a,5926.0
74287,Tm3,5926.0
35001,Mi1,5926.0
74997,Tm3,5926.0
74088,T2a,5926.0
37019,Mi1,5926.0
66808,Tm3,5926.099999999999
84063,T4b,5926.099999999999
97145,T4c,5926.099999999999
114391,T4d,5926.200000000001
108161,T4a,5926.200000000001
98788,T4d,5926.200000000001
97231,T4a,5926.200000000001
76733,Tm3,5926.200000000001
72194,Tm3,5926.200000000001
67113,Mi1,5926.200000000001
66852,Mi1,5926.200000000001
42872,Mi1,5926.200000000001
41545,Mi1,5926.200000000001
71029,T2,5926.200000000001
37568,Mi1,5926.3
47368,TmY3,5926.3
102703,T4a,5926.3
105984,Tm3,5926.3
112594,T4b,5926.4
101005,T4d,5926.4
87896,T4a,5926.4
64485,T2,5926.4
94703,T4c,5926.4
11134,VSm,5926.5
24338,LC4,5926.5
38455,Mi1,5926.5
93419,T4b,5926.5
95242,T4d,5926.5
95287,T4a,5926.5
112633,T4b,5926.5
106912,Tm3,5926.6
102113,T4b,5926.6
93025,T4b,5926.6
40426,Mi1,5926.6
40635,Mi1,5926.6
34626,Mi1,5926.7
39525,Mi1,5926.7
41435,Mi1,5926.7
55976,Mi1,5926.7
69546,Tm3,5926.7
72426,Tm3,5926.7
103344,T4b,5926.7
89728,Tm3,5926.8
115369,T4c,5926.8
89092,T4c,5926.8
10016,HSE,5926.8
35888,Mi1,5926.8
83307,Tm3,5926.8
33446,Mi1,5926.900000000001
59528,T2a,5926.900000000001
65468,T2,5926.900000000001
83204,T4d,5926.900000000001
110988,T4a,5927.0
98393,T4a,5927.0
70642,T2a,5927.0
67408,Mi1,5927.0
35447,Mi1,5927.0
35260,Mi1,5927.0
34849,Mi1,5927.0
38632,Mi1,5927.0
89282,T4a,5927.1
102579,T4b,5927.1
93564,T4d,5927.1
81064,Tm3,5927.1
108438,T4d,5927.1
40026,TmY3,5927.1
36410,Mi1,5927.1
36305,Mi1,5927.1
19292,Li28,5927.1
42758,Mi1,5927.1
96728,T4c,5927.2
81548,T2a,5927.2
81486,T4b,5927.2
67131,Tm3,5927.2
107031,T4b,5927.2
43323,Mi1,5927.2
38227,Mi1,5927.2
35113,Mi1,5927.2
49788,TmY3,5927.2
114995,T4b,5927.3
106166,T4b,5927.3
537004,VSm,5927.3
90423,T4b,5927.3
93985,T4c,5927.3
109645,T4b,5927.400000000001
108249,T4a,5927.5
45696,Mi1,5927.5
47686,TmY3,5927.5
62089,Tm3,5927.5
85378,T4a,5927.5
101441,T4a,5927.5
104017,T4b,5927.5
104622,T4b,5927.599999999999
38230,Mi1,5927.599999999999
87845,T4a,5927.599999999999
38238,Mi1,5927.700000000001
41522,Mi1,5927.700000000001
46827,Mi1,5927.700000000001
63175,Mi1,5927.700000000001
64849,Tm3,5927.700000000001
101480,T4c,5927.700000000001
122273,Tm3,5927.700000000001
103570,T4d,5927.8
48060,Mi1,5927.8
10037,VS,5927.8
37113,Mi1,5927.8
52350,Mi1,5927.9
62569,T2,5927.9
84328,T4a,5927.9
108325,T4c,5927.9
112458,T4b,5927.9
95822,T4b,5928.0
122333,T4b,5928.0
105332,T4b,5928.0
102791,T4c,5928.0
69063,Mi1,5928.0
37371,Mi1,5928.0
34272,Mi1,5928.0
33017,Mi1,5928.0
23047,Li28,5928.0
38133,Mi1,5928.0
97288,T4c,5928.1
34356,Mi1,5928.1
36994,Mi1,5928.1
43414,Mi1,5928.1
76524,Tm3,5928.1
88575,T4b,5928.1
101043,T4c,5928.2
98448,T4b,5928.2
91345,T4c,5928.2
102229,T4d,5928.2
44438,Mi1,5928.2
41637,Mi1,5928.2
38461,Mi1,5928.2
61292,T2,5928.2
97256,T4c,5928.3
97193,T4a,5928.3
98598,T4c,5928.3
104354,T4b,5928.3
97184,T4d,5928.3
36660,Mi1,5928.3
42691,Mi1,5928.3
38479,Mi1,5928.3
35770,Mi1,5928.3
71131,Tm3,5928.3
39858,Mi1,5928.4
83191,T4a,5928.4
117551,Tm3,5928.4
93877,T4c,5928.5
70490,Mi1,5928.5
41613,Mi1,5928.5
16606,VST2,5928.5
67963,Tm3,5928.6
546524,Mi1,5928.6
108870,T4a,5928.7
92055,T4c,5928.7
91325,T4a,5928.7
74853,Tm3,5928.7
63994,Mi1,5928.7
96003,T4d,5928.7
35100,Mi1,5928.7
33216,Mi1,5928.7
10112,VS,5928.7
10015,HSN,5928.7
35897,Mi1,5928.7
99074,T4b,5928.799999999999
89290,T4d,5928.799999999999
86419,Tm3,5928.799999999999
69915,TmY3,5928.799999999999
69543,T2a,5928.799999999999
70188,T2,5928.799999999999
39651,Mi1,5928.799999999999
38477,Mi1,5928.799999999999
37555,Mi1,5928.799999999999
10025,H2,5928.799999999999
41709,Mi1,5928.799999999999
10755,H1,5928.900000000001
11981,Li28,5928.900000000001
46248,Mi1,5928.900000000001
47211,Mi1,5928.900000000001
96959,T4a,5928.900000000001
98668,T4a,5928.900000000001
36954,Mi1,5929.0
107334,T4a,5929.0
117179,T4c,5929.1
87722,T2a,5929.1
38687,Mi1,5929.1
38987,Mi1,5929.1
39158,Mi1,5929.1
103025,T4a,5929.200000000001
97677,T4c,5929.200000000001
96081,T4a,5929.200000000001
90112,T4c,5929.200000000001
83465,T4a,5929.200000000001
76788,T4b,5929.200000000001
56564,Mi1,5929.200000000001
31492,Mi1,5929.200000000001
25893,VST1,5929.200000000001
20264,Li28,5929.200000000001
15909,Li28,5929.200000000001
71765,T2a,5929.200000000001
99789,T4d,5929.3
95007,T4a,5929.3
91313,T4a,5929.3
75381,Tm3,5929.3
89434,T4c,5929.3
42119,Mi1,5929.3
42006,TmY3,5929.3
39743,Mi1,5929.3
17596,Li28,5929.3
48531,Mi1,5929.3
35017,Mi1,5929.400000000001
109326,T4c,5929.400000000001
67150,T2a,5929.5
84631,T4c,5929.5
16545,Li28,5929.5
35173,Mi1,5929.5
10023,HSS,5929.6
46662,TmY3,5929.6
53065,Mi1,5929.6
59277,TmY3,5929.6
107640,T4c,5929.6
113686,T4d,5929.6
113945,T4d,5929.6
85170,T4c,5929.700000000001
126163,Tm3,5929.700000000001
94983,T4c,5929.700000000001
72066,Tm3,5929.700000000001
48986,TmY3,5929.700000000001
62856,T2,5929.700000000001
38241,Mi1,5929.700000000001
20808,LC4,5929.700000000001
10016,HSE,5929.700000000001
36139,Mi1,5929.8
38421,Mi1,5929.8
67308,Mi1,5929.8
96394,T4b,5929.8
62851,Tm3,5929.9
95453,T4a,5929.9
96211,T4d,5929.9
103557,T4a,5929.9
106093,T4a,5929.9
68951,TmY3,5930.000000000001
48286,Mi1,5930.000000000001
10012,VS,5930.000000000001
38767,Mi1,5930.000000000001
46324,TmY3,5930.000000000001
89485,T4a,5930.1
123490,Tm3,5930.1
121887,T4b,5930.1
110386,T4d,5930.1
108675,T4b,5930.1
102564,T4a,5930.1
92273,T2a,5930.1
91303,T4b,5930.1
88491,T4a,5930.1
36695,Mi1,5930.1
83438,T4a,5930.1
63468,Mi1,5930.1
51191,TmY3,5930.1
40596,Mi1,5930.1
36646,Mi1,5930.1
35683,Mi1,5930.1
35602,Mi1,5930.1
85429,T4d,5930.1
34899,Mi1,5930.2
92640,T4d,5930.2
101994,T4a,5930.2
107010,T4d,5930.2
92644,T4d,5930.3
106535,T4d,5930.3
103527,T4c,5930.3
90533,T4c,5930.3
57398,Mi1,5930.3
36684,Mi1,5930.3
16033,Li28,5930.3
83639,T2a,5930.3
43872,Mi1,5930.400000000001
74375,Tm3,5930.400000000001
97675,T4c,5930.400000000001
98312,T4a,5930.400000000001
108824,T4d,5930.400000000001
82313,T4a,5930.5
37509,Mi1,5930.5
62078,Mi1,5930.5
70158,T2a,5930.5
100501,T4b,5930.5
107075,T4d,5930.5
93334,T4b,5930.6
86630,Tm3,5930.6
100838,T4c,5930.6
35890,Mi1,5930.6
63050,T2a,5930.6
105521,T4c,5930.7
100924,T4b,5930.7
99572,T4a,5930.7
96434,T4d,5930.7
83042,T4b,5930.7
93947,T4a,5930.7
36346,Mi1,5930.7
95883,T4a,5930.7
54087,Mi1,5930.8
88992,T4c,5930.8
98817,T4a,5930.8
104884,T4b,5930.8
112969,T4c,5930.900000000001
35405,Mi1,5930.900000000001
38721,Mi1,5930.900000000001
72619,T2a,5930.900000000001
89252,T4b,5930.900000000001
100206,T4c,5930.900000000001
102112,T4c,5931.0
101742,T4c,5931.0
107420,T4b,5931.0
97878,T4b,5931.0
107628,T4d,5931.0
65833,Mi1,5931.0
56984,TmY3,5931.0
38857,Mi1,5931.0
14209,Li28,5931.0
70635,Tm3,5931.0
108065,T4c,5931.1
103765,T4d,5931.1
103226,T4d,5931.1
103195,T4a,5931.1
95677,T4c,5931.1
40085,Mi1,5931.1
37353,Mi1,5931.1
34300,Mi1,5931.1
101770,T4b,5931.1
44564,TmY3,5931.200000000001
113983,T4d,5931.200000000001
110987,Tm3,5931.200000000001
43978,Mi1,5931.200000000001
115111,T4a,5931.200000000001
40219,Mi1,5931.200000000001
35290,Mi1,5931.200000000001
17280,Li28,5931.200000000001
42675,Mi1,5931.200000000001
123514,Tm3,5931.3
98654,T4d,5931.3
48514,TmY3,5931.3
85856,TmY3,5931.3
36881,Mi1,5931.3
35218,Mi1,5931.3
43485,Mi1,5931.3
80284,Tm3,5931.4
123299,T4c,5931.4
98360,T4c,5931.4
539983,T4c,5931.4
92047,T4c,5931.4
79358,T2a,5931.4
34479,Mi1,5931.4
75660,T2a,5931.4
35840,Mi1,5931.4
33091,Mi1,5931.4
10037,VS,5931.4
78940,T4a,5931.4
110757,T4b,5931.500000000001
542412,Mi1,5931.500000000001
82576,T4b,5931.6
38208,Mi1,5931.6
38708,Mi1,5931.6
35512,Mi1,5931.6
10206,VS,5931.6
35777,Mi1,5931.6
10025,H2,5931.7
10284,VS,5931.7
33766,Mi1,5931.7
40936,Mi1,5931.7
48894,TmY3,5931.7
112027,T4d,5931.7
120594,T4c,5931.8
106121,T4a,5931.8
92181,T4a,5931.8
90097,T4c,5931.8
43615,Mi1,5931.8
38768,Mi1,5931.8
87358,T4a,5931.8
33462,Mi1,5931.900000000001
34369,Mi1,5931.900000000001
37088,Mi1,5931.900000000001
38529,Mi1,5931.900000000001
71052,T2a,5931.900000000001
100874,T4a,5931.900000000001
108461,T4b,5931.900000000001
121093,T4b,5931.900000000001
78731,Tm3,5932.0
58224,Mi1,5932.0
36446,Mi1,5932.0
36533,Mi1,5932.0
36540,Mi1,5932.0
12521,HST,5932.1
35152,Mi1,5932.1
45719,Mi1,5932.1
47696,TmY3,5932.1
78927,T2a,5932.1
90467,T4d,5932.1
93360,T4b,5932.1
104130,T4a,5932.1
102991,T4c,5932.2
102975,T4b,5932.2
93021,T4a,5932.2
92862,T4b,5932.2
88625,T4c,5932.2
41804,Mi1,5932.2
51848,TmY3,5932.2
49324,Mi1,5932.2
40411,Mi1,5932.2
87289,T4a,5932.2
86141,T4b,5932.3
108349,T4d,5932.3
82099,T4b,5932.3
76446,TmY3,5932.3
78856,Tm3,5932.3
34189,Mi1,5932.3
10015,HSN,5932.400000000001
16596,Li28,5932.400000000001
34658,Mi1,5932.400000000001
36217,Mi1,5932.400000000001
39718,Mi1,5932.400000000001
106950,T4c,5932.400000000001
113414,T4d,5932.400000000001
117882,T4b,5932.5
102910,T4b,5932.5
102462,T4c,5932.5
98467,T4d,5932.5
94283,T4d,5932.5
37138,Mi1,5932.5
37680,Mi1,5932.5
36275,Mi1,5932.5
34862,Mi1,5932.5
86504,T4b,5932.5
95972,T4d,5932.599999999999
122308,Tm3,5932.599999999999
108344,T4d,5932.599999999999
100032,T4c,5932.599999999999
89368,T4c,5932.599999999999
37391,Mi1,5932.599999999999
67971,Tm3,5932.599999999999
39164,Mi1,5932.599999999999
10016,HSE,5932.599999999999
77174,T2a,5932.599999999999
34057,Mi1,5932.700000000001
37000,Mi1,5932.700000000001
39405,Mi1,5932.700000000001
39629,Mi1,5932.700000000001
102742,T4d,5932.700000000001
109023,T4c,5932.700000000001
40716,Tm3,5932.8
69164,Mi1,5932.8
102799,T4c,5932.8
71674,T2a,5932.9
111184,T4a,5932.9
64341,TmY3,5932.9
119601,T4d,5932.9
38648,Mi1,5932.9
10112,VS,5932.9
40171,Mi1,5932.9
37853,Mi1,5932.9
108625,T4b,5933.000000000001
120231,Tm3,5933.000000000001
114201,T4c,5933.000000000001
94596,T4b,5933.000000000001
94549,T4b,5933.000000000001
97318,T4d,5933.000000000001
85924,T4a,5933.000000000001
85866,T4b,5933.000000000001
79345,T2a,5933.000000000001
39716,Mi1,5933.000000000001
87090,T2a,5933.000000000001
47465,TmY3,5933.1
47967,Mi1,5933.1
89866,T4b,5933.1
94574,T4c,5933.1
95990,T4a,5933.1
113171,T4b,5933.1
62488,T2,5933.2
64149,Mi1,5933.2
40832,Mi1,5933.2
35580,Mi1,5933.2
35416,Mi1,5933.2
40505,Mi1,5933.2
10023,HSS,5933.3
34045,Mi1,5933.3
35712,Mi1,5933.3
39688,Mi1,5933.3
41659,Mi1,5933.3
74411,Mi1,5933.3
91057,T4c,5933.3
83067,T4b,5933.400000000001
108119,T4c,5933.400000000001
82038,Tm3,5933.400000000001
39438,Mi1,5933.5
86907,T4a,5933.5
98175,T4c,5933.5
106522,T4d,5933.5
110910,Tm3,5933.5
93566,T4a,5933.6
525839,Mi1,5933.6
102031,T4c,5933.6
98439,T4a,5933.6
95235,T4d,5933.6
94089,T4d,5933.6
92171,T4b,5933.6
40400,Mi1,5933.6
77484,T4d,5933.6
10072,OA-AL2i1,5933.6
33614,Mi1,5933.6
91469,T4c,5933.6
36252,Mi1,5933.6
20634,VST1,5933.7
37948,Mi1,5933.7
39595,Mi1,5933.7
115686,T4b,5933.8
102448,T4d,5933.8
116259,T4b,5933.8
60857,Mi1,5933.8
44282,Mi1,5933.8
80812,T4a,5933.8
23606,Mi1,5933.900000000001
30997,Mi1,5933.900000000001
34171,Mi1,5933.900000000001
39692,TmY3,5933.900000000001
39727,Mi1,5933.900000000001
96671,T4c,5933.900000000001
71931,Tm3,5934.0
93750,T4c,5934.0
39894,T4b,5934.0
10755,H1,5934.0
36369,Mi1,5934.0
10001,DNp01,5934.099999999999
34867,Mi1,5934.099999999999
37839,Mi1,5934.099999999999
57239,Mi1,5934.099999999999
64540,T2,5934.200000000001
38993,Mi1,5934.200000000001
45319,Mi1,5934.200000000001
62757,T2a,5934.200000000001
92706,T4a,5934.200000000001
98748,T4c,5934.200000000001
135112,Tm3,5934.200000000001
72558,T2a,5934.3
100855,T4a,5934.4
83583,T4d,5934.4
109937,T4a,5934.4
103314,T4b,5934.4
118232,T4d,5934.4
73096,T2a,5934.4
55101,Mi1,5934.4
43063,Mi1,5934.4
37243,Mi1,5934.4
70153,Tm3,5934.4
89409,T4a,5934.5
79704,T4d,5934.5
78603,Tm3,5934.5
96424,T4b,5934.5
35498,Mi1,5934.5
15909,Li28,5934.5
46784,Mi1,5934.5
10025,H2,5934.6
37037,Mi1,5934.6
61659,Tm3,5934.6
91913,T4b,5934.6
97877,T4d,5934.6
98349,T4a,5934.6
103479,T4c,5934.6
100729,T4b,5934.7
78698,Tm3,5934.7
78086,T4c,5934.7
37677,Mi1,5934.7
42856,Mi1,5934.7
10687,OA-AL2i3,5934.7
67614,Mi1,5934.7
112545,T4d,5934.8
111949,T4c,5934.8
111613,T4d,5934.8
100996,T4b,5934.8
95928,T4c,5934.8
92082,T4b,5934.8
77594,T2a,5934.8
63673,Tm3,5934.8
62894,Tm3,5934.8
59397,Mi1,5934.8
41120,Mi1,5934.8
68264,Tm3,5934.8
83004,T4b,5934.9
88152,T4c,5934.9
77361,T4a,5934.9
91505,T4c,5934.9
41950,Mi1,5934.9
41136,Mi1,5934.9
37084,Mi1,5934.9
45349,Mi1,5934.9
97186,T4a,5934.9
69570,Tm3,5935.0
97853,T4c,5935.0
68562,T2a,5935.0
83677,T4c,5935.0
37390,Mi1,5935.0
34933,Mi1,5935.0
39500,Mi1,5935.0
10269,OA-AL2i2,5935.0
106701,T4d,5935.1
83379,Tm3,5935.1
79646,Tm3,5935.1
72501,Mi1,5935.1
100856,T4a,5935.1
37438,Mi1,5935.1
37044,Mi1,5935.1
34404,Mi1,5935.1
59864,Tm3,5935.1
10037,VS,5935.2
41668,Mi1,5935.2
51122,Mi1,5935.2
92229,T4c,5935.2
106821,T4b,5935.2
96657,T4c,5935.3
115511,T4d,5935.3
106840,T4b,5935.3
105126,T4c,5935.3
99387,T4a,5935.3
96365,T4a,5935.3
42048,Mi1,5935.3
44700,Mi1,5935.3
40577,Mi1,5935.3
38791,Mi1,5935.3
38487,Mi1,5935.3
37927,Mi1,5935.3
92911,T4c,5935.3
112944,T4b,5935.400000000001
111746,Tm3,5935.400000000001
106510,T4b,5935.400000000001
102388,T4d,5935.400000000001
100897,T4c,5935.400000000001
79271,T4a,5935.400000000001
72655,Mi1,5935.400000000001
39067,Mi1,5935.400000000001
37294,Mi1,5935.400000000001
11134,VSm,5935.400000000001
97866,T4d,5935.400000000001
106745,T4b,5935.5
537004,VSm,5935.5
126702,Tm3,5935.5
99131,T4c,5935.5
93482,T4d,5935.5
71164,Mi1,5935.5
37631,Mi1,5935.5
36990,Mi1,5935.5
10016,HSE,5935.5
86715,Tm3,5935.5
68982,Tm3,5935.599999999999
101072,T4b,5935.599999999999
85731,T4d,5935.599999999999
82515,Tm3,5935.599999999999
73301,Tm3,5935.599999999999
35045,Mi1,5935.599999999999
103497,Tm3,5935.599999999999
15263,Li28,5935.599999999999
11981,Li28,5935.599999999999
10012,VS,5935.599999999999
69980,Tm3,5935.599999999999
99663,T4c,5935.700000000001
95736,T4c,5935.700000000001
106664,T4c,5935.700000000001
90121,T4b,5935.700000000001
95239,T4a,5935.700000000001
72005,Tm3,5935.700000000001
70414,T2a,5935.700000000001
35836,Mi1,5935.700000000001
33942,Mi1,5935.700000000001
86992,T4b,5935.700000000001
90135,T4c,5935.8
80838,T2a,5935.8
73767,Mi1,5935.8
57247,TmY3,5935.8
61500,Tm3,5935.8
40795,Mi1,5935.8
37224,Mi1,5935.8
36911,Mi1,5935.8
16033,Li28,5935.8
48607,TmY3,5935.8
107082,T4d,5935.9
37599,Mi1,5935.9
65307,T2,5935.9
66325,Tm3,5935.9
69723,Tm3,5935.9
70800,Tm3,5935.9
81706,T2a,5935.9
97171,T4d,5935.9
99850,T4a,5936.0
98887,T4b,5936.0
105565,Tm3,5936.0
90430,T2a,5936.0
40703,Mi1,5936.0
44222,Mi1,5936.0
90394,T4a,5936.0
35806,Mi1,5936.0
34329,Mi1,5936.0
171349687,Tm3,5936.1
104368,T4c,5936.1
103022,T4a,5936.1
109774,T4d,5936.1
43689,Mi1,5936.1
16545,Li28,5936.1
10015,HSN,5936.1
94482,T4d,5936.1
38710,Mi1,5936.2
39505,Mi1,5936.2
40958,Mi1,5936.2
67464,Mi1,5936.2
103725,T4a,5936.2
104297,T4a,5936.2
105862,T4d,5936.2
132624,Tm3,5936.2
105214,T4c,5936.3
102741,T4c,5936.3
106922,T4c,5936.3
85938,T4a,5936.3
88127,T4b,5936.3
68842,TmY3,5936.4
93941,T4b,5936.4
99258,T4c,5936.4
105834,T4d,5936.4
105962,T4b,5936.4
112321,T4d,5936.4
118385,T4b,5936.4
102909,T4c,5936.5
98398,T4c,5936.5
547091,T2,5936.5
72279,Mi1,5936.5
84490,T4a,5936.5
35724,Mi1,5936.6
69961,Tm3,5936.6
76121,Tm3,5936.6
79297,T4a,5936.6
92684,T4c,5936.6
94668,T4d,5936.6
98026,T4b,5936.6
101772,Tm3,5936.7
107609,T4d,5936.7
107621,T4d,5936.7
107240,T4b,5936.7
107211,T4d,5936.7
96035,T4d,5936.7
37585,Mi1,5936.7
91222,T4d,5936.7
70708,T2,5936.7
46586,TmY3,5936.7
37756,Mi1,5936.7
36158,Mi1,5936.7
94287,T4d,5936.7
35572,Mi1,5936.8
74159,Tm3,5936.8
104450,T4a,5936.8
113991,T4d,5936.8
97899,T4a,5936.900000000001
81215,Tm3,5936.900000000001
77138,Tm3,5936.900000000001
69228,T2a,5936.900000000001
63420,Mi1,5936.900000000001
101732,T4c,5936.900000000001
38893,Mi1,5936.900000000001
35428,Mi1,5936.900000000001
35234,Mi1,5936.900000000001
34296,Mi1,5936.900000000001
46745,Mi1,5936.900000000001
10206,VS,5937.0
34938,Mi1,5937.0
38514,Mi1,5937.0
44592,TmY3,5937.0
66739,Tm3,5937.0
101033,T4d,5937.0
105379,T4c,5937.0
95926,T4a,5937.1
81378,T4b,5937.1
80911,Tm3,5937.1
27788,Mi1,5937.1
42533,TmY3,5937.1
37270,Mi1,5937.1
71402,Tm3,5937.1
81092,Tm3,5937.200000000001
104256,T4a,5937.200000000001
94356,T4c,5937.200000000001
91806,T4a,5937.200000000001
83682,Tm3,5937.200000000001
67728,T2,5937.200000000001
34142,Mi1,5937.200000000001
44527,Mi1,5937.200000000001
43965,Mi1,5937.200000000001
41626,Mi1,5937.200000000001
61401,T2a,5937.200000000001
10112,VS,5937.200000000001
10023,HSS,5937.200000000001
99316,T4b,5937.3
96134,T4b,5937.3
77779,T2a,5937.3
64633,T2a,5937.3
45322,Mi1,5937.3
38596,Mi1,5937.3
33326,Mi1,5937.3
51049,Mi1,5937.3
32893,Mi1,5937.400000000001
105099,T4b,5937.400000000001
99670,T4c,5937.5
124490,Tm3,5937.5
114088,T4d,5937.5
104018,T4c,5937.5
101230,T4a,5937.5
76621,T2a,5937.5
76528,Tm3,5937.5
42594,Mi1,5937.5
41536,Mi1,5937.5
40944,Mi1,5937.5
34079,Mi1,5937.5
33394,Mi1,5937.5
121816,T4a,5937.6
113410,T4d,5937.6
107095,T4c,5937.6
103425,T4a,5937.6
92054,T4b,5937.6
92046,T4d,5937.6
73122,T2a,5937.6
41654,Mi1,5937.6
37108,Mi1,5937.6
10025,H2,5937.6
103780,T4c,5937.700000000001
99863,T4d,5937.700000000001
98409,T4c,5937.700000000001
96576,T4c,5937.700000000001
79259,T4b,5937.700000000001
71089,Mi1,5937.700000000001
70524,T2a,5937.700000000001
57349,Mi1,5937.700000000001
54423,TmY3,5937.700000000001
24867,VST1,5937.700000000001
120916,T4d,5937.8
107529,T4d,5937.8
103867,T4a,5937.8
99837,T4a,5937.8
86778,T4a,5937.8
39791,Mi1,5937.8
33907,Mi1,5937.8
97028,T4c,5937.8
82674,T4a,5937.9
105718,T4b,5937.9
102153,T4c,5937.9
100673,T4b,5937.9
82536,T4d,5937.9
87390,T2a,5937.9
44119,Mi1,5937.9
43783,Mi1,5937.9
40235,Mi1,5937.9
39275,Mi1,5937.9
10322,OA-AL2i2,5937.9
63825,Tm3,5937.9
10284,VS,5938.000000000001
34463,Mi1,5938.000000000001
40106,Mi1,5938.000000000001
42895,Mi1,5938.000000000001
104478,T4d,5938.000000000001
105895,T4a,5938.1
100785,T4b,5938.1
89223,T4d,5938.1
73619,T2a,5938.1
33918,Mi1,5938.1
50311,TmY3,5938.1
41296,Mi1,5938.1
36452,Mi1,5938.1
58862,Mi1,5938.1
90796,T4d,5938.2
109276,T4d,5938.2
127153,Tm3,5938.2
90419,T4b,5938.2
102295,T4d,5938.2
79083,Tm3,5938.2
74231,Tm3,5938.2
72665,Mi1,5938.2
37699,Mi1,5938.2
79449,T4b,5938.2
111857,T4d,5938.3
106338,T4a,5938.3
106026,T4b,5938.3
98549,T4a,5938.3
87763,T4a,5938.3
75848,T2a,5938.3
70289,Mi1,5938.3
44746,TmY3,5938.3
91366,T4b,5938.3
63190,T2,5938.400000000001
98039,T4d,5938.400000000001
86175,T4a,5938.400000000001
59959,Mi1,5938.400000000001
94305,T4a,5938.400000000001
42872,Mi1,5938.400000000001
40256,Mi1,5938.400000000001
10016,HSE,5938.400000000001
44449,TmY3,5938.400000000001
50345,TmY3,5938.5
71161,T2a,5938.5
76038,Tm3,5938.5
86578,T4c,5938.5
97015,T4a,5938.5
107170,T4b,5938.5
111623,T4a,5938.6
100018,T4a,5938.6
98226,T4b,5938.6
98137,T4d,5938.6
95356,T4a,5938.6
37123,Mi1,5938.6
87565,T4a,5938.6
83365,T2a,5938.6
54211,TmY3,5938.6
31848,Mi1,5938.6
94179,T4a,5938.6
60979,TmY3,5938.7
98625,T4a,5938.7
50552,Mi1,5938.7
119959,T4d,5938.7
37529,Mi1,5938.7
10755,H1,5938.7
38178,Mi1,5938.7
532805,Tm3,5938.8
108594,T4d,5938.8
105640,T4d,5938.8
105180,T4c,5938.8
98194,T4d,5938.8
96126,T4b,5938.8
92957,T4d,5938.8
90219,T4a,5938.8
86932,T4b,5938.8
82618,T2a,5938.8
79314,T4b,5938.8
78911,Tm3,5938.8
75521,T2a,5938.8
33017,Mi1,5938.8
10037,VS,5938.8
95005,T4a,5938.900000000001
93972,T4a,5938.900000000001
54885,TmY3,5938.900000000001
102540,T4b,5938.900000000001
37733,TmY3,5938.900000000001
35235,Mi1,5938.900000000001
45176,Mi1,5938.900000000001
95454,T4a,5939.0
526158,Mi1,5939.0
15422,VST2,5939.1
43924,TmY3,5939.1
70281,T2a,5939.1
73139,Tm3,5939.1
97326,T4c,5939.1
109649,T4c,5939.1
135467,Tm3,5939.1
111685,T4d,5939.200000000001
109142,T4b,5939.200000000001
101463,T4d,5939.200000000001
100345,T4c,5939.200000000001
35845,Mi1,5939.200000000001
80906,T4c,5939.200000000001
35934,Mi1,5939.200000000001
15909,Li28,5939.200000000001
96931,T4b,5939.200000000001
83125,T4b,5939.3
106793,T4d,5939.3
90474,T4b,5939.3
111010,T4c,5939.3
85536,T4a,5939.3
64778,TmY3,5939.3
88353,T4b,5939.3
56762,TmY3,5939.3
42942,Mi1,5939.3
38748,Mi1,5939.3
35001,Mi1,5939.3
34606,Mi1,5939.3
23047,Li28,5939.3
56918,TmY3,5939.3
118502,T4b,5939.4
111304,T4b,5939.4
110742,T4c,5939.4
89825,T4a,5939.4
68412,T2a,5939.4
94948,T4c,5939.4
74303,Mi1,5939.500000000001
103271,T4c,5939.500000000001
99011,T4c,5939.500000000001
74061,Tm3,5939.500000000001
91629,T4a,5939.500000000001
35734,Mi1,5939.500000000001
22194,LC4,5939.500000000001
17280,Li28,5939.500000000001
15019,Li28,5939.500000000001
41809,Mi1,5939.500000000001
56136,Tm3,5939.6
67113,Mi1,5939.6
90657,T4a,5939.6
90888,T4b,5939.6
118173,Tm3,5939.6
109336,T4b,5939.7
107819,T4c,5939.7
104257,T4b,5939.7
97835,T4a,5939.7
33655,Mi1,5939.7
65671,Mi1,5939.7
10015,HSN,5939.7
96307,T4a,5939.7
93166,T4c,5939.8
98504,T4c,5939.8
99980,T4c,5939.8
106150,T4c,5939.900000000001
113107,T4a,5939.900000000001
99950,T4c,5939.900000000001
112048,T4c,5939.900000000001
66227,Tm3,5939.900000000001
36177,Mi1,5939.900000000001
75227,T2a,5939.900000000001
33446,Mi1,5940.0
108974,T4c,5940.0
104858,T4b,5940.0
104703,T4d,5940.0
102786,Tm3,5940.0
115636,T4d,5940.0
98575,T4a,5940.0
83009,T4b,5940.0
38772,Mi1,5940.0
100033,T4c,5940.0
108043,T4a,5940.0
35774,Mi1,5940.1
41399,Mi1,5940.1
66791,Tm3,5940.1
79875,T4c,5940.1
80033,T4a,5940.1
85152,T4c,5940.1
100046,T4b,5940.1
100075,T4c,5940.1
91510,T4c,5940.2
101380,T4d,5940.2
76653,T2a,5940.2
10012,VS,5940.2
33110,Mi1,5940.3
45948,TmY3,5940.3
102814,T4b,5940.3
107143,T4d,5940.3
88005,T4d,5940.400000000001
111423,T4c,5940.400000000001
106295,T4b,5940.400000000001
92254,T4b,5940.400000000001
89020,T4a,5940.400000000001
77791,T2a,5940.400000000001
66852,Mi1,5940.400000000001
40599,TmY3,5940.400000000001
34626,Mi1,5940.400000000001
84008,T4c,5940.400000000001
117631,T4d,5940.5
94081,T4c,5940.5
90731,T4b,5940.5
102409,T4c,5940.5
111579,Tm3,5940.5
97161,T4a,5940.5
86720,Tm3,5940.5
91682,T4b,5940.5
75343,Tm3,5940.5
40854,Mi1,5940.5
38238,Mi1,5940.5
35260,Mi1,5940.5
35113,Mi1,5940.5
10025,H2,5940.5
80302,T2a,5940.5
117748,Tm3,5940.599999999999
100946,T4c,5940.599999999999
99975,T4c,5940.599999999999
98222,T4d,5940.599999999999
45696,Mi1,5940.599999999999
32535,Mi1,5940.599999999999
111928,T4b,5940.700000000001
105122,T4b,5940.700000000001
104911,T4c,5940.700000000001
103654,T4b,5940.700000000001
100261,T4c,5940.700000000001
98325,T4d,5940.700000000001
37568,Mi1,5940.700000000001
91741,T4d,5940.700000000001
62838,TmY3,5940.700000000001
40635,Mi1,5940.700000000001
38632,Mi1,5940.700000000001
97769,T4a,5940.700000000001
88922,T4c,5940.8
103677,T4b,5940.8
71398,Tm3,5940.8
38230,Mi1,5940.8
53983,TmY3,5940.8
60510,T2,5940.8
98846,T4c,5940.9
98751,T4a,5940.9
59008,Mi1,5940.9
46827,Mi1,5940.9
42758,Mi1,5940.9
68840,TmY3,5940.9
38455,Mi1,5940.9
37019,Mi1,5940.9
10112,VS,5940.9
10023,HSS,5940.9
40426,Mi1,5940.9
41435,Mi1,5941.000000000001
55976,Mi1,5941.000000000001
63175,Mi1,5941.000000000001
113568,T4d,5941.000000000001
104336,T4b,5941.1
110454,T4d,5941.1
124867,T4d,5941.1
106894,T4b,5941.1
102220,T4a,5941.1
19292,Li28,5941.1
92552,T4a,5941.1
35897,Mi1,5941.1
16570,VST2,5941.1
96830,T4b,5941.1
36410,Mi1,5941.2
41545,Mi1,5941.2
71447,T4c,5941.2
72955,T2a,5941.2
83689,T4a,5941.2
90259,T4d,5941.2
95985,T4c,5941.2
105412,T4a,5941.2
149504,T4d,5941.3
117364,T4b,5941.3
102572,T4c,5941.3
89784,T4b,5941.3
10016,HSE,5941.3
83156,T2a,5941.3
43414,Mi1,5941.3
34272,Mi1,5941.3
87939,T4b,5941.3
96812,T4a,5941.400000000001
110040,T4c,5941.400000000001
105849,T4d,5941.400000000001
80913,T4a,5941.400000000001
39525,Mi1,5941.400000000001
48547,TmY3,5941.400000000001
42010,TmY3,5941.400000000001
65803,T2,5941.400000000001
38133,Mi1,5941.5
43323,Mi1,5941.5
100319,T4b,5941.6
92281,T4c,5941.6
78437,Tm3,5941.6
76074,Tm3,5941.6
64050,T2,5941.6
41709,Mi1,5941.6
71228,T2a,5941.6
103870,T4a,5941.7
100726,T4d,5941.7
95554,T4b,5941.7
91283,T4c,5941.7
69266,Tm3,5941.7
71929,T2,5941.7
58945,Tm3,5941.7
36305,Mi1,5941.7
34849,Mi1,5941.7
12521,HST,5941.7
11981,Li28,5941.7
66604,TmY3,5941.7
10206,VS,5941.8
35447,Mi1,5941.8
64260,T2,5941.8
68933,Tm3,5941.8
90371,T4d,5941.8
107297,T4c,5941.8
137694,Tm3,5941.900000000001
103827,T4c,5941.900000000001
93045,T4b,5941.900000000001
91076,T4a,5941.900000000001
35888,Mi1,5941.900000000001
67408,Mi1,5941.900000000001
47211,Mi1,5941.900000000001
46248,Mi1,5941.900000000001
83979,T4a,5941.900000000001
98937,T4a,5942.0
127615,Tm3,5942.0
112179,T4b,5942.0
103152,T4a,5942.0
96090,T4c,5942.0
39651,Mi1,5942.0
84063,T4b,5942.0
42691,Mi1,5942.0
35017,Mi1,5942.0
87873,T4b,5942.0
96638,T4c,5942.099999999999
93509,T4b,5942.099999999999
82549,T4b,5942.099999999999
56564,Mi1,5942.099999999999
39743,Mi1,5942.099999999999
38461,Mi1,5942.099999999999
35100,Mi1,5942.099999999999
44438,Mi1,5942.099999999999
85009,Tm3,5942.200000000001
537004,VSm,5942.200000000001
128916,Tm3,5942.200000000001
110693,Tm3,5942.200000000001
96260,T4d,5942.200000000001
85007,T4c,5942.200000000001
66207,T2,5942.200000000001
80855,Tm3,5942.200000000001
52350,Mi1,5942.200000000001
41522,Mi1,5942.200000000001
37371,Mi1,5942.200000000001
16545,Li28,5942.200000000001
16033,Li28,5942.200000000001
117142,T4d,5942.3
101589,T4a,5942.3
87814,T4b,5942.3
93622,T4c,5942.3
60856,T2a,5942.3
10037,VS,5942.3
69063,Mi1,5942.3
34356,Mi1,5942.4
38227,Mi1,5942.4
39158,Mi1,5942.4
73029,T2,5942.4
90655,T4a,5942.4
102801,T4b,5942.4
108847,T4d,5942.5
109727,T4b,5942.5
104027,T4d,5942.5
48060,Mi1,5942.5
83432,Tm3,5942.5
87937,T4d,5942.6
14416,VST2,5942.6
35173,Mi1,5942.6
37113,Mi1,5942.6
38479,Mi1,5942.6
48531,Mi1,5942.6
65531,T2a,5942.6
79070,T2a,5942.6
93588,T4b,5942.6
94624,T4a,5942.6
100310,T4d,5942.7
86558,T4b,5942.7
109652,T4d,5942.7
35770,Mi1,5942.7
38987,Mi1,5942.7
92415,T4a,5942.8
86536,Tm3,5942.8
95921,T4c,5942.8
92993,Tm3,5942.8
77307,Tm3,5942.8
546524,Mi1,5942.8
68475,T2a,5942.8
42119,Mi1,5942.8
37555,Mi1,5942.8
31492,Mi1,5942.8
74807,TmY3,5942.8
75966,T2a,5942.9
90423,T4b,5942.9
97105,T4d,5942.9
104996,T4a,5943.0
102147,T4c,5943.0
79483,Tm3,5943.0
71944,T2a,5943.0
33216,Mi1,5943.0
36139,Mi1,5943.0
10311,VS,5943.0
63994,Mi1,5943.0
90145,T4a,5943.1
93927,T4a,5943.1
76788,T4b,5943.1
107567,T4c,5943.1
20808,LC4,5943.1
11134,VSm,5943.1
41637,Mi1,5943.1
113207,T4d,5943.2
102479,T4c,5943.2
91725,T4b,5943.2
72829,T2a,5943.2
70490,Mi1,5943.2
106587,T4d,5943.2
39858,Mi1,5943.2
38241,Mi1,5943.2
10755,H1,5943.2
10015,HSN,5943.2
67810,Tm3,5943.2
110160,T4c,5943.3
109593,Tm3,5943.3
98000,T4b,5943.3
89416,T4c,5943.3
54087,Mi1,5943.3
36954,Mi1,5943.3
35602,Mi1,5943.3
38477,Mi1,5943.3
87845,T4a,5943.400000000001
112393,T4a,5943.400000000001
113852,T4b,5943.400000000001
72989,Tm3,5943.400000000001
111783,T4a,5943.400000000001
60886,T2a,5943.400000000001
38502,Tm3,5943.400000000001
36994,Mi1,5943.400000000001
10025,H2,5943.400000000001
65850,T2a,5943.400000000001
41613,Mi1,5943.5
74502,Tm3,5943.5
77527,T4a,5943.5
84267,T4c,5943.5
90027,T4c,5943.5
88698,T4a,5943.599999999999
78308,T2a,5943.599999999999
80282,T4d,5943.599999999999
40596,Mi1,5943.599999999999
20264,Li28,5943.599999999999
45162,TmY3,5943.599999999999
11551,VS,5943.700000000001
44747,TmY3,5943.700000000001
71475,Tm3,5943.700000000001
93419,T4b,5943.700000000001
102688,T4b,5943.700000000001
48286,Mi1,5943.8
91179,T4a,5943.8
95345,T4d,5943.8
100282,T4a,5943.8
103657,T4b,5943.9
109384,T4d,5943.9
122233,Tm3,5943.9
101302,T4d,5943.9
37353,Mi1,5943.9
67308,Mi1,5943.9
37138,Mi1,5943.9
88095,T4d,5943.9
18127,LC4,5944.0
40936,Mi1,5944.0
48930,TmY3,5944.0
78739,T4b,5944.0
88084,T4b,5944.0
102045,T4a,5944.1
96852,T4a,5944.1
96676,T4b,5944.1
87827,T2a,5944.1
36660,Mi1,5944.1
24338,LC4,5944.1
10284,VS,5944.1
34300,Mi1,5944.1
10016,HSE,5944.2
15909,Li28,5944.2
36684,Mi1,5944.2
37509,Mi1,5944.2
77344,Tm3,5944.2
95532,T4a,5944.3
66345,T2a,5944.3
68342,Tm3,5944.3
35890,Mi1,5944.3
35683,Mi1,5944.3
38767,Mi1,5944.3
10012,VS,5944.4
10023,HSS,5944.4
36646,Mi1,5944.4
38721,Mi1,5944.4
38768,Mi1,5944.4
63468,Mi1,5944.4
88726,T4b,5944.4
96835,T4b,5944.4
99137,T4c,5944.4
102298,T4c,5944.4
122290,Tm3,5944.5
103440,T4d,5944.5
101865,T4a,5944.5
43615,Mi1,5944.5
86416,T4a,5944.5
38421,Mi1,5944.5
98448,T4b,5944.5
108757,T4c,5944.6
36881,Mi1,5944.6
77383,T2a,5944.6
98837,T4c,5944.6
106362,T4d,5944.6
116187,T4c,5944.7
85778,T4b,5944.7
66538,T2,5944.7
10112,VS,5944.8
17596,Li28,5944.8
57398,Mi1,5944.8
81015,T4a,5944.8
93302,T4b,5944.8
94743,T4d,5944.8
96015,T4c,5944.8
99310,T4a,5944.8
100488,T4c,5944.8
107812,T4a,5944.8
110403,T4b,5944.900000000001
94930,T2a,5944.900000000001
36346,Mi1,5944.900000000001
40085,Mi1,5944.900000000001
92939,T4b,5944.900000000001
34862,Mi1,5945.0
37000,Mi1,5945.0
37391,Mi1,5945.0
43872,Mi1,5945.0
60643,Tm3,5945.1
92431,T4a,5945.1
53065,Mi1,5945.1
38857,Mi1,5945.1
38208,Mi1,5945.1
35512,Mi1,5945.1
20634,VST1,5945.200000000001
32962,TmY3,5945.200000000001
35290,Mi1,5945.200000000001
35405,Mi1,5945.200000000001
43978,Mi1,5945.200000000001
65833,Mi1,5945.200000000001
75550,Tm3,5945.200000000001
95453,T4a,5945.200000000001
104621,T4c,5945.200000000001
104683,T4b,5945.3
101620,T4b,5945.3
99157,T4a,5945.3
94282,T4c,5945.3
87452,T2a,5945.3
108697,T4d,5945.3
68212,T2a,5945.3
58576,T2,5945.3
52485,TmY3,5945.3
36275,Mi1,5945.3
35840,Mi1,5945.3
78848,Tm3,5945.3
93224,T4a,5945.400000000001
90278,T4a,5945.400000000001
80435,T2a,5945.400000000001
40411,Mi1,5945.400000000001
40219,Mi1,5945.400000000001
34479,Mi1,5945.400000000001
112744,T4d,5945.5
101215,T4c,5945.5
113648,T4c,5945.5
93865,T4c,5945.5
88746,Tm3,5945.5
81620,T2a,5945.5
35777,Mi1,5945.5
58967,TmY3,5945.5
36695,Mi1,5945.5
34899,Mi1,5945.5
34369,Mi1,5945.5
75298,T2a,5945.5
93527,T4a,5945.6
100190,T4c,5945.6
97784,T4c,5945.6
95051,T4d,5945.6
82299,T4c,5945.6
47368,TmY3,5945.6
62078,Mi1,5945.6
47967,Mi1,5945.6
69597,Tm3,5945.6
38687,Mi1,5945.6
36446,Mi1,5945.6
38708,Mi1,5945.700000000001
74023,T2a,5945.700000000001
89142,T4b,5945.700000000001
91804,T4d,5945.700000000001
101228,T4a,5945.8
97792,T4b,5945.8
89434,T4c,5945.8
88491,T4a,5945.8
73447,Tm3,5945.8
33766,Mi1,5945.8
10037,VS,5945.8
36540,Mi1,5945.9
37088,Mi1,5945.9
39718,Mi1,5945.9
74259,T2a,5945.9
82313,T4a,5945.9
82425,T4b,5945.9
99292,T4a,5945.9
151155,T4b,5946.000000000001
112775,T4d,5946.000000000001
100274,T4a,5946.000000000001
104191,T4a,5946.000000000001
33091,Mi1,5946.1
42675,Mi1,5946.1
82211,T2a,5946.1
101685,T4b,5946.1
124357,T4d,5946.1
73320,T2,5946.2
104714,T4b,5946.2
94058,T4b,5946.2
89139,T4c,5946.2
78025,T2a,5946.2
38529,Mi1,5946.2
104931,T4c,5946.2
34658,Mi1,5946.2
14209,Li28,5946.2
39164,Mi1,5946.2
111134,T4d,5946.3
92472,T4c,5946.3
99773,Tm3,5946.3
96199,T4a,5946.3
81836,T2a,5946.3
35712,Mi1,5946.3
41804,Mi1,5946.3
34189,Mi1,5946.3
10025,H2,5946.3
49441,TmY3,5946.3
121245,Tm3,5946.400000000001
80197,T4a,5946.400000000001
74373,Tm3,5946.400000000001
66980,T2a,5946.400000000001
45719,Mi1,5946.400000000001
36533,Mi1,5946.400000000001
35416,Mi1,5946.400000000001
35218,Mi1,5946.400000000001
33462,Mi1,5946.400000000001
119288,T4d,5946.5
112619,T4d,5946.5
542412,Mi1,5946.5
104390,T4a,5946.5
97145,T4c,5946.5
107181,T4c,5946.5
68918,Tm3,5946.5
37853,Mi1,5946.5
37680,Mi1,5946.5
35580,Mi1,5946.5
80582,T4a,5946.5
10206,VS,5946.6
40171,Mi1,5946.6
103383,T4c,5946.6
104008,T4b,5946.6
115452,T4c,5946.7
97885,T4a,5946.7
94071,T4a,5946.7
93688,T4a,5946.7
33614,Mi1,5946.7
36217,Mi1,5946.7
10015,HSN,5946.7
37948,Mi1,5946.7
100787,T4b,5946.8
119245,T4d,5946.8
118551,Tm3,5946.8
114080,T4a,5946.8
85229,T4c,5946.8
72794,Tm3,5946.8
48986,TmY3,5946.8
43485,Mi1,5946.8
39727,Mi1,5946.8
39629,Mi1,5946.8
35152,Mi1,5946.900000000001
78317,T4a,5946.900000000001
80483,T4c,5946.900000000001
92251,T4b,5946.900000000001
98245,T4c,5946.900000000001
112369,T4d,5946.900000000001
114457,T4d,5946.900000000001
120928,T4d,5947.0
106819,T4b,5947.0
105115,T4d,5947.0
91674,T4a,5947.0
67072,T2a,5947.0
73284,T2a,5947.0
49324,Mi1,5947.0
17280,Li28,5947.0
87808,T4a,5947.0
90058,T4a,5947.1
120312,Tm3,5947.1
108161,T4a,5947.1
105541,T4a,5947.1
104674,T4a,5947.1
99628,T4b,5947.1
92114,T4c,5947.1
88575,T4b,5947.1
39688,Mi1,5947.1
81883,T2a,5947.1
71308,Tm3,5947.1
71230,Tm3,5947.1
58224,Mi1,5947.1
34057,Mi1,5947.1
10016,HSE,5947.1
10001,DNp01,5947.1
85741,T4a,5947.1
118260,T4d,5947.200000000001
109172,T4b,5947.200000000001
96003,T4d,5947.200000000001
34045,Mi1,5947.200000000001
90206,T4b,5947.200000000001
64149,Mi1,5947.200000000001
95287,T4a,5947.200000000001
112241,T4b,5947.3
118948,T4d,5947.3
100633,T4a,5947.3
37839,Mi1,5947.3
84328,T4a,5947.3
88167,T4b,5947.3
11981,Li28,5947.4
39438,Mi1,5947.4
68167,Tm3,5947.4
72586,Tm3,5947.4
75318,T2,5947.4
97545,T4c,5947.4
106886,T4c,5947.4
101383,T4b,5947.500000000001
97675,T4c,5947.500000000001
73723,T2a,5947.500000000001
69164,Mi1,5947.500000000001
66526,T2,5947.500000000001
133349,Tm3,5947.500000000001
57239,Mi1,5947.500000000001
53156,TmY3,5947.500000000001
38648,Mi1,5947.500000000001
37037,Mi1,5947.500000000001
25893,VST1,5947.500000000001
63868,T2a,5947.500000000001
119556,T4b,5947.6
97256,T4c,5947.6
60857,Mi1,5947.6
41659,Mi1,5947.6
74504,T2a,5947.6
37243,Mi1,5947.6
30923,TmY3,5947.6
16596,Li28,5947.6
10755,H1,5947.6
40505,Mi1,5947.6
43334,TmY3,5947.7
87412,T4c,5947.7
91469,T4c,5947.7
94224,T4b,5947.7
103033,T4a,5947.7
36252,Mi1,5947.8
38993,Mi1,5947.8
66808,Tm3,5947.8
106401,T4d,5947.8
102975,T4b,5947.900000000001
83438,T4a,5947.900000000001
85664,TmY3,5947.900000000001
10023,HSS,5947.900000000001
77991,Tm3,5947.900000000001
39716,Mi1,5948.0
40400,Mi1,5948.0
91313,T4a,5948.0
102329,T4d,5948.0
117221,T4c,5948.0
78597,T2a,5948.1
77557,T4b,5948.1
74927,Tm3,5948.1
34867,Mi1,5948.1
37084,Mi1,5948.1
30997,Mi1,5948.1
39405,Mi1,5948.1
93407,T4d,5948.2
537004,VSm,5948.2
99348,T4c,5948.2
91345,T4c,5948.2
104853,T4c,5948.2
65298,T2a,5948.2
55101,Mi1,5948.2
40832,Mi1,5948.2
90533,T4c,5948.2
532850,Tm3,5948.3
110855,T4a,5948.3
525839,Mi1,5948.3
101480,T4c,5948.3
40703,Mi1,5948.3
81733,Tm3,5948.3
44282,Mi1,5948.3
87566,T4a,5948.3
23606,Mi1,5948.400000000001
34171,Mi1,5948.400000000001
37224,Mi1,5948.400000000001
101878,T4a,5948.400000000001
112613,T4d,5948.5
36369,Mi1,5948.5
45319,Mi1,5948.5
50333,TmY3,5948.5
94153,T4d,5948.5
96989,T4d,5948.5
103073,T4a,5948.5
91987,T4c,5948.599999999999
51231,TmY3,5948.599999999999
94368,T4a,5948.599999999999
90567,T4b,5948.599999999999
93750,T4c,5948.599999999999
89110,Tm3,5948.599999999999
36990,Mi1,5948.599999999999
84800,Tm3,5948.599999999999
81995,Tm3,5948.599999999999
88398,T4a,5948.599999999999
16545,Li28,5948.599999999999
16033,Li28,5948.599999999999
96784,T4b,5948.700000000001
88281,T4b,5948.700000000001
66357,T2a,5948.700000000001
92682,T4a,5948.700000000001
44222,Mi1,5948.700000000001
37044,Mi1,5948.700000000001
10112,VS,5948.700000000001
46784,Mi1,5948.700000000001
10012,VS,5948.8
37294,Mi1,5948.8
37927,Mi1,5948.8
42856,Mi1,5948.8
77232,T2,5948.8
87896,T4a,5948.8
89102,T4d,5948.9
129930,Tm3,5948.9
111823,T4c,5948.9
89092,T4c,5948.9
59397,Mi1,5948.9
88039,T4c,5948.9
74411,Mi1,5948.9
69915,TmY3,5948.9
88933,T4a,5948.9
99671,T4c,5949.0
11134,VSm,5949.0
34296,Mi1,5949.0
37677,Mi1,5949.0
41136,Mi1,5949.0
44700,Mi1,5949.0
67150,T2a,5949.0
74287,Tm3,5949.0
83161,T2a,5949.0
84366,T4b,5949.0
98118,T4c,5949.0
100867,T4b,5949.0
91914,T4a,5949.1
103195,T4a,5949.1
77916,T2a,5949.1
81401,T4b,5949.1
78014,T2a,5949.1
41120,Mi1,5949.1
37438,Mi1,5949.1
36911,Mi1,5949.1
10025,H2,5949.2
33942,Mi1,5949.2
35806,Mi1,5949.2
37631,Mi1,5949.2
37756,Mi1,5949.2
38791,Mi1,5949.2
112344,T4c,5949.2
117627,Tm3,5949.3
116633,T4c,5949.3
114832,T4c,5949.3
98985,T4c,5949.3
94546,T4b,5949.3
34933,Mi1,5949.3
73098,T2a,5949.3
37270,Mi1,5949.3
35045,Mi1,5949.3
10037,VS,5949.3
74044,Tm3,5949.3
75557,Tm3,5949.400000000001
101707,T4c,5949.400000000001
71583,Tm3,5949.400000000001
71164,Mi1,5949.400000000001
39500,Mi1,5949.400000000001
35498,Mi1,5949.400000000001
35836,Mi1,5949.5
40577,Mi1,5949.5
63021,Tm3,5949.5
77906,T2a,5949.5
92055,T4c,5949.5
102016,T4a,5949.5
106952,T4b,5949.5
109868,Tm3,5949.5
127970,Tm3,5949.5
95364,T4d,5949.6
78503,T2a,5949.6
43689,Mi1,5949.6
15909,Li28,5949.6
39595,Mi1,5949.6
41762,TmY3,5949.6
86635,T4c,5949.7
117652,T4d,5949.7
109536,T4d,5949.7
95335,T4a,5949.7
93984,T4b,5949.7
89099,T4a,5949.7
85126,T4a,5949.7
35234,Mi1,5949.7
81486,T4b,5949.7
81309,T2a,5949.7
72501,Mi1,5949.7
57164,TmY3,5949.7
41950,Mi1,5949.7
41668,Mi1,5949.7
82576,T4b,5949.7
128726,Tm3,5949.8
102579,T4b,5949.8
102370,T4c,5949.8
91444,T4c,5949.8
39894,T4b,5949.8
72655,Mi1,5949.8
39067,Mi1,5949.8
37390,Mi1,5949.8
73767,Mi1,5949.8
97878,T4b,5949.900000000001
90097,T4c,5949.900000000001
86504,T4b,5949.900000000001
82130,T2a,5949.900000000001
42048,Mi1,5949.900000000001
23047,Li28,5949.900000000001
10015,HSN,5949.900000000001
43063,Mi1,5949.900000000001
12521,HST,5950.0
60337,TmY3,5950.0
67614,Mi1,5950.0
78940,T4a,5950.0
89290,T4d,5950.0
94953,T4d,5950.0
98911,T4b,5950.0
105135,T4c,5950.0
111416,Tm3,5950.0
87106,T4a,5950.099999999999
90049,T4c,5950.099999999999
88625,T4c,5950.099999999999
80670,T4a,5950.099999999999
104722,T4d,5950.099999999999
45349,Mi1,5950.099999999999
39275,Mi1,5950.099999999999
34938,Mi1,5950.099999999999
10016,HSE,5950.099999999999
78968,Tm3,5950.099999999999
102425,T4b,5950.200000000001
100087,T4b,5950.200000000001
67152,Tm3,5950.200000000001
68522,T2a,5950.200000000001
44119,Mi1,5950.200000000001
32893,Mi1,5950.200000000001
51122,Mi1,5950.200000000001
94471,T4a,5950.3
120992,Tm3,5950.3
138152,Tm3,5950.3
100165,T4b,5950.3
100105,T4a,5950.3
94567,T4c,5950.3
90112,T4c,5950.3
109996,T4c,5950.3
86686,T4c,5950.3
79138,T2a,5950.3
41536,Mi1,5950.3
40795,Mi1,5950.3
39505,Mi1,5950.3
38514,Mi1,5950.3
15263,Li28,5950.3
88992,T4c,5950.3
104972,T4a,5950.4
100215,T4c,5950.4
90520,T4a,5950.4
51963,TmY3,5950.4
101005,T4d,5950.4
38178,Mi1,5950.4
33017,Mi1,5950.4
10284,VS,5950.4
44564,TmY3,5950.4
113228,T4b,5950.5
107464,T4a,5950.5
107031,T4b,5950.5
102564,T4a,5950.5
93142,T4a,5950.5
83946,T4d,5950.5
69380,Tm3,5950.5
63420,Mi1,5950.5
52328,TmY3,5950.5
38893,Mi1,5950.5
34404,Mi1,5950.5
72279,Mi1,5950.5
97249,T4d,5950.6
46662,TmY3,5950.6
34142,Mi1,5950.6
39692,TmY3,5950.6
34329,Mi1,5950.7
71652,Tm3,5950.7
77395,T4b,5950.7
103527,T4c,5950.7
101245,T4a,5950.8
97031,T4c,5950.8
86419,Tm3,5950.8
104123,T4b,5950.8
41464,TmY3,5950.8
33326,Mi1,5950.8
72190,Tm3,5950.8
35724,Mi1,5950.9
36158,Mi1,5950.9
38710,Mi1,5950.9
42895,Mi1,5950.9
43965,Mi1,5950.9
64712,T2a,5950.9
104622,T4b,5950.9
105545,T4d,5950.9
80812,T4a,5951.0
103025,T4a,5951.0
90121,T4b,5951.0
51049,Mi1,5951.0
37585,Mi1,5951.0
38596,Mi1,5951.0
35572,Mi1,5951.0
67464,Mi1,5951.0
42594,Mi1,5951.1
44527,Mi1,5951.1
57349,Mi1,5951.1
77846,Tm3,5951.1
112633,T4b,5951.1
93313,T4a,5951.2
85378,T4a,5951.2
78561,Tm3,5951.2
74725,T2a,5951.2
37599,Mi1,5951.2
40958,Mi1,5951.2
40026,TmY3,5951.2
111380,Tm3,5951.2
68983,Tm3,5951.2
95822,T4b,5951.3
112453,T4c,5951.3
109631,T4b,5951.3
108066,T4b,5951.3
92839,T4b,5951.3
65443,T2a,5951.3
78477,T4a,5951.3
48514,TmY3,5951.3
40944,Mi1,5951.3
33907,Mi1,5951.3
84781,Tm3,5951.3
121420,T4d,5951.400000000001
111017,T4d,5951.400000000001
106801,T4c,5951.400000000001
90952,T4c,5951.400000000001
86724,Tm3,5951.400000000001
107105,T4d,5951.400000000001
84689,Tm3,5951.400000000001
62851,Tm3,5951.400000000001
60698,TmY3,5951.400000000001
10023,HSS,5951.400000000001
85598,T4b,5951.400000000001
114884,T4d,5951.5
94549,T4b,5951.5
83045,Tm3,5951.5
58527,TmY3,5951.5
35428,Mi1,5951.5
10206,VS,5951.5
40235,Mi1,5951.5
107445,T4a,5951.599999999999
110482,T4b,5951.599999999999
110182,T4c,5951.599999999999
108870,T4a,5951.599999999999
88152,T4c,5951.599999999999
41626,Mi1,5951.599999999999
65348,TmY3,5951.599999999999
64977,T2,5951.599999999999
59959,Mi1,5951.599999999999
47686,TmY3,5951.599999999999
84663,T2a,5951.599999999999
98300,T4a,5951.700000000001
77484,T4d,5951.700000000001
93957,T4b,5951.700000000001
31848,Mi1,5951.700000000001
38487,Mi1,5951.700000000001
59528,T2a,5951.8
108270,T4b,5951.8
97306,T4a,5951.8
89485,T4a,5951.8
69736,Tm3,5951.8
67719,T2a,5951.8
64849,Tm3,5951.8
51050,TmY3,5951.8
42872,Mi1,5951.8
44449,TmY3,5951.8
43783,Mi1,5951.8
47240,TmY3,5951.8
41671,TmY3,5951.8
40106,Mi1,5951.8
34463,Mi1,5951.8
16606,VST2,5951.8
129235,Tm3,5951.9
115369,T4c,5951.9
102519,T4a,5951.9
99672,T4a,5951.9
79253,T4a,5951.9
45322,Mi1,5951.9
41296,Mi1,5951.9
40256,Mi1,5951.9
37123,Mi1,5951.9
46230,TmY3,5951.9
97231,T4a,5952.0
108876,T4c,5952.0
97677,T4c,5952.0
112594,T4b,5952.0
71089,Mi1,5952.0
37699,Mi1,5952.0
61768,T2,5952.0
49322,TmY3,5952.0
10072,OA-AL2i1,5952.0
10025,H2,5952.0
70289,Mi1,5952.0
121093,T4b,5952.1
99748,T4b,5952.1
94886,T4d,5952.1
93360,T4b,5952.1
91303,T4b,5952.1
72665,Mi1,5952.1
58862,Mi1,5952.1
37108,Mi1,5952.1
10755,H1,5952.1
87087,T2a,5952.1
112458,T4b,5952.2
102765,T4d,5952.2
115390,T4d,5952.2
68138,TmY3,5952.2
38238,Mi1,5952.2
84292,T4d,5952.2
72426,Tm3,5952.3
97141,T4a,5952.3
105292,T4b,5952.3
91913,T4b,5952.4
96211,T4d,5952.4
107719,T4b,5952.4
102595,T4d,5952.5
99074,T4b,5952.5
93559,T4d,5952.5
92006,T4a,5952.5
48283,TmY3,5952.5
46745,Mi1,5952.5
34079,Mi1,5952.5
66872,T2,5952.5
10112,VS,5952.6
35235,Mi1,5952.6
69546,Tm3,5952.6
93604,T4a,5952.6
101772,Tm3,5952.6
102791,T4c,5952.6
119353,T4b,5952.6
98692,T4a,5952.7
105313,T4a,5952.7
94468,T4c,5952.7
57871,T2,5952.7
35001,Mi1,5952.7
74731,T2a,5952.7
107486,T4c,5952.8
121821,T4c,5952.8
102229,T4d,5952.8
97288,T4c,5952.8
74374,T2a,5952.8
100729,T4b,5952.8
36452,Mi1,5952.8
34606,Mi1,5952.8
33655,Mi1,5952.8
10037,VS,5952.8
65742,Tm3,5952.8
533688,Tm3,5952.900000000001
72983,T2a,5952.900000000001
89282,T4a,5952.900000000001
90900,T4a,5952.900000000001
98175,T4c,5952.900000000001
526158,Mi1,5952.900000000001
108249,T4a,5953.0
95883,T4a,5953.0
123299,T4c,5953.0
84631,T4c,5953.0
35934,Mi1,5953.0
69889,T2a,5953.0
42942,Mi1,5953.0
41654,Mi1,5953.0
70812,TmY3,5953.0
109326,T4c,5953.1
108307,T4b,5953.1
94755,T4a,5953.1
83583,T4d,5953.1
78421,T2a,5953.1
74228,Tm3,5953.1
42758,Mi1,5953.1
39791,Mi1,5953.1
33394,Mi1,5953.1
27788,Mi1,5953.1
10016,HSE,5953.1
10015,HSN,5953.1
45176,Mi1,5953.1
110646,T4b,5953.200000000001
102113,T4b,5953.200000000001
109225,T4a,5953.200000000001
38748,Mi1,5953.200000000001
35845,Mi1,5953.200000000001
45696,Mi1,5953.200000000001
99789,T4d,5953.3
98890,T4c,5953.3
96365,T4a,5953.3
92996,T4a,5953.3
103570,T4d,5953.3
42533,TmY3,5953.3
41809,Mi1,5953.3
35734,Mi1,5953.3
47696,TmY3,5953.3
37568,Mi1,5953.400000000001
41399,Mi1,5953.400000000001
56007,TmY3,5953.400000000001
82099,T4b,5953.400000000001
99609,T4a,5953.400000000001
100855,T4a,5953.400000000001
103108,T4b,5953.400000000001
109857,T4d,5953.400000000001
119213,T4c,5953.400000000001
130861,Tm3,5953.5
116439,T4c,5953.5
104412,T4a,5953.5
92047,T4c,5953.5
91934,T4a,5953.5
96295,T4b,5953.5
46993,T2a,5953.6
85074,T4a,5953.6
85924,T4a,5953.6
87424,T4d,5953.6
97853,T4c,5953.6
98381,T4d,5953.6
99358,T4c,5953.6
105403,T4c,5953.700000000001
98393,T4a,5953.700000000001
88381,Tm3,5953.700000000001
22108,TmY3,5953.700000000001
10012,VS,5953.700000000001
36410,Mi1,5953.700000000001
67113,Mi1,5953.8
75712,Tm3,5953.8
77226,T2a,5953.8
115111,T4a,5953.8
116451,T4c,5953.8
119651,T4c,5953.8
97872,T4d,5953.9
115818,T4a,5953.9
110555,T4b,5953.9
109598,T4b,5953.9
98862,Tm3,5953.9
97528,T4a,5953.9
16033,Li28,5953.9
83677,T4c,5953.9
82208,T2a,5953.9
50552,Mi1,5953.9
11981,Li28,5953.9
90566,T4d,5953.9
117551,Tm3,5954.000000000001
97186,T4a,5954.000000000001
95017,T4c,5954.000000000001
93877,T4c,5954.000000000001
78470,Tm3,5954.000000000001
70632,Tm3,5954.000000000001
65671,Mi1,5954.000000000001
37529,Mi1,5954.000000000001
86907,T4a,5954.000000000001
95681,T4a,5954.1
107010,T4d,5954.1
97981,T4a,5954.1
85856,TmY3,5954.1
82656,T2a,5954.1
85716,T4c,5954.1
69540,TmY3,5954.1
33110,Mi1,5954.1
537004,VSm,5954.2
103343,T4b,5954.2
92706,T4a,5954.2
91325,T4a,5954.2
108438,T4d,5954.2
79257,Tm3,5954.2
74303,Mi1,5954.2
17280,Li28,5954.2
89483,T4a,5954.2
102703,T4a,5954.3
36177,Mi1,5954.3
39525,Mi1,5954.3
41709,Mi1,5954.3
43414,Mi1,5954.3
95629,T4c,5954.3
96219,T4b,5954.3
34626,Mi1,5954.3
104017,T4b,5954.400000000001
24867,VST1,5954.400000000001
100673,T4b,5954.400000000001
118924,Tm3,5954.400000000001
98598,T4c,5954.400000000001
10403,VS,5954.400000000001
66227,Tm3,5954.400000000001
43323,Mi1,5954.400000000001
37019,Mi1,5954.400000000001
71361,Tm3,5954.400000000001
122273,Tm3,5954.5
10269,OA-AL2i2,5954.5
35897,Mi1,5954.5
75135,T2a,5954.5
75172,T2a,5954.5
78086,T4c,5954.5
94893,T4c,5954.5
100032,T4c,5954.5
100981,T4d,5954.5
103148,T4a,5954.5
123490,Tm3,5954.5
105199,T4d,5954.6
109035,T4b,5954.6
98360,T4c,5954.6
108475,T4b,5954.6
35447,Mi1,5954.6
38632,Mi1,5954.6
33446,Mi1,5954.6
15019,Li28,5954.7
16545,Li28,5954.7
33918,Mi1,5954.7
46827,Mi1,5954.7
88460,T2a,5954.7
94356,T4c,5954.7
96394,T4b,5954.7
100501,T4b,5954.7
102845,T4b,5954.8
99922,T4c,5954.8
89252,T4b,5954.8
74159,Tm3,5954.8
73385,T2a,5954.8
111180,T4c,5954.8
64897,T2,5954.8
44592,TmY3,5954.8
35774,Mi1,5954.8
34849,Mi1,5954.8
32535,Mi1,5954.8
66852,Mi1,5954.8
126419,T4d,5954.900000000001
105565,Tm3,5954.900000000001
105521,T4c,5954.900000000001
82674,T4a,5954.900000000001
108625,T4b,5954.900000000001
64256,T2a,5954.900000000001
15909,Li28,5954.900000000001
10025,H2,5954.900000000001
81378,T4b,5954.900000000001
114611,T4d,5955.0
98398,T4c,5955.0
98099,T4b,5955.0
86175,T4a,5955.0
61960,T2,5955.0
48060,Mi1,5955.0
35100,Mi1,5955.0
10023,HSS,5955.0
55706,TmY3,5955.0
93985,T4c,5955.1
108276,T4a,5955.1
114391,T4d,5955.1
80906,T4c,5955.1
103160,T4a,5955.1
38772,Mi1,5955.1
37371,Mi1,5955.1
15422,VST2,5955.1
71131,Tm3,5955.1
69063,Mi1,5955.200000000001
72896,Tm3,5955.200000000001
80080,T2a,5955.200000000001
91806,T4a,5955.200000000001
100838,T4c,5955.200000000001
107835,T4b,5955.3
97769,T4a,5955.3
96728,T4c,5955.3
86932,T4b,5955.3
42691,Mi1,5955.3
61045,TmY3,5955.3
40635,Mi1,5955.3
72194,Tm3,5955.3
95972,T4d,5955.4
99572,T4a,5955.4
116259,T4b,5955.4
87565,T4a,5955.4
96576,T4c,5955.4
46248,Mi1,5955.4
38230,Mi1,5955.4
35113,Mi1,5955.4
24338,LC4,5955.4
68485,T2a,5955.4
11134,VSm,5955.500000000001
40426,Mi1,5955.500000000001
59008,Mi1,5955.500000000001
83465,T4a,5955.500000000001
95458,T4d,5955.500000000001
101770,T4b,5955.500000000001
103765,T4d,5955.500000000001
104884,T4b,5955.500000000001
110076,T4c,5955.6
103351,T4a,5955.6
97866,T4d,5955.6
20808,LC4,5955.6
63175,Mi1,5955.6
35017,Mi1,5955.6
76268,T2a,5955.6
33216,Mi1,5955.7
38461,Mi1,5955.7
60594,TmY3,5955.7
79297,T4a,5955.7
95926,T4a,5955.8
101994,T4a,5955.8
96262,T4c,5955.8
77775,T2a,5955.8
10311,VS,5955.8
55976,Mi1,5955.8
40716,Tm3,5955.8
75343,Tm3,5955.8
41545,Mi1,5955.8
34356,Mi1,5955.900000000001
36305,Mi1,5955.900000000001
38455,Mi1,5955.900000000001
72796,Tm3,5955.900000000001
103579,T4c,5955.900000000001
110910,Tm3,5955.900000000001
19292,Li28,5956.0
10016,HSE,5956.0
67963,Tm3,5956.0
105332,T4b,5956.0
117039,T4c,5956.0
91629,T4a,5956.1
83191,T4a,5956.1
35260,Mi1,5956.1
39158,Mi1,5956.1
96812,T4a,5956.2
41435,Mi1,5956.2
90740,Tm3,5956.2
10284,VS,5956.2
10015,HSN,5956.2
39651,Mi1,5956.2
103344,T4b,5956.3
56564,Mi1,5956.3
40854,Mi1,5956.3
10037,VS,5956.3
38227,Mi1,5956.3
38987,Mi1,5956.3
10112,VS,5956.400000000001
36139,Mi1,5956.400000000001
47211,Mi1,5956.400000000001
67971,Tm3,5956.400000000001
85152,T4c,5956.400000000001
94983,T4c,5956.400000000001
98654,T4d,5956.400000000001
101043,T4c,5956.400000000001
101441,T4a,5956.400000000001
103425,T4a,5956.400000000001
105962,T4b,5956.400000000001
100785,T4b,5956.5
109916,T4d,5956.5
38133,Mi1,5956.5
133040,Tm3,5956.5
116343,T4a,5956.5
97480,T4c,5956.5
35173,Mi1,5956.5
83125,T4b,5956.5
97193,T4a,5956.5
34272,Mi1,5956.5
10755,H1,5956.5
10322,OA-AL2i2,5956.5
41522,Mi1,5956.599999999999
48531,Mi1,5956.599999999999
59864,Tm3,5956.599999999999
93935,T4a,5956.599999999999
107075,T4d,5956.599999999999
106535,T4d,5956.700000000001
95007,T4a,5956.700000000001
94703,T4c,5956.700000000001
79314,T4b,5956.700000000001
71853,T2a,5956.700000000001
107356,T4d,5956.700000000001
41613,Mi1,5956.700000000001
39743,Mi1,5956.700000000001
35888,Mi1,5956.700000000001
35602,Mi1,5956.700000000001
52350,Mi1,5956.700000000001
35770,Mi1,5956.8
38479,Mi1,5956.8
86778,T4a,5956.8
91057,T4c,5956.8
149504,T4d,5956.8
93564,T4d,5956.9
80284,Tm3,5956.9
38477,Mi1,5956.9
38241,Mi1,5956.9
10206,VS,5956.9
37113,Mi1,5956.9
40936,Mi1,5957.0
42119,Mi1,5957.0
62894,Tm3,5957.0
84364,Tm3,5957.0
90219,T4a,5957.0
93025,T4b,5957.0
99163,T4a,5957.0
93947,T4a,5957.1
97318,T4d,5957.1
115422,T4c,5957.1
70697,Tm3,5957.1
63994,Mi1,5957.1
65513,T2a,5957.1
69441,Tm3,5957.2
70490,Mi1,5957.2
72558,T2a,5957.2
88922,T4c,5957.2
95239,T4a,5957.2
113983,T4d,5957.2
546524,Mi1,5957.2
539983,T4c,5957.3
121887,T4b,5957.3
102910,T4b,5957.3
92141,T4a,5957.3
67408,Mi1,5957.3
75473,Tm3,5957.3
71765,T2a,5957.3
37138,Mi1,5957.3
78773,Tm3,5957.3
100956,T4d,5957.400000000001
106166,T4b,5957.400000000001
105363,T4c,5957.400000000001
100924,T4b,5957.400000000001
38857,Mi1,5957.400000000001
41637,Mi1,5957.400000000001
37509,Mi1,5957.400000000001
31492,Mi1,5957.400000000001
76788,T4b,5957.400000000001
107799,T4b,5957.5
107420,T4b,5957.5
106745,T4b,5957.5
101742,T4c,5957.5
89368,T4c,5957.5
81471,Tm3,5957.5
38768,Mi1,5957.5
37353,Mi1,5957.5
36646,Mi1,5957.5
36346,Mi1,5957.5
16570,VST2,5957.5
76446,TmY3,5957.5
77480,Tm3,5957.6
70900,Tm3,5957.6
79259,T4b,5957.6
37555,Mi1,5957.6
36954,Mi1,5957.6
56984,TmY3,5957.6
113414,T4d,5957.7
103867,T4a,5957.7
102741,T4c,5957.7
100206,T4c,5957.7
95990,T4a,5957.7
94289,T4d,5957.7
61353,T2,5957.7
39858,Mi1,5957.7
36994,Mi1,5957.7
36660,Mi1,5957.7
12521,HST,5957.7
90657,T4a,5957.7
62089,Tm3,5957.8
92842,T4a,5957.8
82121,Tm3,5957.8
60979,TmY3,5957.8
97899,T4a,5957.8
44438,Mi1,5957.8
10025,H2,5957.8
10001,DNp01,5957.8
48286,Mi1,5957.8
36446,Mi1,5957.900000000001
36684,Mi1,5957.900000000001
40085,Mi1,5957.900000000001
48607,TmY3,5957.900000000001
68982,Tm3,5957.900000000001
104478,T4d,5958.0
104130,T4a,5958.0
106530,T4d,5958.0
34369,Mi1,5958.0
48894,TmY3,5958.0
38721,Mi1,5958.099999999999
40596,Mi1,5958.099999999999
43615,Mi1,5958.099999999999
67308,Mi1,5958.099999999999
98817,T4a,5958.099999999999
10012,VS,5958.200000000001
50345,TmY3,5958.200000000001
77174,T2a,5958.200000000001
89573,T2a,5958.200000000001
111623,T4a,5958.200000000001
114995,T4b,5958.200000000001
112993,T4b,5958.3
54087,Mi1,5958.3
118029,T4b,5958.3
36540,Mi1,5958.3
37733,TmY3,5958.3
10023,HSS,5958.4
34899,Mi1,5958.4
35512,Mi1,5958.4
58553,TmY3,5958.4
72066,Tm3,5958.4
92146,T4a,5958.4
93166,T4c,5958.4
103557,T4a,5958.4
103645,T4c,5958.4
107334,T4a,5958.4
102462,T4c,5958.5
90888,T4b,5958.5
64540,T2,5958.5
63468,Mi1,5958.5
38208,Mi1,5958.5
43978,Mi1,5958.5
34300,Mi1,5958.5
47967,Mi1,5958.5
92593,T4d,5958.6
96081,T4a,5958.6
86416,T4a,5958.7
94283,T4d,5958.7
92281,T4c,5958.7
75381,Tm3,5958.7
70402,Tm3,5958.7
64341,TmY3,5958.7
20634,VST1,5958.7
20264,Li28,5958.7
37000,Mi1,5958.8
57398,Mi1,5958.8
80793,T2a,5958.8
94324,Tm3,5958.8
106912,Tm3,5958.8
107640,T4c,5958.8
83307,Tm3,5958.9
81494,T2,5958.9
40411,Mi1,5958.9
38529,Mi1,5958.9
35405,Mi1,5958.9
17596,Li28,5958.9
10016,HSE,5958.9
35777,Mi1,5958.9
98668,T4a,5959.0
121170,Tm3,5959.0
120016,Tm3,5959.0
111949,T4c,5959.0
99316,T4b,5959.0
87289,T4a,5959.0
37391,Mi1,5959.0
75027,Tm3,5959.0
83067,T4b,5959.0
35683,Mi1,5959.0
36881,Mi1,5959.0
70239,T2,5959.0
23047,Li28,5959.1
39629,Mi1,5959.1
40171,Mi1,5959.1
62401,T2,5959.1
91857,T4b,5959.1
93972,T4a,5959.1
98887,T4b,5959.1
50633,TmY3,5959.2
77972,Tm3,5959.2
96424,T4b,5959.2
104753,T4a,5959.2
40219,Mi1,5959.3
125171,Tm3,5959.3
119501,T4d,5959.3
49930,TmY3,5959.3
36275,Mi1,5959.3
34862,Mi1,5959.3
16033,Li28,5959.3
10015,HSN,5959.3
37948,Mi1,5959.3
39718,Mi1,5959.400000000001
43872,Mi1,5959.400000000001
73828,Tm3,5959.400000000001
95736,T4c,5959.400000000001
35890,Mi1,5959.5
100874,T4a,5959.5
90419,T4b,5959.5
82699,Tm3,5959.5
35840,Mi1,5959.5
65833,Mi1,5959.5
103780,T4c,5959.5
82529,T2a,5959.5
134209,Tm3,5959.5
105412,T4a,5959.599999999999
111184,T4a,5959.599999999999
99670,T4c,5959.599999999999
35152,Mi1,5959.599999999999
34479,Mi1,5959.599999999999
90493,T4b,5959.599999999999
108907,T4c,5959.700000000001
108065,T4c,5959.700000000001
104257,T4b,5959.700000000001
90423,T4b,5959.700000000001
117151,T4d,5959.700000000001
67810,Tm3,5959.700000000001
59599,T2,5959.700000000001
41804,Mi1,5959.700000000001
11981,Li28,5959.700000000001
79646,Tm3,5959.700000000001
102991,T4c,5959.8
99387,T4a,5959.8
97028,T4c,5959.8
95554,T4b,5959.8
88870,Tm3,5959.8
83204,T4d,5959.8
36533,Mi1,5959.8
33091,Mi1,5959.8
10037,VS,5959.8
84063,T4b,5959.8
102799,T4c,5959.9
108675,T4b,5959.9
100033,T4c,5959.9
64485,T2,5959.9
35416,Mi1,5959.9
89409,T4a,5959.9
45719,Mi1,5960.0
58196,TmY3,5960.0
99423,T4d,5960.0
99731,T4c,5960.0
100282,T4a,5960.0
117586,T4c,5960.0
42006,TmY3,5960.1
104297,T4a,5960.1
98238,T4b,5960.1
95074,T4a,5960.1
15909,Li28,5960.1
42675,Mi1,5960.1
36217,Mi1,5960.1
130994,Tm3,5960.1
53065,Mi1,5960.1
131034,Tm3,5960.2
98194,T4d,5960.2
107819,T4c,5960.2
104996,T4a,5960.2
71938,T2a,5960.2
38708,Mi1,5960.2
38767,Mi1,5960.2
10825,OA-AL2i3,5960.2
62078,Mi1,5960.2
16545,Li28,5960.2
10112,VS,5960.3
38421,Mi1,5960.3
49324,Mi1,5960.3
72148,Tm3,5960.3
86992,T4b,5960.3
39438,Mi1,5960.4
81996,T2a,5960.4
78856,Tm3,5960.4
69961,Tm3,5960.4
64149,Mi1,5960.4
35290,Mi1,5960.4
40505,Mi1,5960.4
37088,Mi1,5960.4
33766,Mi1,5960.4
44222,Mi1,5960.4
104256,T4a,5960.5
110988,T4a,5960.5
537004,VSm,5960.5
95227,T4a,5960.5
51870,TmY3,5960.5
50311,TmY3,5960.5
103497,Tm3,5960.5
542412,Mi1,5960.6
135612,Tm3,5960.6
109153,T4a,5960.6
106338,T4a,5960.6
87358,T4a,5960.6
94596,T4b,5960.6
81950,Tm3,5960.6
80437,Tm3,5960.6
58945,Tm3,5960.6
45319,Mi1,5960.6
37037,Mi1,5960.6
83042,T4b,5960.6
119601,T4d,5960.7
111613,T4d,5960.7
103654,T4b,5960.7
101721,T4d,5960.7
97004,T4c,5960.7
94668,T4d,5960.7
94866,T4d,5960.7
91505,T4c,5960.7
85170,T4c,5960.7
70188,T2,5960.7
39727,Mi1,5960.7
33462,Mi1,5960.7
94179,T4a,5960.7
103302,T4c,5960.8
102031,T4c,5960.8
78943,T2a,5960.8
38993,Mi1,5960.8
53075,TmY3,5960.8
36695,Mi1,5960.8
34057,Mi1,5960.8
10025,H2,5960.8
38648,Mi1,5960.8
10687,OA-AL2i3,5960.900000000001
33614,Mi1,5960.900000000001
85866,T4b,5960.900000000001
114698,T4b,5960.900000000001
115686,T4b,5960.900000000001
116129,T4b,5960.900000000001
95677,T4c,5961.0
96126,T4b,5961.0
89866,T4b,5961.0
35712,Mi1,5961.0
37839,Mi1,5961.0
34658,Mi1,5961.0
40400,Mi1,5961.0
10755,H1,5961.1
69164,Mi1,5961.1
79449,T4b,5961.1
83438,T4a,5961.1
85429,T4d,5961.1
101382,T4c,5961.1
107529,T4d,5961.200000000001
101081,T4c,5961.200000000001
86696,T4d,5961.200000000001
34189,Mi1,5961.200000000001
37680,Mi1,5961.200000000001
35580,Mi1,5961.200000000001
74010,T2a,5961.200000000001
96671,T4c,5961.3
106295,T4b,5961.3
101945,T4b,5961.3
92644,T4d,5961.3
58224,Mi1,5961.3
43485,Mi1,5961.3
37243,Mi1,5961.3
30997,Mi1,5961.3
17280,Li28,5961.3
48186,TmY3,5961.400000000001
57950,Tm3,5961.400000000001
60857,Mi1,5961.400000000001
72132,Tm3,5961.400000000001
84010,Tm3,5961.400000000001
99636,T4d,5961.400000000001
124699,T4b,5961.5
110968,T4b,5961.5
107709,T4a,5961.5
84434,Tm3,5961.5
37853,Mi1,5961.5
69980,Tm3,5961.5
41136,Mi1,5961.5
39164,Mi1,5961.5
76003,Tm3,5961.5
106821,T4b,5961.6
112969,T4c,5961.6
106701,T4d,5961.6
98575,T4a,5961.6
96134,T4b,5961.6
72619,T2a,5961.6
34045,Mi1,5961.6
36252,Mi1,5961.700000000001
40703,Mi1,5961.700000000001
96307,T4a,5961.700000000001
101072,T4b,5961.700000000001
107715,T4a,5961.700000000001
112806,T4c,5961.8
104942,T4a,5961.8
94081,T4c,5961.8
39275,Mi1,5961.8
14209,Li28,5961.8
34867,Mi1,5961.8
10023,HSS,5961.8
10016,HSE,5961.8
38687,Mi1,5961.8
97877,T4d,5961.9
114338,T4c,5961.9
132339,Tm3,5961.9
98788,T4d,5961.9
84008,T4c,5961.9
113991,T4d,5961.9
64058,T2,5961.9
37927,Mi1,5961.9
34296,Mi1,5961.9
33017,Mi1,5961.9
79704,T4d,5961.9
23606,Mi1,5962.000000000001
57239,Mi1,5962.000000000001
68562,T2a,5962.000000000001
81015,T4a,5962.000000000001
97161,T4a,5962.000000000001
116311,T4d,5962.1
77527,T4a,5962.1
93941,T4b,5962.1
35498,Mi1,5962.1
52151,TmY3,5962.1
11134,VSm,5962.2
41120,Mi1,5962.2
68840,TmY3,5962.2
93021,T4a,5962.2
95235,T4d,5962.2
98349,T4a,5962.2
99131,T4c,5962.2
102975,T4b,5962.2
800146,TTMn,5962.2
95528,T4d,5962.3
112027,T4d,5962.3
104336,T4b,5962.3
48547,TmY3,5962.3
36990,Mi1,5962.3
37084,Mi1,5962.3
35218,Mi1,5962.3
37224,Mi1,5962.3
10015,HSN,5962.400000000001
14416,VST2,5962.400000000001
38791,Mi1,5962.400000000001
55101,Mi1,5962.400000000001
77361,T4a,5962.400000000001
83682,Tm3,5962.400000000001
104202,T4d,5962.400000000001
525839,Mi1,5962.5
106522,T4d,5962.5
85536,T4a,5962.5
34171,Mi1,5962.5
43689,Mi1,5962.5
41950,Mi1,5962.5
68535,T2a,5962.5
105802,T4c,5962.6
113107,T4a,5962.6
107609,T4d,5962.6
120594,T4c,5962.6
102742,T4d,5962.6
35045,Mi1,5962.6
44282,Mi1,5962.6
10206,VS,5962.6
100856,T4a,5962.6
10284,VS,5962.6
39716,Mi1,5962.7
41668,Mi1,5962.7
45948,TmY3,5962.7
56118,TmY3,5962.7
71036,T2a,5962.7
100488,T4c,5962.8
106922,T4c,5962.8
106190,T4d,5962.8
105115,T4d,5962.8
97145,T4c,5962.8
89825,T4a,5962.8
104802,T4c,5962.8
59397,Mi1,5962.900000000001
92640,T4d,5962.900000000001
77910,Tm3,5962.900000000001
68475,T2a,5962.900000000001
99011,T4c,5962.900000000001
47962,TmY3,5962.900000000001
39595,Mi1,5962.900000000001
37677,Mi1,5962.900000000001
37438,Mi1,5962.900000000001
36911,Mi1,5962.900000000001
33326,Mi1,5962.900000000001
45005,TmY3,5962.900000000001
111746,Tm3,5963.0
86578,T4c,5963.0
74937,T2a,5963.0
69793,T2a,5963.0
64913,T2,5963.0
63673,Tm3,5963.0
62562,T2,5963.0
56918,TmY3,5963.0
46121,TmY3,5963.0
40795,Mi1,5963.0
39405,Mi1,5963.0
37756,Mi1,5963.0
16596,Li28,5963.0
58703,T2,5963.0
44700,Mi1,5963.099999999999
96676,T4b,5963.099999999999
39688,Mi1,5963.099999999999
105300,T4a,5963.099999999999
36369,Mi1,5963.099999999999
34933,Mi1,5963.099999999999
37294,Mi1,5963.099999999999
102572,T4c,5963.200000000001
88353,T4b,5963.200000000001
82282,Tm3,5963.200000000001
71447,T4c,5963.200000000001
71164,Mi1,5963.200000000001
122308,Tm3,5963.200000000001
44119,Mi1,5963.200000000001
41659,Mi1,5963.200000000001
37044,Mi1,5963.200000000001
35806,Mi1,5963.200000000001
46784,Mi1,5963.200000000001
117862,T4d,5963.3
63489,T2,5963.3
107082,T4d,5963.3
49788,TmY3,5963.3
42895,Mi1,5963.3
61659,Tm3,5963.3
91469,T4c,5963.4
171349687,Tm3,5963.4
530434,Tm3,5963.4
109142,T4b,5963.4
97675,T4c,5963.4
94624,T4a,5963.4
94482,T4d,5963.4
89784,T4b,5963.4
10037,VS,5963.4
73767,Mi1,5963.4
61968,T2,5963.4
58967,TmY3,5963.4
38178,Mi1,5963.4
37270,Mi1,5963.4
24338,LC4,5963.4
82038,Tm3,5963.4
97184,T4d,5963.500000000001
109831,T4d,5963.500000000001
105574,T4d,5963.500000000001
98417,T4d,5963.500000000001
98226,T4b,5963.500000000001
85938,T4a,5963.500000000001
102448,T4d,5963.500000000001
76061,T2a,5963.500000000001
10012,VS,5963.500000000001
41536,Mi1,5963.500000000001
83979,T4a,5963.500000000001
51122,Mi1,5963.500000000001
54503,TmY3,5963.500000000001
116610,T4d,5963.6
91222,T4d,5963.6
87845,T4a,5963.6
116716,T4b,5963.6
44244,TmY3,5963.6
43063,Mi1,5963.6
39067,Mi1,5963.6
47465,TmY3,5963.6
98137,T4d,5963.6
34142,Mi1,5963.7
34938,Mi1,5963.7
35836,Mi1,5963.7
42856,Mi1,5963.7
94147,T4a,5963.7
94305,T4a,5963.7
94948,T4c,5963.7
104905,T4c,5963.7
106121,T4a,5963.7
86715,Tm3,5963.8
104450,T4a,5963.8
37631,Mi1,5963.8
10025,H2,5963.8
100946,T4c,5963.900000000001
35724,Mi1,5963.900000000001
39500,Mi1,5963.900000000001
40832,Mi1,5963.900000000001
42872,Mi1,5963.900000000001
66345,T2a,5963.900000000001
84490,T4a,5963.900000000001
88815,T4d,5963.900000000001
100046,T4b,5963.900000000001
106950,T4c,5964.0
101463,T4d,5964.0
101228,T4a,5964.0
99850,T4a,5964.0
40577,Mi1,5964.0
44527,Mi1,5964.0
35234,Mi1,5964.0
120201,T4b,5964.0
68264,Tm3,5964.0
108010,T4c,5964.1
102388,T4d,5964.1
112088,T4d,5964.1
108325,T4c,5964.1
96657,T4c,5964.1
38238,Mi1,5964.1
74411,Mi1,5964.1
72279,Mi1,5964.1
67002,T2,5964.1
87873,T4b,5964.1
10112,VS,5964.1
33942,Mi1,5964.2
38514,Mi1,5964.2
57349,Mi1,5964.2
69425,T2a,5964.2
70153,Tm3,5964.2
71052,T2a,5964.2
85778,T4b,5964.2
90394,T4a,5964.2
92054,T4b,5964.3
83227,Tm3,5964.3
67150,T2a,5964.3
90465,T4a,5964.3
45349,Mi1,5964.3
42594,Mi1,5964.3
32893,Mi1,5964.3
66214,T2a,5964.3
51049,Mi1,5964.400000000001
91510,T4c,5964.400000000001
92431,T4a,5964.400000000001
106200,T4c,5964.400000000001
113945,T4d,5964.5
111980,T4d,5964.5
98026,T4b,5964.5
94089,T4d,5964.5
81211,Tm3,5964.5
90145,T4a,5964.5
25893,VST1,5964.5
15263,Li28,5964.5
91987,T4c,5964.5
93750,T4c,5964.599999999999
107812,T4a,5964.599999999999
105126,T4c,5964.599999999999
112310,T4d,5964.599999999999
93527,T4a,5964.599999999999
93865,T4c,5964.599999999999
86141,T4b,5964.599999999999
82976,Tm3,5964.599999999999
78739,T4b,5964.599999999999
73807,Tm3,5964.599999999999
64633,T2a,5964.599999999999
93509,T4b,5964.599999999999
151155,T4b,5964.700000000001
107170,T4b,5964.700000000001
98504,T4c,5964.700000000001
92939,T4b,5964.700000000001
31848,Mi1,5964.700000000001
10016,HSE,5964.700000000001
32962,TmY3,5964.700000000001
16033,Li28,5964.8
91366,T4b,5964.8
97326,T4c,5964.8
98467,T4d,5964.8
99663,T4c,5964.8
122333,T4b,5964.9
61695,T2,5964.9
72501,Mi1,5964.9
49942,TmY3,5964.9
37699,Mi1,5964.9
61370,T2,5964.9
33907,Mi1,5965.0
37390,Mi1,5965.0
42533,TmY3,5965.0
72955,T2a,5965.0
82425,T4b,5965.0
93419,T4b,5965.0
103314,T4b,5965.0
105214,T4c,5965.0
103870,T4a,5965.1
99975,T4c,5965.1
96035,T4d,5965.1
91179,T4a,5965.1
40235,Mi1,5965.1
80282,T4d,5965.1
41296,Mi1,5965.1
38710,Mi1,5965.1
87763,T4a,5965.1
79271,T4a,5965.2
122233,Tm3,5965.2
101732,T4c,5965.2
98625,T4a,5965.2
74088,T2a,5965.2
100190,T4c,5965.2
39505,Mi1,5965.2
37599,Mi1,5965.2
37585,Mi1,5965.2
40256,Mi1,5965.2
35428,Mi1,5965.2
10023,HSS,5965.2
111783,T4a,5965.3
108948,T4b,5965.3
107628,T4d,5965.3
107184,Tm3,5965.3
96434,T4d,5965.3
78735,T2a,5965.3
76733,Tm3,5965.3
63825,Tm3,5965.3
60886,T2a,5965.3
43965,Mi1,5965.3
43783,Mi1,5965.3
39692,TmY3,5965.3
34329,Mi1,5965.3
15909,Li28,5965.3
71089,Mi1,5965.3
101885,T4a,5965.400000000001
107442,T4d,5965.400000000001
105895,T4a,5965.400000000001
105640,T4d,5965.400000000001
93566,T4a,5965.400000000001
34404,Mi1,5965.400000000001
67614,Mi1,5965.400000000001
59959,Mi1,5965.400000000001
40944,Mi1,5965.400000000001
74997,Tm3,5965.400000000001
110693,Tm3,5965.5
106840,T4b,5965.5
103022,T4a,5965.5
96830,T4b,5965.5
92046,T4d,5965.5
42048,Mi1,5965.5
38596,Mi1,5965.5
11981,Li28,5965.5
10015,HSN,5965.5
42010,TmY3,5965.5
69266,Tm3,5965.6
86917,Tm3,5965.6
65235,T2,5965.6
112179,T4b,5965.6
40106,Mi1,5965.6
37123,Mi1,5965.6
16545,Li28,5965.6
51191,TmY3,5965.6
90796,T4d,5965.7
88491,T4a,5965.7
51231,TmY3,5965.7
110987,Tm3,5965.7
39894,T4b,5965.7
35572,Mi1,5965.7
45322,Mi1,5965.7
34463,Mi1,5965.8
36158,Mi1,5965.8
38893,Mi1,5965.8
42758,Mi1,5965.8
45696,Mi1,5965.8
62856,T2,5965.8
89099,T4a,5965.8
115511,T4d,5965.8
92957,T4d,5965.900000000001
102540,T4b,5965.900000000001
82299,T4c,5965.900000000001
98751,T4a,5965.900000000001
65803,T2,5965.900000000001
35001,Mi1,5965.900000000001
10755,H1,5965.900000000001
80913,T4a,5965.900000000001
12521,HST,5966.0
72665,Mi1,5966.0
79358,T2a,5966.0
83365,T2a,5966.0
89728,Tm3,5966.0
92684,T4c,5966.0
97015,T4a,5966.0
99671,T4c,5966.099999999999
40958,Mi1,5966.099999999999
92911,T4c,5966.099999999999
35235,Mi1,5966.099999999999
38487,Mi1,5966.099999999999
34079,Mi1,5966.200000000001
35897,Mi1,5966.200000000001
36452,Mi1,5966.200000000001
63420,Mi1,5966.200000000001
80582,T4a,5966.200000000001
83009,T4b,5966.200000000001
90371,T4d,5966.200000000001
97256,T4c,5966.200000000001
125288,Tm3,5966.200000000001
91476,T4d,5966.3
93482,T4d,5966.3
107095,T4c,5966.3
88575,T4b,5966.3
59277,TmY3,5966.3
84267,T4c,5966.3
50333,TmY3,5966.3
88435,Tm3,5966.3
82313,T4a,5966.4
98846,T4c,5966.4
102786,Tm3,5966.4
108594,T4d,5966.4
526158,Mi1,5966.5
117748,Tm3,5966.5
104621,T4c,5966.5
102801,T4b,5966.5
101961,Tm3,5966.5
95005,T4a,5966.5
58862,Mi1,5966.5
83718,Tm3,5966.5
47368,TmY3,5966.5
46745,Mi1,5966.5
41626,Mi1,5966.5
37108,Mi1,5966.5
91682,T4b,5966.5
100075,T4c,5966.6
134799,Tm3,5966.6
121816,T4a,5966.6
94574,T4c,5966.6
67464,Mi1,5966.6
90278,T4a,5966.6
79875,T4c,5966.6
68933,Tm3,5966.6
93927,T4a,5966.6
105698,T4c,5966.7
105242,T4c,5966.7
101620,T4b,5966.7
99863,T4d,5966.7
98000,T4b,5966.7
95985,T4c,5966.7
74061,Tm3,5966.7
46324,TmY3,5966.7
10037,VS,5966.7
10025,H2,5966.7
96107,T4d,5966.7
76621,T2a,5966.8
72655,Mi1,5966.8
96090,T4c,5966.8
42942,Mi1,5966.8
35934,Mi1,5966.8
60856,T2a,5966.8
537004,VSm,5966.9
104018,T4c,5966.9
103657,T4b,5966.9
101230,T4a,5966.9
98222,T4d,5966.9
97704,T2a,5966.9
84038,Tm3,5966.9
70289,Mi1,5966.9
68951,TmY3,5966.9
54885,TmY3,5966.9
33655,Mi1,5966.9
85378,T4a,5966.9
94058,T4b,5967.0
101033,T4d,5967.0
113686,T4d,5967.0
95921,T4c,5967.0
91741,T4d,5967.0
100799,T4c,5967.0
75521,T2a,5967.0
67113,Mi1,5967.0
48267,TmY3,5967.0
35845,Mi1,5967.0
76074,Tm3,5967.0
114088,T4d,5967.1
100774,T4a,5967.1
98549,T4a,5967.1
88933,T4a,5967.1
82618,T2a,5967.1
91283,T4c,5967.1
70642,T2a,5967.1
44449,TmY3,5967.1
41709,Mi1,5967.1
35734,Mi1,5967.1
10206,VS,5967.1
77920,Tm3,5967.1
37568,Mi1,5967.2
41654,Mi1,5967.2
77307,Tm3,5967.2
80483,T4c,5967.2
82145,T2a,5967.2
95454,T4a,5967.2
96260,T4d,5967.2
108974,T4c,5967.2
108344,T4d,5967.3
98139,T4d,5967.3
104582,T4d,5967.3
39791,Mi1,5967.3
89934,T4d,5967.3
33394,Mi1,5967.400000000001
34606,Mi1,5967.400000000001
41399,Mi1,5967.400000000001
65307,T2,5967.400000000001
95356,T4a,5967.400000000001
97171,T4d,5967.400000000001
114817,T4d,5967.400000000001
117631,T4d,5967.400000000001
547091,T2,5967.400000000001
102579,T4b,5967.5
110742,T4c,5967.5
101302,T4d,5967.5
88617,T4a,5967.5
67072,T2a,5967.5
10311,VS,5967.5
48514,TmY3,5967.5
45176,Mi1,5967.5
10072,OA-AL2i1,5967.5
10016,HSE,5967.5
60863,T2,5967.5
98404,T4d,5967.599999999999
118658,T4a,5967.599999999999
111928,T4b,5967.599999999999
101215,T4c,5967.599999999999
98748,T4c,5967.599999999999
94549,T4b,5967.599999999999
10001,DNp01,5967.599999999999
89434,T4c,5967.599999999999
88698,T4a,5967.599999999999
85009,Tm3,5967.599999999999
80670,T4a,5967.599999999999
66808,Tm3,5967.599999999999
90533,T4c,5967.599999999999
88127,T4b,5967.700000000001
37529,Mi1,5967.700000000001
38748,Mi1,5967.700000000001
41809,Mi1,5967.700000000001
65671,Mi1,5967.700000000001
71475,Tm3,5967.700000000001
105849,T4d,5967.700000000001
81305,Tm3,5967.8
80812,T4a,5967.8
111236,T4d,5967.8
79936,Tm3,5967.8
43414,Mi1,5967.8
36410,Mi1,5967.8
10112,VS,5967.8
53156,TmY3,5967.8
33110,Mi1,5967.9
50552,Mi1,5967.9
91345,T4c,5967.9
98039,T4d,5967.9
107445,T4a,5967.9
109727,T4b,5967.9
114207,T4a,5968.0
109336,T4b,5968.0
101589,T4a,5968.0
92552,T4a,5968.0
85731,T4d,5968.0
75723,Tm3,5968.0
78911,Tm3,5968.0
69536,Tm3,5968.0
38461,Mi1,5968.0
10284,VS,5968.0
84328,T4a,5968.0
88084,T4b,5968.1
110989,T4b,5968.1
105379,T4c,5968.1
101134,T4c,5968.1
96931,T4b,5968.1
87896,T4a,5968.1
34626,Mi1,5968.1
78437,Tm3,5968.1
71228,T2a,5968.1
48060,Mi1,5968.1
47211,Mi1,5968.1
87566,T4a,5968.1
96163,T4b,5968.2
33446,Mi1,5968.2
38632,Mi1,5968.2
69228,T2a,5968.2
73586,Tm3,5968.2
76121,Tm3,5968.2
113410,T4d,5968.2
90259,T4d,5968.3
99950,T4c,5968.3
89020,T4a,5968.3
76528,Tm3,5968.3
66852,Mi1,5968.3
43323,Mi1,5968.3
32535,Mi1,5968.3
73122,T2a,5968.3
112944,T4b,5968.4
96774,T4c,5968.4
97878,T4b,5968.4
68167,Tm3,5968.4
10012,VS,5968.4
46248,Mi1,5968.4
36177,Mi1,5968.4
66227,Tm3,5968.4
104354,T4b,5968.500000000001
96199,T4a,5968.500000000001
95242,T4d,5968.500000000001
83583,T4d,5968.500000000001
76524,Tm3,5968.500000000001
62838,TmY3,5968.500000000001
41545,Mi1,5968.500000000001
39525,Mi1,5968.500000000001
37019,Mi1,5968.500000000001
66538,T2,5968.500000000001
78940,T4a,5968.6
97835,T4a,5968.6
90135,T4c,5968.6
90097,T4c,5968.6
62947,T2a,5968.6
67131,Tm3,5968.6
35100,Mi1,5968.6
34849,Mi1,5968.6
10023,HSS,5968.6
10015,HSN,5968.6
37371,Mi1,5968.6
77891,Tm3,5968.7
18127,LC4,5968.7
27788,Mi1,5968.7
46827,Mi1,5968.7
54423,TmY3,5968.7
92047,T4c,5968.7
98312,T4a,5968.7
105276,T4d,5968.7
111010,T4c,5968.7
80899,TmY3,5968.8
80197,T4a,5968.8
89485,T4a,5968.8
72938,T2a,5968.8
77484,T4d,5968.8
100310,T4d,5968.8
104911,T4c,5968.900000000001
70800,Tm3,5968.900000000001
35017,Mi1,5969.0
35447,Mi1,5969.0
40426,Mi1,5969.0
40599,TmY3,5969.0
95453,T4a,5969.0
102147,T4c,5969.0
104858,T4b,5969.0
97105,T4d,5969.1
92082,T4b,5969.1
71931,Tm3,5969.1
11134,VSm,5969.1
38227,Mi1,5969.1
19292,Li28,5969.1
55976,Mi1,5969.1
106203,T4d,5969.200000000001
128159,T4d,5969.200000000001
103195,T4a,5969.200000000001
97784,T4c,5969.200000000001
89282,T4a,5969.200000000001
69063,Mi1,5969.200000000001
36305,Mi1,5969.200000000001
95345,T4d,5969.200000000001
90467,T4d,5969.3
15019,Li28,5969.3
23047,Li28,5969.3
42691,Mi1,5969.3
52350,Mi1,5969.3
76653,T2a,5969.3
84631,T4c,5969.3
92171,T4b,5969.3
112048,T4c,5969.3
99519,T4a,5969.400000000001
91288,T4c,5969.400000000001
85741,T4a,5969.400000000001
102220,T4a,5969.400000000001
64579,T2,5969.400000000001
20634,VST1,5969.400000000001
74303,Mi1,5969.400000000001
108461,T4b,5969.400000000001
92668,T2a,5969.5
48531,Mi1,5969.5
99980,T4c,5969.5
35770,Mi1,5969.5
17280,Li28,5969.5
45162,TmY3,5969.5
117179,T4c,5969.6
114196,T4d,5969.6
100247,T4c,5969.6
89102,T4d,5969.6
33216,Mi1,5969.6
38230,Mi1,5969.6
35113,Mi1,5969.6
10025,H2,5969.6
38772,Mi1,5969.6
33918,Mi1,5969.700000000001
40936,Mi1,5969.700000000001
65531,T2a,5969.700000000001
71437,T2a,5969.700000000001
102814,T4b,5969.700000000001
124362,T4c,5969.700000000001
102298,T4c,5969.8
83677,T4c,5969.8
79293,Tm3,5969.8
39158,Mi1,5969.8
38241,Mi1,5969.8
35173,Mi1,5969.8
10037,VS,5969.8
34356,Mi1,5969.9
59008,Mi1,5969.9
95928,T4c,5969.9
96003,T4d,5969.9
100319,T4b,5969.9
109645,T4b,5969.9
101873,T4b,5970.000000000001
101244,T4b,5970.000000000001
75067,TmY3,5970.000000000001
69543,T2a,5970.000000000001
56564,Mi1,5970.000000000001
10269,OA-AL2i2,5970.000000000001
38455,Mi1,5970.000000000001
34272,Mi1,5970.000000000001
20808,LC4,5970.000000000001
38857,Mi1,5970.000000000001
16033,Li28,5970.1
35774,Mi1,5970.1
56136,Tm3,5970.1
87808,T4a,5970.1
100018,T4a,5970.1
128916,Tm3,5970.2
74375,Tm3,5970.2
39743,Mi1,5970.2
71230,Tm3,5970.2
94071,T4a,5970.3
104683,T4b,5970.3
107143,T4d,5970.3
102977,T4d,5970.3
94282,T4c,5970.3
63175,Mi1,5970.3
10403,VS,5970.3
38987,Mi1,5970.3
38477,Mi1,5970.3
35888,Mi1,5970.3
31492,Mi1,5970.3
10016,HSE,5970.3
41613,Mi1,5970.3
15909,Li28,5970.400000000001
35602,Mi1,5970.400000000001
37138,Mi1,5970.400000000001
41435,Mi1,5970.400000000001
83556,Tm3,5970.400000000001
100345,T4c,5970.400000000001
105718,T4b,5970.400000000001
109649,T4c,5970.5
93334,T4b,5970.5
77395,T4b,5970.5
90474,T4b,5970.5
40854,Mi1,5970.5
38133,Mi1,5970.5
37555,Mi1,5970.5
43924,TmY3,5970.5
87827,T2a,5970.6
78317,T4a,5970.6
78308,T2a,5970.6
90027,T4c,5970.6
39651,Mi1,5970.6
37353,Mi1,5970.6
40026,TmY3,5970.6
15422,VST2,5970.7
25584,LC4,5970.7
56291,TmY3,5970.7
71773,T2a,5970.7
75343,Tm3,5970.7
99292,T4a,5970.7
120231,Tm3,5970.7
546524,Mi1,5970.7
103033,T4a,5970.8
82099,T4b,5970.8
94356,T4c,5970.8
38479,Mi1,5970.8
44564,TmY3,5970.8
10755,H1,5970.8
118385,T4b,5970.900000000001
117662,T4d,5970.900000000001
102514,T4a,5970.900000000001
90219,T4a,5970.900000000001
87255,T2a,5970.900000000001
101480,T4c,5970.900000000001
37509,Mi1,5970.900000000001
37113,Mi1,5970.900000000001
35260,Mi1,5970.900000000001
21225,LC4,5970.900000000001
10322,OA-AL2i2,5970.900000000001
48930,TmY3,5970.900000000001
36139,Mi1,5971.0
38721,Mi1,5971.0
90121,T4b,5971.0
112393,T4a,5971.0
94743,T4d,5971.099999999999
98938,T4a,5971.099999999999
48286,Mi1,5971.099999999999
108066,T4b,5971.099999999999
125396,T4b,5971.099999999999
88922,T4c,5971.099999999999
105122,T4b,5971.099999999999
88726,T4b,5971.099999999999
41637,Mi1,5971.099999999999
68212,T2a,5971.099999999999
48986,TmY3,5971.099999999999
38768,Mi1,5971.099999999999
16570,VST2,5971.099999999999
16545,Li28,5971.099999999999
85007,T4c,5971.099999999999
108249,T4a,5971.200000000001
102295,T4d,5971.200000000001
88005,T4d,5971.200000000001
70490,Mi1,5971.200000000001
40635,Mi1,5971.200000000001
41522,Mi1,5971.200000000001
22194,LC4,5971.200000000001
16606,VST2,5971.200000000001
49372,TmY3,5971.200000000001
48283,TmY3,5971.3
81064,Tm3,5971.3
89073,T2a,5971.3
36954,Mi1,5971.3
36684,Mi1,5971.3
11981,Li28,5971.3
42119,Mi1,5971.3
10206,VS,5971.4
11551,VS,5971.4
98175,T4c,5971.4
98393,T4a,5971.500000000001
92251,T4b,5971.500000000001
87429,T4b,5971.500000000001
117364,T4b,5971.500000000001
38208,Mi1,5971.500000000001
36346,Mi1,5971.500000000001
10112,VS,5971.500000000001
68342,Tm3,5971.500000000001
112744,T4d,5971.6
105521,T4c,5971.6
104670,T4d,5971.6
99789,T4d,5971.6
63050,T2a,5971.6
47967,Mi1,5971.6
36646,Mi1,5971.6
63994,Mi1,5971.6
93360,T4b,5971.7
114201,T4c,5971.7
108847,T4d,5971.7
103383,T4c,5971.7
98381,T4d,5971.7
89025,T4a,5971.7
10015,HSN,5971.7
85152,T4c,5971.7
82549,T4b,5971.7
71394,T2a,5971.7
49516,TmY3,5971.7
88746,Tm3,5971.7
87390,T2a,5971.8
95883,T4a,5971.8
100673,T4b,5971.8
102045,T4a,5971.8
104703,T4d,5971.8
112369,T4d,5971.8
117882,T4b,5971.900000000001
69558,T2,5971.900000000001
82724,Tm3,5971.900000000001
85664,TmY3,5971.900000000001
102564,T4a,5972.0
91303,T4b,5972.0
111380,Tm3,5972.0
89223,T4d,5972.0
103226,T4d,5972.0
67408,Mi1,5972.0
37948,Mi1,5972.0
77039,T2a,5972.0
35512,Mi1,5972.0
10023,HSS,5972.1
39629,Mi1,5972.1
59528,T2a,5972.1
61292,T2,5972.1
109326,T4c,5972.1
95532,T4a,5972.2
92055,T4c,5972.2
77557,T4b,5972.2
36994,Mi1,5972.2
35777,Mi1,5972.2
71188,T2a,5972.2
34862,Mi1,5972.3
36446,Mi1,5972.3
39858,Mi1,5972.3
74023,T2a,5972.3
92472,T4c,5972.3
93688,T4a,5972.3
100087,T4b,5972.400000000001
110403,T4b,5972.400000000001
106093,T4a,5972.400000000001
95499,T4b,5972.400000000001
79817,Tm3,5972.400000000001
86175,T4a,5972.400000000001
85856,TmY3,5972.400000000001
35683,Mi1,5972.400000000001
93302,T4b,5972.400000000001
93224,T4a,5972.5
86536,Tm3,5972.5
86416,T4a,5972.5
82674,T4a,5972.5
73320,T2,5972.5
67308,Mi1,5972.5
36881,Mi1,5972.5
36660,Mi1,5972.5
34300,Mi1,5972.5
10025,H2,5972.5
40596,Mi1,5972.5
85229,T4c,5972.599999999999
112619,T4d,5972.599999999999
109023,T4c,5972.599999999999
88095,T4d,5972.599999999999
76788,T4b,5972.599999999999
57398,Mi1,5972.599999999999
72558,T2a,5972.599999999999
34899,Mi1,5972.599999999999
40219,Mi1,5972.599999999999
74231,Tm3,5972.599999999999
51848,TmY3,5972.599999999999
121093,T4b,5972.700000000001
111304,T4b,5972.700000000001
98398,T4c,5972.700000000001
100897,T4c,5972.700000000001
44438,Mi1,5972.700000000001
43872,Mi1,5972.700000000001
37391,Mi1,5972.700000000001
81215,Tm3,5972.700000000001
40085,Mi1,5972.8
44222,Mi1,5972.8
64977,T2,5972.8
87412,T4c,5972.8
127615,Tm3,5972.8
69915,TmY3,5972.9
98325,T4d,5972.9
97677,T4c,5972.9
537004,VSm,5972.9
61500,Tm3,5972.9
35405,Mi1,5972.9
10012,VS,5972.9
38993,Mi1,5972.9
10037,VS,5973.0
33017,Mi1,5973.0
78731,Tm3,5973.0
86907,T4a,5973.0
91313,T4a,5973.0
105862,T4d,5973.0
98654,T4d,5973.1
92181,T4a,5973.1
75660,T2a,5973.1
10016,HSE,5973.1
40171,Mi1,5973.1
34369,Mi1,5973.1
54087,Mi1,5973.1
81548,T2a,5973.2
111579,Tm3,5973.2
89142,T4b,5973.2
75966,T2a,5973.2
92114,T4c,5973.2
39438,Mi1,5973.2
36540,Mi1,5973.2
43615,Mi1,5973.2
10284,VS,5973.2
104853,T4c,5973.3
97888,Tm3,5973.3
90655,T4a,5973.3
65833,Mi1,5973.3
97885,T4a,5973.3
39727,Mi1,5973.3
35890,Mi1,5973.3
35416,Mi1,5973.3
33766,Mi1,5973.3
40411,Mi1,5973.3
30923,TmY3,5973.400000000001
62078,Mi1,5973.400000000001
69380,Tm3,5973.400000000001
74259,T2a,5973.400000000001
78108,T2a,5973.400000000001
90206,T4b,5973.5
95287,T4a,5973.5
92862,T4b,5973.5
88398,T4a,5973.5
81486,T4b,5973.5
77916,T2a,5973.5
60643,Tm3,5973.5
38708,Mi1,5973.5
85598,T4b,5973.5
102495,T4b,5973.6
112458,T4b,5973.6
103827,T4c,5973.6
85924,T4a,5973.6
85074,T4a,5973.6
73021,T2a,5973.6
63468,Mi1,5973.6
45319,Mi1,5973.6
41804,Mi1,5973.6
43978,Mi1,5973.7
71944,T2a,5973.7
91804,T4d,5973.7
101772,Tm3,5973.7
119288,T4d,5973.7
93588,T4b,5973.8
102845,T4b,5973.8
89092,T4c,5973.8
106894,T4b,5973.8
39718,Mi1,5973.8
40505,Mi1,5973.8
38529,Mi1,5973.8
37037,Mi1,5973.900000000001
45719,Mi1,5973.900000000001
52485,TmY3,5973.900000000001
73447,Tm3,5973.900000000001
101770,T4b,5973.900000000001
102479,T4c,5973.900000000001
50955,TmY3,5974.0
98300,T4a,5974.0
93166,T4c,5974.0
91913,T4b,5974.0
87565,T4a,5974.0
49324,Mi1,5974.0
24867,VST1,5974.0
17596,Li28,5974.0
10001,DNp01,5974.0
63021,Tm3,5974.0
34296,Mi1,5974.099999999999
58527,TmY3,5974.099999999999
83613,T4b,5974.099999999999
97769,T4a,5974.200000000001
99310,T4a,5974.200000000001
98118,T4c,5974.200000000001
110386,T4d,5974.200000000001
50871,TmY3,5974.200000000001
37088,Mi1,5974.200000000001
36533,Mi1,5974.200000000001
36217,Mi1,5974.200000000001
70635,Tm3,5974.200000000001
120916,T4d,5974.3
106664,T4c,5974.3
105387,T4b,5974.3
104622,T4b,5974.3
96365,T4a,5974.3
96295,T4b,5974.3
88625,T4c,5974.3
80033,T4a,5974.3
66791,Tm3,5974.3
40400,Mi1,5974.3
38648,Mi1,5974.3
37224,Mi1,5974.3
37000,Mi1,5974.3
33614,Mi1,5974.3
33091,Mi1,5974.3
64149,Mi1,5974.3
107211,T4d,5974.4
121245,Tm3,5974.4
108043,T4a,5974.4
100633,T4a,5974.4
36275,Mi1,5974.4
53065,Mi1,5974.4
38767,Mi1,5974.4
64855,T2,5974.4
34057,Mi1,5974.4
113207,T4d,5974.5
105565,Tm3,5974.5
100867,T4b,5974.5
83509,T2a,5974.5
79253,T4a,5974.5
35840,Mi1,5974.5
35152,Mi1,5974.5
33462,Mi1,5974.5
20264,Li28,5974.5
67424,T2,5974.5
68842,TmY3,5974.6
104368,T4c,5974.6
92254,T4b,5974.6
89139,T4c,5974.6
67152,Tm3,5974.6
89290,T4d,5974.6
42675,Mi1,5974.6
41136,Mi1,5974.6
12521,HST,5974.6
10766,VS,5974.6
63868,T2a,5974.6
34189,Mi1,5974.7
36695,Mi1,5974.7
37839,Mi1,5974.7
39275,Mi1,5974.7
112594,T4b,5974.7
117221,T4c,5974.7
122273,Tm3,5974.8
92706,T4a,5974.8
87106,T4a,5974.8
83465,T4a,5974.8
41668,Mi1,5974.8
66980,T2a,5974.8
10015,HSN,5974.8
83438,T4a,5974.8
34479,Mi1,5974.9
81733,Tm3,5974.9
96576,T4c,5974.9
108870,T4a,5974.9
103867,T4a,5975.0
126163,Tm3,5975.0
94224,T4b,5975.0
11134,VSm,5975.0
38421,Mi1,5975.0
34658,Mi1,5975.0
57239,Mi1,5975.0
58224,Mi1,5975.1
60857,Mi1,5975.1
98361,T4a,5975.1
110657,T4a,5975.1
542412,Mi1,5975.2
121887,T4b,5975.2
109996,T4c,5975.2
107031,T4b,5975.2
101245,T4a,5975.2
97306,T4a,5975.2
90888,T4b,5975.2
43485,Mi1,5975.2
41950,Mi1,5975.2
39164,Mi1,5975.2
15909,Li28,5975.2
96784,T4b,5975.2
104884,T4b,5975.3
110482,T4b,5975.3
106401,T4d,5975.3
83689,T4a,5975.3
16033,Li28,5975.3
37927,Mi1,5975.3
36252,Mi1,5975.3
83125,T4b,5975.3
10025,H2,5975.400000000001
10112,VS,5975.400000000001
37243,Mi1,5975.400000000001
74860,Tm3,5975.400000000001
87937,T4d,5975.400000000001
90900,T4a,5975.400000000001
96211,T4d,5975.400000000001
97231,T4a,5975.400000000001
103025,T4a,5975.400000000001
108757,T4c,5975.400000000001
83004,T4b,5975.5
90520,T4a,5975.5
59397,Mi1,5975.5
106886,T4c,5975.5
30997,Mi1,5975.5
38791,Mi1,5975.5
10755,H1,5975.5
10023,HSS,5975.599999999999
37680,Mi1,5975.599999999999
60979,TmY3,5975.599999999999
100874,T4a,5975.599999999999
103725,T4a,5975.599999999999
104123,T4b,5975.599999999999
111852,T4a,5975.599999999999
117627,Tm3,5975.599999999999
114850,Tm3,5975.700000000001
106510,T4b,5975.700000000001
105180,T4c,5975.700000000001
104191,T4a,5975.700000000001
101605,T4a,5975.700000000001
98439,T4a,5975.700000000001
85440,Tm3,5975.700000000001
57164,TmY3,5975.700000000001
39692,TmY3,5975.700000000001
37084,Mi1,5975.700000000001
97545,T4c,5975.700000000001
55101,Mi1,5975.700000000001
102703,T4a,5975.8
120289,T4c,5975.8
40703,Mi1,5975.8
98448,T4b,5975.8
525839,Mi1,5975.8
80838,T2a,5975.8
35712,Mi1,5975.8
65636,T2,5975.8
46662,TmY3,5975.8
40795,Mi1,5975.8
79134,Tm3,5975.8
119556,T4b,5975.9
114080,T4a,5975.9
112545,T4d,5975.9
110604,T4a,5975.9
109384,T4d,5975.9
108119,T4c,5975.9
57247,TmY3,5975.9
10206,VS,5975.9
10016,HSE,5975.9
104996,T4a,5975.9
79259,T4b,5976.0
95982,T4d,5976.0
105984,Tm3,5976.0
74927,Tm3,5976.0
42872,Mi1,5976.0
44592,TmY3,5976.0
118948,T4d,5976.1
84366,T4b,5976.1
79297,T4a,5976.1
69164,Mi1,5976.1
91914,T4a,5976.1
44119,Mi1,5976.1
41464,TmY3,5976.1
36990,Mi1,5976.1
23606,Mi1,5976.1
68918,Tm3,5976.1
35580,Mi1,5976.200000000001
35806,Mi1,5976.200000000001
46784,Mi1,5976.200000000001
86630,Tm3,5976.200000000001
108625,T4b,5976.200000000001
111416,Tm3,5976.3
94471,T4a,5976.3
91076,T4a,5976.3
74891,T2a,5976.3
80884,T2a,5976.3
42895,Mi1,5976.3
35290,Mi1,5976.3
34938,Mi1,5976.3
60337,TmY3,5976.3
101685,T4b,5976.4
98985,T4c,5976.4
77676,T2a,5976.4
69546,Tm3,5976.4
87814,T4b,5976.4
41671,TmY3,5976.4
38238,Mi1,5976.4
34171,Mi1,5976.4
10037,VS,5976.4
62851,Tm3,5976.4
35234,Mi1,5976.500000000001
38178,Mi1,5976.500000000001
38687,Mi1,5976.500000000001
77594,T2a,5976.500000000001
103527,T4c,5976.500000000001
66357,T2a,5976.6
107858,T4b,5976.6
100032,T4c,5976.6
67810,Tm3,5976.6
41120,Mi1,5976.6
102153,T4c,5976.6
35045,Mi1,5976.6
33326,Mi1,5976.6
14209,Li28,5976.6
11981,Li28,5976.6
37853,Mi1,5976.6
116259,T4b,5976.7
109172,T4b,5976.7
104390,T4a,5976.7
104478,T4d,5976.7
90058,T4a,5976.7
65106,T2,5976.7
14416,VST2,5976.7
100787,T4b,5976.7
37270,Mi1,5976.8
102409,T4c,5976.8
108824,T4d,5976.8
86504,T4b,5976.900000000001
109593,Tm3,5976.900000000001
99748,T4b,5976.900000000001
99074,T4b,5976.900000000001
89416,T4c,5976.900000000001
81378,T4b,5976.900000000001
77527,T4a,5976.900000000001
76325,T2a,5976.900000000001
44282,Mi1,5976.900000000001
37756,Mi1,5976.900000000001
35724,Mi1,5976.900000000001
35218,Mi1,5976.900000000001
35498,Mi1,5977.0
39716,Mi1,5977.0
41659,Mi1,5977.0
83379,Tm3,5977.0
86635,T4c,5977.0
103108,T4b,5977.1
101707,T4c,5977.1
100785,T4b,5977.1
97899,T4a,5977.1
43689,Mi1,5977.1
77383,T2a,5977.1
74504,T2a,5977.1
85126,T4a,5977.1
100726,T4d,5977.2
123490,Tm3,5977.2
96835,T4b,5977.2
100729,T4b,5977.2
41536,Mi1,5977.2
34867,Mi1,5977.2
88039,T4c,5977.2
97853,T4c,5977.3
94081,T4c,5977.3
73284,T2a,5977.3
70812,TmY3,5977.3
69597,Tm3,5977.3
95335,T4a,5977.3
39067,Mi1,5977.3
37294,Mi1,5977.3
34045,Mi1,5977.3
16545,Li28,5977.3
40716,Tm3,5977.3
108161,T4a,5977.400000000001
95822,T4b,5977.400000000001
92229,T4c,5977.400000000001
84063,T4b,5977.400000000001
42594,Mi1,5977.400000000001
37677,Mi1,5977.400000000001
37438,Mi1,5977.400000000001
39688,Mi1,5977.400000000001
110855,T4a,5977.5
110040,T4c,5977.5
98837,T4c,5977.5
92839,T4b,5977.5
40832,Mi1,5977.5
34933,Mi1,5977.5
34142,Mi1,5977.5
83191,T4a,5977.5
115111,T4a,5977.6
70524,T2a,5977.6
58576,T2,5977.6
43313,TmY3,5977.6
87289,T4a,5977.6
17280,Li28,5977.6
16596,Li28,5977.6
10012,VS,5977.6
37044,Mi1,5977.6
44527,Mi1,5977.700000000001
69570,Tm3,5977.700000000001
78603,Tm3,5977.700000000001
88152,T4c,5977.700000000001
94567,T4c,5977.700000000001
99837,T4a,5977.700000000001
100165,T4b,5977.8
119245,T4d,5977.8
118551,Tm3,5977.8
91469,T4c,5977.8
51122,Mi1,5977.8
57349,Mi1,5977.8
73767,Mi1,5977.8
43063,Mi1,5977.8
36369,Mi1,5977.8
107412,Tm3,5977.9
98692,T4a,5977.9
71164,Mi1,5977.9
72279,Mi1,5977.9
37631,Mi1,5977.9
10015,HSN,5977.9
44700,Mi1,5977.9
109276,T4d,5978.000000000001
117652,T4d,5978.000000000001
111184,T4a,5978.000000000001
110646,T4b,5978.000000000001
109937,T4a,5978.000000000001
106801,T4c,5978.000000000001
107117,T4d,5978.000000000001
99628,T4b,5978.000000000001
99258,T4c,5978.000000000001
93957,T4b,5978.000000000001
90567,T4b,5978.000000000001
40256,Mi1,5978.000000000001
31848,Mi1,5978.000000000001
103570,T4d,5978.000000000001
114457,T4d,5978.1
112241,T4b,5978.1
98409,T4c,5978.1
95736,T4c,5978.1
91629,T4a,5978.1
82515,Tm3,5978.1
37699,Mi1,5978.1
36911,Mi1,5978.1
95681,T4a,5978.1
90112,T4c,5978.2
107464,T4a,5978.2
105403,T4c,5978.2
101005,T4d,5978.2
91674,T4a,5978.2
86778,T4a,5978.2
105962,T4b,5978.2
74731,T2a,5978.2
71161,T2a,5978.2
43783,Mi1,5978.2
39595,Mi1,5978.2
38514,Mi1,5978.2
86558,T4b,5978.2
104301,T4b,5978.3
100033,T4c,5978.3
97866,T4d,5978.3
80528,T2a,5978.3
93142,T4a,5978.3
71583,Tm3,5978.3
59864,Tm3,5978.3
10284,VS,5978.3
10025,H2,5978.3
74411,Mi1,5978.3
37123,Mi1,5978.400000000001
39405,Mi1,5978.400000000001
51049,Mi1,5978.400000000001
62757,T2a,5978.400000000001
94368,T4a,5978.400000000001
115369,T4c,5978.400000000001
800146,TTMn,5978.5
100274,T4a,5978.5
89368,T4c,5978.5
88992,T4c,5978.5
66739,Tm3,5978.5
74287,Tm3,5978.5
35836,Mi1,5978.5
34463,Mi1,5978.5
83432,Tm3,5978.5
97981,T4a,5978.6
96812,T4a,5978.6
91444,T4c,5978.6
102519,T4a,5978.6
78698,Tm3,5978.6
71089,Mi1,5978.6
62488,T2,5978.6
82536,T4d,5978.6
24338,LC4,5978.7
40235,Mi1,5978.7
43965,Mi1,5978.7
67614,Mi1,5978.7
72501,Mi1,5978.7
73139,Tm3,5978.7
87452,T2a,5978.7
45322,Mi1,5978.8
103479,T4c,5978.8
82576,T4b,5978.8
42856,Mi1,5978.8
102910,T4b,5978.8
15263,Li28,5978.8
11005,OA-VUMa4,5978.8
10016,HSE,5978.8
36158,Mi1,5978.8
103780,T4c,5978.900000000001
100996,T4b,5978.900000000001
75510,T4a,5978.900000000001
78503,T2a,5978.900000000001
45349,Mi1,5978.900000000001
42758,Mi1,5978.900000000001
58862,Mi1,5978.900000000001
75557,Tm3,5979.0
137694,Tm3,5979.0
112453,T4c,5979.0
111949,T4c,5979.0
95926,T4a,5979.0
81015,T4a,5979.0
73619,T2a,5979.0
98099,T4b,5979.0
59959,Mi1,5979.0
47368,TmY3,5979.0
37585,Mi1,5979.0
33942,Mi1,5979.0
33907,Mi1,5979.0
32893,Mi1,5979.0
10023,HSS,5979.0
70281,T2a,5979.0
104714,T4b,5979.099999999999
102975,T4b,5979.099999999999
98887,T4b,5979.099999999999
95554,T4b,5979.099999999999
87939,T4b,5979.099999999999
90049,T4c,5979.099999999999
38596,Mi1,5979.099999999999
37599,Mi1,5979.099999999999
36452,Mi1,5979.099999999999
22264,TmY3,5979.099999999999
40577,Mi1,5979.099999999999
35897,Mi1,5979.200000000001
45696,Mi1,5979.200000000001
77791,T2a,5979.200000000001
81372,Tm3,5979.200000000001
86419,Tm3,5979.200000000001
90419,T4b,5979.200000000001
99137,T4c,5979.200000000001
105332,T4b,5979.200000000001
105545,T4d,5979.3
64849,Tm3,5979.3
65009,T2,5979.3
58553,TmY3,5979.3
48894,TmY3,5979.3
10112,VS,5979.4
38710,Mi1,5979.4
40944,Mi1,5979.4
94283,T4d,5979.4
116633,T4c,5979.4
79449,T4b,5979.500000000001
100838,T4c,5979.500000000001
526158,Mi1,5979.500000000001
102481,T4a,5979.6
101441,T4a,5979.6
90423,T4b,5979.6
71361,Tm3,5979.6
63820,T2a,5979.6
78477,T4a,5979.6
10755,H1,5979.7
34079,Mi1,5979.7
92993,Tm3,5979.7
95017,T4c,5979.7
118173,Tm3,5979.7
90145,T4a,5979.8
110910,Tm3,5979.8
89252,T4b,5979.8
80282,T4d,5979.8
46230,TmY3,5979.8
35428,Mi1,5979.8
80906,T4c,5979.8
537004,VSm,5979.900000000001
62272,T2,5979.900000000001
74374,T2a,5979.900000000001
91806,T4a,5979.900000000001
98937,T4a,5979.900000000001
104972,T4a,5979.900000000001
108276,T4a,5979.900000000001
116935,T4a,5979.900000000001
100488,T4c,5980.0
100105,T4a,5980.0
98360,T4c,5980.0
85429,T4d,5980.0
101228,T4a,5980.0
71402,Tm3,5980.0
61401,T2a,5980.0
35934,Mi1,5980.0
10037,VS,5980.0
78086,T4c,5980.0
100855,T4a,5980.1
98890,T4c,5980.1
106362,T4d,5980.1
108307,T4b,5980.1
89864,T4b,5980.1
38502,Tm3,5980.1
46745,Mi1,5980.1
39505,Mi1,5980.1
35001,Mi1,5980.1
71765,T2a,5980.1
102229,T4d,5980.2
92006,T4a,5980.2
84577,T2a,5980.2
75118,T2a,5980.2
70289,Mi1,5980.2
67464,Mi1,5980.2
41296,Mi1,5980.2
39500,Mi1,5980.2
15909,Li28,5980.2
10311,VS,5980.2
111783,T4a,5980.3
103343,T4b,5980.3
92682,T4a,5980.3
69723,Tm3,5980.3
91325,T4a,5980.3
42048,Mi1,5980.3
40106,Mi1,5980.3
36177,Mi1,5980.3
35572,Mi1,5980.3
63420,Mi1,5980.3
104017,T4b,5980.400000000001
103152,T4a,5980.400000000001
100261,T4c,5980.400000000001
99922,T4c,5980.400000000001
91505,T4c,5980.400000000001
80177,Tm3,5980.400000000001
71029,T2,5980.400000000001
45176,Mi1,5980.400000000001
38487,Mi1,5980.400000000001
37733,TmY3,5980.400000000001
37529,Mi1,5980.400000000001
37390,Mi1,5980.400000000001
36410,Mi1,5980.400000000001
41709,Mi1,5980.400000000001
85866,T4b,5980.5
149504,T4d,5980.5
95629,T4c,5980.5
79413,T4b,5980.5
115882,T4b,5980.5
48547,TmY3,5980.5
23047,Li28,5980.5
74159,Tm3,5980.5
37568,Mi1,5980.5
10001,DNp01,5980.599999999999
34329,Mi1,5980.599999999999
38461,Mi1,5980.599999999999
38893,Mi1,5980.599999999999
49441,TmY3,5980.599999999999
67971,Tm3,5980.599999999999
72655,Mi1,5980.599999999999
95458,T4d,5980.599999999999
103148,T4a,5980.700000000001
110312,T4d,5980.700000000001
16033,Li28,5980.700000000001
10206,VS,5980.8
34404,Mi1,5980.8
65298,T2a,5980.8
105313,T4a,5980.8
117551,Tm3,5980.8
101994,T4a,5980.9
97186,T4a,5980.9
93622,T4c,5980.9
90566,T4d,5980.9
104257,T4b,5980.9
83639,T2a,5980.9
42533,TmY3,5980.9
41626,Mi1,5980.9
39791,Mi1,5980.9
72190,Tm3,5980.9
10015,HSN,5981.0
34606,Mi1,5981.0
35235,Mi1,5981.0
86932,T4b,5981.0
109598,T4b,5981.0
124490,Tm3,5981.0
102370,T4c,5981.1
99011,T4c,5981.1
72665,Mi1,5981.1
72005,Tm3,5981.1
37108,Mi1,5981.1
41399,Mi1,5981.1
40958,Mi1,5981.1
33655,Mi1,5981.1
67113,Mi1,5981.1
107609,T4d,5981.2
118502,T4b,5981.2
119353,T4b,5981.2
98598,T4c,5981.2
11134,VSm,5981.2
83946,T4d,5981.2
33110,Mi1,5981.2
10025,H2,5981.2
92684,T4c,5981.2
132624,Tm3,5981.3
94468,T4c,5981.3
84008,T4c,5981.3
68689,T2a,5981.3
60698,TmY3,5981.3
58945,Tm3,5981.3
33446,Mi1,5981.3
66872,T2,5981.3
80093,T2a,5981.400000000001
95972,T4d,5981.400000000001
94153,T4d,5981.400000000001
85378,T4a,5981.400000000001
69736,Tm3,5981.400000000001
96219,T4b,5981.400000000001
62894,Tm3,5981.400000000001
35100,Mi1,5981.400000000001
33394,Mi1,5981.400000000001
20808,LC4,5981.400000000001
20634,VST1,5981.400000000001
68982,Tm3,5981.400000000001
112362,T4c,5981.5
111180,T4c,5981.5
92415,T4a,5981.5
90657,T4a,5981.5
86724,Tm3,5981.5
103073,T4a,5981.5
78597,T2a,5981.5
66604,TmY3,5981.5
34849,Mi1,5981.5
25893,VST1,5981.5
80812,T4a,5981.5
114995,T4b,5981.6
106587,T4d,5981.6
86578,T4c,5981.6
79314,T4b,5981.6
39525,Mi1,5981.6
37019,Mi1,5981.6
35734,Mi1,5981.6
38230,Mi1,5981.6
84267,T4c,5981.7
95182,T4d,5981.7
93419,T4b,5981.7
77344,Tm3,5981.7
68138,TmY3,5981.7
44449,TmY3,5981.7
41654,Mi1,5981.7
10016,HSE,5981.7
104130,T4a,5981.8
99348,T4c,5981.8
97877,T4d,5981.8
89784,T4b,5981.8
105706,T4a,5981.8
77361,T4a,5981.8
48060,Mi1,5981.8
35845,Mi1,5981.8
79483,Tm3,5981.8
10012,VS,5981.900000000001
32535,Mi1,5981.900000000001
39894,T4b,5981.900000000001
43414,Mi1,5981.900000000001
46248,Mi1,5981.900000000001
66325,Tm3,5981.900000000001
107812,T4a,5981.900000000001
116187,T4c,5981.900000000001
85536,T4a,5982.0
102791,T4c,5982.0
97031,T4c,5982.0
76446,TmY3,5982.0
67728,T2,5982.0
35017,Mi1,5982.0
11981,Li28,5982.0
72426,Tm3,5982.0
96262,T4c,5982.099999999999
108475,T4b,5982.099999999999
97028,T4c,5982.099999999999
88167,T4b,5982.099999999999
94329,T4c,5982.099999999999
80855,Tm3,5982.099999999999
50333,TmY3,5982.099999999999
42942,Mi1,5982.099999999999
27788,Mi1,5982.099999999999
81401,T4b,5982.099999999999
91987,T4c,5982.200000000001
43323,Mi1,5982.200000000001
50552,Mi1,5982.200000000001
66852,Mi1,5982.200000000001
85778,T4b,5982.200000000001
103765,T4d,5982.200000000001
112750,T4c,5982.3
93985,T4c,5982.3
65671,Mi1,5982.3
42691,Mi1,5982.3
40936,Mi1,5982.3
10023,HSS,5982.4
15422,VST2,5982.4
22108,TmY3,5982.4
38241,Mi1,5982.4
48607,TmY3,5982.4
88491,T4a,5982.4
96394,T4b,5982.4
107621,T4d,5982.4
108697,T4d,5982.5
106745,T4b,5982.5
102425,T4b,5982.5
94549,T4b,5982.5
93984,T4b,5982.5
91057,T4c,5982.5
38748,Mi1,5982.5
64778,TmY3,5982.5
61353,T2,5982.5
35447,Mi1,5982.5
34626,Mi1,5982.5
10072,OA-AL2i1,5982.5
85737,T2a,5982.5
103677,T4b,5982.6
109035,T4b,5982.6
105541,T4a,5982.6
98194,T4d,5982.6
47211,Mi1,5982.6
80913,T4a,5982.6
84663,T2a,5982.6
33216,Mi1,5982.6
100501,T4b,5982.7
84292,T4d,5982.7
83045,Tm3,5982.7
108438,T4d,5982.7
46827,Mi1,5982.7
40426,Mi1,5982.7
19292,Li28,5982.7
75550,Tm3,5982.7
12521,HST,5982.8
45948,TmY3,5982.8
48531,Mi1,5982.8
95007,T4a,5982.8
96126,T4b,5982.8
106338,T4a,5982.8
107297,T4c,5982.8
101379,T4d,5982.9
107819,T4c,5982.9
97193,T4a,5982.9
36139,Mi1,5982.9
38632,Mi1,5982.9
41435,Mi1,5982.9
15019,Li28,5983.0
35770,Mi1,5983.0
38227,Mi1,5983.0
51963,TmY3,5983.0
52350,Mi1,5983.0
56564,Mi1,5983.0
93509,T4b,5983.0
98817,T4a,5983.0
99670,T4c,5983.0
113107,T4a,5983.1
107010,T4d,5983.1
94755,T4a,5983.1
92281,T4c,5983.1
85938,T4a,5983.1
113414,T4d,5983.1
41545,Mi1,5983.1
37371,Mi1,5983.1
36305,Mi1,5983.1
35113,Mi1,5983.1
74044,Tm3,5983.1
70632,Tm3,5983.2
69063,Mi1,5983.2
68412,T2a,5983.2
61768,T2,5983.2
83677,T4c,5983.2
47686,TmY3,5983.2
41809,Mi1,5983.2
16545,Li28,5983.2
50311,TmY3,5983.2
100050,T4a,5983.3
97145,T4c,5983.3
99614,T4c,5983.3
64712,T2a,5983.3
50345,TmY3,5983.3
77846,Tm3,5983.3
38987,Mi1,5983.400000000001
41613,Mi1,5983.400000000001
47696,TmY3,5983.400000000001
92431,T4a,5983.400000000001
98010,T4a,5983.400000000001
111685,T4d,5983.5
66227,Tm3,5983.5
61960,T2,5983.5
65348,TmY3,5983.5
37353,Mi1,5983.5
111623,T4a,5983.599999999999
107529,T4d,5983.599999999999
102572,T4c,5983.599999999999
92054,T4b,5983.599999999999
91725,T4b,5983.599999999999
87203,T4a,5983.599999999999
80582,T4a,5983.599999999999
72794,Tm3,5983.599999999999
72194,Tm3,5983.599999999999
63673,Tm3,5983.599999999999
35774,Mi1,5983.599999999999
35602,Mi1,5983.599999999999
10112,VS,5983.599999999999
108065,T4c,5983.700000000001
82313,T4a,5983.700000000001
75473,Tm3,5983.700000000001
93877,T4c,5983.700000000001
38208,Mi1,5983.700000000001
34356,Mi1,5983.700000000001
10037,VS,5983.700000000001
39158,Mi1,5983.700000000001
10755,H1,5983.8
37509,Mi1,5983.8
41762,TmY3,5983.8
76038,Tm3,5983.8
93947,T4a,5983.8
94668,T4d,5983.900000000001
82299,T4c,5983.900000000001
74303,Mi1,5983.900000000001
38455,Mi1,5983.900000000001
35173,Mi1,5983.900000000001
38721,Mi1,5983.900000000001
10025,H2,5984.0
86992,T4b,5984.0
87763,T4a,5984.0
90731,T4b,5984.0
98467,T4d,5984.0
100206,T4c,5984.0
115818,T4a,5984.0
128726,Tm3,5984.0
115390,T4d,5984.1
55976,Mi1,5984.1
67295,T2,5984.1
33918,Mi1,5984.1
10015,HSN,5984.1
40854,Mi1,5984.1
109217,T4b,5984.200000000001
128396,T4d,5984.200000000001
38857,Mi1,5984.3
67150,T2a,5984.3
98862,Tm3,5984.3
99572,T4a,5984.3
102741,T4c,5984.4
77138,Tm3,5984.4
63190,T2,5984.4
43334,TmY3,5984.4
33017,Mi1,5984.4
38772,Mi1,5984.4
36684,Mi1,5984.4
10284,VS,5984.4
39743,Mi1,5984.4
116605,T4d,5984.500000000001
104412,T4a,5984.500000000001
103870,T4a,5984.500000000001
95990,T4a,5984.500000000001
96852,T4a,5984.500000000001
93407,T4d,5984.500000000001
39651,Mi1,5984.500000000001
16570,VST2,5984.500000000001
94596,T4b,5984.500000000001
108199,T4c,5984.6
101945,T4b,5984.6
101742,T4c,5984.6
77906,T2a,5984.6
103425,T4a,5984.6
59008,Mi1,5984.6
47967,Mi1,5984.6
35888,Mi1,5984.6
34272,Mi1,5984.6
72839,Tm3,5984.6
10016,HSE,5984.7
37138,Mi1,5984.7
89483,T4a,5984.7
95005,T4a,5984.7
97141,T4a,5984.7
100282,T4a,5984.7
106952,T4b,5984.7
539983,T4c,5984.7
105115,T4d,5984.8
107075,T4d,5984.8
90219,T4a,5984.8
72796,Tm3,5984.8
70708,T2,5984.8
10269,OA-AL2i2,5984.8
107420,T4b,5984.900000000001
102991,T4c,5984.900000000001
100946,T4c,5984.900000000001
98504,T4c,5984.900000000001
111823,T4c,5984.900000000001
48286,Mi1,5984.900000000001
38477,Mi1,5984.900000000001
36346,Mi1,5984.900000000001
83307,Tm3,5984.900000000001
31492,Mi1,5985.0
37113,Mi1,5985.0
37555,Mi1,5985.0
41522,Mi1,5985.0
48514,TmY3,5985.0
62569,T2,5985.0
75027,Tm3,5985.0
113852,T4b,5985.0
533688,Tm3,5985.1
546524,Mi1,5985.1
107181,T4c,5985.1
94703,T4c,5985.1
34862,Mi1,5985.1
15909,Li28,5985.1
103645,T4c,5985.1
91179,T4a,5985.2
35512,Mi1,5985.2
36446,Mi1,5985.2
36646,Mi1,5985.2
68264,Tm3,5985.2
83009,T4b,5985.2
85170,T4c,5985.2
95239,T4a,5985.2
106819,T4b,5985.2
110988,T4a,5985.2
112027,T4d,5985.2
94481,T2,5985.3
97288,T4c,5985.3
75381,Tm3,5985.3
151155,T4b,5985.3
107567,T4c,5985.3
73096,T2a,5985.3
73723,T2a,5985.3
65925,Tm3,5985.3
70490,Mi1,5985.3
58967,TmY3,5985.3
41637,Mi1,5985.3
40171,Mi1,5985.3
39629,Mi1,5985.3
36954,Mi1,5985.3
110160,T4c,5985.400000000001
102031,T4c,5985.400000000001
80137,T2a,5985.400000000001
77484,T4d,5985.400000000001
63175,Mi1,5985.400000000001
49322,TmY3,5985.400000000001
38768,Mi1,5985.400000000001
38133,Mi1,5985.400000000001
35260,Mi1,5985.400000000001
62912,T2,5985.400000000001
82507,T2a,5985.5
83204,T4d,5985.5
85979,T4b,5985.5
94287,T4d,5985.5
98137,T4d,5985.5
105834,T4d,5985.5
116343,T4a,5985.6
119213,T4c,5985.6
106530,T4d,5985.6
36660,Mi1,5985.6
64341,TmY3,5985.6
76380,Tm3,5985.6
10023,HSS,5985.700000000001
10206,VS,5985.700000000001
36994,Mi1,5985.700000000001
57871,T2,5985.700000000001
94305,T4a,5985.8
90533,T4c,5985.8
88281,T4b,5985.8
83042,T4b,5985.8
73716,T2a,5985.8
71652,Tm3,5985.8
42010,TmY3,5985.8
42119,Mi1,5985.8
39727,Mi1,5985.8
38993,Mi1,5985.8
38479,Mi1,5985.8
94983,T4c,5985.8
63825,Tm3,5985.8
106522,T4d,5985.8
98751,T4a,5985.9
108974,T4c,5985.9
98222,T4d,5985.9
36881,Mi1,5985.9
93750,T4c,5985.9
96657,T4c,5985.9
85716,T4c,5985.9
86416,T4a,5986.000000000001
90097,T4c,5986.000000000001
94179,T4a,5986.000000000001
96081,T4a,5986.000000000001
104753,T4a,5986.000000000001
108325,T4c,5986.000000000001
96638,T4c,5986.1
92552,T4a,5986.1
89434,T4c,5986.1
44564,TmY3,5986.1
64540,T2,5986.1
35683,Mi1,5986.1
71447,T4c,5986.1
94058,T4b,5986.2
101878,T4a,5986.2
97675,T4c,5986.2
93025,T4b,5986.2
99609,T4a,5986.2
41804,Mi1,5986.2
33766,Mi1,5986.2
17280,Li28,5986.2
68840,TmY3,5986.2
10012,VS,5986.3
16033,Li28,5986.3
34300,Mi1,5986.3
40635,Mi1,5986.3
56984,TmY3,5986.3
67408,Mi1,5986.3
69961,Tm3,5986.3
124357,T4d,5986.400000000001
106166,T4b,5986.400000000001
104297,T4a,5986.400000000001
37948,Mi1,5986.5
65833,Mi1,5986.5
70158,T2a,5986.5
78856,Tm3,5986.5
98175,T4c,5986.5
99387,T4a,5986.5
108249,T4a,5986.5
133349,Tm3,5986.5
103440,T4d,5986.6
105412,T4a,5986.6
89485,T4a,5986.6
111581,T4d,5986.6
93972,T4a,5986.6
44222,Mi1,5986.6
89110,Tm3,5986.6
67308,Mi1,5986.6
34899,Mi1,5986.7
39438,Mi1,5986.7
79646,Tm3,5986.7
53156,TmY3,5986.8
116439,T4c,5986.8
100673,T4b,5986.8
90952,T4c,5986.8
90430,T2a,5986.8
80197,T4a,5986.8
40596,Mi1,5986.8
52328,TmY3,5986.8
39718,Mi1,5986.8
34369,Mi1,5986.8
10025,H2,5986.8
72066,Tm3,5986.8
99157,T4a,5986.900000000001
99316,T4b,5986.900000000001
107334,T4a,5986.900000000001
86686,T4c,5986.900000000001
40219,Mi1,5986.900000000001
38648,Mi1,5986.900000000001
22194,LC4,5986.900000000001
63994,Mi1,5986.900000000001
119601,T4d,5987.0
93865,T4c,5987.0
91366,T4b,5987.0
80483,T4c,5987.0
96090,T4c,5987.0
43872,Mi1,5987.0
40085,Mi1,5987.0
33462,Mi1,5987.0
65515,T2,5987.0
34189,Mi1,5987.099999999999
35405,Mi1,5987.099999999999
45719,Mi1,5987.099999999999
63468,Mi1,5987.099999999999
64260,T2,5987.099999999999
68167,Tm3,5987.099999999999
81092,Tm3,5987.099999999999
92939,T4b,5987.099999999999
537004,VSm,5987.099999999999
83583,T4d,5987.200000000001
92146,T4a,5987.200000000001
10037,VS,5987.200000000001
117151,T4d,5987.200000000001
70321,Tm3,5987.200000000001
107628,T4d,5987.200000000001
47240,TmY3,5987.200000000001
10015,HSN,5987.200000000001
38529,Mi1,5987.200000000001
10687,OA-AL2i3,5987.200000000001
39275,Mi1,5987.200000000001
34057,Mi1,5987.200000000001
11981,Li28,5987.200000000001
35416,Mi1,5987.3
35890,Mi1,5987.3
41136,Mi1,5987.3
54087,Mi1,5987.3
98349,T4a,5987.3
103497,Tm3,5987.3
98756,T4b,5987.4
97256,T4c,5987.4
87090,T2a,5987.4
74853,Tm3,5987.4
37391,Mi1,5987.4
81706,T2a,5987.4
72896,Tm3,5987.4
111613,T4d,5987.500000000001
96728,T4c,5987.500000000001
104414,T4d,5987.500000000001
99663,T4c,5987.500000000001
39858,Mi1,5987.500000000001
37037,Mi1,5987.500000000001
37000,Mi1,5987.500000000001
10112,VS,5987.500000000001
42872,Mi1,5987.500000000001
104027,T4d,5987.6
101865,T4a,5987.6
92842,T4a,5987.6
100956,T4d,5987.6
66808,Tm3,5987.6
38708,Mi1,5987.6
88922,T4c,5987.6
115686,T4b,5987.7
99975,T4c,5987.7
92640,T4d,5987.7
81309,T2a,5987.7
71408,T2,5987.7
69980,Tm3,5987.7
60886,T2a,5987.7
59397,Mi1,5987.7
40411,Mi1,5987.7
37270,Mi1,5987.7
37084,Mi1,5987.7
36217,Mi1,5987.7
35840,Mi1,5987.7
24338,LC4,5987.7
10016,HSE,5987.7
45319,Mi1,5987.7
109031,Tm3,5987.8
103195,T4a,5987.8
82130,T2a,5987.8
101072,T4b,5987.8
40505,Mi1,5987.8
36540,Mi1,5987.8
57398,Mi1,5987.8
10755,H1,5987.900000000001
36275,Mi1,5987.900000000001
64149,Mi1,5987.900000000001
82121,Tm3,5987.900000000001
101721,T4d,5987.900000000001
107640,T4c,5987.900000000001
68475,T2a,5988.0
110693,Tm3,5988.0
89409,T4a,5988.0
78940,T4a,5988.0
44746,TmY3,5988.0
10001,DNp01,5988.0
36533,Mi1,5988.0
35777,Mi1,5988.0
33091,Mi1,5988.0
37927,Mi1,5988.0
130861,Tm3,5988.1
102799,T4c,5988.1
102448,T4d,5988.1
96134,T4b,5988.1
93527,T4a,5988.1
88084,T4b,5988.1
84746,T2a,5988.1
67963,Tm3,5988.1
62078,Mi1,5988.1
44119,Mi1,5988.1
88575,T4b,5988.1
82211,T2a,5988.2
96199,T4a,5988.2
41668,Mi1,5988.2
34479,Mi1,5988.2
11134,VSm,5988.3
34296,Mi1,5988.3
37224,Mi1,5988.3
39164,Mi1,5988.3
90394,T4a,5988.3
107719,T4b,5988.3
104144,T2,5988.400000000001
100856,T4a,5988.400000000001
65443,T2a,5988.400000000001
82529,T2a,5988.400000000001
41950,Mi1,5988.5
58224,Mi1,5988.5
89825,T4a,5988.5
112633,T4b,5988.5
118029,T4b,5988.5
100190,T4c,5988.599999999999
103557,T4a,5988.599999999999
98575,T4a,5988.599999999999
93045,T4b,5988.599999999999
92346,T4a,5988.599999999999
60857,Mi1,5988.599999999999
53065,Mi1,5988.599999999999
44438,Mi1,5988.599999999999
20264,Li28,5988.599999999999
120928,T4d,5988.700000000001
111746,Tm3,5988.700000000001
104674,T4a,5988.700000000001
104336,T4b,5988.700000000001
92472,T4c,5988.700000000001
67072,T2a,5988.700000000001
49324,Mi1,5988.700000000001
43978,Mi1,5988.700000000001
43615,Mi1,5988.700000000001
17596,Li28,5988.700000000001
16545,Li28,5988.700000000001
107486,T4c,5988.8
72983,T2a,5988.8
64050,T2,5988.8
56918,TmY3,5988.8
50633,TmY3,5988.8
82674,T4a,5988.8
38767,Mi1,5988.8
38421,Mi1,5988.8
37088,Mi1,5988.8
34938,Mi1,5988.8
40400,Mi1,5988.8
123299,T4c,5988.9
102113,T4b,5988.9
98911,T4b,5988.9
10023,HSS,5988.9
40795,Mi1,5988.9
78317,T4a,5988.9
34658,Mi1,5989.0
110935,T4c,5989.0
103579,T4c,5989.0
78999,T2a,5989.0
121093,T4b,5989.0
69266,Tm3,5989.0
48986,TmY3,5989.0
77779,T2a,5989.0
72586,Tm3,5989.1
76788,T4b,5989.1
81995,Tm3,5989.1
81996,T2a,5989.1
83067,T4b,5989.1
93941,T4b,5989.1
35152,Mi1,5989.1
77991,Tm3,5989.2
104858,T4b,5989.2
102016,T4a,5989.2
40703,Mi1,5989.2
35806,Mi1,5989.2
38791,Mi1,5989.2
33614,Mi1,5989.3
37839,Mi1,5989.3
43485,Mi1,5989.3
55101,Mi1,5989.3
82099,T4b,5989.3
92055,T4c,5989.3
118260,T4d,5989.3
117748,Tm3,5989.400000000001
99671,T4c,5989.400000000001
98625,T4a,5989.400000000001
97480,T4c,5989.400000000001
37243,Mi1,5989.400000000001
95356,T4a,5989.400000000001
40599,TmY3,5989.400000000001
127970,Tm3,5989.400000000001
96307,T4a,5989.400000000001
100567,T4d,5989.5
49788,TmY3,5989.5
99131,T4c,5989.5
104256,T4a,5989.5
85152,T4c,5989.5
39692,TmY3,5989.5
57239,Mi1,5989.5
46784,Mi1,5989.5
77972,Tm3,5989.5
94624,T4a,5989.6
10025,H2,5989.7
35045,Mi1,5989.7
35234,Mi1,5989.7
39716,Mi1,5989.7
93360,T4b,5989.7
93935,T4a,5989.7
110757,T4b,5989.7
542412,Mi1,5989.8
116311,T4d,5989.8
102801,T4b,5989.8
102045,T4a,5989.8
38238,Mi1,5989.8
73301,Tm3,5989.8
68212,T2a,5989.8
65508,Tm3,5989.8
86696,T4d,5989.8
94356,T4c,5989.900000000001
105640,T4d,5989.900000000001
70188,T2,5989.900000000001
35724,Mi1,5989.900000000001
35580,Mi1,5989.900000000001
30997,Mi1,5989.900000000001
36695,Mi1,5989.900000000001
106840,T4b,5990.0
171349687,Tm3,5990.0
93564,T4d,5990.0
89282,T4a,5990.0
90135,T4c,5990.0
42675,Mi1,5990.0
35712,Mi1,5990.0
15909,Li28,5990.0
86715,Tm3,5990.0
96676,T4b,5990.099999999999
34142,Mi1,5990.099999999999
75172,T2a,5990.099999999999
94574,T4c,5990.099999999999
96260,T4d,5990.099999999999
99672,T4a,5990.099999999999
97318,T4d,5990.200000000001
129930,Tm3,5990.200000000001
87808,T4a,5990.200000000001
23606,Mi1,5990.200000000001
42594,Mi1,5990.200000000001
35498,Mi1,5990.200000000001
42895,Mi1,5990.200000000001
104621,T4c,5990.3
72148,Tm3,5990.3
70153,Tm3,5990.3
47360,TmY3,5990.3
58862,Mi1,5990.3
36990,Mi1,5990.3
20808,LC4,5990.3
10015,HSN,5990.3
41120,Mi1,5990.3
80911,Tm3,5990.4
109857,T4d,5990.4
98549,T4a,5990.4
122233,Tm3,5990.4
71398,Tm3,5990.4
84328,T4a,5990.4
37677,Mi1,5990.4
36252,Mi1,5990.4
33326,Mi1,5990.4
10206,VS,5990.4
57486,TmY3,5990.4
121816,T4a,5990.5
109774,T4d,5990.5
101463,T4d,5990.5
103302,T4c,5990.5
66737,T2,5990.5
34867,Mi1,5990.5
12521,HST,5990.5
89866,T4b,5990.5
35218,Mi1,5990.6
69915,TmY3,5990.6
79704,T4d,5990.6
96424,T4b,5990.6
104008,T4b,5990.6
525839,Mi1,5990.6
92047,T4c,5990.7
93021,T4a,5990.7
87873,T4b,5990.7
106821,T4b,5990.7
120201,T4b,5990.7
87358,T4a,5990.7
34045,Mi1,5990.7
78739,T4b,5990.7
71674,T2a,5990.7
37699,Mi1,5990.7
34933,Mi1,5990.7
10016,HSE,5990.7
86907,T4a,5990.7
105214,T4c,5990.8
92046,T4d,5990.8
90278,T4a,5990.8
74725,T2a,5990.8
73029,T2,5990.8
71230,Tm3,5990.8
66345,T2a,5990.8
41536,Mi1,5990.8
38178,Mi1,5990.8
23047,Li28,5990.8
10037,VS,5990.8
113991,T4d,5990.9
109868,Tm3,5990.9
104931,T4c,5990.9
98668,T4a,5990.9
98393,T4a,5990.9
92957,T4d,5990.9
82425,T4b,5990.9
91303,T4b,5990.9
88127,T4b,5990.9
82208,T2a,5990.9
65468,T2,5990.9
91682,T4b,5990.9
14209,Li28,5991.0
37438,Mi1,5991.0
43063,Mi1,5991.0
57349,Mi1,5991.0
66334,T2,5991.0
88353,T4b,5991.0
101620,T4b,5991.1
129235,Tm3,5991.1
102462,T4c,5991.1
88095,T4d,5991.1
99950,T4c,5991.1
56762,TmY3,5991.1
66538,T2,5991.1
44700,Mi1,5991.1
43689,Mi1,5991.1
21225,LC4,5991.1
112806,T4c,5991.2
110182,T4c,5991.2
106912,Tm3,5991.2
103344,T4b,5991.2
93313,T4a,5991.2
70697,Tm3,5991.2
78911,Tm3,5991.2
42758,Mi1,5991.2
37680,Mi1,5991.2
10012,VS,5991.2
87566,T4a,5991.2
84490,T4a,5991.299999999999
62089,Tm3,5991.299999999999
98238,T4b,5991.299999999999
40256,Mi1,5991.299999999999
39688,Mi1,5991.299999999999
53983,TmY3,5991.299999999999
112969,T4c,5991.400000000001
107835,T4b,5991.400000000001
103033,T4a,5991.400000000001
101215,T4c,5991.400000000001
94948,T4c,5991.400000000001
69164,Mi1,5991.400000000001
98748,T4c,5991.400000000001
64633,T2a,5991.400000000001
44282,Mi1,5991.400000000001
38514,Mi1,5991.400000000001
37853,Mi1,5991.400000000001
37044,Mi1,5991.400000000001
34171,Mi1,5991.400000000001
68562,T2a,5991.400000000001
39067,Mi1,5991.5
71164,Mi1,5991.5
105099,T4b,5991.5
87896,T4a,5991.6
103022,T4a,5991.6
100075,T4c,5991.6
97326,T4c,5991.6
87412,T4c,5991.6
114338,T4c,5991.6
40832,Mi1,5991.6
38687,Mi1,5991.6
37123,Mi1,5991.6
36911,Mi1,5991.6
10112,VS,5991.6
82038,Tm3,5991.6
115511,T4d,5991.700000000001
84631,T4c,5991.700000000001
108270,T4b,5991.700000000001
38596,Mi1,5991.700000000001
33942,Mi1,5991.700000000001
77307,Tm3,5991.700000000001
31848,Mi1,5991.8
32962,TmY3,5991.8
37294,Mi1,5991.8
56240,T2,5991.8
74411,Mi1,5991.8
103527,T4c,5991.8
103657,T4b,5991.8
102579,T4b,5991.900000000001
104450,T4a,5991.900000000001
100046,T4b,5991.900000000001
159987,Tm3,5991.900000000001
82549,T4b,5991.900000000001
16033,Li28,5991.900000000001
10284,VS,5991.900000000001
97161,T4a,5991.900000000001
102688,T4b,5992.0
94893,T4c,5992.0
89020,T4a,5992.0
83682,Tm3,5992.0
78820,T2a,5992.0
77527,T4a,5992.0
72279,Mi1,5992.0
37756,Mi1,5992.0
35290,Mi1,5992.0
105849,T4d,5992.1
121170,Tm3,5992.1
97878,T4b,5992.1
95921,T4c,5992.1
75521,T2a,5992.1
10311,VS,5992.1
36369,Mi1,5992.1
36158,Mi1,5992.1
16596,Li28,5992.1
10023,HSS,5992.1
73767,Mi1,5992.1
86141,T4b,5992.200000000001
99789,T4d,5992.200000000001
98039,T4d,5992.200000000001
97677,T4c,5992.200000000001
96365,T4a,5992.200000000001
75298,T2a,5992.200000000001
11981,Li28,5992.200000000001
44527,Mi1,5992.200000000001
41659,Mi1,5992.200000000001
40235,Mi1,5992.200000000001
35836,Mi1,5992.200000000001
68522,T2a,5992.200000000001
118610,T4b,5992.3
117039,T4c,5992.3
115636,T4d,5992.3
104722,T4d,5992.3
103314,T4b,5992.3
101772,Tm3,5992.3
100924,T4b,5992.3
87845,T4a,5992.3
75343,Tm3,5992.3
74228,Tm3,5992.3
60979,TmY3,5992.3
55706,TmY3,5992.3
51122,Mi1,5992.3
10755,H1,5992.3
101589,T4a,5992.4
105862,T4d,5992.4
97015,T4a,5992.4
90121,T4b,5992.4
37631,Mi1,5992.4
64485,T2,5992.4
39595,Mi1,5992.4
33907,Mi1,5992.4
85664,TmY3,5992.4
96434,T4d,5992.500000000001
102786,Tm3,5992.500000000001
103654,T4b,5992.500000000001
108876,T4c,5992.500000000001
800146,TTMn,5992.6
108675,T4b,5992.6
51049,Mi1,5992.6
10025,H2,5992.6
10322,OA-AL2i2,5992.6
34463,Mi1,5992.6
86175,T4a,5992.7
106121,T4a,5992.7
93482,T4d,5992.7
80670,T4a,5992.7
101732,T4c,5992.7
63489,T2,5992.7
45349,Mi1,5992.7
36452,Mi1,5992.7
34606,Mi1,5992.7
71089,Mi1,5992.7
41296,Mi1,5992.8
71475,Tm3,5992.8
91313,T4a,5992.8
112393,T4a,5992.8
122308,Tm3,5992.8
106295,T4b,5992.900000000001
85856,TmY3,5992.900000000001
83365,T2a,5992.900000000001
66526,T2,5992.900000000001
42533,TmY3,5992.900000000001
40944,Mi1,5992.900000000001
39405,Mi1,5992.900000000001
37599,Mi1,5992.900000000001
35897,Mi1,5993.0
36410,Mi1,5993.0
47465,TmY3,5993.0
67614,Mi1,5993.0
79449,T4b,5993.0
106793,T4d,5993.0
113983,T4d,5993.1
106922,T4c,5993.1
98846,T4c,5993.1
81486,T4b,5993.1
38461,Mi1,5993.1
69441,Tm3,5993.1
62856,T2,5993.1
60510,T2,5993.1
79138,T2a,5993.1
112344,T4c,5993.2
90371,T4d,5993.2
72501,Mi1,5993.2
92911,T4c,5993.2
45696,Mi1,5993.2
10403,VS,5993.2
56136,Tm3,5993.2
18127,LC4,5993.3
54885,TmY3,5993.3
92996,T4a,5993.3
94866,T4d,5993.3
96812,T4a,5993.3
105565,Tm3,5993.3
134624,Tm3,5993.3
120694,T4d,5993.400000000001
100729,T4b,5993.400000000001
88933,T4a,5993.400000000001
83125,T4b,5993.400000000001
92114,T4c,5993.400000000001
526158,Mi1,5993.5
110742,T4c,5993.5
105135,T4c,5993.5
83438,T4a,5993.5
108066,T4b,5993.5
79083,Tm3,5993.5
43965,Mi1,5993.5
10015,HSN,5993.5
81015,T4a,5993.5
95345,T4d,5993.6
10016,HSE,5993.6
37585,Mi1,5993.6
43783,Mi1,5993.6
85731,T4d,5993.6
88005,T4d,5993.6
104996,T4a,5993.6
106535,T4d,5993.700000000001
91913,T4b,5993.700000000001
86419,Tm3,5993.700000000001
79259,T4b,5993.700000000001
76074,Tm3,5993.700000000001
71131,Tm3,5993.700000000001
39894,T4b,5993.8
44449,TmY3,5993.8
63420,Mi1,5993.8
92027,Tm3,5993.8
97769,T4a,5993.8
99731,T4c,5993.8
103867,T4a,5993.8
121420,T4d,5993.9
108043,T4a,5993.9
98245,T4c,5993.9
76121,Tm3,5993.9
35572,Mi1,5993.9
59959,Mi1,5993.9
40577,Mi1,5993.9
61835,T2,5993.9
87565,T4a,5994.000000000001
105379,T4c,5994.000000000001
92251,T4b,5994.000000000001
85009,Tm3,5994.000000000001
94546,T4b,5994.000000000001
96003,T4d,5994.000000000001
94081,T4c,5994.000000000001
67464,Mi1,5994.000000000001
45176,Mi1,5994.000000000001
45322,Mi1,5994.000000000001
41399,Mi1,5994.000000000001
37733,TmY3,5994.000000000001
32893,Mi1,5994.000000000001
17280,Li28,5994.000000000001
14416,VST2,5994.000000000001
51191,TmY3,5994.000000000001
16545,Li28,5994.1
35428,Mi1,5994.1
46745,Mi1,5994.1
47211,Mi1,5994.1
110454,T4d,5994.2
109326,T4c,5994.2
108870,T4a,5994.2
107799,T4b,5994.2
98404,T4d,5994.2
41709,Mi1,5994.2
37019,Mi1,5994.2
35235,Mi1,5994.2
38230,Mi1,5994.3
39791,Mi1,5994.3
90259,T4d,5994.3
101230,T4a,5994.3
117631,T4d,5994.3
102388,T4d,5994.400000000001
95985,T4c,5994.400000000001
88152,T4c,5994.400000000001
75712,Tm3,5994.400000000001
74231,Tm3,5994.400000000001
11551,VS,5994.400000000001
42048,Mi1,5994.400000000001
38710,Mi1,5994.400000000001
37568,Mi1,5994.400000000001
34079,Mi1,5994.400000000001
47368,TmY3,5994.400000000001
537004,VSm,5994.5
91469,T4c,5994.5
90796,T4d,5994.5
87424,T4d,5994.5
66372,T2,5994.5
33446,Mi1,5994.5
16606,VST2,5994.5
10037,VS,5994.5
60856,T2a,5994.5
91345,T4c,5994.6
102112,T4c,5994.6
112744,T4d,5994.6
96830,T4b,5994.6
62401,T2,5994.6
34404,Mi1,5994.6
37529,Mi1,5994.6
36177,Mi1,5994.6
33216,Mi1,5994.6
42691,Mi1,5994.6
114088,T4d,5994.7
102742,T4d,5994.7
70289,Mi1,5994.7
69889,T2a,5994.7
65052,T2,5994.7
63021,Tm3,5994.7
42856,Mi1,5994.7
33655,Mi1,5994.7
33110,Mi1,5994.7
45162,TmY3,5994.7
102564,T4a,5994.8
97866,T4d,5994.8
96576,T4c,5994.8
82618,T2a,5994.8
94743,T4d,5994.8
69540,TmY3,5994.8
39500,Mi1,5994.8
35934,Mi1,5994.8
35845,Mi1,5994.8
75848,T2a,5994.8
106701,T4d,5994.900000000001
93166,T4c,5994.900000000001
62838,TmY3,5994.900000000001
44592,TmY3,5994.900000000001
86635,T4c,5994.900000000001
35001,Mi1,5994.900000000001
24867,VST1,5994.900000000001
15263,Li28,5994.900000000001
40958,Mi1,5994.900000000001
15909,Li28,5995.0
67810,Tm3,5995.0
91934,T4a,5995.0
94886,T4d,5995.0
103160,T4a,5995.0
105292,T4b,5995.0
109153,T4a,5995.0
96211,T4d,5995.099999999999
67113,Mi1,5995.099999999999
37390,Mi1,5995.099999999999
59528,T2a,5995.099999999999
64977,T2,5995.099999999999
11134,VSm,5995.200000000001
35734,Mi1,5995.200000000001
38893,Mi1,5995.200000000001
40936,Mi1,5995.200000000001
41626,Mi1,5995.200000000001
79257,Tm3,5995.200000000001
98226,T4b,5995.200000000001
98788,T4d,5995.200000000001
105199,T4d,5995.200000000001
80284,Tm3,5995.3
111928,T4b,5995.3
37108,Mi1,5995.3
10023,HSS,5995.4
10025,H2,5995.4
10206,VS,5995.4
33017,Mi1,5995.4
61500,Tm3,5995.4
64897,T2,5995.4
72665,Mi1,5995.4
79253,T4a,5995.4
100787,T4b,5995.4
95453,T4a,5995.500000000001
109127,T4b,5995.500000000001
101645,T4a,5995.500000000001
76528,Tm3,5995.500000000001
34849,Mi1,5995.500000000001
40106,Mi1,5995.500000000001
33394,Mi1,5995.500000000001
43414,Mi1,5995.500000000001
39505,Mi1,5995.6
91222,T4d,5995.6
110555,T4b,5995.6
112458,T4b,5995.6
105242,T4c,5995.7
77395,T4b,5995.7
96035,T4d,5995.7
10112,VS,5995.7
71938,T2a,5995.7
35100,Mi1,5995.8
48186,TmY3,5995.8
74502,Tm3,5995.8
90888,T4b,5995.8
95883,T4a,5995.8
102298,T4c,5995.8
89223,T4d,5995.900000000001
120231,Tm3,5995.900000000001
110987,Tm3,5995.900000000001
80302,T2a,5995.900000000001
10012,VS,5995.900000000001
39525,Mi1,5995.900000000001
35447,Mi1,5995.900000000001
58703,T2,5995.900000000001
547091,T2,5996.0
111423,T4c,5996.0
108625,T4b,5996.0
102845,T4b,5996.0
100310,T4d,5996.0
95287,T4a,5996.0
93302,T4b,5996.0
88726,T4b,5996.0
74287,Tm3,5996.0
38487,Mi1,5996.0
38227,Mi1,5996.0
38208,Mi1,5996.0
34626,Mi1,5996.0
34329,Mi1,5996.0
20634,VST1,5996.0
79875,T4c,5996.0
101302,T4d,5996.1
101043,T4c,5996.1
101033,T4d,5996.1
98398,T4c,5996.1
80033,T4a,5996.1
59864,Tm3,5996.1
48531,Mi1,5996.1
80913,T4a,5996.1
122333,T4b,5996.2
100215,T4c,5996.2
81836,T2a,5996.2
56564,Mi1,5996.2
72655,Mi1,5996.2
41809,Mi1,5996.2
38987,Mi1,5996.2
38241,Mi1,5996.2
32535,Mi1,5996.2
47962,TmY3,5996.2
84063,T4b,5996.3
105126,T4c,5996.3
101480,T4c,5996.3
97853,T4c,5996.3
84689,Tm3,5996.3
68933,Tm3,5996.3
24338,LC4,5996.3
44747,TmY3,5996.3
43323,Mi1,5996.3
41654,Mi1,5996.3
37509,Mi1,5996.3
36139,Mi1,5996.3
61370,T2,5996.3
112048,T4c,5996.400000000001
108344,T4d,5996.400000000001
105521,T4c,5996.400000000001
100981,T4d,5996.400000000001
74375,Tm3,5996.400000000001
41545,Mi1,5996.400000000001
35017,Mi1,5996.400000000001
81883,T2a,5996.400000000001
88698,T4a,5996.5
104884,T4b,5996.5
90419,T4b,5996.5
68342,Tm3,5996.5
65671,Mi1,5996.5
39158,Mi1,5996.5
37371,Mi1,5996.5
35770,Mi1,5996.5
19292,Li28,5996.5
127153,Tm3,5996.599999999999
118924,Tm3,5996.599999999999
112369,T4d,5996.599999999999
100874,T4a,5996.599999999999
99358,T4c,5996.599999999999
95532,T4a,5996.599999999999
78421,T2a,5996.599999999999
76524,Tm3,5996.599999999999
48060,Mi1,5996.599999999999
10016,HSE,5996.599999999999
10001,DNp01,5996.599999999999
99850,T4a,5996.700000000001
88460,T2a,5996.700000000001
78308,T2a,5996.700000000001
69778,T2,5996.700000000001
98381,T4d,5996.700000000001
34272,Mi1,5996.700000000001
17926,LC4,5996.700000000001
10015,HSN,5996.700000000001
40026,TmY3,5996.700000000001
10755,H1,5996.8
38748,Mi1,5996.8
77174,T2a,5996.8
79358,T2a,5996.8
94282,T4c,5996.8
98692,T4a,5996.8
99980,T4c,5996.8
108161,T4a,5996.8
95554,T4b,5996.9
93688,T4a,5996.9
91629,T4a,5996.9
89934,T4d,5996.9
130730,Tm3,5996.9
83979,T4a,5996.9
69063,Mi1,5996.9
31492,Mi1,5996.9
27788,Mi1,5996.9
86558,T4b,5996.9
37353,Mi1,5997.0
42942,Mi1,5997.0
85924,T4a,5997.0
97784,T4c,5997.0
116451,T4c,5997.1
104911,T4c,5997.1
92593,T4d,5997.1
99292,T4a,5997.1
66852,Mi1,5997.1
15019,Li28,5997.1
92273,T2a,5997.1
38721,Mi1,5997.2
71944,T2a,5997.2
72955,T2a,5997.2
97145,T4c,5997.2
97835,T4a,5997.2
102147,T4c,5997.2
80812,T4a,5997.3
98654,T4d,5997.3
96931,T4b,5997.3
93927,T4a,5997.3
68293,T2,5997.3
98360,T4c,5997.3
46248,Mi1,5997.3
10072,OA-AL2i1,5997.3
11981,Li28,5997.3
50552,Mi1,5997.3
35113,Mi1,5997.3
16033,Li28,5997.3
23098,LC4,5997.400000000001
36305,Mi1,5997.400000000001
38455,Mi1,5997.400000000001
90657,T4a,5997.400000000001
93479,T4d,5997.400000000001
98194,T4d,5997.400000000001
112594,T4b,5997.5
107445,T4a,5997.5
103025,T4a,5997.5
102975,T4b,5997.5
40854,Mi1,5997.5
66791,Tm3,5997.5
52350,Mi1,5997.5
38632,Mi1,5997.5
93957,T4b,5997.5
105802,T4c,5997.6
93604,T4a,5997.6
65307,T2,5997.6
46827,Mi1,5997.6
78477,T4a,5997.6
111857,T4d,5997.7
41435,Mi1,5997.7
41464,TmY3,5997.7
85229,T4c,5997.7
89784,T4b,5997.7
98938,T4a,5997.7
101081,T4c,5997.7
35602,Mi1,5997.8
39727,Mi1,5997.8
74088,T2a,5997.8
85741,T4a,5997.8
97885,T4a,5997.8
103383,T4c,5997.8
92644,T4d,5997.900000000001
93334,T4b,5997.900000000001
89368,T4c,5997.900000000001
100785,T4b,5997.900000000001
88625,T4c,5997.900000000001
87106,T4a,5997.900000000001
37138,Mi1,5997.900000000001
89099,T4a,5997.900000000001
130280,Tm3,5998.0
122290,Tm3,5998.0
102595,T4d,5998.0
35774,Mi1,5998.0
84267,T4c,5998.0
10037,VS,5998.0
88870,Tm3,5998.0
117911,T4b,5998.099999999999
112073,T4b,5998.099999999999
106401,T4d,5998.099999999999
105962,T4b,5998.099999999999
95822,T4b,5998.099999999999
90474,T4b,5998.099999999999
73320,T2,5998.099999999999
61659,Tm3,5998.099999999999
37113,Mi1,5998.099999999999
36646,Mi1,5998.099999999999
33918,Mi1,5998.099999999999
82313,T4a,5998.099999999999
95928,T4c,5998.200000000001
84759,T2a,5998.200000000001
71052,T2a,5998.200000000001
59008,Mi1,5998.200000000001
62851,Tm3,5998.200000000001
40426,Mi1,5998.200000000001
41613,Mi1,5998.200000000001
12521,HST,5998.200000000001
10025,H2,5998.200000000001
111010,T4c,5998.3
94549,T4b,5998.3
86778,T4a,5998.3
83465,T4a,5998.3
90219,T4a,5998.3
78437,Tm3,5998.3
56007,TmY3,5998.3
38857,Mi1,5998.3
79271,T4a,5998.3
35512,Mi1,5998.4
35888,Mi1,5998.4
43924,TmY3,5998.4
75318,T2,5998.4
94071,T4a,5998.4
95810,T2a,5998.4
73828,Tm3,5998.5
83689,T4a,5998.5
91057,T4c,5998.5
72558,T2a,5998.5
39651,Mi1,5998.5
34356,Mi1,5998.5
58527,TmY3,5998.5
36684,Mi1,5998.5
133040,Tm3,5998.6
10284,VS,5998.6
69546,Tm3,5998.6
77480,Tm3,5998.6
85074,T4a,5998.6
101770,T4b,5998.6
109142,T4b,5998.6
110403,T4b,5998.6
10023,HSS,5998.7
36346,Mi1,5998.7
55976,Mi1,5998.7
71228,T2a,5998.7
88642,T4a,5998.7
104123,T4b,5998.7
546524,Mi1,5998.8
88746,Tm3,5998.8
64256,T2a,5998.8
101123,T4c,5998.8
40171,Mi1,5998.8
47967,Mi1,5998.8
39743,Mi1,5998.8
104354,T4b,5998.9
103780,T4c,5998.9
100032,T4c,5998.9
95364,T4d,5998.9
109023,T4c,5998.9
71437,T2a,5998.9
48930,TmY3,5998.9
46993,T2a,5998.9
39629,Mi1,5998.9
77484,T4d,5998.9
46662,TmY3,5999.0
83191,T4a,5999.0
102910,T4b,5999.0
100897,T4c,5999.1
81620,T2a,5999.1
37948,Mi1,5999.1
65833,Mi1,5999.1
66227,Tm3,5999.1
65850,T2a,5999.2
93224,T4a,5999.2
80435,T2a,5999.2
115422,T4c,5999.2
58945,Tm3,5999.2
38772,Mi1,5999.2
15422,VST2,5999.2
38993,Mi1,5999.2
34862,Mi1,5999.2
38477,Mi1,5999.3
41522,Mi1,5999.3
48286,Mi1,5999.3
111783,T4a,5999.3
113207,T4d,5999.3
48547,TmY3,5999.400000000001
104622,T4b,5999.400000000001
91804,T4d,5999.400000000001
74303,Mi1,5999.400000000001
35173,Mi1,5999.400000000001
36446,Mi1,5999.400000000001
16545,Li28,5999.400000000001
70490,Mi1,5999.400000000001
94289,T4d,5999.5
109652,T4d,5999.5
100855,T4a,5999.5
95235,T4d,5999.5
109916,T4d,5999.5
88992,T4c,5999.5
75966,T2a,5999.5
41637,Mi1,5999.5
37270,Mi1,5999.5
36954,Mi1,5999.5
10016,HSE,5999.5
84008,T4c,5999.5
102703,T4a,5999.6
89290,T4d,5999.6
80080,T2a,5999.6
92706,T4a,5999.6
38768,Mi1,5999.6
38479,Mi1,5999.6
40596,Mi1,5999.6
48894,TmY3,5999.700000000001
34300,Mi1,5999.8
67308,Mi1,5999.8
81733,Tm3,5999.8
98598,T4c,5999.8
98817,T4a,5999.8
42872,Mi1,5999.900000000001
83677,T4c,5999.900000000001
74259,T2a,5999.900000000001
45719,Mi1,5999.900000000001
42119,Mi1,5999.900000000001
107031,T4b,5999.900000000001
37555,Mi1,5999.900000000001
36881,Mi1,5999.900000000001
15909,Li28,5999.900000000001
10015,HSN,5999.900000000001
41136,Mi1,5999.900000000001
149504,T4d,5999.900000000001
