bodyId,type,t_ms
20264,Li28,11.600000000000001
17280,Li28,11.799999999999999
15019,Li28,11.9
11981,Li28,12.200000000000001
16545,Li28,12.200000000000001
53065,Mi1,12.200000000000001
15909,Li28,12.3
15263,Li28,12.700000000000001
19292,Li28,12.700000000000001
23047,Li28,12.700000000000001
16596,Li28,12.8
17596,Li28,13.1
14209,Li28,13.5
16033,Li28,13.7
20264,Li28,25.8
17280,Li28,26.3
15019,Li28,26.8
16545,Li28,26.8
11981,Li28,26.9
53065,Mi1,27.0
15909,Li28,27.1
19292,Li28,27.1
15263,Li28,27.200000000000003
16596,Li28,27.3
23047,Li28,27.3
14209,Li28,27.6
16033,Li28,27.8
17596,Li28,28.3
20264,Li28,40.400000000000006
15263,Li28,40.699999999999996
15909,Li28,40.9
16545,Li28,41.4
17280,Li28,41.4
19292,Li28,41.4
23047,Li28,41.800000000000004
15019,Li28,42.0
16596,Li28,42.1
11981,Li28,42.4
53065,Mi1,42.4
14209,Li28,42.9
17596,Li28,43.5
16033,Li28,44.3
20264,Li28,54.7
15909,Li28,55.300000000000004
16596,Li28,55.300000000000004
16545,Li28,55.6
11981,Li28,56.5
15019,Li28,56.6
23047,Li28,56.6
17280,Li28,56.699999999999996
15263,Li28,56.800000000000004
19292,Li28,56.800000000000004
14209,Li28,57.4
53065,Mi1,57.9
16033,Li28,58.5
17596,Li28,59.1
20264,Li28,69.3
16596,Li28,69.4
15909,Li28,69.4
16545,Li28,69.8
23047,Li28,70.10000000000001
15019,Li28,70.5
17280,Li28,70.9
19292,Li28,71.3
15263,Li28,72.0
14209,Li28,72.2
53065,Mi1,72.4
11981,Li28,72.50000000000001
16033,Li28,72.6
17596,Li28,73.00000000000001
20264,Li28,83.5
23047,Li28,84.10000000000001
16596,Li28,84.3
15909,Li28,84.8
16545,Li28,85.2
15263,Li28,85.4
15019,Li28,85.5
19292,Li28,86.10000000000001
53065,Mi1,86.2
14209,Li28,87.0
17280,Li28,87.0
16033,Li28,87.2
17596,Li28,87.5
11981,Li28,87.7
20264,Li28,97.5
16596,Li28,97.60000000000001
15909,Li28,98.60000000000001
23047,Li28,98.7
15019,Li28,99.0
15263,Li28,99.4
16545,Li28,99.7
53065,Mi1,99.7
17280,Li28,101.5
19292,Li28,101.60000000000001
17596,Li28,101.60000000000001
11981,Li28,102.3
14209,Li28,102.5
16033,Li28,102.9
16596,Li28,112.2
15909,Li28,112.39999999999999
20264,Li28,112.60000000000001
15019,Li28,112.80000000000001
16545,Li28,113.39999999999999
23047,Li28,113.80000000000001
15263,Li28,114.2
53065,Mi1,115.0
17280,Li28,115.4
19292,Li28,116.10000000000001
17596,Li28,116.7
14209,Li28,117.10000000000001
16033,Li28,117.20000000000002
11981,Li28,117.60000000000001
20264,Li28,126.9
16596,Li28,127.10000000000002
15909,Li28,127.2
15019,Li28,127.3
16545,Li28,127.9
15263,Li28,128.29999999999998
23047,Li28,129.1
53065,Mi1,129.6
17280,Li28,130.70000000000002
17596,Li28,131.1
19292,Li28,131.1
14209,Li28,132.20000000000002
11981,Li28,132.3
16033,Li28,132.3
20264,Li28,141.1
15019,Li28,142.0
15909,Li28,142.5
15263,Li28,142.7
23047,Li28,143.1
16596,Li28,143.5
53065,Mi1,143.7
16545,Li28,144.0
17280,Li28,145.00000000000003
17596,Li28,145.9
14209,Li28,146.4
11981,Li28,146.6
19292,Li28,146.9
16033,Li28,148.00000000000003
20264,Li28,155.10000000000002
15019,Li28,155.2
15263,Li28,157.0
15909,Li28,157.5
16545,Li28,158.20000000000002
23047,Li28,158.4
16596,Li28,159.0
17280,Li28,159.60000000000002
53065,Mi1,160.0
17596,Li28,160.4
19292,Li28,160.9
14209,Li28,161.0
11981,Li28,161.20000000000002
16033,Li28,161.9
20264,Li28,169.70000000000002
15019,Li28,170.1
15263,Li28,172.5
15909,Li28,173.0
16545,Li28,173.3
23047,Li28,173.8
16596,Li28,174.6
17280,Li28,174.70000000000002
53065,Mi1,175.1
17596,Li28,175.1
16033,Li28,175.3
11981,Li28,175.6
14209,Li28,175.7
19292,Li28,175.8
20264,Li28,184.4
15019,Li28,184.60000000000002
15263,Li28,186.5
16596,Li28,187.5
16545,Li28,188.0
15909,Li28,188.0
23047,Li28,188.29999999999998
16033,Li28,189.20000000000002
53065,Mi1,189.20000000000002
17280,Li28,189.29999999999998
17596,Li28,189.9
11981,Li28,191.10000000000002
19292,Li28,191.20000000000002
14209,Li28,191.79999999999998
15019,Li28,199.0
20264,Li28,200.1
15263,Li28,200.9
15909,Li28,201.70000000000002
16596,Li28,201.9
16545,Li28,203.20000000000002
16033,Li28,203.3
23047,Li28,203.5
17280,Li28,204.4
53065,Mi1,204.6
17596,Li28,204.70000000000002
19292,Li28,206.3
11981,Li28,207.0
14209,Li28,207.0
15019,Li28,213.50000000000003
20264,Li28,214.4
16596,Li28,215.60000000000002
15909,Li28,215.7
15263,Li28,215.8
16545,Li28,217.5
16033,Li28,217.9
17280,Li28,218.60000000000002
53065,Mi1,218.60000000000002
23047,Li28,219.10000000000002
17596,Li28,219.4
11981,Li28,220.9
19292,Li28,222.0
14209,Li28,222.29999999999998
15019,Li28,228.0
15263,Li28,229.8
15909,Li28,230.4
20264,Li28,230.4
16545,Li28,230.8
16596,Li28,231.6
16033,Li28,232.1
17280,Li28,232.70000000000002
53065,Mi1,233.20000000000002
17596,Li28,233.9
23047,Li28,234.0
11981,Li28,235.3
19292,Li28,237.3
14209,Li28,237.5
15019,Li28,242.50000000000003
15263,Li28,244.00000000000003
15909,Li28,244.8
20264,Li28,245.1
16596,Li28,245.7
16545,Li28,246.00000000000003
16033,Li28,247.00000000000003
17280,Li28,247.10000000000002
53065,Mi1,247.7
23047,Li28,248.5
17596,Li28,250.4
11981,Li28,250.9
19292,Li28,252.0
14209,Li28,252.20000000000002
15263,Li28,257.09999999999997
15019,Li28,257.59999999999997
16596,Li28,260.0
15909,Li28,260.09999999999997
20264,Li28,260.40000000000003
16033,Li28,261.09999999999997
16545,Li28,261.59999999999997
23047,Li28,262.3
17280,Li28,262.40000000000003
53065,Mi1,262.90000000000003
11981,Li28,264.90000000000003
14209,Li28,267.3
17596,Li28,267.7
19292,Li28,268.1
15263,Li28,271.40000000000003
15019,Li28,272.1
16596,Li28,273.6
15909,Li28,274.90000000000003
16033,Li28,275.1
20264,Li28,275.3
16545,Li28,276.6
17280,Li28,276.8
23047,Li28,276.90000000000003
53065,Mi1,277.7
11981,Li28,278.1
19292,Li28,281.3
14209,Li28,281.90000000000003
17596,Li28,282.5
15019,Li28,286.7
15263,Li28,286.9
15909,Li28,288.5
16596,Li28,288.7
16033,Li28,290.00000000000006
20264,Li28,290.7
53065,Mi1,291.1
17280,Li28,291.3
23047,Li28,291.7
16545,Li28,292.00000000000006
11981,Li28,293.4
14209,Li28,297.00000000000006
19292,Li28,297.4
17596,Li28,297.9
15263,Li28,300.9
16596,Li28,302.8
15019,Li28,303.20000000000005
15909,Li28,303.20000000000005
53065,Mi1,303.6
20264,Li28,305.3
16033,Li28,305.70000000000005
17280,Li28,305.8
23047,Li28,306.4
16545,Li28,307.6
11981,Li28,308.3
14209,Li28,311.3
19292,Li28,312.09999999999997
17596,Li28,312.09999999999997
16596,Li28,316.20000000000005
15263,Li28,316.5
15019,Li28,317.0
53065,Mi1,317.09999999999997
15909,Li28,318.70000000000005
17280,Li28,319.59999999999997
23047,Li28,320.40000000000003
16033,Li28,321.0
16545,Li28,321.40000000000003
20264,Li28,321.5
11981,Li28,323.70000000000005
17596,Li28,325.8
14209,Li28,326.5
19292,Li28,327.3
16596,Li28,329.2
15263,Li28,331.5
15019,Li28,331.6
53065,Mi1,332.90000000000003
15909,Li28,334.0
17280,Li28,334.3
16545,Li28,334.8
23047,Li28,334.90000000000003
16033,Li28,335.40000000000003
20264,Li28,335.6
11981,Li28,338.8
17596,Li28,340.40000000000003
19292,Li28,341.2
14209,Li28,342.8
16596,Li28,344.0
15263,Li28,346.7
15019,Li28,347.1
17280,Li28,348.40000000000003
15909,Li28,348.90000000000003
53065,Mi1,349.0
16545,Li28,349.0
23047,Li28,349.90000000000003
16033,Li28,350.6
20264,Li28,351.6
11981,Li28,352.6
19292,Li28,356.00000000000006
17596,Li28,356.3
14209,Li28,357.4
16596,Li28,358.4
15263,Li28,361.4
15019,Li28,361.6
15909,Li28,363.1
23047,Li28,363.4
16545,Li28,363.5
53065,Mi1,363.9
17280,Li28,364.1
16033,Li28,364.7
20264,Li28,367.6
11981,Li28,368.1
19292,Li28,370.5
17596,Li28,372.4
16596,Li28,372.5
14209,Li28,373.0
15263,Li28,376.1
15909,Li28,376.70000000000005
15019,Li28,376.9
17280,Li28,377.20000000000005
23047,Li28,377.4
53065,Mi1,378.09999999999997
16545,Li28,379.20000000000005
16033,Li28,380.0
20264,Li28,381.70000000000005
11981,Li28,383.70000000000005
19292,Li28,384.8
17596,Li28,386.59999999999997
16596,Li28,387.8
14209,Li28,388.0
17280,Li28,390.8
15263,Li28,390.90000000000003
15019,Li28,391.8
23047,Li28,392.3
53065,Mi1,392.6
16545,Li28,393.8
15909,Li28,394.2
16033,Li28,395.1
20264,Li28,396.6
11981,Li28,398.2
19292,Li28,398.3
16596,Li28,400.90000000000003
17596,Li28,401.6
14209,Li28,402.40000000000003
17280,Li28,405.7
23047,Li28,407.0
15019,Li28,407.1
15263,Li28,407.1
16545,Li28,407.5
53065,Mi1,407.6
15909,Li28,409.0
16033,Li28,411.2
20264,Li28,412.0
11981,Li28,412.40000000000003
19292,Li28,412.8
16596,Li28,416.4
14209,Li28,418.4
17596,Li28,418.4
17280,Li28,419.50000000000006
23047,Li28,420.7
16545,Li28,421.4
15263,Li28,422.00000000000006
15019,Li28,422.3
53065,Mi1,423.1
15909,Li28,423.8
16033,Li28,425.8
20264,Li28,426.6
11981,Li28,426.8
19292,Li28,428.2
16596,Li28,430.6
17596,Li28,433.4
14209,Li28,434.20000000000005
17280,Li28,435.0
16545,Li28,435.4
23047,Li28,435.4
15263,Li28,435.9
15019,Li28,436.4
53065,Mi1,437.1
15909,Li28,438.4
11981,Li28,439.8
16033,Li28,440.9
20264,Li28,441.1
19292,Li28,443.3
16596,Li28,444.90000000000003
14209,Li28,448.70000000000005
17280,Li28,448.70000000000005
17596,Li28,448.90000000000003
23047,Li28,449.90000000000003
16545,Li28,450.20000000000005
15263,Li28,450.5
53065,Mi1,451.3
15019,Li28,452.20000000000005
15909,Li28,453.70000000000005
11981,Li28,454.8
20264,Li28,455.1
16033,Li28,455.70000000000005
19292,Li28,458.2
16596,Li28,460.3
14209,Li28,463.1
17596,Li28,463.2
17280,Li28,463.8
23047,Li28,464.0
16545,Li28,464.90000000000003
15263,Li28,465.3
53065,Mi1,466.0
15019,Li28,466.1
15909,Li28,468.7
16033,Li28,469.0
20264,Li28,469.6
11981,Li28,470.1
19292,Li28,472.40000000000003
16596,Li28,475.40000000000003
14209,Li28,476.5
17596,Li28,477.5
17280,Li28,478.40000000000003
16545,Li28,478.6
23047,Li28,478.6
15263,Li28,480.2
53065,Mi1,481.1
15019,Li28,481.8
16033,Li28,483.3
15909,Li28,484.2
20264,Li28,484.2
11981,Li28,485.00000000000006
19292,Li28,486.6
16596,Li28,490.1
14209,Li28,491.9
17596,Li28,492.4
23047,Li28,494.00000000000006
16545,Li28,494.20000000000005
15263,Li28,494.8
17280,Li28,495.00000000000006
15019,Li28,496.20000000000005
53065,Mi1,496.3
15909,Li28,497.5
20264,Li28,498.20000000000005
16033,Li28,498.70000000000005
11981,Li28,499.8
19292,Li28,501.9
14209,Li28,505.40000000000003
16596,Li28,505.70000000000005
17596,Li28,507.29999999999995
16545,Li28,508.4000000000001
17280,Li28,509.09999999999997
15263,Li28,509.29999999999995
23047,Li28,510.29999999999995
53065,Mi1,510.8
15019,Li28,512.1999999999999
16033,Li28,512.4000000000001
15909,Li28,512.7
20264,Li28,512.9
11981,Li28,514.8000000000001
19292,Li28,516.3
16596,Li28,519.3
14209,Li28,521.0
17596,Li28,521.4
16545,Li28,522.1
15263,Li28,523.4
53065,Mi1,524.3
17280,Li28,524.3
23047,Li28,524.6
15909,Li28,526.4
16033,Li28,526.6
15019,Li28,527.0
20264,Li28,527.4
11981,Li28,529.0
19292,Li28,531.5
16596,Li28,534.2
14209,Li28,536.2
17596,Li28,536.4
16545,Li28,537.0
15263,Li28,537.2
53065,Mi1,537.7
17280,Li28,538.0
23047,Li28,539.6
16033,Li28,540.0
15909,Li28,541.0
15019,Li28,541.6
20264,Li28,542.0
11981,Li28,543.2
19292,Li28,547.1
16596,Li28,549.0
16545,Li28,550.7
14209,Li28,550.7
17596,Li28,551.6
17280,Li28,552.1
15263,Li28,552.6
53065,Mi1,553.0
23047,Li28,554.0
16033,Li28,555.2
15909,Li28,556.1
15019,Li28,556.9000000000001
11981,Li28,558.3
20264,Li28,558.9000000000001
19292,Li28,561.8000000000001
14209,Li28,565.3000000000001
16545,Li28,565.6
16596,Li28,566.0
17596,Li28,566.9000000000001
15263,Li28,567.0
17280,Li28,567.4
53065,Mi1,567.6999999999999
23047,Li28,569.1
16033,Li28,570.4
15909,Li28,571.0
15019,Li28,571.1
11981,Li28,573.6999999999999
20264,Li28,574.1
19292,Li28,576.4
14209,Li28,579.9000000000001
16545,Li28,580.5
16596,Li28,580.9000000000001
17596,Li28,581.6999999999999
17280,Li28,582.2
15263,Li28,583.0000000000001
53065,Mi1,583.0000000000001
16033,Li28,584.6999999999999
15019,Li28,585.8
23047,Li28,586.0000000000001
15909,Li28,586.5
11981,Li28,589.2
20264,Li28,590.4
19292,Li28,590.6
14209,Li28,594.4
16545,Li28,594.7
17596,Li28,594.9
16596,Li28,595.2
17280,Li28,596.6
53065,Mi1,597.7
15263,Li28,598.5
15019,Li28,598.5
16033,Li28,600.4
23047,Li28,600.5
15909,Li28,601.7
11981,Li28,603.6
19292,Li28,605.1
20264,Li28,606.1
17596,Li28,607.9
14209,Li28,609.3000000000001
16545,Li28,609.7
16596,Li28,610.0
17280,Li28,610.3000000000001
53065,Mi1,612.0
15019,Li28,612.3000000000001
15263,Li28,612.7
23047,Li28,614.6
16033,Li28,615.0
15909,Li28,617.7
11981,Li28,618.2
19292,Li28,618.6
20264,Li28,619.5
17596,Li28,622.4000000000001
14209,Li28,622.5
16596,Li28,624.3000000000001
17280,Li28,625.0
16545,Li28,625.3000000000001
53065,Mi1,625.9
15019,Li28,626.9
15263,Li28,627.1999999999999
16033,Li28,629.1
23047,Li28,630.1999999999999
11981,Li28,631.6
15909,Li28,631.7
19292,Li28,632.8000000000001
20264,Li28,633.0
17596,Li28,636.8000000000001
14209,Li28,638.8000000000001
16596,Li28,638.9
17280,Li28,638.9
53065,Mi1,639.4000000000001
16545,Li28,639.7
15263,Li28,640.6
15019,Li28,640.8000000000001
16033,Li28,643.3
23047,Li28,645.4000000000001
11981,Li28,645.6
20264,Li28,647.3
15909,Li28,647.4000000000001
19292,Li28,647.4000000000001
17596,Li28,653.1
14209,Li28,653.2
17280,Li28,653.2
16545,Li28,653.8000000000001
16596,Li28,654.2
15019,Li28,654.5000000000001
53065,Mi1,654.9
15263,Li28,655.1
16033,Li28,658.4
11981,Li28,658.7
20264,Li28,660.6
23047,Li28,660.8000000000001
15909,Li28,662.2
19292,Li28,663.6
17280,Li28,666.6
14209,Li28,667.3
16596,Li28,667.4
17596,Li28,668.5
15019,Li28,668.8000000000001
16545,Li28,668.8000000000001
53065,Mi1,668.9000000000001
15263,Li28,670.2
11981,Li28,672.7
16033,Li28,673.8000000000001
20264,Li28,674.9000000000001
23047,Li28,675.9000000000001
15909,Li28,677.1
19292,Li28,677.4
17280,Li28,680.9000000000001
16596,Li28,681.7
14209,Li28,681.8000000000001
15019,Li28,682.8000000000001
53065,Mi1,683.5
16545,Li28,683.7
17596,Li28,684.5
15263,Li28,686.2
11981,Li28,687.9000000000001
20264,Li28,689.8000000000001
16033,Li28,689.9000000000001
23047,Li28,690.6
19292,Li28,692.9000000000001
15909,Li28,693.0
17280,Li28,696.6999999999999
16596,Li28,697.1
14209,Li28,697.4
16545,Li28,697.9000000000001
15019,Li28,698.4
53065,Mi1,698.5
17596,Li28,699.0
15263,Li28,700.5
11981,Li28,703.5
23047,Li28,704.1
16033,Li28,704.6
20264,Li28,705.1
15909,Li28,707.1
19292,Li28,708.0000000000001
16596,Li28,711.5
17280,Li28,711.6
14209,Li28,711.8
17596,Li28,712.5
16545,Li28,712.9000000000001
53065,Mi1,713.9
15019,Li28,714.6
15263,Li28,715.3000000000001
16033,Li28,718.1
11981,Li28,718.3000000000001
23047,Li28,719.1
20264,Li28,719.9
15909,Li28,720.7
19292,Li28,722.7
16596,Li28,725.9
17596,Li28,726.0000000000001
14209,Li28,726.4
17280,Li28,726.5
16545,Li28,727.2
53065,Mi1,727.4
15263,Li28,729.7
15019,Li28,730.4
11981,Li28,732.6
20264,Li28,733.3000000000001
16033,Li28,733.3000000000001
23047,Li28,734.2
15909,Li28,735.3000000000001
19292,Li28,737.5
16596,Li28,739.9
17280,Li28,740.0
14209,Li28,740.4000000000001
17596,Li28,740.4000000000001
16545,Li28,741.3000000000001
53065,Mi1,742.0
15019,Li28,744.0
15263,Li28,745.0
11981,Li28,746.7
20264,Li28,747.3000000000001
16033,Li28,747.8
23047,Li28,748.8
15909,Li28,749.6
19292,Li28,753.1999999999999
14209,Li28,754.3000000000001
17280,Li28,754.4000000000001
17596,Li28,754.6
16596,Li28,755.0
16545,Li28,756.1999999999999
53065,Mi1,756.5
15263,Li28,757.4000000000001
11981,Li28,760.8000000000001
15019,Li28,761.1
20264,Li28,761.7
16033,Li28,763.6
23047,Li28,764.3000000000001
15909,Li28,765.0
19292,Li28,767.7
17596,Li28,768.8000000000001
14209,Li28,769.5
17280,Li28,769.9
16596,Li28,770.0
16545,Li28,771.1
53065,Mi1,771.4000000000001
15263,Li28,773.1
11981,Li28,774.4000000000001
15019,Li28,776.1999999999999
20264,Li28,777.3
16033,Li28,778.6
23047,Li28,779.6
15909,Li28,780.7
19292,Li28,783.0
17596,Li28,783.2
16596,Li28,784.3
17280,Li28,784.9
14209,Li28,785.0
53065,Mi1,785.9
16545,Li28,786.6
15263,Li28,788.1
11981,Li28,788.2
15019,Li28,790.3
16033,Li28,792.4
20264,Li28,792.6
23047,Li28,794.4
15909,Li28,795.9000000000001
19292,Li28,797.3
17280,Li28,798.3
16596,Li28,798.3
17596,Li28,799.1
53065,Mi1,800.7
14209,Li28,801.0
16545,Li28,801.9000000000001
15263,Li28,802.8000000000001
11981,Li28,803.8000000000001
15019,Li28,804.4
16033,Li28,806.7
20264,Li28,806.7
23047,Li28,807.8000000000001
19292,Li28,810.6
15909,Li28,811.1
16596,Li28,811.6
17596,Li28,813.5
17280,Li28,813.6
53065,Mi1,815.5
15263,Li28,815.7
16545,Li28,815.7
14209,Li28,816.6
15019,Li28,818.9000000000001
11981,Li28,819.1
20264,Li28,821.8000000000001
16033,Li28,822.4
23047,Li28,822.5
15909,Li28,825.0
19292,Li28,825.0
17596,Li28,827.0
16596,Li28,827.8000000000001
17280,Li28,827.8000000000001
53065,Mi1,830.1
16545,Li28,830.6999999999999
15263,Li28,831.4
14209,Li28,831.9000000000001
11981,Li28,833.5
15019,Li28,834.4
16033,Li28,836.0000000000001
20264,Li28,836.1
23047,Li28,836.1
15909,Li28,838.9000000000001
19292,Li28,839.9000000000001
16596,Li28,841.4
17596,Li28,841.5
17280,Li28,842.1
16545,Li28,843.9000000000001
53065,Mi1,844.8
15263,Li28,845.7
14209,Li28,846.5
15019,Li28,848.1
11981,Li28,848.5
16033,Li28,849.4
23047,Li28,850.0000000000001
20264,Li28,851.3000000000001
15909,Li28,853.0000000000001
19292,Li28,854.7
16596,Li28,855.9
17596,Li28,856.2
17280,Li28,857.5
53065,Mi1,858.7
16545,Li28,859.6
15263,Li28,861.0
14209,Li28,861.9
16033,Li28,863.7
11981,Li28,864.0
15019,Li28,864.4000000000001
23047,Li28,864.8
20264,Li28,865.3000000000001
15909,Li28,867.5
19292,Li28,869.6
16596,Li28,871.7
17596,Li28,872.0
53065,Mi1,873.4000000000001
16545,Li28,873.7
17280,Li28,874.1
15263,Li28,875.6
14209,Li28,878.0
11981,Li28,878.6
15019,Li28,878.9
23047,Li28,878.9
16033,Li28,880.3000000000001
20264,Li28,880.8
15909,Li28,882.2
19292,Li28,883.9
16596,Li28,886.5
17596,Li28,886.6
16545,Li28,887.1999999999999
53065,Mi1,887.8000000000001
17280,Li28,889.8000000000001
15263,Li28,891.1
14209,Li28,891.9
15019,Li28,892.6
23047,Li28,893.1999999999999
11981,Li28,893.6
16033,Li28,895.0
20264,Li28,895.4000000000001
15909,Li28,895.6
19292,Li28,898.4000000000001
17596,Li28,902.1
16596,Li28,902.9
16545,Li28,903.3
17280,Li28,904.4000000000001
14209,Li28,905.0
53065,Mi1,905.0
15263,Li28,905.9
23047,Li28,906.9
15019,Li28,907.8000000000001
11981,Li28,907.9
15909,Li28,909.6
16033,Li28,909.6
20264,Li28,910.1
19292,Li28,913.5000000000001
17596,Li28,916.1
16596,Li28,918.1
17280,Li28,918.1
14209,Li28,918.8000000000001
53065,Mi1,918.9
16545,Li28,919.1
15263,Li28,920.5000000000001
23047,Li28,921.7
11981,Li28,922.3
15019,Li28,922.3
15909,Li28,922.9000000000001
16033,Li28,923.7
20264,Li28,925.7
19292,Li28,928.5
17596,Li28,930.9000000000001
17280,Li28,932.2
16545,Li28,933.2
53065,Mi1,933.4
14209,Li28,933.5
16596,Li28,934.2
15263,Li28,934.7
23047,Li28,936.5
11981,Li28,937.0
15909,Li28,937.3
16033,Li28,937.6000000000001
15019,Li28,938.7
20264,Li28,940.6
19292,Li28,942.2
17596,Li28,944.6
17280,Li28,945.0
14209,Li28,946.8000000000001
53065,Mi1,947.1
16545,Li28,947.7
15263,Li28,949.0
16596,Li28,950.1
23047,Li28,950.5
15909,Li28,951.6999999999999
16033,Li28,951.8000000000001
11981,Li28,952.1
15019,Li28,954.5
20264,Li28,956.0
19292,Li28,956.6999999999999
17280,Li28,960.0
17596,Li28,960.3000000000001
15263,Li28,962.3000000000001
53065,Mi1,962.6
14209,Li28,962.9000000000001
16545,Li28,963.0000000000001
16596,Li28,963.6999999999999
23047,Li28,964.6
15909,Li28,966.8
11981,Li28,967.1
16033,Li28,967.4
15019,Li28,969.0000000000001
20264,Li28,970.8
19292,Li28,971.9000000000001
17280,Li28,974.4
17596,Li28,975.5
14209,Li28,976.9000000000001
15263,Li28,977.2
16545,Li28,977.6
53065,Mi1,978.5
23047,Li28,979.3000000000001
16596,Li28,979.4
16033,Li28,980.9
11981,Li28,982.0000000000001
15909,Li28,982.6
15019,Li28,984.1
20264,Li28,985.5
19292,Li28,986.3000000000001
17280,Li28,988.1
17596,Li28,989.8
15263,Li28,991.6
16545,Li28,991.9
53065,Mi1,992.8
14209,Li28,993.0
23047,Li28,994.0
16596,Li28,995.5
16033,Li28,996.2
11981,Li28,996.5
15909,Li28,998.9
20264,Li28,999.1
15019,Li28,999.5
19292,Li28,1002.0
17280,Li28,1002.9000000000001
17596,Li28,1004.9000000000001
15263,Li28,1005.8
16545,Li28,1006.4
53065,Mi1,1007.8
14209,Li28,1008.0
23047,Li28,1008.9000000000001
16033,Li28,1010.1999999999999
16596,Li28,1010.7000000000002
11981,Li28,1011.2
20264,Li28,1014.1
15019,Li28,1014.3
15909,Li28,1014.4
19292,Li28,1016.1
17280,Li28,1018.1999999999999
17596,Li28,1019.6
15263,Li28,1021.0000000000001
16545,Li28,1021.3000000000001
14209,Li28,1022.1
23047,Li28,1023.1000000000001
53065,Mi1,1023.3000000000001
11981,Li28,1025.2
16033,Li28,1025.4
16596,Li28,1025.5
15909,Li28,1028.3
15019,Li28,1028.6
20264,Li28,1029.0000000000002
19292,Li28,1031.2
17280,Li28,1033.6000000000001
17596,Li28,1033.8
15263,Li28,1036.0
14209,Li28,1036.1
16545,Li28,1036.5
53065,Mi1,1038.0
23047,Li28,1038.3999999999999
11981,Li28,1039.4
16033,Li28,1040.8
16596,Li28,1040.8
15909,Li28,1042.7
15019,Li28,1043.9
20264,Li28,1044.0
19292,Li28,1045.2
17280,Li28,1048.2
17596,Li28,1048.5
15263,Li28,1049.3000000000002
14209,Li28,1050.0
16545,Li28,1051.8
53065,Mi1,1052.4
23047,Li28,1053.2
11981,Li28,1053.9
16033,Li28,1054.2
16596,Li28,1055.9
15909,Li28,1057.8
20264,Li28,1057.9
15019,Li28,1058.8999999999999
19292,Li28,1061.0
17280,Li28,1063.1000000000001
17596,Li28,1063.5
15263,Li28,1064.2
14209,Li28,1065.4
53065,Mi1,1067.0
16545,Li28,1067.3000000000002
23047,Li28,1068.1000000000001
16033,Li28,1068.7
11981,Li28,1069.1000000000001
16596,Li28,1069.2
20264,Li28,1072.2
15909,Li28,1073.3000000000002
15019,Li28,1074.3
19292,Li28,1075.6000000000001
17280,Li28,1077.6000000000001
17596,Li28,1078.8
15263,Li28,1078.8999999999999
14209,Li28,1079.0
16545,Li28,1081.6000000000001
53065,Mi1,1081.7
23047,Li28,1082.2
11981,Li28,1082.7
16596,Li28,1083.9
16033,Li28,1084.2
20264,Li28,1085.3000000000002
15909,Li28,1089.0
15019,Li28,1089.4
19292,Li28,1091.4
17280,Li28,1091.8000000000002
14209,Li28,1092.5
17596,Li28,1093.3000000000002
15263,Li28,1094.0
16545,Li28,1096.1000000000001
53065,Mi1,1096.5
11981,Li28,1097.0
23047,Li28,1097.8000000000002
16033,Li28,1099.4
16596,Li28,1100.3
20264,Li28,1100.6
15019,Li28,1102.8
15909,Li28,1103.9
19292,Li28,1105.8000000000002
14209,Li28,1107.0
17280,Li28,1107.8000000000002
15263,Li28,1108.6
17596,Li28,1108.6
16545,Li28,1110.8999999999999
23047,Li28,1111.8000000000002
53065,Mi1,1111.8000000000002
11981,Li28,1112.7
20264,Li28,1115.0
16033,Li28,1115.2
16596,Li28,1115.2
15019,Li28,1117.2
15909,Li28,1119.3999999999999
19292,Li28,1120.4
14209,Li28,1121.3
17280,Li28,1122.1000000000001
15263,Li28,1123.0
17596,Li28,1124.0
53065,Mi1,1124.7
16545,Li28,1126.2
11981,Li28,1127.5
23047,Li28,1127.5
20264,Li28,1128.9
16596,Li28,1130.3
16033,Li28,1131.6000000000001
15019,Li28,1133.1
15909,Li28,1133.2
14209,Li28,1135.3999999999999
19292,Li28,1135.3999999999999
17280,Li28,1137.3
15263,Li28,1137.3999999999999
17596,Li28,1137.9
53065,Mi1,1138.0
16545,Li28,1140.2
23047,Li28,1142.7
20264,Li28,1143.0
11981,Li28,1143.1
16596,Li28,1145.8000000000002
16033,Li28,1147.0
15019,Li28,1147.1
15909,Li28,1148.7
19292,Li28,1149.1
14209,Li28,1149.9
17280,Li28,1151.1
17596,Li28,1151.9
15263,Li28,1152.3000000000002
53065,Mi1,1152.8
16545,Li28,1154.5
20264,Li28,1157.0
11981,Li28,1157.5
23047,Li28,1158.1000000000001
16596,Li28,1160.7
16033,Li28,1161.2
19292,Li28,1162.6000000000001
15909,Li28,1163.3
15019,Li28,1163.7
14209,Li28,1165.3
17596,Li28,1165.3999999999999
17280,Li28,1166.2
15263,Li28,1166.6000000000001
53065,Mi1,1167.1
16545,Li28,1168.6000000000001
23047,Li28,1171.9
20264,Li28,1172.2
11981,Li28,1173.3999999999999
16033,Li28,1175.7
19292,Li28,1177.4
16596,Li28,1177.6
15909,Li28,1177.7
15019,Li28,1178.9
17596,Li28,1179.0
14209,Li28,1179.8
17280,Li28,1180.0000000000002
15263,Li28,1181.0
53065,Mi1,1181.8
16545,Li28,1183.7
23047,Li28,1185.3
20264,Li28,1186.0000000000002
11981,Li28,1187.2
16033,Li28,1190.8
16596,Li28,1192.2
15909,Li28,1192.4
17596,Li28,1192.7
19292,Li28,1193.0
15019,Li28,1193.4
17280,Li28,1194.0
14209,Li28,1194.4
53065,Mi1,1194.6000000000001
15263,Li28,1194.7
16545,Li28,1198.3000000000002
23047,Li28,1200.4
20264,Li28,1200.9
11981,Li28,1203.1000000000001
16033,Li28,1205.0
15909,Li28,1205.8999999999999
16596,Li28,1206.5
15019,Li28,1207.7
19292,Li28,1208.3000000000002
15263,Li28,1208.8000000000002
14209,Li28,1208.9
53065,Mi1,1209.1000000000001
17280,Li28,1209.2
17596,Li28,1209.8
16545,Li28,1212.3000000000002
20264,Li28,1214.9
23047,Li28,1215.0
11981,Li28,1217.8
15909,Li28,1219.6
16033,Li28,1220.1
16596,Li28,1221.0
15019,Li28,1222.9
17280,Li28,1223.3
19292,Li28,1223.3
14209,Li28,1223.4
17596,Li28,1224.3000000000002
53065,Mi1,1224.8000000000002
15263,Li28,1225.6
16545,Li28,1227.5
20264,Li28,1228.7
23047,Li28,1230.5000000000002
11981,Li28,1233.0
16033,Li28,1234.3
15909,Li28,1234.6000000000001
16596,Li28,1235.1000000000001
15019,Li28,1237.7
14209,Li28,1238.1
19292,Li28,1238.4
17280,Li28,1238.6000000000001
17596,Li28,1239.3
53065,Mi1,1240.0
15263,Li28,1240.1
16545,Li28,1242.8000000000002
20264,Li28,1244.1
23047,Li28,1245.6
11981,Li28,1247.4
16033,Li28,1249.1000000000001
15909,Li28,1249.4
16596,Li28,1250.7
15019,Li28,1251.4
14209,Li28,1252.5000000000002
19292,Li28,1252.5000000000002
17280,Li28,1252.7
17596,Li28,1254.5000000000002
15263,Li28,1255.7
53065,Mi1,1255.8
16545,Li28,1257.2
20264,Li28,1259.3
23047,Li28,1260.6000000000001
11981,Li28,1262.3999999999999
16033,Li28,1262.6000000000001
15909,Li28,1265.1000000000001
15019,Li28,1265.6000000000001
16596,Li28,1266.2
14209,Li28,1267.0
19292,Li28,1267.7
17280,Li28,1268.2
17596,Li28,1269.3000000000002
16545,Li28,1270.7
53065,Mi1,1270.7
15263,Li28,1270.9
20264,Li28,1274.2
23047,Li28,1275.2
16033,Li28,1276.5
11981,Li28,1277.4
15019,Li28,1280.0
15909,Li28,1280.1
16596,Li28,1281.4
14209,Li28,1281.8
17280,Li28,1282.0
19292,Li28,1282.3999999999999
17596,Li28,1284.3
16545,Li28,1285.3000000000002
53065,Mi1,1285.5
15263,Li28,1286.5
20264,Li28,1289.5
23047,Li28,1290.3999999999999
16033,Li28,1291.3000000000002
11981,Li28,1292.0
15019,Li28,1293.7
15909,Li28,1294.9
16596,Li28,1296.3
14209,Li28,1296.5
19292,Li28,1296.6
17280,Li28,1297.3000000000002
17596,Li28,1298.1
16545,Li28,1299.9
53065,Mi1,1300.2
15263,Li28,1300.7
20264,Li28,1304.7
11981,Li28,1305.7
23047,Li28,1305.9
16033,Li28,1306.1
15019,Li28,1309.0000000000002
15909,Li28,1309.7
14209,Li28,1310.4
16596,Li28,1310.4
19292,Li28,1311.5
17280,Li28,1311.7
17596,Li28,1313.8
16545,Li28,1314.8999999999999
53065,Mi1,1315.0000000000002
15263,Li28,1316.2
20264,Li28,1319.5
16033,Li28,1319.9
11981,Li28,1320.4
23047,Li28,1321.3000000000002
15019,Li28,1324.0
15909,Li28,1324.5
14209,Li28,1325.0
16596,Li28,1325.4
17280,Li28,1326.7
19292,Li28,1327.7
16545,Li28,1328.6
17596,Li28,1329.1000000000001
53065,Mi1,1329.6000000000001
15263,Li28,1330.8999999999999
20264,Li28,1333.6000000000001
11981,Li28,1335.0
16033,Li28,1335.6000000000001
23047,Li28,1335.6000000000001
15019,Li28,1339.1
15909,Li28,1339.7
14209,Li28,1340.0
16596,Li28,1340.8999999999999
17280,Li28,1341.4
19292,Li28,1341.5
53065,Mi1,1343.2
16545,Li28,1343.2
17596,Li28,1343.3000000000002
15263,Li28,1345.4
20264,Li28,1347.8000000000002
11981,Li28,1349.1999999999998
16033,Li28,1349.1999999999998
23047,Li28,1349.6000000000001
15909,Li28,1353.4
15019,Li28,1353.5000000000002
14209,Li28,1354.7
16596,Li28,1354.7
17280,Li28,1356.5
19292,Li28,1356.8999999999999
17596,Li28,1357.7
16545,Li28,1358.6
53065,Mi1,1358.7
15263,Li28,1359.3000000000002
11981,Li28,1363.1
20264,Li28,1363.2
16033,Li28,1364.0
23047,Li28,1365.1
15909,Li28,1367.1
15019,Li28,1367.3
14209,Li28,1367.4
16596,Li28,1368.8999999999999
19292,Li28,1370.9
17280,Li28,1371.3
17596,Li28,1372.4
53065,Mi1,1373.2
16545,Li28,1374.0
15263,Li28,1374.2
11981,Li28,1376.9
16033,Li28,1378.1000000000001
20264,Li28,1379.3999999999999
23047,Li28,1379.6000000000001
15909,Li28,1381.2
15019,Li28,1381.3999999999999
16596,Li28,1382.4
14209,Li28,1382.5
17280,Li28,1385.2
19292,Li28,1385.8000000000002
17596,Li28,1387.3999999999999
53065,Mi1,1387.3999999999999
15263,Li28,1388.4
16545,Li28,1389.3999999999999
11981,Li28,1391.9
16033,Li28,1392.2
23047,Li28,1393.2
20264,Li28,1393.6000000000001
15909,Li28,1395.3
15019,Li28,1395.9
14209,Li28,1397.7
16596,Li28,1397.7
17280,Li28,1400.1000000000001
19292,Li28,1400.3000000000002
17596,Li28,1402.0
53065,Mi1,1402.5
15263,Li28,1402.7
16545,Li28,1403.7
11981,Li28,1406.4
16033,Li28,1406.7
23047,Li28,1407.1
20264,Li28,1408.3000000000002
15019,Li28,1409.9
15909,Li28,1410.7
16596,Li28,1411.7
14209,Li28,1413.1
19292,Li28,1415.0
17280,Li28,1415.2
15263,Li28,1417.2
17596,Li28,1417.3
53065,Mi1,1417.9
16545,Li28,1418.3000000000002
11981,Li28,1421.3
16033,Li28,1421.6
23047,Li28,1423.0
15019,Li28,1423.1
20264,Li28,1423.5
15909,Li28,1425.0
16596,Li28,1426.4
14209,Li28,1428.5
19292,Li28,1429.3
17280,Li28,1430.2
15263,Li28,1432.2
17596,Li28,1432.5
16545,Li28,1433.1
53065,Mi1,1433.4
16033,Li28,1435.4
11981,Li28,1435.9
15019,Li28,1437.8
20264,Li28,1438.2
23047,Li28,1438.6000000000001
15909,Li28,1440.5
16596,Li28,1441.6
14209,Li28,1442.5
19292,Li28,1444.3000000000002
17280,Li28,1445.1
15263,Li28,1446.6000000000001
16545,Li28,1447.7
17596,Li28,1448.2
53065,Mi1,1448.2
11981,Li28,1450.6000000000001
16033,Li28,1451.0
20264,Li28,1452.8
23047,Li28,1452.9
15019,Li28,1453.5
15909,Li28,1453.6
16596,Li28,1456.1000000000001
14209,Li28,1457.0
19292,Li28,1458.8
17280,Li28,1459.0
17596,Li28,1461.6
15263,Li28,1461.7
53065,Mi1,1463.2
16545,Li28,1463.4
11981,Li28,1465.4
16033,Li28,1465.5
20264,Li28,1466.5
23047,Li28,1468.2
15909,Li28,1468.3000000000002
15019,Li28,1469.3
16596,Li28,1469.6
14209,Li28,1471.3
19292,Li28,1472.5
17280,Li28,1473.8999999999999
15263,Li28,1474.7
17596,Li28,1476.8000000000002
53065,Mi1,1477.7
16545,Li28,1478.5000000000002
16033,Li28,1479.3
11981,Li28,1479.8
20264,Li28,1481.8
15909,Li28,1482.8000000000002
23047,Li28,1482.8000000000002
15019,Li28,1484.2
16596,Li28,1485.5
19292,Li28,1486.6000000000001
14209,Li28,1487.3
15263,Li28,1489.4
17280,Li28,1490.0
17596,Li28,1491.6
16545,Li28,1492.5000000000002
53065,Mi1,1492.6000000000001
16033,Li28,1493.6
11981,Li28,1494.4
20264,Li28,1497.2
15019,Li28,1497.8
23047,Li28,1497.8
15909,Li28,1498.6000000000001
16596,Li28,1499.8
19292,Li28,1501.0
14209,Li28,1501.6
15263,Li28,1502.4
17280,Li28,1505.3
16545,Li28,1506.1
53065,Mi1,1506.5000000000002
17596,Li28,1507.2
16033,Li28,1508.8000000000002
11981,Li28,1509.1000000000001
23047,Li28,1511.2
20264,Li28,1511.7
15909,Li28,1512.3
15019,Li28,1512.6000000000001
19292,Li28,1514.9
16596,Li28,1514.9
14209,Li28,1516.0
15263,Li28,1516.8000000000002
17280,Li28,1519.7
16545,Li28,1520.5
53065,Mi1,1520.8000000000002
17596,Li28,1520.9
11981,Li28,1523.5
23047,Li28,1525.5
16033,Li28,1525.6000000000001
20264,Li28,1526.2
15909,Li28,1526.3
15019,Li28,1527.5
16596,Li28,1528.9
19292,Li28,1530.3
14209,Li28,1530.3999999999999
15263,Li28,1531.2
17280,Li28,1532.3999999999999
53065,Mi1,1535.0
17596,Li28,1535.1000000000001
16545,Li28,1535.7
11981,Li28,1538.1
15019,Li28,1540.6
20264,Li28,1541.0000000000002
23047,Li28,1541.3000000000002
15909,Li28,1541.5
16033,Li28,1541.9
16596,Li28,1543.5
15263,Li28,1545.0000000000002
19292,Li28,1545.2
14209,Li28,1546.3999999999999
17280,Li28,1547.4
53065,Mi1,1549.3000000000002
17596,Li28,1549.9
16545,Li28,1550.0
11981,Li28,1551.9
16033,Li28,1554.9
23047,Li28,1554.9
15909,Li28,1555.2
20264,Li28,1555.3000000000002
15019,Li28,1556.9
16596,Li28,1558.1
15263,Li28,1558.6
19292,Li28,1560.5
17280,Li28,1560.9
14209,Li28,1561.0000000000002
17596,Li28,1563.6000000000001
53065,Mi1,1564.3
11981,Li28,1565.4
16545,Li28,1566.1
16033,Li28,1568.6
15909,Li28,1569.1000000000001
23047,Li28,1569.3000000000002
20264,Li28,1570.1
15019,Li28,1571.4
15263,Li28,1572.8999999999999
16596,Li28,1573.0000000000002
14209,Li28,1575.5
19292,Li28,1575.7
17280,Li28,1576.8
17596,Li28,1578.3
53065,Mi1,1579.1000000000001
11981,Li28,1579.8
16545,Li28,1581.0000000000002
16033,Li28,1582.5
15909,Li28,1582.8
23047,Li28,1583.6000000000001
20264,Li28,1585.2
15019,Li28,1586.3
16596,Li28,1587.3000000000002
15263,Li28,1587.6000000000001
19292,Li28,1590.5
14209,Li28,1590.8
17280,Li28,1592.5
17596,Li28,1593.7
11981,Li28,1594.1000000000001
53065,Mi1,1595.3000000000002
16033,Li28,1596.7
16545,Li28,1597.0
15909,Li28,1597.3000000000002
23047,Li28,1598.7
20264,Li28,1600.4
15019,Li28,1601.0
15263,Li28,1601.8000000000002
16596,Li28,1602.7
14209,Li28,1605.3000000000002
19292,Li28,1605.6000000000001
17280,Li28,1607.8000000000002
17596,Li28,1609.1
11981,Li28,1609.2
53065,Mi1,1609.6000000000001
16545,Li28,1611.7
16033,Li28,1612.2
23047,Li28,1612.2
15909,Li28,1612.7
15019,Li28,1614.8
15263,Li28,1615.7
20264,Li28,1616.8
16596,Li28,1617.7
14209,Li28,1620.1000000000001
19292,Li28,1620.4
17280,Li28,1622.4
17596,Li28,1622.4
11981,Li28,1623.2
53065,Mi1,1624.2
15909,Li28,1626.6
16033,Li28,1626.7
23047,Li28,1627.0
16545,Li28,1627.1
15263,Li28,1630.5
15019,Li28,1630.7
20264,Li28,1630.9
16596,Li28,1631.9
14209,Li28,1634.9
19292,Li28,1635.9
17280,Li28,1636.0
17596,Li28,1636.9
11981,Li28,1637.6000000000001
53065,Mi1,1639.9
16545,Li28,1640.5
16033,Li28,1641.1
23047,Li28,1641.8000000000002
15909,Li28,1642.8
15263,Li28,1644.6000000000001
15019,Li28,1644.9
16596,Li28,1646.4
20264,Li28,1646.8
17280,Li28,1649.3
14209,Li28,1650.1000000000001
17596,Li28,1650.2
19292,Li28,1650.6000000000001
11981,Li28,1652.7
53065,Mi1,1653.9
16545,Li28,1654.2
16033,Li28,1655.5
23047,Li28,1656.0
15909,Li28,1657.8000000000002
15019,Li28,1659.0
15263,Li28,1659.2
20264,Li28,1660.5
16596,Li28,1660.7
17280,Li28,1663.9
14209,Li28,1664.3000000000002
17596,Li28,1664.9
19292,Li28,1665.3999999999999
53065,Mi1,1667.1
11981,Li28,1668.5
16545,Li28,1668.8
16033,Li28,1669.5
23047,Li28,1669.8000000000002
15909,Li28,1672.1000000000001
15019,Li28,1672.7
15263,Li28,1673.0
16596,Li28,1675.2
20264,Li28,1675.3999999999999
17280,Li28,1678.0000000000002
14209,Li28,1678.3000000000002
19292,Li28,1680.1000000000001
17596,Li28,1680.5
53065,Mi1,1682.0000000000002
11981,Li28,1683.9
16033,Li28,1684.1000000000001
16545,Li28,1684.2
23047,Li28,1684.4
15019,Li28,1686.4
15909,Li28,1686.7
15263,Li28,1687.9
20264,Li28,1690.2
16596,Li28,1691.0
14209,Li28,1692.8
17280,Li28,1693.4
17596,Li28,1695.1
19292,Li28,1695.8
53065,Mi1,1698.0000000000002
11981,Li28,1698.7
23047,Li28,1698.9
16545,Li28,1699.3
15909,Li28,1700.7
16033,Li28,1700.8
15019,Li28,1701.0
15263,Li28,1703.1000000000001
20264,Li28,1705.4
16596,Li28,1705.7
14209,Li28,1707.2
17280,Li28,1707.8999999999999
17596,Li28,1709.2
19292,Li28,1709.8
53065,Mi1,1712.3000000000002
16545,Li28,1712.9
23047,Li28,1713.8
11981,Li28,1713.8
15909,Li28,1715.1000000000001
15019,Li28,1716.0000000000002
16033,Li28,1716.2
15263,Li28,1718.6000000000001
20264,Li28,1719.1000000000001
16596,Li28,1719.8
14209,Li28,1721.4
19292,Li28,1722.9
17280,Li28,1723.3
17596,Li28,1723.6
53065,Mi1,1726.9
11981,Li28,1727.6
16545,Li28,1727.6
23047,Li28,1729.6
15909,Li28,1729.8999999999999
15019,Li28,1730.4
16033,Li28,1730.9
15263,Li28,1732.7
20264,Li28,1732.9
16596,Li28,1733.8999999999999
14209,Li28,1735.3
17280,Li28,1737.2
19292,Li28,1737.3
17596,Li28,1738.0
53065,Mi1,1741.7
11981,Li28,1742.0
16545,Li28,1742.8000000000002
23047,Li28,1744.2
15909,Li28,1744.8000000000002
16033,Li28,1744.9
15019,Li28,1746.4
15263,Li28,1748.0
16596,Li28,1748.6000000000001
20264,Li28,1748.6000000000001
14209,Li28,1750.5000000000002
19292,Li28,1751.5
17280,Li28,1752.3000000000002
17596,Li28,1753.5
53065,Mi1,1755.2
11981,Li28,1756.2
16545,Li28,1757.2
23047,Li28,1758.4
15909,Li28,1759.2
16033,Li28,1759.9
15019,Li28,1760.9
20264,Li28,1763.2
16596,Li28,1763.4
15263,Li28,1763.9
14209,Li28,1763.9
19292,Li28,1767.0
17280,Li28,1767.6000000000001
17596,Li28,1768.6000000000001
53065,Mi1,1769.0
11981,Li28,1771.8
23047,Li28,1772.6000000000001
16545,Li28,1772.7
16033,Li28,1773.1000000000001
15909,Li28,1774.3999999999999
15019,Li28,1775.3
20264,Li28,1777.7
14209,Li28,1778.2
15263,Li28,1779.1000000000001
16596,Li28,1779.2
19292,Li28,1780.7
17280,Li28,1782.1
53065,Mi1,1782.8000000000002
17596,Li28,1783.4
11981,Li28,1787.0
16545,Li28,1787.2
15909,Li28,1788.1
23047,Li28,1788.3
16033,Li28,1788.3999999999999
15019,Li28,1790.0
14209,Li28,1792.7
20264,Li28,1792.8000000000002
15263,Li28,1793.3000000000002
16596,Li28,1794.2
19292,Li28,1795.7
53065,Mi1,1796.5
17280,Li28,1797.6000000000001
17596,Li28,1798.2
11981,Li28,1801.4
16545,Li28,1802.3
15909,Li28,1802.6
16033,Li28,1802.6
23047,Li28,1803.9
15019,Li28,1804.7
20264,Li28,1807.2
14209,Li28,1807.6000000000001
15263,Li28,1808.3999999999999
16596,Li28,1810.0
19292,Li28,1810.3
53065,Mi1,1810.5
17596,Li28,1812.9
17280,Li28,1814.2
11981,Li28,1815.4
16545,Li28,1816.5
15909,Li28,1816.8000000000002
16033,Li28,1817.0000000000002
15019,Li28,1818.0
23047,Li28,1818.1
20264,Li28,1820.6
14209,Li28,1822.3
15263,Li28,1823.9
19292,Li28,1824.1
53065,Mi1,1824.4
16596,Li28,1825.3000000000002
17280,Li28,1828.1
17596,Li28,1829.5
16545,Li28,1829.6000000000001
11981,Li28,1830.1
15909,Li28,1830.4
23047,Li28,1832.4
16033,Li28,1832.6
15019,Li28,1833.3000000000002
20264,Li28,1835.8
19292,Li28,1837.9
15263,Li28,1838.4
14209,Li28,1838.6
53065,Mi1,1839.1000000000001
16596,Li28,1840.3
17280,Li28,1842.8999999999999
17596,Li28,1843.6000000000001
16545,Li28,1844.6
11981,Li28,1844.8999999999999
15909,Li28,1846.2
15019,Li28,1847.7
16033,Li28,1847.9
23047,Li28,1848.5
20264,Li28,1850.2
14209,Li28,1852.2
15263,Li28,1853.1000000000001
19292,Li28,1853.4
53065,Mi1,1853.4
16596,Li28,1854.4
17280,Li28,1855.5
17596,Li28,1858.2
11981,Li28,1859.3000000000002
16545,Li28,1859.5000000000002
15909,Li28,1860.3
16033,Li28,1862.2
15019,Li28,1863.1
23047,Li28,1863.6000000000001
20264,Li28,1865.4
15263,Li28,1866.6
14209,Li28,1867.0
53065,Mi1,1867.9
19292,Li28,1868.0
16596,Li28,1868.3
17280,Li28,1870.2
11981,Li28,1872.8999999999999
17596,Li28,1872.8999999999999
16545,Li28,1873.6000000000001
15909,Li28,1875.7
16033,Li28,1876.1000000000001
15019,Li28,1878.0
23047,Li28,1878.2
20264,Li28,1879.7
15263,Li28,1881.9
14209,Li28,1882.3
16596,Li28,1883.3000000000002
53065,Mi1,1884.1000000000001
19292,Li28,1885.3000000000002
17280,Li28,1885.4
11981,Li28,1887.4
16545,Li28,1888.1000000000001
17596,Li28,1888.2
16033,Li28,1890.0
15909,Li28,1891.3
15019,Li28,1892.3
23047,Li28,1892.4
20264,Li28,1894.3
14209,Li28,1895.3
53065,Mi1,1897.6000000000001
16596,Li28,1897.8000000000002
15263,Li28,1898.1000000000001
19292,Li28,1900.3
17280,Li28,1900.5
11981,Li28,1902.0
17596,Li28,1902.6000000000001
16545,Li28,1903.8000000000002
16033,Li28,1905.8000000000002
15019,Li28,1906.3
15909,Li28,1906.9
23047,Li28,1907.3
20264,Li28,1909.2
14209,Li28,1909.7
15263,Li28,1911.6000000000001
53065,Mi1,1912.0
16596,Li28,1912.8
17280,Li28,1914.8
19292,Li28,1915.2
11981,Li28,1916.3000000000002
17596,Li28,1916.4
16545,Li28,1918.8
16033,Li28,1919.1
15019,Li28,1921.5
23047,Li28,1921.6000000000001
20264,Li28,1922.2
15909,Li28,1922.3000000000002
14209,Li28,1923.8000000000002
15263,Li28,1925.8000000000002
53065,Mi1,1926.1000000000001
16596,Li28,1928.0000000000002
19292,Li28,1928.1000000000001
17280,Li28,1929.3999999999999
11981,Li28,1930.0000000000002
17596,Li28,1931.1
16545,Li28,1933.3
16033,Li28,1934.5
23047,Li28,1935.3
15019,Li28,1935.8000000000002
15909,Li28,1936.1000000000001
20264,Li28,1937.6
14209,Li28,1939.8000000000002
15263,Li28,1940.2
53065,Mi1,1941.2
19292,Li28,1942.2
16596,Li28,1942.3000000000002
17280,Li28,1944.6000000000001
11981,Li28,1944.7
17596,Li28,1945.4
16545,Li28,1948.2
16033,Li28,1950.0000000000002
15909,Li28,1950.2
15019,Li28,1950.5
20264,Li28,1951.1
23047,Li28,1951.4
14209,Li28,1953.8000000000002
15263,Li28,1954.5
16596,Li28,1955.7
53065,Mi1,1956.2
19292,Li28,1957.0
17280,Li28,1958.0000000000002
17596,Li28,1959.4
11981,Li28,1960.0000000000002
16545,Li28,1962.7
16033,Li28,1964.7
15019,Li28,1965.2
20264,Li28,1966.2
15909,Li28,1966.6000000000001
23047,Li28,1967.3
14209,Li28,1968.0000000000002
15263,Li28,1968.5
53065,Mi1,1970.6000000000001
16596,Li28,1970.8
17280,Li28,1972.2
19292,Li28,1972.9
17596,Li28,1974.1000000000001
11981,Li28,1975.3
16545,Li28,1978.8000000000002
16033,Li28,1979.6
15019,Li28,1980.4
20264,Li28,1980.6000000000001
15909,Li28,1981.6
14209,Li28,1982.0
15263,Li28,1982.7
23047,Li28,1983.0
53065,Mi1,1984.4
16596,Li28,1985.2
17280,Li28,1987.5
17596,Li28,1988.0
19292,Li28,1988.2
11981,Li28,1990.9
16033,Li28,1993.5
16545,Li28,1993.7
20264,Li28,1994.4
15019,Li28,1995.5
15909,Li28,1996.0
14209,Li28,1996.6000000000001
23047,Li28,1997.3
15263,Li28,1997.8999999999999
53065,Mi1,1998.5000000000002
16596,Li28,1999.2
17280,Li28,2001.7
19292,Li28,2001.7
17596,Li28,2002.8000000000002
11981,Li28,2006.5
16033,Li28,2008.1000000000001
16545,Li28,2008.2
20264,Li28,2008.9
14209,Li28,2010.5
15019,Li28,2010.8999999999999
15909,Li28,2011.6
23047,Li28,2012.6
15263,Li28,2013.3
53065,Mi1,2013.3
16596,Li28,2013.5
19292,Li28,2016.1000000000001
17280,Li28,2016.6
17596,Li28,2016.9
11981,Li28,2022.2000000000003
16545,Li28,2022.3
16033,Li28,2024.5000000000002
20264,Li28,2024.6
15019,Li28,2024.8
23047,Li28,2025.5
15909,Li28,2025.6000000000001
14209,Li28,2026.0000000000002
53065,Mi1,2026.8000000000002
15263,Li28,2028.1000000000001
16596,Li28,2028.3999999999999
19292,Li28,2030.4
17280,Li28,2030.6999999999998
17596,Li28,2031.8
11981,Li28,2036.5000000000002
16545,Li28,2036.9999999999998
15019,Li28,2038.1
20264,Li28,2038.6999999999998
15909,Li28,2039.1
16033,Li28,2040.5000000000002
14209,Li28,2040.8
53065,Mi1,2041.1999999999998
23047,Li28,2042.6000000000001
15263,Li28,2042.6999999999998
16596,Li28,2044.8
19292,Li28,2045.1000000000001
17280,Li28,2045.5
17596,Li28,2047.4
11981,Li28,2050.8
16545,Li28,2052.0
15019,Li28,2053.0
15909,Li28,2053.3
20264,Li28,2053.8
14209,Li28,2056.0
16033,Li28,2056.3
53065,Mi1,2056.7999999999997
15263,Li28,2057.7
23047,Li28,2057.8
19292,Li28,2059.1
16596,Li28,2059.8
17280,Li28,2060.1000000000004
17596,Li28,2062.4
16545,Li28,2065.0
11981,Li28,2066.7
15019,Li28,2066.7
15909,Li28,2069.3999999999996
20264,Li28,2069.6
16033,Li28,2070.1
14209,Li28,2071.6
53065,Mi1,2071.9
15263,Li28,2072.1000000000004
23047,Li28,2072.7999999999997
19292,Li28,2074.1
17280,Li28,2074.8
16596,Li28,2075.7
17596,Li28,2076.9
16545,Li28,2078.8
11981,Li28,2081.4
15019,Li28,2081.4
15909,Li28,2083.2000000000003
20264,Li28,2083.7
16033,Li28,2084.4
53065,Mi1,2085.4
14209,Li28,2085.6
15263,Li28,2087.2000000000003
23047,Li28,2087.8
19292,Li28,2090.1
17280,Li28,2090.4
16596,Li28,2090.6000000000004
17596,Li28,2091.2999999999997
16545,Li28,2092.7999999999997
15909,Li28,2096.9
11981,Li28,2097.0
15019,Li28,2097.0
16033,Li28,2098.2000000000003
20264,Li28,2099.2000000000003
14209,Li28,2100.5
53065,Mi1,2101.1000000000004
23047,Li28,2102.3
15263,Li28,2102.4
17280,Li28,2105.1000000000004
16596,Li28,2105.6
17596,Li28,2106.0000000000005
19292,Li28,2107.1
16545,Li28,2108.9
15909,Li28,2110.7
15019,Li28,2111.4
16033,Li28,2111.8999999999996
11981,Li28,2112.0
20264,Li28,2114.3
14209,Li28,2115.1
15263,Li28,2116.4
53065,Mi1,2116.8
23047,Li28,2117.7000000000003
16596,Li28,2119.6
17280,Li28,2120.1000000000004
19292,Li28,2121.0
17596,Li28,2122.3
16545,Li28,2124.4
16033,Li28,2126.0
11981,Li28,2126.2000000000003
15909,Li28,2126.2000000000003
15019,Li28,2127.0
20264,Li28,2128.0
14209,Li28,2130.3
53065,Mi1,2131.0
15263,Li28,2131.1
23047,Li28,2132.7000000000003
19292,Li28,2134.6000000000004
16596,Li28,2135.6
17280,Li28,2135.8
16545,Li28,2138.8
17596,Li28,2138.8
15909,Li28,2141.3
16033,Li28,2141.9
11981,Li28,2142.1
15019,Li28,2142.5
20264,Li28,2142.9
14209,Li28,2144.6
15263,Li28,2145.6
53065,Mi1,2145.6
23047,Li28,2147.6
19292,Li28,2148.9
16596,Li28,2149.6
17280,Li28,2150.3
17596,Li28,2153.0
16545,Li28,2153.6
15909,Li28,2155.8
16033,Li28,2155.8
11981,Li28,2156.6
20264,Li28,2157.5
15019,Li28,2157.7000000000003
14209,Li28,2159.2000000000003
53065,Mi1,2160.4
15263,Li28,2160.9
23047,Li28,2162.4
16596,Li28,2163.8
19292,Li28,2163.9
17280,Li28,2164.8
17596,Li28,2168.0
16545,Li28,2169.1000000000004
16033,Li28,2169.7999999999997
15019,Li28,2171.7
15909,Li28,2171.7
20264,Li28,2172.2000000000003
11981,Li28,2172.2999999999997
53065,Mi1,2174.5
14209,Li28,2174.5
15263,Li28,2175.3
23047,Li28,2177.0
16596,Li28,2178.8
19292,Li28,2180.0
17280,Li28,2180.4
16545,Li28,2183.3
17596,Li28,2183.4
16033,Li28,2184.2999999999997
15909,Li28,2186.1
15019,Li28,2186.3999999999996
20264,Li28,2187.4
11981,Li28,2187.7
14209,Li28,2189.3
15263,Li28,2189.5
53065,Mi1,2189.5
23047,Li28,2190.8
16596,Li28,2192.1
17280,Li28,2194.9
19292,Li28,2194.9
17596,Li28,2196.7000000000003
16545,Li28,2199.1
16033,Li28,2199.1
15909,Li28,2200.2999999999997
15019,Li28,2200.6
11981,Li28,2201.6
20264,Li28,2203.0000000000005
14209,Li28,2203.7
53065,Mi1,2204.0
15263,Li28,2205.5
16596,Li28,2206.1
23047,Li28,2206.1
19292,Li28,2208.0
17280,Li28,2208.5
17596,Li28,2211.5
16545,Li28,2213.6
16033,Li28,2215.0000000000005
15019,Li28,2216.4
15909,Li28,2216.5
11981,Li28,2216.6
14209,Li28,2217.6
20264,Li28,2217.7000000000003
53065,Mi1,2219.1
15263,Li28,2219.8
23047,Li28,2220.4
16596,Li28,2220.9
19292,Li28,2223.5
17280,Li28,2223.7
17596,Li28,2225.3
16545,Li28,2228.8
16033,Li28,2229.0
15909,Li28,2229.4
15019,Li28,2231.3
11981,Li28,2231.4
14209,Li28,2231.8
20264,Li28,2231.8
53065,Mi1,2234.2
15263,Li28,2234.3
23047,Li28,2234.7999999999997
16596,Li28,2236.2000000000003
17596,Li28,2238.2
17280,Li28,2238.5
19292,Li28,2239.9
16545,Li28,2243.7
15909,Li28,2244.8
16033,Li28,2245.1000000000004
11981,Li28,2246.4
20264,Li28,2246.6
15019,Li28,2246.7000000000003
14209,Li28,2247.5
53065,Mi1,2248.2999999999997
23047,Li28,2248.8999999999996
16596,Li28,2250.4
15263,Li28,2250.7999999999997
17280,Li28,2252.6
17596,Li28,2253.0
19292,Li28,2254.7999999999997
16545,Li28,2257.5000000000005
15909,Li28,2258.7000000000003
16033,Li28,2260.1
11981,Li28,2260.4
20264,Li28,2260.7
14209,Li28,2261.6
15019,Li28,2261.7000000000003
53065,Mi1,2262.5
23047,Li28,2263.7
15263,Li28,2264.7
16596,Li28,2266.2
17280,Li28,2267.2000000000003
17596,Li28,2268.2999999999997
19292,Li28,2269.2000000000003
16545,Li28,2271.4
16033,Li28,2274.4
11981,Li28,2274.9
15019,Li28,2275.4
20264,Li28,2275.5
14209,Li28,2275.8
15909,Li28,2276.2000000000003
53065,Mi1,2277.0
23047,Li28,2279.2
15263,Li28,2279.3
16596,Li28,2281.7000000000003
19292,Li28,2283.3
17280,Li28,2283.4
17596,Li28,2284.2000000000003
16545,Li28,2286.7000000000003
11981,Li28,2289.0
15019,Li28,2289.7000000000003
16033,Li28,2289.8
14209,Li28,2290.1000000000004
15909,Li28,2290.3
20264,Li28,2291.7
53065,Mi1,2291.8
23047,Li28,2293.0
15263,Li28,2294.4
16596,Li28,2296.0
17280,Li28,2298.1000000000004
17596,Li28,2298.3
19292,Li28,2298.6
16545,Li28,2301.5000000000005
11981,Li28,2303.7
16033,Li28,2304.4
15019,Li28,2304.5
15909,Li28,2305.1
14209,Li28,2305.5000000000005
53065,Mi1,2306.7999999999997
20264,Li28,2306.9
23047,Li28,2307.3999999999996
15263,Li28,2309.7000000000003
19292,Li28,2312.0000000000005
16596,Li28,2312.0000000000005
17280,Li28,2312.1
17596,Li28,2312.3
16545,Li28,2317.2999999999997
16033,Li28,2319.3
15019,Li28,2319.5
14209,Li28,2319.6000000000004
11981,Li28,2319.8
15909,Li28,2320.2000000000003
53065,Mi1,2321.2000000000003
20264,Li28,2322.1000000000004
23047,Li28,2322.5
15263,Li28,2325.7000000000003
16596,Li28,2325.8
17280,Li28,2326.7000000000003
19292,Li28,2327.5
17596,Li28,2328.2000000000003
16545,Li28,2332.7
11981,Li28,2334.0
14209,Li28,2334.1000000000004
16033,Li28,2334.2
15019,Li28,2334.3
15909,Li28,2335.3
53065,Mi1,2335.8
20264,Li28,2335.9
23047,Li28,2336.3
16596,Li28,2338.7000000000003
15263,Li28,2339.0
17280,Li28,2341.1
19292,Li28,2341.1
17596,Li28,2342.9
16033,Li28,2347.6
16545,Li28,2348.4
15909,Li28,2348.7
15019,Li28,2348.8
14209,Li28,2348.8
11981,Li28,2348.9
20264,Li28,2350.2
53065,Mi1,2350.4
23047,Li28,2351.1000000000004
15263,Li28,2352.3
16596,Li28,2352.5
17280,Li28,2356.1
19292,Li28,2356.3
17596,Li28,2357.4
16033,Li28,2362.1000000000004
15019,Li28,2362.8
14209,Li28,2362.8
11981,Li28,2363.1000000000004
16545,Li28,2363.1000000000004
20264,Li28,2364.9
15909,Li28,2365.1
23047,Li28,2366.0
53065,Mi1,2366.4
16596,Li28,2367.0
15263,Li28,2367.6
19292,Li28,2370.1000000000004
17280,Li28,2370.3
17596,Li28,2373.6
16545,Li28,2376.7
14209,Li28,2376.8
16033,Li28,2376.8
11981,Li28,2377.1
15019,Li28,2378.5000000000005
20264,Li28,2380.2000000000003
15909,Li28,2380.8
53065,Mi1,2381.2999999999997
16596,Li28,2381.4
23047,Li28,2381.5
15263,Li28,2382.3
19292,Li28,2384.2000000000003
17280,Li28,2384.5
17596,Li28,2387.7999999999997
16033,Li28,2390.9
16545,Li28,2391.4
14209,Li28,2392.1
11981,Li28,2392.6000000000004
15019,Li28,2393.6
20264,Li28,2394.2000000000003
15909,Li28,2395.1000000000004
53065,Mi1,2395.4
23047,Li28,2395.9
16596,Li28,2396.8
15263,Li28,2396.9
17280,Li28,2398.7000000000003
19292,Li28,2398.8
17596,Li28,2402.2000000000003
16545,Li28,2404.9
11981,Li28,2405.6
16033,Li28,2406.2000000000003
14209,Li28,2406.4
15019,Li28,2408.1
20264,Li28,2409.2999999999997
15909,Li28,2409.9
53065,Mi1,2410.2000000000003
15263,Li28,2410.6
23047,Li28,2410.9
17280,Li28,2413.0
16596,Li28,2413.1
19292,Li28,2415.2
17596,Li28,2417.8
16545,Li28,2419.4
11981,Li28,2420.0
14209,Li28,2420.5
15019,Li28,2421.7
16033,Li28,2421.8
20264,Li28,2423.4
15909,Li28,2423.7999999999997
53065,Mi1,2424.1
15263,Li28,2424.3
23047,Li28,2425.7
16596,Li28,2428.0
17280,Li28,2428.8
19292,Li28,2429.6000000000004
17596,Li28,2432.2
14209,Li28,2434.2000000000003
11981,Li28,2434.7000000000003
16545,Li28,2435.1000000000004
15019,Li28,2437.3
20264,Li28,2437.5
16033,Li28,2438.2000000000003
53065,Mi1,2438.7000000000003
15263,Li28,2438.9
23047,Li28,2441.0000000000005
15909,Li28,2441.4
17280,Li28,2442.2000000000003
16596,Li28,2442.9
19292,Li28,2444.3999999999996
17596,Li28,2446.4
16545,Li28,2448.5
14209,Li28,2449.0000000000005
11981,Li28,2449.9
15019,Li28,2451.1000000000004
20264,Li28,2452.0
16033,Li28,2452.8
53065,Mi1,2453.4
15263,Li28,2453.5
23047,Li28,2454.5
15909,Li28,2456.3
17280,Li28,2456.9
19292,Li28,2458.6
16596,Li28,2459.6
17596,Li28,2460.0
16545,Li28,2462.6
14209,Li28,2463.6
11981,Li28,2464.2
15019,Li28,2465.9
20264,Li28,2467.4
16033,Li28,2467.7999999999997
53065,Mi1,2469.0000000000005
15263,Li28,2469.2000000000003
23047,Li28,2469.7
15909,Li28,2470.4
17280,Li28,2472.3
19292,Li28,2472.7000000000003
16596,Li28,2474.0
17596,Li28,2475.3
16545,Li28,2477.9
11981,Li28,2478.1
14209,Li28,2478.9
15019,Li28,2481.3
20264,Li28,2481.9
15263,Li28,2483.8
23047,Li28,2484.1000000000004
53065,Mi1,2484.5
16033,Li28,2484.5
15909,Li28,2485.0000000000005
17280,Li28,2486.4
19292,Li28,2487.0
16596,Li28,2487.7000000000003
17596,Li28,2491.4
11981,Li28,2493.2000000000003
14209,Li28,2493.3
16545,Li28,2493.4
15019,Li28,2495.5
20264,Li28,2497.9
15263,Li28,2498.2999999999997
16033,Li28,2498.7
15909,Li28,2499.0
53065,Mi1,2499.0
23047,Li28,2499.1000000000004
19292,Li28,2500.6
17280,Li28,2501.2000000000003
16596,Li28,2503.1000000000004
17596,Li28,2505.3
14209,Li28,2507.2
11981,Li28,2507.9
16545,Li28,2508.7000000000003
15019,Li28,2510.2999999999997
20264,Li28,2511.9
16033,Li28,2513.0
15263,Li28,2513.9
23047,Li28,2513.9
15909,Li28,2514.2000000000003
19292,Li28,2514.4
53065,Mi1,2514.7
17280,Li28,2515.9
16596,Li28,2518.2999999999997
17596,Li28,2520.5
14209,Li28,2521.6000000000004
16545,Li28,2522.6
11981,Li28,2523.7000000000003
15019,Li28,2524.7000000000003
20264,Li28,2526.0
16033,Li28,2527.4
15909,Li28,2528.3
23047,Li28,2528.7999999999997
19292,Li28,2528.9
53065,Mi1,2529.3
15263,Li28,2529.6000000000004
17280,Li28,2532.9
16596,Li28,2533.0
17596,Li28,2534.5
14209,Li28,2535.5000000000005
11981,Li28,2537.0
16545,Li28,2537.4
15019,Li28,2539.3
20264,Li28,2540.1000000000004
15909,Li28,2542.6000000000004
23047,Li28,2543.0
53065,Mi1,2543.0
16033,Li28,2543.5000000000005
19292,Li28,2544.0
15263,Li28,2545.4
17280,Li28,2546.5
16596,Li28,2549.3
17596,Li28,2550.3
11981,Li28,2550.4
14209,Li28,2550.9
16545,Li28,2551.7000000000003
15019,Li28,2553.3
20264,Li28,2554.8
15909,Li28,2557.0
23047,Li28,2557.2
53065,Mi1,2557.7
16033,Li28,2558.6000000000004
19292,Li28,2559.1
15263,Li28,2560.5
17280,Li28,2561.5
17596,Li28,2563.5000000000005
14209,Li28,2564.4
11981,Li28,2564.6
16596,Li28,2564.6
16545,Li28,2565.6000000000004
15019,Li28,2569.5
20264,Li28,2570.1
15909,Li28,2571.5000000000005
23047,Li28,2571.6
53065,Mi1,2572.7999999999997
16033,Li28,2573.3999999999996
19292,Li28,2573.9
15263,Li28,2574.3
17280,Li28,2575.6
16596,Li28,2578.5
17596,Li28,2578.8
14209,Li28,2578.9
11981,Li28,2579.1
16545,Li28,2581.5
15019,Li28,2583.6
20264,Li28,2584.7999999999997
15909,Li28,2586.4
23047,Li28,2586.9
16033,Li28,2587.2999999999997
53065,Mi1,2587.5
19292,Li28,2587.9
15263,Li28,2588.7999999999997
17280,Li28,2590.1
16596,Li28,2591.9
11981,Li28,2593.1
17596,Li28,2593.1
14209,Li28,2593.5
16545,Li28,2595.0
15019,Li28,2598.5
20264,Li28,2599.9
16033,Li28,2600.2
15909,Li28,2600.6
23047,Li28,2602.5
19292,Li28,2602.7
53065,Mi1,2602.7
15263,Li28,2603.4
17280,Li28,2604.5
11981,Li28,2606.2000000000003
17596,Li28,2606.7
16596,Li28,2606.7
14209,Li28,2607.7
16545,Li28,2609.6
15019,Li28,2612.4
20264,Li28,2613.9
16033,Li28,2615.0
15909,Li28,2615.7
23047,Li28,2616.8
19292,Li28,2617.0
53065,Mi1,2617.7000000000003
17280,Li28,2617.7999999999997
15263,Li28,2618.9
11981,Li28,2620.4
17596,Li28,2620.8
16596,Li28,2621.2
14209,Li28,2622.8
16545,Li28,2624.5
15019,Li28,2626.4
16033,Li28,2629.1000000000004
20264,Li28,2629.3
15909,Li28,2630.3
19292,Li28,2631.6
17280,Li28,2632.2
23047,Li28,2632.6
15263,Li28,2632.9
53065,Mi1,2634.1
16596,Li28,2634.7
17596,Li28,2635.4
11981,Li28,2636.4
14209,Li28,2637.2
16545,Li28,2639.0
15019,Li28,2642.2000000000003
16033,Li28,2643.7
20264,Li28,2644.3
15909,Li28,2644.9
19292,Li28,2645.5
23047,Li28,2646.7
17280,Li28,2646.9
15263,Li28,2647.8
16596,Li28,2648.9
53065,Mi1,2649.5
11981,Li28,2650.2000000000003
17596,Li28,2651.0
14209,Li28,2652.2000000000003
16545,Li28,2655.1
15019,Li28,2656.9
20264,Li28,2658.6000000000004
16033,Li28,2658.7
15909,Li28,2658.7
19292,Li28,2659.5
17280,Li28,2661.4
23047,Li28,2661.6
16596,Li28,2662.5
15263,Li28,2663.2000000000003
53065,Mi1,2663.8
11981,Li28,2665.4
17596,Li28,2666.0
14209,Li28,2666.5
16545,Li28,2669.7000000000003
15909,Li28,2671.8
15019,Li28,2671.9
16033,Li28,2672.2000000000003
19292,Li28,2674.7
20264,Li28,2675.3
23047,Li28,2676.8
16596,Li28,2677.2
17280,Li28,2677.5
53065,Mi1,2678.7
15263,Li28,2678.9
11981,Li28,2680.2000000000003
17596,Li28,2680.8
14209,Li28,2680.9
16545,Li28,2685.6
15019,Li28,2686.1
16033,Li28,2687.2000000000003
15909,Li28,2687.9
19292,Li28,2689.3
20264,Li28,2689.5
16596,Li28,2691.2000000000003
23047,Li28,2691.7
17280,Li28,2692.4
15263,Li28,2693.3
53065,Mi1,2693.6
17596,Li28,2695.2000000000003
14209,Li28,2695.5
11981,Li28,2696.2999999999997
16545,Li28,2700.2999999999997
15019,Li28,2700.7000000000003
16033,Li28,2701.5
15909,Li28,2702.3999999999996
19292,Li28,2702.9
16596,Li28,2705.6
20264,Li28,2706.0
17280,Li28,2707.0000000000005
23047,Li28,2707.1
15263,Li28,2707.5
53065,Mi1,2708.6
11981,Li28,2710.0
17596,Li28,2710.2
14209,Li28,2710.9
16545,Li28,2714.6000000000004
15019,Li28,2715.5
15909,Li28,2715.9
16033,Li28,2717.9
19292,Li28,2718.5
16596,Li28,2720.7000000000003
20264,Li28,2720.9
23047,Li28,2721.9
15263,Li28,2722.0
53065,Mi1,2723.0000000000005
17280,Li28,2723.1
11981,Li28,2724.2000000000003
17596,Li28,2725.0
14209,Li28,2726.0
16545,Li28,2729.5
15019,Li28,2729.6
15909,Li28,2730.9
19292,Li28,2732.4
16033,Li28,2732.6
16596,Li28,2735.5
23047,Li28,2736.1
20264,Li28,2736.9
15263,Li28,2737.1000000000004
53065,Mi1,2737.9
17280,Li28,2738.5
11981,Li28,2738.9
17596,Li28,2739.9
14209,Li28,2741.1000000000004
16545,Li28,2743.4
15019,Li28,2744.2000000000003
15909,Li28,2745.7000000000003
16033,Li28,2746.6
19292,Li28,2747.9
16596,Li28,2749.3
23047,Li28,2749.6
15263,Li28,2751.0000000000005
20264,Li28,2752.2999999999997
11981,Li28,2753.5
17280,Li28,2753.6
17596,Li28,2753.9
53065,Mi1,2754.3
14209,Li28,2756.7
16545,Li28,2758.0
15019,Li28,2758.1000000000004
16033,Li28,2760.0
15909,Li28,2760.1
19292,Li28,2761.9
16596,Li28,2764.2999999999997
23047,Li28,2765.0
15263,Li28,2766.1000000000004
20264,Li28,2767.8
11981,Li28,2768.5
17280,Li28,2768.6
17596,Li28,2768.8999999999996
53065,Mi1,2769.3
14209,Li28,2772.6
15019,Li28,2772.6
16545,Li28,2774.1000000000004
15909,Li28,2774.3
16033,Li28,2775.4
19292,Li28,2776.4
16596,Li28,2779.0
23047,Li28,2780.2999999999997
15263,Li28,2781.6
20264,Li28,2782.0
11981,Li28,2782.5
17280,Li28,2783.2000000000003
17596,Li28,2783.4
53065,Mi1,2784.5
15019,Li28,2786.7000000000003
14209,Li28,2787.1
16545,Li28,2788.7
15909,Li28,2789.8
16033,Li28,2789.8
19292,Li28,2790.5
16596,Li28,2793.1
15263,Li28,2795.6000000000004
23047,Li28,2796.4
11981,Li28,2796.7
20264,Li28,2796.7
17280,Li28,2797.8
17596,Li28,2798.9
53065,Mi1,2799.3
14209,Li28,2800.6000000000004
15019,Li28,2800.7
16545,Li28,2802.5
15909,Li28,2804.7
16033,Li28,2804.9
19292,Li28,2805.5000000000005
16596,Li28,2806.6
15263,Li28,2810.4
23047,Li28,2811.2
20264,Li28,2812.0
17280,Li28,2812.3
11981,Li28,2813.1
17596,Li28,2814.1000000000004
53065,Mi1,2814.6
14209,Li28,2816.1
15019,Li28,2816.4
16545,Li28,2818.1000000000004
19292,Li28,2819.8
16033,Li28,2820.1
15909,Li28,2820.3
16596,Li28,2820.7
15263,Li28,2825.7000000000003
20264,Li28,2826.4
11981,Li28,2826.5
23047,Li28,2826.6
17280,Li28,2827.0
17596,Li28,2828.1
53065,Mi1,2829.7000000000003
15019,Li28,2831.1
14209,Li28,2832.3
16545,Li28,2833.2999999999997
15909,Li28,2835.1
16033,Li28,2835.3
16596,Li28,2835.3999999999996
19292,Li28,2836.4
15263,Li28,2839.8
23047,Li28,2840.8
17280,Li28,2841.1
11981,Li28,2841.6
20264,Li28,2841.6
17596,Li28,2842.6
53065,Mi1,2844.4
15019,Li28,2844.6000000000004
14209,Li28,2846.7999999999997
16545,Li28,2849.0
16033,Li28,2849.8
15909,Li28,2850.1000000000004
19292,Li28,2851.2
16596,Li28,2851.3
15263,Li28,2854.6
17280,Li28,2855.4
23047,Li28,2855.5
11981,Li28,2857.1
20264,Li28,2857.2000000000003
17596,Li28,2857.4
15019,Li28,2860.1
53065,Mi1,2860.2000000000003
14209,Li28,2860.8
16545,Li28,2864.4
15909,Li28,2864.8
16033,Li28,2865.4
19292,Li28,2866.0
15263,Li28,2867.3
16596,Li28,2867.3
23047,Li28,2870.0
17280,Li28,2870.1000000000004
17596,Li28,2870.9
11981,Li28,2871.8
20264,Li28,2872.1
53065,Mi1,2874.1000000000004
15019,Li28,2874.6
14209,Li28,2875.9
16545,Li28,2878.6
15909,Li28,2880.2000000000003
16596,Li28,2880.5
19292,Li28,2880.7
15263,Li28,2881.4
16033,Li28,2881.5
23047,Li28,2884.2000000000003
17280,Li28,2885.6
11981,Li28,2886.3
17596,Li28,2886.5000000000005
20264,Li28,2887.1000000000004
15019,Li28,2888.4
53065,Mi1,2889.9
14209,Li28,2890.6
16545,Li28,2892.2000000000003
15909,Li28,2894.8
16033,Li28,2895.3
16596,Li28,2895.6
19292,Li28,2896.1
15263,Li28,2897.0
23047,Li28,2898.3
17280,Li28,2900.8
17596,Li28,2901.1
20264,Li28,2901.8
11981,Li28,2901.8999999999996
15019,Li28,2903.5
14209,Li28,2904.6000000000004
53065,Mi1,2904.9
16545,Li28,2906.4
15909,Li28,2909.5
16596,Li28,2910.4
16033,Li28,2910.9
15263,Li28,2911.5
19292,Li28,2911.7999999999997
23047,Li28,2912.7
17596,Li28,2914.7000000000003
11981,Li28,2915.6
20264,Li28,2915.7999999999997
17280,Li28,2917.0
15019,Li28,2918.1000000000004
14209,Li28,2919.3
16545,Li28,2920.1
53065,Mi1,2920.1
15909,Li28,2924.3
16596,Li28,2925.1
16033,Li28,2925.2000000000003
19292,Li28,2925.2000000000003
15263,Li28,2926.9
23047,Li28,2928.1
17596,Li28,2928.8
11981,Li28,2930.9
20264,Li28,2930.9
17280,Li28,2931.6
15019,Li28,2932.4
16545,Li28,2933.3
14209,Li28,2933.4
53065,Mi1,2935.1000000000004
15909,Li28,2939.7999999999997
16596,Li28,2939.9
19292,Li28,2940.2
16033,Li28,2940.6000000000004
23047,Li28,2940.9
15263,Li28,2942.1
17596,Li28,2942.9
20264,Li28,2946.0
11981,Li28,2946.4
14209,Li28,2946.6
15019,Li28,2947.0
16545,Li28,2947.1000000000004
17280,Li28,2947.4
53065,Mi1,2949.8
15909,Li28,2954.5000000000005
16596,Li28,2955.0
19292,Li28,2955.6
15263,Li28,2955.9
23047,Li28,2956.0
16033,Li28,2956.1
17596,Li28,2957.3
20264,Li28,2959.6
11981,Li28,2961.0000000000005
16545,Li28,2961.2000000000003
15019,Li28,2961.5
14209,Li28,2961.6000000000004
17280,Li28,2961.8
53065,Mi1,2964.2
15909,Li28,2969.6000000000004
16596,Li28,2969.7
23047,Li28,2970.0
15263,Li28,2970.1
16033,Li28,2972.0
17596,Li28,2972.0
19292,Li28,2972.0
20264,Li28,2973.7
11981,Li28,2974.8
16545,Li28,2975.4
17280,Li28,2975.7999999999997
14209,Li28,2976.0
15019,Li28,2976.8
53065,Mi1,2978.0
15909,Li28,2984.2
23047,Li28,2984.8
15263,Li28,2985.2000000000003
16033,Li28,2985.2000000000003
17596,Li28,2985.6000000000004
16596,Li28,2985.9
19292,Li28,2986.5
20264,Li28,2987.7999999999997
16545,Li28,2989.0000000000005
11981,Li28,2990.1
15019,Li28,2991.2
17280,Li28,2991.3
14209,Li28,2991.9
53065,Mi1,2993.2000000000003
23047,Li28,2998.5
15909,Li28,2998.6
15263,Li28,2999.5
16596,Li28,2999.5
16033,Li28,3000.0
17596,Li28,3000.6
19292,Li28,3001.9
20264,Li28,3002.1
11981,Li28,3004.3
16545,Li28,3004.5
15019,Li28,3005.3
14209,Li28,3005.7
17280,Li28,3006.0
53065,Mi1,3008.6
15909,Li28,3012.1000000000004
23047,Li28,3013.5
16596,Li28,3014.0
17596,Li28,3014.0
16033,Li28,3014.2000000000003
15263,Li28,3014.8
20264,Li28,3017.0000000000005
19292,Li28,3018.2999999999997
16545,Li28,3019.0
15019,Li28,3020.4
17280,Li28,3020.6
14209,Li28,3021.1
11981,Li28,3021.3
53065,Mi1,3022.6
15909,Li28,3026.1
23047,Li28,3027.6
15263,Li28,3028.7000000000003
17596,Li28,3028.7000000000003
16033,Li28,3029.3
16596,Li28,3029.3
20264,Li28,3031.7000000000003
19292,Li28,3032.7000000000003
16545,Li28,3034.2000000000003
14209,Li28,3034.7
15019,Li28,3035.0
17280,Li28,3035.7000000000003
11981,Li28,3035.8
53065,Mi1,3038.2000000000003
15909,Li28,3041.4
23047,Li28,3041.4
16033,Li28,3043.0
17596,Li28,3043.1000000000004
15263,Li28,3043.9
16596,Li28,3044.3
20264,Li28,3044.9
19292,Li28,3047.6
15019,Li28,3048.7999999999997
16545,Li28,3049.2000000000003
11981,Li28,3049.5
14209,Li28,3049.5
17280,Li28,3049.6000000000004
53065,Mi1,3053.1
16033,Li28,3056.2
23047,Li28,3056.4
15909,Li28,3056.4
16596,Li28,3058.2000000000003
15263,Li28,3058.5
17596,Li28,3059.1
20264,Li28,3059.1
19292,Li28,3061.8
11981,Li28,3063.4
15019,Li28,3064.3
14209,Li28,3064.5
16545,Li28,3064.5
17280,Li28,3064.6
53065,Mi1,3068.2
23047,Li28,3070.1
15909,Li28,3070.9
16596,Li28,3071.4
16033,Li28,3072.7999999999997
20264,Li28,3073.2
17596,Li28,3073.3
15263,Li28,3073.7
19292,Li28,3076.7999999999997
11981,Li28,3077.1
17280,Li28,3078.3
16545,Li28,3078.3
14209,Li28,3078.4
15019,Li28,3079.0
53065,Mi1,3083.5000000000005
23047,Li28,3085.1
15909,Li28,3085.2
16596,Li28,3085.2
17596,Li28,3088.3
16033,Li28,3088.6
20264,Li28,3088.9
15263,Li28,3089.0
11981,Li28,3091.6
14209,Li28,3092.5
16545,Li28,3092.6
19292,Li28,3092.7000000000003
15019,Li28,3092.7999999999997
17280,Li28,3093.8
53065,Mi1,3097.1
23047,Li28,3099.2000000000003
16596,Li28,3100.6
15909,Li28,3100.7000000000003
17596,Li28,3102.1
15263,Li28,3102.7
16033,Li28,3103.5000000000005
20264,Li28,3103.9
14209,Li28,3105.5
19292,Li28,3106.9
11981,Li28,3107.6
15019,Li28,3107.7000000000003
16545,Li28,3108.1000000000004
17280,Li28,3109.8
53065,Mi1,3111.4
23047,Li28,3114.1
16596,Li28,3114.6000000000004
15909,Li28,3115.5
17596,Li28,3116.6
16033,Li28,3117.1000000000004
15263,Li28,3117.7000000000003
20264,Li28,3118.7
14209,Li28,3120.5
15019,Li28,3121.8
11981,Li28,3121.9
19292,Li28,3122.7
16545,Li28,3123.1
17280,Li28,3125.0
53065,Mi1,3125.6
16596,Li28,3128.3
23047,Li28,3129.2
15909,Li28,3130.2000000000003
17596,Li28,3131.0
16033,Li28,3132.2
15263,Li28,3133.3
20264,Li28,3134.6000000000004
14209,Li28,3135.5
19292,Li28,3136.7000000000003
15019,Li28,3136.8
11981,Li28,3136.9
16545,Li28,3137.6
17280,Li28,3140.0
53065,Mi1,3140.2
16596,Li28,3143.4
23047,Li28,3143.5
15909,Li28,3145.7999999999997
15263,Li28,3147.6
16033,Li28,3147.6
17596,Li28,3147.6
20264,Li28,3148.8
14209,Li28,3149.9
11981,Li28,3150.9
19292,Li28,3151.4
15019,Li28,3152.5000000000005
16545,Li28,3153.6
53065,Mi1,3155.5
17280,Li28,3155.5
23047,Li28,3159.0
16596,Li28,3159.2999999999997
15909,Li28,3160.1000000000004
16033,Li28,3161.7999999999997
17596,Li28,3162.2000000000003
15263,Li28,3162.9
20264,Li28,3164.4
14209,Li28,3165.5
19292,Li28,3165.9
11981,Li28,3166.1
15019,Li28,3168.1000000000004
16545,Li28,3168.6
17280,Li28,3169.7000000000003
53065,Mi1,3169.7000000000003
16596,Li28,3173.5
23047,Li28,3173.6
15909,Li28,3176.3
16033,Li28,3176.3
17596,Li28,3177.6
15263,Li28,3178.3
20264,Li28,3180.2000000000003
11981,Li28,3180.6
19292,Li28,3181.1000000000004
14209,Li28,3181.3
15019,Li28,3182.4
16545,Li28,3184.1000000000004
17280,Li28,3184.3
53065,Mi1,3184.7000000000003
16596,Li28,3187.9
23047,Li28,3188.6
15909,Li28,3190.6000000000004
16033,Li28,3191.5
17596,Li28,3192.6
15263,Li28,3194.1
14209,Li28,3195.5
11981,Li28,3195.5
20264,Li28,3195.9
19292,Li28,3196.1
15019,Li28,3196.5000000000005
17280,Li28,3198.0
16545,Li28,3198.7
53065,Mi1,3199.4
16596,Li28,3202.2
23047,Li28,3203.2000000000003
15909,Li28,3205.3
16033,Li28,3206.8
17596,Li28,3207.7
14209,Li28,3208.3
15263,Li28,3208.8
11981,Li28,3209.3
15019,Li28,3210.9
19292,Li28,3211.1
20264,Li28,3211.5
17280,Li28,3212.6
53065,Mi1,3212.8
16545,Li28,3214.2
16596,Li28,3216.9
23047,Li28,3218.0
15909,Li28,3220.0
16033,Li28,3220.2000000000003
15263,Li28,3222.3
17596,Li28,3222.3
14209,Li28,3223.0000000000005
11981,Li28,3224.0
15019,Li28,3224.2999999999997
19292,Li28,3224.8
20264,Li28,3226.2
17280,Li28,3226.4
53065,Mi1,3226.4
16545,Li28,3227.3
23047,Li28,3232.2000000000003
16596,Li28,3232.2000000000003
15909,Li28,3234.1
16033,Li28,3235.0000000000005
15263,Li28,3236.5000000000005
14209,Li28,3237.7000000000003
17596,Li28,3237.9
15019,Li28,3238.7000000000003
19292,Li28,3239.2000000000003
11981,Li28,3239.6000000000004
20264,Li28,3240.8
53065,Mi1,3240.8
17280,Li28,3241.6
16545,Li28,3242.0
16596,Li28,3246.0
23047,Li28,3246.6000000000004
15909,Li28,3248.6
15263,Li28,3250.5
16033,Li28,3250.6
14209,Li28,3251.8
17596,Li28,3252.7000000000003
19292,Li28,3253.4
15019,Li28,3254.4
11981,Li28,3254.8
17280,Li28,3256.2999999999997
16545,Li28,3256.7000000000003
20264,Li28,3256.9
53065,Mi1,3258.1000000000004
16596,Li28,3259.2000000000003
15909,Li28,3262.1000000000004
23047,Li28,3262.5
15263,Li28,3264.9
16033,Li28,3264.9
14209,Li28,3265.8
17596,Li28,3267.4
19292,Li28,3268.8
11981,Li28,3269.9
15019,Li28,3270.1000000000004
16545,Li28,3270.3
17280,Li28,3271.2000000000003
20264,Li28,3272.5
53065,Mi1,3273.4
16596,Li28,3274.4
23047,Li28,3277.5000000000005
15909,Li28,3277.8
15263,Li28,3279.8
16033,Li28,3280.5
14209,Li28,3280.6
17596,Li28,3283.2000000000003
11981,Li28,3283.9
19292,Li28,3284.0
15019,Li28,3285.3
16545,Li28,3285.5000000000005
17280,Li28,3287.2000000000003
20264,Li28,3287.2000000000003
53065,Mi1,3288.1
16596,Li28,3289.9
23047,Li28,3292.6
15909,Li28,3294.2
15263,Li28,3295.1
14209,Li28,3295.5
16033,Li28,3295.6000000000004
17596,Li28,3297.4
19292,Li28,3297.9
11981,Li28,3298.3
16545,Li28,3300.0
15019,Li28,3300.6
20264,Li28,3301.4
17280,Li28,3302.1000000000004
53065,Mi1,3302.7999999999997
16596,Li28,3305.5000000000005
15909,Li28,3307.0
23047,Li28,3308.0
14209,Li28,3310.1000000000004
16033,Li28,3310.2
15263,Li28,3310.3
11981,Li28,3312.1
17596,Li28,3312.4
19292,Li28,3313.2000000000003
15019,Li28,3315.0
16545,Li28,3315.1
20264,Li28,3315.6000000000004
17280,Li28,3317.3
53065,Mi1,3317.7000000000003
16596,Li28,3321.3
15909,Li28,3321.5000000000005
23047,Li28,3322.7000000000003
16033,Li28,3325.3
14209,Li28,3325.7000000000003
11981,Li28,3326.0
15263,Li28,3326.4
19292,Li28,3327.9
17596,Li28,3328.6000000000004
16545,Li28,3329.2000000000003
15019,Li28,3330.9
20264,Li28,3331.5
53065,Mi1,3331.7
17280,Li28,3332.1
15909,Li28,3335.2
16596,Li28,3336.2000000000003
23047,Li28,3337.2000000000003
14209,Li28,3338.9
16033,Li28,3339.6000000000004
11981,Li28,3339.8
19292,Li28,3341.0
15263,Li28,3341.0
16545,Li28,3343.0
17596,Li28,3343.0
15019,Li28,3345.9
53065,Mi1,3346.0
17280,Li28,3346.7999999999997
20264,Li28,3347.8
15909,Li28,3349.2999999999997
16596,Li28,3350.6
23047,Li28,3351.2
11981,Li28,3353.7000000000003
14209,Li28,3354.1000000000004
16033,Li28,3354.3
15263,Li28,3354.5
19292,Li28,3355.2
17596,Li28,3357.2999999999997
16545,Li28,3357.6
15019,Li28,3359.4
17280,Li28,3360.5
53065,Mi1,3360.8
20264,Li28,3362.5
15909,Li28,3364.7
23047,Li28,3365.4
16596,Li28,3366.2
11981,Li28,3367.9
14209,Li28,3368.2000000000003
16033,Li28,3368.2000000000003
15263,Li28,3369.6
19292,Li28,3369.6
17596,Li28,3371.9
16545,Li28,3373.1
15019,Li28,3374.2
17280,Li28,3375.4
53065,Mi1,3376.1
20264,Li28,3376.5
23047,Li28,3379.2
15909,Li28,3379.5
16596,Li28,3380.4
14209,Li28,3382.6
15263,Li28,3382.6
11981,Li28,3383.2
16033,Li28,3383.5
19292,Li28,3384.5
17596,Li28,3385.0
15019,Li28,3387.7000000000003
16545,Li28,3388.8
53065,Mi1,3390.4
20264,Li28,3390.7000000000003
17280,Li28,3390.8
23047,Li28,3393.7000000000003
15909,Li28,3394.2
16596,Li28,3395.6
14209,Li28,3395.9
15263,Li28,3397.0
16033,Li28,3397.0
19292,Li28,3398.7000000000003
11981,Li28,3399.0
17596,Li28,3400.9
15019,Li28,3401.4
16545,Li28,3402.7000000000003
20264,Li28,3404.7
17280,Li28,3405.5
53065,Mi1,3406.1000000000004
15909,Li28,3409.0
23047,Li28,3409.4
16596,Li28,3410.0
15263,Li28,3411.4
16033,Li28,3411.7000000000003
14209,Li28,3411.7999999999997
19292,Li28,3413.2999999999997
11981,Li28,3414.3
17596,Li28,3415.4
15019,Li28,3416.2000000000003
16545,Li28,3418.5000000000005
17280,Li28,3420.0000000000005
53065,Mi1,3420.6000000000004
20264,Li28,3421.4
15909,Li28,3422.9
16596,Li28,3425.0
23047,Li28,3425.1
15263,Li28,3425.4
14209,Li28,3426.2000000000003
16033,Li28,3427.7999999999997
19292,Li28,3427.9
17596,Li28,3428.7
11981,Li28,3429.7
15019,Li28,3432.0000000000005
16545,Li28,3433.2999999999997
20264,Li28,3434.7000000000003
17280,Li28,3435.4
53065,Mi1,3436.3
15909,Li28,3437.6000000000004
15263,Li28,3438.8
23047,Li28,3439.3
16596,Li28,3439.7999999999997
14209,Li28,3440.8
19292,Li28,3441.2000000000003
17596,Li28,3443.6
16033,Li28,3443.7999999999997
11981,Li28,3445.1
15019,Li28,3445.7
16545,Li28,3448.7
20264,Li28,3449.4
53065,Mi1,3449.7
17280,Li28,3450.6
15909,Li28,3452.9
15263,Li28,3453.2000000000003
19292,Li28,3454.1
23047,Li28,3454.5000000000005
16596,Li28,3455.1000000000004
14209,Li28,3456.3
17596,Li28,3458.1
11981,Li28,3458.6
16033,Li28,3459.5
15019,Li28,3460.8
16545,Li28,3463.5
20264,Li28,3463.9
17280,Li28,3464.2
53065,Mi1,3466.0
15263,Li28,3467.7000000000003
15909,Li28,3467.7999999999997
23047,Li28,3468.6000000000004
19292,Li28,3468.8
14209,Li28,3471.7000000000003
16596,Li28,3471.7000000000003
11981,Li28,3473.3
17596,Li28,3473.3
16033,Li28,3474.2000000000003
15019,Li28,3475.7999999999997
16545,Li28,3477.5
20264,Li28,3479.2
17280,Li28,3480.0
53065,Mi1,3480.7000000000003
19292,Li28,3483.0
15909,Li28,3483.2
23047,Li28,3483.4
15263,Li28,3483.5
16596,Li28,3485.3
14209,Li28,3486.8
11981,Li28,3487.7000000000003
17596,Li28,3488.6000000000004
16033,Li28,3488.9
15019,Li28,3490.1
16545,Li28,3490.9
20264,Li28,3493.2000000000003
53065,Mi1,3495.1000000000004
17280,Li28,3495.5
19292,Li28,3497.6000000000004
15909,Li28,3497.7
15263,Li28,3497.9
23047,Li28,3498.2000000000003
16596,Li28,3499.5
14209,Li28,3502.7000000000003
17596,Li28,3503.2
11981,Li28,3503.2
16033,Li28,3503.7000000000003
15019,Li28,3504.6000000000004
16545,Li28,3506.5
20264,Li28,3508.5
53065,Mi1,3510.5
17280,Li28,3511.0
19292,Li28,3512.1000000000004
15263,Li28,3512.5
15909,Li28,3512.8
23047,Li28,3513.1
16596,Li28,3513.8
14209,Li28,3517.1
11981,Li28,3517.7
16033,Li28,3518.5
17596,Li28,3518.9
15019,Li28,3519.2
16545,Li28,3520.9
20264,Li28,3523.3
17280,Li28,3525.3
53065,Mi1,3525.4
15263,Li28,3527.1000000000004
19292,Li28,3527.4
23047,Li28,3527.6
16596,Li28,3528.1000000000004
15909,Li28,3528.3
14209,Li28,3531.4
16033,Li28,3532.5
17596,Li28,3532.6
11981,Li28,3533.6000000000004
15019,Li28,3533.6000000000004
16545,Li28,3535.2000000000003
20264,Li28,3538.8
17280,Li28,3540.3
23047,Li28,3540.3
15263,Li28,3540.3
53065,Mi1,3541.1
19292,Li28,3542.2000000000003
15909,Li28,3542.9
16596,Li28,3542.9
14209,Li28,3546.1
16033,Li28,3546.6
17596,Li28,3547.2000000000003
15019,Li28,3548.4
11981,Li28,3549.0000000000005
16545,Li28,3549.6000000000004
20264,Li28,3552.9
17280,Li28,3554.5
23047,Li28,3555.1000000000004
19292,Li28,3556.3
15909,Li28,3556.4
15263,Li28,3556.5
16596,Li28,3556.7999999999997
53065,Mi1,3557.3
16033,Li28,3560.2
14209,Li28,3560.3
17596,Li28,3561.6000000000004
15019,Li28,3562.6000000000004
11981,Li28,3563.9
16545,Li28,3564.7000000000003
20264,Li28,3567.3
17280,Li28,3569.0
15263,Li28,3570.3
15909,Li28,3570.5
19292,Li28,3570.7
16596,Li28,3571.2000000000003
23047,Li28,3571.4
53065,Mi1,3571.7000000000003
16033,Li28,3574.5
14209,Li28,3576.0
17596,Li28,3576.7999999999997
15019,Li28,3577.1
11981,Li28,3577.1
16545,Li28,3579.3
20264,Li28,3580.9
15909,Li28,3584.6
53065,Mi1,3585.3
15263,Li28,3585.4
16596,Li28,3585.8
17280,Li28,3585.8
19292,Li28,3586.1
23047,Li28,3587.7000000000003
16033,Li28,3589.6000000000004
14209,Li28,3590.4
11981,Li28,3591.0
17596,Li28,3592.2
15019,Li28,3592.3
16545,Li28,3594.3
20264,Li28,3594.7
15909,Li28,3599.0
19292,Li28,3599.1
53065,Mi1,3599.1
15263,Li28,3600.1000000000004
17280,Li28,3601.4
16596,Li28,3601.8
23047,Li28,3602.1
11981,Li28,3604.7999999999997
14209,Li28,3605.3
16033,Li28,3606.1
15019,Li28,3606.3
17596,Li28,3607.5000000000005
20264,Li28,3608.2
16545,Li28,3609.2
19292,Li28,3612.7000000000003
15909,Li28,3612.7999999999997
15263,Li28,3613.4
53065,Mi1,3614.1
17280,Li28,3615.8
16596,Li28,3617.2
23047,Li28,3617.6000000000004
11981,Li28,3618.6000000000004
14209,Li28,3619.8
15019,Li28,3620.2
16033,Li28,3620.7999999999997
17596,Li28,3621.8
20264,Li28,3624.1000000000004
16545,Li28,3624.7000000000003
15909,Li28,3627.5000000000005
53065,Mi1,3627.9
19292,Li28,3628.5
15263,Li28,3628.6
17280,Li28,3630.2000000000003
16596,Li28,3631.9
23047,Li28,3633.5
16033,Li28,3634.0000000000005
15019,Li28,3634.1
11981,Li28,3634.3
14209,Li28,3634.3
17596,Li28,3636.4
20264,Li28,3638.9
16545,Li28,3639.4
53065,Mi1,3640.5
15909,Li28,3642.0000000000005
19292,Li28,3642.8
17280,Li28,3644.3
15263,Li28,3644.9
16596,Li28,3645.9
15019,Li28,3648.5
23047,Li28,3648.7000000000003
11981,Li28,3648.8
14209,Li28,3649.1000000000004
16033,Li28,3649.2
17596,Li28,3651.9
16545,Li28,3653.3
20264,Li28,3653.3
53065,Mi1,3655.7000000000003
15909,Li28,3656.6
19292,Li28,3657.3
17280,Li28,3658.7
15263,Li28,3659.5
16596,Li28,3659.9
11981,Li28,3662.9
23047,Li28,3663.5
14209,Li28,3663.5
15019,Li28,3663.7
16033,Li28,3664.2000000000003
16545,Li28,3667.7
17596,Li28,3668.0
20264,Li28,3668.2000000000003
53065,Mi1,3669.1000000000004
15909,Li28,3671.2000000000003
17280,Li28,3673.5
19292,Li28,3673.7999999999997
15263,Li28,3674.2000000000003
16596,Li28,3674.9
11981,Li28,3675.7
15019,Li28,3678.0000000000005
14209,Li28,3678.4
23047,Li28,3679.0
16033,Li28,3680.3
16545,Li28,3681.7999999999997
20264,Li28,3682.5
53065,Mi1,3684.4
17596,Li28,3684.7000000000003
15909,Li28,3685.1000000000004
19292,Li28,3688.3
17280,Li28,3689.2
16596,Li28,3689.2
15263,Li28,3689.7999999999997
11981,Li28,3690.1
15019,Li28,3692.7000000000003
23047,Li28,3692.7000000000003
16033,Li28,3694.7
14209,Li28,3695.2000000000003
16545,Li28,3695.7
20264,Li28,3696.6
53065,Mi1,3698.9
17596,Li28,3699.4
15909,Li28,3700.5000000000005
19292,Li28,3701.7999999999997
17280,Li28,3703.9
15263,Li28,3704.1000000000004
16596,Li28,3704.3
11981,Li28,3704.7000000000003
23047,Li28,3706.9
15019,Li28,3707.6000000000004
16033,Li28,3709.1000000000004
14209,Li28,3710.4
16545,Li28,3711.2000000000003
20264,Li28,3711.4
53065,Mi1,3714.1
15909,Li28,3714.7
17596,Li28,3714.7
19292,Li28,3716.1
15263,Li28,3718.4
17280,Li28,3719.4
16596,Li28,3719.5
11981,Li28,3721.1000000000004
23047,Li28,3722.0
15019,Li28,3722.2000000000003
14209,Li28,3723.9
16033,Li28,3724.1
16545,Li28,3725.9
20264,Li28,3726.7000000000003
53065,Mi1,3728.5000000000005
15909,Li28,3729.6
17596,Li28,3729.7000000000003
15263,Li28,3731.8
19292,Li28,3731.9
16596,Li28,3733.2
17280,Li28,3734.2
11981,Li28,3736.0
15019,Li28,3736.1
23047,Li28,3737.2
14209,Li28,3738.2
16033,Li28,3738.5
16545,Li28,3740.5000000000005
20264,Li28,3740.8
53065,Mi1,3742.8
17596,Li28,3743.6000000000004
15909,Li28,3745.4
19292,Li28,3746.8
15263,Li28,3747.0000000000005
17280,Li28,3748.2999999999997
16596,Li28,3748.5000000000005
15019,Li28,3750.8
23047,Li28,3751.3
11981,Li28,3752.0
14209,Li28,3752.5000000000005
16033,Li28,3753.7000000000003
16545,Li28,3755.1
20264,Li28,3755.4
53065,Mi1,3757.9
17596,Li28,3758.3
15909,Li28,3759.4
19292,Li28,3761.6
15263,Li28,3761.7999999999997
17280,Li28,3762.3
16596,Li28,3763.5
15019,Li28,3765.3
11981,Li28,3766.4
23047,Li28,3767.0000000000005
16545,Li28,3767.4
14209,Li28,3767.7
16033,Li28,3769.0
20264,Li28,3769.9
17596,Li28,3772.9
53065,Mi1,3773.2
15909,Li28,3773.4
19292,Li28,3775.6000000000004
15263,Li28,3775.8
17280,Li28,3776.7000000000003
16596,Li28,3777.1000000000004
15019,Li28,3780.2999999999997
23047,Li28,3781.5
11981,Li28,3782.0
16545,Li28,3782.7000000000003
14209,Li28,3783.0000000000005
20264,Li28,3784.1
16033,Li28,3784.8
17596,Li28,3785.5000000000005
15909,Li28,3787.8
53065,Mi1,3788.7000000000003
15263,Li28,3790.6
19292,Li28,3791.0000000000005
17280,Li28,3791.9
16596,Li28,3792.5
15019,Li28,3794.8
23047,Li28,3796.1
11981,Li28,3796.5
14209,Li28,3797.4
16545,Li28,3798.3
20264,Li28,3799.0000000000005
16033,Li28,3799.4
17596,Li28,3800.2999999999997
15909,Li28,3802.8
53065,Mi1,3805.0
15263,Li28,3805.4
19292,Li28,3805.6
17280,Li28,3806.1000000000004
16596,Li28,3806.9
15019,Li28,3810.7000000000003
11981,Li28,3811.1
23047,Li28,3811.5
14209,Li28,3813.1000000000004
20264,Li28,3813.3
16033,Li28,3813.6
16545,Li28,3813.6
17596,Li28,3814.6
15909,Li28,3816.9000000000005
15263,Li28,3819.8
53065,Mi1,3820.1
16596,Li28,3820.2000000000003
17280,Li28,3820.2999999999997
19292,Li28,3822.0
11981,Li28,3826.6
15019,Li28,3826.7000000000003
23047,Li28,3826.7999999999997
34057,Mi1,3826.9
14209,Li28,3827.4
16545,Li28,3828.0
20264,Li28,3828.2000000000003
16033,Li28,3828.6000000000004
17596,Li28,3829.4
35405,Mi1,3830.9
15909,Li28,3831.1
34849,Mi1,3833.3
53065,Mi1,3834.0
36252,Mi1,3834.0
16596,Li28,3834.0
15263,Li28,3834.5
17280,Li28,3835.6000000000004
19292,Li28,3837.3
14209,Li28,3841.6
11981,Li28,3841.9
23047,Li28,3842.1000000000004
16033,Li28,3842.3
15019,Li28,3842.5
16545,Li28,3842.9
20264,Li28,3843.2000000000003
17596,Li28,3843.6000000000004
15909,Li28,3846.6
16596,Li28,3847.6000000000004
53065,Mi1,3848.3
15263,Li28,3848.4
17280,Li28,3849.6
19292,Li28,3851.8
23047,Li28,3855.9
20264,Li28,3856.3
14209,Li28,3856.5
11981,Li28,3856.9
16545,Li28,3857.0
16033,Li28,3857.3
15019,Li28,3857.3
17596,Li28,3858.0
35405,Mi1,3860.1
15909,Li28,3861.6
15263,Li28,3862.2
16596,Li28,3862.9
53065,Mi1,3862.9
17280,Li28,3864.6000000000004
34057,Mi1,3864.6000000000004
34849,Mi1,3864.7
19292,Li28,3866.2
36252,Mi1,3868.4
14209,Li28,3870.7000000000003
20264,Li28,3870.7000000000003
11981,Li28,3870.7999999999997
23047,Li28,3871.2
15019,Li28,3871.4
16545,Li28,3872.0000000000005
17596,Li28,3872.6000000000004
16033,Li28,3873.1
15263,Li28,3876.2000000000003
15909,Li28,3876.7
16596,Li28,3877.2000000000003
53065,Mi1,3877.6
17280,Li28,3878.7999999999997
19292,Li28,3879.3
35405,Mi1,3881.7000000000003
20264,Li28,3884.6000000000004
34849,Mi1,3884.8
14209,Li28,3885.2999999999997
16545,Li28,3885.4
11981,Li28,3885.9
15019,Li28,3886.1000000000004
23047,Li28,3886.4
34057,Mi1,3887.0
17596,Li28,3887.4
16033,Li28,3888.7
36252,Mi1,3891.2
15909,Li28,3891.5
53065,Mi1,3891.8
15263,Li28,3892.9
16596,Li28,3893.1
17280,Li28,3893.6
19292,Li28,3894.9
14209,Li28,3899.1000000000004
20264,Li28,3899.3
16545,Li28,3899.5
11981,Li28,3900.3
15019,Li28,3900.6000000000004
23047,Li28,3901.1
35405,Mi1,3902.1000000000004
17596,Li28,3903.3
16033,Li28,3904.0000000000005
53065,Mi1,3905.4
34849,Mi1,3905.6
16596,Li28,3906.3
15909,Li28,3906.7000000000003
15263,Li28,3907.4
17280,Li28,3908.3
34057,Mi1,3909.2000000000003
19292,Li28,3909.4
36252,Mi1,3912.4
20264,Li28,3913.6
14209,Li28,3913.8
16545,Li28,3914.0
11981,Li28,3914.4
15019,Li28,3915.2
23047,Li28,3916.6000000000004
16033,Li28,3917.6
17596,Li28,3918.0
53065,Mi1,3919.5
16596,Li28,3920.8
15909,Li28,3921.4
35405,Mi1,3922.1000000000004
15263,Li28,3922.8
17280,Li28,3923.3
19292,Li28,3923.6
34849,Mi1,3924.1
20264,Li28,3927.3
14209,Li28,3928.5
34057,Mi1,3928.5
11981,Li28,3929.4
16545,Li28,3929.6
15019,Li28,3930.0
16033,Li28,3931.6
23047,Li28,3932.3
17596,Li28,3932.5
36252,Mi1,3932.6000000000004
16596,Li28,3935.6
53065,Mi1,3935.9
15909,Li28,3936.0000000000005
15263,Li28,3936.8
35405,Mi1,3937.2000000000003
17280,Li28,3938.0
19292,Li28,3938.1000000000004
34849,Mi1,3942.1000000000004
20264,Li28,3942.4
14209,Li28,3943.5
16545,Li28,3943.9
11981,Li28,3944.4
15019,Li28,3946.3
16033,Li28,3946.4
34057,Mi1,3946.6
23047,Li28,3947.0
17596,Li28,3947.5
36252,Mi1,3949.7
16596,Li28,3950.1000000000004
15909,Li28,3950.4
19292,Li28,3951.0
53065,Mi1,3951.0
15263,Li28,3951.5
17280,Li28,3952.8
35405,Mi1,3954.5000000000005
20264,Li28,3956.8
14209,Li28,3958.1000000000004
16545,Li28,3958.4
11981,Li28,3959.2
34849,Mi1,3959.5
16033,Li28,3961.1
17596,Li28,3961.6000000000004
15019,Li28,3961.7
23047,Li28,3962.3
34057,Mi1,3964.2000000000003
15909,Li28,3964.4
16596,Li28,3965.0
19292,Li28,3965.4
15263,Li28,3966.1000000000004
53065,Mi1,3966.5000000000005
36252,Mi1,3967.3
17280,Li28,3967.7999999999997
35405,Mi1,3970.9
20264,Li28,3971.7000000000003
14209,Li28,3971.9
16545,Li28,3972.7
11981,Li28,3974.1000000000004
16033,Li28,3975.0
17596,Li28,3975.5
15019,Li28,3976.4
23047,Li28,3976.5
34849,Mi1,3976.6000000000004
15909,Li28,3979.2
34057,Mi1,3979.7999999999997
15263,Li28,3980.5
53065,Mi1,3980.6000000000004
19292,Li28,3980.8
16596,Li28,3981.1
17280,Li28,3982.3
36252,Mi1,3985.5
14209,Li28,3985.8
20264,Li28,3986.2000000000003
16545,Li28,3987.2
35405,Mi1,3987.7999999999997
11981,Li28,3989.7
17596,Li28,3989.8
34849,Mi1,3990.4
16033,Li28,3990.7000000000003
15019,Li28,3991.2
23047,Li28,3991.4
15909,Li28,3994.3
34057,Mi1,3994.4
19292,Li28,3994.7000000000003
53065,Mi1,3995.4
15263,Li28,3995.7000000000003
16596,Li28,3995.9
17280,Li28,3997.7
20264,Li28,4000.2000000000003
14209,Li28,4000.3
36252,Mi1,4000.3
16545,Li28,4002.7
35405,Mi1,4002.8000000000006
11981,Li28,4004.2
17596,Li28,4005.1000000000004
15019,Li28,4005.2000000000003
34849,Mi1,4005.3999999999996
23047,Li28,4005.6000000000004
16033,Li28,4006.0
15909,Li28,4009.1
53065,Mi1,4009.4
34057,Mi1,4009.6
19292,Li28,4010.1000000000004
16596,Li28,4010.2999999999997
15263,Li28,4010.8000000000006
17280,Li28,4010.9
20264,Li28,4014.2
14209,Li28,4015.6
36252,Mi1,4015.7
16545,Li28,4017.3000000000006
35405,Mi1,4017.7000000000003
34849,Mi1,4019.6000000000004
11981,Li28,4019.7000000000003
15019,Li28,4020.2999999999997
17596,Li28,4020.2999999999997
16033,Li28,4021.2000000000003
23047,Li28,4021.5000000000005
15909,Li28,4023.2
53065,Mi1,4024.4
16596,Li28,4024.5000000000005
17280,Li28,4025.1
19292,Li28,4025.2
34057,Mi1,4025.5
15263,Li28,4025.7000000000003
20264,Li28,4029.0
14209,Li28,4029.1000000000004
36252,Mi1,4030.8
16545,Li28,4032.2000000000003
35405,Mi1,4032.2000000000003
16033,Li28,4034.6
17596,Li28,4034.6
11981,Li28,4035.4
15019,Li28,4035.5
34849,Mi1,4036.4000000000005
23047,Li28,4036.5
15909,Li28,4037.7
53065,Mi1,4038.0
19292,Li28,4038.5
34057,Mi1,4039.2
15263,Li28,4039.2999999999997
17280,Li28,4039.2999999999997
16596,Li28,4039.7
14209,Li28,4043.7000000000003
20264,Li28,4043.8999999999996
36252,Mi1,4046.7000000000003
16545,Li28,4047.2000000000003
35405,Mi1,4047.8000000000006
17596,Li28,4048.1
15019,Li28,4049.8
16033,Li28,4050.1000000000004
11981,Li28,4051.1
23047,Li28,4051.2000000000003
34849,Mi1,4051.5
15909,Li28,4052.2
16596,Li28,4052.7000000000007
19292,Li28,4053.3999999999996
53065,Mi1,4054.1
15263,Li28,4054.9
34057,Mi1,4055.2000000000003
17280,Li28,4055.8000000000006
20264,Li28,4057.9
14209,Li28,4058.7
36252,Mi1,4062.5
17596,Li28,4062.6
16545,Li28,4062.7000000000003
35405,Mi1,4063.2999999999997
16033,Li28,4064.0
15019,Li28,4065.1
11981,Li28,4065.8
34849,Mi1,4066.3999999999996
23047,Li28,4066.7
15909,Li28,4066.8000000000006
19292,Li28,4067.1
16596,Li28,4068.1000000000004
53065,Mi1,4068.8
34057,Mi1,4069.7999999999997
15263,Li28,4070.0
17280,Li28,4071.1000000000004
20264,Li28,4073.3000000000006
14209,Li28,4074.7999999999997
35405,Mi1,4077.2000000000003
17596,Li28,4077.3
36252,Mi1,4077.3
16545,Li28,4077.3999999999996
16033,Li28,4078.8
11981,Li28,4079.6
15909,Li28,4080.7999999999997
15019,Li28,4080.9000000000005
34849,Mi1,4081.1
23047,Li28,4081.9999999999995
16596,Li28,4082.2000000000003
19292,Li28,4082.5000000000005
53065,Mi1,4083.6000000000004
34057,Mi1,4084.4000000000005
15263,Li28,4085.3
17280,Li28,4086.8
20264,Li28,4087.6
14209,Li28,4088.7999999999997
16545,Li28,4091.1
71052,T2a,4091.2000000000007
36252,Mi1,4091.8
17596,Li28,4092.2
35405,Mi1,4092.2999999999997
15909,Li28,4094.1
16033,Li28,4094.7000000000003
15019,Li28,4094.9
11981,Li28,4095.4000000000005
34849,Mi1,4095.7
19292,Li28,4096.5
16596,Li28,4097.1
23047,Li28,4097.5
53065,Mi1,4098.5
34057,Mi1,4099.0
15263,Li28,4100.8
17280,Li28,4101.500000000001
14209,Li28,4102.2
20264,Li28,4102.8
16545,Li28,4105.700000000001
17596,Li28,4105.8
36252,Mi1,4105.9
35405,Mi1,4108.5
15909,Li28,4108.6
16033,Li28,4108.6
34849,Mi1,4109.7
15019,Li28,4109.8
11981,Li28,4111.3
19292,Li28,4111.6
23047,Li28,4111.7
16596,Li28,4112.3
53065,Mi1,4113.2
34057,Mi1,4114.5
17280,Li28,4115.3
15263,Li28,4115.5
20264,Li28,4116.1
14209,Li28,4117.4
16545,Li28,4120.200000000001
36252,Mi1,4120.200000000001
17596,Li28,4120.9
35405,Mi1,4123.8
16033,Li28,4123.9
15909,Li28,4124.1
34849,Mi1,4124.900000000001
15019,Li28,4125.099999999999
23047,Li28,4125.900000000001
19292,Li28,4126.3
11981,Li28,4126.400000000001
16596,Li28,4127.1
34057,Mi1,4128.5
53065,Mi1,4129.700000000001
17280,Li28,4129.8
15263,Li28,4130.0
20264,Li28,4131.3
14209,Li28,4132.2
16545,Li28,4134.3
36252,Mi1,4135.400000000001
17596,Li28,4135.400000000001
16033,Li28,4137.400000000001
15909,Li28,4138.3
34849,Mi1,4138.7
35405,Mi1,4138.7
23047,Li28,4140.000000000001
15019,Li28,4140.2
16596,Li28,4141.099999999999
11981,Li28,4141.200000000001
19292,Li28,4141.8
34057,Mi1,4143.2
17280,Li28,4143.900000000001
15263,Li28,4145.9
20264,Li28,4145.9
53065,Mi1,4146.1
14209,Li28,4147.400000000001
16545,Li28,4149.8
36252,Mi1,4149.8
17596,Li28,4150.2
16033,Li28,4151.5
15909,Li28,4153.0
35405,Mi1,4153.8
34849,Mi1,4153.9
23047,Li28,4153.9
15019,Li28,4154.5
19292,Li28,4156.000000000001
16596,Li28,4156.6
11981,Li28,4157.0
34057,Mi1,4157.4
17280,Li28,4158.700000000001
15263,Li28,4160.0
20264,Li28,4160.099999999999
53065,Mi1,4160.6
14209,Li28,4162.4
36252,Mi1,4162.8
16545,Li28,4165.200000000001
17596,Li28,4165.3
16033,Li28,4167.2
15909,Li28,4167.4
23047,Li28,4168.5
35405,Mi1,4168.5
34849,Mi1,4169.0
15019,Li28,4170.2
11981,Li28,4170.3
19292,Li28,4170.4
16596,Li28,4170.8
34057,Mi1,4172.7
53065,Mi1,4173.900000000001
17280,Li28,4174.3
15263,Li28,4174.700000000001
20264,Li28,4174.700000000001
36252,Mi1,4176.7
14209,Li28,4176.8
17596,Li28,4179.1
16545,Li28,4179.599999999999
15909,Li28,4181.7
23047,Li28,4182.0
16033,Li28,4182.8
34849,Mi1,4183.8
11981,Li28,4184.4
35405,Mi1,4184.7
19292,Li28,4184.8
15019,Li28,4185.2
16596,Li28,4185.8
34057,Mi1,4187.599999999999
15263,Li28,4188.7
17280,Li28,4188.900000000001
20264,Li28,4189.099999999999
53065,Mi1,4189.4
36252,Mi1,4190.700000000001
14209,Li28,4190.9
17596,Li28,4193.2
16545,Li28,4193.7
23047,Li28,4196.000000000001
16033,Li28,4197.200000000001
34849,Mi1,4197.200000000001
15909,Li28,4197.6
35405,Mi1,4198.599999999999
19292,Li28,4199.5
16596,Li28,4199.7
11981,Li28,4199.900000000001
15019,Li28,4200.3
15263,Li28,4202.6
34057,Mi1,4203.3
53065,Mi1,4203.9
17280,Li28,4204.000000000001
20264,Li28,4204.3
14209,Li28,4205.200000000001
36252,Mi1,4206.8
16545,Li28,4208.9
17596,Li28,4208.9
16033,Li28,4210.7
23047,Li28,4210.8
15909,Li28,4211.700000000001
35405,Mi1,4211.8
34849,Mi1,4212.5
11981,Li28,4214.3
15019,Li28,4214.400000000001
16596,Li28,4214.8
19292,Li28,4215.2
15263,Li28,4216.7
34057,Mi1,4217.0
17280,Li28,4218.1
53065,Mi1,4218.7
20264,Li28,4219.0
14209,Li28,4219.400000000001
36252,Mi1,4221.8
17596,Li28,4223.0
16545,Li28,4223.1
71052,T2a,4223.4
23047,Li28,4224.9
15909,Li28,4226.200000000001
16033,Li28,4226.4
34849,Mi1,4226.900000000001
35405,Mi1,4227.0
15019,Li28,4229.3
16596,Li28,4229.7
11981,Li28,4229.7
19292,Li28,4230.8
34057,Mi1,4231.5
15263,Li28,4231.6
53065,Mi1,4232.6
17280,Li28,4233.0
20264,Li28,4233.2
14209,Li28,4234.0
36252,Mi1,4235.5
16545,Li28,4237.200000000001
17596,Li28,4237.9
23047,Li28,4239.0
16033,Li28,4240.6
34849,Mi1,4241.2
15909,Li28,4241.7
16596,Li28,4242.500000000001
35405,Mi1,4242.8
11981,Li28,4244.400000000001
15019,Li28,4244.5
34057,Mi1,4245.099999999999
19292,Li28,4245.7
15263,Li28,4245.8
17280,Li28,4246.700000000001
20264,Li28,4248.099999999999
53065,Mi1,4248.5
14209,Li28,4249.1
16545,Li28,4250.500000000001
36252,Mi1,4251.2
17596,Li28,4252.6
23047,Li28,4253.099999999999
16033,Li28,4254.3
34849,Mi1,4255.5
15909,Li28,4255.799999999999
16596,Li28,4257.6
35405,Mi1,4258.200000000001
15263,Li28,4260.2
15019,Li28,4260.2
11981,Li28,4260.2
34057,Mi1,4260.5
19292,Li28,4260.6
17280,Li28,4261.6
20264,Li28,4262.3
53065,Mi1,4263.6
14209,Li28,4263.799999999999
16545,Li28,4265.1
36252,Mi1,4265.3
23047,Li28,4266.900000000001
17596,Li28,4268.6
15909,Li28,4270.299999999999
16033,Li28,4270.700000000001
34849,Mi1,4271.6
35405,Mi1,4272.400000000001
16596,Li28,4272.8
11981,Li28,4273.8
34057,Mi1,4274.099999999999
15263,Li28,4275.1
19292,Li28,4275.2
17280,Li28,4275.5
15019,Li28,4275.700000000001
20264,Li28,4277.8
14209,Li28,4278.299999999999
53065,Mi1,4278.5
16545,Li28,4280.0
36252,Mi1,4280.8
23047,Li28,4281.2
17596,Li28,4282.8
15909,Li28,4284.7
16033,Li28,4285.7
34849,Mi1,4286.2
11981,Li28,4287.2
35405,Mi1,4287.8
34057,Mi1,4288.5
16596,Li28,4288.5
15019,Li28,4289.3
19292,Li28,4290.200000000001
15263,Li28,4290.4
17280,Li28,4290.500000000001
53065,Mi1,4292.2
14209,Li28,4292.4
20264,Li28,4293.200000000001
16545,Li28,4294.400000000001
23047,Li28,4295.6
36252,Mi1,4295.900000000001
17596,Li28,4298.5
15909,Li28,4299.599999999999
16596,Li28,4301.7
16033,Li28,4301.9
11981,Li28,4302.0
35405,Mi1,4302.299999999999
34849,Mi1,4302.400000000001
34057,Mi1,4302.9
15019,Li28,4303.3
17280,Li28,4305.000000000001
19292,Li28,4305.5
15263,Li28,4305.8
14209,Li28,4305.8
20264,Li28,4307.9
16545,Li28,4308.8
53065,Mi1,4309.099999999999
23047,Li28,4309.6
36252,Mi1,4310.400000000001
17596,Li28,4313.7
15909,Li28,4314.0
34849,Mi1,4315.9
16033,Li28,4316.0
16596,Li28,4316.3
11981,Li28,4316.3
35405,Mi1,4317.200000000001
17280,Li28,4317.9
34057,Mi1,4317.9
15019,Li28,4319.0
15263,Li28,4320.2
14209,Li28,4320.700000000001
19292,Li28,4320.9
16545,Li28,4322.8
53065,Mi1,4322.8
20264,Li28,4323.599999999999
23047,Li28,4324.3
36252,Mi1,4324.6
17596,Li28,4327.6
15909,Li28,4329.2
34849,Mi1,4330.8
11981,Li28,4331.1
16033,Li28,4331.3
35405,Mi1,4331.599999999999
16596,Li28,4331.9
17280,Li28,4332.3
34057,Mi1,4332.3
15263,Li28,4334.1
19292,Li28,4334.7
14209,Li28,4334.900000000001
15019,Li28,4335.200000000001
16545,Li28,4337.3
53065,Mi1,4337.5
23047,Li28,4338.3
20264,Li28,4338.4
36252,Mi1,4340.799999999999
17596,Li28,4342.8
15909,Li28,4344.400000000001
34849,Mi1,4345.3
35405,Mi1,4345.900000000001
11981,Li28,4346.099999999999
16033,Li28,4346.6
17280,Li28,4346.7
34057,Mi1,4346.7
16596,Li28,4347.9
15263,Li28,4349.0
14209,Li28,4349.7
15019,Li28,4350.3
19292,Li28,4350.5
53065,Mi1,4352.5
16545,Li28,4353.000000000001
20264,Li28,4353.8
23047,Li28,4354.200000000001
36252,Mi1,4355.0
34849,Mi1,4358.7
17596,Li28,4359.1
15909,Li28,4359.4
16033,Li28,4360.1
35405,Mi1,4360.700000000001
11981,Li28,4361.3
34057,Mi1,4361.5
17280,Li28,4361.6
15263,Li28,4363.8
16596,Li28,4364.4
14209,Li28,4364.7
19292,Li28,4365.8
15019,Li28,4365.9
16545,Li28,4367.500000000001
53065,Mi1,4368.1
23047,Li28,4369.1
36252,Mi1,4369.5
20264,Li28,4371.3
34849,Mi1,4372.1
15909,Li28,4373.6
16033,Li28,4374.000000000001
35405,Mi1,4374.8
17596,Li28,4374.8
34057,Mi1,4375.500000000001
11981,Li28,4376.599999999999
17280,Li28,4376.9
14209,Li28,4378.5
15263,Li28,4378.9
19292,Li28,4379.400000000001
16596,Li28,4380.6
53065,Mi1,4381.200000000001
15019,Li28,4381.3
16545,Li28,4382.8
36252,Mi1,4384.0
23047,Li28,4384.599999999999
20264,Li28,4385.7
34849,Mi1,4385.7
15909,Li28,4388.4
16033,Li28,4388.6
17596,Li28,4389.5
35405,Mi1,4389.8
34057,Mi1,4390.000000000001
11981,Li28,4390.8
17280,Li28,4390.8
15263,Li28,4392.8
14209,Li28,4393.7
16596,Li28,4394.3
15019,Li28,4395.700000000001
19292,Li28,4395.700000000001
53065,Mi1,4395.700000000001
16545,Li28,4397.400000000001
23047,Li28,4398.7
36252,Mi1,4399.099999999999
20264,Li28,4400.599999999999
34849,Mi1,4400.9
15909,Li28,4403.0
16033,Li28,4403.1
11981,Li28,4403.9
34057,Mi1,4404.2
17596,Li28,4404.6
35405,Mi1,4405.0
17280,Li28,4405.5
15263,Li28,4406.2
14209,Li28,4408.0
16596,Li28,4409.2
15019,Li28,4410.099999999999
19292,Li28,4410.099999999999
53065,Mi1,4410.200000000001
16545,Li28,4410.9
36252,Mi1,4413.5
23047,Li28,4414.1
34849,Mi1,4415.0
20264,Li28,4416.400000000001
15909,Li28,4417.1
16033,Li28,4417.2
34057,Mi1,4418.9
35405,Mi1,4419.0
17596,Li28,4419.5
11981,Li28,4419.599999999999
15263,Li28,4420.3
17280,Li28,4420.7
71052,T2a,4422.400000000001
14209,Li28,4422.6
19292,Li28,4423.0
16596,Li28,4424.5
15019,Li28,4424.8
53065,Mi1,4424.9
16545,Li28,4425.5
36252,Mi1,4426.5
23047,Li28,4428.4
34849,Mi1,4428.4
20264,Li28,4429.2
15909,Li28,4431.200000000001
16033,Li28,4431.900000000001
35405,Mi1,4432.3
11981,Li28,4432.9
15263,Li28,4434.7
17596,Li28,4434.9
34057,Mi1,4434.9
17280,Li28,4435.2
14209,Li28,4435.9
53065,Mi1,4438.5
16596,Li28,4438.6
19292,Li28,4438.6
16545,Li28,4439.900000000001
36252,Mi1,4440.3
15019,Li28,4440.3
34849,Mi1,4442.0
20264,Li28,4444.500000000001
23047,Li28,4444.7
16033,Li28,4445.599999999999
15909,Li28,4446.5
35405,Mi1,4447.5
11981,Li28,4448.3
15263,Li28,4449.3
34057,Mi1,4449.7
17596,Li28,4449.900000000001
14209,Li28,4450.0
17280,Li28,4451.700000000001
16596,Li28,4452.4
53065,Mi1,4453.3
19292,Li28,4453.8
15019,Li28,4454.5
36252,Mi1,4455.099999999999
16545,Li28,4455.4
34849,Mi1,4456.5
23047,Li28,4458.4
16033,Li28,4459.5
20264,Li28,4460.0
15909,Li28,4460.3
35405,Mi1,4462.5
11981,Li28,4462.7
14209,Li28,4464.1
15263,Li28,4464.5
17596,Li28,4464.700000000001
34057,Mi1,4464.8
16596,Li28,4466.6
53065,Mi1,4466.7
17280,Li28,4466.8
36252,Mi1,4468.7
16545,Li28,4469.3
15019,Li28,4469.5
19292,Li28,4470.1
34849,Mi1,4470.5
23047,Li28,4473.2
16033,Li28,4474.7
15909,Li28,4475.400000000001
20264,Li28,4475.400000000001
11981,Li28,4476.4
35405,Mi1,4477.400000000001
15263,Li28,4478.900000000001
34057,Mi1,4479.3
17596,Li28,4479.7
14209,Li28,4480.0
17280,Li28,4481.2
16596,Li28,4481.5
53065,Mi1,4482.4
16545,Li28,4483.5
15019,Li28,4483.7
36252,Mi1,4483.8
34849,Mi1,4484.3
19292,Li28,4485.599999999999
23047,Li28,4487.5
33462,Mi1,4488.2
16033,Li28,4488.3
20264,Li28,4488.5
11981,Li28,4489.3
15909,Li28,4490.3
71052,T2a,4490.4
35405,Mi1,4491.8
15263,Li28,4493.9
14209,Li28,4494.1
34057,Mi1,4494.3
17596,Li28,4494.6
16596,Li28,4495.099999999999
17280,Li28,4495.3
53065,Mi1,4496.700000000001
15019,Li28,4496.9
36252,Mi1,4497.3
35498,Mi1,4498.0
16545,Li28,4498.7
34849,Mi1,4499.000000000001
19292,Li28,4500.3
33907,Mi1,4501.9
16033,Li28,4502.3
23047,Li28,4502.400000000001
11981,Li28,4502.5
20264,Li28,4503.8
15909,Li28,4505.1
35405,Mi1,4507.000000000001
51122,Mi1,4507.8
34057,Mi1,4508.7
15263,Li28,4509.3
17596,Li28,4509.3
14209,Li28,4509.9
16596,Li28,4510.2
17280,Li28,4510.3
53065,Mi1,4511.0
15019,Li28,4511.4
36252,Mi1,4512.2
34849,Mi1,4512.400000000001
16545,Li28,4515.3
11981,Li28,4515.6
19292,Li28,4515.7
16033,Li28,4517.5
23047,Li28,4517.700000000001
20264,Li28,4518.3
33462,Mi1,4519.200000000001
15909,Li28,4519.8
35405,Mi1,4521.2
15263,Li28,4522.700000000001
34057,Mi1,4523.6
14209,Li28,4524.200000000001
35498,Mi1,4524.3
17596,Li28,4525.0
16596,Li28,4525.2
53065,Mi1,4525.3
17280,Li28,4525.9
15019,Li28,4526.8
36252,Mi1,4527.200000000001
34849,Mi1,4527.3
16545,Li28,4530.2
11981,Li28,4530.3
19292,Li28,4530.9
16033,Li28,4531.3
33907,Mi1,4531.400000000001
20264,Li28,4533.2
23047,Li28,4533.3
15909,Li28,4534.2
51122,Mi1,4534.5
35405,Mi1,4537.0
15263,Li28,4537.6
34057,Mi1,4537.900000000001
14209,Li28,4538.3
53065,Mi1,4539.8
17596,Li28,4540.3
36252,Mi1,4541.700000000001
34849,Mi1,4541.700000000001
16596,Li28,4541.9
17280,Li28,4542.0
15019,Li28,4543.200000000001
33462,Mi1,4544.0
11981,Li28,4544.2
19292,Li28,4544.2
35498,Mi1,4544.599999999999
16545,Li28,4544.9
16033,Li28,4545.900000000001
71052,T2a,4546.6
20264,Li28,4547.6
23047,Li28,4548.099999999999
15909,Li28,4549.5
35405,Mi1,4551.4
15263,Li28,4552.299999999999
34057,Mi1,4553.0
14209,Li28,4553.4
53065,Mi1,4554.5
17596,Li28,4555.3
33907,Mi1,4555.5
34849,Mi1,4555.5
17280,Li28,4555.900000000001
16596,Li28,4557.1
19292,Li28,4557.599999999999
51122,Mi1,4557.599999999999
15019,Li28,4558.1
36252,Mi1,4558.1
11981,Li28,4558.4
16545,Li28,4559.099999999999
16033,Li28,4559.6
20264,Li28,4562.1
23047,Li28,4563.400000000001
35498,Mi1,4564.0
33462,Mi1,4564.6
15909,Li28,4565.400000000001
35405,Mi1,4565.599999999999
34057,Mi1,4567.099999999999
15263,Li28,4567.3
14209,Li28,4568.1
53065,Mi1,4568.599999999999
34849,Mi1,4569.6
17596,Li28,4570.6
17280,Li28,4571.000000000001
16596,Li28,4571.2
19292,Li28,4572.0
33907,Mi1,4572.200000000001
36252,Mi1,4572.6
16033,Li28,4572.7
16545,Li28,4573.400000000001
11981,Li28,4573.700000000001
15019,Li28,4574.4
532850,Tm3,4576.2
51122,Mi1,4576.8
20264,Li28,4578.0
23047,Li28,4578.400000000001
15909,Li28,4579.6
35405,Mi1,4581.1
35498,Mi1,4581.2
14209,Li28,4581.400000000001
34057,Mi1,4582.3
15263,Li28,4582.4
33462,Mi1,4582.5
53065,Mi1,4582.900000000001
34849,Mi1,4583.7
17280,Li28,4584.8
16596,Li28,4585.200000000001
17596,Li28,4585.7
36252,Mi1,4587.1
16545,Li28,4587.8
16033,Li28,4587.8
19292,Li28,4587.900000000001
11981,Li28,4588.099999999999
15019,Li28,4588.3
92114,T4c,4588.900000000001
71052,T2a,4589.3
33907,Mi1,4590.1
20264,Li28,4592.8
23047,Li28,4592.900000000001
15909,Li28,4593.4
51122,Mi1,4593.8
35405,Mi1,4596.099999999999
34057,Mi1,4596.099999999999
15263,Li28,4597.0
35498,Mi1,4597.400000000001
53065,Mi1,4597.599999999999
33462,Mi1,4598.3
14209,Li28,4598.5
16596,Li28,4598.900000000001
34849,Mi1,4599.099999999999
99922,T4c,4599.6
17596,Li28,4600.0
17280,Li28,4600.3
36252,Mi1,4600.6
16545,Li28,4602.2
19292,Li28,4602.2
11981,Li28,4602.3
15019,Li28,4602.3
118924,Tm3,4604.0
16033,Li28,4604.099999999999
33907,Mi1,4605.8
23047,Li28,4607.8
15909,Li28,4607.9
20264,Li28,4608.2
34057,Mi1,4609.200000000001
35405,Mi1,4609.3
51122,Mi1,4609.7
14209,Li28,4611.900000000001
53065,Mi1,4612.0
15263,Li28,4612.6
35498,Mi1,4613.0
34849,Mi1,4613.2
17596,Li28,4613.3
16596,Li28,4613.9
33462,Mi1,4614.7
36252,Mi1,4615.4
17280,Li28,4615.8
15019,Li28,4616.900000000001
16545,Li28,4617.0
11981,Li28,4617.6
19292,Li28,4618.3
16033,Li28,4619.5
33907,Mi1,4621.3
15909,Li28,4621.9
23047,Li28,4622.3
20264,Li28,4623.099999999999
34057,Mi1,4624.5
35405,Mi1,4624.8
53065,Mi1,4626.599999999999
14209,Li28,4626.8
51122,Mi1,4626.8
15263,Li28,4627.1
17596,Li28,4628.099999999999
34849,Mi1,4628.200000000001
16596,Li28,4628.5
35498,Mi1,4628.7
33462,Mi1,4629.3
17280,Li28,4630.4
15019,Li28,4631.9
36252,Mi1,4632.000000000001
11981,Li28,4632.000000000001
16545,Li28,4632.1
19292,Li28,4633.1
16033,Li28,4634.700000000001
15909,Li28,4636.200000000001
23047,Li28,4636.4
33907,Mi1,4637.1
34057,Mi1,4638.3
20264,Li28,4638.5
35405,Mi1,4639.700000000001
53065,Mi1,4640.1
51122,Mi1,4641.0
17596,Li28,4641.6
14209,Li28,4641.7
34849,Mi1,4642.0
15263,Li28,4642.2
16596,Li28,4642.599999999999
33462,Mi1,4644.3
35498,Mi1,4644.9
71052,T2a,4645.5
17280,Li28,4645.700000000001
36252,Mi1,4646.1
11981,Li28,4647.1
16545,Li28,4647.200000000001
19292,Li28,4647.5
15019,Li28,4647.9
16033,Li28,4649.900000000001
15909,Li28,4651.1
33907,Mi1,4652.099999999999
23047,Li28,4652.200000000001
34057,Mi1,4652.200000000001
35405,Mi1,4653.8
20264,Li28,4654.6
53065,Mi1,4654.6
34849,Mi1,4654.8
15263,Li28,4655.5
17596,Li28,4655.8
14209,Li28,4655.9
16596,Li28,4656.5
51122,Mi1,4657.900000000001
33462,Mi1,4658.9
17280,Li28,4659.5
36252,Mi1,4660.099999999999
16545,Li28,4660.200000000001
35498,Mi1,4660.7
92114,T4c,4661.1
19292,Li28,4661.8
15019,Li28,4662.7
11981,Li28,4663.0
16033,Li28,4664.900000000001
33907,Mi1,4666.0
34057,Mi1,4666.5
15909,Li28,4666.700000000001
35405,Mi1,4667.7
23047,Li28,4667.8
14209,Li28,4669.5
53065,Mi1,4669.599999999999
20264,Li28,4669.9
17596,Li28,4670.4
34849,Mi1,4670.4
15263,Li28,4670.8
16596,Li28,4671.5
51122,Mi1,4672.3
33462,Mi1,4673.4
17280,Li28,4674.400000000001
16545,Li28,4674.9
36252,Mi1,4675.3
35498,Mi1,4676.0
15019,Li28,4676.7
19292,Li28,4676.9
79345,T2a,4677.5
11981,Li28,4678.2
15909,Li28,4679.8
16033,Li28,4680.6
33907,Mi1,4681.099999999999
34057,Mi1,4681.900000000001
23047,Li28,4682.700000000001
53065,Mi1,4683.5
35405,Mi1,4683.6
14209,Li28,4684.099999999999
20264,Li28,4684.6
34849,Mi1,4684.6
17596,Li28,4684.7
15263,Li28,4686.2
33462,Mi1,4687.1
16596,Li28,4687.5
51122,Mi1,4687.5
36252,Mi1,4688.6
17280,Li28,4689.500000000001
71052,T2a,4689.900000000001
532850,Tm3,4691.4
16545,Li28,4691.7
35498,Mi1,4691.8
19292,Li28,4691.900000000001
76325,T2a,4692.200000000001
15019,Li28,4692.3
118924,Tm3,4693.0
11981,Li28,4693.5
15909,Li28,4694.3
16033,Li28,4694.900000000001
33907,Mi1,4695.6
34057,Mi1,4696.400000000001
53065,Mi1,4697.099999999999
35405,Mi1,4697.5
34849,Mi1,4697.900000000001
14209,Li28,4698.0
23047,Li28,4698.5
20264,Li28,4699.4
17596,Li28,4699.7
99663,T4c,4701.2
15263,Li28,4701.5
16596,Li28,4701.900000000001
51122,Mi1,4702.0
73828,Tm3,4702.500000000001
33462,Mi1,4702.6
36252,Mi1,4703.3
17280,Li28,4704.400000000001
16545,Li28,4706.0
92114,T4c,4706.1
19292,Li28,4706.3
35498,Mi1,4706.400000000001
103479,T4c,4706.599999999999
15019,Li28,4707.1
15909,Li28,4708.3
11981,Li28,4709.1
16033,Li28,4709.1
33907,Mi1,4709.299999999999
34057,Mi1,4710.6
23047,Li28,4711.700000000001
34849,Mi1,4711.8
35405,Mi1,4712.3
53065,Mi1,4712.5
14209,Li28,4712.7
20264,Li28,4713.8
99922,T4c,4715.6
15263,Li28,4715.900000000001
17596,Li28,4716.099999999999
51122,Mi1,4716.5
16596,Li28,4716.6
36252,Mi1,4717.400000000001
33462,Mi1,4718.1
17280,Li28,4718.200000000001
16545,Li28,4719.599999999999
15019,Li28,4721.3
19292,Li28,4721.4
15909,Li28,4722.400000000001
35498,Mi1,4722.5
33907,Mi1,4723.1
11981,Li28,4723.5
16033,Li28,4723.900000000001
34849,Mi1,4725.3
34057,Mi1,4725.5
35405,Mi1,4725.8
53065,Mi1,4726.3
23047,Li28,4726.4
20264,Li28,4728.2
14209,Li28,4728.2
16596,Li28,4729.7
15263,Li28,4730.2
98099,T4b,4730.2
17596,Li28,4731.0
51122,Mi1,4732.0
36252,Mi1,4733.0
17280,Li28,4733.2
33462,Mi1,4733.900000000001
19292,Li28,4734.6
16545,Li28,4735.2
35498,Mi1,4736.400000000001
15019,Li28,4736.900000000001
15909,Li28,4737.200000000001
33907,Mi1,4737.200000000001
11981,Li28,4738.3
16033,Li28,4738.700000000001
34057,Mi1,4738.9
34849,Mi1,4740.4
23047,Li28,4740.7
35405,Mi1,4741.3
53065,Mi1,4741.7
20264,Li28,4742.900000000001
14209,Li28,4743.0
16596,Li28,4744.2
15263,Li28,4745.4
51122,Mi1,4747.2
71052,T2a,4747.5
17596,Li28,4747.900000000001
17280,Li28,4748.5
36252,Mi1,4748.6
16545,Li28,4749.2
33462,Mi1,4750.3
33907,Mi1,4750.8
35498,Mi1,4751.2
15019,Li28,4751.2
19292,Li28,4751.599999999999
15909,Li28,4752.3
34057,Mi1,4753.0
16033,Li28,4753.3
34849,Mi1,4753.4
11981,Li28,4753.7
23047,Li28,4755.4
53065,Mi1,4756.099999999999
35405,Mi1,4756.6
14209,Li28,4757.000000000001
20264,Li28,4757.7
532850,Tm3,4758.900000000001
16596,Li28,4759.0
83365,T2a,4759.9
15263,Li28,4760.7
51122,Mi1,4762.0
36252,Mi1,4762.700000000001
17596,Li28,4763.3
17280,Li28,4763.6
16545,Li28,4764.0
33462,Mi1,4764.3
35498,Mi1,4764.9
15019,Li28,4765.000000000001
15909,Li28,4765.400000000001
33907,Mi1,4765.7
19292,Li28,4766.7
34849,Mi1,4766.900000000001
16033,Li28,4767.0
11981,Li28,4767.1
34057,Mi1,4767.1
118924,Tm3,4767.400000000001
35405,Mi1,4769.4
23047,Li28,4771.0
53065,Mi1,4771.0
14209,Li28,4771.3
20264,Li28,4771.6
92114,T4c,4771.7
16596,Li28,4772.3
15263,Li28,4774.7
51122,Mi1,4777.6
15909,Li28,4778.2
17280,Li28,4778.5
33462,Mi1,4778.5
36252,Mi1,4778.599999999999
16545,Li28,4779.3
35498,Mi1,4779.5
17596,Li28,4779.7
15019,Li28,4780.5
34849,Mi1,4780.5
16033,Li28,4780.8
34057,Mi1,4781.400000000001
33907,Mi1,4781.6
19292,Li28,4782.099999999999
11981,Li28,4783.0
35405,Mi1,4784.7
23047,Li28,4785.0
53065,Mi1,4785.200000000001
14209,Li28,4786.400000000001
73828,Tm3,4786.599999999999
16596,Li28,4786.9
69597,Tm3,4786.9
71052,T2a,4787.0
20264,Li28,4787.7
99922,T4c,4788.700000000001
15263,Li28,4789.5
106952,T4b,4789.6
33462,Mi1,4790.0
15909,Li28,4791.8
17280,Li28,4792.400000000001
76325,T2a,4792.5
16545,Li28,4792.5
51122,Mi1,4793.0
35498,Mi1,4793.3
36252,Mi1,4793.3
34849,Mi1,4794.1
33907,Mi1,4795.6
16033,Li28,4795.7
17596,Li28,4795.8
34057,Mi1,4796.0
15019,Li28,4796.400000000001
108307,T4b,4796.6
19292,Li28,4796.9
11981,Li28,4797.400000000001
99663,T4c,4798.3
23047,Li28,4798.6
35405,Mi1,4798.6
53065,Mi1,4799.0
16596,Li28,4801.3
14209,Li28,4801.7
20264,Li28,4801.9
79345,T2a,4802.2
15263,Li28,4803.4
93566,T4a,4803.7
15909,Li28,4804.6
33462,Mi1,4805.3
16545,Li28,4806.200000000001
51122,Mi1,4806.900000000001
17280,Li28,4807.400000000001
34849,Mi1,4807.5
35498,Mi1,4808.1
36252,Mi1,4808.5
34057,Mi1,4810.0
33907,Mi1,4810.400000000001
19292,Li28,4810.8
35405,Mi1,4811.2
16033,Li28,4811.3
15019,Li28,4811.3
17596,Li28,4811.5
11981,Li28,4812.400000000001
23047,Li28,4813.1
53065,Mi1,4814.200000000001
14209,Li28,4817.0
16596,Li28,4818.0
20264,Li28,4818.0
15263,Li28,4818.400000000001
15909,Li28,4818.5
33462,Mi1,4818.9
16545,Li28,4820.6
17280,Li28,4821.1
34849,Mi1,4821.1
35498,Mi1,4821.8
51122,Mi1,4822.200000000001
36252,Mi1,4822.6
33907,Mi1,4824.4
34057,Mi1,4824.900000000001
19292,Li28,4825.6
16033,Li28,4825.9
92114,T4c,4826.2
35405,Mi1,4826.2
17596,Li28,4826.400000000001
15019,Li28,4826.8
118924,Tm3,4827.6
11981,Li28,4828.5
23047,Li28,4828.6
53065,Mi1,4828.6
99922,T4c,4832.1
15909,Li28,4832.7
20264,Li28,4832.8
16596,Li28,4832.900000000001
14209,Li28,4833.099999999999
15263,Li28,4833.3
33462,Mi1,4835.1
16545,Li28,4835.3
34849,Mi1,4835.6
35498,Mi1,4835.900000000001
36252,Mi1,4836.0
51122,Mi1,4836.5
17280,Li28,4837.000000000001
33907,Mi1,4837.900000000001
34057,Mi1,4837.900000000001
16033,Li28,4839.3
19292,Li28,4840.3
15019,Li28,4841.3
35405,Mi1,4841.7
17596,Li28,4842.2
23047,Li28,4842.6
53065,Mi1,4842.700000000001
11981,Li28,4844.2
14209,Li28,4845.7
15909,Li28,4846.5
20264,Li28,4847.400000000001
15263,Li28,4848.7
33462,Mi1,4849.3
16596,Li28,4850.2
34849,Mi1,4850.3
35498,Mi1,4850.7
16545,Li28,4850.900000000001
51122,Mi1,4851.0
36252,Mi1,4851.1
33907,Mi1,4852.2
17280,Li28,4852.700000000001
34057,Mi1,4853.1
19292,Li28,4854.4
16033,Li28,4854.5
15019,Li28,4855.5
35405,Mi1,4855.599999999999
23047,Li28,4857.4
53065,Mi1,4857.5
11981,Li28,4857.6
17596,Li28,4857.9
14209,Li28,4861.2
15263,Li28,4862.3
15909,Li28,4862.7
20264,Li28,4862.7
16545,Li28,4864.0
33462,Mi1,4864.0
34849,Mi1,4864.3
16596,Li28,4864.3
35498,Mi1,4864.799999999999
36252,Mi1,4865.4
51122,Mi1,4865.5
33907,Mi1,4866.900000000001
17280,Li28,4867.500000000001
34057,Mi1,4868.5
19292,Li28,4869.400000000001
16033,Li28,4869.6
71052,T2a,4869.900000000001
35405,Mi1,4870.200000000001
53065,Mi1,4870.3
15019,Li28,4870.3
17596,Li28,4871.599999999999
11981,Li28,4872.3
23047,Li28,4872.900000000001
532850,Tm3,4873.5
14209,Li28,4875.1
15909,Li28,4875.4
20264,Li28,4876.700000000001
15263,Li28,4877.1
35498,Mi1,4878.7
16545,Li28,4878.9
33462,Mi1,4879.1
34849,Mi1,4879.2
16596,Li28,4879.700000000001
36252,Mi1,4880.1
51122,Mi1,4881.099999999999
17280,Li28,4883.4
33907,Mi1,4883.6
34057,Mi1,4883.6
16033,Li28,4884.0
19292,Li28,4884.400000000001
35405,Mi1,4884.599999999999
118924,Tm3,4884.8
15019,Li28,4885.400000000001
17596,Li28,4885.7
53065,Mi1,4886.3
11981,Li28,4886.4
92114,T4c,4886.6
83365,T2a,4888.3
23047,Li28,4888.5
15909,Li28,4888.900000000001
14209,Li28,4889.4
73828,Tm3,4890.3
15263,Li28,4891.4
20264,Li28,4891.6
35498,Mi1,4892.1
33462,Mi1,4893.3
16545,Li28,4893.5
16596,Li28,4893.6
34849,Mi1,4893.6
36252,Mi1,4894.8
51122,Mi1,4895.8
16033,Li28,4896.799999999999
17280,Li28,4897.3
34057,Mi1,4898.6
33907,Mi1,4899.0
19292,Li28,4899.1
15019,Li28,4899.4
35405,Mi1,4900.1
53065,Mi1,4901.0
17596,Li28,4901.1
99922,T4c,4901.6
11981,Li28,4902.099999999999
15909,Li28,4902.099999999999
14209,Li28,4903.2
23047,Li28,4903.3
20264,Li28,4906.7
15263,Li28,4907.099999999999
35498,Mi1,4907.099999999999
103479,T4c,4907.3
16545,Li28,4907.3
33462,Mi1,4907.500000000001
16596,Li28,4907.900000000001
34849,Mi1,4908.1
36252,Mi1,4908.8
51122,Mi1,4911.1
16033,Li28,4912.4
33907,Mi1,4913.1
76325,T2a,4913.200000000001
99663,T4c,4913.200000000001
17280,Li28,4913.400000000001
34057,Mi1,4913.700000000001
19292,Li28,4913.8
15019,Li28,4914.6
17596,Li28,4914.6
15909,Li28,4915.6
35405,Mi1,4915.6
11981,Li28,4915.8
53065,Mi1,4915.900000000001
23047,Li28,4918.7
14209,Li28,4919.0
20264,Li28,4920.6
16545,Li28,4920.900000000001
34849,Mi1,4921.700000000001
33462,Mi1,4921.9
15263,Li28,4922.3
35498,Mi1,4922.6
16596,Li28,4923.200000000001
36252,Mi1,4925.3
51122,Mi1,4925.8
16033,Li28,4927.3
34057,Mi1,4927.9
33907,Mi1,4928.1
17280,Li28,4928.7
15019,Li28,4929.2
19292,Li28,4929.400000000001
17596,Li28,4929.700000000001
53065,Mi1,4929.8
11981,Li28,4929.9
15909,Li28,4930.900000000001
35405,Mi1,4931.3
23047,Li28,4933.400000000001
71052,T2a,4933.8
14209,Li28,4934.200000000001
20264,Li28,4935.8
16545,Li28,4935.9
34849,Mi1,4936.4
33462,Mi1,4936.900000000001
35498,Mi1,4937.3
15263,Li28,4938.000000000001
16596,Li28,4938.1
36252,Mi1,4939.099999999999
51122,Mi1,4939.7
33907,Mi1,4942.4
16033,Li28,4942.5
34057,Mi1,4942.7
53065,Mi1,4943.299999999999
17280,Li28,4943.599999999999
11981,Li28,4943.9
118924,Tm3,4943.9
15019,Li28,4944.2
19292,Li28,4944.2
17596,Li28,4944.6
15909,Li28,4945.2
35405,Mi1,4945.9
23047,Li28,4947.900000000001
14209,Li28,4948.1
34849,Mi1,4949.7
20264,Li28,4950.9
33462,Mi1,4951.400000000001
16545,Li28,4951.400000000001
35498,Mi1,4952.1
16596,Li28,4952.6
532850,Tm3,4953.5
36252,Mi1,4954.000000000001
15263,Li28,4954.1
51122,Mi1,4954.8
92114,T4c,4955.7
34057,Mi1,4957.2
16033,Li28,4957.3
33907,Mi1,4957.7
53065,Mi1,4957.900000000001
11981,Li28,4958.3
15019,Li28,4958.3
19292,Li28,4958.4
17280,Li28,4958.5
17596,Li28,4959.1
15909,Li28,4959.8
35405,Mi1,4960.0
73828,Tm3,4961.2
14209,Li28,4962.000000000001
23047,Li28,4962.6
99922,T4c,4963.200000000001
34849,Mi1,4963.8
20264,Li28,4965.0
33462,Mi1,4965.900000000001
16545,Li28,4966.3
35498,Mi1,4966.5
16596,Li28,4966.7
51122,Mi1,4968.3
15263,Li28,4968.6
36252,Mi1,4969.1
34057,Mi1,4970.5
16033,Li28,4971.5
15909,Li28,4971.7
33907,Mi1,4971.900000000001
19292,Li28,4972.3
11981,Li28,4973.1
42119,Mi1,4973.2
53065,Mi1,4973.2
17280,Li28,4973.6
15019,Li28,4974.099999999999
17596,Li28,4974.099999999999
35405,Mi1,4974.9
99663,T4c,4975.1
34356,Mi1,4976.1
14209,Li28,4976.200000000001
23047,Li28,4976.6
37000,Mi1,4977.0
34849,Mi1,4977.400000000001
103479,T4c,4977.5
20264,Li28,4979.8
33462,Mi1,4979.900000000001
16545,Li28,4980.5
71052,T2a,4980.599999999999
35498,Mi1,4981.0
16596,Li28,4981.2
83365,T2a,4983.1
36252,Mi1,4983.2
15263,Li28,4983.3
51122,Mi1,4983.8
34057,Mi1,4984.900000000001
56564,Mi1,4985.0
16033,Li28,4985.9
15909,Li28,4986.3
33907,Mi1,4986.6
11981,Li28,4986.7
19292,Li28,4987.7
53065,Mi1,4987.8
17280,Li28,4988.400000000001
17596,Li28,4988.8
35405,Mi1,4989.3
15019,Li28,4989.4
14209,Li28,4989.8
34849,Mi1,4990.8
23047,Li28,4992.0
20264,Li28,4993.9
35498,Mi1,4995.099999999999
16545,Li28,4995.3
92114,T4c,4995.3
33462,Mi1,4995.5
16596,Li28,4995.7
42119,Mi1,4997.1
15263,Li28,4998.200000000001
34057,Mi1,4998.5
36252,Mi1,4998.5
51122,Mi1,4999.3
11981,Li28,5000.3
15909,Li28,5000.500000000001
16033,Li28,5000.7
37000,Mi1,5001.0
34356,Mi1,5001.1
69597,Tm3,5001.1
33907,Mi1,5001.1
17280,Li28,5002.3
35405,Mi1,5002.6
19292,Li28,5003.099999999999
53065,Mi1,5003.099999999999
15019,Li28,5003.8
17596,Li28,5004.0
14209,Li28,5004.700000000001
34849,Mi1,5005.1
23047,Li28,5005.799999999999
90049,T4c,5007.6
35498,Mi1,5009.0
20264,Li28,5009.400000000001
56564,Mi1,5009.599999999999
33462,Mi1,5010.2
16545,Li28,5010.8
16596,Li28,5010.900000000001
34057,Mi1,5012.599999999999
15263,Li28,5013.0
36252,Mi1,5013.7
15909,Li28,5014.4
51122,Mi1,5014.6
11981,Li28,5015.5
33907,Mi1,5016.0
16033,Li28,5016.4
17280,Li28,5016.6
35405,Mi1,5017.599999999999
53065,Mi1,5017.700000000001
42119,Mi1,5018.5
17596,Li28,5018.8
15019,Li28,5019.099999999999
19292,Li28,5019.200000000001
14209,Li28,5019.4
23047,Li28,5020.9
34849,Mi1,5021.4
34356,Mi1,5022.099999999999
37000,Mi1,5022.3
35498,Mi1,5023.000000000001
20264,Li28,5024.6
16545,Li28,5025.1
33462,Mi1,5025.1
16596,Li28,5025.5
56564,Mi1,5026.6
34057,Mi1,5026.7
71052,T2a,5027.0
51122,Mi1,5028.0
15263,Li28,5028.2
11981,Li28,5029.0
15909,Li28,5029.1
36252,Mi1,5029.4
33907,Mi1,5031.000000000001
17280,Li28,5031.2
93566,T4a,5031.3
53065,Mi1,5032.0
17596,Li28,5032.200000000001
99922,T4c,5032.200000000001
35405,Mi1,5032.500000000001
15019,Li28,5032.6
16033,Li28,5032.8
19292,Li28,5034.0
14209,Li28,5034.6
118924,Tm3,5034.8
42119,Mi1,5035.3
34849,Mi1,5035.5
23047,Li28,5035.9
16596,Li28,5038.0
20264,Li28,5039.3
35498,Mi1,5039.6
37000,Mi1,5039.6
34057,Mi1,5039.7
16545,Li28,5040.3
33462,Mi1,5040.500000000001
34356,Mi1,5040.7
51122,Mi1,5041.700000000001
15909,Li28,5043.200000000001
15263,Li28,5043.3
11981,Li28,5043.8
99663,T4c,5043.8
56564,Mi1,5044.3
36252,Mi1,5044.5
17280,Li28,5045.5
33907,Mi1,5045.6
17596,Li28,5045.7
73828,Tm3,5045.900000000001
83365,T2a,5046.200000000001
35405,Mi1,5046.5
53065,Mi1,5046.5
15019,Li28,5047.7
16033,Li28,5048.7
19292,Li28,5048.8
14209,Li28,5049.2
34849,Mi1,5049.5
94305,T4a,5049.5
95458,T4d,5049.5
100867,T4b,5049.700000000001
23047,Li28,5050.5
42119,Mi1,5050.7
90465,T4a,5051.9
79345,T2a,5052.400000000001
34057,Mi1,5052.5
20264,Li28,5053.900000000001
16545,Li28,5054.0
92114,T4c,5054.1
16596,Li28,5054.3
37000,Mi1,5054.5
99423,T4d,5054.5
35498,Mi1,5055.7
33462,Mi1,5055.900000000001
34356,Mi1,5057.400000000001
51122,Mi1,5057.8
11981,Li28,5057.9
15909,Li28,5058.1
33907,Mi1,5059.200000000001
17280,Li28,5059.3
36252,Mi1,5059.5
35405,Mi1,5059.6
15263,Li28,5059.7
56564,Mi1,5060.1
17596,Li28,5061.0
53065,Mi1,5061.2
15019,Li28,5061.6
16033,Li28,5063.3
14209,Li28,5063.5
23047,Li28,5064.200000000001
19292,Li28,5064.7
34849,Mi1,5065.599999999999
90049,T4c,5066.2
42119,Mi1,5066.6
34057,Mi1,5066.8
20264,Li28,5067.5
16596,Li28,5068.599999999999
37000,Mi1,5069.1
35498,Mi1,5069.500000000001
16545,Li28,5070.2
33462,Mi1,5071.2
34356,Mi1,5071.3
11981,Li28,5071.8
71052,T2a,5072.0
15909,Li28,5072.4
15263,Li28,5073.1
51122,Mi1,5073.1
69597,Tm3,5073.599999999999
33907,Mi1,5073.8
53065,Mi1,5074.0
36252,Mi1,5074.2
35405,Mi1,5074.4
17280,Li28,5074.7
56564,Mi1,5074.7
17596,Li28,5075.0
16033,Li28,5076.9
15019,Li28,5077.3
14209,Li28,5078.6
103479,T4c,5078.700000000001
118924,Tm3,5079.7
23047,Li28,5079.7
19292,Li28,5079.7
34849,Mi1,5080.0
34057,Mi1,5081.5
42119,Mi1,5081.700000000001
20264,Li28,5083.4
532850,Tm3,5083.7
37000,Mi1,5084.5
35498,Mi1,5084.700000000001
15909,Li28,5085.200000000001
33462,Mi1,5085.200000000001
99922,T4c,5085.200000000001
16596,Li28,5085.3
16545,Li28,5085.3
11981,Li28,5086.2
15263,Li28,5087.000000000001
99663,T4c,5087.5
34356,Mi1,5087.6
53065,Mi1,5087.6
33907,Mi1,5088.200000000001
51122,Mi1,5088.200000000001
35405,Mi1,5088.4
93566,T4a,5089.0
36252,Mi1,5089.1
17280,Li28,5089.2
56564,Mi1,5089.700000000001
16033,Li28,5090.0
17596,Li28,5090.1
92114,T4c,5090.8
94305,T4a,5091.9
94624,T4a,5092.5
15019,Li28,5092.8
14209,Li28,5093.200000000001
83365,T2a,5093.6
19292,Li28,5093.8
34849,Mi1,5093.8
23047,Li28,5093.900000000001
65671,Mi1,5094.2
42119,Mi1,5096.8
34057,Mi1,5096.900000000001
20264,Li28,5097.1
33462,Mi1,5098.4
55976,Mi1,5099.5
35498,Mi1,5099.8
15909,Li28,5100.1
11981,Li28,5100.400000000001
37000,Mi1,5100.700000000001
16596,Li28,5100.700000000001
16545,Li28,5100.8
35017,Mi1,5100.900000000001
15263,Li28,5101.7
35836,Mi1,5101.8
53065,Mi1,5102.2
51122,Mi1,5102.599999999999
33907,Mi1,5102.8
34356,Mi1,5103.000000000001
56564,Mi1,5103.5
36252,Mi1,5103.5
16033,Li28,5103.6
17280,Li28,5103.7
35405,Mi1,5103.900000000001
34189,Mi1,5104.0
35840,Mi1,5104.5
50333,TmY3,5104.8
35770,Mi1,5105.1
17596,Li28,5106.2
66808,Tm3,5106.7
34479,Mi1,5106.900000000001
15019,Li28,5107.6
76325,T2a,5107.6
14209,Li28,5108.2
75848,T2a,5108.2
19292,Li28,5108.5
102791,T4c,5108.8
23047,Li28,5108.900000000001
34849,Mi1,5109.4
92431,T4a,5110.0
95458,T4d,5110.1
98381,T4d,5110.5
34057,Mi1,5111.000000000001
42119,Mi1,5111.000000000001
33462,Mi1,5111.3
20264,Li28,5111.6
11981,Li28,5113.700000000001
15909,Li28,5114.5
35498,Mi1,5114.900000000001
16596,Li28,5115.0
37000,Mi1,5115.0
16545,Li28,5115.3
53065,Mi1,5115.4
15263,Li28,5115.7
71052,T2a,5115.8
16033,Li28,5116.3
95883,T4a,5116.7
34356,Mi1,5117.0
69597,Tm3,5117.500000000001
33907,Mi1,5117.500000000001
35405,Mi1,5117.7
51122,Mi1,5117.7
36252,Mi1,5118.0
56564,Mi1,5118.0
65671,Mi1,5118.0
17280,Li28,5118.8
101772,Tm3,5118.8
97899,T4a,5119.1
79345,T2a,5120.8
17596,Li28,5120.8
90049,T4c,5121.3
15019,Li28,5121.5
55976,Mi1,5121.8
14209,Li28,5122.2
73828,Tm3,5122.4
23047,Li28,5122.5
34849,Mi1,5122.7
35836,Mi1,5122.7
19292,Li28,5123.4
35840,Mi1,5124.3
35017,Mi1,5124.5
42119,Mi1,5124.5
118924,Tm3,5124.6
34057,Mi1,5124.900000000001
34189,Mi1,5125.8
15909,Li28,5126.3
20264,Li28,5126.5
33462,Mi1,5126.599999999999
35770,Mi1,5127.400000000001
11981,Li28,5128.3
16545,Li28,5128.3
35498,Mi1,5128.5
37000,Mi1,5128.5
99423,T4d,5128.6
99922,T4c,5129.0
50333,TmY3,5129.400000000001
92114,T4c,5129.5
16033,Li28,5130.0
34479,Mi1,5130.0
16596,Li28,5130.1
53065,Mi1,5130.5
51122,Mi1,5130.7
15263,Li28,5130.799999999999
35405,Mi1,5131.0
98985,T4c,5131.0
66808,Tm3,5131.099999999999
99663,T4c,5131.099999999999
69380,Tm3,5131.3
56564,Mi1,5131.3
92047,T4c,5131.5
34356,Mi1,5131.6
91469,T4c,5131.7
33907,Mi1,5131.8
36252,Mi1,5132.1
107442,T4d,5133.3
17280,Li28,5133.900000000001
98099,T4b,5134.1
98788,T4d,5134.1
103479,T4c,5134.1
15019,Li28,5134.599999999999
90465,T4a,5134.700000000001
94305,T4a,5134.700000000001
94624,T4a,5134.9
100867,T4b,5135.2
92706,T4a,5135.7
17596,Li28,5135.900000000001
52328,TmY3,5136.0
66214,T2a,5136.8
96295,T4b,5136.8
23047,Li28,5136.900000000001
14209,Li28,5137.0
34849,Mi1,5137.400000000001
65671,Mi1,5137.400000000001
89434,T4c,5137.700000000001
15909,Li28,5137.9
19292,Li28,5137.9
34057,Mi1,5138.4
42119,Mi1,5139.9
16545,Li28,5140.400000000001
35836,Mi1,5140.400000000001
33462,Mi1,5140.7
55976,Mi1,5140.8
20264,Li28,5141.0
35840,Mi1,5141.6
35498,Mi1,5142.5
11981,Li28,5142.599999999999
35017,Mi1,5142.9
37000,Mi1,5143.000000000001
34189,Mi1,5143.3
16033,Li28,5143.900000000001
93566,T4a,5143.900000000001
35770,Mi1,5145.1
83365,T2a,5145.1
53065,Mi1,5145.2
56564,Mi1,5145.3
15263,Li28,5145.400000000001
35405,Mi1,5145.599999999999
36252,Mi1,5145.700000000001
33907,Mi1,5146.0
51122,Mi1,5146.2
34479,Mi1,5146.3
16596,Li28,5146.4
74023,T2a,5146.7
92431,T4a,5146.7
34356,Mi1,5147.6
110646,T4b,5149.0
15019,Li28,5149.0
17280,Li28,5149.200000000001
76524,Tm3,5149.3
95883,T4a,5149.4
101772,Tm3,5149.4
15909,Li28,5150.0
88625,T4c,5150.0
17596,Li28,5150.3
14209,Li28,5151.3
95458,T4d,5151.3
98381,T4d,5151.6
23047,Li28,5151.7
66325,Tm3,5151.8
34849,Mi1,5152.099999999999
19292,Li28,5152.200000000001
16545,Li28,5153.0
34057,Mi1,5153.1
65671,Mi1,5153.700000000001
42119,Mi1,5153.9
33462,Mi1,5154.4
97675,T4c,5154.6
20264,Li28,5156.000000000001
11981,Li28,5156.5
37000,Mi1,5156.8
35836,Mi1,5156.8
35498,Mi1,5157.0
55976,Mi1,5157.0
35840,Mi1,5157.3
16033,Li28,5157.500000000001
35017,Mi1,5159.1
53065,Mi1,5159.5
35405,Mi1,5159.8
34189,Mi1,5159.900000000001
56564,Mi1,5159.900000000001
51122,Mi1,5160.0
33907,Mi1,5160.0
36252,Mi1,5160.200000000001
15263,Li28,5160.4
16596,Li28,5160.5
35770,Mi1,5160.7
61401,T2a,5160.9
66808,Tm3,5161.2
34356,Mi1,5161.3
97899,T4a,5161.700000000001
34479,Mi1,5162.900000000001
102791,T4c,5163.1
92706,T4a,5163.200000000001
75848,T2a,5163.400000000001
15909,Li28,5163.400000000001
94305,T4a,5163.8
90049,T4c,5163.9
92996,T4a,5164.1
17596,Li28,5164.3
104257,T4b,5164.400000000001
105698,T4c,5164.400000000001
15019,Li28,5164.6
91806,T4a,5165.200000000001
118924,Tm3,5165.500000000001
100867,T4b,5165.8
99922,T4c,5165.900000000001
14209,Li28,5165.900000000001
23047,Li28,5165.900000000001
19292,Li28,5166.0
17280,Li28,5166.1
34849,Mi1,5166.2
79345,T2a,5166.2
16545,Li28,5166.9
34057,Mi1,5167.1
33462,Mi1,5167.2
10015,HSN,5168.099999999999
65671,Mi1,5168.4
89434,T4c,5168.6
42119,Mi1,5168.8
69597,Tm3,5170.0
11981,Li28,5170.1
37000,Mi1,5170.3
71052,T2a,5170.5
92114,T4c,5170.5
99663,T4c,5171.1
16033,Li28,5171.3
532850,Tm3,5171.6
35498,Mi1,5171.8
35840,Mi1,5171.9
20264,Li28,5171.9
35836,Mi1,5172.5
53065,Mi1,5172.7
55976,Mi1,5172.900000000001
35405,Mi1,5173.4
51122,Mi1,5173.900000000001
36252,Mi1,5174.0
35017,Mi1,5174.1
33907,Mi1,5174.2
50333,TmY3,5174.3
15263,Li28,5175.2
83365,T2a,5175.400000000001
56564,Mi1,5175.400000000001
16596,Li28,5175.400000000001
15909,Li28,5175.5
34356,Mi1,5175.5
92431,T4a,5175.5
98985,T4c,5175.8
34189,Mi1,5176.0
106952,T4b,5176.099999999999
109536,T4d,5176.099999999999
91469,T4c,5176.5
35770,Mi1,5176.8
101772,Tm3,5176.8
76325,T2a,5176.9
34479,Mi1,5177.2
73828,Tm3,5177.3
90465,T4a,5177.5
94624,T4a,5177.700000000001
45005,TmY3,5177.9
82145,T2a,5178.3
77383,T2a,5178.4
116716,T4b,5178.6
15019,Li28,5178.7
17596,Li28,5179.200000000001
51231,TmY3,5179.200000000001
92047,T4c,5179.3
34849,Mi1,5179.5
95458,T4d,5179.8
14209,Li28,5179.9
93566,T4a,5179.9
98788,T4d,5179.9
17280,Li28,5180.2
34057,Mi1,5180.2
103479,T4c,5180.2
98381,T4d,5180.6
33462,Mi1,5181.200000000001
66214,T2a,5181.3
19292,Li28,5181.500000000001
16545,Li28,5181.500000000001
23047,Li28,5181.6
109598,T4b,5181.7
69380,Tm3,5181.8
95883,T4a,5182.5
92939,T4b,5182.599999999999
98099,T4b,5182.9
65671,Mi1,5183.2
66808,Tm3,5183.2
107442,T4d,5183.8
42119,Mi1,5183.900000000001
37000,Mi1,5183.900000000001
11981,Li28,5184.5
16033,Li28,5185.0
98887,T4b,5185.5
15909,Li28,5185.700000000001
53065,Mi1,5186.0
20264,Li28,5186.900000000001
35498,Mi1,5186.900000000001
35836,Mi1,5187.0
55976,Mi1,5187.0
35405,Mi1,5187.2
35840,Mi1,5187.3
51122,Mi1,5187.5
108307,T4b,5187.8
36252,Mi1,5188.000000000001
34356,Mi1,5188.6
33907,Mi1,5188.7
15263,Li28,5189.200000000001
35017,Mi1,5189.8
16596,Li28,5190.0
74023,T2a,5190.2
91444,T4c,5190.3
109142,T4b,5190.400000000001
96295,T4b,5190.8
35770,Mi1,5190.9
56564,Mi1,5190.9
97899,T4a,5191.7
102791,T4c,5191.7
101873,T4b,5192.0
15019,Li28,5192.7
34479,Mi1,5192.7
34849,Mi1,5192.7
17596,Li28,5193.1
94305,T4a,5193.2
34189,Mi1,5193.299999999999
34057,Mi1,5193.400000000001
108349,T4d,5193.599999999999
17280,Li28,5194.8
14209,Li28,5195.1
16545,Li28,5195.2
33462,Mi1,5195.2
92114,T4c,5195.3
10025,H2,5195.6
110646,T4b,5195.6
79257,Tm3,5195.700000000001
23047,Li28,5195.9
19292,Li28,5196.7
65671,Mi1,5197.6
37000,Mi1,5198.0
99922,T4c,5198.2
42119,Mi1,5198.400000000001
15909,Li28,5198.5
11981,Li28,5198.8
99423,T4d,5199.0
20264,Li28,5199.900000000001
53065,Mi1,5200.0
99663,T4c,5200.0
16033,Li28,5200.3
35498,Mi1,5201.299999999999
36252,Mi1,5201.599999999999
35405,Mi1,5201.8
51122,Mi1,5201.9
55976,Mi1,5202.1
33907,Mi1,5202.3
35836,Mi1,5202.3
35840,Mi1,5202.6
34356,Mi1,5202.900000000001
15263,Li28,5203.5
90049,T4c,5204.1
71052,T2a,5204.2
16596,Li28,5204.6
56564,Mi1,5204.7
92706,T4a,5204.7
35770,Mi1,5205.0
35017,Mi1,5205.3
101772,Tm3,5205.500000000001
114391,T4d,5205.500000000001
91806,T4a,5205.7
100867,T4b,5205.8
34479,Mi1,5206.3
83365,T2a,5206.3
34849,Mi1,5206.400000000001
34189,Mi1,5206.9
34057,Mi1,5207.0
118924,Tm3,5207.3
15019,Li28,5207.4
94624,T4a,5207.4
17596,Li28,5207.5
92431,T4a,5207.900000000001
75848,T2a,5208.099999999999
33462,Mi1,5208.6
16545,Li28,5208.7
17280,Li28,5208.7
88625,T4c,5208.8
92047,T4c,5208.9
50333,TmY3,5209.5
97675,T4c,5209.5
66808,Tm3,5209.700000000001
95883,T4a,5210.0
91469,T4c,5210.1
14209,Li28,5210.500000000001
15909,Li28,5211.2
65671,Mi1,5211.3
23047,Li28,5211.400000000001
104257,T4b,5211.8
19292,Li28,5211.8
11981,Li28,5211.9
76524,Tm3,5211.9
37000,Mi1,5212.000000000001
42119,Mi1,5212.5
98985,T4c,5212.8
10015,HSN,5213.200000000001
53065,Mi1,5214.1
16033,Li28,5214.5
35498,Mi1,5214.8
20264,Li28,5214.8
36252,Mi1,5214.9
35405,Mi1,5215.6
33907,Mi1,5216.3
35836,Mi1,5216.6
55976,Mi1,5216.8
34356,Mi1,5217.0
51122,Mi1,5217.1
15263,Li28,5217.299999999999
35840,Mi1,5218.1
98381,T4d,5218.8
16596,Li28,5219.1
95458,T4d,5219.400000000001
61401,T2a,5219.8
54885,TmY3,5219.8
34849,Mi1,5219.9
56564,Mi1,5219.9
35770,Mi1,5220.1
79345,T2a,5220.1
94305,T4a,5220.400000000001
34479,Mi1,5220.5
105698,T4c,5220.6
35017,Mi1,5220.7
102791,T4c,5220.7
34189,Mi1,5220.8
34057,Mi1,5221.099999999999
15019,Li28,5221.4
17280,Li28,5221.6
74023,T2a,5221.6
17596,Li28,5222.1
33462,Mi1,5223.1
95822,T4b,5223.2
15909,Li28,5223.4
90465,T4a,5223.5
16545,Li28,5223.7
89434,T4c,5223.8
69597,Tm3,5223.900000000001
98788,T4d,5224.200000000001
69380,Tm3,5225.1
92114,T4c,5225.2
65671,Mi1,5225.299999999999
92706,T4a,5225.299999999999
14209,Li28,5225.6
23047,Li28,5225.6
37000,Mi1,5225.6
11981,Li28,5226.1
19292,Li28,5226.8
73828,Tm3,5227.2
99663,T4c,5227.400000000001
98099,T4b,5227.6
42119,Mi1,5227.6
35498,Mi1,5228.1
35405,Mi1,5228.5
36252,Mi1,5228.8
53065,Mi1,5228.8
16033,Li28,5229.5
20264,Li28,5230.1
35836,Mi1,5230.700000000001
33907,Mi1,5230.9
66808,Tm3,5231.0
34356,Mi1,5231.4
55976,Mi1,5231.8
51122,Mi1,5231.900000000001
35840,Mi1,5232.099999999999
92431,T4a,5233.3
34479,Mi1,5233.400000000001
16596,Li28,5234.0
35770,Mi1,5234.0
56564,Mi1,5234.0
15263,Li28,5234.1
34057,Mi1,5234.1
92047,T4c,5234.200000000001
107442,T4d,5234.3
99922,T4c,5234.4
34849,Mi1,5234.6
15909,Li28,5234.7
109598,T4b,5234.7
35017,Mi1,5234.900000000001
97899,T4a,5235.1
109142,T4b,5235.700000000001
16545,Li28,5236.000000000001
90049,T4c,5236.000000000001
96295,T4b,5236.000000000001
34189,Mi1,5236.2
95883,T4a,5236.2
15019,Li28,5236.2
17280,Li28,5236.6
66214,T2a,5236.7
83979,T4a,5236.7
71052,T2a,5236.900000000001
98887,T4b,5236.900000000001
51231,TmY3,5237.5
101772,Tm3,5238.2
532850,Tm3,5238.3
65671,Mi1,5238.5
17596,Li28,5238.599999999999
106952,T4b,5238.9
33462,Mi1,5238.9
103479,T4c,5239.2
91806,T4a,5239.7
93566,T4a,5239.7
37000,Mi1,5239.8
100680,T4d,5240.200000000001
50333,TmY3,5240.6
23047,Li28,5240.8
11981,Li28,5241.700000000001
19292,Li28,5241.8
35498,Mi1,5241.8
14209,Li28,5241.8
35405,Mi1,5242.200000000001
16033,Li28,5242.500000000001
53065,Mi1,5243.1
36252,Mi1,5243.2
42119,Mi1,5243.599999999999
83365,T2a,5244.1
10015,HSN,5244.2
20264,Li28,5244.2
33907,Mi1,5244.7
77383,T2a,5245.0
34356,Mi1,5245.099999999999
35836,Mi1,5245.6
35840,Mi1,5245.7
52328,TmY3,5246.0
55976,Mi1,5246.0
15909,Li28,5246.3
51122,Mi1,5246.3
34057,Mi1,5246.8
94624,T4a,5247.1
35770,Mi1,5247.5
34849,Mi1,5247.6
34479,Mi1,5247.8
15263,Li28,5248.200000000001
56564,Mi1,5248.7
116716,T4b,5249.1
102791,T4c,5249.400000000001
16545,Li28,5249.7
16596,Li28,5249.7
35017,Mi1,5249.7
118924,Tm3,5249.900000000001
75848,T2a,5250.1
76325,T2a,5250.200000000001
66808,Tm3,5250.6
92706,T4a,5250.6
15019,Li28,5250.900000000001
99423,T4d,5251.1
34189,Mi1,5251.2
17280,Li28,5251.599999999999
17596,Li28,5251.599999999999
33462,Mi1,5251.8
92114,T4c,5252.1
97675,T4c,5252.1
69597,Tm3,5252.2
65671,Mi1,5252.3
94305,T4a,5252.5
100867,T4b,5252.6
45005,TmY3,5252.900000000001
82145,T2a,5253.200000000001
37000,Mi1,5254.1
95458,T4d,5255.0
95883,T4a,5255.1
23047,Li28,5255.6
11981,Li28,5255.7
35405,Mi1,5256.3
35498,Mi1,5256.3
98381,T4d,5256.5
98985,T4c,5256.5
14209,Li28,5256.6
99663,T4c,5256.7
19292,Li28,5256.8
15909,Li28,5257.3
36252,Mi1,5257.3
53065,Mi1,5257.400000000001
16033,Li28,5257.5
42119,Mi1,5257.6
34356,Mi1,5258.500000000001
20264,Li28,5259.2
35836,Mi1,5259.400000000001
33907,Mi1,5259.5
91469,T4c,5259.9
35840,Mi1,5260.000000000001
92431,T4a,5260.2
55976,Mi1,5260.3
34057,Mi1,5260.7
51122,Mi1,5260.7
34849,Mi1,5261.200000000001
92996,T4a,5261.4
15263,Li28,5262.1
35770,Mi1,5262.2
50333,TmY3,5262.3
74023,T2a,5262.3
92047,T4c,5262.700000000001
69380,Tm3,5263.3
35017,Mi1,5263.3
34479,Mi1,5263.4
56564,Mi1,5263.5
91444,T4c,5263.5
103639,T4d,5263.6
16545,Li28,5263.799999999999
16596,Li28,5264.8
34189,Mi1,5265.1
71052,T2a,5265.2
101772,Tm3,5265.2
15019,Li28,5265.3
17280,Li28,5265.6
73828,Tm3,5265.7
17596,Li28,5266.0
65671,Mi1,5266.500000000001
98099,T4b,5266.500000000001
98788,T4d,5266.7
33462,Mi1,5266.900000000001
78805,T2a,5266.900000000001
99922,T4c,5267.2
74228,Tm3,5268.5
37000,Mi1,5268.6
15909,Li28,5268.900000000001
11981,Li28,5269.7
14209,Li28,5270.1
35498,Mi1,5270.1
104257,T4b,5270.3
35405,Mi1,5270.5
23047,Li28,5270.599999999999
53065,Mi1,5271.0
16033,Li28,5271.1
36252,Mi1,5271.799999999999
34356,Mi1,5272.099999999999
89434,T4c,5272.200000000001
42119,Mi1,5272.8
34057,Mi1,5272.8
19292,Li28,5273.1
33907,Mi1,5274.1
102016,T4a,5274.1
20264,Li28,5274.200000000001
35840,Mi1,5274.4
55976,Mi1,5274.4
66808,Tm3,5274.500000000001
90049,T4c,5274.8
34849,Mi1,5275.3
97899,T4a,5276.000000000001
83365,T2a,5276.000000000001
35836,Mi1,5276.000000000001
51122,Mi1,5276.1
61401,T2a,5276.400000000001
35017,Mi1,5276.5
35770,Mi1,5276.6
88625,T4c,5276.8
90465,T4a,5276.8
51231,TmY3,5276.900000000001
56564,Mi1,5276.900000000001
15263,Li28,5277.099999999999
103479,T4c,5277.4
96295,T4b,5277.4
73096,T2a,5277.8
47368,TmY3,5277.9
34479,Mi1,5278.0
16545,Li28,5278.3
79345,T2a,5278.3
107442,T4d,5278.700000000001
16596,Li28,5278.8
95883,T4a,5278.9
65671,Mi1,5279.0
97231,T4a,5279.4
34189,Mi1,5279.5
110646,T4b,5279.6
15019,Li28,5279.900000000001
33462,Mi1,5280.400000000001
15909,Li28,5280.6
17280,Li28,5280.9
69597,Tm3,5281.000000000001
66214,T2a,5281.1
94305,T4a,5281.1
17596,Li28,5281.2
92706,T4a,5281.3
93566,T4a,5281.8
109142,T4b,5282.0
92114,T4c,5282.4
92939,T4b,5283.400000000001
35498,Mi1,5283.599999999999
37000,Mi1,5283.8
10015,HSN,5283.9
35405,Mi1,5284.1
11981,Li28,5284.3
14209,Li28,5284.400000000001
23047,Li28,5284.6
42119,Mi1,5284.6
16033,Li28,5285.099999999999
34057,Mi1,5285.4
34356,Mi1,5285.8
36252,Mi1,5286.2
99663,T4c,5286.9
33907,Mi1,5287.0
94624,T4a,5287.0
19292,Li28,5287.7
77383,T2a,5287.7
109598,T4b,5287.799999999999
101772,Tm3,5288.1
53065,Mi1,5288.400000000001
92431,T4a,5288.9
55976,Mi1,5289.3
20264,Li28,5289.400000000001
34849,Mi1,5289.400000000001
69380,Tm3,5289.5
92047,T4c,5289.5
35840,Mi1,5289.7
51122,Mi1,5289.8
102791,T4c,5289.900000000001
35017,Mi1,5290.4
35770,Mi1,5291.1
91469,T4c,5291.1
35836,Mi1,5291.2
95458,T4d,5291.5
50333,TmY3,5291.8
56564,Mi1,5291.9
100867,T4b,5292.0
34479,Mi1,5292.1
15263,Li28,5292.400000000001
16545,Li28,5292.5
532850,Tm3,5292.5
98381,T4d,5292.6
109536,T4d,5292.7
15909,Li28,5293.200000000001
16596,Li28,5293.4
74023,T2a,5293.8
106952,T4b,5293.8
98887,T4b,5294.0
65671,Mi1,5294.1
83979,T4a,5294.1
34189,Mi1,5294.400000000001
17596,Li28,5295.2
33462,Mi1,5295.2
99423,T4d,5295.4
17280,Li28,5295.7
97675,T4c,5295.900000000001
15019,Li28,5295.900000000001
98099,T4b,5296.1
76524,Tm3,5296.3
35498,Mi1,5297.400000000001
91806,T4a,5297.400000000001
35405,Mi1,5297.5
95883,T4a,5297.6
98985,T4c,5297.8
14209,Li28,5298.1
95822,T4b,5298.200000000001
37000,Mi1,5298.3
42119,Mi1,5298.8
108307,T4b,5299.1
34057,Mi1,5299.2
16033,Li28,5299.400000000001
11981,Li28,5299.8
34356,Mi1,5299.8
23047,Li28,5300.0
10016,HSE,5300.2
36252,Mi1,5300.2
33907,Mi1,5300.6
75848,T2a,5301.7
19292,Li28,5301.8
66808,Tm3,5302.0
10025,H2,5302.2
55976,Mi1,5302.599999999999
53065,Mi1,5302.9
90049,T4c,5303.3
20264,Li28,5304.0
51122,Mi1,5304.3
114391,T4d,5304.3
35840,Mi1,5304.400000000001
15909,Li28,5304.6
35017,Mi1,5304.6
34849,Mi1,5305.000000000001
34479,Mi1,5305.3
35770,Mi1,5305.5
16545,Li28,5305.8
56564,Mi1,5306.0
35836,Mi1,5306.4
97899,T4a,5306.8
15263,Li28,5307.2
16596,Li28,5307.700000000001
92706,T4a,5308.0
65671,Mi1,5308.1
66325,Tm3,5308.1
71052,T2a,5308.2
94305,T4a,5308.400000000001
99922,T4c,5308.6
118924,Tm3,5309.099999999999
98788,T4d,5309.3
92114,T4c,5309.6
17596,Li28,5309.8
89434,T4c,5310.1
34189,Mi1,5310.400000000001
33462,Mi1,5310.5
35498,Mi1,5310.599999999999
17280,Li28,5310.8
15019,Li28,5311.0
35405,Mi1,5311.3
34057,Mi1,5311.7
10015,HSN,5312.5
14209,Li28,5312.700000000001
37000,Mi1,5312.9
16033,Li28,5313.5
11981,Li28,5313.7
36252,Mi1,5313.8
34356,Mi1,5314.0
42119,Mi1,5314.0
76325,T2a,5314.200000000001
23047,Li28,5314.3
33907,Mi1,5314.7
79257,Tm3,5315.1
36540,Mi1,5315.400000000001
15909,Li28,5315.9
83365,T2a,5316.0
19292,Li28,5316.3
54087,Mi1,5316.3
53065,Mi1,5317.3
55976,Mi1,5317.3
66214,T2a,5317.3
51122,Mi1,5317.8
92996,T4a,5318.1
35840,Mi1,5318.2
59397,Mi1,5318.400000000001
20264,Li28,5318.599999999999
33655,Mi1,5318.700000000001
34849,Mi1,5318.700000000001
110646,T4b,5318.9
35017,Mi1,5319.2
52328,TmY3,5319.4
98381,T4d,5319.4
102791,T4c,5319.6
35836,Mi1,5319.900000000001
16545,Li28,5319.900000000001
35770,Mi1,5320.700000000001
34479,Mi1,5320.8
56564,Mi1,5320.8
74023,T2a,5321.400000000001
101772,Tm3,5321.7
15263,Li28,5322.3
95458,T4d,5322.3
73828,Tm3,5322.500000000001
65671,Mi1,5322.900000000001
16596,Li28,5322.900000000001
88625,T4c,5323.5
17596,Li28,5324.1
34189,Mi1,5324.1
90465,T4a,5324.6
33462,Mi1,5324.8
35498,Mi1,5324.8
35405,Mi1,5325.099999999999
87424,T4d,5325.099999999999
34057,Mi1,5325.3
15019,Li28,5325.4
17280,Li28,5325.6
14209,Li28,5326.0
105698,T4c,5326.299999999999
11981,Li28,5326.8
104257,T4b,5327.0
37000,Mi1,5327.1
95883,T4a,5327.4
34356,Mi1,5327.7
16033,Li28,5327.8
99663,T4c,5327.8
33907,Mi1,5328.3
100867,T4b,5328.3
91806,T4a,5328.700000000001
50333,TmY3,5328.8
36252,Mi1,5329.000000000001
15909,Li28,5329.2
42119,Mi1,5329.2
45005,TmY3,5329.7
19292,Li28,5329.8
23047,Li28,5330.0
66808,Tm3,5330.3
94624,T4a,5330.3
69597,Tm3,5330.4
92047,T4c,5330.500000000001
69380,Tm3,5331.2
93566,T4a,5331.599999999999
55976,Mi1,5331.700000000001
51122,Mi1,5331.9
92431,T4a,5332.0
53065,Mi1,5332.3
35017,Mi1,5332.6
16545,Li28,5332.8
34849,Mi1,5332.8
20264,Li28,5333.3
35840,Mi1,5333.9
35770,Mi1,5334.1
35836,Mi1,5334.1
107442,T4d,5334.1
79345,T2a,5334.299999999999
91469,T4c,5334.9
96295,T4b,5335.0
103479,T4c,5335.3
36540,Mi1,5335.500000000001
56564,Mi1,5335.900000000001
34479,Mi1,5336.0
97249,T4d,5336.3
51231,TmY3,5336.6
65671,Mi1,5336.6
15263,Li28,5336.9
109142,T4b,5337.2
47368,TmY3,5337.7
54087,Mi1,5338.0
59397,Mi1,5338.099999999999
34057,Mi1,5338.7
92706,T4a,5338.7
10015,HSN,5338.8
34189,Mi1,5338.8
17596,Li28,5338.900000000001
35405,Mi1,5339.0
33462,Mi1,5339.1
16596,Li28,5339.5
35498,Mi1,5339.5
15909,Li28,5339.700000000001
33655,Mi1,5339.9
11981,Li28,5340.3
37000,Mi1,5340.3
15019,Li28,5340.7
98985,T4c,5340.7
34356,Mi1,5340.8
17280,Li28,5341.0
99922,T4c,5341.3
14209,Li28,5341.5
33907,Mi1,5341.7
108349,T4d,5341.8
71052,T2a,5341.8
77383,T2a,5341.8
98887,T4b,5341.9
16033,Li28,5342.1
91444,T4c,5342.400000000001
109598,T4b,5342.400000000001
92114,T4c,5342.599999999999
85126,T4a,5342.8
36252,Mi1,5343.0
97872,T4d,5343.1
42119,Mi1,5343.3
98099,T4b,5343.6
90049,T4c,5343.6
94305,T4a,5343.8
75848,T2a,5344.2
19292,Li28,5344.5
23047,Li28,5344.6
92939,T4b,5345.2
97675,T4c,5345.3
98381,T4d,5345.3
61401,T2a,5345.5
83365,T2a,5345.8
34849,Mi1,5346.200000000001
99663,T4c,5346.4
76524,Tm3,5346.4
35017,Mi1,5346.6
51122,Mi1,5346.7
55976,Mi1,5346.8
16545,Li28,5347.0
35840,Mi1,5347.1
53065,Mi1,5347.5
20264,Li28,5347.700000000001
35836,Mi1,5347.8
106952,T4b,5348.7
35770,Mi1,5348.8
101772,Tm3,5349.099999999999
97899,T4a,5349.3
56564,Mi1,5350.400000000001
66808,Tm3,5350.6
97231,T4a,5350.6
92842,T4a,5350.700000000001
98788,T4d,5350.900000000001
65671,Mi1,5351.4
74023,T2a,5351.500000000001
34479,Mi1,5351.6
118924,Tm3,5351.6
36540,Mi1,5351.7
35405,Mi1,5351.8
34189,Mi1,5351.8
83979,T4a,5352.0
34057,Mi1,5352.2
15909,Li28,5352.700000000001
15263,Li28,5352.8
37000,Mi1,5353.2
35498,Mi1,5353.3
33462,Mi1,5353.400000000001
17596,Li28,5353.5
11981,Li28,5354.0
54087,Mi1,5354.0
16596,Li28,5354.3
95883,T4a,5354.5
33907,Mi1,5354.8
95458,T4d,5355.1
34356,Mi1,5355.2
15019,Li28,5355.599999999999
16033,Li28,5355.700000000001
17280,Li28,5356.0
92047,T4c,5356.1
14209,Li28,5356.2
101873,T4b,5356.6
42119,Mi1,5356.7
36252,Mi1,5356.7
59397,Mi1,5356.900000000001
89434,T4c,5356.900000000001
102016,T4a,5357.0
102791,T4c,5357.200000000001
95822,T4b,5357.3
106793,T4d,5357.4
33655,Mi1,5357.7
54885,TmY3,5358.1
108307,T4b,5358.5
110646,T4b,5358.5
37948,Mi1,5358.6
23047,Li28,5358.8
35017,Mi1,5359.200000000001
10112,VS,5359.500000000001
19292,Li28,5359.8
10037,VS,5360.0
51122,Mi1,5360.2
55976,Mi1,5360.2
88625,T4c,5360.3
92431,T4a,5360.6
100867,T4b,5360.700000000001
93750,T4c,5360.9
105698,T4c,5361.000000000001
53065,Mi1,5361.2
35836,Mi1,5361.3
35840,Mi1,5361.900000000001
34849,Mi1,5362.0
91469,T4c,5362.0
104257,T4b,5362.5
16545,Li28,5362.6
35770,Mi1,5363.1
20264,Li28,5363.2
34369,Mi1,5363.599999999999
10025,H2,5364.0
105718,T4b,5364.5
56564,Mi1,5364.900000000001
34479,Mi1,5366.0
34057,Mi1,5366.2
38767,Mi1,5366.3
92114,T4c,5366.3
15909,Li28,5366.400000000001
65671,Mi1,5366.400000000001
73828,Tm3,5366.5
15263,Li28,5366.6
116129,T4b,5366.700000000001
35405,Mi1,5366.8
36540,Mi1,5366.900000000001
37000,Mi1,5367.3
34189,Mi1,5367.4
11981,Li28,5368.0
33462,Mi1,5368.0
17596,Li28,5368.1
63420,Mi1,5368.1
16596,Li28,5368.599999999999
35498,Mi1,5368.599999999999
99922,T4c,5368.9
16033,Li28,5368.9
33907,Mi1,5369.000000000001
50333,TmY3,5369.3
54087,Mi1,5369.5
34356,Mi1,5369.900000000001
114391,T4d,5369.900000000001
15019,Li28,5370.200000000001
14209,Li28,5370.3
36252,Mi1,5370.3
532850,Tm3,5370.4
69380,Tm3,5370.900000000001
95364,T4d,5371.2
17280,Li28,5371.2
91283,T4c,5371.400000000001
42119,Mi1,5372.0
35017,Mi1,5372.4
92706,T4a,5372.4
94305,T4a,5372.4
59397,Mi1,5372.7
98381,T4d,5372.7
77383,T2a,5372.8
94624,T4a,5372.8
33655,Mi1,5373.3
55976,Mi1,5373.4
23047,Li28,5373.4
83365,T2a,5373.5
66808,Tm3,5373.7
85126,T4a,5373.9
69597,Tm3,5374.0
51122,Mi1,5374.1
19292,Li28,5374.400000000001
101772,Tm3,5375.200000000001
16545,Li28,5375.3
35836,Mi1,5375.8
45005,TmY3,5375.900000000001
112744,T4d,5376.400000000001
53065,Mi1,5376.400000000001
34849,Mi1,5376.400000000001
99663,T4c,5376.599999999999
35770,Mi1,5376.8
97028,T4c,5377.400000000001
56564,Mi1,5377.5
15909,Li28,5377.900000000001
20264,Li28,5378.0
35840,Mi1,5378.3
91806,T4a,5378.5
98099,T4b,5378.7
47368,TmY3,5378.8
34057,Mi1,5378.900000000001
83979,T4a,5379.0
97675,T4c,5379.3
109142,T4b,5379.5
51231,TmY3,5379.700000000001
34479,Mi1,5380.0
15263,Li28,5380.1
65671,Mi1,5380.2
71052,T2a,5380.5
98985,T4c,5380.5
37948,Mi1,5380.7
103479,T4c,5380.900000000001
95883,T4a,5380.900000000001
37000,Mi1,5380.900000000001
35405,Mi1,5380.900000000001
87424,T4d,5381.099999999999
77480,Tm3,5381.200000000001
10015,HSN,5381.3
33462,Mi1,5381.4
93566,T4a,5381.4
99423,T4d,5381.5
34189,Mi1,5381.6
36540,Mi1,5381.8
16596,Li28,5381.9
16033,Li28,5382.0
90465,T4a,5382.1
106952,T4b,5382.1
98887,T4b,5382.400000000001
35498,Mi1,5382.6
11981,Li28,5382.7
98788,T4d,5382.7
17596,Li28,5383.3
90049,T4c,5383.4
52328,TmY3,5383.500000000001
74023,T2a,5383.500000000001
34356,Mi1,5383.900000000001
33907,Mi1,5383.900000000001
14209,Li28,5384.0
10016,HSE,5384.1
92939,T4b,5384.2
36252,Mi1,5384.3
15019,Li28,5384.400000000001
107442,T4d,5384.599999999999
34369,Mi1,5384.8
75848,T2a,5385.000000000001
54087,Mi1,5385.2
100680,T4d,5386.0
17280,Li28,5386.099999999999
92047,T4c,5386.3
35017,Mi1,5386.3
59397,Mi1,5386.4
96295,T4b,5386.4
97899,T4a,5386.4
92431,T4a,5386.6
78561,Tm3,5387.0
33655,Mi1,5387.3
92996,T4a,5387.5
16545,Li28,5387.599999999999
91444,T4c,5387.599999999999
51122,Mi1,5387.8
23047,Li28,5387.8
38767,Mi1,5387.9
55976,Mi1,5388.0
42119,Mi1,5388.3
10037,VS,5388.6
15909,Li28,5389.0
19292,Li28,5389.200000000001
10112,VS,5389.3
35836,Mi1,5389.4
63420,Mi1,5389.8
102791,T4c,5390.8
104858,T4b,5391.0
34849,Mi1,5391.1
53065,Mi1,5391.200000000001
66214,T2a,5391.200000000001
35770,Mi1,5391.500000000001
75521,T2a,5391.500000000001
34057,Mi1,5391.900000000001
91469,T4c,5391.900000000001
20264,Li28,5392.400000000001
56564,Mi1,5392.400000000001
35840,Mi1,5392.9
15263,Li28,5393.400000000001
34479,Mi1,5393.5
93750,T4c,5393.7
65671,Mi1,5394.0
33462,Mi1,5395.0
35405,Mi1,5395.0
92114,T4c,5395.0
89434,T4c,5395.599999999999
34189,Mi1,5395.8
36540,Mi1,5395.8
37000,Mi1,5396.0
16033,Li28,5396.2
95883,T4a,5397.200000000001
50333,TmY3,5397.4
15019,Li28,5397.5
16596,Li28,5397.700000000001
35498,Mi1,5397.700000000001
17596,Li28,5398.000000000001
66808,Tm3,5398.1
11981,Li28,5398.3
37948,Mi1,5398.3
33907,Mi1,5398.5
14209,Li28,5398.6
34356,Mi1,5398.6
108307,T4b,5398.7
76325,T2a,5398.8
36252,Mi1,5399.0
86686,T4c,5399.3
34862,Mi1,5399.6
17280,Li28,5400.400000000001
35017,Mi1,5400.9
54087,Mi1,5401.000000000001
94305,T4a,5401.2
34045,Mi1,5401.400000000001
59397,Mi1,5401.6
100867,T4b,5401.6
88625,T4c,5401.7
33655,Mi1,5401.8
55976,Mi1,5401.8
34369,Mi1,5401.900000000001
109598,T4b,5401.900000000001
61401,T2a,5402.0
15909,Li28,5402.099999999999
110646,T4b,5402.3
16545,Li28,5402.5
51122,Mi1,5402.6
92706,T4a,5402.900000000001
23047,Li28,5403.0
33446,Mi1,5403.1
19292,Li28,5403.2
79345,T2a,5403.3
79257,Tm3,5403.400000000001
101772,Tm3,5403.700000000001
41809,Mi1,5404.0
42119,Mi1,5404.2
39158,Mi1,5404.3
35836,Mi1,5404.4
32893,Mi1,5405.5
63420,Mi1,5405.5
38767,Mi1,5405.6
83979,T4a,5406.000000000001
35770,Mi1,5406.000000000001
34849,Mi1,5406.1
53065,Mi1,5406.1
56564,Mi1,5406.1
38479,Mi1,5406.2
34057,Mi1,5406.3
35840,Mi1,5406.3
98381,T4d,5406.400000000001
104257,T4b,5406.400000000001
34479,Mi1,5406.8
20264,Li28,5407.500000000001
65671,Mi1,5408.3
15263,Li28,5408.400000000001
80302,T2a,5408.5
33462,Mi1,5408.599999999999
95458,T4d,5408.599999999999
97231,T4a,5408.8
102462,T4c,5409.1
47368,TmY3,5409.2
105718,T4b,5409.400000000001
71161,T2a,5409.5
91806,T4a,5409.6
37000,Mi1,5409.8
35405,Mi1,5409.900000000001
69380,Tm3,5410.0
89290,T4d,5410.099999999999
95822,T4b,5410.200000000001
16033,Li28,5410.3
36540,Mi1,5410.3
35498,Mi1,5410.7
99663,T4c,5411.0
16596,Li28,5411.1
37019,Mi1,5411.700000000001
97675,T4c,5411.700000000001
34189,Mi1,5411.8
11981,Li28,5411.8
33907,Mi1,5411.8
15019,Li28,5412.1
10015,HSN,5412.3
14209,Li28,5412.6
99922,T4c,5412.6
83365,T2a,5412.7
91283,T4c,5412.7
36252,Mi1,5412.799999999999
74023,T2a,5412.799999999999
98985,T4c,5412.900000000001
94624,T4a,5412.900000000001
95681,T4a,5413.0
77383,T2a,5413.1
90049,T4c,5413.1
15909,Li28,5413.400000000001
34356,Mi1,5413.5
98887,T4b,5413.700000000001
79271,T4a,5413.8
17280,Li28,5414.000000000001
105698,T4c,5414.5
102016,T4a,5414.5
37948,Mi1,5414.6
54087,Mi1,5414.7
17596,Li28,5414.900000000001
85126,T4a,5414.900000000001
59397,Mi1,5415.3
66325,Tm3,5415.4
104683,T4b,5415.500000000001
35017,Mi1,5415.7
52328,TmY3,5415.7
55976,Mi1,5415.7
51122,Mi1,5415.900000000001
16545,Li28,5416.0
33655,Mi1,5416.1
10025,H2,5416.2
92047,T4c,5416.2
10016,HSE,5416.9
98300,T4a,5417.2
35836,Mi1,5417.5
19292,Li28,5417.7
23047,Li28,5417.8
34369,Mi1,5417.8
98788,T4d,5418.200000000001
92431,T4a,5418.3
118924,Tm3,5418.3
74228,Tm3,5418.5
122308,Tm3,5418.6
109142,T4b,5419.400000000001
34057,Mi1,5419.400000000001
42119,Mi1,5419.5
102791,T4c,5419.5
35770,Mi1,5420.0
56564,Mi1,5420.2
63420,Mi1,5420.2
35840,Mi1,5420.4
34479,Mi1,5420.5
34849,Mi1,5420.5
95005,T4a,5420.6
41809,Mi1,5420.900000000001
53065,Mi1,5421.1
20264,Li28,5421.400000000001
34045,Mi1,5421.400000000001
38767,Mi1,5421.6
91469,T4c,5421.9
97028,T4c,5422.000000000001
33462,Mi1,5422.5
95883,T4a,5422.5
75521,T2a,5422.6
33446,Mi1,5422.7
34862,Mi1,5422.7
35405,Mi1,5422.8
15263,Li28,5422.900000000001
66808,Tm3,5423.0
101215,T4c,5423.0
103022,T4a,5423.1
73828,Tm3,5423.200000000001
92939,T4b,5423.7
35498,Mi1,5423.900000000001
65671,Mi1,5423.900000000001
16033,Li28,5424.0
89434,T4c,5424.1
97899,T4a,5424.3
39158,Mi1,5424.3
37000,Mi1,5424.400000000001
92706,T4a,5424.400000000001
15909,Li28,5424.599999999999
36540,Mi1,5424.8
71052,T2a,5424.8
11981,Li28,5425.2
51231,TmY3,5425.3
38479,Mi1,5425.5
92114,T4c,5425.6
93566,T4a,5425.7
532850,Tm3,5425.7
96295,T4b,5425.8
16596,Li28,5425.900000000001
101772,Tm3,5425.900000000001
116716,T4b,5425.900000000001
34189,Mi1,5426.3
34356,Mi1,5426.3
50333,TmY3,5426.4
10015,HSN,5426.5
91444,T4c,5426.5
33907,Mi1,5426.8
36252,Mi1,5426.9
32893,Mi1,5427.0
69597,Tm3,5427.2
14209,Li28,5427.8
15019,Li28,5428.0
107442,T4d,5428.0
45005,TmY3,5428.2
54885,TmY3,5428.4
100867,T4b,5428.5
54087,Mi1,5428.6
90465,T4a,5428.6
16545,Li28,5428.7
94305,T4a,5428.8
92996,T4a,5428.8
17596,Li28,5428.8
17280,Li28,5428.8
59397,Mi1,5428.8
51122,Mi1,5429.0
55976,Mi1,5429.1
37948,Mi1,5429.200000000001
101383,T4b,5429.700000000001
33655,Mi1,5430.000000000001
75848,T2a,5430.000000000001
88625,T4c,5430.2
114391,T4d,5430.3
89368,T4c,5430.6
35017,Mi1,5430.7
35836,Mi1,5430.7
10016,HSE,5431.099999999999
37019,Mi1,5431.200000000001
108349,T4d,5431.200000000001
92842,T4a,5431.500000000001
34369,Mi1,5431.7
47368,TmY3,5431.8
19292,Li28,5432.0
34057,Mi1,5432.1
106952,T4b,5432.700000000001
23047,Li28,5432.8
73284,T2a,5433.0
83979,T4a,5433.1
112321,T4d,5433.8
42119,Mi1,5433.900000000001
56564,Mi1,5433.900000000001
69380,Tm3,5434.0
34849,Mi1,5434.4
34479,Mi1,5434.6
35770,Mi1,5434.6
63420,Mi1,5434.8
104257,T4b,5434.9
35840,Mi1,5434.9
87424,T4d,5435.1
35405,Mi1,5435.400000000001
15909,Li28,5435.700000000001
53065,Mi1,5435.8
98099,T4b,5436.0
104858,T4b,5436.1
20264,Li28,5436.3
117627,Tm3,5436.4
10015,HSN,5436.4
38767,Mi1,5436.4
116129,T4b,5436.7
33462,Mi1,5436.7
77480,Tm3,5436.900000000001
91806,T4a,5436.900000000001
92047,T4c,5437.0
93750,T4c,5437.3
95822,T4b,5437.3
15263,Li28,5437.5
37000,Mi1,5437.8
73096,T2a,5437.8
35498,Mi1,5437.9
16033,Li28,5438.1
99663,T4c,5438.2
33446,Mi1,5438.3
112744,T4d,5438.3
95883,T4a,5438.400000000001
34045,Mi1,5439.0
41809,Mi1,5439.0
36540,Mi1,5439.099999999999
34862,Mi1,5439.200000000001
11981,Li28,5439.4
65671,Mi1,5439.4
99922,T4c,5439.4
117662,T4d,5439.500000000001
39158,Mi1,5439.500000000001
10025,H2,5439.500000000001
74023,T2a,5439.6
34189,Mi1,5439.8
103479,T4c,5440.0
34356,Mi1,5440.3
83365,T2a,5440.3
91469,T4c,5440.3
66808,Tm3,5440.400000000001
92431,T4a,5440.5
98887,T4b,5440.5
36252,Mi1,5440.700000000001
16596,Li28,5441.0
33907,Mi1,5441.2
109598,T4b,5441.6
109536,T4d,5442.0
10112,VS,5442.099999999999
108307,T4b,5442.099999999999
17280,Li28,5442.3
38479,Mi1,5442.3
54087,Mi1,5442.3
98985,T4c,5442.4
37948,Mi1,5442.6
76325,T2a,5442.7
14209,Li28,5442.7
16545,Li28,5442.8
97675,T4c,5442.8
17596,Li28,5442.9
94624,T4a,5442.9
97171,T4d,5442.9
15019,Li28,5443.1
110646,T4b,5443.3
33655,Mi1,5443.599999999999
95458,T4d,5443.700000000001
59397,Mi1,5443.700000000001
51122,Mi1,5444.1
35017,Mi1,5444.3
55976,Mi1,5444.4
35836,Mi1,5444.6
34057,Mi1,5444.900000000001
98381,T4d,5444.900000000001
10037,VS,5445.0
32893,Mi1,5445.1
98300,T4a,5445.1
102791,T4c,5445.400000000001
34369,Mi1,5445.700000000001
37019,Mi1,5446.1
19292,Li28,5446.6
91682,T4b,5446.7
15909,Li28,5446.900000000001
105718,T4b,5447.099999999999
66214,T2a,5447.7
99423,T4d,5448.0
73807,Tm3,5448.1
34849,Mi1,5448.2
42119,Mi1,5448.3
23047,Li28,5448.400000000001
109142,T4b,5448.400000000001
90049,T4c,5448.5
98788,T4d,5448.700000000001
56564,Mi1,5449.1
68522,T2a,5449.1
89290,T4d,5449.2
118924,Tm3,5449.400000000001
34479,Mi1,5449.5
33462,Mi1,5449.7
35770,Mi1,5449.7
35840,Mi1,5449.7
63420,Mi1,5449.7
10025,H2,5449.8
101772,Tm3,5450.6
53065,Mi1,5450.7
20264,Li28,5450.9
35405,Mi1,5450.9
37000,Mi1,5451.599999999999
38767,Mi1,5451.8
97231,T4a,5452.0
89434,T4c,5452.1
16033,Li28,5452.2
50333,TmY3,5452.6
92939,T4b,5452.6
36540,Mi1,5452.7
71773,T2a,5452.900000000001
15263,Li28,5452.900000000001
35498,Mi1,5452.900000000001
71052,T2a,5453.0
10112,VS,5453.3
34045,Mi1,5453.3
36252,Mi1,5453.400000000001
33446,Mi1,5453.5
95681,T4a,5453.9
92114,T4c,5454.000000000001
16596,Li28,5454.1
34862,Mi1,5454.1
39158,Mi1,5454.400000000001
11981,Li28,5454.400000000001
34189,Mi1,5454.6
65671,Mi1,5454.7
34356,Mi1,5454.900000000001
97899,T4a,5454.900000000001
47368,TmY3,5455.0
41809,Mi1,5455.4
16545,Li28,5455.500000000001
91283,T4c,5455.7
33907,Mi1,5456.0
17280,Li28,5456.5
17596,Li28,5456.8
15909,Li28,5456.8
37948,Mi1,5456.9
92706,T4a,5457.1
38479,Mi1,5457.2
59397,Mi1,5457.5
35017,Mi1,5457.6
54087,Mi1,5457.6
83689,T4a,5457.6
91444,T4c,5457.900000000001
77383,T2a,5458.099999999999
94305,T4a,5458.200000000001
55976,Mi1,5458.5
14209,Li28,5458.7
33655,Mi1,5458.7
51122,Mi1,5458.7
86686,T4c,5458.9
34057,Mi1,5459.0
15019,Li28,5459.299999999999
35836,Mi1,5459.400000000001
51231,TmY3,5460.0
10015,HSN,5460.200000000001
97028,T4c,5460.3
34369,Mi1,5460.3
78561,Tm3,5460.500000000001
32893,Mi1,5460.8
122308,Tm3,5460.8
19292,Li28,5460.900000000001
85126,T4a,5460.900000000001
10016,HSE,5461.2
42119,Mi1,5461.3
75521,T2a,5461.400000000001
102462,T4c,5461.400000000001
37019,Mi1,5461.8
96295,T4b,5461.8
95335,T4a,5462.2
56564,Mi1,5462.8
23047,Li28,5463.3
34849,Mi1,5463.4
69380,Tm3,5463.4
33462,Mi1,5463.6
91469,T4c,5463.6
83979,T4a,5463.7
35840,Mi1,5463.900000000001
53065,Mi1,5463.900000000001
34479,Mi1,5464.0
35770,Mi1,5464.3
104257,T4b,5464.400000000001
79271,T4a,5464.700000000001
74373,Tm3,5464.700000000001
63420,Mi1,5464.8
73828,Tm3,5465.0
101215,T4c,5465.3
38767,Mi1,5465.400000000001
98668,T4a,5465.7
35405,Mi1,5466.0
35498,Mi1,5466.4
74023,T2a,5466.6
95883,T4a,5466.6
20264,Li28,5466.7
37000,Mi1,5466.8
16033,Li28,5466.9
36540,Mi1,5466.9
77676,T2a,5466.9
33446,Mi1,5467.2
104008,T4b,5467.299999999999
66808,Tm3,5467.599999999999
15263,Li28,5468.0
16596,Li28,5468.1
65671,Mi1,5468.1
36252,Mi1,5468.200000000001
92047,T4c,5468.500000000001
34862,Mi1,5468.500000000001
69597,Tm3,5468.6
98985,T4c,5468.6
11981,Li28,5468.7
39158,Mi1,5468.7
34189,Mi1,5468.900000000001
34356,Mi1,5469.2
15909,Li28,5469.3
34045,Mi1,5469.5
41809,Mi1,5469.6
16545,Li28,5469.9
37948,Mi1,5470.000000000001
10015,HSN,5470.1
93566,T4a,5470.400000000001
91806,T4a,5470.5
17280,Li28,5470.8
52328,TmY3,5470.900000000001
59397,Mi1,5470.900000000001
100867,T4b,5470.900000000001
101772,Tm3,5470.900000000001
74228,Tm3,5471.099999999999
107170,T4b,5471.099999999999
107442,T4d,5471.099999999999
92431,T4a,5471.4
33907,Mi1,5471.4
99663,T4c,5471.500000000001
17596,Li28,5471.7
89368,T4c,5471.7
88625,T4c,5471.8
34057,Mi1,5472.2
71161,T2a,5472.2
38479,Mi1,5472.400000000001
532850,Tm3,5472.5
54087,Mi1,5472.599999999999
51122,Mi1,5472.700000000001
95005,T4a,5472.8
35017,Mi1,5472.8
50333,TmY3,5473.1
73284,T2a,5473.2
15019,Li28,5473.4
33655,Mi1,5473.4
35836,Mi1,5474.099999999999
14209,Li28,5474.3
98099,T4b,5474.3
106952,T4b,5474.3
55976,Mi1,5474.5
34369,Mi1,5474.9
67719,T2a,5475.0
45005,TmY3,5475.0
19292,Li28,5475.1
99922,T4c,5475.2
42119,Mi1,5475.8
98300,T4a,5476.0
97675,T4c,5476.4
56564,Mi1,5476.500000000001
112744,T4d,5477.0
34849,Mi1,5477.2
53065,Mi1,5477.2
10016,HSE,5477.2
105698,T4c,5477.400000000001
97899,T4a,5477.400000000001
32893,Mi1,5477.5
34479,Mi1,5477.5
37019,Mi1,5477.5
98381,T4d,5477.8
80302,T2a,5477.9
47368,TmY3,5478.000000000001
16033,Li28,5478.3
62272,T2,5478.3
33462,Mi1,5478.400000000001
85737,T2a,5478.5
35770,Mi1,5478.7
23047,Li28,5478.7
99628,T4b,5478.8
35840,Mi1,5479.099999999999
15909,Li28,5479.4
116129,T4b,5479.4
92114,T4c,5479.500000000001
95822,T4b,5479.7
35498,Mi1,5479.8
10025,H2,5479.900000000001
71052,T2a,5480.0
38767,Mi1,5480.0
94305,T4a,5480.2
93750,T4c,5480.2
63420,Mi1,5480.400000000001
37000,Mi1,5480.5
92842,T4a,5480.5
35405,Mi1,5480.599999999999
33446,Mi1,5480.700000000001
20264,Li28,5480.9
89434,T4c,5480.9
91469,T4c,5481.1
98887,T4b,5481.4
116716,T4b,5481.5
109598,T4b,5481.7
97231,T4a,5481.8
15263,Li28,5482.0
36540,Mi1,5482.0
108307,T4b,5482.200000000001
34356,Mi1,5482.3
34189,Mi1,5482.7
100787,T4b,5482.9
36252,Mi1,5483.1
11981,Li28,5483.2
34862,Mi1,5483.299999999999
92706,T4a,5483.400000000001
16596,Li28,5483.400000000001
39158,Mi1,5483.5
65671,Mi1,5483.5
83365,T2a,5483.5
109142,T4b,5483.6
34045,Mi1,5483.700000000001
16545,Li28,5483.8
41809,Mi1,5483.900000000001
114391,T4d,5484.1
75848,T2a,5484.3
103479,T4c,5484.4
17280,Li28,5484.4
108349,T4d,5484.900000000001
94624,T4a,5485.0
97872,T4d,5485.0
37948,Mi1,5485.1
83227,Tm3,5485.3
10015,HSN,5485.5
90465,T4a,5485.5
33907,Mi1,5485.700000000001
101383,T4b,5485.9
17596,Li28,5486.5
59397,Mi1,5486.5
92939,T4b,5486.6
35017,Mi1,5486.900000000001
38479,Mi1,5486.900000000001
35836,Mi1,5487.200000000001
95681,T4a,5487.200000000001
15019,Li28,5487.3
51122,Mi1,5487.3
54087,Mi1,5487.6
92996,T4a,5487.6
34057,Mi1,5487.8
79345,T2a,5487.900000000001
89290,T4d,5488.0
90049,T4c,5488.3
36533,Mi1,5488.599999999999
110646,T4b,5488.9
14209,Li28,5489.0
19292,Li28,5489.0
34369,Mi1,5489.1
55976,Mi1,5489.4
102791,T4c,5489.4
33655,Mi1,5489.5
76524,Tm3,5489.6
105718,T4b,5489.7
104257,T4b,5489.900000000001
94179,T4a,5489.900000000001
42119,Mi1,5490.0
54885,TmY3,5490.0
75521,T2a,5490.200000000001
10025,H2,5490.4
66808,Tm3,5490.4
92047,T4c,5490.5
34933,Mi1,5490.7
56564,Mi1,5490.9
53065,Mi1,5491.3
36954,Mi1,5491.400000000001
36446,Mi1,5491.6
34479,Mi1,5491.6
95883,T4a,5491.900000000001
35840,Mi1,5492.0
33942,Mi1,5492.1
104683,T4b,5492.1
49324,Mi1,5492.200000000001
73586,Tm3,5492.3
95458,T4d,5492.4
15909,Li28,5492.500000000001
16033,Li28,5492.6
34849,Mi1,5492.6
127153,Tm3,5492.7
36217,Mi1,5492.8
97028,T4c,5492.8
68562,T2a,5493.0
35405,Mi1,5493.1
33462,Mi1,5493.2
35770,Mi1,5493.2
37000,Mi1,5493.400000000001
83979,T4a,5493.5
68522,T2a,5493.6
97161,T4a,5493.8
101772,Tm3,5493.9
23047,Li28,5494.1
32893,Mi1,5494.2
118924,Tm3,5494.2
35498,Mi1,5494.3
66325,Tm3,5494.3
10016,HSE,5494.5
37019,Mi1,5494.5
58862,Mi1,5494.7
33446,Mi1,5494.8
38767,Mi1,5494.8
20264,Li28,5494.900000000001
99663,T4c,5495.099999999999
98788,T4d,5495.200000000001
63420,Mi1,5495.5
117627,Tm3,5495.5
74023,T2a,5495.6
99950,T4c,5496.0
104858,T4b,5496.0
51231,TmY3,5496.1
34356,Mi1,5496.2
69380,Tm3,5496.3
79271,T4a,5496.3
11981,Li28,5496.400000000001
16545,Li28,5496.5
103022,T4a,5496.5
91444,T4c,5496.700000000001
36252,Mi1,5496.8
88951,Tm3,5496.8
15263,Li28,5496.9
100867,T4b,5496.9
36540,Mi1,5497.1
39158,Mi1,5497.6
91682,T4b,5497.6
41809,Mi1,5497.8
65671,Mi1,5497.900000000001
16596,Li28,5498.099999999999
34189,Mi1,5498.099999999999
47368,TmY3,5498.099999999999
101043,T4c,5498.099999999999
34862,Mi1,5498.200000000001
34045,Mi1,5498.3
10015,HSN,5498.4
10112,VS,5498.4
50333,TmY3,5498.4
61401,T2a,5498.6
97899,T4a,5498.7
92431,T4a,5498.9
66214,T2a,5499.0
91283,T4c,5499.1
96295,T4b,5499.2
17280,Li28,5499.3
59397,Mi1,5499.400000000001
37948,Mi1,5499.6
101873,T4b,5499.6
88625,T4c,5499.700000000001
66980,T2a,5500.0
61659,Tm3,5500.1
91806,T4a,5500.200000000001
10023,HSS,5500.4
10037,VS,5500.500000000001
89368,T4c,5500.500000000001
38479,Mi1,5500.6
79257,Tm3,5500.6
93972,T4a,5500.6
98985,T4c,5500.7
33907,Mi1,5500.8
69597,Tm3,5500.8
34057,Mi1,5500.900000000001
35017,Mi1,5500.900000000001
35836,Mi1,5501.1
51122,Mi1,5501.400000000001
74231,Tm3,5501.5
15909,Li28,5501.8
17596,Li28,5501.9
91469,T4c,5501.9
92706,T4a,5502.000000000001
77383,T2a,5502.1
102016,T4a,5502.1
85126,T4a,5502.3
54087,Mi1,5502.5
104191,T4a,5502.8
68842,TmY3,5502.8
15019,Li28,5502.8
33655,Mi1,5502.900000000001
34369,Mi1,5503.099999999999
55976,Mi1,5503.200000000001
87424,T4d,5503.200000000001
91057,T4c,5503.4
81401,T4b,5503.5
83689,T4a,5503.5
19292,Li28,5503.6
95005,T4a,5503.6
98381,T4d,5503.7
14209,Li28,5503.7
94305,T4a,5503.7
86686,T4c,5503.8
73828,Tm3,5504.1
98300,T4a,5504.2
42119,Mi1,5504.400000000001
56564,Mi1,5504.5
97675,T4c,5504.599999999999
89434,T4c,5505.1
95822,T4b,5505.4
99922,T4c,5505.7
105698,T4c,5505.7
34479,Mi1,5505.7
122308,Tm3,5505.8
10015,HSN,5506.099999999999
36533,Mi1,5506.099999999999
53065,Mi1,5506.099999999999
35840,Mi1,5506.200000000001
10016,HSE,5506.3
93566,T4a,5506.3
77480,Tm3,5506.4
35405,Mi1,5506.5
94624,T4a,5506.7
16033,Li28,5506.7
35770,Mi1,5506.8
104297,T4a,5506.8
102462,T4c,5507.0
37000,Mi1,5507.1
101215,T4c,5507.1
35498,Mi1,5507.2
112744,T4d,5507.3
34849,Mi1,5507.400000000001
33462,Mi1,5507.6
11981,Li28,5507.6
97171,T4d,5507.6
10025,H2,5507.700000000001
90121,T4b,5507.8
75521,T2a,5507.900000000001
104257,T4b,5507.900000000001
95453,T4a,5508.0
32893,Mi1,5508.3
33446,Mi1,5508.3
107442,T4d,5508.4
38767,Mi1,5508.500000000001
34933,Mi1,5508.6
92939,T4b,5508.7
69793,T2a,5508.7
20264,Li28,5508.900000000001
16545,Li28,5509.0
98887,T4b,5509.0
37019,Mi1,5509.3
97231,T4a,5509.400000000001
66808,Tm3,5509.5
93750,T4c,5509.8
23047,Li28,5510.000000000001
95883,T4a,5510.400000000001
73284,T2a,5510.5
36252,Mi1,5510.6
110646,T4b,5510.7
92114,T4c,5510.7
34356,Mi1,5510.7
63420,Mi1,5510.8
104414,T4d,5510.8
88992,T4c,5510.900000000001
36217,Mi1,5511.0
47962,TmY3,5511.0
36954,Mi1,5511.099999999999
83365,T2a,5511.099999999999
71052,T2a,5511.200000000001
34862,Mi1,5511.3
34189,Mi1,5511.6
16596,Li28,5511.6
49324,Mi1,5511.7
10015,HSN,5511.8
73096,T2a,5511.8
99423,T4d,5511.8
102791,T4c,5511.8
36540,Mi1,5512.0
39158,Mi1,5512.0
65671,Mi1,5512.0
36446,Mi1,5512.2
15909,Li28,5512.599999999999
15263,Li28,5512.599999999999
41809,Mi1,5512.700000000001
92047,T4c,5512.700000000001
34045,Mi1,5513.0
83979,T4a,5513.2
65513,T2a,5513.5
74228,Tm3,5513.5
33907,Mi1,5513.7
17280,Li28,5513.8
101772,Tm3,5513.900000000001
38479,Mi1,5513.900000000001
33942,Mi1,5513.900000000001
109598,T4b,5514.0
59397,Mi1,5514.200000000001
111184,T4a,5514.200000000001
51122,Mi1,5514.3
76325,T2a,5514.3
112321,T4d,5514.4
34057,Mi1,5514.6
45005,TmY3,5514.6
37948,Mi1,5514.7
90049,T4c,5514.9
35836,Mi1,5514.9
58862,Mi1,5515.1
98668,T4a,5515.2
10016,HSE,5515.3
35017,Mi1,5515.3
71161,T2a,5515.8
109649,T4c,5515.900000000001
10112,VS,5516.200000000001
55976,Mi1,5516.200000000001
89290,T4d,5516.200000000001
54885,TmY3,5516.3
33655,Mi1,5516.500000000001
54087,Mi1,5516.500000000001
109142,T4b,5516.8
15019,Li28,5516.8
34369,Mi1,5516.8
17596,Li28,5517.0
127615,Tm3,5517.0
10037,VS,5517.1
102741,T4c,5517.1
50333,TmY3,5517.2
72558,T2a,5517.2
19292,Li28,5517.400000000001
14209,Li28,5517.400000000001
56564,Mi1,5517.9
105718,T4b,5518.1
74023,T2a,5518.3
16033,Li28,5518.8
92644,T4d,5518.8
42119,Mi1,5518.900000000001
80302,T2a,5519.0
98099,T4b,5519.099999999999
95335,T4a,5519.3
35840,Mi1,5519.6
97028,T4c,5519.7
99131,T4c,5519.7
47368,TmY3,5519.7
53065,Mi1,5519.7
74937,T2a,5519.900000000001
91806,T4a,5519.900000000001
34479,Mi1,5520.1
94287,T4d,5520.1
33462,Mi1,5520.5
114391,T4d,5520.5
37000,Mi1,5520.599999999999
35498,Mi1,5520.700000000001
35770,Mi1,5520.700000000001
34849,Mi1,5521.4
35405,Mi1,5521.4
33446,Mi1,5521.5
10015,HSN,5521.5
109857,T4d,5521.7
32893,Mi1,5521.8
38767,Mi1,5522.0
91682,T4b,5522.0
95458,T4d,5522.0
11981,Li28,5522.099999999999
91469,T4c,5522.099999999999
16545,Li28,5522.200000000001
10025,H2,5522.4
77991,Tm3,5522.5
79271,T4a,5522.6
37019,Mi1,5523.1
15909,Li28,5523.400000000001
36533,Mi1,5523.7
34933,Mi1,5523.8
97899,T4a,5523.8
34356,Mi1,5523.900000000001
20264,Li28,5524.0
23047,Li28,5524.200000000001
36540,Mi1,5524.200000000001
73807,Tm3,5524.200000000001
92431,T4a,5524.3
95681,T4a,5524.3
94305,T4a,5524.500000000001
34189,Mi1,5524.6
106952,T4b,5524.7
65671,Mi1,5524.8
101005,T4d,5524.900000000001
104008,T4b,5524.900000000001
99663,T4c,5525.1
34862,Mi1,5525.599999999999
51231,TmY3,5525.599999999999
81995,Tm3,5525.700000000001
92706,T4a,5525.700000000001
92842,T4a,5525.8
36217,Mi1,5525.8
16596,Li28,5525.9
90423,T4b,5525.9
96090,T4c,5526.1
117662,T4d,5526.1
63420,Mi1,5526.3
91444,T4c,5526.3
39158,Mi1,5526.400000000001
75848,T2a,5526.400000000001
98788,T4d,5526.5
36252,Mi1,5526.5
116129,T4b,5526.5
89368,T4c,5526.7
52328,TmY3,5526.7
41809,Mi1,5526.900000000001
66808,Tm3,5527.0
33907,Mi1,5527.200000000001
59397,Mi1,5527.200000000001
109536,T4d,5527.3
36446,Mi1,5527.6
78561,Tm3,5527.900000000001
34045,Mi1,5528.1
49324,Mi1,5528.1
51122,Mi1,5528.3
108307,T4b,5528.400000000001
15263,Li28,5528.5
37948,Mi1,5528.5
34057,Mi1,5528.8
17280,Li28,5528.9
97675,T4c,5528.9
35836,Mi1,5529.3
96295,T4b,5529.3
38479,Mi1,5529.4
97249,T4d,5529.4
10016,HSE,5529.6
33942,Mi1,5529.6
35017,Mi1,5529.7
10112,VS,5529.7
36954,Mi1,5529.799999999999
55976,Mi1,5529.799999999999
10037,VS,5529.900000000001
68562,T2a,5529.900000000001
94624,T4a,5529.900000000001
108349,T4d,5530.0
34369,Mi1,5530.099999999999
97161,T4a,5530.5
102519,T4a,5530.5
88625,T4c,5530.5
16033,Li28,5530.700000000001
58862,Mi1,5530.8
98381,T4d,5530.8
54087,Mi1,5530.9
92996,T4a,5530.9
122233,Tm3,5530.9
17596,Li28,5531.000000000001
33655,Mi1,5531.2
14209,Li28,5531.400000000001
75521,T2a,5531.6
69380,Tm3,5531.7
104257,T4b,5531.7
15019,Li28,5531.8
10015,HSN,5532.0
19292,Li28,5532.1
94179,T4a,5532.1
56564,Mi1,5532.200000000001
95005,T4a,5532.3
103022,T4a,5532.3
99628,T4b,5532.500000000001
87424,T4d,5532.6
101215,T4c,5533.0
99950,T4c,5533.1
98887,T4b,5533.3
89434,T4c,5533.3
15909,Li28,5533.5
34479,Mi1,5533.5
42119,Mi1,5533.5
33462,Mi1,5533.599999999999
35840,Mi1,5533.599999999999
92047,T4c,5533.599999999999
104683,T4b,5534.000000000001
108697,T4d,5534.1
10025,H2,5534.3
102462,T4c,5534.5
100787,T4b,5534.5
10023,HSS,5534.5
35770,Mi1,5534.5
35498,Mi1,5534.900000000001
70800,Tm3,5534.900000000001
112993,T4b,5534.900000000001
37000,Mi1,5535.0
85126,T4a,5535.0
68522,T2a,5535.099999999999
34849,Mi1,5535.200000000001
16545,Li28,5535.200000000001
33446,Mi1,5535.200000000001
98300,T4a,5535.4
53065,Mi1,5535.6
35405,Mi1,5535.8
92281,T4c,5535.8
97231,T4a,5535.8
98985,T4c,5535.900000000001
93750,T4c,5536.1
107170,T4b,5536.1
11981,Li28,5536.2
95883,T4a,5536.5
104858,T4b,5536.599999999999
32893,Mi1,5536.700000000001
97853,T4c,5536.9
34356,Mi1,5536.9
36540,Mi1,5537.0
74023,T2a,5537.3
38767,Mi1,5537.5
37019,Mi1,5537.799999999999
92114,T4c,5537.799999999999
34933,Mi1,5538.0
66325,Tm3,5538.0
83365,T2a,5538.0
101772,Tm3,5538.099999999999
66980,T2a,5538.200000000001
100867,T4b,5538.8
68982,Tm3,5538.8
23047,Li28,5538.9
34862,Mi1,5538.9
20264,Li28,5539.000000000001
36533,Mi1,5539.1
93419,T4b,5539.1
532850,Tm3,5539.5
69597,Tm3,5539.6
97872,T4d,5539.7
10016,HSE,5539.900000000001
34189,Mi1,5539.900000000001
65671,Mi1,5540.200000000001
91469,T4c,5540.3
83689,T4a,5540.4
16596,Li28,5540.6
47368,TmY3,5541.0
41809,Mi1,5541.1
63420,Mi1,5541.2
36252,Mi1,5541.5
97028,T4c,5541.5
37948,Mi1,5541.700000000001
93566,T4a,5541.8
67719,T2a,5541.9
16033,Li28,5542.000000000001
34057,Mi1,5542.1
36446,Mi1,5542.1
39158,Mi1,5542.3
49324,Mi1,5542.3
71052,T2a,5542.3
33907,Mi1,5542.400000000001
59397,Mi1,5542.5
78422,Tm3,5542.6
36217,Mi1,5542.7
77383,T2a,5542.7
34045,Mi1,5542.8
15263,Li28,5542.900000000001
51122,Mi1,5542.900000000001
15909,Li28,5543.099999999999
17280,Li28,5543.099999999999
38479,Mi1,5543.200000000001
35836,Mi1,5543.5
117627,Tm3,5543.6
34369,Mi1,5543.8
66808,Tm3,5544.2
50333,TmY3,5544.5
17596,Li28,5544.599999999999
99922,T4c,5544.8
33942,Mi1,5544.8
14209,Li28,5545.0
33655,Mi1,5545.0
36954,Mi1,5545.0
76524,Tm3,5545.0
55976,Mi1,5545.1
92939,T4b,5545.1
103479,T4c,5545.1
58862,Mi1,5545.2
35017,Mi1,5545.3
105698,T4c,5545.6
10015,HSN,5545.6
99011,T4c,5545.6
15019,Li28,5545.7
89290,T4d,5545.799999999999
54087,Mi1,5545.900000000001
95822,T4b,5545.900000000001
102791,T4c,5546.1
107442,T4d,5546.200000000001
99663,T4c,5546.3
33462,Mi1,5546.5
19292,Li28,5546.8
83979,T4a,5546.9
34479,Mi1,5546.9
56564,Mi1,5546.9
77480,Tm3,5547.000000000001
54885,TmY3,5547.2
95364,T4d,5547.2
16545,Li28,5547.400000000001
35770,Mi1,5547.400000000001
91283,T4c,5547.6
93972,T4a,5547.6
34849,Mi1,5547.7
112744,T4d,5547.8
101043,T4c,5547.8
42119,Mi1,5547.900000000001
104297,T4a,5547.900000000001
91806,T4a,5548.0
97899,T4a,5548.0
74231,Tm3,5548.1
92706,T4a,5548.200000000001
109142,T4b,5548.4
118924,Tm3,5548.500000000001
85737,T2a,5548.6
33446,Mi1,5548.8
53065,Mi1,5549.2
37000,Mi1,5549.2
35405,Mi1,5549.2
35840,Mi1,5549.2
49372,TmY3,5549.599999999999
10112,VS,5549.9
11981,Li28,5549.9
34356,Mi1,5549.9
98099,T4b,5550.1
79257,Tm3,5550.1
110646,T4b,5550.2
71773,T2a,5550.5
35498,Mi1,5550.5
10037,VS,5550.8
104368,T4c,5551.0
74373,Tm3,5551.099999999999
36540,Mi1,5551.200000000001
10025,H2,5551.3
73828,Tm3,5551.3
97675,T4c,5551.3
76325,T2a,5551.5
32893,Mi1,5551.5
94305,T4a,5551.6
66214,T2a,5551.6
15909,Li28,5551.8
83227,Tm3,5551.8
92431,T4a,5551.8
111184,T4a,5551.8
34862,Mi1,5551.9
90049,T4c,5551.9
23047,Li28,5552.1
37019,Mi1,5552.1
38767,Mi1,5552.2
34933,Mi1,5552.2
98788,T4d,5552.400000000001
101383,T4b,5552.400000000001
95458,T4d,5552.400000000001
93688,T4a,5552.599999999999
90465,T4a,5552.700000000001
103022,T4a,5552.8
122308,Tm3,5553.3
92114,T4c,5553.4
92842,T4a,5553.4
10016,HSE,5553.5
20264,Li28,5553.5
65671,Mi1,5553.5
94624,T4a,5553.5
74228,Tm3,5553.6
37631,Mi1,5553.6
10015,HSN,5553.7
91469,T4c,5553.900000000001
34189,Mi1,5554.0
92047,T4c,5554.0
51231,TmY3,5554.1
64579,T2,5554.1
16033,Li28,5554.3
103639,T4d,5554.400000000001
109598,T4b,5554.400000000001
36533,Mi1,5554.5
526158,Mi1,5554.8
47962,TmY3,5554.8
55101,Mi1,5555.000000000001
79345,T2a,5555.3
95335,T4a,5555.3
16596,Li28,5555.400000000001
34057,Mi1,5555.400000000001
36252,Mi1,5555.5
37948,Mi1,5555.5
41809,Mi1,5555.5
96576,T4c,5555.6
106952,T4b,5555.7
89368,T4c,5555.900000000001
96295,T4b,5556.1
59397,Mi1,5556.1
101772,Tm3,5556.200000000001
33907,Mi1,5556.3
37599,Mi1,5556.3
91444,T4c,5556.6
98985,T4c,5556.7
51122,Mi1,5556.8
63420,Mi1,5556.900000000001
86686,T4c,5556.900000000001
49324,Mi1,5557.1
34369,Mi1,5557.1
34045,Mi1,5557.1
39158,Mi1,5557.2
47368,TmY3,5557.2
102016,T4a,5557.3
104257,T4b,5557.3
36217,Mi1,5557.5
38479,Mi1,5557.5
99423,T4d,5557.5
95883,T4a,5557.599999999999
10023,HSS,5557.700000000001
15263,Li28,5557.700000000001
17280,Li28,5557.9
35836,Mi1,5558.0
45005,TmY3,5558.1
16545,Li28,5558.2
36446,Mi1,5558.2
93750,T4c,5558.2
14209,Li28,5558.400000000001
95681,T4a,5558.400000000001
73284,T2a,5558.5
109631,T4b,5558.7
35017,Mi1,5558.8
98381,T4d,5558.900000000001
33655,Mi1,5559.0
33942,Mi1,5559.0
55976,Mi1,5559.099999999999
79271,T4a,5559.099999999999
90121,T4b,5559.099999999999
98887,T4b,5559.099999999999
127615,Tm3,5559.099999999999
61659,Tm3,5559.200000000001
88625,T4c,5559.200000000001
101685,T4b,5559.3
69380,Tm3,5559.4
17596,Li28,5559.4
36954,Mi1,5559.5
56564,Mi1,5559.7
58862,Mi1,5559.8
73586,Tm3,5559.8
95005,T4a,5559.9
92996,T4a,5560.1
104191,T4a,5560.1
33462,Mi1,5560.2
34479,Mi1,5560.3
54087,Mi1,5560.400000000001
116716,T4b,5560.5
34849,Mi1,5560.5
50333,TmY3,5560.5
15019,Li28,5560.5
10112,VS,5560.5
105718,T4b,5560.599999999999
75521,T2a,5560.9
98300,T4a,5561.1
101215,T4c,5561.3
35770,Mi1,5561.4
42119,Mi1,5561.5
95453,T4a,5561.5
109857,T4d,5561.6
97171,T4d,5561.6
19292,Li28,5561.7
71161,T2a,5561.7
33446,Mi1,5561.8
52485,TmY3,5561.8
80302,T2a,5561.8
15909,Li28,5561.900000000001
89434,T4c,5562.1
100680,T4d,5562.3
10015,HSN,5562.3
102462,T4c,5562.400000000001
74023,T2a,5562.5
54211,TmY3,5562.5
37000,Mi1,5562.6
97028,T4c,5562.6
104858,T4b,5562.6
97231,T4a,5562.8
34356,Mi1,5562.9
35840,Mi1,5562.9
98668,T4a,5563.000000000001
99628,T4b,5563.2
53065,Mi1,5563.2
65513,T2a,5563.2
10025,H2,5563.3
10037,VS,5563.5
91682,T4b,5563.6
100867,T4b,5563.6
108307,T4b,5563.6
112321,T4d,5563.6
78968,Tm3,5563.7
97161,T4a,5563.7
11981,Li28,5563.8
35405,Mi1,5564.099999999999
53075,TmY3,5564.3
77991,Tm3,5564.3
83067,T4b,5564.500000000001
65298,T2a,5564.500000000001
10016,HSE,5564.6
36540,Mi1,5564.8
34862,Mi1,5564.900000000001
37019,Mi1,5565.0
104414,T4d,5565.1
122233,Tm3,5565.3
35498,Mi1,5565.5
92993,Tm3,5565.5
78561,Tm3,5565.700000000001
108349,T4d,5565.8
104008,T4b,5566.0
16033,Li28,5566.0
66808,Tm3,5566.0
23047,Li28,5566.1
85126,T4a,5566.2
38767,Mi1,5566.3
34933,Mi1,5566.400000000001
75848,T2a,5566.7
32893,Mi1,5566.8
88992,T4c,5566.8
83365,T2a,5566.900000000001
52328,TmY3,5567.200000000001
69793,T2a,5567.3
20264,Li28,5567.4
34189,Mi1,5567.4
73096,T2a,5567.5
65671,Mi1,5567.6
62272,T2,5567.8
92644,T4d,5567.8
91469,T4c,5567.9
10755,H1,5568.0
101005,T4d,5568.0
69597,Tm3,5568.3
102741,T4c,5568.400000000001
34057,Mi1,5568.8
36252,Mi1,5568.8
16545,Li28,5569.2
16596,Li28,5569.3
93419,T4b,5569.6
10015,HSN,5569.7
42006,TmY3,5569.7
82145,T2a,5569.7
59397,Mi1,5569.900000000001
114391,T4d,5569.900000000001
41809,Mi1,5569.900000000001
51122,Mi1,5570.0
93566,T4a,5570.200000000001
37948,Mi1,5570.200000000001
36533,Mi1,5570.3
39158,Mi1,5570.3
68842,TmY3,5570.5
107170,T4b,5570.5
35602,Mi1,5570.700000000001
38479,Mi1,5570.8
36446,Mi1,5570.9
96090,T4c,5571.2
99663,T4c,5571.400000000001
97899,T4a,5571.400000000001
89290,T4d,5571.400000000001
49324,Mi1,5571.400000000001
34369,Mi1,5571.5
15909,Li28,5571.6
77383,T2a,5571.6
10112,VS,5571.7
36994,Mi1,5571.8
15263,Li28,5571.900000000001
92047,T4c,5571.900000000001
36217,Mi1,5572.200000000001
109649,T4c,5572.200000000001
92706,T4a,5572.500000000001
35836,Mi1,5572.500000000001
68562,T2a,5572.6
17280,Li28,5572.7
35017,Mi1,5572.7
99922,T4c,5572.7
104683,T4b,5572.7
33907,Mi1,5572.8
63420,Mi1,5572.8
33655,Mi1,5572.900000000001
10025,H2,5573.0
55976,Mi1,5573.3
34045,Mi1,5573.3
98099,T4b,5573.400000000001
526158,Mi1,5573.400000000001
92431,T4a,5573.5
34479,Mi1,5573.599999999999
33942,Mi1,5573.8
55101,Mi1,5573.8
35218,Mi1,5573.9
37631,Mi1,5573.9
99950,T4c,5573.9
36954,Mi1,5574.0
14209,Li28,5574.0
10037,VS,5574.1
56564,Mi1,5574.2
33446,Mi1,5574.3
58862,Mi1,5574.3
17596,Li28,5574.400000000001
42119,Mi1,5574.400000000001
83979,T4a,5574.5
15019,Li28,5574.6
34849,Mi1,5574.6
35580,Mi1,5574.8
102579,T4b,5575.200000000001
77676,T2a,5575.200000000001
54087,Mi1,5575.200000000001
35770,Mi1,5575.200000000001
33462,Mi1,5575.200000000001
39743,Mi1,5575.3
34300,Mi1,5575.4
37599,Mi1,5575.5
102519,T4a,5575.5
37000,Mi1,5575.6
87424,T4d,5575.7
19292,Li28,5575.9
92939,T4b,5576.0
94305,T4a,5576.1
95458,T4d,5576.2
38893,Mi1,5576.3
83689,T4a,5576.5
34356,Mi1,5576.599999999999
109142,T4b,5576.599999999999
125171,Tm3,5576.599999999999
103022,T4a,5576.8
35840,Mi1,5576.9
72558,T2a,5577.0
102791,T4c,5577.1
35405,Mi1,5577.2
10015,HSN,5577.6
87390,T2a,5577.7
91057,T4c,5577.7
91806,T4a,5577.7
95822,T4b,5577.7
66980,T2a,5577.8
76524,Tm3,5578.0
101772,Tm3,5578.0
124490,Tm3,5578.0
35428,Mi1,5578.1
36540,Mi1,5578.2
35498,Mi1,5578.3
11981,Li28,5578.5
75484,Tm3,5578.6
109536,T4d,5578.700000000001
16033,Li28,5578.8
34862,Mi1,5578.8
99131,T4c,5578.8
10016,HSE,5578.9
103654,T4b,5578.9
92281,T4c,5579.000000000001
97675,T4c,5579.1
97853,T4c,5579.1
93750,T4c,5579.2
94179,T4a,5579.400000000001
53065,Mi1,5579.400000000001
92114,T4c,5579.8
37019,Mi1,5580.0
47368,TmY3,5580.200000000001
74231,Tm3,5580.200000000001
94624,T4a,5580.3
90049,T4c,5580.4
105698,T4c,5580.4
38767,Mi1,5580.6
112744,T4d,5580.8
110988,T4a,5581.0
32893,Mi1,5581.1
23047,Li28,5581.1
10023,HSS,5581.1
16545,Li28,5581.2
98887,T4b,5581.2
116129,T4b,5581.2
98788,T4d,5581.3
34933,Mi1,5581.400000000001
34189,Mi1,5581.5
20264,Li28,5581.700000000001
95883,T4a,5581.700000000001
100787,T4b,5581.8
71052,T2a,5582.0
15909,Li28,5582.0
65671,Mi1,5582.1
532850,Tm3,5582.1
89368,T4c,5582.400000000001
36252,Mi1,5582.7
97028,T4c,5582.8
34057,Mi1,5583.099999999999
10025,H2,5583.200000000001
101873,T4b,5583.200000000001
16596,Li28,5583.3
36533,Mi1,5583.3
99011,T4c,5583.4
98985,T4c,5583.4
41809,Mi1,5583.6
51122,Mi1,5583.8
72955,T2a,5583.8
37948,Mi1,5583.9
39158,Mi1,5584.0
59397,Mi1,5584.2
96295,T4b,5584.400000000001
101215,T4c,5584.700000000001
36446,Mi1,5585.3
38479,Mi1,5585.500000000001
15263,Li28,5585.8
17280,Li28,5586.1
50333,TmY3,5586.2
35836,Mi1,5586.3
109598,T4b,5586.3
36217,Mi1,5586.400000000001
55976,Mi1,5586.6
90423,T4b,5586.6
118924,Tm3,5586.6
98381,T4d,5586.700000000001
49324,Mi1,5586.700000000001
34369,Mi1,5586.700000000001
35017,Mi1,5586.700000000001
10015,HSN,5587.1
33655,Mi1,5587.1
33942,Mi1,5587.5
34045,Mi1,5587.5
33907,Mi1,5587.6
73828,Tm3,5587.6
67113,Mi1,5587.7
34479,Mi1,5587.7
36954,Mi1,5587.7
63420,Mi1,5587.900000000001
58862,Mi1,5587.900000000001
107442,T4d,5588.0
33446,Mi1,5588.200000000001
56564,Mi1,5588.200000000001
69380,Tm3,5588.200000000001
79271,T4a,5588.200000000001
42119,Mi1,5588.3
104257,T4b,5588.4
17596,Li28,5588.7
54885,TmY3,5588.7
14209,Li28,5588.7
37000,Mi1,5588.8
526158,Mi1,5588.900000000001
95005,T4a,5588.900000000001
35602,Mi1,5588.900000000001
34849,Mi1,5588.900000000001
33462,Mi1,5589.0
15019,Li28,5589.1
91469,T4c,5589.1
55101,Mi1,5589.2
74023,T2a,5589.400000000001
37631,Mi1,5589.5
35770,Mi1,5589.599999999999
75521,T2a,5589.599999999999
91283,T4c,5589.599999999999
102462,T4c,5589.8
35840,Mi1,5590.2
89434,T4c,5590.2
122308,Tm3,5590.3
34356,Mi1,5590.400000000001
88625,T4c,5590.400000000001
90121,T4b,5590.400000000001
36994,Mi1,5590.5
11981,Li28,5590.6
54087,Mi1,5590.6
98118,T4c,5590.6
100867,T4b,5590.7
36410,Mi1,5590.7
10037,VS,5590.8
19292,Li28,5590.8
93972,T4a,5590.900000000001
103479,T4c,5590.900000000001
73284,T2a,5591.0
117627,Tm3,5591.099999999999
89290,T4d,5591.200000000001
38238,Mi1,5591.3
110646,T4b,5591.4
35405,Mi1,5591.4
10112,VS,5591.5
36540,Mi1,5591.6
37599,Mi1,5591.6
68522,T2a,5591.7
68982,Tm3,5591.7
35845,Mi1,5591.8
77480,Tm3,5591.9
91682,T4b,5591.9
92842,T4a,5591.9
66325,Tm3,5592.0
104858,T4b,5592.2
35218,Mi1,5592.2
122233,Tm3,5592.299999999999
35498,Mi1,5592.299999999999
81995,Tm3,5592.299999999999
92706,T4a,5592.400000000001
106952,T4b,5592.400000000001
34862,Mi1,5592.5
47962,TmY3,5592.599999999999
15909,Li28,5592.700000000001
53065,Mi1,5592.700000000001
107105,T4d,5592.700000000001
111184,T4a,5592.700000000001
127153,Tm3,5592.700000000001
97161,T4a,5592.8
86686,T4c,5592.8
51231,TmY3,5592.8
66808,Tm3,5592.8
34300,Mi1,5593.1
61659,Tm3,5593.200000000001
92047,T4c,5593.200000000001
16545,Li28,5593.3
45005,TmY3,5593.3
38893,Mi1,5593.4
16033,Li28,5593.4
95453,T4a,5593.500000000001
66214,T2a,5593.500000000001
105718,T4b,5593.6
99423,T4d,5593.7
10025,H2,5594.0
35580,Mi1,5594.1
101480,T4c,5594.2
37019,Mi1,5594.3
74228,Tm3,5594.3
99628,T4b,5594.3
39743,Mi1,5594.400000000001
108307,T4b,5594.5
35428,Mi1,5594.5
93419,T4b,5594.5
79257,Tm3,5594.6
85126,T4a,5594.700000000001
10016,HSE,5594.8
91913,T4b,5594.8
97171,T4d,5594.8
76325,T2a,5595.000000000001
34933,Mi1,5595.000000000001
81401,T4b,5595.000000000001
104297,T4a,5595.1
98300,T4a,5595.2
23047,Li28,5595.400000000001
94305,T4a,5595.5
34189,Mi1,5595.5
38767,Mi1,5595.7
97899,T4a,5595.8
101383,T4b,5595.8
91444,T4c,5595.900000000001
103022,T4a,5595.900000000001
32893,Mi1,5596.0
40026,TmY3,5596.0
97231,T4a,5596.0
20264,Li28,5596.200000000001
65671,Mi1,5596.200000000001
99663,T4c,5596.200000000001
74937,T2a,5596.500000000001
36252,Mi1,5596.500000000001
34057,Mi1,5596.7
92431,T4a,5596.7
116311,T4d,5596.7
92939,T4b,5596.8
59397,Mi1,5597.0
10015,HSN,5597.1
83227,Tm3,5597.2
73807,Tm3,5597.3
92839,T4b,5597.3
102741,T4c,5597.3
37948,Mi1,5597.599999999999
16596,Li28,5597.599999999999
36533,Mi1,5597.599999999999
98099,T4b,5598.3
95335,T4a,5598.400000000001
41809,Mi1,5598.7
39158,Mi1,5598.900000000001
92114,T4c,5598.900000000001
51122,Mi1,5599.200000000001
15263,Li28,5599.200000000001
38479,Mi1,5599.200000000001
95681,T4a,5599.3
107211,T4d,5599.5
99922,T4c,5599.6
10025,H2,5599.7
102016,T4a,5599.8
33655,Mi1,5599.9
35836,Mi1,5600.0
89139,T4c,5600.0
36446,Mi1,5600.1
101685,T4b,5600.1
17280,Li28,5600.1
35017,Mi1,5600.1
68562,T2a,5600.2
10755,H1,5600.2
34479,Mi1,5600.299999999999
34369,Mi1,5600.400000000001
36217,Mi1,5600.5
36954,Mi1,5600.5
49324,Mi1,5600.599999999999
55976,Mi1,5600.700000000001
77383,T2a,5600.700000000001
33942,Mi1,5600.8
95883,T4a,5600.8
95822,T4b,5601.200000000001
95458,T4d,5601.200000000001
56564,Mi1,5601.4
90465,T4a,5601.4
94368,T4a,5601.6
110403,T4b,5601.6
33907,Mi1,5601.7
34045,Mi1,5601.8
33446,Mi1,5601.900000000001
34849,Mi1,5601.900000000001
83979,T4a,5602.1
67719,T2a,5602.1
10016,HSE,5602.2
91806,T4a,5602.3
37000,Mi1,5602.400000000001
93750,T4c,5602.400000000001
98668,T4a,5602.400000000001
109142,T4b,5602.400000000001
47368,TmY3,5602.5
10023,HSS,5602.6
58862,Mi1,5602.700000000001
15909,Li28,5602.8
14209,Li28,5603.000000000001
11981,Li28,5603.2
526158,Mi1,5603.2
97675,T4c,5603.3
55101,Mi1,5603.3
33462,Mi1,5603.400000000001
63420,Mi1,5603.400000000001
98788,T4d,5603.400000000001
96576,T4c,5603.5
98887,T4b,5603.6
37631,Mi1,5603.7
65513,T2a,5603.7
42119,Mi1,5603.8
101772,Tm3,5604.0
96090,T4c,5604.0
34356,Mi1,5604.0
15019,Li28,5604.0
35770,Mi1,5604.3
10015,HSN,5604.500000000001
10037,VS,5604.500000000001
54087,Mi1,5604.500000000001
17596,Li28,5604.6
92644,T4d,5604.6
79646,Tm3,5604.7
35602,Mi1,5604.8
104368,T4c,5604.8
112321,T4d,5605.0
36994,Mi1,5605.2
35840,Mi1,5605.2
37599,Mi1,5605.3
88992,T4c,5605.3
16545,Li28,5605.400000000001
19292,Li28,5605.5
99950,T4c,5605.599999999999
36540,Mi1,5605.8
94624,T4a,5605.8
10025,H2,5605.9
71398,Tm3,5606.0
101043,T4c,5606.2
91057,T4c,5606.2
67113,Mi1,5606.2
69597,Tm3,5606.2
79293,Tm3,5606.2
92281,T4c,5606.3
50333,TmY3,5606.4
83689,T4a,5606.4
69540,TmY3,5606.5
108349,T4d,5606.5
102791,T4c,5606.7
35405,Mi1,5606.8
80302,T2a,5606.900000000001
87424,T4d,5607.099999999999
83365,T2a,5607.099999999999
16033,Li28,5607.200000000001
35218,Mi1,5607.3
97028,T4c,5607.3
66980,T2a,5607.4
93566,T4a,5607.5
10112,VS,5607.6
34862,Mi1,5607.6
35498,Mi1,5607.6
97885,T4a,5607.6
53065,Mi1,5607.9
38893,Mi1,5608.2
127615,Tm3,5608.299999999999
34300,Mi1,5608.400000000001
117662,T4d,5608.5
35580,Mi1,5608.6
35845,Mi1,5608.6
36410,Mi1,5608.700000000001
89434,T4c,5608.8
91469,T4c,5608.900000000001
65671,Mi1,5609.200000000001
37019,Mi1,5609.200000000001
35428,Mi1,5609.200000000001
74373,Tm3,5609.4
38767,Mi1,5609.500000000001
72558,T2a,5609.500000000001
34933,Mi1,5609.7
36252,Mi1,5609.7
70800,Tm3,5609.8
75848,T2a,5609.8
64579,T2,5609.900000000001
59397,Mi1,5610.0
52328,TmY3,5610.3
34189,Mi1,5610.3
32893,Mi1,5610.3
37948,Mi1,5610.6
101215,T4c,5610.9
20264,Li28,5611.000000000001
108438,T4d,5611.1
36533,Mi1,5611.2
34057,Mi1,5611.3
10015,HSN,5611.400000000001
38238,Mi1,5611.400000000001
23047,Li28,5611.5
66808,Tm3,5611.6
39743,Mi1,5611.8
78561,Tm3,5612.099999999999
16596,Li28,5612.3
39158,Mi1,5612.3
89368,T4c,5612.3
98194,T4d,5612.4
107143,T4d,5612.4
92996,T4a,5612.500000000001
109857,T4d,5612.500000000001
34479,Mi1,5612.6
41809,Mi1,5612.6
65298,T2a,5612.900000000001
35017,Mi1,5612.900000000001
15909,Li28,5612.900000000001
49372,TmY3,5613.1
90049,T4c,5613.1
107170,T4b,5613.1
15263,Li28,5613.3
33655,Mi1,5613.5
104683,T4b,5613.5
61401,T2a,5613.599999999999
72955,T2a,5613.599999999999
38479,Mi1,5613.700000000001
96126,T4b,5613.8
55976,Mi1,5613.8
51122,Mi1,5613.9
36217,Mi1,5614.1
78108,T2a,5614.1
34369,Mi1,5614.2
98381,T4d,5614.2
35836,Mi1,5614.3
49324,Mi1,5614.3
92047,T4c,5614.3
109598,T4b,5614.3
74231,Tm3,5614.4
56564,Mi1,5614.5
17280,Li28,5614.5
96295,T4b,5614.6
71052,T2a,5614.900000000001
94179,T4a,5615.0
34899,Mi1,5615.099999999999
36446,Mi1,5615.099999999999
100018,T4a,5615.099999999999
104257,T4b,5615.200000000001
37000,Mi1,5615.5
92706,T4a,5615.5
102519,T4a,5615.6
34849,Mi1,5615.6
97899,T4a,5615.7
90423,T4b,5616.0
10016,HSE,5616.1
33942,Mi1,5616.1
36954,Mi1,5616.1
11981,Li28,5616.2
71161,T2a,5616.2
95005,T4a,5616.3
35100,Mi1,5616.400000000001
33446,Mi1,5616.400000000001
122233,Tm3,5616.400000000001
102462,T4c,5616.5
75521,T2a,5616.6
112744,T4d,5616.6
14209,Li28,5616.8
33907,Mi1,5616.8
88625,T4c,5616.8
47368,TmY3,5616.900000000001
33462,Mi1,5617.0
79271,T4a,5617.1
37568,Mi1,5617.200000000001
58862,Mi1,5617.200000000001
35770,Mi1,5617.200000000001
102579,T4b,5617.3
99131,T4c,5617.4
100867,T4b,5617.4
526158,Mi1,5617.4
36452,Mi1,5617.500000000001
92431,T4a,5617.500000000001
42119,Mi1,5617.6
16033,Li28,5617.6
34045,Mi1,5617.6
55101,Mi1,5617.7
16545,Li28,5617.7
10025,H2,5617.7
15019,Li28,5617.7
93750,T4c,5617.8
37631,Mi1,5617.900000000001
118924,Tm3,5617.900000000001
36540,Mi1,5618.0
92842,T4a,5618.0
39275,Mi1,5618.1
42006,TmY3,5618.1
54087,Mi1,5618.2
90121,T4b,5618.3
122308,Tm3,5618.3
63420,Mi1,5618.3
10037,VS,5618.400000000001
94305,T4a,5618.9
114391,T4d,5618.9
10015,HSN,5619.000000000001
34356,Mi1,5619.000000000001
88951,Tm3,5619.2
35602,Mi1,5619.3
103022,T4a,5619.3
104858,T4b,5619.3
89290,T4d,5619.400000000001
73284,T2a,5619.6
68982,Tm3,5619.6
17596,Li28,5619.6
98985,T4c,5619.7
109649,T4c,5619.8
37599,Mi1,5619.900000000001
101005,T4d,5619.900000000001
36994,Mi1,5620.0
83067,T4b,5620.0
35498,Mi1,5620.099999999999
93688,T4a,5620.200000000001
78968,Tm3,5620.3
35840,Mi1,5620.3
35405,Mi1,5620.3
34862,Mi1,5620.3
67113,Mi1,5620.4
74023,T2a,5620.4
69793,T2a,5620.6
72279,Mi1,5620.7
105574,T4d,5620.7
91682,T4b,5620.8
97853,T4c,5620.8
85126,T4a,5620.900000000001
77676,T2a,5621.0
109536,T4d,5621.1
99663,T4c,5621.2
19292,Li28,5621.3
68522,T2a,5621.400000000001
69980,Tm3,5621.400000000001
77991,Tm3,5621.400000000001
107609,T4d,5621.400000000001
110646,T4b,5621.400000000001
93972,T4a,5621.5
95453,T4a,5621.5
10112,VS,5621.599999999999
54885,TmY3,5621.599999999999
69380,Tm3,5621.700000000001
35152,Mi1,5621.8
52485,TmY3,5621.8
93419,T4b,5621.8
74725,T2a,5621.9
105698,T4c,5621.9
72796,Tm3,5622.0
35580,Mi1,5622.1
91987,T4c,5622.1
110988,T4a,5622.1
92939,T4b,5622.3
34300,Mi1,5622.4
99011,T4c,5622.5
38893,Mi1,5622.8
53065,Mi1,5623.0
83979,T4a,5623.0
97675,T4c,5623.0
104297,T4a,5623.0
15909,Li28,5623.099999999999
35218,Mi1,5623.200000000001
59397,Mi1,5623.4
97872,T4d,5623.4
120231,Tm3,5623.5
34933,Mi1,5623.5
34189,Mi1,5623.6
35845,Mi1,5623.6
37019,Mi1,5623.6
87390,T2a,5623.6
101772,Tm3,5623.7
43334,TmY3,5623.8
91444,T4c,5623.8
117627,Tm3,5624.0
36252,Mi1,5624.0
69978,T2,5624.0
65671,Mi1,5624.1
73096,T2a,5624.1
38767,Mi1,5624.1
34079,Mi1,5624.400000000001
37948,Mi1,5624.400000000001
10023,HSS,5624.6
20264,Li28,5624.6
35428,Mi1,5624.6
116129,T4b,5624.700000000001
97161,T4a,5624.900000000001
10025,H2,5625.0
79345,T2a,5625.0
98887,T4b,5625.1
95883,T4a,5625.3
10015,HSN,5625.3
32893,Mi1,5625.3
36410,Mi1,5625.4
10206,VS,5625.500000000001
102741,T4c,5625.500000000001
34057,Mi1,5625.6
36533,Mi1,5625.7
41809,Mi1,5625.900000000001
39158,Mi1,5626.0
39743,Mi1,5626.0
34479,Mi1,5626.0
91806,T4a,5626.2
10016,HSE,5626.2
23047,Li28,5626.5
95335,T4a,5626.5
97249,T4d,5626.6
94624,T4a,5626.700000000001
104008,T4b,5626.700000000001
34369,Mi1,5626.9
38238,Mi1,5627.1
104674,T4a,5627.2
55976,Mi1,5627.3
56564,Mi1,5627.400000000001
35017,Mi1,5627.6
38479,Mi1,5627.8
49324,Mi1,5627.8
37000,Mi1,5628.0
15263,Li28,5628.099999999999
97028,T4c,5628.099999999999
33655,Mi1,5628.200000000001
51122,Mi1,5628.200000000001
95458,T4d,5628.200000000001
16033,Li28,5628.3
100032,T4c,5628.4
77383,T2a,5628.4
35836,Mi1,5628.4
16596,Li28,5628.4
16545,Li28,5628.4
67150,T2a,5628.5
36217,Mi1,5628.7
95681,T4a,5628.7
91283,T4c,5628.8
98118,T4c,5628.900000000001
17280,Li28,5629.0
91469,T4c,5629.1
97231,T4a,5629.1
33942,Mi1,5629.1
36446,Mi1,5629.2
103160,T4a,5629.400000000001
61659,Tm3,5629.5
33446,Mi1,5629.8
10037,VS,5630.1
34849,Mi1,5630.1
102112,T4c,5630.2
11981,Li28,5630.2
89434,T4c,5630.2
98300,T4a,5630.2
111184,T4a,5630.3
112993,T4b,5630.3
97171,T4d,5630.3
36954,Mi1,5630.4
99922,T4c,5630.4
101215,T4c,5630.4
104191,T4a,5630.5
10755,H1,5630.6
51231,TmY3,5630.6
94743,T4d,5630.6
42119,Mi1,5630.7
58862,Mi1,5630.900000000001
72829,T2a,5631.099999999999
47962,TmY3,5631.099999999999
10015,HSN,5631.200000000001
526158,Mi1,5631.200000000001
35770,Mi1,5631.3
14209,Li28,5631.4
96090,T4c,5631.5
33462,Mi1,5631.8
34045,Mi1,5631.8
65513,T2a,5631.8
37631,Mi1,5631.9
33907,Mi1,5631.9
92281,T4c,5631.9
99628,T4b,5632.0
55101,Mi1,5632.1
36540,Mi1,5632.2
102791,T4c,5632.2
107442,T4d,5632.2
54087,Mi1,5632.3
68562,T2a,5632.3
15019,Li28,5632.6
95239,T4a,5632.700000000001
105135,T4c,5632.700000000001
107240,T4b,5632.700000000001
95822,T4b,5632.900000000001
63420,Mi1,5632.900000000001
66214,T2a,5632.900000000001
92114,T4c,5633.1
98788,T4d,5633.1
77480,Tm3,5633.200000000001
15909,Li28,5633.4
36994,Mi1,5633.4
83689,T4a,5633.4
34356,Mi1,5633.6
102462,T4c,5633.7
96576,T4c,5633.8
93527,T4a,5633.8
66325,Tm3,5634.0
34899,Mi1,5634.0
10016,HSE,5634.1
94356,T4c,5634.1
35405,Mi1,5634.2
35498,Mi1,5634.3
101480,T4c,5634.3
17596,Li28,5634.400000000001
94755,T4a,5634.400000000001
34862,Mi1,5634.5
35602,Mi1,5634.5
97899,T4a,5634.700000000001
66980,T2a,5634.700000000001
35840,Mi1,5634.9
91057,T4c,5634.9
36452,Mi1,5635.000000000001
37568,Mi1,5635.000000000001
105718,T4b,5635.1
93334,T4b,5635.2
67113,Mi1,5635.400000000001
71773,T2a,5635.5
10025,H2,5635.5
10112,VS,5635.5
103654,T4b,5635.6
19292,Li28,5635.6
78422,Tm3,5635.7
91913,T4b,5635.7
92706,T4a,5635.8
101620,T4b,5635.8
72558,T2a,5635.900000000001
40026,TmY3,5636.0
76325,T2a,5636.099999999999
108307,T4b,5636.099999999999
47368,TmY3,5636.200000000001
39275,Mi1,5636.3
34300,Mi1,5636.3
79257,Tm3,5636.4
38767,Mi1,5636.5
71475,Tm3,5636.6
127615,Tm3,5636.6
75484,Tm3,5636.7
37019,Mi1,5636.900000000001
96134,T4b,5637.0
34933,Mi1,5637.0
38893,Mi1,5637.0
66808,Tm3,5637.1
100787,T4b,5637.1
50333,TmY3,5637.1
37599,Mi1,5637.3
37948,Mi1,5637.400000000001
94287,T4d,5637.400000000001
36252,Mi1,5637.5
35580,Mi1,5637.599999999999
59397,Mi1,5637.599999999999
92047,T4c,5637.700000000001
35100,Mi1,5637.700000000001
81401,T4b,5637.700000000001
34189,Mi1,5638.0
10015,HSN,5638.2
35845,Mi1,5638.3
65671,Mi1,5638.3
81995,Tm3,5638.3
98668,T4a,5638.3
35428,Mi1,5638.4
72279,Mi1,5638.4
74937,T2a,5638.4
20264,Li28,5638.5
35218,Mi1,5638.6
32893,Mi1,5638.6
93750,T4c,5638.6
36533,Mi1,5638.8
53065,Mi1,5639.0
34057,Mi1,5639.200000000001
34479,Mi1,5639.200000000001
35152,Mi1,5639.200000000001
89368,T4c,5639.200000000001
106952,T4b,5639.200000000001
10023,HSS,5639.5
39743,Mi1,5639.5
101685,T4b,5639.5
39158,Mi1,5639.6
41809,Mi1,5639.8
23047,Li28,5640.0
87358,T4a,5640.0
90049,T4c,5640.0
92431,T4a,5640.1
69597,Tm3,5640.2
98381,T4d,5640.3
100946,T4c,5640.3
74228,Tm3,5640.400000000001
76524,Tm3,5640.400000000001
16545,Li28,5640.5
16033,Li28,5640.5
102016,T4a,5640.5
34369,Mi1,5640.6
94368,T4a,5640.700000000001
109142,T4b,5640.700000000001
36410,Mi1,5641.0
38238,Mi1,5641.200000000001
55976,Mi1,5641.200000000001
103022,T4a,5641.200000000001
104257,T4b,5641.200000000001
33655,Mi1,5641.3
103827,T4c,5641.3
83227,Tm3,5641.4
90423,T4b,5641.500000000001
86686,T4c,5641.500000000001
37000,Mi1,5641.500000000001
34079,Mi1,5641.500000000001
75521,T2a,5641.7
106922,T4c,5641.7
10037,VS,5641.8
38479,Mi1,5641.900000000001
92839,T4b,5641.900000000001
72955,T2a,5642.0
35017,Mi1,5642.1
16596,Li28,5642.2
49324,Mi1,5642.400000000001
15909,Li28,5642.400000000001
35836,Mi1,5642.400000000001
51122,Mi1,5642.5
56564,Mi1,5642.5
98837,T4c,5642.599999999999
100867,T4b,5642.599999999999
96295,T4b,5642.700000000001
11981,Li28,5642.9
116311,T4d,5642.9
15263,Li28,5643.1
10025,H2,5643.1
89139,T4c,5643.2
33942,Mi1,5643.2
36217,Mi1,5643.2
112633,T4b,5643.3
132339,Tm3,5643.400000000001
95005,T4a,5643.400000000001
112321,T4d,5643.400000000001
125171,Tm3,5643.400000000001
35770,Mi1,5643.5
109857,T4d,5643.6
107719,T4b,5643.7
92939,T4b,5643.7
36446,Mi1,5643.7
34849,Mi1,5643.7
33446,Mi1,5643.8
93566,T4a,5643.8
17280,Li28,5643.900000000001
98985,T4c,5643.900000000001
108065,T4c,5643.900000000001
104858,T4b,5644.0
58862,Mi1,5644.3
97675,T4c,5644.3
104942,T4a,5644.3
92644,T4d,5644.4
36954,Mi1,5644.7
79271,T4a,5644.7
10016,HSE,5645.0
36540,Mi1,5645.0
37631,Mi1,5645.1
73586,Tm3,5645.1
94305,T4a,5645.1
95453,T4a,5645.1
101772,Tm3,5645.1
72194,Tm3,5645.2
109631,T4b,5645.2
109598,T4b,5645.3
92842,T4a,5645.3
15019,Li28,5645.400000000001
33462,Mi1,5645.400000000001
42119,Mi1,5645.400000000001
88625,T4c,5645.400000000001
526158,Mi1,5645.400000000001
74023,T2a,5645.5
83979,T4a,5645.5
10015,HSN,5645.599999999999
98099,T4b,5645.700000000001
102519,T4a,5645.700000000001
33907,Mi1,5645.700000000001
34356,Mi1,5645.8
73284,T2a,5645.8
79646,Tm3,5645.8
91682,T4b,5645.8
54087,Mi1,5645.9
99950,T4c,5646.0
68982,Tm3,5646.0
89434,T4c,5646.0
99131,T4c,5646.0
122233,Tm3,5646.1
102579,T4b,5646.2
88698,T4a,5646.3
14209,Li28,5646.3
55101,Mi1,5646.4
98887,T4b,5646.6
95554,T4b,5646.900000000001
96163,T4b,5646.900000000001
108697,T4d,5646.900000000001
95364,T4d,5647.099999999999
101383,T4b,5647.200000000001
112775,T4d,5647.200000000001
104414,T4d,5647.4
103479,T4c,5647.5
107170,T4b,5647.5
91806,T4a,5647.7
63420,Mi1,5647.7
74231,Tm3,5647.7
88152,T4c,5647.8
99423,T4d,5647.8
69380,Tm3,5648.000000000001
87424,T4d,5648.000000000001
35498,Mi1,5648.1
102741,T4c,5648.2
35602,Mi1,5648.3
89290,T4d,5648.400000000001
97853,T4c,5648.6
36994,Mi1,5648.6
34045,Mi1,5648.6
17596,Li28,5648.7
35405,Mi1,5648.7
85126,T4a,5648.7
67113,Mi1,5648.8
82282,Tm3,5648.900000000001
110646,T4b,5648.900000000001
46662,TmY3,5649.0
53075,TmY3,5649.0
93419,T4b,5649.0
111980,T4d,5649.0
109593,Tm3,5649.1
71052,T2a,5649.1
10025,H2,5649.200000000001
10112,VS,5649.3
10755,H1,5649.3
34862,Mi1,5649.3
78561,Tm3,5649.3
111184,T4a,5649.3
35840,Mi1,5649.4
78968,Tm3,5649.4
99670,T4c,5649.6
97028,T4c,5649.7
15909,Li28,5649.7
34933,Mi1,5649.8
88992,T4c,5649.8
19292,Li28,5649.900000000001
52328,TmY3,5649.900000000001
36452,Mi1,5650.0
37948,Mi1,5650.400000000001
92993,Tm3,5650.5
94624,T4a,5650.5
54885,TmY3,5650.599999999999
100033,T4c,5650.599999999999
38893,Mi1,5650.700000000001
16545,Li28,5650.9
16033,Li28,5651.000000000001
34300,Mi1,5651.000000000001
34899,Mi1,5651.000000000001
38767,Mi1,5651.000000000001
83365,T2a,5651.000000000001
101043,T4c,5651.000000000001
10037,VS,5651.1
37019,Mi1,5651.2
45005,TmY3,5651.2
95883,T4a,5651.3
94153,T4d,5651.3
93972,T4a,5651.3
68842,TmY3,5651.3
35580,Mi1,5651.400000000001
39275,Mi1,5651.400000000001
105521,T4c,5651.400000000001
37599,Mi1,5651.5
59397,Mi1,5651.6
91469,T4c,5651.6
104683,T4b,5651.6
107105,T4d,5651.6
92281,T4c,5651.7
112744,T4d,5652.0
83067,T4b,5652.0
53065,Mi1,5652.200000000001
10023,HSS,5652.3
20264,Li28,5652.4
34479,Mi1,5652.5
51231,TmY3,5652.5
36252,Mi1,5652.6
65671,Mi1,5652.6
99663,T4c,5652.7
94179,T4a,5652.7
105698,T4c,5652.7
35100,Mi1,5652.7
35845,Mi1,5652.7
34057,Mi1,5652.7
47368,TmY3,5652.900000000001
32893,Mi1,5653.0
92047,T4c,5653.1
92996,T4a,5653.2
37568,Mi1,5653.3
36533,Mi1,5653.400000000001
66808,Tm3,5653.400000000001
72279,Mi1,5653.400000000001
108349,T4d,5653.5
91444,T4c,5653.5
11981,Li28,5653.599999999999
98194,T4d,5653.599999999999
99011,T4c,5653.599999999999
104368,T4c,5653.9
35218,Mi1,5654.1
35428,Mi1,5654.1
55976,Mi1,5654.1
41809,Mi1,5654.2
10016,HSE,5654.2
23047,Li28,5654.2
65298,T2a,5654.3
39158,Mi1,5654.4
33655,Mi1,5654.4
10015,HSN,5654.6
35152,Mi1,5654.6
39743,Mi1,5654.8
75848,T2a,5654.8
95681,T4a,5654.8
111746,Tm3,5654.8
37000,Mi1,5654.900000000001
34189,Mi1,5655.099999999999
38238,Mi1,5655.099999999999
34369,Mi1,5655.200000000001
85737,T2a,5655.200000000001
10025,H2,5655.200000000001
34079,Mi1,5655.3
61401,T2a,5655.4
92706,T4a,5655.5
97899,T4a,5655.5
56564,Mi1,5655.6
110988,T4a,5655.6
117627,Tm3,5655.700000000001
35836,Mi1,5655.8
36410,Mi1,5655.8
49324,Mi1,5655.9
83689,T4a,5656.000000000001
38479,Mi1,5656.000000000001
42006,TmY3,5656.000000000001
33942,Mi1,5656.400000000001
35017,Mi1,5656.400000000001
51122,Mi1,5656.400000000001
69540,TmY3,5656.400000000001
102479,T4c,5656.400000000001
117662,T4d,5656.400000000001
10112,VS,5656.5
35770,Mi1,5656.8
50333,TmY3,5656.8
69793,T2a,5656.900000000001
36446,Mi1,5656.900000000001
16596,Li28,5656.900000000001
93750,T4c,5657.1
101005,T4d,5657.200000000001
98118,T4c,5657.3
15263,Li28,5657.4
97161,T4a,5657.4
102462,T4c,5657.4
33446,Mi1,5657.6
36217,Mi1,5657.6
67719,T2a,5657.6
104191,T4a,5657.8
34849,Mi1,5657.8
101215,T4c,5657.8
10037,VS,5657.900000000001
67150,T2a,5658.0
90121,T4b,5658.0
75377,T2a,5658.1
96126,T4b,5658.2
15909,Li28,5658.3
103425,T4a,5658.3
77383,T2a,5658.400000000001
17280,Li28,5658.5
36954,Mi1,5658.599999999999
95822,T4b,5658.599999999999
106793,T4d,5658.599999999999
114391,T4d,5658.599999999999
96090,T4c,5658.700000000001
73828,Tm3,5659.000000000001
96576,T4c,5659.1
91987,T4c,5659.1
118924,Tm3,5659.1
54087,Mi1,5659.2
33462,Mi1,5659.2
102975,T4b,5659.3
47962,TmY3,5659.3
34356,Mi1,5659.400000000001
68522,T2a,5659.400000000001
100032,T4c,5659.400000000001
58862,Mi1,5659.5
68562,T2a,5659.5
94755,T4a,5659.5
37631,Mi1,5659.6
36540,Mi1,5659.7
103022,T4a,5659.7
108438,T4d,5659.7
526158,Mi1,5659.900000000001
91283,T4c,5659.900000000001
15019,Li28,5660.0
66980,T2a,5660.099999999999
104257,T4b,5660.099999999999
99922,T4c,5660.3
10015,HSN,5660.5
104297,T4a,5660.5
94743,T4d,5660.6
122308,Tm3,5660.7
132834,Tm3,5660.7
92114,T4c,5660.8
14209,Li28,5660.8
95239,T4a,5661.0
33907,Mi1,5661.1
77480,Tm3,5661.1
112179,T4b,5661.1
42119,Mi1,5661.2
40026,TmY3,5661.3
35602,Mi1,5661.5
10206,VS,5661.8
93688,T4a,5661.8
101620,T4b,5661.9
94356,T4c,5661.9
16545,Li28,5661.9
36994,Mi1,5662.1
67113,Mi1,5662.1
69980,Tm3,5662.1
92415,T4a,5662.1
97231,T4a,5662.1
35405,Mi1,5662.2
98300,T4a,5662.2
78503,T2a,5662.3
98788,T4d,5662.6
114817,T4d,5662.6
17596,Li28,5662.6
116129,T4b,5662.7
10016,HSE,5662.799999999999
35498,Mi1,5662.799999999999
16033,Li28,5662.900000000001
19292,Li28,5662.900000000001
55101,Mi1,5662.900000000001
34933,Mi1,5663.099999999999
72558,T2a,5663.099999999999
35840,Mi1,5663.200000000001
97872,T4d,5663.3
83979,T4a,5663.3
63420,Mi1,5663.400000000001
10023,HSS,5663.5
34862,Mi1,5663.5
10025,H2,5663.700000000001
90465,T4a,5663.700000000001
95458,T4d,5663.8
104858,T4b,5663.9
108307,T4b,5663.9
97480,T4c,5664.400000000001
107609,T4d,5664.5
95453,T4a,5664.5
97675,T4c,5664.5
39275,Mi1,5664.6
52485,TmY3,5664.7
34045,Mi1,5664.8
38767,Mi1,5664.900000000001
38893,Mi1,5665.0
34300,Mi1,5665.1
34899,Mi1,5665.200000000001
37948,Mi1,5665.3
102791,T4c,5665.3
98887,T4b,5665.3
35580,Mi1,5665.3
37599,Mi1,5665.3
70800,Tm3,5665.3
37019,Mi1,5665.4
96295,T4b,5665.500000000001
94305,T4a,5665.6
36452,Mi1,5665.8
65671,Mi1,5665.8
10112,VS,5665.8
59397,Mi1,5665.900000000001
34479,Mi1,5666.0
10037,VS,5666.0
109536,T4d,5666.1
87358,T4a,5666.2
10015,HSN,5666.2
20264,Li28,5666.3
34057,Mi1,5666.3
95335,T4a,5666.3
11981,Li28,5666.599999999999
89368,T4c,5666.8
15909,Li28,5666.9
36252,Mi1,5667.000000000001
36533,Mi1,5667.000000000001
91469,T4c,5667.000000000001
55976,Mi1,5667.1
32893,Mi1,5667.3
98381,T4d,5667.3
91057,T4c,5667.5
35100,Mi1,5667.6
39158,Mi1,5667.7
34369,Mi1,5667.8
53065,Mi1,5667.8
35845,Mi1,5668.099999999999
100787,T4b,5668.099999999999
33655,Mi1,5668.200000000001
104336,T4b,5668.200000000001
39743,Mi1,5668.3
72279,Mi1,5668.5
101685,T4b,5668.5
35152,Mi1,5668.6
41809,Mi1,5668.6
110403,T4b,5668.6
92431,T4a,5668.7
37568,Mi1,5668.9
90049,T4c,5668.9
35017,Mi1,5669.0
95883,T4a,5669.1
107211,T4d,5669.1
35218,Mi1,5669.2
23047,Li28,5669.2
89434,T4c,5669.3
36410,Mi1,5669.400000000001
49324,Mi1,5669.400000000001
56564,Mi1,5669.400000000001
75521,T2a,5669.400000000001
86686,T4c,5669.400000000001
92939,T4b,5669.400000000001
35428,Mi1,5669.5
38479,Mi1,5669.599999999999
119245,T4d,5669.599999999999
33942,Mi1,5669.8
10016,HSE,5669.9
102016,T4a,5670.0
38238,Mi1,5670.1
51122,Mi1,5670.1
100956,T4d,5670.1
35836,Mi1,5670.3
101770,T4b,5670.4
37000,Mi1,5670.5
34079,Mi1,5670.6
34189,Mi1,5670.6
65513,T2a,5670.7
77676,T2a,5670.900000000001
35770,Mi1,5670.900000000001
102519,T4a,5671.0
36446,Mi1,5671.200000000001
99628,T4b,5671.200000000001
33446,Mi1,5671.3
97885,T4a,5671.3
90423,T4b,5671.5
16596,Li28,5671.6
101772,Tm3,5671.6
47368,TmY3,5671.8
68982,Tm3,5671.9
72955,T2a,5672.000000000001
10025,H2,5672.000000000001
30923,TmY3,5672.1
79271,T4a,5672.1
97171,T4d,5672.1
100867,T4b,5672.1
15263,Li28,5672.400000000001
34849,Mi1,5672.5
54087,Mi1,5672.5
109142,T4b,5672.5
36217,Mi1,5672.6
91913,T4b,5672.6
36954,Mi1,5672.900000000001
73284,T2a,5673.0
94368,T4a,5673.0
97028,T4c,5673.0
82855,Tm3,5673.1
33462,Mi1,5673.200000000001
58862,Mi1,5673.200000000001
69380,Tm3,5673.200000000001
92644,T4d,5673.200000000001
10015,HSN,5673.4
34356,Mi1,5673.6
105718,T4b,5673.6
36540,Mi1,5673.7
88625,T4c,5673.8
90278,T4a,5673.8
98099,T4b,5673.900000000001
37631,Mi1,5674.0
38133,Mi1,5674.0
526158,Mi1,5674.1
111184,T4a,5674.2
17280,Li28,5674.3
37529,Mi1,5674.400000000001
37853,Mi1,5674.400000000001
92706,T4a,5674.5
99950,T4c,5674.599999999999
93750,T4c,5674.599999999999
14209,Li28,5674.599999999999
92281,T4c,5674.599999999999
16033,Li28,5674.700000000001
16545,Li28,5674.700000000001
35806,Mi1,5674.700000000001
36177,Mi1,5674.8
35602,Mi1,5674.9
33907,Mi1,5675.000000000001
102801,T4b,5675.1
37371,Mi1,5675.1
102579,T4b,5675.2
37353,Mi1,5675.2
70289,Mi1,5675.2
15019,Li28,5675.3
112744,T4d,5675.3
10755,H1,5675.400000000001
71161,T2a,5675.400000000001
95005,T4a,5675.400000000001
532850,Tm3,5675.6
10112,VS,5675.6
67113,Mi1,5675.6
91806,T4a,5675.6
42119,Mi1,5675.7
79646,Tm3,5675.8
81995,Tm3,5675.900000000001
98985,T4c,5675.900000000001
74023,T2a,5676.3
85126,T4a,5676.3
36911,Mi1,5676.6
98668,T4a,5676.6
101480,T4c,5676.6
108065,T4c,5676.6
37270,Mi1,5676.7
122233,Tm3,5676.8
10037,VS,5676.8
93566,T4a,5676.8
35405,Mi1,5676.9
15909,Li28,5677.1
34933,Mi1,5677.1
97853,T4c,5677.1
99011,T4c,5677.1
96134,T4b,5677.2
35498,Mi1,5677.3
55101,Mi1,5677.400000000001
36994,Mi1,5677.400000000001
35888,Mi1,5677.400000000001
34862,Mi1,5677.5
71475,Tm3,5677.5
92047,T4c,5677.599999999999
94624,T4a,5677.700000000001
10023,HSS,5677.8
38893,Mi1,5677.8
74725,T2a,5677.8
93527,T4a,5677.8
17596,Li28,5677.9
10016,HSE,5678.0
102741,T4c,5678.1
99131,T4c,5678.2
63420,Mi1,5678.3
35840,Mi1,5678.4
19292,Li28,5678.5
34296,Mi1,5678.5
37948,Mi1,5678.5
59397,Mi1,5678.5
127615,Tm3,5678.5
10025,H2,5678.7
113686,T4d,5678.8
65671,Mi1,5678.8
38767,Mi1,5678.8
35580,Mi1,5678.900000000001
89290,T4d,5678.900000000001
37599,Mi1,5679.0
34045,Mi1,5679.1
39275,Mi1,5679.1
95356,T4a,5679.200000000001
34057,Mi1,5679.3
66808,Tm3,5679.5
106952,T4b,5679.5
34300,Mi1,5679.5
93419,T4b,5679.700000000001
10015,HSN,5679.8
115636,T4d,5679.9
34899,Mi1,5679.9
83067,T4b,5680.000000000001
36452,Mi1,5680.1
74937,T2a,5680.1
50333,TmY3,5680.3
37019,Mi1,5680.400000000001
80302,T2a,5680.400000000001
34479,Mi1,5680.5
37037,Mi1,5680.5
39158,Mi1,5680.5
11981,Li28,5680.6
73096,T2a,5680.7
87390,T2a,5680.900000000001
74231,Tm3,5681.1
33655,Mi1,5681.200000000001
36533,Mi1,5681.3
55976,Mi1,5681.4
104027,T4d,5681.4
32893,Mi1,5681.500000000001
67971,Tm3,5681.500000000001
36252,Mi1,5681.6
69597,Tm3,5681.6
103827,T4c,5681.6
107170,T4b,5681.8
100033,T4c,5681.8
93025,T4b,5681.8
91682,T4b,5681.8
20264,Li28,5681.900000000001
109598,T4b,5682.0
34369,Mi1,5682.2
53065,Mi1,5682.2
103654,T4b,5682.2
35897,Mi1,5682.3
98194,T4d,5682.400000000001
33942,Mi1,5682.5
39743,Mi1,5682.5
72796,Tm3,5682.599999999999
35712,Mi1,5682.599999999999
35845,Mi1,5682.599999999999
35017,Mi1,5682.700000000001
37568,Mi1,5682.700000000001
35100,Mi1,5682.9
72279,Mi1,5682.9
97899,T4a,5682.9
542412,Mi1,5683.0
35934,Mi1,5683.1
35152,Mi1,5683.1
98312,T4a,5683.2
38238,Mi1,5683.2
103022,T4a,5683.3
107442,T4d,5683.3
104683,T4b,5683.400000000001
34189,Mi1,5683.5
125171,Tm3,5683.5
40854,Mi1,5683.6
56564,Mi1,5683.6
41809,Mi1,5683.7
66345,T2a,5683.7
127153,Tm3,5683.8
71052,T2a,5684.0
35428,Mi1,5684.099999999999
120231,Tm3,5684.099999999999
51231,TmY3,5684.200000000001
23047,Li28,5684.3
35836,Mi1,5684.3
49324,Mi1,5684.3
99663,T4c,5684.3
36446,Mi1,5684.4
104191,T4a,5684.4
95364,T4d,5684.5
94179,T4a,5684.5
35234,Mi1,5684.5
35770,Mi1,5684.5
35218,Mi1,5684.6
83979,T4a,5684.6
92842,T4a,5684.6
36410,Mi1,5684.7
38479,Mi1,5684.8
77383,T2a,5684.8
99387,T4a,5684.8
101873,T4b,5684.8
98118,T4c,5685.0
16596,Li28,5685.0
34079,Mi1,5685.1
37000,Mi1,5685.2
83365,T2a,5685.2
33446,Mi1,5685.3
51122,Mi1,5685.3
10025,H2,5685.400000000001
45005,TmY3,5685.400000000001
116716,T4b,5685.5
101215,T4c,5685.599999999999
67150,T2a,5685.700000000001
16545,Li28,5685.700000000001
95554,T4b,5685.8
37699,Mi1,5685.8
104858,T4b,5685.9
15909,Li28,5686.0
16033,Li28,5686.0
36217,Mi1,5686.2
58862,Mi1,5686.2
10016,HSE,5686.3
91987,T4c,5686.3
109857,T4d,5686.4
109593,Tm3,5686.5
106922,T4c,5686.5
54885,TmY3,5686.5
81401,T4b,5686.5
94356,T4c,5686.6
98887,T4b,5686.6
109649,T4c,5686.6
77991,Tm3,5686.7
91057,T4c,5686.7
94287,T4d,5686.7
102462,T4c,5686.7
103025,T4a,5686.7
93972,T4a,5686.8
61659,Tm3,5686.900000000001
54087,Mi1,5686.900000000001
33462,Mi1,5687.0
103479,T4c,5687.0
10015,HSN,5687.1
36540,Mi1,5687.200000000001
95822,T4b,5687.200000000001
110646,T4b,5687.200000000001
34849,Mi1,5687.3
83689,T4a,5687.3
104257,T4b,5687.400000000001
100946,T4c,5687.400000000001
91283,T4c,5687.400000000001
90121,T4b,5687.400000000001
36954,Mi1,5687.400000000001
10112,VS,5687.5
96576,T4c,5687.5
99670,T4c,5687.5
66214,T2a,5687.6
88152,T4c,5687.6
95453,T4a,5687.6
95883,T4a,5687.6
35602,Mi1,5687.8
37631,Mi1,5687.8
15263,Li28,5687.8
34356,Mi1,5687.9
103160,T4a,5687.9
68522,T2a,5688.000000000001
97675,T4c,5688.000000000001
96090,T4c,5688.1
66980,T2a,5688.2
72194,Tm3,5688.3
74891,T2a,5688.3
93224,T4a,5688.3
92939,T4b,5688.400000000001
92839,T4b,5688.400000000001
79257,Tm3,5688.5
88992,T4c,5688.5
94755,T4a,5688.5
78968,Tm3,5688.6
97161,T4a,5688.6
10037,VS,5688.8
17280,Li28,5688.8
83204,T4d,5688.8
526158,Mi1,5688.8
42119,Mi1,5689.0
102564,T4a,5689.1
14209,Li28,5689.200000000001
68982,Tm3,5689.3
33907,Mi1,5689.500000000001
65298,T2a,5689.6
46662,TmY3,5689.7
75521,T2a,5689.7
101383,T4b,5689.7
68562,T2a,5690.0
99922,T4c,5690.1
92114,T4c,5690.2
103440,T4d,5690.2
101005,T4d,5690.3
10025,H2,5690.3
38133,Mi1,5690.3
15019,Li28,5690.400000000001
98654,T4d,5690.400000000001
87424,T4d,5690.5
90423,T4b,5690.5
108438,T4d,5690.599999999999
105521,T4c,5690.700000000001
74228,Tm3,5690.700000000001
92993,Tm3,5690.8
67113,Mi1,5690.9
114391,T4d,5691.0
66604,TmY3,5691.0
34862,Mi1,5691.0
70289,Mi1,5691.1
91469,T4c,5691.1
96126,T4b,5691.1
35806,Mi1,5691.2
65671,Mi1,5691.2
102975,T4b,5691.400000000001
36177,Mi1,5691.6
59397,Mi1,5691.6
69980,Tm3,5691.6
78561,Tm3,5691.6
55101,Mi1,5691.7
37853,Mi1,5691.7
44244,TmY3,5691.7
36994,Mi1,5691.8
93688,T4a,5691.8
10023,HSS,5692.0
38893,Mi1,5692.0
108349,T4d,5692.0
37371,Mi1,5692.099999999999
34933,Mi1,5692.200000000001
94305,T4a,5692.3
92281,T4c,5692.3
35405,Mi1,5692.3
11981,Li28,5692.3
10755,H1,5692.4
35498,Mi1,5692.4
63420,Mi1,5692.4
102791,T4c,5692.5
10015,HSN,5692.6
17596,Li28,5692.6
37529,Mi1,5692.6
89434,T4c,5692.6
101620,T4b,5692.7
98300,T4a,5692.7
10016,HSE,5692.8
35580,Mi1,5692.8
40026,TmY3,5692.8
93334,T4b,5692.8
122308,Tm3,5692.8
104008,T4b,5692.9
19292,Li28,5693.0
37353,Mi1,5693.1
35840,Mi1,5693.1
39275,Mi1,5693.1
94743,T4d,5693.2
34300,Mi1,5693.3
37270,Mi1,5693.3
37599,Mi1,5693.3
37948,Mi1,5693.3
38767,Mi1,5693.3
34057,Mi1,5693.400000000001
72558,T2a,5693.400000000001
76524,Tm3,5693.400000000001
34045,Mi1,5693.5
34899,Mi1,5693.5
99423,T4d,5693.599999999999
35888,Mi1,5693.9
42006,TmY3,5694.0
10206,VS,5694.2
96295,T4b,5694.2
100787,T4b,5694.3
36911,Mi1,5694.4
39158,Mi1,5694.5
36452,Mi1,5694.6
104450,T4a,5694.6
33655,Mi1,5694.7
100032,T4c,5694.8
102479,T4c,5695.0
92431,T4a,5695.0
10025,H2,5695.0
15909,Li28,5695.0
34479,Mi1,5695.1
98381,T4d,5695.1
36533,Mi1,5695.200000000001
99672,T4a,5695.3
101772,Tm3,5695.3
116311,T4d,5695.3
68842,TmY3,5695.400000000001
16545,Li28,5695.400000000001
89368,T4c,5695.5
34296,Mi1,5695.5
34369,Mi1,5695.8
104297,T4a,5695.9
10037,VS,5695.9
20264,Li28,5695.9
36252,Mi1,5695.9
98837,T4c,5695.9
55976,Mi1,5696.000000000001
104674,T4a,5696.1
10112,VS,5696.1
37019,Mi1,5696.2
108697,T4d,5696.2
32893,Mi1,5696.2
53065,Mi1,5696.400000000001
52328,TmY3,5696.5
91444,T4c,5696.6
34189,Mi1,5696.7
35845,Mi1,5696.7
16033,Li28,5696.8
35100,Mi1,5696.8
35017,Mi1,5696.900000000001
39743,Mi1,5697.0
47368,TmY3,5697.3
33942,Mi1,5697.3
101685,T4b,5697.500000000001
92047,T4c,5697.7
37037,Mi1,5697.8
37568,Mi1,5697.900000000001
38238,Mi1,5697.900000000001
49324,Mi1,5697.900000000001
56564,Mi1,5697.900000000001
72279,Mi1,5698.1
89139,T4c,5698.1
38479,Mi1,5698.2
112179,T4b,5698.400000000001
41809,Mi1,5698.400000000001
58862,Mi1,5698.5
35152,Mi1,5698.599999999999
35428,Mi1,5698.700000000001
35770,Mi1,5698.700000000001
86686,T4c,5698.700000000001
35836,Mi1,5698.8
36446,Mi1,5698.8
35218,Mi1,5699.0
542412,Mi1,5699.0
37000,Mi1,5699.1
48547,TmY3,5699.1
33446,Mi1,5699.1
34079,Mi1,5699.1
47962,TmY3,5699.2
105698,T4c,5699.2
97231,T4a,5699.3
95681,T4a,5699.400000000001
35897,Mi1,5699.400000000001
93750,T4c,5699.400000000001
90049,T4c,5699.5
95458,T4d,5699.5
23047,Li28,5699.5
67719,T2a,5699.5
117627,Tm3,5699.6
10015,HSN,5699.6
36410,Mi1,5699.8
79271,T4a,5699.8
92706,T4a,5699.8
66325,Tm3,5699.900000000001
109868,Tm3,5699.900000000001
51122,Mi1,5700.0
102519,T4a,5700.099999999999
132339,Tm3,5700.200000000001
78503,T2a,5700.3
94368,T4a,5700.3
10025,H2,5700.3
35712,Mi1,5700.4
36540,Mi1,5700.4
16596,Li28,5700.5
35934,Mi1,5700.6
36217,Mi1,5700.6
109631,T4b,5700.6
35234,Mi1,5700.8
95239,T4a,5700.8
95005,T4a,5700.9
100867,T4b,5700.9
88625,T4c,5701.0
54087,Mi1,5701.1
40854,Mi1,5701.2
35602,Mi1,5701.3
101480,T4c,5701.3
34356,Mi1,5701.400000000001
85737,T2a,5701.400000000001
91806,T4a,5701.400000000001
54211,TmY3,5701.5
71398,Tm3,5701.5
88281,T4b,5701.599999999999
72955,T2a,5701.700000000001
34849,Mi1,5701.700000000001
10016,HSE,5701.8
99292,T4a,5701.8
105718,T4b,5701.9
37699,Mi1,5702.0
91913,T4b,5702.1
94153,T4d,5702.1
99950,T4c,5702.1
102112,T4c,5702.1
107719,T4b,5702.1
526158,Mi1,5702.2
122233,Tm3,5702.3
102579,T4b,5702.3
93166,T4c,5702.3
77480,Tm3,5702.3
37631,Mi1,5702.3
97171,T4d,5702.4
98788,T4d,5702.4
33462,Mi1,5702.5
36954,Mi1,5702.5
99131,T4c,5702.5
100018,T4a,5702.5
69380,Tm3,5702.6
70112,T2,5702.6
89290,T4d,5702.6
73828,Tm3,5702.7
99628,T4b,5702.900000000001
17280,Li28,5703.0
15263,Li28,5703.1
33907,Mi1,5703.1
72829,T2a,5703.1
90465,T4a,5703.200000000001
94624,T4a,5703.200000000001
101215,T4c,5703.400000000001
111184,T4a,5703.400000000001
112744,T4d,5703.400000000001
95356,T4a,5703.5
42119,Mi1,5703.5
15019,Li28,5703.6
92415,T4a,5703.6
93419,T4b,5703.6
66808,Tm3,5703.8
79646,Tm3,5703.8
95335,T4a,5703.8
10023,HSS,5703.9
74023,T2a,5703.9
67150,T2a,5704.000000000001
11981,Li28,5704.1
75848,T2a,5704.2
15909,Li28,5704.2
34862,Mi1,5704.3
91682,T4b,5704.3
97784,T4c,5704.3
110988,T4a,5704.3
83067,T4b,5704.400000000001
88698,T4a,5704.5
97028,T4c,5704.5
107621,T4d,5704.6
38133,Mi1,5704.7
107609,T4d,5704.8
67113,Mi1,5704.8
10037,VS,5704.8
14209,Li28,5704.900000000001
70812,TmY3,5705.0
101043,T4c,5705.099999999999
38893,Mi1,5705.3
98985,T4c,5705.3
109142,T4b,5705.3
107143,T4d,5705.4
104414,T4d,5705.4
111746,Tm3,5705.4
87358,T4a,5705.4
97899,T4a,5705.4
65671,Mi1,5705.500000000001
85126,T4a,5705.500000000001
98226,T4b,5705.500000000001
36139,Mi1,5705.6
70289,Mi1,5705.7
71161,T2a,5705.7
105276,T4d,5705.7
108307,T4b,5705.8
16545,Li28,5705.8
35840,Mi1,5705.8
83465,T4a,5705.900000000001
39275,Mi1,5705.900000000001
37948,Mi1,5705.900000000001
35806,Mi1,5706.0
10025,H2,5706.1
10112,VS,5706.1
37853,Mi1,5706.1
10015,HSN,5706.2
59397,Mi1,5706.2
97480,T4c,5706.2
91987,T4c,5706.400000000001
98099,T4b,5706.400000000001
35498,Mi1,5706.400000000001
41545,Mi1,5706.400000000001
17596,Li28,5706.5
102741,T4c,5706.5
36177,Mi1,5706.599999999999
35405,Mi1,5706.700000000001
41626,Mi1,5706.700000000001
43334,TmY3,5706.700000000001
99011,T4c,5706.700000000001
36994,Mi1,5706.8
91469,T4c,5706.8
34463,Mi1,5706.9
83979,T4a,5707.0
65531,T2a,5707.0
37599,Mi1,5707.0
34057,Mi1,5707.1
34300,Mi1,5707.1
55101,Mi1,5707.1
93527,T4a,5707.1
37353,Mi1,5707.2
37371,Mi1,5707.400000000001
38767,Mi1,5707.400000000001
49372,TmY3,5707.400000000001
76325,T2a,5707.400000000001
111980,T4d,5707.5
63420,Mi1,5707.5
97853,T4c,5707.6
101770,T4b,5707.6
110646,T4b,5707.6
34933,Mi1,5707.7
98887,T4b,5707.7
40596,Mi1,5707.8
94305,T4a,5707.900000000001
10016,HSE,5707.900000000001
34899,Mi1,5707.900000000001
37529,Mi1,5707.900000000001
100033,T4c,5708.0
75298,T2a,5708.0
16033,Li28,5708.200000000001
19292,Li28,5708.200000000001
34045,Mi1,5708.200000000001
35580,Mi1,5708.200000000001
50333,TmY3,5708.200000000001
95883,T4a,5708.200000000001
112633,T4b,5708.200000000001
70800,Tm3,5708.6
107170,T4b,5708.6
10755,H1,5708.6
39158,Mi1,5708.6
36533,Mi1,5708.8
95822,T4b,5708.8
104368,T4c,5708.8
34479,Mi1,5708.9
37270,Mi1,5708.9
55976,Mi1,5708.9
36452,Mi1,5709.0
92996,T4a,5709.0
36252,Mi1,5709.1
35001,Mi1,5709.3
31848,Mi1,5709.400000000001
30923,TmY3,5709.400000000001
34296,Mi1,5709.5
83227,Tm3,5709.5
102147,T4c,5709.5
33655,Mi1,5709.599999999999
74373,Tm3,5709.599999999999
99663,T4c,5709.599999999999
53065,Mi1,5709.700000000001
93566,T4a,5709.700000000001
32893,Mi1,5709.8
69597,Tm3,5709.9
35017,Mi1,5709.9
34369,Mi1,5710.3
35888,Mi1,5710.4
37019,Mi1,5710.4
36911,Mi1,5710.500000000001
34189,Mi1,5710.6
51231,TmY3,5710.6
98668,T4a,5710.7
33942,Mi1,5710.8
107105,T4d,5710.900000000001
104354,T4b,5711.0
66345,T2a,5711.1
103022,T4a,5711.2
35845,Mi1,5711.2
49324,Mi1,5711.3
56564,Mi1,5711.3
102016,T4a,5711.3
10037,VS,5711.400000000001
38238,Mi1,5711.400000000001
91057,T4c,5711.400000000001
93972,T4a,5711.400000000001
33446,Mi1,5711.5
69540,TmY3,5711.6
73284,T2a,5711.6
10015,HSN,5711.6
10025,H2,5711.700000000001
96163,T4b,5711.8
20264,Li28,5711.9
35774,Mi1,5712.000000000001
41809,Mi1,5712.000000000001
104683,T4b,5712.000000000001
89434,T4c,5712.1
37000,Mi1,5712.2
35770,Mi1,5712.400000000001
58862,Mi1,5712.400000000001
69793,T2a,5712.5
92644,T4d,5712.5
65513,T2a,5712.6
35152,Mi1,5712.7
39743,Mi1,5712.7
92939,T4b,5712.7
102462,T4c,5712.7
37568,Mi1,5712.8
92842,T4a,5712.900000000001
104257,T4b,5712.900000000001
112321,T4d,5713.0
92254,T4b,5713.0
95453,T4a,5713.0
38479,Mi1,5713.0
35428,Mi1,5713.0
90567,T4b,5713.0
87390,T2a,5713.099999999999
90423,T4b,5713.099999999999
92082,T4b,5713.099999999999
98118,T4c,5713.099999999999
116129,T4b,5713.099999999999
96090,T4c,5713.200000000001
72279,Mi1,5713.3
104858,T4b,5713.3
35100,Mi1,5713.4
37037,Mi1,5713.500000000001
36446,Mi1,5713.500000000001
10023,HSS,5713.6
15909,Li28,5713.6
35897,Mi1,5713.6
90121,T4b,5713.6
100680,T4d,5713.6
10016,HSE,5713.8
35602,Mi1,5713.900000000001
35836,Mi1,5713.900000000001
101772,Tm3,5713.900000000001
542412,Mi1,5714.0
106912,Tm3,5714.0
96576,T4c,5714.0
91283,T4c,5714.2
104942,T4a,5714.2
34079,Mi1,5714.3
74231,Tm3,5714.3
107529,T4d,5714.3
36410,Mi1,5714.400000000001
35218,Mi1,5714.5
94179,T4a,5714.599999999999
107211,T4d,5714.700000000001
77676,T2a,5714.700000000001
36217,Mi1,5714.700000000001
34849,Mi1,5714.700000000001
51122,Mi1,5714.700000000001
97675,T4c,5714.8
47368,TmY3,5714.9
94356,T4c,5714.9
88992,T4c,5715.0
16596,Li28,5715.0
36540,Mi1,5715.0
54885,TmY3,5715.0
83689,T4a,5715.0
54087,Mi1,5715.2
124490,Tm3,5715.3
23047,Li28,5715.5
35712,Mi1,5715.5
82855,Tm3,5715.5
104191,T4a,5715.5
92281,T4c,5715.6
92047,T4c,5715.7
35234,Mi1,5715.900000000001
74375,Tm3,5715.900000000001
34356,Mi1,5715.900000000001
106200,T4c,5715.900000000001
81995,Tm3,5716.0
10206,VS,5716.099999999999
33462,Mi1,5716.099999999999
52485,TmY3,5716.099999999999
64712,T2a,5716.099999999999
92114,T4c,5716.200000000001
103425,T4a,5716.200000000001
109593,Tm3,5716.200000000001
35934,Mi1,5716.3
526158,Mi1,5716.3
10112,VS,5716.3
10025,H2,5716.4
106922,T4c,5716.4
68982,Tm3,5716.5
89368,T4c,5716.5
110403,T4b,5716.5
103654,T4b,5716.6
100310,T4d,5716.7
40854,Mi1,5716.8
88152,T4c,5716.8
108065,T4c,5716.9
61659,Tm3,5716.9
101005,T4d,5717.0
109536,T4d,5717.0
11981,Li28,5717.0
37631,Mi1,5717.0
37699,Mi1,5717.1
78856,Tm3,5717.1
90394,T4a,5717.1
93750,T4c,5717.1
96126,T4b,5717.1
109598,T4b,5717.1
90474,T4b,5717.2
97161,T4a,5717.2
105521,T4c,5717.3
42119,Mi1,5717.3
16545,Li28,5717.3
34862,Mi1,5717.3
71475,Tm3,5717.400000000001
96134,T4b,5717.400000000001
36954,Mi1,5717.5
67971,Tm3,5717.5
94755,T4a,5717.5
100946,T4c,5717.5
104336,T4b,5717.5
10015,HSN,5717.599999999999
92431,T4a,5717.599999999999
72558,T2a,5717.700000000001
66980,T2a,5717.700000000001
17280,Li28,5717.700000000001
33907,Mi1,5717.700000000001
15263,Li28,5717.8
48894,TmY3,5717.8
103827,T4c,5717.8
105135,T4c,5717.8
107442,T4d,5717.9
93025,T4b,5718.0
127615,Tm3,5718.1
67113,Mi1,5718.1
102801,T4b,5718.1
532850,Tm3,5718.4
120312,Tm3,5718.4
16033,Li28,5718.500000000001
65298,T2a,5718.500000000001
99670,T4c,5718.500000000001
37948,Mi1,5718.7
40026,TmY3,5718.8
15019,Li28,5718.900000000001
98300,T4a,5718.900000000001
72148,Tm3,5719.0
92839,T4b,5719.2
104853,T4c,5719.2
72194,Tm3,5719.2
99922,T4c,5719.3
38133,Mi1,5719.400000000001
59397,Mi1,5719.400000000001
73586,Tm3,5719.400000000001
10037,VS,5719.5
14209,Li28,5719.5
95554,T4b,5719.6
10016,HSE,5719.700000000001
100787,T4b,5719.700000000001
106701,T4d,5719.700000000001
65671,Mi1,5719.8
120231,Tm3,5719.9
37353,Mi1,5719.9
98325,T4d,5719.9
70289,Mi1,5720.000000000001
74937,T2a,5720.000000000001
34300,Mi1,5720.1
105574,T4d,5720.1
39275,Mi1,5720.2
107240,T4b,5720.2
38893,Mi1,5720.3
35840,Mi1,5720.400000000001
93688,T4a,5720.5
36177,Mi1,5720.5
10025,H2,5720.5
78968,Tm3,5720.5
71394,T2a,5720.6
90278,T4a,5720.7
101685,T4b,5720.7
35498,Mi1,5720.8
17596,Li28,5720.900000000001
37853,Mi1,5720.900000000001
35806,Mi1,5721.0
45005,TmY3,5721.099999999999
106952,T4b,5721.200000000001
91469,T4c,5721.3
36994,Mi1,5721.4
37599,Mi1,5721.4
38767,Mi1,5721.4
55101,Mi1,5721.4
69980,Tm3,5721.4
35405,Mi1,5721.500000000001
10755,H1,5721.7
97885,T4a,5721.8
37371,Mi1,5721.8
15909,Li28,5721.900000000001
116311,T4d,5722.0
63420,Mi1,5722.0
34057,Mi1,5722.0
39158,Mi1,5722.0
46662,TmY3,5722.0
34933,Mi1,5722.1
67150,T2a,5722.1
102791,T4c,5722.1
34479,Mi1,5722.2
84063,T4b,5722.2
75521,T2a,5722.3
98194,T4d,5722.3
91806,T4a,5722.400000000001
55976,Mi1,5722.400000000001
36452,Mi1,5722.5
93419,T4b,5722.5
36139,Mi1,5722.599999999999
37529,Mi1,5722.599999999999
34045,Mi1,5722.700000000001
36533,Mi1,5722.700000000001
97899,T4a,5722.9
33655,Mi1,5722.9
82515,Tm3,5722.9
10023,HSS,5723.0
100032,T4c,5723.1
72938,T2a,5723.2
88726,T4b,5723.2
102975,T4b,5723.2
37270,Mi1,5723.3
68562,T2a,5723.400000000001
96774,T4c,5723.400000000001
103025,T4a,5723.400000000001
35580,Mi1,5723.5
37019,Mi1,5723.5
34369,Mi1,5723.5
35017,Mi1,5723.5
33942,Mi1,5723.6
36252,Mi1,5723.6
102388,T4d,5723.6
117627,Tm3,5723.6
34899,Mi1,5723.7
85152,T4c,5723.8
10112,VS,5723.900000000001
77383,T2a,5723.900000000001
41626,Mi1,5724.0
19292,Li28,5724.099999999999
53065,Mi1,5724.099999999999
91444,T4c,5724.200000000001
83365,T2a,5724.200000000001
34296,Mi1,5724.3
38238,Mi1,5724.3
41545,Mi1,5724.3
96295,T4b,5724.3
49324,Mi1,5724.4
66808,Tm3,5724.4
40596,Mi1,5724.5
92706,T4a,5724.5
94368,T4a,5724.6
102564,T4a,5724.7
91345,T4c,5724.7
39692,TmY3,5724.7
10015,HSN,5724.9
32893,Mi1,5724.9
10025,H2,5725.0
10284,VS,5725.1
34189,Mi1,5725.1
35001,Mi1,5725.1
34463,Mi1,5725.2
41809,Mi1,5725.2
122233,Tm3,5725.2
75484,Tm3,5725.2
36911,Mi1,5725.299999999999
10016,HSE,5725.299999999999
48986,TmY3,5725.599999999999
56564,Mi1,5725.599999999999
112744,T4d,5725.599999999999
547091,T2,5725.599999999999
35845,Mi1,5725.700000000001
102479,T4c,5725.8
125171,Tm3,5725.8
81401,T4b,5726.0
119245,T4d,5726.0
91913,T4b,5726.1
35888,Mi1,5726.1
35770,Mi1,5726.200000000001
62272,T2,5726.200000000001
95005,T4a,5726.200000000001
95681,T4a,5726.200000000001
101480,T4c,5726.200000000001
33446,Mi1,5726.3
36446,Mi1,5726.3
101215,T4c,5726.3
35836,Mi1,5726.4
35152,Mi1,5726.4
83583,T4d,5726.4
97231,T4a,5726.500000000001
20264,Li28,5726.6
72955,T2a,5726.7
38479,Mi1,5726.8
79345,T2a,5726.8
104674,T4a,5726.8
94743,T4d,5726.900000000001
98837,T4c,5726.900000000001
101620,T4b,5726.900000000001
117662,T4d,5726.900000000001
103657,T4b,5727.0
72796,Tm3,5727.0
34079,Mi1,5727.1
35428,Mi1,5727.1
77991,Tm3,5727.1
97028,T4c,5727.1
39743,Mi1,5727.2
100206,T4c,5727.2
91325,T4a,5727.3
113686,T4d,5727.400000000001
73807,Tm3,5727.400000000001
74927,Tm3,5727.400000000001
35100,Mi1,5727.400000000001
37000,Mi1,5727.400000000001
16545,Li28,5727.400000000001
72279,Mi1,5727.5
73096,T2a,5727.5
35897,Mi1,5727.6
37037,Mi1,5727.6
50333,TmY3,5727.6
98381,T4d,5727.6
108438,T4d,5727.6
103677,T4b,5727.700000000001
112775,T4d,5727.700000000001
90135,T4c,5727.700000000001
11981,Li28,5727.8
31848,Mi1,5727.8
35774,Mi1,5727.8
118924,Tm3,5727.8
542412,Mi1,5727.9
35218,Mi1,5727.9
35602,Mi1,5727.9
36217,Mi1,5727.9
58862,Mi1,5727.9
88625,T4c,5727.9
95458,T4d,5727.9
89290,T4d,5728.1
79257,Tm3,5728.1
37568,Mi1,5728.1
36540,Mi1,5728.2
91682,T4b,5728.2
103479,T4c,5728.2
95356,T4a,5728.3
68842,TmY3,5728.400000000001
33462,Mi1,5728.5
79271,T4a,5728.5
99950,T4c,5728.5
109649,T4c,5728.6
104297,T4a,5728.6
100033,T4c,5728.6
66214,T2a,5728.6
102579,T4b,5728.6
78503,T2a,5728.7
104450,T4a,5728.7
34849,Mi1,5728.8
83067,T4b,5728.8
95239,T4a,5728.8
120016,Tm3,5728.8
111416,Tm3,5728.900000000001
54087,Mi1,5729.0
36410,Mi1,5729.0
10037,VS,5729.0
15909,Li28,5729.200000000001
16033,Li28,5729.200000000001
34356,Mi1,5729.200000000001
51122,Mi1,5729.200000000001
68522,T2a,5729.200000000001
77138,Tm3,5729.200000000001
10206,VS,5729.3
112993,T4b,5729.3
74228,Tm3,5729.4
99131,T4c,5729.4
16596,Li28,5729.4
91741,T4d,5729.500000000001
109857,T4d,5729.500000000001
114817,T4d,5729.500000000001
122308,Tm3,5729.500000000001
99628,T4b,5729.7
10025,H2,5729.8
34862,Mi1,5729.8
91057,T4c,5729.8
94624,T4a,5729.8
526158,Mi1,5729.900000000001
48547,TmY3,5729.900000000001
92939,T4b,5729.900000000001
35234,Mi1,5729.900000000001
35447,Mi1,5729.900000000001
34867,Mi1,5730.1
69228,T2a,5730.1
75377,T2a,5730.1
76524,Tm3,5730.1
107609,T4d,5730.2
83979,T4a,5730.2
112179,T4b,5730.2
35712,Mi1,5730.2
39067,Mi1,5730.2
23047,Li28,5730.3
69164,Mi1,5730.3
89139,T4c,5730.3
42119,Mi1,5730.400000000001
98654,T4d,5730.400000000001
93334,T4b,5730.5
99387,T4a,5730.5
83204,T4d,5730.599999999999
37631,Mi1,5730.700000000001
10016,HSE,5730.700000000001
112619,T4d,5730.700000000001
99663,T4c,5730.8
47962,TmY3,5730.8
74725,T2a,5730.9
17280,Li28,5731.0
91987,T4c,5731.0
36954,Mi1,5731.1
80302,T2a,5731.1
85126,T4a,5731.1
104257,T4b,5731.1
95242,T4d,5731.2
10112,VS,5731.2
79646,Tm3,5731.2
85007,T4c,5731.3
33907,Mi1,5731.3
93527,T4a,5731.400000000001
98099,T4b,5731.400000000001
105718,T4b,5731.5
40854,Mi1,5731.6
83191,T4a,5731.6
102425,T4b,5731.6
10015,HSN,5731.7
35934,Mi1,5731.7
64579,T2,5731.7
71188,T2a,5731.8
97853,T4c,5731.8
99011,T4c,5731.900000000001
100319,T4b,5732.0
37948,Mi1,5732.099999999999
97866,T4d,5732.099999999999
108349,T4d,5732.099999999999
10023,HSS,5732.200000000001
15263,Li28,5732.200000000001
94305,T4a,5732.200000000001
95822,T4b,5732.200000000001
97171,T4d,5732.200000000001
69380,Tm3,5732.3
97878,T4b,5732.3
103022,T4a,5732.4
96090,T4c,5732.4
37699,Mi1,5732.4
78561,Tm3,5732.4
95335,T4a,5732.4
104008,T4b,5732.5
111184,T4a,5732.5
59397,Mi1,5732.6
90423,T4b,5732.6
101772,Tm3,5732.6
102519,T4a,5732.8
98985,T4c,5732.8
98788,T4d,5732.9
71052,T2a,5732.9
39275,Mi1,5733.0
67113,Mi1,5733.299999999999
105698,T4c,5733.299999999999
14209,Li28,5733.400000000001
52328,TmY3,5733.400000000001
65671,Mi1,5733.400000000001
96576,T4c,5733.400000000001
47686,TmY3,5733.6
74023,T2a,5733.6
94356,T4c,5733.6
100087,T4b,5733.700000000001
84008,T4c,5733.700000000001
38133,Mi1,5733.8
42006,TmY3,5733.8
95883,T4a,5733.8
47368,TmY3,5733.900000000001
88698,T4a,5733.900000000001
90145,T4a,5733.900000000001
108307,T4b,5733.900000000001
97872,T4d,5734.0
35405,Mi1,5734.200000000001
53075,TmY3,5734.3
38893,Mi1,5734.3
10025,H2,5734.3
10755,H1,5734.3
97784,T4c,5734.4
103073,T4a,5734.4
17596,Li28,5734.500000000001
70289,Mi1,5734.500000000001
70800,Tm3,5734.500000000001
98887,T4b,5734.500000000001
36452,Mi1,5734.6
37853,Mi1,5734.7
37353,Mi1,5734.8
35840,Mi1,5734.8
34300,Mi1,5734.8
10037,VS,5734.8
15019,Li28,5734.900000000001
36994,Mi1,5734.900000000001
91469,T4c,5734.900000000001
34057,Mi1,5735.0
36177,Mi1,5735.0
63420,Mi1,5735.0
104027,T4d,5735.0
99423,T4d,5735.1
100282,T4a,5735.2
10016,HSE,5735.2
35498,Mi1,5735.3
36533,Mi1,5735.3
115636,T4d,5735.3
37599,Mi1,5735.6
38767,Mi1,5735.700000000001
90121,T4b,5735.8
34933,Mi1,5736.000000000001
55101,Mi1,5736.000000000001
35806,Mi1,5736.1
112633,T4b,5736.1
95364,T4d,5736.2
89434,T4c,5736.2
34479,Mi1,5736.3
55976,Mi1,5736.3
86686,T4c,5736.3
96126,T4b,5736.3
97675,T4c,5736.3
37371,Mi1,5736.400000000001
81064,Tm3,5736.5
40944,Mi1,5736.6
90049,T4c,5736.7
35017,Mi1,5736.7
16545,Li28,5736.7
10112,VS,5736.8
34369,Mi1,5736.8
37529,Mi1,5736.8
51231,TmY3,5736.8
15909,Li28,5737.0
33655,Mi1,5737.0
72558,T2a,5737.0
88167,T4b,5737.099999999999
98312,T4a,5737.200000000001
33942,Mi1,5737.3
35580,Mi1,5737.3
36139,Mi1,5737.3
93972,T4a,5737.3
10015,HSN,5737.4
88152,T4c,5737.4
111746,Tm3,5737.4
34899,Mi1,5737.500000000001
104683,T4b,5737.500000000001
66345,T2a,5737.6
83465,T4a,5737.6
30923,TmY3,5737.6
36252,Mi1,5737.6
69597,Tm3,5737.7
34045,Mi1,5737.8
39158,Mi1,5737.8
108847,T4d,5737.8
100867,T4b,5738.0
92047,T4c,5738.1
102741,T4c,5738.2
37019,Mi1,5738.3
109142,T4b,5738.400000000001
61401,T2a,5738.5
10206,VS,5738.599999999999
38238,Mi1,5738.599999999999
49324,Mi1,5738.8
10025,H2,5738.9
36911,Mi1,5738.9
102462,T4c,5738.9
11981,Li28,5739.0
32893,Mi1,5739.0
34189,Mi1,5739.0
37270,Mi1,5739.0
93750,T4c,5739.0
96134,T4b,5739.0
19292,Li28,5739.1
104858,T4b,5739.2
89368,T4c,5739.2
34296,Mi1,5739.5
35770,Mi1,5739.5
95453,T4a,5739.5
101770,T4b,5739.5
35836,Mi1,5739.6
33446,Mi1,5739.7
35845,Mi1,5739.7
38479,Mi1,5739.7
70239,T2,5739.7
104354,T4b,5739.8
103570,T4d,5739.8
92842,T4a,5739.8
48283,TmY3,5739.8
41809,Mi1,5739.8
40426,Mi1,5739.900000000001
40596,Mi1,5739.900000000001
34463,Mi1,5740.0
35888,Mi1,5740.0
41626,Mi1,5740.0
53065,Mi1,5740.0
10016,HSE,5740.099999999999
101873,T4b,5740.200000000001
98118,T4c,5740.200000000001
56564,Mi1,5740.200000000001
96676,T4b,5740.200000000001
10037,VS,5740.3
82282,Tm3,5740.4
16033,Li28,5740.5
36446,Mi1,5740.5
100105,T4a,5740.5
107031,T4b,5740.6
102147,T4c,5740.7
96657,T4c,5740.7
41545,Mi1,5740.7
35001,Mi1,5740.8
36540,Mi1,5740.8
92281,T4c,5740.8
68982,Tm3,5740.9
112744,T4d,5740.9
116129,T4b,5740.9
20264,Li28,5741.0
35152,Mi1,5741.0
37000,Mi1,5741.1
40026,TmY3,5741.2
41296,Mi1,5741.3
34849,Mi1,5741.3
35428,Mi1,5741.5
72279,Mi1,5741.5
36217,Mi1,5741.6
92706,T4a,5741.6
94287,T4d,5741.6
39743,Mi1,5741.700000000001
83227,Tm3,5741.700000000001
35100,Mi1,5741.8
93166,T4c,5741.8
99292,T4a,5741.900000000001
95554,T4b,5742.0
35602,Mi1,5742.0
35897,Mi1,5742.0
100855,T4a,5742.1
101043,T4c,5742.200000000001
10023,HSS,5742.4
35218,Mi1,5742.4
34862,Mi1,5742.500000000001
54087,Mi1,5742.500000000001
31848,Mi1,5742.6
100956,T4d,5742.7
34079,Mi1,5742.7
33462,Mi1,5742.7
37568,Mi1,5742.7
34356,Mi1,5742.900000000001
92644,T4d,5742.900000000001
542412,Mi1,5742.900000000001
110646,T4b,5743.0
91806,T4a,5743.0
99922,T4c,5743.0
33216,Mi1,5743.0
23047,Li28,5743.0
37037,Mi1,5743.0
87424,T4d,5743.2
101215,T4c,5743.2
110988,T4a,5743.3
132339,Tm3,5743.3
70812,TmY3,5743.400000000001
10025,H2,5743.400000000001
58862,Mi1,5743.5
35774,Mi1,5743.6
42119,Mi1,5743.6
94179,T4a,5743.8
105521,T4c,5743.8
93224,T4a,5743.8
99670,T4c,5743.8
37631,Mi1,5743.8
16596,Li28,5743.8
92431,T4a,5743.8
36305,Mi1,5743.8
44119,Mi1,5743.9
93419,T4b,5743.9
99980,T4c,5743.9
107442,T4d,5743.9
80855,Tm3,5744.000000000001
526158,Mi1,5744.000000000001
74231,Tm3,5744.1
73284,T2a,5744.2
113568,T4d,5744.3
91283,T4c,5744.3
10112,VS,5744.3
35234,Mi1,5744.400000000001
46324,TmY3,5744.400000000001
93935,T4a,5744.400000000001
35712,Mi1,5744.5
103654,T4b,5744.5
104191,T4a,5744.5
114391,T4d,5744.5
67971,Tm3,5744.6
92114,T4c,5744.6
102112,T4c,5744.7
97028,T4c,5744.7
51122,Mi1,5744.7
10015,HSN,5744.8
537004,VSm,5744.900000000001
66808,Tm3,5745.0
106922,T4c,5745.0
38514,Mi1,5745.099999999999
67150,T2a,5745.099999999999
94755,T4a,5745.099999999999
98300,T4a,5745.099999999999
100787,T4b,5745.099999999999
103639,T4d,5745.200000000001
15909,Li28,5745.200000000001
10755,H1,5745.3
87358,T4a,5745.3
52485,TmY3,5745.4
94153,T4d,5745.4
107211,T4d,5745.4
10016,HSE,5745.500000000001
38993,Mi1,5745.500000000001
97899,T4a,5745.500000000001
101383,T4b,5745.500000000001
93566,T4a,5745.6
66980,T2a,5745.6
40854,Mi1,5745.6
36954,Mi1,5745.6
67113,Mi1,5745.7
39275,Mi1,5745.8
50333,TmY3,5745.8
17280,Li28,5745.900000000001
35934,Mi1,5745.900000000001
39067,Mi1,5746.0
101005,T4d,5746.0
37948,Mi1,5746.1
84010,Tm3,5746.1
98504,T4c,5746.1
36410,Mi1,5746.2
85074,T4a,5746.3
95810,T2a,5746.400000000001
10037,VS,5746.5
59397,Mi1,5746.5
93865,T4c,5746.5
33907,Mi1,5746.599999999999
37699,Mi1,5746.599999999999
72829,T2a,5746.599999999999
88992,T4c,5746.599999999999
34867,Mi1,5746.700000000001
35447,Mi1,5746.700000000001
100946,T4c,5746.8
88281,T4b,5746.8
116716,T4b,5746.9
74937,T2a,5747.0
14209,Li28,5747.1
34300,Mi1,5747.1
65671,Mi1,5747.2
101772,Tm3,5747.2
103425,T4a,5747.2
109598,T4b,5747.3
107170,T4b,5747.4
38893,Mi1,5747.4
16545,Li28,5747.4
36452,Mi1,5747.5
99672,T4a,5747.5
101480,T4c,5747.5
69164,Mi1,5747.8
70289,Mi1,5747.8
15263,Li28,5747.900000000001
35840,Mi1,5747.900000000001
10025,H2,5748.0
100032,T4c,5748.0
93407,T4d,5748.099999999999
107719,T4b,5748.099999999999
35498,Mi1,5748.200000000001
36177,Mi1,5748.4
103025,T4a,5748.5
37853,Mi1,5748.6
36533,Mi1,5748.7
36994,Mi1,5748.7
91469,T4c,5748.7
97480,T4c,5748.7
63420,Mi1,5748.8
102801,T4b,5748.8
104414,T4d,5749.0
109593,Tm3,5749.1
73828,Tm3,5749.1
34057,Mi1,5749.1
10284,VS,5749.2
17596,Li28,5749.2
35405,Mi1,5749.2
35806,Mi1,5749.2
38133,Mi1,5749.2
55976,Mi1,5749.2
66325,Tm3,5749.2
98668,T4a,5749.2
127615,Tm3,5749.3
94624,T4a,5749.3
63050,T2a,5749.3
71475,Tm3,5749.3
98194,T4d,5749.400000000001
15019,Li28,5749.5
34933,Mi1,5749.6
38767,Mi1,5749.6
65531,T2a,5749.6
108065,T4c,5749.700000000001
37353,Mi1,5749.700000000001
75521,T2a,5749.700000000001
33942,Mi1,5749.8
55101,Mi1,5749.900000000001
93688,T4a,5750.1
69570,Tm3,5750.200000000001
102791,T4c,5750.3
77779,T2a,5750.4
96295,T4b,5750.4
99011,T4c,5750.4
104853,T4c,5750.500000000001
83689,T4a,5750.500000000001
91444,T4c,5750.500000000001
37599,Mi1,5750.500000000001
34369,Mi1,5750.500000000001
47368,TmY3,5750.500000000001
16033,Li28,5750.8
36139,Mi1,5750.8
10023,HSS,5750.900000000001
35580,Mi1,5750.900000000001
88625,T4c,5750.900000000001
37529,Mi1,5751.0
68212,T2a,5751.0
100033,T4c,5751.1
35017,Mi1,5751.1
37371,Mi1,5751.1
10015,HSN,5751.2
95681,T4a,5751.2
37019,Mi1,5751.3
10016,HSE,5751.6
34479,Mi1,5751.6
38238,Mi1,5751.6
106952,T4b,5751.6
72989,Tm3,5751.700000000001
49324,Mi1,5751.700000000001
97231,T4a,5751.8
97161,T4a,5751.8
10206,VS,5751.8
11981,Li28,5751.9
83365,T2a,5751.9
94368,T4a,5751.9
102016,T4a,5751.9
99663,T4c,5752.000000000001
102479,T4c,5752.000000000001
101685,T4b,5752.2
33655,Mi1,5752.3
72148,Tm3,5752.3
46662,TmY3,5752.400000000001
102564,T4a,5752.400000000001
98985,T4c,5752.400000000001
39158,Mi1,5752.400000000001
48547,TmY3,5752.400000000001
38230,Mi1,5752.5
78422,Tm3,5752.5
104336,T4b,5752.5
32893,Mi1,5752.6
36252,Mi1,5752.6
34899,Mi1,5752.7
102519,T4a,5752.8
77383,T2a,5752.900000000001
40944,Mi1,5752.900000000001
93025,T4b,5752.900000000001
34045,Mi1,5752.900000000001
34189,Mi1,5752.900000000001
15909,Li28,5753.0
37270,Mi1,5753.0
109536,T4d,5753.0
33446,Mi1,5753.099999999999
36911,Mi1,5753.200000000001
38479,Mi1,5753.200000000001
71938,T2a,5753.200000000001
103160,T4a,5753.200000000001
122233,Tm3,5753.200000000001
109631,T4b,5753.3
103827,T4c,5753.3
90278,T4a,5753.3
91682,T4b,5753.3
34463,Mi1,5753.4
101620,T4b,5753.5
19292,Li28,5753.5
34296,Mi1,5753.5
40596,Mi1,5753.5
97193,T4a,5753.5
35888,Mi1,5753.6
49372,TmY3,5753.6
10112,VS,5753.6
10025,H2,5753.7
10037,VS,5753.7
65298,T2a,5753.7
41626,Mi1,5753.8
525839,Mi1,5753.8
56564,Mi1,5753.900000000001
35770,Mi1,5754.0
69980,Tm3,5754.2
35602,Mi1,5754.400000000001
97853,T4c,5754.5
107609,T4d,5754.5
96163,T4b,5754.5
35897,Mi1,5754.700000000001
87722,T2a,5754.700000000001
102975,T4b,5754.8
95356,T4a,5754.9
35845,Mi1,5755.0
36446,Mi1,5755.0
36540,Mi1,5755.0
35001,Mi1,5755.1
35428,Mi1,5755.1
94356,T4c,5755.1
100310,T4d,5755.1
136741,Tm3,5755.3
91913,T4b,5755.3
69793,T2a,5755.4
92939,T4b,5755.4
96576,T4c,5755.4
103022,T4a,5755.4
110403,T4b,5755.4
41809,Mi1,5755.5
78108,T2a,5755.5
78854,T2a,5755.5
78856,Tm3,5755.5
37000,Mi1,5755.6
66345,T2a,5755.6
97885,T4a,5755.6
35836,Mi1,5755.7
33017,Mi1,5755.8
34862,Mi1,5755.8
35152,Mi1,5755.8
72279,Mi1,5755.8
104703,T4d,5755.8
34356,Mi1,5755.900000000001
41545,Mi1,5755.900000000001
36217,Mi1,5756.0
39743,Mi1,5756.099999999999
33462,Mi1,5756.200000000001
98887,T4b,5756.3
96424,T4b,5756.3
37568,Mi1,5756.3
83067,T4b,5756.3
53065,Mi1,5756.4
10015,HSN,5756.5
72955,T2a,5756.5
76733,Tm3,5756.5
89290,T4d,5756.5
20264,Li28,5756.6
106912,Tm3,5756.6
104297,T4a,5756.7
48986,TmY3,5756.7
107529,T4d,5756.9
93947,T4a,5756.9
34849,Mi1,5756.9
54087,Mi1,5756.9
91057,T4c,5756.9
77480,Tm3,5757.0
35218,Mi1,5757.0
37037,Mi1,5757.0
81401,T4b,5757.0
102579,T4b,5757.1
81836,T2a,5757.1
37123,Mi1,5757.1
37631,Mi1,5757.1
34079,Mi1,5757.1
23047,Li28,5757.2
42119,Mi1,5757.2
68562,T2a,5757.2
40426,Mi1,5757.3
35100,Mi1,5757.400000000001
71161,T2a,5757.400000000001
542412,Mi1,5757.400000000001
95822,T4b,5757.5
98381,T4d,5757.5
104257,T4b,5757.6
93360,T4b,5757.6
31848,Mi1,5757.6
93527,T4a,5757.700000000001
109868,Tm3,5757.700000000001
526158,Mi1,5757.700000000001
95005,T4a,5757.8
10016,HSE,5757.900000000001
72194,Tm3,5757.900000000001
93750,T4c,5757.900000000001
101302,T4d,5757.900000000001
85126,T4a,5758.0
51122,Mi1,5758.1
41296,Mi1,5758.1
39275,Mi1,5758.1
41120,Mi1,5758.1
69540,TmY3,5758.200000000001
105276,T4d,5758.200000000001
90423,T4b,5758.3
91987,T4c,5758.3
99863,T4d,5758.3
74023,T2a,5758.4
58862,Mi1,5758.500000000001
97675,T4c,5758.6
39692,TmY3,5758.6
35774,Mi1,5758.6
16545,Li28,5758.7
75848,T2a,5758.7
99950,T4c,5758.7
67113,Mi1,5758.8
69228,T2a,5758.8
35234,Mi1,5758.900000000001
35934,Mi1,5758.900000000001
105135,T4c,5758.900000000001
98099,T4b,5759.0
92281,T4c,5759.0
79271,T4a,5759.0
79646,Tm3,5759.0
35712,Mi1,5759.1
109996,T4c,5759.1
10025,H2,5759.2
60857,Mi1,5759.2
102462,T4c,5759.2
111416,Tm3,5759.3
94743,T4d,5759.3
99387,T4a,5759.3
36954,Mi1,5759.3
17280,Li28,5759.3
91345,T4c,5759.3
16596,Li28,5759.400000000001
39629,Mi1,5759.400000000001
69380,Tm3,5759.400000000001
83979,T4a,5759.400000000001
104942,T4a,5759.400000000001
109857,T4d,5759.400000000001
10023,HSS,5759.5
90394,T4a,5759.5
54885,TmY3,5759.6
95335,T4a,5759.700000000001
33216,Mi1,5759.700000000001
10755,H1,5759.8
37948,Mi1,5759.8
39067,Mi1,5759.8
40171,Mi1,5759.8
51050,TmY3,5759.8
35447,Mi1,5759.9
96090,T4c,5760.000000000001
102741,T4c,5760.000000000001
95458,T4d,5760.1
74927,Tm3,5760.1
59397,Mi1,5760.1
36452,Mi1,5760.1
40832,Mi1,5760.2
91934,T4a,5760.2
97784,T4c,5760.2
120312,Tm3,5760.3
61659,Tm3,5760.400000000001
84063,T4b,5760.400000000001
96126,T4b,5760.400000000001
98837,T4c,5760.5
92839,T4b,5760.5
38514,Mi1,5760.5
36410,Mi1,5760.5
87289,T4a,5760.6
97028,T4c,5760.6
34300,Mi1,5760.7
65671,Mi1,5760.7
33907,Mi1,5760.8
34171,Mi1,5760.8
112619,T4d,5760.8
92047,T4c,5760.900000000001
81995,Tm3,5760.900000000001
67150,T2a,5760.900000000001
67719,T2a,5761.0
532850,Tm3,5761.0
34867,Mi1,5761.099999999999
36305,Mi1,5761.099999999999
107621,T4d,5761.099999999999
16033,Li28,5761.3
93021,T4a,5761.3
95554,T4b,5761.4
72558,T2a,5761.4
70289,Mi1,5761.4
36994,Mi1,5761.4
10206,VS,5761.4
38893,Mi1,5761.4
35840,Mi1,5761.5
40085,Mi1,5761.5
10015,HSN,5761.6
15909,Li28,5761.6
89434,T4c,5761.6
98788,T4d,5761.7
37699,Mi1,5761.7
98226,T4b,5761.8
62947,T2a,5761.8
36533,Mi1,5761.900000000001
44119,Mi1,5761.900000000001
70800,Tm3,5761.900000000001
90145,T4a,5761.900000000001
128726,Tm3,5761.900000000001
40854,Mi1,5762.0
92668,T2a,5762.0
83438,T4a,5762.3
14209,Li28,5762.3
78503,T2a,5762.400000000001
98325,T4d,5762.400000000001
55976,Mi1,5762.400000000001
15263,Li28,5762.5
103657,T4b,5762.5
104858,T4b,5762.5
102425,T4b,5762.599999999999
35498,Mi1,5762.599999999999
77676,T2a,5762.599999999999
90121,T4b,5762.599999999999
94668,T4d,5762.599999999999
98654,T4d,5762.599999999999
96035,T4d,5762.700000000001
85737,T2a,5762.700000000001
85152,T4c,5762.700000000001
34057,Mi1,5762.700000000001
41668,Mi1,5762.700000000001
12521,HST,5762.700000000001
75298,T2a,5762.700000000001
95453,T4a,5762.8
10037,VS,5762.8
72796,Tm3,5762.9
96931,T4b,5762.9
10112,VS,5762.9
122308,Tm3,5763.0
83583,T4d,5763.0
11981,Li28,5763.0
38993,Mi1,5763.0
69164,Mi1,5763.1
74375,Tm3,5763.1
106701,T4d,5763.1
111184,T4a,5763.1
121170,Tm3,5763.1
55101,Mi1,5763.2
10016,HSE,5763.2
35806,Mi1,5763.2
33942,Mi1,5763.3
37353,Mi1,5763.3
71052,T2a,5763.3
88152,T4c,5763.3
92993,Tm3,5763.3
100206,T4c,5763.3
95883,T4a,5763.4
71674,T2a,5763.4
97256,T4c,5763.4
94305,T4a,5763.5
37853,Mi1,5763.5
95239,T4a,5763.5
119245,T4d,5763.6
92415,T4a,5763.6
90135,T4c,5763.6
78968,Tm3,5763.6
71398,Tm3,5763.6
38767,Mi1,5763.6
35405,Mi1,5763.7
104368,T4c,5763.7
125171,Tm3,5763.7
15019,Li28,5763.8
63420,Mi1,5763.8
83191,T4a,5763.8
92082,T4b,5763.900000000001
48894,TmY3,5763.900000000001
45005,TmY3,5763.900000000001
10025,H2,5764.0
104683,T4b,5764.0
38133,Mi1,5764.099999999999
44244,TmY3,5764.099999999999
96852,T4a,5764.099999999999
34369,Mi1,5764.200000000001
50333,TmY3,5764.200000000001
37371,Mi1,5764.3
93166,T4c,5764.4
86686,T4c,5764.4
34933,Mi1,5764.4
36177,Mi1,5764.4
42006,TmY3,5764.5
91366,T4b,5764.5
37019,Mi1,5764.6
49324,Mi1,5764.7
98118,T4c,5764.8
38238,Mi1,5764.9
66808,Tm3,5765.0
47686,TmY3,5765.0
17596,Li28,5765.0
35580,Mi1,5765.0
36139,Mi1,5765.1
37599,Mi1,5765.1
88726,T4b,5765.1
112179,T4b,5765.2
64712,T2a,5765.3
83465,T4a,5765.400000000001
35017,Mi1,5765.400000000001
68982,Tm3,5765.400000000001
108325,T4c,5765.400000000001
102388,T4d,5765.5
92114,T4c,5765.5
100282,T4a,5765.5
72896,Tm3,5765.5
37529,Mi1,5765.5
34899,Mi1,5765.8
39158,Mi1,5765.8
106166,T4b,5765.8
120016,Tm3,5765.8
37270,Mi1,5765.900000000001
90567,T4b,5765.900000000001
89368,T4c,5766.0
108438,T4d,5766.0
34189,Mi1,5766.0
78561,Tm3,5766.0
33446,Mi1,5766.1
86778,T4a,5766.1
99670,T4c,5766.1
34479,Mi1,5766.4
70524,T2a,5766.4
87390,T2a,5766.4
97899,T4a,5766.4
107159,T4b,5766.500000000001
32893,Mi1,5766.500000000001
90219,T4a,5766.500000000001
98349,T4a,5766.500000000001
76074,Tm3,5766.6
10015,HSN,5766.6
40026,TmY3,5766.6
97677,T4c,5766.8
16545,Li28,5766.900000000001
33655,Mi1,5766.900000000001
56564,Mi1,5766.900000000001
92181,T4a,5767.0
36252,Mi1,5767.1
72938,T2a,5767.1
35770,Mi1,5767.2
34463,Mi1,5767.2
40596,Mi1,5767.3
101215,T4c,5767.3
106922,T4c,5767.3
36911,Mi1,5767.400000000001
38479,Mi1,5767.5
69597,Tm3,5767.599999999999
93972,T4a,5767.599999999999
49441,TmY3,5767.599999999999
89139,T4c,5767.700000000001
120231,Tm3,5767.700000000001
34045,Mi1,5767.700000000001
103025,T4a,5767.8
102147,T4c,5767.8
34296,Mi1,5767.8
10023,HSS,5767.8
41626,Mi1,5767.9
101772,Tm3,5767.9
117627,Tm3,5767.9
35888,Mi1,5768.000000000001
68522,T2a,5768.000000000001
104450,T4a,5768.000000000001
90474,T4b,5768.1
101480,T4c,5768.1
106200,T4c,5768.1
96774,T4c,5768.2
36540,Mi1,5768.2
10206,VS,5768.2
35897,Mi1,5768.2
36446,Mi1,5768.2
10016,HSE,5768.3
40944,Mi1,5768.3
95364,T4d,5768.3
99292,T4a,5768.3
10284,VS,5768.400000000001
93419,T4b,5768.5
91469,T4c,5768.5
19292,Li28,5768.5
44564,TmY3,5768.6
86419,Tm3,5768.6
88698,T4a,5768.6
65513,T2a,5768.7
72279,Mi1,5768.7
102229,T4d,5768.7
41809,Mi1,5768.8
35602,Mi1,5768.8
37000,Mi1,5768.8
10025,H2,5768.8
10755,H1,5768.8
103440,T4d,5768.900000000001
47962,TmY3,5769.0
91741,T4d,5769.0
100018,T4a,5769.0
525839,Mi1,5769.0
34356,Mi1,5769.099999999999
75377,T2a,5769.200000000001
95007,T4a,5769.200000000001
39743,Mi1,5769.200000000001
38230,Mi1,5769.200000000001
35428,Mi1,5769.200000000001
15909,Li28,5769.200000000001
87358,T4a,5769.3
92706,T4a,5769.3
100087,T4b,5769.3
78172,TmY3,5769.5
41545,Mi1,5769.5
107143,T4d,5769.5
34862,Mi1,5769.5
35001,Mi1,5769.5
35845,Mi1,5769.6
43334,TmY3,5769.6
99131,T4c,5769.7
105698,T4c,5769.7
37568,Mi1,5769.8
89934,T4d,5769.900000000001
35836,Mi1,5769.900000000001
47368,TmY3,5769.900000000001
112744,T4d,5770.1
102370,T4c,5770.1
93509,T4b,5770.1
95017,T4c,5770.1
33462,Mi1,5770.2
36217,Mi1,5770.2
97171,T4d,5770.2
98360,T4c,5770.2
37037,Mi1,5770.3
100855,T4a,5770.3
70812,TmY3,5770.400000000001
112321,T4d,5770.400000000001
92996,T4a,5770.5
16033,Li28,5770.599999999999
35152,Mi1,5770.599999999999
35218,Mi1,5770.599999999999
51231,TmY3,5770.599999999999
53065,Mi1,5770.599999999999
103425,T4a,5770.599999999999
106522,T4d,5770.599999999999
54087,Mi1,5770.700000000001
37631,Mi1,5770.700000000001
92644,T4d,5770.8
542412,Mi1,5770.8
89825,T4a,5770.8
51122,Mi1,5770.9
73284,T2a,5770.9
34849,Mi1,5770.9
39275,Mi1,5770.9
118924,Tm3,5771.0
526158,Mi1,5771.0
34079,Mi1,5771.0
117662,T4d,5771.0
107442,T4d,5771.1
23047,Li28,5771.1
74228,Tm3,5771.1
94574,T4c,5771.2
91674,T4a,5771.3
103570,T4d,5771.3
20264,Li28,5771.4
94953,T4d,5771.4
97249,T4d,5771.4
100867,T4b,5771.5
92431,T4a,5771.6
91325,T4a,5771.6
58862,Mi1,5771.6
31848,Mi1,5771.6
10037,VS,5771.6
10015,HSN,5771.6
17280,Li28,5771.7
33017,Mi1,5771.7
87845,T4a,5771.7
98300,T4a,5771.8
104008,T4b,5771.8
50345,TmY3,5771.900000000001
91806,T4a,5772.0
96295,T4b,5772.099999999999
35100,Mi1,5772.099999999999
10112,VS,5772.200000000001
42119,Mi1,5772.200000000001
100033,T4c,5772.200000000001
106793,T4d,5772.200000000001
66604,TmY3,5772.3
108065,T4c,5772.3
79483,Tm3,5772.4
94755,T4a,5772.4
40426,Mi1,5772.5
35774,Mi1,5772.5
30923,TmY3,5772.5
90049,T4c,5772.6
97866,T4d,5772.6
36954,Mi1,5772.7
38241,Mi1,5772.7
76524,Tm3,5772.8
37123,Mi1,5772.9
107170,T4b,5772.9
89020,T4a,5773.000000000001
100105,T4a,5773.1
104674,T4a,5773.1
35234,Mi1,5773.1
92842,T4a,5773.1
10016,HSE,5773.2
37948,Mi1,5773.2
41296,Mi1,5773.2
67113,Mi1,5773.2
102801,T4b,5773.2
109649,T4c,5773.2
116311,T4d,5773.2
34300,Mi1,5773.3
99011,T4c,5773.3
30997,Mi1,5773.3
38529,Mi1,5773.3
94179,T4a,5773.400000000001
100633,T4a,5773.400000000001
109142,T4b,5773.400000000001
124490,Tm3,5773.400000000001
99163,T4a,5773.5
100787,T4b,5773.5
104191,T4a,5773.5
111746,Tm3,5773.5
98194,T4d,5773.6
108349,T4d,5773.6
98887,T4b,5773.6
96134,T4b,5773.6
83204,T4d,5773.6
49930,TmY3,5773.6
97878,T4b,5773.6
16596,Li28,5773.700000000001
36410,Mi1,5773.8
36452,Mi1,5773.8
71402,Tm3,5773.8
35712,Mi1,5773.900000000001
102975,T4b,5774.0
90206,T4b,5774.0
40256,Mi1,5774.0
66980,T2a,5774.0
11981,Li28,5774.1
35447,Mi1,5774.1
35934,Mi1,5774.1
52328,TmY3,5774.1
74373,Tm3,5774.1
93566,T4a,5774.1
105521,T4c,5774.1
132834,Tm3,5774.1
65671,Mi1,5774.200000000001
103725,T4a,5774.200000000001
59397,Mi1,5774.3
10025,H2,5774.3
33216,Mi1,5774.4
35840,Mi1,5774.500000000001
97872,T4d,5774.500000000001
91057,T4c,5774.6
93224,T4a,5774.6
98000,T4b,5774.6
100319,T4b,5774.6
100567,T4d,5774.7
109593,Tm3,5774.7
99922,T4c,5774.7
10023,HSS,5774.8
36533,Mi1,5774.8
70289,Mi1,5774.8
88167,T4b,5774.8
39505,Mi1,5774.900000000001
93750,T4c,5774.900000000001
108307,T4b,5774.900000000001
104336,T4b,5775.0
114817,T4d,5775.0
48547,TmY3,5775.0
39405,Mi1,5775.0
32535,Mi1,5775.0
91283,T4c,5775.1
112563,Tm3,5775.1
41120,Mi1,5775.2
94356,T4c,5775.2
100946,T4c,5775.2
103022,T4a,5775.2
104027,T4d,5775.2
97853,T4c,5775.3
94624,T4a,5775.3
11134,VSm,5775.3
34867,Mi1,5775.3
39067,Mi1,5775.400000000001
99980,T4c,5775.400000000001
38208,Mi1,5775.5
33907,Mi1,5775.5
101463,T4d,5775.5
103479,T4c,5775.599999999999
93865,T4c,5775.599999999999
90465,T4a,5775.599999999999
101770,T4b,5775.599999999999
38514,Mi1,5775.599999999999
16545,Li28,5775.599999999999
90278,T4a,5775.599999999999
36994,Mi1,5775.599999999999
60857,Mi1,5775.700000000001
95242,T4d,5775.700000000001
39629,Mi1,5775.8
107105,T4d,5775.9
84008,T4c,5775.9
97480,T4c,5775.9
10015,HSN,5775.9
38893,Mi1,5775.9
80302,T2a,5776.000000000001
90423,T4b,5776.000000000001
105718,T4b,5776.000000000001
40171,Mi1,5776.000000000001
37699,Mi1,5776.1
66214,T2a,5776.1
69980,Tm3,5776.1
44119,Mi1,5776.2
116129,T4b,5776.3
110988,T4a,5776.400000000001
92939,T4b,5776.400000000001
10206,VS,5776.400000000001
67150,T2a,5776.400000000001
34171,Mi1,5776.5
35498,Mi1,5776.5
38993,Mi1,5776.5
88992,T4c,5776.5
33942,Mi1,5776.6
34057,Mi1,5776.6
34933,Mi1,5776.6
49322,TmY3,5776.7
96090,T4c,5776.7
14209,Li28,5776.7
35806,Mi1,5776.7
10037,VS,5776.8
69164,Mi1,5776.8
74231,Tm3,5776.8
40832,Mi1,5776.900000000001
69441,Tm3,5776.900000000001
71394,T2a,5776.900000000001
102519,T4a,5777.0
37853,Mi1,5777.0
55101,Mi1,5777.0
55976,Mi1,5777.0
77395,T4b,5777.0
76325,T2a,5777.099999999999
85007,T4c,5777.200000000001
75521,T2a,5777.200000000001
98175,T4c,5777.200000000001
36305,Mi1,5777.200000000001
34369,Mi1,5777.200000000001
71475,Tm3,5777.200000000001
15909,Li28,5777.3
10112,VS,5777.4
88625,T4c,5777.4
101620,T4b,5777.4
15263,Li28,5777.5
40854,Mi1,5777.5
66345,T2a,5777.5
97675,T4c,5777.6
37371,Mi1,5777.6
38133,Mi1,5777.6
83689,T4a,5777.7
93334,T4b,5777.7
15019,Li28,5777.8
67971,Tm3,5777.8
93688,T4a,5777.8
94283,T4d,5777.8
110646,T4b,5777.900000000001
103677,T4b,5777.900000000001
107075,T4d,5777.900000000001
40085,Mi1,5777.900000000001
101081,T4c,5777.900000000001
37353,Mi1,5778.0
100956,T4d,5778.0
63420,Mi1,5778.1
10016,HSE,5778.2
77991,Tm3,5778.2
93935,T4a,5778.2
132339,Tm3,5778.2
35405,Mi1,5778.3
537004,VSm,5778.3
35580,Mi1,5778.400000000001
35017,Mi1,5778.400000000001
37270,Mi1,5778.5
98985,T4c,5778.5
99663,T4c,5778.5
547091,T2,5778.5
106952,T4b,5778.599999999999
10755,H1,5778.700000000001
34899,Mi1,5778.700000000001
73807,Tm3,5778.8
20634,VST1,5778.8
101685,T4b,5778.9
68562,T2a,5778.9
49324,Mi1,5778.9
10025,H2,5779.0
39718,Mi1,5779.0
97161,T4a,5779.0
98312,T4a,5779.1
36139,Mi1,5779.2
93360,T4b,5779.3
109598,T4b,5779.3
91913,T4b,5779.4
96576,T4c,5779.4
39158,Mi1,5779.4
85074,T4a,5779.4
38767,Mi1,5779.5
38238,Mi1,5779.6
47967,Mi1,5779.6
92047,T4c,5779.6
95005,T4a,5779.6
103654,T4b,5779.6
102791,T4c,5779.7
108697,T4d,5779.7
101005,T4d,5779.8
102991,T4c,5779.8
68212,T2a,5779.8
37599,Mi1,5779.8
37019,Mi1,5779.8
16033,Li28,5779.8
36177,Mi1,5780.0
10015,HSN,5780.099999999999
37529,Mi1,5780.099999999999
91444,T4c,5780.099999999999
98504,T4c,5780.099999999999
41668,Mi1,5780.200000000001
107609,T4d,5780.200000000001
92552,T4a,5780.3
89290,T4d,5780.4
34045,Mi1,5780.4
60856,T2a,5780.4
17596,Li28,5780.5
34189,Mi1,5780.5
62078,Mi1,5780.6
133040,Tm3,5780.6
33446,Mi1,5780.700000000001
35770,Mi1,5780.700000000001
95356,T4a,5780.700000000001
73096,T2a,5780.9
71228,T2a,5780.9
97231,T4a,5780.9
33655,Mi1,5780.9
38791,Mi1,5780.9
32893,Mi1,5780.9
64149,Mi1,5781.000000000001
107031,T4b,5781.1
80855,Tm3,5781.2
57398,Mi1,5781.3
77138,Tm3,5781.3
91987,T4c,5781.400000000001
102462,T4c,5781.400000000001
72066,Tm3,5781.400000000001
36252,Mi1,5781.400000000001
34479,Mi1,5781.400000000001
48283,TmY3,5781.400000000001
107529,T4d,5781.5
10023,HSS,5781.5
40596,Mi1,5781.5
72005,Tm3,5781.5
97028,T4c,5781.5
102016,T4a,5781.5
123490,Tm3,5781.5
90121,T4b,5781.6
66808,Tm3,5781.6
82515,Tm3,5781.6
34296,Mi1,5781.6
56564,Mi1,5781.6
38479,Mi1,5781.7
59959,Mi1,5781.7
10037,VS,5781.8
35897,Mi1,5781.8
36911,Mi1,5781.8
41626,Mi1,5781.8
99628,T4b,5781.8
104683,T4b,5781.8
104905,T4c,5781.900000000001
40703,Mi1,5781.900000000001
35888,Mi1,5782.1
34463,Mi1,5782.1
10112,VS,5782.200000000001
41809,Mi1,5782.200000000001
102579,T4b,5782.200000000001
34356,Mi1,5782.4
92281,T4c,5782.4
35602,Mi1,5782.6
36540,Mi1,5782.6
100032,T4c,5782.6
104257,T4b,5782.6
40944,Mi1,5782.7
37000,Mi1,5782.8
19292,Li28,5782.8
10016,HSE,5782.900000000001
34862,Mi1,5783.0
104297,T4a,5783.0
35836,Mi1,5783.1
36446,Mi1,5783.1
91682,T4b,5783.2
97899,T4a,5783.2
122233,Tm3,5783.2
96676,T4b,5783.3
93972,T4a,5783.3
75660,T2a,5783.3
35001,Mi1,5783.3
33462,Mi1,5783.3
35845,Mi1,5783.3
72279,Mi1,5783.400000000001
10025,H2,5783.5
37037,Mi1,5783.5
52485,TmY3,5783.5
94287,T4d,5783.5
99348,T4c,5783.5
37568,Mi1,5783.599999999999
95681,T4a,5783.599999999999
95972,T4d,5783.700000000001
48986,TmY3,5783.700000000001
38230,Mi1,5783.700000000001
36217,Mi1,5783.700000000001
80358,Tm3,5783.8
542412,Mi1,5783.8
39692,TmY3,5783.9
46662,TmY3,5783.9
50333,TmY3,5783.9
102564,T4a,5783.9
54087,Mi1,5784.000000000001
79271,T4a,5784.000000000001
95822,T4b,5784.000000000001
98381,T4d,5784.000000000001
89434,T4c,5784.1
84063,T4b,5784.1
15909,Li28,5784.1
35428,Mi1,5784.1
39275,Mi1,5784.2
35152,Mi1,5784.3
35218,Mi1,5784.3
107719,T4b,5784.3
525839,Mi1,5784.3
39743,Mi1,5784.400000000001
10012,VS,5784.5
54885,TmY3,5784.6
11981,Li28,5784.6
10015,HSN,5784.6
10206,VS,5784.7
34849,Mi1,5784.7
37631,Mi1,5784.7
41545,Mi1,5784.7
86630,Tm3,5784.7
526158,Mi1,5784.7
95453,T4a,5784.8
86416,T4a,5784.8
102741,T4c,5784.8
51122,Mi1,5784.8
79646,Tm3,5784.8
33017,Mi1,5784.900000000001
72558,T2a,5784.900000000001
58862,Mi1,5785.0
74023,T2a,5785.0
81401,T4b,5785.200000000001
85126,T4a,5785.200000000001
91469,T4c,5785.200000000001
93527,T4a,5785.200000000001
101215,T4c,5785.200000000001
112633,T4b,5785.3
127153,Tm3,5785.4
104301,T4b,5785.4
34079,Mi1,5785.4
31848,Mi1,5785.4
93419,T4b,5785.4
16545,Li28,5785.5
94153,T4d,5785.5
111416,Tm3,5785.5
127615,Tm3,5785.5
17280,Li28,5785.6
42119,Mi1,5785.6
101772,Tm3,5785.6
89368,T4c,5785.7
112993,T4b,5785.7
94305,T4a,5785.7
53065,Mi1,5785.7
35100,Mi1,5785.7
12521,HST,5785.8
23047,Li28,5785.8
35774,Mi1,5785.8
98668,T4a,5785.900000000001
20264,Li28,5786.0
83067,T4b,5786.0
106912,Tm3,5786.0
100310,T4d,5786.1
73586,Tm3,5786.1
40426,Mi1,5786.1
41296,Mi1,5786.1
48514,TmY3,5786.1
94368,T4a,5786.2
95458,T4d,5786.2
103827,T4c,5786.2
114391,T4d,5786.2
37948,Mi1,5786.3
99672,T4a,5786.3
104858,T4b,5786.400000000001
101383,T4b,5786.400000000001
92706,T4a,5786.400000000001
36452,Mi1,5786.5
68842,TmY3,5786.5
92254,T4b,5786.599999999999
110403,T4b,5786.599999999999
36954,Mi1,5786.700000000001
67113,Mi1,5786.700000000001
79257,Tm3,5786.700000000001
101480,T4c,5786.700000000001
87424,T4d,5786.8
106801,T4c,5786.8
37123,Mi1,5786.8
69380,Tm3,5786.8
10037,VS,5786.9
73385,T2a,5786.9
92839,T4b,5786.9
105412,T4a,5786.9
64260,T2,5787.0
98439,T4a,5787.0
104354,T4b,5787.0
111980,T4d,5787.0
101043,T4c,5787.1
98118,T4c,5787.1
36410,Mi1,5787.1
65531,T2a,5787.2
69228,T2a,5787.2
82038,Tm3,5787.2
96394,T4b,5787.2
111184,T4a,5787.3
10016,HSE,5787.3
35234,Mi1,5787.3
56762,TmY3,5787.3
78856,Tm3,5787.3
98837,T4c,5787.3
93166,T4c,5787.4
35447,Mi1,5787.4
99950,T4c,5787.5
10112,VS,5787.6
35712,Mi1,5787.6
10755,H1,5787.7
90219,T4a,5787.7
10025,H2,5787.799999999999
47368,TmY3,5787.799999999999
90145,T4a,5787.799999999999
100897,T4c,5787.799999999999
115636,T4d,5787.799999999999
74937,T2a,5787.900000000001
95335,T4a,5788.0
74927,Tm3,5788.0
34300,Mi1,5788.099999999999
83979,T4a,5788.099999999999
85152,T4c,5788.099999999999
65298,T2a,5788.200000000001
65671,Mi1,5788.200000000001
87289,T4a,5788.200000000001
91806,T4a,5788.200000000001
96424,T4b,5788.200000000001
101302,T4d,5788.3
64579,T2,5788.3
40026,TmY3,5788.3
10023,HSS,5788.3
16596,Li28,5788.5
59397,Mi1,5788.5
70289,Mi1,5788.5
72148,Tm3,5788.5
42006,TmY3,5788.6
104853,T4c,5788.6
100206,T4c,5788.700000000001
109536,T4d,5788.700000000001
35840,Mi1,5788.700000000001
96126,T4b,5788.700000000001
35934,Mi1,5788.8
36533,Mi1,5788.8
81883,T2a,5788.8
92114,T4c,5788.8
95554,T4b,5788.8
116716,T4b,5788.8
38241,Mi1,5788.9
72955,T2a,5788.9
95239,T4a,5788.9
102425,T4b,5789.1
98099,T4b,5789.1
88698,T4a,5789.1
74725,T2a,5789.1
16033,Li28,5789.2
44119,Mi1,5789.2
33216,Mi1,5789.3
37699,Mi1,5789.3
41120,Mi1,5789.3
62272,T2,5789.3
82500,T2a,5789.3
83438,T4a,5789.3
60857,Mi1,5789.400000000001
88152,T4c,5789.400000000001
34933,Mi1,5789.400000000001
10015,HSN,5789.5
33907,Mi1,5789.5
94743,T4d,5789.5
83365,T2a,5789.6
103025,T4a,5789.6
104450,T4a,5789.6
81995,Tm3,5789.7
34867,Mi1,5789.7
38514,Mi1,5789.7
69540,TmY3,5789.7
88281,T4b,5789.8
36994,Mi1,5789.8
83583,T4d,5790.0
34057,Mi1,5790.1
38993,Mi1,5790.1
54211,TmY3,5790.1
64341,TmY3,5790.1
98788,T4d,5790.1
103073,T4a,5790.1
103226,T4d,5790.1
116610,T4d,5790.200000000001
39405,Mi1,5790.200000000001
38529,Mi1,5790.200000000001
35498,Mi1,5790.200000000001
34369,Mi1,5790.200000000001
69164,Mi1,5790.3
93025,T4b,5790.3
40171,Mi1,5790.4
40256,Mi1,5790.4
113171,T4b,5790.4
33942,Mi1,5790.500000000001
112744,T4d,5790.6
88726,T4b,5790.6
38893,Mi1,5790.6
93407,T4d,5790.6
15909,Li28,5790.7
69597,Tm3,5790.7
34171,Mi1,5790.8
91345,T4c,5790.8
97784,T4c,5790.900000000001
55101,Mi1,5790.900000000001
98325,T4d,5790.900000000001
37371,Mi1,5790.900000000001
32535,Mi1,5790.900000000001
39067,Mi1,5790.900000000001
37853,Mi1,5791.0
95883,T4a,5791.0
36305,Mi1,5791.1
113568,T4d,5791.2
15019,Li28,5791.2
30997,Mi1,5791.2
39629,Mi1,5791.2
84010,Tm3,5791.2
112179,T4b,5791.2
102479,T4c,5791.3
77383,T2a,5791.3
10016,HSE,5791.3
15263,Li28,5791.400000000001
37270,Mi1,5791.400000000001
40832,Mi1,5791.400000000001
91366,T4b,5791.400000000001
55976,Mi1,5791.5
83227,Tm3,5791.5
86686,T4c,5791.5
101230,T4a,5791.599999999999
40085,Mi1,5791.599999999999
35017,Mi1,5791.599999999999
38238,Mi1,5791.599999999999
10025,H2,5791.700000000001
37353,Mi1,5791.8
71161,T2a,5791.8
106295,T4b,5791.8
35806,Mi1,5791.9
98862,Tm3,5791.9
38133,Mi1,5792.000000000001
38208,Mi1,5792.000000000001
97193,T4a,5792.1
83465,T4a,5792.1
77779,T2a,5792.1
61768,T2,5792.1
14209,Li28,5792.1
48894,TmY3,5792.2
63420,Mi1,5792.2
35580,Mi1,5792.3
78503,T2a,5792.3
10037,VS,5792.400000000001
99423,T4d,5792.5
90135,T4c,5792.5
94179,T4a,5792.5
10284,VS,5792.5
40854,Mi1,5792.5
39158,Mi1,5792.6
77480,Tm3,5792.6
108847,T4d,5792.7
49324,Mi1,5792.8
71052,T2a,5792.8
97885,T4a,5792.8
99670,T4c,5792.8
118502,T4b,5792.900000000001
98751,T4a,5792.900000000001
113686,T4d,5793.0
105403,T4c,5793.0
39505,Mi1,5793.0
37243,Mi1,5793.099999999999
61401,T2a,5793.099999999999
100946,T4c,5793.099999999999
106922,T4c,5793.099999999999
10112,VS,5793.200000000001
70490,Mi1,5793.200000000001
88435,Tm3,5793.200000000001
107240,T4b,5793.200000000001
103657,T4b,5793.3
102801,T4b,5793.3
92431,T4a,5793.3
71938,T2a,5793.3
98887,T4b,5793.3
34899,Mi1,5793.4
68982,Tm3,5793.4
86536,Tm3,5793.4
107445,T4a,5793.4
98654,T4d,5793.5
35770,Mi1,5793.5
96657,T4c,5793.5
101732,T4c,5793.5
42594,Mi1,5793.7
10206,VS,5793.7
37529,Mi1,5793.8
96163,T4b,5793.8
102112,T4c,5793.8
96199,T4a,5794.0
34189,Mi1,5794.1
35405,Mi1,5794.1
125288,Tm3,5794.1
107297,T4c,5794.3
36139,Mi1,5794.3
11981,Li28,5794.3
17596,Li28,5794.3
10023,HSS,5794.400000000001
16545,Li28,5794.400000000001
98194,T4d,5794.400000000001
102147,T4c,5794.400000000001
109857,T4d,5794.400000000001
33446,Mi1,5794.5
69186,Tm3,5794.5
104942,T4a,5794.5
34479,Mi1,5794.599999999999
96728,T4c,5794.700000000001
33655,Mi1,5794.700000000001
37599,Mi1,5794.700000000001
10015,HSN,5794.8
34296,Mi1,5794.8
73828,Tm3,5794.8
94356,T4c,5794.8
537004,VSm,5794.8
103160,T4a,5794.9
34045,Mi1,5794.9
35897,Mi1,5794.9
89728,Tm3,5795.0
36911,Mi1,5795.0
36177,Mi1,5795.0
36540,Mi1,5795.1
10016,HSE,5795.3
38767,Mi1,5795.3
47967,Mi1,5795.4
37019,Mi1,5795.4
103425,T4a,5795.4
102153,T4c,5795.5
105135,T4c,5795.5
78968,Tm3,5795.5
46324,TmY3,5795.5
39718,Mi1,5795.5
48547,TmY3,5795.6
78911,Tm3,5795.6
97256,T4c,5795.6
10025,H2,5795.7
56564,Mi1,5795.7
86778,T4a,5795.7
103314,T4b,5795.7
86419,Tm3,5795.799999999999
98349,T4a,5795.799999999999
104703,T4d,5795.900000000001
35888,Mi1,5796.0
40596,Mi1,5796.0
35045,Mi1,5796.1
40944,Mi1,5796.1
58945,Tm3,5796.1
99387,T4a,5796.1
34862,Mi1,5796.200000000001
542412,Mi1,5796.3
82211,T2a,5796.3
41809,Mi1,5796.3
36446,Mi1,5796.3
36252,Mi1,5796.3
34463,Mi1,5796.3
38479,Mi1,5796.3
107442,T4d,5796.400000000001
41626,Mi1,5796.5
10755,H1,5796.6
37000,Mi1,5796.6
42675,Mi1,5796.6
96295,T4b,5796.6
93750,T4c,5796.700000000001
100680,T4d,5796.700000000001
32893,Mi1,5796.9
39275,Mi1,5796.9
41668,Mi1,5796.9
38721,Mi1,5797.000000000001
85378,T4a,5797.000000000001
15909,Li28,5797.000000000001
35152,Mi1,5797.000000000001
105521,T4c,5797.000000000001
87358,T4a,5797.1
57398,Mi1,5797.1
102595,T4d,5797.1
35001,Mi1,5797.1
40703,Mi1,5797.1
108325,T4c,5797.1
62078,Mi1,5797.2
10037,VS,5797.2
105122,T4b,5797.2
100105,T4a,5797.3
104414,T4d,5797.3
81064,Tm3,5797.3
51231,TmY3,5797.3
38791,Mi1,5797.3
37037,Mi1,5797.3
35428,Mi1,5797.3
16033,Li28,5797.3
36217,Mi1,5797.400000000001
71131,Tm3,5797.400000000001
102229,T4d,5797.400000000001
105292,T4b,5797.5
100855,T4a,5797.5
90394,T4a,5797.5
91057,T4c,5797.5
59959,Mi1,5797.5
35845,Mi1,5797.5
72279,Mi1,5797.5
34356,Mi1,5797.6
41545,Mi1,5797.6
76733,Tm3,5797.6
100488,T4c,5797.6
101244,T4b,5797.6
35602,Mi1,5797.7
37631,Mi1,5797.7
33462,Mi1,5797.8
99292,T4a,5797.900000000001
35836,Mi1,5797.900000000001
34849,Mi1,5798.1
35218,Mi1,5798.1
97675,T4c,5798.1
525839,Mi1,5798.1
19292,Li28,5798.200000000001
34142,Mi1,5798.200000000001
69889,T2a,5798.200000000001
72796,Tm3,5798.200000000001
108438,T4d,5798.200000000001
100282,T4a,5798.3
37568,Mi1,5798.3
49372,TmY3,5798.4
64149,Mi1,5798.4
34626,Mi1,5798.500000000001
39692,TmY3,5798.500000000001
96931,T4b,5798.500000000001
100033,T4c,5798.500000000001
118385,T4b,5798.500000000001
39743,Mi1,5798.6
38230,Mi1,5798.6
94668,T4d,5798.6
33017,Mi1,5798.7
54087,Mi1,5798.8
93947,T4a,5798.8
112775,T4d,5799.0
10112,VS,5799.1
44564,TmY3,5799.1
74375,Tm3,5799.1
92644,T4d,5799.1
94624,T4a,5799.1
99131,T4c,5799.1
102031,T4c,5799.1
117627,Tm3,5799.2
89142,T4b,5799.2
10016,HSE,5799.2
36452,Mi1,5799.2
42119,Mi1,5799.2
526158,Mi1,5799.3
107211,T4d,5799.400000000001
34079,Mi1,5799.400000000001
66980,T2a,5799.400000000001
97677,T4c,5799.400000000001
97866,T4d,5799.5
98139,T4d,5799.5
96576,T4c,5799.5
31848,Mi1,5799.599999999999
37948,Mi1,5799.599999999999
58862,Mi1,5799.599999999999
70524,T2a,5799.599999999999
87845,T4a,5799.599999999999
122308,Tm3,5799.599999999999
104336,T4b,5799.700000000001
114088,T4d,5799.700000000001
100867,T4b,5799.700000000001
51122,Mi1,5799.700000000001
35774,Mi1,5799.700000000001
17280,Li28,5799.700000000001
46993,T2a,5799.8
10025,H2,5799.9
92939,T4b,5799.9
10015,HSN,5800.000000000001
97878,T4b,5800.000000000001
103022,T4a,5800.000000000001
89825,T4a,5800.1
120312,Tm3,5800.1
41296,Mi1,5800.1
53065,Mi1,5800.1
104191,T4a,5800.2
101770,T4b,5800.2
90278,T4a,5800.2
23047,Li28,5800.3
44449,TmY3,5800.3
70800,Tm3,5800.3
100838,T4c,5800.3
112619,T4d,5800.3
101685,T4b,5800.400000000001
83191,T4a,5800.5
85598,T4b,5800.5
108907,T4c,5800.5
93021,T4a,5800.6
92281,T4c,5800.6
78561,Tm3,5800.6
40426,Mi1,5800.6
35100,Mi1,5800.6
66808,Tm3,5800.6
90423,T4b,5800.7
99980,T4c,5800.8
30923,TmY3,5800.8
67150,T2a,5800.8
91313,T4a,5800.8
92842,T4a,5800.8
92047,T4c,5800.900000000001
35234,Mi1,5800.900000000001
34300,Mi1,5801.0
84063,T4b,5801.0
109996,T4c,5801.0
10023,HSS,5801.099999999999
102975,T4b,5801.200000000001
73284,T2a,5801.3
107170,T4b,5801.3
20264,Li28,5801.4
36954,Mi1,5801.4
104257,T4b,5801.5
97853,T4c,5801.5
72194,Tm3,5801.5
59397,Mi1,5801.5
77982,T2a,5801.6
97028,T4c,5801.6
10206,VS,5801.7
61659,Tm3,5801.7
75521,T2a,5801.7
94283,T4d,5801.7
96774,T4c,5801.7
75381,Tm3,5801.8
36410,Mi1,5801.8
35447,Mi1,5801.8
11134,VSm,5801.8
10012,VS,5802.0
38241,Mi1,5802.0
47686,TmY3,5802.0
67113,Mi1,5802.0
96134,T4b,5802.0
35712,Mi1,5802.1
99011,T4c,5802.1
69980,Tm3,5802.2
91469,T4c,5802.2
106701,T4d,5802.3
10037,VS,5802.400000000001
33907,Mi1,5802.400000000001
37123,Mi1,5802.400000000001
37699,Mi1,5802.400000000001
90566,T4d,5802.400000000001
94755,T4a,5802.400000000001
108065,T4c,5802.400000000001
65671,Mi1,5802.5
95005,T4a,5802.5
109142,T4b,5802.5
99922,T4c,5802.5
97288,T4c,5802.599999999999
36533,Mi1,5802.599999999999
35840,Mi1,5802.700000000001
102579,T4b,5802.8
92415,T4a,5802.9
10016,HSE,5803.0
33216,Mi1,5803.0
47962,TmY3,5803.0
98300,T4a,5803.0
83204,T4d,5803.1
71475,Tm3,5803.1
70289,Mi1,5803.1
33942,Mi1,5803.1
16545,Li28,5803.1
15909,Li28,5803.2
38514,Mi1,5803.2
89434,T4c,5803.2
90419,T4b,5803.2
70812,TmY3,5803.3
84008,T4c,5803.4
100787,T4b,5803.4
36994,Mi1,5803.6
35498,Mi1,5803.6
100087,T4b,5803.6
74231,Tm3,5803.7
16596,Li28,5803.7
95985,T4c,5803.799999999999
100018,T4a,5803.799999999999
103570,T4d,5803.799999999999
10025,H2,5803.900000000001
44119,Mi1,5803.900000000001
121170,Tm3,5804.0
82855,Tm3,5804.0
98504,T4c,5804.0
34933,Mi1,5804.0
34057,Mi1,5804.0
69164,Mi1,5804.0
37270,Mi1,5804.1
89139,T4c,5804.1
91987,T4c,5804.1
93224,T4a,5804.1
34171,Mi1,5804.200000000001
100319,T4b,5804.200000000001
60857,Mi1,5804.3
95007,T4a,5804.3
69570,Tm3,5804.400000000001
38993,Mi1,5804.400000000001
38238,Mi1,5804.400000000001
35934,Mi1,5804.400000000001
34369,Mi1,5804.400000000001
37371,Mi1,5804.400000000001
34867,Mi1,5804.5
37853,Mi1,5804.6
38893,Mi1,5804.6
11981,Li28,5804.700000000001
85126,T4a,5804.700000000001
93509,T4b,5804.700000000001
101878,T4a,5804.8
101463,T4d,5804.8
96126,T4b,5804.9
94305,T4a,5804.9
40256,Mi1,5804.9
50333,TmY3,5804.9
55976,Mi1,5804.9
107609,T4d,5805.000000000001
40171,Mi1,5805.1
41120,Mi1,5805.1
39405,Mi1,5805.2
35806,Mi1,5805.2
100501,T4b,5805.2
96090,T4c,5805.3
90145,T4a,5805.3
49324,Mi1,5805.3
37353,Mi1,5805.3
119245,T4d,5805.400000000001
108307,T4b,5805.400000000001
102462,T4c,5805.400000000001
91913,T4b,5805.400000000001
532850,Tm3,5805.400000000001
50345,TmY3,5805.400000000001
48607,TmY3,5805.400000000001
39067,Mi1,5805.400000000001
35017,Mi1,5805.400000000001
83583,T4d,5805.400000000001
10755,H1,5805.5
16033,Li28,5805.5
38529,Mi1,5805.5
68933,Tm3,5805.5
38133,Mi1,5805.6
47368,TmY3,5805.6
68562,T2a,5805.6
95453,T4a,5805.6
109593,Tm3,5805.7
55101,Mi1,5805.7
45005,TmY3,5805.7
34899,Mi1,5805.7
10015,HSN,5805.7
36305,Mi1,5805.7
105698,T4c,5805.8
10112,VS,5805.8
15019,Li28,5805.8
66345,T2a,5805.8
86416,T4a,5805.8
90097,T4c,5805.8
97899,T4a,5805.8
93688,T4a,5805.900000000001
91806,T4a,5805.900000000001
32535,Mi1,5805.900000000001
30997,Mi1,5805.900000000001
110646,T4b,5806.0
10284,VS,5806.0
35580,Mi1,5806.0
88625,T4c,5806.0
102519,T4a,5806.0
109384,T4d,5806.1
125171,Tm3,5806.1
39629,Mi1,5806.1
95364,T4d,5806.1
88152,T4c,5806.200000000001
79483,Tm3,5806.200000000001
40026,TmY3,5806.200000000001
99663,T4c,5806.3
101620,T4b,5806.3
35770,Mi1,5806.4
102791,T4c,5806.4
44244,TmY3,5806.500000000001
90121,T4b,5806.500000000001
37529,Mi1,5806.6
40085,Mi1,5806.6
40832,Mi1,5806.6
79271,T4a,5806.6
107529,T4d,5806.7
98175,T4c,5806.7
39158,Mi1,5806.7
93527,T4a,5806.7
34189,Mi1,5806.8
63420,Mi1,5806.8
67719,T2a,5806.8
91629,T4a,5806.8
15263,Li28,5806.900000000001
67971,Tm3,5806.900000000001
121816,T4a,5806.900000000001
120016,Tm3,5807.0
104008,T4b,5807.0
10016,HSE,5807.0
39505,Mi1,5807.0
14209,Li28,5807.1
38208,Mi1,5807.1
91283,T4c,5807.1
105126,T4c,5807.1
95356,T4a,5807.2
107640,T4c,5807.2
83689,T4a,5807.3
72938,T2a,5807.400000000001
35405,Mi1,5807.400000000001
36139,Mi1,5807.400000000001
48986,TmY3,5807.5
101215,T4c,5807.5
116311,T4d,5807.5
102991,T4c,5807.599999999999
40854,Mi1,5807.599999999999
83438,T4a,5807.599999999999
93360,T4b,5807.700000000001
93566,T4a,5807.700000000001
72558,T2a,5807.700000000001
97231,T4a,5807.8
10023,HSS,5807.8
68522,T2a,5807.8
10025,H2,5807.9
94549,T4b,5807.9
10037,VS,5808.000000000001
79646,Tm3,5808.000000000001
89368,T4c,5808.000000000001
95554,T4b,5808.000000000001
100261,T4c,5808.000000000001
85074,T4a,5808.1
101772,Tm3,5808.3
100032,T4c,5808.400000000001
90567,T4b,5808.400000000001
97161,T4a,5808.400000000001
96676,T4b,5808.5
33446,Mi1,5808.5
36540,Mi1,5808.5
92993,Tm3,5808.5
111857,T4d,5808.6
35897,Mi1,5808.6
34862,Mi1,5808.6
102388,T4d,5808.7
93957,T4b,5808.7
34296,Mi1,5808.7
47967,Mi1,5808.7
37243,Mi1,5808.8
106522,T4d,5808.8
40596,Mi1,5808.900000000001
76524,Tm3,5808.900000000001
86141,T4b,5808.900000000001
102564,T4a,5808.900000000001
10206,VS,5809.0
90219,T4a,5809.0
104683,T4b,5809.0
101480,T4c,5809.099999999999
17596,Li28,5809.099999999999
48283,TmY3,5809.099999999999
90888,T4b,5809.099999999999
70490,Mi1,5809.200000000001
95681,T4a,5809.200000000001
36177,Mi1,5809.200000000001
38767,Mi1,5809.200000000001
106166,T4b,5809.200000000001
65513,T2a,5809.4
36911,Mi1,5809.5
76074,Tm3,5809.5
34045,Mi1,5809.5
40944,Mi1,5809.6
42594,Mi1,5809.6
33655,Mi1,5809.6
39275,Mi1,5809.7
41626,Mi1,5809.7
56564,Mi1,5809.7
93166,T4c,5809.7
37019,Mi1,5809.8
39718,Mi1,5809.8
41809,Mi1,5809.8
93419,T4b,5809.8
68212,T2a,5809.9
36446,Mi1,5809.9
34479,Mi1,5810.0
37599,Mi1,5810.0
94743,T4d,5810.0
98099,T4b,5810.1
122233,Tm3,5810.1
15909,Li28,5810.2
93972,T4a,5810.2
99628,T4b,5810.3
62078,Mi1,5810.3
98846,T4c,5810.3
111184,T4a,5810.400000000001
102741,T4c,5810.400000000001
90049,T4c,5810.400000000001
37000,Mi1,5810.5
41668,Mi1,5810.5
109649,T4c,5810.5
110988,T4a,5810.5
107621,T4d,5810.599999999999
109631,T4b,5810.599999999999
37037,Mi1,5810.700000000001
38479,Mi1,5810.700000000001
112179,T4b,5810.700000000001
105412,T4a,5810.8
100310,T4d,5810.8
35890,Mi1,5810.8
10015,HSN,5810.8
80855,Tm3,5810.8
10016,HSE,5811.0
32893,Mi1,5811.0
78856,Tm3,5811.0
101228,T4a,5811.0
12521,HST,5811.1
35602,Mi1,5811.1
111416,Tm3,5811.2
95017,T4c,5811.2
93985,T4c,5811.2
36217,Mi1,5811.2
35836,Mi1,5811.2
35152,Mi1,5811.3
36252,Mi1,5811.3
91325,T4a,5811.3
100956,T4d,5811.3
113207,T4d,5811.3
57398,Mi1,5811.4
43334,TmY3,5811.4
91682,T4b,5811.4
37631,Mi1,5811.4
33017,Mi1,5811.4
38791,Mi1,5811.4
16545,Li28,5811.5
35428,Mi1,5811.5
109868,Tm3,5811.5
10025,H2,5811.6
35001,Mi1,5811.6
41545,Mi1,5811.6
49441,TmY3,5811.6
88992,T4c,5811.6
91345,T4c,5811.7
98360,T4c,5811.8
542412,Mi1,5811.8
38721,Mi1,5811.8
34463,Mi1,5811.8
35888,Mi1,5811.8
33462,Mi1,5811.8
37568,Mi1,5811.8
69793,T2a,5811.900000000001
94468,T4c,5811.900000000001
101005,T4d,5811.900000000001
104297,T4a,5811.900000000001
111928,T4b,5812.0
98118,T4c,5812.0
95822,T4b,5812.0
71228,T2a,5812.0
59959,Mi1,5812.0
77891,Tm3,5812.0
35045,Mi1,5812.1
89290,T4d,5812.1
92706,T4a,5812.1
108824,T4d,5812.1
35218,Mi1,5812.200000000001
98312,T4a,5812.200000000001
104368,T4c,5812.3
95335,T4a,5812.3
10112,VS,5812.3
34142,Mi1,5812.3
72279,Mi1,5812.3
36452,Mi1,5812.400000000001
52328,TmY3,5812.400000000001
68982,Tm3,5812.400000000001
103654,T4b,5812.400000000001
133040,Tm3,5812.400000000001
34356,Mi1,5812.5
39743,Mi1,5812.5
104858,T4b,5812.700000000001
53075,TmY3,5812.700000000001
39651,Mi1,5812.700000000001
10037,VS,5812.8
34849,Mi1,5812.8
38230,Mi1,5812.8
42675,Mi1,5812.8
80435,T2a,5812.8
98381,T4d,5812.8
54087,Mi1,5812.9
56007,TmY3,5812.9
103025,T4a,5812.9
94356,T4c,5813.000000000001
93750,T4c,5813.000000000001
91934,T4a,5813.000000000001
10755,H1,5813.1
17280,Li28,5813.1
35845,Mi1,5813.1
37948,Mi1,5813.1
40703,Mi1,5813.1
46662,TmY3,5813.1
83067,T4b,5813.1
525839,Mi1,5813.1
526158,Mi1,5813.2
98654,T4d,5813.2
64149,Mi1,5813.2
36410,Mi1,5813.3
80812,T4a,5813.3
83979,T4a,5813.3
97171,T4d,5813.3
19292,Li28,5813.400000000001
99348,T4c,5813.400000000001
110403,T4b,5813.400000000001
58862,Mi1,5813.5
74927,Tm3,5813.5
83677,T4c,5813.5
10023,HSS,5813.6
98194,T4d,5813.7
23047,Li28,5813.8
31848,Mi1,5813.8
111746,Tm3,5813.8
42119,Mi1,5813.900000000001
34079,Mi1,5814.0
34300,Mi1,5814.0
38987,Mi1,5814.0
41659,Mi1,5814.0
92839,T4b,5814.0
537004,VSm,5814.0
99950,T4c,5814.1
94368,T4a,5814.1
11981,Li28,5814.1
92996,T4a,5814.1
36646,Mi1,5814.3
40426,Mi1,5814.3
16033,Li28,5814.4
51122,Mi1,5814.4
79083,Tm3,5814.4
99670,T4c,5814.4
104674,T4a,5814.500000000001
94153,T4d,5814.500000000001
35447,Mi1,5814.500000000001
20634,VST1,5814.500000000001
92181,T4a,5814.500000000001
34626,Mi1,5814.6
37294,Mi1,5814.6
70239,T2,5814.6
72148,Tm3,5814.6
72829,T2a,5814.6
40219,Mi1,5814.8
87390,T2a,5814.8
100206,T4c,5814.900000000001
100946,T4c,5814.900000000001
59397,Mi1,5814.900000000001
10016,HSE,5815.0
42691,Mi1,5815.0
96394,T4b,5815.0
98985,T4c,5815.0
107719,T4b,5815.0
39692,TmY3,5815.1
69063,Mi1,5815.1
105718,T4b,5815.2
103827,T4c,5815.2
123490,Tm3,5815.2
31492,Mi1,5815.2
64712,T2a,5815.2
97784,T4c,5815.3
92114,T4c,5815.3
37839,Mi1,5815.3
38241,Mi1,5815.3
72955,T2a,5815.3
10015,HSN,5815.400000000001
10025,H2,5815.400000000001
41296,Mi1,5815.400000000001
74228,Tm3,5815.400000000001
89934,T4d,5815.400000000001
95239,T4a,5815.400000000001
95810,T2a,5815.400000000001
91057,T4c,5815.5
74023,T2a,5815.5
53065,Mi1,5815.599999999999
104256,T4a,5815.599999999999
98668,T4a,5815.700000000001
102801,T4b,5815.700000000001
104450,T4a,5815.700000000001
37699,Mi1,5815.8
43978,Mi1,5815.8
48547,TmY3,5815.8
104144,T2,5815.9
114391,T4d,5815.9
89020,T4a,5815.9
36346,Mi1,5815.9
35234,Mi1,5815.9
35100,Mi1,5815.9
85152,T4c,5815.9
36954,Mi1,5816.0
93025,T4b,5816.0
37123,Mi1,5816.1
74373,Tm3,5816.1
105521,T4c,5816.1
35712,Mi1,5816.2
10206,VS,5816.2
74937,T2a,5816.2
108948,T4b,5816.2
15909,Li28,5816.3
33091,Mi1,5816.3
33942,Mi1,5816.3
102975,T4b,5816.400000000001
103425,T4a,5816.400000000001
36533,Mi1,5816.400000000001
65671,Mi1,5816.400000000001
112744,T4d,5816.400000000001
69540,TmY3,5816.5
67113,Mi1,5816.5
35774,Mi1,5816.6
90423,T4b,5816.6
94287,T4d,5816.6
547091,T2,5816.6
20264,Li28,5816.7
90474,T4b,5816.7
94567,T4c,5816.7
103657,T4b,5816.8
102370,T4c,5816.8
95242,T4d,5816.8
77527,T4a,5816.8
85737,T2a,5816.8
33907,Mi1,5816.8
94179,T4a,5816.8
106819,T4b,5816.900000000001
38514,Mi1,5816.900000000001
101302,T4d,5816.900000000001
104027,T4d,5816.900000000001
106922,T4c,5817.0
101043,T4c,5817.0
38238,Mi1,5817.0
67150,T2a,5817.0
35840,Mi1,5817.099999999999
92082,T4b,5817.099999999999
92431,T4a,5817.099999999999
97480,T4c,5817.099999999999
107075,T4d,5817.099999999999
76325,T2a,5817.200000000001
72619,T2a,5817.3
37270,Mi1,5817.3
36275,Mi1,5817.3
36994,Mi1,5817.3
33216,Mi1,5817.4
34171,Mi1,5817.4
88698,T4a,5817.4
93334,T4b,5817.4
96081,T4a,5817.4
90135,T4c,5817.5
35498,Mi1,5817.5
65298,T2a,5817.5
92684,T4c,5817.5
83365,T2a,5817.6
56291,TmY3,5817.7
77395,T4b,5817.8
60886,T2a,5817.8
120231,Tm3,5817.8
34933,Mi1,5817.8
40256,Mi1,5817.8
10037,VS,5817.9
69164,Mi1,5817.9
83465,T4a,5817.9
48894,TmY3,5818.0
81401,T4b,5818.0
106912,Tm3,5818.0
91469,T4c,5818.1
44119,Mi1,5818.1
38993,Mi1,5818.1
37353,Mi1,5818.1
34369,Mi1,5818.1
60857,Mi1,5818.2
100633,T4a,5818.2
107105,T4d,5818.2
16596,Li28,5818.3
70289,Mi1,5818.3
96576,T4c,5818.400000000001
100282,T4a,5818.400000000001
100785,T4b,5818.400000000001
95458,T4d,5818.5
10112,VS,5818.5
35806,Mi1,5818.599999999999
37371,Mi1,5818.599999999999
96035,T4d,5818.700000000001
96931,T4b,5818.700000000001
97885,T4a,5818.700000000001
103479,T4c,5818.700000000001
108847,T4d,5818.700000000001
127615,Tm3,5818.700000000001
106952,T4b,5818.8
93865,T4c,5818.8
91366,T4b,5818.8
10016,HSE,5818.8
34057,Mi1,5818.9
34899,Mi1,5818.9
41654,Mi1,5818.9
118260,T4d,5818.9
38529,Mi1,5819.0
55976,Mi1,5819.0
41120,Mi1,5819.1
38133,Mi1,5819.1
95677,T4c,5819.1
10284,VS,5819.1
35934,Mi1,5819.1
10025,H2,5819.1
10023,HSS,5819.2
94624,T4a,5819.2
118924,Tm3,5819.2
37853,Mi1,5819.3
39067,Mi1,5819.3
60856,T2a,5819.3
88726,T4b,5819.4
35017,Mi1,5819.4
87289,T4a,5819.4
106793,T4d,5819.5
76061,T2a,5819.5
39405,Mi1,5819.5
49324,Mi1,5819.5
69441,Tm3,5819.5
102425,T4b,5819.6
36305,Mi1,5819.6
38893,Mi1,5819.6
92281,T4c,5819.6
100033,T4c,5819.6
102016,T4a,5819.6
62562,T2,5819.7
55101,Mi1,5819.7
40171,Mi1,5819.7
16545,Li28,5819.8
99609,T4a,5819.8
103677,T4b,5819.8
74287,Tm3,5819.900000000001
92939,T4b,5819.900000000001
82515,Tm3,5820.0
10015,HSN,5820.1
97256,T4c,5820.1
63175,Mi1,5820.200000000001
35580,Mi1,5820.200000000001
77138,Tm3,5820.200000000001
34867,Mi1,5820.3
34189,Mi1,5820.3
10012,VS,5820.400000000001
66325,Tm3,5820.400000000001
95972,T4d,5820.400000000001
106295,T4b,5820.400000000001
109598,T4b,5820.400000000001
113686,T4d,5820.400000000001
10755,H1,5820.5
107445,T4a,5820.5
99387,T4a,5820.6
94574,T4c,5820.6
103073,T4a,5820.6
110693,Tm3,5820.700000000001
97193,T4a,5820.700000000001
32535,Mi1,5820.700000000001
40085,Mi1,5820.700000000001
97878,T4b,5820.8
35770,Mi1,5820.9
105834,T4d,5820.9
39629,Mi1,5821.000000000001
66808,Tm3,5821.000000000001
70642,T2a,5821.000000000001
87845,T4a,5821.000000000001
69546,Tm3,5821.2
66604,TmY3,5821.3
40832,Mi1,5821.3
39158,Mi1,5821.3
30997,Mi1,5821.400000000001
36139,Mi1,5821.400000000001
38178,Mi1,5821.400000000001
63868,T2a,5821.400000000001
88281,T4b,5821.400000000001
102147,T4c,5821.400000000001
15019,Li28,5821.5
15263,Li28,5821.5
35405,Mi1,5821.5
129235,Tm3,5821.6
37529,Mi1,5821.6
69380,Tm3,5821.7
98398,T4c,5821.8
105403,T4c,5821.8
90465,T4a,5821.900000000001
91741,T4d,5821.900000000001
35416,Mi1,5822.0
39505,Mi1,5822.0
81836,T2a,5822.0
98788,T4d,5822.0
103022,T4a,5822.0
99672,T4a,5822.1
98887,T4b,5822.1
83639,T2a,5822.1
36540,Mi1,5822.1
54885,TmY3,5822.1
40854,Mi1,5822.1
78421,T2a,5822.1
84063,T4b,5822.200000000001
98226,T4b,5822.3
109536,T4d,5822.3
94058,T4b,5822.3
103725,T4a,5822.3
77383,T2a,5822.3
91444,T4c,5822.3
40944,Mi1,5822.3
38768,Mi1,5822.4
66345,T2a,5822.4
90278,T4a,5822.4
97853,T4c,5822.4
116129,T4b,5822.4
102579,T4b,5822.500000000001
96852,T4a,5822.500000000001
86419,Tm3,5822.500000000001
69228,T2a,5822.500000000001
41950,Mi1,5822.500000000001
14209,Li28,5822.500000000001
34938,Mi1,5822.500000000001
34296,Mi1,5822.500000000001
11134,VSm,5822.500000000001
38208,Mi1,5822.500000000001
63420,Mi1,5822.6
47967,Mi1,5822.6
98325,T4d,5822.6
35897,Mi1,5822.6
10025,H2,5822.6
37391,Mi1,5822.6
10016,HSE,5822.7
33446,Mi1,5822.7
36911,Mi1,5822.7
71938,T2a,5822.7
95883,T4a,5822.7
10037,VS,5822.8
36177,Mi1,5822.8
44564,TmY3,5822.8
78422,Tm3,5822.8
105565,Tm3,5822.8
91674,T4a,5822.900000000001
37000,Mi1,5822.900000000001
78968,Tm3,5822.900000000001
42006,TmY3,5823.0
65850,T2a,5823.0
71394,T2a,5823.0
106401,T4d,5823.0
34862,Mi1,5823.1
37243,Mi1,5823.1
39438,Mi1,5823.1
97675,T4c,5823.1
86778,T4a,5823.2
83438,T4a,5823.3
107031,T4b,5823.3
33655,Mi1,5823.400000000001
34045,Mi1,5823.5
40596,Mi1,5823.5
41809,Mi1,5823.5
62078,Mi1,5823.5
65531,T2a,5823.5
10206,VS,5823.599999999999
15909,Li28,5823.599999999999
34479,Mi1,5823.599999999999
38767,Mi1,5823.599999999999
94953,T4d,5823.599999999999
104853,T4c,5823.700000000001
104257,T4b,5823.700000000001
96199,T4a,5823.700000000001
16033,Li28,5823.700000000001
33017,Mi1,5823.700000000001
40635,Mi1,5823.700000000001
41435,Mi1,5823.8
56564,Mi1,5823.8
87358,T4a,5823.8
39275,Mi1,5823.9
96657,T4c,5824.0
92047,T4c,5824.0
11981,Li28,5824.0
81215,Tm3,5824.0
10112,VS,5824.1
37019,Mi1,5824.1
38479,Mi1,5824.1
42594,Mi1,5824.2
70490,Mi1,5824.2
91303,T4b,5824.2
96295,T4b,5824.3
36446,Mi1,5824.400000000001
95554,T4b,5824.400000000001
89434,T4c,5824.5
17596,Li28,5824.5
83583,T4d,5824.5
37631,Mi1,5824.6
10015,HSN,5824.6
35602,Mi1,5824.6
36217,Mi1,5824.6
39718,Mi1,5824.7
107442,T4d,5824.7
10023,HSS,5824.7
36252,Mi1,5824.7
128916,Tm3,5824.8
98349,T4a,5824.8
94668,T4d,5824.8
41545,Mi1,5824.8
51231,TmY3,5824.900000000001
94305,T4a,5824.900000000001
33462,Mi1,5825.0
67971,Tm3,5825.0
97028,T4c,5825.0
100488,T4c,5825.099999999999
62947,T2a,5825.099999999999
86686,T4c,5825.099999999999
35235,Mi1,5825.099999999999
41626,Mi1,5825.099999999999
37568,Mi1,5825.200000000001
69736,Tm3,5825.200000000001
35152,Mi1,5825.3
37599,Mi1,5825.3
48514,TmY3,5825.3
72989,Tm3,5825.3
98467,T4d,5825.3
101215,T4c,5825.3
100897,T4c,5825.4
99292,T4a,5825.4
37037,Mi1,5825.4
35888,Mi1,5825.4
63994,Mi1,5825.4
52485,TmY3,5825.5
103440,T4d,5825.5
75848,T2a,5825.6
95926,T4a,5825.6
102112,T4c,5825.7
81995,Tm3,5825.7
77480,Tm3,5825.7
69961,Tm3,5825.7
36452,Mi1,5825.7
38721,Mi1,5825.8
100855,T4a,5825.8
32893,Mi1,5825.9
35001,Mi1,5825.9
61768,T2,5825.9
537004,VSm,5825.9
35836,Mi1,5826.0
38791,Mi1,5826.0
34463,Mi1,5826.0
66227,Tm3,5826.0
100105,T4a,5826.1
108344,T4d,5826.1
72279,Mi1,5826.1
72005,Tm3,5826.1
35218,Mi1,5826.1
35045,Mi1,5826.1
34356,Mi1,5826.1
41668,Mi1,5826.2
47368,TmY3,5826.2
48286,Mi1,5826.2
101685,T4b,5826.2
99131,T4c,5826.3
99011,T4c,5826.3
97866,T4d,5826.3
72066,Tm3,5826.3
37948,Mi1,5826.3
10025,H2,5826.3
91806,T4a,5826.3
35845,Mi1,5826.400000000001
95453,T4a,5826.400000000001
10016,HSE,5826.5
34849,Mi1,5826.5
100867,T4b,5826.599999999999
91987,T4c,5826.599999999999
526158,Mi1,5826.599999999999
36410,Mi1,5826.599999999999
35428,Mi1,5826.599999999999
88922,T4c,5826.599999999999
40703,Mi1,5826.700000000001
54087,Mi1,5826.700000000001
71674,T2a,5826.700000000001
112088,T4d,5826.700000000001
542412,Mi1,5826.700000000001
57398,Mi1,5826.8
42895,Mi1,5826.8
59959,Mi1,5826.8
38230,Mi1,5826.8
39743,Mi1,5826.8
94755,T4a,5826.9
17280,Li28,5827.0
73284,T2a,5827.0
66980,T2a,5827.1
85126,T4a,5827.1
104191,T4a,5827.1
133349,Tm3,5827.1
103160,T4a,5827.2
10037,VS,5827.3
71089,Mi1,5827.3
109857,T4d,5827.3
44449,TmY3,5827.4
42675,Mi1,5827.4
37113,Mi1,5827.4
34142,Mi1,5827.4
31848,Mi1,5827.5
40426,Mi1,5827.5
64149,Mi1,5827.5
72558,T2a,5827.6
77226,T2a,5827.6
98837,T4c,5827.6
101770,T4b,5827.6
96365,T4a,5827.7
525839,Mi1,5827.7
58862,Mi1,5827.7
94983,T4c,5827.7
34079,Mi1,5827.900000000001
70812,TmY3,5827.900000000001
71475,Tm3,5827.900000000001
77991,Tm3,5827.900000000001
84010,Tm3,5827.900000000001
97872,T4d,5827.900000000001
51122,Mi1,5828.0
34300,Mi1,5828.0
35447,Mi1,5828.0
42119,Mi1,5828.0
108438,T4d,5828.1
16545,Li28,5828.1
93927,T4a,5828.1
35890,Mi1,5828.200000000001
88152,T4c,5828.200000000001
96728,T4c,5828.200000000001
99731,T4c,5828.200000000001
108325,T4c,5828.200000000001
101463,T4d,5828.3
98300,T4a,5828.3
96134,T4b,5828.3
90219,T4a,5828.3
39651,Mi1,5828.3
59397,Mi1,5828.400000000001
88167,T4b,5828.400000000001
92254,T4b,5828.400000000001
93935,T4a,5828.400000000001
10755,H1,5828.5
94886,T4d,5828.5
100032,T4c,5828.5
49788,TmY3,5828.6
34626,Mi1,5828.6
80302,T2a,5828.700000000001
37123,Mi1,5828.700000000001
23047,Li28,5828.700000000001
41296,Mi1,5828.8
71161,T2a,5828.8
93509,T4b,5828.8
93527,T4a,5828.8
102564,T4a,5828.8
104336,T4b,5828.8
102479,T4c,5828.9
92842,T4a,5828.9
69597,Tm3,5828.9
89368,T4c,5828.9
35234,Mi1,5828.9
19292,Li28,5828.9
38238,Mi1,5828.9
10015,HSN,5829.000000000001
37270,Mi1,5829.000000000001
41659,Mi1,5829.000000000001
47240,TmY3,5829.000000000001
97677,T4c,5829.000000000001
105276,T4d,5829.000000000001
106801,T4c,5829.2
109652,T4d,5829.2
95005,T4a,5829.2
93750,T4c,5829.2
84328,T4a,5829.2
47696,TmY3,5829.2
35712,Mi1,5829.3
36954,Mi1,5829.3
38241,Mi1,5829.3
78108,T2a,5829.3
88353,T4b,5829.3
90394,T4a,5829.3
93360,T4b,5829.3
101480,T4c,5829.400000000001
88625,T4c,5829.400000000001
40026,TmY3,5829.400000000001
10112,VS,5829.400000000001
81883,T2a,5829.400000000001
35774,Mi1,5829.5
71188,T2a,5829.5
90145,T4a,5829.5
91313,T4a,5829.5
96126,T4b,5829.5
109916,T4d,5829.6
71052,T2a,5829.6
102462,T4c,5829.8
96090,T4c,5829.8
81211,Tm3,5829.8
33942,Mi1,5829.900000000001
93688,T4a,5829.900000000001
97899,T4a,5829.900000000001
37699,Mi1,5830.0
88491,T4a,5830.0
103025,T4a,5830.099999999999
102791,T4c,5830.099999999999
72896,Tm3,5830.099999999999
35100,Mi1,5830.099999999999
10023,HSS,5830.099999999999
72796,Tm3,5830.099999999999
15909,Li28,5830.200000000001
66214,T2a,5830.200000000001
69063,Mi1,5830.200000000001
98000,T4b,5830.200000000001
10025,H2,5830.3
38514,Mi1,5830.3
94081,T4c,5830.4
89825,T4a,5830.4
93166,T4c,5830.4
78911,Tm3,5830.4
89784,T4b,5830.4
33907,Mi1,5830.4
108349,T4d,5830.500000000001
100838,T4c,5830.500000000001
99163,T4a,5830.500000000001
97318,T4d,5830.500000000001
120312,Tm3,5830.500000000001
58945,Tm3,5830.500000000001
53065,Mi1,5830.500000000001
31492,Mi1,5830.500000000001
10016,HSE,5830.500000000001
94283,T4d,5830.500000000001
109996,T4c,5830.6
109142,T4b,5830.6
99980,T4c,5830.6
50333,TmY3,5830.6
37294,Mi1,5830.6
98448,T4b,5830.6
107609,T4d,5830.8
36533,Mi1,5830.8
90097,T4c,5830.8
104858,T4b,5830.8
105214,T4c,5830.8
108307,T4b,5830.900000000001
38993,Mi1,5830.900000000001
43978,Mi1,5830.900000000001
36646,Mi1,5831.0
38987,Mi1,5831.0
70524,T2a,5831.0
86416,T4a,5831.0
34933,Mi1,5831.1
65671,Mi1,5831.1
71398,Tm3,5831.1
83191,T4a,5831.1
103570,T4d,5831.1
109593,Tm3,5831.1
97288,T4c,5831.2
92706,T4a,5831.2
84008,T4c,5831.2
42691,Mi1,5831.2
63050,T2a,5831.2
78503,T2a,5831.2
34171,Mi1,5831.3
34369,Mi1,5831.3
76733,Tm3,5831.3
98194,T4d,5831.3
93313,T4a,5831.400000000001
104703,T4d,5831.400000000001
89099,T4a,5831.400000000001
37353,Mi1,5831.400000000001
34057,Mi1,5831.400000000001
12521,HST,5831.400000000001
68212,T2a,5831.400000000001
10037,VS,5831.5
33216,Mi1,5831.5
64341,TmY3,5831.5
101620,T4b,5831.5
102229,T4d,5831.5
107529,T4d,5831.5
70289,Mi1,5831.599999999999
101772,Tm3,5831.599999999999
94356,T4c,5831.599999999999
93972,T4a,5831.599999999999
16596,Li28,5831.599999999999
35840,Mi1,5831.599999999999
75521,T2a,5831.599999999999
83689,T4a,5831.700000000001
40256,Mi1,5831.700000000001
69980,Tm3,5831.700000000001
98175,T4c,5831.700000000001
107143,T4d,5831.8
111184,T4a,5831.8
72426,Tm3,5831.8
35498,Mi1,5831.8
60857,Mi1,5831.8
44119,Mi1,5831.8
67113,Mi1,5831.8
20264,Li28,5831.9
74725,T2a,5831.9
75484,Tm3,5831.9
83677,T4c,5831.9
36346,Mi1,5832.0
83979,T4a,5832.0
108065,T4c,5832.2
37839,Mi1,5832.2
10206,VS,5832.2
36994,Mi1,5832.3
93224,T4a,5832.3
37371,Mi1,5832.400000000001
74375,Tm3,5832.400000000001
91913,T4b,5832.400000000001
95356,T4a,5832.400000000001
100924,T4b,5832.400000000001
171349687,Tm3,5832.400000000001
69164,Mi1,5832.5
50345,TmY3,5832.5
35770,Mi1,5832.5
35934,Mi1,5832.5
40219,Mi1,5832.5
34899,Mi1,5832.6
47686,TmY3,5832.6
75660,T2a,5832.6
90121,T4b,5832.6
98862,Tm3,5832.6
100787,T4b,5832.6
101230,T4a,5832.7
90520,T4a,5832.7
55101,Mi1,5832.7
49324,Mi1,5832.7
11981,Li28,5832.8
30923,TmY3,5832.8
68982,Tm3,5832.8
93877,T4c,5832.8
87896,T4a,5832.900000000001
102975,T4b,5832.900000000001
78856,Tm3,5832.900000000001
92552,T4a,5832.900000000001
36305,Mi1,5832.900000000001
38529,Mi1,5832.900000000001
35017,Mi1,5832.900000000001
83204,T4d,5833.0
87873,T4b,5833.0
35806,Mi1,5833.099999999999
36275,Mi1,5833.099999999999
38893,Mi1,5833.099999999999
40171,Mi1,5833.099999999999
80812,T4a,5833.200000000001
10015,HSN,5833.200000000001
16033,Li28,5833.200000000001
39692,TmY3,5833.3
41120,Mi1,5833.3
95007,T4a,5833.3
79271,T4a,5833.4
92046,T4d,5833.4
87424,T4d,5833.5
116610,T4d,5833.6
99922,T4c,5833.6
86696,T4d,5833.6
77676,T2a,5833.6
10284,VS,5833.6
79345,T2a,5833.6
93566,T4a,5833.7
97161,T4a,5833.7
37853,Mi1,5833.8
55976,Mi1,5833.8
99423,T4d,5833.8
100310,T4d,5833.8
33091,Mi1,5833.9
35580,Mi1,5833.9
16570,VST2,5833.9
78561,Tm3,5834.0
79483,Tm3,5834.0
34867,Mi1,5834.1
82038,Tm3,5834.1
96576,T4c,5834.1
102519,T4a,5834.1
114817,T4d,5834.1
93957,T4b,5834.2
99663,T4c,5834.2
93021,T4a,5834.2
121816,T4a,5834.2
39405,Mi1,5834.2
36139,Mi1,5834.2
10025,H2,5834.2
85378,T4a,5834.2
10016,HSE,5834.3
34189,Mi1,5834.3
41654,Mi1,5834.3
73828,Tm3,5834.3
85074,T4a,5834.400000000001
90419,T4b,5834.400000000001
32535,Mi1,5834.400000000001
68562,T2a,5834.5
110910,Tm3,5834.5
10112,VS,5834.599999999999
110646,T4b,5834.700000000001
39158,Mi1,5834.8
48547,TmY3,5834.8
75298,T2a,5834.8
85007,T4c,5834.8
96424,T4b,5834.9
100190,T4c,5834.9
89139,T4c,5834.9
97105,T4d,5834.9
39067,Mi1,5834.9
38133,Mi1,5834.9
34296,Mi1,5834.9
40085,Mi1,5834.9
16545,Li28,5835.0
48607,TmY3,5835.0
98099,T4b,5835.0
10023,HSS,5835.1
73320,T2,5835.1
95985,T4c,5835.2
90259,T4d,5835.3
105521,T4c,5835.3
117627,Tm3,5835.3
98504,T4c,5835.4
97784,T4c,5835.4
96812,T4a,5835.4
15019,Li28,5835.4
86141,T4b,5835.4
30997,Mi1,5835.4
90567,T4b,5835.4
35897,Mi1,5835.5
37000,Mi1,5835.5
39275,Mi1,5835.5
47962,TmY3,5835.5
65542,T2,5835.5
67072,T2a,5835.5
102799,T4c,5835.5
105135,T4c,5835.6
39629,Mi1,5835.6
48986,TmY3,5835.6
10037,VS,5835.7
79646,Tm3,5835.7
91345,T4c,5835.7
100501,T4b,5835.7
36177,Mi1,5835.8
37529,Mi1,5835.8
40832,Mi1,5835.8
97231,T4a,5835.900000000001
106522,T4d,5835.900000000001
33017,Mi1,5835.900000000001
95822,T4b,5835.900000000001
94743,T4d,5836.0
33446,Mi1,5836.200000000001
40944,Mi1,5836.200000000001
73096,T2a,5836.200000000001
86630,Tm3,5836.200000000001
91629,T4a,5836.200000000001
102741,T4c,5836.200000000001
96676,T4b,5836.3
111380,Tm3,5836.3
105574,T4d,5836.3
96003,T4d,5836.3
85924,T4a,5836.3
40854,Mi1,5836.3
35405,Mi1,5836.3
15263,Li28,5836.3
88815,T4d,5836.3
36911,Mi1,5836.400000000001
71765,T2a,5836.400000000001
90206,T4b,5836.400000000001
101732,T4c,5836.400000000001
15909,Li28,5836.5
14209,Li28,5836.6
101589,T4a,5836.6
94549,T4b,5836.6
10755,H1,5836.6
20634,VST1,5836.6
40596,Mi1,5836.6
96211,T4d,5836.700000000001
34045,Mi1,5836.700000000001
91469,T4c,5836.700000000001
110604,T4a,5836.8
104414,T4d,5836.8
132339,Tm3,5836.8
103314,T4b,5836.8
98654,T4d,5836.8
63420,Mi1,5836.8
37243,Mi1,5836.8
36540,Mi1,5836.8
11134,VSm,5836.9
34479,Mi1,5836.9
86536,Tm3,5836.9
111416,Tm3,5836.9
39505,Mi1,5837.000000000001
89142,T4b,5837.000000000001
67150,T2a,5837.1
105962,T4b,5837.2
98846,T4c,5837.2
36446,Mi1,5837.2
68535,T2a,5837.2
10015,HSN,5837.3
33655,Mi1,5837.3
38208,Mi1,5837.3
74023,T2a,5837.3
105126,T4c,5837.3
85152,T4c,5837.400000000001
38178,Mi1,5837.400000000001
111852,T4a,5837.400000000001
56564,Mi1,5837.5
41809,Mi1,5837.6
74927,Tm3,5837.6
86778,T4a,5837.6
98751,T4a,5837.6
103425,T4a,5837.6
38767,Mi1,5837.7
42594,Mi1,5837.7
10012,VS,5837.8
63175,Mi1,5837.8
71131,Tm3,5837.8
94624,T4a,5837.900000000001
17280,Li28,5837.900000000001
36452,Mi1,5838.0
39718,Mi1,5838.0
93947,T4a,5838.0
101081,T4c,5838.0
112619,T4d,5838.0
537004,VSm,5838.0
34862,Mi1,5838.099999999999
90566,T4d,5838.099999999999
48894,TmY3,5838.099999999999
99670,T4c,5838.200000000001
10016,HSE,5838.200000000001
89290,T4d,5838.200000000001
10025,H2,5838.3
35416,Mi1,5838.3
36252,Mi1,5838.3
41950,Mi1,5838.3
47967,Mi1,5838.3
100319,T4b,5838.3
93419,T4b,5838.4
62078,Mi1,5838.4
34938,Mi1,5838.4
38479,Mi1,5838.500000000001
89728,Tm3,5838.500000000001
102045,T4a,5838.500000000001
36217,Mi1,5838.6
37019,Mi1,5838.6
38791,Mi1,5838.6
57247,TmY3,5838.6
100282,T4a,5838.7
125171,Tm3,5838.7
70490,Mi1,5838.7
98118,T4c,5838.7
76038,Tm3,5838.8
97256,T4c,5838.8
104996,T4a,5838.8
37391,Mi1,5838.900000000001
37948,Mi1,5838.900000000001
86175,T4a,5838.900000000001
91057,T4c,5838.900000000001
100033,T4c,5838.900000000001
37568,Mi1,5839.0
35836,Mi1,5839.0
37599,Mi1,5839.1
80855,Tm3,5839.1
99850,T4a,5839.1
105412,T4a,5839.1
106200,T4c,5839.1
107075,T4d,5839.1
41626,Mi1,5839.2
101383,T4b,5839.2
122233,Tm3,5839.3
92644,T4d,5839.3
91283,T4c,5839.3
83438,T4a,5839.3
38768,Mi1,5839.3
10037,VS,5839.400000000001
35152,Mi1,5839.400000000001
41545,Mi1,5839.400000000001
72279,Mi1,5839.400000000001
37631,Mi1,5839.5
35888,Mi1,5839.5
96163,T4b,5839.5
10112,VS,5839.5
17596,Li28,5839.5
91366,T4b,5839.599999999999
100996,T4b,5839.599999999999
103657,T4b,5839.599999999999
34463,Mi1,5839.700000000001
57486,TmY3,5839.700000000001
92281,T4c,5839.700000000001
102031,T4c,5839.700000000001
107170,T4b,5839.700000000001
68933,Tm3,5839.8
94179,T4a,5839.8
66808,Tm3,5839.8
39438,Mi1,5839.8
37037,Mi1,5839.8
40635,Mi1,5839.8
33462,Mi1,5839.9
41435,Mi1,5839.9
67152,Tm3,5839.9
98137,T4d,5839.9
98360,T4c,5839.9
104905,T4c,5839.9
36410,Mi1,5840.0
40703,Mi1,5840.0
42758,Mi1,5840.0
104008,T4b,5840.0
37270,Mi1,5840.1
35218,Mi1,5840.1
88698,T4a,5840.1
10206,VS,5840.1
35173,Mi1,5840.1
104297,T4a,5840.2
526158,Mi1,5840.2
34356,Mi1,5840.2
67424,T2,5840.3
99348,T4c,5840.3
35602,Mi1,5840.3
47465,TmY3,5840.3
101228,T4a,5840.3
31848,Mi1,5840.400000000001
10023,HSS,5840.400000000001
57398,Mi1,5840.400000000001
110988,T4a,5840.5
542412,Mi1,5840.5
92939,T4b,5840.5
100206,T4c,5840.5
38230,Mi1,5840.5
35045,Mi1,5840.5
91682,T4b,5840.5
35447,Mi1,5840.5
34849,Mi1,5840.6
39743,Mi1,5840.6
46827,Mi1,5840.6
35845,Mi1,5840.7
41668,Mi1,5840.7
42675,Mi1,5840.7
74231,Tm3,5840.7
85837,Tm3,5840.7
92415,T4a,5840.7
103022,T4a,5840.7
101302,T4d,5840.8
35001,Mi1,5840.8
41522,Mi1,5840.8
38721,Mi1,5840.900000000001
72983,T2a,5840.900000000001
112321,T4d,5840.900000000001
35235,Mi1,5841.0
101005,T4d,5841.0
32893,Mi1,5841.099999999999
99950,T4c,5841.099999999999
65468,T2,5841.200000000001
112179,T4b,5841.200000000001
64149,Mi1,5841.200000000001
59959,Mi1,5841.200000000001
54087,Mi1,5841.200000000001
34079,Mi1,5841.200000000001
95364,T4d,5841.3
90423,T4b,5841.4
105698,T4c,5841.4
40426,Mi1,5841.5
73301,Tm3,5841.5
88992,T4c,5841.5
114088,T4d,5841.5
525839,Mi1,5841.6
98439,T4a,5841.6
46324,TmY3,5841.6
34300,Mi1,5841.6
10015,HSN,5841.7
33942,Mi1,5841.7
59397,Mi1,5841.7
63994,Mi1,5841.7
100726,T4d,5841.7
102579,T4b,5841.7
104884,T4b,5841.7
105122,T4b,5841.7
101873,T4b,5841.8
95921,T4c,5841.8
16033,Li28,5841.8
35428,Mi1,5841.9
97675,T4c,5841.9
100567,T4d,5841.9
10016,HSE,5842.0
35234,Mi1,5842.0
58862,Mi1,5842.0
10025,H2,5842.1
11981,Li28,5842.1
16545,Li28,5842.1
37123,Mi1,5842.1
101878,T4a,5842.1
115511,T4d,5842.2
96015,T4c,5842.2
23047,Li28,5842.2
42895,Mi1,5842.2
38238,Mi1,5842.3
48286,Mi1,5842.3
51122,Mi1,5842.3
63468,Mi1,5842.3
71089,Mi1,5842.3
83067,T4b,5842.3
85598,T4b,5842.3
104354,T4b,5842.400000000001
106701,T4d,5842.400000000001
90888,T4b,5842.400000000001
15909,Li28,5842.400000000001
42119,Mi1,5842.400000000001
68842,TmY3,5842.400000000001
35890,Mi1,5842.5
37113,Mi1,5842.5
92273,T2a,5842.5
106093,T4a,5842.599999999999
92996,T4a,5842.599999999999
89020,T4a,5842.599999999999
90135,T4c,5842.599999999999
34626,Mi1,5842.599999999999
34142,Mi1,5842.599999999999
41296,Mi1,5842.599999999999
36660,Mi1,5842.700000000001
39651,Mi1,5842.700000000001
52350,Mi1,5842.700000000001
87289,T4a,5842.700000000001
122308,Tm3,5842.700000000001
125288,Tm3,5842.700000000001
49372,TmY3,5842.9
64849,Tm3,5842.9
34057,Mi1,5843.0
61292,T2,5843.1
64260,T2,5843.1
65298,T2a,5843.1
105718,T4b,5843.1
37699,Mi1,5843.2
41659,Mi1,5843.2
76074,Tm3,5843.2
38227,Mi1,5843.3
99671,T4c,5843.3
100673,T4b,5843.3
103226,T4d,5843.4
100087,T4b,5843.4
94468,T4c,5843.4
77395,T4b,5843.4
10037,VS,5843.4
35774,Mi1,5843.500000000001
96931,T4b,5843.500000000001
36954,Mi1,5843.6
77527,T4a,5843.6
81037,T2a,5843.6
92431,T4a,5843.6
93865,T4c,5843.6
35712,Mi1,5843.7
87845,T4a,5843.7
93985,T4c,5843.7
105565,Tm3,5843.8
62089,Tm3,5843.8
83583,T4d,5843.900000000001
91987,T4c,5843.900000000001
38241,Mi1,5844.0
94058,T4b,5844.0
40256,Mi1,5844.1
85778,T4b,5844.1
92114,T4c,5844.1
108907,T4c,5844.1
36533,Mi1,5844.2
38514,Mi1,5844.2
100785,T4b,5844.2
105242,T4c,5844.3
102801,T4b,5844.3
48283,TmY3,5844.3
70800,Tm3,5844.3
10112,VS,5844.400000000001
72955,T2a,5844.400000000001
97878,T4b,5844.5
100946,T4c,5844.5
123490,Tm3,5844.5
75381,Tm3,5844.6
109172,T4b,5844.6
84063,T4b,5844.6
67131,Tm3,5844.6
10755,H1,5844.6
51050,TmY3,5844.6
44119,Mi1,5844.6
19292,Li28,5844.6
65671,Mi1,5844.6
109276,T4d,5844.700000000001
42691,Mi1,5844.8
92047,T4c,5844.8
92684,T4c,5844.8
102425,T4b,5844.8
93750,T4c,5844.9
92839,T4b,5844.9
86419,Tm3,5844.9
34171,Mi1,5844.9
35498,Mi1,5844.9
69063,Mi1,5844.9
95239,T4a,5845.000000000001
95453,T4a,5845.000000000001
127153,Tm3,5845.1
44449,TmY3,5845.1
60857,Mi1,5845.1
34369,Mi1,5845.1
33907,Mi1,5845.1
38993,Mi1,5845.1
34933,Mi1,5845.2
67113,Mi1,5845.2
114391,T4d,5845.2
37353,Mi1,5845.3
53065,Mi1,5845.3
68342,Tm3,5845.3
104450,T4a,5845.3
113983,T4d,5845.3
77138,Tm3,5845.400000000001
35100,Mi1,5845.400000000001
43978,Mi1,5845.5
56007,TmY3,5845.5
95554,T4b,5845.5
35770,Mi1,5845.6
35840,Mi1,5845.6
37294,Mi1,5845.6
74287,Tm3,5845.6
106664,T4c,5845.7
49324,Mi1,5845.7
38987,Mi1,5845.7
10016,HSE,5845.7
12521,HST,5845.7
31492,Mi1,5845.7
71583,Tm3,5845.8
92993,Tm3,5845.8
96394,T4b,5845.8
98985,T4c,5845.900000000001
86416,T4a,5845.900000000001
107719,T4b,5845.900000000001
35934,Mi1,5845.900000000001
10025,H2,5845.900000000001
72148,Tm3,5845.900000000001
10015,HSN,5846.0
10284,VS,5846.0
36346,Mi1,5846.0
36646,Mi1,5846.099999999999
38893,Mi1,5846.099999999999
100261,T4c,5846.099999999999
101480,T4c,5846.099999999999
97853,T4c,5846.200000000001
83125,T4b,5846.200000000001
98890,T4c,5846.200000000001
44564,TmY3,5846.200000000001
70289,Mi1,5846.200000000001
97866,T4d,5846.200000000001
33216,Mi1,5846.200000000001
61401,T2a,5846.3
69540,TmY3,5846.3
72194,Tm3,5846.3
98887,T4b,5846.3
95335,T4a,5846.4
37371,Mi1,5846.4
37839,Mi1,5846.4
66227,Tm3,5846.4
67971,Tm3,5846.4
104336,T4b,5846.500000000001
16596,Li28,5846.500000000001
10023,HSS,5846.500000000001
20264,Li28,5846.6
36994,Mi1,5846.6
49441,TmY3,5846.6
94574,T4c,5846.6
103654,T4b,5846.6
120928,T4d,5846.6
106166,T4b,5846.7
108847,T4d,5846.7
115636,T4d,5846.7
116311,T4d,5846.8
69380,Tm3,5846.8
104683,T4b,5846.8
38529,Mi1,5846.900000000001
71475,Tm3,5846.900000000001
75550,Tm3,5846.900000000001
106922,T4c,5846.900000000001
35017,Mi1,5847.0
39727,Mi1,5847.0
47368,TmY3,5847.0
77791,T2a,5847.0
95972,T4d,5847.0
102975,T4b,5847.0
113568,T4d,5847.1
110403,T4b,5847.1
103302,T4c,5847.1
100867,T4b,5847.1
22108,TmY3,5847.1
81401,T4b,5847.1
35897,Mi1,5847.1
34189,Mi1,5847.1
97769,T4a,5847.1
95883,T4a,5847.2
109649,T4c,5847.2
85126,T4a,5847.2
77779,T2a,5847.2
55976,Mi1,5847.2
34899,Mi1,5847.3
36305,Mi1,5847.3
40171,Mi1,5847.3
99387,T4a,5847.3
107240,T4b,5847.400000000001
101043,T4c,5847.400000000001
60856,T2a,5847.400000000001
88726,T4b,5847.400000000001
34296,Mi1,5847.400000000001
33017,Mi1,5847.400000000001
44746,TmY3,5847.400000000001
46662,TmY3,5847.5
95287,T4a,5847.5
102991,T4c,5847.5
89434,T4c,5847.599999999999
10037,VS,5847.599999999999
41120,Mi1,5847.599999999999
98398,T4c,5847.599999999999
113171,T4b,5847.700000000001
101994,T4a,5847.700000000001
100956,T4d,5847.700000000001
79257,Tm3,5847.700000000001
66345,T2a,5847.700000000001
83227,Tm3,5847.700000000001
104858,T4b,5847.8
90371,T4d,5847.8
40936,Mi1,5847.8
107529,T4d,5847.8
36139,Mi1,5847.8
35580,Mi1,5847.8
39275,Mi1,5847.8
69164,Mi1,5847.9
94305,T4a,5847.9
98175,T4c,5847.9
44592,TmY3,5848.0
55101,Mi1,5848.0
110693,Tm3,5848.0
98381,T4d,5848.1
99863,T4d,5848.1
90027,T4c,5848.1
104674,T4a,5848.1
48514,TmY3,5848.1
39158,Mi1,5848.1
36275,Mi1,5848.1
88152,T4c,5848.1
36158,Mi1,5848.2
53156,TmY3,5848.2
97186,T4a,5848.2
97288,T4c,5848.2
102153,T4c,5848.2
104257,T4b,5848.2
106745,T4b,5848.2
112775,T4d,5848.3
96576,T4c,5848.3
93025,T4b,5848.3
33091,Mi1,5848.3
40026,TmY3,5848.3
15909,Li28,5848.400000000001
40219,Mi1,5848.400000000001
94356,T4c,5848.400000000001
96126,T4b,5848.400000000001
97193,T4a,5848.400000000001
107010,T4d,5848.400000000001
34867,Mi1,5848.5
67719,T2a,5848.5
107640,T4c,5848.5
112744,T4d,5848.6
106821,T4b,5848.6
39692,TmY3,5848.6
72558,T2a,5848.6
103780,T4c,5848.6
10206,VS,5848.7
30997,Mi1,5848.7
35806,Mi1,5848.7
41654,Mi1,5848.7
82099,T4b,5848.7
108876,T4c,5848.7
109384,T4d,5848.7
105403,T4c,5848.8
101215,T4c,5848.8
97028,T4c,5848.8
84008,T4c,5848.8
39405,Mi1,5848.8
40596,Mi1,5848.8
32535,Mi1,5848.900000000001
82211,T2a,5848.900000000001
106295,T4b,5848.900000000001
120016,Tm3,5848.900000000001
93360,T4b,5849.0
113207,T4d,5849.0
133040,Tm3,5849.0
42533,TmY3,5849.0
39067,Mi1,5849.0
40085,Mi1,5849.0
10112,VS,5849.099999999999
16545,Li28,5849.099999999999
17280,Li28,5849.099999999999
97677,T4c,5849.099999999999
98312,T4a,5849.099999999999
108697,T4d,5849.200000000001
102113,T4b,5849.200000000001
101245,T4a,5849.200000000001
60886,T2a,5849.200000000001
38133,Mi1,5849.200000000001
51231,TmY3,5849.200000000001
10025,H2,5849.3
16033,Li28,5849.3
54885,TmY3,5849.3
35405,Mi1,5849.4
39629,Mi1,5849.4
95356,T4a,5849.4
77846,Tm3,5849.5
20808,LC4,5849.5
10016,HSE,5849.5
37529,Mi1,5849.6
38857,Mi1,5849.6
40944,Mi1,5849.6
90112,T4c,5849.6
37000,Mi1,5849.7
40832,Mi1,5849.7
98668,T4a,5849.7
547091,T2,5849.7
116716,T4b,5849.8
99292,T4a,5849.8
37853,Mi1,5849.8
36540,Mi1,5849.8
91325,T4a,5849.8
33446,Mi1,5849.9
92640,T4d,5849.9
59008,Mi1,5850.0
97899,T4a,5850.0
106952,T4b,5850.0
117151,T4d,5850.0
537004,VSm,5850.1
107159,T4b,5850.1
102147,T4c,5850.1
69546,Tm3,5850.1
63868,T2a,5850.1
88491,T4a,5850.1
41809,Mi1,5850.2
65513,T2a,5850.2
80812,T4a,5850.2
99131,T4c,5850.3
68485,T2a,5850.3
95005,T4a,5850.3
97835,T4a,5850.3
100488,T4c,5850.3
107031,T4b,5850.400000000001
92082,T4b,5850.400000000001
91913,T4b,5850.400000000001
10015,HSN,5850.400000000001
33110,Mi1,5850.400000000001
61353,T2,5850.400000000001
107445,T4a,5850.5
106401,T4d,5850.5
119245,T4d,5850.5
90145,T4a,5850.5
87358,T4a,5850.5
90430,T2a,5850.5
104942,T4a,5850.599999999999
33655,Mi1,5850.599999999999
96295,T4b,5850.599999999999
10755,H1,5850.700000000001
36177,Mi1,5850.700000000001
36446,Mi1,5850.700000000001
36911,Mi1,5850.700000000001
38648,Mi1,5850.700000000001
76524,Tm3,5850.700000000001
101463,T4d,5850.8
107297,T4c,5850.8
95017,T4c,5850.8
88922,T4c,5850.8
82515,Tm3,5850.8
35724,Mi1,5850.8
91444,T4c,5850.8
73807,Tm3,5850.9
11134,VSm,5850.9
15019,Li28,5850.9
64897,T2,5850.9
71773,T2a,5850.9
91510,T4c,5850.9
77891,Tm3,5851.0
42006,TmY3,5851.0
112048,T4c,5851.1
111928,T4b,5851.1
109023,T4c,5851.1
38178,Mi1,5851.1
93604,T4a,5851.1
90219,T4a,5851.1
102479,T4c,5851.1
38208,Mi1,5851.200000000001
98194,T4d,5851.200000000001
116129,T4b,5851.200000000001
106840,T4b,5851.3
101772,Tm3,5851.3
83438,T4a,5851.3
39505,Mi1,5851.3
34045,Mi1,5851.3
11981,Li28,5851.3
68522,T2a,5851.3
96657,T4c,5851.4
62856,T2,5851.4
78503,T2a,5851.4
104256,T4a,5851.4
103025,T4a,5851.500000000001
96090,T4c,5851.500000000001
93166,T4c,5851.500000000001
40854,Mi1,5851.500000000001
37243,Mi1,5851.500000000001
37948,Mi1,5851.6
63420,Mi1,5851.6
85152,T4c,5851.6
10037,VS,5851.7
52328,TmY3,5851.7
94668,T4d,5851.8
47967,Mi1,5851.8
101945,T4b,5851.8
34479,Mi1,5851.8
34862,Mi1,5851.8
36452,Mi1,5851.900000000001
39718,Mi1,5851.900000000001
49322,TmY3,5851.900000000001
58945,Tm3,5851.900000000001
62078,Mi1,5851.900000000001
96035,T4d,5851.900000000001
105292,T4b,5851.900000000001
121170,Tm3,5851.900000000001
51963,TmY3,5852.0
109598,T4b,5852.0
50333,TmY3,5852.1
37568,Mi1,5852.1
36217,Mi1,5852.1
10012,VS,5852.1
14209,Li28,5852.2
42594,Mi1,5852.2
56564,Mi1,5852.2
64540,T2,5852.2
102016,T4a,5852.2
100855,T4a,5852.3
93407,T4d,5852.3
105521,T4c,5852.3
10023,HSS,5852.3
35836,Mi1,5852.3
15263,Li28,5852.400000000001
36252,Mi1,5852.400000000001
36410,Mi1,5852.400000000001
37270,Mi1,5852.400000000001
93527,T4a,5852.400000000001
38767,Mi1,5852.5
91674,T4a,5852.5
106912,Tm3,5852.5
83465,T4a,5852.6
83677,T4c,5852.6
79449,T4b,5852.6
63175,Mi1,5852.6
69889,T2a,5852.6
10269,OA-AL2i2,5852.6
10025,H2,5852.6
38479,Mi1,5852.700000000001
47696,TmY3,5852.700000000001
89934,T4d,5852.700000000001
99628,T4b,5852.700000000001
103497,Tm3,5852.700000000001
106793,T4d,5852.700000000001
100105,T4a,5852.8
97318,T4d,5852.8
87722,T2a,5852.8
35152,Mi1,5852.9
56762,TmY3,5852.9
91303,T4b,5852.9
37599,Mi1,5853.000000000001
70490,Mi1,5853.000000000001
94283,T4d,5853.000000000001
109996,T4c,5853.1
61768,T2,5853.1
41950,Mi1,5853.1
38230,Mi1,5853.1
41545,Mi1,5853.1
41626,Mi1,5853.1
37019,Mi1,5853.1
85378,T4a,5853.2
48547,TmY3,5853.2
108948,T4b,5853.2
34356,Mi1,5853.2
10016,HSE,5853.2
37631,Mi1,5853.2
37037,Mi1,5853.3
39438,Mi1,5853.3
75521,T2a,5853.3
92552,T4a,5853.3
102741,T4c,5853.3
101685,T4b,5853.400000000001
102462,T4c,5853.400000000001
98467,T4d,5853.400000000001
104853,T4c,5853.400000000001
81836,T2a,5853.400000000001
79134,Tm3,5853.400000000001
37391,Mi1,5853.400000000001
83365,T2a,5853.400000000001
95926,T4a,5853.5
83689,T4a,5853.5
34463,Mi1,5853.5
34938,Mi1,5853.5
38791,Mi1,5853.6
69793,T2a,5853.6
90049,T4c,5853.6
111184,T4a,5853.6
35845,Mi1,5853.7
69980,Tm3,5853.7
71938,T2a,5853.7
74860,Tm3,5853.7
101865,T4a,5853.8
91469,T4c,5853.8
83682,Tm3,5853.8
10112,VS,5853.8
33462,Mi1,5853.8
35602,Mi1,5853.8
542412,Mi1,5853.900000000001
35416,Mi1,5853.900000000001
117662,T4d,5853.900000000001
91934,T4a,5854.0
110076,T4c,5854.0
54087,Mi1,5854.0
15909,Li28,5854.099999999999
34849,Mi1,5854.099999999999
35235,Mi1,5854.099999999999
38768,Mi1,5854.099999999999
94153,T4d,5854.099999999999
98625,T4a,5854.099999999999
102370,T4c,5854.099999999999
100897,T4c,5854.200000000001
67150,T2a,5854.200000000001
35234,Mi1,5854.200000000001
40635,Mi1,5854.3
127615,Tm3,5854.3
40703,Mi1,5854.4
91806,T4a,5854.4
93509,T4b,5854.4
35045,Mi1,5854.500000000001
57398,Mi1,5854.500000000001
99670,T4c,5854.500000000001
41668,Mi1,5854.6
38721,Mi1,5854.6
95681,T4a,5854.6
35447,Mi1,5854.6
37123,Mi1,5854.6
118948,T4d,5854.7
86686,T4c,5854.7
10015,HSN,5854.7
72279,Mi1,5854.7
31848,Mi1,5854.8
99011,T4c,5854.8
104703,T4d,5854.8
112993,T4b,5854.8
96365,T4a,5854.900000000001
64149,Mi1,5854.900000000001
93419,T4b,5854.900000000001
41435,Mi1,5854.900000000001
35001,Mi1,5854.900000000001
43334,TmY3,5854.900000000001
104191,T4a,5855.0
35888,Mi1,5855.1
38238,Mi1,5855.1
42758,Mi1,5855.1
33942,Mi1,5855.2
98751,T4a,5855.2
526158,Mi1,5855.2
104017,T4b,5855.3
94549,T4b,5855.3
38421,Mi1,5855.3
39743,Mi1,5855.3
10284,VS,5855.400000000001
46993,T2a,5855.400000000001
59397,Mi1,5855.400000000001
88625,T4c,5855.400000000001
92706,T4a,5855.400000000001
95458,T4d,5855.400000000001
108325,T4c,5855.400000000001
102564,T4a,5855.5
17596,Li28,5855.5
90121,T4b,5855.5
48986,TmY3,5855.599999999999
94287,T4d,5855.599999999999
103425,T4a,5855.599999999999
98300,T4a,5855.700000000001
40426,Mi1,5855.700000000001
42872,Mi1,5855.700000000001
100032,T4c,5855.700000000001
89368,T4c,5855.8
98325,T4d,5855.8
525839,Mi1,5855.8
78911,Tm3,5855.8
40256,Mi1,5855.8
16545,Li28,5855.8
10037,VS,5855.8
52485,TmY3,5855.8
104368,T4c,5855.9
103073,T4a,5855.9
107609,T4d,5855.9
34079,Mi1,5855.9
10025,H2,5855.9
58862,Mi1,5855.9
35428,Mi1,5856.0
102595,T4d,5856.0
103677,T4b,5856.0
105706,T4a,5856.0
111746,Tm3,5856.0
59864,Tm3,5856.1
20634,VST1,5856.1
41522,Mi1,5856.1
102791,T4c,5856.2
104478,T4d,5856.2
42048,Mi1,5856.2
102229,T4d,5856.2
10206,VS,5856.3
32893,Mi1,5856.3
95822,T4b,5856.3
35218,Mi1,5856.400000000001
41296,Mi1,5856.400000000001
74937,T2a,5856.400000000001
90097,T4c,5856.400000000001
91741,T4d,5856.400000000001
101620,T4b,5856.400000000001
94567,T4c,5856.5
88035,Tm3,5856.5
37699,Mi1,5856.5
10755,H1,5856.5
34300,Mi1,5856.5
16033,Li28,5856.5
35173,Mi1,5856.5
107211,T4d,5856.6
39894,T4b,5856.6
74228,Tm3,5856.6
89784,T4b,5856.6
103827,T4c,5856.6
59959,Mi1,5856.7
68212,T2a,5856.7
10016,HSE,5856.7
51122,Mi1,5856.7
34142,Mi1,5856.8
92181,T4a,5856.8
42675,Mi1,5856.900000000001
48286,Mi1,5856.900000000001
71402,Tm3,5856.900000000001
92281,T4c,5856.900000000001
101770,T4b,5856.900000000001
42895,Mi1,5857.0
87390,T2a,5857.0
34057,Mi1,5857.0
71228,T2a,5857.099999999999
82855,Tm3,5857.099999999999
93688,T4a,5857.099999999999
96784,T4b,5857.099999999999
99980,T4c,5857.099999999999
51848,TmY3,5857.099999999999
108065,T4c,5857.200000000001
34626,Mi1,5857.200000000001
42119,Mi1,5857.200000000001
46827,Mi1,5857.200000000001
50345,TmY3,5857.200000000001
74375,Tm3,5857.3
10023,HSS,5857.3
69961,Tm3,5857.3
79704,T4d,5857.4
106819,T4b,5857.4
108199,T4c,5857.4
102112,T4c,5857.5
35774,Mi1,5857.6
38514,Mi1,5857.6
63994,Mi1,5857.6
67113,Mi1,5857.6
97885,T4a,5857.6
69597,Tm3,5857.7
93972,T4a,5857.7
69570,Tm3,5857.7
37113,Mi1,5857.8
91057,T4c,5857.8
41659,Mi1,5857.9
77307,Tm3,5857.9
79083,Tm3,5857.9
90419,T4b,5857.9
92842,T4a,5857.9
94755,T4a,5857.9
96134,T4b,5858.0
84328,T4a,5858.0
96835,T4b,5858.0
80670,T4a,5858.0
38241,Mi1,5858.0
83639,T2a,5858.0
39651,Mi1,5858.1
23047,Li28,5858.1
44119,Mi1,5858.2
61659,Tm3,5858.2
65803,T2,5858.2
90278,T4a,5858.2
91629,T4a,5858.2
96728,T4c,5858.2
109593,Tm3,5858.2
96003,T4d,5858.299999999999
36533,Mi1,5858.299999999999
35890,Mi1,5858.299999999999
35498,Mi1,5858.299999999999
33017,Mi1,5858.299999999999
84267,T4c,5858.400000000001
97171,T4d,5858.400000000001
100046,T4b,5858.400000000001
100633,T4a,5858.400000000001
94948,T4c,5858.5
93334,T4b,5858.5
71394,T2a,5858.5
99672,T4a,5858.5
38227,Mi1,5858.5
36660,Mi1,5858.5
30923,TmY3,5858.5
71089,Mi1,5858.5
99731,T4c,5858.599999999999
98837,T4c,5858.599999999999
68412,T2a,5858.599999999999
66604,TmY3,5858.599999999999
43414,Mi1,5858.599999999999
36954,Mi1,5858.599999999999
34933,Mi1,5858.599999999999
63468,Mi1,5858.599999999999
83583,T4d,5858.700000000001
92939,T4b,5858.700000000001
116633,T4c,5858.700000000001
91345,T4c,5858.700000000001
42691,Mi1,5858.700000000001
34171,Mi1,5858.700000000001
40411,Mi1,5858.700000000001
35770,Mi1,5858.700000000001
20808,LC4,5858.700000000001
41804,Mi1,5858.700000000001
45948,TmY3,5858.8
112633,T4b,5858.8
69441,Tm3,5858.8
52350,Mi1,5858.8
44449,TmY3,5858.8
35512,Mi1,5858.8
33907,Mi1,5858.8
31492,Mi1,5858.8
12521,HST,5858.8
10015,HSN,5858.8
10112,VS,5858.900000000001
83979,T4a,5858.900000000001
98788,T4d,5858.900000000001
106535,T4d,5858.900000000001
72938,T2a,5859.0
67308,Mi1,5859.0
36684,Mi1,5859.0
19292,Li28,5859.0
48531,Mi1,5859.1
53065,Mi1,5859.1
64712,T2a,5859.1
35840,Mi1,5859.200000000001
41613,Mi1,5859.200000000001
100787,T4b,5859.200000000001
103557,T4a,5859.3
38993,Mi1,5859.3
94081,T4c,5859.3
35712,Mi1,5859.3
10025,H2,5859.3
36346,Mi1,5859.3
37353,Mi1,5859.4
62894,Tm3,5859.4
118924,Tm3,5859.4
126163,Tm3,5859.500000000001
112241,T4b,5859.500000000001
100018,T4a,5859.500000000001
105565,Tm3,5859.500000000001
79271,T4a,5859.500000000001
73586,Tm3,5859.500000000001
69063,Mi1,5859.500000000001
96812,T4a,5859.500000000001
91366,T4b,5859.6
10037,VS,5859.7
11981,Li28,5859.7
34369,Mi1,5859.7
108438,T4d,5859.7
109326,T4c,5859.8
57239,Mi1,5859.8
72796,Tm3,5859.8
97784,T4c,5859.8
83191,T4a,5859.900000000001
37138,Mi1,5859.900000000001
36881,Mi1,5859.900000000001
16596,Li28,5859.900000000001
35100,Mi1,5860.0
35897,Mi1,5860.0
38893,Mi1,5860.0
43978,Mi1,5860.0
60857,Mi1,5860.0
68982,Tm3,5860.0
75966,T2a,5860.0
83204,T4d,5860.0
95554,T4b,5860.0
95629,T4c,5860.0
107567,T4c,5860.1
94624,T4a,5860.1
79483,Tm3,5860.1
36646,Mi1,5860.1
41709,Mi1,5860.1
37371,Mi1,5860.1
65671,Mi1,5860.1
33216,Mi1,5860.2
87424,T4d,5860.2
537004,VSm,5860.2
99609,T4a,5860.3
100033,T4c,5860.3
94368,T4a,5860.3
35934,Mi1,5860.3
47211,Mi1,5860.3
10016,HSE,5860.3
48060,Mi1,5860.3
38987,Mi1,5860.400000000001
49324,Mi1,5860.400000000001
77480,Tm3,5860.400000000001
99663,T4c,5860.400000000001
95528,T4d,5860.5
39275,Mi1,5860.5
76788,T4b,5860.5
15909,Li28,5860.5
36139,Mi1,5860.5
17280,Li28,5860.6
37088,Mi1,5860.6
55976,Mi1,5860.6
78820,T2a,5860.6
97326,T4c,5860.6
102519,T4a,5860.6
95921,T4c,5860.700000000001
98099,T4b,5860.700000000001
93935,T4a,5860.700000000001
81015,T4a,5860.700000000001
58703,T2,5860.700000000001
34296,Mi1,5860.700000000001
37294,Mi1,5860.8
70289,Mi1,5860.8
88460,T2a,5860.8
90423,T4b,5860.8
92668,T2a,5860.8
102703,T4a,5860.8
95007,T4a,5860.9
107442,T4d,5861.000000000001
102388,T4d,5861.000000000001
96081,T4a,5861.000000000001
89409,T4a,5861.000000000001
36994,Mi1,5861.000000000001
64341,TmY3,5861.000000000001
38529,Mi1,5861.000000000001
35017,Mi1,5861.000000000001
64579,T2,5861.000000000001
99922,T4c,5861.1
66808,Tm3,5861.1
97878,T4b,5861.1
101589,T4a,5861.1
60979,TmY3,5861.2
97675,T4c,5861.3
121816,T4a,5861.3
36305,Mi1,5861.400000000001
97145,T4c,5861.400000000001
48607,TmY3,5861.5
71765,T2a,5861.5
100310,T4d,5861.5
110646,T4b,5861.6
37839,Mi1,5861.6
40171,Mi1,5861.6
34189,Mi1,5861.6
34404,Mi1,5861.6
35580,Mi1,5861.7
104130,T4a,5861.7
10023,HSS,5861.8
46248,Mi1,5861.8
96676,T4b,5861.8
109142,T4b,5861.8
39727,Mi1,5861.900000000001
20264,Li28,5861.900000000001
33091,Mi1,5861.900000000001
98360,T4c,5861.900000000001
68840,TmY3,5862.0
36275,Mi1,5862.099999999999
34899,Mi1,5862.099999999999
10012,VS,5862.099999999999
41120,Mi1,5862.200000000001
87412,T4c,5862.200000000001
90465,T4a,5862.200000000001
91313,T4a,5862.200000000001
103867,T4a,5862.3
97256,T4c,5862.3
90566,T4d,5862.3
81064,Tm3,5862.3
55101,Mi1,5862.3
44244,TmY3,5862.3
39067,Mi1,5862.3
78856,Tm3,5862.3
87896,T4a,5862.4
98654,T4d,5862.4
117221,T4c,5862.4
122273,Tm3,5862.4
87873,T4b,5862.500000000001
93750,T4c,5862.500000000001
74159,Tm3,5862.500000000001
104996,T4a,5862.500000000001
36540,Mi1,5862.500000000001
35405,Mi1,5862.500000000001
33446,Mi1,5862.500000000001
39158,Mi1,5862.500000000001
30997,Mi1,5862.6
32535,Mi1,5862.6
90533,T4c,5862.6
94089,T4d,5862.6
95985,T4c,5862.6
98349,T4a,5862.6
103022,T4a,5862.6
100924,T4b,5862.7
96199,T4a,5862.7
88167,T4b,5862.7
71052,T2a,5862.7
40085,Mi1,5862.7
39405,Mi1,5862.7
10755,H1,5862.7
68475,T2a,5862.7
10025,H2,5862.8
85856,TmY3,5862.8
10015,HSN,5862.900000000001
87845,T4a,5862.900000000001
97231,T4a,5862.900000000001
105115,T4d,5862.900000000001
67072,T2a,5863.0
86778,T4a,5863.0
64633,T2a,5863.0
11134,VSm,5863.0
37000,Mi1,5863.0
16545,Li28,5863.0
39629,Mi1,5863.0
94179,T4a,5863.1
69164,Mi1,5863.1
67408,Mi1,5863.1
69228,T2a,5863.1
45005,TmY3,5863.1
37853,Mi1,5863.1
66980,T2a,5863.1
65307,T2,5863.2
16570,VST2,5863.3
38133,Mi1,5863.3
40596,Mi1,5863.3
103570,T4d,5863.3
92047,T4c,5863.400000000001
97866,T4d,5863.400000000001
84063,T4b,5863.400000000001
101230,T4a,5863.400000000001
41654,Mi1,5863.400000000001
10284,VS,5863.400000000001
77383,T2a,5863.400000000001
35806,Mi1,5863.5
40219,Mi1,5863.5
74927,Tm3,5863.5
103314,T4b,5863.599999999999
89139,T4c,5863.599999999999
79646,Tm3,5863.599999999999
85741,T4a,5863.599999999999
41809,Mi1,5863.599999999999
40944,Mi1,5863.599999999999
10016,HSE,5863.599999999999
62562,T2,5863.599999999999
86536,Tm3,5863.700000000001
93021,T4a,5863.700000000001
96424,T4b,5863.700000000001
97853,T4c,5863.700000000001
10112,VS,5863.8
67152,Tm3,5863.8
90888,T4b,5863.8
97161,T4a,5863.8
102801,T4b,5863.9
92431,T4a,5863.9
101228,T4a,5863.9
36911,Mi1,5863.9
10037,VS,5863.9
37243,Mi1,5864.0
37270,Mi1,5864.0
37529,Mi1,5864.0
83067,T4b,5864.0
109631,T4b,5864.0
100680,T4d,5864.1
98039,T4d,5864.1
104027,T4d,5864.1
16033,Li28,5864.1
89290,T4d,5864.1
33655,Mi1,5864.2
39692,TmY3,5864.2
40936,Mi1,5864.2
36446,Mi1,5864.3
43323,Mi1,5864.3
34867,Mi1,5864.400000000001
95454,T4a,5864.400000000001
112393,T4a,5864.5
47368,TmY3,5864.5
108349,T4d,5864.5
107621,T4d,5864.5
102910,T4b,5864.6
75377,T2a,5864.6
36217,Mi1,5864.6
10206,VS,5864.7
36177,Mi1,5864.7
74023,T2a,5864.7
90474,T4b,5864.7
149504,T4d,5864.7
94305,T4a,5864.8
36452,Mi1,5864.8
84434,Tm3,5864.8
109857,T4d,5864.8
112179,T4b,5864.8
122233,Tm3,5864.8
66227,Tm3,5864.900000000001
103657,T4b,5865.0
86175,T4a,5865.0
108974,T4c,5865.0
75557,Tm3,5865.0
106522,T4d,5865.0
40832,Mi1,5865.0
36158,Mi1,5865.0
35724,Mi1,5865.0
47967,Mi1,5865.0
85074,T4a,5865.099999999999
82576,T4b,5865.099999999999
69736,Tm3,5865.099999999999
78421,T2a,5865.099999999999
65531,T2a,5865.200000000001
103344,T4b,5865.200000000001
104412,T4a,5865.200000000001
120231,Tm3,5865.200000000001
93566,T4a,5865.3
100838,T4c,5865.3
98137,T4d,5865.4
36410,Mi1,5865.5
38208,Mi1,5865.5
68562,T2a,5865.5
89434,T4c,5865.5
37948,Mi1,5865.6
86416,T4a,5865.6
97249,T4d,5865.6
100946,T4c,5865.6
108824,T4d,5865.7
99310,T4a,5865.7
100282,T4a,5865.7
42594,Mi1,5865.7
59008,Mi1,5865.7
84010,Tm3,5865.8
10023,HSS,5865.8
35836,Mi1,5865.8
37555,Mi1,5865.8
40854,Mi1,5865.8
73284,T2a,5865.8
80855,Tm3,5865.8
82425,T4b,5865.8
95453,T4a,5865.8
103160,T4a,5865.8
105962,T4b,5865.8
78172,TmY3,5865.9
75848,T2a,5865.9
90796,T4d,5865.9
34045,Mi1,5865.9
15019,Li28,5865.9
56564,Mi1,5865.9
93927,T4a,5865.9
91283,T4c,5866.0
35734,Mi1,5866.0
118260,T4d,5866.0
45319,Mi1,5866.1
82038,Tm3,5866.1
39505,Mi1,5866.1
38178,Mi1,5866.1
38857,Mi1,5866.1
37568,Mi1,5866.1
34862,Mi1,5866.2
35602,Mi1,5866.2
51191,TmY3,5866.2
63420,Mi1,5866.2
95242,T4d,5866.2
10025,H2,5866.299999999999
93482,T4d,5866.299999999999
101302,T4d,5866.299999999999
94471,T4a,5866.400000000001
90219,T4a,5866.400000000001
70281,T2a,5866.400000000001
72005,Tm3,5866.400000000001
98118,T4c,5866.5
14209,Li28,5866.5
34479,Mi1,5866.5
44564,TmY3,5866.5
62078,Mi1,5866.5
80911,Tm3,5866.5
104297,T4a,5866.6
74231,Tm3,5866.6
10015,HSN,5866.6
33326,Mi1,5866.6
15263,Li28,5866.700000000001
34356,Mi1,5866.700000000001
35234,Mi1,5866.700000000001
37019,Mi1,5866.700000000001
45322,Mi1,5866.700000000001
94743,T4d,5866.700000000001
39718,Mi1,5866.8
38479,Mi1,5866.8
107170,T4b,5866.900000000001
104450,T4a,5866.900000000001
71674,T2a,5866.900000000001
37037,Mi1,5866.900000000001
40635,Mi1,5866.900000000001
15909,Li28,5866.900000000001
41950,Mi1,5866.900000000001
104972,T4a,5867.0
71475,Tm3,5867.0
118385,T4b,5867.0
35152,Mi1,5867.0
10016,HSE,5867.0
63175,Mi1,5867.0
38238,Mi1,5867.1
79875,T4c,5867.200000000001
37631,Mi1,5867.200000000001
33110,Mi1,5867.3
34463,Mi1,5867.3
35845,Mi1,5867.3
36252,Mi1,5867.3
39438,Mi1,5867.3
41545,Mi1,5867.3
71161,T2a,5867.3
81995,Tm3,5867.3
94356,T4c,5867.4
48547,TmY3,5867.4
43689,Mi1,5867.4
37599,Mi1,5867.4
35447,Mi1,5867.4
41435,Mi1,5867.4
38648,Mi1,5867.500000000001
41626,Mi1,5867.500000000001
88726,T4b,5867.500000000001
100206,T4c,5867.6
542412,Mi1,5867.6
102579,T4b,5867.6
99950,T4c,5867.6
72066,Tm3,5867.6
40026,TmY3,5867.6
38767,Mi1,5867.6
38230,Mi1,5867.6
35235,Mi1,5867.6
38768,Mi1,5867.7
38791,Mi1,5867.7
92644,T4d,5867.7
99850,T4a,5867.7
127970,Tm3,5867.8
113991,T4d,5867.8
93360,T4b,5867.8
81215,Tm3,5867.8
33462,Mi1,5867.8
88353,T4b,5867.8
102975,T4b,5867.900000000001
31848,Mi1,5867.900000000001
40703,Mi1,5867.900000000001
64849,Tm3,5867.900000000001
70812,TmY3,5867.900000000001
80435,T2a,5867.900000000001
83125,T4b,5867.900000000001
97028,T4c,5867.900000000001
526158,Mi1,5867.900000000001
111416,Tm3,5868.1
91987,T4c,5868.1
34938,Mi1,5868.1
46230,TmY3,5868.1
70490,Mi1,5868.1
10037,VS,5868.2
34849,Mi1,5868.2
98887,T4b,5868.2
103780,T4c,5868.2
59397,Mi1,5868.3
35045,Mi1,5868.400000000001
40256,Mi1,5868.400000000001
70158,T2a,5868.5
95883,T4a,5868.6
37391,Mi1,5868.6
10112,VS,5868.6
33942,Mi1,5868.6
35888,Mi1,5868.6
95356,T4a,5868.700000000001
113686,T4d,5868.700000000001
105332,T4b,5868.700000000001
89825,T4a,5868.700000000001
104858,T4b,5868.700000000001
41668,Mi1,5868.700000000001
72279,Mi1,5868.700000000001
10311,VS,5868.700000000001
10755,H1,5868.700000000001
99348,T4c,5868.700000000001
35416,Mi1,5868.700000000001
54087,Mi1,5868.8
85536,T4a,5868.8
96852,T4a,5868.8
99316,T4b,5868.8
110555,T4b,5868.8
117627,Tm3,5868.9
107529,T4d,5868.9
73385,T2a,5868.9
42533,TmY3,5868.9
92254,T4b,5868.9
67971,Tm3,5869.000000000001
80302,T2a,5869.000000000001
83438,T4a,5869.000000000001
90145,T4a,5869.000000000001
90520,T4a,5869.000000000001
110988,T4a,5869.000000000001
114088,T4d,5869.000000000001
537004,VSm,5869.1
104301,T4b,5869.1
72558,T2a,5869.1
57398,Mi1,5869.1
40426,Mi1,5869.1
42758,Mi1,5869.1
41296,Mi1,5869.3
90900,T4a,5869.3
97769,T4a,5869.3
64149,Mi1,5869.400000000001
107075,T4d,5869.400000000001
90135,T4c,5869.5
105126,T4c,5869.5
11981,Li28,5869.5
79138,T2a,5869.5
102045,T4a,5869.5
68842,TmY3,5869.6
103440,T4d,5869.6
105276,T4d,5869.6
37699,Mi1,5869.7
67150,T2a,5869.7
98194,T4d,5869.7
103725,T4a,5869.7
111380,Tm3,5869.7
98175,T4c,5869.8
100867,T4b,5869.8
88152,T4c,5869.8
10025,H2,5869.8
105718,T4b,5869.900000000001
10023,HSS,5869.900000000001
34079,Mi1,5869.900000000001
35001,Mi1,5869.900000000001
38721,Mi1,5869.900000000001
48894,TmY3,5869.900000000001
58862,Mi1,5869.900000000001
101732,T4c,5869.900000000001
105122,T4b,5869.900000000001
97306,T4a,5870.0
88922,T4c,5870.0
76074,Tm3,5870.0
34057,Mi1,5870.0
35173,Mi1,5870.0
34300,Mi1,5870.0
98846,T4c,5870.0
37123,Mi1,5870.0
133349,Tm3,5870.0
111928,T4b,5870.099999999999
105214,T4c,5870.099999999999
95239,T4a,5870.099999999999
16545,Li28,5870.099999999999
33017,Mi1,5870.200000000001
67113,Mi1,5870.200000000001
95677,T4c,5870.200000000001
101480,T4c,5870.200000000001
102031,T4c,5870.200000000001
107105,T4d,5870.200000000001
115686,T4b,5870.200000000001
105698,T4c,5870.3
89020,T4a,5870.3
12521,HST,5870.4
92839,T4b,5870.4
93419,T4b,5870.4
10016,HSE,5870.500000000001
35218,Mi1,5870.500000000001
35428,Mi1,5870.500000000001
96576,T4c,5870.500000000001
99519,T4a,5870.500000000001
93947,T4a,5870.6
51122,Mi1,5870.6
93224,T4a,5870.6
10015,HSN,5870.6
38514,Mi1,5870.6
39743,Mi1,5870.7
78968,Tm3,5870.7
96295,T4b,5870.7
96931,T4b,5870.7
101043,T4c,5870.8
77395,T4b,5870.8
91682,T4b,5870.8
17596,Li28,5870.8
10012,VS,5870.8
49788,TmY3,5870.8
100488,T4c,5870.900000000001
81996,T2a,5871.0
87289,T4a,5871.0
88491,T4a,5871.1
41522,Mi1,5871.1
48514,TmY3,5871.1
68951,TmY3,5871.1
70524,T2a,5871.1
92706,T4a,5871.1
525839,Mi1,5871.2
103654,T4b,5871.2
128726,Tm3,5871.2
34626,Mi1,5871.2
44119,Mi1,5871.2
32893,Mi1,5871.3
34142,Mi1,5871.3
90567,T4b,5871.3
91806,T4a,5871.3
93025,T4b,5871.3
35770,Mi1,5871.400000000001
16033,Li28,5871.400000000001
42119,Mi1,5871.400000000001
46662,TmY3,5871.400000000001
89099,T4a,5871.400000000001
89142,T4b,5871.400000000001
103025,T4a,5871.400000000001
110757,T4b,5871.400000000001
98862,Tm3,5871.5
72426,Tm3,5871.5
63994,Mi1,5871.5
88992,T4c,5871.5
38421,Mi1,5871.5
35890,Mi1,5871.5
10206,VS,5871.5
46827,Mi1,5871.5
34171,Mi1,5871.599999999999
39651,Mi1,5871.599999999999
42895,Mi1,5871.599999999999
77594,T2a,5871.599999999999
78940,T4a,5871.599999999999
108307,T4b,5871.700000000001
104144,T2,5871.700000000001
38241,Mi1,5871.700000000001
72989,Tm3,5871.700000000001
35498,Mi1,5871.8
42872,Mi1,5871.8
91913,T4b,5871.8
97288,T4c,5871.8
98398,T4c,5871.8
99387,T4a,5871.8
93865,T4c,5871.9
10284,VS,5871.9
42048,Mi1,5871.9
74725,T2a,5871.9
92046,T4d,5872.0
99670,T4c,5872.0
76325,T2a,5872.0
74287,Tm3,5872.1
94468,T4c,5872.1
10037,VS,5872.1
104336,T4b,5872.2
35774,Mi1,5872.2
37113,Mi1,5872.2
42675,Mi1,5872.2
69380,Tm3,5872.2
80358,Tm3,5872.2
93166,T4c,5872.2
101383,T4b,5872.2
106295,T4b,5872.3
88281,T4b,5872.3
59959,Mi1,5872.3
48286,Mi1,5872.3
72896,Tm3,5872.3
84008,T4c,5872.4
68933,Tm3,5872.4
75172,T2a,5872.4
105412,T4a,5872.4
98668,T4a,5872.5
128916,Tm3,5872.5
93877,T4c,5872.5
71089,Mi1,5872.5
66325,Tm3,5872.5
37353,Mi1,5872.5
85737,T2a,5872.5
100785,T4b,5872.7
101878,T4a,5872.7
95335,T4a,5872.7
98504,T4c,5872.7
43414,Mi1,5872.7
42691,Mi1,5872.7
36954,Mi1,5872.7
77527,T4a,5872.7
99131,T4c,5872.8
17280,Li28,5872.8
38893,Mi1,5872.8
40400,Mi1,5872.8
85152,T4c,5872.8
86419,Tm3,5872.8
100981,T4d,5872.8
104884,T4b,5872.900000000001
100087,T4b,5872.900000000001
109172,T4b,5872.900000000001
33907,Mi1,5872.900000000001
96126,T4b,5872.900000000001
119213,T4c,5873.0
104354,T4b,5873.0
92684,T4c,5873.0
35712,Mi1,5873.0
36533,Mi1,5873.0
16596,Li28,5873.0
37371,Mi1,5873.0
95005,T4a,5873.099999999999
90112,T4c,5873.099999999999
88698,T4a,5873.099999999999
101742,T4c,5873.099999999999
35897,Mi1,5873.099999999999
34933,Mi1,5873.099999999999
10025,H2,5873.099999999999
43978,Mi1,5873.099999999999
10112,VS,5873.200000000001
31492,Mi1,5873.200000000001
80812,T4a,5873.200000000001
83689,T4a,5873.200000000001
100501,T4b,5873.200000000001
106200,T4c,5873.200000000001
15909,Li28,5873.3
93527,T4a,5873.3
78731,Tm3,5873.4
129235,Tm3,5873.4
69063,Mi1,5873.4
33216,Mi1,5873.4
35840,Mi1,5873.4
44449,TmY3,5873.4
120992,Tm3,5873.5
86141,T4b,5873.5
79259,T4b,5873.5
98300,T4a,5873.5
58945,Tm3,5873.5
36660,Mi1,5873.5
34369,Mi1,5873.5
72619,T2a,5873.5
36684,Mi1,5873.6
38227,Mi1,5873.6
41659,Mi1,5873.6
72955,T2a,5873.6
100319,T4b,5873.6
122308,Tm3,5873.7
112458,T4b,5873.7
128396,T4d,5873.7
35512,Mi1,5873.7
38993,Mi1,5873.7
112619,T4d,5873.8
94283,T4d,5873.8
114817,T4d,5873.8
65298,T2a,5873.8
49324,Mi1,5873.8
60856,T2a,5873.8
36346,Mi1,5873.8
35934,Mi1,5873.8
38987,Mi1,5873.9
107420,T4b,5873.9
93957,T4b,5874.0
85778,T4b,5874.0
38529,Mi1,5874.0
92957,T4d,5874.0
35100,Mi1,5874.0
10023,HSS,5874.0
10016,HSE,5874.0
37224,Mi1,5874.0
41613,Mi1,5874.1
76621,T2a,5874.1
51231,TmY3,5874.2
63468,Mi1,5874.2
65671,Mi1,5874.2
67308,Mi1,5874.2
97899,T4a,5874.2
84631,T4c,5874.3
99671,T4c,5874.3
93985,T4c,5874.3
84328,T4a,5874.3
23047,Li28,5874.3
52350,Mi1,5874.3
36139,Mi1,5874.3
19292,Li28,5874.3
70800,Tm3,5874.3
37509,Mi1,5874.400000000001
94668,T4d,5874.400000000001
97872,T4d,5874.400000000001
99011,T4c,5874.400000000001
171349687,Tm3,5874.400000000001
109868,Tm3,5874.5
102991,T4c,5874.5
92114,T4c,5874.5
41804,Mi1,5874.5
85378,T4a,5874.5
91469,T4c,5874.5
95554,T4b,5874.6
10015,HSN,5874.6
81401,T4b,5874.6
60857,Mi1,5874.700000000001
34189,Mi1,5874.700000000001
10755,H1,5874.700000000001
37294,Mi1,5874.8
39275,Mi1,5874.8
55976,Mi1,5874.8
80197,T4a,5874.8
104257,T4b,5874.8
33446,Mi1,5874.900000000001
48531,Mi1,5874.900000000001
104414,T4d,5874.900000000001
105521,T4c,5875.0
94549,T4b,5875.0
83677,T4c,5875.0
35017,Mi1,5875.0
53065,Mi1,5875.0
34296,Mi1,5875.0
83583,T4d,5875.0
72148,Tm3,5875.1
83465,T4a,5875.1
84689,Tm3,5875.1
104905,T4c,5875.200000000001
108847,T4d,5875.200000000001
85007,T4c,5875.200000000001
66214,T2a,5875.200000000001
40085,Mi1,5875.200000000001
37680,Mi1,5875.200000000001
36881,Mi1,5875.200000000001
67810,Tm3,5875.3
106401,T4d,5875.3
112969,T4c,5875.3
36305,Mi1,5875.4
47962,TmY3,5875.4
70289,Mi1,5875.4
74891,T2a,5875.4
101994,T4a,5875.500000000001
93984,T4b,5875.500000000001
36646,Mi1,5875.6
36994,Mi1,5875.6
37044,Mi1,5875.6
40411,Mi1,5875.6
90259,T4d,5875.6
92281,T4c,5875.6
112545,T4d,5875.6
112453,T4c,5875.7
110910,Tm3,5875.7
96657,T4c,5875.7
118502,T4b,5875.7
94574,T4c,5875.7
85924,T4a,5875.7
47686,TmY3,5875.7
96394,T4b,5875.7
37138,Mi1,5875.8
37839,Mi1,5875.8
48060,Mi1,5875.8
78597,T2a,5875.8
111184,T4a,5875.8
99163,T4a,5875.900000000001
98890,T4c,5875.900000000001
97480,T4c,5875.900000000001
97186,T4a,5875.900000000001
96307,T4a,5875.900000000001
91629,T4a,5875.900000000001
47240,TmY3,5875.900000000001
73320,T2,5875.900000000001
57239,Mi1,5875.900000000001
40171,Mi1,5875.900000000001
35580,Mi1,5875.900000000001
83979,T4a,5875.900000000001
90206,T4b,5876.0
89282,T4a,5876.0
102448,T4d,5876.0
10037,VS,5876.0
48986,TmY3,5876.0
37000,Mi1,5876.1
39158,Mi1,5876.1
65833,Mi1,5876.1
94983,T4c,5876.1
98448,T4b,5876.1
96090,T4c,5876.2
78470,Tm3,5876.2
43783,Mi1,5876.2
92082,T4b,5876.2
33614,Mi1,5876.2
32962,TmY3,5876.2
30997,Mi1,5876.2
37270,Mi1,5876.2
10025,H2,5876.3
39500,Mi1,5876.3
47211,Mi1,5876.3
16545,Li28,5876.400000000001
35405,Mi1,5876.400000000001
95972,T4d,5876.400000000001
108344,T4d,5876.400000000001
89728,Tm3,5876.5
98312,T4a,5876.5
94058,T4b,5876.5
103497,Tm3,5876.5
85126,T4a,5876.5
37088,Mi1,5876.5
39629,Mi1,5876.5
36275,Mi1,5876.5
34899,Mi1,5876.5
39727,Mi1,5876.5
123490,Tm3,5876.6
96219,T4b,5876.6
89368,T4c,5876.6
88625,T4c,5876.6
530434,Tm3,5876.6
39067,Mi1,5876.6
38710,Mi1,5876.6
36540,Mi1,5876.6
55101,Mi1,5876.6
73122,T2a,5876.700000000001
91057,T4c,5876.700000000001
95287,T4a,5876.700000000001
33091,Mi1,5876.8
46248,Mi1,5876.8
71944,T2a,5876.8
90097,T4c,5876.8
101215,T4c,5876.8
97677,T4c,5876.9
98381,T4d,5876.9
101772,Tm3,5876.9
97675,T4c,5876.9
39692,TmY3,5876.9
40944,Mi1,5876.9
37853,Mi1,5876.9
41120,Mi1,5876.9
11134,VSm,5877.000000000001
20264,Li28,5877.000000000001
41709,Mi1,5877.000000000001
103527,T4c,5877.000000000001
110403,T4b,5877.1
100032,T4c,5877.1
91444,T4c,5877.1
34404,Mi1,5877.1
41671,TmY3,5877.1
32535,Mi1,5877.2
37529,Mi1,5877.2
39405,Mi1,5877.2
11981,Li28,5877.3
69546,Tm3,5877.3
151155,T4b,5877.3
101620,T4b,5877.400000000001
90394,T4a,5877.400000000001
36177,Mi1,5877.400000000001
36911,Mi1,5877.400000000001
40596,Mi1,5877.5
66345,T2a,5877.5
88575,T4b,5877.5
97835,T4a,5877.5
10016,HSE,5877.6
10206,VS,5877.6
35806,Mi1,5877.6
88398,T4a,5877.6
91345,T4c,5877.6
104683,T4b,5877.7
73828,Tm3,5877.7
41809,Mi1,5877.7
40936,Mi1,5877.7
40219,Mi1,5877.8
69164,Mi1,5877.8
102425,T4b,5877.8
106886,T4c,5877.8
547091,T2,5877.8
101005,T4d,5877.900000000001
97105,T4d,5877.900000000001
96134,T4b,5877.900000000001
90423,T4b,5877.900000000001
72983,T2a,5877.900000000001
36446,Mi1,5877.900000000001
47967,Mi1,5877.900000000001
71036,T2a,5877.900000000001
34867,Mi1,5877.900000000001
10112,VS,5877.900000000001
106745,T4b,5878.0
106166,T4b,5878.0
125171,Tm3,5878.0
50345,TmY3,5878.0
37438,Mi1,5878.0
57871,T2,5878.0
33655,Mi1,5878.099999999999
44282,Mi1,5878.099999999999
74997,Tm3,5878.099999999999
96211,T4d,5878.099999999999
101463,T4d,5878.099999999999
44222,Mi1,5878.200000000001
10023,HSS,5878.200000000001
41654,Mi1,5878.200000000001
90121,T4b,5878.200000000001
105099,T4b,5878.3
49441,TmY3,5878.3
77623,T2a,5878.4
91325,T4a,5878.4
97256,T4c,5878.4
106801,T4c,5878.500000000001
110693,Tm3,5878.500000000001
100190,T4c,5878.6
16033,Li28,5878.6
20634,VST1,5878.6
66808,Tm3,5878.6
69540,TmY3,5878.6
106922,T4c,5878.6
102791,T4c,5878.7
98226,T4b,5878.7
50333,TmY3,5878.7
10015,HSN,5878.7
36410,Mi1,5878.7
35836,Mi1,5878.7
42856,Mi1,5878.7
76038,Tm3,5878.8
36217,Mi1,5878.8
102229,T4d,5878.8
35234,Mi1,5878.900000000001
85598,T4b,5878.900000000001
38133,Mi1,5878.900000000001
10012,VS,5878.900000000001
37037,Mi1,5878.900000000001
82099,T4b,5879.0
84267,T4c,5879.0
101245,T4a,5879.0
113207,T4d,5879.1
38455,Mi1,5879.1
40832,Mi1,5879.1
41536,Mi1,5879.1
42594,Mi1,5879.1
67408,Mi1,5879.1
37948,Mi1,5879.2
38208,Mi1,5879.2
48283,TmY3,5879.2
98985,T4c,5879.3
92047,T4c,5879.3
100855,T4a,5879.3
34045,Mi1,5879.3
40235,Mi1,5879.3
107031,T4b,5879.3
134209,Tm3,5879.400000000001
85429,T4d,5879.400000000001
37243,Mi1,5879.400000000001
34356,Mi1,5879.400000000001
56564,Mi1,5879.5
107812,T4a,5879.5
10025,H2,5879.599999999999
35724,Mi1,5879.599999999999
36158,Mi1,5879.599999999999
36452,Mi1,5879.599999999999
40854,Mi1,5879.599999999999
69980,Tm3,5879.599999999999
78503,T2a,5879.599999999999
78561,Tm3,5879.599999999999
108065,T4c,5879.700000000001
38857,Mi1,5879.700000000001
15909,Li28,5879.700000000001
34862,Mi1,5879.700000000001
37568,Mi1,5879.8
79345,T2a,5879.8
86778,T4a,5879.8
97784,T4c,5879.8
98000,T4b,5879.8
117151,T4d,5879.8
107117,T4d,5879.9
537004,VSm,5879.9
93509,T4b,5879.9
77226,T2a,5879.9
10037,VS,5879.9
90049,T4c,5879.9
38791,Mi1,5880.0
95364,T4d,5880.0
100165,T4b,5880.0
102845,T4b,5880.0
113107,T4a,5880.0
92939,T4b,5880.1
94624,T4a,5880.2
112744,T4d,5880.2
99292,T4a,5880.2
98751,T4a,5880.2
37927,Mi1,5880.2
65106,T2,5880.2
95017,T4c,5880.2
63868,T2a,5880.3
38178,Mi1,5880.3
104931,T4c,5880.3
90419,T4b,5880.4
98654,T4d,5880.4
84490,T4a,5880.4
62078,Mi1,5880.4
34479,Mi1,5880.4
10284,VS,5880.4
79449,T4b,5880.4
100105,T4a,5880.5
10755,H1,5880.5
15263,Li28,5880.5
33110,Mi1,5880.5
39718,Mi1,5880.5
59008,Mi1,5880.5
108119,T4c,5880.5
33942,Mi1,5880.6
44592,TmY3,5880.6
61292,T2,5880.6
102799,T4c,5880.6
100874,T4a,5880.7
61045,TmY3,5880.7
100956,T4d,5880.7
40635,Mi1,5880.7
54885,TmY3,5880.7
38479,Mi1,5880.7
36990,Mi1,5880.7
35602,Mi1,5880.7
39525,Mi1,5880.7
93688,T4a,5880.8
121245,Tm3,5880.8
103479,T4c,5880.8
98467,T4d,5880.8
94755,T4a,5880.8
74504,T2a,5880.8
74259,T2a,5880.8
37599,Mi1,5880.8
15019,Li28,5880.8
14209,Li28,5880.8
91303,T4b,5880.8
71765,T2a,5880.900000000001
70642,T2a,5880.900000000001
108757,T4c,5880.900000000001
38238,Mi1,5880.900000000001
68264,Tm3,5880.900000000001
39438,Mi1,5881.0
93750,T4c,5881.0
35152,Mi1,5881.0
35734,Mi1,5881.0
96365,T4a,5881.0
106912,Tm3,5881.099999999999
92552,T4a,5881.099999999999
41950,Mi1,5881.099999999999
37555,Mi1,5881.099999999999
34463,Mi1,5881.099999999999
35845,Mi1,5881.200000000001
43323,Mi1,5881.200000000001
93313,T4a,5881.200000000001
10016,HSE,5881.3
45319,Mi1,5881.3
91366,T4b,5881.3
542412,Mi1,5881.3
102462,T4c,5881.4
100996,T4b,5881.4
92415,T4a,5881.4
40703,Mi1,5881.4
39505,Mi1,5881.4
63175,Mi1,5881.4
36252,Mi1,5881.5
40256,Mi1,5881.5
94224,T4b,5881.5
41435,Mi1,5881.6
45322,Mi1,5881.6
84063,T4b,5881.6
99628,T4b,5881.6
103867,T4a,5881.6
112806,T4c,5881.7
114391,T4d,5881.7
102147,T4c,5881.7
33462,Mi1,5881.7
63420,Mi1,5881.7
59397,Mi1,5881.7
85664,TmY3,5881.7
41545,Mi1,5881.8
41626,Mi1,5881.8
105403,T4c,5881.8
107609,T4d,5881.8
71938,T2a,5881.9
94886,T4d,5881.9
31848,Mi1,5881.9
34849,Mi1,5881.9
35235,Mi1,5882.0
37019,Mi1,5882.0
87358,T4a,5882.0
88951,Tm3,5882.0
102741,T4c,5882.0
107719,T4b,5882.0
105834,T4d,5882.1
110855,T4a,5882.1
109649,T4c,5882.1
105242,T4c,5882.1
47465,TmY3,5882.1
75660,T2a,5882.1
42758,Mi1,5882.1
38767,Mi1,5882.1
35045,Mi1,5882.1
90371,T4d,5882.2
526158,Mi1,5882.2
105135,T4c,5882.3
104191,T4a,5882.3
77991,Tm3,5882.3
41296,Mi1,5882.3
35416,Mi1,5882.3
70490,Mi1,5882.3
103343,T4b,5882.400000000001
35888,Mi1,5882.400000000001
37631,Mi1,5882.400000000001
58862,Mi1,5882.400000000001
83438,T4a,5882.400000000001
96812,T4a,5882.400000000001
97193,T4a,5882.400000000001
106203,T4d,5882.5
38230,Mi1,5882.5
10023,HSS,5882.5
16545,Li28,5882.5
30923,TmY3,5882.6
47368,TmY3,5882.6
68212,T2a,5882.6
68982,Tm3,5882.6
90888,T4b,5882.6
100673,T4b,5882.6
104130,T4a,5882.6
37391,Mi1,5882.700000000001
41668,Mi1,5882.700000000001
10112,VS,5882.700000000001
39894,T4b,5882.700000000001
102564,T4a,5882.8
35447,Mi1,5882.8
38768,Mi1,5882.8
40426,Mi1,5882.8
89434,T4c,5882.8
54087,Mi1,5882.900000000001
104942,T4a,5882.900000000001
10025,H2,5882.900000000001
107445,T4a,5882.900000000001
75521,T2a,5883.0
82313,T4a,5883.0
68522,T2a,5883.0
64149,Mi1,5883.0
37699,Mi1,5883.0
10015,HSN,5883.0
64260,T2,5883.0
57398,Mi1,5883.1
72279,Mi1,5883.1
90219,T4a,5883.200000000001
79483,Tm3,5883.200000000001
71583,Tm3,5883.200000000001
33017,Mi1,5883.200000000001
10206,VS,5883.200000000001
34938,Mi1,5883.200000000001
34057,Mi1,5883.3
35001,Mi1,5883.3
78911,Tm3,5883.3
79257,Tm3,5883.4
35173,Mi1,5883.4
43689,Mi1,5883.4
86686,T4c,5883.4
103022,T4a,5883.6
109593,Tm3,5883.6
95822,T4b,5883.6
77910,Tm3,5883.6
71131,Tm3,5883.6
48930,TmY3,5883.6
38721,Mi1,5883.6
17280,Li28,5883.7
69961,Tm3,5883.7
98360,T4c,5883.7
37123,Mi1,5883.8
111857,T4d,5883.900000000001
104256,T4a,5883.900000000001
100033,T4c,5883.900000000001
97878,T4b,5883.900000000001
95926,T4a,5883.900000000001
83365,T2a,5883.900000000001
81015,T4a,5883.900000000001
10037,VS,5883.900000000001
34300,Mi1,5884.0
82515,Tm3,5884.0
92431,T4a,5884.0
110742,T4c,5884.0
104674,T4a,5884.1
96003,T4d,5884.2
120312,Tm3,5884.2
73021,T2a,5884.2
73619,T2a,5884.2
112088,T4d,5884.3
67113,Mi1,5884.3
38648,Mi1,5884.3
39743,Mi1,5884.3
93972,T4a,5884.400000000001
525839,Mi1,5884.400000000001
65850,T2a,5884.5
94179,T4a,5884.5
103425,T4a,5884.5
86416,T4a,5884.6
116311,T4d,5884.6
35770,Mi1,5884.6
42895,Mi1,5884.6
34079,Mi1,5884.700000000001
35218,Mi1,5884.700000000001
38514,Mi1,5884.700000000001
112944,T4b,5884.8
12521,HST,5884.8
33326,Mi1,5884.8
77138,Tm3,5884.8
91987,T4c,5884.8
97866,T4d,5884.8
71228,T2a,5884.9
38241,Mi1,5884.9
10016,HSE,5885.000000000001
11981,Li28,5885.000000000001
68342,Tm3,5885.000000000001
89934,T4d,5885.000000000001
92996,T4a,5885.000000000001
101685,T4b,5885.000000000001
115511,T4d,5885.000000000001
124867,T4d,5885.1
109916,T4d,5885.1
94081,T4c,5885.1
35428,Mi1,5885.1
97145,T4c,5885.1
104478,T4d,5885.2
17596,Li28,5885.2
37353,Mi1,5885.2
76788,T4b,5885.2
92993,Tm3,5885.2
76524,Tm3,5885.3
83204,T4d,5885.3
44119,Mi1,5885.3
102370,T4c,5885.3
108276,T4a,5885.400000000001
105565,Tm3,5885.400000000001
98439,T4a,5885.400000000001
34626,Mi1,5885.400000000001
101228,T4a,5885.400000000001
34142,Mi1,5885.5
51122,Mi1,5885.5
59864,Tm3,5885.5
106701,T4d,5885.5
86175,T4a,5885.6
44564,TmY3,5885.6
63994,Mi1,5885.6
92055,T4c,5885.6
102975,T4b,5885.6
100261,T4c,5885.7
38893,Mi1,5885.8
100787,T4b,5885.8
100897,T4c,5885.8
110646,T4b,5885.900000000001
100729,T4b,5885.900000000001
101770,T4b,5885.900000000001
74375,Tm3,5885.900000000001
41522,Mi1,5885.900000000001
94930,T2a,5885.900000000001
32893,Mi1,5886.0
42533,TmY3,5886.0
97184,T4d,5886.0
99731,T4c,5886.0
102801,T4b,5886.099999999999
93360,T4b,5886.099999999999
67150,T2a,5886.099999999999
48286,Mi1,5886.099999999999
35897,Mi1,5886.099999999999
34171,Mi1,5886.099999999999
42872,Mi1,5886.099999999999
76121,Tm3,5886.200000000001
89784,T4b,5886.200000000001
59959,Mi1,5886.3
10755,H1,5886.3
15909,Li28,5886.3
39651,Mi1,5886.3
47696,TmY3,5886.3
91179,T4a,5886.3
99663,T4c,5886.4
97318,T4d,5886.4
96774,T4c,5886.4
95458,T4d,5886.4
35890,Mi1,5886.4
10025,H2,5886.4
38421,Mi1,5886.5
42675,Mi1,5886.5
79271,T4a,5886.5
94953,T4d,5886.5
98175,T4c,5886.5
101945,T4b,5886.5
122233,Tm3,5886.6
103226,T4d,5886.6
92181,T4a,5886.6
35774,Mi1,5886.6
37371,Mi1,5886.6
16596,Li28,5886.6
43414,Mi1,5886.6
42119,Mi1,5886.7
123514,Tm3,5886.7
96576,T4c,5886.7
96015,T4c,5886.7
71089,Mi1,5886.7
37113,Mi1,5886.7
36533,Mi1,5886.7
35498,Mi1,5886.7
33907,Mi1,5886.7
23047,Li28,5886.7
10023,HSS,5886.7
114698,T4b,5886.8
100633,T4a,5886.8
66227,Tm3,5886.8
42048,Mi1,5886.8
35712,Mi1,5886.8
22108,TmY3,5886.8
16033,Li28,5886.8
36954,Mi1,5886.8
101081,T4c,5886.900000000001
39275,Mi1,5886.900000000001
41659,Mi1,5886.900000000001
81092,Tm3,5886.900000000001
86932,T4b,5886.900000000001
103827,T4c,5886.900000000001
100726,T4d,5887.0
38529,Mi1,5887.0
109384,T4d,5887.0
113983,T4d,5887.1
94153,T4d,5887.1
118948,T4d,5887.1
87845,T4a,5887.1
46827,Mi1,5887.1
36139,Mi1,5887.1
10112,VS,5887.1
10015,HSN,5887.1
42691,Mi1,5887.2
69063,Mi1,5887.2
99980,T4c,5887.2
104853,T4c,5887.2
114850,Tm3,5887.2
104017,T4b,5887.3
95681,T4a,5887.3
92842,T4a,5887.3
94305,T4a,5887.3
53156,TmY3,5887.3
35934,Mi1,5887.3
69597,Tm3,5887.3
31492,Mi1,5887.400000000001
33216,Mi1,5887.400000000001
38993,Mi1,5887.400000000001
49324,Mi1,5887.400000000001
83067,T4b,5887.400000000001
106664,T4c,5887.400000000001
107010,T4d,5887.400000000001
111783,T4a,5887.400000000001
135612,Tm3,5887.5
112633,T4b,5887.5
55976,Mi1,5887.5
94567,T4c,5887.5
10012,VS,5887.599999999999
10037,VS,5887.599999999999
43978,Mi1,5887.599999999999
95883,T4a,5887.599999999999
109326,T4c,5887.599999999999
121816,T4a,5887.599999999999
93334,T4b,5887.700000000001
106093,T4a,5887.700000000001
87896,T4a,5887.700000000001
72796,Tm3,5887.700000000001
90533,T4c,5887.700000000001
35512,Mi1,5887.8
35840,Mi1,5887.8
36660,Mi1,5887.8
99922,T4c,5887.8
65671,Mi1,5887.9
103557,T4a,5887.9
96728,T4c,5888.0
100838,T4c,5888.0
96199,T4a,5888.0
34933,Mi1,5888.0
38987,Mi1,5888.0
38227,Mi1,5888.0
85536,T4a,5888.0
11134,VSm,5888.1
34296,Mi1,5888.1
88491,T4a,5888.1
98194,T4d,5888.1
105962,T4b,5888.2
82038,Tm3,5888.2
41804,Mi1,5888.2
34369,Mi1,5888.3
73447,Tm3,5888.3
97028,T4c,5888.3
87289,T4a,5888.4
98788,T4d,5888.4
87873,T4b,5888.5
86536,Tm3,5888.5
88922,T4c,5888.5
60857,Mi1,5888.5
35017,Mi1,5888.5
74044,Tm3,5888.5
10016,HSE,5888.6
16545,Li28,5888.6
19292,Li28,5888.6
90278,T4a,5888.6
98099,T4b,5888.7
97326,T4c,5888.7
83191,T4a,5888.7
71398,Tm3,5888.7
54211,TmY3,5888.7
45948,TmY3,5888.7
36346,Mi1,5888.7
34189,Mi1,5888.7
48531,Mi1,5888.7
63468,Mi1,5888.8
68840,TmY3,5888.8
78856,Tm3,5888.8
90027,T4c,5888.8
95921,T4c,5888.8
75298,T2a,5888.900000000001
80855,Tm3,5888.900000000001
70289,Mi1,5888.900000000001
149504,T4d,5888.900000000001
36881,Mi1,5888.900000000001
10206,VS,5888.900000000001
68535,T2a,5888.900000000001
97853,T4c,5889.0
52350,Mi1,5889.0
96784,T4b,5889.0
40505,Mi1,5889.099999999999
44449,TmY3,5889.099999999999
77307,Tm3,5889.099999999999
79293,Tm3,5889.099999999999
99423,T4d,5889.099999999999
109142,T4b,5889.099999999999
112393,T4a,5889.200000000001
97769,T4a,5889.200000000001
95453,T4a,5889.200000000001
94368,T4a,5889.200000000001
88152,T4c,5889.200000000001
42006,TmY3,5889.200000000001
57239,Mi1,5889.200000000001
41613,Mi1,5889.200000000001
37270,Mi1,5889.200000000001
37138,Mi1,5889.200000000001
77846,Tm3,5889.200000000001
117221,T4c,5889.3
121170,Tm3,5889.3
74927,Tm3,5889.3
92640,T4d,5889.3
48607,TmY3,5889.3
41136,Mi1,5889.3
33446,Mi1,5889.3
53065,Mi1,5889.3
39716,Mi1,5889.4
49372,TmY3,5889.4
65443,T2a,5889.4
72829,T2a,5889.4
95007,T4a,5889.4
97792,T4b,5889.4
40400,Mi1,5889.5
87106,T4a,5889.5
117748,Tm3,5889.6
104390,T4a,5889.6
103025,T4a,5889.6
95985,T4c,5889.6
37294,Mi1,5889.6
69723,Tm3,5889.6
60979,TmY3,5889.6
38708,Mi1,5889.6
86696,T4d,5889.6
89866,T4b,5889.7
108594,T4d,5889.7
102519,T4a,5889.7
96035,T4d,5889.7
89409,T4a,5889.7
48060,Mi1,5889.7
74228,Tm3,5889.7
36646,Mi1,5889.7
37224,Mi1,5889.7
86992,T4b,5889.7
61768,T2,5889.7
100310,T4d,5889.8
40171,Mi1,5889.8
100924,T4b,5889.8
39067,Mi1,5889.8
35405,Mi1,5889.8
39629,Mi1,5889.8
10025,H2,5889.9
39158,Mi1,5889.9
75381,Tm3,5889.9
79646,Tm3,5889.9
107143,T4d,5889.9
34899,Mi1,5889.9
94356,T4c,5890.0
109996,T4c,5890.0
106952,T4b,5890.0
98625,T4a,5890.0
90145,T4a,5890.0
48547,TmY3,5890.0
36305,Mi1,5890.0
35580,Mi1,5890.0
74023,T2a,5890.0
103073,T4a,5890.1
109536,T4d,5890.1
129930,Tm3,5890.2
108907,T4c,5890.2
102579,T4b,5890.2
67308,Mi1,5890.2
37509,Mi1,5890.2
37000,Mi1,5890.2
36684,Mi1,5890.2
39727,Mi1,5890.2
108438,T4d,5890.3
10284,VS,5890.3
80670,T4a,5890.3
94071,T4a,5890.3
98118,T4c,5890.3
98887,T4b,5890.3
107442,T4d,5890.400000000001
537004,VSm,5890.400000000001
10023,HSS,5890.400000000001
37044,Mi1,5890.400000000001
40085,Mi1,5890.5
41120,Mi1,5890.5
80913,T4a,5890.5
84328,T4a,5890.5
99748,T4b,5890.5
102479,T4c,5890.5
79704,T4d,5890.6
94549,T4b,5890.6
43334,TmY3,5890.6
36177,Mi1,5890.700000000001
60886,T2a,5890.700000000001
82211,T2a,5890.700000000001
89252,T4b,5890.700000000001
99863,T4d,5890.700000000001
116633,T4c,5890.700000000001
67152,Tm3,5890.8
106362,T4d,5890.8
62947,T2a,5890.8
119245,T4d,5890.8
35100,Mi1,5890.8
43783,Mi1,5890.8
107211,T4d,5890.8
10015,HSN,5890.8
32535,Mi1,5890.900000000001
36369,Mi1,5890.900000000001
36446,Mi1,5890.900000000001
40944,Mi1,5890.900000000001
77676,T2a,5890.900000000001
116610,T4d,5890.900000000001
46745,Mi1,5891.0
107640,T4c,5891.0
103645,T4c,5891.0
85856,TmY3,5891.0
83682,Tm3,5891.0
37088,Mi1,5891.0
37680,Mi1,5891.0
36540,Mi1,5891.0
36275,Mi1,5891.0
10112,VS,5891.1
37529,Mi1,5891.1
47967,Mi1,5891.1
96081,T4a,5891.1
40936,Mi1,5891.200000000001
40596,Mi1,5891.200000000001
77891,Tm3,5891.200000000001
40219,Mi1,5891.200000000001
36994,Mi1,5891.200000000001
33766,Mi1,5891.200000000001
37853,Mi1,5891.200000000001
112027,T4d,5891.3
97885,T4a,5891.3
95345,T4d,5891.3
91806,T4a,5891.3
95454,T4a,5891.3
74159,Tm3,5891.3
39500,Mi1,5891.3
39405,Mi1,5891.3
10037,VS,5891.3
85378,T4a,5891.3
37839,Mi1,5891.4
40411,Mi1,5891.4
80812,T4a,5891.4
96126,T4b,5891.4
99609,T4a,5891.4
103570,T4d,5891.4
85152,T4c,5891.500000000001
64633,T2a,5891.500000000001
39164,Mi1,5891.500000000001
46248,Mi1,5891.500000000001
35234,Mi1,5891.500000000001
33614,Mi1,5891.500000000001
35806,Mi1,5891.500000000001
30997,Mi1,5891.6
61401,T2a,5891.6
68475,T2a,5891.6
108876,T4c,5891.6
55101,Mi1,5891.7
106522,T4d,5891.7
120016,Tm3,5891.8
101480,T4c,5891.8
96671,T4c,5891.8
83227,Tm3,5891.8
47211,Mi1,5891.8
36911,Mi1,5891.8
65833,Mi1,5891.8
95528,T4d,5891.900000000001
33091,Mi1,5891.900000000001
36217,Mi1,5891.900000000001
40026,TmY3,5891.900000000001
41709,Mi1,5891.900000000001
69164,Mi1,5891.900000000001
72794,Tm3,5891.900000000001
92706,T4a,5891.900000000001
34404,Mi1,5892.0
10016,HSE,5892.0
20264,Li28,5892.0
33655,Mi1,5892.1
72665,Mi1,5892.1
97231,T4a,5892.1
112179,T4b,5892.1
41809,Mi1,5892.2
99950,T4c,5892.2
101382,T4c,5892.2
112563,Tm3,5892.2
104996,T4a,5892.3
69978,T2,5892.3
57247,TmY3,5892.3
40832,Mi1,5892.3
37037,Mi1,5892.3
36410,Mi1,5892.3
15909,Li28,5892.3
11981,Li28,5892.3
37948,Mi1,5892.3
37243,Mi1,5892.400000000001
45176,Mi1,5892.400000000001
68562,T2a,5892.400000000001
105115,T4d,5892.400000000001
109598,T4b,5892.400000000001
97899,T4a,5892.5
100488,T4c,5892.5
93419,T4b,5892.5
34045,Mi1,5892.5
58224,Mi1,5892.5
72558,T2a,5892.5
38133,Mi1,5892.6
89290,T4d,5892.6
103657,T4b,5892.700000000001
100946,T4c,5892.700000000001
100867,T4b,5892.700000000001
91469,T4c,5892.700000000001
98349,T4a,5892.700000000001
67072,T2a,5892.700000000001
38710,Mi1,5892.700000000001
34862,Mi1,5892.700000000001
67408,Mi1,5892.700000000001
10755,H1,5892.8
37438,Mi1,5892.8
38208,Mi1,5892.8
95356,T4a,5892.8
109652,T4d,5892.8
75343,Tm3,5892.9
74287,Tm3,5892.9
41536,Mi1,5892.9
43965,Mi1,5892.9
71652,Tm3,5892.9
16570,VST2,5893.000000000001
37568,Mi1,5893.000000000001
39692,TmY3,5893.000000000001
65531,T2a,5893.000000000001
108974,T4c,5893.000000000001
122273,Tm3,5893.000000000001
107075,T4d,5893.1
103314,T4b,5893.1
102016,T4a,5893.1
44222,Mi1,5893.1
38857,Mi1,5893.1
75318,T2,5893.1
41654,Mi1,5893.2
80838,T2a,5893.2
103780,T4c,5893.2
112048,T4c,5893.2
132624,Tm3,5893.3
100501,T4b,5893.3
77916,T2a,5893.3
44700,Mi1,5893.3
35836,Mi1,5893.3
33942,Mi1,5893.3
39718,Mi1,5893.3
116129,T4b,5893.400000000001
109023,T4c,5893.400000000001
93407,T4d,5893.400000000001
91313,T4a,5893.400000000001
72194,Tm3,5893.400000000001
93166,T4c,5893.400000000001
36452,Mi1,5893.400000000001
15422,VST2,5893.400000000001
10322,OA-AL2i2,5893.400000000001
10025,H2,5893.400000000001
62089,Tm3,5893.400000000001
20808,LC4,5893.5
34356,Mi1,5893.5
57349,Mi1,5893.5
95629,T4c,5893.5
127615,Tm3,5893.5
74303,Mi1,5893.5
89110,Tm3,5893.6
112241,T4b,5893.6
51049,Mi1,5893.6
44282,Mi1,5893.6
83125,T4b,5893.6
17280,Li28,5893.7
40854,Mi1,5893.7
86419,Tm3,5893.7
33462,Mi1,5893.8
34606,Mi1,5893.8
40577,Mi1,5893.8
90058,T4a,5893.8
91934,T4a,5893.8
101302,T4d,5893.8
101865,T4a,5893.8
111928,T4b,5893.8
40256,Mi1,5893.900000000001
89139,T4c,5893.900000000001
102388,T4d,5893.900000000001
101772,Tm3,5894.0
38178,Mi1,5894.0
107567,T4c,5894.0
10206,VS,5894.0
16033,Li28,5894.0
104802,T4c,5894.099999999999
96931,T4b,5894.099999999999
91674,T4a,5894.099999999999
90520,T4a,5894.099999999999
34867,Mi1,5894.099999999999
62894,Tm3,5894.099999999999
42594,Mi1,5894.099999999999
76733,Tm3,5894.099999999999
35602,Mi1,5894.200000000001
36158,Mi1,5894.200000000001
62078,Mi1,5894.200000000001
69889,T2a,5894.200000000001
71475,Tm3,5894.200000000001
106840,T4b,5894.200000000001
110988,T4a,5894.200000000001
10023,HSS,5894.200000000001
35845,Mi1,5894.3
96090,T4c,5894.3
133040,Tm3,5894.4
111416,Tm3,5894.4
98381,T4d,5894.4
52485,TmY3,5894.4
10012,VS,5894.5
34479,Mi1,5894.5
35260,Mi1,5894.5
73096,T2a,5894.5
74373,Tm3,5894.5
90952,T4c,5894.5
97288,T4c,5894.5
38238,Mi1,5894.6
107529,T4d,5894.6
104412,T4a,5894.6
97161,T4a,5894.6
10015,HSN,5894.6
52328,TmY3,5894.6
15263,Li28,5894.6
108325,T4c,5894.6
83583,T4d,5894.6
84008,T4c,5894.7
45322,Mi1,5894.7
112775,T4d,5894.7
73284,T2a,5894.7
35045,Mi1,5894.7
66345,T2a,5894.7
38791,Mi1,5894.7
72586,Tm3,5894.7
111949,T4c,5894.8
20634,VST1,5894.8
36990,Mi1,5894.8
38479,Mi1,5894.8
39438,Mi1,5894.8
39505,Mi1,5894.8
40635,Mi1,5894.8
93025,T4b,5894.8
94743,T4d,5894.8
99670,T4c,5894.8
68167,Tm3,5894.900000000001
63673,Tm3,5894.900000000001
91913,T4b,5894.900000000001
91057,T4c,5894.900000000001
58862,Mi1,5894.900000000001
100046,T4b,5894.900000000001
42856,Mi1,5894.900000000001
40235,Mi1,5894.900000000001
35724,Mi1,5894.900000000001
35152,Mi1,5894.900000000001
16545,Li28,5894.900000000001
47686,TmY3,5894.900000000001
91510,T4c,5895.0
108161,T4a,5895.0
35734,Mi1,5895.0
104450,T4a,5895.1
103344,T4b,5895.1
60856,T2a,5895.1
35235,Mi1,5895.1
37555,Mi1,5895.1
34849,Mi1,5895.1
41950,Mi1,5895.1
542412,Mi1,5895.2
88698,T4a,5895.2
85778,T4b,5895.2
59397,Mi1,5895.2
102910,T4b,5895.2
14209,Li28,5895.2
10687,OA-AL2i3,5895.2
10112,VS,5895.2
10037,VS,5895.2
56564,Mi1,5895.2
33110,Mi1,5895.3
59008,Mi1,5895.3
81733,Tm3,5895.3
90796,T4d,5895.3
94948,T4c,5895.3
100282,T4a,5895.3
110989,T4b,5895.3
94624,T4a,5895.400000000001
111380,Tm3,5895.400000000001
93947,T4a,5895.400000000001
77383,T2a,5895.400000000001
64149,Mi1,5895.400000000001
10016,HSE,5895.400000000001
91741,T4d,5895.400000000001
108948,T4b,5895.5
105895,T4a,5895.5
95736,T4c,5895.5
104368,T4c,5895.5
83979,T4a,5895.5
34463,Mi1,5895.5
33017,Mi1,5895.5
92281,T4c,5895.5
106401,T4d,5895.599999999999
31848,Mi1,5895.599999999999
34057,Mi1,5895.599999999999
63175,Mi1,5895.599999999999
70812,TmY3,5895.599999999999
105521,T4c,5895.599999999999
109276,T4d,5895.599999999999
102045,T4a,5895.700000000001
104008,T4b,5895.700000000001
96163,T4b,5895.700000000001
85074,T4a,5895.700000000001
63190,T2,5895.700000000001
41545,Mi1,5895.700000000001
36252,Mi1,5895.700000000001
37391,Mi1,5895.8
87412,T4c,5895.8
93935,T4a,5895.8
104858,T4b,5895.8
111017,T4d,5895.8
102031,T4c,5895.9
94287,T4d,5895.9
45319,Mi1,5895.9
41626,Mi1,5895.9
41296,Mi1,5895.9
37599,Mi1,5895.9
15019,Li28,5895.9
38767,Mi1,5896.0
66852,Mi1,5896.0
93482,T4d,5896.0
98325,T4d,5896.0
526158,Mi1,5896.0
82425,T4b,5896.1
74937,T2a,5896.1
70490,Mi1,5896.1
57398,Mi1,5896.1
38455,Mi1,5896.1
35416,Mi1,5896.1
69793,T2a,5896.1
101215,T4c,5896.2
106821,T4b,5896.2
103271,T4c,5896.2
102112,T4c,5896.2
94468,T4c,5896.2
96295,T4b,5896.2
86778,T4a,5896.2
65513,T2a,5896.2
38230,Mi1,5896.2
37927,Mi1,5896.2
87390,T2a,5896.2
99348,T4c,5896.3
10269,OA-AL2i2,5896.3
56762,TmY3,5896.3
66808,Tm3,5896.3
93927,T4a,5896.3
97677,T4c,5896.4
102113,T4b,5896.5
98137,T4d,5896.5
40703,Mi1,5896.5
42758,Mi1,5896.5
35113,Mi1,5896.6
39525,Mi1,5896.6
40426,Mi1,5896.6
46324,TmY3,5896.6
98139,T4d,5896.6
106950,T4c,5896.6
70524,T2a,5896.7
67971,Tm3,5896.7
85866,T4b,5896.7
37631,Mi1,5896.7
37699,Mi1,5896.7
35888,Mi1,5896.8
37019,Mi1,5896.8
42895,Mi1,5896.8
43323,Mi1,5896.8
45696,Mi1,5896.8
86635,T4c,5896.8
107819,T4c,5896.8
111980,T4d,5896.8
99672,T4a,5896.900000000001
125288,Tm3,5896.900000000001
98398,T4c,5896.900000000001
81996,T2a,5896.900000000001
41435,Mi1,5896.900000000001
97877,T4d,5896.900000000001
110076,T4c,5897.0
95239,T4a,5897.0
92839,T4b,5897.0
105126,T4c,5897.0
75135,T2a,5897.0
24867,VST1,5897.0
10025,H2,5897.0
91283,T4c,5897.0
97306,T4a,5897.099999999999
35001,Mi1,5897.099999999999
73301,Tm3,5897.099999999999
81836,T2a,5897.099999999999
88460,T2a,5897.099999999999
90121,T4b,5897.099999999999
100785,T4b,5897.200000000001
100274,T4a,5897.200000000001
111746,Tm3,5897.200000000001
83689,T4a,5897.200000000001
34300,Mi1,5897.200000000001
35218,Mi1,5897.200000000001
11134,VSm,5897.200000000001
68982,Tm3,5897.200000000001
34938,Mi1,5897.3
35770,Mi1,5897.3
54087,Mi1,5897.3
90423,T4b,5897.3
95235,T4d,5897.3
96676,T4b,5897.3
15909,Li28,5897.4
38768,Mi1,5897.4
63420,Mi1,5897.4
67810,Tm3,5897.4
93224,T4a,5897.4
95005,T4a,5897.4
12521,HST,5897.4
92644,T4d,5897.5
93527,T4a,5897.5
114088,T4d,5897.5
72279,Mi1,5897.5
56007,TmY3,5897.5
10284,VS,5897.5
90219,T4a,5897.5
88726,T4b,5897.6
48986,TmY3,5897.6
532850,Tm3,5897.6
38648,Mi1,5897.6
35447,Mi1,5897.6
48894,TmY3,5897.6
43689,Mi1,5897.7
44438,Mi1,5897.7
50345,TmY3,5897.7
92114,T4c,5897.7
102703,T4a,5897.7
108307,T4b,5897.7
81309,T2a,5897.8
101873,T4b,5897.8
79358,T2a,5897.8
131823,Tm3,5897.8
67113,Mi1,5897.8
66604,TmY3,5897.8
48514,TmY3,5897.8
74231,Tm3,5897.8
39743,Mi1,5897.9
112453,T4c,5897.9
34079,Mi1,5897.9
37123,Mi1,5897.9
10023,HSS,5898.0
10072,OA-AL2i1,5898.0
37353,Mi1,5898.0
38721,Mi1,5898.0
66980,T2a,5898.0
100206,T4c,5898.0
113568,T4d,5898.0
105545,T4d,5898.1
35173,Mi1,5898.1
104257,T4b,5898.1
10015,HSN,5898.2
38514,Mi1,5898.2
38687,Mi1,5898.2
71052,T2a,5898.2
78317,T4a,5898.2
45719,Mi1,5898.3
45005,TmY3,5898.3
98837,T4c,5898.3
41464,TmY3,5898.3
34626,Mi1,5898.3
41668,Mi1,5898.3
81883,T2a,5898.400000000001
93865,T4c,5898.400000000001
97171,T4d,5898.400000000001
99011,T4c,5898.400000000001
106793,T4d,5898.400000000001
80483,T4c,5898.5
546524,Mi1,5898.5
537004,VSm,5898.6
105718,T4b,5898.6
105313,T4a,5898.6
97675,T4c,5898.6
51231,TmY3,5898.6
54885,TmY3,5898.6
35683,Mi1,5898.6
10206,VS,5898.6
88167,T4b,5898.6
65298,T2a,5898.700000000001
76074,Tm3,5898.700000000001
91629,T4a,5898.700000000001
98300,T4a,5898.700000000001
98504,T4c,5898.700000000001
104027,T4d,5898.8
93021,T4a,5898.8
35897,Mi1,5898.8
82674,T4a,5898.8
89825,T4a,5898.8
10016,HSE,5898.900000000001
10755,H1,5898.900000000001
34142,Mi1,5898.900000000001
77395,T4b,5898.900000000001
108066,T4b,5899.0
72955,T2a,5899.0
67963,Tm3,5899.0
51122,Mi1,5899.0
41637,Mi1,5899.0
25893,VST1,5899.0
112321,T4d,5899.1
105332,T4b,5899.1
117551,Tm3,5899.1
94471,T4a,5899.1
93566,T4a,5899.1
96812,T4a,5899.1
90566,T4d,5899.1
72066,Tm3,5899.1
71089,Mi1,5899.1
38461,Mi1,5899.1
10037,VS,5899.1
90567,T4b,5899.1
16606,VST2,5899.200000000001
38477,Mi1,5899.200000000001
89368,T4c,5899.200000000001
525839,Mi1,5899.3
104297,T4a,5899.3
103765,T4d,5899.3
33907,Mi1,5899.3
44119,Mi1,5899.3
42872,Mi1,5899.4
44592,TmY3,5899.4
63021,Tm3,5899.4
64849,Tm3,5899.4
83438,T4a,5899.4
88625,T4c,5899.4
102688,T4b,5899.500000000001
111184,T4a,5899.500000000001
109291,T4d,5899.500000000001
88281,T4b,5899.500000000001
109857,T4d,5899.500000000001
38241,Mi1,5899.500000000001
37371,Mi1,5899.500000000001
36533,Mi1,5899.500000000001
10112,VS,5899.500000000001
69380,Tm3,5899.500000000001
90112,T4c,5899.6
88084,T4b,5899.6
56984,TmY3,5899.6
103867,T4a,5899.6
39651,Mi1,5899.6
23047,Li28,5899.6
46662,TmY3,5899.6
17596,Li28,5899.7
38748,Mi1,5899.7
38893,Mi1,5899.7
91682,T4b,5899.7
93877,T4c,5899.7
102229,T4d,5899.7
103022,T4a,5899.7
112613,T4d,5899.7
95554,T4b,5899.8
99131,T4c,5899.8
79259,T4b,5899.8
34272,Mi1,5899.8
11981,Li28,5899.8
73586,Tm3,5899.8
38421,Mi1,5899.900000000001
41399,Mi1,5899.900000000001
41522,Mi1,5899.900000000001
94282,T4c,5899.900000000001
107486,T4c,5899.900000000001
42691,Mi1,5900.0
101994,T4a,5900.0
94283,T4d,5900.0
91345,T4c,5900.0
35934,Mi1,5900.0
50333,TmY3,5900.0
107812,T4a,5900.0
35498,Mi1,5900.0
83009,T4b,5900.0
97256,T4c,5900.1
96365,T4a,5900.1
104703,T4d,5900.1
88095,T4d,5900.1
110604,T4a,5900.1
39275,Mi1,5900.1
35428,Mi1,5900.1
34171,Mi1,5900.1
67332,T2a,5900.1
59959,Mi1,5900.2
63994,Mi1,5900.2
91303,T4b,5900.2
102975,T4b,5900.3
83677,T4c,5900.3
63050,T2a,5900.3
38529,Mi1,5900.3
81706,T2a,5900.3
96835,T4b,5900.400000000001
103654,T4b,5900.400000000001
107170,T4b,5900.400000000001
97784,T4c,5900.400000000001
46230,TmY3,5900.400000000001
35774,Mi1,5900.400000000001
36954,Mi1,5900.400000000001
35840,Mi1,5900.400000000001
16033,Li28,5900.400000000001
42119,Mi1,5900.400000000001
97186,T4a,5900.5
93985,T4c,5900.5
84267,T4c,5900.5
78848,Tm3,5900.5
43978,Mi1,5900.5
42533,TmY3,5900.5
39858,Mi1,5900.5
37113,Mi1,5900.5
33326,Mi1,5900.5
43414,Mi1,5900.5
10025,H2,5900.599999999999
77527,T4a,5900.599999999999
101244,T4b,5900.599999999999
108349,T4d,5900.599999999999
118551,Tm3,5900.599999999999
128916,Tm3,5900.599999999999
94289,T4d,5900.700000000001
88575,T4b,5900.700000000001
85664,TmY3,5900.700000000001
44449,TmY3,5900.700000000001
69063,Mi1,5900.700000000001
10012,VS,5900.700000000001
83465,T4a,5900.700000000001
36139,Mi1,5900.8
42048,Mi1,5900.8
81401,T4b,5900.8
83042,T4b,5900.8
109336,T4b,5900.8
65742,Tm3,5900.9
55976,Mi1,5900.9
104884,T4b,5900.9
38993,Mi1,5900.9
48286,Mi1,5900.9
94668,T4d,5901.000000000001
41659,Mi1,5901.000000000001
120231,Tm3,5901.000000000001
113686,T4d,5901.000000000001
77480,Tm3,5901.000000000001
32893,Mi1,5901.000000000001
35712,Mi1,5901.000000000001
42675,Mi1,5901.000000000001
35290,Mi1,5901.000000000001
65009,T2,5901.1
68412,T2a,5901.1
71188,T2a,5901.1
107621,T4d,5901.1
126163,Tm3,5901.1
118924,Tm3,5901.2
103497,Tm3,5901.2
89434,T4c,5901.2
93750,T4c,5901.2
69441,Tm3,5901.2
49324,Mi1,5901.2
78940,T4a,5901.2
35890,Mi1,5901.3
99157,T4a,5901.3
109172,T4b,5901.400000000001
35512,Mi1,5901.400000000001
98393,T4a,5901.400000000001
106922,T4c,5901.400000000001
108870,T4a,5901.400000000001
103302,T4c,5901.5
100567,T4d,5901.5
16545,Li28,5901.5
90135,T4c,5901.5
113945,T4d,5901.6
110071,T4d,5901.6
106295,T4b,5901.6
96424,T4b,5901.6
108675,T4b,5901.6
65671,Mi1,5901.6
38632,Mi1,5901.6
10023,HSS,5901.6
10015,HSN,5901.6
93564,T4d,5901.6
100956,T4d,5901.7
72148,Tm3,5901.7
78421,T2a,5901.7
82500,T2a,5901.7
93972,T4a,5901.7
94179,T4a,5901.7
98668,T4a,5901.7
163245,T4d,5901.7
108697,T4d,5901.8
132339,Tm3,5901.8
99316,T4b,5901.8
88005,T4d,5901.8
69736,Tm3,5901.8
16596,Li28,5901.8
34933,Mi1,5901.900000000001
38987,Mi1,5901.900000000001
46827,Mi1,5901.900000000001
78968,Tm3,5901.900000000001
81620,T2a,5901.900000000001
115390,T4d,5901.900000000001
101878,T4a,5902.0
62851,Tm3,5902.0
33216,Mi1,5902.0
52350,Mi1,5902.0
37270,Mi1,5902.099999999999
47962,TmY3,5902.099999999999
105698,T4c,5902.099999999999
85741,T4a,5902.200000000001
113107,T4a,5902.200000000001
81211,Tm3,5902.200000000001
97545,T4c,5902.200000000001
67150,T2a,5902.200000000001
60857,Mi1,5902.200000000001
47368,TmY3,5902.200000000001
80197,T4a,5902.200000000001
10016,HSE,5902.3
34369,Mi1,5902.3
35017,Mi1,5902.3
38227,Mi1,5902.3
56291,TmY3,5902.3
108065,T4c,5902.3
107715,T4a,5902.4
102791,T4c,5902.4
102564,T4a,5902.4
98448,T4b,5902.4
87424,T4d,5902.4
94482,T4d,5902.4
69540,TmY3,5902.4
40171,Mi1,5902.4
97878,T4b,5902.4
70289,Mi1,5902.5
79875,T4c,5902.5
92552,T4a,5902.5
103527,T4c,5902.5
127170,Tm3,5902.6
69980,Tm3,5902.6
104972,T4a,5902.6
57239,Mi1,5902.6
39067,Mi1,5902.6
62272,T2,5902.6
10037,VS,5902.7
100032,T4c,5902.7
98890,T4c,5902.7
96852,T4a,5902.7
90097,T4c,5902.7
116343,T4a,5902.7
72938,T2a,5902.7
71765,T2a,5902.7
36646,Mi1,5902.7
34189,Mi1,5902.7
86630,Tm3,5902.7
15909,Li28,5902.8
31492,Mi1,5902.8
36346,Mi1,5902.8
41804,Mi1,5902.8
66325,Tm3,5902.8
102147,T4c,5902.8
102425,T4b,5902.8
117662,T4d,5902.8
127153,Tm3,5902.900000000001
99387,T4a,5902.900000000001
88398,T4a,5902.900000000001
85126,T4a,5902.900000000001
36660,Mi1,5902.900000000001
10206,VS,5903.0
91444,T4c,5903.0
90394,T4a,5903.0
88435,Tm3,5903.0
102991,T4c,5903.0
48531,Mi1,5903.0
34296,Mi1,5903.0
33446,Mi1,5903.0
75557,Tm3,5903.0
92047,T4c,5903.0
36540,Mi1,5903.1
63468,Mi1,5903.1
76567,T2a,5903.1
81995,Tm3,5903.1
101230,T4a,5903.1
104622,T4b,5903.1
105412,T4a,5903.1
113171,T4b,5903.2
106819,T4b,5903.2
95287,T4a,5903.2
82576,T4b,5903.2
76788,T4b,5903.2
92684,T4c,5903.2
35405,Mi1,5903.3
95972,T4d,5903.3
98654,T4d,5903.3
40599,TmY3,5903.400000000001
101589,T4a,5903.400000000001
103677,T4b,5903.5
103579,T4c,5903.5
101620,T4b,5903.5
78025,T2a,5903.5
39629,Mi1,5903.599999999999
75590,T2a,5903.599999999999
109631,T4b,5903.599999999999
539983,T4c,5903.599999999999
114338,T4c,5903.700000000001
98312,T4a,5903.700000000001
95335,T4a,5903.700000000001
92431,T4a,5903.700000000001
100033,T4c,5903.700000000001
72005,Tm3,5903.700000000001
37224,Mi1,5903.700000000001
19292,Li28,5903.700000000001
88992,T4c,5903.700000000001
85009,Tm3,5903.8
84123,T2a,5903.8
39716,Mi1,5903.8
39158,Mi1,5903.8
107031,T4b,5903.8
35580,Mi1,5903.8
34899,Mi1,5903.8
32535,Mi1,5903.8
10112,VS,5903.8
36881,Mi1,5903.8
106745,T4b,5903.9
105403,T4c,5903.9
100855,T4a,5903.9
99310,T4a,5903.9
95810,T2a,5903.9
53065,Mi1,5903.9
72501,Mi1,5903.9
41613,Mi1,5903.9
39727,Mi1,5903.9
37084,Mi1,5903.9
112969,T4c,5903.9
88933,T4a,5903.9
111613,T4d,5904.0
99671,T4c,5904.0
93509,T4b,5904.0
10755,H1,5904.1
36446,Mi1,5904.1
37509,Mi1,5904.1
71944,T2a,5904.1
82313,T4a,5904.1
86416,T4a,5904.1
95926,T4a,5904.1
101685,T4b,5904.1
118385,T4b,5904.1
171349687,Tm3,5904.1
109326,T4c,5904.2
105565,Tm3,5904.2
104336,T4b,5904.2
101732,T4c,5904.2
68842,TmY3,5904.2
104130,T4a,5904.2
51848,TmY3,5904.2
41136,Mi1,5904.2
37138,Mi1,5904.2
36684,Mi1,5904.2
10311,VS,5904.2
62757,T2a,5904.2
110454,T4d,5904.3
40505,Mi1,5904.3
36305,Mi1,5904.3
94081,T4c,5904.3
11134,VSm,5904.3
10025,H2,5904.3
36217,Mi1,5904.3
33091,Mi1,5904.4
40596,Mi1,5904.4
41671,TmY3,5904.4
79449,T4b,5904.4
93984,T4b,5904.4
104683,T4b,5904.4
115111,T4a,5904.5
58196,TmY3,5904.5
101228,T4a,5904.5
90430,T2a,5904.6
107445,T4a,5904.6
40936,Mi1,5904.6
61659,Tm3,5904.6
35234,Mi1,5904.7
44564,TmY3,5904.7
67308,Mi1,5904.7
95822,T4b,5904.7
96657,T4c,5904.7
107420,T4b,5904.7
105574,T4d,5904.8
89020,T4a,5904.8
36177,Mi1,5904.8
37000,Mi1,5904.8
64897,T2,5904.8
102540,T4b,5904.900000000001
117627,Tm3,5904.900000000001
537004,VSm,5904.900000000001
104414,T4d,5904.900000000001
96211,T4d,5904.900000000001
105122,T4b,5904.900000000001
47211,Mi1,5904.900000000001
40400,Mi1,5904.900000000001
38708,Mi1,5904.900000000001
36994,Mi1,5904.900000000001
10015,HSN,5904.900000000001
86141,T4b,5904.900000000001
10023,HSS,5905.0
41120,Mi1,5905.0
47967,Mi1,5905.0
48060,Mi1,5905.0
57164,TmY3,5905.0
98985,T4c,5905.0
98194,T4d,5905.099999999999
37948,Mi1,5905.099999999999
36911,Mi1,5905.099999999999
37529,Mi1,5905.099999999999
37839,Mi1,5905.099999999999
39405,Mi1,5905.200000000001
39692,TmY3,5905.200000000001
87358,T4a,5905.200000000001
95677,T4c,5905.3
101245,T4a,5905.3
100018,T4a,5905.3
98911,T4b,5905.3
95883,T4a,5905.3
90900,T4a,5905.3
119501,T4d,5905.3
40944,Mi1,5905.3
33614,Mi1,5905.3
37294,Mi1,5905.3
53075,TmY3,5905.3
40219,Mi1,5905.3
37677,Mi1,5905.3
108824,T4d,5905.4
97193,T4a,5905.4
84063,T4b,5905.4
115686,T4b,5905.4
40411,Mi1,5905.4
35100,Mi1,5905.4
70177,T2,5905.4
10016,HSE,5905.5
17280,Li28,5905.5
30997,Mi1,5905.5
33655,Mi1,5905.5
44746,TmY3,5905.5
46745,Mi1,5905.5
91222,T4d,5905.6
98360,T4c,5905.6
47240,TmY3,5905.6
93604,T4a,5905.6
80437,Tm3,5905.6
36275,Mi1,5905.6
35806,Mi1,5905.6
36410,Mi1,5905.6
46784,Mi1,5905.7
48283,TmY3,5905.7
48547,TmY3,5905.7
72426,Tm3,5905.7
98751,T4a,5905.7
101463,T4d,5905.7
107297,T4c,5905.7
103160,T4a,5905.8
89142,T4b,5905.8
46248,Mi1,5905.8
36369,Mi1,5905.8
33394,Mi1,5905.8
43783,Mi1,5905.8
10284,VS,5905.9
37853,Mi1,5905.9
69164,Mi1,5905.9
94089,T4d,5905.9
99628,T4b,5905.9
102845,T4b,5905.9
113207,T4d,5906.000000000001
92082,T4b,5906.000000000001
84010,Tm3,5906.000000000001
40085,Mi1,5906.000000000001
34862,Mi1,5906.000000000001
66227,Tm3,5906.000000000001
10012,VS,5906.1
39164,Mi1,5906.1
112594,T4b,5906.1
34658,Mi1,5906.2
97680,Tm3,5906.2
103425,T4a,5906.2
102741,T4c,5906.3
55101,Mi1,5906.3
79138,T2a,5906.3
37243,Mi1,5906.3
10037,VS,5906.3
40832,Mi1,5906.3
16033,Li28,5906.400000000001
34404,Mi1,5906.400000000001
38857,Mi1,5906.400000000001
40795,Mi1,5906.400000000001
44222,Mi1,5906.400000000001
80302,T2a,5906.400000000001
95364,T4d,5906.400000000001
112619,T4d,5906.400000000001
117652,T4d,5906.400000000001
98039,T4d,5906.5
102153,T4c,5906.5
93688,T4a,5906.5
34356,Mi1,5906.5
41809,Mi1,5906.5
41709,Mi1,5906.5
80284,Tm3,5906.5
93360,T4b,5906.6
78856,Tm3,5906.6
39894,T4b,5906.6
103725,T4a,5906.6
37088,Mi1,5906.6
37037,Mi1,5906.6
35836,Mi1,5906.6
39500,Mi1,5906.6
39718,Mi1,5906.7
40256,Mi1,5906.7
57871,T2,5906.7
96134,T4b,5906.7
110646,T4b,5906.7
111010,T4c,5906.8
20264,Li28,5906.8
37680,Mi1,5906.8
96394,T4b,5906.8
99292,T4a,5906.8
99850,T4a,5906.900000000001
36452,Mi1,5906.900000000001
38208,Mi1,5907.0
49788,TmY3,5907.0
67464,Mi1,5907.0
74860,Tm3,5907.0
77791,T2a,5907.0
100319,T4b,5907.0
97835,T4a,5907.1
90465,T4a,5907.1
84631,T4c,5907.1
65833,Mi1,5907.1
81015,T4a,5907.1
37756,Mi1,5907.1
34045,Mi1,5907.1
11981,Li28,5907.1
41536,Mi1,5907.1
35602,Mi1,5907.200000000001
93941,T4b,5907.200000000001
100787,T4b,5907.200000000001
125171,Tm3,5907.200000000001
92939,T4b,5907.3
110403,T4b,5907.3
98467,T4d,5907.3
43965,Mi1,5907.3
37044,Mi1,5907.3
38710,Mi1,5907.3
33766,Mi1,5907.3
38772,Mi1,5907.3
105292,T4b,5907.4
104191,T4a,5907.4
73828,Tm3,5907.4
97145,T4c,5907.4
62078,Mi1,5907.4
33942,Mi1,5907.4
16570,VST2,5907.4
69915,TmY3,5907.4
90049,T4c,5907.500000000001
116259,T4b,5907.500000000001
102462,T4c,5907.500000000001
94983,T4c,5907.500000000001
94058,T4b,5907.500000000001
80582,T4a,5907.500000000001
91366,T4b,5907.500000000001
44700,Mi1,5907.500000000001
40026,TmY3,5907.500000000001
38791,Mi1,5907.500000000001
37568,Mi1,5907.500000000001
35845,Mi1,5907.500000000001
10112,VS,5907.500000000001
60337,TmY3,5907.500000000001
107609,T4d,5907.6
106844,T4d,5907.6
64341,TmY3,5907.6
42594,Mi1,5907.6
40106,Mi1,5907.6
38178,Mi1,5907.6
38133,Mi1,5907.6
12521,HST,5907.6
41654,Mi1,5907.6
122308,Tm3,5907.7
121245,Tm3,5907.7
101005,T4d,5907.7
96576,T4c,5907.7
86907,T4a,5907.7
85429,T4d,5907.7
85924,T4a,5907.7
74023,T2a,5907.7
68264,Tm3,5907.7
37438,Mi1,5907.7
10206,VS,5907.7
10025,H2,5907.7
74725,T2a,5907.7
106166,T4b,5907.8
102579,T4b,5907.8
90259,T4d,5907.8
81378,T4b,5907.8
89282,T4a,5907.8
46993,T2a,5907.8
44527,Mi1,5907.8
20634,VST1,5907.8
58224,Mi1,5907.8
40577,Mi1,5907.900000000001
45349,Mi1,5907.900000000001
88922,T4c,5907.900000000001
90740,Tm3,5908.0
122233,Tm3,5908.0
100996,T4b,5908.0
98175,T4c,5908.0
91987,T4c,5908.0
88491,T4a,5908.0
97105,T4d,5908.0
45176,Mi1,5908.0
37391,Mi1,5908.0
34479,Mi1,5908.0
70800,Tm3,5908.0
33918,Mi1,5908.0
15263,Li28,5908.0
10015,HSN,5908.0
76038,Tm3,5908.1
98575,T4a,5908.1
101742,T4c,5908.1
82145,T2a,5908.2
100856,T4a,5908.2
103440,T4d,5908.2
108625,T4b,5908.2
101770,T4b,5908.3
96830,T4b,5908.3
58862,Mi1,5908.3
59008,Mi1,5908.3
91914,T4a,5908.3
34849,Mi1,5908.400000000001
37108,Mi1,5908.400000000001
69546,Tm3,5908.400000000001
95453,T4a,5908.400000000001
100105,T4a,5908.400000000001
90145,T4a,5908.5
113991,T4d,5908.5
100729,T4b,5908.5
97249,T4d,5908.5
91806,T4a,5908.5
73767,Mi1,5908.5
33017,Mi1,5908.5
38479,Mi1,5908.5
33110,Mi1,5908.5
20808,LC4,5908.5
10023,HSS,5908.5
47696,TmY3,5908.5
116451,T4c,5908.599999999999
107719,T4b,5908.599999999999
101043,T4c,5908.599999999999
98409,T4c,5908.599999999999
88152,T4c,5908.599999999999
78911,Tm3,5908.599999999999
71674,T2a,5908.599999999999
44282,Mi1,5908.599999999999
41950,Mi1,5908.599999999999
33462,Mi1,5908.599999999999
16545,Li28,5908.599999999999
51049,Mi1,5908.599999999999
75848,T2a,5908.700000000001
104018,T4c,5908.700000000001
101383,T4b,5908.700000000001
101072,T4b,5908.700000000001
72665,Mi1,5908.700000000001
15909,Li28,5908.700000000001
45322,Mi1,5908.700000000001
39438,Mi1,5908.700000000001
69228,T2a,5908.700000000001
40854,Mi1,5908.700000000001
110968,T4b,5908.8
40703,Mi1,5908.8
38238,Mi1,5908.8
62560,T2,5908.8
35235,Mi1,5908.8
34057,Mi1,5908.8
10016,HSE,5908.8
36158,Mi1,5908.8
34606,Mi1,5908.9
37019,Mi1,5908.9
49930,TmY3,5908.9
34867,Mi1,5909.000000000001
75227,T2a,5909.000000000001
95007,T4a,5909.000000000001
112369,T4d,5909.000000000001
58945,Tm3,5909.1
94574,T4c,5909.1
35734,Mi1,5909.1
34463,Mi1,5909.1
35152,Mi1,5909.1
542412,Mi1,5909.2
100165,T4b,5909.2
91469,T4c,5909.2
89099,T4a,5909.2
113852,T4b,5909.2
41545,Mi1,5909.2
37631,Mi1,5909.2
36252,Mi1,5909.2
35416,Mi1,5909.2
67408,Mi1,5909.2
35045,Mi1,5909.3
40635,Mi1,5909.3
57398,Mi1,5909.3
74303,Mi1,5909.3
87896,T4a,5909.3
102786,Tm3,5909.3
106338,T4a,5909.3
106886,T4c,5909.400000000001
112744,T4d,5909.400000000001
41626,Mi1,5909.400000000001
31848,Mi1,5909.400000000001
35260,Mi1,5909.400000000001
10755,H1,5909.400000000001
64149,Mi1,5909.5
83125,T4b,5909.5
100190,T4c,5909.5
92957,T4d,5909.6
84490,T4a,5909.6
59397,Mi1,5909.6
93957,T4b,5909.6
42758,Mi1,5909.6
41296,Mi1,5909.6
37555,Mi1,5909.6
42856,Mi1,5909.6
69961,Tm3,5909.7
72896,Tm3,5909.7
83639,T2a,5909.7
91505,T4c,5909.7
92251,T4b,5909.7
99519,T4a,5909.7
100087,T4b,5909.7
102572,T4c,5909.7
104256,T4a,5909.7
120312,Tm3,5909.8
131034,Tm3,5909.8
107105,T4d,5909.8
34300,Mi1,5909.8
63175,Mi1,5909.8
45319,Mi1,5909.8
94224,T4b,5909.8
526158,Mi1,5909.900000000001
132834,Tm3,5909.900000000001
101033,T4d,5909.900000000001
98625,T4a,5909.900000000001
98788,T4d,5909.900000000001
56564,Mi1,5909.900000000001
40235,Mi1,5909.900000000001
38230,Mi1,5909.900000000001
37699,Mi1,5909.900000000001
83379,Tm3,5909.900000000001
10037,VS,5910.0
75550,Tm3,5910.0
82099,T4b,5910.0
92706,T4a,5910.0
58553,TmY3,5910.099999999999
83583,T4d,5910.099999999999
38767,Mi1,5910.099999999999
35724,Mi1,5910.099999999999
35888,Mi1,5910.200000000001
37123,Mi1,5910.200000000001
41435,Mi1,5910.200000000001
66357,T2a,5910.200000000001
68933,Tm3,5910.200000000001
86686,T4c,5910.200000000001
96003,T4d,5910.200000000001
99837,T4a,5910.200000000001
100874,T4a,5910.200000000001
103025,T4a,5910.3
94549,T4b,5910.3
94356,T4c,5910.3
92682,T4a,5910.3
96307,T4a,5910.3
68212,T2a,5910.3
63868,T2a,5910.3
35770,Mi1,5910.3
14416,VST2,5910.3
77779,T2a,5910.3
38455,Mi1,5910.4
38768,Mi1,5910.4
39505,Mi1,5910.4
90657,T4a,5910.4
104853,T4c,5910.4
133349,Tm3,5910.5
68522,T2a,5910.5
14209,Li28,5910.5
47465,TmY3,5910.5
114391,T4d,5910.6
45948,TmY3,5910.6
62340,T2,5910.6
78597,T2a,5910.6
89290,T4d,5910.6
92254,T4b,5910.6
106701,T4d,5910.6
71583,Tm3,5910.7
78172,TmY3,5910.7
60979,TmY3,5910.7
98846,T4c,5910.7
121093,T4b,5910.8
98222,T4d,5910.8
72279,Mi1,5910.8
88815,T4d,5910.8
37927,Mi1,5910.8
11134,VSm,5910.8
42895,Mi1,5910.8
38514,Mi1,5910.900000000001
57349,Mi1,5910.900000000001
103148,T4a,5910.900000000001
87289,T4a,5911.0
537004,VSm,5911.0
116716,T4b,5911.0
94755,T4a,5911.0
85598,T4b,5911.0
36990,Mi1,5911.0
61622,T2,5911.0
35218,Mi1,5911.0
10025,H2,5911.0
75521,T2a,5911.0
85378,T4a,5911.1
83067,T4b,5911.1
70490,Mi1,5911.1
38721,Mi1,5911.1
15019,Li28,5911.1
65803,T2,5911.1
84663,T2a,5911.2
83365,T2a,5911.2
82549,T4b,5911.2
34938,Mi1,5911.2
10015,HSN,5911.2
38648,Mi1,5911.2
39525,Mi1,5911.3
63420,Mi1,5911.3
75172,T2a,5911.3
86175,T4a,5911.3
90371,T4d,5911.3
93419,T4b,5911.3
104905,T4c,5911.3
106535,T4d,5911.3
97480,T4c,5911.400000000001
121816,T4a,5911.400000000001
95017,T4c,5911.400000000001
98887,T4b,5911.400000000001
54087,Mi1,5911.400000000001
34079,Mi1,5911.400000000001
10112,VS,5911.400000000001
84328,T4a,5911.400000000001
116114,T4d,5911.5
103639,T4d,5911.5
90206,T4b,5911.5
78503,T2a,5911.5
79483,Tm3,5911.5
35897,Mi1,5911.5
89409,T4a,5911.5
88353,T4b,5911.599999999999
90474,T4b,5911.599999999999
97866,T4d,5911.599999999999
99137,T4c,5911.599999999999
102801,T4b,5911.599999999999
130861,Tm3,5911.599999999999
105214,T4c,5911.700000000001
100488,T4c,5911.700000000001
97885,T4a,5911.700000000001
92996,T4a,5911.700000000001
67131,Tm3,5911.700000000001
76621,T2a,5911.700000000001
35173,Mi1,5911.700000000001
77484,T4d,5911.700000000001
95356,T4a,5911.8
100867,T4b,5911.8
109593,Tm3,5911.8
99922,T4c,5911.8
89784,T4b,5911.8
35001,Mi1,5911.8
72190,Tm3,5911.8
42872,Mi1,5911.8
35447,Mi1,5911.8
10012,VS,5911.8
85007,T4c,5911.8
67719,T2a,5911.9
90888,T4b,5911.9
92054,T4b,5911.9
103195,T4a,5911.9
108276,T4a,5911.9
110910,Tm3,5911.9
533688,Tm3,5911.9
98417,T4d,5912.0
106801,T4c,5912.0
79314,T4b,5912.0
151155,T4b,5912.0
67113,Mi1,5912.0
63825,Tm3,5912.0
39743,Mi1,5912.0
78739,T4b,5912.0
76325,T2a,5912.1
40426,Mi1,5912.1
81215,Tm3,5912.1
96262,T4c,5912.1
37599,Mi1,5912.1
23047,Li28,5912.1
10016,HSE,5912.1
37371,Mi1,5912.1
10023,HSS,5912.1
43323,Mi1,5912.2
45696,Mi1,5912.2
49441,TmY3,5912.2
89934,T4d,5912.2
97872,T4d,5912.2
41668,Mi1,5912.3
88870,Tm3,5912.3
100673,T4b,5912.3
110693,Tm3,5912.4
100946,T4c,5912.4
98862,Tm3,5912.4
79704,T4d,5912.4
44119,Mi1,5912.4
91313,T4a,5912.4
32962,TmY3,5912.5
37353,Mi1,5912.5
38421,Mi1,5912.5
75484,Tm3,5912.5
94305,T4a,5912.6
118029,T4b,5912.6
91325,T4a,5912.6
45719,Mi1,5912.6
71089,Mi1,5912.6
87565,T4a,5912.6
43689,Mi1,5912.6
98099,T4b,5912.7
83204,T4d,5912.7
102519,T4a,5912.7
44438,Mi1,5912.7
10206,VS,5912.7
82699,Tm3,5912.7
34626,Mi1,5912.8
53156,TmY3,5912.8
78422,Tm3,5912.8
79646,Tm3,5912.8
91804,T4d,5912.8
97769,T4a,5912.8
109649,T4c,5912.8
106894,T4b,5912.900000000001
95532,T4a,5912.900000000001
98026,T4b,5912.900000000001
92273,T2a,5912.900000000001
83979,T4a,5912.900000000001
94071,T4a,5912.900000000001
68840,TmY3,5913.0
51122,Mi1,5913.0
10284,VS,5913.0
38241,Mi1,5913.0
38529,Mi1,5913.0
36533,Mi1,5913.099999999999
95681,T4a,5913.099999999999
100633,T4a,5913.099999999999
100897,T4c,5913.099999999999
102799,T4c,5913.099999999999
108847,T4d,5913.099999999999
119213,T4c,5913.200000000001
104017,T4b,5913.200000000001
101945,T4b,5913.200000000001
92281,T4c,5913.200000000001
86778,T4a,5913.200000000001
85938,T4a,5913.200000000001
103657,T4b,5913.200000000001
59864,Tm3,5913.200000000001
38993,Mi1,5913.200000000001
38748,Mi1,5913.200000000001
35113,Mi1,5913.200000000001
30923,TmY3,5913.200000000001
16033,Li28,5913.200000000001
79210,Tm3,5913.200000000001
91179,T4a,5913.3
78108,T2a,5913.3
71161,T2a,5913.3
87873,T4b,5913.3
42691,Mi1,5913.3
38687,Mi1,5913.3
69266,Tm3,5913.3
33907,Mi1,5913.4
35498,Mi1,5913.4
39275,Mi1,5913.4
64778,TmY3,5913.4
74287,Tm3,5913.4
87763,T4a,5913.4
106510,T4b,5913.4
66852,Mi1,5913.5
10037,VS,5913.5
34142,Mi1,5913.5
111928,T4b,5913.5
123490,Tm3,5913.6
119601,T4d,5913.6
110855,T4a,5913.6
86932,T4b,5913.6
80812,T4a,5913.6
64712,T2a,5913.6
102298,T4c,5913.700000000001
112458,T4b,5913.700000000001
11981,Li28,5913.8
38461,Mi1,5913.8
70642,T2a,5913.8
82656,T2a,5913.8
91057,T4c,5913.8
525839,Mi1,5913.8
113410,T4d,5913.9
93166,T4c,5913.9
90419,T4b,5913.9
44449,TmY3,5913.9
38893,Mi1,5913.9
41399,Mi1,5913.9
37733,TmY3,5913.9
43978,Mi1,5913.9
88698,T4a,5914.000000000001
105962,T4b,5914.000000000001
101480,T4c,5914.000000000001
96126,T4b,5914.000000000001
79297,T4a,5914.000000000001
76003,Tm3,5914.000000000001
75966,T2a,5914.000000000001
65468,T2,5914.000000000001
35774,Mi1,5914.000000000001
10755,H1,5914.000000000001
99950,T4c,5914.1
71938,T2a,5914.1
65106,T2,5914.1
94567,T4c,5914.1
42010,TmY3,5914.1
39651,Mi1,5914.1
10025,H2,5914.1
55976,Mi1,5914.1
43414,Mi1,5914.2
59959,Mi1,5914.2
80855,Tm3,5914.2
95458,T4d,5914.2
95629,T4c,5914.2
99731,T4c,5914.2
118232,T4d,5914.2
98118,T4c,5914.3
62912,T2,5914.3
37113,Mi1,5914.3
34272,Mi1,5914.3
42119,Mi1,5914.400000000001
46586,TmY3,5914.400000000001
49324,Mi1,5914.400000000001
60698,TmY3,5914.400000000001
95921,T4c,5914.400000000001
106952,T4b,5914.400000000001
129235,Tm3,5914.400000000001
89485,T4a,5914.5
63994,Mi1,5914.5
41522,Mi1,5914.5
35840,Mi1,5914.5
10015,HSN,5914.5
36139,Mi1,5914.5
35428,Mi1,5914.6
37270,Mi1,5914.6
48607,TmY3,5914.6
50633,TmY3,5914.6
58967,TmY3,5914.6
92055,T4c,5914.6
99663,T4c,5914.6
68982,Tm3,5914.7
85737,T2a,5914.7
66214,T2a,5914.7
35683,Mi1,5914.7
58527,TmY3,5914.7
65671,Mi1,5914.7
15909,Li28,5914.8
16545,Li28,5914.8
34171,Mi1,5914.8
69186,Tm3,5914.8
73320,T2,5914.8
74375,Tm3,5914.8
104858,T4b,5914.8
149504,T4d,5914.900000000001
107010,T4d,5914.900000000001
90423,T4b,5914.900000000001
89434,T4c,5914.900000000001
41659,Mi1,5914.900000000001
77594,T2a,5914.900000000001
43872,Mi1,5914.900000000001
84008,T4c,5914.900000000001
98398,T4c,5915.0
69063,Mi1,5915.0
109774,T4d,5915.0
33326,Mi1,5915.0
67971,Tm3,5915.0
102045,T4a,5915.1
87827,T2a,5915.1
70281,T2a,5915.1
36954,Mi1,5915.1
51963,TmY3,5915.1
65515,T2,5915.1
17596,Li28,5915.1
10016,HSE,5915.200000000001
35934,Mi1,5915.200000000001
41637,Mi1,5915.200000000001
99980,T4c,5915.200000000001
100981,T4d,5915.200000000001
103557,T4a,5915.200000000001
103867,T4a,5915.200000000001
106200,T4c,5915.3
94703,T4c,5915.3
92046,T4d,5915.3
91725,T4b,5915.3
64540,T2,5915.3
79271,T4a,5915.3
71773,T2a,5915.3
83438,T4a,5915.3
100501,T4b,5915.4
97853,T4c,5915.4
112545,T4d,5915.4
35777,Mi1,5915.4
10112,VS,5915.4
62562,T2,5915.4
42675,Mi1,5915.500000000001
65542,T2,5915.500000000001
67424,T2,5915.500000000001
68342,Tm3,5915.500000000001
78805,T2a,5915.500000000001
111685,T4d,5915.500000000001
109996,T4c,5915.6
39067,Mi1,5915.6
93142,T4a,5915.6
10023,HSS,5915.6
38477,Mi1,5915.6
32893,Mi1,5915.7
39595,Mi1,5915.7
48286,Mi1,5915.7
74159,Tm3,5915.7
90655,T4a,5915.7
97028,T4c,5915.7
103780,T4c,5915.7
85152,T4c,5915.8
102388,T4d,5915.8
85536,T4a,5915.8
70289,Mi1,5915.8
46827,Mi1,5915.8
35712,Mi1,5915.8
17280,Li28,5915.8
10269,OA-AL2i2,5915.8
43615,Mi1,5915.900000000001
96199,T4a,5915.900000000001
112179,T4b,5915.900000000001
111783,T4a,5916.0
105802,T4c,5916.0
89368,T4c,5916.0
109142,T4b,5916.0
57239,Mi1,5916.0
42048,Mi1,5916.0
34369,Mi1,5916.0
88746,Tm3,5916.0
12521,HST,5916.1
33216,Mi1,5916.1
34933,Mi1,5916.1
43485,Mi1,5916.1
48894,TmY3,5916.1
52350,Mi1,5916.1
546524,Mi1,5916.1
87722,T2a,5916.2
97326,T4c,5916.2
97184,T4d,5916.2
48073,TmY3,5916.2
35017,Mi1,5916.2
39692,TmY3,5916.2
33446,Mi1,5916.2
42533,TmY3,5916.2
34296,Mi1,5916.3
48531,Mi1,5916.3
53065,Mi1,5916.3
107075,T4d,5916.3
110742,T4c,5916.3
117221,T4c,5916.400000000001
105521,T4c,5916.400000000001
104257,T4b,5916.400000000001
36646,Mi1,5916.400000000001
77307,Tm3,5916.400000000001
35890,Mi1,5916.400000000001
80670,T4a,5916.400000000001
93750,T4c,5916.5
108344,T4d,5916.5
96774,T4c,5916.5
120016,Tm3,5916.5
75343,Tm3,5916.5
67614,Mi1,5916.5
16596,Li28,5916.5
92842,T4a,5916.5
38227,Mi1,5916.5
38632,Mi1,5916.599999999999
77846,Tm3,5916.599999999999
82855,Tm3,5916.599999999999
86416,T4a,5916.599999999999
101772,Tm3,5916.599999999999
115636,T4d,5916.700000000001
96931,T4b,5916.700000000001
96728,T4c,5916.700000000001
86419,Tm3,5916.700000000001
85229,T4c,5916.700000000001
75381,Tm3,5916.700000000001
68562,T2a,5916.700000000001
39858,Mi1,5916.700000000001
35512,Mi1,5916.700000000001
10037,VS,5916.700000000001
77527,T4a,5916.700000000001
36540,Mi1,5916.8
96260,T4d,5916.8
104478,T4d,5916.8
102975,T4b,5916.9
94468,T4c,5916.9
39688,Mi1,5916.9
48514,TmY3,5917.000000000001
61292,T2,5917.000000000001
100924,T4b,5917.000000000001
106922,T4c,5917.000000000001
35405,Mi1,5917.1
102370,T4c,5917.1
103570,T4d,5917.1
108438,T4d,5917.1
35290,Mi1,5917.2
90278,T4a,5917.2
90219,T4a,5917.2
80906,T4c,5917.2
10025,H2,5917.2
38987,Mi1,5917.2
37224,Mi1,5917.2
97675,T4c,5917.2
71228,T2a,5917.2
111184,T4a,5917.2
100261,T4c,5917.3
100282,T4a,5917.3
40171,Mi1,5917.3
37000,Mi1,5917.3
10012,VS,5917.400000000001
31492,Mi1,5917.400000000001
40596,Mi1,5917.400000000001
41804,Mi1,5917.400000000001
77344,Tm3,5917.400000000001
97677,T4c,5917.400000000001
103022,T4a,5917.400000000001
104144,T2,5917.400000000001
107529,T4d,5917.5
106522,T4d,5917.5
97306,T4a,5917.5
68475,T2a,5917.5
74927,Tm3,5917.5
60857,Mi1,5917.5
80282,T4d,5917.5
77395,T4b,5917.6
547091,T2,5917.6
104354,T4b,5917.6
89139,T4c,5917.6
79259,T4b,5917.6
75027,Tm3,5917.6
50345,TmY3,5917.6
37138,Mi1,5917.6
36446,Mi1,5917.6
32535,Mi1,5917.6
71475,Tm3,5917.6
86536,Tm3,5917.7
36660,Mi1,5917.7
37948,Mi1,5917.7
39158,Mi1,5917.7
40936,Mi1,5917.7
87106,T4a,5917.7
93025,T4b,5917.7
94624,T4a,5917.7
95454,T4a,5917.7
98381,T4d,5917.7
100785,T4b,5917.7
95242,T4d,5917.8
95985,T4c,5917.8
62856,T2,5917.8
99609,T4a,5917.8
97899,T4a,5917.8
104123,T4b,5917.8
45162,TmY3,5917.8
36346,Mi1,5917.8
10015,HSN,5917.8
37509,Mi1,5917.8
34189,Mi1,5917.8
24867,VST1,5917.8
11134,VSm,5917.900000000001
36217,Mi1,5917.900000000001
36695,Mi1,5917.900000000001
94743,T4d,5917.900000000001
96784,T4b,5917.900000000001
107211,T4d,5917.900000000001
537004,VSm,5918.0
82038,Tm3,5918.0
72558,T2a,5918.0
41613,Mi1,5918.0
39629,Mi1,5918.0
19292,Li28,5918.0
36305,Mi1,5918.099999999999
37390,Mi1,5918.099999999999
60886,T2a,5918.099999999999
66345,T2a,5918.099999999999
69597,Tm3,5918.099999999999
530434,Tm3,5918.099999999999
84267,T4c,5918.200000000001
78561,Tm3,5918.200000000001
47967,Mi1,5918.200000000001
42006,TmY3,5918.200000000001
64260,T2,5918.200000000001
10016,HSE,5918.3
87845,T4a,5918.3
90533,T4c,5918.3
108119,T4c,5918.3
122273,Tm3,5918.3
96219,T4b,5918.4
105242,T4c,5918.4
97256,T4c,5918.4
35806,Mi1,5918.4
10206,VS,5918.4
63468,Mi1,5918.4
97288,T4c,5918.5
34899,Mi1,5918.5
37084,Mi1,5918.5
47211,Mi1,5918.5
109536,T4d,5918.5
96090,T4c,5918.6
115422,T4c,5918.6
48060,Mi1,5918.6
10755,H1,5918.6
35580,Mi1,5918.6
33655,Mi1,5918.6
44592,TmY3,5918.6
36684,Mi1,5918.7
66808,Tm3,5918.7
90027,T4c,5918.7
92114,T4c,5918.7
97186,T4a,5918.7
101302,T4d,5918.7
105115,T4d,5918.7
33091,Mi1,5918.8
39727,Mi1,5918.8
65531,T2a,5918.8
80913,T4a,5918.8
83677,T4c,5918.900000000001
78470,Tm3,5918.900000000001
107640,T4c,5918.900000000001
34356,Mi1,5918.900000000001
15422,VST2,5918.900000000001
69164,Mi1,5918.900000000001
43063,Mi1,5919.0
36911,Mi1,5919.0
36410,Mi1,5919.0
99670,T4c,5919.0
34862,Mi1,5919.0
33942,Mi1,5919.0
10023,HSS,5919.0
35234,Mi1,5919.0
35100,Mi1,5919.1
46248,Mi1,5919.1
82299,T4c,5919.1
83191,T4a,5919.1
85778,T4b,5919.1
109598,T4b,5919.1
91345,T4c,5919.2
102448,T4d,5919.2
101215,T4c,5919.2
96676,T4b,5919.2
41136,Mi1,5919.2
103479,T4c,5919.2
40219,Mi1,5919.2
39716,Mi1,5919.2
36994,Mi1,5919.2
36881,Mi1,5919.2
40400,Mi1,5919.2
97231,T4a,5919.3
46745,Mi1,5919.3
39405,Mi1,5919.3
40944,Mi1,5919.3
10112,VS,5919.400000000001
30997,Mi1,5919.400000000001
73122,T2a,5919.400000000001
99074,T4b,5919.400000000001
102425,T4b,5919.400000000001
102910,T4b,5919.400000000001
94368,T4a,5919.5
74044,Tm3,5919.5
67152,Tm3,5919.5
16033,Li28,5919.5
10284,VS,5919.5
50333,TmY3,5919.5
36275,Mi1,5919.599999999999
44222,Mi1,5919.599999999999
100310,T4d,5919.599999999999
122290,Tm3,5919.599999999999
96812,T4a,5919.700000000001
111380,Tm3,5919.700000000001
104996,T4a,5919.700000000001
89252,T4b,5919.700000000001
81064,Tm3,5919.700000000001
55101,Mi1,5919.700000000001
41120,Mi1,5919.700000000001
39164,Mi1,5919.700000000001
36452,Mi1,5919.700000000001
37853,Mi1,5919.8
41809,Mi1,5919.8
72501,Mi1,5919.8
77916,T2a,5919.8
106912,Tm3,5919.8
104753,T4a,5919.9
86992,T4b,5919.9
67150,T2a,5919.9
10037,VS,5920.0
38708,Mi1,5920.0
40505,Mi1,5920.0
84063,T4b,5920.0
89728,Tm3,5920.0
102016,T4a,5920.0
115369,T4c,5920.1
100838,T4c,5920.1
40256,Mi1,5920.1
36177,Mi1,5920.1
37839,Mi1,5920.1
40085,Mi1,5920.1
37529,Mi1,5920.1
10025,H2,5920.2
15909,Li28,5920.2
33017,Mi1,5920.2
37677,Mi1,5920.2
41709,Mi1,5920.2
62569,T2,5920.2
117151,T4d,5920.2
38487,Mi1,5920.3
91283,T4c,5920.3
71164,Mi1,5920.3
67308,Mi1,5920.3
33614,Mi1,5920.3
38791,Mi1,5920.3
23606,Mi1,5920.3
40411,Mi1,5920.3
127615,Tm3,5920.4
78317,T4a,5920.4
94866,T4d,5920.4
112775,T4d,5920.4
108065,T4c,5920.5
73284,T2a,5920.5
34045,Mi1,5920.6
35845,Mi1,5920.6
82515,Tm3,5920.6
83689,T4a,5920.6
106401,T4d,5920.6
115511,T4d,5920.6
118502,T4b,5920.7
114088,T4d,5920.7
100206,T4c,5920.7
72655,Mi1,5920.7
62894,Tm3,5920.7
54885,TmY3,5920.7
38208,Mi1,5920.7
37294,Mi1,5920.7
37243,Mi1,5920.7
34404,Mi1,5920.7
24338,LC4,5920.7
38772,Mi1,5920.7
97878,T4b,5920.799999999999
110482,T4b,5920.799999999999
127970,Tm3,5920.799999999999
96365,T4a,5920.799999999999
43783,Mi1,5920.799999999999
38857,Mi1,5920.799999999999
11981,Li28,5920.799999999999
82674,T4a,5920.799999999999
94471,T4a,5920.900000000001
79345,T2a,5920.900000000001
105545,T4d,5920.900000000001
46784,Mi1,5920.900000000001
39438,Mi1,5920.900000000001
62078,Mi1,5920.900000000001
20808,LC4,5921.0
34479,Mi1,5921.0
37037,Mi1,5921.0
39500,Mi1,5921.0
67810,Tm3,5921.0
110987,Tm3,5921.0
72066,Tm3,5921.099999999999
117882,T4b,5921.099999999999
74411,Mi1,5921.099999999999
43965,Mi1,5921.099999999999
95005,T4a,5921.099999999999
39718,Mi1,5921.099999999999
37680,Mi1,5921.099999999999
37585,Mi1,5921.099999999999
40795,Mi1,5921.099999999999
37568,Mi1,5921.099999999999
102229,T4d,5921.200000000001
98448,T4b,5921.200000000001
98300,T4a,5921.200000000001
64633,T2a,5921.200000000001
52328,TmY3,5921.200000000001
35602,Mi1,5921.200000000001
27788,Mi1,5921.200000000001
10015,HSN,5921.200000000001
63489,T2,5921.200000000001
92047,T4c,5921.3
95239,T4a,5921.3
91303,T4b,5921.3
35836,Mi1,5921.3
61768,T2,5921.3
78940,T4a,5921.3
10016,HSE,5921.400000000001
37044,Mi1,5921.400000000001
51049,Mi1,5921.400000000001
65235,T2,5921.400000000001
102579,T4b,5921.400000000001
103645,T4c,5921.400000000001
99011,T4c,5921.5
101228,T4a,5921.5
93527,T4a,5921.5
36369,Mi1,5921.5
38178,Mi1,5921.5
10322,OA-AL2i2,5921.5
91913,T4b,5921.5
37756,Mi1,5921.6
40577,Mi1,5921.6
61353,T2,5921.6
67072,T2a,5921.6
110182,T4c,5921.6
107442,T4d,5921.700000000001
96295,T4b,5921.700000000001
93509,T4b,5921.700000000001
85856,TmY3,5921.700000000001
85074,T4a,5921.700000000001
67464,Mi1,5921.700000000001
41536,Mi1,5921.700000000001
42942,Mi1,5921.700000000001
37391,Mi1,5921.700000000001
34606,Mi1,5921.700000000001
16545,Li28,5921.700000000001
64977,T2,5921.700000000001
38710,Mi1,5921.700000000001
72955,T2a,5921.8
65833,Mi1,5921.8
34849,Mi1,5921.8
34329,Mi1,5921.8
21336,LC4,5921.9
35572,Mi1,5921.9
37438,Mi1,5921.9
40703,Mi1,5921.9
48986,TmY3,5921.9
79449,T4b,5921.9
80911,Tm3,5921.9
108876,T4c,5921.9
33394,Mi1,5922.000000000001
97161,T4a,5922.000000000001
90121,T4b,5922.000000000001
44527,Mi1,5922.000000000001
15263,Li28,5922.000000000001
37019,Mi1,5922.000000000001
33766,Mi1,5922.000000000001
110988,T4a,5922.000000000001
37088,Mi1,5922.000000000001
79083,Tm3,5922.1
64058,T2,5922.1
89825,T4a,5922.1
58224,Mi1,5922.1
20264,Li28,5922.1
41296,Mi1,5922.1
34658,Mi1,5922.1
57398,Mi1,5922.1
108757,T4c,5922.2
91629,T4a,5922.2
42758,Mi1,5922.2
44564,TmY3,5922.2
40958,Mi1,5922.2
36252,Mi1,5922.2
34057,Mi1,5922.2
42594,Mi1,5922.2
34463,Mi1,5922.3
74504,T2a,5922.3
92644,T4d,5922.3
98349,T4a,5922.3
93865,T4c,5922.400000000001
98137,T4d,5922.400000000001
74259,T2a,5922.400000000001
89110,Tm3,5922.400000000001
41654,Mi1,5922.400000000001
38596,Mi1,5922.400000000001
38479,Mi1,5922.400000000001
47686,TmY3,5922.400000000001
542412,Mi1,5922.5
111416,Tm3,5922.5
109326,T4c,5922.5
93360,T4b,5922.5
77138,Tm3,5922.5
76524,Tm3,5922.5
73767,Mi1,5922.5
71394,T2a,5922.5
63190,T2,5922.5
59008,Mi1,5922.5
41950,Mi1,5922.5
40854,Mi1,5922.5
36158,Mi1,5922.5
31848,Mi1,5922.5
66538,T2,5922.5
104412,T4a,5922.6
108325,T4c,5922.6
526158,Mi1,5922.6
95736,T4c,5922.6
107170,T4b,5922.6
40832,Mi1,5922.6
10023,HSS,5922.6
88726,T4b,5922.6
20634,VST1,5922.6
10012,VS,5922.7
35416,Mi1,5922.7
112241,T4b,5922.7
112393,T4a,5922.7
108870,T4a,5922.8
37631,Mi1,5922.8
38230,Mi1,5922.8
33462,Mi1,5922.8
35235,Mi1,5922.8
34867,Mi1,5922.900000000001
38238,Mi1,5922.900000000001
51191,TmY3,5922.900000000001
65636,T2,5922.900000000001
114080,T4a,5922.900000000001
114457,T4d,5922.900000000001
64849,Tm3,5923.0
102991,T4c,5923.0
74374,T2a,5923.0
112027,T4d,5923.0
58862,Mi1,5923.0
41545,Mi1,5923.0
38133,Mi1,5923.0
35734,Mi1,5923.0
44282,Mi1,5923.0
10112,VS,5923.1
76788,T4b,5923.1
96035,T4d,5923.1
98194,T4d,5923.1
104130,T4a,5923.1
107819,T4c,5923.200000000001
99748,T4b,5923.200000000001
95453,T4a,5923.200000000001
94283,T4d,5923.200000000001
91366,T4b,5923.200000000001
60856,T2a,5923.200000000001
81733,Tm3,5923.200000000001
47368,TmY3,5923.200000000001
45322,Mi1,5923.200000000001
89102,T4d,5923.200000000001
59397,Mi1,5923.3
88922,T4c,5923.3
80483,T4c,5923.3
45176,Mi1,5923.3
91469,T4c,5923.3
38768,Mi1,5923.3
10072,OA-AL2i1,5923.3
10037,VS,5923.3
10025,H2,5923.3
44700,Mi1,5923.3
67408,Mi1,5923.4
68167,Tm3,5923.4
100033,T4c,5923.4
10206,VS,5923.4
102741,T4c,5923.4
103425,T4a,5923.500000000001
33110,Mi1,5923.500000000001
37699,Mi1,5923.6
39505,Mi1,5923.6
56564,Mi1,5923.6
101081,T4c,5923.6
104931,T4c,5923.6
111823,T4c,5923.6
133040,Tm3,5923.6
104450,T4a,5923.7
42895,Mi1,5923.7
10755,H1,5923.7
40106,Mi1,5923.7
72665,Mi1,5923.8
111949,T4c,5923.8
105126,T4c,5923.8
81548,T2a,5923.8
72829,T2a,5923.8
71447,T4c,5923.8
108974,T4c,5923.8
38514,Mi1,5923.8
37108,Mi1,5923.8
35897,Mi1,5923.8
35724,Mi1,5923.8
35045,Mi1,5923.8
45319,Mi1,5923.8
34079,Mi1,5923.900000000001
34300,Mi1,5923.900000000001
62851,Tm3,5923.900000000001
66872,T2,5923.900000000001
105834,T4d,5924.0
74303,Mi1,5924.0
99348,T4c,5924.0
37123,Mi1,5924.0
35152,Mi1,5924.0
37555,Mi1,5924.0
40635,Mi1,5924.1
42856,Mi1,5924.1
50552,Mi1,5924.1
71765,T2a,5924.1
78477,T4a,5924.1
46662,TmY3,5924.2
62089,Tm3,5924.2
77991,Tm3,5924.2
97981,T4a,5924.3
116129,T4b,5924.3
111134,T4d,5924.3
100345,T4c,5924.3
92431,T4a,5924.3
76074,Tm3,5924.3
63175,Mi1,5924.3
42872,Mi1,5924.3
35260,Mi1,5924.3
91674,T4a,5924.3
93224,T4a,5924.400000000001
121170,Tm3,5924.400000000001
106190,T4d,5924.400000000001
80582,T4a,5924.400000000001
65513,T2a,5924.400000000001
59528,T2a,5924.400000000001
45349,Mi1,5924.400000000001
40026,TmY3,5924.400000000001
33918,Mi1,5924.400000000001
22194,LC4,5924.400000000001
97877,T4d,5924.5
94282,T4c,5924.5
73098,T2a,5924.5
100855,T4a,5924.5
41435,Mi1,5924.5
38767,Mi1,5924.5
41626,Mi1,5924.5
103073,T4a,5924.599999999999
93566,T4a,5924.599999999999
72796,Tm3,5924.599999999999
10016,HSE,5924.599999999999
64149,Mi1,5924.599999999999
38455,Mi1,5924.599999999999
72279,Mi1,5924.599999999999
103108,T4b,5924.700000000001
95235,T4d,5924.700000000001
93313,T4a,5924.700000000001
69425,T2a,5924.700000000001
64485,T2,5924.700000000001
44119,Mi1,5924.700000000001
38721,Mi1,5924.700000000001
10311,VS,5924.700000000001
10015,HSN,5924.700000000001
63673,Tm3,5924.700000000001
95554,T4b,5924.8
90520,T4a,5924.8
92684,T4c,5924.8
102295,T4d,5924.8
109857,T4d,5924.9
97145,T4c,5924.9
88491,T4a,5924.9
74731,T2a,5924.9
51231,TmY3,5924.9
87412,T4c,5924.9
92552,T4a,5925.000000000001
83042,T4b,5925.000000000001
40235,Mi1,5925.000000000001
39791,Mi1,5925.000000000001
74997,Tm3,5925.000000000001
35770,Mi1,5925.000000000001
34938,Mi1,5925.000000000001
16033,Li28,5925.000000000001
37353,Mi1,5925.000000000001
111746,Tm3,5925.1
70490,Mi1,5925.1
70812,TmY3,5925.1
71131,Tm3,5925.1
92939,T4b,5925.1
94668,T4d,5925.1
103827,T4c,5925.1
100726,T4d,5925.2
92911,T4c,5925.2
109868,Tm3,5925.2
99131,T4c,5925.2
15909,Li28,5925.2
14209,Li28,5925.2
95926,T4a,5925.2
35888,Mi1,5925.3
37371,Mi1,5925.3
73619,T2a,5925.3
90135,T4c,5925.3
99671,T4c,5925.3
100046,T4b,5925.3
12521,HST,5925.400000000001
23047,Li28,5925.400000000001
94147,T4a,5925.400000000001
103344,T4b,5925.400000000001
37927,Mi1,5925.5
104884,T4b,5925.5
35001,Mi1,5925.5
35173,Mi1,5925.5
108307,T4b,5925.6
105332,T4b,5925.6
171349687,Tm3,5925.6
95883,T4a,5925.6
91510,T4c,5925.6
69380,Tm3,5925.6
65298,T2a,5925.6
54087,Mi1,5925.6
38648,Mi1,5925.6
69889,T2a,5925.6
112594,T4b,5925.7
103765,T4d,5925.7
103527,T4c,5925.7
72132,Tm3,5925.7
70158,T2a,5925.7
49372,TmY3,5925.7
45696,Mi1,5925.7
10001,DNp01,5925.7
105565,Tm3,5925.8
102564,T4a,5925.8
92146,T4a,5925.8
88625,T4c,5925.8
105276,T4d,5925.8
38529,Mi1,5925.8
36990,Mi1,5925.8
35218,Mi1,5925.8
17280,Li28,5925.8
67113,Mi1,5925.8
537004,VSm,5925.900000000001
88039,T4c,5925.900000000001
83465,T4a,5925.900000000001
10284,VS,5925.900000000001
81372,Tm3,5925.900000000001
81015,T4a,5925.900000000001
82425,T4b,5925.900000000001
116633,T4c,5926.0
98393,T4a,5926.0
83009,T4b,5926.0
101441,T4a,5926.0
38421,Mi1,5926.0
36533,Mi1,5926.0
39275,Mi1,5926.0
100032,T4c,5926.099999999999
35447,Mi1,5926.099999999999
39525,Mi1,5926.099999999999
56984,TmY3,5926.099999999999
76061,T2a,5926.099999999999
99572,T4a,5926.099999999999
103870,T4a,5926.099999999999
73447,Tm3,5926.200000000001
39894,T4b,5926.200000000001
108066,T4b,5926.200000000001
108161,T4a,5926.3
117551,Tm3,5926.3
105313,T4a,5926.3
102791,T4c,5926.3
98654,T4d,5926.3
57871,T2,5926.3
41668,Mi1,5926.3
34626,Mi1,5926.3
10023,HSS,5926.4
64256,T2a,5926.4
91741,T4d,5926.4
93166,T4c,5926.4
93985,T4c,5926.4
96015,T4c,5926.4
101685,T4b,5926.4
109153,T4a,5926.4
128726,Tm3,5926.5
106295,T4b,5926.5
102031,T4c,5926.5
95928,T4c,5926.5
10025,H2,5926.5
71089,Mi1,5926.5
71052,T2a,5926.5
38241,Mi1,5926.5
93622,T4c,5926.5
94179,T4a,5926.6
107812,T4a,5926.6
105640,T4d,5926.6
94081,T4c,5926.6
15019,Li28,5926.6
86578,T4c,5926.6
69980,Tm3,5926.6
43323,Mi1,5926.6
92706,T4a,5926.6
103497,Tm3,5926.7
99423,T4d,5926.7
91682,T4b,5926.7
82313,T4a,5926.7
66739,Tm3,5926.7
39692,TmY3,5926.7
38993,Mi1,5926.7
10037,VS,5926.7
45005,TmY3,5926.7
16570,VST2,5926.8
88084,T4b,5926.8
92472,T4c,5926.8
104674,T4a,5926.900000000001
90097,T4c,5926.900000000001
105180,T4c,5926.900000000001
37599,Mi1,5926.900000000001
81486,T4b,5926.900000000001
107445,T4a,5927.0
102147,T4c,5927.0
93972,T4a,5927.0
94596,T4b,5927.0
94153,T4d,5927.0
81996,T2a,5927.0
43689,Mi1,5927.0
57349,Mi1,5927.0
44438,Mi1,5927.0
43978,Mi1,5927.0
38461,Mi1,5927.0
63420,Mi1,5927.0
10112,VS,5927.1
93947,T4a,5927.1
101589,T4a,5927.1
39743,Mi1,5927.2
71931,Tm3,5927.2
108199,T4c,5927.2
113107,T4a,5927.3
104621,T4c,5927.3
95822,T4b,5927.3
93877,T4c,5927.3
90112,T4c,5927.3
93935,T4a,5927.3
77906,T2a,5927.3
76733,Tm3,5927.3
51122,Mi1,5927.3
45719,Mi1,5927.3
35774,Mi1,5927.3
83438,T4a,5927.3
105412,T4a,5927.400000000001
103314,T4b,5927.400000000001
117039,T4c,5927.400000000001
94886,T4d,5927.400000000001
63021,Tm3,5927.400000000001
99975,T4c,5927.400000000001
38687,Mi1,5927.5
49324,Mi1,5927.5
64855,T2,5927.5
128396,T4d,5927.5
124490,Tm3,5927.599999999999
35113,Mi1,5927.599999999999
41637,Mi1,5927.599999999999
61370,T2,5927.599999999999
97835,T4a,5927.599999999999
98504,T4c,5927.599999999999
98325,T4d,5927.700000000001
72148,Tm3,5927.700000000001
94948,T4c,5927.700000000001
105718,T4b,5927.700000000001
92415,T4a,5927.700000000001
10016,HSE,5927.700000000001
77910,Tm3,5927.700000000001
33907,Mi1,5927.700000000001
91806,T4a,5927.700000000001
109645,T4b,5927.8
93688,T4a,5927.8
89409,T4a,5927.8
86635,T4c,5927.8
84328,T4a,5927.8
80197,T4a,5927.8
66852,Mi1,5927.8
39651,Mi1,5927.8
34272,Mi1,5927.8
11134,VSm,5927.8
10012,VS,5927.8
525839,Mi1,5927.9
85126,T4a,5927.9
55976,Mi1,5927.9
86141,T4b,5927.9
41399,Mi1,5927.9
37270,Mi1,5927.9
34369,Mi1,5927.9
52350,Mi1,5927.9
35498,Mi1,5928.0
36139,Mi1,5928.0
42691,Mi1,5928.0
47696,TmY3,5928.0
52485,TmY3,5928.0
59959,Mi1,5928.0
67728,T2,5928.0
112993,T4b,5928.1
106821,T4b,5928.1
101463,T4d,5928.1
90467,T4d,5928.1
16545,Li28,5928.1
44244,TmY3,5928.1
40426,Mi1,5928.1
71230,Tm3,5928.1
97171,T4d,5928.2
102975,T4b,5928.2
107334,T4a,5928.2
88095,T4d,5928.2
100319,T4b,5928.2
69063,Mi1,5928.2
50311,TmY3,5928.2
10206,VS,5928.2
85741,T4a,5928.2
92229,T4c,5928.3
75660,T2a,5928.3
95287,T4a,5928.3
34142,Mi1,5928.3
10015,HSN,5928.3
48547,TmY3,5928.3
38893,Mi1,5928.4
42119,Mi1,5928.4
91987,T4c,5928.4
94356,T4c,5928.4
102113,T4b,5928.4
104202,T4d,5928.4
88575,T4b,5928.5
96424,T4b,5928.5
105379,T4c,5928.5
88398,T4a,5928.5
90145,T4a,5928.5
38748,Mi1,5928.5
35934,Mi1,5928.5
35840,Mi1,5928.5
81378,T4b,5928.5
42675,Mi1,5928.6
101770,T4b,5928.6
108907,T4c,5928.6
112806,T4c,5928.6
111852,T4a,5928.7
107567,T4c,5928.7
97141,T4a,5928.7
94549,T4b,5928.7
65671,Mi1,5928.7
36954,Mi1,5928.7
34171,Mi1,5928.7
83227,Tm3,5928.7
33326,Mi1,5928.799999999999
35683,Mi1,5928.799999999999
41659,Mi1,5928.799999999999
79875,T4c,5928.799999999999
98598,T4c,5928.799999999999
104622,T4b,5928.799999999999
106745,T4b,5928.799999999999
96657,T4c,5928.900000000001
118173,Tm3,5928.900000000001
90058,T4a,5928.900000000001
120201,T4b,5928.900000000001
118948,T4d,5928.900000000001
88152,T4c,5928.900000000001
10755,H1,5928.900000000001
68951,TmY3,5928.900000000001
57239,Mi1,5928.900000000001
20808,LC4,5928.900000000001
11981,Li28,5928.900000000001
83583,T4d,5928.900000000001
41522,Mi1,5929.0
83307,Tm3,5929.0
98175,T4c,5929.0
104683,T4b,5929.0
105403,T4c,5929.0
124357,T4d,5929.0
121887,T4b,5929.1
117586,T4c,5929.1
37113,Mi1,5929.1
89099,T4a,5929.1
99316,T4b,5929.1
35428,Mi1,5929.200000000001
102479,T4c,5929.200000000001
102845,T4b,5929.200000000001
104027,T4d,5929.200000000001
102409,T4c,5929.3
104390,T4a,5929.3
104256,T4a,5929.3
95972,T4d,5929.3
63994,Mi1,5929.3
78856,Tm3,5929.3
41464,TmY3,5929.3
80793,T2a,5929.3
48531,Mi1,5929.400000000001
66227,Tm3,5929.400000000001
93021,T4a,5929.400000000001
96134,T4b,5929.400000000001
116610,T4d,5929.400000000001
116311,T4d,5929.5
103025,T4a,5929.5
101380,T4d,5929.5
90566,T4d,5929.5
33446,Mi1,5929.5
36540,Mi1,5929.5
34296,Mi1,5929.5
33216,Mi1,5929.5
46230,TmY3,5929.5
87566,T4a,5929.6
87358,T4a,5929.6
98890,T4c,5929.6
17596,Li28,5929.6
53065,Mi1,5929.6
69723,Tm3,5929.700000000001
70697,Tm3,5929.700000000001
81401,T4b,5929.700000000001
93482,T4d,5929.700000000001
94287,T4d,5929.700000000001
100956,T4d,5929.700000000001
106950,T4c,5929.8
106203,T4d,5929.8
81494,T2,5929.8
98692,T4a,5929.8
25893,VST1,5929.8
10025,H2,5929.8
32893,Mi1,5929.8
35712,Mi1,5929.9
43414,Mi1,5929.9
43872,Mi1,5929.9
70524,T2a,5929.9
81309,T2a,5929.9
86175,T4a,5929.9
95356,T4a,5929.9
96081,T4a,5930.000000000001
94324,Tm3,5930.000000000001
82618,T2a,5930.000000000001
46827,Mi1,5930.000000000001
69441,Tm3,5930.000000000001
10023,HSS,5930.000000000001
72938,T2a,5930.000000000001
34933,Mi1,5930.1
37000,Mi1,5930.1
77480,Tm3,5930.1
90657,T4a,5930.1
95007,T4a,5930.1
105099,T4b,5930.1
109276,T4d,5930.2
107835,T4b,5930.2
105895,T4a,5930.2
98837,T4c,5930.2
86504,T4b,5930.2
48283,TmY3,5930.2
74287,Tm3,5930.2
71361,Tm3,5930.2
10037,VS,5930.2
78437,Tm3,5930.2
108249,T4a,5930.3
113207,T4d,5930.3
97193,T4a,5930.3
35017,Mi1,5930.3
37948,Mi1,5930.3
44449,TmY3,5930.3
37138,Mi1,5930.400000000001
38987,Mi1,5930.400000000001
42533,TmY3,5930.400000000001
47967,Mi1,5930.400000000001
71944,T2a,5930.400000000001
86558,T4b,5930.400000000001
88933,T4a,5930.400000000001
92181,T4a,5930.400000000001
114995,T4b,5930.400000000001
546524,Mi1,5930.400000000001
106338,T4a,5930.5
104297,T4a,5930.5
101994,T4a,5930.5
100075,T4c,5930.5
104008,T4b,5930.5
58945,Tm3,5930.5
46324,TmY3,5930.5
39858,Mi1,5930.5
15909,Li28,5930.5
83682,Tm3,5930.5
31492,Mi1,5930.6
36646,Mi1,5930.6
38477,Mi1,5930.6
39067,Mi1,5930.6
82529,T2a,5930.6
107420,T4b,5930.7
104336,T4b,5930.7
98985,T4c,5930.7
84631,T4c,5930.7
35405,Mi1,5930.7
39158,Mi1,5930.7
38227,Mi1,5930.7
60857,Mi1,5930.7
101620,T4b,5930.8
119245,T4d,5930.8
101742,T4c,5930.8
98245,T4c,5930.8
108625,T4b,5930.8
79253,T4a,5930.8
48286,Mi1,5930.8
43615,Mi1,5930.8
10016,HSE,5930.8
97784,T4c,5930.8
105862,T4d,5930.900000000001
99163,T4a,5930.900000000001
98238,T4b,5930.900000000001
85152,T4c,5930.900000000001
74228,Tm3,5930.900000000001
39727,Mi1,5930.900000000001
24338,LC4,5930.900000000001
109134,T4d,5931.0
99789,T4d,5931.0
99292,T4a,5931.0
88167,T4b,5931.0
86907,T4a,5931.0
111236,T4d,5931.0
74023,T2a,5931.0
42048,Mi1,5931.0
39595,Mi1,5931.0
38632,Mi1,5931.0
35512,Mi1,5931.0
86724,Tm3,5931.0
85378,T4a,5931.1
118260,T4d,5931.1
98668,T4a,5931.200000000001
84434,Tm3,5931.200000000001
82724,Tm3,5931.200000000001
66980,T2a,5931.200000000001
83125,T4b,5931.200000000001
40171,Mi1,5931.200000000001
37224,Mi1,5931.200000000001
33655,Mi1,5931.200000000001
40596,Mi1,5931.200000000001
10112,VS,5931.3
16033,Li28,5931.3
36346,Mi1,5931.3
37509,Mi1,5931.3
39688,Mi1,5931.3
41804,Mi1,5931.3
97866,T4d,5931.3
102462,T4c,5931.3
112453,T4c,5931.3
89092,T4c,5931.4
92281,T4c,5931.4
83004,T4b,5931.4
106166,T4b,5931.4
70289,Mi1,5931.4
36452,Mi1,5931.4
82211,T2a,5931.4
36217,Mi1,5931.500000000001
46248,Mi1,5931.500000000001
47211,Mi1,5931.500000000001
79314,T4b,5931.500000000001
99258,T4c,5931.500000000001
104942,T4a,5931.500000000001
113228,T4b,5931.6
96211,T4d,5931.6
71036,T2a,5931.6
41671,TmY3,5931.6
16606,VST2,5931.6
34899,Mi1,5931.7
36446,Mi1,5931.7
41613,Mi1,5931.7
67614,Mi1,5931.7
90394,T4a,5931.7
115686,T4b,5931.8
112048,T4c,5931.8
110646,T4b,5931.8
98467,T4d,5931.8
97769,T4a,5931.8
43485,Mi1,5931.8
70635,Tm3,5931.8
44222,Mi1,5931.8
36305,Mi1,5931.8
10015,HSN,5931.8
96576,T4c,5931.8
102801,T4b,5931.900000000001
99387,T4a,5931.900000000001
79358,T2a,5931.900000000001
77891,Tm3,5931.900000000001
72989,Tm3,5931.900000000001
34356,Mi1,5931.900000000001
16596,Li28,5931.900000000001
43334,TmY3,5931.900000000001
91444,T4c,5932.0
103780,T4c,5932.0
103654,T4b,5932.0
100274,T4a,5932.0
75304,T2a,5932.0
77254,Tm3,5932.0
41136,Mi1,5932.0
70632,Tm3,5932.0
36410,Mi1,5932.0
35777,Mi1,5932.0
34189,Mi1,5932.0
33091,Mi1,5932.0
97545,T4c,5932.1
96671,T4c,5932.1
85924,T4a,5932.1
103867,T4a,5932.1
63468,Mi1,5932.1
33942,Mi1,5932.1
82536,T4d,5932.1
32535,Mi1,5932.2
35890,Mi1,5932.2
36660,Mi1,5932.2
68212,T2a,5932.2
83067,T4b,5932.2
94058,T4b,5932.2
94071,T4a,5932.2
104301,T4b,5932.2
95528,T4d,5932.3
98625,T4a,5932.3
96199,T4a,5932.3
105541,T4a,5932.3
71402,Tm3,5932.3
39629,Mi1,5932.3
40936,Mi1,5932.3
37084,Mi1,5932.3
34862,Mi1,5932.3
61500,Tm3,5932.3
40944,Mi1,5932.400000000001
19292,Li28,5932.5
35806,Mi1,5932.5
112369,T4d,5932.599999999999
94305,T4a,5932.599999999999
10284,VS,5932.599999999999
86778,T4a,5932.599999999999
30997,Mi1,5932.700000000001
35234,Mi1,5932.700000000001
39164,Mi1,5932.700000000001
40400,Mi1,5932.700000000001
100874,T4a,5932.700000000001
101878,T4a,5932.700000000001
101005,T4d,5932.8
107464,T4a,5932.8
98312,T4a,5932.8
102814,T4b,5932.8
69164,Mi1,5932.8
10206,VS,5932.8
93984,T4b,5932.8
36684,Mi1,5932.9
88005,T4d,5932.9
96434,T4d,5932.9
98788,T4d,5932.9
102703,T4a,5933.000000000001
85866,T4b,5933.000000000001
98751,T4a,5933.000000000001
35290,Mi1,5933.000000000001
10025,H2,5933.000000000001
60979,TmY3,5933.000000000001
38857,Mi1,5933.1
41709,Mi1,5933.1
47962,TmY3,5933.1
103195,T4a,5933.1
105521,T4c,5933.1
117627,Tm3,5933.1
117748,Tm3,5933.1
98817,T4a,5933.2
121816,T4a,5933.2
106121,T4a,5933.2
55101,Mi1,5933.2
46745,Mi1,5933.2
40085,Mi1,5933.2
36994,Mi1,5933.2
35580,Mi1,5933.2
33017,Mi1,5933.2
40505,Mi1,5933.3
59864,Tm3,5933.3
69793,T2a,5933.3
97899,T4a,5933.3
110403,T4b,5933.3
106840,T4b,5933.400000000001
101480,T4c,5933.400000000001
90049,T4c,5933.400000000001
41120,Mi1,5933.400000000001
40716,Tm3,5933.400000000001
40219,Mi1,5933.400000000001
36881,Mi1,5933.400000000001
10023,HSS,5933.400000000001
36275,Mi1,5933.5
87873,T4b,5933.5
89368,T4c,5933.5
97885,T4a,5933.5
98887,T4b,5933.5
109023,T4c,5933.6
93564,T4d,5933.6
86932,T4b,5933.6
36911,Mi1,5933.6
37390,Mi1,5933.6
39716,Mi1,5933.6
10037,VS,5933.7
10755,H1,5933.7
35845,Mi1,5933.7
37677,Mi1,5933.7
39405,Mi1,5933.7
93750,T4c,5933.7
94755,T4a,5933.7
121093,T4b,5933.7
537004,VSm,5933.8
109384,T4d,5933.8
103152,T4a,5933.8
90371,T4d,5933.8
48060,Mi1,5933.8
37529,Mi1,5933.8
36695,Mi1,5933.8
67308,Mi1,5933.8
10016,HSE,5933.900000000001
35100,Mi1,5933.900000000001
77383,T2a,5933.900000000001
96394,T4b,5933.900000000001
87087,T2a,5934.0
87845,T4a,5934.0
86416,T4a,5934.0
10012,VS,5934.0
37680,Mi1,5934.0
41809,Mi1,5934.0
539983,T4c,5934.099999999999
104703,T4d,5934.099999999999
100787,T4b,5934.099999999999
87390,T2a,5934.099999999999
107609,T4d,5934.099999999999
40599,TmY3,5934.099999999999
40256,Mi1,5934.099999999999
37037,Mi1,5934.099999999999
82208,T2a,5934.099999999999
12521,HST,5934.200000000001
37853,Mi1,5934.200000000001
38708,Mi1,5934.200000000001
40411,Mi1,5934.200000000001
53156,TmY3,5934.200000000001
81995,Tm3,5934.200000000001
104368,T4c,5934.3
97675,T4c,5934.3
117142,T4d,5934.3
85009,Tm3,5934.3
64050,T2,5934.3
89434,T4c,5934.3
123299,T4c,5934.4
101245,T4a,5934.4
100488,T4c,5934.4
40703,Mi1,5934.4
96126,T4b,5934.4
16545,Li28,5934.4
33614,Mi1,5934.5
41296,Mi1,5934.5
43965,Mi1,5934.5
67971,Tm3,5934.5
85731,T4d,5934.5
95681,T4a,5934.5
104191,T4a,5934.5
104858,T4b,5934.5
107031,T4b,5934.6
98360,T4c,5934.6
90900,T4a,5934.6
62078,Mi1,5934.6
34045,Mi1,5934.6
17280,Li28,5934.6
69540,TmY3,5934.6
38791,Mi1,5934.7
39718,Mi1,5934.7
43063,Mi1,5934.7
90567,T4b,5934.7
151155,T4b,5934.7
103677,T4b,5934.8
122233,Tm3,5934.8
91313,T4a,5934.8
85664,TmY3,5934.8
43783,Mi1,5934.8
87090,T2a,5934.8
92839,T4b,5934.9
110555,T4b,5934.9
95532,T4a,5934.9
88698,T4a,5934.9
77676,T2a,5934.9
91325,T4a,5934.9
67963,Tm3,5934.9
44527,Mi1,5934.9
39438,Mi1,5934.9
37294,Mi1,5934.9
75298,T2a,5934.9
120594,T4c,5935.0
23606,Mi1,5935.0
37391,Mi1,5935.0
42594,Mi1,5935.0
56918,TmY3,5935.0
89866,T4b,5935.1
74231,Tm3,5935.1
90219,T4a,5935.1
46784,Mi1,5935.1
42758,Mi1,5935.1
40577,Mi1,5935.1
39500,Mi1,5935.1
38208,Mi1,5935.1
10687,OA-AL2i3,5935.1
101230,T4a,5935.2
68264,Tm3,5935.2
51049,Mi1,5935.2
85429,T4d,5935.2
37839,Mi1,5935.2
35416,Mi1,5935.2
10015,HSN,5935.2
45948,TmY3,5935.2
11981,Li28,5935.3
34849,Mi1,5935.3
36158,Mi1,5935.3
102519,T4a,5935.3
112633,T4b,5935.3
92640,T4d,5935.400000000001
137694,Tm3,5935.400000000001
111623,T4a,5935.400000000001
38487,Mi1,5935.400000000001
85170,T4c,5935.400000000001
37243,Mi1,5935.400000000001
35602,Mi1,5935.400000000001
15263,Li28,5935.400000000001
11134,VSm,5935.400000000001
37756,Mi1,5935.400000000001
36177,Mi1,5935.5
37733,TmY3,5935.5
91057,T4c,5935.5
98226,T4b,5935.5
102742,T4d,5935.5
103351,T4a,5935.5
118658,T4a,5935.5
113686,T4d,5935.599999999999
91505,T4c,5935.599999999999
79259,T4b,5935.599999999999
72655,Mi1,5935.599999999999
10001,DNp01,5935.599999999999
49322,TmY3,5935.599999999999
36252,Mi1,5935.599999999999
10112,VS,5935.599999999999
71164,Mi1,5935.599999999999
78911,Tm3,5935.700000000001
97318,T4d,5935.700000000001
97256,T4c,5935.700000000001
95364,T4d,5935.700000000001
67464,Mi1,5935.700000000001
23047,Li28,5935.700000000001
37088,Mi1,5935.700000000001
37019,Mi1,5935.700000000001
34057,Mi1,5935.700000000001
37568,Mi1,5935.700000000001
108475,T4b,5935.8
102572,T4c,5935.8
90423,T4b,5935.8
80812,T4a,5935.8
78739,T4b,5935.8
100190,T4c,5935.8
71583,Tm3,5935.8
38710,Mi1,5935.8
37585,Mi1,5935.8
34867,Mi1,5935.8
34479,Mi1,5935.8
72619,T2a,5935.8
77226,T2a,5935.9
113991,T4d,5935.9
93419,T4b,5936.0
72005,Tm3,5936.0
33766,Mi1,5936.0
10025,H2,5936.0
15909,Li28,5936.0
31848,Mi1,5936.0
72194,Tm3,5936.1
72501,Mi1,5936.1
69266,Tm3,5936.1
20264,Li28,5936.1
33462,Mi1,5936.1
35836,Mi1,5936.1
542412,Mi1,5936.2
122273,Tm3,5936.2
101215,T4c,5936.2
95335,T4a,5936.2
84008,T4c,5936.2
77361,T4a,5936.2
92957,T4d,5936.2
74411,Mi1,5936.2
44700,Mi1,5936.2
44282,Mi1,5936.2
42895,Mi1,5936.2
35724,Mi1,5936.2
74937,T2a,5936.2
92047,T4c,5936.3
108948,T4b,5936.3
102595,T4d,5936.3
99628,T4b,5936.3
97105,T4d,5936.3
90278,T4a,5936.3
22108,TmY3,5936.3
71398,Tm3,5936.3
37438,Mi1,5936.3
73767,Mi1,5936.3
41536,Mi1,5936.3
38768,Mi1,5936.3
35572,Mi1,5936.4
35897,Mi1,5936.4
38178,Mi1,5936.4
93957,T4b,5936.4
107529,T4d,5936.4
122308,Tm3,5936.4
71652,Tm3,5936.4
34463,Mi1,5936.5
38479,Mi1,5936.5
41654,Mi1,5936.5
98439,T4a,5936.5
109593,Tm3,5936.6
107095,T4c,5936.6
40795,Mi1,5936.6
10269,OA-AL2i2,5936.6
37699,Mi1,5936.6
111783,T4a,5936.7
104972,T4a,5936.7
89290,T4d,5936.7
82576,T4b,5936.7
80913,T4a,5936.7
58224,Mi1,5936.7
59008,Mi1,5936.7
37044,Mi1,5936.7
36369,Mi1,5936.7
35734,Mi1,5936.7
34329,Mi1,5936.7
20634,VST1,5936.7
45319,Mi1,5936.7
93927,T4a,5936.8
104996,T4a,5936.8
102786,Tm3,5936.8
90888,T4b,5936.8
91913,T4b,5936.8
85837,Tm3,5936.8
38772,Mi1,5936.8
38230,Mi1,5936.8
34404,Mi1,5936.8
10023,HSS,5936.900000000001
34079,Mi1,5936.900000000001
35235,Mi1,5936.900000000001
38133,Mi1,5936.900000000001
105135,T4c,5936.900000000001
112744,T4d,5937.0
96830,T4b,5937.0
10016,HSE,5937.0
37631,Mi1,5937.0
41950,Mi1,5937.1
45322,Mi1,5937.1
96931,T4b,5937.1
101228,T4a,5937.1
104017,T4b,5937.1
66357,T2a,5937.200000000001
101072,T4b,5937.200000000001
100105,T4a,5937.200000000001
74725,T2a,5937.200000000001
59397,Mi1,5937.200000000001
58862,Mi1,5937.200000000001
56762,TmY3,5937.200000000001
38596,Mi1,5937.200000000001
34606,Mi1,5937.200000000001
33394,Mi1,5937.200000000001
10037,VS,5937.3
39505,Mi1,5937.3
65833,Mi1,5937.3
95345,T4d,5937.3
96003,T4d,5937.3
112613,T4d,5937.400000000001
101382,T4c,5937.400000000001
64341,TmY3,5937.400000000001
58967,TmY3,5937.400000000001
27788,Mi1,5937.400000000001
35770,Mi1,5937.400000000001
10206,VS,5937.400000000001
38238,Mi1,5937.400000000001
100282,T4a,5937.5
526158,Mi1,5937.5
111928,T4b,5937.5
100774,T4a,5937.5
80282,T4d,5937.5
62838,TmY3,5937.5
57398,Mi1,5937.5
30923,TmY3,5937.5
70402,Tm3,5937.5
94953,T4d,5937.6
97031,T4c,5937.6
101732,T4c,5937.6
112944,T4b,5937.6
135612,Tm3,5937.6
40854,Mi1,5937.700000000001
37108,Mi1,5937.700000000001
41545,Mi1,5937.700000000001
42872,Mi1,5937.700000000001
44592,TmY3,5937.700000000001
74010,T2a,5937.700000000001
75848,T2a,5937.700000000001
107628,T4d,5937.8
77527,T4a,5937.8
121245,Tm3,5937.8
72665,Mi1,5937.8
68412,T2a,5937.8
42942,Mi1,5937.8
16033,Li28,5937.8
14416,VST2,5937.8
100729,T4b,5937.9
97028,T4c,5937.9
84490,T4a,5937.9
72279,Mi1,5937.9
69961,Tm3,5937.9
68918,Tm3,5937.9
61401,T2a,5937.9
45696,Mi1,5937.9
41626,Mi1,5937.9
40832,Mi1,5937.9
38514,Mi1,5937.9
37123,Mi1,5937.9
96295,T4b,5938.000000000001
91934,T4a,5938.000000000001
105962,T4b,5938.000000000001
66604,TmY3,5938.000000000001
89485,T4a,5938.000000000001
108349,T4d,5938.000000000001
93407,T4d,5938.1
122333,T4b,5938.1
74159,Tm3,5938.1
44119,Mi1,5938.1
40106,Mi1,5938.1
35045,Mi1,5938.1
33110,Mi1,5938.1
10755,H1,5938.1
100867,T4b,5938.2
99850,T4a,5938.2
98398,T4c,5938.2
91914,T4a,5938.2
83365,T2a,5938.2
66791,Tm3,5938.2
48894,TmY3,5938.2
48514,TmY3,5938.2
45176,Mi1,5938.2
39275,Mi1,5938.2
35152,Mi1,5938.2
116259,T4b,5938.3
103148,T4a,5938.3
97004,T4c,5938.3
96365,T4a,5938.3
101033,T4d,5938.3
68982,Tm3,5938.3
67150,T2a,5938.3
56564,Mi1,5938.3
34658,Mi1,5938.3
79297,T4a,5938.3
118924,Tm3,5938.400000000001
109916,T4d,5938.400000000001
107486,T4c,5938.400000000001
103302,T4c,5938.400000000001
90796,T4d,5938.400000000001
89784,T4b,5938.400000000001
90121,T4b,5938.400000000001
86686,T4c,5938.400000000001
78773,Tm3,5938.400000000001
74061,Tm3,5938.400000000001
66345,T2a,5938.400000000001
38767,Mi1,5938.400000000001
89020,T4a,5938.400000000001
38455,Mi1,5938.5
38721,Mi1,5938.5
40635,Mi1,5938.5
45349,Mi1,5938.5
68522,T2a,5938.5
74303,Mi1,5938.5
88281,T4b,5938.6
99922,T4c,5938.6
79646,Tm3,5938.6
37555,Mi1,5938.6
73301,Tm3,5938.6
117652,T4d,5938.7
108675,T4b,5938.7
98748,T4c,5938.7
98575,T4a,5938.7
98000,T4b,5938.7
87763,T4a,5938.7
69228,T2a,5938.7
64149,Mi1,5938.7
40958,Mi1,5938.7
34300,Mi1,5938.7
10015,HSN,5938.7
78731,Tm3,5938.7
103725,T4a,5938.8
118385,T4b,5938.8
86630,Tm3,5938.8
111613,T4d,5938.8
50552,Mi1,5938.8
37371,Mi1,5938.8
74860,Tm3,5938.8
34938,Mi1,5938.900000000001
37353,Mi1,5938.900000000001
77039,T2a,5938.900000000001
89282,T4a,5938.900000000001
128916,Tm3,5938.900000000001
82099,T4b,5939.0
53983,TmY3,5939.0
10012,VS,5939.0
10025,H2,5939.0
41435,Mi1,5939.1
42856,Mi1,5939.1
47368,TmY3,5939.1
67408,Mi1,5939.1
77484,T4d,5939.1
79271,T4a,5939.1
87565,T4a,5939.1
91345,T4c,5939.200000000001
100673,T4b,5939.200000000001
82674,T4a,5939.200000000001
104853,T4c,5939.200000000001
37927,Mi1,5939.200000000001
35173,Mi1,5939.200000000001
33918,Mi1,5939.200000000001
76380,Tm3,5939.200000000001
98222,T4d,5939.3
96090,T4c,5939.3
104257,T4b,5939.3
99672,T4a,5939.3
88992,T4c,5939.3
57164,TmY3,5939.3
71089,Mi1,5939.3
60643,Tm3,5939.3
85716,T4c,5939.3
10284,VS,5939.4
85938,T4a,5939.4
87289,T4a,5939.4
98099,T4b,5939.4
102579,T4b,5939.4
112088,T4d,5939.500000000001
111579,Tm3,5939.500000000001
109727,T4b,5939.500000000001
100501,T4b,5939.500000000001
40235,Mi1,5939.500000000001
35447,Mi1,5939.500000000001
35260,Mi1,5939.500000000001
49942,TmY3,5939.500000000001
71228,T2a,5939.6
89934,T4d,5939.6
92055,T4c,5939.6
98039,T4d,5939.6
119353,T4b,5939.6
96812,T4a,5939.7
108847,T4d,5939.7
102112,T4c,5939.7
98404,T4d,5939.7
82549,T4b,5939.7
42010,TmY3,5939.7
70153,Tm3,5939.7
67113,Mi1,5939.7
58527,TmY3,5939.7
45719,Mi1,5939.7
81836,T2a,5939.7
103022,T4a,5939.8
95921,T4c,5939.8
93334,T4b,5939.8
81706,T2a,5939.8
77775,T2a,5939.8
36533,Mi1,5939.8
10112,VS,5939.8
73385,T2a,5939.8
82299,T4c,5939.900000000001
105849,T4d,5939.900000000001
104911,T4c,5939.900000000001
75343,Tm3,5939.900000000001
83204,T4d,5939.900000000001
38648,Mi1,5939.900000000001
63175,Mi1,5939.900000000001
35218,Mi1,5939.900000000001
35001,Mi1,5939.900000000001
95629,T4c,5940.0
88922,T4c,5940.0
75172,T2a,5940.0
98300,T4a,5940.0
66808,Tm3,5940.0
35888,Mi1,5940.0
71029,T2,5940.0
10016,HSE,5940.1
38421,Mi1,5940.1
69736,Tm3,5940.1
70490,Mi1,5940.1
79704,T4d,5940.1
96307,T4a,5940.1
98549,T4a,5940.1
108594,T4d,5940.1
113414,T4d,5940.2
97145,T4c,5940.2
88491,T4a,5940.2
92842,T4a,5940.2
41668,Mi1,5940.2
38993,Mi1,5940.2
38529,Mi1,5940.2
69543,T2a,5940.2
34626,Mi1,5940.3
67152,Tm3,5940.3
87896,T4a,5940.3
108276,T4a,5940.3
110386,T4d,5940.3
84267,T4c,5940.400000000001
114196,T4d,5940.400000000001
10023,HSS,5940.400000000001
74088,T2a,5940.400000000001
35774,Mi1,5940.5
36990,Mi1,5940.5
44564,TmY3,5940.5
76446,TmY3,5940.5
92862,T4b,5940.5
92993,Tm3,5940.5
95453,T4a,5940.5
97015,T4a,5940.5
116187,T4c,5940.5
107143,T4d,5940.599999999999
149504,T4d,5940.599999999999
125288,Tm3,5940.599999999999
92114,T4c,5940.599999999999
51122,Mi1,5940.599999999999
82976,Tm3,5940.599999999999
74927,Tm3,5940.599999999999
85598,T4b,5940.599999999999
37599,Mi1,5940.599999999999
16545,Li28,5940.700000000001
16570,VST2,5940.700000000001
38241,Mi1,5940.700000000001
57349,Mi1,5940.700000000001
99837,T4a,5940.700000000001
105363,T4c,5940.700000000001
120916,T4d,5940.700000000001
537004,VSm,5940.700000000001
107819,T4c,5940.8
80670,T4a,5940.8
75557,Tm3,5940.8
68342,Tm3,5940.8
15422,VST2,5940.8
51870,TmY3,5940.8
39791,Mi1,5940.8
39692,TmY3,5940.8
54087,Mi1,5940.8
92254,T4b,5940.9
119601,T4d,5940.9
110076,T4c,5940.9
78968,Tm3,5940.9
10037,VS,5940.9
67810,Tm3,5940.9
39525,Mi1,5940.9
78503,T2a,5940.9
111184,T4a,5941.000000000001
109336,T4b,5941.000000000001
102045,T4a,5941.000000000001
101685,T4b,5941.000000000001
95005,T4a,5941.000000000001
85536,T4a,5941.000000000001
55976,Mi1,5941.000000000001
43978,Mi1,5941.000000000001
42675,Mi1,5941.000000000001
15019,Li28,5941.000000000001
63825,Tm3,5941.000000000001
119213,T4c,5941.1
106150,T4c,5941.1
96676,T4b,5941.1
97878,T4b,5941.1
47465,TmY3,5941.1
44438,Mi1,5941.1
78603,Tm3,5941.1
547091,T2,5941.2
114817,T4d,5941.2
112969,T4c,5941.2
88127,T4b,5941.2
77307,Tm3,5941.2
96852,T4a,5941.2
68840,TmY3,5941.2
65671,Mi1,5941.2
49324,Mi1,5941.2
42691,Mi1,5941.2
39743,Mi1,5941.2
70321,Tm3,5941.2
34272,Mi1,5941.3
36139,Mi1,5941.3
38461,Mi1,5941.3
80137,T2a,5941.3
85856,TmY3,5941.3
532850,Tm3,5941.400000000001
101865,T4a,5941.400000000001
100996,T4b,5941.400000000001
94743,T4d,5941.400000000001
61659,Tm3,5941.400000000001
37270,Mi1,5941.400000000001
34369,Mi1,5941.400000000001
89416,T4c,5941.400000000001
97677,T4c,5941.5
63868,T2a,5941.5
59959,Mi1,5941.5
100946,T4c,5941.5
41399,Mi1,5941.5
14209,Li28,5941.5
51848,TmY3,5941.5
52350,Mi1,5941.6
90533,T4c,5941.6
91629,T4a,5941.6
98937,T4a,5941.6
103226,T4d,5941.6
49788,TmY3,5941.7
78940,T4a,5941.7
78086,T4c,5941.7
114201,T4c,5941.7
43689,Mi1,5941.7
57247,TmY3,5941.7
35840,Mi1,5941.7
11981,Li28,5941.7
40026,TmY3,5941.7
33907,Mi1,5941.7
15909,Li28,5941.7
100838,T4c,5941.8
97326,T4c,5941.8
94368,T4a,5941.8
93509,T4b,5941.8
92251,T4b,5941.8
95554,T4b,5941.8
76121,Tm3,5941.8
66852,Mi1,5941.8
63420,Mi1,5941.8
40426,Mi1,5941.8
78943,T2a,5941.8
34171,Mi1,5941.900000000001
85778,T4b,5941.900000000001
97288,T4c,5941.900000000001
107211,T4d,5941.900000000001
94089,T4d,5942.0
118551,Tm3,5942.0
108043,T4a,5942.0
47240,TmY3,5942.0
33326,Mi1,5942.0
34142,Mi1,5942.0
10025,H2,5942.0
10015,HSN,5942.0
38893,Mi1,5942.0
65443,T2a,5942.099999999999
93588,T4b,5942.099999999999
112458,T4b,5942.099999999999
113945,T4d,5942.099999999999
100924,T4b,5942.200000000001
96835,T4b,5942.200000000001
81950,Tm3,5942.200000000001
92939,T4b,5942.200000000001
72794,Tm3,5942.3
106894,T4b,5942.3
106522,T4d,5942.3
111010,T4c,5942.3
80906,T4c,5942.3
66538,T2,5942.3
95990,T4a,5942.3
41659,Mi1,5942.3
42119,Mi1,5942.3
10206,VS,5942.3
11134,VSm,5942.3
76325,T2a,5942.3
35934,Mi1,5942.3
34296,Mi1,5942.3
39651,Mi1,5942.3
12521,HST,5942.4
117631,T4d,5942.4
117221,T4c,5942.4
112619,T4d,5942.4
107010,T4d,5942.4
101605,T4a,5942.4
101945,T4b,5942.4
78317,T4a,5942.4
47967,Mi1,5942.4
41637,Mi1,5942.4
36954,Mi1,5942.4
35498,Mi1,5942.4
80855,Tm3,5942.4
100897,T4c,5942.5
94468,T4c,5942.5
111857,T4d,5942.5
73139,Tm3,5942.5
75027,Tm3,5942.5
63994,Mi1,5942.5
73029,T2,5942.5
69063,Mi1,5942.5
37113,Mi1,5942.5
38687,Mi1,5942.5
96260,T4d,5942.6
87814,T4b,5942.6
48930,TmY3,5942.6
46827,Mi1,5942.6
75550,Tm3,5942.6
38748,Mi1,5942.6
36540,Mi1,5942.6
10755,H1,5942.6
43323,Mi1,5942.6
57239,Mi1,5942.7
83432,Tm3,5942.7
97480,T4c,5942.7
98118,T4c,5942.8
33216,Mi1,5942.8
35113,Mi1,5942.8
35712,Mi1,5942.8
75521,T2a,5942.8
86419,Tm3,5942.8
108461,T4b,5942.9
102329,T4d,5942.9
93025,T4b,5942.9
525839,Mi1,5943.0
122961,T4d,5943.0
117179,T4c,5943.0
94983,T4c,5943.0
90655,T4a,5943.0
79817,Tm3,5943.0
97306,T4a,5943.0
76528,Tm3,5943.0
76074,Tm3,5943.0
72896,Tm3,5943.0
60337,TmY3,5943.0
10311,VS,5943.0
78421,T2a,5943.0
10016,HSE,5943.1
93166,T4c,5943.1
105706,T4a,5943.1
112027,T4d,5943.1
97186,T4a,5943.2
110855,T4a,5943.2
82038,Tm3,5943.2
37948,Mi1,5943.2
35683,Mi1,5943.2
48531,Mi1,5943.2
104478,T4d,5943.3
17596,Li28,5943.3
24867,VST1,5943.3
33446,Mi1,5943.3
79449,T4b,5943.3
84010,Tm3,5943.3
86715,Tm3,5943.3
107075,T4d,5943.3
103033,T4a,5943.400000000001
91303,T4b,5943.400000000001
105214,T4c,5943.400000000001
86536,Tm3,5943.400000000001
16033,Li28,5943.400000000001
86992,T4b,5943.400000000001
120231,Tm3,5943.400000000001
108065,T4c,5943.5
106535,T4d,5943.5
115111,T4a,5943.5
84328,T4a,5943.5
77174,T2a,5943.5
76788,T4b,5943.5
37000,Mi1,5943.5
35405,Mi1,5943.5
17280,Li28,5943.5
35017,Mi1,5943.599999999999
58553,TmY3,5943.599999999999
60857,Mi1,5943.599999999999
66227,Tm3,5943.599999999999
94574,T4c,5943.599999999999
91804,T4d,5943.700000000001
46248,Mi1,5943.700000000001
41522,Mi1,5943.700000000001
39727,Mi1,5943.700000000001
32893,Mi1,5943.700000000001
10072,OA-AL2i1,5943.700000000001
83979,T4a,5943.8
91179,T4a,5943.8
109142,T4b,5943.8
125171,Tm3,5943.8
109996,T4c,5943.9
108974,T4c,5943.9
105984,Tm3,5943.9
102991,T4c,5943.9
69915,TmY3,5943.9
99670,T4c,5943.9
100206,T4c,5943.9
35428,Mi1,5943.9
10023,HSS,5943.9
85229,T4c,5944.0
77395,T4b,5944.0
91222,T4d,5944.0
38987,Mi1,5944.0
37138,Mi1,5944.0
76598,T2a,5944.0
50345,TmY3,5944.1
68562,T2a,5944.1
79134,Tm3,5944.1
80435,T2a,5944.1
88625,T4c,5944.1
99609,T4a,5944.1
104130,T4a,5944.1
99980,T4c,5944.2
100633,T4a,5944.2
83677,T4c,5944.2
113568,T4d,5944.2
56136,Tm3,5944.2
43414,Mi1,5944.2
10112,VS,5944.2
78308,T2a,5944.2
100033,T4c,5944.3
36452,Mi1,5944.3
103557,T4a,5944.3
93302,T4b,5944.3
100310,T4d,5944.3
79257,Tm3,5944.3
31492,Mi1,5944.3
70281,T2a,5944.3
40171,Mi1,5944.3
34933,Mi1,5944.3
79138,T2a,5944.3
39158,Mi1,5944.4
43872,Mi1,5944.4
48607,TmY3,5944.4
50333,TmY3,5944.4
53065,Mi1,5944.4
119288,T4d,5944.4
110693,Tm3,5944.5
109172,T4b,5944.5
105115,T4d,5944.5
94283,T4d,5944.5
84063,T4b,5944.5
36217,Mi1,5944.5
75381,Tm3,5944.5
38477,Mi1,5944.5
10012,VS,5944.5
83438,T4a,5944.5
109326,T4c,5944.6
110040,T4c,5944.6
103383,T4c,5944.6
92682,T4a,5944.6
89223,T4d,5944.6
73807,Tm3,5944.6
10037,VS,5944.6
38227,Mi1,5944.7
95985,T4c,5944.7
97853,T4c,5944.7
99950,T4c,5944.7
103657,T4b,5944.7
105292,T4b,5944.7
546524,Mi1,5944.7
123490,Tm3,5944.8
105332,T4b,5944.8
100785,T4b,5944.8
92082,T4b,5944.8
35512,Mi1,5944.8
82313,T4a,5944.8
38632,Mi1,5944.8
11551,VS,5944.8
90493,T4b,5944.8
99137,T4c,5944.900000000001
102298,T4c,5944.900000000001
100855,T4a,5944.900000000001
99671,T4c,5944.900000000001
98349,T4a,5944.900000000001
47211,Mi1,5944.900000000001
59277,TmY3,5944.900000000001
41762,TmY3,5944.900000000001
39067,Mi1,5944.900000000001
37224,Mi1,5944.900000000001
532805,Tm3,5945.0
106362,T4d,5945.0
100165,T4b,5945.0
98194,T4d,5945.0
95736,T4c,5945.0
94596,T4b,5945.0
72426,Tm3,5945.0
43924,TmY3,5945.0
43615,Mi1,5945.0
33655,Mi1,5945.0
10284,VS,5945.0
110910,Tm3,5945.1
107621,T4d,5945.1
106026,T4b,5945.1
101772,Tm3,5945.1
87203,T4a,5945.1
35890,Mi1,5945.1
33942,Mi1,5945.1
23047,Li28,5945.1
10025,H2,5945.1
36346,Mi1,5945.1
10322,OA-AL2i2,5945.200000000001
34189,Mi1,5945.200000000001
36646,Mi1,5945.200000000001
42048,Mi1,5945.200000000001
47360,TmY3,5945.200000000001
104354,T4b,5945.3
94482,T4d,5945.3
92431,T4a,5945.3
64977,T2,5945.3
41804,Mi1,5945.3
10015,HSN,5945.3
39858,Mi1,5945.3
34899,Mi1,5945.3
33017,Mi1,5945.3
41613,Mi1,5945.3
105545,T4d,5945.3
105122,T4b,5945.400000000001
107640,T4c,5945.400000000001
92054,T4b,5945.400000000001
39688,Mi1,5945.400000000001
40944,Mi1,5945.400000000001
36446,Mi1,5945.400000000001
34356,Mi1,5945.400000000001
40936,Mi1,5945.5
93360,T4b,5945.5
116343,T4a,5945.5
119103,T4c,5945.5
105698,T4c,5945.6
103570,T4d,5945.6
96219,T4b,5945.6
72558,T2a,5945.6
88460,T2a,5945.6
37509,Mi1,5945.6
36305,Mi1,5945.6
34862,Mi1,5945.6
64540,T2,5945.6
40596,Mi1,5945.700000000001
69546,Tm3,5945.700000000001
81015,T4a,5945.700000000001
90097,T4c,5945.700000000001
91469,T4c,5945.700000000001
79483,Tm3,5945.8
90259,T4d,5945.8
83689,T4a,5945.8
63468,Mi1,5945.8
39595,Mi1,5945.8
44222,Mi1,5945.8
36660,Mi1,5945.8
56118,TmY3,5945.8
110160,T4c,5945.9
104905,T4c,5945.9
102975,T4b,5945.9
91725,T4b,5945.9
91283,T4c,5945.9
89252,T4b,5945.9
83191,T4a,5945.9
70289,Mi1,5945.9
48286,Mi1,5945.9
45162,TmY3,5945.9
43485,Mi1,5945.9
32535,Mi1,5945.9
16596,Li28,5945.9
54423,TmY3,5945.9
101873,T4b,5946.000000000001
87106,T4a,5946.000000000001
77846,Tm3,5946.000000000001
66214,T2a,5946.000000000001
10016,HSE,5946.1
61292,T2,5946.1
106401,T4d,5946.1
121420,T4d,5946.1
111380,Tm3,5946.2
101707,T4c,5946.2
100018,T4a,5946.2
101885,T4a,5946.2
94624,T4a,5946.2
33091,Mi1,5946.2
97161,T4a,5946.2
35777,Mi1,5946.3
61768,T2,5946.3
80197,T4a,5946.3
90419,T4b,5946.3
95926,T4a,5946.3
106952,T4b,5946.3
114338,T4c,5946.3
96638,T4c,5946.400000000001
99157,T4a,5946.400000000001
80284,Tm3,5946.400000000001
40256,Mi1,5946.400000000001
40085,Mi1,5946.400000000001
16545,Li28,5946.400000000001
41709,Mi1,5946.400000000001
30997,Mi1,5946.5
36911,Mi1,5946.5
36994,Mi1,5946.5
39164,Mi1,5946.5
71765,T2a,5946.5
110454,T4d,5946.5
117662,T4d,5946.6
115390,T4d,5946.6
107105,T4d,5946.6
103440,T4d,5946.6
102845,T4b,5946.6
37037,Mi1,5946.6
81486,T4b,5946.6
69164,Mi1,5946.6
37084,Mi1,5946.6
36684,Mi1,5946.6
95822,T4b,5946.6
119556,T4b,5946.6
103425,T4a,5946.7
102741,T4c,5946.7
99663,T4c,5946.7
92472,T4c,5946.7
84292,T4d,5946.7
95239,T4a,5946.7
15909,Li28,5946.8
54885,TmY3,5946.8
58576,T2,5946.8
107812,T4a,5946.900000000001
106886,T4c,5946.900000000001
102910,T4b,5946.900000000001
97231,T4a,5946.900000000001
90145,T4a,5946.900000000001
67614,Mi1,5946.900000000001
102229,T4d,5946.900000000001
78698,Tm3,5947.0
105565,Tm3,5947.0
91076,T4a,5947.0
73284,T2a,5947.0
100856,T4a,5947.0
41136,Mi1,5947.0
40400,Mi1,5947.0
38857,Mi1,5947.0
19292,Li28,5947.0
42533,TmY3,5947.0
127615,Tm3,5947.1
108438,T4d,5947.1
104412,T4a,5947.1
92706,T4a,5947.1
94282,T4c,5947.1
39629,Mi1,5947.1
98381,T4d,5947.1
120312,Tm3,5947.200000000001
111980,T4d,5947.200000000001
109937,T4a,5947.200000000001
96163,T4b,5947.200000000001
93527,T4a,5947.200000000001
86907,T4a,5947.200000000001
75966,T2a,5947.200000000001
46745,Mi1,5947.200000000001
35580,Mi1,5947.200000000001
10206,VS,5947.200000000001
83009,T4b,5947.200000000001
87808,T4a,5947.3
87412,T4c,5947.3
92996,T4a,5947.3
37529,Mi1,5947.3
109631,T4b,5947.3
135112,Tm3,5947.3
95454,T4a,5947.3
86696,T4d,5947.3
35234,Mi1,5947.3
40411,Mi1,5947.3
36881,Mi1,5947.3
36410,Mi1,5947.3
40505,Mi1,5947.3
35100,Mi1,5947.3
10755,H1,5947.3
10023,HSS,5947.3
132339,Tm3,5947.4
92171,T4b,5947.4
72983,T2a,5947.4
71475,Tm3,5947.4
67308,Mi1,5947.4
55101,Mi1,5947.4
38791,Mi1,5947.4
37680,Mi1,5947.4
35806,Mi1,5947.4
32962,TmY3,5947.4
11981,Li28,5947.4
48986,TmY3,5947.4
99358,T4c,5947.500000000001
537004,VSm,5947.500000000001
100032,T4c,5947.500000000001
90731,T4b,5947.500000000001
39894,T4b,5947.500000000001
83045,Tm3,5947.500000000001
71447,T4c,5947.500000000001
68842,TmY3,5947.500000000001
88575,T4b,5947.500000000001
18127,LC4,5947.6
35845,Mi1,5947.6
40219,Mi1,5947.6
41809,Mi1,5947.6
72955,T2a,5947.6
85378,T4a,5947.6
86578,T4c,5947.6
94549,T4b,5947.6
111423,T4c,5947.6
108824,T4d,5947.7
94179,T4a,5947.7
119501,T4d,5947.7
62894,Tm3,5947.7
37294,Mi1,5947.7
89728,Tm3,5947.7
112179,T4b,5947.8
93941,T4b,5947.8
35290,Mi1,5947.8
38708,Mi1,5947.8
42758,Mi1,5947.8
37391,Mi1,5947.900000000001
39438,Mi1,5947.900000000001
39716,Mi1,5947.900000000001
68138,TmY3,5947.900000000001
104622,T4b,5947.900000000001
99863,T4d,5948.0
97792,T4b,5948.0
68167,Tm3,5948.0
52328,TmY3,5948.0
94356,T4c,5948.0
33614,Mi1,5948.1
102448,T4d,5948.1
104123,T4b,5948.1
115369,T4c,5948.1
103867,T4a,5948.2
80838,T2a,5948.2
48547,TmY3,5948.2
10037,VS,5948.2
10025,H2,5948.2
44449,TmY3,5948.2
106793,T4d,5948.3
37839,Mi1,5948.3
60886,T2a,5948.3
65307,T2,5948.3
80884,T2a,5948.3
81037,T2a,5948.3
101302,T4d,5948.3
34867,Mi1,5948.400000000001
80358,Tm3,5948.400000000001
85007,T4c,5948.400000000001
91366,T4b,5948.400000000001
102799,T4c,5948.400000000001
67072,T2a,5948.5
51191,TmY3,5948.5
95677,T4c,5948.5
83042,T4b,5948.5
48060,Mi1,5948.5
99011,T4c,5948.5
40703,Mi1,5948.5
38208,Mi1,5948.5
10112,VS,5948.5
10015,HSN,5948.5
44527,Mi1,5948.5
106745,T4b,5948.599999999999
103497,Tm3,5948.599999999999
98846,T4c,5948.599999999999
71161,T2a,5948.599999999999
77557,T4b,5948.599999999999
37390,Mi1,5948.599999999999
35602,Mi1,5948.599999999999
34849,Mi1,5948.599999999999
43965,Mi1,5948.599999999999
60856,T2a,5948.700000000001
64633,T2a,5948.700000000001
68475,T2a,5948.700000000001
83946,T4d,5948.700000000001
92644,T4d,5948.700000000001
106295,T4b,5948.700000000001
113983,T4d,5948.8
54211,TmY3,5948.8
109652,T4d,5948.8
37677,Mi1,5948.8
31848,Mi1,5948.8
41296,Mi1,5948.8
130861,Tm3,5948.9
108066,T4b,5948.9
104884,T4b,5948.9
94567,T4c,5948.9
89409,T4a,5948.9
88746,Tm3,5948.9
95227,T4a,5948.9
74731,T2a,5948.9
63673,Tm3,5948.9
39405,Mi1,5948.9
36275,Mi1,5948.9
35897,Mi1,5948.9
80033,T4a,5948.9
110968,T4b,5949.0
16033,Li28,5949.0
34045,Mi1,5949.0
39718,Mi1,5949.0
41120,Mi1,5949.0
43783,Mi1,5949.0
51963,TmY3,5949.0
74259,T2a,5949.0
101383,T4b,5949.0
112241,T4b,5949.0
37853,Mi1,5949.1
78735,T2a,5949.1
37568,Mi1,5949.1
39500,Mi1,5949.1
11134,VSm,5949.1
37243,Mi1,5949.1
10016,HSE,5949.1
129235,Tm3,5949.2
102370,T4c,5949.2
100261,T4c,5949.2
48186,TmY3,5949.2
110988,T4a,5949.2
42594,Mi1,5949.2
42006,TmY3,5949.2
40577,Mi1,5949.2
37756,Mi1,5949.2
44282,Mi1,5949.2
35416,Mi1,5949.3
36158,Mi1,5949.3
38238,Mi1,5949.3
40795,Mi1,5949.3
73767,Mi1,5949.3
92552,T4a,5949.3
104858,T4b,5949.3
106922,T4c,5949.400000000001
111949,T4c,5949.400000000001
106338,T4a,5949.400000000001
62078,Mi1,5949.400000000001
38768,Mi1,5949.400000000001
36695,Mi1,5949.400000000001
99310,T4a,5949.400000000001
95017,T4c,5949.5
37438,Mi1,5949.5
38230,Mi1,5949.5
38479,Mi1,5949.5
77791,T2a,5949.5
88726,T4b,5949.5
111416,Tm3,5949.6
102564,T4a,5949.6
98448,T4b,5949.6
94471,T4a,5949.6
95356,T4a,5949.6
78597,T2a,5949.6
118502,T4b,5949.6
98175,T4c,5949.6
102295,T4d,5949.7
101589,T4a,5949.7
542412,Mi1,5949.7
108870,T4a,5949.7
99773,Tm3,5949.7
91987,T4c,5949.7
64897,T2,5949.7
42895,Mi1,5949.7
41464,TmY3,5949.7
37088,Mi1,5949.7
93142,T4a,5949.7
10284,VS,5949.8
35724,Mi1,5949.8
67464,Mi1,5949.8
71938,T2a,5949.8
101994,T4a,5949.8
103645,T4c,5949.900000000001
103025,T4a,5949.900000000001
76038,Tm3,5949.900000000001
71164,Mi1,5949.900000000001
50955,TmY3,5949.900000000001
15263,Li28,5949.900000000001
43063,Mi1,5949.900000000001
34479,Mi1,5949.900000000001
33462,Mi1,5949.900000000001
10012,VS,5949.900000000001
46784,Mi1,5949.900000000001
99074,T4b,5950.0
45319,Mi1,5950.0
34057,Mi1,5950.0
39275,Mi1,5950.0
104450,T4a,5950.099999999999
38487,Mi1,5950.099999999999
41536,Mi1,5950.099999999999
72501,Mi1,5950.099999999999
83583,T4d,5950.099999999999
86778,T4a,5950.099999999999
90135,T4c,5950.099999999999
102153,T4c,5950.099999999999
93750,T4c,5950.200000000001
92684,T4c,5950.200000000001
92281,T4c,5950.200000000001
94668,T4d,5950.200000000001
36252,Mi1,5950.200000000001
25584,LC4,5950.200000000001
56007,TmY3,5950.200000000001
99292,T4a,5950.200000000001
107170,T4b,5950.3
113207,T4d,5950.3
102540,T4b,5950.3
114457,T4d,5950.3
70188,T2,5950.3
37699,Mi1,5950.3
34463,Mi1,5950.3
72655,Mi1,5950.3
124362,T4c,5950.4
103780,T4c,5950.4
97877,T4d,5950.4
95972,T4d,5950.4
73021,T2a,5950.4
59008,Mi1,5950.4
47696,TmY3,5950.4
37044,Mi1,5950.4
34404,Mi1,5950.4
67295,T2,5950.4
74502,Tm3,5950.5
103073,T4a,5950.5
83125,T4b,5950.5
77906,T2a,5950.5
72066,Tm3,5950.5
102791,T4c,5950.5
42872,Mi1,5950.5
38710,Mi1,5950.5
35235,Mi1,5950.5
23606,Mi1,5950.5
58862,Mi1,5950.5
112594,T4b,5950.6
107719,T4b,5950.6
93604,T4a,5950.6
90219,T4a,5950.6
44746,TmY3,5950.6
98625,T4a,5950.6
37019,Mi1,5950.6
36177,Mi1,5950.6
35836,Mi1,5950.6
34329,Mi1,5950.6
44700,Mi1,5950.6
20634,VST1,5950.7
39505,Mi1,5950.7
64579,T2,5950.7
74374,T2a,5950.7
85866,T4b,5950.7
103343,T4b,5950.7
109649,T4c,5950.7
133349,Tm3,5950.7
98137,T4d,5950.8
129930,Tm3,5950.8
89092,T4c,5950.8
114088,T4d,5950.8
44119,Mi1,5950.8
35734,Mi1,5950.8
85039,T2a,5950.8
101228,T4a,5950.9
97866,T4d,5950.9
108161,T4a,5950.9
90058,T4a,5950.9
82130,T2a,5950.9
96959,T4a,5950.9
51049,Mi1,5951.0
87827,T2a,5951.0
86504,T4b,5951.0
72586,Tm3,5951.0
68933,Tm3,5951.0
65833,Mi1,5951.0
58224,Mi1,5951.0
47368,TmY3,5951.0
105640,T4d,5951.0
39692,TmY3,5951.0
38178,Mi1,5951.0
37631,Mi1,5951.0
35572,Mi1,5951.0
34606,Mi1,5951.0
33766,Mi1,5951.0
10023,HSS,5951.0
41950,Mi1,5951.0
124867,T4d,5951.1
70642,T2a,5951.1
64149,Mi1,5951.1
37108,Mi1,5951.1
37371,Mi1,5951.1
12521,HST,5951.1
59528,T2a,5951.1
90206,T4b,5951.2
103527,T4c,5951.2
104722,T4d,5951.2
74411,Mi1,5951.2
41626,Mi1,5951.2
50311,TmY3,5951.2
45322,Mi1,5951.2
10025,H2,5951.2
70812,TmY3,5951.2
75712,Tm3,5951.3
76653,T2a,5951.3
80812,T4a,5951.3
90465,T4a,5951.3
90520,T4a,5951.3
104256,T4a,5951.3
104621,T4c,5951.400000000001
107412,Tm3,5951.400000000001
108270,T4b,5951.400000000001
100087,T4b,5951.400000000001
72665,Mi1,5951.400000000001
88152,T4c,5951.400000000001
98862,Tm3,5951.400000000001
37585,Mi1,5951.400000000001
38514,Mi1,5951.5
134209,Tm3,5951.5
530434,Tm3,5951.5
89825,T4a,5951.599999999999
108325,T4c,5951.599999999999
106701,T4d,5951.599999999999
103160,T4a,5951.599999999999
102388,T4d,5951.599999999999
94224,T4b,5951.599999999999
80483,T4c,5951.599999999999
130994,Tm3,5951.599999999999
59397,Mi1,5951.599999999999
38596,Mi1,5951.599999999999
38133,Mi1,5951.599999999999
24338,LC4,5951.599999999999
10015,HSN,5951.599999999999
88084,T4b,5951.599999999999
99348,T4c,5951.700000000001
34079,Mi1,5951.700000000001
90112,T4c,5951.700000000001
116451,T4c,5951.700000000001
41654,Mi1,5951.700000000001
10755,H1,5951.700000000001
35770,Mi1,5951.700000000001
33110,Mi1,5951.700000000001
41545,Mi1,5951.700000000001
10037,VS,5951.8
10206,VS,5951.8
36369,Mi1,5951.8
40854,Mi1,5951.8
64260,T2,5951.8
94546,T4b,5951.8
96035,T4d,5951.8
116129,T4b,5951.8
85074,T4a,5951.9
91313,T4a,5951.9
70800,Tm3,5951.9
103765,T4d,5951.9
96126,T4b,5951.9
56564,Mi1,5951.9
69597,Tm3,5951.9
45696,Mi1,5951.9
49441,TmY3,5951.9
37927,Mi1,5951.9
37123,Mi1,5951.9
34938,Mi1,5951.9
16545,Li28,5951.9
15909,Li28,5951.9
526158,Mi1,5952.0
125396,T4b,5952.0
117151,T4d,5952.0
104802,T4c,5952.0
94948,T4c,5952.0
72279,Mi1,5952.0
37555,Mi1,5952.0
33394,Mi1,5952.0
10016,HSE,5952.0
82425,T4b,5952.0
100488,T4c,5952.1
102479,T4c,5952.1
103579,T4c,5952.1
94081,T4c,5952.1
102147,T4c,5952.1
88353,T4b,5952.1
78477,T4a,5952.1
38455,Mi1,5952.1
93224,T4a,5952.1
98139,T4d,5952.2
96134,T4b,5952.2
80582,T4a,5952.2
73320,T2,5952.2
107181,T4c,5952.2
38772,Mi1,5952.2
38767,Mi1,5952.2
20264,Li28,5952.2
60698,TmY3,5952.2
118029,T4b,5952.3
105199,T4d,5952.3
99731,T4c,5952.3
89102,T4d,5952.3
67113,Mi1,5952.3
57398,Mi1,5952.3
35045,Mi1,5952.3
75377,T2a,5952.3
85152,T4c,5952.4
106801,T4c,5952.4
105126,T4c,5952.4
101620,T4b,5952.4
108307,T4b,5952.4
77779,T2a,5952.4
69980,Tm3,5952.4
63021,Tm3,5952.4
38993,Mi1,5952.4
38721,Mi1,5952.4
74375,Tm3,5952.4
101245,T4a,5952.5
97769,T4a,5952.5
64849,Tm3,5952.5
107159,T4b,5952.5
35152,Mi1,5952.5
17280,Li28,5952.5
45719,Mi1,5952.5
10112,VS,5952.6
80437,Tm3,5952.6
88039,T4c,5952.6
90474,T4b,5952.6
96003,T4d,5952.6
97981,T4a,5952.6
105412,T4a,5952.6
131034,Tm3,5952.6
108876,T4c,5952.7
119651,T4c,5952.7
88933,T4a,5952.7
105379,T4c,5952.7
60979,TmY3,5952.7
50552,Mi1,5952.7
67424,T2,5952.7
107334,T4a,5952.8
117364,T4b,5952.8
99572,T4a,5952.8
92146,T4a,5952.8
86635,T4c,5952.8
101441,T4a,5952.8
65850,T2a,5952.8
42942,Mi1,5952.8
37353,Mi1,5952.8
34300,Mi1,5952.8
83465,T4a,5952.8
86175,T4a,5952.900000000001
89142,T4b,5952.900000000001
93865,T4c,5952.900000000001
107445,T4a,5953.0
40832,Mi1,5953.0
45176,Mi1,5953.0
74044,Tm3,5953.0
100874,T4a,5953.0
98837,T4c,5953.1
95883,T4a,5953.1
100726,T4d,5953.1
91674,T4a,5953.1
27788,Mi1,5953.1
79875,T4c,5953.1
89573,T2a,5953.1
65298,T2a,5953.1
40235,Mi1,5953.200000000001
74303,Mi1,5953.200000000001
93877,T4c,5953.200000000001
97899,T4a,5953.200000000001
102977,T4d,5953.200000000001
117551,Tm3,5953.200000000001
35218,Mi1,5953.3
71089,Mi1,5953.3
50633,TmY3,5953.3
25893,VST1,5953.3
38241,Mi1,5953.3
38529,Mi1,5953.3
40958,Mi1,5953.400000000001
87452,T2a,5953.400000000001
62851,Tm3,5953.400000000001
41668,Mi1,5953.400000000001
101043,T4c,5953.400000000001
40635,Mi1,5953.400000000001
35173,Mi1,5953.400000000001
33918,Mi1,5953.400000000001
20808,LC4,5953.400000000001
11981,Li28,5953.400000000001
40106,Mi1,5953.400000000001
133040,Tm3,5953.5
74023,T2a,5953.5
72190,Tm3,5953.5
86416,T4a,5953.5
38648,Mi1,5953.5
36139,Mi1,5953.5
67971,Tm3,5953.5
42856,Mi1,5953.6
85664,TmY3,5953.6
98393,T4a,5953.6
98398,T4c,5953.6
92006,T4a,5953.700000000001
96784,T4b,5953.700000000001
96657,T4c,5953.700000000001
109035,T4b,5953.700000000001
73586,Tm3,5953.700000000001
36533,Mi1,5953.700000000001
38461,Mi1,5953.700000000001
35260,Mi1,5953.700000000001
34658,Mi1,5953.700000000001
38502,Tm3,5953.700000000001
109598,T4b,5953.8
104996,T4a,5953.8
99131,T4c,5953.8
96424,T4b,5953.8
94755,T4a,5953.8
91806,T4a,5953.8
89434,T4c,5953.8
88815,T4d,5953.8
88095,T4d,5953.8
59864,Tm3,5953.8
105521,T4c,5953.9
100981,T4d,5953.9
95242,T4d,5953.9
89099,T4a,5953.9
54087,Mi1,5953.9
78856,Tm3,5953.9
71230,Tm3,5953.9
57349,Mi1,5953.9
86932,T4b,5953.9
93688,T4a,5954.000000000001
537004,VSm,5954.000000000001
107420,T4b,5954.000000000001
96728,T4c,5954.000000000001
96107,T4d,5954.000000000001
87939,T4b,5954.000000000001
10269,OA-AL2i2,5954.000000000001
45349,Mi1,5954.000000000001
44564,TmY3,5954.000000000001
41399,Mi1,5954.000000000001
35447,Mi1,5954.000000000001
35001,Mi1,5954.000000000001
79259,T4b,5954.000000000001
102909,T4c,5954.1
101463,T4d,5954.1
77344,Tm3,5954.1
67408,Mi1,5954.1
10025,H2,5954.1
37270,Mi1,5954.1
79314,T4b,5954.2
91510,T4c,5954.2
99316,T4b,5954.2
104714,T4b,5954.3
109217,T4b,5954.3
98654,T4d,5954.3
81733,Tm3,5954.3
95458,T4d,5954.3
59959,Mi1,5954.3
34369,Mi1,5954.400000000001
35888,Mi1,5954.400000000001
71361,Tm3,5954.400000000001
71944,T2a,5954.400000000001
91682,T4b,5954.400000000001
103827,T4c,5954.400000000001
110757,T4b,5954.400000000001
116605,T4d,5954.5
107997,T4c,5954.5
95287,T4a,5954.5
93566,T4a,5954.5
87424,T4d,5954.5
70490,Mi1,5954.5
41435,Mi1,5954.5
14416,VST2,5954.5
82674,T4a,5954.5
34296,Mi1,5954.5
85126,T4a,5954.6
92911,T4c,5954.6
38421,Mi1,5954.6
98692,T4a,5954.6
75723,Tm3,5954.6
93947,T4a,5954.6
74287,Tm3,5954.6
10284,VS,5954.6
64778,TmY3,5954.6
48283,TmY3,5954.6
43978,Mi1,5954.6
16033,Li28,5954.6
65513,T2a,5954.6
10015,HSN,5954.7
10023,HSS,5954.7
36990,Mi1,5954.7
90371,T4d,5954.7
110742,T4c,5954.7
533688,Tm3,5954.7
103314,T4b,5954.8
115882,T4b,5954.8
95007,T4a,5954.8
128159,T4d,5954.8
116248,T4d,5954.8
94703,T4c,5954.8
84663,T2a,5954.8
91288,T4c,5954.8
52151,TmY3,5954.8
49324,Mi1,5954.8
10311,VS,5954.8
10016,HSE,5954.8
109291,T4d,5954.900000000001
105313,T4a,5954.900000000001
100673,T4b,5954.900000000001
98504,T4c,5954.900000000001
94305,T4a,5954.900000000001
100345,T4c,5954.900000000001
68485,T2a,5954.900000000001
57871,T2,5954.900000000001
52350,Mi1,5954.900000000001
40599,TmY3,5954.900000000001
70900,Tm3,5954.900000000001
33907,Mi1,5955.0
37599,Mi1,5955.0
66852,Mi1,5955.0
79253,T4a,5955.0
80913,T4a,5955.0
71931,Tm3,5955.1
97675,T4c,5955.1
88870,Tm3,5955.1
52485,TmY3,5955.1
34272,Mi1,5955.1
39791,Mi1,5955.1
35774,Mi1,5955.1
51122,Mi1,5955.1
15019,Li28,5955.200000000001
16606,VST2,5955.200000000001
63175,Mi1,5955.200000000001
74504,T2a,5955.200000000001
102031,T4c,5955.200000000001
114391,T4d,5955.3
96262,T4c,5955.3
10001,DNp01,5955.3
34142,Mi1,5955.3
94893,T4c,5955.3
103195,T4a,5955.4
132624,Tm3,5955.4
113107,T4a,5955.4
94153,T4d,5955.4
92415,T4a,5955.4
90423,T4b,5955.4
39525,Mi1,5955.4
10012,VS,5955.4
93622,T4c,5955.4
34626,Mi1,5955.500000000001
56984,TmY3,5955.500000000001
63994,Mi1,5955.500000000001
72796,Tm3,5955.500000000001
97145,T4c,5955.500000000001
171349687,Tm3,5955.500000000001
111304,T4b,5955.6
120016,Tm3,5955.6
102801,T4b,5955.6
99519,T4a,5955.6
87565,T4a,5955.6
97545,T4c,5955.6
76003,Tm3,5955.6
46827,Mi1,5955.6
34171,Mi1,5955.6
11134,VSm,5955.6
10037,VS,5955.6
78151,Tm3,5955.6
115452,T4c,5955.7
113171,T4b,5955.7
109031,Tm3,5955.7
100956,T4d,5955.7
67150,T2a,5955.7
63489,T2,5955.7
55976,Mi1,5955.7
35840,Mi1,5955.7
94071,T4a,5955.7
92046,T4d,5955.8
108344,T4d,5955.8
103870,T4a,5955.8
89368,T4c,5955.8
112545,T4d,5955.8
63420,Mi1,5955.8
45948,TmY3,5955.8
23047,Li28,5955.8
15422,VST2,5955.8
65671,Mi1,5955.8
82121,Tm3,5955.900000000001
78927,T2a,5955.900000000001
90430,T2a,5955.900000000001
98751,T4a,5955.900000000001
67131,Tm3,5955.900000000001
87358,T4a,5955.900000000001
38893,Mi1,5955.900000000001
35498,Mi1,5955.900000000001
33216,Mi1,5955.900000000001
22194,LC4,5955.900000000001
47211,Mi1,5955.900000000001
98890,T4c,5956.0
69063,Mi1,5956.0
68535,T2a,5956.0
89483,T4a,5956.0
41659,Mi1,5956.0
40426,Mi1,5956.0
36540,Mi1,5956.0
42675,Mi1,5956.0
10403,VS,5956.1
33446,Mi1,5956.1
42691,Mi1,5956.1
81215,Tm3,5956.1
89020,T4a,5956.1
106819,T4b,5956.1
93021,T4a,5956.2
103344,T4b,5956.2
98409,T4c,5956.2
88005,T4d,5956.2
89282,T4a,5956.2
58196,TmY3,5956.2
81378,T4b,5956.2
46662,TmY3,5956.2
39651,Mi1,5956.2
37113,Mi1,5956.2
10755,H1,5956.3
35017,Mi1,5956.3
36954,Mi1,5956.3
43689,Mi1,5956.3
120992,Tm3,5956.3
83067,T4b,5956.400000000001
96671,T4c,5956.400000000001
38987,Mi1,5956.400000000001
39743,Mi1,5956.400000000001
33326,Mi1,5956.5
35113,Mi1,5956.5
41637,Mi1,5956.5
44592,TmY3,5956.5
87566,T4a,5956.5
97184,T4d,5956.5
99748,T4b,5956.5
101742,T4c,5956.5
105403,T4c,5956.5
105862,T4d,5956.5
93985,T4c,5956.599999999999
102425,T4b,5956.599999999999
95074,T4a,5956.599999999999
86141,T4b,5956.599999999999
37000,Mi1,5956.599999999999
37733,TmY3,5956.599999999999
14209,Li28,5956.599999999999
47967,Mi1,5956.599999999999
46248,Mi1,5956.700000000001
73447,Tm3,5956.700000000001
74112,T2a,5956.700000000001
84781,Tm3,5956.700000000001
97193,T4a,5956.700000000001
98026,T4b,5956.700000000001
106587,T4d,5956.700000000001
100787,T4b,5956.8
96576,T4c,5956.8
81883,T2a,5956.8
39727,Mi1,5956.8
15909,Li28,5956.8
35683,Mi1,5956.8
10112,VS,5956.8
35934,Mi1,5956.8
127170,Tm3,5956.9
108625,T4b,5956.9
107799,T4b,5956.9
106950,T4c,5956.9
106912,Tm3,5956.9
98887,T4b,5956.9
77484,T4d,5956.9
77527,T4a,5956.9
75118,T2a,5956.9
68840,TmY3,5956.9
53156,TmY3,5956.9
42119,Mi1,5956.9
90533,T4c,5956.9
85536,T4a,5957.0
44438,Mi1,5957.0
94866,T4d,5957.0
10025,H2,5957.0
43323,Mi1,5957.0
10206,VS,5957.1
66227,Tm3,5957.1
66325,Tm3,5957.1
96812,T4a,5957.1
104336,T4b,5957.1
110646,T4b,5957.1
95928,T4c,5957.2
102703,T4a,5957.2
96199,T4a,5957.2
89485,T4a,5957.2
37948,Mi1,5957.2
83718,Tm3,5957.2
48531,Mi1,5957.2
84366,T4b,5957.2
36217,Mi1,5957.3
37138,Mi1,5957.3
38687,Mi1,5957.3
39158,Mi1,5957.3
77594,T2a,5957.3
84328,T4a,5957.3
91629,T4a,5957.3
93957,T4b,5957.3
83639,T2a,5957.400000000001
80080,T2a,5957.400000000001
35712,Mi1,5957.400000000001
47686,TmY3,5957.400000000001
31492,Mi1,5957.5
33942,Mi1,5957.5
70524,T2a,5957.5
87845,T4a,5957.5
96931,T4b,5957.5
107240,T4b,5957.5
112750,T4c,5957.6
525839,Mi1,5957.6
86724,Tm3,5957.6
10016,HSE,5957.6
36452,Mi1,5957.6
65468,T2,5957.6
16545,Li28,5957.7
35405,Mi1,5957.7
41522,Mi1,5957.7
98817,T4a,5957.7
101480,T4c,5957.7
104297,T4a,5957.8
84631,T4c,5957.8
82618,T2a,5957.8
49516,TmY3,5957.8
58945,Tm3,5957.8
34933,Mi1,5957.8
69266,Tm3,5957.8
121093,T4b,5957.900000000001
112321,T4d,5957.900000000001
108249,T4a,5957.900000000001
87873,T4b,5957.900000000001
88491,T4a,5957.900000000001
38477,Mi1,5957.900000000001
37224,Mi1,5957.900000000001
16570,VST2,5957.900000000001
10015,HSN,5957.900000000001
73828,Tm3,5957.900000000001
111180,T4c,5958.0
94058,T4b,5958.0
93984,T4b,5958.0
92593,T4d,5958.0
80302,T2a,5958.0
69961,Tm3,5958.0
40256,Mi1,5958.0
38748,Mi1,5958.0
33017,Mi1,5958.0
32893,Mi1,5958.0
101621,T4d,5958.099999999999
98668,T4a,5958.099999999999
95554,T4b,5958.099999999999
87937,T4d,5958.099999999999
121816,T4a,5958.099999999999
77916,T2a,5958.099999999999
34899,Mi1,5958.099999999999
10023,HSS,5958.099999999999
81305,Tm3,5958.099999999999
112393,T4a,5958.200000000001
99789,T4d,5958.200000000001
95681,T4a,5958.200000000001
90657,T4a,5958.200000000001
88922,T4c,5958.200000000001
84008,T4c,5958.200000000001
62401,T2,5958.200000000001
40171,Mi1,5958.200000000001
36646,Mi1,5958.200000000001
105802,T4c,5958.3
101379,T4d,5958.3
98598,T4c,5958.3
97784,T4c,5958.3
97028,T4c,5958.3
41804,Mi1,5958.3
64913,T2,5958.3
60857,Mi1,5958.3
57239,Mi1,5958.3
73723,T2a,5958.3
101215,T4c,5958.4
93509,T4b,5958.4
88398,T4a,5958.4
87763,T4a,5958.4
71437,T2a,5958.4
77972,Tm3,5958.4
38632,Mi1,5958.4
17596,Li28,5958.4
86558,T4b,5958.4
81401,T4b,5958.5
62757,T2a,5958.5
61835,T2,5958.5
90027,T4c,5958.5
44222,Mi1,5958.5
40936,Mi1,5958.5
35890,Mi1,5958.5
53065,Mi1,5958.5
41613,Mi1,5958.6
42048,Mi1,5958.6
43615,Mi1,5958.6
66345,T2a,5958.6
79449,T4b,5958.6
83682,Tm3,5958.6
89139,T4c,5958.6
96211,T4d,5958.6
101721,T4d,5958.7
101770,T4b,5958.7
93972,T4a,5958.7
69380,Tm3,5958.7
85741,T4a,5958.7
40944,Mi1,5958.7
91444,T4c,5958.7
43414,Mi1,5958.8
65531,T2a,5958.8
79936,Tm3,5958.8
104683,T4b,5958.8
110403,T4b,5958.8
546524,Mi1,5958.9
108757,T4c,5958.9
107529,T4d,5958.9
70708,T2,5958.9
43872,Mi1,5958.9
96365,T4a,5958.9
87896,T4a,5959.0
107442,T4d,5959.0
106821,T4b,5959.0
98312,T4a,5959.0
84267,T4c,5959.0
88698,T4a,5959.0
42758,Mi1,5959.0
78470,Tm3,5959.0
36346,Mi1,5959.0
34189,Mi1,5959.0
11981,Li28,5959.0
126163,Tm3,5959.1
117882,T4b,5959.1
102579,T4b,5959.1
93927,T4a,5959.1
85924,T4a,5959.1
85429,T4d,5959.1
82099,T4b,5959.1
78940,T4a,5959.1
78561,Tm3,5959.1
112453,T4c,5959.2
114995,T4b,5959.2
104390,T4a,5959.2
104191,T4a,5959.2
96081,T4a,5959.2
105180,T4c,5959.2
93045,T4b,5959.2
70289,Mi1,5959.2
59599,T2,5959.2
39688,Mi1,5959.2
32535,Mi1,5959.2
95532,T4a,5959.2
122273,Tm3,5959.3
115422,T4c,5959.3
106093,T4a,5959.3
104753,T4a,5959.3
106664,T4c,5959.3
66808,Tm3,5959.3
40085,Mi1,5959.3
38227,Mi1,5959.3
34356,Mi1,5959.3
85938,T4a,5959.3
112775,T4d,5959.400000000001
109023,T4c,5959.400000000001
97835,T4a,5959.400000000001
95499,T4b,5959.400000000001
81211,Tm3,5959.400000000001
35512,Mi1,5959.400000000001
34862,Mi1,5959.400000000001
62856,T2,5959.400000000001
95235,T4d,5959.5
102519,T4a,5959.5
96394,T4b,5959.5
77138,Tm3,5959.5
42010,TmY3,5959.5
48286,Mi1,5959.5
10037,VS,5959.5
51231,TmY3,5959.5
36305,Mi1,5959.5
39067,Mi1,5959.599999999999
70158,T2a,5959.599999999999
100046,T4b,5959.599999999999
105718,T4b,5959.599999999999
78317,T4a,5959.700000000001
110987,Tm3,5959.700000000001
83509,T2a,5959.700000000001
83307,Tm3,5959.700000000001
73122,T2a,5959.700000000001
63468,Mi1,5959.700000000001
39164,Mi1,5959.700000000001
12521,HST,5959.700000000001
39858,Mi1,5959.8
41136,Mi1,5959.8
65803,T2,5959.8
80282,T4d,5959.8
98911,T4b,5959.9
82855,Tm3,5959.9
82299,T4c,5959.9
64485,T2,5959.9
10025,H2,5960.0
10072,OA-AL2i1,5960.0
17280,Li28,5960.0
24867,VST1,5960.0
40219,Mi1,5960.0
41709,Mi1,5960.0
92229,T4c,5960.0
99975,T4c,5960.0
98985,T4c,5960.1
97256,T4c,5960.1
93482,T4d,5960.1
79297,T4a,5960.1
36994,Mi1,5960.1
48514,TmY3,5960.1
10012,VS,5960.1
78172,TmY3,5960.1
89784,T4b,5960.2
121821,T4c,5960.2
107609,T4d,5960.2
537004,VSm,5960.2
81548,T2a,5960.2
40596,Mi1,5960.2
40505,Mi1,5960.2
36446,Mi1,5960.2
43485,Mi1,5960.2
16033,Li28,5960.3
37037,Mi1,5960.3
67308,Mi1,5960.3
82699,Tm3,5960.3
117748,Tm3,5960.4
109857,T4d,5960.4
100567,T4d,5960.4
10016,HSE,5960.4
37509,Mi1,5960.4
70632,Tm3,5960.4
102016,T4a,5960.5
112369,T4d,5960.5
96774,T4c,5960.5
121245,Tm3,5960.5
91913,T4b,5960.5
91505,T4c,5960.5
50345,TmY3,5960.5
92047,T4c,5960.5
107819,T4c,5960.6
106203,T4d,5960.6
46745,Mi1,5960.6
39595,Mi1,5960.6
33655,Mi1,5960.6
30997,Mi1,5960.6
10755,H1,5960.6
35777,Mi1,5960.6
91857,T4b,5960.7
105565,Tm3,5960.7
98118,T4c,5960.7
96090,T4c,5960.7
90888,T4b,5960.7
36660,Mi1,5960.7
90278,T4a,5960.7
40716,Tm3,5960.7
37677,Mi1,5960.7
90566,T4d,5960.7
90394,T4a,5960.8
103022,T4a,5960.8
107184,Tm3,5960.8
82515,Tm3,5960.8
94329,T4c,5960.8
38791,Mi1,5960.8
36684,Mi1,5960.8
33091,Mi1,5960.8
10284,VS,5960.8
41809,Mi1,5960.8
111928,T4b,5960.900000000001
105962,T4b,5960.900000000001
104257,T4b,5960.900000000001
95364,T4d,5960.900000000001
76788,T4b,5960.900000000001
75343,Tm3,5960.900000000001
61500,Tm3,5960.900000000001
38857,Mi1,5960.900000000001
121887,T4b,5961.0
107297,T4c,5961.0
90952,T4c,5961.0
84063,T4b,5961.0
77383,T2a,5961.0
10015,HSN,5961.0
69164,Mi1,5961.0
35806,Mi1,5961.0
10687,OA-AL2i3,5961.0
10112,VS,5961.0
71131,Tm3,5961.0
95498,T4b,5961.1
111613,T4d,5961.1
106530,T4d,5961.1
83677,T4c,5961.1
36410,Mi1,5961.1
38708,Mi1,5961.1
36911,Mi1,5961.1
83379,Tm3,5961.1
35845,Mi1,5961.1
110482,T4b,5961.200000000001
85009,Tm3,5961.200000000001
67810,Tm3,5961.200000000001
123299,T4c,5961.200000000001
36881,Mi1,5961.200000000001
35428,Mi1,5961.200000000001
35234,Mi1,5961.200000000001
39438,Mi1,5961.200000000001
35100,Mi1,5961.3
37391,Mi1,5961.3
55101,Mi1,5961.3
73716,T2a,5961.3
89110,Tm3,5961.3
98238,T4b,5961.3
104130,T4a,5961.3
105242,T4c,5961.3
112744,T4d,5961.400000000001
116259,T4b,5961.400000000001
106840,T4b,5961.400000000001
41296,Mi1,5961.400000000001
90049,T4c,5961.400000000001
90097,T4c,5961.400000000001
74159,Tm3,5961.400000000001
10023,HSS,5961.5
35580,Mi1,5961.5
40411,Mi1,5961.5
99636,T4d,5961.5
112344,T4c,5961.5
40400,Mi1,5961.6
106190,T4d,5961.6
104931,T4c,5961.6
104008,T4b,5961.6
101878,T4a,5961.6
90900,T4a,5961.6
37529,Mi1,5961.6
37084,Mi1,5961.6
33614,Mi1,5961.6
15909,Li28,5961.6
87289,T4a,5961.6
74860,Tm3,5961.700000000001
93935,T4a,5961.700000000001
81015,T4a,5961.700000000001
149504,T4d,5961.700000000001
40795,Mi1,5961.700000000001
39629,Mi1,5961.700000000001
37839,Mi1,5961.700000000001
31848,Mi1,5961.700000000001
58967,TmY3,5961.700000000001
112563,Tm3,5961.8
108907,T4c,5961.8
102572,T4c,5961.8
111823,T4c,5961.8
98325,T4d,5961.8
80670,T4a,5961.8
53075,TmY3,5961.8
98938,T4a,5961.8
71052,T2a,5961.9
83438,T4a,5961.9
104674,T4a,5961.9
119601,T4d,5961.9
130730,Tm3,5961.9
74997,Tm3,5962.000000000001
106166,T4b,5962.000000000001
103654,T4b,5962.000000000001
98467,T4d,5962.000000000001
67614,Mi1,5962.000000000001
37294,Mi1,5962.000000000001
38768,Mi1,5962.000000000001
37680,Mi1,5962.000000000001
48060,Mi1,5962.000000000001
38208,Mi1,5962.000000000001
19292,Li28,5962.1
34867,Mi1,5962.1
39275,Mi1,5962.1
78215,T2a,5962.1
103867,T4a,5962.1
114080,T4a,5962.1
97878,T4b,5962.2
119213,T4c,5962.2
35897,Mi1,5962.2
38230,Mi1,5962.2
73619,T2a,5962.2
97105,T4d,5962.3
11134,VSm,5962.3
35602,Mi1,5962.3
43783,Mi1,5962.3
82576,T4b,5962.3
89290,T4d,5962.3
91469,T4c,5962.400000000001
37243,Mi1,5962.400000000001
90121,T4b,5962.400000000001
117627,Tm3,5962.400000000001
85170,T4c,5962.400000000001
30923,TmY3,5962.400000000001
44527,Mi1,5962.400000000001
42594,Mi1,5962.400000000001
67152,Tm3,5962.400000000001
36275,Mi1,5962.5
77361,T4a,5962.5
90567,T4b,5962.5
93313,T4a,5962.5
93360,T4b,5962.5
93419,T4b,5962.5
98194,T4d,5962.5
103108,T4b,5962.5
94886,T4d,5962.6
113410,T4d,5962.6
103722,T4c,5962.6
100838,T4c,5962.6
115686,T4b,5962.6
85856,TmY3,5962.6
41120,Mi1,5962.6
35724,Mi1,5962.6
35290,Mi1,5962.6
34057,Mi1,5962.6
10001,DNp01,5962.6
56918,TmY3,5962.6
116716,T4b,5962.7
102462,T4c,5962.7
62078,Mi1,5962.7
82529,T2a,5962.7
43965,Mi1,5962.7
41671,TmY3,5962.7
37438,Mi1,5962.7
47465,TmY3,5962.7
16545,Li28,5962.8
39718,Mi1,5962.8
40577,Mi1,5962.8
40703,Mi1,5962.8
42895,Mi1,5962.8
63190,T2,5962.8
151155,T4b,5962.900000000001
102786,Tm3,5962.900000000001
96676,T4b,5962.900000000001
69570,Tm3,5962.900000000001
50871,TmY3,5962.900000000001
49372,TmY3,5962.900000000001
10025,H2,5962.900000000001
66739,Tm3,5962.900000000001
127970,Tm3,5963.0
107117,T4d,5963.0
68264,Tm3,5963.0
49788,TmY3,5963.0
74231,Tm3,5963.0
42872,Mi1,5963.0
39716,Mi1,5963.0
38238,Mi1,5963.0
48894,TmY3,5963.0
106121,T4a,5963.099999999999
10206,VS,5963.099999999999
34849,Mi1,5963.099999999999
44282,Mi1,5963.099999999999
50333,TmY3,5963.099999999999
80906,T4c,5963.099999999999
84038,Tm3,5963.099999999999
112806,T4c,5963.200000000001
61695,T2,5963.200000000001
107356,T4d,5963.200000000001
116633,T4c,5963.200000000001
103479,T4c,5963.200000000001
10016,HSE,5963.200000000001
91057,T4c,5963.200000000001
44119,Mi1,5963.200000000001
101685,T4b,5963.200000000001
99628,T4b,5963.3
74807,TmY3,5963.3
65833,Mi1,5963.3
39500,Mi1,5963.3
108475,T4b,5963.3
22108,TmY3,5963.3
20634,VST1,5963.3
10037,VS,5963.3
37756,Mi1,5963.3
16596,Li28,5963.4
34045,Mi1,5963.4
34479,Mi1,5963.4
78911,Tm3,5963.4
98361,T4a,5963.4
106844,T4d,5963.4
91179,T4a,5963.500000000001
100946,T4c,5963.500000000001
100282,T4a,5963.500000000001
93166,T4c,5963.500000000001
68982,Tm3,5963.500000000001
68212,T2a,5963.500000000001
66357,T2a,5963.500000000001
46784,Mi1,5963.500000000001
42533,TmY3,5963.500000000001
10311,VS,5963.500000000001
84800,Tm3,5963.6
84689,Tm3,5963.6
43063,Mi1,5963.6
108974,T4c,5963.6
37088,Mi1,5963.6
36177,Mi1,5963.6
37390,Mi1,5963.6
58527,TmY3,5963.7
78739,T4b,5963.7
86686,T4c,5963.7
101005,T4d,5963.7
102975,T4b,5963.7
103148,T4a,5963.7
111783,T4a,5963.7
44449,TmY3,5963.8
96295,T4b,5963.8
37568,Mi1,5963.8
38178,Mi1,5963.8
35416,Mi1,5963.8
35235,Mi1,5963.8
36158,Mi1,5963.8
41536,Mi1,5963.900000000001
72655,Mi1,5963.900000000001
74228,Tm3,5963.900000000001
84490,T4a,5963.900000000001
100105,T4a,5963.900000000001
106510,T4b,5963.900000000001
58862,Mi1,5964.0
110693,Tm3,5964.0
102113,T4b,5964.0
99837,T4a,5964.0
94147,T4a,5964.0
15263,Li28,5964.0
71164,Mi1,5964.0
38479,Mi1,5964.0
10015,HSN,5964.0
71308,Tm3,5964.0
91741,T4d,5964.1
99670,T4c,5964.1
39405,Mi1,5964.1
542412,Mi1,5964.1
108119,T4c,5964.1
85731,T4d,5964.1
37044,Mi1,5964.1
72501,Mi1,5964.1
37108,Mi1,5964.1
36252,Mi1,5964.1
18127,LC4,5964.1
80197,T4a,5964.1
107628,T4d,5964.2
103033,T4a,5964.2
100033,T4c,5964.2
95335,T4a,5964.2
91303,T4b,5964.2
37699,Mi1,5964.2
38596,Mi1,5964.2
37019,Mi1,5964.2
36695,Mi1,5964.2
11981,Li28,5964.2
109593,Tm3,5964.2
83583,T4d,5964.2
138152,Tm3,5964.2
110604,T4a,5964.3
112048,T4c,5964.3
103271,T4c,5964.3
47368,TmY3,5964.3
45319,Mi1,5964.3
98010,T4a,5964.3
107031,T4b,5964.400000000001
33462,Mi1,5964.400000000001
33766,Mi1,5964.400000000001
37927,Mi1,5964.400000000001
64149,Mi1,5964.400000000001
73767,Mi1,5964.400000000001
81996,T2a,5964.400000000001
94624,T4a,5964.400000000001
100190,T4c,5964.400000000001
104942,T4a,5964.400000000001
105099,T4b,5964.400000000001
116311,T4d,5964.400000000001
97031,T4c,5964.5
90740,Tm3,5964.5
102045,T4a,5964.5
59397,Mi1,5964.5
34404,Mi1,5964.5
60337,TmY3,5964.5
100274,T4a,5964.599999999999
96015,T4c,5964.599999999999
97288,T4c,5964.599999999999
97249,T4d,5964.599999999999
93564,T4d,5964.599999999999
34463,Mi1,5964.599999999999
46230,TmY3,5964.599999999999
37853,Mi1,5964.599999999999
35770,Mi1,5964.599999999999
85778,T4b,5964.599999999999
111746,Tm3,5964.700000000001
10012,VS,5964.700000000001
10755,H1,5964.700000000001
74853,Tm3,5964.700000000001
95736,T4c,5964.700000000001
102481,T4a,5964.700000000001
109384,T4d,5964.700000000001
109774,T4d,5964.700000000001
77395,T4b,5964.8
76446,TmY3,5964.8
105834,T4d,5964.8
68167,Tm3,5964.8
66538,T2,5964.8
46121,TmY3,5964.8
38710,Mi1,5964.8
35734,Mi1,5964.8
23047,Li28,5964.8
122233,Tm3,5964.9
109727,T4b,5964.9
90145,T4a,5964.9
56564,Mi1,5964.9
85229,T4c,5964.9
33394,Mi1,5964.9
10112,VS,5964.9
10023,HSS,5964.9
35836,Mi1,5964.9
101945,T4b,5965.0
117221,T4c,5965.0
112633,T4b,5965.0
112179,T4b,5965.0
109326,T4c,5965.0
100729,T4b,5965.0
101645,T4a,5965.0
91914,T4a,5965.0
95453,T4a,5965.0
85378,T4a,5965.0
82282,Tm3,5965.0
71394,T2a,5965.0
67963,Tm3,5965.0
37585,Mi1,5965.0
77991,Tm3,5965.1
68951,TmY3,5965.1
98039,T4d,5965.1
37371,Mi1,5965.1
67464,Mi1,5965.1
105332,T4b,5965.2
10322,OA-AL2i2,5965.2
37123,Mi1,5965.2
38993,Mi1,5965.2
41545,Mi1,5965.2
75473,Tm3,5965.2
90419,T4b,5965.2
101772,Tm3,5965.2
103725,T4a,5965.2
105300,T4a,5965.2
84577,T2a,5965.3
83161,T2a,5965.3
526158,Mi1,5965.3
115511,T4d,5965.3
74061,Tm3,5965.3
81092,Tm3,5965.3
58224,Mi1,5965.3
69441,Tm3,5965.3
45696,Mi1,5965.3
39505,Mi1,5965.3
37555,Mi1,5965.3
23606,Mi1,5965.3
45322,Mi1,5965.400000000001
94282,T4c,5965.400000000001
96830,T4b,5965.400000000001
105849,T4d,5965.400000000001
134799,Tm3,5965.5
127686,Tm3,5965.5
94549,T4b,5965.5
83979,T4a,5965.5
82313,T4a,5965.5
35572,Mi1,5965.5
38721,Mi1,5965.5
38487,Mi1,5965.5
16033,Li28,5965.5
72314,T2,5965.5
110555,T4b,5965.6
116439,T4c,5965.6
100050,T4a,5965.6
111852,T4a,5965.6
51049,Mi1,5965.6
88167,T4b,5965.6
34606,Mi1,5965.6
107095,T4c,5965.7
104853,T4c,5965.7
102741,T4c,5965.7
99922,T4c,5965.7
92055,T4c,5965.7
117862,T4d,5965.7
76621,T2a,5965.7
69889,T2a,5965.7
41654,Mi1,5965.7
41626,Mi1,5965.7
86907,T4a,5965.7
107812,T4a,5965.8
72279,Mi1,5965.8
45005,TmY3,5965.8
45719,Mi1,5965.8
33110,Mi1,5965.8
10025,H2,5965.8
38514,Mi1,5965.8
97853,T4c,5965.900000000001
113648,T4c,5965.900000000001
103425,T4a,5965.900000000001
102910,T4b,5965.900000000001
100785,T4b,5965.900000000001
98788,T4d,5965.900000000001
92839,T4b,5965.900000000001
24338,LC4,5965.900000000001
84364,Tm3,5965.900000000001
38455,Mi1,5965.900000000001
40235,Mi1,5965.900000000001
90796,T4d,5965.900000000001
68342,Tm3,5965.900000000001
64341,TmY3,5965.900000000001
10016,HSE,5966.0
37270,Mi1,5966.0
44700,Mi1,5966.0
58553,TmY3,5966.0
62488,T2,5966.0
68689,T2a,5966.0
82549,T4b,5966.0
102765,T4d,5966.0
37631,Mi1,5966.0
126419,T4d,5966.099999999999
98222,T4d,5966.099999999999
110182,T4c,5966.099999999999
92939,T4b,5966.099999999999
64977,T2,5966.099999999999
50311,TmY3,5966.099999999999
81620,T2a,5966.099999999999
34938,Mi1,5966.200000000001
64712,T2a,5966.200000000001
72665,Mi1,5966.200000000001
98575,T4a,5966.200000000001
112310,T4d,5966.200000000001
103677,T4b,5966.3
100165,T4b,5966.3
48547,TmY3,5966.3
36369,Mi1,5966.3
34079,Mi1,5966.3
39692,TmY3,5966.3
100310,T4d,5966.4
109536,T4d,5966.4
106200,T4c,5966.4
539983,T4c,5966.4
92114,T4c,5966.4
104621,T4c,5966.4
38648,Mi1,5966.4
35152,Mi1,5966.4
67113,Mi1,5966.4
38461,Mi1,5966.4
37353,Mi1,5966.4
34329,Mi1,5966.5
59008,Mi1,5966.5
71853,T2a,5966.5
74411,Mi1,5966.5
83365,T2a,5966.5
94356,T4c,5966.5
800146,TTMn,5966.6
104478,T4d,5966.6
104017,T4b,5966.6
96835,T4b,5966.6
95985,T4c,5966.6
57164,TmY3,5966.6
41950,Mi1,5966.6
34658,Mi1,5966.6
15909,Li28,5966.6
76074,Tm3,5966.6
101230,T4a,5966.7
101072,T4b,5966.7
100867,T4b,5966.7
97318,T4d,5966.7
92684,T4c,5966.7
45162,TmY3,5966.7
40854,Mi1,5966.7
83009,T4b,5966.7
36139,Mi1,5966.7
34300,Mi1,5966.7
10284,VS,5966.8
66872,T2,5966.8
35045,Mi1,5966.9
40635,Mi1,5966.9
92640,T4d,5966.9
100924,T4b,5966.9
104670,T4d,5966.9
105214,T4c,5966.9
110712,T4c,5966.9
98417,T4d,5966.9
137320,Tm3,5967.0
90219,T4a,5967.0
118385,T4b,5967.0
106910,T4d,5967.0
95921,T4c,5967.0
79704,T4d,5967.0
71674,T2a,5967.0
61960,T2,5967.0
41668,Mi1,5967.0
10037,VS,5967.0
10015,HSN,5967.0
78503,T2a,5967.0
103780,T4c,5967.1
99950,T4c,5967.1
98175,T4c,5967.1
94324,Tm3,5967.1
89409,T4a,5967.1
78437,Tm3,5967.1
64050,T2,5967.1
50552,Mi1,5967.1
41399,Mi1,5967.1
34296,Mi1,5967.1
83689,T4a,5967.1
96260,T4d,5967.2
98099,T4b,5967.2
537004,VSm,5967.2
87106,T4a,5967.2
96434,T4d,5967.2
63825,Tm3,5967.2
42942,Mi1,5967.2
35218,Mi1,5967.2
17280,Li28,5967.2
69915,TmY3,5967.2
547091,T2,5967.3
96307,T4a,5967.3
69540,TmY3,5967.3
62912,T2,5967.3
115818,T4a,5967.3
47240,TmY3,5967.3
40026,TmY3,5967.3
38772,Mi1,5967.3
20808,LC4,5967.3
47962,TmY3,5967.3
108065,T4c,5967.400000000001
101081,T4c,5967.400000000001
71089,Mi1,5967.400000000001
57398,Mi1,5967.400000000001
54087,Mi1,5967.400000000001
33918,Mi1,5967.400000000001
27788,Mi1,5967.400000000001
35173,Mi1,5967.400000000001
86578,T4c,5967.5
128726,Tm3,5967.5
111380,Tm3,5967.5
79358,T2a,5967.5
92957,T4d,5967.5
59959,Mi1,5967.5
52350,Mi1,5967.5
66980,T2a,5967.5
46324,TmY3,5967.5
45176,Mi1,5967.5
91781,Tm3,5967.599999999999
45349,Mi1,5967.599999999999
81372,Tm3,5967.599999999999
38133,Mi1,5967.599999999999
35001,Mi1,5967.599999999999
40832,Mi1,5967.599999999999
34142,Mi1,5967.700000000001
91345,T4c,5967.700000000001
97186,T4a,5967.700000000001
106886,T4c,5967.700000000001
108870,T4a,5967.700000000001
112993,T4b,5967.700000000001
104202,T4d,5967.8
104123,T4b,5967.8
97306,T4a,5967.8
38767,Mi1,5967.8
38529,Mi1,5967.8
93527,T4a,5967.8
83042,T4b,5967.9
120201,T4b,5967.9
111581,T4d,5967.9
102544,T4d,5967.9
100855,T4a,5967.9
100247,T4c,5967.9
76268,T2a,5967.9
120594,T4c,5967.9
67719,T2a,5967.9
65671,Mi1,5967.9
60856,T2a,5967.9
38241,Mi1,5967.9
16545,Li28,5967.9
77307,Tm3,5967.9
107567,T4c,5968.0
98245,T4c,5968.0
128396,T4d,5968.0
109645,T4b,5968.0
80582,T4a,5968.0
86778,T4a,5968.0
67072,T2a,5968.0
42856,Mi1,5968.0
36533,Mi1,5968.0
35774,Mi1,5968.0
35447,Mi1,5968.0
74927,Tm3,5968.0
20264,Li28,5968.1
85737,T2a,5968.1
89866,T4b,5968.1
94471,T4a,5968.1
113414,T4d,5968.1
114207,T4a,5968.1
127153,Tm3,5968.2
114201,T4c,5968.2
97872,T4d,5968.2
87412,T4c,5968.2
10206,VS,5968.2
73795,TmY3,5968.2
70239,T2,5968.2
86419,Tm3,5968.2
119245,T4d,5968.3
112714,T4d,5968.3
108675,T4b,5968.3
102514,T4a,5968.3
94179,T4a,5968.3
40106,Mi1,5968.3
39525,Mi1,5968.3
37599,Mi1,5968.3
11134,VSm,5968.3
85598,T4b,5968.3
117631,T4d,5968.4
112458,T4b,5968.4
105545,T4d,5968.4
98937,T4a,5968.4
80483,T4c,5968.4
92706,T4a,5968.4
69425,T2a,5968.4
41435,Mi1,5968.4
36990,Mi1,5968.4
12521,HST,5968.4
75172,T2a,5968.4
75521,T2a,5968.500000000001
122333,T4b,5968.500000000001
108066,T4b,5968.500000000001
99011,T4c,5968.500000000001
80855,Tm3,5968.500000000001
67408,Mi1,5968.500000000001
108697,T4d,5968.500000000001
43978,Mi1,5968.500000000001
38987,Mi1,5968.500000000001
38421,Mi1,5968.500000000001
34369,Mi1,5968.500000000001
48986,TmY3,5968.500000000001
10023,HSS,5968.500000000001
97171,T4d,5968.6
91725,T4b,5968.6
88127,T4b,5968.6
86992,T4b,5968.6
62838,TmY3,5968.6
39894,T4b,5968.6
112073,T4b,5968.7
109831,T4d,5968.7
104703,T4d,5968.7
99671,T4c,5968.7
64256,T2a,5968.7
10112,VS,5968.7
60979,TmY3,5968.7
57349,Mi1,5968.7
10025,H2,5968.7
62894,Tm3,5968.7
71583,Tm3,5968.8
101865,T4a,5968.8
100501,T4b,5968.8
122308,Tm3,5968.8
95345,T4d,5968.8
54885,TmY3,5968.8
34626,Mi1,5968.8
35888,Mi1,5968.8
35260,Mi1,5968.8
33446,Mi1,5968.8
10016,HSE,5968.8
51122,Mi1,5968.8
106894,T4b,5968.900000000001
104972,T4a,5968.900000000001
104911,T4c,5968.900000000001
104027,T4d,5968.900000000001
97885,T4a,5968.900000000001
89025,T4a,5968.900000000001
77920,Tm3,5968.900000000001
69736,Tm3,5968.900000000001
66791,Tm3,5968.900000000001
10755,H1,5968.900000000001
93407,T4d,5968.900000000001
100206,T4c,5969.0
92346,T4a,5969.0
88152,T4c,5969.0
72148,Tm3,5969.0
78529,Tm3,5969.0
63175,Mi1,5969.0
10269,OA-AL2i2,5969.0
71447,T4c,5969.0
61370,T2,5969.0
100075,T4c,5969.1
104414,T4d,5969.1
92251,T4b,5969.1
87814,T4b,5969.1
72426,Tm3,5969.1
88933,T4a,5969.1
60643,Tm3,5969.1
49324,Mi1,5969.1
42691,Mi1,5969.1
42675,Mi1,5969.1
34272,Mi1,5969.1
70490,Mi1,5969.1
37113,Mi1,5969.200000000001
39743,Mi1,5969.200000000001
83125,T4b,5969.200000000001
91325,T4a,5969.200000000001
97769,T4a,5969.200000000001
88992,T4c,5969.3
111416,Tm3,5969.3
107464,T4a,5969.3
104622,T4b,5969.3
112362,T4c,5969.3
78820,T2a,5969.3
77910,Tm3,5969.3
74303,Mi1,5969.3
60594,TmY3,5969.3
35840,Mi1,5969.3
80093,T2a,5969.3
100319,T4b,5969.400000000001
89099,T4a,5969.400000000001
85152,T4c,5969.400000000001
66852,Mi1,5969.400000000001
74731,T2a,5969.400000000001
40958,Mi1,5969.400000000001
35017,Mi1,5969.400000000001
15019,Li28,5969.400000000001
10012,VS,5969.400000000001
47211,Mi1,5969.400000000001
69228,T2a,5969.5
93302,T4b,5969.5
93588,T4b,5969.5
102742,T4d,5969.5
107715,T4a,5969.5
114698,T4b,5969.5
99074,T4b,5969.6
101033,T4d,5969.6
98404,T4d,5969.6
39791,Mi1,5969.6
95005,T4a,5969.6
98300,T4a,5969.6
100215,T4c,5969.700000000001
97015,T4a,5969.700000000001
96989,T4d,5969.700000000001
95356,T4a,5969.700000000001
117039,T4c,5969.700000000001
88575,T4b,5969.700000000001
67449,TmY3,5969.700000000001
33216,Mi1,5969.700000000001
92254,T4b,5969.700000000001
11551,VS,5969.8
69536,Tm3,5969.8
79271,T4a,5969.8
95926,T4a,5969.8
103527,T4c,5969.8
118173,Tm3,5969.8
118658,T4a,5969.8
100633,T4a,5969.9
102229,T4d,5969.9
89434,T4c,5969.9
80812,T4a,5969.9
36540,Mi1,5969.9
33017,Mi1,5969.9
11981,Li28,5969.9
70188,T2,5969.9
111184,T4a,5970.000000000001
121170,Tm3,5970.000000000001
82724,Tm3,5970.000000000001
70153,Tm3,5970.000000000001
101228,T4a,5970.000000000001
46827,Mi1,5970.000000000001
37138,Mi1,5970.000000000001
33326,Mi1,5970.000000000001
55976,Mi1,5970.000000000001
103497,Tm3,5970.1
10015,HSN,5970.1
75318,T2,5970.1
77775,T2a,5970.1
81486,T4b,5970.1
94283,T4d,5970.1
97677,T4c,5970.1
111623,T4a,5970.2
97011,T4b,5970.2
118551,Tm3,5970.2
82674,T4a,5970.2
89934,T4d,5970.2
63420,Mi1,5970.2
42119,Mi1,5970.2
39651,Mi1,5970.2
78308,T2a,5970.2
72558,T2a,5970.3
31492,Mi1,5970.3
37948,Mi1,5970.3
48531,Mi1,5970.3
51050,TmY3,5970.3
71228,T2a,5970.3
78086,T4c,5970.3
92181,T4a,5970.3
97877,T4d,5970.3
99163,T4a,5970.3
79259,T4b,5970.400000000001
92054,T4b,5970.400000000001
63994,Mi1,5970.400000000001
101244,T4b,5970.400000000001
36452,Mi1,5970.400000000001
69063,Mi1,5970.400000000001
34171,Mi1,5970.400000000001
33942,Mi1,5970.400000000001
25893,VST1,5970.400000000001
15422,VST2,5970.400000000001
10001,DNp01,5970.400000000001
35683,Mi1,5970.400000000001
100673,T4b,5970.5
94287,T4d,5970.5
86416,T4a,5970.5
72005,Tm3,5970.5
85716,T4c,5970.5
46248,Mi1,5970.5
41659,Mi1,5970.5
38893,Mi1,5970.5
10037,VS,5970.5
66227,Tm3,5970.5
115636,T4d,5970.6
33907,Mi1,5970.6
35113,Mi1,5970.6
35934,Mi1,5970.6
40426,Mi1,5970.6
83946,T4d,5970.6
92281,T4c,5970.6
97326,T4c,5970.6
99980,T4c,5970.6
102298,T4c,5970.7
99387,T4a,5970.7
102799,T4c,5970.7
75557,Tm3,5970.7
37224,Mi1,5970.7
48607,TmY3,5970.7
44222,Mi1,5970.7
43689,Mi1,5970.7
72132,Tm3,5970.7
14416,VST2,5970.8
56136,Tm3,5970.8
103557,T4a,5970.8
108199,T4c,5970.8
525839,Mi1,5970.8
102991,T4c,5970.900000000001
100897,T4c,5970.900000000001
62569,T2,5970.900000000001
43334,TmY3,5970.900000000001
97528,T4a,5970.900000000001
51848,TmY3,5971.0
74088,T2a,5971.0
88642,T4a,5971.0
99258,T4c,5971.0
40256,Mi1,5971.099999999999
107075,T4d,5971.099999999999
106338,T4a,5971.099999999999
39727,Mi1,5971.099999999999
37000,Mi1,5971.099999999999
36346,Mi1,5971.099999999999
16033,Li28,5971.099999999999
39158,Mi1,5971.099999999999
115111,T4a,5971.200000000001
16570,VST2,5971.200000000001
48897,TmY3,5971.200000000001
91366,T4b,5971.200000000001
100874,T4a,5971.200000000001
102845,T4b,5971.200000000001
34899,Mi1,5971.3
35498,Mi1,5971.3
61768,T2,5971.3
79413,T4b,5971.3
86536,Tm3,5971.3
88617,T4a,5971.3
105115,T4d,5971.3
109142,T4b,5971.4
76528,Tm3,5971.4
116610,T4d,5971.4
41522,Mi1,5971.4
36954,Mi1,5971.4
75381,Tm3,5971.4
118924,Tm3,5971.500000000001
110910,Tm3,5971.500000000001
102220,T4a,5971.500000000001
100799,T4c,5971.500000000001
97231,T4a,5971.500000000001
43323,Mi1,5971.500000000001
41804,Mi1,5971.500000000001
40171,Mi1,5971.500000000001
14209,Li28,5971.500000000001
92472,T4c,5971.500000000001
77480,Tm3,5971.6
108276,T4a,5971.6
102688,T4b,5971.6
57239,Mi1,5971.6
10025,H2,5971.6
38748,Mi1,5971.6
34933,Mi1,5971.6
15909,Li28,5971.6
42758,Mi1,5971.6
88084,T4b,5971.7
91804,T4d,5971.7
103351,T4a,5971.7
91476,T4d,5971.7
89252,T4b,5971.7
86932,T4b,5971.7
41637,Mi1,5971.7
65348,TmY3,5971.7
47967,Mi1,5971.7
44438,Mi1,5971.7
10016,HSE,5971.7
83227,Tm3,5971.7
122290,Tm3,5971.8
116313,T4a,5971.8
116187,T4c,5971.8
110076,T4c,5971.8
108249,T4a,5971.8
82211,T2a,5971.8
97675,T4c,5971.8
57950,Tm3,5971.8
57486,TmY3,5971.8
43313,TmY3,5971.8
102495,T4b,5971.8
105895,T4a,5971.900000000001
40944,Mi1,5971.900000000001
10403,VS,5971.900000000001
35405,Mi1,5971.900000000001
10023,HSS,5972.0
36217,Mi1,5972.0
100856,T4a,5972.0
102814,T4b,5972.0
103383,T4c,5972.0
36646,Mi1,5972.1
94574,T4c,5972.1
97145,T4c,5972.1
98748,T4c,5972.1
104582,T4d,5972.1
106922,T4c,5972.1
110935,T4c,5972.1
112027,T4d,5972.2
107835,T4b,5972.2
95629,T4c,5972.2
70281,T2a,5972.2
76121,Tm3,5972.2
35512,Mi1,5972.2
88726,T4b,5972.2
77527,T4a,5972.3
92842,T4a,5972.3
95972,T4d,5972.3
99850,T4a,5972.400000000001
123490,Tm3,5972.400000000001
117179,T4c,5972.400000000001
111236,T4d,5972.400000000001
104354,T4b,5972.400000000001
101382,T4c,5972.400000000001
88281,T4b,5972.400000000001
35712,Mi1,5972.400000000001
68138,TmY3,5972.400000000001
66604,TmY3,5972.400000000001
59528,T2a,5972.400000000001
58576,T2,5972.400000000001
41613,Mi1,5972.400000000001
79483,Tm3,5972.400000000001
79646,Tm3,5972.5
94596,T4b,5972.5
48286,Mi1,5972.5
105521,T4c,5972.5
10284,VS,5972.5
10112,VS,5972.5
22194,LC4,5972.5
100032,T4c,5972.599999999999
99572,T4a,5972.599999999999
92682,T4a,5972.599999999999
89282,T4a,5972.599999999999
60857,Mi1,5972.599999999999
43414,Mi1,5972.599999999999
34189,Mi1,5972.599999999999
69543,T2a,5972.599999999999
81287,Tm3,5972.700000000001
82536,T4d,5972.700000000001
83204,T4d,5972.700000000001
95990,T4a,5972.700000000001
121420,T4d,5972.8
95822,T4b,5972.8
68562,T2a,5972.8
10825,OA-AL2i3,5972.8
88625,T4c,5972.8
81309,T2a,5972.9
104368,T4c,5972.9
90259,T4d,5972.9
111010,T4c,5972.9
53983,TmY3,5972.9
81995,Tm3,5972.9
40936,Mi1,5972.9
38857,Mi1,5972.9
34356,Mi1,5972.9
17596,Li28,5972.9
53065,Mi1,5972.9
135467,Tm3,5973.0
104884,T4b,5973.0
101994,T4a,5973.0
98625,T4a,5973.0
96219,T4b,5973.0
91806,T4a,5973.0
82500,T2a,5973.0
61353,T2,5973.0
36305,Mi1,5973.0
35890,Mi1,5973.0
16545,Li28,5973.0
10755,H1,5973.0
10206,VS,5973.0
546524,Mi1,5973.0
80913,T4a,5973.0
98448,T4b,5973.1
41136,Mi1,5973.1
537004,VSm,5973.1
77484,T4d,5973.1
112969,T4c,5973.1
70289,Mi1,5973.1
40085,Mi1,5973.1
41709,Mi1,5973.1
69561,T2a,5973.1
38687,Mi1,5973.1
38632,Mi1,5973.1
127615,Tm3,5973.2
112594,T4b,5973.2
108043,T4a,5973.2
108010,T4c,5973.2
94089,T4d,5973.2
80033,T4a,5973.2
91682,T4b,5973.2
67150,T2a,5973.2
43872,Mi1,5973.2
43615,Mi1,5973.2
38477,Mi1,5973.2
10015,HSN,5973.2
70697,Tm3,5973.2
37509,Mi1,5973.3
59864,Tm3,5973.3
74259,T2a,5973.3
91283,T4c,5973.3
112944,T4b,5973.400000000001
113983,T4d,5973.400000000001
94755,T4a,5973.400000000001
38791,Mi1,5973.400000000001
34862,Mi1,5973.400000000001
77891,Tm3,5973.400000000001
38227,Mi1,5973.5
89485,T4a,5973.5
91987,T4c,5973.5
97866,T4d,5973.5
111949,T4c,5973.5
64951,Tm3,5973.6
37733,TmY3,5973.6
46745,Mi1,5973.6
100996,T4b,5973.6
104262,T4a,5973.6
115390,T4d,5973.6
118948,T4d,5973.7
84328,T4a,5973.7
82425,T4b,5973.7
101480,T4c,5973.7
106745,T4b,5973.7
87390,T2a,5973.7
75027,Tm3,5973.7
41296,Mi1,5973.7
42048,Mi1,5973.7
32893,Mi1,5973.7
39164,Mi1,5973.7
70812,TmY3,5973.7
40795,Mi1,5973.7
39858,Mi1,5973.7
10012,VS,5973.8
10037,VS,5973.8
36684,Mi1,5973.8
68522,T2a,5973.8
98137,T4d,5973.8
98887,T4b,5973.8
101215,T4c,5973.8
104412,T4a,5973.8
107640,T4c,5973.8
37037,Mi1,5973.8
113686,T4d,5973.900000000001
96812,T4a,5973.900000000001
100488,T4c,5973.900000000001
43485,Mi1,5973.900000000001
40219,Mi1,5973.900000000001
36911,Mi1,5973.900000000001
40596,Mi1,5973.900000000001
36881,Mi1,5974.0
40411,Mi1,5974.0
124699,T4b,5974.0
104450,T4a,5974.099999999999
101245,T4a,5974.099999999999
96576,T4c,5974.099999999999
90533,T4c,5974.099999999999
88095,T4d,5974.099999999999
37677,Mi1,5974.099999999999
33655,Mi1,5974.099999999999
87808,T4a,5974.099999999999
71765,T2a,5974.200000000001
34057,Mi1,5974.200000000001
42006,TmY3,5974.200000000001
69164,Mi1,5974.200000000001
106401,T4d,5974.200000000001
95810,T2a,5974.3
101961,Tm3,5974.3
95528,T4d,5974.3
93750,T4c,5974.3
39275,Mi1,5974.3
33091,Mi1,5974.3
23047,Li28,5974.3
63468,Mi1,5974.3
71475,Tm3,5974.4
10025,H2,5974.4
11134,VSm,5974.4
39595,Mi1,5974.4
70093,Tm3,5974.4
95007,T4a,5974.4
104858,T4b,5974.4
44564,TmY3,5974.5
65515,T2,5974.5
10016,HSE,5974.5
97161,T4a,5974.6
113852,T4b,5974.6
97899,T4a,5974.6
85866,T4b,5974.6
41809,Mi1,5974.6
37294,Mi1,5974.6
35806,Mi1,5974.6
24338,LC4,5974.6
10311,VS,5974.6
96784,T4b,5974.7
83004,T4b,5974.7
87845,T4a,5974.7
108161,T4a,5974.7
73096,T2a,5974.7
35777,Mi1,5974.7
64058,T2,5974.7
36446,Mi1,5974.7
17280,Li28,5974.7
67971,Tm3,5974.7
39067,Mi1,5974.8
105387,T4b,5974.8
94743,T4d,5974.8
39438,Mi1,5974.8
38708,Mi1,5974.8
66526,T2,5974.8
36410,Mi1,5974.8
35897,Mi1,5974.8
35100,Mi1,5974.8
32535,Mi1,5974.8
37680,Mi1,5974.8
125171,Tm3,5974.9
110384,T4b,5974.9
104256,T4a,5974.9
92431,T4a,5974.9
73284,T2a,5974.9
39688,Mi1,5974.9
42872,Mi1,5974.9
40400,Mi1,5974.9
36994,Mi1,5974.9
32962,TmY3,5974.9
70635,Tm3,5974.9
40599,TmY3,5975.0
56762,TmY3,5975.0
98349,T4a,5975.0
103152,T4a,5975.0
113228,T4b,5975.0
120928,T4d,5975.0
109336,T4b,5975.1
81064,Tm3,5975.1
38230,Mi1,5975.1
100787,T4b,5975.1
31848,Mi1,5975.1
30997,Mi1,5975.1
35234,Mi1,5975.1
113107,T4a,5975.2
107334,T4a,5975.2
98381,T4d,5975.2
89223,T4d,5975.2
91313,T4a,5975.2
67308,Mi1,5975.2
42594,Mi1,5975.2
37084,Mi1,5975.2
20634,VST1,5975.2
83432,Tm3,5975.2
91222,T4d,5975.3
112613,T4d,5975.3
107010,T4d,5975.3
101134,T4c,5975.3
93509,T4b,5975.3
71161,T2a,5975.3
112241,T4b,5975.3
39629,Mi1,5975.3
38238,Mi1,5975.3
36660,Mi1,5975.3
33614,Mi1,5975.3
10023,HSS,5975.3
43924,TmY3,5975.3
101463,T4d,5975.400000000001
98817,T4a,5975.400000000001
94368,T4a,5975.400000000001
42895,Mi1,5975.400000000001
35845,Mi1,5975.400000000001
69546,Tm3,5975.400000000001
116129,T4b,5975.5
105565,Tm3,5975.5
94058,T4b,5975.5
89092,T4c,5975.5
87565,T4a,5975.5
103870,T4a,5975.5
39718,Mi1,5975.5
38208,Mi1,5975.5
37529,Mi1,5975.5
37391,Mi1,5975.5
75966,T2a,5975.5
37438,Mi1,5975.599999999999
89368,T4c,5975.599999999999
92481,TmY3,5975.599999999999
102540,T4b,5975.599999999999
114793,T4b,5975.599999999999
105403,T4c,5975.700000000001
117151,T4d,5975.700000000001
107486,T4c,5975.700000000001
93025,T4b,5975.700000000001
74725,T2a,5975.700000000001
85664,TmY3,5975.700000000001
77906,T2a,5975.700000000001
40505,Mi1,5975.700000000001
91469,T4c,5975.700000000001
11981,Li28,5975.8
35580,Mi1,5975.8
40703,Mi1,5975.8
65833,Mi1,5975.8
86635,T4c,5975.8
103955,T4d,5975.8
106295,T4b,5975.8
137694,Tm3,5975.8
96003,T4d,5975.9
107420,T4b,5975.9
109153,T4a,5975.9
91629,T4a,5975.9
104905,T4c,5975.9
69980,Tm3,5975.9
55101,Mi1,5975.9
44282,Mi1,5975.9
37839,Mi1,5975.9
75067,TmY3,5975.9
41120,Mi1,5976.0
80376,TmY3,5976.0
89728,Tm3,5976.0
90135,T4c,5976.0
90655,T4a,5976.0
96134,T4b,5976.0
104144,T2,5976.0
108349,T4d,5976.1
103073,T4a,5976.1
94948,T4c,5976.1
90657,T4a,5976.1
34849,Mi1,5976.1
86504,T4b,5976.1
83613,T4b,5976.1
90371,T4d,5976.1
84292,T4d,5976.200000000001
101620,T4b,5976.200000000001
93142,T4a,5976.200000000001
124490,Tm3,5976.200000000001
81015,T4a,5976.200000000001
37243,Mi1,5976.200000000001
44527,Mi1,5976.200000000001
36275,Mi1,5976.200000000001
35428,Mi1,5976.200000000001
45948,TmY3,5976.200000000001
124357,T4d,5976.3
112393,T4a,5976.3
107082,T4d,5976.3
99663,T4c,5976.3
99609,T4a,5976.3
94953,T4d,5976.3
75766,T2a,5976.3
51963,TmY3,5976.3
24867,VST1,5976.3
10112,VS,5976.3
10015,HSN,5976.3
58703,T2,5976.3
88746,Tm3,5976.4
95883,T4a,5976.4
83677,T4c,5976.4
99157,T4a,5976.4
39500,Mi1,5976.4
35602,Mi1,5976.4
43783,Mi1,5976.4
105386,T4d,5976.4
104130,T4a,5976.500000000001
103195,T4a,5976.500000000001
93972,T4a,5976.500000000001
102409,T4c,5976.500000000001
39716,Mi1,5976.500000000001
19292,Li28,5976.500000000001
71944,T2a,5976.500000000001
118610,T4b,5976.6
62078,Mi1,5976.6
68918,Tm3,5976.6
92911,T4c,5976.6
97028,T4c,5976.6
98393,T4a,5976.6
108948,T4b,5976.7
102801,T4b,5976.7
94081,T4c,5976.7
34867,Mi1,5976.7
35290,Mi1,5976.7
15909,Li28,5976.7
119353,T4b,5976.7
38768,Mi1,5976.7
95051,T4d,5976.8
85938,T4a,5976.8
107170,T4b,5976.8
77557,T4b,5976.8
64633,T2a,5976.8
35724,Mi1,5976.8
16033,Li28,5976.8
74023,T2a,5976.8
103657,T4b,5976.900000000001
12521,HST,5976.900000000001
37390,Mi1,5976.900000000001
48930,TmY3,5976.900000000001
94071,T4a,5976.900000000001
96852,T4a,5976.900000000001
86715,Tm3,5977.0
88922,T4c,5977.0
94305,T4a,5977.0
97256,T4c,5977.0
117652,T4d,5977.0
102112,T4c,5977.1
103570,T4d,5977.1
93688,T4a,5977.1
103302,T4c,5977.1
37927,Mi1,5977.1
37699,Mi1,5977.1
67614,Mi1,5977.1
85074,T4a,5977.2
75298,T2a,5977.2
48060,Mi1,5977.2
81494,T2,5977.2
10037,VS,5977.2
10025,H2,5977.2
38178,Mi1,5977.2
114611,T4d,5977.3
109868,Tm3,5977.3
103645,T4c,5977.3
102564,T4a,5977.3
96211,T4d,5977.3
95982,T4d,5977.3
88039,T4c,5977.3
78940,T4a,5977.3
43063,Mi1,5977.3
37756,Mi1,5977.3
35416,Mi1,5977.3
10755,H1,5977.3
10016,HSE,5977.3
72066,Tm3,5977.3
98360,T4c,5977.400000000001
93865,T4c,5977.400000000001
82208,T2a,5977.400000000001
50345,TmY3,5977.400000000001
45319,Mi1,5977.400000000001
76788,T4b,5977.400000000001
44119,Mi1,5977.5
86175,T4a,5977.5
86917,Tm3,5977.5
90423,T4b,5977.5
104996,T4a,5977.5
44747,TmY3,5977.6
58945,Tm3,5977.6
66345,T2a,5977.6
101732,T4c,5977.6
106522,T4d,5977.6
542412,Mi1,5977.6
105412,T4a,5977.700000000001
109172,T4b,5977.700000000001
98692,T4a,5977.700000000001
526158,Mi1,5977.700000000001
96163,T4b,5977.700000000001
62851,Tm3,5977.700000000001
43965,Mi1,5977.700000000001
98398,T4c,5977.700000000001
120289,T4c,5977.8
108325,T4c,5977.8
79449,T4b,5977.8
103867,T4a,5977.8
97545,T4c,5977.8
92273,T2a,5977.8
80177,Tm3,5977.8
68475,T2a,5977.8
10206,VS,5977.8
40577,Mi1,5977.8
37568,Mi1,5977.8
37088,Mi1,5977.8
34045,Mi1,5977.8
16606,VST2,5977.8
10001,DNp01,5977.8
63673,Tm3,5977.8
105122,T4b,5977.9
95017,T4c,5977.9
81378,T4b,5977.9
79875,T4c,5977.9
37585,Mi1,5977.9
35770,Mi1,5977.9
34479,Mi1,5977.9
20808,LC4,5977.9
64149,Mi1,5977.9
102388,T4d,5978.000000000001
107445,T4a,5978.000000000001
103765,T4d,5978.000000000001
102975,T4b,5978.000000000001
100774,T4a,5978.000000000001
37019,Mi1,5978.000000000001
78597,T2a,5978.000000000001
63820,T2a,5978.000000000001
56564,Mi1,5978.000000000001
10012,VS,5978.000000000001
92644,T4d,5978.000000000001
93941,T4b,5978.1
114196,T4d,5978.1
100680,T4d,5978.1
99292,T4a,5978.1
126702,Tm3,5978.1
94468,T4c,5978.1
93985,T4c,5978.1
93360,T4b,5978.1
96931,T4b,5978.1
80838,T2a,5978.1
58224,Mi1,5978.1
54503,TmY3,5978.1
46784,Mi1,5978.1
44592,TmY3,5978.1
37123,Mi1,5978.1
36177,Mi1,5978.1
89102,T4d,5978.1
109996,T4c,5978.2
101302,T4d,5978.2
98000,T4b,5978.2
35235,Mi1,5978.2
74937,T2a,5978.2
33766,Mi1,5978.2
80284,Tm3,5978.2
97981,T4a,5978.3
93224,T4a,5978.3
92552,T4a,5978.3
67464,Mi1,5978.3
77174,T2a,5978.3
45696,Mi1,5978.3
38596,Mi1,5978.3
37555,Mi1,5978.3
34404,Mi1,5978.3
62562,T2,5978.3
93166,T4c,5978.400000000001
89825,T4a,5978.400000000001
79083,Tm3,5978.400000000001
71164,Mi1,5978.400000000001
48283,TmY3,5978.400000000001
61292,T2,5978.400000000001
38514,Mi1,5978.400000000001
37853,Mi1,5978.400000000001
37371,Mi1,5978.400000000001
10072,OA-AL2i1,5978.400000000001
38993,Mi1,5978.400000000001
537004,VSm,5978.5
10284,VS,5978.5
36158,Mi1,5978.5
37044,Mi1,5978.5
37108,Mi1,5978.5
39405,Mi1,5978.5
68840,TmY3,5978.5
102703,T4a,5978.6
99251,T4a,5978.6
94668,T4d,5978.6
105640,T4d,5978.6
72655,Mi1,5978.6
75660,T2a,5978.6
62340,T2,5978.6
64849,Tm3,5978.6
39692,TmY3,5978.6
35836,Mi1,5978.6
33462,Mi1,5978.6
10023,HSS,5978.6
84366,T4b,5978.7
84267,T4c,5978.7
72794,Tm3,5978.7
69961,Tm3,5978.7
62089,Tm3,5978.7
37270,Mi1,5978.7
134624,Tm3,5978.8
109326,T4c,5978.8
105541,T4a,5978.8
99358,T4c,5978.8
90520,T4a,5978.8
128916,Tm3,5978.8
68983,Tm3,5978.8
67728,T2,5978.8
59397,Mi1,5978.8
48514,TmY3,5978.8
45719,Mi1,5978.8
73767,Mi1,5978.8
114457,T4d,5978.900000000001
96126,T4b,5978.900000000001
88398,T4a,5978.900000000001
87896,T4a,5978.900000000001
99316,T4b,5978.900000000001
58862,Mi1,5978.900000000001
36252,Mi1,5978.900000000001
35734,Mi1,5978.900000000001
73385,T2a,5978.900000000001
135612,Tm3,5979.0
108847,T4d,5979.0
105126,T4c,5979.0
89416,T4c,5979.0
88381,Tm3,5979.0
41654,Mi1,5979.0
38721,Mi1,5979.0
23606,Mi1,5979.0
45322,Mi1,5979.0
102370,T4c,5979.099999999999
105135,T4c,5979.099999999999
102579,T4b,5979.099999999999
95239,T4a,5979.099999999999
54423,TmY3,5979.099999999999
41536,Mi1,5979.099999999999
34606,Mi1,5979.099999999999
74375,Tm3,5979.099999999999
16545,Li28,5979.200000000001
34938,Mi1,5979.200000000001
44700,Mi1,5979.200000000001
52485,TmY3,5979.200000000001
67113,Mi1,5979.200000000001
73412,Tm3,5979.200000000001
102448,T4d,5979.200000000001
103025,T4a,5979.200000000001
110657,T4a,5979.200000000001
90888,T4b,5979.3
84008,T4c,5979.3
82038,Tm3,5979.3
72896,Tm3,5979.3
15263,Li28,5979.3
41545,Mi1,5979.3
38648,Mi1,5979.3
51049,Mi1,5979.3
115369,T4c,5979.4
111857,T4d,5979.4
99423,T4d,5979.4
101589,T4a,5979.4
83583,T4d,5979.4
68412,T2a,5979.4
69723,Tm3,5979.4
68933,Tm3,5979.4
16596,Li28,5979.4
76733,Tm3,5979.4
94549,T4b,5979.500000000001
10015,HSN,5979.500000000001
38479,Mi1,5979.500000000001
41950,Mi1,5979.500000000001
71089,Mi1,5979.500000000001
71652,Tm3,5979.500000000001
74287,Tm3,5979.500000000001
82099,T4b,5979.500000000001
89784,T4b,5979.500000000001
101441,T4a,5979.500000000001
78999,T2a,5979.6
81733,Tm3,5979.6
75848,T2a,5979.6
106362,T4d,5979.6
36695,Mi1,5979.6
34658,Mi1,5979.6
46662,TmY3,5979.6
109225,T4a,5979.7
104257,T4b,5979.7
72501,Mi1,5979.7
55706,TmY3,5979.7
103314,T4b,5979.7
40235,Mi1,5979.7
35152,Mi1,5979.7
34463,Mi1,5979.7
41399,Mi1,5979.7
33394,Mi1,5979.8
38455,Mi1,5979.8
51191,TmY3,5979.8
79297,T4a,5979.8
108594,T4d,5979.900000000001
109276,T4d,5979.900000000001
79314,T4b,5979.900000000001
85536,T4a,5979.900000000001
72955,T2a,5979.900000000001
42533,TmY3,5979.900000000001
75628,T2a,5979.900000000001
75550,Tm3,5980.0
109023,T4c,5980.0
106150,T4c,5980.0
99310,T4a,5980.0
98846,T4c,5980.0
87873,T4b,5980.0
72279,Mi1,5980.0
68264,Tm3,5980.0
38710,Mi1,5980.0
35572,Mi1,5980.0
11134,VSm,5980.0
10025,H2,5980.0
72665,Mi1,5980.0
80197,T4a,5980.1
96365,T4a,5980.1
78477,T4a,5980.1
112453,T4c,5980.1
98226,T4b,5980.1
74374,T2a,5980.1
107609,T4d,5980.1
38461,Mi1,5980.1
36139,Mi1,5980.1
10766,VS,5980.1
10112,VS,5980.1
10016,HSE,5980.1
41626,Mi1,5980.1
120916,T4d,5980.2
110742,T4c,5980.2
95554,T4b,5980.2
116451,T4c,5980.2
70321,Tm3,5980.2
38487,Mi1,5980.2
91934,T4a,5980.2
33110,Mi1,5980.3
53280,TmY3,5980.3
63868,T2a,5980.3
89864,T4b,5980.3
96199,T4a,5980.3
98862,Tm3,5980.3
90900,T4a,5980.400000000001
113207,T4d,5980.400000000001
118502,T4b,5980.400000000001
84631,T4c,5980.400000000001
95287,T4a,5980.400000000001
38241,Mi1,5980.400000000001
35218,Mi1,5980.400000000001
34300,Mi1,5980.400000000001
34079,Mi1,5980.400000000001
77232,T2,5980.400000000001
113991,T4d,5980.5
96657,T4c,5980.5
90112,T4c,5980.5
67810,Tm3,5980.5
60886,T2a,5980.5
41668,Mi1,5980.5
39505,Mi1,5980.5
10037,VS,5980.5
96090,T4c,5980.599999999999
100033,T4c,5980.599999999999
92146,T4a,5980.599999999999
85429,T4d,5980.599999999999
35045,Mi1,5980.599999999999
63021,Tm3,5980.599999999999
37353,Mi1,5980.599999999999
18127,LC4,5980.599999999999
79253,T4a,5980.599999999999
105379,T4c,5980.700000000001
11005,OA-VUMa4,5980.700000000001
36369,Mi1,5980.700000000001
64897,T2,5980.700000000001
71188,T2a,5980.700000000001
83191,T4a,5980.700000000001
65742,Tm3,5980.8
93877,T4c,5980.8
37631,Mi1,5980.8
57398,Mi1,5980.8
109937,T4a,5980.8
104018,T4c,5980.9
105332,T4b,5980.9
98439,T4a,5980.9
149504,T4d,5980.9
74411,Mi1,5980.9
52350,Mi1,5980.9
47696,TmY3,5980.9
82299,T4c,5980.9
110160,T4c,5981.0
87429,T4b,5981.0
73139,Tm3,5981.0
98549,T4a,5981.0
64540,T2,5981.0
35173,Mi1,5981.0
68842,TmY3,5981.0
104722,T4d,5981.1
38529,Mi1,5981.1
49441,TmY3,5981.1
81401,T4b,5981.1
87566,T4a,5981.1
89483,T4a,5981.1
100261,T4c,5981.1
87763,T4a,5981.2
93927,T4a,5981.2
42010,TmY3,5981.2
85126,T4a,5981.2
116343,T4a,5981.3
85741,T4a,5981.3
81836,T2a,5981.3
76886,T2a,5981.3
71402,Tm3,5981.3
94153,T4d,5981.3
44449,TmY3,5981.3
40635,Mi1,5981.3
39525,Mi1,5981.3
27788,Mi1,5981.3
50552,Mi1,5981.3
33918,Mi1,5981.400000000001
41464,TmY3,5981.400000000001
42856,Mi1,5981.400000000001
42942,Mi1,5981.400000000001
98751,T4a,5981.400000000001
99670,T4c,5981.400000000001
93947,T4a,5981.5
800146,TTMn,5981.5
100282,T4a,5981.5
95453,T4a,5981.5
87756,Tm3,5981.5
65235,T2,5981.5
36990,Mi1,5981.5
35447,Mi1,5981.5
34329,Mi1,5981.5
10755,H1,5981.5
10687,OA-AL2i3,5981.5
38133,Mi1,5981.5
45176,Mi1,5981.6
11981,Li28,5981.6
20264,Li28,5981.6
59008,Mi1,5981.6
97141,T4a,5981.6
100430,T4c,5981.6
107529,T4d,5981.6
78773,Tm3,5981.7
107143,T4d,5981.7
71361,Tm3,5981.7
119288,T4d,5981.7
69597,Tm3,5981.7
103022,T4a,5981.7
48547,TmY3,5981.7
36533,Mi1,5981.7
34272,Mi1,5981.7
33017,Mi1,5981.7
65671,Mi1,5981.7
121816,T4a,5981.8
100345,T4c,5981.8
95532,T4a,5981.8
91510,T4c,5981.8
98890,T4c,5981.8
35774,Mi1,5981.8
15909,Li28,5981.8
10023,HSS,5981.8
75343,Tm3,5981.8
34296,Mi1,5981.900000000001
76524,Tm3,5981.900000000001
80282,T4d,5981.900000000001
88491,T4a,5981.900000000001
97193,T4a,5981.900000000001
110855,T4a,5981.900000000001
65307,T2,5982.0
17280,Li28,5982.0
43978,Mi1,5982.0
93957,T4b,5982.0
106535,T4d,5982.099999999999
115214,T4b,5982.099999999999
90219,T4a,5982.099999999999
89139,T4c,5982.099999999999
83438,T4a,5982.099999999999
64485,T2,5982.099999999999
59277,TmY3,5982.099999999999
48894,TmY3,5982.099999999999
104478,T4d,5982.200000000001
102147,T4c,5982.200000000001
102031,T4c,5982.200000000001
101707,T4c,5982.200000000001
96424,T4b,5982.200000000001
94703,T4c,5982.200000000001
90058,T4a,5982.200000000001
75419,T2,5982.200000000001
71938,T2a,5982.200000000001
65443,T2a,5982.200000000001
46993,T2a,5982.200000000001
42691,Mi1,5982.200000000001
40854,Mi1,5982.200000000001
38772,Mi1,5982.200000000001
35017,Mi1,5982.200000000001
34369,Mi1,5982.200000000001
103780,T4c,5982.3
90121,T4b,5982.3
80137,T2a,5982.3
47211,Mi1,5982.3
35001,Mi1,5982.3
66852,Mi1,5982.3
10206,VS,5982.4
99348,T4c,5982.4
99614,T4c,5982.4
100981,T4d,5982.4
114088,T4d,5982.4
45349,Mi1,5982.5
92046,T4d,5982.5
91913,T4b,5982.5
89020,T4a,5982.5
68212,T2a,5982.5
16033,Li28,5982.5
50633,TmY3,5982.5
96638,T4c,5982.5
10012,VS,5982.5
66357,T2a,5982.5
110040,T4c,5982.5
77361,T4a,5982.6
83009,T4b,5982.6
61550,T2,5982.6
101742,T4c,5982.6
94983,T4c,5982.6
71931,Tm3,5982.6
36452,Mi1,5982.6
40106,Mi1,5982.6
10015,HSN,5982.6
61659,Tm3,5982.6
25893,VST1,5982.6
40256,Mi1,5982.7
47686,TmY3,5982.7
80670,T4a,5982.7
98654,T4d,5982.7
106952,T4b,5982.7
119556,T4b,5982.7
36540,Mi1,5982.8
111579,Tm3,5982.8
71230,Tm3,5982.8
10025,H2,5982.8
42119,Mi1,5982.8
57349,Mi1,5982.9
101228,T4a,5982.9
95458,T4d,5982.9
88698,T4a,5982.9
87255,T2a,5982.9
105862,T4d,5982.9
54087,Mi1,5982.9
41435,Mi1,5982.9
38767,Mi1,5982.9
33942,Mi1,5982.9
10016,HSE,5982.9
51870,TmY3,5982.9
99131,T4c,5983.0
61737,TmY3,5983.0
63175,Mi1,5983.0
33216,Mi1,5983.0
10269,OA-AL2i2,5983.0
37948,Mi1,5983.0
122273,Tm3,5983.1
33446,Mi1,5983.1
34142,Mi1,5983.1
38421,Mi1,5983.1
51122,Mi1,5983.1
105984,Tm3,5983.1
110988,T4a,5983.1
83465,T4a,5983.2
77846,Tm3,5983.2
105313,T4a,5983.2
69266,Tm3,5983.2
106950,T4c,5983.2
49324,Mi1,5983.2
40958,Mi1,5983.2
39743,Mi1,5983.2
35840,Mi1,5983.2
59959,Mi1,5983.2
121887,T4b,5983.3
118029,T4b,5983.3
97480,T4c,5983.3
93622,T4c,5983.3
102045,T4a,5983.3
40832,Mi1,5983.3
38987,Mi1,5983.3
37138,Mi1,5983.3
63420,Mi1,5983.3
53156,TmY3,5983.400000000001
88005,T4d,5983.400000000001
88353,T4b,5983.400000000001
120694,T4d,5983.400000000001
93021,T4a,5983.5
110312,T4d,5983.5
107819,T4c,5983.5
100785,T4b,5983.5
99975,T4c,5983.5
91076,T4a,5983.5
35888,Mi1,5983.5
85979,T4b,5983.5
78911,Tm3,5983.5
35260,Mi1,5983.5
33326,Mi1,5983.5
10322,OA-AL2i2,5983.5
87939,T4b,5983.5
98118,T4c,5983.599999999999
90097,T4c,5983.599999999999
87358,T4a,5983.599999999999
76380,Tm3,5983.599999999999
57871,T2,5983.599999999999
67408,Mi1,5983.599999999999
39727,Mi1,5983.599999999999
34171,Mi1,5983.599999999999
70490,Mi1,5983.599999999999
48531,Mi1,5983.700000000001
66214,T2a,5983.700000000001
46827,Mi1,5983.700000000001
79257,Tm3,5983.700000000001
37599,Mi1,5983.700000000001
21225,LC4,5983.700000000001
42675,Mi1,5983.700000000001
10037,VS,5983.8
10112,VS,5983.8
72796,Tm3,5983.8
97288,T4c,5983.8
99137,T4c,5983.900000000001
85170,T4c,5983.900000000001
83045,Tm3,5983.900000000001
78317,T4a,5983.900000000001
71029,T2,5983.900000000001
72938,T2a,5983.900000000001
55976,Mi1,5983.900000000001
43689,Mi1,5983.900000000001
38502,Tm3,5983.900000000001
12521,HST,5983.900000000001
65298,T2a,5983.900000000001
39894,T4b,5984.0
69063,Mi1,5984.0
100946,T4c,5984.0
111928,T4b,5984.0
532850,Tm3,5984.0
96728,T4c,5984.1
98598,T4c,5984.1
100956,T4d,5984.1
98175,T4c,5984.1
94356,T4c,5984.1
70402,Tm3,5984.1
90419,T4b,5984.1
74303,Mi1,5984.1
10311,VS,5984.1
90467,T4d,5984.1
10284,VS,5984.200000000001
15422,VST2,5984.200000000001
37224,Mi1,5984.200000000001
39651,Mi1,5984.200000000001
66227,Tm3,5984.200000000001
120312,Tm3,5984.3
114338,T4c,5984.3
31492,Mi1,5984.3
34626,Mi1,5984.3
35512,Mi1,5984.4
69186,Tm3,5984.4
84063,T4b,5984.4
108740,T4c,5984.4
78856,Tm3,5984.500000000001
78968,Tm3,5984.500000000001
65531,T2a,5984.500000000001
112369,T4d,5984.500000000001
37113,Mi1,5984.500000000001
37000,Mi1,5984.500000000001
34899,Mi1,5984.500000000001
46248,Mi1,5984.500000000001
117551,Tm3,5984.6
105180,T4c,5984.6
85856,TmY3,5984.6
525839,Mi1,5984.6
44222,Mi1,5984.6
38893,Mi1,5984.6
85007,T4c,5984.6
40426,Mi1,5984.7
40944,Mi1,5984.7
49322,TmY3,5984.7
56984,TmY3,5984.7
82618,T2a,5984.7
101770,T4b,5984.7
121093,T4b,5984.7
97792,T4b,5984.8
98504,T4c,5984.8
92141,T4a,5984.8
537004,VSm,5984.8
36217,Mi1,5984.8
35498,Mi1,5984.8
15019,Li28,5984.8
63994,Mi1,5984.8
123299,T4c,5984.900000000001
108123,T4b,5984.900000000001
105892,T4a,5984.900000000001
99789,T4d,5984.900000000001
97145,T4c,5984.900000000001
151155,T4b,5984.900000000001
86778,T4a,5984.900000000001
85378,T4a,5984.900000000001
41762,TmY3,5984.900000000001
39791,Mi1,5984.900000000001
92939,T4b,5984.900000000001
10023,HSS,5985.0
35683,Mi1,5985.0
85152,T4c,5985.0
97784,T4c,5985.1
84490,T4a,5985.1
43323,Mi1,5985.1
23047,Li28,5985.1
60863,T2,5985.1
39158,Mi1,5985.2
87937,T4d,5985.2
96394,T4b,5985.2
106701,T4d,5985.2
100729,T4b,5985.3
98194,T4d,5985.3
95928,T4c,5985.3
83067,T4b,5985.3
35113,Mi1,5985.3
95454,T4a,5985.3
35934,Mi1,5985.400000000001
40795,Mi1,5985.400000000001
40936,Mi1,5985.400000000001
41522,Mi1,5985.400000000001
42758,Mi1,5985.400000000001
94482,T4d,5985.400000000001
97184,T4d,5985.400000000001
105962,T4b,5985.400000000001
107799,T4b,5985.400000000001
128697,Tm3,5985.400000000001
102845,T4b,5985.5
86416,T4a,5985.5
81706,T2a,5985.5
80906,T4c,5985.5
33907,Mi1,5985.5
48286,Mi1,5985.5
41136,Mi1,5985.5
36346,Mi1,5985.5
73447,Tm3,5985.5
120231,Tm3,5985.6
99731,T4c,5985.6
92706,T4a,5985.6
92082,T4b,5985.6
60979,TmY3,5985.6
47967,Mi1,5985.6
10025,H2,5985.6
77395,T4b,5985.6
10016,HSE,5985.700000000001
10755,H1,5985.700000000001
41659,Mi1,5985.700000000001
92114,T4c,5985.700000000001
108307,T4b,5985.700000000001
108438,T4d,5985.700000000001
171349687,Tm3,5985.700000000001
113945,T4d,5985.8
85918,T2a,5985.8
68982,Tm3,5985.8
10015,HSN,5985.8
36954,Mi1,5985.8
34933,Mi1,5985.8
44438,Mi1,5985.8
86141,T4b,5985.9
110693,Tm3,5985.9
100165,T4b,5985.9
118232,T4d,5985.9
79070,T2a,5985.9
33091,Mi1,5985.9
47368,TmY3,5985.9
41804,Mi1,5985.9
14209,Li28,5985.9
11134,VSm,5985.9
78739,T4b,5985.9
56918,TmY3,5986.000000000001
86907,T4a,5986.000000000001
100190,T4c,5986.000000000001
102519,T4a,5986.000000000001
111783,T4a,5986.000000000001
111304,T4b,5986.1
108974,T4c,5986.1
104297,T4a,5986.1
93482,T4d,5986.1
10001,DNp01,5986.1
36646,Mi1,5986.1
24338,LC4,5986.1
72194,Tm3,5986.1
101772,Tm3,5986.2
103827,T4c,5986.2
57239,Mi1,5986.2
68167,Tm3,5986.2
16570,VST2,5986.2
16545,Li28,5986.2
41613,Mi1,5986.2
119959,T4d,5986.3
50333,TmY3,5986.3
86578,T4c,5986.3
93419,T4b,5986.3
95356,T4a,5986.3
100018,T4a,5986.3
104301,T4b,5986.3
109857,T4d,5986.3
112545,T4d,5986.400000000001
98039,T4d,5986.400000000001
92171,T4b,5986.400000000001
92055,T4c,5986.400000000001
41709,Mi1,5986.400000000001
87412,T4c,5986.400000000001
52328,TmY3,5986.400000000001
533688,Tm3,5986.400000000001
89290,T4d,5986.400000000001
82313,T4a,5986.5
73029,T2,5986.5
83979,T4a,5986.5
64341,TmY3,5986.5
38791,Mi1,5986.5
39275,Mi1,5986.5
46745,Mi1,5986.5
38477,Mi1,5986.5
34189,Mi1,5986.5
85924,T4a,5986.6
72190,Tm3,5986.6
70289,Mi1,5986.6
61734,T2,5986.6
40171,Mi1,5986.6
35890,Mi1,5986.6
15909,Li28,5986.6
41637,Mi1,5986.6
90027,T4c,5986.7
107211,T4d,5986.7
103033,T4a,5986.7
98312,T4a,5986.7
109631,T4b,5986.7
86419,Tm3,5986.7
95681,T4a,5986.7
77916,T2a,5986.7
66808,Tm3,5986.7
38857,Mi1,5986.7
14416,VST2,5986.7
11981,Li28,5986.7
78848,Tm3,5986.7
114444,T4b,5986.8
98837,T4c,5986.8
93566,T4a,5986.8
103425,T4a,5986.8
37509,Mi1,5986.8
10206,VS,5986.8
40085,Mi1,5986.8
44244,TmY3,5986.900000000001
78943,T2a,5986.900000000001
95921,T4c,5986.900000000001
108344,T4d,5986.900000000001
80582,T4a,5987.0
102595,T4d,5987.0
98222,T4d,5987.0
110987,Tm3,5987.0
82576,T4b,5987.0
69380,Tm3,5987.0
96107,T4d,5987.0
43485,Mi1,5987.0
41296,Mi1,5987.0
38748,Mi1,5987.0
34862,Mi1,5987.0
10012,VS,5987.0
66538,T2,5987.0
117221,T4c,5987.099999999999
102910,T4b,5987.099999999999
85778,T4b,5987.099999999999
80812,T4a,5987.099999999999
58967,TmY3,5987.099999999999
40026,TmY3,5987.099999999999
98668,T4a,5987.200000000001
97186,T4a,5987.200000000001
91725,T4b,5987.200000000001
80911,Tm3,5987.200000000001
71437,T2a,5987.200000000001
60857,Mi1,5987.200000000001
65636,T2,5987.200000000001
47823,TmY3,5987.200000000001
36911,Mi1,5987.200000000001
70800,Tm3,5987.200000000001
10037,VS,5987.3
35405,Mi1,5987.3
42895,Mi1,5987.3
104390,T4a,5987.3
107812,T4a,5987.4
117586,T4c,5987.4
97878,T4b,5987.4
37037,Mi1,5987.4
77138,Tm3,5987.4
89142,T4b,5987.4
43872,Mi1,5987.500000000001
53065,Mi1,5987.500000000001
108625,T4b,5987.500000000001
110071,T4d,5987.500000000001
120016,Tm3,5987.6
107621,T4d,5987.6
102462,T4c,5987.6
93479,T4d,5987.6
89434,T4c,5987.6
83307,Tm3,5987.6
42048,Mi1,5987.6
35897,Mi1,5987.6
35234,Mi1,5987.6
10112,VS,5987.6
42872,Mi1,5987.6
92281,T4c,5987.7
122233,Tm3,5987.7
113568,T4d,5987.7
106912,Tm3,5987.7
104191,T4a,5987.7
94282,T4c,5987.7
63489,T2,5987.7
33655,Mi1,5987.7
40411,Mi1,5987.7
40219,Mi1,5987.7
36881,Mi1,5987.7
36684,Mi1,5987.7
35712,Mi1,5987.7
40596,Mi1,5987.7
109598,T4b,5987.8
105521,T4c,5987.8
102479,T4c,5987.8
101005,T4d,5987.8
98788,T4d,5987.8
95985,T4c,5987.8
71398,Tm3,5987.8
73828,Tm3,5987.8
65925,Tm3,5987.8
38632,Mi1,5987.8
17596,Li28,5987.8
16033,Li28,5987.8
93334,T4b,5987.8
103108,T4b,5987.900000000001
87452,T2a,5987.900000000001
38227,Mi1,5987.900000000001
58527,TmY3,5987.900000000001
69164,Mi1,5987.900000000001
546524,Mi1,5988.0
114391,T4d,5988.0
101685,T4b,5988.0
88152,T4c,5988.0
98238,T4b,5988.0
69793,T2a,5988.0
43615,Mi1,5988.0
39438,Mi1,5988.0
36305,Mi1,5988.0
87090,T2a,5988.0
117627,Tm3,5988.1
111423,T4c,5988.1
102741,T4c,5988.1
100838,T4c,5988.1
100501,T4b,5988.1
72619,T2a,5988.1
98985,T4c,5988.1
43414,Mi1,5988.1
38687,Mi1,5988.1
38230,Mi1,5988.1
38208,Mi1,5988.1
34356,Mi1,5988.1
32893,Mi1,5988.1
60698,TmY3,5988.1
20634,VST1,5988.2
102295,T4d,5988.2
104621,T4c,5988.2
106166,T4b,5988.3
99672,T4a,5988.3
95736,T4c,5988.3
91444,T4c,5988.3
87289,T4a,5988.3
17926,LC4,5988.3
84328,T4a,5988.3
74044,Tm3,5988.3
37294,Mi1,5988.3
10023,HSS,5988.3
86724,Tm3,5988.3
41809,Mi1,5988.400000000001
104753,T4a,5988.400000000001
37680,Mi1,5988.400000000001
36410,Mi1,5988.400000000001
33614,Mi1,5988.400000000001
31848,Mi1,5988.400000000001
36446,Mi1,5988.400000000001
94567,T4c,5988.5
10025,H2,5988.5
38238,Mi1,5988.5
42594,Mi1,5988.5
72989,Tm3,5988.5
77527,T4a,5988.5
85009,Tm3,5988.5
86630,Tm3,5988.5
104336,T4b,5988.5
112619,T4d,5988.599999999999
90394,T4a,5988.599999999999
83689,T4a,5988.599999999999
67308,Mi1,5988.599999999999
117748,Tm3,5988.599999999999
39164,Mi1,5988.599999999999
20808,LC4,5988.599999999999
10016,HSE,5988.599999999999
50311,TmY3,5988.599999999999
90145,T4a,5988.700000000001
94624,T4a,5988.700000000001
38708,Mi1,5988.700000000001
114995,T4b,5988.8
40703,Mi1,5988.8
63468,Mi1,5988.8
75521,T2a,5988.8
82674,T4a,5988.8
98467,T4d,5988.8
103654,T4b,5988.8
111613,T4d,5988.8
119601,T4d,5988.8
100087,T4b,5988.9
102791,T4c,5988.9
116259,T4b,5988.9
112744,T4d,5988.9
91179,T4a,5988.9
102991,T4c,5988.9
87827,T2a,5988.9
105849,T4d,5988.9
74504,T2a,5988.9
71036,T2a,5988.9
39858,Mi1,5988.9
39718,Mi1,5988.9
35806,Mi1,5988.9
10015,HSN,5988.9
74891,T2a,5988.9
108475,T4b,5989.0
104714,T4b,5989.0
97866,T4d,5989.0
107442,T4d,5989.0
92957,T4d,5989.0
88722,T4c,5989.0
81486,T4b,5989.0
96081,T4a,5989.0
36275,Mi1,5989.1
86992,T4b,5989.1
102572,T4c,5989.1
108065,T4c,5989.1
87087,T2a,5989.2
83042,T4b,5989.2
62272,T2,5989.2
35845,Mi1,5989.2
39595,Mi1,5989.2
39067,Mi1,5989.2
97853,T4c,5989.2
40400,Mi1,5989.2
110757,T4b,5989.3
90567,T4b,5989.3
110646,T4b,5989.3
89409,T4a,5989.3
39688,Mi1,5989.3
71131,Tm3,5989.3
89282,T4a,5989.3
35724,Mi1,5989.3
17280,Li28,5989.400000000001
35100,Mi1,5989.400000000001
35777,Mi1,5989.400000000001
44282,Mi1,5989.400000000001
44527,Mi1,5989.400000000001
68342,Tm3,5989.400000000001
83682,Tm3,5989.400000000001
103226,T4d,5989.400000000001
130861,Tm3,5989.5
118854,T4c,5989.5
106819,T4b,5989.5
105115,T4d,5989.5
100633,T4a,5989.5
97677,T4c,5989.5
65833,Mi1,5989.5
67152,Tm3,5989.5
37391,Mi1,5989.5
37084,Mi1,5989.5
35290,Mi1,5989.5
88951,Tm3,5989.5
103440,T4d,5989.6
112179,T4b,5989.6
111623,T4a,5989.6
84010,Tm3,5989.6
30997,Mi1,5989.6
34057,Mi1,5989.6
32535,Mi1,5989.6
37438,Mi1,5989.6
86696,T4d,5989.7
39629,Mi1,5989.7
96676,T4b,5989.7
37839,Mi1,5989.7
10284,VS,5989.7
37927,Mi1,5989.7
38178,Mi1,5989.8
79449,T4b,5989.8
105698,T4c,5989.8
102425,T4b,5989.900000000001
111180,T4c,5989.900000000001
110403,T4b,5989.900000000001
106121,T4a,5989.900000000001
103160,T4a,5989.900000000001
131034,Tm3,5989.900000000001
100874,T4a,5989.900000000001
95005,T4a,5989.900000000001
10755,H1,5989.900000000001
97835,T4a,5989.900000000001
90278,T4a,5989.900000000001
55101,Mi1,5989.900000000001
108066,T4b,5990.0
95227,T4a,5990.0
67963,Tm3,5990.0
100673,T4b,5990.0
36994,Mi1,5990.0
35602,Mi1,5990.0
44119,Mi1,5990.0
39692,TmY3,5990.099999999999
41120,Mi1,5990.099999999999
43965,Mi1,5990.099999999999
67072,T2a,5990.099999999999
100867,T4b,5990.099999999999
101878,T4a,5990.099999999999
108870,T4a,5990.099999999999
19292,Li28,5990.099999999999
100105,T4a,5990.200000000001
530434,Tm3,5990.200000000001
91469,T4c,5990.200000000001
74731,T2a,5990.200000000001
96671,T4c,5990.200000000001
37677,Mi1,5990.3
92996,T4a,5990.3
99011,T4c,5990.3
105242,T4c,5990.3
105574,T4d,5990.3
107628,T4d,5990.3
537004,VSm,5990.4
101945,T4b,5990.4
97769,T4a,5990.4
94893,T4c,5990.4
94596,T4b,5990.4
71052,T2a,5990.4
86558,T4b,5990.4
47360,TmY3,5990.4
37243,Mi1,5990.4
86932,T4b,5990.4
104123,T4b,5990.5
103579,T4c,5990.5
62078,Mi1,5990.5
38768,Mi1,5990.5
37529,Mi1,5990.5
43783,Mi1,5990.5
34867,Mi1,5990.6
56007,TmY3,5990.6
22194,LC4,5990.7
65513,T2a,5990.7
87106,T4a,5990.7
92047,T4c,5990.7
112048,T4c,5990.7
115422,T4c,5990.7
117662,T4d,5990.8
94147,T4a,5990.8
10037,VS,5990.8
35580,Mi1,5990.8
12521,HST,5990.9
39500,Mi1,5990.9
100046,T4b,5990.9
104884,T4b,5990.9
108757,T4c,5990.9
110386,T4d,5990.9
34849,Mi1,5991.0
37699,Mi1,5991.0
39716,Mi1,5991.0
133349,Tm3,5991.1
65850,T2a,5991.1
35770,Mi1,5991.1
15909,Li28,5991.1
40716,Tm3,5991.1
37585,Mi1,5991.2
90533,T4c,5991.2
91366,T4b,5991.2
104622,T4b,5991.2
129235,Tm3,5991.2
72558,T2a,5991.299999999999
101383,T4b,5991.299999999999
100488,T4c,5991.299999999999
90465,T4a,5991.299999999999
88922,T4c,5991.299999999999
10206,VS,5991.299999999999
40505,Mi1,5991.299999999999
103867,T4a,5991.299999999999
10072,OA-AL2i1,5991.299999999999
10025,H2,5991.299999999999
74061,Tm3,5991.299999999999
89573,T2a,5991.400000000001
89110,Tm3,5991.400000000001
121245,Tm3,5991.400000000001
91345,T4c,5991.400000000001
78503,T2a,5991.400000000001
35428,Mi1,5991.400000000001
37371,Mi1,5991.400000000001
49788,TmY3,5991.400000000001
35416,Mi1,5991.400000000001
34938,Mi1,5991.400000000001
10112,VS,5991.400000000001
118260,T4d,5991.5
96295,T4b,5991.5
91987,T4c,5991.5
82549,T4b,5991.5
72983,T2a,5991.5
48060,Mi1,5991.5
37756,Mi1,5991.5
37390,Mi1,5991.5
16545,Li28,5991.5
10016,HSE,5991.5
70414,T2a,5991.5
77594,T2a,5991.6
91674,T4a,5991.6
64149,Mi1,5991.6
97306,T4a,5991.6
30923,TmY3,5991.6
10023,HSS,5991.6
34479,Mi1,5991.6
41536,Mi1,5991.700000000001
77484,T4d,5991.700000000001
90566,T4d,5991.700000000001
103148,T4a,5991.700000000001
111184,T4a,5991.700000000001
112775,T4d,5991.700000000001
526158,Mi1,5991.8
105545,T4d,5991.8
103343,T4b,5991.8
71583,Tm3,5991.8
66739,Tm3,5991.8
40577,Mi1,5991.8
37270,Mi1,5991.8
36177,Mi1,5991.8
10012,VS,5991.8
65542,T2,5991.8
88575,T4b,5991.900000000001
542412,Mi1,5991.900000000001
104853,T4c,5991.900000000001
104683,T4b,5991.900000000001
103344,T4b,5991.900000000001
85866,T4b,5991.900000000001
38721,Mi1,5991.900000000001
43063,Mi1,5991.900000000001
11981,Li28,5991.900000000001
38514,Mi1,5991.900000000001
59397,Mi1,5991.900000000001
38596,Mi1,5991.900000000001
120594,T4c,5992.0
112594,T4b,5992.0
106401,T4d,5992.0
90206,T4b,5992.0
85731,T4d,5992.0
80913,T4a,5992.0
102786,Tm3,5992.0
59864,Tm3,5992.0
39405,Mi1,5992.0
35235,Mi1,5992.0
11134,VSm,5992.0
10015,HSN,5992.0
61835,T2,5992.0
71447,T4c,5992.1
107719,T4b,5992.1
98381,T4d,5992.1
92684,T4c,5992.1
91303,T4b,5992.1
74231,Tm3,5992.1
71089,Mi1,5992.1
48986,TmY3,5992.1
38993,Mi1,5992.1
37568,Mi1,5992.1
36158,Mi1,5992.1
34606,Mi1,5992.1
67614,Mi1,5992.1
56564,Mi1,5992.200000000001
35836,Mi1,5992.200000000001
36252,Mi1,5992.200000000001
41654,Mi1,5992.200000000001
45719,Mi1,5992.200000000001
74927,Tm3,5992.200000000001
76074,Tm3,5992.200000000001
95335,T4a,5992.200000000001
97675,T4c,5992.200000000001
97704,T2a,5992.200000000001
108043,T4a,5992.200000000001
102801,T4b,5992.3
117039,T4c,5992.3
129930,Tm3,5992.3
101072,T4b,5992.3
34463,Mi1,5992.3
85229,T4c,5992.3
34045,Mi1,5992.4
132834,Tm3,5992.4
116633,T4c,5992.4
99922,T4c,5992.4
99074,T4b,5992.4
111380,Tm3,5992.4
91505,T4c,5992.4
80483,T4c,5992.4
37123,Mi1,5992.4
34404,Mi1,5992.4
96576,T4c,5992.4
102016,T4a,5992.4
103527,T4c,5992.500000000001
116311,T4d,5992.500000000001
111685,T4d,5992.500000000001
110968,T4b,5992.500000000001
109774,T4d,5992.500000000001
107105,T4d,5992.500000000001
106821,T4b,5992.500000000001
97877,T4d,5992.500000000001
92862,T4b,5992.500000000001
48607,TmY3,5992.500000000001
47465,TmY3,5992.500000000001
45319,Mi1,5992.500000000001
37088,Mi1,5992.500000000001
33766,Mi1,5992.500000000001
95677,T4c,5992.500000000001
99628,T4b,5992.6
98625,T4a,5992.6
97004,T4c,5992.6
93527,T4a,5992.6
90474,T4b,5992.6
64977,T2,5992.6
47962,TmY3,5992.6
57164,TmY3,5992.6
41950,Mi1,5992.6
37555,Mi1,5992.6
37019,Mi1,5992.6
58862,Mi1,5992.6
80855,Tm3,5992.7
87845,T4a,5992.7
73767,Mi1,5992.7
56291,TmY3,5992.7
58224,Mi1,5992.7
51231,TmY3,5992.7
36660,Mi1,5992.7
117364,T4b,5992.8
97888,Tm3,5992.8
71164,Mi1,5992.8
70632,Tm3,5992.8
73301,Tm3,5992.8
44564,TmY3,5992.8
41626,Mi1,5992.8
38455,Mi1,5992.8
37044,Mi1,5992.8
48186,TmY3,5992.8
35734,Mi1,5992.900000000001
60510,T2,5992.900000000001
67464,Mi1,5992.900000000001
78421,T2a,5992.900000000001
86175,T4a,5992.900000000001
105802,T4c,5992.900000000001
91313,T4a,5993.0
97256,T4c,5993.0
76038,Tm3,5993.0
74010,T2a,5993.0
45322,Mi1,5993.0
10001,DNp01,5993.0
16033,Li28,5993.1
41399,Mi1,5993.1
98575,T4a,5993.1
99671,T4c,5993.1
101994,T4a,5993.1
115511,T4d,5993.2
97899,T4a,5993.2
90423,T4b,5993.2
88726,T4b,5993.2
67150,T2a,5993.2
41671,TmY3,5993.2
41545,Mi1,5993.2
38648,Mi1,5993.2
33017,Mi1,5993.2
58196,TmY3,5993.2
96262,T4c,5993.3
121821,T4c,5993.3
99863,T4d,5993.3
92054,T4b,5993.3
92431,T4a,5993.3
35572,Mi1,5993.3
35152,Mi1,5993.3
33462,Mi1,5993.3
79259,T4b,5993.3
88084,T4b,5993.400000000001
37853,Mi1,5993.400000000001
67113,Mi1,5993.400000000001
74159,Tm3,5993.400000000001
80437,Tm3,5993.400000000001
90796,T4d,5993.400000000001
98099,T4b,5993.400000000001
106026,T4b,5993.400000000001
123490,Tm3,5993.400000000001
102113,T4b,5993.5
106840,T4b,5993.5
96307,T4a,5993.5
117631,T4d,5993.5
72501,Mi1,5993.5
101033,T4d,5993.5
46784,Mi1,5993.5
72279,Mi1,5993.5
45696,Mi1,5993.5
44700,Mi1,5993.5
23606,Mi1,5993.5
100310,T4d,5993.6
98137,T4d,5993.6
93166,T4c,5993.6
104674,T4a,5993.6
44592,TmY3,5993.6
25584,LC4,5993.6
88933,T4a,5993.6
34300,Mi1,5993.700000000001
107031,T4b,5993.700000000001
539983,T4c,5993.700000000001
38241,Mi1,5993.8
40235,Mi1,5993.8
70812,TmY3,5993.8
99177,T4b,5993.8
100073,T4c,5993.8
100075,T4c,5993.8
104017,T4b,5993.9
105276,T4d,5993.9
102975,T4b,5993.9
108270,T4b,5993.9
106801,T4c,5993.9
93984,T4b,5993.9
79271,T4a,5993.9
72586,Tm3,5993.9
51049,Mi1,5993.9
34658,Mi1,5993.9
33394,Mi1,5993.9
33110,Mi1,5993.9
81015,T4a,5993.9
70524,T2a,5994.000000000001
23047,Li28,5994.000000000001
34079,Mi1,5994.000000000001
36139,Mi1,5994.000000000001
72665,Mi1,5994.000000000001
73122,T2a,5994.000000000001
75712,Tm3,5994.000000000001
102298,T4c,5994.000000000001
101480,T4c,5994.1
102229,T4d,5994.1
98887,T4b,5994.1
110910,Tm3,5994.1
109326,T4c,5994.1
96830,T4b,5994.1
76788,T4b,5994.1
58553,TmY3,5994.1
38479,Mi1,5994.1
16596,Li28,5994.1
10755,H1,5994.1
10025,H2,5994.1
95345,T4d,5994.1
44449,TmY3,5994.2
37353,Mi1,5994.2
37733,TmY3,5994.2
57398,Mi1,5994.2
74860,Tm3,5994.2
90430,T2a,5994.2
97105,T4d,5994.2
104202,T4d,5994.2
104450,T4a,5994.2
77307,Tm3,5994.3
93750,T4c,5994.3
74411,Mi1,5994.3
84267,T4c,5994.3
37108,Mi1,5994.3
10037,VS,5994.3
65052,T2,5994.3
111416,Tm3,5994.400000000001
105718,T4b,5994.400000000001
95883,T4a,5994.400000000001
38710,Mi1,5994.400000000001
44746,TmY3,5994.400000000001
10016,HSE,5994.400000000001
92472,T4c,5994.400000000001
62894,Tm3,5994.5
73320,T2,5994.5
88625,T4c,5994.5
97031,T4c,5994.5
109649,T4c,5994.5
107095,T4c,5994.6
105565,Tm3,5994.6
105292,T4b,5994.6
74373,Tm3,5994.6
38461,Mi1,5994.6
35447,Mi1,5994.6
101215,T4c,5994.6
94574,T4c,5994.7
100206,T4c,5994.7
99950,T4c,5994.7
112321,T4d,5994.7
95926,T4a,5994.7
94179,T4a,5994.7
43978,Mi1,5994.7
70642,T2a,5994.7
60643,Tm3,5994.7
38529,Mi1,5994.7
36369,Mi1,5994.7
81996,T2a,5994.7
27788,Mi1,5994.8
47240,TmY3,5994.8
60856,T2a,5994.8
92839,T4b,5994.8
109035,T4b,5994.8
110454,T4d,5994.8
90049,T4c,5994.900000000001
90657,T4a,5994.900000000001
72655,Mi1,5994.900000000001
108876,T4c,5994.900000000001
41668,Mi1,5994.900000000001
39505,Mi1,5994.900000000001
10284,VS,5994.900000000001
64260,T2,5994.900000000001
89099,T4a,5995.0
80435,T2a,5995.0
109593,Tm3,5995.0
96035,T4d,5995.0
72829,T2a,5995.0
100274,T4a,5995.0
54885,TmY3,5995.0
24867,VST1,5995.0
15263,Li28,5995.0
10023,HSS,5995.0
60337,TmY3,5995.0
109652,T4d,5995.099999999999
69889,T2a,5995.099999999999
66852,Mi1,5995.099999999999
40635,Mi1,5995.099999999999
95822,T4b,5995.099999999999
37631,Mi1,5995.099999999999
35045,Mi1,5995.099999999999
10112,VS,5995.099999999999
10015,HSN,5995.099999999999
40256,Mi1,5995.099999999999
134209,Tm3,5995.200000000001
94224,T4b,5995.200000000001
93509,T4b,5995.200000000001
77344,Tm3,5995.200000000001
64778,TmY3,5995.200000000001
52350,Mi1,5995.200000000001
45349,Mi1,5995.200000000001
45162,TmY3,5995.200000000001
66980,T2a,5995.200000000001
95242,T4d,5995.3
124362,T4c,5995.3
87203,T4a,5995.3
34296,Mi1,5995.3
78940,T4a,5995.3
79704,T4d,5995.3
100726,T4d,5995.4
93360,T4b,5995.4
87424,T4d,5995.4
63825,Tm3,5995.4
97028,T4c,5995.4
35218,Mi1,5995.4
35173,Mi1,5995.4
35017,Mi1,5995.4
33942,Mi1,5995.4
50345,TmY3,5995.4
42942,Mi1,5995.500000000001
61968,T2,5995.500000000001
91806,T4a,5995.500000000001
92993,Tm3,5995.500000000001
107464,T4a,5995.500000000001
72452,T2,5995.6
107075,T4d,5995.6
96812,T4a,5995.6
71475,Tm3,5995.6
36533,Mi1,5995.6
45176,Mi1,5995.6
36695,Mi1,5995.6
47211,Mi1,5995.6
38487,Mi1,5995.6
71228,T2a,5995.7
91741,T4d,5995.7
95239,T4a,5995.7
97318,T4d,5995.7
10206,VS,5995.8
48531,Mi1,5995.8
76962,T2a,5995.8
78698,Tm3,5995.8
91057,T4c,5995.8
106886,T4c,5995.8
42691,Mi1,5995.8
113107,T4a,5995.900000000001
40599,TmY3,5995.900000000001
104802,T4c,5995.900000000001
99980,T4c,5995.900000000001
39894,T4b,5995.900000000001
38772,Mi1,5995.900000000001
35774,Mi1,5995.900000000001
33446,Mi1,5995.900000000001
15909,Li28,5995.900000000001
39525,Mi1,5995.900000000001
100924,T4b,5996.0
79483,Tm3,5996.0
112088,T4d,5996.0
34272,Mi1,5996.0
20264,Li28,5996.0
76653,T2a,5996.0
16606,VST2,5996.1
36540,Mi1,5996.1
61768,T2,5996.1
83677,T4c,5996.1
89866,T4b,5996.1
105363,T4c,5996.1
106530,T4d,5996.1
112806,T4c,5996.1
82121,Tm3,5996.2
537004,VSm,5996.2
70177,T2,5996.2
37224,Mi1,5996.2
36990,Mi1,5996.2
36452,Mi1,5996.2
33326,Mi1,5996.2
114201,T4c,5996.3
108249,T4a,5996.3
104703,T4d,5996.3
103870,T4a,5996.3
96126,T4b,5996.3
94549,T4b,5996.3
94289,T4d,5996.3
92640,T4d,5996.3
86504,T4b,5996.3
84008,T4c,5996.3
42856,Mi1,5996.3
109916,T4d,5996.400000000001
99316,T4b,5996.400000000001
95007,T4a,5996.400000000001
86536,Tm3,5996.400000000001
89934,T4d,5996.400000000001
57349,Mi1,5996.400000000001
50552,Mi1,5996.400000000001
35001,Mi1,5996.400000000001
59008,Mi1,5996.400000000001
54087,Mi1,5996.5
115452,T4c,5996.5
100319,T4b,5996.5
76446,TmY3,5996.5
59528,T2a,5996.5
40854,Mi1,5996.5
800146,TTMn,5996.5
38987,Mi1,5996.5
38133,Mi1,5996.5
17280,Li28,5996.5
10012,VS,5996.5
45005,TmY3,5996.5
85938,T4a,5996.599999999999
76003,Tm3,5996.599999999999
94305,T4a,5996.599999999999
88127,T4b,5996.599999999999
64849,Tm3,5996.599999999999
98360,T4c,5996.599999999999
43689,Mi1,5996.599999999999
41435,Mi1,5996.599999999999
40832,Mi1,5996.599999999999
37000,Mi1,5996.599999999999
35260,Mi1,5996.599999999999
51122,Mi1,5996.599999999999
107010,T4d,5996.700000000001
100855,T4a,5996.700000000001
95629,T4c,5996.700000000001
88095,T4d,5996.700000000001
83365,T2a,5996.700000000001
94471,T4a,5996.700000000001
69978,T2,5996.700000000001
69540,TmY3,5996.700000000001
62851,Tm3,5996.700000000001
61500,Tm3,5996.700000000001
16545,Li28,5996.700000000001
73619,T2a,5996.700000000001
118551,Tm3,5996.8
104996,T4a,5996.8
104130,T4a,5996.8
101043,T4c,5996.8
98245,T4c,5996.8
69063,Mi1,5996.8
103657,T4b,5996.8
83583,T4d,5996.9
103497,Tm3,5996.9
96090,T4c,5996.9
70900,Tm3,5996.9
10025,H2,5996.9
39727,Mi1,5996.9
37948,Mi1,5996.9
34369,Mi1,5996.9
55976,Mi1,5996.9
101245,T4a,5997.0
98937,T4a,5997.0
98398,T4c,5997.0
91857,T4b,5997.0
87565,T4a,5997.0
88167,T4b,5997.0
65671,Mi1,5997.0
39651,Mi1,5997.0
34329,Mi1,5997.0
34142,Mi1,5997.0
84063,T4b,5997.0
10311,VS,5997.1
91325,T4a,5997.1
113414,T4d,5997.1
72005,Tm3,5997.2
84123,T2a,5997.2
72426,Tm3,5997.2
69228,T2a,5997.2
85598,T4b,5997.2
46827,Mi1,5997.2
37138,Mi1,5997.2
33918,Mi1,5997.2
59959,Mi1,5997.2
10016,HSE,5997.3
33216,Mi1,5997.3
35888,Mi1,5997.3
66872,T2,5997.3
95235,T4d,5997.3
99748,T4b,5997.3
114817,T4d,5997.400000000001
108161,T4a,5997.400000000001
96260,T4d,5997.400000000001
89485,T4a,5997.400000000001
83639,T2a,5997.400000000001
40106,Mi1,5997.400000000001
70188,T2,5997.400000000001
65508,Tm3,5997.400000000001
38421,Mi1,5997.400000000001
24338,LC4,5997.400000000001
75557,Tm3,5997.400000000001
94755,T4a,5997.5
125288,Tm3,5997.5
115686,T4b,5997.5
112027,T4d,5997.5
92415,T4a,5997.5
38767,Mi1,5997.5
82425,T4b,5997.5
74853,Tm3,5997.5
72839,Tm3,5997.5
92251,T4b,5997.5
11981,Li28,5997.6
54211,TmY3,5997.6
68840,TmY3,5997.6
73723,T2a,5997.6
74807,TmY3,5997.6
82299,T4c,5997.6
85664,TmY3,5997.6
99837,T4a,5997.6
105199,T4d,5997.6
94866,T4d,5997.7
101463,T4d,5997.7
46248,Mi1,5997.7
104911,T4c,5997.7
37599,Mi1,5997.7
42758,Mi1,5997.7
10037,VS,5997.7
34171,Mi1,5997.8
42119,Mi1,5997.8
47967,Mi1,5997.8
63175,Mi1,5997.8
91682,T4b,5997.8
94283,T4d,5997.8
108824,T4d,5997.8
71408,T2,5997.900000000001
97326,T4c,5997.900000000001
93604,T4a,5997.900000000001
70153,Tm3,5997.900000000001
66227,Tm3,5997.900000000001
42533,TmY3,5997.900000000001
31492,Mi1,5998.0
40958,Mi1,5998.0
63420,Mi1,5998.0
95182,T4d,5998.0
106922,T4c,5998.0
97015,T4a,5998.099999999999
96784,T4b,5998.099999999999
81378,T4b,5998.099999999999
106338,T4a,5998.099999999999
78805,T2a,5998.099999999999
71765,T2a,5998.099999999999
67408,Mi1,5998.099999999999
18127,LC4,5998.099999999999
79646,Tm3,5998.099999999999
104027,T4d,5998.200000000001
87896,T4a,5998.200000000001
84663,T2a,5998.200000000001
83009,T4b,5998.200000000001
63994,Mi1,5998.200000000001
42675,Mi1,5998.200000000001
44222,Mi1,5998.200000000001
39743,Mi1,5998.200000000001
36217,Mi1,5998.200000000001
34899,Mi1,5998.200000000001
25893,VST1,5998.200000000001
10015,HSN,5998.200000000001
40944,Mi1,5998.200000000001
525839,Mi1,5998.3
119501,T4d,5998.3
105214,T4c,5998.3
103195,T4a,5998.3
102742,T4d,5998.3
97981,T4a,5998.3
49324,Mi1,5998.3
92593,T4d,5998.3
40426,Mi1,5998.3
38893,Mi1,5998.3
37113,Mi1,5998.3
36346,Mi1,5998.3
34626,Mi1,5998.3
11134,VSm,5998.3
10755,H1,5998.3
40795,Mi1,5998.3
96003,T4d,5998.4
95972,T4d,5998.4
93935,T4a,5998.4
88992,T4c,5998.4
10023,HSS,5998.4
32962,TmY3,5998.5
35498,Mi1,5998.5
41136,Mi1,5998.5
67971,Tm3,5998.5
77972,Tm3,5998.5
98692,T4a,5998.5
100032,T4c,5998.5
105403,T4c,5998.5
102564,T4a,5998.6
91629,T4a,5998.6
14209,Li28,5998.6
10112,VS,5998.7
68264,Tm3,5998.7
106793,T4d,5998.7
115111,T4a,5998.8
98817,T4a,5998.8
94324,Tm3,5998.8
73586,Tm3,5998.8
95990,T4a,5998.8
39275,Mi1,5998.8
35512,Mi1,5998.8
16033,Li28,5998.8
10269,OA-AL2i2,5998.8
40936,Mi1,5998.8
45948,TmY3,5998.9
66325,Tm3,5998.9
90219,T4a,5998.9
105099,T4b,5998.9
70490,Mi1,5999.0
83125,T4b,5999.0
94081,T4c,5999.1
94287,T4d,5999.1
87763,T4a,5999.1
107420,T4b,5999.1
56136,Tm3,5999.1
15422,VST2,5999.1
79138,T2a,5999.1
20808,LC4,5999.2
39158,Mi1,5999.2
78172,TmY3,5999.2
91913,T4b,5999.2
103022,T4a,5999.2
108675,T4b,5999.2
92668,T2a,5999.3
81305,Tm3,5999.3
79297,T4a,5999.3
78470,Tm3,5999.3
34933,Mi1,5999.400000000001
70289,Mi1,5999.400000000001
74303,Mi1,5999.400000000001
76325,T2a,5999.400000000001
84781,Tm3,5999.400000000001
96219,T4b,5999.400000000001
96931,T4b,5999.400000000001
97231,T4a,5999.5
97171,T4d,5999.5
100897,T4c,5999.5
86907,T4a,5999.5
35890,Mi1,5999.5
93302,T4b,5999.5
12521,HST,5999.6
15019,Li28,5999.6
33091,Mi1,5999.6
33907,Mi1,5999.6
36954,Mi1,5999.6
42010,TmY3,5999.6
43323,Mi1,5999.6
66791,Tm3,5999.6
86686,T4c,5999.6
104257,T4b,5999.6
80282,T4d,5999.700000000001
69915,TmY3,5999.700000000001
35934,Mi1,5999.700000000001
34189,Mi1,5999.700000000001
49372,TmY3,5999.700000000001
10025,H2,5999.8
35113,Mi1,5999.8
36646,Mi1,5999.8
78561,Tm3,5999.8
84631,T4c,5999.8
84746,T2a,5999.8
85126,T4a,5999.8
89092,T4c,5999.8
101865,T4a,5999.8
97545,T4c,5999.900000000001
98300,T4a,5999.900000000001
94071,T4a,5999.900000000001
109536,T4d,5999.900000000001
108119,T4c,5999.900000000001
93588,T4b,5999.900000000001
119213,T4c,5999.900000000001
88398,T4a,5999.900000000001
85152,T4c,5999.900000000001
75227,T2a,5999.900000000001
59599,T2,5999.900000000001
35840,Mi1,5999.900000000001
90888,T4b,5999.900000000001
149504,T4d,5999.900000000001
