bodyId,type,t_ms
12688,OA-ASM1,11.4
11608,OA-VUMa2,11.5
10652,OA-AL2i4,11.600000000000001
11264,OA-ASM1,11.600000000000001
12109,OA-VUMa2,11.799999999999999
10041,OA-VUMa1,12.100000000000001
10677,OA-AL2i4,12.100000000000001
10072,OA-AL2i1,12.200000000000001
11921,OA-VPM4,12.3
11005,OA-VUMa4,12.3
10322,OA-AL2i2,12.3
10555,OA-VUMa3,12.3
287884,OA-VPM3,12.4
10226,OA-AL2i3,12.4
10799,OA-VUMa4,12.4
53065,Mi1,12.4
11602,OA-ASM1,12.5
10269,OA-AL2i2,12.5
10658,OA-AL2i3,12.6
10825,OA-AL2i3,12.6
10175,OA-VUMa6,12.700000000000001
10687,OA-AL2i3,12.8
10187,OA-VPM3,12.9
10110,OA-VUMa1,13.0
10204,OA-AL2i2,13.0
286259,OA-ASM1,13.0
10011,OA-AL2i1,13.1
10080,OA-VUMa3,13.1
10265,OA-AL2i2,13.1
10168,OA-VUMa6,13.3
12896,OA-VUMa5,13.8
10185,OA-VUMa8,13.9
10120,OA-VPM4,14.200000000000001
12109,OA-VUMa2,23.700000000000003
10652,OA-AL2i4,24.099999999999998
11264,OA-ASM1,24.400000000000002
11608,OA-VUMa2,24.400000000000002
12688,OA-ASM1,24.400000000000002
10041,OA-VUMa1,24.7
12896,OA-VUMa5,24.900000000000002
10677,OA-AL2i4,25.1
11005,OA-VUMa4,25.1
10555,OA-VUMa3,25.3
10226,OA-AL2i3,25.400000000000002
10110,OA-VUMa1,25.5
10175,OA-VUMa6,25.5
287884,OA-VPM3,25.7
11602,OA-ASM1,25.900000000000002
10322,OA-AL2i2,26.0
10072,OA-AL2i1,26.1
10168,OA-VUMa6,26.3
10187,OA-VPM3,26.4
10825,OA-AL2i3,26.4
10799,OA-VUMa4,26.6
10269,OA-AL2i2,26.8
286259,OA-ASM1,26.8
10080,OA-VUMa3,27.0
53065,Mi1,27.0
10011,OA-AL2i1,27.4
11921,OA-VPM4,27.6
10687,OA-AL2i3,27.6
10265,OA-AL2i2,27.6
10658,OA-AL2i3,27.6
10185,OA-VUMa8,27.700000000000003
10204,OA-AL2i2,28.0
10120,OA-VPM4,28.3
10041,OA-VUMa1,35.0
12109,OA-VUMa2,35.8
11608,OA-VUMa2,35.9
11005,OA-VUMa4,36.4
12688,OA-ASM1,36.7
10652,OA-AL2i4,37.1
10677,OA-AL2i4,37.3
11264,OA-ASM1,37.6
10175,OA-VUMa6,38.0
10226,OA-AL2i3,38.1
12896,OA-VUMa5,38.400000000000006
10072,OA-AL2i1,38.5
10555,OA-VUMa3,38.6
11602,OA-ASM1,38.8
10110,OA-VUMa1,39.199999999999996
287884,OA-VPM3,39.5
10322,OA-AL2i2,39.699999999999996
10269,OA-AL2i2,39.900000000000006
10011,OA-AL2i1,39.900000000000006
10168,OA-VUMa6,40.0
10120,OA-VPM4,40.1
10658,OA-AL2i3,40.199999999999996
10825,OA-AL2i3,40.300000000000004
10187,OA-VPM3,40.400000000000006
53065,Mi1,40.400000000000006
286259,OA-ASM1,40.5
10185,OA-VUMa8,40.5
10799,OA-VUMa4,40.800000000000004
10687,OA-AL2i3,41.0
10265,OA-AL2i2,41.1
10080,OA-VUMa3,41.300000000000004
11921,OA-VPM4,42.2
10204,OA-AL2i2,42.7
10041,OA-VUMa1,45.3
11608,OA-VUMa2,47.400000000000006
12688,OA-ASM1,48.199999999999996
11005,OA-VUMa4,48.199999999999996
10072,OA-AL2i1,48.6
12109,OA-VUMa2,48.699999999999996
10652,OA-AL2i4,49.2
10226,OA-AL2i3,49.7
10175,OA-VUMa6,50.0
11264,OA-ASM1,50.2
12896,OA-VUMa5,50.5
10677,OA-AL2i4,50.7
10110,OA-VUMa1,50.800000000000004
10555,OA-VUMa3,51.4
10658,OA-AL2i3,51.800000000000004
11602,OA-ASM1,52.0
287884,OA-VPM3,52.0
10011,OA-AL2i1,52.3
10322,OA-AL2i2,52.6
10269,OA-AL2i2,52.8
10825,OA-AL2i3,53.3
10120,OA-VPM4,53.4
10799,OA-VUMa4,53.4
10187,OA-VPM3,53.6
10168,OA-VUMa6,53.8
10185,OA-VUMa8,54.2
10265,OA-AL2i2,54.2
53065,Mi1,54.2
10080,OA-VUMa3,55.0
286259,OA-ASM1,55.1
10687,OA-AL2i3,55.2
10041,OA-VUMa1,55.900000000000006
11921,OA-VPM4,56.1
10204,OA-AL2i2,56.900000000000006
11608,OA-VUMa2,58.60000000000001
11005,OA-VUMa4,59.9
10072,OA-AL2i1,60.1
12688,OA-ASM1,60.50000000000001
12109,OA-VUMa2,60.7
10175,OA-VUMa6,61.1
10110,OA-VUMa1,61.7
10226,OA-AL2i3,61.7
10652,OA-AL2i4,62.1
12896,OA-VUMa5,62.800000000000004
10658,OA-AL2i3,63.2
10011,OA-AL2i1,63.300000000000004
11264,OA-ASM1,63.6
10677,OA-AL2i4,63.80000000000001
10322,OA-AL2i2,64.2
11602,OA-ASM1,64.60000000000001
10269,OA-AL2i2,64.8
10555,OA-VUMa3,64.8
287884,OA-VPM3,65.10000000000001
10168,OA-VUMa6,65.5
10120,OA-VPM4,66.0
10187,OA-VPM3,66.7
10687,OA-AL2i3,66.8
10265,OA-AL2i2,66.9
10825,OA-AL2i3,66.9
10041,OA-VUMa1,67.10000000000001
10799,OA-VUMa4,67.3
10080,OA-VUMa3,67.5
286259,OA-ASM1,68.19999999999999
10185,OA-VUMa8,68.7
11608,OA-VUMa2,69.4
10204,OA-AL2i2,70.3
11921,OA-VPM4,70.60000000000001
53065,Mi1,70.7
10110,OA-VUMa1,71.9
11005,OA-VUMa4,72.1
10072,OA-AL2i1,72.2
12109,OA-VUMa2,72.2
10175,OA-VUMa6,72.4
12688,OA-ASM1,72.50000000000001
10226,OA-AL2i3,74.2
10652,OA-AL2i4,74.5
10011,OA-AL2i1,74.7
12896,OA-VUMa5,74.9
10322,OA-AL2i2,76.30000000000001
10677,OA-AL2i4,76.5
10658,OA-AL2i3,76.6
11264,OA-ASM1,76.9
11602,OA-ASM1,77.2
10269,OA-AL2i2,77.30000000000001
287884,OA-VPM3,77.6
10041,OA-VUMa1,77.80000000000001
10555,OA-VUMa3,78.0
10168,OA-VUMa6,78.39999999999999
10687,OA-AL2i3,78.89999999999999
10120,OA-VPM4,79.7
10187,OA-VPM3,80.10000000000001
10265,OA-AL2i2,80.2
10825,OA-AL2i3,80.30000000000001
10080,OA-VUMa3,80.5
10799,OA-VUMa4,80.60000000000001
11608,OA-VUMa2,81.2
10185,OA-VUMa8,81.9
286259,OA-ASM1,82.2
11921,OA-VPM4,82.8
12109,OA-VUMa2,83.2
10110,OA-VUMa1,83.60000000000001
10204,OA-AL2i2,83.7
10175,OA-VUMa6,83.8
10072,OA-AL2i1,84.4
11005,OA-VUMa4,84.9
53065,Mi1,85.60000000000001
12896,OA-VUMa5,86.2
12688,OA-ASM1,86.4
10226,OA-AL2i3,86.60000000000001
10011,OA-AL2i1,87.10000000000001
10322,OA-AL2i2,87.10000000000001
10652,OA-AL2i4,87.4
10658,OA-AL2i3,88.8
10677,OA-AL2i4,88.8
10041,OA-VUMa1,89.1
11264,OA-ASM1,89.2
10168,OA-VUMa6,89.50000000000001
10269,OA-AL2i2,89.6
11602,OA-ASM1,89.8
10687,OA-AL2i3,90.00000000000001
10555,OA-VUMa3,90.8
287884,OA-VPM3,90.9
10265,OA-AL2i2,92.0
11608,OA-VUMa2,92.6
10120,OA-VPM4,92.80000000000001
10799,OA-VUMa4,93.30000000000001
10080,OA-VUMa3,93.4
10187,OA-VPM3,93.5
10185,OA-VUMa8,94.30000000000001
10072,OA-AL2i1,94.60000000000001
10110,OA-VUMa1,94.7
10825,OA-AL2i3,94.89999999999999
10175,OA-VUMa6,95.30000000000001
12109,OA-VUMa2,95.39999999999999
10204,OA-AL2i2,96.0
286259,OA-ASM1,96.39999999999999
11005,OA-VUMa4,96.5
12896,OA-VUMa5,97.2
11921,OA-VPM4,97.8
12688,OA-ASM1,98.10000000000001
10011,OA-AL2i1,98.4
10322,OA-AL2i2,98.4
10226,OA-AL2i3,98.7
10658,OA-AL2i3,99.9
10041,OA-VUMa1,100.2
53065,Mi1,100.3
10168,OA-VUMa6,100.7
10652,OA-AL2i4,100.8
10269,OA-AL2i2,101.60000000000001
10677,OA-AL2i4,101.9
10687,OA-AL2i3,102.0
11264,OA-ASM1,102.60000000000001
11602,OA-ASM1,103.10000000000001
287884,OA-VPM3,103.7
10265,OA-AL2i2,103.9
10555,OA-VUMa3,104.0
11608,OA-VUMa2,104.4
10072,OA-AL2i1,105.00000000000001
10120,OA-VPM4,105.50000000000001
10187,OA-VPM3,105.7
10080,OA-VUMa3,105.8
10110,OA-VUMa1,105.9
10185,OA-VUMa8,106.3
12109,OA-VUMa2,106.6
10175,OA-VUMa6,107.4
10825,OA-AL2i3,107.5
10799,OA-VUMa4,107.6
11005,OA-VUMa4,108.0
12896,OA-VUMa5,108.6
10011,OA-AL2i1,110.1
10322,OA-AL2i2,110.1
10204,OA-AL2i2,110.2
12688,OA-ASM1,110.30000000000001
10226,OA-AL2i3,110.4
10041,OA-VUMa1,110.60000000000001
286259,OA-ASM1,111.2
10658,OA-AL2i3,111.80000000000001
10168,OA-VUMa6,111.89999999999999
11921,OA-VPM4,112.60000000000001
10269,OA-AL2i2,113.0
10652,OA-AL2i4,113.0
10687,OA-AL2i3,113.7
10677,OA-AL2i4,114.5
10072,OA-AL2i1,115.0
11602,OA-ASM1,115.4
11608,OA-VUMa2,115.60000000000001
11264,OA-ASM1,115.8
10265,OA-AL2i2,115.9
287884,OA-VPM3,116.0
10110,OA-VUMa1,116.4
10555,OA-VUMa3,117.0
53065,Mi1,117.20000000000002
12109,OA-VUMa2,118.60000000000001
10185,OA-VUMa8,118.7
10120,OA-VPM4,119.0
10187,OA-VPM3,119.3
10175,OA-VUMa6,119.60000000000001
10080,OA-VUMa3,119.8
10825,OA-AL2i3,119.9
11005,OA-VUMa4,120.4
12896,OA-VUMa5,120.8
10041,OA-VUMa1,121.00000000000001
10799,OA-VUMa4,121.1
10011,OA-AL2i1,121.9
10226,OA-AL2i3,121.9
10322,OA-AL2i2,122.4
12688,OA-ASM1,122.7
10204,OA-AL2i2,122.8
10168,OA-VUMa6,123.3
286259,OA-ASM1,124.30000000000001
10269,OA-AL2i2,124.4
10072,OA-AL2i1,125.10000000000001
10658,OA-AL2i3,125.3
10687,OA-AL2i3,125.4
10652,OA-AL2i4,126.10000000000001
11921,OA-VPM4,126.10000000000001
10110,OA-VUMa1,126.60000000000001
11608,OA-VUMa2,127.0
10677,OA-AL2i4,127.60000000000002
11602,OA-ASM1,128.0
10265,OA-AL2i2,128.4
11264,OA-ASM1,128.70000000000002
10555,OA-VUMa3,128.9
287884,OA-VPM3,129.79999999999998
12109,OA-VUMa2,130.29999999999998
10185,OA-VUMa8,130.9
11005,OA-VUMa4,131.70000000000002
10041,OA-VUMa1,131.8
12896,OA-VUMa5,132.20000000000002
10120,OA-VPM4,132.3
53065,Mi1,132.3
10825,OA-AL2i3,132.4
10187,OA-VPM3,132.5
10175,OA-VUMa6,132.70000000000002
10080,OA-VUMa3,133.5
10799,OA-VUMa4,134.1
12688,OA-ASM1,134.4
10168,OA-VUMa6,134.5
10011,OA-AL2i1,134.6
10226,OA-AL2i3,134.6
10072,OA-AL2i1,135.0
10322,OA-AL2i2,135.1
10204,OA-AL2i2,135.5
10269,OA-AL2i2,136.5
10110,OA-VUMa1,136.70000000000002
10687,OA-AL2i3,137.6
10658,OA-AL2i3,137.70000000000002
286259,OA-ASM1,138.20000000000002
11608,OA-VUMa2,139.1
10652,OA-AL2i4,139.5
11921,OA-VPM4,140.20000000000002
10265,OA-AL2i2,140.5
10677,OA-AL2i4,140.5
11602,OA-ASM1,140.5
10555,OA-VUMa3,141.3
11264,OA-ASM1,141.6
12109,OA-VUMa2,141.9
10041,OA-VUMa1,142.2
10185,OA-VUMa8,142.9
11005,OA-VUMa4,143.1
287884,OA-VPM3,143.4
12896,OA-VUMa5,143.7
10175,OA-VUMa6,144.7
10072,OA-AL2i1,145.1
10825,OA-AL2i3,145.3
10120,OA-VPM4,145.7
10187,OA-VPM3,145.9
10011,OA-AL2i1,146.3
10168,OA-VUMa6,146.3
53065,Mi1,146.3
10226,OA-AL2i3,146.4
10799,OA-VUMa4,147.1
10322,OA-AL2i2,147.2
10080,OA-VUMa3,147.7
10110,OA-VUMa1,148.1
12688,OA-ASM1,148.4
10204,OA-AL2i2,148.50000000000003
10269,OA-AL2i2,149.0
10658,OA-AL2i3,149.2
10687,OA-AL2i3,149.9
11608,OA-VUMa2,150.5
286259,OA-ASM1,152.0
10041,OA-VUMa1,152.4
11602,OA-ASM1,152.4
10652,OA-AL2i4,152.5
10265,OA-AL2i2,152.7
10677,OA-AL2i4,152.7
12109,OA-VUMa2,153.7
10555,OA-VUMa3,154.3
11921,OA-VPM4,154.60000000000002
10072,OA-AL2i1,154.8
10185,OA-VUMa8,154.8
11005,OA-VUMa4,155.10000000000002
12896,OA-VUMa5,155.10000000000002
10175,OA-VUMa6,155.9
287884,OA-VPM3,156.0
11264,OA-ASM1,156.2
10226,OA-AL2i3,157.4
10187,OA-VPM3,157.9
10825,OA-AL2i3,158.10000000000002
10011,OA-AL2i1,158.20000000000002
10120,OA-VPM4,158.29999999999998
10168,OA-VUMa6,158.4
10110,OA-VUMa1,159.0
10322,OA-AL2i2,159.20000000000002
10658,OA-AL2i3,160.10000000000002
53065,Mi1,160.4
10204,OA-AL2i2,160.60000000000002
10799,OA-VUMa4,160.60000000000002
12688,OA-ASM1,160.9
10269,OA-AL2i2,161.29999999999998
10080,OA-VUMa3,161.79999999999998
11608,OA-VUMa2,161.79999999999998
10687,OA-AL2i3,162.29999999999998
10041,OA-VUMa1,162.6
10265,OA-AL2i2,164.6
10652,OA-AL2i4,164.8
10677,OA-AL2i4,164.9
11602,OA-ASM1,165.0
286259,OA-ASM1,166.0
12109,OA-VUMa2,166.1
10072,OA-AL2i1,166.5
10185,OA-VUMa8,166.6
12896,OA-VUMa5,167.0
10555,OA-VUMa3,167.3
11921,OA-VPM4,167.5
11005,OA-VUMa4,167.9
10175,OA-VUMa6,168.0
10226,OA-AL2i3,168.3
287884,OA-VPM3,168.5
11264,OA-ASM1,169.20000000000002
10825,OA-AL2i3,170.1
10110,OA-VUMa1,170.3
10011,OA-AL2i1,170.4
10168,OA-VUMa6,170.4
10322,OA-AL2i2,170.5
10120,OA-VPM4,170.8
10187,OA-VPM3,170.8
10658,OA-AL2i3,171.6
12688,OA-ASM1,172.8
10799,OA-VUMa4,173.3
10204,OA-AL2i2,173.4
10041,OA-VUMa1,173.5
11608,OA-VUMa2,173.5
10269,OA-AL2i2,173.6
53065,Mi1,174.3
10080,OA-VUMa3,174.6
10687,OA-AL2i3,174.8
10072,OA-AL2i1,176.4
10265,OA-AL2i2,176.6
10652,OA-AL2i4,177.00000000000003
12109,OA-VUMa2,177.1
10677,OA-AL2i4,177.9
10185,OA-VUMa8,178.2
11602,OA-ASM1,178.6
12896,OA-VUMa5,178.9
10175,OA-VUMa6,179.50000000000003
286259,OA-ASM1,179.9
11005,OA-VUMa4,181.1
11921,OA-VPM4,181.2
10110,OA-VUMa1,181.4
10226,OA-AL2i3,181.4
10555,OA-VUMa3,181.4
287884,OA-VPM3,181.7
10011,OA-AL2i1,181.8
10322,OA-AL2i2,182.0
10825,OA-AL2i3,182.6
10168,OA-VUMa6,182.7
10120,OA-VPM4,183.10000000000002
11264,OA-ASM1,183.10000000000002
10658,OA-AL2i3,183.4
10187,OA-VPM3,183.9
10041,OA-VUMa1,184.2
11608,OA-VUMa2,185.2
10269,OA-AL2i2,186.0
12688,OA-ASM1,186.10000000000002
10072,OA-AL2i1,187.2
10204,OA-AL2i2,187.2
10687,OA-AL2i3,187.3
10799,OA-VUMa4,187.60000000000002
10080,OA-VUMa3,188.2
10265,OA-AL2i2,188.9
12109,OA-VUMa2,189.10000000000002
10652,OA-AL2i4,189.60000000000002
10185,OA-VUMa8,189.60000000000002
53065,Mi1,190.29999999999998
11602,OA-ASM1,190.5
10175,OA-VUMa6,190.70000000000002
10677,OA-AL2i4,191.4
12896,OA-VUMa5,191.70000000000002
10110,OA-VUMa1,191.9
11005,OA-VUMa4,193.0
10226,OA-AL2i3,193.29999999999998
10555,OA-VUMa3,193.70000000000002
10825,OA-AL2i3,193.9
286259,OA-ASM1,194.29999999999998
10041,OA-VUMa1,194.5
10322,OA-AL2i2,194.5
10168,OA-VUMa6,194.60000000000002
10011,OA-AL2i1,194.70000000000002
287884,OA-VPM3,194.79999999999998
10120,OA-VPM4,195.20000000000002
10658,OA-AL2i3,195.6
11264,OA-ASM1,196.20000000000002
10072,OA-AL2i1,196.70000000000002
11921,OA-VPM4,196.8
11608,OA-VUMa2,196.9
10187,OA-VPM3,198.0
12688,OA-ASM1,198.3
10269,OA-AL2i2,198.3
10687,OA-AL2i3,199.1
10204,OA-AL2i2,199.9
10799,OA-VUMa4,200.70000000000002
10265,OA-AL2i2,201.3
10185,OA-VUMa8,201.4
10080,OA-VUMa3,201.8
10652,OA-AL2i4,202.3
12109,OA-VUMa2,202.3
10175,OA-VUMa6,202.5
10110,OA-VUMa1,203.0
12896,OA-VUMa5,203.20000000000002
11602,OA-ASM1,203.6
10677,OA-AL2i4,204.0
10226,OA-AL2i3,204.70000000000002
53065,Mi1,205.4
11005,OA-VUMa4,205.5
10041,OA-VUMa1,205.6
10072,OA-AL2i1,206.0
10168,OA-VUMa6,206.20000000000002
10555,OA-VUMa3,206.3
10011,OA-AL2i1,206.70000000000002
10825,OA-AL2i3,206.70000000000002
11608,OA-VUMa2,207.1
10658,OA-AL2i3,207.4
10322,OA-AL2i2,207.5
286259,OA-ASM1,207.6
287884,OA-VPM3,207.8
10120,OA-VPM4,208.1
11264,OA-ASM1,209.2
10269,OA-AL2i2,210.00000000000003
11921,OA-VPM4,210.9
10187,OA-VPM3,211.00000000000003
12688,OA-ASM1,211.3
10687,OA-AL2i3,211.8
10204,OA-AL2i2,212.1
10185,OA-VUMa8,213.4
10799,OA-VUMa4,213.6
12109,OA-VUMa2,213.6
10265,OA-AL2i2,214.00000000000003
10175,OA-VUMa6,214.4
10080,OA-VUMa3,214.8
10652,OA-AL2i4,214.9
10110,OA-VUMa1,215.4
12896,OA-VUMa5,215.9
10226,OA-AL2i3,216.5
11602,OA-ASM1,217.0
10168,OA-VUMa6,217.10000000000002
10677,OA-AL2i4,217.3
11005,OA-VUMa4,217.4
10041,OA-VUMa1,217.60000000000002
10072,OA-AL2i1,217.60000000000002
10658,OA-AL2i3,218.9
10322,OA-AL2i2,219.2
10011,OA-AL2i1,219.3
10120,OA-VPM4,219.4
11608,OA-VUMa2,219.5
10825,OA-AL2i3,219.7
10555,OA-VUMa3,220.3
286259,OA-ASM1,221.20000000000002
287884,OA-VPM3,221.3
53065,Mi1,221.5
10269,OA-AL2i2,222.4
11264,OA-ASM1,222.70000000000002
10187,OA-VPM3,224.0
10204,OA-AL2i2,224.10000000000002
10687,OA-AL2i3,224.10000000000002
12688,OA-ASM1,224.29999999999998
12109,OA-VUMa2,225.0
10185,OA-VUMa8,225.29999999999998
11921,OA-VPM4,225.4
10265,OA-AL2i2,226.4
10799,OA-VUMa4,226.5
10175,OA-VUMa6,226.60000000000002
10110,OA-VUMa1,227.5
10080,OA-VUMa3,227.70000000000002
12896,OA-VUMa5,227.9
10652,OA-AL2i4,228.0
10226,OA-AL2i3,228.5
10041,OA-VUMa1,228.5
11005,OA-VUMa4,229.6
11602,OA-ASM1,229.70000000000002
10168,OA-VUMa6,229.8
10072,OA-AL2i1,229.9
10658,OA-AL2i3,230.4
10011,OA-AL2i1,230.9
11608,OA-VUMa2,231.0
10677,OA-AL2i4,231.0
10120,OA-VPM4,231.8
10322,OA-AL2i2,231.9
10825,OA-AL2i3,232.5
10555,OA-VUMa3,233.1
286259,OA-ASM1,233.8
10269,OA-AL2i2,234.3
287884,OA-VPM3,234.8
11264,OA-ASM1,235.8
10687,OA-AL2i3,235.9
53065,Mi1,236.3
12688,OA-ASM1,236.4
10187,OA-VPM3,236.5
12109,OA-VUMa2,237.3
10185,OA-VUMa8,237.4
10175,OA-VUMa6,237.8
10204,OA-AL2i2,238.0
10110,OA-VUMa1,238.4
10265,OA-AL2i2,239.6
10799,OA-VUMa4,239.6
12896,OA-VUMa5,239.70000000000002
10080,OA-VUMa3,239.9
10226,OA-AL2i3,239.9
11921,OA-VPM4,240.0
10041,OA-VUMa1,240.4
11602,OA-ASM1,241.7
10658,OA-AL2i3,241.8
10072,OA-AL2i1,241.8
11005,OA-VUMa4,241.9
10168,OA-VUMa6,242.00000000000003
10652,OA-AL2i4,242.2
10120,OA-VPM4,242.7
11608,OA-VUMa2,242.7
10322,OA-AL2i2,243.7
10011,OA-AL2i1,243.8
10677,OA-AL2i4,244.3
10555,OA-VUMa3,245.50000000000003
10825,OA-AL2i3,245.50000000000003
10269,OA-AL2i2,246.50000000000003
287884,OA-VPM3,246.8
11264,OA-ASM1,247.7
286259,OA-ASM1,247.8
10687,OA-AL2i3,248.2
10185,OA-VUMa8,248.4
12109,OA-VUMa2,248.5
10187,OA-VPM3,248.9
12688,OA-ASM1,249.2
10110,OA-VUMa1,249.7
10175,OA-VUMa6,250.3
10204,OA-AL2i2,250.3
12896,OA-VUMa5,251.0
10226,OA-AL2i3,251.4
10041,OA-VUMa1,251.70000000000002
10265,OA-AL2i2,252.1
53065,Mi1,252.1
10799,OA-VUMa4,252.20000000000002
10168,OA-VUMa6,253.20000000000002
10080,OA-VUMa3,253.4
11921,OA-VPM4,253.4
11602,OA-ASM1,253.6
11608,OA-VUMa2,253.9
11005,OA-VUMa4,253.9
10072,OA-AL2i1,253.9
10658,OA-AL2i3,254.20000000000005
10652,OA-AL2i4,254.5
10011,OA-AL2i1,254.6
10120,OA-VPM4,254.70000000000005
10322,OA-AL2i2,256.70000000000005
10677,OA-AL2i4,257.3
10555,OA-VUMa3,257.40000000000003
287884,OA-VPM3,259.0
10269,OA-AL2i2,259.09999999999997
10825,OA-AL2i3,259.2
11264,OA-ASM1,259.7
10185,OA-VUMa8,260.0
10687,OA-AL2i3,260.0
12109,OA-VUMa2,260.0
286259,OA-ASM1,260.90000000000003
10110,OA-VUMa1,261.0
10041,OA-VUMa1,261.40000000000003
12688,OA-ASM1,262.09999999999997
10204,OA-AL2i2,262.6
12896,OA-VUMa5,262.7
10175,OA-VUMa6,262.8
10187,OA-VPM3,262.8
10168,OA-VUMa6,264.5
10226,OA-AL2i3,264.7
11005,OA-VUMa4,265.6
11602,OA-ASM1,265.7
10072,OA-AL2i1,265.8
11608,OA-VUMa2,265.90000000000003
10658,OA-AL2i3,266.1
10799,OA-VUMa4,266.1
10080,OA-VUMa3,266.3
10265,OA-AL2i2,266.3
11921,OA-VPM4,266.40000000000003
10652,OA-AL2i4,266.40000000000003
10120,OA-VPM4,266.5
53065,Mi1,266.7
10011,OA-AL2i1,266.8
10322,OA-AL2i2,268.0
10555,OA-VUMa3,269.6
10677,OA-AL2i4,270.1
10269,OA-AL2i2,270.5
287884,OA-VPM3,271.0
10825,OA-AL2i3,272.1
10110,OA-VUMa1,272.29999999999995
10687,OA-AL2i3,272.29999999999995
10185,OA-VUMa8,272.5
12109,OA-VUMa2,272.7
11264,OA-ASM1,272.90000000000003
10041,OA-VUMa1,273.1
286259,OA-ASM1,274.29999999999995
12896,OA-VUMa5,274.6
10175,OA-VUMa6,275.0
12688,OA-ASM1,275.1
10204,OA-AL2i2,275.40000000000003
10187,OA-VPM3,275.5
11005,OA-VUMa4,276.6
10226,OA-AL2i3,276.90000000000003
10168,OA-VUMa6,277.0
11608,OA-VUMa2,277.3
10120,OA-VPM4,278.2
10080,OA-VUMa3,278.3
10072,OA-AL2i1,278.6
10652,OA-AL2i4,279.0
10322,OA-AL2i2,279.1
11602,OA-ASM1,279.2
10265,OA-AL2i2,279.3
10658,OA-AL2i3,279.6
10799,OA-VUMa4,279.90000000000003
10011,OA-AL2i1,280.0
53065,Mi1,281.0
11921,OA-VPM4,281.40000000000003
10555,OA-VUMa3,282.6
10677,OA-AL2i4,282.6
10269,OA-AL2i2,283.1
287884,OA-VPM3,283.3
10110,OA-VUMa1,283.8
10185,OA-VUMa8,284.6
12109,OA-VUMa2,284.9
10687,OA-AL2i3,285.0
12896,OA-VUMa5,285.1
10041,OA-VUMa1,285.2
10825,OA-AL2i3,285.5
11264,OA-ASM1,286.1
10187,OA-VPM3,287.2
10175,OA-VUMa6,287.3
11608,OA-VUMa2,287.6
10226,OA-AL2i3,288.0
11005,OA-VUMa4,288.2
10168,OA-VUMa6,288.4
10204,OA-AL2i2,288.4
12688,OA-ASM1,288.5
10072,OA-AL2i1,288.8
286259,OA-ASM1,289.3
10120,OA-VPM4,290.4
10658,OA-AL2i3,290.8
10080,OA-VUMa3,291.1
10322,OA-AL2i2,291.4
10652,OA-AL2i4,291.4
11602,OA-ASM1,291.6
10265,OA-AL2i2,292.00000000000006
10799,OA-VUMa4,292.3
10011,OA-AL2i1,292.9
10269,OA-AL2i2,294.6
10110,OA-VUMa1,294.9
53065,Mi1,294.9
10555,OA-VUMa3,295.1
10677,OA-AL2i4,295.3
10041,OA-VUMa1,295.8
11921,OA-VPM4,296.1
287884,OA-VPM3,296.1
10185,OA-VUMa8,296.4
12896,OA-VUMa5,296.9
10687,OA-AL2i3,297.2
12109,OA-VUMa2,298.0
10825,OA-AL2i3,298.5
11608,OA-VUMa2,298.9
10175,OA-VUMa6,299.4
10187,OA-VPM3,299.6
11264,OA-ASM1,299.9
10226,OA-AL2i3,300.0
11005,OA-VUMa4,300.2
10168,OA-VUMa6,300.3
10072,OA-AL2i1,300.5
10204,OA-AL2i2,301.1
286259,OA-ASM1,302.20000000000005
10120,OA-VPM4,302.5
10658,OA-AL2i3,302.5
10322,OA-AL2i2,302.70000000000005
12688,OA-ASM1,303.1
10652,OA-AL2i4,303.4
10265,OA-AL2i2,303.8
10080,OA-VUMa3,304.1
11602,OA-ASM1,304.5
10011,OA-AL2i1,304.9
10799,OA-VUMa4,306.0
10269,OA-AL2i2,306.20000000000005
10110,OA-VUMa1,306.8
10677,OA-AL2i4,307.4
12896,OA-VUMa5,307.4
10041,OA-VUMa1,307.9
10555,OA-VUMa3,308.4
10185,OA-VUMa8,308.5
287884,OA-VPM3,309.3
11608,OA-VUMa2,309.6
10687,OA-AL2i3,309.8
11921,OA-VPM4,309.8
53065,Mi1,309.9
10226,OA-AL2i3,311.3
12109,OA-VUMa2,311.3
10168,OA-VUMa6,311.9
11005,OA-VUMa4,311.9
10175,OA-VUMa6,312.0
11264,OA-ASM1,312.4
10187,OA-VPM3,312.4
10825,OA-AL2i3,312.70000000000005
10072,OA-AL2i1,312.8
10658,OA-AL2i3,313.70000000000005
12688,OA-ASM1,314.40000000000003
10204,OA-AL2i2,314.5
10120,OA-VPM4,314.59999999999997
10322,OA-AL2i2,314.8
286259,OA-ASM1,315.70000000000005
11602,OA-ASM1,315.90000000000003
10652,OA-AL2i4,316.09999999999997
10265,OA-AL2i2,316.20000000000005
10011,OA-AL2i1,316.40000000000003
10080,OA-VUMa3,317.09999999999997
10110,OA-VUMa1,318.20000000000005
10269,OA-AL2i2,318.40000000000003
12896,OA-VUMa5,318.90000000000003
10799,OA-VUMa4,319.0
10185,OA-VUMa8,319.59999999999997
10041,OA-VUMa1,319.8
10677,OA-AL2i4,320.20000000000005
10555,OA-VUMa3,321.20000000000005
11608,OA-VUMa2,321.3
10226,OA-AL2i3,322.20000000000005
287884,OA-VPM3,322.3
10687,OA-AL2i3,322.90000000000003
11921,OA-VPM4,323.3
10168,OA-VUMa6,323.70000000000005
10175,OA-VUMa6,323.8
12109,OA-VUMa2,323.8
11005,OA-VUMa4,323.90000000000003
10072,OA-AL2i1,324.3
53065,Mi1,324.3
10825,OA-AL2i3,324.7
10658,OA-AL2i3,324.90000000000003
10187,OA-VPM3,325.2
10120,OA-VPM4,326.40000000000003
12688,OA-ASM1,326.5
11264,OA-ASM1,326.6
10322,OA-AL2i2,326.8
10011,OA-AL2i1,327.1
10204,OA-AL2i2,327.5
10110,OA-VUMa1,328.0
10652,OA-AL2i4,328.6
11602,OA-ASM1,329.1
286259,OA-ASM1,329.5
10265,OA-AL2i2,330.0
10080,OA-VUMa3,330.2
10269,OA-AL2i2,330.8
10185,OA-VUMa8,330.90000000000003
12896,OA-VUMa5,331.2
10041,OA-VUMa1,331.8
10799,OA-VUMa4,332.1
10677,OA-AL2i4,333.1
11608,OA-VUMa2,333.3
10226,OA-AL2i3,333.6
10555,OA-VUMa3,334.6
10687,OA-AL2i3,334.90000000000003
10168,OA-VUMa6,335.40000000000003
11005,OA-VUMa4,335.5
10175,OA-VUMa6,335.6
287884,OA-VPM3,335.7
12109,OA-VUMa2,335.8
10072,OA-AL2i1,336.0
10658,OA-AL2i3,336.2
10825,OA-AL2i3,337.90000000000003
11921,OA-VPM4,337.90000000000003
10011,OA-AL2i1,338.2
10322,OA-AL2i2,338.2
12688,OA-ASM1,338.29999999999995
10187,OA-VPM3,338.5
10120,OA-VPM4,338.5
11264,OA-ASM1,338.7
10110,OA-VUMa1,338.90000000000003
53065,Mi1,338.90000000000003
10204,OA-AL2i2,340.2
10652,OA-AL2i4,340.90000000000003
11602,OA-ASM1,341.1
12896,OA-VUMa5,342.1
10080,OA-VUMa3,342.3
286259,OA-ASM1,342.5
10185,OA-VUMa8,342.8
10265,OA-AL2i2,342.8
10041,OA-VUMa1,343.5
10269,OA-AL2i2,344.2
10226,OA-AL2i3,345.2
10799,OA-VUMa4,345.6
11608,OA-VUMa2,345.6
10687,OA-AL2i3,345.8
10677,OA-AL2i4,345.90000000000003
10168,OA-VUMa6,346.7
10555,OA-VUMa3,347.0
10175,OA-VUMa6,347.6
11005,OA-VUMa4,347.6
12109,OA-VUMa2,347.8
287884,OA-VPM3,347.8
10072,OA-AL2i1,347.90000000000003
10658,OA-AL2i3,348.1
10110,OA-VUMa1,349.7
10011,OA-AL2i1,349.8
10825,OA-AL2i3,350.0
10322,OA-AL2i2,350.2
12688,OA-ASM1,350.2
10120,OA-VPM4,351.0
10187,OA-VPM3,351.1
11921,OA-VPM4,351.4
11264,OA-ASM1,351.4
12896,OA-VUMa5,353.1
10652,OA-AL2i4,353.2
10204,OA-AL2i2,353.3
11602,OA-ASM1,353.3
53065,Mi1,353.7
10185,OA-VUMa8,354.1
10041,OA-VUMa1,355.2
10265,OA-AL2i2,355.3
10226,OA-AL2i3,356.1
286259,OA-ASM1,356.1
10080,OA-VUMa3,356.4
10269,OA-AL2i2,356.7
11608,OA-VUMa2,357.4
10168,OA-VUMa6,358.2
10677,OA-AL2i4,358.50000000000006
10175,OA-VUMa6,358.6
10687,OA-AL2i3,359.00000000000006
12109,OA-VUMa2,359.2
10658,OA-AL2i3,359.50000000000006
10555,OA-VUMa3,359.7
10110,OA-VUMa1,360.00000000000006
11005,OA-VUMa4,360.1
10011,OA-AL2i1,360.2
10799,OA-VUMa4,360.3
10072,OA-AL2i1,361.3
287884,OA-VPM3,361.4
12688,OA-ASM1,361.8
10825,OA-AL2i3,362.2
10322,OA-AL2i2,362.50000000000006
10120,OA-VPM4,363.5
10187,OA-VPM3,363.5
11264,OA-ASM1,363.7
12896,OA-VUMa5,363.8
11602,OA-ASM1,365.8
10041,OA-VUMa1,365.9
10185,OA-VUMa8,366.0
10652,OA-AL2i4,366.4
10265,OA-AL2i2,366.5
10204,OA-AL2i2,366.9
11921,OA-VPM4,366.9
10226,OA-AL2i3,367.20000000000005
53065,Mi1,368.3
11608,OA-VUMa2,368.5
10080,OA-VUMa3,368.6
10269,OA-AL2i2,368.8
10168,OA-VUMa6,369.5
286259,OA-ASM1,369.8
10110,OA-VUMa1,370.5
10658,OA-AL2i3,370.5
10687,OA-AL2i3,370.5
10175,OA-VUMa6,370.9
10677,OA-AL2i4,371.3
12109,OA-VUMa2,371.5
10011,OA-AL2i1,372.5
11005,OA-VUMa4,372.6
10555,OA-VUMa3,373.1
10072,OA-AL2i1,374.0
10799,OA-VUMa4,374.20000000000005
287884,OA-VPM3,374.20000000000005
12896,OA-VUMa5,374.6
10825,OA-AL2i3,374.70000000000005
12688,OA-ASM1,374.70000000000005
10322,OA-AL2i2,375.20000000000005
11264,OA-ASM1,375.8
10041,OA-VUMa1,376.4
10120,OA-VPM4,376.4
10187,OA-VPM3,377.3
10226,OA-AL2i3,377.90000000000003
10185,OA-VUMa8,379.0
10265,OA-AL2i2,379.0
11602,OA-ASM1,379.09999999999997
10652,OA-AL2i4,379.40000000000003
11608,OA-VUMa2,379.40000000000003
10204,OA-AL2i2,379.90000000000003
10168,OA-VUMa6,380.3
10110,OA-VUMa1,380.70000000000005
10269,OA-AL2i2,381.0
11921,OA-VPM4,381.40000000000003
10687,OA-AL2i3,382.40000000000003
53065,Mi1,382.5
12109,OA-VUMa2,382.59999999999997
10175,OA-VUMa6,382.70000000000005
10080,OA-VUMa3,382.8
10658,OA-AL2i3,382.90000000000003
286259,OA-ASM1,383.90000000000003
10011,OA-AL2i1,384.0
10677,OA-AL2i4,384.3
12896,OA-VUMa5,385.09999999999997
11005,OA-VUMa4,385.40000000000003
12688,OA-ASM1,386.5
10555,OA-VUMa3,386.59999999999997
10825,OA-AL2i3,386.90000000000003
10072,OA-AL2i1,387.0
287884,OA-VPM3,387.0
10799,OA-VUMa4,387.09999999999997
10322,OA-AL2i2,387.3
10041,OA-VUMa1,387.40000000000003
10120,OA-VPM4,388.09999999999997
11264,OA-ASM1,388.59999999999997
10226,OA-AL2i3,389.3
10187,OA-VPM3,389.70000000000005
11608,OA-VUMa2,390.8
10265,OA-AL2i2,390.90000000000003
10185,OA-VUMa8,391.1
10168,OA-VUMa6,391.5
11602,OA-ASM1,391.8
10652,OA-AL2i4,392.1
10110,OA-VUMa1,392.6
10204,OA-AL2i2,393.40000000000003
10175,OA-VUMa6,393.90000000000003
10687,OA-AL2i3,394.0
12109,OA-VUMa2,394.40000000000003
10269,OA-AL2i2,394.5
10658,OA-AL2i3,394.5
10011,OA-AL2i1,394.90000000000003
10080,OA-VUMa3,395.3
12896,OA-VUMa5,395.7
11921,OA-VPM4,395.90000000000003
53065,Mi1,396.5
10677,OA-AL2i4,396.7
11005,OA-VUMa4,397.7
286259,OA-ASM1,398.0
10041,OA-VUMa1,398.3
10322,OA-AL2i2,398.90000000000003
10555,OA-VUMa3,398.90000000000003
12688,OA-ASM1,399.40000000000003
287884,OA-VPM3,399.8
10072,OA-AL2i1,400.0
10825,OA-AL2i3,400.40000000000003
10226,OA-AL2i3,400.5
10120,OA-VPM4,400.7
10799,OA-VUMa4,401.0
11264,OA-ASM1,402.40000000000003
11608,OA-VUMa2,402.5
10185,OA-VUMa8,402.8
10265,OA-AL2i2,402.90000000000003
10187,OA-VPM3,403.1
10168,OA-VUMa6,403.2
10110,OA-VUMa1,404.2
11602,OA-ASM1,404.40000000000003
10652,OA-AL2i4,405.1
10175,OA-VUMa6,405.6
10011,OA-AL2i1,405.90000000000003
10658,OA-AL2i3,405.90000000000003
10269,OA-AL2i2,406.2
10687,OA-AL2i3,406.6
12109,OA-VUMa2,406.7
12896,OA-VUMa5,407.5
10080,OA-VUMa3,407.7
10204,OA-AL2i2,407.7
10041,OA-VUMa1,408.5
11005,OA-VUMa4,410.1
10677,OA-AL2i4,410.40000000000003
10322,OA-AL2i2,410.5
11921,OA-VPM4,410.6
10072,OA-AL2i1,410.6
12688,OA-ASM1,411.40000000000003
10555,OA-VUMa3,411.6
287884,OA-VPM3,411.6
10226,OA-AL2i3,411.7
53065,Mi1,412.0
286259,OA-ASM1,412.0
10120,OA-VPM4,413.40000000000003
10799,OA-VUMa4,413.7
10825,OA-AL2i3,413.7
11608,OA-VUMa2,414.1
10265,OA-AL2i2,414.5
10168,OA-VUMa6,414.8
10185,OA-VUMa8,415.3
11264,OA-ASM1,415.40000000000003
10187,OA-VPM3,415.7
11602,OA-ASM1,416.3
10110,OA-VUMa1,416.7
10175,OA-VUMa6,417.1
10652,OA-AL2i4,417.4
10658,OA-AL2i3,417.9
10687,OA-AL2i3,418.2
10011,OA-AL2i1,418.3
12109,OA-VUMa2,418.4
10041,OA-VUMa1,419.00000000000006
10269,OA-AL2i2,419.1
12896,OA-VUMa5,419.50000000000006
10204,OA-AL2i2,420.9
10080,OA-VUMa3,421.4
10677,OA-AL2i4,422.6
11005,OA-VUMa4,422.8
10226,OA-AL2i3,423.4
10322,OA-AL2i2,423.50000000000006
287884,OA-VPM3,423.50000000000006
12688,OA-ASM1,423.8
10072,OA-AL2i1,423.8
11921,OA-VPM4,424.3
10555,OA-VUMa3,424.50000000000006
53065,Mi1,425.50000000000006
11608,OA-VUMa2,425.6
10799,OA-VUMa4,425.7
10120,OA-VPM4,425.9
10185,OA-VUMa8,426.6
10168,OA-VUMa6,426.9
10825,OA-AL2i3,426.9
286259,OA-ASM1,427.2
10110,OA-VUMa1,427.7
10265,OA-AL2i2,427.7
10187,OA-VPM3,428.3
11602,OA-ASM1,428.6
10658,OA-AL2i3,428.9
10175,OA-VUMa6,429.3
10041,OA-VUMa1,429.4
11264,OA-ASM1,429.4
10011,OA-AL2i1,429.9
12109,OA-VUMa2,429.9
10687,OA-AL2i3,430.1
10652,OA-AL2i4,430.4
10269,OA-AL2i2,431.0
12896,OA-VUMa5,431.3
10080,OA-VUMa3,433.9
10204,OA-AL2i2,433.9
11005,OA-VUMa4,434.3
10677,OA-AL2i4,434.70000000000005
10322,OA-AL2i2,435.4
10072,OA-AL2i1,436.0
10226,OA-AL2i3,436.20000000000005
287884,OA-VPM3,436.5
12688,OA-ASM1,436.5
10555,OA-VUMa3,436.8
11608,OA-VUMa2,437.5
11921,OA-VPM4,437.8
10168,OA-VUMa6,438.1
10799,OA-VUMa4,438.3
10120,OA-VPM4,438.5
10185,OA-VUMa8,439.20000000000005
10825,OA-AL2i3,439.3
10265,OA-AL2i2,439.4
10110,OA-VUMa1,439.5
10041,OA-VUMa1,440.1
53065,Mi1,440.1
10187,OA-VPM3,440.20000000000005
10658,OA-AL2i3,440.20000000000005
12109,OA-VUMa2,440.8
11602,OA-ASM1,440.9
10011,OA-AL2i1,441.20000000000005
286259,OA-ASM1,441.6
10175,OA-VUMa6,441.8
10687,OA-AL2i3,442.3
11264,OA-ASM1,442.90000000000003
10269,OA-AL2i2,443.09999999999997
10652,OA-AL2i4,443.09999999999997
12896,OA-VUMa5,443.59999999999997
10204,OA-AL2i2,446.09999999999997
10080,OA-VUMa3,446.3
11005,OA-VUMa4,446.40000000000003
10226,OA-AL2i3,447.70000000000005
10322,OA-AL2i2,447.70000000000005
10072,OA-AL2i1,448.09999999999997
10677,OA-AL2i4,448.8
11608,OA-VUMa2,449.20000000000005
10168,OA-VUMa6,449.20000000000005
12688,OA-ASM1,449.3
287884,OA-VPM3,449.59999999999997
10555,OA-VUMa3,450.09999999999997
10120,OA-VPM4,450.90000000000003
10658,OA-AL2i3,451.8
11921,OA-VPM4,451.8
10799,OA-VUMa4,451.90000000000003
10110,OA-VUMa1,452.09999999999997
10185,OA-VUMa8,452.40000000000003
10011,OA-AL2i1,452.5
10825,OA-AL2i3,452.5
10041,OA-VUMa1,452.8
12109,OA-VUMa2,453.20000000000005
10175,OA-VUMa6,453.70000000000005
10187,OA-VPM3,453.70000000000005
10265,OA-AL2i2,453.70000000000005
11602,OA-ASM1,454.0
286259,OA-ASM1,454.6
10687,OA-AL2i3,454.6
53065,Mi1,455.0
12896,OA-VUMa5,455.6
10269,OA-AL2i2,455.8
11264,OA-ASM1,456.6
10652,OA-AL2i4,457.40000000000003
11005,OA-VUMa4,458.3
10204,OA-AL2i2,459.5
10226,OA-AL2i3,459.90000000000003
10080,OA-VUMa3,460.1
10072,OA-AL2i1,460.2
10322,OA-AL2i2,460.6
11608,OA-VUMa2,460.6
10168,OA-VUMa6,461.6
10677,OA-AL2i4,461.6
12688,OA-ASM1,462.2
10658,OA-AL2i3,463.1
287884,OA-VPM3,463.2
10120,OA-VPM4,463.6
10555,OA-VUMa3,464.1
10110,OA-VUMa1,464.2
12109,OA-VUMa2,464.6
10175,OA-VUMa6,464.90000000000003
10185,OA-VUMa8,465.40000000000003
10041,OA-VUMa1,465.6
10265,OA-AL2i2,465.7
10011,OA-AL2i1,465.90000000000003
10799,OA-VUMa4,466.2
10825,OA-AL2i3,466.3
11921,OA-VPM4,466.7
10187,OA-VPM3,467.0
12896,OA-VUMa5,467.1
10687,OA-AL2i3,467.3
11602,OA-ASM1,467.8
10269,OA-AL2i2,468.1
11264,OA-ASM1,468.40000000000003
286259,OA-ASM1,469.1
10652,OA-AL2i4,469.90000000000003
10072,OA-AL2i1,470.1
53065,Mi1,470.1
11608,OA-VUMa2,470.8
11005,OA-VUMa4,471.0
10226,OA-AL2i3,472.0
10080,OA-VUMa3,472.90000000000003
10322,OA-AL2i2,473.1
10204,OA-AL2i2,473.1
12688,OA-ASM1,474.0
10658,OA-AL2i3,474.40000000000003
10677,OA-AL2i4,474.5
10110,OA-VUMa1,474.8
10168,OA-VUMa6,474.90000000000003
12109,OA-VUMa2,475.6
10555,OA-VUMa3,476.5
10120,OA-VPM4,476.5
10175,OA-VUMa6,476.6
10011,OA-AL2i1,477.1
287884,OA-VPM3,477.2
12896,OA-VUMa5,478.1
10041,OA-VUMa1,478.5
10265,OA-AL2i2,478.8
10269,OA-AL2i2,479.1
10072,OA-AL2i1,479.2
10185,OA-VUMa8,479.40000000000003
10825,OA-AL2i3,479.5
10799,OA-VUMa4,479.7
10187,OA-VPM3,480.3
11602,OA-ASM1,480.6
11921,OA-VPM4,480.6
10687,OA-AL2i3,480.8
11264,OA-ASM1,481.3
286259,OA-ASM1,482.1
11005,OA-VUMa4,482.1
11608,OA-VUMa2,482.1
10652,OA-AL2i4,483.4
53065,Mi1,483.9
10226,OA-AL2i3,484.1
10322,OA-AL2i2,485.00000000000006
10110,OA-VUMa1,485.50000000000006
10658,OA-AL2i3,485.9
10080,OA-VUMa3,486.3
10204,OA-AL2i2,486.4
12109,OA-VUMa2,486.4
10168,OA-VUMa6,486.6
12688,OA-ASM1,487.3
10677,OA-AL2i4,487.50000000000006
10011,OA-AL2i1,488.00000000000006
10175,OA-VUMa6,488.6
10555,OA-VUMa3,488.8
10072,OA-AL2i1,489.00000000000006
12896,OA-VUMa5,489.1
10041,OA-VUMa1,489.3
10120,OA-VPM4,489.3
287884,OA-VPM3,490.1
10265,OA-AL2i2,490.7
10269,OA-AL2i2,491.7
10185,OA-VUMa8,491.8
10799,OA-VUMa4,492.3
10825,OA-AL2i3,493.00000000000006
11608,OA-VUMa2,493.00000000000006
10187,OA-VPM3,493.2
11005,OA-VUMa4,493.3
11602,OA-ASM1,493.50000000000006
10687,OA-AL2i3,493.9
11264,OA-ASM1,494.00000000000006
11921,OA-VPM4,495.3
10110,OA-VUMa1,495.5
10226,OA-AL2i3,495.5
286259,OA-ASM1,495.8
10322,OA-AL2i2,495.9
10652,OA-AL2i4,495.9
12109,OA-VUMa2,497.4
10168,OA-VUMa6,498.0
10072,OA-AL2i1,498.20000000000005
53065,Mi1,498.3
10011,OA-AL2i1,498.70000000000005
10658,OA-AL2i3,499.0
10204,OA-AL2i2,499.6
10080,OA-VUMa3,499.70000000000005
12896,OA-VUMa5,499.9
10041,OA-VUMa1,500.09999999999997
12688,OA-ASM1,500.40000000000003
10677,OA-AL2i4,501.0
10175,OA-VUMa6,501.09999999999997
10120,OA-VPM4,502.0
10555,OA-VUMa3,502.50000000000006
10265,OA-AL2i2,503.0
287884,OA-VPM3,503.09999999999997
10269,OA-AL2i2,503.40000000000003
11608,OA-VUMa2,503.9
10185,OA-VUMa8,504.09999999999997
10799,OA-VUMa4,505.09999999999997
11005,OA-VUMa4,505.2
10825,OA-AL2i3,506.0
10226,OA-AL2i3,506.2
11602,OA-ASM1,506.2
10110,OA-VUMa1,506.40000000000003
10187,OA-VPM3,506.50000000000006
10687,OA-AL2i3,506.8
10322,OA-AL2i2,507.6
286259,OA-ASM1,508.4000000000001
10072,OA-AL2i1,508.4000000000001
10652,OA-AL2i4,508.50000000000006
12109,OA-VUMa2,508.6
11264,OA-ASM1,509.0
10168,OA-VUMa6,509.50000000000006
10011,OA-AL2i1,509.8
11921,OA-VPM4,510.29999999999995
10658,OA-AL2i3,510.4000000000001
10041,OA-VUMa1,510.50000000000006
12896,OA-VUMa5,511.4000000000001
53065,Mi1,511.4000000000001
10175,OA-VUMa6,512.1999999999999
10204,OA-AL2i2,512.5
10080,OA-VUMa3,512.8000000000001
12688,OA-ASM1,513.3
10265,OA-AL2i2,514.7
11608,OA-VUMa2,514.9
10120,OA-VPM4,515.1999999999999
10677,OA-AL2i4,515.1999999999999
10555,OA-VUMa3,515.5000000000001
10269,OA-AL2i2,515.8000000000001
10185,OA-VUMa8,516.4
287884,OA-VPM3,517.0
10226,OA-AL2i3,517.4
11005,OA-VUMa4,517.5000000000001
10110,OA-VUMa1,518.1999999999999
10072,OA-AL2i1,518.4
11602,OA-ASM1,518.8000000000001
10825,OA-AL2i3,518.9
10799,OA-VUMa4,519.1
10687,OA-AL2i3,519.1999999999999
10187,OA-VPM3,519.3
10322,OA-AL2i2,519.5000000000001
12109,OA-VUMa2,520.6
10652,OA-AL2i4,520.8000000000001
10168,OA-VUMa6,521.0
10011,OA-AL2i1,521.1
10658,OA-AL2i3,521.3
10041,OA-VUMa1,521.5000000000001
286259,OA-ASM1,521.6
12896,OA-VUMa5,522.0
11264,OA-ASM1,522.4
10175,OA-VUMa6,524.1999999999999
11921,OA-VPM4,524.8000000000001
53065,Mi1,525.4
10204,OA-AL2i2,525.7
11608,OA-VUMa2,525.7
10080,OA-VUMa3,526.2
12688,OA-ASM1,526.7
10269,OA-AL2i2,527.1
10120,OA-VPM4,527.3
10265,OA-AL2i2,527.4
10677,OA-AL2i4,527.8000000000001
10555,OA-VUMa3,528.1
10185,OA-VUMa8,528.6
10226,OA-AL2i3,528.6
10110,OA-VUMa1,528.7
11005,OA-VUMa4,529.8000000000001
11602,OA-ASM1,530.5
287884,OA-VPM3,530.7
10322,OA-AL2i2,531.2
10072,OA-AL2i1,531.7
10825,OA-AL2i3,531.8000000000001
12109,OA-VUMa2,531.9
10041,OA-VUMa1,532.5
10658,OA-AL2i3,532.5
10187,OA-VPM3,532.7
10687,OA-AL2i3,532.8000000000001
10011,OA-AL2i1,532.8000000000001
10799,OA-VUMa4,533.0
10168,OA-VUMa6,533.7
10652,OA-AL2i4,534.0
12896,OA-VUMa5,534.9
10175,OA-VUMa6,535.1
286259,OA-ASM1,535.6
11264,OA-ASM1,535.8000000000001
11608,OA-VUMa2,537.9
10080,OA-VUMa3,538.2
10204,OA-AL2i2,538.5
10120,OA-VPM4,538.7
11921,OA-VPM4,538.8000000000001
12688,OA-ASM1,539.5
10269,OA-AL2i2,539.6
10265,OA-AL2i2,539.8000000000001
10226,OA-AL2i3,540.3
53065,Mi1,540.4
10110,OA-VUMa1,540.4
10555,OA-VUMa3,540.6
10072,OA-AL2i1,541.2
10185,OA-VUMa8,541.2
11005,OA-VUMa4,541.2
10677,OA-AL2i4,541.6
11602,OA-ASM1,542.1
287884,OA-VPM3,542.8000000000001
12109,OA-VUMa2,543.0
10041,OA-VUMa1,543.4
10322,OA-AL2i2,543.9000000000001
10658,OA-AL2i3,543.9000000000001
10825,OA-AL2i3,544.3
10011,OA-AL2i1,545.0
10187,OA-VPM3,545.1
10175,OA-VUMa6,546.0
10687,OA-AL2i3,546.1
12896,OA-VUMa5,546.5
10168,OA-VUMa6,546.5999999999999
10799,OA-VUMa4,546.8000000000001
10652,OA-AL2i4,547.1
11264,OA-ASM1,548.7
286259,OA-ASM1,549.1
11608,OA-VUMa2,549.9000000000001
10080,OA-VUMa3,550.8000000000001
10204,OA-AL2i2,550.8000000000001
10110,OA-VUMa1,551.0
10120,OA-VPM4,551.2
10226,OA-AL2i3,551.4
11005,OA-VUMa4,551.8000000000001
10072,OA-AL2i1,552.8000000000001
12688,OA-ASM1,552.9000000000001
10269,OA-AL2i2,553.1
10265,OA-AL2i2,553.2
10185,OA-VUMa8,553.5
11921,OA-VPM4,553.6
10041,OA-VUMa1,554.2
10555,OA-VUMa3,554.8000000000001
10677,OA-AL2i4,554.8000000000001
12109,OA-VUMa2,554.8000000000001
10658,OA-AL2i3,555.1
11602,OA-ASM1,555.2
287884,OA-VPM3,555.9000000000001
10322,OA-AL2i2,556.3
53065,Mi1,556.3
10825,OA-AL2i3,556.5
10011,OA-AL2i1,556.6999999999999
10187,OA-VPM3,557.6999999999999
10175,OA-VUMa6,557.8000000000001
12896,OA-VUMa5,557.9000000000001
10687,OA-AL2i3,558.8000000000001
10799,OA-VUMa4,558.9000000000001
10168,OA-VUMa6,559.4
10652,OA-AL2i4,561.3
10110,OA-VUMa1,561.8000000000001
10226,OA-AL2i3,561.9000000000001
11264,OA-ASM1,562.0
11608,OA-VUMa2,562.4
286259,OA-ASM1,562.6999999999999
10080,OA-VUMa3,563.3
10204,OA-AL2i2,563.4
10120,OA-VPM4,563.5
11005,OA-VUMa4,564.3000000000001
10041,OA-VUMa1,564.9000000000001
10072,OA-AL2i1,565.0
12688,OA-ASM1,565.4
10185,OA-VUMa8,565.6
10269,OA-AL2i2,565.8000000000001
10265,OA-AL2i2,566.5
12109,OA-VUMa2,567.0
10658,OA-AL2i3,567.2
10677,OA-AL2i4,567.9000000000001
11921,OA-VPM4,568.0
10555,OA-VUMa3,568.1
10825,OA-AL2i3,568.3000000000001
10011,OA-AL2i1,568.4
10322,OA-AL2i2,568.5
11602,OA-ASM1,568.8
287884,OA-VPM3,568.8
10175,OA-VUMa6,569.4
12896,OA-VUMa5,569.4
10187,OA-VPM3,571.1
53065,Mi1,571.1
10110,OA-VUMa1,572.0
10168,OA-VUMa6,572.3000000000001
10799,OA-VUMa4,572.5
10687,OA-AL2i3,572.6
10226,OA-AL2i3,573.6999999999999
11608,OA-VUMa2,573.9000000000001
11264,OA-ASM1,574.2
10120,OA-VPM4,574.8
10652,OA-AL2i4,575.3000000000001
10041,OA-VUMa1,575.4
10080,OA-VUMa3,575.8
286259,OA-ASM1,576.6
11005,OA-VUMa4,577.1
10072,OA-AL2i1,577.6999999999999
10204,OA-AL2i2,578.2
10658,OA-AL2i3,578.4
10185,OA-VUMa8,578.5
12688,OA-ASM1,578.6
10265,OA-AL2i2,578.6999999999999
12109,OA-VUMa2,578.8
10269,OA-AL2i2,578.9000000000001
10677,OA-AL2i4,580.1
10011,OA-AL2i1,580.5
10322,OA-AL2i2,581.1
12896,OA-VUMa5,581.3000000000001
287884,OA-VPM3,581.3000000000001
11921,OA-VPM4,581.5
10555,OA-VUMa3,581.6
10825,OA-AL2i3,581.6
10175,OA-VUMa6,581.6999999999999
11602,OA-ASM1,581.8
10110,OA-VUMa1,582.6
10187,OA-VPM3,583.5
10687,OA-AL2i3,584.6999999999999
10041,OA-VUMa1,585.3000000000001
10168,OA-VUMa6,585.3000000000001
10226,OA-AL2i3,585.3000000000001
11608,OA-VUMa2,585.4
10799,OA-VUMa4,585.9
53065,Mi1,586.1
10120,OA-VPM4,586.5
11264,OA-ASM1,587.5
10652,OA-AL2i4,588.4
11005,OA-VUMa4,589.2
10080,OA-VUMa3,589.5
10658,OA-AL2i3,590.3000000000001
10185,OA-VUMa8,590.4
10072,OA-AL2i1,590.5
12109,OA-VUMa2,591.2
10204,OA-AL2i2,591.4
10011,OA-AL2i1,591.6
286259,OA-ASM1,591.8
10265,OA-AL2i2,592.1
10269,OA-AL2i2,592.3000000000001
12688,OA-ASM1,592.4
12896,OA-VUMa5,592.5
10175,OA-VUMa6,592.7
10677,OA-AL2i4,592.7
10322,OA-AL2i2,593.1
10110,OA-VUMa1,593.6
287884,OA-VPM3,594.0000000000001
10825,OA-AL2i3,594.1
10555,OA-VUMa3,594.5
11921,OA-VPM4,595.7
11602,OA-ASM1,595.8
10041,OA-VUMa1,596.1
11608,OA-VUMa2,596.2
10687,OA-AL2i3,596.5
10226,OA-AL2i3,596.6
10168,OA-VUMa6,596.8
10187,OA-VPM3,597.8
10799,OA-VUMa4,598.8
10120,OA-VPM4,599.3000000000001
11264,OA-ASM1,600.3000000000001
53065,Mi1,601.4
10652,OA-AL2i4,601.5
11005,OA-VUMa4,601.5
10080,OA-VUMa3,602.0
10658,OA-AL2i3,602.1
12109,OA-VUMa2,602.6
10072,OA-AL2i1,603.1
10011,OA-AL2i1,603.3000000000001
10185,OA-VUMa8,603.5
10204,OA-AL2i2,603.9
10269,OA-AL2i2,604.4000000000001
10110,OA-VUMa1,604.5
10175,OA-VUMa6,604.5
12688,OA-ASM1,604.5
10677,OA-AL2i4,604.7
10265,OA-AL2i2,604.9
12896,OA-VUMa5,605.3000000000001
286259,OA-ASM1,605.3000000000001
10322,OA-AL2i2,605.5
287884,OA-VPM3,606.8
10041,OA-VUMa1,607.1
10825,OA-AL2i3,607.1
11608,OA-VUMa2,607.5
10168,OA-VUMa6,608.0
10226,OA-AL2i3,608.0999999999999
10555,OA-VUMa3,608.0999999999999
11921,OA-VPM4,609.5
10687,OA-AL2i3,609.6
11602,OA-ASM1,609.7
10187,OA-VPM3,609.9
10120,OA-VPM4,612.0
10799,OA-VUMa4,612.2
11005,OA-VUMa4,613.0
11264,OA-ASM1,613.8
12109,OA-VUMa2,613.8
10652,OA-AL2i4,614.3000000000001
10658,OA-AL2i3,614.4000000000001
10185,OA-VUMa8,615.1
10011,OA-AL2i1,615.2
10080,OA-VUMa3,615.5
10072,OA-AL2i1,615.6
12896,OA-VUMa5,616.1
10269,OA-AL2i2,616.4000000000001
10175,OA-VUMa6,616.5
10110,OA-VUMa1,616.6
10204,OA-AL2i2,616.9
53065,Mi1,617.1
10677,OA-AL2i4,617.6
10322,OA-AL2i2,617.7
10265,OA-AL2i2,617.7
12688,OA-ASM1,617.9
10041,OA-VUMa1,618.1
11608,OA-VUMa2,618.2
287884,OA-VPM3,619.1
10168,OA-VUMa6,619.2
10226,OA-AL2i3,620.1
286259,OA-ASM1,620.1
10825,OA-AL2i3,620.4000000000001
10555,OA-VUMa3,621.1999999999999
10687,OA-AL2i3,621.7
10187,OA-VPM3,622.1999999999999
11921,OA-VPM4,623.0
11602,OA-ASM1,623.7
10120,OA-VPM4,624.0
11005,OA-VUMa4,624.7
10799,OA-VUMa4,624.8
10072,OA-AL2i1,625.6
12109,OA-VUMa2,626.3000000000001
11264,OA-ASM1,626.7
10185,OA-VUMa8,626.8
10658,OA-AL2i3,626.9
10011,OA-AL2i1,627.1
12896,OA-VUMa5,627.1999999999999
10652,OA-AL2i4,627.7
10080,OA-VUMa3,628.1999999999999
10175,OA-VUMa6,628.3000000000001
10110,OA-VUMa1,629.1999999999999
10204,OA-AL2i2,629.4000000000001
10322,OA-AL2i2,629.4000000000001
11608,OA-VUMa2,629.4000000000001
10265,OA-AL2i2,629.7
10269,OA-AL2i2,630.0
10677,OA-AL2i4,630.6
12688,OA-ASM1,630.6
10041,OA-VUMa1,630.8000000000001
10168,OA-VUMa6,631.1
10226,OA-AL2i3,631.7
287884,OA-VPM3,632.1
53065,Mi1,633.6
10825,OA-AL2i3,633.7
10687,OA-AL2i3,633.9
10555,OA-VUMa3,634.3
286259,OA-ASM1,634.3
10187,OA-VPM3,635.6
11602,OA-ASM1,636.3
11005,OA-VUMa4,636.7
11921,OA-VPM4,636.8000000000001
12109,OA-VUMa2,636.8000000000001
10120,OA-VPM4,637.0
10072,OA-AL2i1,637.5
10799,OA-VUMa4,637.5
10011,OA-AL2i1,638.3
10185,OA-VUMa8,638.7
12896,OA-VUMa5,639.1999999999999
11264,OA-ASM1,639.4000000000001
10658,OA-AL2i3,639.5
10110,OA-VUMa1,639.9
10175,OA-VUMa6,640.1
10652,OA-AL2i4,640.7
10080,OA-VUMa3,640.8000000000001
11608,OA-VUMa2,640.8000000000001
10322,OA-AL2i2,641.3
10269,OA-AL2i2,642.4000000000001
10265,OA-AL2i2,642.7
10041,OA-VUMa1,642.8000000000001
10168,OA-VUMa6,642.8000000000001
10204,OA-AL2i2,642.8000000000001
12688,OA-ASM1,642.9
10226,OA-AL2i3,643.8000000000001
10677,OA-AL2i4,644.0
287884,OA-VPM3,644.1999999999999
10687,OA-AL2i3,646.8000000000001
10555,OA-VUMa3,647.3
10825,OA-AL2i3,647.3
10187,OA-VPM3,648.0
53065,Mi1,648.0
286259,OA-ASM1,648.1
12109,OA-VUMa2,648.7
11005,OA-VUMa4,648.8000000000001
11602,OA-ASM1,649.4
10120,OA-VPM4,650.6
10072,OA-AL2i1,650.9
10185,OA-VUMa8,651.1999999999999
10799,OA-VUMa4,651.1999999999999
10658,OA-AL2i3,651.3
10110,OA-VUMa1,651.4
10011,OA-AL2i1,651.7
12896,OA-VUMa5,651.8000000000001
11264,OA-ASM1,652.0
11921,OA-VPM4,652.0
10175,OA-VUMa6,652.3
10322,OA-AL2i2,653.0
10080,OA-VUMa3,653.5000000000001
10041,OA-VUMa1,653.7
10652,OA-AL2i4,653.9
11608,OA-VUMa2,653.9
10168,OA-VUMa6,654.3
10269,OA-AL2i2,655.2
10226,OA-AL2i3,655.4
12688,OA-ASM1,655.6
10265,OA-AL2i2,656.4
10677,OA-AL2i4,656.4
287884,OA-VPM3,657.8000000000001
10204,OA-AL2i2,658.2
10825,OA-AL2i3,660.2
10072,OA-AL2i1,660.2
11005,OA-VUMa4,660.4
10555,OA-VUMa3,660.5000000000001
10687,OA-AL2i3,660.6
12109,OA-VUMa2,661.1
10187,OA-VPM3,661.3
11602,OA-ASM1,661.6
286259,OA-ASM1,661.9
53065,Mi1,662.3
10110,OA-VUMa1,663.0
10011,OA-AL2i1,663.3
10658,OA-AL2i3,663.3
12896,OA-VUMa5,663.5
10120,OA-VPM4,663.6
10799,OA-VUMa4,663.9
10185,OA-VUMa8,664.1
10175,OA-VUMa6,664.1
10041,OA-VUMa1,664.1
10322,OA-AL2i2,664.8000000000001
11264,OA-ASM1,664.9
10168,OA-VUMa6,665.8000000000001
11608,OA-VUMa2,665.9
11921,OA-VPM4,666.2
10226,OA-AL2i3,666.3
10080,OA-VUMa3,666.5
10652,OA-AL2i4,666.6
12688,OA-ASM1,667.5
10269,OA-AL2i2,668.0
10265,OA-AL2i2,668.1
10677,OA-AL2i4,668.8000000000001
287884,OA-VPM3,670.5
10204,OA-AL2i2,671.3
10072,OA-AL2i1,672.1
11005,OA-VUMa4,672.2
10825,OA-AL2i3,672.3
10687,OA-AL2i3,672.6
12109,OA-VUMa2,672.7
10110,OA-VUMa1,672.9000000000001
11602,OA-ASM1,673.5
10011,OA-AL2i1,674.2
10555,OA-VUMa3,674.3
10187,OA-VPM3,674.4
12896,OA-VUMa5,674.4
10658,OA-AL2i3,675.3
10120,OA-VPM4,675.5
286259,OA-ASM1,675.8000000000001
10041,OA-VUMa1,676.1
10175,OA-VUMa6,676.5
10799,OA-VUMa4,676.7
10322,OA-AL2i2,676.8000000000001
10168,OA-VUMa6,676.8000000000001
53065,Mi1,677.5
11608,OA-VUMa2,677.6
10226,OA-AL2i3,677.7
10185,OA-VUMa8,678.0
10080,OA-VUMa3,679.1
11264,OA-ASM1,679.3
10269,OA-AL2i2,679.7
10652,OA-AL2i4,680.1
11921,OA-VPM4,680.9000000000001
10265,OA-AL2i2,681.1
10677,OA-AL2i4,681.4
12688,OA-ASM1,681.4
287884,OA-VPM3,683.1
11005,OA-VUMa4,683.3
10110,OA-VUMa1,683.4
12109,OA-VUMa2,684.4
10072,OA-AL2i1,684.4
10204,OA-AL2i2,684.5
10011,OA-AL2i1,685.5
10825,OA-AL2i3,685.6
10687,OA-AL2i3,685.8000000000001
12896,OA-VUMa5,686.2
11602,OA-ASM1,686.3
10187,OA-VPM3,686.8000000000001
10555,OA-VUMa3,686.9000000000001
10041,OA-VUMa1,687.1
10658,OA-AL2i3,687.9000000000001
10120,OA-VPM4,688.2
286259,OA-ASM1,688.6
10322,OA-AL2i2,688.9000000000001
11608,OA-VUMa2,689.2
10168,OA-VUMa6,689.5
10175,OA-VUMa6,689.5
10226,OA-AL2i3,689.8000000000001
10799,OA-VUMa4,690.6
10185,OA-VUMa8,690.6
53065,Mi1,692.4
10080,OA-VUMa3,692.6
10269,OA-AL2i2,692.6
11264,OA-ASM1,692.6999999999999
10652,OA-AL2i4,693.0
10110,OA-VUMa1,693.1
10265,OA-AL2i2,693.1
12688,OA-ASM1,693.8000000000001
10677,OA-AL2i4,694.5
11921,OA-VPM4,695.1
287884,OA-VPM3,695.5
11005,OA-VUMa4,695.6
10072,OA-AL2i1,696.8000000000001
12109,OA-VUMa2,696.8000000000001
10011,OA-AL2i1,697.8000000000001
12896,OA-VUMa5,697.9000000000001
10041,OA-VUMa1,698.3000000000001
10204,OA-AL2i2,698.5
10687,OA-AL2i3,698.9000000000001
10658,OA-AL2i3,699.3000000000001
10825,OA-AL2i3,699.4
10187,OA-VPM3,699.6
11602,OA-ASM1,699.8000000000001
11608,OA-VUMa2,700.5
10322,OA-AL2i2,700.6
10168,OA-VUMa6,701.2
10120,OA-VPM4,701.3000000000001
10555,OA-VUMa3,701.6
10226,OA-AL2i3,701.8
286259,OA-ASM1,702.5
10175,OA-VUMa6,702.6
10185,OA-VUMa8,703.2
10110,OA-VUMa1,704.0
10799,OA-VUMa4,704.2
10269,OA-AL2i2,704.4
11264,OA-ASM1,705.0
10652,OA-AL2i4,705.3000000000001
10080,OA-VUMa3,705.4
10265,OA-AL2i2,705.9000000000001
12688,OA-ASM1,706.1
10677,OA-AL2i4,706.9000000000001
11005,OA-VUMa4,707.3000000000001
12109,OA-VUMa2,707.5
53065,Mi1,707.8
11921,OA-VPM4,708.0000000000001
287884,OA-VPM3,708.6
10011,OA-AL2i1,708.9000000000001
10041,OA-VUMa1,709.1
10072,OA-AL2i1,709.2
12896,OA-VUMa5,710.3000000000001
10204,OA-AL2i2,710.6999999999999
10658,OA-AL2i3,711.4
10687,OA-AL2i3,711.5
11608,OA-VUMa2,711.6
10825,OA-AL2i3,712.1
10322,OA-AL2i2,712.5
11602,OA-ASM1,712.6
10187,OA-VPM3,713.2
10168,OA-VUMa6,713.4
10226,OA-AL2i3,713.6
10110,OA-VUMa1,714.6
10175,OA-VUMa6,714.6
10555,OA-VUMa3,714.6999999999999
10120,OA-VPM4,714.8
286259,OA-ASM1,715.2
10185,OA-VUMa8,715.3000000000001
10652,OA-AL2i4,716.3000000000001
10269,OA-AL2i2,716.5
10799,OA-VUMa4,716.7
11264,OA-ASM1,717.6
10080,OA-VUMa3,717.8
10265,OA-AL2i2,718.5
11005,OA-VUMa4,718.6
12688,OA-ASM1,718.6
10041,OA-VUMa1,719.0000000000001
10677,OA-AL2i4,719.4
12109,OA-VUMa2,719.4
10072,OA-AL2i1,719.6
10011,OA-AL2i1,721.0000000000001
287884,OA-VPM3,721.5
12896,OA-VUMa5,722.1
53065,Mi1,722.8
11921,OA-VPM4,723.0000000000001
10687,OA-AL2i3,723.6
10658,OA-AL2i3,723.8
11602,OA-ASM1,723.9
10322,OA-AL2i2,723.9
10204,OA-AL2i2,724.0000000000001
11608,OA-VUMa2,724.0000000000001
10226,OA-AL2i3,724.3000000000001
10110,OA-VUMa1,725.8
10187,OA-VPM3,725.8
10825,OA-AL2i3,726.2
10175,OA-VUMa6,726.4
10168,OA-VUMa6,726.5
10555,OA-VUMa3,726.8
10120,OA-VPM4,727.3000000000001
10185,OA-VUMa8,727.6
286259,OA-ASM1,728.9
10799,OA-VUMa4,729.3000000000001
10652,OA-AL2i4,729.4
10041,OA-VUMa1,729.8
10080,OA-VUMa3,730.0
10269,OA-AL2i2,730.1
11264,OA-ASM1,731.0
12109,OA-VUMa2,731.0
11005,OA-VUMa4,731.3000000000001
10265,OA-AL2i2,731.5
10011,OA-AL2i1,731.7
10072,OA-AL2i1,731.7
12688,OA-ASM1,732.6
10677,OA-AL2i4,733.0
12896,OA-VUMa5,733.1
287884,OA-VPM3,734.2
11608,OA-VUMa2,735.2
10658,OA-AL2i3,735.4000000000001
10322,OA-AL2i2,735.5
10687,OA-AL2i3,735.8
10204,OA-AL2i2,736.6
11921,OA-VPM4,736.8
10110,OA-VUMa1,737.0
10226,OA-AL2i3,737.1
11602,OA-ASM1,737.3000000000001
53065,Mi1,737.3000000000001
10175,OA-VUMa6,738.0
10825,OA-AL2i3,738.4000000000001
10168,OA-VUMa6,738.8
10187,OA-VPM3,739.4000000000001
10555,OA-VUMa3,740.0
10120,OA-VPM4,740.3000000000001
10185,OA-VUMa8,740.4000000000001
10041,OA-VUMa1,740.5
12109,OA-VUMa2,742.2
10652,OA-AL2i4,742.4000000000001
10799,OA-VUMa4,742.4000000000001
286259,OA-ASM1,742.6
10080,OA-VUMa3,742.6
10269,OA-AL2i2,743.0
11005,OA-VUMa4,743.6
10072,OA-AL2i1,744.1
10011,OA-AL2i1,744.2
10265,OA-AL2i2,744.3000000000001
11264,OA-ASM1,744.7
12896,OA-VUMa5,744.7
10677,OA-AL2i4,745.1
12688,OA-ASM1,745.4000000000001
11608,OA-VUMa2,746.7
10658,OA-AL2i3,746.9
287884,OA-VPM3,746.9
10110,OA-VUMa1,747.0
10322,OA-AL2i2,747.1
10687,OA-AL2i3,748.2
11602,OA-ASM1,749.5
10226,OA-AL2i3,749.6
10204,OA-AL2i2,749.6
10175,OA-VUMa6,750.1
10825,OA-AL2i3,750.2
11921,OA-VPM4,750.7
10168,OA-VUMa6,750.8
53065,Mi1,751.3000000000001
10187,OA-VPM3,751.8
10041,OA-VUMa1,751.9
10185,OA-VUMa8,753.1999999999999
10120,OA-VPM4,753.9
10555,OA-VUMa3,754.1
12109,OA-VUMa2,754.1999999999999
10652,OA-AL2i4,754.8
10269,OA-AL2i2,755.0
10799,OA-VUMa4,755.7
10080,OA-VUMa3,756.0
286259,OA-ASM1,756.5
12896,OA-VUMa5,756.8000000000001
11264,OA-ASM1,757.1999999999999
10265,OA-AL2i2,757.3000000000001
11005,OA-VUMa4,757.3000000000001
10677,OA-AL2i4,757.4000000000001
12688,OA-ASM1,757.4000000000001
10011,OA-AL2i1,757.7
10072,OA-AL2i1,757.7
10110,OA-VUMa1,757.7
10658,OA-AL2i3,758.1999999999999
11608,OA-VUMa2,758.7
10322,OA-AL2i2,759.3000000000001
287884,OA-VPM3,759.7
10687,OA-AL2i3,759.8000000000001
10226,OA-AL2i3,760.9
10175,OA-VUMa6,761.1
11602,OA-ASM1,761.7
10041,OA-VUMa1,762.1999999999999
10825,OA-AL2i3,762.3000000000001
10168,OA-VUMa6,762.4000000000001
10187,OA-VPM3,763.5
10204,OA-AL2i2,763.6
11921,OA-VPM4,764.1
10120,OA-VPM4,765.6
10185,OA-VUMa8,766.0
12109,OA-VUMa2,766.1999999999999
53065,Mi1,766.7
10269,OA-AL2i2,767.1
10652,OA-AL2i4,767.3
12896,OA-VUMa5,768.0
10555,OA-VUMa3,768.3
10110,OA-VUMa1,768.6
10080,OA-VUMa3,768.9
10011,OA-AL2i1,769.6
10799,OA-VUMa4,769.7
11608,OA-VUMa2,769.8000000000001
10677,OA-AL2i4,769.8000000000001
286259,OA-ASM1,769.9
11005,OA-VUMa4,770.0
10072,OA-AL2i1,770.1
10658,OA-AL2i3,770.1999999999999
12688,OA-ASM1,770.5000000000001
11264,OA-ASM1,770.6
10322,OA-AL2i2,770.7
10265,OA-AL2i2,771.4000000000001
287884,OA-VPM3,771.8000000000001
10687,OA-AL2i3,771.9
10226,OA-AL2i3,772.4000000000001
10041,OA-VUMa1,772.5000000000001
10175,OA-VUMa6,772.8000000000001
10168,OA-VUMa6,773.5000000000001
11602,OA-ASM1,774.1999999999999
10825,OA-AL2i3,774.5000000000001
10120,OA-VPM4,777.1
10187,OA-VPM3,777.1
10204,OA-AL2i2,777.1
11921,OA-VPM4,777.7
10185,OA-VUMa8,777.9
12109,OA-VUMa2,778.4000000000001
10652,OA-AL2i4,779.5000000000001
10269,OA-AL2i2,779.8000000000001
10110,OA-VUMa1,779.9
12896,OA-VUMa5,780.6
53065,Mi1,780.8000000000001
10080,OA-VUMa3,781.3
10011,OA-AL2i1,781.5000000000001
10555,OA-VUMa3,781.6
10658,OA-AL2i3,782.1
11608,OA-VUMa2,782.6
10041,OA-VUMa1,782.8000000000001
10677,OA-AL2i4,782.9
10322,OA-AL2i2,783.4
11005,OA-VUMa4,783.4
10799,OA-VUMa4,783.6
12688,OA-ASM1,783.6
287884,OA-VPM3,783.6
10072,OA-AL2i1,783.7
286259,OA-ASM1,783.8000000000001
10687,OA-AL2i3,784.0
10175,OA-VUMa6,784.5000000000001
11264,OA-ASM1,784.6
10226,OA-AL2i3,785.1
10265,OA-AL2i2,785.1
10168,OA-VUMa6,785.3
10825,OA-AL2i3,786.5000000000001
11602,OA-ASM1,787.6
10187,OA-VPM3,789.0
12109,OA-VUMa2,789.3
10110,OA-VUMa1,789.7
10185,OA-VUMa8,790.1
10204,OA-AL2i2,790.2
10120,OA-VPM4,790.5000000000001
11921,OA-VPM4,791.6
12896,OA-VUMa5,791.8000000000001
10269,OA-AL2i2,792.9
10652,OA-AL2i4,793.2
10011,OA-AL2i1,793.3
11608,OA-VUMa2,793.6
10041,OA-VUMa1,794.0
10658,OA-AL2i3,794.5
10080,OA-VUMa3,794.6
10555,OA-VUMa3,794.8000000000001
11005,OA-VUMa4,795.1
10677,OA-AL2i4,795.3
287884,OA-VPM3,795.8000000000001
10175,OA-VUMa6,795.9000000000001
10168,OA-VUMa6,796.0
53065,Mi1,796.0
10687,OA-AL2i3,796.6
10072,OA-AL2i1,796.9000000000001
10322,OA-AL2i2,797.1
12688,OA-ASM1,797.2
10226,OA-AL2i3,797.6
286259,OA-ASM1,797.6
10799,OA-VUMa4,797.8000000000001
10265,OA-AL2i2,798.1
10825,OA-AL2i3,798.2
11264,OA-ASM1,798.7
12109,OA-VUMa2,800.1
10110,OA-VUMa1,800.3
11602,OA-ASM1,801.0
10187,OA-VPM3,802.3
10120,OA-VPM4,802.4
10185,OA-VUMa8,802.5
10204,OA-AL2i2,802.5
12896,OA-VUMa5,802.7
10011,OA-AL2i1,804.6
10269,OA-AL2i2,804.9000000000001
10041,OA-VUMa1,805.1
11921,OA-VPM4,805.5
10658,OA-AL2i3,805.6
11608,OA-VUMa2,806.3
11005,OA-VUMa4,806.4
10652,OA-AL2i4,806.6
10175,OA-VUMa6,807.5
10168,OA-VUMa6,807.9000000000001
10080,OA-VUMa3,808.4
10677,OA-AL2i4,808.6
287884,OA-VPM3,808.9000000000001
10555,OA-VUMa3,808.9000000000001
10322,OA-AL2i2,809.1
10072,OA-AL2i1,809.3
10226,OA-AL2i3,809.3
10687,OA-AL2i3,809.3
12688,OA-ASM1,810.4
10110,OA-VUMa1,810.8000000000001
11264,OA-ASM1,810.8000000000001
286259,OA-ASM1,810.9000000000001
12109,OA-VUMa2,811.1
10799,OA-VUMa4,811.2
10825,OA-AL2i3,811.3
10265,OA-AL2i2,811.4
53065,Mi1,811.9000000000001
11602,OA-ASM1,813.8000000000001
12896,OA-VUMa5,813.9000000000001
10204,OA-AL2i2,814.8000000000001
10120,OA-VPM4,814.9000000000001
10187,OA-VPM3,815.2
10011,OA-AL2i1,815.7
10041,OA-VUMa1,815.9000000000001
10185,OA-VUMa8,816.0
10269,OA-AL2i2,817.2
10658,OA-AL2i3,817.3
11005,OA-VUMa4,817.3
11608,OA-VUMa2,817.9000000000001
10168,OA-VUMa6,819.1
10072,OA-AL2i1,819.6
10175,OA-VUMa6,819.6999999999999
10322,OA-AL2i2,820.2
11921,OA-VPM4,820.3000000000001
10652,OA-AL2i4,820.5
10110,OA-VUMa1,820.9000000000001
10677,OA-AL2i4,820.9000000000001
10080,OA-VUMa3,820.9000000000001
10226,OA-AL2i3,821.0
10687,OA-AL2i3,822.3000000000001
12109,OA-VUMa2,822.4
287884,OA-VPM3,822.5
10555,OA-VUMa3,822.6999999999999
12688,OA-ASM1,822.9000000000001
10265,OA-AL2i2,823.1
10825,OA-AL2i3,824.3000000000001
10799,OA-VUMa4,824.5
286259,OA-ASM1,824.5
12896,OA-VUMa5,824.6
11264,OA-ASM1,824.6999999999999
11602,OA-ASM1,825.8000000000001
53065,Mi1,826.3000000000001
10011,OA-AL2i1,827.3000000000001
10041,OA-VUMa1,827.4
10187,OA-VPM3,828.0
10204,OA-AL2i2,828.2
10120,OA-VPM4,828.5
10072,OA-AL2i1,828.9000000000001
10185,OA-VUMa8,829.0
11608,OA-VUMa2,829.2
11005,OA-VUMa4,829.4
10269,OA-AL2i2,829.5
10168,OA-VUMa6,829.6
10658,OA-AL2i3,829.6
10110,OA-VUMa1,831.6
10175,OA-VUMa6,831.6
10322,OA-AL2i2,831.9000000000001
10226,OA-AL2i3,832.5
10652,OA-AL2i4,833.3000000000001
10687,OA-AL2i3,833.8
11921,OA-VPM4,834.3000000000001
10677,OA-AL2i4,834.4
12109,OA-VUMa2,834.5
10080,OA-VUMa3,834.6999999999999
287884,OA-VPM3,835.2
12896,OA-VUMa5,835.6
12688,OA-ASM1,835.8
10265,OA-AL2i2,836.0000000000001
10555,OA-VUMa3,836.3000000000001
10825,OA-AL2i3,836.5
10799,OA-VUMa4,836.9000000000001
11264,OA-ASM1,837.9000000000001
10072,OA-AL2i1,838.0000000000001
11602,OA-ASM1,838.5
286259,OA-ASM1,838.5
10011,OA-AL2i1,838.6
10041,OA-VUMa1,838.8
10204,OA-AL2i2,840.4
10187,OA-VPM3,840.6
11608,OA-VUMa2,841.1
11005,OA-VUMa4,841.1
10269,OA-AL2i2,841.3000000000001
10120,OA-VPM4,841.5
10168,OA-VUMa6,841.6
10185,OA-VUMa8,841.6
10658,OA-AL2i3,841.8
53065,Mi1,841.8
10226,OA-AL2i3,842.9000000000001
10110,OA-VUMa1,843.1
10322,OA-AL2i2,843.2
10175,OA-VUMa6,843.4
12109,OA-VUMa2,845.7
10687,OA-AL2i3,846.2
10080,OA-VUMa3,846.6
10677,OA-AL2i4,847.0000000000001
10652,OA-AL2i4,847.1
10072,OA-AL2i1,847.4
12896,OA-VUMa5,847.5
10265,OA-AL2i2,848.2
12688,OA-ASM1,848.5
287884,OA-VPM3,848.7
11921,OA-VPM4,849.0000000000001
10825,OA-AL2i3,849.1
10041,OA-VUMa1,849.9
10011,OA-AL2i1,850.2
10555,OA-VUMa3,850.3000000000001
10799,OA-VUMa4,850.5
11264,OA-ASM1,851.8
11608,OA-VUMa2,852.0000000000001
11602,OA-ASM1,852.0000000000001
286259,OA-ASM1,852.5
11005,OA-VUMa4,852.6
10187,OA-VPM3,853.6
10185,OA-VUMa8,853.7
10110,OA-VUMa1,853.8
10658,OA-AL2i3,853.8
10168,OA-VUMa6,854.1
10120,OA-VPM4,854.2
10269,OA-AL2i2,854.3000000000001
10204,OA-AL2i2,854.4
10175,OA-VUMa6,854.9
10322,OA-AL2i2,855.6
10226,OA-AL2i3,856.2
53065,Mi1,856.2
10072,OA-AL2i1,857.0000000000001
12109,OA-VUMa2,857.3000000000001
10687,OA-AL2i3,858.5
12896,OA-VUMa5,859.6
10652,OA-AL2i4,859.8
10041,OA-VUMa1,860.0
10080,OA-VUMa3,860.6
10677,OA-AL2i4,860.6
10265,OA-AL2i2,860.8
287884,OA-VPM3,861.3000000000001
10011,OA-AL2i1,861.3000000000001
10825,OA-AL2i3,861.9
10799,OA-VUMa4,862.4000000000001
12688,OA-ASM1,862.4000000000001
11921,OA-VPM4,863.5
11608,OA-VUMa2,863.7
11005,OA-VUMa4,864.2
10555,OA-VUMa3,864.3000000000001
10110,OA-VUMa1,865.5
10185,OA-VUMa8,865.8
10187,OA-VPM3,865.9
11264,OA-ASM1,866.1
11602,OA-ASM1,866.4000000000001
286259,OA-ASM1,866.4000000000001
10658,OA-AL2i3,866.5
10072,OA-AL2i1,866.8
10269,OA-AL2i2,867.0
10204,OA-AL2i2,867.2
10120,OA-VPM4,867.2
10168,OA-VUMa6,867.4000000000001
10226,OA-AL2i3,867.8
10322,OA-AL2i2,867.9
10175,OA-VUMa6,868.0
12109,OA-VUMa2,868.1
10041,OA-VUMa1,870.4000000000001
10687,OA-AL2i3,870.6
53065,Mi1,871.0
12896,OA-VUMa5,871.1
10652,OA-AL2i4,872.0
10011,OA-AL2i1,873.4000000000001
10265,OA-AL2i2,874.1
10677,OA-AL2i4,874.1
10080,OA-VUMa3,874.2
12688,OA-ASM1,874.3000000000001
287884,OA-VPM3,874.3000000000001
10825,OA-AL2i3,874.3000000000001
11608,OA-VUMa2,875.3000000000001
10799,OA-VUMa4,875.6
11005,OA-VUMa4,875.8
10110,OA-VUMa1,876.5
10072,OA-AL2i1,877.2
11921,OA-VPM4,877.4000000000001
10555,OA-VUMa3,877.9
10658,OA-AL2i3,878.6
10185,OA-VUMa8,878.7
10187,OA-VPM3,878.8
10168,OA-VUMa6,878.9
11602,OA-ASM1,879.4000000000001
12109,OA-VUMa2,879.6
10269,OA-AL2i2,879.7
286259,OA-ASM1,879.8
10175,OA-VUMa6,880.0
10322,OA-AL2i2,880.1
10120,OA-VPM4,880.1
10204,OA-AL2i2,880.2
11264,OA-ASM1,880.2
10226,OA-AL2i3,880.3000000000001
10041,OA-VUMa1,880.6
12896,OA-VUMa5,882.1
10687,OA-AL2i3,883.0
10011,OA-AL2i1,884.7
10652,OA-AL2i4,884.9
10265,OA-AL2i2,886.1999999999999
53065,Mi1,886.5
287884,OA-VPM3,886.5
10677,OA-AL2i4,886.6
12688,OA-ASM1,886.8000000000001
11608,OA-VUMa2,886.9
10110,OA-VUMa1,887.1
10080,OA-VUMa3,887.5
10825,OA-AL2i3,888.1
11005,OA-VUMa4,888.5
10072,OA-AL2i1,889.3000000000001
10658,OA-AL2i3,889.7
10799,OA-VUMa4,890.0
10185,OA-VUMa8,891.0
10168,OA-VUMa6,891.4000000000001
10187,OA-VPM3,891.4000000000001
10555,OA-VUMa3,891.4000000000001
11921,OA-VPM4,891.4000000000001
10041,OA-VUMa1,891.5
10322,OA-AL2i2,892.0
10226,OA-AL2i3,892.1999999999999
12109,OA-VUMa2,892.3000000000001
10269,OA-AL2i2,892.6
12896,OA-VUMa5,892.6
11602,OA-ASM1,892.9
10175,OA-VUMa6,893.1999999999999
286259,OA-ASM1,893.3000000000001
10120,OA-VPM4,893.4000000000001
10204,OA-AL2i2,894.1
11264,OA-ASM1,894.4000000000001
10011,OA-AL2i1,895.3000000000001
10687,OA-AL2i3,895.3000000000001
10652,OA-AL2i4,897.0
10110,OA-VUMa1,897.3000000000001
11608,OA-VUMa2,897.4000000000001
10265,OA-AL2i2,898.3000000000001
287884,OA-VPM3,898.5000000000001
10677,OA-AL2i4,899.1
12688,OA-ASM1,899.1
10080,OA-VUMa3,900.0
10825,OA-AL2i3,900.3
11005,OA-VUMa4,900.4000000000001
53065,Mi1,901.6
10658,OA-AL2i3,901.9
10072,OA-AL2i1,902.3
10168,OA-VUMa6,902.4000000000001
10799,OA-VUMa4,902.9
10185,OA-VUMa8,903.1
10041,OA-VUMa1,904.0
10187,OA-VPM3,904.0
10322,OA-AL2i2,904.1
10269,OA-AL2i2,904.1
10226,OA-AL2i3,904.1999999999999
10555,OA-VUMa3,904.1999999999999
12896,OA-VUMa5,905.1
11921,OA-VPM4,905.4000000000001
10120,OA-VPM4,906.0
10175,OA-VUMa6,906.6
12109,OA-VUMa2,907.0
10687,OA-AL2i3,907.0
10011,OA-AL2i1,907.1
11602,OA-ASM1,907.4000000000001
10110,OA-VUMa1,907.7
286259,OA-ASM1,907.7
10204,OA-AL2i2,907.8000000000001
11608,OA-VUMa2,908.6
11264,OA-ASM1,909.2
10652,OA-AL2i4,909.5000000000001
12688,OA-ASM1,911.0
10265,OA-AL2i2,911.0
10677,OA-AL2i4,911.7
287884,OA-VPM3,912.4
10072,OA-AL2i1,912.5000000000001
11005,OA-VUMa4,912.8000000000001
10080,OA-VUMa3,912.9
10658,OA-AL2i3,913.4
10825,OA-AL2i3,913.5000000000001
10168,OA-VUMa6,913.5000000000001
10226,OA-AL2i3,915.4
10041,OA-VUMa1,915.7
10185,OA-VUMa8,915.8000000000001
10187,OA-VPM3,916.1
10269,OA-AL2i2,916.6
10322,OA-AL2i2,916.7
10799,OA-VUMa4,916.8000000000001
12896,OA-VUMa5,916.8000000000001
53065,Mi1,916.8000000000001
10011,OA-AL2i1,918.2
10175,OA-VUMa6,918.2
10120,OA-VPM4,918.8000000000001
12109,OA-VUMa2,918.8000000000001
10555,OA-VUMa3,919.0
10110,OA-VUMa1,919.1
11921,OA-VPM4,919.3
10687,OA-AL2i3,919.8000000000001
11608,OA-VUMa2,920.5000000000001
10204,OA-AL2i2,921.2
11602,OA-ASM1,921.3
10652,OA-AL2i4,922.5000000000001
286259,OA-ASM1,922.9000000000001
10265,OA-AL2i2,923.1
10072,OA-AL2i1,923.2
11264,OA-ASM1,923.4
12688,OA-ASM1,923.7
287884,OA-VPM3,924.7
10677,OA-AL2i4,924.8000000000001
10168,OA-VUMa6,924.9000000000001
10825,OA-AL2i3,925.0
11005,OA-VUMa4,925.0
10658,OA-AL2i3,925.1
10080,OA-VUMa3,925.3
10041,OA-VUMa1,926.2
10226,OA-AL2i3,927.0
12896,OA-VUMa5,927.8000000000001
10185,OA-VUMa8,928.4
10187,OA-VPM3,928.4
10110,OA-VUMa1,929.3
10175,OA-VUMa6,929.4
10322,OA-AL2i2,929.6
10011,OA-AL2i1,929.9000000000001
10799,OA-VUMa4,930.4
12109,OA-VUMa2,930.6
10269,OA-AL2i2,930.8000000000001
53065,Mi1,931.6
10120,OA-VPM4,931.7
11608,OA-VUMa2,931.9000000000001
10555,OA-VUMa3,932.1
10687,OA-AL2i3,932.2
10072,OA-AL2i1,932.6
10204,OA-AL2i2,933.3
11921,OA-VPM4,933.6
11602,OA-ASM1,933.7
10652,OA-AL2i4,935.0
10265,OA-AL2i2,935.9000000000001
10168,OA-VUMa6,936.2
11005,OA-VUMa4,936.2
10041,OA-VUMa1,936.5
286259,OA-ASM1,936.6000000000001
12688,OA-ASM1,936.8000000000001
10658,OA-AL2i3,937.0
10825,OA-AL2i3,937.0
11264,OA-ASM1,937.0
287884,OA-VPM3,937.9000000000001
10080,OA-VUMa3,938.1
10677,OA-AL2i4,938.2
12896,OA-VUMa5,939.4
10226,OA-AL2i3,939.6
10185,OA-VUMa8,940.1
10175,OA-VUMa6,941.0
10110,OA-VUMa1,941.5
10322,OA-AL2i2,941.7
10187,OA-VPM3,941.8000000000001
12109,OA-VUMa2,942.3
10011,OA-AL2i1,942.5
10072,OA-AL2i1,942.6
10269,OA-AL2i2,942.8000000000001
11608,OA-VUMa2,943.1
10120,OA-VPM4,943.4
10799,OA-VUMa4,943.6
10555,OA-VUMa3,943.9000000000001
10687,OA-AL2i3,944.5
10204,OA-AL2i2,946.4
53065,Mi1,946.5
11602,OA-ASM1,946.5
10041,OA-VUMa1,947.0
10652,OA-AL2i4,947.2
11005,OA-VUMa4,947.3
10168,OA-VUMa6,947.5
11921,OA-VPM4,947.7
10825,OA-AL2i3,949.3000000000001
11264,OA-ASM1,949.9000000000001
12896,OA-VUMa5,949.9000000000001
10658,OA-AL2i3,950.1
12688,OA-ASM1,950.1
10265,OA-AL2i2,950.4
286259,OA-ASM1,950.5
10677,OA-AL2i4,950.9000000000001
10080,OA-VUMa3,951.0
10185,OA-VUMa8,951.3000000000001
10226,OA-AL2i3,951.8000000000001
10072,OA-AL2i1,951.9000000000001
287884,OA-VPM3,952.1
10110,OA-VUMa1,952.2
10175,OA-VUMa6,952.9000000000001
10322,OA-AL2i2,953.4
11608,OA-VUMa2,953.4
12109,OA-VUMa2,953.4
10011,OA-AL2i1,953.9000000000001
10187,OA-VPM3,954.4
10269,OA-AL2i2,954.9000000000001
10120,OA-VPM4,956.0
10555,OA-VUMa3,956.1
10687,OA-AL2i3,956.9000000000001
10799,OA-VUMa4,957.2
10041,OA-VUMa1,957.3000000000001
11005,OA-VUMa4,958.3000000000001
11602,OA-ASM1,958.4
10168,OA-VUMa6,958.6999999999999
10204,OA-AL2i2,959.6
53065,Mi1,959.8000000000001
10652,OA-AL2i4,960.4
10072,OA-AL2i1,961.4
12896,OA-VUMa5,961.8000000000001
10825,OA-AL2i3,962.1
10658,OA-AL2i3,962.4
11264,OA-ASM1,962.5
12688,OA-ASM1,962.6
11921,OA-VPM4,962.6999999999999
10265,OA-AL2i2,962.9000000000001
10185,OA-VUMa8,963.4
10677,OA-AL2i4,963.4
10080,OA-VUMa3,963.6
10110,OA-VUMa1,964.4
286259,OA-ASM1,964.5
287884,OA-VPM3,964.9000000000001
10322,OA-AL2i2,965.1
10226,OA-AL2i3,965.2
11608,OA-VUMa2,965.3000000000001
10011,OA-AL2i1,965.5
10175,OA-VUMa6,965.5
12109,OA-VUMa2,965.5
10187,OA-VPM3,966.9000000000001
10269,OA-AL2i2,968.0000000000001
10041,OA-VUMa1,968.5
10687,OA-AL2i3,969.1
10120,OA-VPM4,969.3000000000001
10555,OA-VUMa3,969.6999999999999
10168,OA-VUMa6,970.2
11602,OA-ASM1,970.6999999999999
10799,OA-VUMa4,971.1
10072,OA-AL2i1,971.3000000000001
11005,OA-VUMa4,971.8
10652,OA-AL2i4,972.4
12896,OA-VUMa5,972.7
10204,OA-AL2i2,973.1
10658,OA-AL2i3,973.8
10265,OA-AL2i2,974.9000000000001
10825,OA-AL2i3,974.9000000000001
53065,Mi1,975.6
10110,OA-VUMa1,975.8
12688,OA-ASM1,975.8
11264,OA-ASM1,975.9000000000001
10185,OA-VUMa8,976.0000000000001
10080,OA-VUMa3,976.4
10226,OA-AL2i3,976.7
11921,OA-VPM4,976.7
10322,OA-AL2i2,976.9000000000001
11608,OA-VUMa2,977.0000000000001
10677,OA-AL2i4,977.0000000000001
12109,OA-VUMa2,977.3000000000001
287884,OA-VPM3,977.4
10011,OA-AL2i1,977.5
10175,OA-VUMa6,977.9
286259,OA-ASM1,978.6
10187,OA-VPM3,979.0000000000001
10041,OA-VUMa1,979.1
10269,OA-AL2i2,980.3000000000001
10687,OA-AL2i3,980.5
10072,OA-AL2i1,980.8
10120,OA-VPM4,981.2
10168,OA-VUMa6,981.3000000000001
10555,OA-VUMa3,982.6
11005,OA-VUMa4,982.9
12896,OA-VUMa5,983.9
10799,OA-VUMa4,984.0000000000001
11602,OA-ASM1,984.1
10652,OA-AL2i4,984.4
10658,OA-AL2i3,985.9
10204,OA-AL2i2,986.0000000000001
10825,OA-AL2i3,986.2
10110,OA-VUMa1,986.9
10265,OA-AL2i2,987.1
12688,OA-ASM1,987.3000000000001
10185,OA-VUMa8,988.1
10011,OA-AL2i1,988.4000000000001
12109,OA-VUMa2,988.6
10226,OA-AL2i3,989.0000000000001
11608,OA-VUMa2,989.0000000000001
10322,OA-AL2i2,989.1
11264,OA-ASM1,989.4000000000001
10072,OA-AL2i1,989.8
10041,OA-VUMa1,989.9
10175,OA-VUMa6,990.0000000000001
10080,OA-VUMa3,990.0000000000001
53065,Mi1,990.3000000000001
11921,OA-VPM4,990.4000000000001
287884,OA-VPM3,990.9
10677,OA-AL2i4,991.0
10187,OA-VPM3,991.3000000000001
286259,OA-ASM1,992.2
10269,OA-AL2i2,992.4000000000001
10168,OA-VUMa6,992.4000000000001
10687,OA-AL2i3,992.6
10120,OA-VPM4,993.3000000000001
10555,OA-VUMa3,995.3000000000001
12896,OA-VUMa5,995.3000000000001
11005,OA-VUMa4,995.6
11602,OA-ASM1,996.2
10652,OA-AL2i4,997.5
10110,OA-VUMa1,997.5
10658,OA-AL2i3,997.9
10799,OA-VUMa4,998.0
10825,OA-AL2i3,998.2
10185,OA-VUMa8,998.7
10204,OA-AL2i2,999.0
10011,OA-AL2i1,999.6
12688,OA-ASM1,1000.0
10072,OA-AL2i1,1000.1
11608,OA-VUMa2,1000.4
10265,OA-AL2i2,1000.4999999999999
12109,OA-VUMa2,1000.4999999999999
10226,OA-AL2i3,1000.7000000000002
10322,OA-AL2i2,1001.1000000000001
10041,OA-VUMa1,1001.4000000000001
11264,OA-ASM1,1002.4
10175,OA-VUMa6,1002.7000000000002
10080,OA-VUMa3,1002.9000000000001
10677,OA-AL2i4,1003.9
10687,OA-AL2i3,1004.1
287884,OA-VPM3,1004.1
10168,OA-VUMa6,1004.5999999999999
10269,OA-AL2i2,1004.9000000000001
286259,OA-ASM1,1005.2
10187,OA-VPM3,1005.3000000000001
11921,OA-VPM4,1005.5
12896,OA-VUMa5,1005.6
53065,Mi1,1005.7
10120,OA-VPM4,1006.1
10110,OA-VUMa1,1007.9
11005,OA-VUMa4,1008.0
10555,OA-VUMa3,1008.5999999999999
11602,OA-ASM1,1009.1000000000001
10652,OA-AL2i4,1009.5
10658,OA-AL2i3,1009.6
10799,OA-VUMa4,1010.8000000000001
10185,OA-VUMa8,1010.8000000000001
10072,OA-AL2i1,1010.9000000000001
10011,OA-AL2i1,1011.0000000000001
11608,OA-VUMa2,1011.4000000000001
10825,OA-AL2i3,1011.6
10041,OA-VUMa1,1012.0
10204,OA-AL2i2,1012.0
12109,OA-VUMa2,1012.1
10226,OA-AL2i3,1012.5999999999999
10322,OA-AL2i2,1012.9000000000001
12688,OA-ASM1,1012.9000000000001
10265,OA-AL2i2,1013.4000000000001
11264,OA-ASM1,1014.4
10080,OA-VUMa3,1015.2
10175,OA-VUMa6,1015.2
10687,OA-AL2i3,1015.7
10168,OA-VUMa6,1016.4
10677,OA-AL2i4,1016.8000000000002
287884,OA-VPM3,1016.9000000000001
12896,OA-VUMa5,1017.8000000000001
10269,OA-AL2i2,1018.1
10110,OA-VUMa1,1018.8000000000002
286259,OA-ASM1,1018.9000000000001
10120,OA-VPM4,1019.4000000000001
10187,OA-VPM3,1020.0
11005,OA-VUMa4,1020.0
53065,Mi1,1020.3
10072,OA-AL2i1,1020.6999999999999
10555,OA-VUMa3,1021.2
10658,OA-AL2i3,1021.4000000000001
11921,OA-VPM4,1021.4000000000001
11602,OA-ASM1,1021.5
10185,OA-VUMa8,1022.1999999999999
10011,OA-AL2i1,1022.5
11608,OA-VUMa2,1022.9000000000001
10652,OA-AL2i4,1023.1000000000001
10041,OA-VUMa1,1023.3000000000001
12109,OA-VUMa2,1024.2
10226,OA-AL2i3,1024.3
10799,OA-VUMa4,1024.3999999999999
10825,OA-AL2i3,1024.6999999999998
10204,OA-AL2i2,1025.8
10322,OA-AL2i2,1025.8
12688,OA-ASM1,1026.1
11264,OA-ASM1,1026.5
10175,OA-VUMa6,1026.6
10080,OA-VUMa3,1027.3000000000002
10168,OA-VUMa6,1027.3000000000002
10265,OA-AL2i2,1027.4
10687,OA-AL2i3,1027.5
12896,OA-VUMa5,1028.6999999999998
10677,OA-AL2i4,1029.4
10110,OA-VUMa1,1029.7
10269,OA-AL2i2,1030.1
287884,OA-VPM3,1030.2
286259,OA-ASM1,1031.6000000000001
10120,OA-VPM4,1031.9
11005,OA-VUMa4,1032.0
10072,OA-AL2i1,1032.2
10187,OA-VPM3,1032.3999999999999
10185,OA-VUMa8,1033.5
10658,OA-AL2i3,1033.6000000000001
10555,OA-VUMa3,1033.9
53065,Mi1,1034.5
10011,OA-AL2i1,1034.8
11608,OA-VUMa2,1034.8
10041,OA-VUMa1,1035.1000000000001
11602,OA-ASM1,1035.1000000000001
10652,OA-AL2i4,1035.6000000000001
10825,OA-AL2i3,1035.8
12109,OA-VUMa2,1036.1
10226,OA-AL2i3,1036.5
10799,OA-VUMa4,1036.7
11921,OA-VPM4,1037.4
10322,OA-AL2i2,1037.6000000000001
10175,OA-VUMa6,1037.8
10168,OA-VUMa6,1037.9
10204,OA-AL2i2,1038.1
12688,OA-ASM1,1039.0000000000002
10687,OA-AL2i3,1039.3000000000002
12896,OA-VUMa5,1040.3999999999999
11264,OA-ASM1,1040.7
10265,OA-AL2i2,1040.8
10110,OA-VUMa1,1040.9
10080,OA-VUMa3,1041.1000000000001
287884,OA-VPM3,1042.2
10677,OA-AL2i4,1042.6
10269,OA-AL2i2,1042.9
11005,OA-VUMa4,1043.5
10120,OA-VPM4,1043.6000000000001
10187,OA-VPM3,1044.5
10658,OA-AL2i3,1045.0000000000002
10072,OA-AL2i1,1045.1000000000001
286259,OA-ASM1,1046.2
10185,OA-VUMa8,1046.3999999999999
10041,OA-VUMa1,1046.5
10011,OA-AL2i1,1046.6
11608,OA-VUMa2,1046.6
10555,OA-VUMa3,1047.7
10825,OA-AL2i3,1047.8
10226,OA-AL2i3,1048.0
10168,OA-VUMa6,1048.3999999999999
10799,OA-VUMa4,1048.5
11602,OA-ASM1,1048.5
10175,OA-VUMa6,1048.5
53065,Mi1,1048.6
12109,OA-VUMa2,1048.6
10322,OA-AL2i2,1048.8
10652,OA-AL2i4,1048.8999999999999
10204,OA-AL2i2,1050.1
12688,OA-ASM1,1051.3000000000002
11921,OA-VPM4,1051.4
12896,OA-VUMa5,1051.6000000000001
10687,OA-AL2i3,1051.7
10110,OA-VUMa1,1052.1
10265,OA-AL2i2,1053.0000000000002
287884,OA-VPM3,1053.4
10080,OA-VUMa3,1053.9
11264,OA-ASM1,1054.0
11005,OA-VUMa4,1054.8
10269,OA-AL2i2,1055.6000000000001
10677,OA-AL2i4,1056.1
10658,OA-AL2i3,1056.3
10120,OA-VPM4,1056.4
10072,OA-AL2i1,1057.0000000000002
10011,OA-AL2i1,1057.2
10041,OA-VUMa1,1057.4
11608,OA-VUMa2,1057.9
10187,OA-VPM3,1058.0
10185,OA-VUMa8,1058.8
286259,OA-ASM1,1059.2
10825,OA-AL2i3,1059.3000000000002
10175,OA-VUMa6,1059.7
10168,OA-VUMa6,1059.8
12109,OA-VUMa2,1059.9
10226,OA-AL2i3,1060.0
10555,OA-VUMa3,1061.2
10652,OA-AL2i4,1061.5
10799,OA-VUMa4,1061.5
11602,OA-ASM1,1061.8
10322,OA-AL2i2,1062.2
12896,OA-VUMa5,1062.6
10110,OA-VUMa1,1063.0
12688,OA-ASM1,1063.2
53065,Mi1,1064.0
10204,OA-AL2i2,1064.1000000000001
10687,OA-AL2i3,1064.2
287884,OA-VPM3,1065.5
11921,OA-VPM4,1065.9
10265,OA-AL2i2,1066.1000000000001
11005,OA-VUMa4,1066.3
11264,OA-ASM1,1066.4
10080,OA-VUMa3,1066.8
10072,OA-AL2i1,1067.1000000000001
10269,OA-AL2i2,1067.7
10658,OA-AL2i3,1067.7
11608,OA-VUMa2,1068.3
10120,OA-VPM4,1068.3
10041,OA-VUMa1,1068.4
10011,OA-AL2i1,1068.5
10677,OA-AL2i4,1069.8
12109,OA-VUMa2,1070.5
10187,OA-VPM3,1070.8
10226,OA-AL2i3,1070.8
10185,OA-VUMa8,1071.2
10825,OA-AL2i3,1071.5
10168,OA-VUMa6,1071.6000000000001
10175,OA-VUMa6,1072.2
286259,OA-ASM1,1073.2
10652,OA-AL2i4,1073.7
12896,OA-VUMa5,1074.1000000000001
10110,OA-VUMa1,1074.2
10322,OA-AL2i2,1074.2
10799,OA-VUMa4,1074.8
11602,OA-ASM1,1074.8999999999999
10555,OA-VUMa3,1075.0
12688,OA-ASM1,1075.8
10687,OA-AL2i3,1076.1000000000001
10204,OA-AL2i2,1077.2
11005,OA-VUMa4,1077.5
53065,Mi1,1077.9
287884,OA-VPM3,1078.0
10041,OA-VUMa1,1078.7
10080,OA-VUMa3,1079.1
10265,OA-AL2i2,1079.1
10120,OA-VPM4,1079.2
10072,OA-AL2i1,1079.3000000000002
11264,OA-ASM1,1079.4
10658,OA-AL2i3,1079.6000000000001
11608,OA-VUMa2,1079.6000000000001
10011,OA-AL2i1,1079.9
11921,OA-VPM4,1081.1
10269,OA-AL2i2,1081.5
12109,OA-VUMa2,1081.7
10226,OA-AL2i3,1082.4
10185,OA-VUMa8,1083.0
10677,OA-AL2i4,1083.2
10187,OA-VPM3,1083.5
10168,OA-VUMa6,1083.9
10825,OA-AL2i3,1084.1000000000001
10175,OA-VUMa6,1084.5
10110,OA-VUMa1,1085.0
12896,OA-VUMa5,1085.7
10652,OA-AL2i4,1086.6
10322,OA-AL2i2,1086.7
286259,OA-ASM1,1086.8999999999999
11602,OA-ASM1,1087.6000000000001
10687,OA-AL2i3,1088.2
10555,OA-VUMa3,1088.3
12688,OA-ASM1,1088.3
10799,OA-VUMa4,1088.8
10041,OA-VUMa1,1089.7
11005,OA-VUMa4,1089.7
10204,OA-AL2i2,1089.8000000000002
10120,OA-VPM4,1090.0
10658,OA-AL2i3,1090.4
11608,OA-VUMa2,1090.8999999999999
10072,OA-AL2i1,1091.5000000000002
287884,OA-VPM3,1091.7
53065,Mi1,1091.8000000000002
10265,OA-AL2i2,1092.0
10011,OA-AL2i1,1092.1000000000001
10080,OA-VUMa3,1092.2
11264,OA-ASM1,1092.4
12109,OA-VUMa2,1093.6000000000001
10226,OA-AL2i3,1093.7
10269,OA-AL2i2,1094.1000000000001
10185,OA-VUMa8,1094.8
10825,OA-AL2i3,1096.1000000000001
10168,OA-VUMa6,1096.3
10677,OA-AL2i4,1096.4
11921,OA-VPM4,1096.6
10110,OA-VUMa1,1096.8
10175,OA-VUMa6,1097.0
12896,OA-VUMa5,1097.0
10187,OA-VPM3,1097.1999999999998
10322,OA-AL2i2,1098.2
286259,OA-ASM1,1099.4
10652,OA-AL2i4,1099.8000000000002
10687,OA-AL2i3,1100.0
11602,OA-ASM1,1100.3
10041,OA-VUMa1,1100.4
10658,OA-AL2i3,1101.0
11005,OA-VUMa4,1101.2
10555,OA-VUMa3,1101.4
11608,OA-VUMa2,1101.5000000000002
12688,OA-ASM1,1101.8000000000002
10799,OA-VUMa4,1102.1000000000001
10120,OA-VPM4,1102.6
10072,OA-AL2i1,1103.4
10011,OA-AL2i1,1104.1000000000001
10265,OA-AL2i2,1104.2
287884,OA-VPM3,1104.4
10204,OA-AL2i2,1104.6
10080,OA-VUMa3,1104.8999999999999
12109,OA-VUMa2,1105.0
10226,OA-AL2i3,1105.2
11264,OA-ASM1,1105.6000000000001
10269,OA-AL2i2,1106.4
53065,Mi1,1106.8
10185,OA-VUMa8,1106.8999999999999
12896,OA-VUMa5,1108.3
10110,OA-VUMa1,1108.4
10825,OA-AL2i3,1108.7
10168,OA-VUMa6,1109.0
10175,OA-VUMa6,1109.3
10322,OA-AL2i2,1109.8000000000002
10677,OA-AL2i4,1110.7
10041,OA-VUMa1,1111.0
10187,OA-VPM3,1111.0
10687,OA-AL2i3,1111.2
11921,OA-VPM4,1111.2
11602,OA-ASM1,1112.1000000000001
10658,OA-AL2i3,1112.8
10652,OA-AL2i4,1113.2
11005,OA-VUMa4,1113.2
11608,OA-VUMa2,1113.2
10072,OA-AL2i1,1113.7
10555,OA-VUMa3,1114.5
286259,OA-ASM1,1114.6
10120,OA-VPM4,1114.7
10011,OA-AL2i1,1115.2
12688,OA-ASM1,1115.3999999999999
10799,OA-VUMa4,1115.9
12109,OA-VUMa2,1116.0
10226,OA-AL2i3,1116.6
10265,OA-AL2i2,1116.8
10269,OA-AL2i2,1117.8000000000002
11264,OA-ASM1,1117.8000000000002
287884,OA-VPM3,1117.9
10080,OA-VUMa3,1118.0
10204,OA-AL2i2,1119.1
10185,OA-VUMa8,1119.6000000000001
12896,OA-VUMa5,1119.9
10110,OA-VUMa1,1120.3
10825,OA-AL2i3,1120.4
53065,Mi1,1120.9
10175,OA-VUMa6,1121.3
10168,OA-VUMa6,1121.9
10041,OA-VUMa1,1122.3
10322,OA-AL2i2,1122.9
10677,OA-AL2i4,1123.1
10687,OA-AL2i3,1123.2
10187,OA-VPM3,1123.5
11602,OA-ASM1,1123.9
11005,OA-VUMa4,1124.3
10658,OA-AL2i3,1124.4
10072,OA-AL2i1,1124.9
10652,OA-AL2i4,1125.3
11921,OA-VPM4,1125.3
11608,OA-VUMa2,1125.6000000000001
10011,OA-AL2i1,1126.5
10555,OA-VUMa3,1126.5
10120,OA-VPM4,1127.0
12109,OA-VUMa2,1127.3
12688,OA-ASM1,1127.9
10226,OA-AL2i3,1128.1000000000001
286259,OA-ASM1,1128.6000000000001
10799,OA-VUMa4,1128.8
10265,OA-AL2i2,1129.2
10269,OA-AL2i2,1130.0
11264,OA-ASM1,1130.2
10080,OA-VUMa3,1130.3
12896,OA-VUMa5,1130.9
287884,OA-VPM3,1131.1
10204,OA-AL2i2,1132.3
10041,OA-VUMa1,1132.4
10185,OA-VUMa8,1132.4
10110,OA-VUMa1,1132.8
10175,OA-VUMa6,1133.0
10825,OA-AL2i3,1133.6000000000001
10168,OA-VUMa6,1133.8000000000002
10322,OA-AL2i2,1134.3
10687,OA-AL2i3,1135.2
10187,OA-VPM3,1135.3
11005,OA-VUMa4,1135.8000000000002
53065,Mi1,1135.8000000000002
10658,OA-AL2i3,1136.1000000000001
10677,OA-AL2i4,1136.6000000000001
11602,OA-ASM1,1136.8
11608,OA-VUMa2,1137.2
10011,OA-AL2i1,1137.3999999999999
10072,OA-AL2i1,1137.3999999999999
10652,OA-AL2i4,1137.6
10120,OA-VPM4,1138.4
10555,OA-VUMa3,1138.5
12109,OA-VUMa2,1139.1
10226,OA-AL2i3,1139.3
11921,OA-VPM4,1140.2
10799,OA-VUMa4,1141.1
12688,OA-ASM1,1141.3
10265,OA-AL2i2,1141.5
12896,OA-VUMa5,1142.0
286259,OA-ASM1,1142.5
10269,OA-AL2i2,1142.7
11264,OA-ASM1,1142.8
10041,OA-VUMa1,1142.9
10080,OA-VUMa3,1142.9
287884,OA-VPM3,1143.7
10168,OA-VUMa6,1144.7
10185,OA-VUMa8,1144.7
10175,OA-VUMa6,1145.2
10204,OA-AL2i2,1145.3999999999999
10110,OA-VUMa1,1145.6
10825,OA-AL2i3,1145.8000000000002
10322,OA-AL2i2,1145.9
10658,OA-AL2i3,1147.3999999999999
11005,OA-VUMa4,1147.6
10187,OA-VPM3,1148.0
10687,OA-AL2i3,1148.5
11608,OA-VUMa2,1149.1
10072,OA-AL2i1,1149.8000000000002
11602,OA-ASM1,1149.8000000000002
10011,OA-AL2i1,1150.0
10677,OA-AL2i4,1150.0
10652,OA-AL2i4,1150.3000000000002
10555,OA-VUMa3,1150.7
53065,Mi1,1150.7
10226,OA-AL2i3,1151.1
10120,OA-VPM4,1151.3999999999999
12109,OA-VUMa2,1152.1000000000001
10265,OA-AL2i2,1152.9
11921,OA-VPM4,1153.8000000000002
12896,OA-VUMa5,1154.2
10799,OA-VUMa4,1154.2
12688,OA-ASM1,1154.3000000000002
10041,OA-VUMa1,1154.4
10269,OA-AL2i2,1155.0
10080,OA-VUMa3,1155.3999999999999
287884,OA-VPM3,1155.6
11264,OA-ASM1,1155.8000000000002
10175,OA-VUMa6,1156.0000000000002
286259,OA-ASM1,1156.0000000000002
10168,OA-VUMa6,1156.4
10185,OA-VUMa8,1157.3999999999999
10322,OA-AL2i2,1157.6
10110,OA-VUMa1,1157.6999999999998
10825,OA-AL2i3,1157.8000000000002
10204,OA-AL2i2,1158.2
11005,OA-VUMa4,1159.1
10658,OA-AL2i3,1159.6999999999998
11608,OA-VUMa2,1159.6999999999998
10072,OA-AL2i1,1160.1000000000001
10687,OA-AL2i3,1160.2
10187,OA-VPM3,1160.8
10011,OA-AL2i1,1161.3999999999999
10677,OA-AL2i4,1161.9
10226,OA-AL2i3,1162.8
10555,OA-VUMa3,1162.8
11602,OA-ASM1,1163.0
12109,OA-VUMa2,1163.3999999999999
10120,OA-VPM4,1163.3999999999999
10652,OA-AL2i4,1163.9
10265,OA-AL2i2,1164.2
10041,OA-VUMa1,1165.5
12896,OA-VUMa5,1165.5
53065,Mi1,1165.5
12688,OA-ASM1,1166.7
10269,OA-AL2i2,1167.3
10799,OA-VUMa4,1167.3999999999999
10168,OA-VUMa6,1167.3999999999999
10175,OA-VUMa6,1167.7
11921,OA-VPM4,1168.2
11264,OA-ASM1,1168.4
10110,OA-VUMa1,1168.9
10185,OA-VUMa8,1169.1
10080,OA-VUMa3,1169.3999999999999
10825,OA-AL2i3,1169.9
287884,OA-VPM3,1169.9
10322,OA-AL2i2,1170.1000000000001
10204,OA-AL2i2,1170.9
11005,OA-VUMa4,1170.9
286259,OA-ASM1,1170.9
11608,OA-VUMa2,1171.0
10658,OA-AL2i3,1171.8
10687,OA-AL2i3,1172.4
10072,OA-AL2i1,1172.6000000000001
10187,OA-VPM3,1173.2
10011,OA-AL2i1,1173.2
12109,OA-VUMa2,1174.1000000000001
10226,OA-AL2i3,1174.5
10677,OA-AL2i4,1174.8
11602,OA-ASM1,1175.2
10120,OA-VPM4,1175.3
10555,OA-VUMa3,1175.3999999999999
10041,OA-VUMa1,1175.8
10652,OA-AL2i4,1176.6000000000001
10265,OA-AL2i2,1176.8
12896,OA-VUMa5,1176.8
10269,OA-AL2i2,1178.6000000000001
12688,OA-ASM1,1179.2
10168,OA-VUMa6,1179.6
10175,OA-VUMa6,1179.7
10799,OA-VUMa4,1179.8
10110,OA-VUMa1,1179.8
11264,OA-ASM1,1180.2
53065,Mi1,1180.7
10185,OA-VUMa8,1181.1
11921,OA-VPM4,1181.4
10322,OA-AL2i2,1181.6
11005,OA-VUMa4,1181.8
10825,OA-AL2i3,1182.1000000000001
10080,OA-VUMa3,1182.6000000000001
11608,OA-VUMa2,1182.7
10658,OA-AL2i3,1183.4
286259,OA-ASM1,1183.4
10204,OA-AL2i2,1183.6
287884,OA-VPM3,1183.7
10072,OA-AL2i1,1184.4
10011,OA-AL2i1,1185.1
10687,OA-AL2i3,1185.4
10226,OA-AL2i3,1185.6
12109,OA-VUMa2,1185.8999999999999
10187,OA-VPM3,1186.1000000000001
10120,OA-VPM4,1186.7
10041,OA-VUMa1,1186.8
10677,OA-AL2i4,1187.8
11602,OA-ASM1,1187.8
12896,OA-VUMa5,1188.0000000000002
10555,OA-VUMa3,1188.4
10652,OA-AL2i4,1189.7
10265,OA-AL2i2,1190.2
10175,OA-VUMa6,1190.3000000000002
10269,OA-AL2i2,1190.3000000000002
10168,OA-VUMa6,1190.6000000000001
10110,OA-VUMa1,1191.0
12688,OA-ASM1,1191.3
10799,OA-VUMa4,1192.8
11264,OA-ASM1,1193.2
10185,OA-VUMa8,1193.5
10825,OA-AL2i3,1193.6
11005,OA-VUMa4,1194.1000000000001
10072,OA-AL2i1,1194.7
11608,OA-VUMa2,1194.9
10322,OA-AL2i2,1195.1000000000001
10080,OA-VUMa3,1195.6
10658,OA-AL2i3,1195.7
10011,OA-AL2i1,1196.1000000000001
287884,OA-VPM3,1196.3000000000002
53065,Mi1,1196.6000000000001
10204,OA-AL2i2,1196.7
286259,OA-ASM1,1196.7
10226,OA-AL2i3,1197.0
10041,OA-VUMa1,1197.2
11921,OA-VPM4,1197.2
12109,OA-VUMa2,1197.5
10687,OA-AL2i3,1198.1000000000001
10187,OA-VPM3,1199.4
11602,OA-ASM1,1199.4
12896,OA-VUMa5,1199.5
10677,OA-AL2i4,1200.1000000000001
10120,OA-VPM4,1200.5
10175,OA-VUMa6,1201.6
10555,OA-VUMa3,1201.8
10269,OA-AL2i2,1201.8999999999999
10168,OA-VUMa6,1202.1000000000001
10110,OA-VUMa1,1202.8
10265,OA-AL2i2,1202.8
10652,OA-AL2i4,1203.2
12688,OA-ASM1,1204.1
10799,OA-VUMa4,1204.6000000000001
10185,OA-VUMa8,1205.2
11264,OA-ASM1,1205.6
10825,OA-AL2i3,1206.1
11608,OA-VUMa2,1206.6000000000001
10072,OA-AL2i1,1206.9
11005,OA-VUMa4,1207.3
10011,OA-AL2i1,1207.4
10041,OA-VUMa1,1208.1
10322,OA-AL2i2,1208.1
10658,OA-AL2i3,1208.4
10080,OA-VUMa3,1208.9
287884,OA-VPM3,1209.0
12109,OA-VUMa2,1209.2
286259,OA-ASM1,1209.7
10204,OA-AL2i2,1210.2
10226,OA-AL2i3,1210.4
10687,OA-AL2i3,1210.5
53065,Mi1,1211.1000000000001
12896,OA-VUMa5,1211.2
11921,OA-VPM4,1211.5
11602,OA-ASM1,1211.8
10677,OA-AL2i4,1212.6000000000001
10168,OA-VUMa6,1213.0
10187,OA-VPM3,1213.3
10175,OA-VUMa6,1213.8999999999999
10269,OA-AL2i2,1214.3000000000002
10110,OA-VUMa1,1214.4
10120,OA-VPM4,1214.4
10265,OA-AL2i2,1214.9
10555,OA-VUMa3,1215.3
10652,OA-AL2i4,1216.0
12688,OA-ASM1,1216.1999999999998
10799,OA-VUMa4,1216.8000000000002
10185,OA-VUMa8,1217.3
11264,OA-ASM1,1217.8
10072,OA-AL2i1,1217.8
10825,OA-AL2i3,1218.0
11608,OA-VUMa2,1218.0
10041,OA-VUMa1,1218.9
11005,OA-VUMa4,1219.3
10011,OA-AL2i1,1219.4
10658,OA-AL2i3,1219.8999999999999
12109,OA-VUMa2,1221.2
10322,OA-AL2i2,1221.2
10080,OA-VUMa3,1222.0
10687,OA-AL2i3,1222.0
10226,OA-AL2i3,1222.4
12896,OA-VUMa5,1222.5000000000002
287884,OA-VPM3,1222.5000000000002
286259,OA-ASM1,1223.2
10204,OA-AL2i2,1223.5
53065,Mi1,1224.1999999999998
10677,OA-AL2i4,1225.0
10110,OA-VUMa1,1225.0
11602,OA-ASM1,1225.1000000000001
11921,OA-VPM4,1225.1000000000001
10175,OA-VUMa6,1225.2
10168,OA-VUMa6,1225.8999999999999
10187,OA-VPM3,1226.3000000000002
10265,OA-AL2i2,1226.7
10269,OA-AL2i2,1226.9
10120,OA-VPM4,1227.3
10072,OA-AL2i1,1227.8999999999999
10555,OA-VUMa3,1228.5000000000002
10799,OA-VUMa4,1228.5000000000002
12688,OA-ASM1,1228.6000000000001
11608,OA-VUMa2,1229.3
10185,OA-VUMa8,1229.4
10041,OA-VUMa1,1229.8999999999999
10825,OA-AL2i3,1229.8999999999999
11005,OA-VUMa4,1230.9
10652,OA-AL2i4,1231.1000000000001
11264,OA-ASM1,1231.2
10658,OA-AL2i3,1231.6
10011,OA-AL2i1,1231.8
10322,OA-AL2i2,1232.6000000000001
12109,OA-VUMa2,1232.6000000000001
12896,OA-VUMa5,1234.6000000000001
10080,OA-VUMa3,1234.9
10687,OA-AL2i3,1235.2
10226,OA-AL2i3,1235.3
287884,OA-VPM3,1235.4
10110,OA-VUMa1,1235.6
10204,OA-AL2i2,1235.7
286259,OA-ASM1,1236.4
10175,OA-VUMa6,1236.5000000000002
10072,OA-AL2i1,1237.2
10677,OA-AL2i4,1237.5
10168,OA-VUMa6,1238.0
10269,OA-AL2i2,1238.2
11602,OA-ASM1,1238.2
10187,OA-VPM3,1238.4
10265,OA-AL2i2,1238.7
53065,Mi1,1238.8000000000002
11921,OA-VPM4,1239.8
11608,OA-VUMa2,1240.6000000000001
10185,OA-VUMa8,1241.1000000000001
12688,OA-ASM1,1241.1000000000001
10120,OA-VPM4,1241.3
10799,OA-VUMa4,1241.6
10555,OA-VUMa3,1242.0
10041,OA-VUMa1,1242.5000000000002
10825,OA-AL2i3,1242.9
11005,OA-VUMa4,1243.3
12109,OA-VUMa2,1243.4
10652,OA-AL2i4,1243.6
10011,OA-AL2i1,1244.3999999999999
10322,OA-AL2i2,1244.6000000000001
10658,OA-AL2i3,1244.7
11264,OA-ASM1,1245.3
10110,OA-VUMa1,1246.2
12896,OA-VUMa5,1246.3
10072,OA-AL2i1,1246.5000000000002
10080,OA-VUMa3,1246.9
10226,OA-AL2i3,1247.4
10687,OA-AL2i3,1247.6
287884,OA-VPM3,1248.3999999999999
10175,OA-VUMa6,1248.9
286259,OA-ASM1,1249.0
10204,OA-AL2i2,1249.4
10168,OA-VUMa6,1250.0
10269,OA-AL2i2,1250.3
10677,OA-AL2i4,1250.3999999999999
10187,OA-VPM3,1251.0
10265,OA-AL2i2,1251.2
11608,OA-VUMa2,1251.3
11602,OA-ASM1,1251.5
11921,OA-VPM4,1253.0
10120,OA-VPM4,1253.4
53065,Mi1,1253.4
12688,OA-ASM1,1253.9
10041,OA-VUMa1,1253.9
10185,OA-VUMa8,1254.2
10799,OA-VUMa4,1255.2
11005,OA-VUMa4,1255.3
10825,OA-AL2i3,1255.6000000000001
10652,OA-AL2i4,1255.7
10555,OA-VUMa3,1255.8
10658,OA-AL2i3,1256.0
12109,OA-VUMa2,1256.2
10110,OA-VUMa1,1257.0
10011,OA-AL2i1,1257.3
10072,OA-AL2i1,1257.4
11264,OA-ASM1,1257.4
12896,OA-VUMa5,1257.5
10322,OA-AL2i2,1257.7
10226,OA-AL2i3,1259.0
10080,OA-VUMa3,1259.4
10175,OA-VUMa6,1259.5
10687,OA-AL2i3,1260.0
287884,OA-VPM3,1260.3999999999999
286259,OA-ASM1,1261.5
10204,OA-AL2i2,1262.0
10168,OA-VUMa6,1262.2
11608,OA-VUMa2,1262.5
10269,OA-AL2i2,1262.7
10187,OA-VPM3,1262.8000000000002
10677,OA-AL2i4,1264.1
10265,OA-AL2i2,1264.2
11602,OA-ASM1,1264.3
10041,OA-VUMa1,1265.0
10120,OA-VPM4,1265.0
11921,OA-VPM4,1265.5
12688,OA-ASM1,1265.5
10185,OA-VUMa8,1266.2
10072,OA-AL2i1,1267.1000000000001
11005,OA-VUMa4,1267.3
10110,OA-VUMa1,1267.4
12109,OA-VUMa2,1267.7
10652,OA-AL2i4,1268.3999999999999
10658,OA-AL2i3,1268.3999999999999
53065,Mi1,1268.3999999999999
10825,OA-AL2i3,1269.1000000000001
10011,OA-AL2i1,1269.3000000000002
11264,OA-ASM1,1269.5
10555,OA-VUMa3,1269.6000000000001
10799,OA-VUMa4,1269.6000000000001
12896,OA-VUMa5,1269.8
10322,OA-AL2i2,1270.3
10226,OA-AL2i3,1270.6
10175,OA-VUMa6,1271.1000000000001
10080,OA-VUMa3,1271.8
10687,OA-AL2i3,1271.8
10168,OA-VUMa6,1273.6000000000001
11608,OA-VUMa2,1273.8
287884,OA-VPM3,1274.2
10204,OA-AL2i2,1274.6
10269,OA-AL2i2,1275.1000000000001
10041,OA-VUMa1,1275.5
10677,OA-AL2i4,1275.7
10187,OA-VPM3,1275.8
286259,OA-ASM1,1276.5
10120,OA-VPM4,1276.8000000000002
10265,OA-AL2i2,1277.0
11602,OA-ASM1,1277.0
12688,OA-ASM1,1277.5
10110,OA-VUMa1,1278.8000000000002
10072,OA-AL2i1,1279.1000000000001
11005,OA-VUMa4,1279.3000000000002
10658,OA-AL2i3,1279.6000000000001
12109,OA-VUMa2,1279.7
10185,OA-VUMa8,1279.9
11921,OA-VPM4,1279.9
12896,OA-VUMa5,1280.3999999999999
10011,OA-AL2i1,1281.1000000000001
10322,OA-AL2i2,1281.9
10652,OA-AL2i4,1282.0
10555,OA-VUMa3,1282.1
10799,OA-VUMa4,1282.3999999999999
10825,OA-AL2i3,1282.5
10175,OA-VUMa6,1282.6
10226,OA-AL2i3,1282.6999999999998
11264,OA-ASM1,1282.9
53065,Mi1,1283.0
10687,OA-AL2i3,1284.3
11608,OA-VUMa2,1284.9
10080,OA-VUMa3,1285.2
10168,OA-VUMa6,1285.3000000000002
10041,OA-VUMa1,1286.6
10269,OA-AL2i2,1286.6999999999998
10204,OA-AL2i2,1288.0
287884,OA-VPM3,1288.2
10187,OA-VPM3,1288.3999999999999
10265,OA-AL2i2,1288.6999999999998
10677,OA-AL2i4,1288.6999999999998
12688,OA-ASM1,1289.2
10110,OA-VUMa1,1289.4
11602,OA-ASM1,1289.4
286259,OA-ASM1,1289.9
10120,OA-VPM4,1290.1
12109,OA-VUMa2,1291.3000000000002
11005,OA-VUMa4,1291.5
10185,OA-VUMa8,1292.2
10658,OA-AL2i3,1292.2
11921,OA-VPM4,1292.3999999999999
10072,OA-AL2i1,1292.5
12896,OA-VUMa5,1293.3000000000002
10011,OA-AL2i1,1293.5
10322,OA-AL2i2,1294.1
10652,OA-AL2i4,1294.2
10175,OA-VUMa6,1294.6
10226,OA-AL2i3,1295.0000000000002
10825,OA-AL2i3,1295.7
10555,OA-VUMa3,1295.8
11264,OA-ASM1,1295.8
10799,OA-VUMa4,1295.9
11608,OA-VUMa2,1296.7
10168,OA-VUMa6,1296.8
10080,OA-VUMa3,1297.4
10687,OA-AL2i3,1297.6000000000001
10041,OA-VUMa1,1298.0
53065,Mi1,1298.7
10269,OA-AL2i2,1299.4
10110,OA-VUMa1,1300.3
287884,OA-VPM3,1300.8
10187,OA-VPM3,1301.3000000000002
10204,OA-AL2i2,1301.4
10265,OA-AL2i2,1301.9
11602,OA-ASM1,1302.0
10677,OA-AL2i4,1302.1
12688,OA-ASM1,1302.5
12109,OA-VUMa2,1302.7
11005,OA-VUMa4,1302.9
10120,OA-VPM4,1303.1000000000001
10185,OA-VUMa8,1303.6000000000001
286259,OA-ASM1,1304.0
10011,OA-AL2i1,1304.3999999999999
10072,OA-AL2i1,1304.3999999999999
12896,OA-VUMa5,1304.5
10658,OA-AL2i3,1305.1000000000001
10322,OA-AL2i2,1305.6000000000001
10175,OA-VUMa6,1305.8
11921,OA-VPM4,1306.8
10226,OA-AL2i3,1307.2
10825,OA-AL2i3,1307.2
10168,OA-VUMa6,1307.3000000000002
10652,OA-AL2i4,1307.4
10799,OA-VUMa4,1307.8
10555,OA-VUMa3,1308.1
11608,OA-VUMa2,1308.2
10041,OA-VUMa1,1308.3
11264,OA-ASM1,1309.1000000000001
10687,OA-AL2i3,1309.8
10080,OA-VUMa3,1310.1
10110,OA-VUMa1,1311.1000000000001
10269,OA-AL2i2,1311.6000000000001
53065,Mi1,1312.5
12109,OA-VUMa2,1314.0
10204,OA-AL2i2,1314.2
10187,OA-VPM3,1314.4
10265,OA-AL2i2,1314.5
11005,OA-VUMa4,1314.6
287884,OA-VPM3,1314.6
11602,OA-ASM1,1314.7
10677,OA-AL2i4,1315.1000000000001
10185,OA-VUMa8,1315.1000000000001
12688,OA-ASM1,1315.6000000000001
12896,OA-VUMa5,1315.6000000000001
10120,OA-VPM4,1316.2
10072,OA-AL2i1,1316.7
10322,OA-AL2i2,1317.0000000000002
10011,OA-AL2i1,1317.1000000000001
10175,OA-VUMa6,1317.3000000000002
10658,OA-AL2i3,1317.4
286259,OA-ASM1,1317.6000000000001
10041,OA-VUMa1,1318.6
10168,OA-VUMa6,1318.6
10226,OA-AL2i3,1319.6000000000001
10652,OA-AL2i4,1319.8
11608,OA-VUMa2,1319.8
10825,OA-AL2i3,1319.9
11921,OA-VPM4,1320.1000000000001
10555,OA-VUMa3,1320.8999999999999
10687,OA-AL2i3,1321.2
10110,OA-VUMa1,1321.8
10799,OA-VUMa4,1322.0
11264,OA-ASM1,1322.3
10080,OA-VUMa3,1323.3000000000002
10269,OA-AL2i2,1324.3
11005,OA-VUMa4,1326.4
53065,Mi1,1326.5
10265,OA-AL2i2,1326.8
12109,OA-VUMa2,1326.8999999999999
10072,OA-AL2i1,1327.2
12688,OA-ASM1,1327.2
10185,OA-VUMa8,1327.3000000000002
10187,OA-VPM3,1327.3000000000002
11602,OA-ASM1,1327.4
287884,OA-VPM3,1327.8
12896,OA-VUMa5,1328.1000000000001
10204,OA-AL2i2,1328.2
10677,OA-AL2i4,1328.2
10011,OA-AL2i1,1328.7
10322,OA-AL2i2,1328.8999999999999
10175,OA-VUMa6,1329.2
10658,OA-AL2i3,1329.2
10120,OA-VPM4,1330.0
10041,OA-VUMa1,1330.1000000000001
10168,OA-VUMa6,1330.4
10226,OA-AL2i3,1331.3000000000002
286259,OA-ASM1,1331.4
11608,OA-VUMa2,1331.5
10825,OA-AL2i3,1332.6
10687,OA-AL2i3,1332.8
10110,OA-VUMa1,1332.8999999999999
10652,OA-AL2i4,1333.2
10555,OA-VUMa3,1333.7
11921,OA-VPM4,1334.0
11264,OA-ASM1,1335.6000000000001
10080,OA-VUMa3,1336.0
10799,OA-VUMa4,1336.0
10269,OA-AL2i2,1336.1000000000001
11005,OA-VUMa4,1338.1000000000001
10265,OA-AL2i2,1339.1
12109,OA-VUMa2,1339.4
10072,OA-AL2i1,1339.6000000000001
12688,OA-ASM1,1339.8000000000002
10185,OA-VUMa8,1339.9
10175,OA-VUMa6,1340.2
10041,OA-VUMa1,1340.4
10187,OA-VPM3,1340.4
11602,OA-ASM1,1340.4
10011,OA-AL2i1,1340.6
12896,OA-VUMa5,1340.8999999999999
10677,OA-AL2i4,1340.8999999999999
10204,OA-AL2i2,1341.5
10322,OA-AL2i2,1341.5
53065,Mi1,1341.5
10120,OA-VPM4,1341.9
10658,OA-AL2i3,1342.0
287884,OA-VPM3,1342.4
10226,OA-AL2i3,1342.5
10168,OA-VUMa6,1342.8999999999999
11608,OA-VUMa2,1343.4
10110,OA-VUMa1,1343.8000000000002
10687,OA-AL2i3,1344.5
10825,OA-AL2i3,1345.7
10652,OA-AL2i4,1346.0
286259,OA-ASM1,1346.0
10555,OA-VUMa3,1347.1
11921,OA-VPM4,1347.3000000000002
11264,OA-ASM1,1348.2
10269,OA-AL2i2,1348.4
10799,OA-VUMa4,1349.3000000000002
10080,OA-VUMa3,1349.6000000000001
11005,OA-VUMa4,1349.9
10011,OA-AL2i1,1351.0
12109,OA-VUMa2,1351.3000000000002
10041,OA-VUMa1,1351.4
10072,OA-AL2i1,1351.8000000000002
10265,OA-AL2i2,1352.2
10185,OA-VUMa8,1352.5
10175,OA-VUMa6,1352.7
10187,OA-VPM3,1353.0
12688,OA-ASM1,1353.0
10658,OA-AL2i3,1353.5000000000002
11602,OA-ASM1,1353.6000000000001
10204,OA-AL2i2,1353.9
12896,OA-VUMa5,1354.1000000000001
10677,OA-AL2i4,1354.1000000000001
10168,OA-VUMa6,1354.2
10120,OA-VPM4,1354.3
10322,OA-AL2i2,1354.4
11608,OA-VUMa2,1355.1
10226,OA-AL2i3,1355.3000000000002
10110,OA-VUMa1,1355.4
287884,OA-VPM3,1355.9
53065,Mi1,1356.6
10687,OA-AL2i3,1356.7
10652,OA-AL2i4,1358.2
10825,OA-AL2i3,1358.6
286259,OA-ASM1,1358.8999999999999
10269,OA-AL2i2,1359.9
10555,OA-VUMa3,1360.2
10041,OA-VUMa1,1360.8
10072,OA-AL2i1,1360.8
11005,OA-VUMa4,1361.7
11264,OA-ASM1,1362.1000000000001
11921,OA-VPM4,1362.1000000000001
10080,OA-VUMa3,1362.4
10799,OA-VUMa4,1362.8999999999999
12109,OA-VUMa2,1363.1
10265,OA-AL2i2,1363.7
10011,OA-AL2i1,1363.8000000000002
10175,OA-VUMa6,1364.6
12688,OA-ASM1,1365.0
10658,OA-AL2i3,1365.1
10185,OA-VUMa8,1365.4
10322,OA-AL2i2,1365.8000000000002
12896,OA-VUMa5,1365.8000000000002
10204,OA-AL2i2,1366.3
10110,OA-VUMa1,1366.4
10187,OA-VPM3,1366.4
10168,OA-VUMa6,1366.5
10677,OA-AL2i4,1366.6
11602,OA-ASM1,1367.0
10120,OA-VPM4,1367.2
11608,OA-VUMa2,1367.4
10226,OA-AL2i3,1368.1000000000001
10687,OA-AL2i3,1368.7
10072,OA-AL2i1,1369.8000000000002
287884,OA-VPM3,1369.8000000000002
10652,OA-AL2i4,1370.7
10825,OA-AL2i3,1371.1
10041,OA-VUMa1,1371.3
286259,OA-ASM1,1372.1000000000001
10269,OA-AL2i2,1372.3
53065,Mi1,1372.3
11005,OA-VUMa4,1373.1
10555,OA-VUMa3,1373.3
12109,OA-VUMa2,1374.3
10011,OA-AL2i1,1375.1
11264,OA-ASM1,1375.1
10175,OA-VUMa6,1375.5000000000002
11921,OA-VPM4,1375.8000000000002
10080,OA-VUMa3,1376.1000000000001
12896,OA-VUMa5,1376.4
10265,OA-AL2i2,1376.6
10658,OA-AL2i3,1376.7
10799,OA-VUMa4,1376.8
10185,OA-VUMa8,1377.3
10110,OA-VUMa1,1378.1000000000001
10322,OA-AL2i2,1378.5
12688,OA-ASM1,1378.6
10187,OA-VPM3,1378.8
10072,OA-AL2i1,1379.0
11608,OA-VUMa2,1379.6000000000001
10204,OA-AL2i2,1379.6000000000001
10226,OA-AL2i3,1379.7
10677,OA-AL2i4,1379.8000000000002
10687,OA-AL2i3,1380.2
11602,OA-ASM1,1380.4
10168,OA-VUMa6,1380.6
10120,OA-VPM4,1380.7
287884,OA-VPM3,1381.8000000000002
10041,OA-VUMa1,1381.9
10269,OA-AL2i2,1383.2
10825,OA-AL2i3,1383.7
10652,OA-AL2i4,1384.0
11005,OA-VUMa4,1384.7
286259,OA-ASM1,1385.1
10555,OA-VUMa3,1385.6000000000001
12109,OA-VUMa2,1385.8000000000002
53065,Mi1,1385.9
10011,OA-AL2i1,1386.2
11264,OA-ASM1,1387.3
10175,OA-VUMa6,1387.7
12896,OA-VUMa5,1387.9
10658,OA-AL2i3,1388.2
10072,OA-AL2i1,1388.5
10080,OA-VUMa3,1389.1
10185,OA-VUMa8,1389.2
11921,OA-VPM4,1390.0
10110,OA-VUMa1,1390.1000000000001
10265,OA-AL2i2,1390.2
10799,OA-VUMa4,1390.2
12688,OA-ASM1,1390.3
10322,OA-AL2i2,1390.6000000000001
10226,OA-AL2i3,1391.3
11608,OA-VUMa2,1391.3
10687,OA-AL2i3,1391.3999999999999
10677,OA-AL2i4,1391.8000000000002
10187,OA-VPM3,1391.8000000000002
10041,OA-VUMa1,1392.1000000000001
10204,OA-AL2i2,1393.0
11602,OA-ASM1,1393.0
10168,OA-VUMa6,1393.1
10120,OA-VPM4,1393.3
10269,OA-AL2i2,1395.3
287884,OA-VPM3,1395.8000000000002
11005,OA-VUMa4,1396.1000000000001
10652,OA-AL2i4,1396.3
10825,OA-AL2i3,1396.6000000000001
10011,OA-AL2i1,1398.0
10072,OA-AL2i1,1398.1000000000001
12109,OA-VUMa2,1398.1000000000001
286259,OA-ASM1,1398.5
10555,OA-VUMa3,1398.8
10175,OA-VUMa6,1399.2
12896,OA-VUMa5,1399.3
11264,OA-ASM1,1399.6000000000001
10658,OA-AL2i3,1400.0
10110,OA-VUMa1,1401.3
53065,Mi1,1401.5
10185,OA-VUMa8,1401.8000000000002
11608,OA-VUMa2,1402.6000000000001
10226,OA-AL2i3,1402.7
10265,OA-AL2i2,1402.9
10041,OA-VUMa1,1403.0
10080,OA-VUMa3,1403.0
10322,OA-AL2i2,1403.0
10799,OA-VUMa4,1403.1
11921,OA-VPM4,1403.3
12688,OA-ASM1,1403.9
10187,OA-VPM3,1404.0
10677,OA-AL2i4,1404.0
10687,OA-AL2i3,1404.2
10168,OA-VUMa6,1404.8
11602,OA-ASM1,1405.7
10120,OA-VPM4,1405.8000000000002
10204,OA-AL2i2,1405.8000000000002
10269,OA-AL2i2,1407.3999999999999
10072,OA-AL2i1,1407.9
11005,OA-VUMa4,1407.9
287884,OA-VPM3,1408.2
12109,OA-VUMa2,1409.2
10652,OA-AL2i4,1409.3
10011,OA-AL2i1,1409.5
10825,OA-AL2i3,1409.7
10110,OA-VUMa1,1410.9
10658,OA-AL2i3,1411.0
10175,OA-VUMa6,1411.3
10555,OA-VUMa3,1411.3999999999999
12896,OA-VUMa5,1411.6
10185,OA-VUMa8,1412.2
11264,OA-ASM1,1413.0
286259,OA-ASM1,1413.5
11608,OA-VUMa2,1414.1000000000001
10226,OA-AL2i3,1414.2
53065,Mi1,1415.1
10080,OA-VUMa3,1415.5
10187,OA-VPM3,1415.6999999999998
10265,OA-AL2i2,1415.6999999999998
10041,OA-VUMa1,1415.8000000000002
10322,OA-AL2i2,1415.8000000000002
10168,OA-VUMa6,1416.4
11921,OA-VPM4,1416.4
10799,OA-VUMa4,1416.5
12688,OA-ASM1,1416.8
10677,OA-AL2i4,1416.9
10687,OA-AL2i3,1417.3999999999999
10120,OA-VPM4,1418.0000000000002
11602,OA-ASM1,1418.3000000000002
10204,OA-AL2i2,1418.7
11005,OA-VUMa4,1419.9
10269,OA-AL2i2,1420.0000000000002
287884,OA-VPM3,1420.3000000000002
10072,OA-AL2i1,1420.4
12109,OA-VUMa2,1420.5
10110,OA-VUMa1,1421.2
10825,OA-AL2i3,1421.8000000000002
10011,OA-AL2i1,1422.0000000000002
10658,OA-AL2i3,1422.1000000000001
10652,OA-AL2i4,1422.4
10175,OA-VUMa6,1422.5
12896,OA-VUMa5,1423.5
10185,OA-VUMa8,1424.0000000000002
10555,OA-VUMa3,1425.3999999999999
10226,OA-AL2i3,1425.6
11608,OA-VUMa2,1425.9
286259,OA-ASM1,1426.3000000000002
10041,OA-VUMa1,1426.9
11264,OA-ASM1,1426.9
10168,OA-VUMa6,1427.3999999999999
10322,OA-AL2i2,1427.3999999999999
10187,OA-VPM3,1427.7
10265,OA-AL2i2,1428.0000000000002
10080,OA-VUMa3,1428.8
12688,OA-ASM1,1429.3
10120,OA-VPM4,1429.7
10687,OA-AL2i3,1429.7
53065,Mi1,1430.0000000000002
10799,OA-VUMa4,1430.1000000000001
10677,OA-AL2i4,1430.3000000000002
11921,OA-VPM4,1430.3000000000002
11602,OA-ASM1,1430.7
11005,OA-VUMa4,1431.1
10110,OA-VUMa1,1431.6
10072,OA-AL2i1,1431.7
10204,OA-AL2i2,1432.0000000000002
10269,OA-AL2i2,1432.1000000000001
12109,OA-VUMa2,1432.3000000000002
287884,OA-VPM3,1432.7
10011,OA-AL2i1,1433.0
10175,OA-VUMa6,1433.2
10658,OA-AL2i3,1433.3
10825,OA-AL2i3,1434.1000000000001
10652,OA-AL2i4,1434.6000000000001
12896,OA-VUMa5,1434.8
10185,OA-VUMa8,1436.3000000000002
10041,OA-VUMa1,1436.7
10226,OA-AL2i3,1436.8
11608,OA-VUMa2,1437.0
10168,OA-VUMa6,1438.5
10322,OA-AL2i2,1438.8
286259,OA-ASM1,1439.0
10555,OA-VUMa3,1439.4
11264,OA-ASM1,1439.6
10265,OA-AL2i2,1439.7
10687,OA-AL2i3,1440.2
10187,OA-VPM3,1440.4
10120,OA-VPM4,1441.3
12688,OA-ASM1,1441.8
10110,OA-VUMa1,1442.3000000000002
10080,OA-VUMa3,1442.5
11005,OA-VUMa4,1442.9
10677,OA-AL2i4,1443.2
11602,OA-ASM1,1443.2
10799,OA-VUMa4,1443.6
11921,OA-VPM4,1443.8
10658,OA-AL2i3,1444.0000000000002
10072,OA-AL2i1,1444.0000000000002
12109,OA-VUMa2,1444.3000000000002
10011,OA-AL2i1,1444.5
10175,OA-VUMa6,1444.8
10204,OA-AL2i2,1444.9
287884,OA-VPM3,1445.0
53065,Mi1,1445.1
10825,OA-AL2i3,1445.6
10269,OA-AL2i2,1445.7
12896,OA-VUMa5,1446.3000000000002
10652,OA-AL2i4,1447.1000000000001
10041,OA-VUMa1,1447.2
10185,OA-VUMa8,1447.8
11608,OA-VUMa2,1448.2
10226,OA-AL2i3,1448.6000000000001
10168,OA-VUMa6,1449.4
10322,OA-AL2i2,1450.4
10265,OA-AL2i2,1452.1000000000001
10555,OA-VUMa3,1452.3000000000002
10187,OA-VPM3,1452.4
10110,OA-VUMa1,1452.5
10687,OA-AL2i3,1452.7
286259,OA-ASM1,1453.3
11264,OA-ASM1,1453.4
10120,OA-VPM4,1453.8
11005,OA-VUMa4,1455.1000000000001
12109,OA-VUMa2,1455.2
10677,OA-AL2i4,1455.2
12688,OA-ASM1,1455.3
10080,OA-VUMa3,1455.7
10799,OA-VUMa4,1455.8999999999999
11602,OA-ASM1,1455.8999999999999
10658,OA-AL2i3,1456.2
10072,OA-AL2i1,1456.4
11921,OA-VPM4,1457.2
10175,OA-VUMa6,1457.2
12896,OA-VUMa5,1457.7
10011,OA-AL2i1,1457.8
10041,OA-VUMa1,1457.8
10269,OA-AL2i2,1458.2
10825,OA-AL2i3,1458.3000000000002
10204,OA-AL2i2,1458.6000000000001
287884,OA-VPM3,1458.6000000000001
10652,OA-AL2i4,1459.3
11608,OA-VUMa2,1459.8999999999999
10226,OA-AL2i3,1460.0
53065,Mi1,1460.3000000000002
10185,OA-VUMa8,1460.4
10168,OA-VUMa6,1460.5
10322,OA-AL2i2,1461.6
10110,OA-VUMa1,1463.4
10187,OA-VPM3,1464.6000000000001
10265,OA-AL2i2,1465.0
10555,OA-VUMa3,1465.2
10687,OA-AL2i3,1465.3
11264,OA-ASM1,1466.4
286259,OA-ASM1,1466.4
10120,OA-VPM4,1466.7
12109,OA-VUMa2,1467.2
10041,OA-VUMa1,1467.8999999999999
10658,OA-AL2i3,1468.0
11005,OA-VUMa4,1468.3000000000002
10677,OA-AL2i4,1468.4
10080,OA-VUMa3,1468.6000000000001
10799,OA-VUMa4,1468.8000000000002
12688,OA-ASM1,1468.8000000000002
10072,OA-AL2i1,1469.1000000000001
10011,OA-AL2i1,1469.2
12896,OA-VUMa5,1469.6
10175,OA-VUMa6,1469.8999999999999
11921,OA-VPM4,1470.4
11602,OA-ASM1,1470.5
10269,OA-AL2i2,1471.0
10825,OA-AL2i3,1471.2
10226,OA-AL2i3,1471.5
10168,OA-VUMa6,1471.6
11608,OA-VUMa2,1471.6
10204,OA-AL2i2,1471.7
287884,OA-VPM3,1472.1
10652,OA-AL2i4,1472.7
10185,OA-VUMa8,1473.0
10110,OA-VUMa1,1474.5
10322,OA-AL2i2,1474.6000000000001
53065,Mi1,1475.2
10187,OA-VPM3,1476.5000000000002
10265,OA-AL2i2,1477.8
10687,OA-AL2i3,1478.3000000000002
10041,OA-VUMa1,1478.5000000000002
11264,OA-ASM1,1478.5000000000002
12109,OA-VUMa2,1478.5000000000002
10120,OA-VPM4,1478.6000000000001
10555,OA-VUMa3,1479.2
10658,OA-AL2i3,1479.7
11005,OA-VUMa4,1479.8
12896,OA-VUMa5,1480.3000000000002
286259,OA-ASM1,1480.4
10080,OA-VUMa3,1481.8999999999999
12688,OA-ASM1,1481.8999999999999
10011,OA-AL2i1,1482.0
10072,OA-AL2i1,1482.1999999999998
10677,OA-AL2i4,1482.5000000000002
11608,OA-VUMa2,1482.5000000000002
10269,OA-AL2i2,1482.8000000000002
10168,OA-VUMa6,1482.8000000000002
10175,OA-VUMa6,1482.9
10799,OA-VUMa4,1482.9
10226,OA-AL2i3,1483.4
10825,OA-AL2i3,1483.6
11921,OA-VPM4,1483.6
11602,OA-ASM1,1483.7
10185,OA-VUMa8,1485.0
10110,OA-VUMa1,1485.5
10204,OA-AL2i2,1485.5
287884,OA-VPM3,1486.0
10322,OA-AL2i2,1486.1
10652,OA-AL2i4,1486.2
10187,OA-VPM3,1488.4
10265,OA-AL2i2,1489.5
12109,OA-VUMa2,1489.6
10041,OA-VUMa1,1489.7
53065,Mi1,1490.3000000000002
10120,OA-VPM4,1490.3000000000002
10687,OA-AL2i3,1490.9
11264,OA-ASM1,1490.9
10658,OA-AL2i3,1491.5
10072,OA-AL2i1,1491.7
12896,OA-VUMa5,1493.1000000000001
11005,OA-VUMa4,1493.2
10555,OA-VUMa3,1493.3
10011,OA-AL2i1,1493.5
11608,OA-VUMa2,1493.7
12688,OA-ASM1,1494.3
286259,OA-ASM1,1494.5000000000002
10080,OA-VUMa3,1494.7
10168,OA-VUMa6,1494.8000000000002
10226,OA-AL2i3,1494.9
10799,OA-VUMa4,1495.7
10175,OA-VUMa6,1495.7
10825,OA-AL2i3,1495.8999999999999
10269,OA-AL2i2,1496.2
10677,OA-AL2i4,1496.4
11921,OA-VPM4,1496.4
10110,OA-VUMa1,1497.0
11602,OA-ASM1,1497.5
10204,OA-AL2i2,1497.6
10185,OA-VUMa8,1498.0
10322,OA-AL2i2,1498.0
10652,OA-AL2i4,1498.6000000000001
287884,OA-VPM3,1499.8
10187,OA-VPM3,1500.2
10072,OA-AL2i1,1500.8000000000002
10041,OA-VUMa1,1500.9
12109,OA-VUMa2,1501.8
10265,OA-AL2i2,1501.9
10120,OA-VPM4,1502.7
11264,OA-ASM1,1503.5
10658,OA-AL2i3,1503.7
10687,OA-AL2i3,1503.9
12896,OA-VUMa5,1504.2
10011,OA-AL2i1,1504.8000000000002
53065,Mi1,1505.2
12688,OA-ASM1,1506.0
11005,OA-VUMa4,1506.2
11608,OA-VUMa2,1506.3
10226,OA-AL2i3,1506.3999999999999
10175,OA-VUMa6,1506.7
10555,OA-VUMa3,1507.1000000000001
10168,OA-VUMa6,1507.2
10080,OA-VUMa3,1508.3999999999999
10269,OA-AL2i2,1508.6000000000001
286259,OA-ASM1,1508.7
10825,OA-AL2i3,1508.8000000000002
10110,OA-VUMa1,1508.8000000000002
10799,OA-VUMa4,1509.0
10204,OA-AL2i2,1509.1000000000001
10677,OA-AL2i4,1509.9
10322,OA-AL2i2,1510.8000000000002
10185,OA-VUMa8,1511.1000000000001
11602,OA-ASM1,1511.1000000000001
10072,OA-AL2i1,1511.4
11921,OA-VPM4,1511.4
10652,OA-AL2i4,1511.5
10041,OA-VUMa1,1511.6000000000001
287884,OA-VPM3,1512.9
12109,OA-VUMa2,1513.6000000000001
10187,OA-VPM3,1514.1
10658,OA-AL2i3,1514.5000000000002
10265,OA-AL2i2,1514.8000000000002
12896,OA-VUMa5,1514.9
10120,OA-VPM4,1515.0
10687,OA-AL2i3,1515.6000000000001
11264,OA-ASM1,1516.0
10011,OA-AL2i1,1516.8000000000002
11608,OA-VUMa2,1517.8
10226,OA-AL2i3,1517.9
11005,OA-VUMa4,1518.0
10175,OA-VUMa6,1518.5000000000002
10168,OA-VUMa6,1518.7
12688,OA-ASM1,1518.9
53065,Mi1,1518.9
10110,OA-VUMa1,1519.8
10269,OA-AL2i2,1520.3999999999999
10555,OA-VUMa3,1520.8000000000002
10825,OA-AL2i3,1521.1000000000001
10072,OA-AL2i1,1521.2
10799,OA-VUMa4,1522.5
10677,OA-AL2i4,1522.6000000000001
10185,OA-VUMa8,1522.6000000000001
10041,OA-VUMa1,1522.6000000000001
10080,OA-VUMa3,1522.8000000000002
10204,OA-AL2i2,1522.8000000000002
286259,OA-ASM1,1523.0
11602,OA-ASM1,1523.3
10322,OA-AL2i2,1523.5
10652,OA-AL2i4,1523.7
11921,OA-VPM4,1525.4
12109,OA-VUMa2,1525.7
10658,OA-AL2i3,1526.2
287884,OA-VPM3,1526.3
10187,OA-VPM3,1527.5
12896,OA-VUMa5,1527.5
10687,OA-AL2i3,1527.7
10011,OA-AL2i1,1527.8
10265,OA-AL2i2,1528.1
10120,OA-VPM4,1528.3
11264,OA-ASM1,1529.0
10226,OA-AL2i3,1529.6000000000001
11005,OA-VUMa4,1529.6000000000001
11608,OA-VUMa2,1529.6000000000001
10175,OA-VUMa6,1530.1
10110,OA-VUMa1,1530.2
10168,OA-VUMa6,1530.8000000000002
10072,OA-AL2i1,1531.1000000000001
10269,OA-AL2i2,1532.6000000000001
12688,OA-ASM1,1532.6000000000001
10825,OA-AL2i3,1533.3000000000002
53065,Mi1,1533.7
10555,OA-VUMa3,1534.3
10041,OA-VUMa1,1534.5
10185,OA-VUMa8,1534.8000000000002
10322,OA-AL2i2,1535.0
10799,OA-VUMa4,1535.3000000000002
10652,OA-AL2i4,1535.6000000000001
10080,OA-VUMa3,1535.8
10677,OA-AL2i4,1535.8
11602,OA-ASM1,1535.8
286259,OA-ASM1,1536.7
10204,OA-AL2i2,1537.1000000000001
12109,OA-VUMa2,1537.6000000000001
10658,OA-AL2i3,1538.1
11921,OA-VPM4,1538.9
10687,OA-AL2i3,1539.3000000000002
12896,OA-VUMa5,1539.8
287884,OA-VPM3,1540.3
10011,OA-AL2i1,1540.3999999999999
10265,OA-AL2i2,1540.7
10226,OA-AL2i3,1541.1000000000001
11005,OA-VUMa4,1541.3000000000002
11608,OA-VUMa2,1541.3000000000002
10187,OA-VPM3,1541.4
10110,OA-VUMa1,1541.4
10120,OA-VPM4,1541.4
11264,OA-ASM1,1541.9
10072,OA-AL2i1,1542.8000000000002
10168,OA-VUMa6,1543.0000000000002
10175,OA-VUMa6,1543.1000000000001
12688,OA-ASM1,1544.8000000000002
10825,OA-AL2i3,1545.2
10041,OA-VUMa1,1545.7
10185,OA-VUMa8,1546.1
10269,OA-AL2i2,1546.1
10322,OA-AL2i2,1547.4
10555,OA-VUMa3,1547.9
10677,OA-AL2i4,1547.9
53065,Mi1,1548.0
10652,OA-AL2i4,1548.2
10799,OA-VUMa4,1548.8000000000002
11602,OA-ASM1,1549.4
10080,OA-VUMa3,1549.6000000000001
12109,OA-VUMa2,1549.8
10658,OA-AL2i3,1550.0
286259,OA-ASM1,1550.5
10687,OA-AL2i3,1550.6
10204,OA-AL2i2,1551.1000000000001
12896,OA-VUMa5,1551.2
10011,OA-AL2i1,1552.1
10110,OA-VUMa1,1552.3
11921,OA-VPM4,1553.2
10226,OA-AL2i3,1553.3000000000002
10265,OA-AL2i2,1553.3000000000002
11005,OA-VUMa4,1553.4
287884,OA-VPM3,1553.7
11608,OA-VUMa2,1554.2
10120,OA-VPM4,1554.5
11264,OA-ASM1,1554.6
10072,OA-AL2i1,1554.7
10168,OA-VUMa6,1554.8000000000002
10175,OA-VUMa6,1555.9
10187,OA-VPM3,1556.0
10041,OA-VUMa1,1556.2
10825,OA-AL2i3,1556.5
10269,OA-AL2i2,1558.2
12688,OA-ASM1,1558.5
10322,OA-AL2i2,1559.3000000000002
10185,OA-VUMa8,1559.5
10652,OA-AL2i4,1559.8
12109,OA-VUMa2,1560.7
10677,OA-AL2i4,1561.2
10799,OA-VUMa4,1561.6000000000001
10658,OA-AL2i3,1561.9
10080,OA-VUMa3,1562.4
10687,OA-AL2i3,1562.8
10555,OA-VUMa3,1562.9
11602,OA-ASM1,1563.3000000000002
10110,OA-VUMa1,1563.4
286259,OA-ASM1,1563.4
10011,OA-AL2i1,1563.7
12896,OA-VUMa5,1563.8
10204,OA-AL2i2,1564.2
53065,Mi1,1564.2
10226,OA-AL2i3,1565.0000000000002
11005,OA-VUMa4,1565.4
10265,OA-AL2i2,1565.9
11608,OA-VUMa2,1566.0
287884,OA-VPM3,1566.2
10168,OA-VUMa6,1566.5
10072,OA-AL2i1,1566.6
10041,OA-VUMa1,1566.7
11921,OA-VPM4,1567.3000000000002
10825,OA-AL2i3,1568.3
10120,OA-VPM4,1568.4
10187,OA-VPM3,1568.5
11264,OA-ASM1,1568.6
10175,OA-VUMa6,1569.3000000000002
10269,OA-AL2i2,1570.4
10322,OA-AL2i2,1571.1000000000001
12688,OA-ASM1,1571.5
10185,OA-VUMa8,1572.1
10652,OA-AL2i4,1572.1
12109,OA-VUMa2,1572.8
10658,OA-AL2i3,1573.1000000000001
10110,OA-VUMa1,1573.2
10677,OA-AL2i4,1574.3
10799,OA-VUMa4,1575.0000000000002
12896,OA-VUMa5,1575.2
10687,OA-AL2i3,1575.3000000000002
10011,OA-AL2i1,1575.4
10080,OA-VUMa3,1576.1000000000001
10555,OA-VUMa3,1576.1000000000001
10226,OA-AL2i3,1576.5
10204,OA-AL2i2,1577.0000000000002
11602,OA-ASM1,1577.0000000000002
10041,OA-VUMa1,1577.2
11005,OA-VUMa4,1577.5
286259,OA-ASM1,1578.3
11608,OA-VUMa2,1578.3
10168,OA-VUMa6,1578.7
10265,OA-AL2i2,1578.8999999999999
10072,OA-AL2i1,1579.0000000000002
287884,OA-VPM3,1579.2
53065,Mi1,1579.4
10120,OA-VPM4,1580.5
10825,OA-AL2i3,1581.0000000000002
11921,OA-VPM4,1581.1000000000001
10187,OA-VPM3,1581.5
10175,OA-VUMa6,1581.6000000000001
11264,OA-ASM1,1581.9
10269,OA-AL2i2,1583.0000000000002
10185,OA-VUMa8,1583.1000000000001
10322,OA-AL2i2,1583.2
12109,OA-VUMa2,1583.8
12688,OA-ASM1,1583.8
10652,OA-AL2i4,1584.4
10658,OA-AL2i3,1584.5
10110,OA-VUMa1,1584.6
12896,OA-VUMa5,1585.8
10677,OA-AL2i4,1587.1000000000001
10011,OA-AL2i1,1587.6000000000001
10226,OA-AL2i3,1587.9
10041,OA-VUMa1,1588.1000000000001
10799,OA-VUMa4,1588.3
10687,OA-AL2i3,1588.4
10080,OA-VUMa3,1589.0
11608,OA-VUMa2,1589.3000000000002
10168,OA-VUMa6,1589.4
10555,OA-VUMa3,1589.9
11005,OA-VUMa4,1589.9
11602,OA-ASM1,1590.0
10072,OA-AL2i1,1590.8
10204,OA-AL2i2,1590.8
287884,OA-VPM3,1591.8000000000002
286259,OA-ASM1,1591.8000000000002
10265,OA-AL2i2,1592.2
10175,OA-VUMa6,1593.5
10825,OA-AL2i3,1593.6000000000001
10120,OA-VPM4,1594.0
53065,Mi1,1594.5
11264,OA-ASM1,1594.6
11921,OA-VPM4,1595.1000000000001
10110,OA-VUMa1,1595.1000000000001
10322,OA-AL2i2,1595.3000000000002
10185,OA-VUMa8,1595.7
10187,OA-VPM3,1595.7
12109,OA-VUMa2,1595.7
10269,OA-AL2i2,1596.0
12688,OA-ASM1,1596.4
10652,OA-AL2i4,1596.7
10658,OA-AL2i3,1596.8999999999999
12896,OA-VUMa5,1597.2
10011,OA-AL2i1,1598.1000000000001
10041,OA-VUMa1,1598.6
10677,OA-AL2i4,1599.6000000000001
10226,OA-AL2i3,1599.7
10687,OA-AL2i3,1600.5
11608,OA-VUMa2,1600.5
10168,OA-VUMa6,1601.1
10799,OA-VUMa4,1601.3000000000002
11005,OA-VUMa4,1602.1000000000001
10072,OA-AL2i1,1602.8
10080,OA-VUMa3,1602.8999999999999
10555,OA-VUMa3,1604.1000000000001
287884,OA-VPM3,1604.1000000000001
11602,OA-ASM1,1604.4
10265,OA-AL2i2,1604.7
10204,OA-AL2i2,1604.8999999999999
10175,OA-VUMa6,1605.2
10110,OA-VUMa1,1606.0
286259,OA-ASM1,1606.0
10825,OA-AL2i3,1606.1000000000001
10120,OA-VPM4,1606.8999999999999
10322,OA-AL2i2,1607.4
12109,OA-VUMa2,1607.5000000000002
11264,OA-ASM1,1607.6000000000001
10185,OA-VUMa8,1607.7
12688,OA-ASM1,1607.9
10269,OA-AL2i2,1608.2
10187,OA-VPM3,1608.5
11921,OA-VPM4,1608.7
10658,OA-AL2i3,1608.8
53065,Mi1,1608.8999999999999
12896,OA-VUMa5,1609.1
10041,OA-VUMa1,1609.5000000000002
10011,OA-AL2i1,1609.9
10652,OA-AL2i4,1610.1000000000001
10226,OA-AL2i3,1611.7
11608,OA-VUMa2,1612.1000000000001
10687,OA-AL2i3,1612.2
10677,OA-AL2i4,1612.3
10168,OA-VUMa6,1613.3000000000002
11005,OA-VUMa4,1614.2
10799,OA-VUMa4,1614.6
10072,OA-AL2i1,1615.5000000000002
10080,OA-VUMa3,1616.1000000000001
10555,OA-VUMa3,1616.8
10110,OA-VUMa1,1617.0
10175,OA-VUMa6,1617.3000000000002
287884,OA-VPM3,1617.3000000000002
11602,OA-ASM1,1617.4
10265,OA-AL2i2,1617.6000000000001
10825,OA-AL2i3,1618.0
10204,OA-AL2i2,1619.0
10322,OA-AL2i2,1619.0
12109,OA-VUMa2,1619.3000000000002
10120,OA-VPM4,1619.7
10185,OA-VUMa8,1619.9
12688,OA-ASM1,1620.1000000000001
286259,OA-ASM1,1620.1000000000001
11264,OA-ASM1,1620.4
10269,OA-AL2i2,1620.6
10041,OA-VUMa1,1620.7
10011,OA-AL2i1,1621.2
10187,OA-VPM3,1621.2
10658,OA-AL2i3,1621.8000000000002
12896,OA-VUMa5,1621.8000000000002
10226,OA-AL2i3,1622.6
10652,OA-AL2i4,1622.8999999999999
11608,OA-VUMa2,1623.2
53065,Mi1,1624.0
10677,OA-AL2i4,1624.5
10168,OA-VUMa6,1624.6
11921,OA-VPM4,1624.6
10687,OA-AL2i3,1625.1
11005,OA-VUMa4,1627.0
10799,OA-VUMa4,1627.3
10110,OA-VUMa1,1628.2
10175,OA-VUMa6,1628.3
10072,OA-AL2i1,1629.1
10080,OA-VUMa3,1629.3
10555,OA-VUMa3,1629.5000000000002
10825,OA-AL2i3,1629.7
287884,OA-VPM3,1629.8000000000002
12109,OA-VUMa2,1630.6
10265,OA-AL2i2,1630.8
11602,OA-ASM1,1630.9
10041,OA-VUMa1,1631.1
10185,OA-VUMa8,1631.2
10322,OA-AL2i2,1631.2
10011,OA-AL2i1,1632.3
10120,OA-VPM4,1632.4
10204,OA-AL2i2,1632.8
12688,OA-ASM1,1632.8
12896,OA-VUMa5,1633.0
11264,OA-ASM1,1633.2
10658,OA-AL2i3,1633.6000000000001
286259,OA-ASM1,1633.6000000000001
10269,OA-AL2i2,1633.8000000000002
10187,OA-VPM3,1634.0
10652,OA-AL2i4,1635.0
10226,OA-AL2i3,1635.8000000000002
10168,OA-VUMa6,1636.0
10677,OA-AL2i4,1636.1000000000001
10687,OA-AL2i3,1636.4
11608,OA-VUMa2,1636.5
11921,OA-VPM4,1637.6000000000001
53065,Mi1,1637.8000000000002
10110,OA-VUMa1,1638.6
10072,OA-AL2i1,1639.0
11005,OA-VUMa4,1639.5000000000002
10175,OA-VUMa6,1639.7
10799,OA-VUMa4,1640.7
12109,OA-VUMa2,1641.8000000000002
10041,OA-VUMa1,1641.9
10825,OA-AL2i3,1642.1000000000001
287884,OA-VPM3,1642.1000000000001
10080,OA-VUMa3,1642.2
10322,OA-AL2i2,1642.7
10011,OA-AL2i1,1643.1
10555,OA-VUMa3,1643.1
11602,OA-ASM1,1643.2
10265,OA-AL2i2,1643.8000000000002
10120,OA-VPM4,1643.9
10185,OA-VUMa8,1643.9
12896,OA-VUMa5,1644.4
12688,OA-ASM1,1644.8
10269,OA-AL2i2,1645.3999999999999
10658,OA-AL2i3,1645.6000000000001
10204,OA-AL2i2,1646.1000000000001
11264,OA-ASM1,1646.4
10187,OA-VPM3,1646.5
286259,OA-ASM1,1647.3
10226,OA-AL2i3,1647.5000000000002
11608,OA-VUMa2,1647.9
10168,OA-VUMa6,1648.2
10687,OA-AL2i3,1648.2
10652,OA-AL2i4,1648.4
10072,OA-AL2i1,1648.5
10110,OA-VUMa1,1649.6000000000001
10677,OA-AL2i4,1649.7
10175,OA-VUMa6,1650.7
11005,OA-VUMa4,1651.9
10041,OA-VUMa1,1652.3
11921,OA-VPM4,1652.5
53065,Mi1,1653.1
12109,OA-VUMa2,1653.3
10011,OA-AL2i1,1653.8000000000002
10322,OA-AL2i2,1654.3000000000002
10799,OA-VUMa4,1654.3000000000002
10825,OA-AL2i3,1654.4
287884,OA-VPM3,1654.6000000000001
10555,OA-VUMa3,1655.2
12896,OA-VUMa5,1655.3
10265,OA-AL2i2,1655.8000000000002
10080,OA-VUMa3,1656.3000000000002
12688,OA-ASM1,1656.8
11602,OA-ASM1,1656.8
10120,OA-VPM4,1657.2
10185,OA-VUMa8,1657.5
10072,OA-AL2i1,1657.7
10269,OA-AL2i2,1658.1000000000001
10658,OA-AL2i3,1658.1000000000001
10187,OA-VPM3,1658.8
11264,OA-ASM1,1658.9
11608,OA-VUMa2,1659.2
10204,OA-AL2i2,1659.3999999999999
10226,OA-AL2i3,1659.6000000000001
10168,OA-VUMa6,1659.9
286259,OA-ASM1,1660.2
10110,OA-VUMa1,1660.4
10687,OA-AL2i3,1660.4
10652,OA-AL2i4,1660.8
10677,OA-AL2i4,1661.1
10175,OA-VUMa6,1662.4
11005,OA-VUMa4,1662.8
10041,OA-VUMa1,1663.5
10011,OA-AL2i1,1664.8
12109,OA-VUMa2,1665.2
10322,OA-AL2i2,1666.0
11921,OA-VPM4,1666.0
53065,Mi1,1666.3000000000002
10072,OA-AL2i1,1666.6000000000001
10799,OA-VUMa4,1667.1
10825,OA-AL2i3,1667.2
12896,OA-VUMa5,1667.2
10555,OA-VUMa3,1667.9
287884,OA-VPM3,1668.5
10120,OA-VPM4,1668.9
12688,OA-ASM1,1669.1
10265,OA-AL2i2,1669.3999999999999
10658,OA-AL2i3,1669.7
10080,OA-VUMa3,1670.1000000000001
11602,OA-ASM1,1670.2
10185,OA-VUMa8,1670.6000000000001
10110,OA-VUMa1,1671.0
10269,OA-AL2i2,1671.1
11608,OA-VUMa2,1671.1
10168,OA-VUMa6,1671.5
10187,OA-VPM3,1671.5
11264,OA-ASM1,1671.7
10226,OA-AL2i3,1671.7
10204,OA-AL2i2,1672.4
10687,OA-AL2i3,1672.4
10677,OA-AL2i4,1672.9
10652,OA-AL2i4,1673.5
10041,OA-VUMa1,1673.6
10175,OA-VUMa6,1673.7
286259,OA-ASM1,1674.0000000000002
11005,OA-VUMa4,1674.6000000000001
10011,OA-AL2i1,1676.2
12109,OA-VUMa2,1676.5
10072,OA-AL2i1,1676.7
10322,OA-AL2i2,1677.3999999999999
12896,OA-VUMa5,1678.3000000000002
10799,OA-VUMa4,1679.6
53065,Mi1,1680.5
10825,OA-AL2i3,1680.7
11921,OA-VPM4,1680.9
10658,OA-AL2i3,1681.2
12688,OA-ASM1,1681.2
287884,OA-VPM3,1681.2
10265,OA-AL2i2,1681.5
10555,OA-VUMa3,1681.9
10110,OA-VUMa1,1682.2
10120,OA-VPM4,1682.2
11608,OA-VUMa2,1682.2
10226,OA-AL2i3,1682.8
10168,OA-VUMa6,1683.0
10269,OA-AL2i2,1683.0
10080,OA-VUMa3,1683.3
10185,OA-VUMa8,1683.5
11602,OA-ASM1,1683.6
10187,OA-VPM3,1684.0000000000002
10041,OA-VUMa1,1684.1000000000001
10687,OA-AL2i3,1684.5
10204,OA-AL2i2,1684.8
10175,OA-VUMa6,1685.0
11005,OA-VUMa4,1685.1
10072,OA-AL2i1,1685.3
10677,OA-AL2i4,1685.7
11264,OA-ASM1,1685.9
286259,OA-ASM1,1686.9
10011,OA-AL2i1,1687.2
10652,OA-AL2i4,1687.9
10322,OA-AL2i2,1688.1000000000001
12109,OA-VUMa2,1689.1
12896,OA-VUMa5,1690.4
10799,OA-VUMa4,1692.4
11608,OA-VUMa2,1692.9
12688,OA-ASM1,1693.2
10825,OA-AL2i3,1693.3
10658,OA-AL2i3,1693.4
10110,OA-VUMa1,1693.6
10120,OA-VPM4,1693.9
10265,OA-AL2i2,1694.2
10168,OA-VUMa6,1694.7
11921,OA-VPM4,1694.7
53065,Mi1,1695.0
10269,OA-AL2i2,1695.1
10041,OA-VUMa1,1695.4
287884,OA-VPM3,1695.5
10226,OA-AL2i3,1695.7
10555,OA-VUMa3,1696.0000000000002
10185,OA-VUMa8,1696.7
11005,OA-VUMa4,1696.7
10080,OA-VUMa3,1696.8
10687,OA-AL2i3,1696.9
11602,OA-ASM1,1697.3
10072,OA-AL2i1,1697.3
10204,OA-AL2i2,1697.5
10175,OA-VUMa6,1697.9
10187,OA-VPM3,1698.0000000000002
10677,OA-AL2i4,1698.3000000000002
10011,OA-AL2i1,1698.9
11264,OA-ASM1,1699.6
10322,OA-AL2i2,1699.9
10652,OA-AL2i4,1700.8
286259,OA-ASM1,1701.0
12109,OA-VUMa2,1701.3
12896,OA-VUMa5,1703.0
11608,OA-VUMa2,1704.5
10110,OA-VUMa1,1704.8
10658,OA-AL2i3,1704.8
12688,OA-ASM1,1705.0
10799,OA-VUMa4,1705.2
10825,OA-AL2i3,1705.7
10120,OA-VPM4,1705.8999999999999
10168,OA-VUMa6,1706.5
10041,OA-VUMa1,1706.7
10226,OA-AL2i3,1706.9
10265,OA-AL2i2,1707.0
10269,OA-AL2i2,1707.1000000000001
53065,Mi1,1708.2
11921,OA-VPM4,1708.2
11005,OA-VUMa4,1708.4
10072,OA-AL2i1,1709.1000000000001
287884,OA-VPM3,1709.2
10555,OA-VUMa3,1709.4
10687,OA-AL2i3,1709.5
11602,OA-ASM1,1709.7
10080,OA-VUMa3,1709.8
10175,OA-VUMa6,1709.8999999999999
10011,OA-AL2i1,1710.1000000000001
10185,OA-VUMa8,1710.2
10204,OA-AL2i2,1710.5
10677,OA-AL2i4,1710.8
10187,OA-VPM3,1711.1000000000001
10322,OA-AL2i2,1712.0000000000002
12109,OA-VUMa2,1712.5
11264,OA-ASM1,1713.0
10652,OA-AL2i4,1714.1000000000001
10110,OA-VUMa1,1715.2
286259,OA-ASM1,1715.2
12896,OA-VUMa5,1716.2
10658,OA-AL2i3,1717.2
10041,OA-VUMa1,1717.3
12688,OA-ASM1,1717.3
10226,OA-AL2i3,1717.6
10799,OA-VUMa4,1717.8
11608,OA-VUMa2,1717.8999999999999
10120,OA-VPM4,1718.2
10168,OA-VUMa6,1718.2
10825,OA-AL2i3,1718.3000000000002
10265,OA-AL2i2,1719.1000000000001
10269,OA-AL2i2,1720.2
11005,OA-VUMa4,1720.4
10011,OA-AL2i1,1721.7
11921,OA-VPM4,1721.8
10175,OA-VUMa6,1721.8999999999999
10072,OA-AL2i1,1722.0
53065,Mi1,1722.0
10555,OA-VUMa3,1722.4
287884,OA-VPM3,1722.5
10687,OA-AL2i3,1722.6000000000001
11602,OA-ASM1,1722.6000000000001
10080,OA-VUMa3,1722.7
10204,OA-AL2i2,1722.9
10185,OA-VUMa8,1723.2
10187,OA-VPM3,1723.6
12109,OA-VUMa2,1723.6
10322,OA-AL2i2,1724.1000000000001
10677,OA-AL2i4,1725.2
10110,OA-VUMa1,1725.4
11264,OA-ASM1,1725.7
10652,OA-AL2i4,1726.7
10041,OA-VUMa1,1727.4
12896,OA-VUMa5,1727.8999999999999
286259,OA-ASM1,1728.2
10658,OA-AL2i3,1729.0
10168,OA-VUMa6,1729.6
12688,OA-ASM1,1729.6
10799,OA-VUMa4,1729.7
10120,OA-VPM4,1730.7
11608,OA-VUMa2,1730.7
10226,OA-AL2i3,1731.3
10825,OA-AL2i3,1731.4
11005,OA-VUMa4,1731.8999999999999
10265,OA-AL2i2,1732.0
10269,OA-AL2i2,1733.2
10011,OA-AL2i1,1733.5
10072,OA-AL2i1,1734.1
10175,OA-VUMa6,1734.3000000000002
10080,OA-VUMa3,1735.0
10687,OA-AL2i3,1735.0
12109,OA-VUMa2,1735.2
10185,OA-VUMa8,1735.5
287884,OA-VPM3,1735.5
10204,OA-AL2i2,1735.7
10322,OA-AL2i2,1735.8999999999999
11921,OA-VPM4,1735.8999999999999
10110,OA-VUMa1,1736.1
10555,OA-VUMa3,1736.9
10187,OA-VPM3,1737.0
11602,OA-ASM1,1737.0
53065,Mi1,1737.0
10041,OA-VUMa1,1738.0
10677,OA-AL2i4,1739.0
11264,OA-ASM1,1739.2
12896,OA-VUMa5,1739.2
10652,OA-AL2i4,1740.1
10658,OA-AL2i3,1741.0
286259,OA-ASM1,1741.7
11608,OA-VUMa2,1742.3000000000002
10168,OA-VUMa6,1742.7
11005,OA-VUMa4,1742.8000000000002
10799,OA-VUMa4,1743.1000000000001
10226,OA-AL2i3,1743.2
10120,OA-VPM4,1743.6
10825,OA-AL2i3,1743.8
10072,OA-AL2i1,1743.8
12688,OA-ASM1,1744.0
10011,OA-AL2i1,1745.4
10265,OA-AL2i2,1745.5
10269,OA-AL2i2,1745.6
10175,OA-VUMa6,1745.8999999999999
12109,OA-VUMa2,1746.2
10687,OA-AL2i3,1746.8000000000002
10185,OA-VUMa8,1747.4
10110,OA-VUMa1,1748.0
10041,OA-VUMa1,1748.2
10080,OA-VUMa3,1748.4
10322,OA-AL2i2,1748.6000000000001
287884,OA-VPM3,1748.8000000000002
10204,OA-AL2i2,1749.7
11602,OA-ASM1,1750.2
10555,OA-VUMa3,1750.4
11921,OA-VPM4,1750.5000000000002
12896,OA-VUMa5,1750.9
10187,OA-VPM3,1751.0
11264,OA-ASM1,1751.2
10677,OA-AL2i4,1751.4
53065,Mi1,1751.8999999999999
10652,OA-AL2i4,1752.5000000000002
10658,OA-AL2i3,1752.6000000000001
10168,OA-VUMa6,1754.0
11608,OA-VUMa2,1754.0
10120,OA-VPM4,1755.1000000000001
10226,OA-AL2i3,1755.1000000000001
11005,OA-VUMa4,1755.6
286259,OA-ASM1,1755.6
10072,OA-AL2i1,1755.9
12688,OA-ASM1,1756.1
10825,OA-AL2i3,1756.4
10011,OA-AL2i1,1756.7
10799,OA-VUMa4,1756.8000000000002
12109,OA-VUMa2,1757.3
10175,OA-VUMa6,1757.4
10269,OA-AL2i2,1757.5
10265,OA-AL2i2,1757.9
10687,OA-AL2i3,1758.5000000000002
10185,OA-VUMa8,1758.9
10110,OA-VUMa1,1759.3
10322,OA-AL2i2,1760.8000000000002
10041,OA-VUMa1,1760.8000000000002
10080,OA-VUMa3,1761.6
12896,OA-VUMa5,1761.8
287884,OA-VPM3,1762.0
10204,OA-AL2i2,1762.4
11602,OA-ASM1,1762.6000000000001
10555,OA-VUMa3,1763.5
10187,OA-VPM3,1763.8
11608,OA-VUMa2,1764.5000000000002
10677,OA-AL2i4,1764.6000000000001
11264,OA-ASM1,1764.6000000000001
10168,OA-VUMa6,1764.7
10652,OA-AL2i4,1764.7
10658,OA-AL2i3,1764.8000000000002
11921,OA-VPM4,1764.8000000000002
53065,Mi1,1765.8
10226,OA-AL2i3,1766.5000000000002
10120,OA-VPM4,1767.3
11005,OA-VUMa4,1767.6000000000001
12109,OA-VUMa2,1767.9
10072,OA-AL2i1,1768.0
286259,OA-ASM1,1768.3
12688,OA-ASM1,1768.4
10175,OA-VUMa6,1769.2
10011,OA-AL2i1,1769.6000000000001
10825,OA-AL2i3,1770.0
10269,OA-AL2i2,1770.1
10799,OA-VUMa4,1770.2
10110,OA-VUMa1,1770.3
10687,OA-AL2i3,1770.8000000000002
10185,OA-VUMa8,1771.0
10265,OA-AL2i2,1771.0
12896,OA-VUMa5,1771.7
10041,OA-VUMa1,1772.2
10322,OA-AL2i2,1772.9
287884,OA-VPM3,1774.0
10080,OA-VUMa3,1774.5000000000002
11602,OA-ASM1,1775.3
11608,OA-VUMa2,1775.5
10204,OA-AL2i2,1775.7
10187,OA-VPM3,1776.2
10168,OA-VUMa6,1776.6000000000001
10658,OA-AL2i3,1776.6000000000001
11264,OA-ASM1,1777.1000000000001
10652,OA-AL2i4,1777.2
10555,OA-VUMa3,1777.3
10677,OA-AL2i4,1777.6000000000001
10226,OA-AL2i3,1778.6000000000001
10120,OA-VPM4,1778.7
11005,OA-VUMa4,1779.1000000000001
12109,OA-VUMa2,1779.3
11921,OA-VPM4,1779.8
10072,OA-AL2i1,1780.5000000000002
10175,OA-VUMa6,1780.8000000000002
53065,Mi1,1780.8000000000002
10011,OA-AL2i1,1781.2
10110,OA-VUMa1,1781.4
12688,OA-ASM1,1782.2
10041,OA-VUMa1,1782.3999999999999
10265,OA-AL2i2,1782.6000000000001
286259,OA-ASM1,1782.7
10185,OA-VUMa8,1782.7
12896,OA-VUMa5,1782.9
10687,OA-AL2i3,1783.0
10825,OA-AL2i3,1783.5
10799,OA-VUMa4,1783.7
10269,OA-AL2i2,1783.8
10322,OA-AL2i2,1785.0
287884,OA-VPM3,1786.8000000000002
11608,OA-VUMa2,1786.9
10080,OA-VUMa3,1787.2
10168,OA-VUMa6,1788.0
10658,OA-AL2i3,1788.1
11602,OA-ASM1,1788.7
10187,OA-VPM3,1789.0
10204,OA-AL2i2,1789.1000000000001
10226,OA-AL2i3,1789.7
10555,OA-VUMa3,1790.2
10677,OA-AL2i4,1790.3
10120,OA-VPM4,1790.6000000000001
11005,OA-VUMa4,1791.1000000000001
12109,OA-VUMa2,1791.1000000000001
11264,OA-ASM1,1791.2
10072,OA-AL2i1,1791.3000000000002
10652,OA-AL2i4,1791.4
10175,OA-VUMa6,1791.6000000000001
10110,OA-VUMa1,1791.8
10011,OA-AL2i1,1792.5
12896,OA-VUMa5,1793.9
11921,OA-VPM4,1794.2
10041,OA-VUMa1,1794.6000000000001
10265,OA-AL2i2,1795.2
12688,OA-ASM1,1795.2
10185,OA-VUMa8,1795.4
53065,Mi1,1795.5
286259,OA-ASM1,1796.1
10687,OA-AL2i3,1796.1
10322,OA-AL2i2,1796.7
10825,OA-AL2i3,1797.0000000000002
10799,OA-VUMa4,1797.1000000000001
10269,OA-AL2i2,1797.7
11608,OA-VUMa2,1798.1
10658,OA-AL2i3,1799.0000000000002
10168,OA-VUMa6,1799.1000000000001
10080,OA-VUMa3,1799.3000000000002
287884,OA-VPM3,1799.9
10204,OA-AL2i2,1801.6000000000001
10187,OA-VPM3,1801.9
11602,OA-ASM1,1802.5
12109,OA-VUMa2,1802.7
10555,OA-VUMa3,1802.8000000000002
10677,OA-AL2i4,1803.0000000000002
10175,OA-VUMa6,1803.0000000000002
10120,OA-VPM4,1803.0000000000002
10110,OA-VUMa1,1803.0000000000002
10226,OA-AL2i3,1803.3000000000002
11005,OA-VUMa4,1803.4
10072,OA-AL2i1,1803.6000000000001
11264,OA-ASM1,1804.7
10011,OA-AL2i1,1804.8000000000002
10652,OA-AL2i4,1804.8000000000002
12896,OA-VUMa5,1805.5
10041,OA-VUMa1,1805.6000000000001
10265,OA-AL2i2,1807.4
10185,OA-VUMa8,1807.6000000000001
11921,OA-VPM4,1807.6000000000001
12688,OA-ASM1,1807.6000000000001
10322,OA-AL2i2,1808.5
10687,OA-AL2i3,1808.6
11608,OA-VUMa2,1809.6000000000001
10799,OA-VUMa4,1809.6000000000001
53065,Mi1,1810.1
286259,OA-ASM1,1810.1
10168,OA-VUMa6,1810.3
10269,OA-AL2i2,1810.5
10658,OA-AL2i3,1810.5
10825,OA-AL2i3,1811.3000000000002
10080,OA-VUMa3,1811.4
287884,OA-VPM3,1812.8000000000002
10110,OA-VUMa1,1813.5
12109,OA-VUMa2,1814.3999999999999
10175,OA-VUMa6,1814.6
10226,OA-AL2i3,1814.7
11005,OA-VUMa4,1815.0000000000002
10204,OA-AL2i2,1815.1000000000001
10072,OA-AL2i1,1815.4
10187,OA-VPM3,1815.4
11602,OA-ASM1,1815.6000000000001
10120,OA-VPM4,1816.2
10041,OA-VUMa1,1816.3
10677,OA-AL2i4,1816.3
10555,OA-VUMa3,1817.0000000000002
10011,OA-AL2i1,1817.1000000000001
10652,OA-AL2i4,1817.1000000000001
12896,OA-VUMa5,1817.7
10265,OA-AL2i2,1818.1
11264,OA-ASM1,1818.8000000000002
10185,OA-VUMa8,1819.3000000000002
12688,OA-ASM1,1819.4
10322,OA-AL2i2,1819.8
10687,OA-AL2i3,1820.9
10168,OA-VUMa6,1821.2
10658,OA-AL2i3,1821.4
11608,OA-VUMa2,1821.6000000000001
11921,OA-VPM4,1821.7
10269,OA-AL2i2,1822.9
10799,OA-VUMa4,1823.4
10825,OA-AL2i3,1823.4
286259,OA-ASM1,1824.2
10080,OA-VUMa3,1824.4
10110,OA-VUMa1,1824.5
53065,Mi1,1825.4
10175,OA-VUMa6,1825.5
287884,OA-VPM3,1826.1
10226,OA-AL2i3,1826.1
12109,OA-VUMa2,1826.2
11005,OA-VUMa4,1826.4
10041,OA-VUMa1,1827.2
10072,OA-AL2i1,1828.1
11602,OA-ASM1,1828.2
10011,OA-AL2i1,1828.3
12896,OA-VUMa5,1828.8
10555,OA-VUMa3,1828.8
10187,OA-VPM3,1828.9
10204,OA-AL2i2,1829.1000000000001
10677,OA-AL2i4,1829.2
10652,OA-AL2i4,1830.2
10120,OA-VPM4,1830.5
10265,OA-AL2i2,1830.7
11264,OA-ASM1,1831.1000000000001
10185,OA-VUMa8,1831.2
10322,OA-AL2i2,1831.8
12688,OA-ASM1,1831.9
10658,OA-AL2i3,1832.3
10168,OA-VUMa6,1833.1000000000001
10687,OA-AL2i3,1833.6000000000001
11608,OA-VUMa2,1833.6000000000001
10269,OA-AL2i2,1834.6
10110,OA-VUMa1,1834.9
11921,OA-VPM4,1835.1000000000001
10825,OA-AL2i3,1835.8
10175,OA-VUMa6,1836.8
10080,OA-VUMa3,1836.8999999999999
12109,OA-VUMa2,1837.0000000000002
10799,OA-VUMa4,1837.2
11005,OA-VUMa4,1837.5
10041,OA-VUMa1,1837.7
10226,OA-AL2i3,1838.0
286259,OA-ASM1,1838.4
10011,OA-AL2i1,1839.4
287884,OA-VPM3,1839.4
12896,OA-VUMa5,1839.9
53065,Mi1,1839.9
10072,OA-AL2i1,1840.1000000000001
11602,OA-ASM1,1840.8999999999999
10677,OA-AL2i4,1841.8
10204,OA-AL2i2,1841.9
10187,OA-VPM3,1842.4
10185,OA-VUMa8,1842.8
10555,OA-VUMa3,1842.8999999999999
10120,OA-VPM4,1843.3000000000002
10265,OA-AL2i2,1843.9
10322,OA-AL2i2,1843.9
10168,OA-VUMa6,1844.1000000000001
11264,OA-ASM1,1844.1000000000001
10658,OA-AL2i3,1844.2
12688,OA-ASM1,1844.4
10652,OA-AL2i4,1844.7
11608,OA-VUMa2,1845.3000000000002
10687,OA-AL2i3,1845.6000000000001
10110,OA-VUMa1,1845.7
10825,OA-AL2i3,1847.8000000000002
10269,OA-AL2i2,1848.0
10041,OA-VUMa1,1848.3
10080,OA-VUMa3,1848.5
10175,OA-VUMa6,1848.7
12109,OA-VUMa2,1848.7
11921,OA-VPM4,1849.3000000000002
10226,OA-AL2i3,1849.4
10072,OA-AL2i1,1850.1000000000001
10799,OA-VUMa4,1850.3
11005,OA-VUMa4,1850.3
10011,OA-AL2i1,1850.7
286259,OA-ASM1,1851.4
12896,OA-VUMa5,1851.6000000000001
287884,OA-VPM3,1851.6000000000001
11602,OA-ASM1,1853.6000000000001
10677,OA-AL2i4,1854.1000000000001
10187,OA-VPM3,1854.6
10204,OA-AL2i2,1854.6
10322,OA-AL2i2,1855.2
53065,Mi1,1855.4
10185,OA-VUMa8,1855.6000000000001
10120,OA-VPM4,1855.9
10658,OA-AL2i3,1856.2
10555,OA-VUMa3,1856.4
11608,OA-VUMa2,1856.5
10168,OA-VUMa6,1856.8
10110,OA-VUMa1,1856.8999999999999
10652,OA-AL2i4,1856.8999999999999
12688,OA-ASM1,1857.1000000000001
10265,OA-AL2i2,1857.2
11264,OA-ASM1,1857.4
10687,OA-AL2i3,1858.0
10041,OA-VUMa1,1859.3000000000002
10269,OA-AL2i2,1859.6000000000001
10175,OA-VUMa6,1860.0
10825,OA-AL2i3,1860.1000000000001
12109,OA-VUMa2,1860.5
10226,OA-AL2i3,1860.8
10080,OA-VUMa3,1861.4
12896,OA-VUMa5,1862.2
10011,OA-AL2i1,1863.0
10072,OA-AL2i1,1863.2
11005,OA-VUMa4,1863.3000000000002
287884,OA-VPM3,1863.5000000000002
10799,OA-VUMa4,1863.7
11921,OA-VPM4,1864.1000000000001
11602,OA-ASM1,1864.8
286259,OA-ASM1,1865.0
11608,OA-VUMa2,1867.4
10204,OA-AL2i2,1867.5000000000002
10658,OA-AL2i3,1867.5000000000002
10322,OA-AL2i2,1867.6000000000001
10677,OA-AL2i4,1867.6000000000001
10187,OA-VPM3,1867.9
10185,OA-VUMa8,1868.1000000000001
10110,OA-VUMa1,1868.5
10168,OA-VUMa6,1868.8
10687,OA-AL2i3,1869.3000000000002
10265,OA-AL2i2,1869.4
10041,OA-VUMa1,1869.8000000000002
10120,OA-VPM4,1869.8000000000002
10652,OA-AL2i4,1869.9
10555,OA-VUMa3,1870.1000000000001
12688,OA-ASM1,1870.7
53065,Mi1,1870.7
10175,OA-VUMa6,1871.4
10226,OA-AL2i3,1871.5000000000002
11264,OA-ASM1,1871.5000000000002
10269,OA-AL2i2,1871.8000000000002
10825,OA-AL2i3,1872.5
12109,OA-VUMa2,1873.0
12896,OA-VUMa5,1874.3
10072,OA-AL2i1,1875.1
287884,OA-VPM3,1875.6000000000001
10080,OA-VUMa3,1875.8000000000002
10011,OA-AL2i1,1875.9
11005,OA-VUMa4,1876.1000000000001
11921,OA-VPM4,1877.1
11602,OA-ASM1,1877.3000000000002
10799,OA-VUMa4,1877.3000000000002
286259,OA-ASM1,1878.8
10322,OA-AL2i2,1879.0
10204,OA-AL2i2,1879.1
10658,OA-AL2i3,1879.2
11608,OA-VUMa2,1879.3000000000002
10110,OA-VUMa1,1879.8000000000002
10168,OA-VUMa6,1880.2
10185,OA-VUMa8,1880.7
10677,OA-AL2i4,1880.8999999999999
10265,OA-AL2i2,1881.0
10187,OA-VPM3,1881.2
10687,OA-AL2i3,1881.5000000000002
10041,OA-VUMa1,1881.7
10120,OA-VPM4,1881.7
10652,OA-AL2i4,1882.1000000000001
12688,OA-ASM1,1882.5
10226,OA-AL2i3,1882.7
10555,OA-VUMa3,1883.0
10175,OA-VUMa6,1883.6000000000001
12109,OA-VUMa2,1884.2
10825,OA-AL2i3,1884.4
53065,Mi1,1885.2
10269,OA-AL2i2,1885.3000000000002
11264,OA-ASM1,1885.5000000000002
10072,OA-AL2i1,1885.9
12896,OA-VUMa5,1886.6
287884,OA-VPM3,1888.5
10080,OA-VUMa3,1888.8
11005,OA-VUMa4,1888.8
10011,OA-AL2i1,1889.0
11602,OA-ASM1,1889.5000000000002
10110,OA-VUMa1,1890.2
11921,OA-VPM4,1890.2
10322,OA-AL2i2,1890.6
10799,OA-VUMa4,1890.7
10658,OA-AL2i3,1890.7
11608,OA-VUMa2,1890.9
10204,OA-AL2i2,1891.8000000000002
10168,OA-VUMa6,1892.7
286259,OA-ASM1,1893.0
10226,OA-AL2i3,1893.5000000000002
10041,OA-VUMa1,1893.8000000000002
10687,OA-AL2i3,1893.9
10187,OA-VPM3,1893.9
10185,OA-VUMa8,1894.1000000000001
10265,OA-AL2i2,1894.1000000000001
10120,OA-VPM4,1894.7
10175,OA-VUMa6,1894.8
10652,OA-AL2i4,1895.1
10677,OA-AL2i4,1895.2
12688,OA-ASM1,1895.2
10072,OA-AL2i1,1895.4
10555,OA-VUMa3,1895.4
12109,OA-VUMa2,1896.1000000000001
10825,OA-AL2i3,1897.6000000000001
10269,OA-AL2i2,1897.7
12896,OA-VUMa5,1898.2
53065,Mi1,1898.6000000000001
11264,OA-ASM1,1899.6000000000001
11005,OA-VUMa4,1900.3
10110,OA-VUMa1,1900.7
287884,OA-VPM3,1901.3
10080,OA-VUMa3,1901.4
10658,OA-AL2i3,1901.4
10011,OA-AL2i1,1902.3
11602,OA-ASM1,1902.3
11608,OA-VUMa2,1902.5
10322,OA-AL2i2,1902.7
10799,OA-VUMa4,1903.7
10226,OA-AL2i3,1904.4
10168,OA-VUMa6,1904.5
10204,OA-AL2i2,1904.5
11921,OA-VPM4,1904.7
10041,OA-VUMa1,1905.1
10072,OA-AL2i1,1905.3
10687,OA-AL2i3,1906.2
10175,OA-VUMa6,1906.4
286259,OA-ASM1,1906.6000000000001
10265,OA-AL2i2,1907.1
10185,OA-VUMa8,1907.3999999999999
12109,OA-VUMa2,1907.5000000000002
12688,OA-ASM1,1907.5000000000002
10652,OA-AL2i4,1907.7
10187,OA-VPM3,1908.1000000000001
10120,OA-VPM4,1908.2
12896,OA-VUMa5,1909.2
10555,OA-VUMa3,1909.6000000000001
10677,OA-AL2i4,1909.6000000000001
10825,OA-AL2i3,1909.9
10269,OA-AL2i2,1910.0
10110,OA-VUMa1,1911.0
11005,OA-VUMa4,1912.1000000000001
11264,OA-ASM1,1912.4
10658,OA-AL2i3,1912.7
53065,Mi1,1913.0
11608,OA-VUMa2,1913.7
10011,OA-AL2i1,1913.8000000000002
10080,OA-VUMa3,1914.3000000000002
10322,OA-AL2i2,1914.4
287884,OA-VPM3,1914.5
10041,OA-VUMa1,1915.3999999999999
10072,OA-AL2i1,1915.5000000000002
10226,OA-AL2i3,1915.7
11602,OA-ASM1,1915.8000000000002
10799,OA-VUMa4,1916.5
10204,OA-AL2i2,1916.6000000000001
10168,OA-VUMa6,1917.0
10175,OA-VUMa6,1917.3999999999999
10687,OA-AL2i3,1918.0
11921,OA-VPM4,1918.5
10185,OA-VUMa8,1919.3
286259,OA-ASM1,1919.3999999999999
10265,OA-AL2i2,1919.6000000000001
12109,OA-VUMa2,1920.1000000000001
12688,OA-ASM1,1920.4
10652,OA-AL2i4,1920.5
10120,OA-VPM4,1920.9
10110,OA-VUMa1,1921.3
12896,OA-VUMa5,1921.5
10187,OA-VPM3,1922.0
10677,OA-AL2i4,1922.2
10269,OA-AL2i2,1922.4
10555,OA-VUMa3,1922.9
10825,OA-AL2i3,1923.0
11005,OA-VUMa4,1924.0000000000002
10658,OA-AL2i3,1924.7
11608,OA-VUMa2,1925.3
10011,OA-AL2i1,1926.0000000000002
10322,OA-AL2i2,1926.2
10072,OA-AL2i1,1926.3000000000002
11264,OA-ASM1,1926.4
10041,OA-VUMa1,1926.5
287884,OA-VPM3,1926.5
10080,OA-VUMa3,1926.6000000000001
10226,OA-AL2i3,1926.8
10168,OA-VUMa6,1927.8000000000002
53065,Mi1,1927.8000000000002
11602,OA-ASM1,1928.3000000000002
10799,OA-VUMa4,1928.3000000000002
10175,OA-VUMa6,1929.3999999999999
10687,OA-AL2i3,1929.8000000000002
10204,OA-AL2i2,1930.0000000000002
10185,OA-VUMa8,1931.0
11921,OA-VPM4,1932.1000000000001
10110,OA-VUMa1,1932.5
10265,OA-AL2i2,1932.5
286259,OA-ASM1,1932.8
12109,OA-VUMa2,1933.0
12688,OA-ASM1,1933.0
10652,OA-AL2i4,1933.2
10120,OA-VPM4,1933.6
12896,OA-VUMa5,1934.2
10269,OA-AL2i2,1934.7
10677,OA-AL2i4,1934.7
11005,OA-VUMa4,1935.7
10187,OA-VPM3,1935.9
10072,OA-AL2i1,1936.0000000000002
10825,OA-AL2i3,1936.4
10658,OA-AL2i3,1936.5
10555,OA-VUMa3,1936.6000000000001
10011,OA-AL2i1,1936.8
10041,OA-VUMa1,1937.3
11608,OA-VUMa2,1937.6
10226,OA-AL2i3,1938.4
10322,OA-AL2i2,1938.5
287884,OA-VPM3,1938.6000000000001
11264,OA-ASM1,1938.7
10080,OA-VUMa3,1939.6
10168,OA-VUMa6,1939.6
11602,OA-ASM1,1940.6000000000001
10175,OA-VUMa6,1941.3
10799,OA-VUMa4,1941.8000000000002
53065,Mi1,1942.3000000000002
10687,OA-AL2i3,1942.5
10185,OA-VUMa8,1942.9
10204,OA-AL2i2,1943.1
10265,OA-AL2i2,1944.3000000000002
10110,OA-VUMa1,1944.6000000000001
12109,OA-VUMa2,1944.7
11921,OA-VPM4,1945.3
10269,OA-AL2i2,1945.3
10120,OA-VPM4,1945.5
10652,OA-AL2i4,1946.0000000000002
286259,OA-ASM1,1946.0000000000002
12688,OA-ASM1,1946.2
12896,OA-VUMa5,1946.4
11005,OA-VUMa4,1947.7
10658,OA-AL2i3,1947.9
10677,OA-AL2i4,1948.0000000000002
10825,OA-AL2i3,1948.2
10187,OA-VPM3,1948.7
10072,OA-AL2i1,1948.9
10041,OA-VUMa1,1949.5
10555,OA-VUMa3,1949.6
10011,OA-AL2i1,1949.9
11608,OA-VUMa2,1950.0000000000002
10322,OA-AL2i2,1950.0000000000002
10226,OA-AL2i3,1950.0000000000002
287884,OA-VPM3,1950.5
10168,OA-VUMa6,1950.7
11264,OA-ASM1,1951.6
10175,OA-VUMa6,1952.7
10080,OA-VUMa3,1952.9
11602,OA-ASM1,1952.9
10799,OA-VUMa4,1954.2
10185,OA-VUMa8,1954.9
10687,OA-AL2i3,1955.4
10110,OA-VUMa1,1955.7
10265,OA-AL2i2,1956.1000000000001
12109,OA-VUMa2,1956.4
10120,OA-VPM4,1957.0
10204,OA-AL2i2,1957.0
53065,Mi1,1957.2
10269,OA-AL2i2,1957.3
12688,OA-ASM1,1957.5
286259,OA-ASM1,1959.2
11921,OA-VPM4,1959.3
12896,OA-VUMa5,1959.3
11005,OA-VUMa4,1959.5
10652,OA-AL2i4,1959.6
10658,OA-AL2i3,1959.9
10041,OA-VUMa1,1960.3000000000002
10677,OA-AL2i4,1960.4
10825,OA-AL2i3,1960.9
10187,OA-VPM3,1961.0
10072,OA-AL2i1,1961.5
10011,OA-AL2i1,1961.6
10322,OA-AL2i2,1961.7
10226,OA-AL2i3,1961.8
11608,OA-VUMa2,1962.1000000000001
10168,OA-VUMa6,1962.6000000000001
10555,OA-VUMa3,1963.0
10175,OA-VUMa6,1964.0000000000002
287884,OA-VPM3,1964.1000000000001
11264,OA-ASM1,1964.2
11602,OA-ASM1,1966.0000000000002
10799,OA-VUMa4,1966.7
10110,OA-VUMa1,1966.9
10185,OA-VUMa8,1967.2
10080,OA-VUMa3,1967.3
10687,OA-AL2i3,1967.8
10265,OA-AL2i2,1968.1000000000001
12109,OA-VUMa2,1968.4
10120,OA-VPM4,1968.8
10269,OA-AL2i2,1969.8
12688,OA-ASM1,1969.8999999999999
10204,OA-AL2i2,1970.2
12896,OA-VUMa5,1970.4
10041,OA-VUMa1,1970.8
53065,Mi1,1970.8
10658,OA-AL2i3,1971.4
10652,OA-AL2i4,1972.1000000000001
11005,OA-VUMa4,1972.3000000000002
286259,OA-ASM1,1972.3000000000002
10072,OA-AL2i1,1972.5
10011,OA-AL2i1,1973.2
10226,OA-AL2i3,1973.3
10825,OA-AL2i3,1973.4
11608,OA-VUMa2,1973.4
10187,OA-VPM3,1974.0000000000002
10322,OA-AL2i2,1974.1000000000001
10168,OA-VUMa6,1974.2
10677,OA-AL2i4,1974.2
11921,OA-VPM4,1974.4
10555,OA-VUMa3,1975.5
10175,OA-VUMa6,1976.4
287884,OA-VPM3,1976.6000000000001
11264,OA-ASM1,1977.7
10110,OA-VUMa1,1977.8999999999999
11602,OA-ASM1,1978.4
10185,OA-VUMa8,1979.1000000000001
10799,OA-VUMa4,1979.6
10687,OA-AL2i3,1980.0000000000002
10080,OA-VUMa3,1980.1000000000001
10120,OA-VPM4,1980.8000000000002
12109,OA-VUMa2,1980.8000000000002
10265,OA-AL2i2,1981.1000000000001
10041,OA-VUMa1,1981.3
12896,OA-VUMa5,1981.4
10269,OA-AL2i2,1981.7
12688,OA-ASM1,1982.2
10204,OA-AL2i2,1982.9
10658,OA-AL2i3,1983.2
11005,OA-VUMa4,1984.3000000000002
11608,OA-VUMa2,1984.3000000000002
10226,OA-AL2i3,1984.4
10072,OA-AL2i1,1984.7
10011,OA-AL2i1,1984.8000000000002
10652,OA-AL2i4,1984.8000000000002
10168,OA-VUMa6,1985.8
53065,Mi1,1985.8
10825,OA-AL2i3,1986.3000000000002
10322,OA-AL2i2,1986.4
286259,OA-ASM1,1987.0
10187,OA-VPM3,1987.1000000000001
10175,OA-VUMa6,1987.3
10677,OA-AL2i4,1987.7
11921,OA-VPM4,1988.3000000000002
287884,OA-VPM3,1988.4
10110,OA-VUMa1,1988.9
10555,OA-VUMa3,1989.5
10185,OA-VUMa8,1990.4
11264,OA-ASM1,1990.8000000000002
11602,OA-ASM1,1990.9
10799,OA-VUMa4,1991.4
10041,OA-VUMa1,1991.8999999999999
10687,OA-AL2i3,1992.1000000000001
12109,OA-VUMa2,1992.3000000000002
10120,OA-VPM4,1992.4
10080,OA-VUMa3,1992.7
10269,OA-AL2i2,1993.8999999999999
12896,OA-VUMa5,1994.3000000000002
10658,OA-AL2i3,1994.5000000000002
12688,OA-ASM1,1994.6000000000001
10204,OA-AL2i2,1995.0
10265,OA-AL2i2,1995.3
11005,OA-VUMa4,1996.0
10072,OA-AL2i1,1996.4
11608,OA-VUMa2,1996.6000000000001
10652,OA-AL2i4,1996.7
10011,OA-AL2i1,1997.0
10168,OA-VUMa6,1997.0
10226,OA-AL2i3,1997.1000000000001
10322,OA-AL2i2,1998.3000000000002
10175,OA-VUMa6,1999.0
10187,OA-VPM3,1999.5
10825,OA-AL2i3,1999.6
10110,OA-VUMa1,1999.8999999999999
287884,OA-VPM3,2000.5000000000002
53065,Mi1,2000.7
10677,OA-AL2i4,2000.9999999999998
286259,OA-ASM1,2001.2000000000003
10555,OA-VUMa3,2002.3
10185,OA-VUMa8,2002.6000000000001
11921,OA-VPM4,2003.0
12109,OA-VUMa2,2003.1
10041,OA-VUMa1,2003.3000000000002
11602,OA-ASM1,2003.7000000000003
10799,OA-VUMa4,2003.8
10120,OA-VPM4,2004.9
12896,OA-VUMa5,2005.5
10687,OA-AL2i3,2005.8000000000002
11264,OA-ASM1,2005.8000000000002
10269,OA-AL2i2,2006.3
10658,OA-AL2i3,2006.3
10080,OA-VUMa3,2007.0
12688,OA-ASM1,2007.2
11005,OA-VUMa4,2007.4
10226,OA-AL2i3,2008.1000000000001
10204,OA-AL2i2,2008.2
11608,OA-VUMa2,2008.7
10265,OA-AL2i2,2009.1000000000001
10652,OA-AL2i4,2009.1999999999998
10072,OA-AL2i1,2009.3
10168,OA-VUMa6,2009.4000000000003
10011,OA-AL2i1,2009.7
10322,OA-AL2i2,2010.0000000000002
10110,OA-VUMa1,2010.1
10175,OA-VUMa6,2010.8000000000002
10825,OA-AL2i3,2011.1
10187,OA-VPM3,2012.9999999999998
287884,OA-VPM3,2013.6000000000001
10185,OA-VUMa8,2014.2000000000003
10677,OA-AL2i4,2014.4
10041,OA-VUMa1,2014.6999999999998
286259,OA-ASM1,2014.6999999999998
53065,Mi1,2015.1
10555,OA-VUMa3,2015.3000000000002
12109,OA-VUMa2,2015.4
10799,OA-VUMa4,2016.3000000000002
11602,OA-ASM1,2016.3999999999999
10120,OA-VPM4,2016.7
11921,OA-VPM4,2016.9999999999998
12896,OA-VUMa5,2017.1999999999998
10269,OA-AL2i2,2018.4
10687,OA-AL2i3,2018.4
10658,OA-AL2i3,2018.6999999999998
10072,OA-AL2i1,2019.2
10080,OA-VUMa3,2019.2
12688,OA-ASM1,2019.7000000000003
11264,OA-ASM1,2020.1000000000001
11005,OA-VUMa4,2020.1000000000001
11608,OA-VUMa2,2020.3000000000002
10110,OA-VUMa1,2020.3999999999999
10226,OA-AL2i3,2020.9999999999998
10652,OA-AL2i4,2020.9999999999998
10011,OA-AL2i1,2021.1000000000001
10168,OA-VUMa6,2021.4000000000003
10204,OA-AL2i2,2021.8000000000002
10175,OA-VUMa6,2021.9
10265,OA-AL2i2,2022.2000000000003
10322,OA-AL2i2,2022.5
10825,OA-AL2i3,2023.4
10187,OA-VPM3,2025.8000000000002
10041,OA-VUMa1,2026.3
10185,OA-VUMa8,2026.4
10677,OA-AL2i4,2026.8000000000002
287884,OA-VPM3,2027.0
12109,OA-VUMa2,2027.2
286259,OA-ASM1,2028.0
10072,OA-AL2i1,2028.6
53065,Mi1,2028.8
12896,OA-VUMa5,2028.9
11602,OA-ASM1,2029.5
10120,OA-VPM4,2029.7
10687,OA-AL2i3,2029.7
10555,OA-VUMa3,2029.9
10799,OA-VUMa4,2030.6000000000001
10269,OA-AL2i2,2030.6999999999998
11921,OA-VPM4,2030.8000000000002
10658,OA-AL2i3,2031.4
10080,OA-VUMa3,2031.7000000000003
10110,OA-VUMa1,2032.0
10168,OA-VUMa6,2032.2
12688,OA-ASM1,2032.9
11608,OA-VUMa2,2033.1000000000001
10011,OA-AL2i1,2033.1000000000001
11005,OA-VUMa4,2033.1999999999998
10226,OA-AL2i3,2033.5
11264,OA-ASM1,2034.4
10175,OA-VUMa6,2034.5
10322,OA-AL2i2,2034.5
10204,OA-AL2i2,2034.6999999999998
10825,OA-AL2i3,2034.8999999999999
10652,OA-AL2i4,2034.8999999999999
10265,OA-AL2i2,2034.8999999999999
10041,OA-VUMa1,2037.3999999999999
10677,OA-AL2i4,2038.6999999999998
10072,OA-AL2i1,2038.8000000000002
10187,OA-VPM3,2039.0
10185,OA-VUMa8,2039.7000000000003
12109,OA-VUMa2,2040.0
287884,OA-VPM3,2040.9
10120,OA-VPM4,2041.1000000000001
286259,OA-ASM1,2041.3000000000002
10687,OA-AL2i3,2041.3999999999999
12896,OA-VUMa5,2041.6000000000004
11602,OA-ASM1,2042.0000000000002
10799,OA-VUMa4,2042.6999999999998
10110,OA-VUMa1,2043.0
53065,Mi1,2043.0
10555,OA-VUMa3,2043.4
10269,OA-AL2i2,2043.7000000000003
10658,OA-AL2i3,2043.8
10168,OA-VUMa6,2044.6
10226,OA-AL2i3,2044.9
10080,OA-VUMa3,2045.0
11005,OA-VUMa4,2045.3999999999999
10011,OA-AL2i1,2045.5
11608,OA-VUMa2,2045.5
10175,OA-VUMa6,2045.7
12688,OA-ASM1,2045.8000000000002
11921,OA-VPM4,2045.9
10322,OA-AL2i2,2046.5
11264,OA-ASM1,2046.8000000000002
10825,OA-AL2i3,2046.8999999999999
10041,OA-VUMa1,2047.9000000000003
10204,OA-AL2i2,2048.0
10652,OA-AL2i4,2048.1000000000004
10072,OA-AL2i1,2048.3
10265,OA-AL2i2,2048.5
10677,OA-AL2i4,2050.9
10185,OA-VUMa8,2051.0
10187,OA-VPM3,2051.2000000000003
12109,OA-VUMa2,2051.7000000000003
10687,OA-AL2i3,2053.5
10110,OA-VUMa1,2053.7
12896,OA-VUMa5,2053.7
10120,OA-VPM4,2053.9
287884,OA-VPM3,2054.0
11602,OA-ASM1,2054.4
10658,OA-AL2i3,2054.5
286259,OA-ASM1,2054.6000000000004
10269,OA-AL2i2,2055.4
10168,OA-VUMa6,2056.2
10799,OA-VUMa4,2056.3
53065,Mi1,2057.3
10226,OA-AL2i3,2057.3999999999996
11608,OA-VUMa2,2057.3999999999996
10555,OA-VUMa3,2057.6000000000004
10175,OA-VUMa6,2057.7
10011,OA-AL2i1,2057.9
11005,OA-VUMa4,2058.0000000000005
10041,OA-VUMa1,2058.2000000000003
10080,OA-VUMa3,2058.3
10072,OA-AL2i1,2058.5
10322,OA-AL2i2,2058.6000000000004
10825,OA-AL2i3,2058.6000000000004
11921,OA-VPM4,2059.2999999999997
12688,OA-ASM1,2060.2
10265,OA-AL2i2,2060.5
10652,OA-AL2i4,2060.6
10204,OA-AL2i2,2060.9
11264,OA-ASM1,2061.3
10185,OA-VUMa8,2063.2000000000003
12109,OA-VUMa2,2063.6
10187,OA-VPM3,2064.0
10677,OA-AL2i4,2064.3
12896,OA-VUMa5,2065.0
10110,OA-VUMa1,2065.3
10687,OA-AL2i3,2066.1
10120,OA-VPM4,2066.4
11602,OA-ASM1,2066.5
10658,OA-AL2i3,2066.9
287884,OA-VPM3,2067.2999999999997
10168,OA-VUMa6,2068.0
10226,OA-AL2i3,2068.2
10269,OA-AL2i2,2068.3
286259,OA-ASM1,2068.5
10799,OA-VUMa4,2068.6
10041,OA-VUMa1,2069.1
10175,OA-VUMa6,2069.2
11608,OA-VUMa2,2069.3
10072,OA-AL2i1,2070.7
10825,OA-AL2i3,2071.1
11005,OA-VUMa4,2071.1
10322,OA-AL2i2,2071.2000000000003
10011,OA-AL2i1,2071.2999999999997
10080,OA-VUMa3,2071.4
53065,Mi1,2072.1000000000004
10555,OA-VUMa3,2072.3
12688,OA-ASM1,2072.5
10652,OA-AL2i4,2072.9
10265,OA-AL2i2,2073.0
11921,OA-VPM4,2073.2
10204,OA-AL2i2,2073.7000000000003
12109,OA-VUMa2,2074.3
11264,OA-ASM1,2074.7
10185,OA-VUMa8,2075.9
10110,OA-VUMa1,2076.4
10187,OA-VPM3,2076.4
12896,OA-VUMa5,2076.5
10677,OA-AL2i4,2077.2
10120,OA-VPM4,2078.1
10658,OA-AL2i3,2078.6000000000004
10687,OA-AL2i3,2078.6000000000004
11602,OA-ASM1,2079.4
10168,OA-VUMa6,2079.5
10041,OA-VUMa1,2079.7
10269,OA-AL2i2,2080.5
287884,OA-VPM3,2080.6
10072,OA-AL2i1,2080.7000000000003
10226,OA-AL2i3,2080.7000000000003
10799,OA-VUMa4,2081.3
11608,OA-VUMa2,2081.4
10175,OA-VUMa6,2081.9
286259,OA-ASM1,2082.1
10011,OA-AL2i1,2083.1
10825,OA-AL2i3,2084.0
11005,OA-VUMa4,2084.7999999999997
10322,OA-AL2i2,2085.3
12688,OA-ASM1,2085.4
10080,OA-VUMa3,2085.5
10555,OA-VUMa3,2085.7000000000003
10265,OA-AL2i2,2085.8
10652,OA-AL2i4,2086.0000000000005
12109,OA-VUMa2,2086.3
53065,Mi1,2086.3
11921,OA-VPM4,2087.0
11264,OA-ASM1,2087.2999999999997
10204,OA-AL2i2,2087.4
10185,OA-VUMa8,2087.9
12896,OA-VUMa5,2088.2
10110,OA-VUMa1,2088.3
10187,OA-VPM3,2088.9
10658,OA-AL2i3,2090.1
10677,OA-AL2i4,2090.1
10687,OA-AL2i3,2090.1
10072,OA-AL2i1,2090.2000000000003
10120,OA-VPM4,2090.2000000000003
10041,OA-VUMa1,2090.4
11602,OA-ASM1,2090.7
10168,OA-VUMa6,2091.2000000000003
10226,OA-AL2i3,2092.3
287884,OA-VPM3,2092.3
10269,OA-AL2i2,2092.5
11608,OA-VUMa2,2093.1000000000004
10011,OA-AL2i1,2094.1
10175,OA-VUMa6,2094.6000000000004
10799,OA-VUMa4,2094.7
286259,OA-ASM1,2094.8
10825,OA-AL2i3,2096.3
12109,OA-VUMa2,2096.4
11005,OA-VUMa4,2097.1000000000004
10322,OA-AL2i2,2097.6
10080,OA-VUMa3,2097.9
10652,OA-AL2i4,2098.2000000000003
12688,OA-ASM1,2098.5
10555,OA-VUMa3,2098.9
10110,OA-VUMa1,2099.4
10265,OA-AL2i2,2099.4
10185,OA-VUMa8,2099.6
12896,OA-VUMa5,2099.8
10072,OA-AL2i1,2100.2
10187,OA-VPM3,2100.4
11264,OA-ASM1,2100.9
10658,OA-AL2i3,2101.0
53065,Mi1,2101.2
11921,OA-VPM4,2101.3
10204,OA-AL2i2,2101.4
10041,OA-VUMa1,2101.6
10120,OA-VPM4,2102.0000000000005
10677,OA-AL2i4,2102.5
10687,OA-AL2i3,2102.7
10168,OA-VUMa6,2103.2000000000003
11602,OA-ASM1,2103.5
10226,OA-AL2i3,2104.0
11608,OA-VUMa2,2104.5
287884,OA-VPM3,2104.5
10269,OA-AL2i2,2104.8
10011,OA-AL2i1,2105.0
10175,OA-VUMa6,2106.5
286259,OA-ASM1,2107.2000000000003
12109,OA-VUMa2,2107.7
10799,OA-VUMa4,2108.6
11005,OA-VUMa4,2109.4
10825,OA-AL2i3,2109.7000000000003
10185,OA-VUMa8,2110.5
12896,OA-VUMa5,2110.5
10322,OA-AL2i2,2110.7
10072,OA-AL2i1,2110.8
10080,OA-VUMa3,2110.8
12688,OA-ASM1,2111.5
10265,OA-AL2i2,2111.5
10110,OA-VUMa1,2111.6
10041,OA-VUMa1,2111.8999999999996
10652,OA-AL2i4,2111.8999999999996
10555,OA-VUMa3,2112.0
10658,OA-AL2i3,2112.2
10187,OA-VPM3,2113.1000000000004
10204,OA-AL2i2,2114.3
11264,OA-ASM1,2114.3
10120,OA-VPM4,2114.4
10687,OA-AL2i3,2114.5
10677,OA-AL2i4,2115.2000000000003
10226,OA-AL2i3,2115.6
10168,OA-VUMa6,2115.7
11921,OA-VPM4,2115.7
10011,OA-AL2i1,2115.8
11602,OA-ASM1,2115.8
53065,Mi1,2115.8999999999996
11608,OA-VUMa2,2116.3
10269,OA-AL2i2,2116.7000000000003
10175,OA-VUMa6,2117.1000000000004
287884,OA-VPM3,2117.6
12109,OA-VUMa2,2119.5
10799,OA-VUMa4,2120.8
11005,OA-VUMa4,2120.9
286259,OA-ASM1,2121.0
12896,OA-VUMa5,2122.1
10825,OA-AL2i3,2122.2000000000003
10072,OA-AL2i1,2122.4
10185,OA-VUMa8,2122.8
10041,OA-VUMa1,2123.1
10322,OA-AL2i2,2123.1
10265,OA-AL2i2,2123.5
10080,OA-VUMa3,2124.0
10652,OA-AL2i4,2124.3
12688,OA-ASM1,2124.6
10658,OA-AL2i3,2124.8
10110,OA-VUMa1,2124.9
10555,OA-VUMa3,2125.7000000000003
10204,OA-AL2i2,2126.1
10187,OA-VPM3,2126.3
10687,OA-AL2i3,2126.3
11264,OA-ASM1,2126.7
10011,OA-AL2i1,2127.2000000000003
10168,OA-VUMa6,2127.2999999999997
10226,OA-AL2i3,2127.2999999999997
10677,OA-AL2i4,2127.7
10120,OA-VPM4,2128.1
10269,OA-AL2i2,2128.2000000000003
11608,OA-VUMa2,2128.2000000000003
11602,OA-ASM1,2128.8
10175,OA-VUMa6,2129.7999999999997
11921,OA-VPM4,2130.4
53065,Mi1,2130.6000000000004
287884,OA-VPM3,2130.9
12109,OA-VUMa2,2131.8
12896,OA-VUMa5,2133.2
11005,OA-VUMa4,2133.4
10799,OA-VUMa4,2133.7000000000003
286259,OA-ASM1,2134.4
10041,OA-VUMa1,2134.4
10185,OA-VUMa8,2134.8
10825,OA-AL2i3,2135.6
10072,OA-AL2i1,2135.7
10265,OA-AL2i2,2135.9
10322,OA-AL2i2,2135.9
10110,OA-VUMa1,2136.5000000000005
10658,OA-AL2i3,2137.0
10080,OA-VUMa3,2137.1000000000004
10687,OA-AL2i3,2137.9
10204,OA-AL2i2,2138.0
12688,OA-ASM1,2138.0
10652,OA-AL2i4,2138.1
10011,OA-AL2i1,2138.8
10226,OA-AL2i3,2138.8
10555,OA-VUMa3,2138.8
10187,OA-VPM3,2139.1
11608,OA-VUMa2,2139.4
10168,OA-VUMa6,2139.5
10269,OA-AL2i2,2140.3
11264,OA-ASM1,2140.4
10120,OA-VPM4,2141.2
10677,OA-AL2i4,2141.4
11602,OA-ASM1,2141.6
10175,OA-VUMa6,2142.0
11921,OA-VPM4,2144.3
287884,OA-VPM3,2144.4
12109,OA-VUMa2,2144.6
53065,Mi1,2144.9
10041,OA-VUMa1,2145.5
12896,OA-VUMa5,2145.7999999999997
10072,OA-AL2i1,2146.3
11005,OA-VUMa4,2146.6000000000004
10799,OA-VUMa4,2146.8
10265,OA-AL2i2,2147.8
10185,OA-VUMa8,2148.0
10322,OA-AL2i2,2148.1
10110,OA-VUMa1,2148.3
286259,OA-ASM1,2148.4
10658,OA-AL2i3,2148.5000000000005
10825,OA-AL2i3,2148.7000000000003
10080,OA-VUMa3,2149.2
10687,OA-AL2i3,2149.9
10011,OA-AL2i1,2150.5
10168,OA-VUMa6,2150.6000000000004
10204,OA-AL2i2,2150.7
10226,OA-AL2i3,2151.1
10652,OA-AL2i4,2151.1
12688,OA-ASM1,2151.6
10187,OA-VPM3,2151.9
11608,OA-VUMa2,2151.9
10269,OA-AL2i2,2152.3
10120,OA-VPM4,2152.7000000000003
10555,OA-VUMa3,2153.2
10175,OA-VUMa6,2153.7999999999997
11264,OA-ASM1,2153.9
10677,OA-AL2i4,2154.2
11602,OA-ASM1,2154.3
10041,OA-VUMa1,2156.4
12109,OA-VUMa2,2156.6
287884,OA-VPM3,2157.7999999999997
10072,OA-AL2i1,2158.4
11005,OA-VUMa4,2158.6000000000004
12896,OA-VUMa5,2158.6000000000004
11921,OA-VPM4,2159.1
10110,OA-VUMa1,2159.2000000000003
10658,OA-AL2i3,2159.8
10825,OA-AL2i3,2160.0
53065,Mi1,2160.4
10799,OA-VUMa4,2160.5000000000005
10265,OA-AL2i2,2160.8
286259,OA-ASM1,2161.1000000000004
10185,OA-VUMa8,2161.4
10011,OA-AL2i1,2161.5
10322,OA-AL2i2,2161.6
10687,OA-AL2i3,2161.9
10226,OA-AL2i3,2162.4
10080,OA-VUMa3,2162.9
11608,OA-VUMa2,2163.3
10168,OA-VUMa6,2163.4
10204,OA-AL2i2,2163.9
10187,OA-VPM3,2164.1
10652,OA-AL2i4,2164.1
10269,OA-AL2i2,2164.7000000000003
12688,OA-ASM1,2165.1000000000004
10120,OA-VPM4,2165.4
10175,OA-VUMa6,2165.6
10677,OA-AL2i4,2166.4
10041,OA-VUMa1,2166.5
10555,OA-VUMa3,2167.1
11264,OA-ASM1,2167.6000000000004
12109,OA-VUMa2,2167.8
11602,OA-ASM1,2168.2999999999997
12896,OA-VUMa5,2169.5
10110,OA-VUMa1,2170.3
287884,OA-VPM3,2170.3999999999996
10072,OA-AL2i1,2171.5
11005,OA-VUMa4,2171.7
10658,OA-AL2i3,2171.8
10825,OA-AL2i3,2171.9
10185,OA-VUMa8,2172.7000000000003
10799,OA-VUMa4,2173.2
10322,OA-AL2i2,2173.3
11921,OA-VPM4,2173.4
10265,OA-AL2i2,2173.6
10226,OA-AL2i3,2174.0
11608,OA-VUMa2,2174.0
10687,OA-AL2i3,2174.2
10011,OA-AL2i1,2174.9
53065,Mi1,2174.9
10080,OA-VUMa3,2175.3
10168,OA-VUMa6,2175.7
286259,OA-ASM1,2175.8
10652,OA-AL2i4,2176.7000000000003
10041,OA-VUMa1,2176.7000000000003
10175,OA-VUMa6,2177.1000000000004
10269,OA-AL2i2,2177.1000000000004
10204,OA-AL2i2,2177.6
10187,OA-VPM3,2177.7000000000003
12688,OA-ASM1,2178.2
10677,OA-AL2i4,2179.4
10555,OA-VUMa3,2179.9
10120,OA-VPM4,2180.0
12109,OA-VUMa2,2180.2999999999997
11264,OA-ASM1,2180.7000000000003
12896,OA-VUMa5,2180.7000000000003
10110,OA-VUMa1,2181.1000000000004
11602,OA-ASM1,2181.9
11005,OA-VUMa4,2182.6000000000004
10825,OA-AL2i3,2183.6000000000004
10658,OA-AL2i3,2183.8
10185,OA-VUMa8,2184.4
287884,OA-VPM3,2184.5
10072,OA-AL2i1,2184.7000000000003
10226,OA-AL2i3,2185.7000000000003
11608,OA-VUMa2,2185.7999999999997
10322,OA-AL2i2,2185.9
10687,OA-AL2i3,2186.5
10799,OA-VUMa4,2186.7
10265,OA-AL2i2,2186.8
10011,OA-AL2i1,2187.0000000000005
10168,OA-VUMa6,2187.2000000000003
10041,OA-VUMa1,2187.6000000000004
10080,OA-VUMa3,2187.6000000000004
11921,OA-VPM4,2188.2000000000003
53065,Mi1,2188.6
10269,OA-AL2i2,2189.6
10652,OA-AL2i4,2189.6
10175,OA-VUMa6,2189.6
286259,OA-ASM1,2190.1
10204,OA-AL2i2,2190.6000000000004
10187,OA-VPM3,2190.9
12688,OA-ASM1,2190.9
10677,OA-AL2i4,2191.7
10120,OA-VPM4,2192.0
12109,OA-VUMa2,2192.2999999999997
10555,OA-VUMa3,2192.5
10110,OA-VUMa1,2192.6
12896,OA-VUMa5,2193.4
11264,OA-ASM1,2194.1
10072,OA-AL2i1,2195.1
11005,OA-VUMa4,2195.1
10658,OA-AL2i3,2195.5
10825,OA-AL2i3,2196.0
11602,OA-ASM1,2196.2000000000003
10185,OA-VUMa8,2196.7000000000003
11608,OA-VUMa2,2197.1000000000004
10226,OA-AL2i3,2197.4
287884,OA-VPM3,2197.5
10322,OA-AL2i2,2198.6
10011,OA-AL2i1,2199.0000000000005
10168,OA-VUMa6,2199.1
10687,OA-AL2i3,2199.1
10041,OA-VUMa1,2199.2000000000003
10799,OA-VUMa4,2199.8
10080,OA-VUMa3,2199.8
10265,OA-AL2i2,2200.1
10175,OA-VUMa6,2201.3
10652,OA-AL2i4,2201.4
10269,OA-AL2i2,2201.7999999999997
53065,Mi1,2202.9
286259,OA-ASM1,2203.1
11921,OA-VPM4,2203.3
10110,OA-VUMa1,2204.0
12688,OA-ASM1,2204.0
12109,OA-VUMa2,2204.2000000000003
10204,OA-AL2i2,2204.6
10677,OA-AL2i4,2204.7000000000003
10120,OA-VPM4,2204.8
10187,OA-VPM3,2204.9
10555,OA-VUMa3,2205.9
12896,OA-VUMa5,2206.0
11264,OA-ASM1,2207.0000000000005
10658,OA-AL2i3,2207.2000000000003
10825,OA-AL2i3,2207.4
10072,OA-AL2i1,2207.6000000000004
11005,OA-VUMa4,2208.0
11602,OA-ASM1,2208.2999999999997
10226,OA-AL2i3,2208.9
11608,OA-VUMa2,2208.9
10041,OA-VUMa1,2209.4
10011,OA-AL2i1,2210.5
10185,OA-VUMa8,2210.7000000000003
10168,OA-VUMa6,2210.8
10687,OA-AL2i3,2211.2000000000003
10322,OA-AL2i2,2211.4
287884,OA-VPM3,2211.6000000000004
10080,OA-VUMa3,2212.0
10799,OA-VUMa4,2213.4
10265,OA-AL2i2,2213.4
10175,OA-VUMa6,2213.5
10110,OA-VUMa1,2214.1
10652,OA-AL2i4,2214.6
10269,OA-AL2i2,2214.9
12688,OA-ASM1,2216.5
12109,OA-VUMa2,2216.8
53065,Mi1,2217.3
10204,OA-AL2i2,2217.4
286259,OA-ASM1,2217.7000000000003
10072,OA-AL2i1,2217.7999999999997
11921,OA-VPM4,2217.9
10555,OA-VUMa3,2218.1000000000004
10187,OA-VPM3,2218.3
10677,OA-AL2i4,2218.3
10120,OA-VPM4,2218.4
12896,OA-VUMa5,2219.4
11005,OA-VUMa4,2219.5
10825,OA-AL2i3,2219.6000000000004
11264,OA-ASM1,2219.9
10658,OA-AL2i3,2220.2000000000003
10041,OA-VUMa1,2220.8
11602,OA-ASM1,2220.9
11608,OA-VUMa2,2221.3
10011,OA-AL2i1,2221.5
10226,OA-AL2i3,2221.5
10168,OA-VUMa6,2222.7000000000003
10185,OA-VUMa8,2223.0000000000005
10322,OA-AL2i2,2223.4
10687,OA-AL2i3,2223.6000000000004
10110,OA-VUMa1,2225.2
10080,OA-VUMa3,2225.3
287884,OA-VPM3,2225.5
10175,OA-VUMa6,2225.6
10799,OA-VUMa4,2225.7999999999997
10265,OA-AL2i2,2225.9
10269,OA-AL2i2,2226.6
10652,OA-AL2i4,2227.1
10072,OA-AL2i1,2227.3
12109,OA-VUMa2,2228.5
12688,OA-ASM1,2229.8
10204,OA-AL2i2,2231.0000000000005
12896,OA-VUMa5,2231.1
10555,OA-VUMa3,2231.2000000000003
286259,OA-ASM1,2231.4
10187,OA-VPM3,2231.7
53065,Mi1,2231.7
10041,OA-VUMa1,2231.8
10677,OA-AL2i4,2231.9
10825,OA-AL2i3,2232.2999999999997
11005,OA-VUMa4,2232.2999999999997
10011,OA-AL2i1,2232.7
11608,OA-VUMa2,2232.9
11921,OA-VPM4,2233.2
10658,OA-AL2i3,2233.4
11602,OA-ASM1,2233.4
11264,OA-ASM1,2233.6
10120,OA-VPM4,2234.3
10168,OA-VUMa6,2234.5
10226,OA-AL2i3,2235.0000000000005
10185,OA-VUMa8,2235.1
10687,OA-AL2i3,2235.8
10322,OA-AL2i2,2236.1
10110,OA-VUMa1,2236.6
10072,OA-AL2i1,2237.3
10175,OA-VUMa6,2237.6
10080,OA-VUMa3,2237.9
10269,OA-AL2i2,2237.9
10799,OA-VUMa4,2238.3
12109,OA-VUMa2,2238.7000000000003
287884,OA-VPM3,2238.7000000000003
10265,OA-AL2i2,2239.0000000000005
10652,OA-AL2i4,2239.7
12688,OA-ASM1,2241.4
10041,OA-VUMa1,2242.1000000000004
12896,OA-VUMa5,2243.3
286259,OA-ASM1,2243.9
10677,OA-AL2i4,2243.9
11005,OA-VUMa4,2244.1
10204,OA-AL2i2,2244.2999999999997
10555,OA-VUMa3,2244.4
10187,OA-VPM3,2244.7
10825,OA-AL2i3,2245.2
11602,OA-ASM1,2245.4
10168,OA-VUMa6,2245.4
10658,OA-AL2i3,2245.6
11608,OA-VUMa2,2245.8
10011,OA-AL2i1,2245.8
53065,Mi1,2245.9
10120,OA-VPM4,2246.7000000000003
11264,OA-ASM1,2246.7000000000003
10185,OA-VUMa8,2246.9
10072,OA-AL2i1,2247.5
10110,OA-VUMa1,2247.8
10226,OA-AL2i3,2247.9
11921,OA-VPM4,2248.1
10687,OA-AL2i3,2248.2000000000003
10322,OA-AL2i2,2248.4
10175,OA-VUMa6,2249.5000000000005
10080,OA-VUMa3,2250.2
12109,OA-VUMa2,2250.2
10269,OA-AL2i2,2250.3
287884,OA-VPM3,2252.2999999999997
10799,OA-VUMa4,2252.4
10041,OA-VUMa1,2252.4
10265,OA-AL2i2,2252.7
10652,OA-AL2i4,2253.4
12688,OA-ASM1,2253.4
12896,OA-VUMa5,2254.2
11005,OA-VUMa4,2256.5
10677,OA-AL2i4,2256.6
10072,OA-AL2i1,2257.2000000000003
10555,OA-VUMa3,2257.4
10168,OA-VUMa6,2257.5000000000005
10187,OA-VPM3,2257.7000000000003
11608,OA-VUMa2,2257.7000000000003
286259,OA-ASM1,2257.9
10204,OA-AL2i2,2258.4
10658,OA-AL2i3,2258.4
10110,OA-VUMa1,2258.5
10011,OA-AL2i1,2258.6
11602,OA-ASM1,2258.7000000000003
10120,OA-VPM4,2258.7999999999997
10825,OA-AL2i3,2258.9
10185,OA-VUMa8,2259.5
10322,OA-AL2i2,2259.5
11264,OA-ASM1,2259.5
10226,OA-AL2i3,2259.8
10175,OA-VUMa6,2260.2999999999997
10687,OA-AL2i3,2260.2999999999997
53065,Mi1,2260.4
11921,OA-VPM4,2260.8
12109,OA-VUMa2,2262.1000000000004
10269,OA-AL2i2,2262.3
10041,OA-VUMa1,2262.5
10080,OA-VUMa3,2263.1
287884,OA-VPM3,2264.2999999999997
10799,OA-VUMa4,2264.4
10265,OA-AL2i2,2264.6
12688,OA-ASM1,2265.0
10652,OA-AL2i4,2265.6
12896,OA-VUMa5,2265.9
11005,OA-VUMa4,2267.8
11608,OA-VUMa2,2268.6
10677,OA-AL2i4,2268.8
10072,OA-AL2i1,2268.9
10168,OA-VUMa6,2269.1
10110,OA-VUMa1,2269.3
10011,OA-AL2i1,2269.5000000000005
10658,OA-AL2i3,2269.9
10187,OA-VPM3,2270.2
10120,OA-VPM4,2270.5
10825,OA-AL2i3,2270.7999999999997
11602,OA-ASM1,2271.2000000000003
286259,OA-ASM1,2271.8
10555,OA-VUMa3,2271.8
10204,OA-AL2i2,2271.8
10175,OA-VUMa6,2271.9
10185,OA-VUMa8,2272.0
10687,OA-AL2i3,2272.0
10322,OA-AL2i2,2272.2000000000003
12109,OA-VUMa2,2272.7
10226,OA-AL2i3,2273.0
10041,OA-VUMa1,2273.2000000000003
11264,OA-ASM1,2273.8
10269,OA-AL2i2,2273.9
11921,OA-VPM4,2274.6
10080,OA-VUMa3,2275.4
53065,Mi1,2275.5
10265,OA-AL2i2,2277.0
287884,OA-VPM3,2277.0
12896,OA-VUMa5,2277.4
10799,OA-VUMa4,2277.5000000000005
12688,OA-ASM1,2277.5000000000005
10652,OA-AL2i4,2279.1
11005,OA-VUMa4,2279.7
11608,OA-VUMa2,2280.1
10110,OA-VUMa1,2280.4
10658,OA-AL2i3,2280.4
10072,OA-AL2i1,2280.6
10168,OA-VUMa6,2281.0
10011,OA-AL2i1,2282.1000000000004
10120,OA-VPM4,2282.5
10677,OA-AL2i4,2282.7000000000003
10187,OA-VPM3,2282.9
12109,OA-VUMa2,2283.6000000000004
10825,OA-AL2i3,2283.9
10322,OA-AL2i2,2284.1
11602,OA-ASM1,2284.2000000000003
10226,OA-AL2i3,2284.2000000000003
10175,OA-VUMa6,2284.4
10041,OA-VUMa1,2284.5
10204,OA-AL2i2,2284.5
10555,OA-VUMa3,2284.6000000000004
10185,OA-VUMa8,2284.8
10687,OA-AL2i3,2285.0
11264,OA-ASM1,2286.6
286259,OA-ASM1,2286.7000000000003
10269,OA-AL2i2,2286.7999999999997
10080,OA-VUMa3,2288.5
12896,OA-VUMa5,2288.9
11921,OA-VPM4,2289.0
10265,OA-AL2i2,2289.9
287884,OA-VPM3,2289.9
10799,OA-VUMa4,2290.5
12688,OA-ASM1,2290.7999999999997
10110,OA-VUMa1,2291.0
53065,Mi1,2291.4
11005,OA-VUMa4,2291.5
11608,OA-VUMa2,2291.8
10168,OA-VUMa6,2292.2000000000003
10072,OA-AL2i1,2292.4
10658,OA-AL2i3,2292.4
10652,OA-AL2i4,2292.7
10011,OA-AL2i1,2293.0
10120,OA-VPM4,2294.6
12109,OA-VUMa2,2295.1
10226,OA-AL2i3,2295.4
10677,OA-AL2i4,2295.9
10825,OA-AL2i3,2296.0
10187,OA-VPM3,2296.1
10322,OA-AL2i2,2296.4
11602,OA-ASM1,2296.5
10204,OA-AL2i2,2297.0
10175,OA-VUMa6,2297.2000000000003
10041,OA-VUMa1,2297.2999999999997
10555,OA-VUMa3,2297.7000000000003
10185,OA-VUMa8,2297.9
10687,OA-AL2i3,2297.9
10269,OA-AL2i2,2298.6
286259,OA-ASM1,2299.3999999999996
12896,OA-VUMa5,2299.7
11264,OA-ASM1,2300.0
10080,OA-VUMa3,2301.4
10110,OA-VUMa1,2302.0
287884,OA-VPM3,2302.5
11608,OA-VUMa2,2302.7999999999997
10799,OA-VUMa4,2303.3
11005,OA-VUMa4,2303.3
12688,OA-ASM1,2303.3
10265,OA-AL2i2,2303.5
11921,OA-VPM4,2303.5
10168,OA-VUMa6,2304.4
10011,OA-AL2i1,2304.6000000000004
10658,OA-AL2i3,2304.9
10652,OA-AL2i4,2305.2999999999997
10072,OA-AL2i1,2305.4
53065,Mi1,2305.5000000000005
12109,OA-VUMa2,2305.8
10120,OA-VPM4,2306.4
10226,OA-AL2i3,2306.4
10041,OA-VUMa1,2308.0
10322,OA-AL2i2,2308.4
11602,OA-ASM1,2309.0
10825,OA-AL2i3,2309.1
10204,OA-AL2i2,2309.2999999999997
10677,OA-AL2i4,2309.2999999999997
10175,OA-VUMa6,2309.7000000000003
10187,OA-VPM3,2309.7000000000003
12896,OA-VUMa5,2309.8
10687,OA-AL2i3,2310.6
10269,OA-AL2i2,2311.0
10185,OA-VUMa8,2311.2
10555,OA-VUMa3,2311.7
286259,OA-ASM1,2311.9
11608,OA-VUMa2,2312.7
10110,OA-VUMa1,2312.9
11264,OA-ASM1,2313.8
10080,OA-VUMa3,2313.9
287884,OA-VPM3,2314.4
11005,OA-VUMa4,2314.7000000000003
10072,OA-AL2i1,2315.1
10168,OA-VUMa6,2315.3999999999996
12688,OA-ASM1,2315.6000000000004
12109,OA-VUMa2,2316.2000000000003
10799,OA-VUMa4,2316.3
10265,OA-AL2i2,2316.4
10658,OA-AL2i3,2316.7
10011,OA-AL2i1,2316.7
11921,OA-VPM4,2317.8
10120,OA-VPM4,2318.1000000000004
10041,OA-VUMa1,2318.5
10226,OA-AL2i3,2318.7000000000003
10652,OA-AL2i4,2319.1
12896,OA-VUMa5,2320.6000000000004
10322,OA-AL2i2,2320.7
53065,Mi1,2320.7
10204,OA-AL2i2,2321.9
10825,OA-AL2i3,2322.0
10175,OA-VUMa6,2322.1000000000004
10677,OA-AL2i4,2322.1000000000004
10187,OA-VPM3,2322.2
11602,OA-ASM1,2322.5
10185,OA-VUMa8,2322.7999999999997
10687,OA-AL2i3,2323.9
10110,OA-VUMa1,2323.9
11608,OA-VUMa2,2324.4
10269,OA-AL2i2,2324.6000000000004
10555,OA-VUMa3,2325.4
286259,OA-ASM1,2325.5
10080,OA-VUMa3,2325.9
11264,OA-ASM1,2326.5
10168,OA-VUMa6,2326.6
10072,OA-AL2i1,2326.7999999999997
11005,OA-VUMa4,2327.3
12109,OA-VUMa2,2327.3
10011,OA-AL2i1,2328.4
10658,OA-AL2i3,2328.5
287884,OA-VPM3,2328.6000000000004
10041,OA-VUMa1,2328.7
12688,OA-ASM1,2329.2000000000003
10799,OA-VUMa4,2329.5
10265,OA-AL2i2,2329.8
10226,OA-AL2i3,2330.7000000000003
10120,OA-VPM4,2331.0
10652,OA-AL2i4,2331.4
12896,OA-VUMa5,2331.4
11921,OA-VPM4,2331.8
10322,OA-AL2i2,2332.8
10175,OA-VUMa6,2333.6
10187,OA-VPM3,2334.4
10185,OA-VUMa8,2334.5
10204,OA-AL2i2,2334.6
53065,Mi1,2334.7000000000003
10110,OA-VUMa1,2335.1
10677,OA-AL2i4,2335.1
11602,OA-ASM1,2335.3
11608,OA-VUMa2,2335.4
10687,OA-AL2i3,2335.5
10825,OA-AL2i3,2335.6
10072,OA-AL2i1,2336.9
10269,OA-AL2i2,2337.0
10555,OA-VUMa3,2338.1000000000004
286259,OA-ASM1,2338.2
10168,OA-VUMa6,2338.3
12109,OA-VUMa2,2338.4
10080,OA-VUMa3,2338.6
11005,OA-VUMa4,2338.9
11264,OA-ASM1,2339.2
10041,OA-VUMa1,2339.4
10658,OA-AL2i3,2340.3
10011,OA-AL2i1,2340.6000000000004
287884,OA-VPM3,2341.2999999999997
10265,OA-AL2i2,2341.4
12688,OA-ASM1,2341.6
12896,OA-VUMa5,2342.3
10226,OA-AL2i3,2342.5
10120,OA-VPM4,2342.6
10799,OA-VUMa4,2342.6
10652,OA-AL2i4,2344.4
10175,OA-VUMa6,2344.7
10322,OA-AL2i2,2345.1
11608,OA-VUMa2,2345.7
11921,OA-VPM4,2345.7
10110,OA-VUMa1,2346.1000000000004
10072,OA-AL2i1,2346.3
10185,OA-VUMa8,2347.3
10187,OA-VPM3,2347.3
11602,OA-ASM1,2347.9
10204,OA-AL2i2,2348.2000000000003
10687,OA-AL2i3,2348.4
10677,OA-AL2i4,2348.5
53065,Mi1,2348.8
12109,OA-VUMa2,2349.2999999999997
10825,OA-AL2i3,2349.2999999999997
10041,OA-VUMa1,2350.1000000000004
10168,OA-VUMa6,2350.1000000000004
10269,OA-AL2i2,2350.2
11005,OA-VUMa4,2350.3
286259,OA-ASM1,2351.2
10555,OA-VUMa3,2351.3
10011,OA-AL2i1,2351.6
11264,OA-ASM1,2352.0000000000005
12896,OA-VUMa5,2352.6000000000004
10658,OA-AL2i3,2352.7
10080,OA-VUMa3,2352.9
10265,OA-AL2i2,2353.4
10226,OA-AL2i3,2354.0
10799,OA-VUMa4,2354.7000000000003
287884,OA-VPM3,2354.8
12688,OA-ASM1,2354.9
10120,OA-VPM4,2355.2
10072,OA-AL2i1,2356.2000000000003
10652,OA-AL2i4,2356.2000000000003
11608,OA-VUMa2,2356.2000000000003
10110,OA-VUMa1,2356.9
10175,OA-VUMa6,2356.9
10322,OA-AL2i2,2357.1
11921,OA-VPM4,2359.2
11602,OA-ASM1,2359.4
10187,OA-VPM3,2360.0000000000005
10185,OA-VUMa8,2360.1
10204,OA-AL2i2,2360.4
12109,OA-VUMa2,2360.4
10677,OA-AL2i4,2360.5
10041,OA-VUMa1,2360.7
10687,OA-AL2i3,2360.7
11005,OA-VUMa4,2361.8
10168,OA-VUMa6,2362.0
10825,OA-AL2i3,2362.4
53065,Mi1,2363.0
10011,OA-AL2i1,2363.7000000000003
10269,OA-AL2i2,2363.7999999999997
11264,OA-ASM1,2364.0000000000005
12896,OA-VUMa5,2364.0000000000005
10658,OA-AL2i3,2364.3
286259,OA-ASM1,2364.5
10080,OA-VUMa3,2365.2000000000003
10265,OA-AL2i2,2365.2999999999997
10072,OA-AL2i1,2366.3
10555,OA-VUMa3,2366.3
287884,OA-VPM3,2366.7000000000003
10226,OA-AL2i3,2367.2
12688,OA-ASM1,2367.2
10799,OA-VUMa4,2367.6
11608,OA-VUMa2,2367.7999999999997
10110,OA-VUMa1,2368.2000000000003
10322,OA-AL2i2,2368.5
10175,OA-VUMa6,2368.6000000000004
10120,OA-VPM4,2369.0
10652,OA-AL2i4,2370.1000000000004
10041,OA-VUMa1,2371.9
11602,OA-ASM1,2371.9
12109,OA-VUMa2,2372.1
11921,OA-VPM4,2372.2000000000003
10204,OA-AL2i2,2372.5
10187,OA-VPM3,2372.9
10185,OA-VUMa8,2373.1
11005,OA-VUMa4,2373.1
10687,OA-AL2i3,2373.2000000000003
10168,OA-VUMa6,2374.0
10677,OA-AL2i4,2374.0
12896,OA-VUMa5,2374.2
10072,OA-AL2i1,2375.0
10011,OA-AL2i1,2375.0
10825,OA-AL2i3,2375.2
10269,OA-AL2i2,2375.9
10658,OA-AL2i3,2376.5
10080,OA-VUMa3,2377.1
11264,OA-ASM1,2377.1
10265,OA-AL2i2,2377.8999999999996
53065,Mi1,2378.1000000000004
10226,OA-AL2i3,2378.5000000000005
286259,OA-ASM1,2378.8
287884,OA-VPM3,2378.9
10110,OA-VUMa1,2379.3
10555,OA-VUMa3,2379.3
11608,OA-VUMa2,2379.3
10322,OA-AL2i2,2379.7999999999997
12688,OA-ASM1,2379.7999999999997
10120,OA-VPM4,2380.0
10175,OA-VUMa6,2380.8
10799,OA-VUMa4,2381.2999999999997
10041,OA-VUMa1,2382.2000000000003
12109,OA-VUMa2,2382.8
10652,OA-AL2i4,2383.1000000000004
10072,OA-AL2i1,2384.4
11005,OA-VUMa4,2384.8
10185,OA-VUMa8,2384.9
10687,OA-AL2i3,2384.9
12896,OA-VUMa5,2385.0
10187,OA-VPM3,2385.2000000000003
10204,OA-AL2i2,2385.2999999999997
11602,OA-ASM1,2385.2999999999997
11921,OA-VPM4,2385.6
10011,OA-AL2i1,2386.2000000000003
10168,OA-VUMa6,2386.5000000000005
10825,OA-AL2i3,2387.4
10677,OA-AL2i4,2387.5
10658,OA-AL2i3,2387.7999999999997
10080,OA-VUMa3,2388.3
10269,OA-AL2i2,2388.6000000000004
10110,OA-VUMa1,2389.7
10226,OA-AL2i3,2390.0
10265,OA-AL2i2,2390.0
11264,OA-ASM1,2390.5000000000005
11608,OA-VUMa2,2390.5000000000005
286259,OA-ASM1,2391.2
10322,OA-AL2i2,2391.4
12688,OA-ASM1,2392.5
10041,OA-VUMa1,2392.6000000000004
10120,OA-VPM4,2392.8
287884,OA-VPM3,2392.8
53065,Mi1,2392.9
10555,OA-VUMa3,2393.1
10175,OA-VUMa6,2393.2000000000003
10072,OA-AL2i1,2393.4
12109,OA-VUMa2,2394.1
10799,OA-VUMa4,2394.2000000000003
12896,OA-VUMa5,2396.5
10652,OA-AL2i4,2397.0
11005,OA-VUMa4,2397.2000000000003
10185,OA-VUMa8,2397.6
10687,OA-AL2i3,2397.7
10187,OA-VPM3,2397.8
10204,OA-AL2i2,2398.0
11602,OA-ASM1,2398.0
10011,OA-AL2i1,2398.5000000000005
10658,OA-AL2i3,2398.8
10168,OA-VUMa6,2398.9
10825,OA-AL2i3,2399.7000000000003
10677,OA-AL2i4,2399.9
10110,OA-VUMa1,2400.1
11921,OA-VPM4,2400.9
10080,OA-VUMa3,2401.0
10269,OA-AL2i2,2401.1
11608,OA-VUMa2,2401.2000000000003
10226,OA-AL2i3,2401.2999999999997
10265,OA-AL2i2,2402.2000000000003
10072,OA-AL2i1,2402.6
10041,OA-VUMa1,2402.9
11264,OA-ASM1,2403.9
12688,OA-ASM1,2404.0
10322,OA-AL2i2,2404.1
286259,OA-ASM1,2404.2000000000003
10175,OA-VUMa6,2404.6000000000004
10120,OA-VPM4,2405.1
12109,OA-VUMa2,2405.1
10555,OA-VUMa3,2406.2000000000003
287884,OA-VPM3,2406.3
10799,OA-VUMa4,2406.5000000000005
12896,OA-VUMa5,2407.5
53065,Mi1,2409.2999999999997
10652,OA-AL2i4,2409.4
10110,OA-VUMa1,2410.1
11005,OA-VUMa4,2410.1
10204,OA-AL2i2,2410.2000000000003
10011,OA-AL2i1,2410.4
10687,OA-AL2i3,2410.4
10658,OA-AL2i3,2410.7000000000003
11602,OA-ASM1,2410.7000000000003
10185,OA-VUMa8,2410.8
10187,OA-VPM3,2410.9
10168,OA-VUMa6,2411.1000000000004
10825,OA-AL2i3,2411.6
10226,OA-AL2i3,2412.5
10072,OA-AL2i1,2412.6000000000004
11608,OA-VUMa2,2412.7
10269,OA-AL2i2,2413.0
10677,OA-AL2i4,2413.4
10041,OA-VUMa1,2413.5
10080,OA-VUMa3,2414.6
10265,OA-AL2i2,2414.7000000000003
10322,OA-AL2i2,2415.4
11921,OA-VPM4,2415.4
10175,OA-VUMa6,2416.6000000000004
12688,OA-ASM1,2417.4
11264,OA-ASM1,2417.6000000000004
12109,OA-VUMa2,2418.0
10120,OA-VPM4,2418.5000000000005
10799,OA-VUMa4,2419.3
286259,OA-ASM1,2419.5
12896,OA-VUMa5,2419.7999999999997
287884,OA-VPM3,2419.7999999999997
10555,OA-VUMa3,2419.7999999999997
10110,OA-VUMa1,2420.9
11005,OA-VUMa4,2422.2000000000003
10652,OA-AL2i4,2422.2999999999997
10072,OA-AL2i1,2422.4
10687,OA-AL2i3,2422.5000000000005
10658,OA-AL2i3,2422.6
10204,OA-AL2i2,2422.7000000000003
10011,OA-AL2i1,2422.8
53065,Mi1,2422.9
10168,OA-VUMa6,2423.1000000000004
10187,OA-VPM3,2423.5
11608,OA-VUMa2,2423.7999999999997
11602,OA-ASM1,2424.0
10185,OA-VUMa8,2424.1
10041,OA-VUMa1,2424.5
10269,OA-AL2i2,2425.2000000000003
10226,OA-AL2i3,2425.3
10825,OA-AL2i3,2425.6000000000004
10677,OA-AL2i4,2425.9
10322,OA-AL2i2,2426.7000000000003
10080,OA-VUMa3,2427.2
10265,OA-AL2i2,2427.5
10175,OA-VUMa6,2428.1
11921,OA-VPM4,2429.7
12109,OA-VUMa2,2429.8
12688,OA-ASM1,2430.0
10120,OA-VPM4,2430.2000000000003
11264,OA-ASM1,2430.7000000000003
10110,OA-VUMa1,2431.7999999999997
10799,OA-VUMa4,2431.7999999999997
286259,OA-ASM1,2431.7999999999997
12896,OA-VUMa5,2432.1
287884,OA-VPM3,2432.7
10555,OA-VUMa3,2433.4
11005,OA-VUMa4,2433.8
10687,OA-AL2i3,2434.2000000000003
10168,OA-VUMa6,2434.2999999999997
10072,OA-AL2i1,2434.8
10652,OA-AL2i4,2434.9
10011,OA-AL2i1,2435.0
10658,OA-AL2i3,2435.1000000000004
10041,OA-VUMa1,2435.4
10187,OA-VPM3,2435.5
11608,OA-VUMa2,2436.3
10204,OA-AL2i2,2436.8
10226,OA-AL2i3,2436.9
53065,Mi1,2437.4
10185,OA-VUMa8,2437.6000000000004
10269,OA-AL2i2,2438.2000000000003
10825,OA-AL2i3,2438.2000000000003
11602,OA-ASM1,2438.2999999999997
10322,OA-AL2i2,2438.8
10175,OA-VUMa6,2439.6
10265,OA-AL2i2,2439.7000000000003
10080,OA-VUMa3,2439.7999999999997
10677,OA-AL2i4,2440.2
10120,OA-VPM4,2441.5
12109,OA-VUMa2,2441.6000000000004
12688,OA-ASM1,2442.4
10110,OA-VUMa1,2442.9
10799,OA-VUMa4,2443.1000000000004
11264,OA-ASM1,2443.7999999999997
11921,OA-VPM4,2444.1
12896,OA-VUMa5,2444.3
286259,OA-ASM1,2444.6000000000004
287884,OA-VPM3,2445.7
10168,OA-VUMa6,2445.8
10555,OA-VUMa3,2445.9
10041,OA-VUMa1,2446.1
10658,OA-AL2i3,2446.2999999999997
10687,OA-AL2i3,2446.6
10652,OA-AL2i4,2446.7000000000003
11005,OA-VUMa4,2446.9
10072,OA-AL2i1,2447.1000000000004
10011,OA-AL2i1,2447.7999999999997
11608,OA-VUMa2,2448.1
10187,OA-VPM3,2448.2
10226,OA-AL2i3,2449.2000000000003
10185,OA-VUMa8,2449.6000000000004
10204,OA-AL2i2,2449.6000000000004
10322,OA-AL2i2,2450.0
10269,OA-AL2i2,2450.2999999999997
11602,OA-ASM1,2450.2999999999997
10825,OA-AL2i3,2450.6
10175,OA-VUMa6,2451.1000000000004
10265,OA-AL2i2,2452.0
53065,Mi1,2452.1
10080,OA-VUMa3,2452.1
10677,OA-AL2i4,2452.8
10120,OA-VPM4,2452.9
10110,OA-VUMa1,2453.8
12109,OA-VUMa2,2454.0
12688,OA-ASM1,2454.4
10799,OA-VUMa4,2456.1
12896,OA-VUMa5,2456.3
10041,OA-VUMa1,2456.4
11264,OA-ASM1,2456.7000000000003
10168,OA-VUMa6,2457.7
11921,OA-VPM4,2457.7
10658,OA-AL2i3,2458.0
287884,OA-VPM3,2458.1
10555,OA-VUMa3,2458.2999999999997
11005,OA-VUMa4,2458.6
286259,OA-ASM1,2458.8
10687,OA-AL2i3,2459.2
10652,OA-AL2i4,2459.4
10072,OA-AL2i1,2459.7999999999997
11608,OA-VUMa2,2460.1
10011,OA-AL2i1,2460.5
10226,OA-AL2i3,2460.8
10187,OA-VPM3,2461.5
10322,OA-AL2i2,2461.9
10185,OA-VUMa8,2462.1
10825,OA-AL2i3,2462.6
10175,OA-VUMa6,2462.6
10204,OA-AL2i2,2462.6
10269,OA-AL2i2,2462.8
11602,OA-ASM1,2463.5
10080,OA-VUMa3,2464.0
10265,OA-AL2i2,2464.3
10120,OA-VPM4,2464.3
10677,OA-AL2i4,2465.1
10110,OA-VUMa1,2465.1
12109,OA-VUMa2,2466.0
53065,Mi1,2466.2999999999997
12688,OA-ASM1,2466.9
10041,OA-VUMa1,2467.1000000000004
12896,OA-VUMa5,2467.7999999999997
10799,OA-VUMa4,2468.7000000000003
10658,OA-AL2i3,2469.2000000000003
10168,OA-VUMa6,2469.9
11005,OA-VUMa4,2470.1
11264,OA-ASM1,2470.1
287884,OA-VPM3,2470.4
10555,OA-VUMa3,2471.0
10652,OA-AL2i4,2471.3
11921,OA-VPM4,2471.3
10011,OA-AL2i1,2471.6
10226,OA-AL2i3,2471.6
10072,OA-AL2i1,2471.7000000000003
11608,OA-VUMa2,2472.0
286259,OA-ASM1,2472.3
10687,OA-AL2i3,2472.4
10322,OA-AL2i2,2473.8
10187,OA-VPM3,2474.1
10175,OA-VUMa6,2474.5
10185,OA-VUMa8,2474.7
10110,OA-VUMa1,2475.6
10825,OA-AL2i3,2475.6
10080,OA-VUMa3,2475.7000000000003
10204,OA-AL2i2,2476.0
10120,OA-VPM4,2476.1000000000004
10269,OA-AL2i2,2476.1000000000004
11602,OA-ASM1,2476.2
10265,OA-AL2i2,2476.5
12109,OA-VUMa2,2477.5
10041,OA-VUMa1,2477.5
10677,OA-AL2i4,2478.1
12688,OA-ASM1,2480.2
12896,OA-VUMa5,2480.6
11005,OA-VUMa4,2481.4
10168,OA-VUMa6,2481.5
53065,Mi1,2481.5
10799,OA-VUMa4,2481.6000000000004
10658,OA-AL2i3,2482.0
287884,OA-VPM3,2482.7
11608,OA-VUMa2,2483.0
10555,OA-VUMa3,2483.1000000000004
10072,OA-AL2i1,2483.5
10011,OA-AL2i1,2483.7000000000003
10226,OA-AL2i3,2483.7000000000003
10652,OA-AL2i4,2483.9
11264,OA-ASM1,2484.0
10687,OA-AL2i3,2484.4
286259,OA-ASM1,2485.3
10322,OA-AL2i2,2485.4
11921,OA-VPM4,2485.9
10187,OA-VPM3,2486.2999999999997
10185,OA-VUMa8,2486.7
10175,OA-VUMa6,2486.8
10110,OA-VUMa1,2487.2
10041,OA-VUMa1,2487.8
10825,OA-AL2i3,2487.8
10120,OA-VPM4,2488.0
10269,OA-AL2i2,2488.0
11602,OA-ASM1,2488.7000000000003
10265,OA-AL2i2,2489.0000000000005
10204,OA-AL2i2,2489.1
12109,OA-VUMa2,2489.1
10080,OA-VUMa3,2490.2000000000003
10677,OA-AL2i4,2490.9
12896,OA-VUMa5,2491.8
12688,OA-ASM1,2493.3
10658,OA-AL2i3,2493.5
10072,OA-AL2i1,2493.9
11005,OA-VUMa4,2494.2000000000003
10168,OA-VUMa6,2494.6
10799,OA-VUMa4,2494.8
10011,OA-AL2i1,2495.0
11608,OA-VUMa2,2495.4
53065,Mi1,2495.6
287884,OA-VPM3,2495.6
10687,OA-AL2i3,2496.4
10226,OA-AL2i3,2496.5
10555,OA-VUMa3,2496.6
11264,OA-ASM1,2497.2000000000003
10652,OA-AL2i4,2497.3
10322,OA-AL2i2,2497.5
10187,OA-VPM3,2498.0
10110,OA-VUMa1,2498.8
10175,OA-VUMa6,2499.0
10185,OA-VUMa8,2499.1000000000004
10041,OA-VUMa1,2499.9
11921,OA-VPM4,2499.9
10269,OA-AL2i2,2500.6
12109,OA-VUMa2,2500.6
10825,OA-AL2i3,2500.7999999999997
10120,OA-VPM4,2500.9
286259,OA-ASM1,2501.1
11602,OA-ASM1,2501.8
10265,OA-AL2i2,2502.1
10204,OA-AL2i2,2502.5
10080,OA-VUMa3,2503.4
12896,OA-VUMa5,2503.7000000000003
10677,OA-AL2i4,2504.1000000000004
10658,OA-AL2i3,2504.7999999999997
10072,OA-AL2i1,2506.0
10168,OA-VUMa6,2506.1
11005,OA-VUMa4,2506.4
12688,OA-ASM1,2506.8
11608,OA-VUMa2,2507.2
10011,OA-AL2i1,2507.7000000000003
10799,OA-VUMa4,2508.2
10226,OA-AL2i3,2508.6
287884,OA-VPM3,2508.9
10322,OA-AL2i2,2509.3
10687,OA-AL2i3,2509.5
10652,OA-AL2i4,2510.2000000000003
10187,OA-VPM3,2510.2999999999997
10555,OA-VUMa3,2510.5
10110,OA-VUMa1,2510.6
11264,OA-ASM1,2511.0
53065,Mi1,2511.0
10175,OA-VUMa6,2511.4
12109,OA-VUMa2,2511.6
10041,OA-VUMa1,2511.8
10269,OA-AL2i2,2511.8
10185,OA-VUMa8,2512.5
10825,OA-AL2i3,2512.5
11921,OA-VPM4,2513.3
286259,OA-ASM1,2513.6000000000004
10120,OA-VPM4,2513.7
10265,OA-AL2i2,2514.1
12896,OA-VUMa5,2514.8
11602,OA-ASM1,2515.0
10072,OA-AL2i1,2515.9
10658,OA-AL2i3,2516.2
10080,OA-VUMa3,2516.3
10204,OA-AL2i2,2516.5
10677,OA-AL2i4,2516.7999999999997
10168,OA-VUMa6,2517.6000000000004
11005,OA-VUMa4,2518.1
11608,OA-VUMa2,2518.4
12688,OA-ASM1,2519.1000000000004
10011,OA-AL2i1,2519.3
10322,OA-AL2i2,2520.0
10226,OA-AL2i3,2520.7000000000003
10799,OA-VUMa4,2521.3
287884,OA-VPM3,2521.8
10110,OA-VUMa1,2522.0
10687,OA-AL2i3,2522.5
12109,OA-VUMa2,2522.7
10652,OA-AL2i4,2522.8
10175,OA-VUMa6,2522.9
10187,OA-VPM3,2523.0
10041,OA-VUMa1,2523.3
10269,OA-AL2i2,2524.0
10555,OA-VUMa3,2524.1000000000004
10185,OA-VUMa8,2525.2000000000003
10825,OA-AL2i3,2525.2000000000003
11264,OA-ASM1,2525.2000000000003
10072,OA-AL2i1,2525.4
10120,OA-VPM4,2525.6000000000004
53065,Mi1,2525.7
12896,OA-VUMa5,2526.5
10265,OA-AL2i2,2526.6
11602,OA-ASM1,2527.4
286259,OA-ASM1,2527.7000000000003
10658,OA-AL2i3,2528.5
11921,OA-VPM4,2528.5
10204,OA-AL2i2,2528.7999999999997
10080,OA-VUMa3,2529.1
10168,OA-VUMa6,2529.2000000000003
11005,OA-VUMa4,2529.6000000000004
11608,OA-VUMa2,2529.8
10677,OA-AL2i4,2530.0
10011,OA-AL2i1,2531.2000000000003
10226,OA-AL2i3,2531.2000000000003
10322,OA-AL2i2,2531.5000000000005
12688,OA-ASM1,2532.1000000000004
10110,OA-VUMa1,2532.3
12109,OA-VUMa2,2534.0
287884,OA-VPM3,2534.5
10041,OA-VUMa1,2534.6
10175,OA-VUMa6,2534.8
10799,OA-VUMa4,2534.8
10687,OA-AL2i3,2534.9
10072,OA-AL2i1,2535.0
10652,OA-AL2i4,2535.5000000000005
10187,OA-VPM3,2536.2
10120,OA-VPM4,2536.7000000000003
10555,OA-VUMa3,2536.7999999999997
10269,OA-AL2i2,2537.0
10185,OA-VUMa8,2537.7
12896,OA-VUMa5,2537.9
11264,OA-ASM1,2538.2000000000003
10825,OA-AL2i3,2538.4
10265,OA-AL2i2,2539.0
286259,OA-ASM1,2539.5000000000005
11602,OA-ASM1,2539.7000000000003
10658,OA-AL2i3,2539.9
10168,OA-VUMa6,2540.7000000000003
53065,Mi1,2540.7000000000003
10204,OA-AL2i2,2541.2
11608,OA-VUMa2,2541.3
10080,OA-VUMa3,2541.7
11005,OA-VUMa4,2541.7
10226,OA-AL2i3,2542.2999999999997
10110,OA-VUMa1,2542.5
11921,OA-VPM4,2542.8
10322,OA-AL2i2,2543.1
10677,OA-AL2i4,2543.2000000000003
10011,OA-AL2i1,2543.3
12688,OA-ASM1,2544.2
10041,OA-VUMa1,2544.9
10072,OA-AL2i1,2545.1
12109,OA-VUMa2,2545.5
10175,OA-VUMa6,2545.9
10687,OA-AL2i3,2547.3
10799,OA-VUMa4,2547.4
287884,OA-VPM3,2547.8
10652,OA-AL2i4,2547.9
12896,OA-VUMa5,2548.9
10120,OA-VPM4,2549.7
10187,OA-VPM3,2549.7
10185,OA-VUMa8,2549.9
10269,OA-AL2i2,2550.0
10555,OA-VUMa3,2550.7
10265,OA-AL2i2,2551.1
10825,OA-AL2i3,2551.2000000000003
11264,OA-ASM1,2551.7000000000003
10168,OA-VUMa6,2551.9
10658,OA-AL2i3,2551.9
11602,OA-ASM1,2552.0
286259,OA-ASM1,2552.1000000000004
11608,OA-VUMa2,2552.4
10110,OA-VUMa1,2552.7000000000003
11005,OA-VUMa4,2553.3
10226,OA-AL2i3,2553.7
10204,OA-AL2i2,2554.7
10072,OA-AL2i1,2554.8
10041,OA-VUMa1,2555.2000000000003
10080,OA-VUMa3,2555.2000000000003
10677,OA-AL2i4,2555.5000000000005
12688,OA-ASM1,2555.6
10011,OA-AL2i1,2555.6
10322,OA-AL2i2,2556.1000000000004
53065,Mi1,2556.2
11921,OA-VPM4,2556.4
12109,OA-VUMa2,2556.6
10175,OA-VUMa6,2558.6000000000004
10687,OA-AL2i3,2559.4
12896,OA-VUMa5,2560.0
10799,OA-VUMa4,2560.9
10652,OA-AL2i4,2561.2
287884,OA-VPM3,2561.2
10269,OA-AL2i2,2562.0
10120,OA-VPM4,2562.1
10185,OA-VUMa8,2563.2000000000003
10658,OA-AL2i3,2563.2000000000003
11608,OA-VUMa2,2563.2999999999997
10168,OA-VUMa6,2563.6
10110,OA-VUMa1,2563.8
10265,OA-AL2i2,2563.8
10187,OA-VPM3,2563.9
10555,OA-VUMa3,2563.9
10825,OA-AL2i3,2564.4
11005,OA-VUMa4,2565.1
11264,OA-ASM1,2565.5
11602,OA-ASM1,2565.8
10041,OA-VUMa1,2566.0
10226,OA-AL2i3,2566.1
10072,OA-AL2i1,2566.3
286259,OA-ASM1,2566.5
10011,OA-AL2i1,2567.0
10080,OA-VUMa3,2567.2000000000003
10204,OA-AL2i2,2567.2999999999997
10322,OA-AL2i2,2567.5000000000005
12688,OA-ASM1,2567.7000000000003
10677,OA-AL2i4,2568.1000000000004
12109,OA-VUMa2,2568.6
11921,OA-VPM4,2570.6000000000004
10175,OA-VUMa6,2570.8
53065,Mi1,2571.0
10687,OA-AL2i3,2571.2999999999997
12896,OA-VUMa5,2571.6
10799,OA-VUMa4,2573.5
10269,OA-AL2i2,2574.0000000000005
10120,OA-VPM4,2574.3
10652,OA-AL2i4,2574.3
287884,OA-VPM3,2574.6000000000004
11608,OA-VUMa2,2575.0
10658,OA-AL2i3,2575.2000000000003
10168,OA-VUMa6,2575.4
10265,OA-AL2i2,2575.8
11005,OA-VUMa4,2575.9
10110,OA-VUMa1,2576.0
10185,OA-VUMa8,2576.6
10825,OA-AL2i3,2576.7000000000003
10041,OA-VUMa1,2577.3999999999996
10187,OA-VPM3,2577.5
10555,OA-VUMa3,2577.8
10226,OA-AL2i3,2577.9
10072,OA-AL2i1,2578.1
11264,OA-ASM1,2578.5
10011,OA-AL2i1,2578.5
11602,OA-ASM1,2578.6000000000004
10322,OA-AL2i2,2579.0
12109,OA-VUMa2,2579.6
10080,OA-VUMa3,2580.1000000000004
10204,OA-AL2i2,2580.7999999999997
12688,OA-ASM1,2581.0
10677,OA-AL2i4,2581.5
286259,OA-ASM1,2582.1
10175,OA-VUMa6,2582.2000000000003
12896,OA-VUMa5,2582.4
10687,OA-AL2i3,2583.5
11921,OA-VPM4,2585.0
53065,Mi1,2585.8
10799,OA-VUMa4,2586.1
10658,OA-AL2i3,2586.2000000000003
10168,OA-VUMa6,2586.3
11608,OA-VUMa2,2586.4
10269,OA-AL2i2,2586.6000000000004
10120,OA-VPM4,2587.1
10652,OA-AL2i4,2587.1
10072,OA-AL2i1,2587.5
10110,OA-VUMa1,2587.6
11005,OA-VUMa4,2587.6
287884,OA-VPM3,2588.3
10185,OA-VUMa8,2588.6
10041,OA-VUMa1,2588.9
10265,OA-AL2i2,2589.1
10187,OA-VPM3,2589.4
10226,OA-AL2i3,2589.4
10825,OA-AL2i3,2590.2000000000003
10322,OA-AL2i2,2590.6000000000004
10011,OA-AL2i1,2590.7
12109,OA-VUMa2,2590.9
11264,OA-ASM1,2591.0
10555,OA-VUMa3,2591.2000000000003
11602,OA-ASM1,2591.6
12896,OA-VUMa5,2592.9
10204,OA-AL2i2,2593.5
10175,OA-VUMa6,2593.6
12688,OA-ASM1,2593.6
10080,OA-VUMa3,2593.7000000000003
10677,OA-AL2i4,2594.4
10687,OA-AL2i3,2595.4
286259,OA-ASM1,2595.8
10658,OA-AL2i3,2596.7999999999997
11608,OA-VUMa2,2597.3
10110,OA-VUMa1,2597.8
10168,OA-VUMa6,2598.2000000000003
11921,OA-VPM4,2598.9
10072,OA-AL2i1,2599.0
10269,OA-AL2i2,2599.1
10652,OA-AL2i4,2599.2000000000003
10120,OA-VPM4,2599.2999999999997
53065,Mi1,2599.9
10799,OA-VUMa4,2600.3
11005,OA-VUMa4,2600.5
10041,OA-VUMa1,2600.9
10226,OA-AL2i3,2601.0
287884,OA-VPM3,2601.9
10187,OA-VPM3,2601.9
10185,OA-VUMa8,2602.2000000000003
10265,OA-AL2i2,2602.2000000000003
12109,OA-VUMa2,2602.2000000000003
10322,OA-AL2i2,2602.4
10011,OA-AL2i1,2602.5
10825,OA-AL2i3,2603.4
11264,OA-ASM1,2603.5
12896,OA-VUMa5,2604.5
10175,OA-VUMa6,2604.7000000000003
11602,OA-ASM1,2604.7000000000003
10555,OA-VUMa3,2604.9
10080,OA-VUMa3,2606.5
12688,OA-ASM1,2606.6000000000004
10677,OA-AL2i4,2606.8
10204,OA-AL2i2,2606.9
10687,OA-AL2i3,2607.5
11608,OA-VUMa2,2607.9
10658,OA-AL2i3,2608.2
10110,OA-VUMa1,2608.2
10072,OA-AL2i1,2609.0
10168,OA-VUMa6,2609.6
286259,OA-ASM1,2610.2000000000003
10269,OA-AL2i2,2610.9
10120,OA-VPM4,2611.2999999999997
10652,OA-AL2i4,2612.1000000000004
10041,OA-VUMa1,2612.3
11921,OA-VPM4,2613.3
11005,OA-VUMa4,2613.6
12109,OA-VUMa2,2613.7000000000003
10226,OA-AL2i3,2613.9
10185,OA-VUMa8,2614.2000000000003
10011,OA-AL2i1,2614.4
287884,OA-VPM3,2614.5
10322,OA-AL2i2,2614.6000000000004
53065,Mi1,2614.8
12896,OA-VUMa5,2614.9
10187,OA-VPM3,2615.5
10799,OA-VUMa4,2615.6
10175,OA-VUMa6,2615.8
10265,OA-AL2i2,2615.8
10825,OA-AL2i3,2616.5
11264,OA-ASM1,2616.7000000000003
11602,OA-ASM1,2618.1
12688,OA-ASM1,2618.5
10072,OA-AL2i1,2618.6000000000004
10555,OA-VUMa3,2618.6000000000004
10110,OA-VUMa1,2619.1
10080,OA-VUMa3,2619.5
11608,OA-VUMa2,2619.6
10687,OA-AL2i3,2619.7
10658,OA-AL2i3,2619.8
10204,OA-AL2i2,2620.7000000000003
10677,OA-AL2i4,2620.8
10168,OA-VUMa6,2621.0
10041,OA-VUMa1,2623.1
10120,OA-VPM4,2623.2999999999997
10269,OA-AL2i2,2624.1000000000004
286259,OA-ASM1,2624.5
12109,OA-VUMa2,2625.0
11005,OA-VUMa4,2625.7000000000003
10652,OA-AL2i4,2626.5
10226,OA-AL2i3,2626.7
10185,OA-VUMa8,2626.9
12896,OA-VUMa5,2626.9
10011,OA-AL2i1,2627.2999999999997
10322,OA-AL2i2,2627.4
11921,OA-VPM4,2627.5
10175,OA-VUMa6,2627.9
287884,OA-VPM3,2627.9
10265,OA-AL2i2,2628.7000000000003
10072,OA-AL2i1,2628.8
53065,Mi1,2628.8
10825,OA-AL2i3,2629.1000000000004
10799,OA-VUMa4,2629.5
10187,OA-VPM3,2629.7999999999997
11264,OA-ASM1,2630.0000000000005
10110,OA-VUMa1,2630.2000000000003
11608,OA-VUMa2,2630.5
10658,OA-AL2i3,2630.8
11602,OA-ASM1,2631.0
12688,OA-ASM1,2631.2000000000003
10555,OA-VUMa3,2631.7
10687,OA-AL2i3,2632.0
10168,OA-VUMa6,2632.2
10041,OA-VUMa1,2632.9
10080,OA-VUMa3,2633.1000000000004
10204,OA-AL2i2,2633.7999999999997
10677,OA-AL2i4,2634.1
10120,OA-VPM4,2634.8
12109,OA-VUMa2,2635.6
10269,OA-AL2i2,2635.8
11005,OA-VUMa4,2637.6
10185,OA-VUMa8,2638.3
12896,OA-VUMa5,2638.5
286259,OA-ASM1,2638.5
10226,OA-AL2i3,2638.6000000000004
10072,OA-AL2i1,2638.6000000000004
10011,OA-AL2i1,2639.2999999999997
10175,OA-VUMa6,2639.5
10322,OA-AL2i2,2639.7
10652,OA-AL2i4,2639.8
11921,OA-VPM4,2640.6
10265,OA-AL2i2,2641.0
10110,OA-VUMa1,2641.2
287884,OA-VPM3,2641.3
10825,OA-AL2i3,2641.3
11608,OA-VUMa2,2641.7000000000003
10799,OA-VUMa4,2642.1
10187,OA-VPM3,2642.7
53065,Mi1,2642.8
10658,OA-AL2i3,2642.9
11264,OA-ASM1,2642.9
10041,OA-VUMa1,2643.0
11602,OA-ASM1,2643.6
12688,OA-ASM1,2643.7
10687,OA-AL2i3,2643.8
10555,OA-VUMa3,2644.9
10168,OA-VUMa6,2645.0
10080,OA-VUMa3,2646.1
12109,OA-VUMa2,2646.4
10120,OA-VPM4,2646.7
10204,OA-AL2i2,2647.1
10677,OA-AL2i4,2647.6
10269,OA-AL2i2,2647.9
10072,OA-AL2i1,2649.1000000000004
11005,OA-VUMa4,2649.7999999999997
10185,OA-VUMa8,2650.1
12896,OA-VUMa5,2650.3
10175,OA-VUMa6,2650.4
10226,OA-AL2i3,2651.5
286259,OA-ASM1,2651.5
10322,OA-AL2i2,2651.6
10110,OA-VUMa1,2652.1000000000004
10011,OA-AL2i1,2652.3
10265,OA-AL2i2,2653.2
10825,OA-AL2i3,2653.6
10652,OA-AL2i4,2654.0
10658,OA-AL2i3,2654.0
11921,OA-VPM4,2654.1
287884,OA-VPM3,2654.4
11608,OA-VUMa2,2654.5
10041,OA-VUMa1,2654.6000000000004
10187,OA-VPM3,2655.0
10799,OA-VUMa4,2655.2000000000003
11264,OA-ASM1,2655.2000000000003
12688,OA-ASM1,2655.7
11602,OA-ASM1,2655.8
10687,OA-AL2i3,2656.2000000000003
10168,OA-VUMa6,2656.6
10555,OA-VUMa3,2657.0
53065,Mi1,2657.6
12109,OA-VUMa2,2658.4
10120,OA-VPM4,2658.5
10080,OA-VUMa3,2658.7
10072,OA-AL2i1,2659.2999999999997
10269,OA-AL2i2,2660.0
10204,OA-AL2i2,2660.1
11005,OA-VUMa4,2661.0
10677,OA-AL2i4,2661.3
12896,OA-VUMa5,2661.7000000000003
10175,OA-VUMa6,2662.3
10185,OA-VUMa8,2662.8
10226,OA-AL2i3,2663.2999999999997
10110,OA-VUMa1,2663.7
10322,OA-AL2i2,2663.9
286259,OA-ASM1,2664.9
10011,OA-AL2i1,2665.0
11608,OA-VUMa2,2665.4
10658,OA-AL2i3,2665.7999999999997
10825,OA-AL2i3,2665.9
10041,OA-VUMa1,2666.1
10265,OA-AL2i2,2666.4
287884,OA-VPM3,2667.5
10652,OA-AL2i4,2667.5
12688,OA-ASM1,2667.8
11602,OA-ASM1,2668.1
10072,OA-AL2i1,2668.2000000000003
10187,OA-VPM3,2668.4
10799,OA-VUMa4,2668.9
10168,OA-VUMa6,2669.0
10687,OA-AL2i3,2669.1000000000004
11921,OA-VPM4,2669.3
11264,OA-ASM1,2669.4
12109,OA-VUMa2,2669.5
10555,OA-VUMa3,2669.6
10120,OA-VPM4,2670.9
10080,OA-VUMa3,2671.2999999999997
10269,OA-AL2i2,2671.9
53065,Mi1,2672.2000000000003
10204,OA-AL2i2,2672.2000000000003
12896,OA-VUMa5,2672.7000000000003
11005,OA-VUMa4,2673.2
10677,OA-AL2i4,2673.5
10175,OA-VUMa6,2673.9
10185,OA-VUMa8,2674.4
10226,OA-AL2i3,2675.2000000000003
10110,OA-VUMa1,2675.3
10322,OA-AL2i2,2675.8
11608,OA-VUMa2,2676.3
10658,OA-AL2i3,2676.7000000000003
10011,OA-AL2i1,2677.0
10041,OA-VUMa1,2677.2
10072,OA-AL2i1,2677.6
286259,OA-ASM1,2678.6000000000004
10825,OA-AL2i3,2678.8
10265,OA-AL2i2,2679.4
10652,OA-AL2i4,2679.8
287884,OA-VPM3,2680.2000000000003
10168,OA-VUMa6,2680.9
12109,OA-VUMa2,2681.0
12688,OA-ASM1,2681.1000000000004
10687,OA-AL2i3,2681.7999999999997
11602,OA-ASM1,2681.9
10187,OA-VPM3,2682.0
10555,OA-VUMa3,2682.2
10799,OA-VUMa4,2682.3
11921,OA-VPM4,2683.2000000000003
10120,OA-VPM4,2683.3
10269,OA-AL2i2,2683.8
11264,OA-ASM1,2683.8
12896,OA-VUMa5,2683.8
10204,OA-AL2i2,2684.2999999999997
10080,OA-VUMa3,2684.8
11005,OA-VUMa4,2685.7999999999997
10677,OA-AL2i4,2686.2
53065,Mi1,2686.4
10175,OA-VUMa6,2686.4
10185,OA-VUMa8,2686.7
10110,OA-VUMa1,2687.2000000000003
10072,OA-AL2i1,2687.6000000000004
10226,OA-AL2i3,2687.6000000000004
10011,OA-AL2i1,2687.9
10322,OA-AL2i2,2688.2000000000003
10041,OA-VUMa1,2688.2999999999997
11608,OA-VUMa2,2688.2999999999997
10658,OA-AL2i3,2689.9
10265,OA-AL2i2,2691.1
286259,OA-ASM1,2691.1
10825,OA-AL2i3,2691.2000000000003
12109,OA-VUMa2,2692.1
10652,OA-AL2i4,2693.0
10687,OA-AL2i3,2693.5
10168,OA-VUMa6,2693.5
287884,OA-VPM3,2693.7999999999997
12688,OA-ASM1,2694.1
11602,OA-ASM1,2694.7
12896,OA-VUMa5,2694.7
10555,OA-VUMa3,2695.0000000000005
10269,OA-AL2i2,2695.3
10799,OA-VUMa4,2695.6000000000004
10120,OA-VPM4,2695.6000000000004
10187,OA-VPM3,2696.5000000000005
10204,OA-AL2i2,2696.7000000000003
11921,OA-VPM4,2696.7000000000003
10110,OA-VUMa1,2697.7999999999997
11005,OA-VUMa4,2697.7999999999997
10080,OA-VUMa3,2697.9
11264,OA-ASM1,2698.2
10226,OA-AL2i3,2698.8
10185,OA-VUMa8,2699.0000000000005
10175,OA-VUMa6,2699.0000000000005
10011,OA-AL2i1,2699.2000000000003
10072,OA-AL2i1,2699.2000000000003
10677,OA-AL2i4,2699.4
11608,OA-VUMa2,2699.7
10322,OA-AL2i2,2699.8
10041,OA-VUMa1,2700.6
53065,Mi1,2701.0
10658,OA-AL2i3,2701.7999999999997
10825,OA-AL2i3,2702.7000000000003
10265,OA-AL2i2,2702.9
12109,OA-VUMa2,2703.9
286259,OA-ASM1,2704.4
10652,OA-AL2i4,2704.8
10687,OA-AL2i3,2705.4
10168,OA-VUMa6,2705.4
12896,OA-VUMa5,2705.7999999999997
12688,OA-ASM1,2706.8
287884,OA-VPM3,2707.0000000000005
11602,OA-ASM1,2707.4
10555,OA-VUMa3,2707.7
10269,OA-AL2i2,2707.8
10110,OA-VUMa1,2708.1
10120,OA-VPM4,2708.4
10187,OA-VPM3,2709.2
10204,OA-AL2i2,2709.3
10799,OA-VUMa4,2709.9
11005,OA-VUMa4,2710.4
10080,OA-VUMa3,2710.5
10226,OA-AL2i3,2710.5
10175,OA-VUMa6,2710.6000000000004
11608,OA-VUMa2,2710.6000000000004
10072,OA-AL2i1,2710.7000000000003
10011,OA-AL2i1,2710.9
11921,OA-VPM4,2711.4
11264,OA-ASM1,2711.9
10041,OA-VUMa1,2712.1
10677,OA-AL2i4,2712.1
10185,OA-VUMa8,2712.2000000000003
10322,OA-AL2i2,2712.6
10825,OA-AL2i3,2714.3
10658,OA-AL2i3,2714.4
12109,OA-VUMa2,2715.7
10265,OA-AL2i2,2715.9
53065,Mi1,2715.9
10652,OA-AL2i4,2716.9
10687,OA-AL2i3,2717.1000000000004
12896,OA-VUMa5,2717.1000000000004
10168,OA-VUMa6,2717.2
286259,OA-ASM1,2717.9
12688,OA-ASM1,2719.2000000000003
10110,OA-VUMa1,2720.0
10269,OA-AL2i2,2720.2000000000003
11602,OA-ASM1,2720.2999999999997
10120,OA-VPM4,2720.4
10555,OA-VUMa3,2721.7999999999997
287884,OA-VPM3,2721.9
10226,OA-AL2i3,2722.1
10187,OA-VPM3,2722.3
10204,OA-AL2i2,2722.3
11005,OA-VUMa4,2722.6
11608,OA-VUMa2,2722.8
10175,OA-VUMa6,2723.2000000000003
10072,OA-AL2i1,2723.4
10080,OA-VUMa3,2723.6000000000004
10799,OA-VUMa4,2724.2000000000003
11921,OA-VPM4,2724.2000000000003
10041,OA-VUMa1,2724.5
10322,OA-AL2i2,2724.8
10011,OA-AL2i1,2724.8
10185,OA-VUMa8,2725.1000000000004
10677,OA-AL2i4,2725.2
11264,OA-ASM1,2725.6
10658,OA-AL2i3,2726.6
10825,OA-AL2i3,2726.9
12109,OA-VUMa2,2727.2000000000003
10265,OA-AL2i2,2728.4
10687,OA-AL2i3,2729.0
12896,OA-VUMa5,2729.4
10168,OA-VUMa6,2729.7999999999997
10652,OA-AL2i4,2730.2
10110,OA-VUMa1,2730.3
286259,OA-ASM1,2731.1
10120,OA-VPM4,2731.7
53065,Mi1,2731.7
10269,OA-AL2i2,2731.8
12688,OA-ASM1,2732.0
11602,OA-ASM1,2733.2
10226,OA-AL2i3,2733.4
287884,OA-VPM3,2734.1000000000004
11608,OA-VUMa2,2734.5
10187,OA-VPM3,2734.7000000000003
11005,OA-VUMa4,2735.2000000000003
10555,OA-VUMa3,2735.3
10072,OA-AL2i1,2735.5
10204,OA-AL2i2,2736.2999999999997
10041,OA-VUMa1,2736.4
10175,OA-VUMa6,2736.4
10322,OA-AL2i2,2736.5
10011,OA-AL2i1,2736.9
10080,OA-VUMa3,2737.3
10185,OA-VUMa8,2737.6
10799,OA-VUMa4,2737.7000000000003
11921,OA-VPM4,2737.9
10658,OA-AL2i3,2738.1000000000004
10677,OA-AL2i4,2738.5
12109,OA-VUMa2,2738.8
11264,OA-ASM1,2739.3
10825,OA-AL2i3,2740.2999999999997
12896,OA-VUMa5,2740.5
10687,OA-AL2i3,2740.7
10265,OA-AL2i2,2741.2
10168,OA-VUMa6,2741.8
10110,OA-VUMa1,2742.2
10652,OA-AL2i4,2743.4
10120,OA-VPM4,2743.5
10269,OA-AL2i2,2744.1
286259,OA-ASM1,2744.2000000000003
10226,OA-AL2i3,2744.5
12688,OA-ASM1,2744.7
11608,OA-VUMa2,2745.2
53065,Mi1,2745.8
11602,OA-ASM1,2746.5
287884,OA-VPM3,2746.7000000000003
10072,OA-AL2i1,2746.8
11005,OA-VUMa4,2747.1
10041,OA-VUMa1,2748.1
10175,OA-VUMa6,2748.6
10011,OA-AL2i1,2748.8
10555,OA-VUMa3,2748.9
10187,OA-VPM3,2748.9
10322,OA-AL2i2,2749.1000000000004
10658,OA-AL2i3,2749.2
10204,OA-AL2i2,2749.5
12109,OA-VUMa2,2749.7000000000003
10185,OA-VUMa8,2750.2
10080,OA-VUMa3,2751.1
11264,OA-ASM1,2751.2000000000003
10799,OA-VUMa4,2751.4
11921,OA-VPM4,2752.1
10677,OA-AL2i4,2752.2000000000003
10825,OA-AL2i3,2752.5
10110,OA-VUMa1,2752.9
12896,OA-VUMa5,2753.0
10265,OA-AL2i2,2753.6
10168,OA-VUMa6,2754.0
10687,OA-AL2i3,2754.9
10120,OA-VPM4,2755.5
10226,OA-AL2i3,2756.1
10269,OA-AL2i2,2756.2999999999997
10652,OA-AL2i4,2756.6
12688,OA-ASM1,2756.6
11608,OA-VUMa2,2757.0
286259,OA-ASM1,2758.3
10041,OA-VUMa1,2758.6
287884,OA-VPM3,2759.0000000000005
11005,OA-VUMa4,2759.5
10072,OA-AL2i1,2759.7
11602,OA-ASM1,2759.7
53065,Mi1,2760.0
10175,OA-VUMa6,2760.2999999999997
10011,OA-AL2i1,2760.5
12109,OA-VUMa2,2760.6
10658,OA-AL2i3,2760.7
10322,OA-AL2i2,2760.7
10187,OA-VPM3,2762.1000000000004
10204,OA-AL2i2,2762.2
10185,OA-VUMa8,2762.4
10555,OA-VUMa3,2762.6
12896,OA-VUMa5,2763.4
10110,OA-VUMa1,2764.1
10799,OA-VUMa4,2764.2000000000003
10825,OA-AL2i3,2765.1000000000004
10080,OA-VUMa3,2765.1000000000004
11264,OA-ASM1,2765.9
11921,OA-VPM4,2765.9
10265,OA-AL2i2,2766.0
10226,OA-AL2i3,2766.3
10687,OA-AL2i3,2766.5
10677,OA-AL2i4,2767.0000000000005
10168,OA-VUMa6,2767.3
10120,OA-VPM4,2767.5
11608,OA-VUMa2,2768.0
12688,OA-ASM1,2768.8
10652,OA-AL2i4,2769.1000000000004
10041,OA-VUMa1,2769.2000000000003
10269,OA-AL2i2,2769.2000000000003
10072,OA-AL2i1,2770.9
287884,OA-VPM3,2771.4
10658,OA-AL2i3,2771.6000000000004
11005,OA-VUMa4,2771.7
10175,OA-VUMa6,2771.8
10011,OA-AL2i1,2771.9
10322,OA-AL2i2,2772.0
286259,OA-ASM1,2772.1
12109,OA-VUMa2,2772.7
11602,OA-ASM1,2772.8999999999996
12896,OA-VUMa5,2774.5
53065,Mi1,2774.5
10185,OA-VUMa8,2774.7999999999997
10187,OA-VPM3,2775.0
10204,OA-AL2i2,2775.3
10110,OA-VUMa1,2775.5
10555,OA-VUMa3,2775.6000000000004
10799,OA-VUMa4,2777.0
10080,OA-VUMa3,2777.5000000000005
10226,OA-AL2i3,2777.9
11608,OA-VUMa2,2778.1000000000004
10265,OA-AL2i2,2778.4
10825,OA-AL2i3,2778.5
11264,OA-ASM1,2778.6
10168,OA-VUMa6,2778.7999999999997
10120,OA-VPM4,2780.0
10041,OA-VUMa1,2780.1
10677,OA-AL2i4,2780.1
10687,OA-AL2i3,2780.1
10652,OA-AL2i4,2780.8
10269,OA-AL2i2,2781.1000000000004
10072,OA-AL2i1,2781.2000000000003
11921,OA-VPM4,2781.5000000000005
12688,OA-ASM1,2781.6
10658,OA-AL2i3,2782.7000000000003
10175,OA-VUMa6,2783.2000000000003
287884,OA-VPM3,2783.7
11005,OA-VUMa4,2783.8
12109,OA-VUMa2,2784.2999999999997
10011,OA-AL2i1,2784.4
10322,OA-AL2i2,2784.4
11602,OA-ASM1,2785.8
286259,OA-ASM1,2785.9
10185,OA-VUMa8,2786.2
12896,OA-VUMa5,2786.9
10110,OA-VUMa1,2787.0
10187,OA-VPM3,2787.7
10204,OA-AL2i2,2787.8
10555,OA-VUMa3,2789.5000000000005
10226,OA-AL2i3,2789.6
53065,Mi1,2789.8
10080,OA-VUMa3,2789.9
11608,OA-VUMa2,2790.0
10799,OA-VUMa4,2790.1000000000004
10265,OA-AL2i2,2790.2
10041,OA-VUMa1,2790.6
10168,OA-VUMa6,2790.7000000000003
10825,OA-AL2i3,2790.7000000000003
10072,OA-AL2i1,2791.0
10120,OA-VPM4,2791.8
11264,OA-ASM1,2793.0
10677,OA-AL2i4,2793.1
12688,OA-ASM1,2793.4
10269,OA-AL2i2,2793.7000000000003
10687,OA-AL2i3,2793.9
10652,OA-AL2i4,2794.2
10175,OA-VUMa6,2794.5
10658,OA-AL2i3,2794.7999999999997
11005,OA-VUMa4,2795.4
12109,OA-VUMa2,2795.7
287884,OA-VPM3,2796.4
10011,OA-AL2i1,2796.5
11921,OA-VPM4,2796.6000000000004
10322,OA-AL2i2,2796.9
12896,OA-VUMa5,2797.8
11602,OA-ASM1,2798.1000000000004
10185,OA-VUMa8,2798.3
10110,OA-VUMa1,2798.4
286259,OA-ASM1,2799.0
10204,OA-AL2i2,2800.4
11608,OA-VUMa2,2800.7
10072,OA-AL2i1,2800.7
10187,OA-VPM3,2801.0
10168,OA-VUMa6,2801.4
10226,OA-AL2i3,2801.4
10041,OA-VUMa1,2802.1000000000004
10555,OA-VUMa3,2802.9
10120,OA-VPM4,2803.2
10265,OA-AL2i2,2803.6000000000004
53065,Mi1,2804.0
10799,OA-VUMa4,2804.0
10080,OA-VUMa3,2804.1
10825,OA-AL2i3,2804.4
10175,OA-VUMa6,2805.5000000000005
10687,OA-AL2i3,2805.6
10269,OA-AL2i2,2805.7000000000003
12688,OA-ASM1,2805.7000000000003
10658,OA-AL2i3,2806.2
11264,OA-ASM1,2806.2
11005,OA-VUMa4,2806.4
10677,OA-AL2i4,2806.5
12109,OA-VUMa2,2807.4
10652,OA-AL2i4,2807.8
10011,OA-AL2i1,2808.6000000000004
10322,OA-AL2i2,2808.9
10110,OA-VUMa1,2809.6
10185,OA-VUMa8,2809.7000000000003
287884,OA-VPM3,2809.9
12896,OA-VUMa5,2810.0
11921,OA-VPM4,2810.6
10072,OA-AL2i1,2810.7000000000003
11602,OA-ASM1,2811.4
10226,OA-AL2i3,2812.3
286259,OA-ASM1,2812.4
11608,OA-VUMa2,2812.7
10168,OA-VUMa6,2812.8
10041,OA-VUMa1,2813.2000000000003
10187,OA-VPM3,2813.8
10204,OA-AL2i2,2814.1000000000004
10120,OA-VPM4,2815.7
10265,OA-AL2i2,2816.0
10555,OA-VUMa3,2816.6000000000004
10799,OA-VUMa4,2816.7
10825,OA-AL2i3,2816.7
10175,OA-VUMa6,2817.7000000000003
53065,Mi1,2818.0
10080,OA-VUMa3,2818.2
10658,OA-AL2i3,2818.2
12109,OA-VUMa2,2818.2
10269,OA-AL2i2,2818.3
11005,OA-VUMa4,2818.7999999999997
10687,OA-AL2i3,2819.2
10677,OA-AL2i4,2819.4
11264,OA-ASM1,2819.4
12688,OA-ASM1,2819.7
10011,OA-AL2i1,2820.3
12896,OA-VUMa5,2820.6000000000004
10110,OA-VUMa1,2820.8
10652,OA-AL2i4,2820.8
10072,OA-AL2i1,2820.9
10322,OA-AL2i2,2821.9
10185,OA-VUMa8,2822.7000000000003
10226,OA-AL2i3,2823.1
11602,OA-ASM1,2823.1
287884,OA-VPM3,2823.6000000000004
11608,OA-VUMa2,2823.8
10041,OA-VUMa1,2824.1
10168,OA-VUMa6,2824.7
11921,OA-VPM4,2825.7000000000003
10204,OA-AL2i2,2825.9
10187,OA-VPM3,2826.7000000000003
10120,OA-VPM4,2827.5
10265,OA-AL2i2,2827.5
286259,OA-ASM1,2828.3
10555,OA-VUMa3,2829.0
10175,OA-VUMa6,2829.1
10825,OA-AL2i3,2829.5000000000005
10072,OA-AL2i1,2829.9
12109,OA-VUMa2,2830.0
10799,OA-VUMa4,2830.3
10658,OA-AL2i3,2830.6
11005,OA-VUMa4,2830.7999999999997
11264,OA-ASM1,2830.7999999999997
10269,OA-AL2i2,2831.2
10110,OA-VUMa1,2831.3
10687,OA-AL2i3,2831.8
10080,OA-VUMa3,2831.9
12896,OA-VUMa5,2831.9
10677,OA-AL2i4,2832.7
53065,Mi1,2832.8
10011,OA-AL2i1,2832.9
12688,OA-ASM1,2832.9
10322,OA-AL2i2,2833.2999999999997
10652,OA-AL2i4,2834.1000000000004
11608,OA-VUMa2,2834.5
10226,OA-AL2i3,2834.6
10185,OA-VUMa8,2834.9
10041,OA-VUMa1,2835.3999999999996
10168,OA-VUMa6,2835.9
287884,OA-VPM3,2836.1
11602,OA-ASM1,2836.2000000000003
10204,OA-AL2i2,2838.5
10072,OA-AL2i1,2839.1
11921,OA-VPM4,2839.2
10187,OA-VPM3,2839.2
10265,OA-AL2i2,2839.7000000000003
10120,OA-VPM4,2839.8
10175,OA-VUMa6,2840.2000000000003
12109,OA-VUMa2,2841.2000000000003
10555,OA-VUMa3,2841.7000000000003
10825,OA-AL2i3,2842.3
10110,OA-VUMa1,2842.4
12896,OA-VUMa5,2842.7000000000003
11005,OA-VUMa4,2842.7000000000003
10658,OA-AL2i3,2842.9
286259,OA-ASM1,2842.9
10799,OA-VUMa4,2843.3
10269,OA-AL2i2,2843.5
10080,OA-VUMa3,2844.0000000000005
10687,OA-AL2i3,2844.5
10011,OA-AL2i1,2844.6000000000004
11264,OA-ASM1,2844.8
10322,OA-AL2i2,2845.2000000000003
11608,OA-VUMa2,2845.6
12688,OA-ASM1,2845.6
10677,OA-AL2i4,2845.8
10226,OA-AL2i3,2846.1000000000004
10652,OA-AL2i4,2846.7000000000003
10185,OA-VUMa8,2846.7999999999997
10168,OA-VUMa6,2846.9
10041,OA-VUMa1,2846.9
53065,Mi1,2847.8
11602,OA-ASM1,2848.2000000000003
10072,OA-AL2i1,2848.3
287884,OA-VPM3,2849.4
10204,OA-AL2i2,2850.7999999999997
10120,OA-VPM4,2852.2000000000003
10187,OA-VPM3,2852.3
10175,OA-VUMa6,2852.3
10110,OA-VUMa1,2852.5
12109,OA-VUMa2,2852.9
10265,OA-AL2i2,2853.0
10825,OA-AL2i3,2853.5
10658,OA-AL2i3,2853.9
11921,OA-VPM4,2854.0
11005,OA-VUMa4,2855.5
12896,OA-VUMa5,2855.5
10555,OA-VUMa3,2855.7000000000003
10269,OA-AL2i2,2856.2000000000003
10322,OA-AL2i2,2856.4
10011,OA-AL2i1,2856.8
10799,OA-VUMa4,2856.8
286259,OA-ASM1,2856.9
10226,OA-AL2i3,2857.2000000000003
11608,OA-VUMa2,2857.2000000000003
10080,OA-VUMa3,2857.4
10687,OA-AL2i3,2857.9
10041,OA-VUMa1,2858.0
11264,OA-ASM1,2858.2
12688,OA-ASM1,2858.5
10072,OA-AL2i1,2858.6
10168,OA-VUMa6,2858.7999999999997
10677,OA-AL2i4,2859.1000000000004
10652,OA-AL2i4,2859.5
10185,OA-VUMa8,2860.0000000000005
11602,OA-ASM1,2861.4
287884,OA-VPM3,2861.4
53065,Mi1,2862.7000000000003
10110,OA-VUMa1,2863.1000000000004
10120,OA-VPM4,2864.3
10175,OA-VUMa6,2864.8
12109,OA-VUMa2,2864.8
10204,OA-AL2i2,2865.2999999999997
10265,OA-AL2i2,2865.2999999999997
10187,OA-VPM3,2865.7000000000003
10658,OA-AL2i3,2866.1000000000004
10825,OA-AL2i3,2866.6
11921,OA-VPM4,2867.2
12896,OA-VUMa5,2867.6
10555,OA-VUMa3,2868.5
10041,OA-VUMa1,2868.8
11005,OA-VUMa4,2869.0
10269,OA-AL2i2,2869.0
10322,OA-AL2i2,2869.2000000000003
10072,OA-AL2i1,2869.4
10226,OA-AL2i3,2869.5
10011,OA-AL2i1,2869.9
286259,OA-ASM1,2870.0
11608,OA-VUMa2,2870.4
10799,OA-VUMa4,2870.7000000000003
10168,OA-VUMa6,2870.9
10687,OA-AL2i3,2871.1000000000004
11264,OA-ASM1,2871.2
10652,OA-AL2i4,2871.6
12688,OA-ASM1,2871.8
10080,OA-VUMa3,2872.2000000000003
10677,OA-AL2i4,2872.6000000000004
10185,OA-VUMa8,2873.1
287884,OA-VPM3,2873.7
10110,OA-VUMa1,2874.6
11602,OA-ASM1,2874.9
10120,OA-VPM4,2875.9
10175,OA-VUMa6,2876.4
12109,OA-VUMa2,2876.7
53065,Mi1,2877.1
10265,OA-AL2i2,2877.6
12896,OA-VUMa5,2878.2
10658,OA-AL2i3,2878.3
10187,OA-VPM3,2879.0
10204,OA-AL2i2,2879.4
10825,OA-AL2i3,2879.5
10041,OA-VUMa1,2880.1
11005,OA-VUMa4,2880.8
10226,OA-AL2i3,2880.9
11921,OA-VPM4,2881.2000000000003
10011,OA-AL2i1,2881.4
11608,OA-VUMa2,2881.5
10269,OA-AL2i2,2881.5
10555,OA-VUMa3,2882.3
10168,OA-VUMa6,2882.6
10072,OA-AL2i1,2882.8
10322,OA-AL2i2,2882.8
286259,OA-ASM1,2882.8
10687,OA-AL2i3,2883.9
10799,OA-VUMa4,2884.6000000000004
12688,OA-ASM1,2884.8
10652,OA-AL2i4,2885.2999999999997
11264,OA-ASM1,2885.6
10080,OA-VUMa3,2885.7
10185,OA-VUMa8,2885.9
10110,OA-VUMa1,2886.0
10677,OA-AL2i4,2887.1000000000004
11602,OA-ASM1,2887.5
287884,OA-VPM3,2887.7000000000003
12109,OA-VUMa2,2887.7000000000003
10120,OA-VPM4,2887.9
10175,OA-VUMa6,2888.1
10265,OA-AL2i2,2889.7
10658,OA-AL2i3,2889.8
12896,OA-VUMa5,2890.1000000000004
53065,Mi1,2891.0
10041,OA-VUMa1,2891.6
10187,OA-VPM3,2891.9
10825,OA-AL2i3,2892.3
10204,OA-AL2i2,2892.5
10226,OA-AL2i3,2892.5
11005,OA-VUMa4,2892.5
11608,OA-VUMa2,2892.6000000000004
10072,OA-AL2i1,2892.9
10269,OA-AL2i2,2893.2999999999997
10168,OA-VUMa6,2893.8
10011,OA-AL2i1,2894.0
10322,OA-AL2i2,2895.3
11921,OA-VPM4,2895.7000000000003
10555,OA-VUMa3,2896.1
10687,OA-AL2i3,2896.3
10110,OA-VUMa1,2896.9
286259,OA-ASM1,2897.0
10799,OA-VUMa4,2897.2000000000003
12688,OA-ASM1,2897.5
10652,OA-AL2i4,2898.2000000000003
10185,OA-VUMa8,2898.9
10080,OA-VUMa3,2899.4
12109,OA-VUMa2,2899.6
10120,OA-VPM4,2899.7000000000003
11264,OA-ASM1,2899.7999999999997
11602,OA-ASM1,2900.2000000000003
10175,OA-VUMa6,2900.6000000000004
287884,OA-VPM3,2901.0
10658,OA-AL2i3,2901.5
10265,OA-AL2i2,2901.7
10677,OA-AL2i4,2901.8
12896,OA-VUMa5,2901.8
10041,OA-VUMa1,2902.6
11005,OA-VUMa4,2904.1
10187,OA-VPM3,2904.2000000000003
11608,OA-VUMa2,2904.2000000000003
10204,OA-AL2i2,2904.5
10226,OA-AL2i3,2904.5
10825,OA-AL2i3,2905.1
10072,OA-AL2i1,2905.5
10168,OA-VUMa6,2905.6
53065,Mi1,2905.7
10011,OA-AL2i1,2906.2000000000003
10322,OA-AL2i2,2906.7000000000003
10269,OA-AL2i2,2907.0
10110,OA-VUMa1,2907.5
10687,OA-AL2i3,2908.6000000000004
11921,OA-VPM4,2908.9
12688,OA-ASM1,2909.5
10555,OA-VUMa3,2909.6
10799,OA-VUMa4,2910.0
12109,OA-VUMa2,2910.7000000000003
286259,OA-ASM1,2910.8
10185,OA-VUMa8,2911.1000000000004
10652,OA-AL2i4,2911.5
11602,OA-ASM1,2912.2000000000003
10120,OA-VPM4,2912.3
10080,OA-VUMa3,2912.7
10175,OA-VUMa6,2912.8
12896,OA-VUMa5,2913.1
11264,OA-ASM1,2913.5
10265,OA-AL2i2,2913.5
10041,OA-VUMa1,2913.5
10658,OA-AL2i3,2913.7
287884,OA-VPM3,2914.1000000000004
10677,OA-AL2i4,2914.6
11005,OA-VUMa4,2915.6
10226,OA-AL2i3,2915.7999999999997
11608,OA-VUMa2,2916.0
10204,OA-AL2i2,2916.8
10072,OA-AL2i1,2917.2999999999997
10011,OA-AL2i1,2917.5
10110,OA-VUMa1,2917.5
10168,OA-VUMa6,2917.7
10187,OA-VPM3,2917.9
10825,OA-AL2i3,2918.3
10269,OA-AL2i2,2919.5
10322,OA-AL2i2,2920.4
10687,OA-AL2i3,2920.6000000000004
53065,Mi1,2920.7
12688,OA-ASM1,2921.5
10799,OA-VUMa4,2922.3
12109,OA-VUMa2,2922.8
10555,OA-VUMa3,2923.0
286259,OA-ASM1,2923.2
10185,OA-VUMa8,2923.3
10652,OA-AL2i4,2923.4
11921,OA-VPM4,2923.6
10041,OA-VUMa1,2924.3
12896,OA-VUMa5,2924.4
10120,OA-VPM4,2924.7
10658,OA-AL2i3,2924.9
11602,OA-ASM1,2925.0
10175,OA-VUMa6,2925.2999999999997
10265,OA-AL2i2,2925.6000000000004
10080,OA-VUMa3,2926.4
287884,OA-VPM3,2926.6
10226,OA-AL2i3,2926.7000000000003
11608,OA-VUMa2,2926.9
11264,OA-ASM1,2927.0
10677,OA-AL2i4,2927.1000000000004
11005,OA-VUMa4,2927.4
10110,OA-VUMa1,2928.4
10072,OA-AL2i1,2929.1
10011,OA-AL2i1,2929.4
10204,OA-AL2i2,2929.9
10168,OA-VUMa6,2930.0
10825,OA-AL2i3,2930.2000000000003
10187,OA-VPM3,2930.6
10269,OA-AL2i2,2931.6
10322,OA-AL2i2,2932.2000000000003
10687,OA-AL2i3,2932.6000000000004
12109,OA-VUMa2,2933.7
12688,OA-ASM1,2933.8
10185,OA-VUMa8,2934.4
10799,OA-VUMa4,2935.2
10041,OA-VUMa1,2935.3
53065,Mi1,2935.7000000000003
10658,OA-AL2i3,2936.4
286259,OA-ASM1,2936.5
10120,OA-VPM4,2936.9
10652,OA-AL2i4,2936.9
10175,OA-VUMa6,2937.1
12896,OA-VUMa5,2937.1
10555,OA-VUMa3,2937.3
11608,OA-VUMa2,2937.7
11602,OA-ASM1,2937.8
11921,OA-VPM4,2938.3
11005,OA-VUMa4,2938.6
10265,OA-AL2i2,2938.9
10226,OA-AL2i3,2939.3
287884,OA-VPM3,2939.3
11264,OA-ASM1,2939.7999999999997
10677,OA-AL2i4,2939.7999999999997
10110,OA-VUMa1,2939.9
10080,OA-VUMa3,2940.2
10168,OA-VUMa6,2941.3
10072,OA-AL2i1,2941.4
10011,OA-AL2i1,2941.8
10825,OA-AL2i3,2942.9
10187,OA-VPM3,2943.2
10204,OA-AL2i2,2943.9
10269,OA-AL2i2,2944.3
10322,OA-AL2i2,2945.3
10687,OA-AL2i3,2945.3
12109,OA-VUMa2,2945.7
12688,OA-ASM1,2946.0
10185,OA-VUMa8,2946.5000000000005
10041,OA-VUMa1,2947.0
10799,OA-VUMa4,2948.1
10658,OA-AL2i3,2948.1
12896,OA-VUMa5,2948.4
10120,OA-VPM4,2948.8
10175,OA-VUMa6,2948.8
11608,OA-VUMa2,2949.6000000000004
53065,Mi1,2949.8
11005,OA-VUMa4,2949.9
10652,OA-AL2i4,2950.0
286259,OA-ASM1,2950.0
10555,OA-VUMa3,2950.1
10226,OA-AL2i3,2950.7000000000003
10072,OA-AL2i1,2951.1000000000004
10110,OA-VUMa1,2951.2
11602,OA-ASM1,2951.7999999999997
11921,OA-VPM4,2951.9
287884,OA-VPM3,2951.9
10265,OA-AL2i2,2952.4
10011,OA-AL2i1,2952.9
10080,OA-VUMa3,2953.3
10677,OA-AL2i4,2953.7
11264,OA-ASM1,2953.8
10168,OA-VUMa6,2954.0
10187,OA-VPM3,2954.6
10825,OA-AL2i3,2955.6
10204,OA-AL2i2,2956.7
10269,OA-AL2i2,2956.8
10322,OA-AL2i2,2957.1
12109,OA-VUMa2,2957.1
10041,OA-VUMa1,2957.5
10687,OA-AL2i3,2957.7
10185,OA-VUMa8,2958.1
12896,OA-VUMa5,2959.4
12688,OA-ASM1,2959.6
10799,OA-VUMa4,2960.1
10120,OA-VPM4,2960.3
10175,OA-VUMa6,2960.6000000000004
10658,OA-AL2i3,2960.7000000000003
10110,OA-VUMa1,2961.6000000000004
10652,OA-AL2i4,2962.5000000000005
11005,OA-VUMa4,2962.5000000000005
10226,OA-AL2i3,2962.6
10072,OA-AL2i1,2962.9
11608,OA-VUMa2,2963.2
10555,OA-VUMa3,2963.7999999999997
286259,OA-ASM1,2964.1
53065,Mi1,2964.5
287884,OA-VPM3,2964.8
10011,OA-AL2i1,2964.9
10168,OA-VUMa6,2965.1
11602,OA-ASM1,2965.5
11264,OA-ASM1,2965.8
10265,OA-AL2i2,2966.2999999999997
11921,OA-VPM4,2966.4
10677,OA-AL2i4,2966.5000000000005
10080,OA-VUMa3,2966.7000000000003
10187,OA-VPM3,2967.1000000000004
10825,OA-AL2i3,2967.7000000000003
10041,OA-VUMa1,2968.2
12109,OA-VUMa2,2969.1
10269,OA-AL2i2,2969.2000000000003
10204,OA-AL2i2,2969.5
10322,OA-AL2i2,2969.6000000000004
10687,OA-AL2i3,2969.8
12896,OA-VUMa5,2970.2000000000003
10185,OA-VUMa8,2970.9
12688,OA-ASM1,2971.1000000000004
10110,OA-VUMa1,2972.0
10120,OA-VPM4,2972.2
10799,OA-VUMa4,2972.7000000000003
10658,OA-AL2i3,2972.7000000000003
10175,OA-VUMa6,2973.0000000000005
10226,OA-AL2i3,2974.2999999999997
11608,OA-VUMa2,2974.6
11005,OA-VUMa4,2975.0
10652,OA-AL2i4,2975.6
10072,OA-AL2i1,2975.7999999999997
10011,OA-AL2i1,2976.4
10168,OA-VUMa6,2976.5
10555,OA-VUMa3,2976.6000000000004
286259,OA-ASM1,2977.4
287884,OA-VPM3,2977.7
11602,OA-ASM1,2977.9
10265,OA-AL2i2,2978.8
10041,OA-VUMa1,2978.9
53065,Mi1,2979.0
10677,OA-AL2i4,2979.4
10187,OA-VPM3,2979.9
10080,OA-VUMa3,2980.0
11264,OA-ASM1,2980.0
12109,OA-VUMa2,2980.0
10825,OA-AL2i3,2980.4
11921,OA-VPM4,2980.5
10269,OA-AL2i2,2980.9
10322,OA-AL2i2,2981.1
10204,OA-AL2i2,2981.9
10687,OA-AL2i3,2981.9
10110,OA-VUMa1,2982.7000000000003
10185,OA-VUMa8,2982.8
12896,OA-VUMa5,2982.9
12688,OA-ASM1,2983.1000000000004
10120,OA-VPM4,2983.9
10658,OA-AL2i3,2984.3
10175,OA-VUMa6,2985.2000000000003
10799,OA-VUMa4,2985.8
11608,OA-VUMa2,2986.4
11005,OA-VUMa4,2987.0
10226,OA-AL2i3,2987.3
10011,OA-AL2i1,2988.6
10072,OA-AL2i1,2988.6
10168,OA-VUMa6,2988.7000000000003
10652,OA-AL2i4,2988.7000000000003
287884,OA-VPM3,2989.1
10041,OA-VUMa1,2989.3
10555,OA-VUMa3,2989.8
10265,OA-AL2i2,2990.9
11602,OA-ASM1,2991.2
12109,OA-VUMa2,2991.3
286259,OA-ASM1,2992.0
10677,OA-AL2i4,2992.4
10322,OA-AL2i2,2992.5
10187,OA-VPM3,2993.3
10080,OA-VUMa3,2993.4
10825,OA-AL2i3,2993.4
11264,OA-ASM1,2993.5
10110,OA-VUMa1,2993.9
12896,OA-VUMa5,2994.0
11921,OA-VPM4,2994.1
10687,OA-AL2i3,2994.2000000000003
53065,Mi1,2994.2999999999997
12688,OA-ASM1,2994.4
10269,OA-AL2i2,2994.4
10185,OA-VUMa8,2994.5
10120,OA-VPM4,2995.3
10204,OA-AL2i2,2995.5
10658,OA-AL2i3,2996.8
11608,OA-VUMa2,2997.3
10175,OA-VUMa6,2997.7
11005,OA-VUMa4,2998.5
10226,OA-AL2i3,2999.1000000000004
10168,OA-VUMa6,2999.4
10799,OA-VUMa4,2999.4
10041,OA-VUMa1,2999.9
10011,OA-AL2i1,3000.0
10072,OA-AL2i1,3000.6
10652,OA-AL2i4,3000.9
12109,OA-VUMa2,3002.4
10265,OA-AL2i2,3002.7
10555,OA-VUMa3,3002.9
287884,OA-VPM3,3003.3
10322,OA-AL2i2,3003.9
12896,OA-VUMa5,3004.5
10110,OA-VUMa1,3004.6
11602,OA-ASM1,3004.9
10187,OA-VPM3,3005.5
10677,OA-AL2i4,3005.5
11264,OA-ASM1,3005.6000000000004
10825,OA-AL2i3,3005.7
10080,OA-VUMa3,3005.9
10269,OA-AL2i2,3006.5
286259,OA-ASM1,3006.5
10120,OA-VPM4,3007.1000000000004
10185,OA-VUMa8,3007.3
12688,OA-ASM1,3007.3
10687,OA-AL2i3,3007.5
11608,OA-VUMa2,3007.9
11921,OA-VPM4,3008.3
10658,OA-AL2i3,3008.6
10204,OA-AL2i2,3008.7000000000003
10175,OA-VUMa6,3009.0000000000005
53065,Mi1,3009.2000000000003
10041,OA-VUMa1,3010.0
10072,OA-AL2i1,3010.4
11005,OA-VUMa4,3010.6
10168,OA-VUMa6,3010.9
10226,OA-AL2i3,3011.2
10799,OA-VUMa4,3011.8
12109,OA-VUMa2,3013.3
10011,OA-AL2i1,3013.4
10652,OA-AL2i4,3013.9
10265,OA-AL2i2,3015.4
12896,OA-VUMa5,3015.5000000000005
10110,OA-VUMa1,3015.8
10322,OA-AL2i2,3015.8
10555,OA-VUMa3,3016.1000000000004
287884,OA-VPM3,3016.2
11602,OA-ASM1,3017.4
10269,OA-AL2i2,3018.4
10187,OA-VPM3,3018.6
10677,OA-AL2i4,3018.7
10120,OA-VPM4,3018.7
10080,OA-VUMa3,3018.9
11608,OA-VUMa2,3019.1000000000004
10825,OA-AL2i3,3019.3
11264,OA-ASM1,3019.4
10687,OA-AL2i3,3019.6
12688,OA-ASM1,3020.1000000000004
10658,OA-AL2i3,3020.2
10041,OA-VUMa1,3020.5
286259,OA-ASM1,3020.7999999999997
10185,OA-VUMa8,3021.1
10204,OA-AL2i2,3021.3
10168,OA-VUMa6,3021.5
10175,OA-VUMa6,3021.6000000000004
11005,OA-VUMa4,3021.9
11921,OA-VPM4,3022.1
10226,OA-AL2i3,3022.7
10072,OA-AL2i1,3022.8
53065,Mi1,3023.6
12109,OA-VUMa2,3024.4
10011,OA-AL2i1,3024.9
10799,OA-VUMa4,3025.0000000000005
12896,OA-VUMa5,3026.5
10652,OA-AL2i4,3026.6
10110,OA-VUMa1,3027.3
10322,OA-AL2i2,3027.4
10265,OA-AL2i2,3027.7000000000003
287884,OA-VPM3,3029.5
10555,OA-VUMa3,3029.9
11602,OA-ASM1,3030.1
10269,OA-AL2i2,3030.2000000000003
11608,OA-VUMa2,3030.4
10677,OA-AL2i4,3030.6
10041,OA-VUMa1,3030.8
10187,OA-VPM3,3030.9
10080,OA-VUMa3,3031.3
10658,OA-AL2i3,3031.5000000000005
10687,OA-AL2i3,3031.9
10825,OA-AL2i3,3032.2
10120,OA-VPM4,3032.3
11264,OA-ASM1,3032.4
10185,OA-VUMa8,3033.0000000000005
10175,OA-VUMa6,3033.1
10168,OA-VUMa6,3033.3
286259,OA-ASM1,3033.4
12688,OA-ASM1,3033.5
11005,OA-VUMa4,3033.7
10204,OA-AL2i2,3033.8
10226,OA-AL2i3,3034.0
10072,OA-AL2i1,3034.9
12109,OA-VUMa2,3036.3
10011,OA-AL2i1,3037.0000000000005
10799,OA-VUMa4,3037.2000000000003
11921,OA-VPM4,3037.3
12896,OA-VUMa5,3037.6000000000004
10110,OA-VUMa1,3038.4
53065,Mi1,3038.4
10322,OA-AL2i2,3038.9
10652,OA-AL2i4,3039.0
10265,OA-AL2i2,3040.1000000000004
11608,OA-VUMa2,3041.2000000000003
10041,OA-VUMa1,3041.9
10269,OA-AL2i2,3041.9
10555,OA-VUMa3,3042.0
287884,OA-VPM3,3042.0
10658,OA-AL2i3,3042.7
10677,OA-AL2i4,3043.1000000000004
11602,OA-ASM1,3043.6
10080,OA-VUMa3,3043.7000000000003
10187,OA-VPM3,3044.3
10687,OA-AL2i3,3044.7999999999997
11005,OA-VUMa4,3044.9
10168,OA-VUMa6,3045.0
10120,OA-VPM4,3045.3
10185,OA-VUMa8,3045.5
10226,OA-AL2i3,3045.5
11264,OA-ASM1,3045.6000000000004
10175,OA-VUMa6,3045.8
286259,OA-ASM1,3046.2000000000003
10825,OA-AL2i3,3046.2000000000003
12688,OA-ASM1,3046.5
10204,OA-AL2i2,3046.8
10072,OA-AL2i1,3047.0
10011,OA-AL2i1,3048.3
12109,OA-VUMa2,3048.3
10799,OA-VUMa4,3049.2000000000003
10110,OA-VUMa1,3049.5
10322,OA-AL2i2,3050.9
12896,OA-VUMa5,3051.2000000000003
10265,OA-AL2i2,3051.5000000000005
11921,OA-VPM4,3051.9
11608,OA-VUMa2,3052.3
10041,OA-VUMa1,3052.5
10652,OA-AL2i4,3052.5
53065,Mi1,3053.0
10269,OA-AL2i2,3053.3
10555,OA-VUMa3,3054.9
10080,OA-VUMa3,3055.0
10658,OA-AL2i3,3055.1
287884,OA-VPM3,3055.5000000000005
10677,OA-AL2i4,3056.3
11602,OA-ASM1,3056.9
11005,OA-VUMa4,3057.1
10168,OA-VUMa6,3057.2000000000003
10687,OA-AL2i3,3057.4
10072,OA-AL2i1,3057.4
10187,OA-VPM3,3057.6000000000004
10226,OA-AL2i3,3057.6000000000004
10175,OA-VUMa6,3057.7
10120,OA-VPM4,3057.8
10185,OA-VUMa8,3058.5
12109,OA-VUMa2,3058.7
10825,OA-AL2i3,3058.8
10011,OA-AL2i1,3059.2000000000003
11264,OA-ASM1,3059.8
286259,OA-ASM1,3059.9
10110,OA-VUMa1,3060.2
10204,OA-AL2i2,3060.2
12688,OA-ASM1,3060.2
10799,OA-VUMa4,3061.8
12896,OA-VUMa5,3062.1
10041,OA-VUMa1,3062.9
10322,OA-AL2i2,3063.7000000000003
10265,OA-AL2i2,3064.1000000000004
10269,OA-AL2i2,3064.7999999999997
10652,OA-AL2i4,3064.9
11608,OA-VUMa2,3065.5
11921,OA-VPM4,3066.5
10658,OA-AL2i3,3067.4
10555,OA-VUMa3,3067.6
10080,OA-VUMa3,3068.0
11005,OA-VUMa4,3068.4
53065,Mi1,3068.4
10072,OA-AL2i1,3068.7000000000003
10687,OA-AL2i3,3068.7999999999997
10168,OA-VUMa6,3068.9
10677,OA-AL2i4,3069.0
287884,OA-VPM3,3069.0
10226,OA-AL2i3,3069.7
10011,OA-AL2i1,3069.7
10120,OA-VPM4,3070.3
10187,OA-VPM3,3070.3
11602,OA-ASM1,3070.3
10175,OA-VUMa6,3070.4
12109,OA-VUMa2,3070.4
10110,OA-VUMa1,3071.7000000000003
10825,OA-AL2i3,3071.8
10185,OA-VUMa8,3072.1000000000004
10204,OA-AL2i2,3072.7999999999997
286259,OA-ASM1,3073.0
11264,OA-ASM1,3073.2
12688,OA-ASM1,3073.5
12896,OA-VUMa5,3074.2000000000003
10041,OA-VUMa1,3074.3
10799,OA-VUMa4,3075.0
10322,OA-AL2i2,3076.2
10265,OA-AL2i2,3076.3
11608,OA-VUMa2,3076.4
10652,OA-AL2i4,3076.5
10269,OA-AL2i2,3076.7999999999997
10658,OA-AL2i3,3079.4
10168,OA-VUMa6,3079.9
10687,OA-AL2i3,3080.3
11921,OA-VPM4,3080.3
10555,OA-VUMa3,3080.4
11005,OA-VUMa4,3080.7999999999997
10072,OA-AL2i1,3080.9
10226,OA-AL2i3,3081.6000000000004
10011,OA-AL2i1,3081.9
287884,OA-VPM3,3082.0000000000005
10677,OA-AL2i4,3082.1
12109,OA-VUMa2,3082.4
10080,OA-VUMa3,3082.9
11602,OA-ASM1,3083.0
10175,OA-VUMa6,3083.0
53065,Mi1,3083.2000000000003
10110,OA-VUMa1,3083.2999999999997
10120,OA-VPM4,3084.1000000000004
10825,OA-AL2i3,3084.1000000000004
10185,OA-VUMa8,3084.5
10187,OA-VPM3,3084.6
12896,OA-VUMa5,3084.6
10204,OA-AL2i2,3085.4
12688,OA-ASM1,3085.9
10041,OA-VUMa1,3086.0000000000005
11264,OA-ASM1,3086.0000000000005
286259,OA-ASM1,3086.6000000000004
11608,OA-VUMa2,3087.0
10799,OA-VUMa4,3088.3
10322,OA-AL2i2,3088.4
10652,OA-AL2i4,3088.9
10269,OA-AL2i2,3089.2
10265,OA-AL2i2,3089.3
10658,OA-AL2i3,3090.7
10168,OA-VUMa6,3091.2999999999997
11005,OA-VUMa4,3092.4
10687,OA-AL2i3,3092.5
10555,OA-VUMa3,3092.7999999999997
10226,OA-AL2i3,3093.2
10072,OA-AL2i1,3093.8
11921,OA-VPM4,3093.9
10677,OA-AL2i4,3094.2000000000003
12109,OA-VUMa2,3094.2000000000003
10110,OA-VUMa1,3094.3
287884,OA-VPM3,3094.4
10011,OA-AL2i1,3095.0
10175,OA-VUMa6,3095.1
12896,OA-VUMa5,3095.5000000000005
10080,OA-VUMa3,3095.7000000000003
11602,OA-ASM1,3096.1000000000004
10120,OA-VPM4,3096.3
10041,OA-VUMa1,3096.7999999999997
10825,OA-AL2i3,3097.2
53065,Mi1,3097.7000000000003
10204,OA-AL2i2,3097.9
12688,OA-ASM1,3097.9
10185,OA-VUMa8,3098.1
11608,OA-VUMa2,3098.2000000000003
10187,OA-VPM3,3098.8
10322,OA-AL2i2,3099.5000000000005
11264,OA-ASM1,3099.6
286259,OA-ASM1,3100.1000000000004
10269,OA-AL2i2,3101.6000000000004
10265,OA-AL2i2,3101.8
10652,OA-AL2i4,3101.9
10799,OA-VUMa4,3102.2000000000003
10658,OA-AL2i3,3102.4
10168,OA-VUMa6,3103.1
11005,OA-VUMa4,3104.0
10110,OA-VUMa1,3105.4
10226,OA-AL2i3,3105.7000000000003
10677,OA-AL2i4,3105.7000000000003
10011,OA-AL2i1,3106.0000000000005
10687,OA-AL2i3,3106.1
10072,OA-AL2i1,3106.5
10555,OA-VUMa3,3106.5
10175,OA-VUMa6,3106.9
12109,OA-VUMa2,3106.9
287884,OA-VPM3,3107.2000000000003
10080,OA-VUMa3,3107.7000000000003
10041,OA-VUMa1,3108.0
11921,OA-VPM4,3108.0
10120,OA-VPM4,3108.1000000000004
12896,OA-VUMa5,3108.6
11602,OA-ASM1,3109.8
10185,OA-VUMa8,3110.1
11608,OA-VUMa2,3110.2000000000003
10204,OA-AL2i2,3110.3
12688,OA-ASM1,3110.4
10825,OA-AL2i3,3110.5
10322,OA-AL2i2,3110.6000000000004
53065,Mi1,3111.8
10187,OA-VPM3,3112.2
11264,OA-ASM1,3112.4
10265,OA-AL2i2,3113.8
286259,OA-ASM1,3114.0000000000005
10269,OA-AL2i2,3114.2000000000003
10168,OA-VUMa6,3114.4
10799,OA-VUMa4,3114.7
10658,OA-AL2i3,3114.9
10652,OA-AL2i4,3115.0
10110,OA-VUMa1,3115.9
10072,OA-AL2i1,3116.2
11005,OA-VUMa4,3116.7000000000003
10175,OA-VUMa6,3117.5
10226,OA-AL2i3,3117.6000000000004
10011,OA-AL2i1,3117.9
10677,OA-AL2i4,3118.3
10687,OA-AL2i3,3118.3
10041,OA-VUMa1,3118.3
12109,OA-VUMa2,3118.6000000000004
10555,OA-VUMa3,3119.1
10080,OA-VUMa3,3120.5
287884,OA-VPM3,3120.7999999999997
10120,OA-VPM4,3121.3
11921,OA-VPM4,3121.4
12896,OA-VUMa5,3121.5
12688,OA-ASM1,3122.2000000000003
10322,OA-AL2i2,3122.2000000000003
11602,OA-ASM1,3122.3
10185,OA-VUMa8,3122.5
10204,OA-AL2i2,3122.6000000000004
10825,OA-AL2i3,3122.6000000000004
11608,OA-VUMa2,3123.4
11264,OA-ASM1,3124.4
10265,OA-AL2i2,3125.2
10168,OA-VUMa6,3125.4
10072,OA-AL2i1,3125.5
10187,OA-VPM3,3125.6
10269,OA-AL2i2,3125.6
10110,OA-VUMa1,3126.4
53065,Mi1,3126.5
10799,OA-VUMa4,3127.2000000000003
10658,OA-AL2i3,3127.2999999999997
286259,OA-ASM1,3127.4
10652,OA-AL2i4,3127.6
11005,OA-VUMa4,3128.8
10041,OA-VUMa1,3129.2
10175,OA-VUMa6,3129.5
10226,OA-AL2i3,3129.5
10011,OA-AL2i1,3131.1
12109,OA-VUMa2,3131.1
10687,OA-AL2i3,3131.2000000000003
10677,OA-AL2i4,3131.4
10555,OA-VUMa3,3131.8
12896,OA-VUMa5,3132.8
11602,OA-ASM1,3133.1000000000004
10322,OA-AL2i2,3133.3
287884,OA-VPM3,3134.0000000000005
10080,OA-VUMa3,3134.3
10120,OA-VPM4,3134.3
10825,OA-AL2i3,3134.6000000000004
10185,OA-VUMa8,3134.6000000000004
10072,OA-AL2i1,3135.1
11608,OA-VUMa2,3135.1
12688,OA-ASM1,3135.4
10204,OA-AL2i2,3135.6
11921,OA-VPM4,3136.5
11264,OA-ASM1,3137.0
10168,OA-VUMa6,3137.1000000000004
10110,OA-VUMa1,3137.3
10265,OA-AL2i2,3137.4
10269,OA-AL2i2,3137.8
10187,OA-VPM3,3138.0000000000005
10658,OA-AL2i3,3138.8
11005,OA-VUMa4,3139.8
10041,OA-VUMa1,3140.0
10799,OA-VUMa4,3140.2
10226,OA-AL2i3,3141.1000000000004
286259,OA-ASM1,3141.3
10175,OA-VUMa6,3141.5
10652,OA-AL2i4,3141.5
10011,OA-AL2i1,3142.4
12109,OA-VUMa2,3142.6000000000004
53065,Mi1,3142.8
10677,OA-AL2i4,3143.5
10687,OA-AL2i3,3144.1000000000004
10072,OA-AL2i1,3144.5000000000005
12896,OA-VUMa5,3144.6
11602,OA-ASM1,3145.2
10555,OA-VUMa3,3145.3
10322,OA-AL2i2,3145.5
10120,OA-VPM4,3146.0000000000005
10080,OA-VUMa3,3147.1
10185,OA-VUMa8,3147.1
11608,OA-VUMa2,3147.2999999999997
10825,OA-AL2i3,3147.2999999999997
287884,OA-VPM3,3147.4
10110,OA-VUMa1,3148.3
10269,OA-AL2i2,3148.3
12688,OA-ASM1,3148.9
10168,OA-VUMa6,3149.4
10204,OA-AL2i2,3149.5
11264,OA-ASM1,3149.9
10265,OA-AL2i2,3149.9
10658,OA-AL2i3,3150.2000000000003
10187,OA-VPM3,3150.9
10041,OA-VUMa1,3151.1
11921,OA-VPM4,3151.1
11005,OA-VUMa4,3151.4
10226,OA-AL2i3,3152.4
10175,OA-VUMa6,3153.0
10799,OA-VUMa4,3153.2
10011,OA-AL2i1,3153.6
10072,OA-AL2i1,3154.2000000000003
12109,OA-VUMa2,3154.3
286259,OA-ASM1,3154.6000000000004
10652,OA-AL2i4,3154.9
12896,OA-VUMa5,3155.7
10677,OA-AL2i4,3155.8
53065,Mi1,3156.3
10687,OA-AL2i3,3156.5000000000005
10322,OA-AL2i2,3157.9
10555,OA-VUMa3,3158.1
11608,OA-VUMa2,3158.1
10120,OA-VPM4,3158.2000000000003
11602,OA-ASM1,3158.4
10110,OA-VUMa1,3159.5
10185,OA-VUMa8,3159.7
10080,OA-VUMa3,3159.8
10825,OA-AL2i3,3160.2000000000003
287884,OA-VPM3,3160.9
10168,OA-VUMa6,3161.0
10269,OA-AL2i2,3161.1000000000004
10658,OA-AL2i3,3161.5
10041,OA-VUMa1,3161.9
12688,OA-ASM1,3162.0000000000005
10265,OA-AL2i2,3162.4
11264,OA-ASM1,3163.1
10187,OA-VPM3,3163.2999999999997
10204,OA-AL2i2,3163.5
10072,OA-AL2i1,3163.6
11005,OA-VUMa4,3163.6
10226,OA-AL2i3,3163.8
10175,OA-VUMa6,3163.9
11921,OA-VPM4,3165.0
12109,OA-VUMa2,3165.0
10011,OA-AL2i1,3165.7000000000003
10799,OA-VUMa4,3166.7
10652,OA-AL2i4,3167.0
12896,OA-VUMa5,3167.9
286259,OA-ASM1,3168.1000000000004
10687,OA-AL2i3,3168.2000000000003
10677,OA-AL2i4,3169.2
10322,OA-AL2i2,3169.3
11608,OA-VUMa2,3169.4
10110,OA-VUMa1,3169.7999999999997
10120,OA-VPM4,3170.7
11602,OA-ASM1,3171.1
10555,OA-VUMa3,3171.2000000000003
10185,OA-VUMa8,3171.6
10041,OA-VUMa1,3171.7
10825,OA-AL2i3,3171.9
10168,OA-VUMa6,3172.5000000000005
53065,Mi1,3173.1000000000004
10269,OA-AL2i2,3173.3
287884,OA-VPM3,3173.4
10080,OA-VUMa3,3173.6
10658,OA-AL2i3,3173.6
12688,OA-ASM1,3174.6000000000004
10072,OA-AL2i1,3174.9
10226,OA-AL2i3,3174.9
11005,OA-VUMa4,3175.2999999999997
10265,OA-AL2i2,3175.4
10175,OA-VUMa6,3175.9
12109,OA-VUMa2,3176.2000000000003
10011,OA-AL2i1,3176.8
10187,OA-VPM3,3176.8
10204,OA-AL2i2,3177.0
11264,OA-ASM1,3177.6
11921,OA-VPM4,3178.1
10799,OA-VUMa4,3178.9
12896,OA-VUMa5,3179.2000000000003
10652,OA-AL2i4,3179.5
10110,OA-VUMa1,3180.5000000000005
10677,OA-AL2i4,3180.9
10687,OA-AL2i3,3180.9
10322,OA-AL2i2,3181.3
10120,OA-VPM4,3181.7000000000003
286259,OA-ASM1,3181.7999999999997
11608,OA-VUMa2,3182.6000000000004
10041,OA-VUMa1,3183.2999999999997
11602,OA-ASM1,3183.7
10555,OA-VUMa3,3184.2000000000003
10168,OA-VUMa6,3184.3
10185,OA-VUMa8,3184.3
10072,OA-AL2i1,3184.6
10825,OA-AL2i3,3184.8
10269,OA-AL2i2,3184.9
10658,OA-AL2i3,3185.5
10080,OA-VUMa3,3186.2000000000003
287884,OA-VPM3,3186.8
12109,OA-VUMa2,3186.9
53065,Mi1,3187.3
11005,OA-VUMa4,3187.8
10265,OA-AL2i2,3187.9
12688,OA-ASM1,3188.1
10175,OA-VUMa6,3188.3
10226,OA-AL2i3,3188.4
10011,OA-AL2i1,3190.0
10187,OA-VPM3,3190.1
12896,OA-VUMa5,3190.2000000000003
10799,OA-VUMa4,3191.0
10204,OA-AL2i2,3191.1
11264,OA-ASM1,3191.3
10110,OA-VUMa1,3192.0
11921,OA-VPM4,3192.7000000000003
10322,OA-AL2i2,3193.0
10687,OA-AL2i3,3193.2
10652,OA-AL2i4,3193.6
10677,OA-AL2i4,3193.7999999999997
11608,OA-VUMa2,3193.7999999999997
10120,OA-VPM4,3193.9
10041,OA-VUMa1,3194.0
10072,OA-AL2i1,3194.3
286259,OA-ASM1,3195.4
10168,OA-VUMa6,3195.7
11602,OA-ASM1,3196.6
10185,OA-VUMa8,3197.1000000000004
10658,OA-AL2i3,3197.2
10825,OA-AL2i3,3197.2
10269,OA-AL2i2,3197.7999999999997
12109,OA-VUMa2,3198.4
287884,OA-VPM3,3198.9
10080,OA-VUMa3,3199.1
10175,OA-VUMa6,3199.3
10555,OA-VUMa3,3199.4
10226,OA-AL2i3,3200.7000000000003
10011,OA-AL2i1,3200.9
11005,OA-VUMa4,3200.9
12896,OA-VUMa5,3201.0
10265,OA-AL2i2,3201.2
53065,Mi1,3201.7000000000003
12688,OA-ASM1,3201.7999999999997
10110,OA-VUMa1,3203.4
10187,OA-VPM3,3203.4
10204,OA-AL2i2,3203.9
10041,OA-VUMa1,3204.3
10799,OA-VUMa4,3204.3
10072,OA-AL2i1,3204.8
11264,OA-ASM1,3204.8
11608,OA-VUMa2,3205.1000000000004
10322,OA-AL2i2,3205.2
10120,OA-VPM4,3205.5
11921,OA-VPM4,3205.6
10677,OA-AL2i4,3205.7999999999997
10687,OA-AL2i3,3205.9
10168,OA-VUMa6,3207.4
10658,OA-AL2i3,3207.6000000000004
10652,OA-AL2i4,3207.7
286259,OA-ASM1,3208.4
10185,OA-VUMa8,3209.2
11602,OA-ASM1,3209.6
10269,OA-AL2i2,3210.2
10825,OA-AL2i3,3210.4
12109,OA-VUMa2,3210.6000000000004
10175,OA-VUMa6,3211.3
12896,OA-VUMa5,3211.6000000000004
10080,OA-VUMa3,3212.2999999999997
10226,OA-AL2i3,3212.6
287884,OA-VPM3,3212.7000000000003
10555,OA-VUMa3,3213.2
10011,OA-AL2i1,3213.3
10110,OA-VUMa1,3214.1
12688,OA-ASM1,3214.1
11005,OA-VUMa4,3214.3
10072,OA-AL2i1,3214.8
10265,OA-AL2i2,3214.9
10204,OA-AL2i2,3215.8
10041,OA-VUMa1,3215.9
11608,OA-VUMa2,3215.9
53065,Mi1,3216.2999999999997
10187,OA-VPM3,3216.4
10322,OA-AL2i2,3216.9
10799,OA-VUMa4,3217.4
10120,OA-VPM4,3217.5
10687,OA-AL2i3,3218.3
10168,OA-VUMa6,3218.4
11264,OA-ASM1,3218.8
10677,OA-AL2i4,3219.1
11921,OA-VPM4,3219.9
10658,OA-AL2i3,3220.4
10185,OA-VUMa8,3221.1000000000004
10652,OA-AL2i4,3221.1000000000004
286259,OA-ASM1,3222.0
11602,OA-ASM1,3222.1
12109,OA-VUMa2,3222.1
10269,OA-AL2i2,3222.9
10175,OA-VUMa6,3223.0000000000005
10825,OA-AL2i3,3223.0000000000005
12896,OA-VUMa5,3224.2000000000003
10080,OA-VUMa3,3224.7000000000003
10226,OA-AL2i3,3225.1000000000004
287884,OA-VPM3,3225.1000000000004
10110,OA-VUMa1,3225.4
10011,OA-AL2i1,3225.6
11005,OA-VUMa4,3225.6
12688,OA-ASM1,3226.1
10072,OA-AL2i1,3226.3
10555,OA-VUMa3,3227.5
10041,OA-VUMa1,3227.6000000000004
10265,OA-AL2i2,3227.6000000000004
11608,OA-VUMa2,3228.2000000000003
10322,OA-AL2i2,3229.1000000000004
10187,OA-VPM3,3229.5
10120,OA-VPM4,3229.9
10204,OA-AL2i2,3229.9
10168,OA-VUMa6,3230.8
10687,OA-AL2i3,3230.9
53065,Mi1,3231.0000000000005
10799,OA-VUMa4,3231.3
10658,OA-AL2i3,3231.7
10677,OA-AL2i4,3231.9
10185,OA-VUMa8,3232.9
11264,OA-ASM1,3233.0
12109,OA-VUMa2,3234.1
11921,OA-VPM4,3234.2
10652,OA-AL2i4,3234.7000000000003
10175,OA-VUMa6,3234.9
11602,OA-ASM1,3235.4
10269,OA-AL2i2,3235.6000000000004
10825,OA-AL2i3,3235.8
286259,OA-ASM1,3235.9
10110,OA-VUMa1,3236.6
12896,OA-VUMa5,3236.6
10080,OA-VUMa3,3236.8
287884,OA-VPM3,3237.6
10226,OA-AL2i3,3237.7000000000003
10011,OA-AL2i1,3237.9
10041,OA-VUMa1,3238.6000000000004
10072,OA-AL2i1,3239.1
11608,OA-VUMa2,3239.2000000000003
10265,OA-AL2i2,3239.5
12688,OA-ASM1,3239.5
11005,OA-VUMa4,3239.9
10322,OA-AL2i2,3240.4
10555,OA-VUMa3,3240.9
10120,OA-VPM4,3242.0
10187,OA-VPM3,3242.4
10168,OA-VUMa6,3242.6000000000004
10204,OA-AL2i2,3242.6000000000004
10658,OA-AL2i3,3242.8
10687,OA-AL2i3,3243.2000000000003
10799,OA-VUMa4,3244.4
10185,OA-VUMa8,3244.6
12109,OA-VUMa2,3244.7000000000003
11264,OA-ASM1,3245.3
10677,OA-AL2i4,3245.9
53065,Mi1,3246.4
10175,OA-VUMa6,3246.8
10652,OA-AL2i4,3247.0000000000005
12896,OA-VUMa5,3247.1
11921,OA-VPM4,3247.2000000000003
10110,OA-VUMa1,3247.3
10825,OA-AL2i3,3247.5
10269,OA-AL2i2,3248.1
10072,OA-AL2i1,3248.2999999999997
10041,OA-VUMa1,3248.9
11602,OA-ASM1,3248.9
10011,OA-AL2i1,3249.1000000000004
10226,OA-AL2i3,3249.4
10080,OA-VUMa3,3249.7000000000003
287884,OA-VPM3,3250.6
11608,OA-VUMa2,3250.6
11005,OA-VUMa4,3251.3
286259,OA-ASM1,3251.5
12688,OA-ASM1,3252.5
10265,OA-AL2i2,3252.9
10322,OA-AL2i2,3252.9
10658,OA-AL2i3,3253.5
10555,OA-VUMa3,3253.8
10187,OA-VPM3,3254.5
10168,OA-VUMa6,3254.6
10687,OA-AL2i3,3254.7000000000003
10120,OA-VPM4,3255.4
10204,OA-AL2i2,3256.0
12109,OA-VUMa2,3256.4
10185,OA-VUMa8,3257.2
10799,OA-VUMa4,3257.4
10110,OA-VUMa1,3258.0
10072,OA-AL2i1,3258.3
12896,OA-VUMa5,3258.4
11264,OA-ASM1,3258.7000000000003
10175,OA-VUMa6,3259.0000000000005
10652,OA-AL2i4,3259.4
10825,OA-AL2i3,3260.0
10677,OA-AL2i4,3260.1
10041,OA-VUMa1,3260.8
53065,Mi1,3260.8
10226,OA-AL2i3,3261.0
11921,OA-VPM4,3261.1000000000004
10011,OA-AL2i1,3261.2
11602,OA-ASM1,3261.5
10269,OA-AL2i2,3261.7000000000003
11608,OA-VUMa2,3261.8
10080,OA-VUMa3,3261.9
287884,OA-VPM3,3262.6
11005,OA-VUMa4,3263.4
12688,OA-ASM1,3264.5
10658,OA-AL2i3,3264.7
10322,OA-AL2i2,3265.7000000000003
10687,OA-AL2i3,3266.0
10265,OA-AL2i2,3266.2
10168,OA-VUMa6,3266.5
286259,OA-ASM1,3266.8
10187,OA-VPM3,3267.3
12109,OA-VUMa2,3267.6000000000004
10555,OA-VUMa3,3268.2999999999997
10120,OA-VPM4,3268.5
10185,OA-VUMa8,3268.5
10110,OA-VUMa1,3268.6
10204,OA-AL2i2,3268.8
10072,OA-AL2i1,3269.0
12896,OA-VUMa5,3269.6
10175,OA-VUMa6,3270.2
10799,OA-VUMa4,3270.5
11264,OA-ASM1,3271.4
10041,OA-VUMa1,3271.9
10652,OA-AL2i4,3271.9
10226,OA-AL2i3,3272.5
10269,OA-AL2i2,3272.6
10825,OA-AL2i3,3272.7
10011,OA-AL2i1,3272.8
10677,OA-AL2i4,3272.8
11608,OA-VUMa2,3272.8
11005,OA-VUMa4,3274.4
11921,OA-VPM4,3274.8
11602,OA-ASM1,3274.9
10080,OA-VUMa3,3275.2000000000003
287884,OA-VPM3,3276.0
53065,Mi1,3276.2000000000003
10658,OA-AL2i3,3276.9
12688,OA-ASM1,3277.1000000000004
10322,OA-AL2i2,3277.1000000000004
10687,OA-AL2i3,3277.7000000000003
10168,OA-VUMa6,3277.8
10072,OA-AL2i1,3278.2
10265,OA-AL2i2,3278.3
12109,OA-VUMa2,3278.3
10110,OA-VUMa1,3279.4
12896,OA-VUMa5,3280.5
10204,OA-AL2i2,3280.6
10185,OA-VUMa8,3280.7
10187,OA-VPM3,3280.8
10555,OA-VUMa3,3280.9
286259,OA-ASM1,3280.9
10120,OA-VPM4,3281.3
10175,OA-VUMa6,3282.1000000000004
10041,OA-VUMa1,3282.9
10799,OA-VUMa4,3283.2000000000003
10011,OA-AL2i1,3283.4
10269,OA-AL2i2,3283.7
10226,OA-AL2i3,3283.8
11608,OA-VUMa2,3283.9
11264,OA-ASM1,3284.5
10825,OA-AL2i3,3284.6
10652,OA-AL2i4,3285.0
11005,OA-VUMa4,3285.1000000000004
10677,OA-AL2i4,3285.6
11602,OA-ASM1,3287.4
10072,OA-AL2i1,3287.8
10080,OA-VUMa3,3288.1
10322,OA-AL2i2,3288.5
10168,OA-VUMa6,3288.6
10658,OA-AL2i3,3288.6
11921,OA-VPM4,3288.6
287884,OA-VPM3,3289.0
12109,OA-VUMa2,3289.1000000000004
12688,OA-ASM1,3289.7000000000003
10265,OA-AL2i2,3290.0
53065,Mi1,3290.0
10687,OA-AL2i3,3290.1000000000004
10110,OA-VUMa1,3290.5
12896,OA-VUMa5,3291.4
10185,OA-VUMa8,3293.1000000000004
10555,OA-VUMa3,3293.2000000000003
10041,OA-VUMa1,3293.9
10120,OA-VPM4,3294.0
286259,OA-ASM1,3294.1000000000004
10187,OA-VPM3,3294.2
10175,OA-VUMa6,3294.3
10011,OA-AL2i1,3294.7000000000003
10204,OA-AL2i2,3294.7000000000003
11608,OA-VUMa2,3295.3
10226,OA-AL2i3,3295.6000000000004
10269,OA-AL2i2,3296.7
10652,OA-AL2i4,3296.9
10799,OA-VUMa4,3296.9
11005,OA-VUMa4,3296.9
10825,OA-AL2i3,3297.6
11264,OA-ASM1,3297.7000000000003
10072,OA-AL2i1,3297.8
10677,OA-AL2i4,3298.7000000000003
10658,OA-AL2i3,3299.6000000000004
10168,OA-VUMa6,3300.1
10080,OA-VUMa3,3300.2999999999997
12109,OA-VUMa2,3300.4
10322,OA-AL2i2,3300.8
10110,OA-VUMa1,3301.0
11602,OA-ASM1,3301.5000000000005
10687,OA-AL2i3,3301.6
287884,OA-VPM3,3301.9
10265,OA-AL2i2,3302.0
11921,OA-VPM4,3302.1000000000004
12688,OA-ASM1,3302.7000000000003
12896,OA-VUMa5,3302.7999999999997
10185,OA-VUMa8,3304.2000000000003
10041,OA-VUMa1,3304.5
10011,OA-AL2i1,3305.8
10175,OA-VUMa6,3306.1000000000004
10555,OA-VUMa3,3306.1000000000004
11608,OA-VUMa2,3306.3
10226,OA-AL2i3,3306.5
53065,Mi1,3306.9
10120,OA-VPM4,3307.1
10187,OA-VPM3,3307.3
10204,OA-AL2i2,3307.8
286259,OA-ASM1,3308.1
11005,OA-VUMa4,3309.1000000000004
10269,OA-AL2i2,3309.2000000000003
10652,OA-AL2i4,3309.5000000000005
10072,OA-AL2i1,3309.7000000000003
10799,OA-VUMa4,3309.8
11264,OA-ASM1,3310.3
10825,OA-AL2i3,3310.4
10168,OA-VUMa6,3311.0
10658,OA-AL2i3,3311.5
10110,OA-VUMa1,3311.7
12109,OA-VUMa2,3311.8
10677,OA-AL2i4,3312.2000000000003
10322,OA-AL2i2,3313.0
10265,OA-AL2i2,3313.6
10080,OA-VUMa3,3313.9
10687,OA-AL2i3,3314.2
12896,OA-VUMa5,3314.4
12688,OA-ASM1,3314.7000000000003
11921,OA-VPM4,3314.7999999999997
11602,OA-ASM1,3315.2000000000003
10041,OA-VUMa1,3315.6000000000004
287884,OA-VPM3,3315.6000000000004
10185,OA-VUMa8,3316.0
11608,OA-VUMa2,3317.5000000000005
10011,OA-AL2i1,3317.9
10175,OA-VUMa6,3319.0
10187,OA-VPM3,3319.0
10226,OA-AL2i3,3319.2000000000003
11005,OA-VUMa4,3319.7
10120,OA-VPM4,3319.9
10555,OA-VUMa3,3320.2000000000003
10204,OA-AL2i2,3320.4
53065,Mi1,3320.8
10269,OA-AL2i2,3321.5000000000005
10168,OA-VUMa6,3321.9
10110,OA-VUMa1,3322.0
10652,OA-AL2i4,3322.0
286259,OA-ASM1,3322.2
10072,OA-AL2i1,3322.5
11264,OA-ASM1,3322.5
10658,OA-AL2i3,3322.7000000000003
10799,OA-VUMa4,3323.1
10825,OA-AL2i3,3323.2000000000003
12109,OA-VUMa2,3323.9
10322,OA-AL2i2,3324.5
12896,OA-VUMa5,3324.7
10677,OA-AL2i4,3325.3
10265,OA-AL2i2,3325.7000000000003
10687,OA-AL2i3,3325.7000000000003
10041,OA-VUMa1,3325.8
10080,OA-VUMa3,3326.1000000000004
12688,OA-ASM1,3327.0
287884,OA-VPM3,3327.4
11608,OA-VUMa2,3328.4
10185,OA-VUMa8,3328.5
10011,OA-AL2i1,3328.7
11602,OA-ASM1,3328.7
11921,OA-VPM4,3329.1
11005,OA-VUMa4,3330.4
10226,OA-AL2i3,3331.6000000000004
10175,OA-VUMa6,3332.0
10120,OA-VPM4,3332.1
10187,OA-VPM3,3332.2000000000003
10110,OA-VUMa1,3332.5
10072,OA-AL2i1,3332.5
10168,OA-VUMa6,3333.0
10555,OA-VUMa3,3333.5000000000005
10204,OA-AL2i2,3333.7000000000003
10269,OA-AL2i2,3334.2
10652,OA-AL2i4,3334.5
53065,Mi1,3334.5
12109,OA-VUMa2,3334.9
10658,OA-AL2i3,3335.0
11264,OA-ASM1,3335.3
12896,OA-VUMa5,3335.5
10825,OA-AL2i3,3335.5
10041,OA-VUMa1,3336.2000000000003
10799,OA-VUMa4,3336.9
10322,OA-AL2i2,3337.0
10265,OA-AL2i2,3337.2000000000003
286259,OA-ASM1,3337.2000000000003
10677,OA-AL2i4,3337.7000000000003
10687,OA-AL2i3,3338.5
10080,OA-VUMa3,3339.0
12688,OA-ASM1,3339.0
287884,OA-VPM3,3339.5
10011,OA-AL2i1,3340.0000000000005
11608,OA-VUMa2,3340.2000000000003
11602,OA-ASM1,3340.9
10185,OA-VUMa8,3341.0
11005,OA-VUMa4,3341.9
10072,OA-AL2i1,3342.6
10226,OA-AL2i3,3342.9
10110,OA-VUMa1,3343.2
11921,OA-VPM4,3344.0000000000005
10168,OA-VUMa6,3344.4
10175,OA-VUMa6,3344.6000000000004
10187,OA-VPM3,3345.1
10120,OA-VPM4,3345.2000000000003
10204,OA-AL2i2,3346.0
10652,OA-AL2i4,3346.1000000000004
10041,OA-VUMa1,3346.6
10269,OA-AL2i2,3346.6
10555,OA-VUMa3,3346.6
12109,OA-VUMa2,3347.0
10658,OA-AL2i3,3347.5
10825,OA-AL2i3,3347.9
12896,OA-VUMa5,3348.3
11264,OA-ASM1,3348.3
10265,OA-AL2i2,3349.5000000000005
10677,OA-AL2i4,3349.9
10322,OA-AL2i2,3350.0
10799,OA-VUMa4,3350.1000000000004
53065,Mi1,3350.1000000000004
10011,OA-AL2i1,3351.0
10687,OA-AL2i3,3351.7000000000003
10080,OA-VUMa3,3351.7000000000003
11608,OA-VUMa2,3351.8
286259,OA-ASM1,3351.9
12688,OA-ASM1,3352.2000000000003
287884,OA-VPM3,3353.2000000000003
10185,OA-VUMa8,3353.4
10110,OA-VUMa1,3353.6
11005,OA-VUMa4,3354.4
11602,OA-ASM1,3354.6
10072,OA-AL2i1,3354.6
10226,OA-AL2i3,3355.0
10175,OA-VUMa6,3355.3
10168,OA-VUMa6,3356.5
10041,OA-VUMa1,3356.9
10120,OA-VPM4,3357.9
11921,OA-VPM4,3358.0
10269,OA-AL2i2,3358.2
12109,OA-VUMa2,3358.2
10187,OA-VPM3,3358.7000000000003
10652,OA-AL2i4,3358.9
10204,OA-AL2i2,3359.4
10658,OA-AL2i3,3359.9
10825,OA-AL2i3,3360.3
10555,OA-VUMa3,3360.7
12896,OA-VUMa5,3360.9
10322,OA-AL2i2,3361.5000000000005
11264,OA-ASM1,3361.9
10011,OA-AL2i1,3362.6
10265,OA-AL2i2,3362.9
10677,OA-AL2i4,3363.0
11608,OA-VUMa2,3363.1
10799,OA-VUMa4,3363.6000000000004
10080,OA-VUMa3,3364.1
53065,Mi1,3364.6000000000004
286259,OA-ASM1,3364.7
12688,OA-ASM1,3364.8
10110,OA-VUMa1,3365.1
10687,OA-AL2i3,3365.2000000000003
287884,OA-VPM3,3366.7000000000003
10175,OA-VUMa6,3366.7999999999997
11602,OA-ASM1,3366.7999999999997
10185,OA-VUMa8,3367.0
10072,OA-AL2i1,3367.2
11005,OA-VUMa4,3367.2
10168,OA-VUMa6,3367.3
10226,OA-AL2i3,3367.4
10041,OA-VUMa1,3368.1
12109,OA-VUMa2,3369.2999999999997
10120,OA-VPM4,3370.5
10269,OA-AL2i2,3370.5
10652,OA-AL2i4,3370.7000000000003
10187,OA-VPM3,3371.0
10204,OA-AL2i2,3371.0
11921,OA-VPM4,3371.4
10825,OA-AL2i3,3372.2000000000003
10658,OA-AL2i3,3372.3
12896,OA-VUMa5,3372.5
10322,OA-AL2i2,3373.0
10555,OA-VUMa3,3373.4
10011,OA-AL2i1,3373.9
10265,OA-AL2i2,3374.6
11608,OA-VUMa2,3374.9
10677,OA-AL2i4,3375.1000000000004
11264,OA-ASM1,3376.0000000000005
10080,OA-VUMa3,3376.1
10110,OA-VUMa1,3376.4
10799,OA-VUMa4,3377.1
10687,OA-AL2i3,3377.6
10168,OA-VUMa6,3378.1000000000004
10175,OA-VUMa6,3378.2
12688,OA-ASM1,3378.4
286259,OA-ASM1,3378.9
10041,OA-VUMa1,3379.3
10226,OA-AL2i3,3379.3
11005,OA-VUMa4,3379.3
11602,OA-ASM1,3379.8
53065,Mi1,3379.9
10072,OA-AL2i1,3380.2000000000003
10185,OA-VUMa8,3380.3
287884,OA-VPM3,3381.0
12109,OA-VUMa2,3381.2000000000003
10120,OA-VPM4,3382.8
10269,OA-AL2i2,3383.4
10658,OA-AL2i3,3383.6
12896,OA-VUMa5,3383.6
10204,OA-AL2i2,3384.0000000000005
10825,OA-AL2i3,3384.5
10652,OA-AL2i4,3384.5
10187,OA-VPM3,3384.6000000000004
10011,OA-AL2i1,3385.1
10322,OA-AL2i2,3385.6
11608,OA-VUMa2,3385.7000000000003
10110,OA-VUMa1,3386.3
10555,OA-VUMa3,3386.3
10265,OA-AL2i2,3386.6
11921,OA-VPM4,3386.7000000000003
10677,OA-AL2i4,3387.0
10080,OA-VUMa3,3388.4
11264,OA-ASM1,3388.7
10175,OA-VUMa6,3388.9
10041,OA-VUMa1,3389.7000000000003
10168,OA-VUMa6,3389.8
10799,OA-VUMa4,3390.2
11005,OA-VUMa4,3390.6
10226,OA-AL2i3,3390.8
10687,OA-AL2i3,3390.9
12688,OA-ASM1,3391.5
286259,OA-ASM1,3391.8
10072,OA-AL2i1,3391.9
10185,OA-VUMa8,3392.3
12109,OA-VUMa2,3392.5
11602,OA-ASM1,3392.6000000000004
10120,OA-VPM4,3394.5
287884,OA-VPM3,3394.9
12896,OA-VUMa5,3395.0
10658,OA-AL2i3,3395.1000000000004
53065,Mi1,3395.1000000000004
10011,OA-AL2i1,3395.8
10269,OA-AL2i2,3395.8
11608,OA-VUMa2,3396.2000000000003
10204,OA-AL2i2,3396.4
10110,OA-VUMa1,3396.9
10825,OA-AL2i3,3397.0
10322,OA-AL2i2,3397.2999999999997
10187,OA-VPM3,3397.5
10652,OA-AL2i4,3397.9
10265,OA-AL2i2,3398.9
10555,OA-VUMa3,3399.1000000000004
10175,OA-VUMa6,3400.0000000000005
10041,OA-VUMa1,3400.5
11921,OA-VPM4,3400.7
11264,OA-ASM1,3400.7
10677,OA-AL2i4,3400.8
10080,OA-VUMa3,3401.2999999999997
10168,OA-VUMa6,3401.2999999999997
11005,OA-VUMa4,3402.4
10226,OA-AL2i3,3402.5000000000005
10799,OA-VUMa4,3403.2
12688,OA-ASM1,3404.1
12109,OA-VUMa2,3404.3
10687,OA-AL2i3,3404.3
10185,OA-VUMa8,3404.6000000000004
10072,OA-AL2i1,3405.0
12896,OA-VUMa5,3405.2000000000003
11602,OA-ASM1,3405.5
286259,OA-ASM1,3405.5
10120,OA-VPM4,3406.8
10658,OA-AL2i3,3407.1000000000004
10110,OA-VUMa1,3407.8
10011,OA-AL2i1,3407.8
10269,OA-AL2i2,3408.0000000000005
11608,OA-VUMa2,3408.2000000000003
287884,OA-VPM3,3408.3
10204,OA-AL2i2,3409.2999999999997
10322,OA-AL2i2,3409.2999999999997
10825,OA-AL2i3,3409.2999999999997
10187,OA-VPM3,3410.6
10652,OA-AL2i4,3410.7000000000003
10041,OA-VUMa1,3411.0
53065,Mi1,3411.2
10168,OA-VUMa6,3412.1
10175,OA-VUMa6,3412.3
10265,OA-AL2i2,3412.8
10677,OA-AL2i4,3412.8
10555,OA-VUMa3,3413.0
11005,OA-VUMa4,3413.8
10080,OA-VUMa3,3413.9
11921,OA-VPM4,3414.1000000000004
10226,OA-AL2i3,3414.4
11264,OA-ASM1,3414.7000000000003
10799,OA-VUMa4,3415.6
10072,OA-AL2i1,3416.2000000000003
12109,OA-VUMa2,3416.4
10185,OA-VUMa8,3416.5
10687,OA-AL2i3,3417.0
11602,OA-ASM1,3417.2000000000003
12688,OA-ASM1,3417.4
12896,OA-VUMa5,3417.8
10011,OA-AL2i1,3418.3
10120,OA-VPM4,3418.4
10110,OA-VUMa1,3418.8
10658,OA-AL2i3,3418.9
286259,OA-ASM1,3419.4
10269,OA-AL2i2,3419.9
10322,OA-AL2i2,3421.0
10825,OA-AL2i3,3421.1
11608,OA-VUMa2,3421.6
10204,OA-AL2i2,3421.7
287884,OA-VPM3,3421.7
10041,OA-VUMa1,3421.9
10187,OA-VPM3,3422.7000000000003
10652,OA-AL2i4,3422.8
10168,OA-VUMa6,3423.7999999999997
10175,OA-VUMa6,3424.7
10265,OA-AL2i2,3425.0
10226,OA-AL2i3,3425.8
10555,OA-VUMa3,3425.8
10072,OA-AL2i1,3425.9
11005,OA-VUMa4,3425.9
53065,Mi1,3425.9
10677,OA-AL2i4,3426.1000000000004
10080,OA-VUMa3,3427.1000000000004
11264,OA-ASM1,3427.5
10687,OA-AL2i3,3428.1
10185,OA-VUMa8,3428.3
12109,OA-VUMa2,3428.4
11921,OA-VPM4,3428.5
10799,OA-VUMa4,3428.8
10011,OA-AL2i1,3429.2999999999997
10110,OA-VUMa1,3429.4
10120,OA-VPM4,3429.8
11602,OA-ASM1,3429.9
12688,OA-ASM1,3430.3
12896,OA-VUMa5,3430.3
10658,OA-AL2i3,3430.7000000000003
10269,OA-AL2i2,3431.6
10041,OA-VUMa1,3432.1
10825,OA-AL2i3,3432.7
10322,OA-AL2i2,3432.7
286259,OA-ASM1,3432.8
11608,OA-VUMa2,3433.7
287884,OA-VPM3,3434.0
10204,OA-AL2i2,3434.1000000000004
10168,OA-VUMa6,3435.4
10187,OA-VPM3,3435.5
10652,OA-AL2i4,3435.6
10175,OA-VUMa6,3436.0
10072,OA-AL2i1,3436.9
10226,OA-AL2i3,3437.1
10265,OA-AL2i2,3437.8
10677,OA-AL2i4,3438.1000000000004
11005,OA-VUMa4,3438.1000000000004
10555,OA-VUMa3,3438.7000000000003
10687,OA-AL2i3,3439.4
10080,OA-VUMa3,3439.7000000000003
53065,Mi1,3440.0
11264,OA-ASM1,3440.1
10110,OA-VUMa1,3440.3
10011,OA-AL2i1,3440.9
10185,OA-VUMa8,3440.9
12109,OA-VUMa2,3441.2000000000003
10658,OA-AL2i3,3442.1000000000004
10120,OA-VPM4,3442.2000000000003
10799,OA-VUMa4,3442.4
11602,OA-ASM1,3442.6
12688,OA-ASM1,3442.6
11921,OA-VPM4,3442.7000000000003
10041,OA-VUMa1,3442.8
12896,OA-VUMa5,3442.9
10269,OA-AL2i2,3443.7999999999997
10322,OA-AL2i2,3444.7
10825,OA-AL2i3,3445.4
11608,OA-VUMa2,3445.7
286259,OA-ASM1,3446.6
287884,OA-VPM3,3446.7000000000003
10072,OA-AL2i1,3447.2
10175,OA-VUMa6,3447.4
10204,OA-AL2i2,3447.5
10168,OA-VUMa6,3447.7000000000003
10226,OA-AL2i3,3447.9
10652,OA-AL2i4,3448.3
10187,OA-VPM3,3448.9
11005,OA-VUMa4,3449.3
10677,OA-AL2i4,3450.2000000000003
10265,OA-AL2i2,3450.4
10110,OA-VUMa1,3451.1000000000004
10687,OA-AL2i3,3451.4
10011,OA-AL2i1,3451.7999999999997
10185,OA-VUMa8,3452.0
12109,OA-VUMa2,3452.1
10658,OA-AL2i3,3452.6000000000004
10080,OA-VUMa3,3453.0
11264,OA-ASM1,3453.0
10555,OA-VUMa3,3453.1
10041,OA-VUMa1,3453.9
10799,OA-VUMa4,3454.5000000000005
12896,OA-VUMa5,3454.5000000000005
10120,OA-VPM4,3454.6
53065,Mi1,3454.6
12688,OA-ASM1,3455.4
11602,OA-ASM1,3455.7000000000003
10269,OA-AL2i2,3456.2000000000003
10072,OA-AL2i1,3456.8
10322,OA-AL2i2,3457.0
11608,OA-VUMa2,3457.0
11921,OA-VPM4,3457.1
10825,OA-AL2i3,3457.8
10175,OA-VUMa6,3459.0
287884,OA-VPM3,3459.2
10204,OA-AL2i2,3459.7000000000003
286259,OA-ASM1,3459.7000000000003
10168,OA-VUMa6,3459.7999999999997
10226,OA-AL2i3,3460.0
10110,OA-VUMa1,3461.1
10187,OA-VPM3,3461.3
11005,OA-VUMa4,3461.5
10652,OA-AL2i4,3462.0
10677,OA-AL2i4,3462.4
10011,OA-AL2i1,3462.7000000000003
10265,OA-AL2i2,3462.8
12109,OA-VUMa2,3462.8
10687,OA-AL2i3,3463.0
10185,OA-VUMa8,3463.6
10041,OA-VUMa1,3464.5
10658,OA-AL2i3,3464.6000000000004
11264,OA-ASM1,3465.2000000000003
10555,OA-VUMa3,3465.6000000000004
12896,OA-VUMa5,3465.7
10072,OA-AL2i1,3466.4
10120,OA-VPM4,3466.6
10080,OA-VUMa3,3467.0
12688,OA-ASM1,3467.4
10799,OA-VUMa4,3467.9
10269,OA-AL2i2,3468.3
53065,Mi1,3468.3
11608,OA-VUMa2,3468.5
11602,OA-ASM1,3468.7
10825,OA-AL2i3,3469.0000000000005
10322,OA-AL2i2,3469.3
11921,OA-VPM4,3470.3
10226,OA-AL2i3,3471.3
10175,OA-VUMa6,3471.3
10168,OA-VUMa6,3471.5
11005,OA-VUMa4,3471.9
10110,OA-VUMa1,3472.0
287884,OA-VPM3,3472.0
286259,OA-ASM1,3472.8
10187,OA-VPM3,3473.2000000000003
10204,OA-AL2i2,3473.3
12109,OA-VUMa2,3473.9
10011,OA-AL2i1,3474.8
10652,OA-AL2i4,3474.8
10185,OA-VUMa8,3475.1000000000004
10041,OA-VUMa1,3475.2
10687,OA-AL2i3,3475.2
10265,OA-AL2i2,3475.3
10072,OA-AL2i1,3475.3
10677,OA-AL2i4,3476.6000000000004
12896,OA-VUMa5,3476.7000000000003
10658,OA-AL2i3,3477.3
10555,OA-VUMa3,3478.5000000000005
10120,OA-VPM4,3478.6
11264,OA-ASM1,3478.6
10080,OA-VUMa3,3479.4
11608,OA-VUMa2,3479.5
10269,OA-AL2i2,3480.3
10825,OA-AL2i3,3480.9
12688,OA-ASM1,3481.2000000000003
11602,OA-ASM1,3481.7
10322,OA-AL2i2,3481.8
10799,OA-VUMa4,3481.9
10226,OA-AL2i3,3482.2000000000003
10168,OA-VUMa6,3482.4
10175,OA-VUMa6,3482.4
10110,OA-VUMa1,3483.1000000000004
11005,OA-VUMa4,3483.4
53065,Mi1,3483.5
11921,OA-VPM4,3483.9
287884,OA-VPM3,3484.1
10072,OA-AL2i1,3485.5
12109,OA-VUMa2,3485.5
10041,OA-VUMa1,3485.9
10187,OA-VPM3,3485.9
286259,OA-ASM1,3486.2999999999997
10011,OA-AL2i1,3486.5000000000005
10185,OA-VUMa8,3486.8
10204,OA-AL2i2,3486.8
10687,OA-AL2i3,3486.8
10265,OA-AL2i2,3487.3
12896,OA-VUMa5,3487.5
10652,OA-AL2i4,3488.1
10658,OA-AL2i3,3488.5
10677,OA-AL2i4,3489.4
11608,OA-VUMa2,3490.0
10120,OA-VPM4,3490.9
10555,OA-VUMa3,3490.9
10168,OA-VUMa6,3492.1
10269,OA-AL2i2,3492.4
10825,OA-AL2i3,3492.4
10175,OA-VUMa6,3492.9
10226,OA-AL2i3,3493.4
10080,OA-VUMa3,3493.5
10110,OA-VUMa1,3493.7
11264,OA-ASM1,3493.8
10322,OA-AL2i2,3494.2000000000003
12688,OA-ASM1,3494.5000000000005
10072,OA-AL2i1,3495.2
11602,OA-ASM1,3495.2
10799,OA-VUMa4,3495.9
11005,OA-VUMa4,3496.2
287884,OA-VPM3,3496.3
10041,OA-VUMa1,3496.4
12109,OA-VUMa2,3497.2000000000003
11921,OA-VPM4,3497.4
10187,OA-VPM3,3498.0
10011,OA-AL2i1,3498.2000000000003
53065,Mi1,3498.2000000000003
12896,OA-VUMa5,3498.4
10185,OA-VUMa8,3499.2
10687,OA-AL2i3,3499.4
286259,OA-ASM1,3500.0
11608,OA-VUMa2,3500.4
10204,OA-AL2i2,3500.5
10652,OA-AL2i4,3500.6000000000004
10265,OA-AL2i2,3501.0000000000005
10658,OA-AL2i3,3501.0000000000005
10677,OA-AL2i4,3502.5
10120,OA-VPM4,3502.7000000000003
10175,OA-VUMa6,3503.6
10168,OA-VUMa6,3503.7999999999997
10269,OA-AL2i2,3504.1000000000004
10072,OA-AL2i1,3504.2
10226,OA-AL2i3,3504.2
10110,OA-VUMa1,3504.6000000000004
10555,OA-VUMa3,3505.0000000000005
10825,OA-AL2i3,3505.4
10322,OA-AL2i2,3505.8
10080,OA-VUMa3,3506.4
10041,OA-VUMa1,3507.2
11264,OA-ASM1,3507.2
11602,OA-ASM1,3507.5
12688,OA-ASM1,3507.7000000000003
10799,OA-VUMa4,3508.0
11005,OA-VUMa4,3508.7000000000003
287884,OA-VPM3,3509.3
12109,OA-VUMa2,3509.8
12896,OA-VUMa5,3510.1
10011,OA-AL2i1,3510.4
10185,OA-VUMa8,3510.9
10187,OA-VPM3,3511.7000000000003
53065,Mi1,3511.9
10687,OA-AL2i3,3512.2
11608,OA-VUMa2,3512.2
10658,OA-AL2i3,3512.5
11921,OA-VPM4,3512.6000000000004
10265,OA-AL2i2,3513.1
10072,OA-AL2i1,3513.4
286259,OA-ASM1,3513.6000000000004
10652,OA-AL2i4,3513.7
10120,OA-VPM4,3514.5
10175,OA-VUMa6,3514.5
10204,OA-AL2i2,3514.6
10110,OA-VUMa1,3515.3
10226,OA-AL2i3,3515.4
10168,OA-VUMa6,3515.6
10269,OA-AL2i2,3515.6
10677,OA-AL2i4,3515.6
10041,OA-VUMa1,3517.5
10825,OA-AL2i3,3518.0
10322,OA-AL2i2,3518.1
10555,OA-VUMa3,3518.5
10080,OA-VUMa3,3519.7000000000003
11602,OA-ASM1,3519.9
12688,OA-ASM1,3520.1000000000004
10799,OA-VUMa4,3520.7000000000003
11005,OA-VUMa4,3520.8
11264,OA-ASM1,3521.2000000000003
287884,OA-VPM3,3521.3
10011,OA-AL2i1,3522.0
12896,OA-VUMa5,3522.5
12109,OA-VUMa2,3522.6
10072,OA-AL2i1,3523.6
10185,OA-VUMa8,3523.6
11608,OA-VUMa2,3523.8
10187,OA-VPM3,3524.2
10687,OA-AL2i3,3525.2000000000003
53065,Mi1,3525.2000000000003
10658,OA-AL2i3,3525.3
10265,OA-AL2i2,3525.7
286259,OA-ASM1,3526.1
10175,OA-VUMa6,3526.4
10110,OA-VUMa1,3526.5
11921,OA-VPM4,3526.6
10652,OA-AL2i4,3526.7000000000003
10120,OA-VPM4,3526.9
10226,OA-AL2i3,3527.2
10204,OA-AL2i2,3527.9
10168,OA-VUMa6,3528.4
10269,OA-AL2i2,3528.8
10041,OA-VUMa1,3528.9
10677,OA-AL2i4,3529.2000000000003
10322,OA-AL2i2,3530.2000000000003
10825,OA-AL2i3,3530.2000000000003
10555,OA-VUMa3,3531.6
10080,OA-VUMa3,3532.4
11602,OA-ASM1,3532.5
11005,OA-VUMa4,3533.0000000000005
12688,OA-ASM1,3533.6000000000004
10011,OA-AL2i1,3533.9
10799,OA-VUMa4,3534.0
10072,OA-AL2i1,3534.1
287884,OA-VPM3,3534.2999999999997
10185,OA-VUMa8,3535.0
12896,OA-VUMa5,3535.1000000000004
11264,OA-ASM1,3535.6
11608,OA-VUMa2,3536.0
10110,OA-VUMa1,3536.8
12109,OA-VUMa2,3536.8
10687,OA-AL2i3,3536.9
10658,OA-AL2i3,3537.0000000000005
10187,OA-VPM3,3537.3
10265,OA-AL2i2,3538.2999999999997
10175,OA-VUMa6,3538.4
10226,OA-AL2i3,3538.7
10120,OA-VPM4,3538.9
10041,OA-VUMa1,3539.2000000000003
11921,OA-VPM4,3539.5000000000005
10168,OA-VUMa6,3539.6
10269,OA-AL2i2,3539.7000000000003
53065,Mi1,3539.7000000000003
10652,OA-AL2i4,3539.9
286259,OA-ASM1,3540.1000000000004
10204,OA-AL2i2,3540.3
10677,OA-AL2i4,3541.4
10825,OA-AL2i3,3542.1
10322,OA-AL2i2,3543.4
10555,OA-VUMa3,3544.4
11005,OA-VUMa4,3544.9
10080,OA-VUMa3,3545.5
10011,OA-AL2i1,3545.6000000000004
10072,OA-AL2i1,3546.2999999999997
12688,OA-ASM1,3546.7
12896,OA-VUMa5,3546.7
287884,OA-VPM3,3546.7
11602,OA-ASM1,3547.0
10185,OA-VUMa8,3547.2000000000003
10799,OA-VUMa4,3548.0
11608,OA-VUMa2,3548.5
10110,OA-VUMa1,3548.6
10687,OA-AL2i3,3548.7000000000003
10658,OA-AL2i3,3548.7999999999997
10041,OA-VUMa1,3549.8
10187,OA-VPM3,3549.9
10175,OA-VUMa6,3550.4
11264,OA-ASM1,3550.4
12109,OA-VUMa2,3550.4
10265,OA-AL2i2,3550.6
10168,OA-VUMa6,3551.2000000000003
10226,OA-AL2i3,3551.3
10120,OA-VPM4,3551.4
10269,OA-AL2i2,3551.6
10652,OA-AL2i4,3552.2
11921,OA-VPM4,3553.3
10204,OA-AL2i2,3553.8
10825,OA-AL2i3,3553.9
53065,Mi1,3554.2000000000003
10677,OA-AL2i4,3554.7
286259,OA-ASM1,3554.8
10322,OA-AL2i2,3555.4
11005,OA-VUMa4,3557.0000000000005
10011,OA-AL2i1,3557.2000000000003
10555,OA-VUMa3,3557.6000000000004
10072,OA-AL2i1,3558.4
12896,OA-VUMa5,3558.4
10080,OA-VUMa3,3559.5000000000005
11602,OA-ASM1,3559.7000000000003
10185,OA-VUMa8,3559.8
12688,OA-ASM1,3559.9
287884,OA-VPM3,3560.0
10110,OA-VUMa1,3560.1000000000004
10799,OA-VUMa4,3561.2000000000003
10687,OA-AL2i3,3561.3
11608,OA-VUMa2,3561.3
10658,OA-AL2i3,3561.4
10041,OA-VUMa1,3561.4
12109,OA-VUMa2,3562.4
10175,OA-VUMa6,3562.5
10265,OA-AL2i2,3562.7
10168,OA-VUMa6,3562.9
10187,OA-VPM3,3562.9
10226,OA-AL2i3,3562.9
10120,OA-VPM4,3564.3
10269,OA-AL2i2,3564.6
11264,OA-ASM1,3564.7999999999997
10652,OA-AL2i4,3565.4
10204,OA-AL2i2,3566.1
10825,OA-AL2i3,3566.2000000000003
10322,OA-AL2i2,3566.8
11921,OA-VPM4,3567.4
10677,OA-AL2i4,3567.5000000000005
53065,Mi1,3568.1000000000004
11005,OA-VUMa4,3568.2
10011,OA-AL2i1,3568.2
286259,OA-ASM1,3568.3
12896,OA-VUMa5,3569.3
10072,OA-AL2i1,3570.3
10110,OA-VUMa1,3571.5000000000005
10555,OA-VUMa3,3571.6
10080,OA-VUMa3,3571.8
12688,OA-ASM1,3572.1000000000004
10185,OA-VUMa8,3573.0
11602,OA-ASM1,3573.0
11608,OA-VUMa2,3573.1
10658,OA-AL2i3,3573.4
287884,OA-VPM3,3573.4
12109,OA-VUMa2,3573.8
10687,OA-AL2i3,3574.2000000000003
10168,OA-VUMa6,3574.8
10799,OA-VUMa4,3574.8
10041,OA-VUMa1,3574.8
10187,OA-VPM3,3574.9
10175,OA-VUMa6,3575.0
10226,OA-AL2i3,3575.5000000000005
10265,OA-AL2i2,3576.0
10269,OA-AL2i2,3576.5
11264,OA-ASM1,3577.1
10120,OA-VPM4,3577.3
10322,OA-AL2i2,3577.9
10825,OA-AL2i3,3578.8
10011,OA-AL2i1,3579.6
10652,OA-AL2i4,3580.0
10072,OA-AL2i1,3580.3
10204,OA-AL2i2,3580.3
11005,OA-VUMa4,3580.7000000000003
12896,OA-VUMa5,3580.9
10677,OA-AL2i4,3581.3
286259,OA-ASM1,3581.4
11921,OA-VPM4,3581.5
53065,Mi1,3581.5
10110,OA-VUMa1,3582.0
11608,OA-VUMa2,3584.7999999999997
10555,OA-VUMa3,3584.9
10687,OA-AL2i3,3585.4
12688,OA-ASM1,3585.4
10185,OA-VUMa8,3585.5
10080,OA-VUMa3,3585.6000000000004
10168,OA-VUMa6,3586.0
10658,OA-AL2i3,3586.3
10041,OA-VUMa1,3586.4
11602,OA-ASM1,3586.7
287884,OA-VPM3,3586.8
12109,OA-VUMa2,3586.9
10175,OA-VUMa6,3587.0
10226,OA-AL2i3,3587.3
10187,OA-VPM3,3588.1000000000004
10269,OA-AL2i2,3589.0
10072,OA-AL2i1,3589.1
10322,OA-AL2i2,3589.1
10799,OA-VUMa4,3589.1
10265,OA-AL2i2,3589.6000000000004
10120,OA-VPM4,3590.2000000000003
11264,OA-ASM1,3590.6000000000004
10825,OA-AL2i3,3590.9
10011,OA-AL2i1,3591.0
12896,OA-VUMa5,3592.1000000000004
10652,OA-AL2i4,3592.3
11005,OA-VUMa4,3592.6
10204,OA-AL2i2,3593.0
10110,OA-VUMa1,3593.1
10677,OA-AL2i4,3593.7
286259,OA-ASM1,3595.4
11608,OA-VUMa2,3595.9
11921,OA-VPM4,3596.2
10168,OA-VUMa6,3596.7000000000003
53065,Mi1,3596.7999999999997
10185,OA-VUMa8,3597.3
10041,OA-VUMa1,3597.7
10687,OA-AL2i3,3597.9
12688,OA-ASM1,3598.1
10658,OA-AL2i3,3598.3
10080,OA-VUMa3,3598.8
10072,OA-AL2i1,3599.0
10175,OA-VUMa6,3599.1
12109,OA-VUMa2,3599.3
10555,OA-VUMa3,3599.8
287884,OA-VPM3,3600.2
11602,OA-ASM1,3601.0
10011,OA-AL2i1,3601.4
10226,OA-AL2i3,3601.5
10187,OA-VPM3,3601.5
10322,OA-AL2i2,3601.6000000000004
10265,OA-AL2i2,3601.7000000000003
10120,OA-VPM4,3602.2000000000003
10799,OA-VUMa4,3602.4
10825,OA-AL2i3,3602.6000000000004
12896,OA-VUMa5,3603.0
10269,OA-AL2i2,3603.4
10110,OA-VUMa1,3603.9
11264,OA-ASM1,3605.3
10652,OA-AL2i4,3605.6000000000004
11005,OA-VUMa4,3605.6000000000004
10204,OA-AL2i2,3605.7000000000003
10677,OA-AL2i4,3606.3
11608,OA-VUMa2,3606.7
10168,OA-VUMa6,3607.2999999999997
10041,OA-VUMa1,3608.3
10185,OA-VUMa8,3609.1
10072,OA-AL2i1,3609.4
286259,OA-ASM1,3609.4
10687,OA-AL2i3,3609.8
10658,OA-AL2i3,3610.3
12688,OA-ASM1,3610.3
12109,OA-VUMa2,3610.6000000000004
11921,OA-VPM4,3611.1
10080,OA-VUMa3,3611.2999999999997
10175,OA-VUMa6,3611.6
53065,Mi1,3611.9
287884,OA-VPM3,3612.7999999999997
10226,OA-AL2i3,3612.9
10011,OA-AL2i1,3613.1
10322,OA-AL2i2,3613.3
10555,OA-VUMa3,3613.4
10265,OA-AL2i2,3613.8
10110,OA-VUMa1,3614.2000000000003
12896,OA-VUMa5,3614.6000000000004
10120,OA-VPM4,3615.2000000000003
11602,OA-ASM1,3615.2000000000003
10799,OA-VUMa4,3615.2999999999997
10825,OA-AL2i3,3615.2999999999997
10187,OA-VPM3,3615.5000000000005
10269,OA-AL2i2,3615.7000000000003
10652,OA-AL2i4,3618.1
11005,OA-VUMa4,3618.2000000000003
11264,OA-ASM1,3618.2000000000003
11608,OA-VUMa2,3618.4
10041,OA-VUMa1,3618.6000000000004
10204,OA-AL2i2,3618.6000000000004
10677,OA-AL2i4,3618.8
10072,OA-AL2i1,3619.2999999999997
10168,OA-VUMa6,3619.4
10185,OA-VUMa8,3621.0
10687,OA-AL2i3,3621.4
12109,OA-VUMa2,3622.2000000000003
10658,OA-AL2i3,3622.6000000000004
10080,OA-VUMa3,3623.2000000000003
10175,OA-VUMa6,3623.4
12688,OA-ASM1,3623.4
286259,OA-ASM1,3623.6
11921,OA-VPM4,3624.0
10226,OA-AL2i3,3624.1000000000004
10322,OA-AL2i2,3624.4
10011,OA-AL2i1,3624.6
10110,OA-VUMa1,3624.7000000000003
287884,OA-VPM3,3625.4
10265,OA-AL2i2,3626.1
10555,OA-VUMa3,3626.2000000000003
12896,OA-VUMa5,3626.2000000000003
53065,Mi1,3626.3
10269,OA-AL2i2,3627.5000000000005
11602,OA-ASM1,3627.6
10825,OA-AL2i3,3628.0
10120,OA-VPM4,3628.2
10187,OA-VPM3,3628.2
10799,OA-VUMa4,3628.4
11005,OA-VUMa4,3629.4
10041,OA-VUMa1,3629.6000000000004
11608,OA-VUMa2,3630.0000000000005
10652,OA-AL2i4,3630.5
10168,OA-VUMa6,3630.8
10204,OA-AL2i2,3631.0
10072,OA-AL2i1,3631.1
11264,OA-ASM1,3631.5000000000005
10677,OA-AL2i4,3632.0
10185,OA-VUMa8,3632.7000000000003
12109,OA-VUMa2,3633.5
10687,OA-AL2i3,3633.5
10658,OA-AL2i3,3634.2000000000003
10110,OA-VUMa1,3635.0
10175,OA-VUMa6,3635.2999999999997
10011,OA-AL2i1,3635.6
10322,OA-AL2i2,3636.1000000000004
10080,OA-VUMa3,3636.4
12688,OA-ASM1,3636.4
12896,OA-VUMa5,3636.7000000000003
10226,OA-AL2i3,3636.8
11921,OA-VPM4,3637.1000000000004
286259,OA-ASM1,3637.8
287884,OA-VPM3,3638.0000000000005
10265,OA-AL2i2,3638.6000000000004
10269,OA-AL2i2,3639.2999999999997
10120,OA-VPM4,3640.1000000000004
10555,OA-VUMa3,3640.1000000000004
10187,OA-VPM3,3640.4
11005,OA-VUMa4,3640.5
10041,OA-VUMa1,3640.8
11602,OA-ASM1,3640.8
10825,OA-AL2i3,3640.9
10168,OA-VUMa6,3641.3
10799,OA-VUMa4,3641.3
11608,OA-VUMa2,3641.4
53065,Mi1,3642.0000000000005
10652,OA-AL2i4,3642.6000000000004
10072,OA-AL2i1,3643.0
11264,OA-ASM1,3644.4
10204,OA-AL2i2,3644.6
10185,OA-VUMa8,3644.8
12109,OA-VUMa2,3644.8
10677,OA-AL2i4,3645.3
10110,OA-VUMa1,3646.2000000000003
10687,OA-AL2i3,3646.5
10175,OA-VUMa6,3646.5
10011,OA-AL2i1,3646.8
10658,OA-AL2i3,3646.8
10322,OA-AL2i2,3647.4
12896,OA-VUMa5,3648.7000000000003
10226,OA-AL2i3,3648.8
10080,OA-VUMa3,3649.5
12688,OA-ASM1,3649.5
287884,OA-VPM3,3650.4
10269,OA-AL2i2,3651.1
10041,OA-VUMa1,3651.2000000000003
10265,OA-AL2i2,3651.4
11921,OA-VPM4,3651.4
286259,OA-ASM1,3651.4
11005,OA-VUMa4,3652.7000000000003
10187,OA-VPM3,3652.8
11608,OA-VUMa2,3652.8
10168,OA-VUMa6,3652.8
10555,OA-VUMa3,3652.9
10072,OA-AL2i1,3653.0
10120,OA-VPM4,3653.5
11602,OA-ASM1,3653.6
10825,OA-AL2i3,3654.0000000000005
10799,OA-VUMa4,3654.3
10652,OA-AL2i4,3655.0
12109,OA-VUMa2,3655.1
10185,OA-VUMa8,3656.5000000000005
10110,OA-VUMa1,3657.9
10204,OA-AL2i2,3657.9
11264,OA-ASM1,3657.9
53065,Mi1,3658.2000000000003
10175,OA-VUMa6,3658.3
10011,OA-AL2i1,3658.3
10687,OA-AL2i3,3658.3
10677,OA-AL2i4,3658.4
10658,OA-AL2i3,3659.1
10322,OA-AL2i2,3659.2999999999997
12896,OA-VUMa5,3659.6
10226,OA-AL2i3,3660.7000000000003
10041,OA-VUMa1,3661.5
10080,OA-VUMa3,3661.9
12688,OA-ASM1,3662.1
287884,OA-VPM3,3662.3
10269,OA-AL2i2,3663.0
10265,OA-AL2i2,3663.2000000000003
11608,OA-VUMa2,3663.8
10168,OA-VUMa6,3664.2000000000003
11005,OA-VUMa4,3664.6
10072,OA-AL2i1,3664.9
286259,OA-ASM1,3665.1000000000004
10187,OA-VPM3,3665.7000000000003
11921,OA-VPM4,3666.0000000000005
10120,OA-VPM4,3666.4
10555,OA-VUMa3,3666.6000000000004
10652,OA-AL2i4,3666.9
12109,OA-VUMa2,3667.0
10799,OA-VUMa4,3667.4
11602,OA-ASM1,3667.4
10825,OA-AL2i3,3667.7
10185,OA-VUMa8,3668.4
10011,OA-AL2i1,3669.4
10110,OA-VUMa1,3669.4
10175,OA-VUMa6,3669.8
10687,OA-AL2i3,3669.9
12896,OA-VUMa5,3670.6000000000004
10204,OA-AL2i2,3670.8
10322,OA-AL2i2,3671.0
10677,OA-AL2i4,3671.2999999999997
11264,OA-ASM1,3671.6
10658,OA-AL2i3,3671.6
10041,OA-VUMa1,3672.1000000000004
53065,Mi1,3672.8
12688,OA-ASM1,3673.6
287884,OA-VPM3,3673.7999999999997
10226,OA-AL2i3,3674.1
10080,OA-VUMa3,3675.5
10269,OA-AL2i2,3675.5
10265,OA-AL2i2,3675.8
11608,OA-VUMa2,3675.9
11005,OA-VUMa4,3676.2000000000003
10072,OA-AL2i1,3676.5000000000005
10168,OA-VUMa6,3676.5000000000005
10187,OA-VPM3,3678.0000000000005
12109,OA-VUMa2,3678.8
286259,OA-ASM1,3679.1
10011,OA-AL2i1,3679.6
10120,OA-VPM4,3679.7
10110,OA-VUMa1,3679.9
10825,OA-AL2i3,3680.0
10652,OA-AL2i4,3680.3
11602,OA-ASM1,3680.3
10799,OA-VUMa4,3680.6
10185,OA-VUMa8,3680.7000000000003
11921,OA-VPM4,3680.9
10555,OA-VUMa3,3680.9
10175,OA-VUMa6,3681.3
12896,OA-VUMa5,3681.9
10322,OA-AL2i2,3682.5
10687,OA-AL2i3,3683.2000000000003
10041,OA-VUMa1,3683.2999999999997
10677,OA-AL2i4,3683.4
10658,OA-AL2i3,3683.7
10204,OA-AL2i2,3683.9000000000005
12688,OA-ASM1,3684.9
11264,OA-ASM1,3685.4
10226,OA-AL2i3,3686.2000000000003
11608,OA-VUMa2,3686.8
287884,OA-VPM3,3686.9
11005,OA-VUMa4,3687.8
10168,OA-VUMa6,3687.9
10265,OA-AL2i2,3688.0
53065,Mi1,3688.0
10080,OA-VUMa3,3688.3
10269,OA-AL2i2,3688.6
10072,OA-AL2i1,3689.1000000000004
10011,OA-AL2i1,3690.9
10187,OA-VPM3,3691.2999999999997
10110,OA-VUMa1,3691.4
12109,OA-VUMa2,3691.6000000000004
10185,OA-VUMa8,3692.7000000000003
10175,OA-VUMa6,3693.2
10120,OA-VPM4,3693.3
10799,OA-VUMa4,3693.4
10825,OA-AL2i3,3693.4
11602,OA-ASM1,3693.6
10652,OA-AL2i4,3693.7000000000003
286259,OA-ASM1,3693.7000000000003
12896,OA-VUMa5,3694.2000000000003
10041,OA-VUMa1,3694.6000000000004
10322,OA-AL2i2,3694.6000000000004
10555,OA-VUMa3,3694.6000000000004
11921,OA-VPM4,3695.0
10687,OA-AL2i3,3695.9
10658,OA-AL2i3,3696.0
10677,OA-AL2i4,3696.5000000000005
10204,OA-AL2i2,3696.6
12688,OA-ASM1,3697.5
10226,OA-AL2i3,3697.9
11608,OA-VUMa2,3698.1
11005,OA-VUMa4,3698.7
11264,OA-ASM1,3698.8
10168,OA-VUMa6,3699.2000000000003
287884,OA-VPM3,3699.2000000000003
10265,OA-AL2i2,3700.4
10072,OA-AL2i1,3700.6
10110,OA-VUMa1,3701.1000000000004
10080,OA-VUMa3,3701.2
10269,OA-AL2i2,3701.5
10011,OA-AL2i1,3701.7000000000003
53065,Mi1,3701.7999999999997
10187,OA-VPM3,3703.2000000000003
12109,OA-VUMa2,3704.1000000000004
10041,OA-VUMa1,3705.2
10120,OA-VPM4,3705.3
12896,OA-VUMa5,3705.3
10185,OA-VUMa8,3705.7000000000003
10175,OA-VUMa6,3705.9
11602,OA-ASM1,3706.2000000000003
10799,OA-VUMa4,3706.5
10825,OA-AL2i3,3706.5
10322,OA-AL2i2,3706.7
286259,OA-ASM1,3706.9
10652,OA-AL2i4,3707.3
10555,OA-VUMa3,3707.4
10658,OA-AL2i3,3707.8
10687,OA-AL2i3,3708.6
10677,OA-AL2i4,3709.1000000000004
10226,OA-AL2i3,3709.3
11921,OA-VPM4,3709.6
12688,OA-ASM1,3709.6
10204,OA-AL2i2,3709.7000000000003
11608,OA-VUMa2,3709.7000000000003
11005,OA-VUMa4,3709.9
10168,OA-VUMa6,3710.2000000000003
10072,OA-AL2i1,3710.7
11264,OA-ASM1,3710.9
287884,OA-VPM3,3712.1000000000004
10110,OA-VUMa1,3712.3
10011,OA-AL2i1,3712.8
10265,OA-AL2i2,3713.2
10269,OA-AL2i2,3713.7999999999997
10080,OA-VUMa3,3714.1
53065,Mi1,3715.3
10041,OA-VUMa1,3715.5
10187,OA-VPM3,3716.4
12109,OA-VUMa2,3716.4
12896,OA-VUMa5,3717.3
10120,OA-VPM4,3717.4
10175,OA-VUMa6,3717.7000000000003
10185,OA-VUMa8,3717.7999999999997
10658,OA-AL2i3,3718.9
10322,OA-AL2i2,3719.5
10799,OA-VUMa4,3719.5
11602,OA-ASM1,3719.7
10652,OA-AL2i4,3719.8
286259,OA-ASM1,3719.9
10825,OA-AL2i3,3720.1
10687,OA-AL2i3,3720.5000000000005
10168,OA-VUMa6,3720.9
10555,OA-VUMa3,3721.3
11608,OA-VUMa2,3721.3
11005,OA-VUMa4,3721.5
10677,OA-AL2i4,3722.1
10226,OA-AL2i3,3722.2000000000003
12688,OA-ASM1,3722.2000000000003
10110,OA-VUMa1,3722.5
10072,OA-AL2i1,3723.2000000000003
10204,OA-AL2i2,3723.4
11921,OA-VPM4,3723.5
287884,OA-VPM3,3723.6000000000004
10011,OA-AL2i1,3724.2000000000003
11264,OA-ASM1,3724.5000000000005
10265,OA-AL2i2,3724.9
10041,OA-VUMa1,3725.9
10269,OA-AL2i2,3725.9
10080,OA-VUMa3,3727.1
12109,OA-VUMa2,3727.7
53065,Mi1,3729.1000000000004
10175,OA-VUMa6,3729.7000000000003
10187,OA-VPM3,3729.7999999999997
12896,OA-VUMa5,3730.2
10185,OA-VUMa8,3730.5
10120,OA-VPM4,3731.0000000000005
10658,OA-AL2i3,3731.1
11602,OA-ASM1,3732.1
10652,OA-AL2i4,3732.1
10799,OA-VUMa4,3732.2000000000003
10322,OA-AL2i2,3732.4
10168,OA-VUMa6,3732.8
10825,OA-AL2i3,3733.0
11005,OA-VUMa4,3733.1000000000004
10677,OA-AL2i4,3733.2
10687,OA-AL2i3,3733.3
11608,OA-VUMa2,3733.3
10110,OA-VUMa1,3733.7000000000003
286259,OA-ASM1,3733.7999999999997
10226,OA-AL2i3,3734.2
10555,OA-VUMa3,3734.3
10011,OA-AL2i1,3735.0000000000005
12688,OA-ASM1,3735.1
10072,OA-AL2i1,3735.6000000000004
287884,OA-VPM3,3736.2000000000003
10041,OA-VUMa1,3736.4
10204,OA-AL2i2,3736.8
11264,OA-ASM1,3737.2
11921,OA-VPM4,3737.4
10265,OA-AL2i2,3738.1
10269,OA-AL2i2,3738.3
10080,OA-VUMa3,3740.0
12109,OA-VUMa2,3740.0
12896,OA-VUMa5,3741.1000000000004
10175,OA-VUMa6,3741.5
10187,OA-VPM3,3742.3
10185,OA-VUMa8,3742.5
10658,OA-AL2i3,3742.5
53065,Mi1,3742.9
10110,OA-VUMa1,3743.9
10322,OA-AL2i2,3744.2999999999997
10120,OA-VPM4,3744.5000000000005
10168,OA-VUMa6,3744.6
11602,OA-ASM1,3744.9
10652,OA-AL2i4,3745.3
11608,OA-VUMa2,3745.3
11005,OA-VUMa4,3745.5
10226,OA-AL2i3,3745.6
10799,OA-VUMa4,3745.6
10011,OA-AL2i1,3745.7999999999997
10677,OA-AL2i4,3746.0
10687,OA-AL2i3,3746.1
10555,OA-VUMa3,3746.2
10041,OA-VUMa1,3746.3
10072,OA-AL2i1,3746.4000000000005
286259,OA-ASM1,3746.9
10825,OA-AL2i3,3747.3
12688,OA-ASM1,3748.2000000000003
287884,OA-VPM3,3748.6
10265,OA-AL2i2,3749.9
10204,OA-AL2i2,3750.2
11264,OA-ASM1,3750.6000000000004
10269,OA-AL2i2,3751.2000000000003
12109,OA-VUMa2,3751.8
11921,OA-VPM4,3752.0
10080,OA-VUMa3,3752.2999999999997
12896,OA-VUMa5,3753.0
10175,OA-VUMa6,3753.9
10658,OA-AL2i3,3753.9
10185,OA-VUMa8,3754.3
10110,OA-VUMa1,3755.4
10187,OA-VPM3,3755.9
10322,OA-AL2i2,3756.2000000000003
10120,OA-VPM4,3756.2999999999997
10226,OA-AL2i3,3756.5000000000005
10168,OA-VUMa6,3756.7000000000003
11608,OA-VUMa2,3756.7000000000003
53065,Mi1,3757.3
10041,OA-VUMa1,3757.3
10652,OA-AL2i4,3757.6
11602,OA-ASM1,3757.6
11005,OA-VUMa4,3758.1000000000004
10072,OA-AL2i1,3758.6000000000004
10011,OA-AL2i1,3758.9
10687,OA-AL2i3,3759.0000000000005
10799,OA-VUMa4,3759.3
10555,OA-VUMa3,3759.5
10677,OA-AL2i4,3759.5
286259,OA-ASM1,3760.6
10825,OA-AL2i3,3761.0
287884,OA-VPM3,3761.0
12688,OA-ASM1,3761.7000000000003
10269,OA-AL2i2,3763.2000000000003
11264,OA-ASM1,3763.2000000000003
10265,OA-AL2i2,3763.6000000000004
12109,OA-VUMa2,3763.9
10204,OA-AL2i2,3764.2000000000003
10175,OA-VUMa6,3765.1000000000004
10658,OA-AL2i3,3765.3
10080,OA-VUMa3,3765.4
12896,OA-VUMa5,3765.5
10110,OA-VUMa1,3766.7000000000003
10185,OA-VUMa8,3767.0000000000005
11921,OA-VPM4,3767.2000000000003
10226,OA-AL2i3,3767.8
10322,OA-AL2i2,3767.9
11608,OA-VUMa2,3767.9
10041,OA-VUMa1,3768.0
10120,OA-VPM4,3768.5
10187,OA-VPM3,3768.6
11005,OA-VUMa4,3769.7000000000003
10168,OA-VUMa6,3769.7000000000003
10652,OA-AL2i4,3770.2
10011,OA-AL2i1,3770.5
11602,OA-ASM1,3771.0000000000005
10072,OA-AL2i1,3771.5
10555,OA-VUMa3,3771.5
53065,Mi1,3772.0
10687,OA-AL2i3,3772.1
10799,OA-VUMa4,3772.2000000000003
10677,OA-AL2i4,3773.1000000000004
10825,OA-AL2i3,3773.9
286259,OA-ASM1,3773.9
12688,OA-ASM1,3774.2
287884,OA-VPM3,3774.2
12109,OA-VUMa2,3774.9
10265,OA-AL2i2,3775.9
10658,OA-AL2i3,3776.5
11264,OA-ASM1,3776.5
10269,OA-AL2i2,3776.7000000000003
10175,OA-VUMa6,3776.8
10204,OA-AL2i2,3776.8
12896,OA-VUMa5,3777.2
10110,OA-VUMa1,3778.0
10080,OA-VUMa3,3778.6000000000004
10226,OA-AL2i3,3779.1
11608,OA-VUMa2,3779.3
10041,OA-VUMa1,3779.4
10185,OA-VUMa8,3779.6000000000004
10322,OA-AL2i2,3779.6000000000004
11921,OA-VPM4,3781.2
10187,OA-VPM3,3781.5
11005,OA-VUMa4,3781.5
10120,OA-VPM4,3781.8
10168,OA-VUMa6,3782.1000000000004
10011,OA-AL2i1,3782.4
10652,OA-AL2i4,3783.3
11602,OA-ASM1,3783.7
10072,OA-AL2i1,3784.0
10555,OA-VUMa3,3784.1
10687,OA-AL2i3,3784.5
10799,OA-VUMa4,3784.9
10677,OA-AL2i4,3785.3
53065,Mi1,3786.4
12109,OA-VUMa2,3786.7000000000003
10825,OA-AL2i3,3786.8
286259,OA-ASM1,3786.9
12688,OA-ASM1,3787.6000000000004
10175,OA-VUMa6,3787.8
287884,OA-VPM3,3787.9
10265,OA-AL2i2,3788.2000000000003
10658,OA-AL2i3,3789.0
10269,OA-AL2i2,3789.1000000000004
11264,OA-ASM1,3789.3
10110,OA-VUMa1,3789.5000000000005
12896,OA-VUMa5,3789.7000000000003
10226,OA-AL2i3,3790.0
10204,OA-AL2i2,3790.6
10080,OA-VUMa3,3791.0000000000005
11608,OA-VUMa2,3791.0000000000005
10322,OA-AL2i2,3791.7
10041,OA-VUMa1,3792.0
10185,OA-VUMa8,3792.6
11005,OA-VUMa4,3793.6
10011,OA-AL2i1,3794.2
10168,OA-VUMa6,3794.2
10072,OA-AL2i1,3794.3
10120,OA-VPM4,3794.5
10187,OA-VPM3,3795.2000000000003
10687,OA-AL2i3,3795.9
11921,OA-VPM4,3796.1
10555,OA-VUMa3,3796.7
10652,OA-AL2i4,3797.0
11602,OA-ASM1,3797.2000000000003
10799,OA-VUMa4,3798.5
10175,OA-VUMa6,3798.7000000000003
10677,OA-AL2i4,3798.7000000000003
12109,OA-VUMa2,3799.5
12688,OA-ASM1,3799.6000000000004
10825,OA-AL2i3,3800.2000000000003
10658,OA-AL2i3,3800.2999999999997
286259,OA-ASM1,3800.6
12896,OA-VUMa5,3800.7
10265,OA-AL2i2,3800.8
10269,OA-AL2i2,3800.8
53065,Mi1,3801.5000000000005
287884,OA-VPM3,3801.6
10110,OA-VUMa1,3802.2
11264,OA-ASM1,3802.9
10226,OA-AL2i3,3802.9
10204,OA-AL2i2,3803.0000000000005
10041,OA-VUMa1,3803.3
11608,OA-VUMa2,3803.3
10322,OA-AL2i2,3804.5
10080,OA-VUMa3,3805.0
10072,OA-AL2i1,3805.4
10168,OA-VUMa6,3805.8
10185,OA-VUMa8,3805.8
10011,OA-AL2i1,3805.8
11005,OA-VUMa4,3805.9
10120,OA-VPM4,3806.0
10687,OA-AL2i3,3808.0
10187,OA-VPM3,3808.2000000000003
10555,OA-VUMa3,3809.8
10652,OA-AL2i4,3810.0
11921,OA-VPM4,3810.2
10799,OA-VUMa4,3810.3
10175,OA-VUMa6,3810.3
11602,OA-ASM1,3810.6
12109,OA-VUMa2,3811.0000000000005
10658,OA-AL2i3,3811.1
10677,OA-AL2i4,3811.4
10269,OA-AL2i2,3811.6000000000004
12688,OA-ASM1,3812.2000000000003
10825,OA-AL2i3,3812.6
10265,OA-AL2i2,3812.9000000000005
12896,OA-VUMa5,3812.9000000000005
10110,OA-VUMa1,3813.7000000000003
287884,OA-VPM3,3814.0
10226,OA-AL2i3,3814.1000000000004
10041,OA-VUMa1,3814.7000000000003
11608,OA-VUMa2,3814.7999999999997
286259,OA-ASM1,3814.7999999999997
10072,OA-AL2i1,3815.0000000000005
53065,Mi1,3815.6000000000004
10204,OA-AL2i2,3816.4
10322,OA-AL2i2,3816.5
11264,OA-ASM1,3816.8
10080,OA-VUMa3,3817.1000000000004
10168,OA-VUMa6,3817.4
10011,OA-AL2i1,3817.5000000000005
11005,OA-VUMa4,3817.6
10120,OA-VPM4,3817.9
10185,OA-VUMa8,3818.2
10687,OA-AL2i3,3819.4
10187,OA-VPM3,3820.4
12109,OA-VUMa2,3822.2
10175,OA-VUMa6,3822.3
10652,OA-AL2i4,3822.7000000000003
10799,OA-VUMa4,3822.7000000000003
10555,OA-VUMa3,3822.7999999999997
10658,OA-AL2i3,3823.2000000000003
11921,OA-VPM4,3823.5
35405,Mi1,3823.6000000000004
10072,OA-AL2i1,3824.1
10677,OA-AL2i4,3824.1
12896,OA-VUMa5,3824.2999999999997
11602,OA-ASM1,3824.4
12688,OA-ASM1,3824.6000000000004
10825,OA-AL2i3,3824.7
10269,OA-AL2i2,3825.0
10265,OA-AL2i2,3825.2000000000003
10110,OA-VUMa1,3825.7000000000003
10226,OA-AL2i3,3825.8
11608,OA-VUMa2,3825.9
10041,OA-VUMa1,3826.2
287884,OA-VPM3,3826.7000000000003
286259,OA-ASM1,3827.7
34849,Mi1,3827.7
10322,OA-AL2i2,3828.5
10168,OA-VUMa6,3829.0
10204,OA-AL2i2,3829.2000000000003
10011,OA-AL2i1,3829.3
10080,OA-VUMa3,3829.4
11005,OA-VUMa4,3829.4
10120,OA-VPM4,3829.7000000000003
11264,OA-ASM1,3830.7000000000003
10185,OA-VUMa8,3831.2000000000003
53065,Mi1,3831.3
10687,OA-AL2i3,3831.8
10175,OA-VUMa6,3832.4
10187,OA-VPM3,3833.5000000000005
12109,OA-VUMa2,3833.5000000000005
10658,OA-AL2i3,3834.2
10072,OA-AL2i1,3834.2
10652,OA-AL2i4,3835.4
10799,OA-VUMa4,3835.7
12896,OA-VUMa5,3835.8
10555,OA-VUMa3,3835.9
12688,OA-ASM1,3836.3
10677,OA-AL2i4,3836.4
10110,OA-VUMa1,3837.0
10825,OA-AL2i3,3837.1000000000004
10269,OA-AL2i2,3837.3
10265,OA-AL2i2,3837.4
10226,OA-AL2i3,3837.5000000000005
11602,OA-ASM1,3837.7000000000003
36252,Mi1,3837.9
10041,OA-VUMa1,3838.0
11608,OA-VUMa2,3838.4
11921,OA-VPM4,3839.1
287884,OA-VPM3,3839.8
34057,Mi1,3840.3
10168,OA-VUMa6,3840.5
10322,OA-AL2i2,3840.7
10011,OA-AL2i1,3840.9
286259,OA-ASM1,3841.5000000000005
10120,OA-VPM4,3841.7000000000003
10204,OA-AL2i2,3842.2
11005,OA-VUMa4,3842.2
10185,OA-VUMa8,3843.5
10080,OA-VUMa3,3843.6000000000004
11264,OA-ASM1,3844.0
10687,OA-AL2i3,3844.2000000000003
10175,OA-VUMa6,3844.4
10072,OA-AL2i1,3844.9
12109,OA-VUMa2,3845.8
10658,OA-AL2i3,3846.1000000000004
53065,Mi1,3846.2
10187,OA-VPM3,3846.3
12896,OA-VUMa5,3846.6
10652,OA-AL2i4,3847.8
10110,OA-VUMa1,3848.0000000000005
10799,OA-VUMa4,3848.9
10226,OA-AL2i3,3849.1
12688,OA-ASM1,3849.2000000000003
10555,OA-VUMa3,3849.5000000000005
10677,OA-AL2i4,3849.5000000000005
11608,OA-VUMa2,3849.5000000000005
10041,OA-VUMa1,3849.6
10825,OA-AL2i3,3849.7000000000003
10265,OA-AL2i2,3850.1000000000004
11602,OA-ASM1,3850.2
10269,OA-AL2i2,3850.3
10011,OA-AL2i1,3851.5
10168,OA-VUMa6,3852.3
11921,OA-VPM4,3852.6000000000004
287884,OA-VPM3,3853.1
10322,OA-AL2i2,3853.2000000000003
11005,OA-VUMa4,3853.5000000000005
10120,OA-VPM4,3854.2
10072,OA-AL2i1,3854.6
10204,OA-AL2i2,3855.3
286259,OA-ASM1,3855.6000000000004
10175,OA-VUMa6,3856.2000000000003
10185,OA-VUMa8,3856.2000000000003
10687,OA-AL2i3,3856.3
10080,OA-VUMa3,3856.5
34849,Mi1,3856.6000000000004
12109,OA-VUMa2,3857.5000000000005
35405,Mi1,3857.6
11264,OA-ASM1,3858.0
10658,OA-AL2i3,3858.2
10110,OA-VUMa1,3859.0
10187,OA-VPM3,3859.1
12896,OA-VUMa5,3859.6000000000004
10799,OA-VUMa4,3860.6000000000004
10652,OA-AL2i4,3861.0
11608,OA-VUMa2,3861.1
10226,OA-AL2i3,3861.2000000000003
12688,OA-ASM1,3861.4
10041,OA-VUMa1,3861.5000000000005
10269,OA-AL2i2,3861.5000000000005
53065,Mi1,3861.5000000000005
10555,OA-VUMa3,3862.1000000000004
10677,OA-AL2i4,3862.1000000000004
10825,OA-AL2i3,3862.1000000000004
10265,OA-AL2i2,3862.2
10011,OA-AL2i1,3862.5
11602,OA-ASM1,3863.1
10168,OA-VUMa6,3863.4
10322,OA-AL2i2,3863.8
11005,OA-VUMa4,3865.9
11921,OA-VPM4,3865.9
10072,OA-AL2i1,3866.0
287884,OA-VPM3,3866.1000000000004
10120,OA-VPM4,3866.3
36252,Mi1,3866.4
10185,OA-VUMa8,3868.0000000000005
10687,OA-AL2i3,3868.0000000000005
34057,Mi1,3868.1
12109,OA-VUMa2,3868.4
10204,OA-AL2i2,3868.6000000000004
10175,OA-VUMa6,3869.0
10080,OA-VUMa3,3869.3
10110,OA-VUMa1,3869.4
10658,OA-AL2i3,3869.5000000000005
286259,OA-ASM1,3869.6
12896,OA-VUMa5,3870.7999999999997
11264,OA-ASM1,3871.0
10187,OA-VPM3,3871.8
10652,OA-AL2i4,3872.2000000000003
10226,OA-AL2i3,3872.6000000000004
10041,OA-VUMa1,3872.9
10269,OA-AL2i2,3873.5000000000005
12688,OA-ASM1,3873.6
10799,OA-VUMa4,3873.7000000000003
11608,OA-VUMa2,3874.0
10011,OA-AL2i1,3874.4
10168,OA-VUMa6,3874.7000000000003
10265,OA-AL2i2,3874.9
10322,OA-AL2i2,3875.0
10677,OA-AL2i4,3875.0
10825,OA-AL2i3,3875.1
10555,OA-VUMa3,3875.3
53065,Mi1,3875.7000000000003
11602,OA-ASM1,3876.5
11005,OA-VUMa4,3877.8
10072,OA-AL2i1,3878.5
287884,OA-VPM3,3878.6
10185,OA-VUMa8,3879.1
10120,OA-VPM4,3879.6000000000004
11921,OA-VPM4,3879.6000000000004
34849,Mi1,3879.8
10687,OA-AL2i3,3880.1
12109,OA-VUMa2,3880.3
10110,OA-VUMa1,3880.4
10658,OA-AL2i3,3880.7
10175,OA-VUMa6,3881.1
10204,OA-AL2i2,3881.7000000000003
12896,OA-VUMa5,3882.0
35405,Mi1,3882.3
286259,OA-ASM1,3882.9
11264,OA-ASM1,3883.4000000000005
10080,OA-VUMa3,3883.5
10226,OA-AL2i3,3883.5
10041,OA-VUMa1,3883.9
10187,OA-VPM3,3885.1
12688,OA-ASM1,3885.2999999999997
10168,OA-VUMa6,3885.4
10652,OA-AL2i4,3885.4
10269,OA-AL2i2,3885.6
11608,OA-VUMa2,3885.9
10011,OA-AL2i1,3886.1000000000004
10265,OA-AL2i2,3887.6000000000004
10322,OA-AL2i2,3887.7000000000003
10799,OA-VUMa4,3887.9
10555,OA-VUMa3,3888.0000000000005
10825,OA-AL2i3,3888.0000000000005
10677,OA-AL2i4,3888.3
11602,OA-ASM1,3888.7
53065,Mi1,3889.8
11005,OA-VUMa4,3890.2
10072,OA-AL2i1,3890.6
287884,OA-VPM3,3890.6
10185,OA-VUMa8,3891.3
10110,OA-VUMa1,3891.4
10658,OA-AL2i3,3891.5
10120,OA-VPM4,3891.7000000000003
12109,OA-VUMa2,3891.7000000000003
10175,OA-VUMa6,3891.8
34057,Mi1,3891.8
10687,OA-AL2i3,3892.0000000000005
36252,Mi1,3893.4
10041,OA-VUMa1,3894.2
11921,OA-VPM4,3894.2
12896,OA-VUMa5,3894.2
10226,OA-AL2i3,3895.0
10204,OA-AL2i2,3895.2
11264,OA-ASM1,3896.0000000000005
286259,OA-ASM1,3896.3
10080,OA-VUMa3,3896.6000000000004
11608,OA-VUMa2,3897.2000000000003
10011,OA-AL2i1,3897.6
10187,OA-VPM3,3897.7000000000003
10269,OA-AL2i2,3897.7000000000003
10168,OA-VUMa6,3897.8
10652,OA-AL2i4,3898.2
12688,OA-ASM1,3898.8
10265,OA-AL2i2,3900.2000000000003
10799,OA-VUMa4,3900.2000000000003
10322,OA-AL2i2,3900.3
10555,OA-VUMa3,3900.8
10825,OA-AL2i3,3900.9
11005,OA-VUMa4,3901.2999999999997
10677,OA-AL2i4,3901.9
34849,Mi1,3902.2
10175,OA-VUMa6,3902.8
10658,OA-AL2i3,3902.9
10110,OA-VUMa1,3903.0
11602,OA-ASM1,3903.0
10072,OA-AL2i1,3903.2
12109,OA-VUMa2,3903.5
287884,OA-VPM3,3903.7000000000003
53065,Mi1,3904.1
10185,OA-VUMa8,3904.2000000000003
35405,Mi1,3904.3
10687,OA-AL2i3,3904.5
10120,OA-VPM4,3905.0
10041,OA-VUMa1,3905.4
12896,OA-VUMa5,3905.9
10226,OA-AL2i3,3907.2
11921,OA-VPM4,3907.9
11608,OA-VUMa2,3908.2000000000003
11264,OA-ASM1,3908.4
10011,OA-AL2i1,3908.8
10204,OA-AL2i2,3909.2999999999997
10080,OA-VUMa3,3909.5
10168,OA-VUMa6,3909.9
10187,OA-VPM3,3910.2
10652,OA-AL2i4,3910.7000000000003
286259,OA-ASM1,3910.8
10269,OA-AL2i2,3911.0
12688,OA-ASM1,3911.2
10322,OA-AL2i2,3912.1
10799,OA-VUMa4,3912.1
10265,OA-AL2i2,3912.8
10825,OA-AL2i3,3913.2000000000003
34057,Mi1,3913.2999999999997
10072,OA-AL2i1,3913.5
10110,OA-VUMa1,3913.6
11005,OA-VUMa4,3913.8
10175,OA-VUMa6,3913.9
10555,OA-VUMa3,3914.2
36252,Mi1,3914.2
10658,OA-AL2i3,3914.5000000000005
10677,OA-AL2i4,3914.8
12109,OA-VUMa2,3915.5
10041,OA-VUMa1,3915.6
10185,OA-VUMa8,3915.8
10687,OA-AL2i3,3915.8
11602,OA-ASM1,3915.8
10120,OA-VPM4,3916.7
12896,OA-VUMa5,3916.9
287884,OA-VPM3,3917.7000000000003
10226,OA-AL2i3,3918.9
53065,Mi1,3919.0
10011,OA-AL2i1,3919.4
11608,OA-VUMa2,3919.5
11264,OA-ASM1,3920.8
10204,OA-AL2i2,3921.0
35405,Mi1,3921.2999999999997
34849,Mi1,3921.4
10168,OA-VUMa6,3921.6
10080,OA-VUMa3,3922.3
11921,OA-VPM4,3922.8
10269,OA-AL2i2,3922.9
10187,OA-VPM3,3923.4
12688,OA-ASM1,3923.7000000000003
10652,OA-AL2i4,3924.0000000000005
10322,OA-AL2i2,3924.1
286259,OA-ASM1,3924.2000000000003
10110,OA-VUMa1,3924.6000000000004
10799,OA-VUMa4,3924.8
10825,OA-AL2i3,3925.1
10175,OA-VUMa6,3925.2999999999997
10072,OA-AL2i1,3925.4
10265,OA-AL2i2,3925.6
10658,OA-AL2i3,3925.7
11005,OA-VUMa4,3925.9
10555,OA-VUMa3,3926.8
12109,OA-VUMa2,3927.0
10041,OA-VUMa1,3927.1000000000004
10677,OA-AL2i4,3927.5
10185,OA-VUMa8,3927.7000000000003
10687,OA-AL2i3,3928.2000000000003
12896,OA-VUMa5,3929.0
10120,OA-VPM4,3929.2000000000003
11602,OA-ASM1,3929.2999999999997
10226,OA-AL2i3,3929.9
10011,OA-AL2i1,3930.3
287884,OA-VPM3,3931.2
11608,OA-VUMa2,3931.2
34057,Mi1,3932.7
10168,OA-VUMa6,3932.9
36252,Mi1,3933.2999999999997
53065,Mi1,3933.8
11264,OA-ASM1,3934.3
10204,OA-AL2i2,3935.0
10080,OA-VUMa3,3935.2
10187,OA-VPM3,3935.5
10269,OA-AL2i2,3935.7000000000003
10110,OA-VUMa1,3935.8
10072,OA-AL2i1,3936.1
12688,OA-ASM1,3936.3
10175,OA-VUMa6,3936.5
10652,OA-AL2i4,3936.6000000000004
11921,OA-VPM4,3936.7
10799,OA-VUMa4,3937.7
10658,OA-AL2i3,3937.8
10041,OA-VUMa1,3937.8
10322,OA-AL2i2,3937.8
10825,OA-AL2i3,3938.1000000000004
11005,OA-VUMa4,3938.1000000000004
34849,Mi1,3938.5000000000005
12109,OA-VUMa2,3938.6
286259,OA-ASM1,3938.6
10185,OA-VUMa8,3939.2
10265,OA-AL2i2,3939.6
10677,OA-AL2i4,3940.0000000000005
12896,OA-VUMa5,3940.1
10687,OA-AL2i3,3940.5
35405,Mi1,3940.8
10555,OA-VUMa3,3941.1
10226,OA-AL2i3,3941.5
10120,OA-VPM4,3942.0
10011,OA-AL2i1,3942.0
11602,OA-ASM1,3942.1000000000004
11608,OA-VUMa2,3942.4
287884,OA-VPM3,3943.6
10168,OA-VUMa6,3944.4
10072,OA-AL2i1,3945.0
10110,OA-VUMa1,3946.0
11264,OA-ASM1,3946.9
53065,Mi1,3947.1000000000004
10269,OA-AL2i2,3947.6
10204,OA-AL2i2,3947.7000000000003
10187,OA-VPM3,3947.9
10080,OA-VUMa3,3948.0000000000005
10175,OA-VUMa6,3948.7
10041,OA-VUMa1,3949.0
10658,OA-AL2i3,3949.0
11005,OA-VUMa4,3949.4
10652,OA-AL2i4,3949.6000000000004
12688,OA-ASM1,3950.2000000000003
12109,OA-VUMa2,3950.2000000000003
10322,OA-AL2i2,3950.3
34057,Mi1,3950.3
10799,OA-VUMa4,3951.2
36252,Mi1,3951.2
286259,OA-ASM1,3951.4
11921,OA-VPM4,3951.6
10265,OA-AL2i2,3952.1
10825,OA-AL2i3,3952.1
10185,OA-VUMa8,3952.5
10011,OA-AL2i1,3952.6000000000004
10226,OA-AL2i3,3952.9
12896,OA-VUMa5,3952.9
10677,OA-AL2i4,3953.0
10120,OA-VPM4,3953.8
10687,OA-AL2i3,3953.8
10555,OA-VUMa3,3954.0
10072,OA-AL2i1,3954.7000000000003
11608,OA-VUMa2,3955.0
11602,OA-ASM1,3955.6
10168,OA-VUMa6,3955.7000000000003
34849,Mi1,3956.3
10110,OA-VUMa1,3956.8
287884,OA-VPM3,3957.2000000000003
10269,OA-AL2i2,3958.9
35405,Mi1,3959.0
10041,OA-VUMa1,3959.7999999999997
11264,OA-ASM1,3960.0000000000005
10175,OA-VUMa6,3960.5
10658,OA-AL2i3,3960.5
10187,OA-VPM3,3960.6000000000004
11005,OA-VUMa4,3960.8
12109,OA-VUMa2,3961.5
10204,OA-AL2i2,3961.6000000000004
53065,Mi1,3961.7
10080,OA-VUMa3,3962.0
12688,OA-ASM1,3962.5000000000005
10322,OA-AL2i2,3962.7000000000003
10652,OA-AL2i4,3962.9
286259,OA-ASM1,3963.4
10799,OA-VUMa4,3963.9
10185,OA-VUMa8,3964.3
10265,OA-AL2i2,3964.8
10072,OA-AL2i1,3964.9
10120,OA-VPM4,3965.0
11921,OA-VPM4,3965.2000000000003
12896,OA-VUMa5,3965.2000000000003
10226,OA-AL2i3,3965.3
10011,OA-AL2i1,3965.4
10825,OA-AL2i3,3965.5
10687,OA-AL2i3,3966.4
11608,OA-VUMa2,3966.8
10168,OA-VUMa6,3966.9
10677,OA-AL2i4,3966.9
10555,OA-VUMa3,3967.3
34057,Mi1,3967.7000000000003
10110,OA-VUMa1,3968.1
36252,Mi1,3969.3
11602,OA-ASM1,3969.5
287884,OA-VPM3,3970.1000000000004
10041,OA-VUMa1,3970.5000000000005
34849,Mi1,3971.2
10269,OA-AL2i2,3971.6
10658,OA-AL2i3,3972.2000000000003
11264,OA-ASM1,3972.4
12109,OA-VUMa2,3972.7
10175,OA-VUMa6,3972.8
11005,OA-VUMa4,3973.0
10187,OA-VPM3,3973.3
10080,OA-VUMa3,3974.5000000000005
10204,OA-AL2i2,3974.5000000000005
12688,OA-ASM1,3974.8
53065,Mi1,3974.8
10322,OA-AL2i2,3975.4
10072,OA-AL2i1,3975.6
10652,OA-AL2i4,3975.6
35405,Mi1,3975.6
10185,OA-VUMa8,3975.7999999999997
12896,OA-VUMa5,3976.7
10799,OA-VUMa4,3976.8
10120,OA-VPM4,3977.0000000000005
10226,OA-AL2i3,3977.5
10265,OA-AL2i2,3977.8
10011,OA-AL2i1,3977.9
10825,OA-AL2i3,3978.0
286259,OA-ASM1,3978.1
11921,OA-VPM4,3978.6
10110,OA-VUMa1,3979.0
10168,OA-VUMa6,3979.1000000000004
10687,OA-AL2i3,3979.1000000000004
11608,OA-VUMa2,3979.4
10677,OA-AL2i4,3980.0
10041,OA-VUMa1,3980.9
11602,OA-ASM1,3981.1
10555,OA-VUMa3,3981.2000000000003
287884,OA-VPM3,3982.8
10658,OA-AL2i3,3983.1000000000004
10269,OA-AL2i2,3983.5
10175,OA-VUMa6,3983.6
12109,OA-VUMa2,3984.2000000000003
34057,Mi1,3984.3
11005,OA-VUMa4,3984.7000000000003
36252,Mi1,3985.1
10072,OA-AL2i1,3985.2000000000003
10187,OA-VPM3,3985.3
11264,OA-ASM1,3985.8
12688,OA-ASM1,3987.1000000000004
10204,OA-AL2i2,3987.5
10185,OA-VUMa8,3987.7999999999997
10080,OA-VUMa3,3988.0
10322,OA-AL2i2,3988.0
10652,OA-AL2i4,3988.1
12896,OA-VUMa5,3988.3
10799,OA-VUMa4,3988.7000000000003
34849,Mi1,3988.7000000000003
10226,OA-AL2i3,3989.2000000000003
10110,OA-VUMa1,3989.5
10120,OA-VPM4,3989.5
10011,OA-AL2i1,3990.4
53065,Mi1,3990.7000000000003
10825,OA-AL2i3,3990.7000000000003
35405,Mi1,3991.0
10265,OA-AL2i2,3991.1000000000004
10168,OA-VUMa6,3991.2
11608,OA-VUMa2,3991.2
286259,OA-ASM1,3991.4
10041,OA-VUMa1,3991.7000000000003
10677,OA-AL2i4,3992.7000000000003
10687,OA-AL2i3,3992.9
11921,OA-VPM4,3993.6000000000004
11602,OA-ASM1,3993.8
10555,OA-VUMa3,3994.0
10175,OA-VUMa6,3994.6
10269,OA-AL2i2,3995.2
10658,OA-AL2i3,3995.2
12109,OA-VUMa2,3995.5
287884,OA-VPM3,3996.0
11005,OA-VUMa4,3996.7000000000003
10072,OA-AL2i1,3997.2000000000003
11264,OA-ASM1,3998.0
10187,OA-VPM3,3998.2000000000003
12688,OA-ASM1,3998.7000000000003
12896,OA-VUMa5,3999.0
10185,OA-VUMa8,4000.0
10204,OA-AL2i2,4000.0
34057,Mi1,4000.1
10322,OA-AL2i2,4000.2000000000003
10080,OA-VUMa3,4000.6000000000004
10799,OA-VUMa4,4001.2
10652,OA-AL2i4,4001.3000000000006
10110,OA-VUMa1,4001.4
10120,OA-VPM4,4001.4
10226,OA-AL2i3,4001.7000000000003
10011,OA-AL2i1,4002.2000000000003
11608,OA-VUMa2,4002.2999999999997
10168,OA-VUMa6,4002.6
10041,OA-VUMa1,4002.9
36252,Mi1,4003.0
10265,OA-AL2i2,4003.2000000000003
10825,OA-AL2i3,4003.4999999999995
10677,OA-AL2i4,4004.4000000000005
286259,OA-ASM1,4004.5
10175,OA-VUMa6,4004.7000000000007
10687,OA-AL2i3,4004.8
34849,Mi1,4005.5000000000005
35405,Mi1,4005.9000000000005
53065,Mi1,4006.3
10555,OA-VUMa3,4006.7000000000003
12109,OA-VUMa2,4006.7000000000003
10658,OA-AL2i3,4006.8
10269,OA-AL2i2,4007.4000000000005
11602,OA-ASM1,4007.6
11921,OA-VPM4,4008.0
11005,OA-VUMa4,4008.2000000000003
10072,OA-AL2i1,4008.9000000000005
287884,OA-VPM3,4009.4
11264,OA-ASM1,4010.2000000000003
12688,OA-ASM1,4010.4000000000005
12896,OA-VUMa5,4010.7
10187,OA-VPM3,4011.0
10322,OA-AL2i2,4011.8999999999996
10110,OA-VUMa1,4012.8
10204,OA-AL2i2,4012.9
10185,OA-VUMa8,4013.0
10226,OA-AL2i3,4013.3
10011,OA-AL2i1,4013.3999999999996
10652,OA-AL2i4,4013.6000000000004
10080,OA-VUMa3,4013.7
10120,OA-VPM4,4013.7999999999997
10168,OA-VUMa6,4014.2
11608,OA-VUMa2,4014.5
10041,OA-VUMa1,4014.8999999999996
10799,OA-VUMa4,4015.0000000000005
10825,OA-AL2i3,4015.7
10265,OA-AL2i2,4016.3
10677,OA-AL2i4,4016.9000000000005
10175,OA-VUMa6,4017.2
10687,OA-AL2i3,4017.3000000000006
286259,OA-ASM1,4017.6
34057,Mi1,4018.1000000000004
12109,OA-VUMa2,4018.2000000000003
10658,OA-AL2i3,4018.2999999999997
10555,OA-VUMa3,4019.0
36252,Mi1,4019.3
10269,OA-AL2i2,4019.4999999999995
11005,OA-VUMa4,4019.6000000000004
11602,OA-ASM1,4020.1000000000004
10072,OA-AL2i1,4021.0
11921,OA-VPM4,4021.2000000000003
12896,OA-VUMa5,4021.5000000000005
34849,Mi1,4021.6000000000004
53065,Mi1,4021.6000000000004
287884,OA-VPM3,4021.9000000000005
12688,OA-ASM1,4022.3
35405,Mi1,4022.3
11264,OA-ASM1,4023.0000000000005
10322,OA-AL2i2,4023.4000000000005
10226,OA-AL2i3,4023.9
10110,OA-VUMa1,4024.3
10185,OA-VUMa8,4024.6000000000004
10011,OA-AL2i1,4024.7999999999997
10187,OA-VPM3,4025.3000000000006
11608,OA-VUMa2,4025.3000000000006
10204,OA-AL2i2,4025.9
10652,OA-AL2i4,4025.9999999999995
10168,OA-VUMa6,4026.2999999999997
10120,OA-VPM4,4026.3999999999996
10041,OA-VUMa1,4026.9
10080,OA-VUMa3,4027.3
10825,OA-AL2i3,4028.5
10799,OA-VUMa4,4028.6
10175,OA-VUMa6,4028.7000000000007
10687,OA-AL2i3,4029.2000000000003
10265,OA-AL2i2,4029.2000000000003
12109,OA-VUMa2,4029.5000000000005
10658,OA-AL2i3,4029.6000000000004
10677,OA-AL2i4,4030.0
10269,OA-AL2i2,4031.0000000000005
286259,OA-ASM1,4031.1000000000004
11005,OA-VUMa4,4031.2999999999997
10555,OA-VUMa3,4031.8000000000006
11602,OA-ASM1,4032.1
12896,OA-VUMa5,4032.6000000000004
10072,OA-AL2i1,4032.9000000000005
34057,Mi1,4033.0000000000005
11921,OA-VPM4,4034.2999999999997
287884,OA-VPM3,4034.7
10110,OA-VUMa1,4034.8000000000006
36252,Mi1,4034.8000000000006
12688,OA-ASM1,4035.1
11264,OA-ASM1,4035.3
10322,OA-AL2i2,4035.5
10226,OA-AL2i3,4035.6000000000004
10011,OA-AL2i1,4036.5
11608,OA-VUMa2,4036.5
53065,Mi1,4036.9
10185,OA-VUMa8,4037.1000000000004
35405,Mi1,4037.1000000000004
10187,OA-VPM3,4037.5000000000005
10168,OA-VUMa6,4037.6000000000004
10041,OA-VUMa1,4037.7
34849,Mi1,4038.3
10204,OA-AL2i2,4038.6000000000004
10652,OA-AL2i4,4038.6000000000004
10120,OA-VPM4,4039.0000000000005
10175,OA-VUMa6,4040.4999999999995
10080,OA-VUMa3,4040.9000000000005
10658,OA-AL2i3,4041.2
10825,OA-AL2i3,4041.3000000000006
10265,OA-AL2i2,4041.3000000000006
12109,OA-VUMa2,4041.5
10799,OA-VUMa4,4041.7000000000003
10677,OA-AL2i4,4042.7
10687,OA-AL2i3,4042.8000000000006
11005,OA-VUMa4,4043.2000000000003
12896,OA-VUMa5,4043.6000000000004
286259,OA-ASM1,4044.2
10269,OA-AL2i2,4044.4000000000005
10555,OA-VUMa3,4045.0
11602,OA-ASM1,4045.3
10072,OA-AL2i1,4045.3999999999996
10110,OA-VUMa1,4045.7
10226,OA-AL2i3,4046.5
287884,OA-VPM3,4046.8999999999996
10011,OA-AL2i1,4047.1000000000004
10322,OA-AL2i2,4047.2999999999997
11264,OA-ASM1,4047.8000000000006
12688,OA-ASM1,4047.9
11608,OA-VUMa2,4048.0
11921,OA-VPM4,4048.0
10185,OA-VUMa8,4048.2000000000003
10041,OA-VUMa1,4048.6000000000004
34057,Mi1,4048.6000000000004
10168,OA-VUMa6,4048.9000000000005
36252,Mi1,4049.6
10187,OA-VPM3,4049.8
10652,OA-AL2i4,4051.1
10204,OA-AL2i2,4051.8
53065,Mi1,4051.8
10120,OA-VPM4,4052.0000000000005
10175,OA-VUMa6,4052.0000000000005
10265,OA-AL2i2,4052.6
35405,Mi1,4052.6
12109,OA-VUMa2,4052.8
10658,OA-AL2i3,4053.0
10080,OA-VUMa3,4053.1000000000004
10825,OA-AL2i3,4054.0
11005,OA-VUMa4,4054.8
34849,Mi1,4054.8
12896,OA-VUMa5,4055.0000000000005
10072,OA-AL2i1,4055.1000000000004
10687,OA-AL2i3,4055.5000000000005
10799,OA-VUMa4,4055.6
10110,OA-VUMa1,4056.4999999999995
10677,OA-AL2i4,4056.4999999999995
10269,OA-AL2i2,4057.2
10555,OA-VUMa3,4057.2
10226,OA-AL2i3,4058.1000000000004
10011,OA-AL2i1,4058.6
11602,OA-ASM1,4058.6
11608,OA-VUMa2,4059.0
10322,OA-AL2i2,4059.2000000000007
287884,OA-VPM3,4059.2000000000007
10041,OA-VUMa1,4059.3
286259,OA-ASM1,4059.3
12688,OA-ASM1,4059.8
71052,T2a,4060.2
10185,OA-VUMa8,4060.4000000000005
11264,OA-ASM1,4060.7
10168,OA-VUMa6,4061.5000000000005
10187,OA-VPM3,4061.6000000000004
11921,OA-VPM4,4062.4
10652,OA-AL2i4,4063.6
34057,Mi1,4063.6
12109,OA-VUMa2,4063.7
10120,OA-VPM4,4063.8000000000006
10175,OA-VUMa6,4064.0
10658,OA-AL2i3,4064.1
36252,Mi1,4064.4
10204,OA-AL2i2,4065.5
10265,OA-AL2i2,4065.5
10080,OA-VUMa3,4066.7
35405,Mi1,4066.7
53065,Mi1,4066.9000000000005
12896,OA-VUMa5,4067.0
10072,OA-AL2i1,4067.2000000000007
10825,OA-AL2i3,4067.3
10110,OA-VUMa1,4067.6000000000004
10799,OA-VUMa4,4067.8
11005,OA-VUMa4,4067.8999999999996
34849,Mi1,4068.4000000000005
10687,OA-AL2i3,4069.2000000000003
10269,OA-AL2i2,4069.3999999999996
10677,OA-AL2i4,4069.5000000000005
10011,OA-AL2i1,4070.1
10226,OA-AL2i3,4070.1
10041,OA-VUMa1,4070.2
11608,OA-VUMa2,4070.5
10555,OA-VUMa3,4070.6
11602,OA-ASM1,4070.9
10322,OA-AL2i2,4071.0000000000005
287884,OA-VPM3,4071.8000000000006
10185,OA-VUMa8,4072.7999999999997
10168,OA-VUMa6,4073.2
11264,OA-ASM1,4073.7000000000003
12688,OA-ASM1,4073.8
286259,OA-ASM1,4073.8
10187,OA-VPM3,4074.1000000000004
12109,OA-VUMa2,4074.9000000000005
10658,OA-AL2i3,4075.5
10120,OA-VPM4,4075.8
11921,OA-VPM4,4075.8999999999996
10652,OA-AL2i4,4076.2
10175,OA-VUMa6,4076.4000000000005
10072,OA-AL2i1,4077.9000000000005
10265,OA-AL2i2,4078.1
12896,OA-VUMa5,4078.2
34057,Mi1,4078.2
10204,OA-AL2i2,4078.6
10110,OA-VUMa1,4079.0000000000005
10825,OA-AL2i3,4079.2999999999997
36252,Mi1,4079.6
10080,OA-VUMa3,4079.9
10799,OA-VUMa4,4080.9000000000005
10011,OA-AL2i1,4081.3000000000006
10041,OA-VUMa1,4081.3000000000006
10226,OA-AL2i3,4081.4
10269,OA-AL2i2,4081.4
11608,OA-VUMa2,4081.6
53065,Mi1,4081.7000000000003
35405,Mi1,4081.8
10687,OA-AL2i3,4082.3999999999996
11005,OA-VUMa4,4082.3999999999996
10677,OA-AL2i4,4083.1
34849,Mi1,4083.1
10322,OA-AL2i2,4083.4
10555,OA-VUMa3,4083.4
287884,OA-VPM3,4084.4000000000005
10168,OA-VUMa6,4084.9
11602,OA-ASM1,4084.9
10185,OA-VUMa8,4085.3999999999996
10658,OA-AL2i3,4086.6
12688,OA-ASM1,4086.9
286259,OA-ASM1,4087.6
10187,OA-VPM3,4087.7
12109,OA-VUMa2,4087.8000000000006
11264,OA-ASM1,4088.3
10072,OA-AL2i1,4088.3
10175,OA-VUMa6,4088.4
10652,OA-AL2i4,4088.4
12896,OA-VUMa5,4088.7000000000003
10120,OA-VPM4,4089.0000000000005
10110,OA-VUMa1,4089.7000000000003
11921,OA-VPM4,4089.7000000000003
10265,OA-AL2i2,4090.7
10204,OA-AL2i2,4091.8999999999996
10041,OA-VUMa1,4092.1000000000004
10825,OA-AL2i3,4092.1000000000004
10226,OA-AL2i3,4092.2
11608,OA-VUMa2,4092.4000000000005
34057,Mi1,4092.4000000000005
10080,OA-VUMa3,4093.3999999999996
10269,OA-AL2i2,4093.7
10799,OA-VUMa4,4094.3000000000006
36252,Mi1,4094.5
10011,OA-AL2i1,4094.6
11005,OA-VUMa4,4094.7000000000003
10687,OA-AL2i3,4095.0000000000005
35405,Mi1,4095.5000000000005
10555,OA-VUMa3,4095.7
10677,OA-AL2i4,4095.8000000000006
10322,OA-AL2i2,4096.0
10168,OA-VUMa6,4096.4
53065,Mi1,4096.5
287884,OA-VPM3,4096.6
34849,Mi1,4097.0
10072,OA-AL2i1,4098.0
10185,OA-VUMa8,4098.2
11602,OA-ASM1,4098.2
12688,OA-ASM1,4098.4
10658,OA-AL2i3,4099.200000000001
12109,OA-VUMa2,4099.7
10175,OA-VUMa6,4100.1
10187,OA-VPM3,4100.6
10110,OA-VUMa1,4100.7
11264,OA-ASM1,4100.900000000001
12896,OA-VUMa5,4101.200000000001
286259,OA-ASM1,4101.6
10120,OA-VPM4,4102.2
10652,OA-AL2i4,4102.5
10041,OA-VUMa1,4103.2
10265,OA-AL2i2,4103.6
10226,OA-AL2i3,4103.8
10825,OA-AL2i3,4103.8
11608,OA-VUMa2,4104.099999999999
11921,OA-VPM4,4104.200000000001
10204,OA-AL2i2,4105.5
10080,OA-VUMa3,4105.8
34057,Mi1,4106.6
10269,OA-AL2i2,4106.7
10687,OA-AL2i3,4107.0
10168,OA-VUMa6,4107.099999999999
10799,OA-VUMa4,4107.099999999999
11005,OA-VUMa4,4107.8
10011,OA-AL2i1,4107.9
10677,OA-AL2i4,4107.9
10072,OA-AL2i1,4108.1
10555,OA-VUMa3,4108.5
10322,OA-AL2i2,4109.0
287884,OA-VPM3,4109.900000000001
36252,Mi1,4110.3
53065,Mi1,4110.3
10185,OA-VUMa8,4110.5
10658,OA-AL2i3,4110.5
35405,Mi1,4110.700000000001
12688,OA-ASM1,4110.8
11602,OA-ASM1,4111.1
12109,OA-VUMa2,4111.5
10175,OA-VUMa6,4111.6
10110,OA-VUMa1,4112.0
34849,Mi1,4112.200000000001
10041,OA-VUMa1,4113.700000000001
12896,OA-VUMa5,4113.8
11264,OA-ASM1,4114.0
10187,OA-VPM3,4114.0
286259,OA-ASM1,4114.3
10120,OA-VPM4,4114.4
10652,OA-AL2i4,4115.099999999999
11608,OA-VUMa2,4115.3
10226,OA-AL2i3,4115.9
10265,OA-AL2i2,4116.000000000001
71052,T2a,4116.2
10825,OA-AL2i3,4116.2
10204,OA-AL2i2,4118.0
10168,OA-VUMa6,4118.599999999999
11921,OA-VPM4,4118.599999999999
10269,OA-AL2i2,4119.0
10687,OA-AL2i3,4119.0
10080,OA-VUMa3,4119.3
10072,OA-AL2i1,4119.400000000001
11005,OA-VUMa4,4119.8
10011,OA-AL2i1,4119.8
10799,OA-VUMa4,4120.6
10677,OA-AL2i4,4120.7
34057,Mi1,4121.0
10322,OA-AL2i2,4121.700000000001
10185,OA-VUMa8,4122.1
10110,OA-VUMa1,4122.5
287884,OA-VPM3,4122.5
10555,OA-VUMa3,4122.900000000001
10658,OA-AL2i3,4122.900000000001
10175,OA-VUMa6,4123.0
11602,OA-ASM1,4123.099999999999
12688,OA-ASM1,4123.5
12109,OA-VUMa2,4123.6
36252,Mi1,4124.400000000001
10041,OA-VUMa1,4124.6
53065,Mi1,4125.4
34849,Mi1,4125.500000000001
12896,OA-VUMa5,4125.900000000001
10187,OA-VPM3,4126.0
35405,Mi1,4126.400000000001
286259,OA-ASM1,4127.3
11264,OA-ASM1,4127.400000000001
10825,OA-AL2i3,4127.8
10226,OA-AL2i3,4128.099999999999
11608,OA-VUMa2,4128.3
10120,OA-VPM4,4128.4
10652,OA-AL2i4,4128.4
10265,OA-AL2i2,4128.6
10072,OA-AL2i1,4129.2
10168,OA-VUMa6,4130.0
10204,OA-AL2i2,4130.6
10687,OA-AL2i3,4130.6
11005,OA-VUMa4,4131.2
10269,OA-AL2i2,4131.400000000001
10011,OA-AL2i1,4131.9
11921,OA-VPM4,4132.8
10080,OA-VUMa3,4133.3
10322,OA-AL2i2,4133.7
10799,OA-VUMa4,4133.900000000001
10677,OA-AL2i4,4134.2
10185,OA-VUMa8,4134.3
10658,OA-AL2i3,4134.599999999999
287884,OA-VPM3,4134.599999999999
10110,OA-VUMa1,4134.8
12109,OA-VUMa2,4135.0
10041,OA-VUMa1,4135.7
10555,OA-VUMa3,4136.0
10175,OA-VUMa6,4136.3
11602,OA-ASM1,4136.4
12688,OA-ASM1,4136.8
12896,OA-VUMa5,4136.8
34057,Mi1,4137.700000000001
10187,OA-VPM3,4138.3
10072,OA-AL2i1,4138.6
53065,Mi1,4138.900000000001
36252,Mi1,4139.2
10226,OA-AL2i3,4139.3
11608,OA-VUMa2,4139.5
10120,OA-VPM4,4139.8
11264,OA-ASM1,4139.9
10265,OA-AL2i2,4141.0
10825,OA-AL2i3,4141.099999999999
34849,Mi1,4141.099999999999
35405,Mi1,4141.200000000001
10168,OA-VUMa6,4141.3
286259,OA-ASM1,4141.4
10652,OA-AL2i4,4141.8
10204,OA-AL2i2,4142.5
10687,OA-AL2i3,4142.8
11005,OA-VUMa4,4143.400000000001
10269,OA-AL2i2,4143.5
10011,OA-AL2i1,4145.400000000001
10185,OA-VUMa8,4145.700000000001
10322,OA-AL2i2,4145.9
10110,OA-VUMa1,4146.0
10080,OA-VUMa3,4146.6
10658,OA-AL2i3,4146.7
10799,OA-VUMa4,4146.7
12109,OA-VUMa2,4146.8
11921,OA-VPM4,4147.2
10175,OA-VUMa6,4147.700000000001
287884,OA-VPM3,4147.8
10677,OA-AL2i4,4148.000000000001
10072,OA-AL2i1,4148.400000000001
10041,OA-VUMa1,4148.5
12896,OA-VUMa5,4149.4
12688,OA-ASM1,4149.8
10555,OA-VUMa3,4149.900000000001
11602,OA-ASM1,4150.1
10187,OA-VPM3,4150.9
10226,OA-AL2i3,4151.5
11608,OA-VUMa2,4151.5
34057,Mi1,4151.7
11264,OA-ASM1,4152.8
36252,Mi1,4153.2
10120,OA-VPM4,4153.299999999999
10265,OA-AL2i2,4153.5
10168,OA-VUMa6,4153.700000000001
10825,OA-AL2i3,4153.700000000001
53065,Mi1,4154.0
10652,OA-AL2i4,4154.2
286259,OA-ASM1,4154.2
11005,OA-VUMa4,4154.4
35405,Mi1,4155.1
10687,OA-AL2i3,4155.700000000001
34849,Mi1,4156.000000000001
10204,OA-AL2i2,4156.3
10110,OA-VUMa1,4156.5
10269,OA-AL2i2,4156.7
10322,OA-AL2i2,4156.8
10011,OA-AL2i1,4156.900000000001
10072,OA-AL2i1,4158.0
10185,OA-VUMa8,4158.2
12109,OA-VUMa2,4158.3
10658,OA-AL2i3,4159.3
10080,OA-VUMa3,4159.7
10041,OA-VUMa1,4159.900000000001
10799,OA-VUMa4,4160.0
10175,OA-VUMa6,4160.4
11921,OA-VPM4,4160.8
10677,OA-AL2i4,4161.0
12896,OA-VUMa5,4161.0
287884,OA-VPM3,4161.1
10226,OA-AL2i3,4162.4
12688,OA-ASM1,4162.7
11602,OA-ASM1,4162.8
10187,OA-VPM3,4163.1
10555,OA-VUMa3,4163.2
11608,OA-VUMa2,4163.2
11264,OA-ASM1,4165.5
10265,OA-AL2i2,4165.6
10120,OA-VPM4,4165.7
11005,OA-VUMa4,4166.2
34057,Mi1,4166.3
10825,OA-AL2i3,4166.400000000001
10168,OA-VUMa6,4166.5
10652,OA-AL2i4,4166.8
10687,OA-AL2i3,4167.1
286259,OA-ASM1,4167.3
36252,Mi1,4167.8
10110,OA-VUMa1,4167.8
10072,OA-AL2i1,4167.900000000001
10011,OA-AL2i1,4168.4
53065,Mi1,4168.4
10269,OA-AL2i2,4168.8
10204,OA-AL2i2,4168.9
10322,OA-AL2i2,4169.1
12109,OA-VUMa2,4169.9
10185,OA-VUMa8,4170.0
35405,Mi1,4170.1
10041,OA-VUMa1,4170.4
10658,OA-AL2i3,4170.5
12896,OA-VUMa5,4171.6
34849,Mi1,4171.9
10080,OA-VUMa3,4172.400000000001
10175,OA-VUMa6,4173.0
287884,OA-VPM3,4173.8
10226,OA-AL2i3,4174.0
11608,OA-VUMa2,4174.2
10799,OA-VUMa4,4174.599999999999
10677,OA-AL2i4,4175.1
11602,OA-ASM1,4175.2
10187,OA-VPM3,4175.4
12688,OA-ASM1,4175.4
10555,OA-VUMa3,4176.0
11921,OA-VPM4,4176.5
10168,OA-VUMa6,4177.1
11005,OA-VUMa4,4177.299999999999
10120,OA-VPM4,4177.599999999999
10825,OA-AL2i3,4178.2
10110,OA-VUMa1,4178.4
10265,OA-AL2i2,4178.8
11264,OA-ASM1,4179.3
10072,OA-AL2i1,4179.5
10011,OA-AL2i1,4179.9
10652,OA-AL2i4,4180.5
34057,Mi1,4180.900000000001
10687,OA-AL2i3,4181.0
286259,OA-ASM1,4181.200000000001
10185,OA-VUMa8,4181.5
10322,OA-AL2i2,4181.8
10269,OA-AL2i2,4181.900000000001
36252,Mi1,4181.900000000001
10041,OA-VUMa1,4181.900000000001
12109,OA-VUMa2,4182.1
10658,OA-AL2i3,4182.8
10204,OA-AL2i2,4183.0
12896,OA-VUMa5,4183.5
35405,Mi1,4184.9
53065,Mi1,4185.0
10175,OA-VUMa6,4185.1
10226,OA-AL2i3,4185.599999999999
10080,OA-VUMa3,4185.599999999999
11608,OA-VUMa2,4185.8
287884,OA-VPM3,4185.8
34849,Mi1,4187.5
12688,OA-ASM1,4187.599999999999
11602,OA-ASM1,4188.3
10187,OA-VPM3,4188.5
10555,OA-VUMa3,4188.5
10799,OA-VUMa4,4188.8
10677,OA-AL2i4,4189.0
10168,OA-VUMa6,4189.0
11005,OA-VUMa4,4189.099999999999
10072,OA-AL2i1,4189.3
10110,OA-VUMa1,4190.1
10120,OA-VPM4,4190.1
11921,OA-VPM4,4190.700000000001
10265,OA-AL2i2,4191.1
11264,OA-ASM1,4191.2
10011,OA-AL2i1,4191.2
10825,OA-AL2i3,4191.8
10687,OA-AL2i3,4192.5
12109,OA-VUMa2,4192.6
10041,OA-VUMa1,4193.1
10185,OA-VUMa8,4193.1
10322,OA-AL2i2,4193.2
10652,OA-AL2i4,4194.1
286259,OA-ASM1,4194.3
10269,OA-AL2i2,4194.6
34057,Mi1,4194.8
10658,OA-AL2i3,4194.900000000001
10204,OA-AL2i2,4195.0
12896,OA-VUMa5,4195.8
36252,Mi1,4196.2
10175,OA-VUMa6,4196.7
10226,OA-AL2i3,4197.200000000001
11608,OA-VUMa2,4197.8
287884,OA-VPM3,4198.5
10080,OA-VUMa3,4199.0
12688,OA-ASM1,4199.3
35405,Mi1,4199.7
53065,Mi1,4200.200000000001
10110,OA-VUMa1,4200.4
10187,OA-VPM3,4200.4
11005,OA-VUMa4,4200.8
10168,OA-VUMa6,4200.9
11602,OA-ASM1,4201.299999999999
10555,OA-VUMa3,4201.6
10799,OA-VUMa4,4201.6
10072,OA-AL2i1,4201.8
10011,OA-AL2i1,4202.200000000001
10677,OA-AL2i4,4202.200000000001
34849,Mi1,4202.500000000001
10120,OA-VPM4,4202.6
12109,OA-VUMa2,4203.599999999999
10265,OA-AL2i2,4203.700000000001
11264,OA-ASM1,4204.2
10825,OA-AL2i3,4204.5
10041,OA-VUMa1,4204.6
10185,OA-VUMa8,4205.200000000001
10322,OA-AL2i2,4205.200000000001
10687,OA-AL2i3,4205.3
11921,OA-VPM4,4205.5
10658,OA-AL2i3,4206.400000000001
10269,OA-AL2i2,4207.3
10652,OA-AL2i4,4207.5
10204,OA-AL2i2,4207.6
286259,OA-ASM1,4207.799999999999
12896,OA-VUMa5,4207.900000000001
10175,OA-VUMa6,4208.099999999999
10226,OA-AL2i3,4209.400000000001
11608,OA-VUMa2,4209.6
34057,Mi1,4210.1
287884,OA-VPM3,4210.6
36252,Mi1,4211.1
10110,OA-VUMa1,4211.2
10080,OA-VUMa3,4211.700000000001
12688,OA-ASM1,4212.000000000001
10187,OA-VPM3,4212.5
10168,OA-VUMa6,4213.4
11005,OA-VUMa4,4213.6
10072,OA-AL2i1,4213.7
10120,OA-VPM4,4214.400000000001
10677,OA-AL2i4,4214.599999999999
11602,OA-ASM1,4214.700000000001
10555,OA-VUMa3,4214.8
53065,Mi1,4214.8
10011,OA-AL2i1,4214.8
35405,Mi1,4215.1
10799,OA-VUMa4,4215.2
10041,OA-VUMa1,4215.3
12109,OA-VUMa2,4215.5
10265,OA-AL2i2,4216.099999999999
34849,Mi1,4216.4
10825,OA-AL2i3,4216.9
10322,OA-AL2i2,4217.400000000001
10658,OA-AL2i3,4217.400000000001
10185,OA-VUMa8,4217.5
10687,OA-AL2i3,4218.4
11264,OA-ASM1,4218.4
11921,OA-VPM4,4219.0
10175,OA-VUMa6,4219.2
12896,OA-VUMa5,4219.5
10269,OA-AL2i2,4220.2
10652,OA-AL2i4,4220.400000000001
10204,OA-AL2i2,4220.5
10226,OA-AL2i3,4221.099999999999
10110,OA-VUMa1,4222.0
286259,OA-ASM1,4222.2
11608,OA-VUMa2,4222.8
34057,Mi1,4223.799999999999
287884,OA-VPM3,4224.099999999999
10080,OA-VUMa3,4224.200000000001
10187,OA-VPM3,4224.8
10168,OA-VUMa6,4225.3
12688,OA-ASM1,4225.400000000001
10072,OA-AL2i1,4225.6
11005,OA-VUMa4,4225.7
10041,OA-VUMa1,4226.4
10120,OA-VPM4,4226.500000000001
36252,Mi1,4226.6
10011,OA-AL2i1,4226.6
12109,OA-VUMa2,4226.7
10677,OA-AL2i4,4227.599999999999
11602,OA-ASM1,4228.000000000001
10185,OA-VUMa8,4228.5
10555,OA-VUMa3,4228.5
10799,OA-VUMa4,4228.7
10658,OA-AL2i3,4228.900000000001
10265,OA-AL2i2,4229.099999999999
10322,OA-AL2i2,4229.099999999999
10825,OA-AL2i3,4229.200000000001
53065,Mi1,4229.6
10175,OA-VUMa6,4230.5
10687,OA-AL2i3,4230.599999999999
35405,Mi1,4230.599999999999
12896,OA-VUMa5,4231.0
11264,OA-ASM1,4231.1
34849,Mi1,4231.2
10204,OA-AL2i2,4232.8
10269,OA-AL2i2,4232.9
10110,OA-VUMa1,4233.0
10652,OA-AL2i4,4233.1
11921,OA-VPM4,4233.5
10226,OA-AL2i3,4233.7
11608,OA-VUMa2,4233.8
286259,OA-ASM1,4236.3
10041,OA-VUMa1,4236.900000000001
10168,OA-VUMa6,4236.900000000001
71052,T2a,4236.900000000001
10080,OA-VUMa3,4237.4
10072,OA-AL2i1,4237.6
11005,OA-VUMa4,4237.6
10187,OA-VPM3,4237.7
34057,Mi1,4238.0
10011,OA-AL2i1,4238.3
287884,OA-VPM3,4238.400000000001
12109,OA-VUMa2,4238.5
10120,OA-VPM4,4239.1
12688,OA-ASM1,4239.2
10677,OA-AL2i4,4240.0
10185,OA-VUMa8,4240.200000000001
10322,OA-AL2i2,4240.8
10799,OA-VUMa4,4240.8
10658,OA-AL2i3,4241.2
36252,Mi1,4241.2
10555,OA-VUMa3,4241.5
10175,OA-VUMa6,4241.8
12896,OA-VUMa5,4242.0
10825,OA-AL2i3,4242.099999999999
11602,OA-ASM1,4242.099999999999
10265,OA-AL2i2,4242.8
10687,OA-AL2i3,4243.2
10110,OA-VUMa1,4243.700000000001
53065,Mi1,4244.0
11608,OA-VUMa2,4244.5
10269,OA-AL2i2,4244.7
11264,OA-ASM1,4244.900000000001
10226,OA-AL2i3,4245.7
10204,OA-AL2i2,4246.1
35405,Mi1,4246.1
34849,Mi1,4246.3
10652,OA-AL2i4,4246.599999999999
10041,OA-VUMa1,4247.5
10168,OA-VUMa6,4248.099999999999
11921,OA-VPM4,4248.5
11005,OA-VUMa4,4248.9
10072,OA-AL2i1,4249.000000000001
12109,OA-VUMa2,4249.900000000001
10080,OA-VUMa3,4250.099999999999
10187,OA-VPM3,4250.200000000001
10011,OA-AL2i1,4250.7
286259,OA-ASM1,4251.3
12688,OA-ASM1,4252.0
287884,OA-VPM3,4252.0
10120,OA-VPM4,4252.400000000001
34057,Mi1,4252.7
10175,OA-VUMa6,4252.8
10658,OA-AL2i3,4253.0
10185,OA-VUMa8,4253.099999999999
10677,OA-AL2i4,4253.5
10322,OA-AL2i2,4253.7
10799,OA-VUMa4,4253.7
12896,OA-VUMa5,4254.0
10825,OA-AL2i3,4255.2
11608,OA-VUMa2,4255.5
10265,OA-AL2i2,4255.6
11602,OA-ASM1,4255.7
10555,OA-VUMa3,4255.7
10110,OA-VUMa1,4255.799999999999
10687,OA-AL2i3,4256.0
10269,OA-AL2i2,4256.3
10226,OA-AL2i3,4257.400000000001
36252,Mi1,4257.8
10041,OA-VUMa1,4258.0
11264,OA-ASM1,4258.8
10204,OA-AL2i2,4259.2
10652,OA-AL2i4,4259.400000000001
53065,Mi1,4259.700000000001
10168,OA-VUMa6,4259.9
11005,OA-VUMa4,4260.2
35405,Mi1,4260.400000000001
12109,OA-VUMa2,4260.8
10072,OA-AL2i1,4260.900000000001
34849,Mi1,4261.3
11921,OA-VPM4,4261.6
10011,OA-AL2i1,4262.2
10187,OA-VPM3,4262.599999999999
10080,OA-VUMa3,4263.6
12688,OA-ASM1,4263.900000000001
10658,OA-AL2i3,4264.2
287884,OA-VPM3,4264.2
10175,OA-VUMa6,4264.400000000001
12896,OA-VUMa5,4264.700000000001
10120,OA-VPM4,4264.9
10322,OA-AL2i2,4265.8
286259,OA-ASM1,4265.8
10185,OA-VUMa8,4266.0
10799,OA-VUMa4,4266.3
10110,OA-VUMa1,4266.7
10677,OA-AL2i4,4266.900000000001
10265,OA-AL2i2,4267.3
34057,Mi1,4267.8
10825,OA-AL2i3,4268.2
11608,OA-VUMa2,4268.3
10269,OA-AL2i2,4268.5
10041,OA-VUMa1,4268.8
10226,OA-AL2i3,4268.900000000001
11602,OA-ASM1,4269.3
10555,OA-VUMa3,4269.4
10687,OA-AL2i3,4269.4
10652,OA-AL2i4,4271.5
10168,OA-VUMa6,4271.6
36252,Mi1,4271.8
10204,OA-AL2i2,4271.900000000001
11005,OA-VUMa4,4271.900000000001
10072,OA-AL2i1,4272.1
12109,OA-VUMa2,4272.2
11264,OA-ASM1,4273.2
10011,OA-AL2i1,4273.7
53065,Mi1,4274.7
12896,OA-VUMa5,4275.5
12688,OA-ASM1,4275.700000000001
11921,OA-VPM4,4276.1
35405,Mi1,4276.3
34849,Mi1,4276.400000000001
10175,OA-VUMa6,4276.5
10120,OA-VPM4,4276.6
10187,OA-VPM3,4276.6
10658,OA-AL2i3,4276.6
10080,OA-VUMa3,4276.7
287884,OA-VPM3,4277.6
10110,OA-VUMa1,4277.9
10322,OA-AL2i2,4277.9
286259,OA-ASM1,4278.8
10799,OA-VUMa4,4279.2
10041,OA-VUMa1,4279.7
10825,OA-AL2i3,4280.0
10185,OA-VUMa8,4280.1
11608,OA-VUMa2,4280.3
10226,OA-AL2i3,4280.400000000001
10265,OA-AL2i2,4280.5
10269,OA-AL2i2,4280.9
10677,OA-AL2i4,4281.2
34057,Mi1,4281.6
10687,OA-AL2i3,4281.7
10555,OA-VUMa3,4282.4
11602,OA-ASM1,4282.500000000001
10168,OA-VUMa6,4283.0
11005,OA-VUMa4,4283.9
12109,OA-VUMa2,4283.9
10652,OA-AL2i4,4284.2
10072,OA-AL2i1,4284.900000000001
10204,OA-AL2i2,4285.200000000001
36252,Mi1,4285.7
10011,OA-AL2i1,4285.9
11264,OA-ASM1,4285.9
12896,OA-VUMa5,4286.599999999999
10658,OA-AL2i3,4287.900000000001
10175,OA-VUMa6,4288.700000000001
10322,OA-AL2i2,4288.9
10110,OA-VUMa1,4289.000000000001
10080,OA-VUMa3,4289.7
12688,OA-ASM1,4290.099999999999
10120,OA-VPM4,4290.099999999999
10187,OA-VPM3,4290.099999999999
53065,Mi1,4290.7
35405,Mi1,4290.8
287884,OA-VPM3,4291.0
34849,Mi1,4291.2
11921,OA-VPM4,4291.400000000001
11608,OA-VUMa2,4291.5
10226,OA-AL2i3,4291.599999999999
10041,OA-VUMa1,4292.0
286259,OA-ASM1,4292.4
10185,OA-VUMa8,4292.7
10265,OA-AL2i2,4292.7
10825,OA-AL2i3,4292.7
10799,OA-VUMa4,4292.8
10687,OA-AL2i3,4293.200000000001
10677,OA-AL2i4,4293.8
10168,OA-VUMa6,4293.9
10269,OA-AL2i2,4294.599999999999
10555,OA-VUMa3,4294.9
11005,OA-VUMa4,4295.1
12109,OA-VUMa2,4295.1
34057,Mi1,4295.1
11602,OA-ASM1,4295.2
10652,OA-AL2i4,4296.400000000001
10072,OA-AL2i1,4297.1
10204,OA-AL2i2,4297.6
12896,OA-VUMa5,4297.6
10011,OA-AL2i1,4297.7
10110,OA-VUMa1,4299.2
11264,OA-ASM1,4299.5
10175,OA-VUMa6,4299.700000000001
10658,OA-AL2i3,4300.3
10322,OA-AL2i2,4300.4
36252,Mi1,4302.0
11608,OA-VUMa2,4302.299999999999
10041,OA-VUMa1,4302.400000000001
10080,OA-VUMa3,4302.599999999999
10226,OA-AL2i3,4302.700000000001
10187,OA-VPM3,4303.3
12688,OA-ASM1,4303.3
10120,OA-VPM4,4303.7
10825,OA-AL2i3,4304.8
10265,OA-AL2i2,4304.8
10185,OA-VUMa8,4305.2
53065,Mi1,4305.400000000001
11921,OA-VPM4,4305.5
35405,Mi1,4305.6
287884,OA-VPM3,4305.6
10687,OA-AL2i3,4305.8
286259,OA-ASM1,4305.8
10799,OA-VUMa4,4305.900000000001
10072,OA-AL2i1,4306.4
10168,OA-VUMa6,4306.4
10269,OA-AL2i2,4306.900000000001
12109,OA-VUMa2,4306.900000000001
10555,OA-VUMa3,4307.1
11005,OA-VUMa4,4307.1
10677,OA-AL2i4,4307.400000000001
34849,Mi1,4307.400000000001
11602,OA-ASM1,4308.2
12896,OA-VUMa5,4308.8
10011,OA-AL2i1,4308.900000000001
10652,OA-AL2i4,4309.5
34057,Mi1,4310.0
10110,OA-VUMa1,4310.599999999999
10175,OA-VUMa6,4310.8
10204,OA-AL2i2,4311.4
10322,OA-AL2i2,4311.7
11264,OA-ASM1,4312.400000000001
10041,OA-VUMa1,4312.599999999999
10658,OA-AL2i3,4312.9
11608,OA-VUMa2,4313.400000000001
10226,OA-AL2i3,4313.8
10080,OA-VUMa3,4314.6
10072,OA-AL2i1,4315.3
10187,OA-VPM3,4315.8
12688,OA-ASM1,4316.1
10120,OA-VPM4,4316.3
36252,Mi1,4316.8
10825,OA-AL2i3,4317.0
10185,OA-VUMa8,4317.5
10265,OA-AL2i2,4317.6
287884,OA-VPM3,4317.8
10168,OA-VUMa6,4318.299999999999
10799,OA-VUMa4,4318.5
12109,OA-VUMa2,4318.599999999999
286259,OA-ASM1,4318.599999999999
10687,OA-AL2i3,4319.0
10269,OA-AL2i2,4319.200000000001
35405,Mi1,4319.200000000001
11005,OA-VUMa4,4319.6
11921,OA-VPM4,4319.8
10555,OA-VUMa3,4320.0
12896,OA-VUMa5,4320.2
10011,OA-AL2i1,4320.8
10677,OA-AL2i4,4320.8
53065,Mi1,4321.000000000001
34849,Mi1,4321.3
10110,OA-VUMa1,4321.400000000001
11602,OA-ASM1,4321.8
10175,OA-VUMa6,4322.4
10652,OA-AL2i4,4322.7
10041,OA-VUMa1,4323.1
10322,OA-AL2i2,4323.599999999999
10204,OA-AL2i2,4323.8
10658,OA-AL2i3,4323.9
11608,OA-VUMa2,4324.7
34057,Mi1,4324.7
10072,OA-AL2i1,4325.0
11264,OA-ASM1,4325.099999999999
10226,OA-AL2i3,4326.6
10187,OA-VPM3,4327.6
10080,OA-VUMa3,4327.7
10825,OA-AL2i3,4328.599999999999
12688,OA-ASM1,4328.8
10120,OA-VPM4,4329.000000000001
10168,OA-VUMa6,4329.5
12109,OA-VUMa2,4329.7
10265,OA-AL2i2,4329.8
10799,OA-VUMa4,4330.8
11005,OA-VUMa4,4331.0
10269,OA-AL2i2,4331.1
10185,OA-VUMa8,4331.3
287884,OA-VPM3,4331.400000000001
36252,Mi1,4331.5
286259,OA-ASM1,4331.700000000001
10687,OA-AL2i3,4332.1
10110,OA-VUMa1,4332.2
11921,OA-VPM4,4333.099999999999
12896,OA-VUMa5,4333.200000000001
10011,OA-AL2i1,4333.3
10677,OA-AL2i4,4333.3
10555,OA-VUMa3,4333.7
35405,Mi1,4333.9
10041,OA-VUMa1,4334.3
10175,OA-VUMa6,4334.400000000001
10322,OA-AL2i2,4335.3
10072,OA-AL2i1,4335.4
10658,OA-AL2i3,4335.500000000001
11602,OA-ASM1,4335.6
53065,Mi1,4335.8
34849,Mi1,4335.900000000001
10652,OA-AL2i4,4336.0
11608,OA-VUMa2,4336.2
10204,OA-AL2i2,4336.599999999999
10226,OA-AL2i3,4337.7
11264,OA-ASM1,4338.0
10187,OA-VPM3,4339.2
10825,OA-AL2i3,4339.8
34057,Mi1,4340.0
10120,OA-VPM4,4340.799999999999
10080,OA-VUMa3,4341.099999999999
10168,OA-VUMa6,4341.3
12109,OA-VUMa2,4341.3
12688,OA-ASM1,4341.5
10265,OA-AL2i2,4342.7
11005,OA-VUMa4,4342.8
10110,OA-VUMa1,4343.4
10269,OA-AL2i2,4344.0
10185,OA-VUMa8,4344.2
10799,OA-VUMa4,4344.400000000001
12896,OA-VUMa5,4344.400000000001
287884,OA-VPM3,4344.5
71052,T2a,4344.5
10687,OA-AL2i3,4344.700000000001
286259,OA-ASM1,4344.9
10011,OA-AL2i1,4345.3
10041,OA-VUMa1,4345.400000000001
10072,OA-AL2i1,4345.5
10175,OA-VUMa6,4345.7
10677,OA-AL2i4,4346.3
11921,OA-VPM4,4346.6
36252,Mi1,4346.8
35405,Mi1,4346.900000000001
10555,OA-VUMa3,4347.1
10658,OA-AL2i3,4347.3
11608,OA-VUMa2,4347.3
10322,OA-AL2i2,4347.700000000001
10652,OA-AL2i4,4348.4
11602,OA-ASM1,4348.5
10226,OA-AL2i3,4349.099999999999
10204,OA-AL2i2,4349.4
11264,OA-ASM1,4349.9
34849,Mi1,4349.9
53065,Mi1,4350.0
10825,OA-AL2i3,4351.0
10187,OA-VPM3,4351.200000000001
10168,OA-VUMa6,4352.2
10120,OA-VPM4,4353.6
10110,OA-VUMa1,4353.6
10080,OA-VUMa3,4353.7
12109,OA-VUMa2,4353.900000000001
12688,OA-ASM1,4354.3
11005,OA-VUMa4,4354.5
10265,OA-AL2i2,4354.6
34057,Mi1,4355.3
10072,OA-AL2i1,4356.0
12896,OA-VUMa5,4356.1
10269,OA-AL2i2,4356.5
10185,OA-VUMa8,4356.5
287884,OA-VPM3,4356.900000000001
286259,OA-ASM1,4357.200000000001
10011,OA-AL2i1,4357.3
10687,OA-AL2i3,4357.7
10041,OA-VUMa1,4357.8
10175,OA-VUMa6,4357.8
10799,OA-VUMa4,4357.9
11608,OA-VUMa2,4358.1
10658,OA-AL2i3,4358.7
10677,OA-AL2i4,4358.900000000001
10322,OA-AL2i2,4359.0
10555,OA-VUMa3,4359.200000000001
11921,OA-VPM4,4360.8
10652,OA-AL2i4,4361.0
11602,OA-ASM1,4361.8
36252,Mi1,4361.900000000001
10226,OA-AL2i3,4361.900000000001
10204,OA-AL2i2,4362.0
35405,Mi1,4362.6
11264,OA-ASM1,4362.9
10825,OA-AL2i3,4363.1
10168,OA-VUMa6,4363.9
10187,OA-VPM3,4364.1
10110,OA-VUMa1,4364.7
34849,Mi1,4365.3
12109,OA-VUMa2,4365.4
10265,OA-AL2i2,4365.9
10120,OA-VPM4,4366.000000000001
53065,Mi1,4366.3
10080,OA-VUMa3,4366.7
11005,OA-VUMa4,4367.200000000001
12896,OA-VUMa5,4367.200000000001
12688,OA-ASM1,4367.4
10072,OA-AL2i1,4367.900000000001
10185,OA-VUMa8,4369.1
10011,OA-AL2i1,4369.2
10269,OA-AL2i2,4369.400000000001
11608,OA-VUMa2,4369.400000000001
10658,OA-AL2i3,4369.6
10041,OA-VUMa1,4369.7
287884,OA-VPM3,4370.0
286259,OA-ASM1,4370.099999999999
34057,Mi1,4370.200000000001
10687,OA-AL2i3,4370.5
10322,OA-AL2i2,4370.8
10175,OA-VUMa6,4371.2
10677,OA-AL2i4,4371.5
10799,OA-VUMa4,4372.0
10555,OA-VUMa3,4372.900000000001
11602,OA-ASM1,4373.6
10226,OA-AL2i3,4373.6
11921,OA-VPM4,4374.7
10825,OA-AL2i3,4374.8
10168,OA-VUMa6,4374.900000000001
10652,OA-AL2i4,4374.900000000001
10204,OA-AL2i2,4375.099999999999
10110,OA-VUMa1,4375.3
11264,OA-ASM1,4375.900000000001
36252,Mi1,4376.8
10187,OA-VPM3,4376.9
10120,OA-VPM4,4377.7
12109,OA-VUMa2,4378.0
35405,Mi1,4378.3
10265,OA-AL2i2,4378.4
10080,OA-VUMa3,4379.3
10072,OA-AL2i1,4379.400000000001
12896,OA-VUMa5,4380.1
10658,OA-AL2i3,4380.2
10185,OA-VUMa8,4380.2
12688,OA-ASM1,4380.4
11005,OA-VUMa4,4380.5
53065,Mi1,4380.7
10041,OA-VUMa1,4381.099999999999
10011,OA-AL2i1,4381.200000000001
34849,Mi1,4381.5
10269,OA-AL2i2,4381.6
11608,OA-VUMa2,4381.9
286259,OA-ASM1,4382.5
287884,OA-VPM3,4382.7
10687,OA-AL2i3,4382.8
10322,OA-AL2i2,4383.0
10677,OA-AL2i4,4383.3
10175,OA-VUMa6,4384.0
10226,OA-AL2i3,4384.5
34057,Mi1,4384.599999999999
10799,OA-VUMa4,4384.700000000001
10555,OA-VUMa3,4385.0
10110,OA-VUMa1,4385.6
10168,OA-VUMa6,4385.8
10825,OA-AL2i3,4387.0
11602,OA-ASM1,4387.3
10652,OA-AL2i4,4387.8
10204,OA-AL2i2,4387.9
11264,OA-ASM1,4388.4
11921,OA-VPM4,4388.4
10072,OA-AL2i1,4389.2
12109,OA-VUMa2,4389.400000000001
10187,OA-VPM3,4389.9
36252,Mi1,4390.5
10120,OA-VPM4,4390.900000000001
10265,OA-AL2i2,4390.900000000001
10080,OA-VUMa3,4391.6
10041,OA-VUMa1,4391.8
10185,OA-VUMa8,4392.0
12896,OA-VUMa5,4392.0
35405,Mi1,4392.5
10658,OA-AL2i3,4392.700000000001
10269,OA-AL2i2,4392.8
11005,OA-VUMa4,4393.900000000001
12688,OA-ASM1,4393.900000000001
10011,OA-AL2i1,4394.0
10687,OA-AL2i3,4395.0
11608,OA-VUMa2,4395.2
53065,Mi1,4395.2
10175,OA-VUMa6,4395.700000000001
10677,OA-AL2i4,4395.700000000001
287884,OA-VPM3,4395.8
10322,OA-AL2i2,4395.9
286259,OA-ASM1,4396.1
34849,Mi1,4396.3
10226,OA-AL2i3,4396.3
10110,OA-VUMa1,4396.6
10799,OA-VUMa4,4396.900000000001
10168,OA-VUMa6,4397.5
10825,OA-AL2i3,4398.5
34057,Mi1,4398.7
10072,OA-AL2i1,4398.900000000001
10555,OA-VUMa3,4399.099999999999
11602,OA-ASM1,4400.1
10652,OA-AL2i4,4400.400000000001
12109,OA-VUMa2,4400.5
10204,OA-AL2i2,4400.599999999999
11264,OA-ASM1,4401.400000000001
10041,OA-VUMa1,4402.8
10187,OA-VPM3,4402.9
10265,OA-AL2i2,4403.1
12896,OA-VUMa5,4403.2
10120,OA-VPM4,4403.400000000001
11921,OA-VPM4,4403.8
10185,OA-VUMa8,4404.1
36252,Mi1,4405.400000000001
10269,OA-AL2i2,4405.5
10658,OA-AL2i3,4405.5
10080,OA-VUMa3,4405.8
11005,OA-VUMa4,4406.2
10011,OA-AL2i1,4406.3
10687,OA-AL2i3,4406.6
12688,OA-ASM1,4406.6
11608,OA-VUMa2,4406.7
35405,Mi1,4407.6
10677,OA-AL2i4,4407.8
10110,OA-VUMa1,4407.900000000001
10322,OA-AL2i2,4408.0
287884,OA-VPM3,4408.0
10226,OA-AL2i3,4408.3
10175,OA-VUMa6,4408.400000000001
10168,OA-VUMa6,4409.1
10072,OA-AL2i1,4409.3
10799,OA-VUMa4,4409.8
10825,OA-AL2i3,4409.8
286259,OA-ASM1,4410.3
34849,Mi1,4410.7
53065,Mi1,4411.2
10555,OA-VUMa3,4411.599999999999
12109,OA-VUMa2,4411.599999999999
10041,OA-VUMa1,4413.1
10204,OA-AL2i2,4413.3
10652,OA-AL2i4,4413.6
11602,OA-ASM1,4413.6
34057,Mi1,4413.700000000001
12896,OA-VUMa5,4414.400000000001
11264,OA-ASM1,4414.8
10265,OA-AL2i2,4415.0
10187,OA-VPM3,4415.200000000001
10120,OA-VPM4,4416.1
10658,OA-AL2i3,4416.2
10185,OA-VUMa8,4417.5
11921,OA-VPM4,4417.5
10269,OA-AL2i2,4417.8
10011,OA-AL2i1,4417.900000000001
10080,OA-VUMa3,4417.900000000001
10687,OA-AL2i3,4418.099999999999
10110,OA-VUMa1,4418.3
11005,OA-VUMa4,4418.4
12688,OA-ASM1,4418.6
11608,OA-VUMa2,4418.7
10072,OA-AL2i1,4419.400000000001
36252,Mi1,4419.400000000001
10226,OA-AL2i3,4419.8
10175,OA-VUMa6,4419.9
10677,OA-AL2i4,4420.0
287884,OA-VPM3,4420.1
10322,OA-AL2i2,4420.3
10168,OA-VUMa6,4421.0
10825,OA-AL2i3,4421.9
10799,OA-VUMa4,4422.3
35405,Mi1,4423.500000000001
10041,OA-VUMa1,4423.7
12109,OA-VUMa2,4424.0
286259,OA-ASM1,4424.1
10555,OA-VUMa3,4425.1
10652,OA-AL2i4,4425.6
34849,Mi1,4425.8
10204,OA-AL2i2,4426.3
53065,Mi1,4426.4
11602,OA-ASM1,4426.5
12896,OA-VUMa5,4426.7
10187,OA-VPM3,4428.0
10658,OA-AL2i3,4428.0
10265,OA-AL2i2,4428.6
34057,Mi1,4428.6
10120,OA-VPM4,4428.900000000001
10011,OA-AL2i1,4429.2
10687,OA-AL2i3,4429.400000000001
11264,OA-ASM1,4429.400000000001
10110,OA-VUMa1,4429.6
10185,OA-VUMa8,4429.6
11608,OA-VUMa2,4430.1
10269,OA-AL2i2,4430.6
11005,OA-VUMa4,4430.7
10080,OA-VUMa3,4430.900000000001
12688,OA-ASM1,4430.900000000001
11921,OA-VPM4,4431.200000000001
10226,OA-AL2i3,4431.3
10072,OA-AL2i1,4431.5
10322,OA-AL2i2,4431.7
10175,OA-VUMa6,4431.900000000001
10168,OA-VUMa6,4432.2
10677,OA-AL2i4,4432.400000000001
287884,OA-VPM3,4433.0
36252,Mi1,4433.8
10825,OA-AL2i3,4433.900000000001
10041,OA-VUMa1,4434.7
10799,OA-VUMa4,4434.8
12109,OA-VUMa2,4436.1
286259,OA-ASM1,4437.2
12896,OA-VUMa5,4437.700000000001
35405,Mi1,4437.700000000001
10652,OA-AL2i4,4439.0
10555,OA-VUMa3,4439.099999999999
10187,OA-VPM3,4439.8
11602,OA-ASM1,4439.8
10658,OA-AL2i3,4440.400000000001
10204,OA-AL2i2,4440.599999999999
10011,OA-AL2i1,4440.700000000001
10687,OA-AL2i3,4440.700000000001
53065,Mi1,4440.700000000001
34849,Mi1,4441.6
11608,OA-VUMa2,4441.7
10110,OA-VUMa1,4441.900000000001
10120,OA-VPM4,4442.0
34057,Mi1,4442.0
10185,OA-VUMa8,4442.3
11264,OA-ASM1,4442.3
10265,OA-AL2i2,4442.4
11005,OA-VUMa4,4442.8
10226,OA-AL2i3,4443.2
10175,OA-VUMa6,4443.9
10168,OA-VUMa6,4444.0
10269,OA-AL2i2,4444.3
10080,OA-VUMa3,4444.4
10072,OA-AL2i1,4444.6
10322,OA-AL2i2,4444.7
12688,OA-ASM1,4445.3
11921,OA-VPM4,4445.400000000001
10041,OA-VUMa1,4445.8
287884,OA-VPM3,4446.2
10825,OA-AL2i3,4446.3
10677,OA-AL2i4,4446.5
12109,OA-VUMa2,4447.6
10799,OA-VUMa4,4448.0
36252,Mi1,4448.3
12896,OA-VUMa5,4450.3
10187,OA-VPM3,4451.400000000001
10658,OA-AL2i3,4451.700000000001
10011,OA-AL2i1,4451.700000000001
10652,OA-AL2i4,4451.700000000001
286259,OA-ASM1,4452.0
11602,OA-ASM1,4452.3
35405,Mi1,4452.6
10110,OA-VUMa1,4452.8
11608,OA-VUMa2,4452.8
10555,OA-VUMa3,4453.0
10687,OA-AL2i3,4453.2
10185,OA-VUMa8,4454.2
10120,OA-VPM4,4454.3
10204,OA-AL2i2,4454.6
11005,OA-VUMa4,4454.7
53065,Mi1,4454.900000000001
10226,OA-AL2i3,4455.0
10175,OA-VUMa6,4455.200000000001
10265,OA-AL2i2,4455.7
10168,OA-VUMa6,4455.8
11264,OA-ASM1,4456.1
34057,Mi1,4456.5
10041,OA-VUMa1,4456.700000000001
10269,OA-AL2i2,4456.8
10072,OA-AL2i1,4457.0
10080,OA-VUMa3,4457.0
10322,OA-AL2i2,4457.0
34849,Mi1,4457.4
10825,OA-AL2i3,4458.5
10677,OA-AL2i4,4459.299999999999
287884,OA-VPM3,4459.299999999999
12688,OA-ASM1,4459.7
12109,OA-VUMa2,4460.0
11921,OA-VPM4,4460.200000000001
10799,OA-VUMa4,4460.8
12896,OA-VUMa5,4461.400000000001
36252,Mi1,4463.0
10011,OA-AL2i1,4463.200000000001
10658,OA-AL2i3,4463.3
10187,OA-VPM3,4463.6
10110,OA-VUMa1,4463.7
11608,OA-VUMa2,4464.0
10687,OA-AL2i3,4465.1
10652,OA-AL2i4,4465.4
11602,OA-ASM1,4465.6
10185,OA-VUMa8,4465.900000000001
10555,OA-VUMa3,4466.099999999999
286259,OA-ASM1,4466.3
11005,OA-VUMa4,4466.5
35405,Mi1,4466.8
10120,OA-VPM4,4466.9
10175,OA-VUMa6,4466.9
10226,OA-AL2i3,4467.0
10072,OA-AL2i1,4467.2
10041,OA-VUMa1,4468.0
10168,OA-VUMa6,4468.3
10204,OA-AL2i2,4468.500000000001
53065,Mi1,4468.900000000001
10269,OA-AL2i2,4469.2
10322,OA-AL2i2,4469.2
10265,OA-AL2i2,4469.5
10080,OA-VUMa3,4470.000000000001
11264,OA-ASM1,4470.3
34057,Mi1,4470.7
10677,OA-AL2i4,4471.3
10825,OA-AL2i3,4471.5
287884,OA-VPM3,4471.900000000001
12109,OA-VUMa2,4472.1
34849,Mi1,4473.0
12688,OA-ASM1,4473.6
10799,OA-VUMa4,4473.7
10110,OA-VUMa1,4473.900000000001
11921,OA-VPM4,4474.0
12896,OA-VUMa5,4474.0
10658,OA-AL2i3,4474.200000000001
10011,OA-AL2i1,4474.8
36252,Mi1,4475.7
10187,OA-VPM3,4476.3
11608,OA-VUMa2,4476.3
10652,OA-AL2i4,4477.599999999999
10687,OA-AL2i3,4477.8
11005,OA-VUMa4,4478.1
10175,OA-VUMa6,4478.3
10185,OA-VUMa8,4478.3
10041,OA-VUMa1,4478.400000000001
10120,OA-VPM4,4478.6
10168,OA-VUMa6,4479.099999999999
11602,OA-ASM1,4479.099999999999
10226,OA-AL2i3,4479.4
10555,OA-VUMa3,4479.5
286259,OA-ASM1,4479.9
10072,OA-AL2i1,4480.0
10204,OA-AL2i2,4480.3
10269,OA-AL2i2,4482.0
10322,OA-AL2i2,4482.099999999999
35405,Mi1,4482.200000000001
10080,OA-VUMa3,4482.7
10265,OA-AL2i2,4483.1
11264,OA-ASM1,4483.6
53065,Mi1,4483.6
12109,OA-VUMa2,4483.8
10825,OA-AL2i3,4484.0
287884,OA-VPM3,4484.4
10677,OA-AL2i4,4484.500000000001
10110,OA-VUMa1,4484.900000000001
12896,OA-VUMa5,4485.2
34057,Mi1,4485.400000000001
10658,OA-AL2i3,4486.000000000001
12688,OA-ASM1,4486.000000000001
10799,OA-VUMa4,4486.1
10011,OA-AL2i1,4487.8
11608,OA-VUMa2,4487.9
34849,Mi1,4488.1
10187,OA-VPM3,4488.2
11921,OA-VPM4,4488.2
10041,OA-VUMa1,4489.0
10072,OA-AL2i1,4489.6
10687,OA-AL2i3,4489.7
10652,OA-AL2i4,4489.900000000001
10120,OA-VPM4,4490.200000000001
10175,OA-VUMa6,4490.5
11005,OA-VUMa4,4490.7
36252,Mi1,4490.7
10168,OA-VUMa6,4490.7
10226,OA-AL2i3,4491.1
10185,OA-VUMa8,4492.0
10204,OA-AL2i2,4493.3
286259,OA-ASM1,4493.3
11602,OA-ASM1,4493.400000000001
10269,OA-AL2i2,4493.700000000001
10322,OA-AL2i2,4493.9
10555,OA-VUMa3,4493.9
10265,OA-AL2i2,4495.4
10080,OA-VUMa3,4495.5
10110,OA-VUMa1,4495.5
12109,OA-VUMa2,4495.8
35405,Mi1,4496.1
10825,OA-AL2i3,4496.5
33462,Mi1,4496.599999999999
287884,OA-VPM3,4496.8
35498,Mi1,4497.0
12896,OA-VUMa5,4497.1
11264,OA-ASM1,4497.2
10658,OA-AL2i3,4497.5
53065,Mi1,4498.099999999999
10677,OA-AL2i4,4498.4
10799,OA-VUMa4,4498.5
10072,OA-AL2i1,4498.6
10041,OA-VUMa1,4498.8
10011,OA-AL2i1,4499.6
11608,OA-VUMa2,4500.1
12688,OA-ASM1,4500.4
10187,OA-VPM3,4501.1
10687,OA-AL2i3,4501.2
34057,Mi1,4501.2
10175,OA-VUMa6,4501.700000000001
11005,OA-VUMa4,4501.8
10120,OA-VPM4,4502.1
34849,Mi1,4502.2
10652,OA-AL2i4,4502.6
33907,Mi1,4502.7
11921,OA-VPM4,4503.099999999999
10226,OA-AL2i3,4503.200000000001
10168,OA-VUMa6,4503.5
10185,OA-VUMa8,4504.1
10322,OA-AL2i2,4505.4
10204,OA-AL2i2,4506.0
11602,OA-ASM1,4506.200000000001
36252,Mi1,4506.200000000001
10555,OA-VUMa3,4506.4
10110,OA-VUMa1,4506.5
10269,OA-AL2i2,4507.6
12109,OA-VUMa2,4507.6
286259,OA-ASM1,4507.8
10265,OA-AL2i2,4508.0
10072,OA-AL2i1,4508.4
10825,OA-AL2i3,4508.6
51122,Mi1,4508.8
10080,OA-VUMa3,4509.1
10658,OA-AL2i3,4509.1
287884,OA-VPM3,4509.2
10041,OA-VUMa1,4509.3
11264,OA-ASM1,4509.8
35405,Mi1,4510.2
12896,OA-VUMa5,4510.3
10677,OA-AL2i4,4511.200000000001
11608,OA-VUMa2,4511.3
10799,OA-VUMa4,4511.4
10011,OA-AL2i1,4511.7
12688,OA-ASM1,4512.5
53065,Mi1,4512.9
10187,OA-VPM3,4513.1
10687,OA-AL2i3,4513.4
10175,OA-VUMa6,4513.6
11005,OA-VUMa4,4514.200000000001
10120,OA-VPM4,4514.6
10168,OA-VUMa6,4514.700000000001
10226,OA-AL2i3,4514.700000000001
34057,Mi1,4515.400000000001
10652,OA-AL2i4,4515.5
10185,OA-VUMa8,4515.8
34849,Mi1,4516.3
10322,OA-AL2i2,4516.900000000001
10110,OA-VUMa1,4517.2
11921,OA-VPM4,4517.400000000001
10072,OA-AL2i1,4518.3
10555,OA-VUMa3,4518.8
10204,OA-AL2i2,4518.900000000001
12109,OA-VUMa2,4519.0
10269,OA-AL2i2,4519.200000000001
11602,OA-ASM1,4519.5
10041,OA-VUMa1,4519.7
10265,OA-AL2i2,4519.7
10825,OA-AL2i3,4520.0
10658,OA-AL2i3,4520.700000000001
36252,Mi1,4520.8
287884,OA-VPM3,4522.2
12896,OA-VUMa5,4522.400000000001
286259,OA-ASM1,4522.400000000001
11264,OA-ASM1,4523.3
10080,OA-VUMa3,4523.400000000001
10011,OA-AL2i1,4523.7
10677,OA-AL2i4,4524.200000000001
35405,Mi1,4524.500000000001
10175,OA-VUMa6,4525.1
11005,OA-VUMa4,4525.400000000001
11608,OA-VUMa2,4525.5
12688,OA-ASM1,4525.5
10799,OA-VUMa4,4525.5
10187,OA-VPM3,4525.700000000001
10687,OA-AL2i3,4525.700000000001
10226,OA-AL2i3,4525.8
33462,Mi1,4525.9
35498,Mi1,4526.3
10168,OA-VUMa6,4526.400000000001
33907,Mi1,4526.900000000001
53065,Mi1,4527.6
10072,OA-AL2i1,4528.0
10120,OA-VPM4,4528.0
10110,OA-VUMa1,4528.3
10652,OA-AL2i4,4528.3
10185,OA-VUMa8,4528.400000000001
10322,OA-AL2i2,4529.2
10041,OA-VUMa1,4529.7
34057,Mi1,4530.2
12109,OA-VUMa2,4530.5
10555,OA-VUMa3,4530.9
10269,OA-AL2i2,4531.1
11921,OA-VPM4,4531.6
10825,OA-AL2i3,4531.7
10658,OA-AL2i3,4531.8
10204,OA-AL2i2,4531.900000000001
10265,OA-AL2i2,4532.099999999999
34849,Mi1,4532.099999999999
11602,OA-ASM1,4532.500000000001
286259,OA-ASM1,4533.8
10011,OA-AL2i1,4534.3
12896,OA-VUMa5,4534.400000000001
287884,OA-VPM3,4534.5
36252,Mi1,4536.0
10175,OA-VUMa6,4536.1
10080,OA-VUMa3,4536.8
11264,OA-ASM1,4537.0
10677,OA-AL2i4,4537.0
10226,OA-AL2i3,4537.3
11608,OA-VUMa2,4537.3
10072,OA-AL2i1,4537.6
11005,OA-VUMa4,4537.7
10687,OA-AL2i3,4537.900000000001
10187,OA-VPM3,4538.400000000001
12688,OA-ASM1,4538.400000000001
10168,OA-VUMa6,4538.5
10110,OA-VUMa1,4539.2
35405,Mi1,4539.3
10120,OA-VPM4,4540.200000000001
10799,OA-VUMa4,4540.200000000001
10185,OA-VUMa8,4540.7
51122,Mi1,4540.900000000001
10652,OA-AL2i4,4541.5
12109,OA-VUMa2,4541.5
10322,OA-AL2i2,4541.700000000001
53065,Mi1,4542.5
10041,OA-VUMa1,4542.6
10269,OA-AL2i2,4543.5
10825,OA-AL2i3,4543.6
10658,OA-AL2i3,4543.9
10265,OA-AL2i2,4544.8
34057,Mi1,4544.8
10555,OA-VUMa3,4544.9
11602,OA-ASM1,4545.0
10204,OA-AL2i2,4545.1
11921,OA-VPM4,4545.3
12896,OA-VUMa5,4545.4
10011,OA-AL2i1,4546.6
34849,Mi1,4546.9
286259,OA-ASM1,4546.9
33462,Mi1,4547.8
287884,OA-VPM3,4548.0
10175,OA-VUMa6,4548.200000000001
10226,OA-AL2i3,4548.500000000001
11608,OA-VUMa2,4548.6
10072,OA-AL2i1,4548.900000000001
33907,Mi1,4549.1
10080,OA-VUMa3,4549.3
35498,Mi1,4549.5
10677,OA-AL2i4,4549.8
11005,OA-VUMa4,4549.8
10110,OA-VUMa1,4550.1
11264,OA-ASM1,4550.1
10187,OA-VPM3,4550.3
36252,Mi1,4550.5
10168,OA-VUMa6,4550.7
10687,OA-AL2i3,4550.7
12688,OA-ASM1,4551.099999999999
12109,OA-VUMa2,4552.299999999999
10041,OA-VUMa1,4552.700000000001
10120,OA-VPM4,4552.700000000001
35405,Mi1,4552.8
10799,OA-VUMa4,4553.0
10185,OA-VUMa8,4553.1
10322,OA-AL2i2,4553.4
10658,OA-AL2i3,4555.400000000001
10652,OA-AL2i4,4555.5
10825,OA-AL2i3,4555.8
10269,OA-AL2i2,4556.4
12896,OA-VUMa5,4557.2
53065,Mi1,4557.5
10011,OA-AL2i1,4557.700000000001
10072,OA-AL2i1,4558.0
10555,OA-VUMa3,4558.1
11602,OA-ASM1,4558.5
10265,OA-AL2i2,4558.6
11921,OA-VPM4,4558.8
10204,OA-AL2i2,4559.099999999999
10175,OA-VUMa6,4559.200000000001
287884,OA-VPM3,4559.5
10226,OA-AL2i3,4559.9
11608,OA-VUMa2,4560.1
34849,Mi1,4560.1
10110,OA-VUMa1,4560.700000000001
286259,OA-ASM1,4560.8
34057,Mi1,4561.1
10187,OA-VPM3,4562.3
10080,OA-VUMa3,4562.5
11005,OA-VUMa4,4562.6
10687,OA-AL2i3,4562.8
12109,OA-VUMa2,4563.000000000001
10168,OA-VUMa6,4563.3
11264,OA-ASM1,4563.400000000001
10677,OA-AL2i4,4563.5
10041,OA-VUMa1,4563.8
51122,Mi1,4564.0
36252,Mi1,4564.3
33462,Mi1,4564.6
10120,OA-VPM4,4564.7
12688,OA-ASM1,4564.900000000001
10185,OA-VUMa8,4565.400000000001
10799,OA-VUMa4,4565.8
10322,OA-AL2i2,4566.3
10658,OA-AL2i3,4566.8
35405,Mi1,4566.8
10072,OA-AL2i1,4568.0
12896,OA-VUMa5,4568.299999999999
10825,OA-AL2i3,4568.400000000001
10652,OA-AL2i4,4568.700000000001
10011,OA-AL2i1,4569.200000000001
33907,Mi1,4569.3
35498,Mi1,4569.4
10269,OA-AL2i2,4569.500000000001
10175,OA-VUMa6,4570.6
10226,OA-AL2i3,4571.000000000001
10555,OA-VUMa3,4571.1
287884,OA-VPM3,4571.2
53065,Mi1,4571.5
10110,OA-VUMa1,4571.7
11602,OA-ASM1,4571.7
10265,OA-AL2i2,4571.8
11608,OA-VUMa2,4572.0
10204,OA-AL2i2,4573.0
10187,OA-VPM3,4573.700000000001
12109,OA-VUMa2,4574.0
34849,Mi1,4574.1
11921,OA-VPM4,4574.3
34057,Mi1,4574.4
10041,OA-VUMa1,4574.5
11005,OA-VUMa4,4574.7
286259,OA-ASM1,4574.900000000001
10687,OA-AL2i3,4575.099999999999
10168,OA-VUMa6,4575.8
10080,OA-VUMa3,4576.1
11264,OA-ASM1,4576.700000000001
10120,OA-VPM4,4576.900000000001
10072,OA-AL2i1,4577.6
12688,OA-ASM1,4577.7
10185,OA-VUMa8,4577.8
71052,T2a,4577.900000000001
10322,OA-AL2i2,4578.0
10677,OA-AL2i4,4578.1
10658,OA-AL2i3,4578.2
36252,Mi1,4578.8
532850,Tm3,4579.000000000001
12896,OA-VUMa5,4579.000000000001
10799,OA-VUMa4,4579.6
10011,OA-AL2i1,4580.3
35405,Mi1,4580.4
10825,OA-AL2i3,4580.900000000001
10652,OA-AL2i4,4581.599999999999
10269,OA-AL2i2,4581.700000000001
10175,OA-VUMa6,4582.1
10110,OA-VUMa1,4582.7
11608,OA-VUMa2,4582.900000000001
287884,OA-VPM3,4582.900000000001
10226,OA-AL2i3,4583.099999999999
51122,Mi1,4583.099999999999
10265,OA-AL2i2,4583.6
33462,Mi1,4584.1
10555,OA-VUMa3,4584.900000000001
12109,OA-VUMa2,4585.0
11602,OA-ASM1,4585.200000000001
10041,OA-VUMa1,4585.7
10204,OA-AL2i2,4585.900000000001
11005,OA-VUMa4,4586.1
53065,Mi1,4586.5
10187,OA-VPM3,4586.8
10687,OA-AL2i3,4587.3
10072,OA-AL2i1,4587.400000000001
33907,Mi1,4587.400000000001
35498,Mi1,4587.900000000001
10120,OA-VPM4,4588.099999999999
10168,OA-VUMa6,4588.099999999999
34849,Mi1,4588.099999999999
11921,OA-VPM4,4588.3
286259,OA-ASM1,4588.8
10658,OA-AL2i3,4589.400000000001
10322,OA-AL2i2,4589.700000000001
10080,OA-VUMa3,4589.700000000001
10185,OA-VUMa8,4589.9
12896,OA-VUMa5,4590.0
11264,OA-ASM1,4590.2
12688,OA-ASM1,4590.5
34057,Mi1,4591.099999999999
10677,OA-AL2i4,4591.4
10011,OA-AL2i1,4591.6
10825,OA-AL2i3,4592.5
10175,OA-VUMa6,4593.1
10799,OA-VUMa4,4593.3
10110,OA-VUMa1,4593.4
36252,Mi1,4593.4
11608,OA-VUMa2,4594.1
92114,T4c,4594.1
10269,OA-AL2i2,4594.2
10652,OA-AL2i4,4594.599999999999
35405,Mi1,4594.9
10226,OA-AL2i3,4595.2
10265,OA-AL2i2,4595.3
287884,OA-VPM3,4595.6
10041,OA-VUMa1,4596.4
12109,OA-VUMa2,4596.6
11005,OA-VUMa4,4597.599999999999
10555,OA-VUMa3,4597.9
11602,OA-ASM1,4598.3
10187,OA-VPM3,4599.099999999999
10687,OA-AL2i3,4599.200000000001
10204,OA-AL2i2,4599.4
51122,Mi1,4599.4
10072,OA-AL2i1,4599.5
10168,OA-VUMa6,4600.1
10120,OA-VPM4,4600.2
33462,Mi1,4600.900000000001
12896,OA-VUMa5,4601.3
10322,OA-AL2i2,4601.3
10658,OA-AL2i3,4601.900000000001
53065,Mi1,4602.0
10185,OA-VUMa8,4602.3
11921,OA-VPM4,4602.400000000001
33907,Mi1,4602.400000000001
286259,OA-ASM1,4602.5
10011,OA-AL2i1,4602.700000000001
12688,OA-ASM1,4602.700000000001
34849,Mi1,4603.000000000001
10080,OA-VUMa3,4603.2
11264,OA-ASM1,4603.5
10110,OA-VUMa1,4603.7
10677,OA-AL2i4,4604.4
10175,OA-VUMa6,4604.7
10825,OA-AL2i3,4605.1
35498,Mi1,4605.2
11608,OA-VUMa2,4605.8
10269,OA-AL2i2,4605.9
34057,Mi1,4605.9
10652,OA-AL2i4,4606.7
10226,OA-AL2i3,4606.900000000001
10041,OA-VUMa1,4607.0
10265,OA-AL2i2,4607.9
12109,OA-VUMa2,4608.1
10799,OA-VUMa4,4608.2
287884,OA-VPM3,4608.5
36252,Mi1,4608.6
11005,OA-VUMa4,4609.0
35405,Mi1,4609.0
10072,OA-AL2i1,4609.3
10687,OA-AL2i3,4611.2
10555,OA-VUMa3,4611.5
10168,OA-VUMa6,4611.7
10204,OA-AL2i2,4612.099999999999
10187,OA-VPM3,4612.200000000001
10120,OA-VPM4,4612.3
11602,OA-ASM1,4612.5
12896,OA-VUMa5,4612.9
10322,OA-AL2i2,4613.2
10658,OA-AL2i3,4613.9
10011,OA-AL2i1,4614.1
10185,OA-VUMa8,4614.2
51122,Mi1,4614.5
12688,OA-ASM1,4614.900000000001
10110,OA-VUMa1,4615.099999999999
10080,OA-VUMa3,4615.5
10175,OA-VUMa6,4616.0
11264,OA-ASM1,4616.3
286259,OA-ASM1,4616.400000000001
11921,OA-VPM4,4616.5
11608,OA-VUMa2,4617.0
10269,OA-AL2i2,4617.4
10677,OA-AL2i4,4617.500000000001
53065,Mi1,4617.6
10041,OA-VUMa1,4617.7
10825,OA-AL2i3,4617.900000000001
33462,Mi1,4618.1
34849,Mi1,4618.599999999999
33907,Mi1,4618.9
10226,OA-AL2i3,4618.9
12109,OA-VUMa2,4619.3
10652,OA-AL2i4,4619.7
34057,Mi1,4620.5
10265,OA-AL2i2,4620.9
11005,OA-VUMa4,4621.0
10799,OA-VUMa4,4621.5
10072,OA-AL2i1,4621.599999999999
35498,Mi1,4622.2
10687,OA-AL2i3,4622.5
287884,OA-VPM3,4622.5
10168,OA-VUMa6,4622.799999999999
35405,Mi1,4623.6
36252,Mi1,4623.6
12896,OA-VUMa5,4623.7
10204,OA-AL2i2,4624.5
10555,OA-VUMa3,4624.8
10322,OA-AL2i2,4625.3
10011,OA-AL2i1,4625.3
10187,OA-VPM3,4625.3
11602,OA-ASM1,4625.7
10658,OA-AL2i3,4625.900000000001
10110,OA-VUMa1,4626.2
10120,OA-VPM4,4626.2
10185,OA-VUMa8,4627.1
11608,OA-VUMa2,4627.5
10175,OA-VUMa6,4627.5
10080,OA-VUMa3,4627.8
12688,OA-ASM1,4628.099999999999
10041,OA-VUMa1,4628.6
10825,OA-AL2i3,4628.7
10269,OA-AL2i2,4629.9
11921,OA-VPM4,4630.0
10677,OA-AL2i4,4630.1
51122,Mi1,4630.2
10226,OA-AL2i3,4630.3
11264,OA-ASM1,4630.5
286259,OA-ASM1,4630.5
12109,OA-VUMa2,4631.200000000001
11005,OA-VUMa4,4632.1
10652,OA-AL2i4,4632.5
53065,Mi1,4632.900000000001
118924,Tm3,4633.6
10072,OA-AL2i1,4633.7
33462,Mi1,4633.8
34849,Mi1,4633.900000000001
10687,OA-AL2i3,4634.400000000001
10168,OA-VUMa6,4634.5
10799,OA-VUMa4,4634.5
10265,OA-AL2i2,4634.599999999999
33907,Mi1,4634.8
287884,OA-VPM3,4634.9
12896,OA-VUMa5,4635.1
34057,Mi1,4635.2
10110,OA-VUMa1,4636.6
35498,Mi1,4636.8
10011,OA-AL2i1,4637.2
36252,Mi1,4637.400000000001
10322,OA-AL2i2,4637.599999999999
10204,OA-AL2i2,4637.700000000001
10187,OA-VPM3,4637.8
10658,OA-AL2i3,4637.9
35405,Mi1,4638.5
10555,OA-VUMa3,4638.7
11602,OA-ASM1,4638.7
11608,OA-VUMa2,4639.400000000001
10120,OA-VPM4,4639.5
10175,OA-VUMa6,4639.5
10041,OA-VUMa1,4640.2
73828,Tm3,4640.3
10185,OA-VUMa8,4640.400000000001
10825,OA-AL2i3,4640.400000000001
71052,T2a,4640.8
99922,T4c,4641.099999999999
10080,OA-VUMa3,4641.8
12688,OA-ASM1,4641.8
10269,OA-AL2i2,4642.2
10226,OA-AL2i3,4642.9
12109,OA-VUMa2,4643.0
10677,OA-AL2i4,4643.400000000001
11264,OA-ASM1,4643.7
11005,OA-VUMa4,4643.900000000001
51122,Mi1,4644.200000000001
11921,OA-VPM4,4644.4
286259,OA-ASM1,4645.0
10168,OA-VUMa6,4645.1
10652,OA-AL2i4,4645.700000000001
12896,OA-VUMa5,4645.8
10072,OA-AL2i1,4646.0
10687,OA-AL2i3,4646.0
53065,Mi1,4646.0
10265,OA-AL2i2,4646.6
10110,OA-VUMa1,4647.6
10799,OA-VUMa4,4647.6
287884,OA-VPM3,4647.700000000001
34849,Mi1,4648.6
10322,OA-AL2i2,4648.900000000001
10011,OA-AL2i1,4649.0
34057,Mi1,4649.200000000001
33907,Mi1,4649.500000000001
10658,OA-AL2i3,4649.6
11608,OA-VUMa2,4650.599999999999
33462,Mi1,4650.9
10187,OA-VPM3,4651.1
11602,OA-ASM1,4651.2
35498,Mi1,4651.5
36252,Mi1,4651.6
10204,OA-AL2i2,4651.900000000001
10041,OA-VUMa1,4652.0
103479,T4c,4652.099999999999
10175,OA-VUMa6,4652.200000000001
10555,OA-VUMa3,4652.3
10825,OA-AL2i3,4652.4
10120,OA-VPM4,4652.4
35405,Mi1,4653.0
10226,OA-AL2i3,4653.9
10080,OA-VUMa3,4654.2
10185,OA-VUMa8,4654.5
10269,OA-AL2i2,4654.6
12109,OA-VUMa2,4655.0
11005,OA-VUMa4,4655.3
10072,OA-AL2i1,4655.6
12688,OA-ASM1,4655.700000000001
99663,T4c,4656.5
10677,OA-AL2i4,4656.6
10168,OA-VUMa6,4656.8
11264,OA-ASM1,4657.500000000001
12896,OA-VUMa5,4657.500000000001
51122,Mi1,4658.1
10687,OA-AL2i3,4658.5
286259,OA-ASM1,4658.599999999999
10265,OA-AL2i2,4658.599999999999
10110,OA-VUMa1,4658.700000000001
11921,OA-VPM4,4658.700000000001
10652,OA-AL2i4,4658.9
10799,OA-VUMa4,4659.400000000001
53065,Mi1,4660.7
10011,OA-AL2i1,4660.9
10322,OA-AL2i2,4661.3
287884,OA-VPM3,4661.599999999999
10658,OA-AL2i3,4661.700000000001
11608,OA-VUMa2,4661.700000000001
34849,Mi1,4662.5
10187,OA-VPM3,4663.2
10041,OA-VUMa1,4663.400000000001
34057,Mi1,4663.5
33907,Mi1,4664.1
10204,OA-AL2i2,4664.3
10555,OA-VUMa3,4664.900000000001
10120,OA-VPM4,4665.0
10825,OA-AL2i3,4665.0
33462,Mi1,4665.0
10175,OA-VUMa6,4665.3
11602,OA-ASM1,4665.500000000001
35498,Mi1,4665.500000000001
10226,OA-AL2i3,4665.6
10080,OA-VUMa3,4666.5
11005,OA-VUMa4,4666.5
10185,OA-VUMa8,4666.700000000001
36252,Mi1,4666.8
10269,OA-AL2i2,4666.9
12109,OA-VUMa2,4666.9
92114,T4c,4667.2
35405,Mi1,4667.5
10072,OA-AL2i1,4667.7
12688,OA-ASM1,4668.3
12896,OA-VUMa5,4668.3
10168,OA-VUMa6,4668.6
10677,OA-AL2i4,4669.5
10110,OA-VUMa1,4669.9
10265,OA-AL2i2,4670.4
10687,OA-AL2i3,4670.5
11264,OA-ASM1,4671.0
10011,OA-AL2i1,4671.8
10652,OA-AL2i4,4672.000000000001
10799,OA-VUMa4,4672.1
11921,OA-VPM4,4672.1
11608,OA-VUMa2,4672.3
286259,OA-ASM1,4672.400000000001
51122,Mi1,4672.5
10322,OA-AL2i2,4672.8
10041,OA-VUMa1,4673.7
10658,OA-AL2i3,4674.400000000001
53065,Mi1,4674.400000000001
287884,OA-VPM3,4674.5
34849,Mi1,4675.0
10187,OA-VPM3,4676.4
10120,OA-VPM4,4677.2
10175,OA-VUMa6,4677.2
10226,OA-AL2i3,4677.5
10204,OA-AL2i2,4677.599999999999
10555,OA-VUMa3,4677.9
12109,OA-VUMa2,4678.0
34057,Mi1,4678.4
10825,OA-AL2i3,4678.7
10269,OA-AL2i2,4679.0
10185,OA-VUMa8,4679.1
33907,Mi1,4679.400000000001
11005,OA-VUMa4,4679.5
10080,OA-VUMa3,4679.700000000001
10110,OA-VUMa1,4679.700000000001
11602,OA-ASM1,4679.8
33462,Mi1,4679.8
35498,Mi1,4680.1
10072,OA-AL2i1,4680.5
12896,OA-VUMa5,4680.6
12688,OA-ASM1,4681.099999999999
10168,OA-VUMa6,4681.200000000001
36252,Mi1,4681.3
35405,Mi1,4682.0
10265,OA-AL2i2,4682.3
10687,OA-AL2i3,4682.3
10677,OA-AL2i4,4682.700000000001
11608,OA-VUMa2,4683.5
10011,OA-AL2i1,4684.0
11264,OA-ASM1,4684.200000000001
10041,OA-VUMa1,4684.8
10322,OA-AL2i2,4684.9
10652,OA-AL2i4,4685.400000000001
286259,OA-ASM1,4685.8
10799,OA-VUMa4,4685.9
10658,OA-AL2i3,4686.3
51122,Mi1,4686.7
11921,OA-VPM4,4687.3
287884,OA-VPM3,4687.9
10226,OA-AL2i3,4689.0
34849,Mi1,4689.099999999999
10175,OA-VUMa6,4689.4
53065,Mi1,4689.4
10120,OA-VPM4,4690.1
12109,OA-VUMa2,4690.3
10187,OA-VPM3,4690.400000000001
10110,OA-VUMa1,4690.8
10204,OA-AL2i2,4691.2
10825,OA-AL2i3,4691.5
10185,OA-VUMa8,4691.5
10555,OA-VUMa3,4691.6
12896,OA-VUMa5,4691.6
11005,OA-VUMa4,4691.8
10269,OA-AL2i2,4692.099999999999
11602,OA-ASM1,4692.3
34057,Mi1,4693.299999999999
10072,OA-AL2i1,4693.400000000001
10080,OA-VUMa3,4693.599999999999
33462,Mi1,4693.700000000001
10168,OA-VUMa6,4694.0
35498,Mi1,4694.1
10687,OA-AL2i3,4694.500000000001
33907,Mi1,4694.6
12688,OA-ASM1,4694.8
11608,OA-VUMa2,4694.900000000001
10677,OA-AL2i4,4695.2
10265,OA-AL2i2,4695.2
10011,OA-AL2i1,4695.5
10041,OA-VUMa1,4695.6
36252,Mi1,4696.3
71052,T2a,4696.400000000001
11264,OA-ASM1,4696.5
35405,Mi1,4696.7
10322,OA-AL2i2,4697.0
10652,OA-AL2i4,4698.0
10658,OA-AL2i3,4698.2
99922,T4c,4699.0
286259,OA-ASM1,4699.1
10799,OA-VUMa4,4699.5
10226,OA-AL2i3,4700.200000000001
10175,OA-VUMa6,4700.7
287884,OA-VPM3,4700.9
12109,OA-VUMa2,4701.0
11921,OA-VPM4,4701.299999999999
10110,OA-VUMa1,4701.8
51122,Mi1,4702.3
79345,T2a,4702.4
10120,OA-VPM4,4703.3
34849,Mi1,4703.5
53065,Mi1,4703.5
11005,OA-VUMa4,4703.6
12896,OA-VUMa5,4703.6
10185,OA-VUMa8,4703.700000000001
10187,OA-VPM3,4703.700000000001
10825,OA-AL2i3,4704.3
10269,OA-AL2i2,4704.400000000001
10204,OA-AL2i2,4704.5
11602,OA-ASM1,4705.200000000001
10168,OA-VUMa6,4705.8
10041,OA-VUMa1,4705.900000000001
10555,OA-VUMa3,4706.1
10072,OA-AL2i1,4706.1
118924,Tm3,4706.5
11608,OA-VUMa2,4706.9
10011,OA-AL2i1,4707.3
10687,OA-AL2i3,4707.4
35498,Mi1,4707.7
10265,OA-AL2i2,4707.900000000001
10080,OA-VUMa3,4708.3
12688,OA-ASM1,4708.3
10677,OA-AL2i4,4708.4
34057,Mi1,4708.6
33907,Mi1,4708.7
33462,Mi1,4709.2
10658,OA-AL2i3,4709.299999999999
10322,OA-AL2i2,4709.400000000001
11264,OA-ASM1,4710.0
35405,Mi1,4710.4
10652,OA-AL2i4,4710.900000000001
36252,Mi1,4711.0
10175,OA-VUMa6,4711.700000000001
10226,OA-AL2i3,4711.8
12109,OA-VUMa2,4712.3
286259,OA-ASM1,4712.3
10799,OA-VUMa4,4712.400000000001
10110,OA-VUMa1,4712.7
287884,OA-VPM3,4714.3
10120,OA-VPM4,4714.599999999999
11921,OA-VPM4,4714.599999999999
12896,OA-VUMa5,4714.599999999999
10185,OA-VUMa8,4715.3
10072,OA-AL2i1,4715.4
10187,OA-VPM3,4715.4
10041,OA-VUMa1,4716.5
11005,OA-VUMa4,4716.7
10825,OA-AL2i3,4716.7
34849,Mi1,4716.8
51122,Mi1,4716.8
10168,OA-VUMa6,4717.1
10269,OA-AL2i2,4717.5
11608,OA-VUMa2,4717.8
10011,OA-AL2i1,4717.900000000001
11602,OA-ASM1,4718.200000000001
10555,OA-VUMa3,4718.500000000001
10204,OA-AL2i2,4718.7
53065,Mi1,4719.1
10687,OA-AL2i3,4719.700000000001
10265,OA-AL2i2,4720.1
10080,OA-VUMa3,4720.8
10658,OA-AL2i3,4721.200000000001
10677,OA-AL2i4,4721.4
10322,OA-AL2i2,4721.4
12688,OA-ASM1,4721.900000000001
35498,Mi1,4722.2
92114,T4c,4722.5
10175,OA-VUMa6,4722.599999999999
11264,OA-ASM1,4722.599999999999
10110,OA-VUMa1,4723.0
10226,OA-AL2i3,4723.4
12109,OA-VUMa2,4723.4
33462,Mi1,4724.0
33907,Mi1,4724.0
35405,Mi1,4724.200000000001
10072,OA-AL2i1,4724.6
34057,Mi1,4724.7
10799,OA-VUMa4,4724.7
10652,OA-AL2i4,4724.8
36252,Mi1,4726.0
12896,OA-VUMa5,4726.0
286259,OA-ASM1,4726.500000000001
10120,OA-VPM4,4727.5
10041,OA-VUMa1,4727.599999999999
287884,OA-VPM3,4727.9
11005,OA-VUMa4,4728.7
10168,OA-VUMa6,4728.8
10185,OA-VUMa8,4728.8
10825,OA-AL2i3,4729.0
10269,OA-AL2i2,4729.200000000001
11921,OA-VPM4,4729.200000000001
10187,OA-VPM3,4729.4
11608,OA-VUMa2,4729.5
10011,OA-AL2i1,4729.6
34849,Mi1,4730.599999999999
51122,Mi1,4730.599999999999
11602,OA-ASM1,4731.0
10687,OA-AL2i3,4732.0
10555,OA-VUMa3,4732.099999999999
10204,OA-AL2i2,4732.099999999999
10658,OA-AL2i3,4732.5
10322,OA-AL2i2,4733.0
10110,OA-VUMa1,4733.1
10080,OA-VUMa3,4733.400000000001
53065,Mi1,4733.5
10265,OA-AL2i2,4733.6
10226,OA-AL2i3,4733.8
10072,OA-AL2i1,4734.0
10175,OA-VUMa6,4734.0
12688,OA-ASM1,4734.6
12109,OA-VUMa2,4734.8
10677,OA-AL2i4,4735.0
11264,OA-ASM1,4735.5
10652,OA-AL2i4,4736.6
12896,OA-VUMa5,4737.200000000001
10799,OA-VUMa4,4737.7
35405,Mi1,4737.900000000001
10041,OA-VUMa1,4738.599999999999
35498,Mi1,4738.700000000001
33907,Mi1,4738.9
33462,Mi1,4739.4
287884,OA-VPM3,4739.799999999999
34057,Mi1,4739.900000000001
10168,OA-VUMa6,4740.3
10120,OA-VPM4,4740.5
11005,OA-VUMa4,4740.6
10011,OA-AL2i1,4741.1
11608,OA-VUMa2,4741.3
286259,OA-ASM1,4741.400000000001
10825,OA-AL2i3,4741.5
10185,OA-VUMa8,4742.0
10269,OA-AL2i2,4742.0
36252,Mi1,4742.1
10187,OA-VPM3,4742.500000000001
10072,OA-AL2i1,4743.5
11602,OA-ASM1,4743.599999999999
11921,OA-VPM4,4743.599999999999
10658,OA-AL2i3,4743.8
10110,OA-VUMa1,4744.2
10687,OA-AL2i3,4744.2
10322,OA-AL2i2,4744.900000000001
34849,Mi1,4744.900000000001
10555,OA-VUMa3,4745.0
10175,OA-VUMa6,4745.0
10204,OA-AL2i2,4745.3
10080,OA-VUMa3,4746.0
10226,OA-AL2i3,4746.1
12109,OA-VUMa2,4746.5
51122,Mi1,4746.599999999999
11264,OA-ASM1,4747.6
10265,OA-AL2i2,4747.799999999999
10677,OA-AL2i4,4747.900000000001
12896,OA-VUMa5,4748.4
12688,OA-ASM1,4748.8
10041,OA-VUMa1,4749.1
10652,OA-AL2i4,4749.5
53065,Mi1,4749.5
10799,OA-VUMa4,4750.7
10168,OA-VUMa6,4751.2
11005,OA-VUMa4,4752.1
287884,OA-VPM3,4752.2
11608,OA-VUMa2,4752.5
10120,OA-VPM4,4752.8
71052,T2a,4752.8
33907,Mi1,4753.0
35405,Mi1,4753.200000000001
10072,OA-AL2i1,4753.4
10011,OA-AL2i1,4753.6
10185,OA-VUMa8,4753.8
33462,Mi1,4753.9
34057,Mi1,4754.1
35498,Mi1,4754.1
10825,OA-AL2i3,4754.2
10110,OA-VUMa1,4754.400000000001
10269,OA-AL2i2,4754.8
10187,OA-VPM3,4755.3
10687,OA-AL2i3,4755.5
286259,OA-ASM1,4755.5
10658,OA-AL2i3,4755.6
10175,OA-VUMa6,4755.7
11602,OA-ASM1,4756.0
36252,Mi1,4756.6
11921,OA-VPM4,4756.8
10322,OA-AL2i2,4757.2
10226,OA-AL2i3,4757.5
10555,OA-VUMa3,4757.900000000001
10204,OA-AL2i2,4758.3
12109,OA-VUMa2,4758.3
34849,Mi1,4758.6
10041,OA-VUMa1,4759.0
10265,OA-AL2i2,4759.400000000001
10080,OA-VUMa3,4759.5
83365,T2a,4759.9
12896,OA-VUMa5,4760.2
10677,OA-AL2i4,4760.3
11264,OA-ASM1,4760.400000000001
12688,OA-ASM1,4760.8
51122,Mi1,4761.200000000001
10652,OA-AL2i4,4762.0
10168,OA-VUMa6,4763.1
53065,Mi1,4763.6
10799,OA-VUMa4,4764.3
11608,OA-VUMa2,4764.400000000001
11005,OA-VUMa4,4764.6
10072,OA-AL2i1,4764.9
10110,OA-VUMa1,4765.1
10120,OA-VPM4,4765.6
287884,OA-VPM3,4765.7
10011,OA-AL2i1,4765.900000000001
10185,OA-VUMa8,4766.500000000001
35405,Mi1,4766.8
10825,OA-AL2i3,4766.900000000001
33907,Mi1,4767.2
10658,OA-AL2i3,4767.400000000001
10687,OA-AL2i3,4767.400000000001
10269,OA-AL2i2,4767.5
34057,Mi1,4767.700000000001
10175,OA-VUMa6,4767.8
33462,Mi1,4767.9
10187,OA-VPM3,4768.0
35498,Mi1,4768.8
10322,OA-AL2i2,4768.8
11602,OA-ASM1,4769.200000000001
12109,OA-VUMa2,4769.200000000001
286259,OA-ASM1,4769.3
10041,OA-VUMa1,4769.5
10226,OA-AL2i3,4769.5
36252,Mi1,4770.2
10204,OA-AL2i2,4770.599999999999
12896,OA-VUMa5,4771.0
11921,OA-VPM4,4771.2
10555,OA-VUMa3,4771.4
10080,OA-VUMa3,4771.900000000001
76325,T2a,4771.900000000001
10265,OA-AL2i2,4772.9
34849,Mi1,4773.1
99922,T4c,4773.1
10677,OA-AL2i4,4773.400000000001
12688,OA-ASM1,4773.8
10168,OA-VUMa6,4773.900000000001
11264,OA-ASM1,4774.0
10652,OA-AL2i4,4774.4
10110,OA-VUMa1,4775.2
11608,OA-VUMa2,4775.5
99423,T4d,4776.0
51122,Mi1,4776.1
11005,OA-VUMa4,4776.400000000001
10072,OA-AL2i1,4777.7
10120,OA-VPM4,4777.8
92114,T4c,4777.8
10799,OA-VUMa4,4778.3
53065,Mi1,4778.599999999999
10185,OA-VUMa8,4778.700000000001
287884,OA-VPM3,4779.0
10658,OA-AL2i3,4779.1
10175,OA-VUMa6,4779.5
10269,OA-AL2i2,4779.5
10825,OA-AL2i3,4780.1
10011,OA-AL2i1,4780.200000000001
12109,OA-VUMa2,4780.200000000001
10041,OA-VUMa1,4780.400000000001
10687,OA-AL2i3,4780.5
35405,Mi1,4780.6
10226,OA-AL2i3,4780.8
10187,OA-VPM3,4781.000000000001
10322,OA-AL2i2,4781.2
286259,OA-ASM1,4781.900000000001
33907,Mi1,4782.3
33462,Mi1,4782.8
11602,OA-ASM1,4782.900000000001
12896,OA-VUMa5,4783.400000000001
34057,Mi1,4783.8
11921,OA-VPM4,4784.0
10204,OA-AL2i2,4784.3
10555,OA-VUMa3,4784.3
36252,Mi1,4784.5
35498,Mi1,4784.7
10677,OA-AL2i4,4785.0
10080,OA-VUMa3,4785.3
10265,OA-AL2i2,4785.7
10168,OA-VUMa6,4785.9
10110,OA-VUMa1,4786.2
11264,OA-ASM1,4786.400000000001
10652,OA-AL2i4,4787.0
12688,OA-ASM1,4787.1
11608,OA-VUMa2,4787.4
34849,Mi1,4787.900000000001
11005,OA-VUMa4,4788.0
10120,OA-VPM4,4789.2
10072,OA-AL2i1,4789.8
10799,OA-VUMa4,4790.4
51122,Mi1,4790.6
10658,OA-AL2i3,4791.1
99663,T4c,4791.400000000001
10011,OA-AL2i1,4791.599999999999
10041,OA-VUMa1,4791.599999999999
10185,OA-VUMa8,4791.700000000001
10322,OA-AL2i2,4791.9
10175,OA-VUMa6,4792.1
10825,OA-AL2i3,4792.1
12109,OA-VUMa2,4792.400000000001
287884,OA-VPM3,4792.400000000001
53065,Mi1,4792.5
10187,OA-VPM3,4793.0
10269,OA-AL2i2,4793.200000000001
10687,OA-AL2i3,4793.3
10226,OA-AL2i3,4793.7
11602,OA-ASM1,4795.0
12896,OA-VUMa5,4795.3
35405,Mi1,4795.4
286259,OA-ASM1,4795.5
118924,Tm3,4795.6
33907,Mi1,4795.7
10110,OA-VUMa1,4796.9
33462,Mi1,4797.2
10204,OA-AL2i2,4797.2
10677,OA-AL2i4,4797.900000000001
10168,OA-VUMa6,4798.0
10555,OA-VUMa3,4798.0
11921,OA-VPM4,4798.0
10265,OA-AL2i2,4798.099999999999
10080,OA-VUMa3,4798.500000000001
11608,OA-VUMa2,4798.6
11005,OA-VUMa4,4799.0
34057,Mi1,4799.5
11264,OA-ASM1,4799.700000000001
36252,Mi1,4799.9
10652,OA-AL2i4,4800.0
12688,OA-ASM1,4800.0
35498,Mi1,4800.400000000001
34849,Mi1,4801.0
10072,OA-AL2i1,4801.9
10120,OA-VPM4,4802.299999999999
10041,OA-VUMa1,4802.5
10011,OA-AL2i1,4803.0
10658,OA-AL2i3,4803.6
10825,OA-AL2i3,4803.6
10185,OA-VUMa8,4803.7
10799,OA-VUMa4,4804.0
12109,OA-VUMa2,4804.1
10175,OA-VUMa6,4804.400000000001
10322,OA-AL2i2,4804.8
10226,OA-AL2i3,4805.000000000001
51122,Mi1,4805.2
10269,OA-AL2i2,4806.099999999999
10687,OA-AL2i3,4806.099999999999
287884,OA-VPM3,4806.099999999999
53065,Mi1,4806.200000000001
532850,Tm3,4806.4
10187,OA-VPM3,4806.8
12896,OA-VUMa5,4807.0
11602,OA-ASM1,4807.700000000001
10110,OA-VUMa1,4807.9
73828,Tm3,4809.099999999999
71052,T2a,4809.200000000001
10168,OA-VUMa6,4809.3
286259,OA-ASM1,4809.4
10677,OA-AL2i4,4810.2
11608,OA-VUMa2,4810.5
10204,OA-AL2i2,4810.700000000001
10265,OA-AL2i2,4810.8
11005,OA-VUMa4,4811.1
33462,Mi1,4811.2
33907,Mi1,4811.2
10555,OA-VUMa3,4811.4
35405,Mi1,4811.4
11921,OA-VPM4,4811.6
10072,OA-AL2i1,4812.2
10080,OA-VUMa3,4812.2
103479,T4c,4812.400000000001
10652,OA-AL2i4,4812.8
11264,OA-ASM1,4812.9
10041,OA-VUMa1,4813.1
12688,OA-ASM1,4813.1
34057,Mi1,4813.5
35498,Mi1,4814.200000000001
10120,OA-VPM4,4814.200000000001
36252,Mi1,4814.3
10011,OA-AL2i1,4814.7
34849,Mi1,4814.7
10825,OA-AL2i3,4815.700000000001
12109,OA-VUMa2,4815.700000000001
10658,OA-AL2i3,4815.8
10185,OA-VUMa8,4816.0
10175,OA-VUMa6,4816.900000000001
10322,OA-AL2i2,4816.900000000001
10799,OA-VUMa4,4817.5
10226,OA-AL2i3,4817.7
10687,OA-AL2i3,4817.7
92114,T4c,4817.7
12896,OA-VUMa5,4817.9
10269,OA-AL2i2,4818.400000000001
287884,OA-VPM3,4818.5
10110,OA-VUMa1,4819.2
53065,Mi1,4820.0
51122,Mi1,4820.3
10187,OA-VPM3,4820.6
11602,OA-ASM1,4820.6
106952,T4b,4821.000000000001
11608,OA-VUMa2,4821.6
11005,OA-VUMa4,4822.0
10168,OA-VUMa6,4822.099999999999
10677,OA-AL2i4,4822.6
286259,OA-ASM1,4822.900000000001
10041,OA-VUMa1,4823.599999999999
10072,OA-AL2i1,4824.0
10265,OA-AL2i2,4824.0
10204,OA-AL2i2,4824.2
10555,OA-VUMa3,4824.2
10080,OA-VUMa3,4824.8
11921,OA-VPM4,4825.200000000001
33907,Mi1,4825.6
12688,OA-ASM1,4825.9
10652,OA-AL2i4,4826.0
11264,OA-ASM1,4826.0
33462,Mi1,4826.0
35405,Mi1,4826.0
10120,OA-VPM4,4826.1
10011,OA-AL2i1,4826.400000000001
36252,Mi1,4826.8
12109,OA-VUMa2,4827.7
10658,OA-AL2i3,4828.0
10322,OA-AL2i2,4828.1
10185,OA-VUMa8,4828.400000000001
10825,OA-AL2i3,4828.400000000001
34057,Mi1,4828.5
10175,OA-VUMa6,4828.6
35498,Mi1,4828.8
12896,OA-VUMa5,4828.9
34849,Mi1,4829.5
10226,OA-AL2i3,4830.200000000001
10687,OA-AL2i3,4830.4
287884,OA-VPM3,4830.8
10110,OA-VUMa1,4831.3
10269,OA-AL2i2,4831.599999999999
10799,OA-VUMa4,4831.599999999999
11608,OA-VUMa2,4832.4
11005,OA-VUMa4,4833.099999999999
11602,OA-ASM1,4833.4
51122,Mi1,4833.7
10041,OA-VUMa1,4833.9
10072,OA-AL2i1,4833.9
10187,OA-VPM3,4834.0
10168,OA-VUMa6,4834.1
53065,Mi1,4834.299999999999
10677,OA-AL2i4,4834.599999999999
99922,T4c,4836.400000000001
286259,OA-ASM1,4836.700000000001
10555,OA-VUMa3,4837.000000000001
10011,OA-AL2i1,4837.1
10265,OA-AL2i2,4837.1
12109,OA-VUMa2,4838.200000000001
11921,OA-VPM4,4838.4
10204,OA-AL2i2,4838.6
11264,OA-ASM1,4838.6
10080,OA-VUMa3,4838.900000000001
33907,Mi1,4838.900000000001
10120,OA-VPM4,4839.3
10658,OA-AL2i3,4839.3
10652,OA-AL2i4,4839.5
10185,OA-VUMa8,4840.0
12688,OA-ASM1,4840.0
12896,OA-VUMa5,4840.1
10322,OA-AL2i2,4840.3
33462,Mi1,4840.7
10175,OA-VUMa6,4841.0
10825,OA-AL2i3,4841.7
35405,Mi1,4841.7
36252,Mi1,4841.9
10226,OA-AL2i3,4842.1
10110,OA-VUMa1,4842.5
10687,OA-AL2i3,4842.5
11608,OA-VUMa2,4843.4
34057,Mi1,4843.500000000001
10799,OA-VUMa4,4843.7
35498,Mi1,4844.2
10269,OA-AL2i2,4844.5
34849,Mi1,4844.5
11005,OA-VUMa4,4844.599999999999
10041,OA-VUMa1,4844.9
10072,OA-AL2i1,4845.400000000001
287884,OA-VPM3,4845.400000000001
11602,OA-ASM1,4846.200000000001
10168,OA-VUMa6,4846.3
10677,OA-AL2i4,4846.6
10187,OA-VPM3,4847.700000000001
53065,Mi1,4848.5
51122,Mi1,4849.200000000001
10011,OA-AL2i1,4849.200000000001
10265,OA-AL2i2,4850.1
99663,T4c,4850.1
12109,OA-VUMa2,4850.5
286259,OA-ASM1,4850.8
10555,OA-VUMa3,4850.900000000001
12896,OA-VUMa5,4851.1
10658,OA-AL2i3,4851.1
10185,OA-VUMa8,4851.500000000001
10120,OA-VPM4,4851.900000000001
10080,OA-VUMa3,4852.0
11264,OA-ASM1,4852.1
10204,OA-AL2i2,4852.2
10652,OA-AL2i4,4852.3
10322,OA-AL2i2,4852.599999999999
10110,OA-VUMa1,4852.8
10175,OA-VUMa6,4852.9
33907,Mi1,4852.9
12688,OA-ASM1,4853.000000000001
11921,OA-VPM4,4853.2
10226,OA-AL2i3,4853.6
10825,OA-AL2i3,4853.7
11608,OA-VUMa2,4854.0
118924,Tm3,4854.7
10041,OA-VUMa1,4854.900000000001
10687,OA-AL2i3,4855.700000000001
33462,Mi1,4855.9
10269,OA-AL2i2,4856.3
35405,Mi1,4856.900000000001
10799,OA-VUMa4,4857.5
287884,OA-VPM3,4857.5
11005,OA-VUMa4,4857.6
10168,OA-VUMa6,4857.7
36252,Mi1,4857.9
10072,OA-AL2i1,4858.400000000001
35498,Mi1,4858.400000000001
34057,Mi1,4858.7
34849,Mi1,4859.1
10677,OA-AL2i4,4859.8
11602,OA-ASM1,4860.2
10011,OA-AL2i1,4860.700000000001
10187,OA-VPM3,4860.8
10265,OA-AL2i2,4862.6
12109,OA-VUMa2,4862.6
10658,OA-AL2i3,4862.900000000001
10555,OA-VUMa3,4863.3
10185,OA-VUMa8,4863.3
51122,Mi1,4863.400000000001
10120,OA-VPM4,4863.5
53065,Mi1,4864.0
286259,OA-ASM1,4864.2
10041,OA-VUMa1,4864.799999999999
10110,OA-VUMa1,4864.799999999999
12896,OA-VUMa5,4865.099999999999
11608,OA-VUMa2,4865.200000000001
10322,OA-AL2i2,4865.200000000001
10175,OA-VUMa6,4865.4
10226,OA-AL2i3,4865.5
11264,OA-ASM1,4865.5
10825,OA-AL2i3,4865.7
12688,OA-ASM1,4866.0
10080,OA-VUMa3,4866.1
10204,OA-AL2i2,4866.2
10652,OA-AL2i4,4866.3
33907,Mi1,4868.0
10687,OA-AL2i3,4868.2
11921,OA-VPM4,4868.400000000001
10269,OA-AL2i2,4868.9
10168,OA-VUMa6,4869.3
10072,OA-AL2i1,4869.900000000001
11005,OA-VUMa4,4870.4
287884,OA-VPM3,4870.6
10799,OA-VUMa4,4870.7
33462,Mi1,4870.7
35405,Mi1,4871.400000000001
10677,OA-AL2i4,4871.8
10187,OA-VPM3,4872.2
11602,OA-ASM1,4872.3
10011,OA-AL2i1,4872.5
36252,Mi1,4872.900000000001
35498,Mi1,4873.3
34849,Mi1,4873.3
34057,Mi1,4873.5
12109,OA-VUMa2,4874.2
79345,T2a,4874.6
10185,OA-VUMa8,4874.8
10658,OA-AL2i3,4875.3
10120,OA-VPM4,4875.500000000001
92114,T4c,4875.900000000001
10265,OA-AL2i2,4876.5
10041,OA-VUMa1,4876.700000000001
10555,OA-VUMa3,4876.8
10226,OA-AL2i3,4876.9
10322,OA-AL2i2,4877.400000000001
286259,OA-ASM1,4877.5
10825,OA-AL2i3,4877.900000000001
10175,OA-VUMa6,4878.0
53065,Mi1,4878.099999999999
12896,OA-VUMa5,4878.099999999999
10110,OA-VUMa1,4878.099999999999
10080,OA-VUMa3,4878.4
11608,OA-VUMa2,4878.6
51122,Mi1,4878.9
10652,OA-AL2i4,4879.0
12688,OA-ASM1,4879.0
10204,OA-AL2i2,4879.1
71052,T2a,4879.5
10687,OA-AL2i3,4880.0
11264,OA-ASM1,4880.0
10072,OA-AL2i1,4880.5
10168,OA-VUMa6,4880.6
10269,OA-AL2i2,4880.7
11921,OA-VPM4,4881.4
11005,OA-VUMa4,4881.8
33907,Mi1,4882.1
287884,OA-VPM3,4883.200000000001
10011,OA-AL2i1,4884.1
10799,OA-VUMa4,4884.1
11602,OA-ASM1,4884.599999999999
10677,OA-AL2i4,4885.000000000001
10187,OA-VPM3,4885.2
33462,Mi1,4885.900000000001
35405,Mi1,4886.200000000001
10658,OA-AL2i3,4887.1
10185,OA-VUMa8,4887.2
12109,OA-VUMa2,4887.2
36252,Mi1,4887.599999999999
35498,Mi1,4887.700000000001
34849,Mi1,4888.1
10041,OA-VUMa1,4888.4
10120,OA-VPM4,4888.4
34057,Mi1,4888.4
10322,OA-AL2i2,4888.6
10265,OA-AL2i2,4889.3
10072,OA-AL2i1,4889.5
10555,OA-VUMa3,4889.5
10226,OA-AL2i3,4889.700000000001
10825,OA-AL2i3,4890.1
10110,OA-VUMa1,4890.6
10175,OA-VUMa6,4890.6
12896,OA-VUMa5,4890.900000000001
10687,OA-AL2i3,4891.4
286259,OA-ASM1,4891.4
10080,OA-VUMa3,4891.8
11608,OA-VUMa2,4891.8
10204,OA-AL2i2,4892.0
10168,OA-VUMa6,4892.3
12688,OA-ASM1,4892.3
10652,OA-AL2i4,4892.400000000001
51122,Mi1,4892.8
11264,OA-ASM1,4893.1
53065,Mi1,4893.3
11005,OA-VUMa4,4893.5
10269,OA-AL2i2,4893.900000000001
11921,OA-VPM4,4894.8
10011,OA-AL2i1,4895.8
287884,OA-VPM3,4895.8
11602,OA-ASM1,4896.7
33907,Mi1,4896.900000000001
10799,OA-VUMa4,4897.3
10187,OA-VPM3,4897.6
10658,OA-AL2i3,4898.2
10072,OA-AL2i1,4899.0
12109,OA-VUMa2,4899.1
10041,OA-VUMa1,4899.500000000001
10677,OA-AL2i4,4899.6
10185,OA-VUMa8,4899.7
10322,OA-AL2i2,4900.1
10120,OA-VPM4,4900.400000000001
35405,Mi1,4900.8
10226,OA-AL2i3,4901.1
33462,Mi1,4901.1
10265,OA-AL2i2,4901.7
10175,OA-VUMa6,4901.8
10555,OA-VUMa3,4902.200000000001
10110,OA-VUMa1,4902.3
12896,OA-VUMa5,4902.4
36252,Mi1,4902.4
34849,Mi1,4902.5
35498,Mi1,4902.6
10825,OA-AL2i3,4903.0
34057,Mi1,4903.0
11608,OA-VUMa2,4903.700000000001
286259,OA-ASM1,4904.3
10687,OA-AL2i3,4904.6
10168,OA-VUMa6,4904.7
10269,OA-AL2i2,4905.0
11005,OA-VUMa4,4905.6
10080,OA-VUMa3,4905.8
10204,OA-AL2i2,4905.8
10652,OA-AL2i4,4906.000000000001
12688,OA-ASM1,4906.1
11264,OA-ASM1,4906.5
10011,OA-AL2i1,4906.6
51122,Mi1,4907.200000000001
287884,OA-VPM3,4908.2
53065,Mi1,4908.5
11921,OA-VPM4,4908.8
10072,OA-AL2i1,4909.1
11602,OA-ASM1,4909.3
10658,OA-AL2i3,4909.7
99663,T4c,4909.900000000001
10041,OA-VUMa1,4910.099999999999
10799,OA-VUMa4,4910.200000000001
12109,OA-VUMa2,4910.7
10187,OA-VPM3,4910.9
10120,OA-VPM4,4911.8
10322,OA-AL2i2,4911.9
10185,OA-VUMa8,4912.2
33907,Mi1,4912.8
10677,OA-AL2i4,4912.900000000001
10226,OA-AL2i3,4913.1
12896,OA-VUMa5,4913.5
118924,Tm3,4913.700000000001
10110,OA-VUMa1,4914.1
10175,OA-VUMa6,4914.3
10555,OA-VUMa3,4914.8
33462,Mi1,4914.8
10825,OA-AL2i3,4915.099999999999
10265,OA-AL2i2,4915.3
10687,OA-AL2i3,4916.0
10168,OA-VUMa6,4916.1
35498,Mi1,4916.599999999999
35405,Mi1,4916.700000000001
36252,Mi1,4916.8
34057,Mi1,4917.1
10269,OA-AL2i2,4917.3
11608,OA-VUMa2,4917.5
11005,OA-VUMa4,4917.8
286259,OA-ASM1,4917.8
10011,OA-AL2i1,4917.900000000001
34849,Mi1,4918.0
10080,OA-VUMa3,4918.200000000001
10204,OA-AL2i2,4919.0
10652,OA-AL2i4,4919.1
12688,OA-ASM1,4919.2
10072,OA-AL2i1,4919.599999999999
11264,OA-ASM1,4920.5
10658,OA-AL2i3,4920.8
10041,OA-VUMa1,4921.0
51122,Mi1,4921.6
287884,OA-VPM3,4921.8
11602,OA-ASM1,4922.2
99922,T4c,4922.7
53065,Mi1,4923.0
11921,OA-VPM4,4923.0
12109,OA-VUMa2,4923.0
10799,OA-VUMa4,4923.200000000001
10187,OA-VPM3,4923.8
10226,OA-AL2i3,4924.5
10322,OA-AL2i2,4924.700000000001
12896,OA-VUMa5,4924.9
73828,Tm3,4925.0
10120,OA-VPM4,4925.0
10110,OA-VUMa1,4925.0
10185,OA-VUMa8,4925.6
10175,OA-VUMa6,4925.7
10677,OA-AL2i4,4926.099999999999
10555,OA-VUMa3,4926.9
33907,Mi1,4927.1
10168,OA-VUMa6,4927.3
10265,OA-AL2i2,4927.5
10825,OA-AL2i3,4927.8
10687,OA-AL2i3,4928.7
10269,OA-AL2i2,4928.8
33462,Mi1,4929.2
11005,OA-VUMa4,4929.400000000001
11608,OA-VUMa2,4929.6
10011,OA-AL2i1,4930.2
34057,Mi1,4930.3
10080,OA-VUMa3,4930.400000000001
35498,Mi1,4930.5
35405,Mi1,4930.7
10072,OA-AL2i1,4931.3
36252,Mi1,4931.4
10041,OA-VUMa1,4931.6
10658,OA-AL2i3,4931.8
10652,OA-AL2i4,4932.0
286259,OA-ASM1,4932.0
12688,OA-ASM1,4932.1
34849,Mi1,4932.5
10204,OA-AL2i2,4932.8
11264,OA-ASM1,4934.200000000001
11602,OA-ASM1,4934.4
287884,OA-VPM3,4934.5
51122,Mi1,4935.400000000001
10799,OA-VUMa4,4935.599999999999
12109,OA-VUMa2,4935.599999999999
10226,OA-AL2i3,4935.8
12896,OA-VUMa5,4936.3
10110,OA-VUMa1,4936.8
10175,OA-VUMa6,4937.1
53065,Mi1,4937.1
10187,OA-VPM3,4937.3
11921,OA-VPM4,4937.3
10322,OA-AL2i2,4938.000000000001
10120,OA-VPM4,4938.400000000001
10677,OA-AL2i4,4938.5
10185,OA-VUMa8,4938.7
93566,T4a,4938.900000000001
10168,OA-VUMa6,4939.099999999999
10555,OA-VUMa3,4939.4
10265,OA-AL2i2,4939.8
10825,OA-AL2i3,4939.900000000001
10072,OA-AL2i1,4940.599999999999
10269,OA-AL2i2,4940.700000000001
10687,OA-AL2i3,4941.0
11005,OA-VUMa4,4941.3
11608,OA-VUMa2,4941.6
10011,OA-AL2i1,4941.900000000001
33907,Mi1,4941.900000000001
71052,T2a,4942.4
10041,OA-VUMa1,4943.1
10080,OA-VUMa3,4943.299999999999
10658,OA-AL2i3,4943.8
33462,Mi1,4943.8
12688,OA-ASM1,4943.9
34057,Mi1,4944.8
35498,Mi1,4945.1
10652,OA-AL2i4,4945.700000000001
35405,Mi1,4945.700000000001
36252,Mi1,4945.700000000001
34849,Mi1,4945.9
286259,OA-ASM1,4946.2
10204,OA-AL2i2,4946.400000000001
287884,OA-VPM3,4946.5
11602,OA-ASM1,4947.099999999999
12109,OA-VUMa2,4947.500000000001
11264,OA-ASM1,4947.6
10110,OA-VUMa1,4947.900000000001
10799,OA-VUMa4,4948.1
10226,OA-AL2i3,4948.2
10175,OA-VUMa6,4948.599999999999
12896,OA-VUMa5,4949.1
10072,OA-AL2i1,4949.8
10322,OA-AL2i2,4949.900000000001
10187,OA-VPM3,4950.200000000001
51122,Mi1,4950.4
11921,OA-VPM4,4950.7
10185,OA-VUMa8,4950.8
10120,OA-VPM4,4950.8
10168,OA-VUMa6,4951.400000000001
10825,OA-AL2i3,4951.400000000001
83365,T2a,4951.400000000001
10677,OA-AL2i4,4951.9
10265,OA-AL2i2,4952.0
53065,Mi1,4952.200000000001
11005,OA-VUMa4,4952.500000000001
11608,OA-VUMa2,4952.500000000001
10555,OA-VUMa3,4952.7
10269,OA-AL2i2,4953.5
10011,OA-AL2i1,4953.6
10041,OA-VUMa1,4953.700000000001
10687,OA-AL2i3,4953.700000000001
10658,OA-AL2i3,4954.400000000001
10080,OA-VUMa3,4956.2
12688,OA-ASM1,4956.3
33907,Mi1,4956.9
10652,OA-AL2i4,4957.7
33462,Mi1,4957.900000000001
10110,OA-VUMa1,4958.3
12109,OA-VUMa2,4958.7
10226,OA-AL2i3,4959.2
34057,Mi1,4959.2
36252,Mi1,4959.299999999999
10072,OA-AL2i1,4959.5
10175,OA-VUMa6,4959.599999999999
35405,Mi1,4959.700000000001
34849,Mi1,4959.8
287884,OA-VPM3,4959.8
11602,OA-ASM1,4959.900000000001
286259,OA-ASM1,4960.4
35498,Mi1,4960.6
10204,OA-AL2i2,4960.7
10799,OA-VUMa4,4961.0
12896,OA-VUMa5,4961.1
10322,OA-AL2i2,4961.5
11264,OA-ASM1,4961.8
10187,OA-VPM3,4962.6
10168,OA-VUMa6,4963.4
10185,OA-VUMa8,4963.4
10120,OA-VPM4,4963.8
11608,OA-VUMa2,4963.900000000001
10825,OA-AL2i3,4964.0
51122,Mi1,4964.0
92114,T4c,4964.0
10041,OA-VUMa1,4964.1
11005,OA-VUMa4,4964.1
11921,OA-VPM4,4964.2
10265,OA-AL2i2,4964.5
10011,OA-AL2i1,4964.700000000001
10677,OA-AL2i4,4964.9
76325,T2a,4965.2
10687,OA-AL2i3,4965.4
10269,OA-AL2i2,4965.900000000001
10555,OA-VUMa3,4966.099999999999
10658,OA-AL2i3,4967.0
99663,T4c,4968.1
12688,OA-ASM1,4968.4
10110,OA-VUMa1,4968.7
53065,Mi1,4968.900000000001
10072,OA-AL2i1,4969.0
10080,OA-VUMa3,4969.400000000001
10652,OA-AL2i4,4970.1
12109,OA-VUMa2,4970.1
10226,OA-AL2i3,4970.5
10175,OA-VUMa6,4970.900000000001
33907,Mi1,4971.099999999999
33462,Mi1,4971.900000000001
287884,OA-VPM3,4972.0
36252,Mi1,4972.700000000001
34849,Mi1,4972.8
11602,OA-ASM1,4973.0
12896,OA-VUMa5,4973.1
34057,Mi1,4973.5
10204,OA-AL2i2,4973.6
10322,OA-AL2i2,4973.900000000001
35405,Mi1,4974.3
35498,Mi1,4974.4
10799,OA-VUMa4,4974.6
37000,Mi1,4974.6
10168,OA-VUMa6,4974.9
11264,OA-ASM1,4975.1
11608,OA-VUMa2,4975.2
286259,OA-ASM1,4975.3
10041,OA-VUMa1,4975.5
10187,OA-VPM3,4975.8
11005,OA-VUMa4,4975.900000000001
10120,OA-VPM4,4976.0
10185,OA-VUMa8,4976.3
34356,Mi1,4976.500000000001
10011,OA-AL2i1,4977.0
10677,OA-AL2i4,4977.400000000001
10825,OA-AL2i3,4977.400000000001
10658,OA-AL2i3,4977.8
10687,OA-AL2i3,4978.000000000001
10265,OA-AL2i2,4978.3
51122,Mi1,4978.5
10072,OA-AL2i1,4978.7
11921,OA-VPM4,4978.7
42119,Mi1,4978.7
10269,OA-AL2i2,4979.099999999999
10110,OA-VUMa1,4979.200000000001
10555,OA-VUMa3,4980.3
12688,OA-ASM1,4981.3
10226,OA-AL2i3,4981.6
12109,OA-VUMa2,4981.7
56564,Mi1,4981.900000000001
10175,OA-VUMa6,4982.5
10080,OA-VUMa3,4982.8
53065,Mi1,4983.0
10652,OA-AL2i4,4983.7
12896,OA-VUMa5,4983.8
118924,Tm3,4983.8
11602,OA-ASM1,4985.2
33907,Mi1,4985.400000000001
287884,OA-VPM3,4986.000000000001
33462,Mi1,4986.1
10204,OA-AL2i2,4986.400000000001
36252,Mi1,4986.400000000001
10041,OA-VUMa1,4986.5
10168,OA-VUMa6,4986.6
10322,OA-AL2i2,4986.8
34849,Mi1,4987.0
11608,OA-VUMa2,4987.200000000001
11264,OA-ASM1,4987.7
10187,OA-VPM3,4988.0
10799,OA-VUMa4,4988.1
11005,OA-VUMa4,4988.2
34057,Mi1,4988.400000000001
10120,OA-VPM4,4988.700000000001
10011,OA-AL2i1,4988.8
10072,OA-AL2i1,4988.9
35498,Mi1,4989.0
286259,OA-ASM1,4989.3
10110,OA-VUMa1,4989.5
10658,OA-AL2i3,4989.6
35405,Mi1,4989.7
10185,OA-VUMa8,4990.0
10677,OA-AL2i4,4990.099999999999
10825,OA-AL2i3,4990.099999999999
10265,OA-AL2i2,4990.9
10687,OA-AL2i3,4991.1
10269,OA-AL2i2,4991.3
12109,OA-VUMa2,4992.6
10226,OA-AL2i3,4992.900000000001
11921,OA-VPM4,4993.0
10555,OA-VUMa3,4993.0
51122,Mi1,4993.5
99922,T4c,4993.5
10175,OA-VUMa6,4994.000000000001
12688,OA-ASM1,4994.1
12896,OA-VUMa5,4994.900000000001
10080,OA-VUMa3,4995.0
10041,OA-VUMa1,4996.8
10652,OA-AL2i4,4996.9
10168,OA-VUMa6,4998.0
11602,OA-ASM1,4998.099999999999
287884,OA-VPM3,4998.099999999999
11608,OA-VUMa2,4998.200000000001
10322,OA-AL2i2,4998.4
53065,Mi1,4998.6
33907,Mi1,4998.7
10204,OA-AL2i2,4998.9
10110,OA-VUMa1,4999.8
11264,OA-ASM1,5000.0
10187,OA-VPM3,5000.200000000001
11005,OA-VUMa4,5000.3
37000,Mi1,5000.6
10072,OA-AL2i1,5000.8
10658,OA-AL2i3,5000.8
33462,Mi1,5000.900000000001
10799,OA-VUMa4,5001.1
10120,OA-VPM4,5001.1
34849,Mi1,5001.700000000001
10185,OA-VUMa8,5002.000000000001
36252,Mi1,5002.1
10011,OA-AL2i1,5002.2
286259,OA-ASM1,5002.2
35498,Mi1,5002.400000000001
42119,Mi1,5002.400000000001
10825,OA-AL2i3,5002.7
34057,Mi1,5003.099999999999
12109,OA-VUMa2,5003.4
10677,OA-AL2i4,5003.5
35405,Mi1,5003.900000000001
10265,OA-AL2i2,5004.0
10269,OA-AL2i2,5004.0
103479,T4c,5004.2
34356,Mi1,5004.400000000001
10687,OA-AL2i3,5004.400000000001
10226,OA-AL2i3,5004.5
10175,OA-VUMa6,5005.3
56564,Mi1,5005.900000000001
12896,OA-VUMa5,5006.0
10555,OA-VUMa3,5006.099999999999
71052,T2a,5006.4
51122,Mi1,5006.5
12688,OA-ASM1,5006.5
10080,OA-VUMa3,5007.400000000001
11921,OA-VPM4,5007.6
10041,OA-VUMa1,5007.900000000001
79345,T2a,5007.900000000001
10168,OA-VUMa6,5008.500000000001
90049,T4c,5009.400000000001
10652,OA-AL2i4,5009.400000000001
10322,OA-AL2i2,5009.599999999999
11608,OA-VUMa2,5009.700000000001
11602,OA-ASM1,5010.2
10110,OA-VUMa1,5010.400000000001
287884,OA-VPM3,5010.7
69597,Tm3,5010.900000000001
94305,T4a,5011.6
10204,OA-AL2i2,5011.8
10658,OA-AL2i3,5012.400000000001
11005,OA-VUMa4,5012.700000000001
10072,OA-AL2i1,5012.9
33907,Mi1,5013.0
11264,OA-ASM1,5013.3
10187,OA-VPM3,5013.799999999999
10011,OA-AL2i1,5014.200000000001
53065,Mi1,5014.4
10825,OA-AL2i3,5014.6
10120,OA-VPM4,5014.700000000001
34849,Mi1,5014.9
12109,OA-VUMa2,5015.000000000001
10799,OA-VUMa4,5015.3
36252,Mi1,5015.3
10269,OA-AL2i2,5015.400000000001
33462,Mi1,5015.5
286259,OA-ASM1,5015.5
34057,Mi1,5015.6
10185,OA-VUMa8,5015.7
10226,OA-AL2i3,5015.900000000001
10265,OA-AL2i2,5016.1
10677,OA-AL2i4,5016.200000000001
35405,Mi1,5016.3
10175,OA-VUMa6,5016.7
12896,OA-VUMa5,5017.1
10687,OA-AL2i3,5017.2
12688,OA-ASM1,5018.2
35498,Mi1,5018.2
10041,OA-VUMa1,5018.8
92114,T4c,5019.0
10080,OA-VUMa3,5020.0
73828,Tm3,5020.1
10168,OA-VUMa6,5020.2
10555,OA-VUMa3,5020.2
11608,OA-VUMa2,5020.599999999999
10110,OA-VUMa1,5020.8
11921,OA-VPM4,5020.9
42119,Mi1,5021.4
10322,OA-AL2i2,5021.900000000001
99663,T4c,5021.900000000001
51122,Mi1,5022.200000000001
83365,T2a,5022.3
37000,Mi1,5022.400000000001
10652,OA-AL2i4,5022.9
287884,OA-VPM3,5023.6
11602,OA-ASM1,5023.7
11005,OA-VUMa4,5024.0
10658,OA-AL2i3,5024.4
10072,OA-AL2i1,5024.6
10204,OA-AL2i2,5024.7
12109,OA-VUMa2,5025.8
56564,Mi1,5026.1
34356,Mi1,5026.3
10011,OA-AL2i1,5026.400000000001
33907,Mi1,5026.5
11264,OA-ASM1,5026.5
10825,OA-AL2i3,5026.6
10187,OA-VPM3,5026.7
10120,OA-VPM4,5027.0
10185,OA-VUMa8,5027.099999999999
10269,OA-AL2i2,5027.5
10226,OA-AL2i3,5028.2
10799,OA-VUMa4,5028.400000000001
10265,OA-AL2i2,5028.400000000001
12896,OA-VUMa5,5028.599999999999
10175,OA-VUMa6,5028.9
36252,Mi1,5029.0
10041,OA-VUMa1,5029.3
34057,Mi1,5029.3
34849,Mi1,5029.3
35405,Mi1,5029.3
10687,OA-AL2i3,5029.5
10677,OA-AL2i4,5029.6
286259,OA-ASM1,5029.6
53065,Mi1,5029.7
33462,Mi1,5030.400000000001
10168,OA-VUMa6,5031.1
11608,OA-VUMa2,5031.3
12688,OA-ASM1,5031.3
35498,Mi1,5031.900000000001
10110,OA-VUMa1,5032.1
10080,OA-VUMa3,5033.3
10555,OA-VUMa3,5033.3
10322,OA-AL2i2,5033.5
532850,Tm3,5033.8
10652,OA-AL2i4,5035.099999999999
11921,OA-VPM4,5035.099999999999
76325,T2a,5035.8
287884,OA-VPM3,5035.8
10072,OA-AL2i1,5036.5
11005,OA-VUMa4,5036.599999999999
10658,OA-AL2i3,5036.700000000001
11602,OA-ASM1,5036.8
12109,OA-VUMa2,5036.9
10204,OA-AL2i2,5037.3
51122,Mi1,5037.3
10011,OA-AL2i1,5037.7
10825,OA-AL2i3,5038.0
37000,Mi1,5038.5
93566,T4a,5038.6
10187,OA-VPM3,5039.000000000001
12896,OA-VUMa5,5039.3
10185,OA-VUMa8,5039.400000000001
10269,OA-AL2i2,5039.400000000001
42119,Mi1,5039.7
10120,OA-VPM4,5039.8
11264,OA-ASM1,5039.900000000001
10041,OA-VUMa1,5040.200000000001
10226,OA-AL2i3,5040.8
10175,OA-VUMa6,5040.900000000001
33907,Mi1,5041.400000000001
10265,OA-AL2i2,5041.9
34356,Mi1,5041.9
10799,OA-VUMa4,5042.2
10687,OA-AL2i3,5042.3
10110,OA-VUMa1,5042.5
34849,Mi1,5042.7
10677,OA-AL2i4,5042.8
10168,OA-VUMa6,5042.900000000001
11608,OA-VUMa2,5043.0
286259,OA-ASM1,5043.4
34057,Mi1,5043.9
56564,Mi1,5044.0
36252,Mi1,5044.2
35405,Mi1,5044.3
53065,Mi1,5044.3
12688,OA-ASM1,5044.400000000001
10322,OA-AL2i2,5044.8
10555,OA-VUMa3,5045.6
33462,Mi1,5045.6
35498,Mi1,5046.0
71052,T2a,5047.400000000001
10080,OA-VUMa3,5047.5
10652,OA-AL2i4,5047.8
94305,T4a,5048.0
11005,OA-VUMa4,5048.3
118924,Tm3,5048.500000000001
11921,OA-VPM4,5048.6
287884,OA-VPM3,5048.8
12109,OA-VUMa2,5049.0
10658,OA-AL2i3,5049.0
10072,OA-AL2i1,5049.0
99922,T4c,5049.1
106952,T4b,5049.3
10011,OA-AL2i1,5049.5
99423,T4d,5049.599999999999
10825,OA-AL2i3,5049.8
11602,OA-ASM1,5049.9
92114,T4c,5050.2
69597,Tm3,5050.400000000001
12896,OA-VUMa5,5050.8
10204,OA-AL2i2,5051.0
95458,T4d,5051.0
10187,OA-VPM3,5051.099999999999
10041,OA-VUMa1,5051.200000000001
10185,OA-VUMa8,5051.200000000001
10269,OA-AL2i2,5051.3
11264,OA-ASM1,5052.0
10226,OA-AL2i3,5052.1
10120,OA-VPM4,5053.0
10175,OA-VUMa6,5053.0
51122,Mi1,5053.1
10110,OA-VUMa1,5053.6
10265,OA-AL2i2,5053.900000000001
11608,OA-VUMa2,5054.2
10168,OA-VUMa6,5054.400000000001
42119,Mi1,5054.5
10687,OA-AL2i3,5054.700000000001
33907,Mi1,5054.8
37000,Mi1,5054.9
10677,OA-AL2i4,5055.5
10799,OA-VUMa4,5055.7
10322,OA-AL2i2,5056.099999999999
286259,OA-ASM1,5056.500000000001
34849,Mi1,5057.2
12688,OA-ASM1,5057.3
34057,Mi1,5057.5
10555,OA-VUMa3,5057.9
36252,Mi1,5058.0
35405,Mi1,5058.3
53065,Mi1,5058.7
34356,Mi1,5058.8
56564,Mi1,5059.4
33462,Mi1,5059.4
35498,Mi1,5059.8
10652,OA-AL2i4,5060.3
11005,OA-VUMa4,5060.400000000001
12109,OA-VUMa2,5060.5
10080,OA-VUMa3,5061.0
10658,OA-AL2i3,5061.0
10825,OA-AL2i3,5061.0
10072,OA-AL2i1,5061.4
94624,T4a,5061.6
50333,TmY3,5061.7
287884,OA-VPM3,5061.8
10011,OA-AL2i1,5062.0
99663,T4c,5062.0
11602,OA-ASM1,5062.2
11921,OA-VPM4,5062.8
10041,OA-VUMa1,5062.9
90049,T4c,5063.1
10185,OA-VUMa8,5063.400000000001
10187,OA-VPM3,5063.400000000001
12896,OA-VUMa5,5063.5
92431,T4a,5063.7
10226,OA-AL2i3,5063.8
10204,OA-AL2i2,5064.099999999999
83365,T2a,5064.099999999999
10110,OA-VUMa1,5064.4
10269,OA-AL2i2,5064.6
10120,OA-VPM4,5065.2
11264,OA-ASM1,5065.2
11608,OA-VUMa2,5065.700000000001
10175,OA-VUMa6,5065.8
10265,OA-AL2i2,5066.400000000001
10168,OA-VUMa6,5067.200000000001
10687,OA-AL2i3,5067.4
51122,Mi1,5067.5
10322,OA-AL2i2,5068.0
10677,OA-AL2i4,5068.5
42119,Mi1,5069.3
10799,OA-VUMa4,5069.4
12688,OA-ASM1,5069.7
286259,OA-ASM1,5069.900000000001
33907,Mi1,5070.9
10555,OA-VUMa3,5071.000000000001
37000,Mi1,5071.5
12109,OA-VUMa2,5071.900000000001
36252,Mi1,5072.099999999999
10658,OA-AL2i3,5072.3
11005,OA-VUMa4,5072.500000000001
34057,Mi1,5072.500000000001
10652,OA-AL2i4,5072.6
53065,Mi1,5073.0
33462,Mi1,5073.2
34849,Mi1,5073.3
10080,OA-VUMa3,5073.400000000001
10072,OA-AL2i1,5073.5
35405,Mi1,5073.5
10825,OA-AL2i3,5073.599999999999
10041,OA-VUMa1,5074.0
12896,OA-VUMa5,5074.2
56564,Mi1,5074.3
10011,OA-AL2i1,5074.5
287884,OA-VPM3,5074.6
11602,OA-ASM1,5074.8
35498,Mi1,5075.3
10226,OA-AL2i3,5075.6
34356,Mi1,5075.6
11608,OA-VUMa2,5076.299999999999
10185,OA-VUMa8,5076.599999999999
10269,OA-AL2i2,5076.599999999999
10204,OA-AL2i2,5076.8
10110,OA-VUMa1,5076.9
10187,OA-VPM3,5077.0
11921,OA-VPM4,5077.4
10120,OA-VPM4,5077.6
11264,OA-ASM1,5077.8
10175,OA-VUMa6,5078.1
10265,OA-AL2i2,5078.3
10168,OA-VUMa6,5078.400000000001
10322,OA-AL2i2,5080.500000000001
10687,OA-AL2i3,5080.6
10677,OA-AL2i4,5081.0
51122,Mi1,5081.1
12688,OA-ASM1,5082.0
12109,OA-VUMa2,5082.8
10799,OA-VUMa4,5083.0
286259,OA-ASM1,5083.200000000001
10658,OA-AL2i3,5083.8
12896,OA-VUMa5,5084.599999999999
10555,OA-VUMa3,5084.700000000001
10652,OA-AL2i4,5084.900000000001
33907,Mi1,5085.0
10041,OA-VUMa1,5085.1
42119,Mi1,5085.200000000001
11005,OA-VUMa4,5085.3
10072,OA-AL2i1,5085.500000000001
10825,OA-AL2i3,5085.900000000001
10080,OA-VUMa3,5086.0
10011,OA-AL2i1,5086.5
36252,Mi1,5086.8
11608,OA-VUMa2,5087.1
287884,OA-VPM3,5087.1
10226,OA-AL2i3,5087.2
34057,Mi1,5087.3
34849,Mi1,5087.900000000001
37000,Mi1,5087.900000000001
53065,Mi1,5088.3
11602,OA-ASM1,5088.4
35405,Mi1,5088.5
10269,OA-AL2i2,5088.6
10110,OA-VUMa1,5088.7
33462,Mi1,5088.8
10185,OA-VUMa8,5089.0
56564,Mi1,5089.2
10204,OA-AL2i2,5090.0
35498,Mi1,5090.4
10187,OA-VPM3,5090.5
10175,OA-VUMa6,5090.6
10168,OA-VUMa6,5090.8
10120,OA-VPM4,5090.900000000001
34356,Mi1,5091.099999999999
10265,OA-AL2i2,5091.4
10322,OA-AL2i2,5091.6
11921,OA-VPM4,5092.1
11264,OA-ASM1,5092.1
94305,T4a,5092.5
10687,OA-AL2i3,5092.6
12109,OA-VUMa2,5093.500000000001
71052,T2a,5093.7
10677,OA-AL2i4,5093.8
55976,Mi1,5093.8
10658,OA-AL2i3,5095.000000000001
12688,OA-ASM1,5095.1
51122,Mi1,5095.5
92114,T4c,5095.6
10799,OA-VUMa4,5096.3
10072,OA-AL2i1,5096.900000000001
12896,OA-VUMa5,5096.900000000001
10041,OA-VUMa1,5097.0
286259,OA-ASM1,5097.2
11005,OA-VUMa4,5097.8
10555,OA-VUMa3,5098.2
10011,OA-AL2i1,5098.6
10825,OA-AL2i3,5098.6
42119,Mi1,5098.7
10652,OA-AL2i4,5098.8
10226,OA-AL2i3,5099.200000000001
11608,OA-VUMa2,5099.3
33907,Mi1,5099.3
10110,OA-VUMa1,5099.6
65671,Mi1,5099.7
287884,OA-VPM3,5099.8
10080,OA-VUMa3,5100.0
10185,OA-VUMa8,5100.900000000001
36252,Mi1,5100.900000000001
10269,OA-AL2i2,5101.0
11602,OA-ASM1,5101.3
34057,Mi1,5101.4
34849,Mi1,5101.6
35840,Mi1,5101.6
35836,Mi1,5101.7
34189,Mi1,5101.8
53065,Mi1,5102.0
35017,Mi1,5102.2
10204,OA-AL2i2,5102.3
10168,OA-VUMa6,5102.400000000001
37000,Mi1,5103.000000000001
35770,Mi1,5103.000000000001
10175,OA-VUMa6,5103.1
10187,OA-VPM3,5103.2
10265,OA-AL2i2,5103.2
10322,OA-AL2i2,5103.3
56564,Mi1,5103.3
10120,OA-VPM4,5103.7
34479,Mi1,5103.900000000001
33462,Mi1,5104.0
10687,OA-AL2i3,5104.3
35405,Mi1,5104.4
12109,OA-VUMa2,5104.6
99922,T4c,5104.6
35498,Mi1,5104.8
11264,OA-ASM1,5105.400000000001
11921,OA-VPM4,5105.599999999999
10677,OA-AL2i4,5106.1
10658,OA-AL2i3,5106.4
10072,OA-AL2i1,5106.5
34356,Mi1,5106.5
102791,T4c,5107.099999999999
83365,T2a,5107.3
12688,OA-ASM1,5107.4
10041,OA-VUMa1,5108.0
12896,OA-VUMa5,5108.8
99663,T4c,5108.900000000001
98381,T4d,5109.4
51122,Mi1,5109.500000000001
10799,OA-VUMa4,5109.8
66808,Tm3,5110.2
10110,OA-VUMa1,5110.3
10011,OA-AL2i1,5110.5
10226,OA-AL2i3,5110.700000000001
10555,OA-VUMa3,5110.700000000001
11608,OA-VUMa2,5110.8
11005,OA-VUMa4,5111.1
10825,OA-AL2i3,5111.2
69597,Tm3,5111.5
286259,OA-ASM1,5111.6
287884,OA-VPM3,5111.8
10652,OA-AL2i4,5112.3
73828,Tm3,5112.7
10269,OA-AL2i2,5112.8
10185,OA-VUMa8,5113.3
11602,OA-ASM1,5113.5
42119,Mi1,5113.5
10080,OA-VUMa3,5113.8
34849,Mi1,5113.8
33907,Mi1,5113.9
10168,OA-VUMa6,5114.7
10204,OA-AL2i2,5114.7
10322,OA-AL2i2,5114.8
10175,OA-VUMa6,5115.200000000001
36252,Mi1,5115.200000000001
10187,OA-VPM3,5115.3
34057,Mi1,5115.7
10072,OA-AL2i1,5115.9
10687,OA-AL2i3,5116.0
12109,OA-VUMa2,5116.1
92431,T4a,5116.1
33462,Mi1,5116.3
10120,OA-VPM4,5116.5
35405,Mi1,5116.8
10265,OA-AL2i2,5116.900000000001
53065,Mi1,5117.0
37000,Mi1,5117.4
10677,OA-AL2i4,5118.2
55976,Mi1,5118.3
10658,OA-AL2i3,5118.400000000001
10041,OA-VUMa1,5118.8
35498,Mi1,5118.9
95883,T4a,5118.9
532850,Tm3,5118.9
11264,OA-ASM1,5119.000000000001
12896,OA-VUMa5,5119.400000000001
11921,OA-VPM4,5119.6
93566,T4a,5119.7
98099,T4b,5119.8
56564,Mi1,5120.0
12688,OA-ASM1,5120.200000000001
95458,T4d,5120.3
118924,Tm3,5120.5
90049,T4c,5120.900000000001
103479,T4c,5120.900000000001
10110,OA-VUMa1,5121.3
50333,TmY3,5121.3
106952,T4b,5121.3
10799,OA-VUMa4,5121.400000000001
34356,Mi1,5121.5
76325,T2a,5121.5
92706,T4a,5121.5
92114,T4c,5121.599999999999
10226,OA-AL2i3,5121.700000000001
98985,T4c,5122.0
11608,OA-VUMa2,5122.5
97899,T4a,5122.6
10555,OA-VUMa3,5123.099999999999
11005,OA-VUMa4,5123.099999999999
51122,Mi1,5123.099999999999
10011,OA-AL2i1,5123.200000000001
10825,OA-AL2i3,5123.3
94624,T4a,5123.4
35017,Mi1,5124.3
35836,Mi1,5124.3
65671,Mi1,5124.3
74023,T2a,5124.400000000001
35840,Mi1,5124.6
286259,OA-ASM1,5124.6
34479,Mi1,5124.900000000001
10185,OA-VUMa8,5125.0
35770,Mi1,5125.1
287884,OA-VPM3,5125.1
34189,Mi1,5125.3
10652,OA-AL2i4,5125.7
10269,OA-AL2i2,5125.900000000001
10072,OA-AL2i1,5126.0
10322,OA-AL2i2,5126.1
10080,OA-VUMa3,5126.2
10168,OA-VUMa6,5126.5
11602,OA-ASM1,5126.599999999999
33907,Mi1,5126.9
101772,Tm3,5127.000000000001
10175,OA-VUMa6,5127.000000000001
34849,Mi1,5127.2
100867,T4b,5127.3
10687,OA-AL2i3,5127.6
42119,Mi1,5127.6
10187,OA-VPM3,5128.0
10204,OA-AL2i2,5128.099999999999
98788,T4d,5128.200000000001
10265,OA-AL2i2,5128.200000000001
12109,OA-VUMa2,5128.3
10041,OA-VUMa1,5128.4
92047,T4c,5128.4
69380,Tm3,5128.5
36252,Mi1,5128.900000000001
10120,OA-VPM4,5129.0
33462,Mi1,5129.400000000001
34057,Mi1,5129.700000000001
10658,OA-AL2i3,5130.2
110646,T4b,5130.3
35405,Mi1,5130.7
53065,Mi1,5130.799999999999
71052,T2a,5131.0
10677,OA-AL2i4,5131.099999999999
12688,OA-ASM1,5131.200000000001
37000,Mi1,5131.3
11264,OA-ASM1,5131.6
12896,OA-VUMa5,5131.7
10110,OA-VUMa1,5131.8
35498,Mi1,5132.400000000001
10226,OA-AL2i3,5132.8
109598,T4b,5133.1
83365,T2a,5133.500000000001
11921,OA-VPM4,5133.6
11608,OA-VUMa2,5133.7
108307,T4b,5133.8
99922,T4c,5134.0
10799,OA-VUMa4,5134.1
75848,T2a,5134.3
10825,OA-AL2i3,5134.700000000001
56564,Mi1,5134.700000000001
34356,Mi1,5135.1
66808,Tm3,5135.1
82145,T2a,5135.2
92996,T4a,5135.3
55976,Mi1,5135.5
91469,T4c,5135.5
11005,OA-VUMa4,5135.7
116716,T4b,5135.7
90465,T4a,5135.8
10555,OA-VUMa3,5135.900000000001
94305,T4a,5135.900000000001
10185,OA-VUMa8,5136.200000000001
10072,OA-AL2i1,5136.200000000001
10011,OA-AL2i1,5136.3
98887,T4b,5136.8
99663,T4c,5136.8
287884,OA-VPM3,5137.599999999999
10322,OA-AL2i2,5137.700000000001
286259,OA-ASM1,5137.700000000001
10168,OA-VUMa6,5137.8
51122,Mi1,5138.1
10080,OA-VUMa3,5138.3
10025,H2,5138.6
107442,T4d,5138.900000000001
10041,OA-VUMa1,5139.0
10687,OA-AL2i3,5139.200000000001
10269,OA-AL2i2,5139.4
10175,OA-VUMa6,5139.7
96295,T4b,5139.9
10652,OA-AL2i4,5139.9
11602,OA-ASM1,5140.400000000001
12109,OA-VUMa2,5140.400000000001
10265,OA-AL2i2,5140.6
10187,OA-VPM3,5140.7
33907,Mi1,5140.7
34849,Mi1,5140.900000000001
10658,OA-AL2i3,5140.900000000001
65671,Mi1,5141.4
10120,OA-VPM4,5141.4
35017,Mi1,5142.0
35770,Mi1,5142.1
12896,OA-VUMa5,5142.3
10110,OA-VUMa1,5142.400000000001
10204,OA-AL2i2,5142.5
42119,Mi1,5142.5
36252,Mi1,5142.700000000001
35836,Mi1,5142.8
34479,Mi1,5143.000000000001
35840,Mi1,5143.1
33462,Mi1,5143.2
12688,OA-ASM1,5143.3
10677,OA-AL2i4,5143.400000000001
10226,OA-AL2i3,5143.6
34057,Mi1,5143.900000000001
53065,Mi1,5143.900000000001
37000,Mi1,5144.0
11608,OA-VUMa2,5144.6
34189,Mi1,5144.7
11264,OA-ASM1,5145.0
35405,Mi1,5145.3
92114,T4c,5146.1
11921,OA-VPM4,5146.2
102791,T4c,5146.5
11005,OA-VUMa4,5146.6
10825,OA-AL2i3,5146.7
10072,OA-AL2i1,5147.0
66214,T2a,5147.0
10799,OA-VUMa4,5147.099999999999
95883,T4a,5147.4
10185,OA-VUMa8,5147.5
109142,T4b,5147.5
98381,T4d,5147.700000000001
35498,Mi1,5147.700000000001
10011,OA-AL2i1,5149.1
10168,OA-VUMa6,5149.1
10322,OA-AL2i2,5149.1
10041,OA-VUMa1,5149.4
56564,Mi1,5149.500000000001
79345,T2a,5149.6
10687,OA-AL2i3,5150.400000000001
10080,OA-VUMa3,5150.9
10555,OA-VUMa3,5151.000000000001
50333,TmY3,5151.1
287884,OA-VPM3,5151.1
34356,Mi1,5151.3
55976,Mi1,5151.3
10175,OA-VUMa6,5151.400000000001
12109,OA-VUMa2,5152.0
286259,OA-ASM1,5152.3
76524,Tm3,5152.4
10269,OA-AL2i2,5152.5
10265,OA-AL2i2,5152.6
51122,Mi1,5152.6
10187,OA-VPM3,5152.8
10652,OA-AL2i4,5152.8
10658,OA-AL2i3,5153.1
10110,OA-VUMa1,5153.400000000001
97899,T4a,5153.599999999999
11602,OA-ASM1,5153.700000000001
12896,OA-VUMa5,5153.700000000001
10204,OA-AL2i2,5154.6
11608,OA-VUMa2,5154.7
10120,OA-VPM4,5155.099999999999
10226,OA-AL2i3,5155.200000000001
88625,T4c,5155.3
10677,OA-AL2i4,5155.5
12688,OA-ASM1,5155.6
33907,Mi1,5156.000000000001
92431,T4a,5156.3
33462,Mi1,5156.5
34849,Mi1,5156.6
36252,Mi1,5156.7
42119,Mi1,5157.200000000001
65671,Mi1,5157.200000000001
34479,Mi1,5157.500000000001
37000,Mi1,5157.8
11264,OA-ASM1,5157.900000000001
11005,OA-VUMa4,5158.1
53065,Mi1,5158.1
35017,Mi1,5158.400000000001
34057,Mi1,5158.5
35836,Mi1,5158.8
10185,OA-VUMa8,5158.9
35405,Mi1,5159.1
10825,OA-AL2i3,5159.2
10799,OA-VUMa4,5159.2
95458,T4d,5159.3
10041,OA-VUMa1,5159.5
35770,Mi1,5159.6
92706,T4a,5159.6
10072,OA-AL2i1,5159.7
98985,T4c,5160.099999999999
10011,OA-AL2i1,5160.4
34189,Mi1,5160.5
10322,OA-AL2i2,5160.5
35840,Mi1,5160.6
10168,OA-VUMa6,5161.0
118924,Tm3,5161.0
11921,OA-VPM4,5161.599999999999
69597,Tm3,5161.700000000001
100867,T4b,5161.700000000001
35498,Mi1,5162.4
94624,T4a,5162.5
89434,T4c,5162.5
93566,T4a,5162.5
10687,OA-AL2i3,5162.7
76325,T2a,5162.7
10175,OA-VUMa6,5162.900000000001
90049,T4c,5162.900000000001
91806,T4a,5163.400000000001
10080,OA-VUMa3,5163.700000000001
97872,T4d,5163.700000000001
75848,T2a,5163.8
110646,T4b,5163.8
10265,OA-AL2i2,5163.9
12109,OA-VUMa2,5163.9
83365,T2a,5163.9
10658,OA-AL2i3,5164.2
287884,OA-VPM3,5164.3
10110,OA-VUMa1,5164.5
56564,Mi1,5164.6
10555,OA-VUMa3,5164.900000000001
10269,OA-AL2i2,5165.1
286259,OA-ASM1,5165.4
101772,Tm3,5165.6
73828,Tm3,5166.0
10187,OA-VPM3,5166.1
34356,Mi1,5166.2
10015,HSN,5166.3
11602,OA-ASM1,5166.3
10226,OA-AL2i3,5166.599999999999
12896,OA-VUMa5,5166.700000000001
10120,OA-VPM4,5166.9
10652,OA-AL2i4,5166.9
99663,T4c,5166.9
10204,OA-AL2i2,5167.2
55976,Mi1,5167.3
10677,OA-AL2i4,5167.5
51122,Mi1,5168.0
66808,Tm3,5168.099999999999
11608,OA-VUMa2,5168.200000000001
71052,T2a,5168.200000000001
95822,T4b,5168.3
12688,OA-ASM1,5168.5
34849,Mi1,5169.1
33462,Mi1,5170.2
36252,Mi1,5170.2
10041,OA-VUMa1,5170.3
11005,OA-VUMa4,5170.3
10825,OA-AL2i3,5170.4
33907,Mi1,5170.6
37000,Mi1,5170.8
11264,OA-ASM1,5170.900000000001
10185,OA-VUMa8,5171.1
532850,Tm3,5171.3
10072,OA-AL2i1,5171.400000000001
34479,Mi1,5171.400000000001
10799,OA-VUMa4,5172.000000000001
35405,Mi1,5172.2
10322,OA-AL2i2,5172.3
34057,Mi1,5172.5
42119,Mi1,5172.7
65671,Mi1,5172.8
10011,OA-AL2i1,5172.8
10168,OA-VUMa6,5173.0
53065,Mi1,5173.3
92114,T4c,5173.8
94305,T4a,5174.0
10175,OA-VUMa6,5174.3
45005,TmY3,5174.3
35017,Mi1,5174.700000000001
10687,OA-AL2i3,5174.700000000001
99922,T4c,5174.9
35836,Mi1,5175.2
11921,OA-VPM4,5175.3
12109,OA-VUMa2,5175.3
34189,Mi1,5175.5
52328,TmY3,5175.5
69380,Tm3,5175.5
10658,OA-AL2i3,5175.6
74023,T2a,5175.7
10110,OA-VUMa1,5175.900000000001
35840,Mi1,5175.900000000001
92939,T4b,5175.900000000001
10265,OA-AL2i2,5176.3
10080,OA-VUMa3,5176.4
35770,Mi1,5176.4
35498,Mi1,5176.5
10269,OA-AL2i2,5176.8
92047,T4c,5176.8
103479,T4c,5177.400000000001
287884,OA-VPM3,5177.400000000001
77383,T2a,5178.1
12896,OA-VUMa5,5178.3
11602,OA-ASM1,5178.4
10187,OA-VPM3,5178.5
10555,OA-VUMa3,5178.6
101873,T4b,5178.6
10226,OA-AL2i3,5178.7
50333,TmY3,5178.7
56564,Mi1,5178.8
91469,T4c,5178.8
98099,T4b,5178.8
286259,OA-ASM1,5178.8
95883,T4a,5179.0
10120,OA-VPM4,5179.5
10204,OA-AL2i2,5179.8
51231,TmY3,5179.9
34356,Mi1,5180.1
10652,OA-AL2i4,5180.6
12688,OA-ASM1,5180.7
79257,Tm3,5180.7
10677,OA-AL2i4,5180.900000000001
107442,T4d,5181.200000000001
10041,OA-VUMa1,5181.200000000001
11608,OA-VUMa2,5181.200000000001
98381,T4d,5181.3
10025,H2,5181.4
55976,Mi1,5181.7
104257,T4b,5181.7
10825,OA-AL2i3,5182.1
92431,T4a,5182.1
51122,Mi1,5182.400000000001
11005,OA-VUMa4,5182.5
10072,OA-AL2i1,5182.700000000001
10185,OA-VUMa8,5182.8
34849,Mi1,5182.9
97675,T4c,5183.3
33462,Mi1,5183.5
10322,OA-AL2i2,5184.0
11264,OA-ASM1,5184.099999999999
33907,Mi1,5184.200000000001
10168,OA-VUMa6,5184.4
36252,Mi1,5184.6
37000,Mi1,5185.400000000001
10175,OA-VUMa6,5185.700000000001
34057,Mi1,5185.700000000001
10011,OA-AL2i1,5185.8
10799,OA-VUMa4,5185.8
10687,OA-AL2i3,5186.2
10110,OA-VUMa1,5186.8
10658,OA-AL2i3,5187.0
97899,T4a,5187.0
42119,Mi1,5187.2
12109,OA-VUMa2,5187.3
34479,Mi1,5187.3
65671,Mi1,5187.5
10269,OA-AL2i2,5187.8
35405,Mi1,5188.3
53065,Mi1,5188.400000000001
10265,OA-AL2i2,5188.900000000001
11921,OA-VPM4,5188.900000000001
92706,T4a,5189.0
35017,Mi1,5189.6
93566,T4a,5189.8
12896,OA-VUMa5,5189.900000000001
99423,T4d,5189.900000000001
10226,OA-AL2i3,5190.1
35840,Mi1,5190.2
102791,T4c,5190.2
287884,OA-VPM3,5190.2
98788,T4d,5190.3
35836,Mi1,5190.400000000001
11602,OA-ASM1,5190.599999999999
10080,OA-VUMa3,5190.700000000001
34189,Mi1,5190.9
35498,Mi1,5191.2
35770,Mi1,5191.3
106952,T4b,5191.3
10555,OA-VUMa3,5191.7
10187,OA-VPM3,5191.8
10041,OA-VUMa1,5191.900000000001
10204,OA-AL2i2,5192.099999999999
66214,T2a,5192.5
10120,OA-VPM4,5192.6
11608,OA-VUMa2,5192.8
286259,OA-ASM1,5193.0
66808,Tm3,5193.299999999999
10825,OA-AL2i3,5193.400000000001
10652,OA-AL2i4,5193.5
12688,OA-ASM1,5193.5
69597,Tm3,5193.599999999999
34356,Mi1,5193.8
90465,T4a,5194.0
10677,OA-AL2i4,5194.1
56564,Mi1,5194.2
92996,T4a,5194.2
101772,Tm3,5194.3
99663,T4c,5194.4
10072,OA-AL2i1,5194.5
11005,OA-VUMa4,5194.7
10168,OA-VUMa6,5195.5
10185,OA-VUMa8,5195.700000000001
10322,OA-AL2i2,5195.9
109598,T4b,5196.1
10175,OA-VUMa6,5196.7
10011,OA-AL2i1,5196.900000000001
11264,OA-ASM1,5197.099999999999
10110,OA-VUMa1,5197.4
33907,Mi1,5197.500000000001
51122,Mi1,5197.6
55976,Mi1,5197.900000000001
91444,T4c,5197.900000000001
47368,TmY3,5198.0
36252,Mi1,5198.1
10658,OA-AL2i3,5198.3
96295,T4b,5198.3
33462,Mi1,5198.400000000001
34849,Mi1,5198.5
10015,HSN,5198.5
10687,OA-AL2i3,5198.599999999999
10799,OA-VUMa4,5198.9
37000,Mi1,5199.0
12109,OA-VUMa2,5199.5
10269,OA-AL2i2,5199.8
76524,Tm3,5200.8
12896,OA-VUMa5,5201.299999999999
10226,OA-AL2i3,5201.299999999999
34057,Mi1,5201.299999999999
65671,Mi1,5201.299999999999
10265,OA-AL2i2,5201.400000000001
94305,T4a,5201.400000000001
83365,T2a,5201.599999999999
34479,Mi1,5201.700000000001
11921,OA-VPM4,5202.1
92114,T4c,5202.3
94624,T4a,5202.500000000001
42119,Mi1,5202.7
10041,OA-VUMa1,5202.8
53065,Mi1,5202.900000000001
35405,Mi1,5203.0
118924,Tm3,5203.1
287884,OA-VPM3,5203.1
10080,OA-VUMa3,5203.700000000001
11608,OA-VUMa2,5203.700000000001
95458,T4d,5203.700000000001
11602,OA-ASM1,5203.8
35017,Mi1,5203.8
98985,T4c,5204.000000000001
35836,Mi1,5204.1
10825,OA-AL2i3,5204.2
35840,Mi1,5204.6
35498,Mi1,5204.900000000001
108307,T4b,5205.099999999999
10120,OA-VPM4,5205.099999999999
10555,OA-VUMa3,5205.4
88625,T4c,5205.4
34189,Mi1,5205.6
12688,OA-ASM1,5205.7
90049,T4c,5205.8
66325,Tm3,5206.1
35770,Mi1,5206.2
10187,OA-VPM3,5206.3
50333,TmY3,5206.3
10204,OA-AL2i2,5206.5
10652,OA-AL2i4,5206.700000000001
11005,OA-VUMa4,5206.700000000001
10072,OA-AL2i1,5206.9
10168,OA-VUMa6,5206.9
92431,T4a,5207.4
10677,OA-AL2i4,5207.4
286259,OA-ASM1,5207.6
10175,OA-VUMa6,5207.6
10185,OA-VUMa8,5207.6
100867,T4b,5207.7
10011,OA-AL2i1,5208.200000000001
34356,Mi1,5208.200000000001
89434,T4c,5208.200000000001
54885,TmY3,5208.5
10322,OA-AL2i2,5208.6
98381,T4d,5208.8
10110,OA-VUMa1,5208.9
110646,T4b,5208.9
91806,T4a,5209.1
56564,Mi1,5209.400000000001
91469,T4c,5209.599999999999
10687,OA-AL2i3,5209.8
11264,OA-ASM1,5209.9
10658,OA-AL2i3,5210.1
95883,T4a,5210.500000000001
12109,OA-VUMa2,5211.1
10799,OA-VUMa4,5211.5
55976,Mi1,5211.5
10269,OA-AL2i2,5211.6
33462,Mi1,5211.700000000001
33907,Mi1,5211.8
34849,Mi1,5211.9
36252,Mi1,5211.9
69380,Tm3,5212.000000000001
51122,Mi1,5212.400000000001
37000,Mi1,5212.5
12896,OA-VUMa5,5212.8
10226,OA-AL2i3,5212.900000000001
95822,T4b,5213.200000000001
10041,OA-VUMa1,5213.500000000001
92047,T4c,5213.6
10025,H2,5213.8
10265,OA-AL2i2,5214.3
105698,T4c,5215.1
11608,OA-VUMa2,5215.2
34479,Mi1,5215.2
74023,T2a,5215.4
65671,Mi1,5215.6
53065,Mi1,5216.0
287884,OA-VPM3,5216.0
11602,OA-ASM1,5216.099999999999
10825,OA-AL2i3,5216.200000000001
11921,OA-VPM4,5216.200000000001
10120,OA-VPM4,5216.4
34057,Mi1,5216.5
10080,OA-VUMa3,5216.7
42119,Mi1,5217.0
35405,Mi1,5217.400000000001
92706,T4a,5217.5
11005,OA-VUMa4,5217.900000000001
12688,OA-ASM1,5218.1
35836,Mi1,5218.3
99922,T4c,5218.6
10072,OA-AL2i1,5218.8
10555,OA-VUMa3,5218.8
103022,T4a,5218.900000000001
10168,OA-VUMa6,5219.1
10175,OA-VUMa6,5219.3
35840,Mi1,5219.3
10187,OA-VPM3,5219.400000000001
10204,OA-AL2i2,5219.400000000001
10652,OA-AL2i4,5219.5
35017,Mi1,5219.700000000001
98099,T4b,5219.700000000001
10322,OA-AL2i2,5219.700000000001
35498,Mi1,5219.8
10185,OA-VUMa8,5219.8
10011,OA-AL2i1,5220.2
532850,Tm3,5220.3
10677,OA-AL2i4,5220.400000000001
34356,Mi1,5220.5
73828,Tm3,5220.5
10110,OA-VUMa1,5220.7
77383,T2a,5220.7
102791,T4c,5220.7
35770,Mi1,5221.0
79345,T2a,5221.0
109142,T4b,5221.0
10658,OA-AL2i3,5221.5
10687,OA-AL2i3,5221.6
286259,OA-ASM1,5221.6
66808,Tm3,5221.900000000001
71052,T2a,5221.900000000001
34189,Mi1,5222.0
12109,OA-VUMa2,5222.1
103479,T4c,5222.8
107442,T4d,5223.2
10269,OA-AL2i2,5223.4
11264,OA-ASM1,5223.4
75848,T2a,5223.7
10041,OA-VUMa1,5223.900000000001
10799,OA-VUMa4,5224.0
98887,T4b,5224.3
10226,OA-AL2i3,5224.4
56564,Mi1,5224.4
97899,T4a,5225.1
12896,OA-VUMa5,5225.299999999999
116716,T4b,5225.299999999999
55976,Mi1,5225.700000000001
33907,Mi1,5225.8
36252,Mi1,5226.200000000001
10265,OA-AL2i2,5226.3
33462,Mi1,5226.3
34849,Mi1,5226.4
101772,Tm3,5226.4
11608,OA-VUMa2,5226.500000000001
37000,Mi1,5226.900000000001
51122,Mi1,5227.1
287884,OA-VPM3,5227.400000000001
10825,OA-AL2i3,5228.3
11602,OA-ASM1,5228.6
34479,Mi1,5229.0
10080,OA-VUMa3,5229.099999999999
10120,OA-VPM4,5229.4
65671,Mi1,5229.5
93566,T4a,5229.5
94305,T4a,5229.5
34057,Mi1,5229.6
11005,OA-VUMa4,5229.8
92114,T4c,5229.900000000001
51231,TmY3,5230.1
50333,TmY3,5230.3
10072,OA-AL2i1,5230.400000000001
11921,OA-VPM4,5230.700000000001
53065,Mi1,5230.8
98788,T4d,5230.8
94624,T4a,5231.0
10168,OA-VUMa6,5231.3
10011,OA-AL2i1,5231.4
10175,OA-VUMa6,5231.4
76325,T2a,5231.4
10185,OA-VUMa8,5231.6
35405,Mi1,5231.6
10204,OA-AL2i2,5231.7
10322,OA-AL2i2,5231.8
42119,Mi1,5231.900000000001
10555,OA-VUMa3,5232.0
10652,OA-AL2i4,5232.0
12688,OA-ASM1,5232.0
99663,T4c,5232.0
10187,OA-VPM3,5232.3
35836,Mi1,5232.5
10658,OA-AL2i3,5232.6
10110,OA-VUMa1,5232.8
10677,OA-AL2i4,5233.0
12109,OA-VUMa2,5233.0
35498,Mi1,5233.2
10687,OA-AL2i3,5233.3
100867,T4b,5233.900000000001
35017,Mi1,5234.1
35840,Mi1,5234.1
98985,T4c,5234.3
83365,T2a,5234.3
34356,Mi1,5234.3
10041,OA-VUMa1,5235.0
286259,OA-ASM1,5235.0
35770,Mi1,5235.1
10269,OA-AL2i2,5235.2
11264,OA-ASM1,5235.8
69597,Tm3,5235.8
10226,OA-AL2i3,5236.1
92431,T4a,5236.2
12896,OA-VUMa5,5236.2
34189,Mi1,5237.0
10265,OA-AL2i2,5237.5
10799,OA-VUMa4,5237.7
97231,T4a,5238.2
34849,Mi1,5238.700000000001
109598,T4b,5238.8
287884,OA-VPM3,5238.9
11608,OA-VUMa2,5238.9
56564,Mi1,5238.9
95883,T4a,5239.1
33462,Mi1,5239.900000000001
10825,OA-AL2i3,5240.0
37000,Mi1,5240.4
66808,Tm3,5240.5
36252,Mi1,5240.6
33907,Mi1,5240.8
10015,HSN,5241.0
11005,OA-VUMa4,5241.1
11602,OA-ASM1,5241.2
55976,Mi1,5241.2
10080,OA-VUMa3,5241.3
51122,Mi1,5241.5
10120,OA-VPM4,5241.700000000001
10072,OA-AL2i1,5242.1
34479,Mi1,5242.7
10011,OA-AL2i1,5242.7
10168,OA-VUMa6,5243.0
10175,OA-VUMa6,5243.0
106952,T4b,5243.0
34057,Mi1,5243.2
10322,OA-AL2i2,5243.700000000001
10185,OA-VUMa8,5243.8
79257,Tm3,5244.400000000001
10110,OA-VUMa1,5244.5
65671,Mi1,5244.5
10652,OA-AL2i4,5244.6
11921,OA-VPM4,5244.6
12109,OA-VUMa2,5244.6
10187,OA-VPM3,5244.7
10687,OA-AL2i3,5244.900000000001
12688,OA-ASM1,5244.900000000001
98381,T4d,5245.0
10658,OA-AL2i3,5245.099999999999
10204,OA-AL2i2,5245.5
66214,T2a,5245.5
10041,OA-VUMa1,5245.6
74023,T2a,5245.6
89434,T4c,5245.6
10677,OA-AL2i4,5246.0
69380,Tm3,5246.1
53065,Mi1,5246.2
92706,T4a,5246.3
10555,OA-VUMa3,5246.400000000001
42119,Mi1,5246.599999999999
10269,OA-AL2i2,5247.1
35405,Mi1,5247.1
12896,OA-VUMa5,5247.2
35017,Mi1,5247.3
286259,OA-ASM1,5247.4
35498,Mi1,5247.7
35836,Mi1,5248.0
110646,T4b,5248.0
10226,OA-AL2i3,5248.099999999999
34356,Mi1,5248.200000000001
11264,OA-ASM1,5248.6
95458,T4d,5248.8
35840,Mi1,5249.400000000001
98099,T4b,5249.6
35770,Mi1,5250.0
11608,OA-VUMa2,5250.1
10799,OA-VUMa4,5250.3
92047,T4c,5250.6
10265,OA-AL2i2,5251.0
61401,T2a,5251.1
287884,OA-VPM3,5251.1
102791,T4c,5251.3
71052,T2a,5251.400000000001
92996,T4a,5251.599999999999
34849,Mi1,5251.9
10825,OA-AL2i3,5252.000000000001
34189,Mi1,5252.000000000001
91469,T4c,5252.2
101772,Tm3,5252.400000000001
11005,OA-VUMa4,5252.6
97675,T4c,5252.7
96295,T4b,5253.099999999999
56564,Mi1,5253.3
10072,OA-AL2i1,5253.900000000001
10120,OA-VPM4,5253.900000000001
50333,TmY3,5253.900000000001
33462,Mi1,5254.400000000001
36252,Mi1,5254.400000000001
11602,OA-ASM1,5254.599999999999
10175,OA-VUMa6,5254.599999999999
10168,OA-VUMa6,5254.8
37000,Mi1,5254.9
10011,OA-AL2i1,5255.0
98887,T4b,5255.0
10322,OA-AL2i2,5255.1
33907,Mi1,5255.1
10110,OA-VUMa1,5255.2
91806,T4a,5255.2
10080,OA-VUMa3,5255.3
104257,T4b,5255.5
55976,Mi1,5255.7
97899,T4a,5256.0
34057,Mi1,5256.3
10187,OA-VPM3,5256.4
92114,T4c,5256.6
12688,OA-ASM1,5256.7
10687,OA-AL2i3,5256.7
10658,OA-AL2i3,5256.8
12109,OA-VUMa2,5256.9
10185,OA-VUMa8,5257.0
34479,Mi1,5257.0
51122,Mi1,5257.3
10025,H2,5257.400000000001
10041,OA-VUMa1,5257.6
10652,OA-AL2i4,5257.8
12896,OA-VUMa5,5257.900000000001
76524,Tm3,5257.900000000001
10677,OA-AL2i4,5258.0
10204,OA-AL2i2,5258.200000000001
94305,T4a,5258.6
99663,T4c,5258.900000000001
65671,Mi1,5259.0
11921,OA-VPM4,5259.0
10269,OA-AL2i2,5259.2
10555,OA-VUMa3,5259.599999999999
99922,T4c,5259.9
88625,T4c,5260.000000000001
94624,T4a,5260.000000000001
10226,OA-AL2i3,5260.1
92842,T4a,5260.7
286259,OA-ASM1,5260.7
11608,OA-VUMa2,5261.099999999999
53065,Mi1,5261.200000000001
42119,Mi1,5261.6
35405,Mi1,5261.8
35498,Mi1,5262.1
34356,Mi1,5262.2
35836,Mi1,5262.400000000001
11264,OA-ASM1,5262.5
10799,OA-VUMa4,5262.599999999999
35017,Mi1,5262.8
66325,Tm3,5263.0
287884,OA-VPM3,5263.3
10825,OA-AL2i3,5263.4
35840,Mi1,5263.4
11005,OA-VUMa4,5264.099999999999
105698,T4c,5264.099999999999
10265,OA-AL2i2,5264.200000000001
35770,Mi1,5264.3
118924,Tm3,5264.7
10120,OA-VPM4,5265.5
10168,OA-VUMa6,5265.7
10072,OA-AL2i1,5265.8
66808,Tm3,5265.900000000001
75848,T2a,5266.200000000001
90049,T4c,5266.3
34849,Mi1,5266.3
10011,OA-AL2i1,5266.500000000001
10175,OA-VUMa6,5266.6
10322,OA-AL2i2,5266.7
10110,OA-VUMa1,5266.8
34189,Mi1,5266.8
56564,Mi1,5266.8
12109,OA-VUMa2,5267.5
11602,OA-ASM1,5267.8
92431,T4a,5267.8
10687,OA-AL2i3,5268.1
10658,OA-AL2i3,5268.2
47368,TmY3,5268.2
37000,Mi1,5268.7
36252,Mi1,5268.8
33462,Mi1,5268.900000000001
10187,OA-VPM3,5269.0
10080,OA-VUMa3,5269.0
33907,Mi1,5269.5
10041,OA-VUMa1,5269.6
12688,OA-ASM1,5269.8
10185,OA-VUMa8,5270.2
12896,OA-VUMa5,5270.3
10677,OA-AL2i4,5270.400000000001
69597,Tm3,5270.5
10652,OA-AL2i4,5270.9
55976,Mi1,5270.9
10269,OA-AL2i2,5271.0
10204,OA-AL2i2,5271.1
51122,Mi1,5271.2
10226,OA-AL2i3,5271.6
34057,Mi1,5272.0
92706,T4a,5272.0
98985,T4c,5272.4
83365,T2a,5272.5
11608,OA-VUMa2,5272.6
10555,OA-VUMa3,5273.000000000001
100867,T4b,5273.1
11921,OA-VPM4,5273.5
34479,Mi1,5273.5
98381,T4d,5273.5
65671,Mi1,5273.900000000001
286259,OA-ASM1,5274.4
93566,T4a,5274.500000000001
11005,OA-VUMa4,5274.7
109142,T4b,5274.8
10825,OA-AL2i3,5275.1
95458,T4d,5275.1
53065,Mi1,5275.3
287884,OA-VPM3,5275.400000000001
11264,OA-ASM1,5275.5
73828,Tm3,5275.599999999999
95883,T4a,5275.599999999999
35405,Mi1,5275.9
35498,Mi1,5276.000000000001
10072,OA-AL2i1,5276.3
42119,Mi1,5276.3
102791,T4c,5276.400000000001
10799,OA-VUMa4,5276.6
34356,Mi1,5276.7
98788,T4d,5276.8
35017,Mi1,5276.900000000001
35836,Mi1,5277.0
10322,OA-AL2i2,5277.099999999999
89434,T4c,5277.099999999999
10175,OA-VUMa6,5277.200000000001
10168,OA-VUMa6,5277.4
10265,OA-AL2i2,5277.5
35840,Mi1,5277.7
10011,OA-AL2i1,5277.9
10120,OA-VPM4,5278.2
10015,HSN,5278.3
10110,OA-VUMa1,5278.5
45005,TmY3,5278.5
91283,T4c,5278.700000000001
12109,OA-VUMa2,5278.8
35770,Mi1,5279.4
101772,Tm3,5279.5
107442,T4d,5279.5
103479,T4c,5279.6
10687,OA-AL2i3,5279.7
10658,OA-AL2i3,5279.900000000001
69380,Tm3,5280.099999999999
73096,T2a,5280.3
10041,OA-VUMa1,5280.5
11602,OA-ASM1,5280.5
90465,T4a,5280.8
34849,Mi1,5281.000000000001
109598,T4b,5281.2
66808,Tm3,5281.7
12688,OA-ASM1,5281.900000000001
12896,OA-VUMa5,5282.0
36252,Mi1,5282.1
10080,OA-VUMa3,5282.3
10187,OA-VPM3,5282.3
56564,Mi1,5282.500000000001
10185,OA-VUMa8,5282.6
10269,OA-AL2i2,5282.6
33462,Mi1,5282.6
37000,Mi1,5282.8
34189,Mi1,5283.0
50333,TmY3,5283.1
51231,TmY3,5283.3
92047,T4c,5283.3
97899,T4a,5283.5
10652,OA-AL2i4,5283.700000000001
10226,OA-AL2i3,5284.000000000001
11608,OA-VUMa2,5284.000000000001
33907,Mi1,5284.1
10204,OA-AL2i2,5284.2
10677,OA-AL2i4,5284.5
71052,T2a,5284.5
91444,T4c,5284.7
10555,OA-VUMa3,5285.3
55976,Mi1,5285.3
51122,Mi1,5285.4
34057,Mi1,5285.7
96295,T4b,5285.9
76325,T2a,5286.9
11005,OA-VUMa4,5287.0
108307,T4b,5287.4
74023,T2a,5287.6
94305,T4a,5287.6
10825,OA-AL2i3,5287.6
92114,T4c,5287.799999999999
114391,T4d,5288.1
286259,OA-ASM1,5288.200000000001
10072,OA-AL2i1,5288.400000000001
11921,OA-VPM4,5288.5
34479,Mi1,5288.5
287884,OA-VPM3,5288.6
10799,OA-VUMa4,5288.8
10175,OA-VUMa6,5288.8
11264,OA-ASM1,5288.8
99922,T4c,5288.9
10168,OA-VUMa6,5289.000000000001
65671,Mi1,5289.2
10322,OA-AL2i2,5289.3
98099,T4b,5289.400000000001
10120,OA-VPM4,5289.7
35498,Mi1,5289.8
10265,OA-AL2i2,5289.8
10011,OA-AL2i1,5289.8
10110,OA-VUMa1,5289.8
53065,Mi1,5289.900000000001
99663,T4c,5289.900000000001
42119,Mi1,5290.1
12109,OA-VUMa2,5290.3
10041,OA-VUMa1,5290.500000000001
10687,OA-AL2i3,5290.6
35405,Mi1,5290.7
35836,Mi1,5290.7
10658,OA-AL2i3,5291.0
35017,Mi1,5291.2
34356,Mi1,5291.5
110646,T4b,5291.5
35840,Mi1,5292.3
11602,OA-ASM1,5292.6
66214,T2a,5292.8
12896,OA-VUMa5,5292.900000000001
35770,Mi1,5293.099999999999
10025,H2,5293.200000000001
91469,T4c,5293.4
94624,T4a,5293.7
10269,OA-AL2i2,5294.2
52328,TmY3,5294.3
91806,T4a,5294.3
10185,OA-VUMa8,5294.400000000001
10226,OA-AL2i3,5294.5
12688,OA-ASM1,5294.599999999999
34849,Mi1,5294.599999999999
92431,T4a,5294.599999999999
11608,OA-VUMa2,5295.0
82145,T2a,5295.2
33462,Mi1,5295.3
10187,OA-VPM3,5295.4
10080,OA-VUMa3,5295.6
10204,OA-AL2i2,5296.3
97231,T4a,5296.3
36252,Mi1,5296.6
34189,Mi1,5296.8
37000,Mi1,5296.8
10652,OA-AL2i4,5297.1
56564,Mi1,5297.1
532850,Tm3,5297.2
10677,OA-AL2i4,5297.400000000001
11005,OA-VUMa4,5298.0
97872,T4d,5298.6
10555,OA-VUMa3,5298.8
51122,Mi1,5298.8
33907,Mi1,5299.0
55976,Mi1,5299.1
83365,T2a,5299.400000000001
34057,Mi1,5299.5
10825,OA-AL2i3,5300.1
95883,T4a,5300.2
10072,OA-AL2i1,5300.3
10175,OA-VUMa6,5300.400000000001
10110,OA-VUMa1,5300.6
10322,OA-AL2i2,5300.7
92706,T4a,5301.0
287884,OA-VPM3,5301.0
92996,T4a,5301.099999999999
10168,OA-VUMa6,5301.200000000001
10011,OA-AL2i1,5301.4
10658,OA-AL2i3,5301.6
286259,OA-ASM1,5301.8
10799,OA-VUMa4,5302.0
34479,Mi1,5302.0
10041,OA-VUMa1,5302.400000000001
12109,OA-VUMa2,5302.5
11921,OA-VPM4,5302.5
109536,T4d,5302.599999999999
11264,OA-ASM1,5302.700000000001
10265,OA-AL2i2,5302.8
98887,T4b,5302.8
10687,OA-AL2i3,5302.9
97675,T4c,5303.0
77383,T2a,5303.1
10120,OA-VPM4,5303.2
88625,T4c,5303.2
10015,HSN,5303.3
104257,T4b,5303.7
93566,T4a,5303.8
65671,Mi1,5304.1
12896,OA-VUMa5,5304.200000000001
53065,Mi1,5304.200000000001
35405,Mi1,5304.3
83979,T4a,5305.000000000001
11602,OA-ASM1,5305.1
35498,Mi1,5305.5
42119,Mi1,5305.5
10185,OA-VUMa8,5306.099999999999
11608,OA-VUMa2,5306.099999999999
35017,Mi1,5306.200000000001
10226,OA-AL2i3,5306.3
12688,OA-ASM1,5306.500000000001
34356,Mi1,5306.6
10269,OA-AL2i2,5306.8
35836,Mi1,5306.900000000001
92939,T4b,5307.0
35840,Mi1,5307.2
35770,Mi1,5307.3
89434,T4c,5307.3
10187,OA-VPM3,5307.9
10080,OA-VUMa3,5308.5
10204,OA-AL2i2,5308.6
10016,HSE,5309.099999999999
10072,OA-AL2i1,5309.5
33462,Mi1,5309.6
11005,OA-VUMa4,5309.7
34849,Mi1,5309.7
34189,Mi1,5310.0
66808,Tm3,5310.1
10652,OA-AL2i4,5310.400000000001
10677,OA-AL2i4,5310.5
36252,Mi1,5311.1
10555,OA-VUMa3,5311.3
37000,Mi1,5311.4
101772,Tm3,5311.6
10110,OA-VUMa1,5311.8
99423,T4d,5311.8
10825,OA-AL2i3,5311.900000000001
10175,OA-VUMa6,5311.900000000001
56564,Mi1,5312.2
10011,OA-AL2i1,5312.3
36540,Mi1,5312.3
92047,T4c,5312.5
10322,OA-AL2i2,5312.700000000001
55976,Mi1,5312.8
69597,Tm3,5312.9
33907,Mi1,5312.9
10168,OA-VUMa6,5313.2
92114,T4c,5313.3
287884,OA-VPM3,5313.400000000001
10658,OA-AL2i3,5313.6
10799,OA-VUMa4,5313.6
50333,TmY3,5313.6
98985,T4c,5313.8
51122,Mi1,5314.0
95822,T4b,5314.099999999999
34057,Mi1,5314.3
74023,T2a,5314.3
10041,OA-VUMa1,5314.4
10687,OA-AL2i3,5314.4
59397,Mi1,5314.500000000001
286259,OA-ASM1,5314.6
54087,Mi1,5314.7
98381,T4d,5314.8
12109,OA-VUMa2,5315.0
33655,Mi1,5315.0
10120,OA-VPM4,5315.400000000001
10265,OA-AL2i2,5315.400000000001
11264,OA-ASM1,5315.599999999999
94305,T4a,5315.700000000001
102791,T4c,5315.9
34479,Mi1,5316.1
106952,T4b,5316.5
12896,OA-VUMa5,5316.5
61401,T2a,5316.7
76524,Tm3,5316.8
11921,OA-VPM4,5317.0
11602,OA-ASM1,5317.4
10226,OA-AL2i3,5317.8
10185,OA-VUMa8,5317.9
65671,Mi1,5317.9
11608,OA-VUMa2,5318.1
35498,Mi1,5318.599999999999
97899,T4a,5318.599999999999
118924,Tm3,5318.8
12688,OA-ASM1,5319.1
100867,T4b,5319.2
10269,OA-AL2i2,5319.3
42119,Mi1,5319.900000000001
53065,Mi1,5320.0
34356,Mi1,5320.2
35405,Mi1,5320.3
10072,OA-AL2i1,5320.400000000001
35017,Mi1,5320.700000000001
10187,OA-VPM3,5320.9
35840,Mi1,5321.2
10080,OA-VUMa3,5321.3
95458,T4d,5321.400000000001
10204,OA-AL2i2,5321.7
10110,OA-VUMa1,5322.200000000001
99663,T4c,5322.200000000001
35836,Mi1,5322.500000000001
10652,OA-AL2i4,5322.6
11005,OA-VUMa4,5322.6
69380,Tm3,5322.8
92431,T4a,5322.8
10677,OA-AL2i4,5322.900000000001
109142,T4b,5323.1
10322,OA-AL2i2,5323.2
35770,Mi1,5323.2
10011,OA-AL2i1,5323.3
10825,OA-AL2i3,5323.3
98788,T4d,5323.5
91469,T4c,5323.599999999999
33462,Mi1,5323.700000000001
10175,OA-VUMa6,5323.8
34189,Mi1,5323.9
109598,T4b,5324.0
10555,OA-VUMa3,5324.3
37000,Mi1,5324.3
34849,Mi1,5324.400000000001
107442,T4d,5324.8
36252,Mi1,5324.900000000001
92706,T4a,5325.0
90049,T4c,5325.099999999999
10041,OA-VUMa1,5325.099999999999
10168,OA-VUMa6,5325.200000000001
10799,OA-VUMa4,5325.4
10658,OA-AL2i3,5325.5
10687,OA-AL2i3,5326.1
56564,Mi1,5326.2
91806,T4a,5326.5
287884,OA-VPM3,5326.599999999999
94624,T4a,5327.2
12109,OA-VUMa2,5327.3
55976,Mi1,5327.3
286259,OA-ASM1,5327.3
10120,OA-VPM4,5327.4
66808,Tm3,5327.500000000001
10025,H2,5327.900000000001
33907,Mi1,5328.0
51122,Mi1,5328.0
11264,OA-ASM1,5328.2
12896,OA-VUMa5,5329.1
75848,T2a,5329.1
71052,T2a,5329.2
10015,HSN,5329.3
10226,OA-AL2i3,5329.400000000001
79257,Tm3,5329.400000000001
83365,T2a,5329.400000000001
10072,OA-AL2i1,5329.5
10265,OA-AL2i2,5329.6
11602,OA-ASM1,5329.7
34479,Mi1,5329.900000000001
11608,OA-VUMa2,5330.0
34057,Mi1,5330.0
110646,T4b,5330.200000000001
10185,OA-VUMa8,5330.4
73828,Tm3,5330.7
47368,TmY3,5330.7
12688,OA-ASM1,5330.8
105698,T4c,5330.900000000001
35498,Mi1,5331.1
11921,OA-VPM4,5331.2
10269,OA-AL2i2,5331.3
65671,Mi1,5331.8
10110,OA-VUMa1,5332.3
10187,OA-VPM3,5332.400000000001
98099,T4b,5332.6
36540,Mi1,5333.0
10080,OA-VUMa3,5333.200000000001
99922,T4c,5333.3
42119,Mi1,5333.4
59397,Mi1,5333.5
11005,OA-VUMa4,5333.6
53065,Mi1,5334.0
95883,T4a,5334.299999999999
35405,Mi1,5334.400000000001
104257,T4b,5334.5
10204,OA-AL2i2,5334.599999999999
10322,OA-AL2i2,5334.8
10175,OA-VUMa6,5334.9
34356,Mi1,5334.9
35017,Mi1,5334.9
10011,OA-AL2i1,5335.3
10652,OA-AL2i4,5335.6
10677,OA-AL2i4,5335.6
10825,OA-AL2i3,5335.6
35840,Mi1,5335.900000000001
54087,Mi1,5335.900000000001
10041,OA-VUMa1,5336.1
33655,Mi1,5336.1
94305,T4a,5336.2
35836,Mi1,5336.9
10168,OA-VUMa6,5337.000000000001
10658,OA-AL2i3,5337.1
93566,T4a,5337.3
103479,T4c,5337.5
10799,OA-VUMa4,5337.6
33462,Mi1,5337.6
96295,T4b,5337.6
34189,Mi1,5337.7
37000,Mi1,5337.900000000001
10687,OA-AL2i3,5338.0
54885,TmY3,5338.0
101772,Tm3,5338.0
35770,Mi1,5338.200000000001
10555,OA-VUMa3,5338.4
10072,OA-AL2i1,5338.8
34849,Mi1,5339.1
92047,T4c,5339.3
36252,Mi1,5339.3
10120,OA-VPM4,5339.3
287884,OA-VPM3,5339.9
102791,T4c,5340.2
83979,T4a,5340.3
12109,OA-VUMa2,5340.4
97231,T4a,5340.8
33907,Mi1,5341.0
85126,T4a,5341.200000000001
56564,Mi1,5341.3
10226,OA-AL2i3,5341.3
11264,OA-ASM1,5341.5
10265,OA-AL2i2,5341.7
286259,OA-ASM1,5341.7
108307,T4b,5341.9
108349,T4d,5342.2
97675,T4c,5342.400000000001
55976,Mi1,5342.5
11602,OA-ASM1,5342.5
12896,OA-VUMa5,5342.5
10110,OA-VUMa1,5342.599999999999
92114,T4c,5342.700000000001
52328,TmY3,5342.8
80302,T2a,5342.900000000001
12688,OA-ASM1,5343.0
10185,OA-VUMa8,5343.1
51122,Mi1,5343.200000000001
34057,Mi1,5343.3
114391,T4d,5343.3
98381,T4d,5343.4
10269,OA-AL2i2,5343.6
11608,OA-VUMa2,5343.8
79345,T2a,5344.1
76325,T2a,5344.1
91444,T4c,5344.1
34479,Mi1,5344.8
11921,OA-VPM4,5345.000000000001
35498,Mi1,5345.3
11005,OA-VUMa4,5345.6
92842,T4a,5345.8
65671,Mi1,5345.900000000001
10187,OA-VPM3,5346.0
10015,HSN,5346.200000000001
10080,OA-VUMa3,5346.200000000001
10825,OA-AL2i3,5346.6
10175,OA-VUMa6,5346.8
10322,OA-AL2i2,5346.8
53065,Mi1,5347.0
10041,OA-VUMa1,5347.2
42119,Mi1,5347.400000000001
10011,OA-AL2i1,5347.5
10204,OA-AL2i2,5347.700000000001
10168,OA-VUMa6,5347.8
50333,TmY3,5348.0
35405,Mi1,5348.2
99663,T4c,5348.5
89434,T4c,5348.6
10658,OA-AL2i3,5348.7
10016,HSE,5348.8
10652,OA-AL2i4,5348.900000000001
35017,Mi1,5348.900000000001
66325,Tm3,5349.0
10677,OA-AL2i4,5349.0
10072,OA-AL2i1,5349.6
35836,Mi1,5349.8
10687,OA-AL2i3,5350.1
34356,Mi1,5350.1
10799,OA-VUMa4,5350.400000000001
45005,TmY3,5350.400000000001
59397,Mi1,5350.6
35840,Mi1,5350.8
36540,Mi1,5351.1
97899,T4a,5351.1
33462,Mi1,5351.3
10120,OA-VPM4,5351.6
91469,T4c,5352.0
33655,Mi1,5352.3
34849,Mi1,5352.3
35770,Mi1,5352.6
12109,OA-VUMa2,5352.700000000001
287884,OA-VPM3,5352.8
10555,OA-VUMa3,5353.000000000001
37000,Mi1,5353.000000000001
54087,Mi1,5353.1
10110,OA-VUMa1,5353.400000000001
34189,Mi1,5353.400000000001
98985,T4c,5353.5
77383,T2a,5353.5
66808,Tm3,5353.5
10226,OA-AL2i3,5353.5
11264,OA-ASM1,5353.900000000001
87424,T4d,5353.900000000001
10265,OA-AL2i2,5354.099999999999
10269,OA-AL2i2,5354.900000000001
10185,OA-VUMa8,5355.0
12896,OA-VUMa5,5355.0
286259,OA-ASM1,5355.0
36252,Mi1,5355.400000000001
12688,OA-ASM1,5355.5
11602,OA-ASM1,5355.599999999999
56564,Mi1,5356.0
83365,T2a,5356.0
93750,T4c,5356.6
55976,Mi1,5356.8
91806,T4a,5356.8
75521,T2a,5356.900000000001
33907,Mi1,5357.0
34057,Mi1,5357.0
51122,Mi1,5357.0
11608,OA-VUMa2,5357.099999999999
10187,OA-VPM3,5357.6
11005,OA-VUMa4,5357.6
10041,OA-VUMa1,5358.1
10080,OA-VUMa3,5358.5
10175,OA-VUMa6,5358.900000000001
10168,OA-VUMa6,5359.1
34479,Mi1,5359.1
65671,Mi1,5359.1
10011,OA-AL2i1,5359.3
11921,OA-VPM4,5359.3
10322,OA-AL2i2,5359.6
10658,OA-AL2i3,5359.6
118924,Tm3,5359.8
10072,OA-AL2i1,5359.900000000001
10825,OA-AL2i3,5360.1
74023,T2a,5360.2
10652,OA-AL2i4,5360.400000000001
69380,Tm3,5360.400000000001
35498,Mi1,5360.6
95458,T4d,5360.6
63420,Mi1,5360.700000000001
99922,T4c,5361.000000000001
98887,T4b,5361.1
10677,OA-AL2i4,5361.2
66214,T2a,5361.3
92706,T4a,5361.3
10204,OA-AL2i2,5361.400000000001
37948,Mi1,5361.400000000001
95883,T4a,5361.400000000001
88625,T4c,5361.6
42119,Mi1,5361.6
53065,Mi1,5361.900000000001
10687,OA-AL2i3,5362.3
35836,Mi1,5362.3
35405,Mi1,5362.8
10120,OA-VPM4,5363.0
10799,OA-VUMa4,5363.3
69597,Tm3,5363.400000000001
35017,Mi1,5363.599999999999
103022,T4a,5363.700000000001
10110,OA-VUMa1,5363.8
98788,T4d,5363.9
12109,OA-VUMa2,5364.4
10226,OA-AL2i3,5364.8
101772,Tm3,5364.8
35840,Mi1,5365.0
109142,T4b,5365.0
92996,T4a,5365.099999999999
34356,Mi1,5365.099999999999
36540,Mi1,5365.200000000001
34369,Mi1,5365.3
107442,T4d,5365.5
10555,OA-VUMa3,5365.6
12896,OA-VUMa5,5365.8
59397,Mi1,5365.8
94305,T4a,5365.9
33462,Mi1,5366.2
10185,OA-VUMa8,5366.400000000001
90465,T4a,5366.400000000001
10265,OA-AL2i2,5366.5
37000,Mi1,5366.8
287884,OA-VPM3,5366.8
11264,OA-ASM1,5367.0
92431,T4a,5367.200000000001
34849,Mi1,5367.3
10269,OA-AL2i2,5367.4
33655,Mi1,5367.4
51231,TmY3,5367.6
90049,T4c,5367.7
35770,Mi1,5367.8
36252,Mi1,5368.0
11608,OA-VUMa2,5368.3
10041,OA-VUMa1,5368.700000000001
47368,TmY3,5368.8
75848,T2a,5368.8
11602,OA-ASM1,5368.9
286259,OA-ASM1,5368.9
11005,OA-VUMa4,5369.1
12688,OA-ASM1,5369.2
102791,T4c,5369.3
94624,T4a,5369.400000000001
54087,Mi1,5369.400000000001
10072,OA-AL2i1,5369.5
83979,T4a,5369.7
10015,HSN,5369.8
56564,Mi1,5369.8
34057,Mi1,5369.900000000001
34189,Mi1,5370.0
10658,OA-AL2i3,5370.200000000001
10187,OA-VPM3,5370.3
71052,T2a,5370.3
10168,OA-VUMa6,5370.5
10322,OA-AL2i2,5371.0
10080,OA-VUMa3,5371.1
99663,T4c,5371.1
92047,T4c,5371.2
10825,OA-AL2i3,5371.400000000001
38767,Mi1,5371.400000000001
74228,Tm3,5371.700000000001
55976,Mi1,5371.700000000001
10011,OA-AL2i1,5371.8
10175,OA-VUMa6,5371.9
100867,T4b,5371.9
92114,T4c,5372.3
98099,T4b,5372.3
33907,Mi1,5372.4
34479,Mi1,5372.4
112744,T4d,5372.6
65671,Mi1,5372.8
106952,T4b,5373.099999999999
97028,T4c,5373.4
10016,HSE,5373.5
93566,T4a,5373.5
10652,OA-AL2i4,5373.7
11921,OA-VPM4,5373.7
51122,Mi1,5373.8
10687,OA-AL2i3,5373.8
104257,T4b,5373.9
10677,OA-AL2i4,5374.0
35498,Mi1,5374.3
10204,OA-AL2i2,5374.6
97675,T4c,5374.900000000001
42119,Mi1,5375.0
92939,T4b,5375.1
10110,OA-VUMa1,5375.200000000001
95364,T4d,5375.3
10120,OA-VPM4,5375.6
10226,OA-AL2i3,5375.6
91283,T4c,5375.6
10799,OA-VUMa4,5375.8
76524,Tm3,5375.8
98381,T4d,5375.900000000001
12109,OA-VUMa2,5376.0
10025,H2,5376.0
35836,Mi1,5376.5
35405,Mi1,5376.700000000001
53065,Mi1,5376.700000000001
66808,Tm3,5376.9
91469,T4c,5377.000000000001
34356,Mi1,5377.2
89434,T4c,5377.3
110646,T4b,5377.8
12896,OA-VUMa5,5378.0
95822,T4b,5378.200000000001
104858,T4b,5378.200000000001
10265,OA-AL2i2,5378.6
287884,OA-VPM3,5378.7
10185,OA-VUMa8,5378.8
10555,OA-VUMa3,5378.8
109598,T4b,5379.0
35017,Mi1,5379.2
11608,OA-VUMa2,5379.3
92706,T4a,5379.3
10041,OA-VUMa1,5379.5
35840,Mi1,5379.599999999999
37000,Mi1,5379.700000000001
10269,OA-AL2i2,5380.2
33462,Mi1,5380.2
96295,T4b,5380.3
103479,T4c,5380.3
11264,OA-ASM1,5380.4
97899,T4a,5380.4
50333,TmY3,5380.5
63420,Mi1,5380.6
11602,OA-ASM1,5380.7
10072,OA-AL2i1,5380.8
11005,OA-VUMa4,5381.0
36540,Mi1,5381.099999999999
12688,OA-ASM1,5381.099999999999
34849,Mi1,5381.099999999999
59397,Mi1,5381.200000000001
10322,OA-AL2i2,5381.8
10658,OA-AL2i3,5382.1
10187,OA-VPM3,5382.6
10168,OA-VUMa6,5382.7
10825,OA-AL2i3,5382.8
286259,OA-ASM1,5382.900000000001
114391,T4d,5383.0
33655,Mi1,5383.200000000001
10011,OA-AL2i1,5383.3
85126,T4a,5383.4
35770,Mi1,5383.500000000001
97872,T4d,5383.500000000001
105718,T4b,5383.6
10175,OA-VUMa6,5384.0
36252,Mi1,5384.1
54087,Mi1,5384.1
98985,T4c,5384.3
10080,OA-VUMa3,5384.5
34057,Mi1,5384.599999999999
91444,T4c,5384.599999999999
56564,Mi1,5384.9
97231,T4a,5385.000000000001
34479,Mi1,5385.1
10687,OA-AL2i3,5385.2
37948,Mi1,5385.2
34369,Mi1,5385.400000000001
99423,T4d,5385.5
34189,Mi1,5385.8
10112,VS,5386.099999999999
55976,Mi1,5386.200000000001
108307,T4b,5386.200000000001
33907,Mi1,5386.200000000001
83365,T2a,5386.3
10110,OA-VUMa1,5386.4
10204,OA-AL2i2,5386.4
10677,OA-AL2i4,5386.7
10025,H2,5386.8
10652,OA-AL2i4,5387.2
65671,Mi1,5387.3
11921,OA-VPM4,5387.400000000001
10120,OA-VPM4,5387.5
12109,OA-VUMa2,5387.5
35498,Mi1,5387.599999999999
51122,Mi1,5387.599999999999
93750,T4c,5387.599999999999
10037,VS,5387.9
532850,Tm3,5388.0
10226,OA-AL2i3,5388.1
10799,OA-VUMa4,5388.4
97249,T4d,5388.6
12896,OA-VUMa5,5388.900000000001
42119,Mi1,5389.200000000001
95883,T4a,5390.1
287884,OA-VPM3,5390.2
73828,Tm3,5390.400000000001
95005,T4a,5390.400000000001
38767,Mi1,5390.5
61401,T2a,5390.5
10185,OA-VUMa8,5390.6
35405,Mi1,5390.7
88625,T4c,5390.7
77383,T2a,5390.8
34356,Mi1,5390.900000000001
10041,OA-VUMa1,5391.200000000001
53065,Mi1,5391.3
11608,OA-VUMa2,5391.500000000001
35836,Mi1,5391.6
10265,OA-AL2i2,5391.8
10269,OA-AL2i2,5391.8
11005,OA-VUMa4,5392.0
95458,T4d,5392.2
10015,HSN,5392.599999999999
10555,OA-VUMa3,5392.599999999999
35017,Mi1,5392.8
10072,OA-AL2i1,5393.000000000001
12688,OA-ASM1,5393.1
33462,Mi1,5393.1
94305,T4a,5393.1
37000,Mi1,5393.3
10658,OA-AL2i3,5393.400000000001
11602,OA-ASM1,5393.5
35840,Mi1,5393.8
10322,OA-AL2i2,5394.200000000001
10168,OA-VUMa6,5394.3
10825,OA-AL2i3,5394.4
10187,OA-VPM3,5394.6
11264,OA-ASM1,5394.8
34849,Mi1,5394.8
92431,T4a,5394.8
10011,OA-AL2i1,5394.900000000001
101772,Tm3,5395.1
83979,T4a,5395.2
36540,Mi1,5395.3
91806,T4a,5395.5
286259,OA-ASM1,5395.5
10175,OA-VUMa6,5396.2
99922,T4c,5396.6
10687,OA-AL2i3,5396.900000000001
118924,Tm3,5396.900000000001
10080,OA-VUMa3,5397.0
74023,T2a,5397.099999999999
59397,Mi1,5397.099999999999
10110,OA-VUMa1,5397.4
63420,Mi1,5397.8
92114,T4c,5397.9
39158,Mi1,5398.000000000001
33655,Mi1,5398.1
34057,Mi1,5398.1
56564,Mi1,5398.6
52328,TmY3,5398.7
10677,OA-AL2i4,5398.8
76325,T2a,5398.8
12109,OA-VUMa2,5399.0
34189,Mi1,5399.0
54087,Mi1,5399.1
10204,OA-AL2i2,5399.200000000001
95681,T4a,5399.200000000001
10226,OA-AL2i3,5399.3
10016,HSE,5399.500000000001
65671,Mi1,5399.7
10120,OA-VPM4,5399.8
35770,Mi1,5399.8
55976,Mi1,5399.900000000001
34479,Mi1,5400.0
10652,OA-AL2i4,5400.3
34369,Mi1,5400.5
41809,Mi1,5400.599999999999
94624,T4a,5400.700000000001
36252,Mi1,5400.8
11921,OA-VPM4,5400.9
35498,Mi1,5400.9
10799,OA-VUMa4,5401.000000000001
51122,Mi1,5401.1
12896,OA-VUMa5,5401.2
33907,Mi1,5401.7
109536,T4d,5402.7
10041,OA-VUMa1,5403.1
11005,OA-VUMa4,5403.1
34045,Mi1,5403.1
37948,Mi1,5403.2
11608,OA-VUMa2,5403.3
287884,OA-VPM3,5403.3
32893,Mi1,5403.400000000001
69380,Tm3,5403.5
10072,OA-AL2i1,5403.8
69597,Tm3,5403.8
98788,T4d,5403.8
99663,T4c,5403.8
42119,Mi1,5403.9
105698,T4c,5404.0
109142,T4b,5404.0
10185,OA-VUMa8,5404.0
102791,T4c,5404.2
34862,Mi1,5404.3
38479,Mi1,5404.5
53065,Mi1,5404.5
10269,OA-AL2i2,5404.7
10658,OA-AL2i3,5404.7
33446,Mi1,5404.799999999999
35405,Mi1,5404.900000000001
10265,OA-AL2i2,5405.3
34356,Mi1,5405.3
92706,T4a,5405.3
12688,OA-ASM1,5405.400000000001
35836,Mi1,5405.400000000001
10555,OA-VUMa3,5405.6
10168,OA-VUMa6,5406.000000000001
38767,Mi1,5406.1
10322,OA-AL2i2,5406.2
10825,OA-AL2i3,5406.3
33462,Mi1,5406.3
91469,T4c,5406.400000000001
10187,OA-VPM3,5406.7
50333,TmY3,5406.7
10011,OA-AL2i1,5406.8
92047,T4c,5406.900000000001
102462,T4c,5406.900000000001
47368,TmY3,5407.0
35017,Mi1,5407.1
10687,OA-AL2i3,5407.200000000001
37019,Mi1,5407.200000000001
97899,T4a,5407.200000000001
66808,Tm3,5407.3
89434,T4c,5407.3
107442,T4d,5407.3
11602,OA-ASM1,5407.4
35840,Mi1,5407.500000000001
79271,T4a,5407.500000000001
10175,OA-VUMa6,5407.8
73096,T2a,5407.8
11264,OA-ASM1,5407.900000000001
10110,OA-VUMa1,5408.0
98887,T4b,5408.1
104257,T4b,5408.1
103479,T4c,5408.2
97675,T4c,5408.400000000001
34849,Mi1,5408.700000000001
37000,Mi1,5408.700000000001
71052,T2a,5408.8
75521,T2a,5409.2
45005,TmY3,5409.400000000001
79345,T2a,5409.5
286259,OA-ASM1,5409.5
10080,OA-VUMa3,5409.5
116716,T4b,5409.6
12109,OA-VUMa2,5409.7
92996,T4a,5409.8
83365,T2a,5409.900000000001
10015,HSN,5410.0
90049,T4c,5410.4
36540,Mi1,5410.7
10226,OA-AL2i3,5410.8
34057,Mi1,5411.0
89368,T4c,5411.0
10204,OA-AL2i2,5411.5
10677,OA-AL2i4,5411.599999999999
10120,OA-VPM4,5411.700000000001
75848,T2a,5411.700000000001
108349,T4d,5411.8
80302,T2a,5411.9
59397,Mi1,5412.0
12896,OA-VUMa5,5412.0
10652,OA-AL2i4,5412.7
106952,T4b,5413.3
51231,TmY3,5413.400000000001
56564,Mi1,5413.400000000001
93566,T4a,5413.5
33655,Mi1,5413.9
55976,Mi1,5413.9
34189,Mi1,5414.000000000001
10041,OA-VUMa1,5414.1
34479,Mi1,5414.1
35770,Mi1,5414.1
54087,Mi1,5414.1
63420,Mi1,5414.2
98985,T4c,5414.5
10799,OA-VUMa4,5414.6
11608,OA-VUMa2,5414.8
10072,OA-AL2i1,5414.8
11005,OA-VUMa4,5414.900000000001
65671,Mi1,5414.900000000001
98099,T4b,5415.0
287884,OA-VPM3,5415.0
11921,OA-VPM4,5415.3
96295,T4b,5415.500000000001
35498,Mi1,5415.6
36252,Mi1,5415.6
51122,Mi1,5416.1
10658,OA-AL2i3,5416.2
34369,Mi1,5416.400000000001
42119,Mi1,5416.8
95883,T4a,5416.8
10168,OA-VUMa6,5416.9
85126,T4a,5417.000000000001
10185,OA-VUMa8,5417.000000000001
10269,OA-AL2i2,5417.000000000001
91283,T4c,5417.2
39158,Mi1,5417.400000000001
10322,OA-AL2i2,5417.6
33907,Mi1,5417.7
10265,OA-AL2i2,5417.8
35405,Mi1,5417.900000000001
37948,Mi1,5417.900000000001
10011,OA-AL2i1,5418.099999999999
71161,T2a,5418.099999999999
10825,OA-AL2i3,5418.3
12688,OA-ASM1,5418.7
10687,OA-AL2i3,5418.9
100867,T4b,5419.0
10187,OA-VPM3,5419.3
10025,H2,5419.3
35836,Mi1,5419.3
10555,OA-VUMa3,5419.400000000001
34356,Mi1,5419.5
10110,OA-VUMa1,5419.5
101772,Tm3,5419.599999999999
10175,OA-VUMa6,5419.8
66214,T2a,5419.9
53065,Mi1,5420.0
86686,T4c,5420.0
41809,Mi1,5420.1
93750,T4c,5420.5
33462,Mi1,5420.6
11602,OA-ASM1,5420.7
92842,T4a,5421.1
35017,Mi1,5421.3
10226,OA-AL2i3,5421.6
11264,OA-ASM1,5421.6
109598,T4b,5421.700000000001
10080,OA-VUMa3,5421.8
101215,T4c,5421.8
98381,T4d,5421.9
37000,Mi1,5422.1
89290,T4d,5422.1
38767,Mi1,5422.3
12109,OA-VUMa2,5422.5
66325,Tm3,5422.6
74023,T2a,5422.6
35840,Mi1,5422.8
34045,Mi1,5422.900000000001
34849,Mi1,5422.900000000001
90465,T4a,5422.900000000001
83979,T4a,5423.0
10120,OA-VPM4,5423.200000000001
12896,OA-VUMa5,5423.4
286259,OA-ASM1,5423.500000000001
33446,Mi1,5423.6
34862,Mi1,5423.8
10204,OA-AL2i2,5423.900000000001
34057,Mi1,5424.0
108307,T4b,5424.1
92431,T4a,5424.2
110646,T4b,5424.3
10041,OA-VUMa1,5424.400000000001
10677,OA-AL2i4,5424.400000000001
37019,Mi1,5424.400000000001
36540,Mi1,5424.5
116129,T4b,5424.8
38479,Mi1,5425.1
32893,Mi1,5425.3
91469,T4c,5425.3
10652,OA-AL2i4,5425.6
91806,T4a,5425.7
59397,Mi1,5425.8
97231,T4a,5425.8
92114,T4c,5426.200000000001
10072,OA-AL2i1,5426.5
11608,OA-VUMa2,5426.6
10658,OA-AL2i3,5427.0
55976,Mi1,5427.0
73828,Tm3,5427.5
10168,OA-VUMa6,5427.700000000001
11005,OA-VUMa4,5427.700000000001
34189,Mi1,5427.8
10016,HSE,5428.0
10799,OA-VUMa4,5428.1
56564,Mi1,5428.1
10269,OA-AL2i2,5428.5
287884,OA-VPM3,5428.5
35770,Mi1,5428.7
10015,HSN,5428.8
34479,Mi1,5428.900000000001
63420,Mi1,5428.900000000001
10322,OA-AL2i2,5428.900000000001
105718,T4b,5429.0
54087,Mi1,5429.1
35498,Mi1,5429.200000000001
33655,Mi1,5429.3
65671,Mi1,5429.3
10185,OA-VUMa8,5429.400000000001
36252,Mi1,5429.6
11921,OA-VPM4,5429.700000000001
10011,OA-AL2i1,5429.8
61401,T2a,5429.8
10265,OA-AL2i2,5429.9
532850,Tm3,5429.9
51122,Mi1,5430.400000000001
10110,OA-VUMa1,5430.7
91444,T4c,5430.7
34369,Mi1,5430.900000000001
10687,OA-AL2i3,5431.4
10175,OA-VUMa6,5431.6
10825,OA-AL2i3,5431.7
12688,OA-ASM1,5431.7
35405,Mi1,5431.8
42119,Mi1,5431.8
97899,T4a,5432.0
10226,OA-AL2i3,5432.1
97028,T4c,5432.1
50333,TmY3,5432.2
10555,OA-VUMa3,5432.2
37948,Mi1,5432.2
10187,OA-VPM3,5432.3
92706,T4a,5432.3
103022,T4a,5432.3
94624,T4a,5432.400000000001
94305,T4a,5432.5
99922,T4c,5432.599999999999
92939,T4b,5432.599999999999
95005,T4a,5432.700000000001
95458,T4d,5432.9
33907,Mi1,5433.1
95364,T4d,5433.1
99663,T4c,5433.3
39158,Mi1,5433.400000000001
35836,Mi1,5433.6
10025,H2,5433.7
12109,OA-VUMa2,5433.8
89434,T4c,5434.200000000001
98788,T4d,5434.3
53065,Mi1,5434.4
11602,OA-ASM1,5434.5
35017,Mi1,5434.6
77383,T2a,5434.7
10041,OA-VUMa1,5434.7
88625,T4c,5434.8
10120,OA-VPM4,5434.9
11264,OA-ASM1,5435.0
34356,Mi1,5435.1
104257,T4b,5435.3
10023,HSS,5435.400000000001
10072,OA-AL2i1,5435.400000000001
10080,OA-VUMa3,5435.400000000001
10204,OA-AL2i2,5435.5
33462,Mi1,5435.5
122308,Tm3,5435.599999999999
12896,OA-VUMa5,5436.0
79257,Tm3,5436.4
104858,T4b,5436.4
52328,TmY3,5436.8
37000,Mi1,5436.8
118924,Tm3,5437.200000000001
34849,Mi1,5437.5
10677,OA-AL2i4,5437.6
35840,Mi1,5437.6
38767,Mi1,5437.6
34057,Mi1,5437.8
73284,T2a,5437.8
286259,OA-ASM1,5437.8
10658,OA-AL2i3,5437.9
41809,Mi1,5437.9
66808,Tm3,5438.1
36540,Mi1,5438.2
10652,OA-AL2i4,5438.3
102791,T4c,5438.400000000001
11608,OA-VUMa2,5438.5
34862,Mi1,5438.5
95822,T4b,5438.6
112744,T4d,5438.7
109142,T4b,5439.099999999999
97675,T4c,5439.099999999999
10168,OA-VUMa6,5439.200000000001
11005,OA-VUMa4,5439.4
10015,HSN,5439.500000000001
10037,VS,5439.7
54885,TmY3,5439.7
83365,T2a,5439.8
33446,Mi1,5440.0
34045,Mi1,5440.2
38479,Mi1,5440.3
287884,OA-VPM3,5440.5
10016,HSE,5440.599999999999
10269,OA-AL2i2,5440.599999999999
92047,T4c,5440.700000000001
98300,T4a,5440.700000000001
114391,T4d,5440.700000000001
90049,T4c,5441.0
10322,OA-AL2i2,5441.0
59397,Mi1,5441.0
95883,T4a,5441.3
69597,Tm3,5441.400000000001
87424,T4d,5441.5
91283,T4c,5441.5
103479,T4c,5441.6
10110,OA-VUMa1,5441.7
32893,Mi1,5441.8
37019,Mi1,5441.900000000001
47368,TmY3,5441.900000000001
10112,VS,5442.0
10799,OA-VUMa4,5442.0
55976,Mi1,5442.0
56564,Mi1,5442.0
71052,T2a,5442.0
34479,Mi1,5442.200000000001
10185,OA-VUMa8,5442.200000000001
10011,OA-AL2i1,5442.3
54087,Mi1,5442.3
99423,T4d,5442.3
11921,OA-VPM4,5442.5
106952,T4b,5442.5
35498,Mi1,5442.6
34189,Mi1,5442.9
63420,Mi1,5442.9
93566,T4a,5442.9
10687,OA-AL2i3,5443.1
65671,Mi1,5443.2
10175,OA-VUMa6,5443.3
10265,OA-AL2i2,5443.3
69380,Tm3,5443.3
35770,Mi1,5443.700000000001
95681,T4a,5444.1
33655,Mi1,5444.2
10226,OA-AL2i3,5444.4
10825,OA-AL2i3,5444.5
36252,Mi1,5444.6
101772,Tm3,5444.7
12109,OA-VUMa2,5444.8
10041,OA-VUMa1,5445.2
10072,OA-AL2i1,5445.2
51122,Mi1,5445.2
12688,OA-ASM1,5445.3
79271,T4a,5445.400000000001
10187,OA-VPM3,5445.6
35405,Mi1,5445.6
34369,Mi1,5445.700000000001
75521,T2a,5445.700000000001
98985,T4c,5445.700000000001
10555,OA-VUMa3,5445.9
37948,Mi1,5446.000000000001
33907,Mi1,5446.000000000001
42119,Mi1,5446.5
35836,Mi1,5446.6
10120,OA-VPM4,5446.8
83689,T4a,5447.0
97171,T4d,5447.099999999999
11602,OA-ASM1,5447.4
98887,T4b,5447.4
98668,T4a,5447.6
12896,OA-VUMa5,5448.0
35017,Mi1,5448.1
107442,T4d,5448.1
10080,OA-VUMa3,5448.400000000001
34356,Mi1,5448.5
11264,OA-ASM1,5448.700000000001
89290,T4d,5448.700000000001
105698,T4c,5448.8
98381,T4d,5448.8
10204,OA-AL2i2,5448.9
53065,Mi1,5449.0
92431,T4a,5449.0
10658,OA-AL2i3,5449.1
101873,T4b,5449.400000000001
33462,Mi1,5449.6
100867,T4b,5449.7
101043,T4c,5449.7
83979,T4a,5449.7
91469,T4c,5450.0
117627,Tm3,5450.0
39158,Mi1,5450.099999999999
75848,T2a,5450.099999999999
37000,Mi1,5450.5
10168,OA-VUMa6,5450.7
10652,OA-AL2i4,5450.8
94305,T4a,5450.9
34057,Mi1,5450.9
11005,OA-VUMa4,5450.9
11608,OA-VUMa2,5450.9
38767,Mi1,5451.1
10677,OA-AL2i4,5451.2
34849,Mi1,5451.2
10269,OA-AL2i2,5451.599999999999
35840,Mi1,5451.599999999999
91806,T4a,5451.599999999999
92996,T4a,5451.599999999999
90121,T4b,5451.700000000001
101005,T4d,5451.700000000001
286259,OA-ASM1,5451.9
10110,OA-VUMa1,5452.0
36540,Mi1,5452.4
76524,Tm3,5452.500000000001
77480,Tm3,5452.7
10025,H2,5452.8
10322,OA-AL2i2,5452.900000000001
10015,HSN,5453.2
10037,VS,5453.3
287884,OA-VPM3,5453.5
10011,OA-AL2i1,5453.6
34862,Mi1,5453.700000000001
97249,T4d,5453.700000000001
92114,T4c,5453.8
96295,T4b,5454.000000000001
76325,T2a,5454.1
38479,Mi1,5454.2
10072,OA-AL2i1,5454.6
110646,T4b,5454.6
98099,T4b,5454.7
99922,T4c,5454.7
74023,T2a,5454.8
10799,OA-VUMa4,5454.8
33446,Mi1,5454.8
10016,HSE,5454.900000000001
10175,OA-VUMa6,5454.900000000001
59397,Mi1,5454.900000000001
101215,T4c,5454.900000000001
10185,OA-VUMa8,5455.0
50333,TmY3,5455.0
41809,Mi1,5455.099999999999
85126,T4a,5455.099999999999
117662,T4d,5455.200000000001
51231,TmY3,5455.4
101383,T4b,5455.4
55976,Mi1,5455.500000000001
10687,OA-AL2i3,5455.6
34045,Mi1,5455.6
89368,T4c,5455.8
10041,OA-VUMa1,5455.900000000001
10226,OA-AL2i3,5455.900000000001
68522,T2a,5456.1
108307,T4b,5456.1
10265,OA-AL2i2,5456.2
34189,Mi1,5456.2
54087,Mi1,5456.2
12109,OA-VUMa2,5456.3
63420,Mi1,5456.3
93750,T4c,5456.3
11921,OA-VPM4,5456.5
34479,Mi1,5456.599999999999
37019,Mi1,5456.700000000001
35498,Mi1,5456.8
56564,Mi1,5456.9
65671,Mi1,5457.400000000001
10825,OA-AL2i3,5457.6
12688,OA-ASM1,5458.0
33655,Mi1,5458.0
10112,VS,5458.099999999999
35770,Mi1,5458.6
102462,T4c,5458.6
12896,OA-VUMa5,5458.7
97899,T4a,5458.7
37948,Mi1,5458.9
10555,OA-VUMa3,5458.9
10187,OA-VPM3,5459.0
100787,T4b,5459.1
32893,Mi1,5459.2
35405,Mi1,5459.400000000001
109598,T4b,5459.5
92706,T4a,5459.8
34369,Mi1,5459.8
91682,T4b,5459.9
89434,T4c,5460.0
11602,OA-ASM1,5460.200000000001
51122,Mi1,5460.200000000001
99663,T4c,5460.200000000001
109649,T4c,5460.3
35836,Mi1,5460.4
36252,Mi1,5460.4
10658,OA-AL2i3,5460.500000000001
88035,Tm3,5460.500000000001
104257,T4b,5460.500000000001
66808,Tm3,5460.6
92842,T4a,5460.6
10120,OA-VPM4,5460.8
33907,Mi1,5461.0
42119,Mi1,5461.3
99628,T4b,5461.5
10080,OA-VUMa3,5461.6
10168,OA-VUMa6,5461.9
10025,H2,5462.1
11608,OA-VUMa2,5462.1
71161,T2a,5462.1
34356,Mi1,5462.2
10204,OA-AL2i2,5462.400000000001
11005,OA-VUMa4,5462.6
10652,OA-AL2i4,5462.7
33462,Mi1,5462.7
11264,OA-ASM1,5462.8
10110,OA-VUMa1,5462.900000000001
95005,T4a,5462.900000000001
95822,T4b,5462.900000000001
105718,T4b,5462.900000000001
92939,T4b,5463.099999999999
53065,Mi1,5463.200000000001
102791,T4c,5463.4
73586,Tm3,5463.6
10072,OA-AL2i1,5463.7
35017,Mi1,5463.900000000001
10677,OA-AL2i4,5464.0
10269,OA-AL2i2,5464.1
94624,T4a,5464.2
10322,OA-AL2i2,5464.400000000001
34057,Mi1,5464.599999999999
37000,Mi1,5464.599999999999
91444,T4c,5464.599999999999
98788,T4d,5464.599999999999
34849,Mi1,5464.700000000001
92644,T4d,5464.700000000001
95458,T4d,5464.700000000001
97675,T4c,5464.700000000001
95453,T4a,5465.3
93972,T4a,5465.400000000001
10011,OA-AL2i1,5465.5
39158,Mi1,5465.6
38767,Mi1,5465.8
286259,OA-ASM1,5465.8
80302,T2a,5465.900000000001
35840,Mi1,5466.0
66214,T2a,5466.4
10175,OA-VUMa6,5466.5
101772,Tm3,5466.5
92047,T4c,5466.6
10041,OA-VUMa1,5466.9
47368,TmY3,5467.0
73828,Tm3,5467.0
36540,Mi1,5467.1
66325,Tm3,5467.1
287884,OA-VPM3,5467.1
10015,HSN,5467.2
95883,T4a,5467.2
90049,T4c,5467.400000000001
10799,OA-VUMa4,5467.400000000001
10226,OA-AL2i3,5467.5
83365,T2a,5467.5
97872,T4d,5467.5
10687,OA-AL2i3,5467.700000000001
34862,Mi1,5467.700000000001
10185,OA-VUMa8,5468.1
12109,OA-VUMa2,5468.3
59397,Mi1,5468.3
91283,T4c,5468.4
69380,Tm3,5468.500000000001
91469,T4c,5468.7
106793,T4d,5468.7
33446,Mi1,5468.8
108349,T4d,5468.8
97231,T4a,5469.2
41809,Mi1,5469.400000000001
38479,Mi1,5469.400000000001
10825,OA-AL2i3,5469.6
34045,Mi1,5469.6
10265,OA-AL2i2,5469.700000000001
35498,Mi1,5469.9
45005,TmY3,5470.000000000001
34479,Mi1,5470.1
12896,OA-VUMa5,5470.2
56564,Mi1,5470.3
71052,T2a,5470.3
54087,Mi1,5470.400000000001
55976,Mi1,5470.400000000001
10037,VS,5470.5
11921,OA-VPM4,5470.900000000001
12688,OA-ASM1,5471.0
34189,Mi1,5471.200000000001
10016,HSE,5471.500000000001
10555,OA-VUMa3,5471.7
10023,HSS,5471.7
63420,Mi1,5471.8
69597,Tm3,5471.8
10658,OA-AL2i3,5471.900000000001
10187,OA-VPM3,5472.1
65671,Mi1,5472.1
37019,Mi1,5472.3
73096,T2a,5472.3
97028,T4c,5472.3
10025,H2,5472.5
33655,Mi1,5472.599999999999
37948,Mi1,5472.599999999999
73807,Tm3,5472.8
35405,Mi1,5473.0
10168,OA-VUMa6,5473.1
34369,Mi1,5473.2
35770,Mi1,5473.3
10110,OA-VUMa1,5473.6
112744,T4d,5473.7
11602,OA-ASM1,5474.0
11608,OA-VUMa2,5474.0
10120,OA-VPM4,5474.200000000001
97899,T4a,5474.200000000001
10072,OA-AL2i1,5474.3
10080,OA-VUMa3,5474.4
11005,OA-VUMa4,5474.5
61659,Tm3,5474.5
98300,T4a,5474.5
74228,Tm3,5474.6
75521,T2a,5474.6
86686,T4c,5474.6
10652,OA-AL2i4,5474.8
33907,Mi1,5474.9
36252,Mi1,5474.9
42119,Mi1,5475.0
32893,Mi1,5475.1
98985,T4c,5475.1
35836,Mi1,5475.299999999999
51122,Mi1,5475.299999999999
109857,T4d,5475.400000000001
10112,VS,5475.700000000001
92431,T4a,5476.1
33462,Mi1,5476.200000000001
10677,OA-AL2i4,5476.4
112321,T4d,5476.4
10269,OA-AL2i2,5476.6
34356,Mi1,5476.6
10204,OA-AL2i2,5476.7
10322,OA-AL2i2,5476.7
10011,OA-AL2i1,5476.900000000001
11264,OA-ASM1,5476.900000000001
34057,Mi1,5477.0
98381,T4d,5477.2
116129,T4b,5477.2
10041,OA-VUMa1,5477.3
88625,T4c,5477.5
77383,T2a,5477.700000000001
10175,OA-VUMa6,5477.8
103022,T4a,5477.8
67719,T2a,5477.9
35017,Mi1,5478.1
53065,Mi1,5478.3
34849,Mi1,5478.400000000001
50333,TmY3,5478.5
122308,Tm3,5478.5
104858,T4b,5478.6
98887,T4b,5478.7
94305,T4a,5478.7
91806,T4a,5478.7
83979,T4a,5478.7
79271,T4a,5478.7
10226,OA-AL2i3,5479.0
10687,OA-AL2i3,5479.099999999999
38767,Mi1,5479.3
109142,T4b,5479.3
66808,Tm3,5479.500000000001
286259,OA-ASM1,5479.500000000001
37000,Mi1,5479.500000000001
107442,T4d,5479.6
12109,OA-VUMa2,5479.7
74023,T2a,5479.900000000001
109536,T4d,5479.900000000001
99663,T4c,5480.1
39158,Mi1,5480.2
35840,Mi1,5480.2
92706,T4a,5480.3
10799,OA-VUMa4,5480.3
100867,T4b,5480.5
10185,OA-VUMa8,5480.599999999999
93566,T4a,5480.700000000001
12896,OA-VUMa5,5480.8
287884,OA-VPM3,5480.8
99922,T4c,5480.9
92114,T4c,5481.1
51231,TmY3,5481.4
118924,Tm3,5481.4
105698,T4c,5481.5
10825,OA-AL2i3,5481.8
36540,Mi1,5481.900000000001
532850,Tm3,5481.900000000001
79345,T2a,5482.099999999999
10015,HSN,5482.200000000001
95681,T4a,5482.5
104008,T4b,5482.5
59397,Mi1,5482.5
10265,OA-AL2i2,5482.7
98099,T4b,5482.8
61401,T2a,5482.9
90465,T4a,5482.9
34862,Mi1,5483.0
35498,Mi1,5483.2
110646,T4b,5483.400000000001
73284,T2a,5483.400000000001
34479,Mi1,5483.400000000001
12688,OA-ASM1,5483.400000000001
10658,OA-AL2i3,5483.5
89368,T4c,5483.5
34045,Mi1,5483.6
38479,Mi1,5483.6
41809,Mi1,5483.8
103479,T4c,5484.0
10037,VS,5484.0
10016,HSE,5484.1
33446,Mi1,5484.1
10187,OA-VPM3,5484.200000000001
55976,Mi1,5484.200000000001
106952,T4b,5484.200000000001
10110,OA-VUMa1,5484.3
10555,OA-VUMa3,5484.4
10168,OA-VUMa6,5484.8
11921,OA-VPM4,5484.8
54087,Mi1,5484.8
56564,Mi1,5484.900000000001
109631,T4b,5485.2
114391,T4d,5485.2
11005,OA-VUMa4,5485.3
11608,OA-VUMa2,5485.400000000001
92047,T4c,5486.000000000001
10025,H2,5486.1
89434,T4c,5486.1
10072,OA-AL2i1,5486.3
65671,Mi1,5486.3
83227,Tm3,5486.3
35405,Mi1,5486.400000000001
101772,Tm3,5486.400000000001
34189,Mi1,5486.6
11602,OA-ASM1,5486.6
10120,OA-VPM4,5486.6
10652,OA-AL2i4,5486.7
34369,Mi1,5486.7
91444,T4c,5486.7
109598,T4b,5487.0
37948,Mi1,5487.099999999999
33655,Mi1,5487.200000000001
37019,Mi1,5487.5
10041,OA-VUMa1,5487.5
10080,OA-VUMa3,5487.6
35770,Mi1,5487.6
10011,OA-AL2i1,5487.900000000001
94624,T4a,5487.900000000001
10322,OA-AL2i2,5488.0
10677,OA-AL2i4,5488.1
10269,OA-AL2i2,5488.2
58862,Mi1,5488.3
47368,TmY3,5488.400000000001
63420,Mi1,5488.5
95364,T4d,5488.599999999999
51122,Mi1,5488.700000000001
95335,T4a,5488.700000000001
10175,OA-VUMa6,5489.0
42119,Mi1,5489.0
36252,Mi1,5489.2
36446,Mi1,5489.3
33907,Mi1,5489.3
34356,Mi1,5489.7
94179,T4a,5489.8
52328,TmY3,5489.900000000001
10204,OA-AL2i2,5490.0
32893,Mi1,5490.0
85126,T4a,5490.099999999999
10226,OA-AL2i3,5490.4
34933,Mi1,5490.4
89290,T4d,5490.5
91469,T4c,5490.5
92939,T4b,5490.5
117627,Tm3,5490.5
10687,OA-AL2i3,5490.7
33462,Mi1,5490.9
35836,Mi1,5491.0
11264,OA-ASM1,5491.0
34057,Mi1,5491.1
95883,T4a,5491.3
98668,T4a,5491.3
53065,Mi1,5491.400000000001
12109,OA-VUMa2,5491.5
97675,T4c,5491.5
97899,T4a,5491.5
35017,Mi1,5491.6
102791,T4c,5491.6
104257,T4b,5491.700000000001
83689,T4a,5491.8
101005,T4d,5491.8
96295,T4b,5492.0
10799,OA-VUMa4,5492.1
92996,T4a,5492.4
90049,T4c,5492.4
95822,T4b,5492.500000000001
36217,Mi1,5492.7
10185,OA-VUMa8,5492.900000000001
75848,T2a,5493.0
286259,OA-ASM1,5493.0
34849,Mi1,5493.1
98788,T4d,5493.2
37000,Mi1,5493.3
10023,HSS,5493.5
36954,Mi1,5493.5
101215,T4c,5493.6
12896,OA-VUMa5,5493.6
10015,HSN,5493.6
10112,VS,5493.6
95458,T4d,5493.700000000001
10825,OA-AL2i3,5493.700000000001
38767,Mi1,5493.700000000001
71161,T2a,5493.700000000001
95005,T4a,5493.9
35840,Mi1,5493.9
116716,T4b,5494.000000000001
287884,OA-VPM3,5494.3
10110,OA-VUMa1,5494.400000000001
10265,OA-AL2i2,5494.5
36533,Mi1,5494.6
39158,Mi1,5494.7
97028,T4c,5494.7
97231,T4a,5495.0
54885,TmY3,5495.099999999999
93750,T4c,5495.099999999999
76325,T2a,5495.3
99423,T4d,5495.4
10658,OA-AL2i3,5495.5
103639,T4d,5495.8
83365,T2a,5495.900000000001
12688,OA-ASM1,5496.1
102016,T4a,5496.2
10016,HSE,5496.2
11005,OA-VUMa4,5496.2
41809,Mi1,5496.400000000001
10025,H2,5496.599999999999
10187,OA-VPM3,5496.599999999999
33942,Mi1,5496.599999999999
59397,Mi1,5496.599999999999
10555,OA-VUMa3,5496.700000000001
35498,Mi1,5496.700000000001
108307,T4b,5496.8
34479,Mi1,5496.9
34862,Mi1,5497.0
11608,OA-VUMa2,5497.1
105718,T4b,5497.3
10168,OA-VUMa6,5497.4
36540,Mi1,5497.4
10041,OA-VUMa1,5497.4
10072,OA-AL2i1,5497.5
49324,Mi1,5497.5
91283,T4c,5497.6
101685,T4b,5497.8
10037,VS,5498.099999999999
34045,Mi1,5498.200000000001
55976,Mi1,5498.200000000001
33446,Mi1,5498.4
10011,OA-AL2i1,5498.6
10120,OA-VPM4,5499.1
38479,Mi1,5499.1
10652,OA-AL2i4,5499.3
11921,OA-VPM4,5499.3
69380,Tm3,5499.3
54087,Mi1,5499.400000000001
66808,Tm3,5499.400000000001
56564,Mi1,5499.5
10322,OA-AL2i2,5499.5
11602,OA-ASM1,5499.6
112744,T4d,5500.0
35405,Mi1,5500.200000000001
102462,T4c,5500.200000000001
10080,OA-VUMa3,5500.500000000001
10269,OA-AL2i2,5500.500000000001
97161,T4a,5500.6
65671,Mi1,5500.6
10677,OA-AL2i4,5500.8
10175,OA-VUMa6,5500.900000000001
91682,T4b,5500.900000000001
33655,Mi1,5501.0
34189,Mi1,5501.1
92842,T4a,5501.2
10226,OA-AL2i3,5501.3
10687,OA-AL2i3,5501.599999999999
37948,Mi1,5501.700000000001
10204,OA-AL2i2,5501.9
34369,Mi1,5501.9
35770,Mi1,5502.400000000001
50333,TmY3,5502.900000000001
34356,Mi1,5503.0
12109,OA-VUMa2,5503.099999999999
63420,Mi1,5503.5
10015,HSN,5503.6
36252,Mi1,5503.6
10799,OA-VUMa4,5503.7
42119,Mi1,5503.7
68562,T2a,5503.7
37019,Mi1,5503.8
33907,Mi1,5504.1
95681,T4a,5504.1
11264,OA-ASM1,5504.1
92706,T4a,5504.3
51122,Mi1,5504.3
104297,T4a,5504.5
33462,Mi1,5504.700000000001
32893,Mi1,5504.8
10825,OA-AL2i3,5505.2
12896,OA-VUMa5,5505.2
35836,Mi1,5505.2
75521,T2a,5505.4
104683,T4b,5505.4
34057,Mi1,5505.5
74231,Tm3,5505.5
92431,T4a,5505.5
66980,T2a,5505.6
10185,OA-VUMa8,5505.7
97171,T4d,5505.8
98300,T4a,5505.8
10110,OA-VUMa1,5506.0
53065,Mi1,5506.099999999999
286259,OA-ASM1,5506.200000000001
35017,Mi1,5506.5
47368,TmY3,5506.5
37000,Mi1,5506.8
34849,Mi1,5506.9
38767,Mi1,5507.0
66214,T2a,5507.1
81995,Tm3,5507.1
10265,OA-AL2i2,5507.3
287884,OA-VPM3,5507.3
103022,T4a,5507.400000000001
10658,OA-AL2i3,5507.5
35840,Mi1,5507.5
94305,T4a,5507.5
83979,T4a,5507.6
12688,OA-ASM1,5507.6
10072,OA-AL2i1,5508.0
58862,Mi1,5508.0
108349,T4d,5508.0
11005,OA-VUMa4,5508.1
10041,OA-VUMa1,5508.3
69597,Tm3,5508.6
34933,Mi1,5508.7
90423,T4b,5508.900000000001
98381,T4d,5508.900000000001
10555,OA-VUMa3,5509.0
74023,T2a,5509.0
10187,OA-VPM3,5509.1
98985,T4c,5509.2
98887,T4b,5509.2
11608,OA-VUMa2,5509.2
39158,Mi1,5509.2
10168,OA-VUMa6,5509.3
91806,T4a,5509.3
36446,Mi1,5509.5
71052,T2a,5509.5
92114,T4c,5509.5
79257,Tm3,5509.700000000001
10016,HSE,5509.8
101772,Tm3,5509.8
79271,T4a,5509.9
34479,Mi1,5510.000000000001
92047,T4c,5510.000000000001
10011,OA-AL2i1,5510.1
89368,T4c,5510.3
36540,Mi1,5510.3
10322,OA-AL2i2,5510.400000000001
59397,Mi1,5510.5
77480,Tm3,5510.6
33446,Mi1,5511.0
41809,Mi1,5511.0
35498,Mi1,5511.099999999999
93566,T4a,5511.200000000001
98099,T4b,5511.200000000001
10120,OA-VPM4,5511.3
34862,Mi1,5511.3
10025,H2,5511.4
10652,OA-AL2i4,5511.5
87424,T4d,5511.5
11602,OA-ASM1,5511.8
55976,Mi1,5511.900000000001
73828,Tm3,5511.900000000001
10015,HSN,5512.0
10226,OA-AL2i3,5512.2
45005,TmY3,5512.2
99663,T4c,5512.3
10175,OA-VUMa6,5512.400000000001
99922,T4c,5512.400000000001
11921,OA-VPM4,5512.5
34045,Mi1,5512.700000000001
36217,Mi1,5512.9
36533,Mi1,5512.9
97899,T4a,5512.9
10687,OA-AL2i3,5513.0
101383,T4b,5513.0
91469,T4c,5513.1
94624,T4a,5513.1
56564,Mi1,5513.1
10023,HSS,5513.2
10269,OA-AL2i2,5513.2
35405,Mi1,5513.6
38479,Mi1,5513.8
107442,T4d,5513.8
10112,VS,5513.900000000001
10677,OA-AL2i4,5514.099999999999
80302,T2a,5514.099999999999
36954,Mi1,5514.200000000001
10037,VS,5514.3
34189,Mi1,5514.5
51231,TmY3,5514.5
10080,OA-VUMa3,5514.6
10204,OA-AL2i2,5514.6
33655,Mi1,5514.6
109142,T4b,5514.7
102741,T4c,5514.8
33942,Mi1,5514.9
107170,T4b,5515.0
12109,OA-VUMa2,5515.2
54087,Mi1,5515.2
65671,Mi1,5515.400000000001
127615,Tm3,5515.5
10799,OA-VUMa4,5515.6
68522,T2a,5515.6
37948,Mi1,5515.7
12896,OA-VUMa5,5516.0
35770,Mi1,5516.1
49324,Mi1,5516.1
66808,Tm3,5516.4
89434,T4c,5516.500000000001
11264,OA-ASM1,5516.6
34369,Mi1,5516.7
88992,T4c,5516.7
34356,Mi1,5516.8
63420,Mi1,5517.0
51122,Mi1,5517.400000000001
99628,T4b,5517.400000000001
10110,OA-VUMa1,5517.5
10185,OA-VUMa8,5517.700000000001
42119,Mi1,5517.8
104257,T4b,5517.9
89290,T4d,5517.9
33907,Mi1,5517.9
10825,OA-AL2i3,5517.9
34057,Mi1,5518.000000000001
47962,TmY3,5518.2
10658,OA-AL2i3,5518.400000000001
35836,Mi1,5518.400000000001
37019,Mi1,5518.5
12688,OA-ASM1,5518.6
77676,T2a,5518.7
32893,Mi1,5518.8
36252,Mi1,5519.0
92281,T4c,5519.0
111184,T4a,5519.099999999999
104858,T4b,5519.200000000001
83689,T4a,5519.3
10041,OA-VUMa1,5519.4
99131,T4c,5519.4
287884,OA-VPM3,5519.5
10072,OA-AL2i1,5519.6
93750,T4c,5519.6
286259,OA-ASM1,5519.6
122308,Tm3,5519.7
10265,OA-AL2i2,5519.8
11005,OA-VUMa4,5519.8
90121,T4b,5519.900000000001
100787,T4b,5519.900000000001
35017,Mi1,5519.900000000001
33462,Mi1,5520.0
88625,T4c,5520.0
91444,T4c,5520.0
95883,T4a,5520.0
109649,T4c,5520.0
95005,T4a,5520.5
98788,T4d,5520.599999999999
65513,T2a,5520.700000000001
10168,OA-VUMa6,5520.700000000001
38767,Mi1,5520.8
53065,Mi1,5520.8
10011,OA-AL2i1,5520.9
105698,T4c,5520.9
11608,OA-VUMa2,5521.0
97675,T4c,5521.3
37000,Mi1,5521.4
71161,T2a,5521.4
10322,OA-AL2i2,5521.5
109598,T4b,5521.5
102791,T4c,5521.6
100867,T4b,5521.7
10025,H2,5521.8
10187,OA-VPM3,5521.8
96295,T4b,5521.900000000001
95453,T4a,5521.900000000001
34849,Mi1,5521.900000000001
77383,T2a,5521.900000000001
69380,Tm3,5522.0
96090,T4c,5522.0
110646,T4b,5522.0
76524,Tm3,5522.099999999999
35840,Mi1,5522.200000000001
10015,HSN,5522.3
97028,T4c,5522.4
103654,T4b,5522.5
104414,T4d,5522.5
116129,T4b,5523.000000000001
10555,OA-VUMa3,5523.1
10120,OA-VPM4,5523.400000000001
85126,T4a,5523.6
10016,HSE,5523.6
35498,Mi1,5523.8
11602,OA-ASM1,5523.8
10226,OA-AL2i3,5523.8
10687,OA-AL2i3,5523.900000000001
101043,T4c,5523.900000000001
10175,OA-VUMa6,5524.200000000001
34479,Mi1,5524.200000000001
36540,Mi1,5524.3
118924,Tm3,5524.3
36446,Mi1,5524.4
34933,Mi1,5524.500000000001
41809,Mi1,5524.6
58862,Mi1,5524.6
10652,OA-AL2i4,5524.8
10755,H1,5524.8
90465,T4a,5524.900000000001
10269,OA-AL2i2,5525.2
59397,Mi1,5525.400000000001
39158,Mi1,5525.400000000001
55976,Mi1,5525.5
10677,OA-AL2i4,5525.8
100680,T4d,5525.9
33446,Mi1,5526.000000000001
56564,Mi1,5526.2
12109,OA-VUMa2,5526.3
50333,TmY3,5526.3
34862,Mi1,5526.400000000001
92431,T4a,5526.5
10080,OA-VUMa3,5526.7
66325,Tm3,5526.900000000001
92047,T4c,5526.900000000001
95822,T4b,5526.900000000001
34045,Mi1,5527.4
11921,OA-VPM4,5527.5
106952,T4b,5527.8
99950,T4c,5527.8
10799,OA-VUMa4,5527.8
10204,OA-AL2i2,5527.900000000001
38479,Mi1,5527.900000000001
109857,T4d,5527.900000000001
92706,T4a,5528.1
34189,Mi1,5528.400000000001
78422,Tm3,5528.400000000001
95458,T4d,5528.400000000001
35405,Mi1,5528.5
12896,OA-VUMa5,5528.599999999999
102462,T4c,5528.599999999999
36533,Mi1,5528.700000000001
73284,T2a,5528.700000000001
65671,Mi1,5528.8
10110,OA-VUMa1,5528.9
94305,T4a,5529.0
92939,T4b,5529.1
10025,H2,5529.2
33655,Mi1,5529.3
54087,Mi1,5529.3
91283,T4c,5529.4
11264,OA-ASM1,5529.5
37948,Mi1,5529.5
10185,OA-VUMa8,5529.799999999999
35770,Mi1,5529.799999999999
105718,T4b,5529.900000000001
10041,OA-VUMa1,5530.099999999999
10825,OA-AL2i3,5530.3
11005,OA-VUMa4,5530.3
10072,OA-AL2i1,5530.6
34356,Mi1,5530.6
36954,Mi1,5530.700000000001
33942,Mi1,5530.9
36217,Mi1,5531.000000000001
10658,OA-AL2i3,5531.000000000001
12688,OA-ASM1,5531.2
49324,Mi1,5531.400000000001
34369,Mi1,5531.5
92996,T4a,5531.6
86686,T4c,5531.7
74023,T2a,5531.8
51122,Mi1,5531.900000000001
34057,Mi1,5531.900000000001
10265,OA-AL2i2,5531.900000000001
63420,Mi1,5532.0
287884,OA-VPM3,5532.0
35836,Mi1,5532.1
94179,T4a,5532.1
10168,OA-VUMa6,5532.3
83979,T4a,5532.4
286259,OA-ASM1,5532.500000000001
83365,T2a,5532.500000000001
42119,Mi1,5532.500000000001
33907,Mi1,5532.6
78561,Tm3,5532.7
90049,T4c,5532.8
36252,Mi1,5533.1
10322,OA-AL2i2,5533.2
61659,Tm3,5533.5
98887,T4b,5533.5
11608,OA-VUMa2,5533.5
35017,Mi1,5533.599999999999
73586,Tm3,5533.599999999999
33462,Mi1,5533.8
92644,T4d,5533.8
74228,Tm3,5533.9
68562,T2a,5534.000000000001
103022,T4a,5534.2
10187,OA-VPM3,5534.2
10015,HSN,5534.2
32893,Mi1,5534.400000000001
10226,OA-AL2i3,5534.7
38767,Mi1,5534.7
10011,OA-AL2i1,5534.8
37019,Mi1,5534.900000000001
127153,Tm3,5534.900000000001
85737,T2a,5535.0
101215,T4c,5535.0
53065,Mi1,5535.099999999999
10687,OA-AL2i3,5535.200000000001
47368,TmY3,5535.3
91057,T4c,5535.3
91806,T4a,5535.3
10175,OA-VUMa6,5535.5
98381,T4d,5535.6
89434,T4c,5535.8
37000,Mi1,5535.8
99922,T4c,5535.900000000001
10120,OA-VPM4,5536.2
10555,OA-VUMa3,5536.2
34849,Mi1,5536.2
66980,T2a,5536.2
98300,T4a,5536.3
52328,TmY3,5536.400000000001
104257,T4b,5536.400000000001
101772,Tm3,5536.5
10269,OA-AL2i2,5536.700000000001
97872,T4d,5536.8
108307,T4b,5536.9
75521,T2a,5537.0
79271,T4a,5537.0
101005,T4d,5537.1
91469,T4c,5537.2
75484,Tm3,5537.2
11602,OA-ASM1,5537.2
10652,OA-AL2i4,5537.4
93972,T4a,5537.799999999999
34479,Mi1,5538.0
96576,T4c,5538.0
12109,OA-VUMa2,5538.099999999999
35840,Mi1,5538.099999999999
10016,HSE,5538.200000000001
35498,Mi1,5538.400000000001
41809,Mi1,5538.400000000001
36540,Mi1,5538.5
10677,OA-AL2i4,5538.700000000001
75848,T2a,5538.8
89368,T4c,5538.8
98099,T4b,5538.8
98985,T4c,5538.8
10112,VS,5538.9
114391,T4d,5539.000000000001
10023,HSS,5539.1
10037,VS,5539.2
92114,T4c,5539.2
94624,T4a,5539.3
104368,T4c,5539.400000000001
39158,Mi1,5539.5
97231,T4a,5539.5
56564,Mi1,5539.6
55976,Mi1,5539.7
10080,OA-VUMa3,5539.8
10110,OA-VUMa1,5539.8
36446,Mi1,5539.8
532850,Tm3,5539.8
34933,Mi1,5540.0
59397,Mi1,5540.200000000001
54885,TmY3,5540.3
10799,OA-VUMa4,5540.4
33446,Mi1,5540.6
66808,Tm3,5540.6
93566,T4a,5540.7
34862,Mi1,5540.8
103479,T4c,5540.8
58862,Mi1,5541.0
12896,OA-VUMa5,5541.3
69597,Tm3,5541.5
34189,Mi1,5541.5
10204,OA-AL2i2,5541.5
10072,OA-AL2i1,5541.599999999999
10041,OA-VUMa1,5541.700000000001
71052,T2a,5541.9
10185,OA-VUMa8,5542.000000000001
92842,T4a,5542.1
95681,T4a,5542.1
69793,T2a,5542.2
11921,OA-VPM4,5542.2
38479,Mi1,5542.3
11005,OA-VUMa4,5542.400000000001
11264,OA-ASM1,5542.400000000001
10025,H2,5542.6
34045,Mi1,5542.6
10825,OA-AL2i3,5542.7
37948,Mi1,5542.7
93750,T4c,5542.7
104191,T4a,5542.8
112744,T4d,5542.8
36533,Mi1,5543.0
68842,TmY3,5543.0
35405,Mi1,5543.099999999999
35770,Mi1,5543.099999999999
91682,T4b,5543.099999999999
97899,T4a,5543.200000000001
10658,OA-AL2i3,5543.200000000001
10015,HSN,5543.3
65671,Mi1,5543.6
10168,OA-VUMa6,5543.7
99663,T4c,5544.0
10322,OA-AL2i2,5544.1
33655,Mi1,5544.2
34356,Mi1,5544.2
54087,Mi1,5544.2
12688,OA-ASM1,5544.599999999999
88625,T4c,5544.700000000001
11608,OA-VUMa2,5544.9
50333,TmY3,5545.0
72558,T2a,5545.0
74231,Tm3,5545.2
287884,OA-VPM3,5545.3
81401,T4b,5545.5
10265,OA-AL2i2,5545.5
51122,Mi1,5545.7
35836,Mi1,5545.799999999999
124490,Tm3,5545.799999999999
49324,Mi1,5545.900000000001
102741,T4c,5546.0
34369,Mi1,5546.1
97161,T4a,5546.1
33942,Mi1,5546.200000000001
42119,Mi1,5546.200000000001
10226,OA-AL2i3,5546.3
286259,OA-ASM1,5546.3
63420,Mi1,5546.400000000001
89290,T4d,5546.400000000001
33907,Mi1,5546.5
97675,T4c,5546.6
102519,T4a,5546.6
36954,Mi1,5546.6
10687,OA-AL2i3,5546.6
10175,OA-VUMa6,5546.6
98668,T4a,5546.700000000001
92431,T4a,5546.8
83689,T4a,5546.9
127615,Tm3,5547.000000000001
35017,Mi1,5547.2
36252,Mi1,5547.2
10187,OA-VPM3,5547.3
95883,T4a,5547.3
51231,TmY3,5547.400000000001
94287,T4d,5547.6
10011,OA-AL2i1,5547.7
102016,T4a,5547.8
34057,Mi1,5547.900000000001
33462,Mi1,5548.1
37000,Mi1,5548.200000000001
95005,T4a,5548.3
104683,T4b,5548.500000000001
109142,T4b,5548.500000000001
10120,OA-VPM4,5548.7
10269,OA-AL2i2,5548.7
10555,OA-VUMa3,5548.7
36217,Mi1,5548.8
92047,T4c,5548.8
92706,T4a,5549.0
10652,OA-AL2i4,5549.2
53065,Mi1,5549.2
79257,Tm3,5549.2
10016,HSE,5549.3
38767,Mi1,5549.3
95364,T4d,5549.5
32893,Mi1,5549.700000000001
102462,T4c,5549.700000000001
87424,T4d,5549.8
98788,T4d,5550.0
34849,Mi1,5550.1
65513,T2a,5550.1
97028,T4c,5550.3
117627,Tm3,5550.3
10110,OA-VUMa1,5550.400000000001
37019,Mi1,5550.400000000001
12109,OA-VUMa2,5550.5
94305,T4a,5550.7
10072,OA-AL2i1,5550.8
11602,OA-ASM1,5550.8
36540,Mi1,5550.8
80302,T2a,5550.900000000001
10015,HSN,5551.0
35840,Mi1,5551.0
106793,T4d,5551.200000000001
100867,T4b,5551.3
69380,Tm3,5551.4
102791,T4c,5551.4
79345,T2a,5551.8
34479,Mi1,5551.9
41809,Mi1,5551.9
77383,T2a,5552.0
10677,OA-AL2i4,5552.1
10799,OA-VUMa4,5552.400000000001
109536,T4d,5552.700000000001
35498,Mi1,5552.8
74937,T2a,5552.8
85126,T4a,5552.8
56564,Mi1,5552.9
34933,Mi1,5553.0
10041,OA-VUMa1,5553.2
91806,T4a,5553.2
10080,OA-VUMa3,5553.3
12896,OA-VUMa5,5553.4
45005,TmY3,5553.5
73828,Tm3,5553.6
33446,Mi1,5553.8
55976,Mi1,5553.8
99423,T4d,5553.8
10037,VS,5553.900000000001
74023,T2a,5553.900000000001
39158,Mi1,5554.3
76325,T2a,5554.3
37599,Mi1,5554.400000000001
10185,OA-VUMa8,5554.5
10204,OA-AL2i2,5554.5
11005,OA-VUMa4,5554.5
36446,Mi1,5554.5
112321,T4d,5554.8
92939,T4b,5554.8
10168,OA-VUMa6,5554.8
10112,VS,5554.8
10023,HSS,5554.8
68522,T2a,5554.9
116716,T4b,5554.9
10322,OA-AL2i2,5555.2
91444,T4c,5555.2
109631,T4b,5555.3
10658,OA-AL2i3,5555.5
107170,T4b,5555.6
97171,T4d,5555.6
83227,Tm3,5555.7
107442,T4d,5555.7
10825,OA-AL2i3,5555.900000000001
59397,Mi1,5555.900000000001
34189,Mi1,5556.0
74373,Tm3,5556.0
117662,T4d,5556.200000000001
34862,Mi1,5556.200000000001
37948,Mi1,5556.500000000001
96090,T4c,5556.500000000001
11921,OA-VPM4,5556.6
67719,T2a,5556.6
101772,Tm3,5556.6
11264,OA-ASM1,5556.7
11608,OA-VUMa2,5556.7
35405,Mi1,5556.7
58862,Mi1,5556.7
526158,Mi1,5556.8
91469,T4c,5556.900000000001
79271,T4a,5557.0
12688,OA-ASM1,5557.1
95822,T4b,5557.1
34045,Mi1,5557.2
10025,H2,5557.2
10265,OA-AL2i2,5557.3
38479,Mi1,5557.3
65671,Mi1,5557.3
99628,T4b,5557.3
35770,Mi1,5557.400000000001
92114,T4c,5557.400000000001
96295,T4b,5557.599999999999
34356,Mi1,5557.700000000001
53075,TmY3,5557.700000000001
101383,T4b,5557.700000000001
10226,OA-AL2i3,5557.8
36533,Mi1,5557.9
10687,OA-AL2i3,5558.3
33655,Mi1,5558.3
10175,OA-VUMa6,5558.3
287884,OA-VPM3,5558.5
103160,T4a,5558.6
89434,T4c,5558.6
10015,HSN,5558.8
35836,Mi1,5559.0
104257,T4b,5559.0
10011,OA-AL2i1,5559.099999999999
54087,Mi1,5559.099999999999
77991,Tm3,5559.099999999999
71161,T2a,5559.3
88992,T4c,5559.5
47368,TmY3,5559.5
33907,Mi1,5559.6
122308,Tm3,5559.6
10072,OA-AL2i1,5559.7
66808,Tm3,5559.7
35017,Mi1,5559.8
34369,Mi1,5559.9
286259,OA-ASM1,5560.0
10269,OA-AL2i2,5560.0
10187,OA-VPM3,5560.0
42119,Mi1,5560.1
33942,Mi1,5560.400000000001
49324,Mi1,5560.400000000001
63420,Mi1,5560.400000000001
83365,T2a,5560.599999999999
10110,OA-VUMa1,5560.700000000001
36954,Mi1,5561.0
10016,HSE,5561.2
34057,Mi1,5561.2
105698,T4c,5561.3
36252,Mi1,5561.4
10120,OA-VPM4,5561.5
51122,Mi1,5561.5
108349,T4d,5561.5
10555,OA-VUMa3,5561.7
97249,T4d,5561.8
10652,OA-AL2i4,5561.8
12109,OA-VUMa2,5561.900000000001
37000,Mi1,5561.900000000001
75521,T2a,5561.900000000001
109598,T4b,5561.900000000001
98381,T4d,5562.0
33462,Mi1,5562.1
65298,T2a,5562.1
10037,VS,5562.200000000001
37631,Mi1,5562.200000000001
104858,T4b,5562.200000000001
101215,T4c,5562.400000000001
110646,T4b,5562.6
109649,T4c,5562.9
103022,T4a,5563.000000000001
38767,Mi1,5563.1
86686,T4c,5563.2
36217,Mi1,5563.2
11602,OA-ASM1,5563.2
32893,Mi1,5563.3
34849,Mi1,5563.3
52485,TmY3,5563.3
95335,T4a,5563.400000000001
105718,T4b,5563.400000000001
47962,TmY3,5563.5
97899,T4a,5563.5
101043,T4c,5563.5
116129,T4b,5563.5
98887,T4b,5563.6
16138,LC4,5563.8
10041,OA-VUMa1,5563.900000000001
53065,Mi1,5563.900000000001
104008,T4b,5563.900000000001
104297,T4a,5563.900000000001
112744,T4d,5564.0
50333,TmY3,5564.0
91283,T4c,5564.099999999999
55101,Mi1,5564.200000000001
10799,OA-VUMa4,5564.3
73807,Tm3,5564.4
111184,T4a,5564.6
98985,T4c,5564.7
35840,Mi1,5564.7
77480,Tm3,5564.7
12896,OA-VUMa5,5564.900000000001
36540,Mi1,5564.900000000001
73284,T2a,5564.900000000001
10112,VS,5565.0
106952,T4b,5565.0
76524,Tm3,5565.1
37019,Mi1,5565.2
95458,T4d,5565.2
99922,T4c,5565.3
10025,H2,5565.400000000001
10677,OA-AL2i4,5565.400000000001
88951,Tm3,5565.599999999999
90049,T4c,5565.599999999999
94624,T4a,5565.599999999999
73096,T2a,5565.700000000001
83979,T4a,5565.8
34479,Mi1,5565.9
81995,Tm3,5566.0
101005,T4d,5566.0
35498,Mi1,5566.1
49372,TmY3,5566.1
10168,OA-VUMa6,5566.2
101873,T4b,5566.2
108307,T4b,5566.3
10080,OA-VUMa3,5566.3
97853,T4c,5566.5
92281,T4c,5566.5
95883,T4a,5566.5
56564,Mi1,5566.7
92842,T4a,5566.8
97231,T4a,5566.8
10322,OA-AL2i2,5567.0
10658,OA-AL2i3,5567.0
11005,OA-VUMa4,5567.0
100787,T4b,5567.0
103654,T4b,5567.0
21336,LC4,5567.3
41809,Mi1,5567.3
55976,Mi1,5567.3
10204,OA-AL2i2,5567.4
34933,Mi1,5567.5
11608,OA-VUMa2,5567.6
23392,LC4,5567.6
70800,Tm3,5567.8
118924,Tm3,5567.9
62272,T2,5568.0
10185,OA-VUMa8,5568.1
10825,OA-AL2i3,5568.1
68562,T2a,5568.1
39158,Mi1,5568.2
98099,T4b,5568.2
10755,H1,5568.3
64579,T2,5568.400000000001
90121,T4b,5568.599999999999
10226,OA-AL2i3,5568.700000000001
99663,T4c,5568.700000000001
33446,Mi1,5569.0
36446,Mi1,5569.0
93750,T4c,5569.0
88625,T4c,5569.1
10265,OA-AL2i2,5569.1
12688,OA-ASM1,5569.2
71052,T2a,5569.2
92431,T4a,5569.3
10015,HSN,5569.4
10072,OA-AL2i1,5569.4
34189,Mi1,5569.6
95681,T4a,5569.6
10175,OA-VUMa6,5569.7
11264,OA-ASM1,5569.7
10687,OA-AL2i3,5569.8
35405,Mi1,5569.8
69597,Tm3,5569.900000000001
34862,Mi1,5570.200000000001
10011,OA-AL2i1,5570.3
92047,T4c,5570.3
10110,OA-VUMa1,5570.400000000001
37948,Mi1,5570.5
101685,T4b,5570.5
94305,T4a,5570.9
10016,HSE,5571.000000000001
287884,OA-VPM3,5571.000000000001
38479,Mi1,5571.1
10269,OA-AL2i2,5571.2
34356,Mi1,5571.2
10025,H2,5571.3
59397,Mi1,5571.3
35770,Mi1,5571.400000000001
11921,OA-VPM4,5571.6
54087,Mi1,5571.6
65671,Mi1,5571.6
109857,T4d,5571.6
100867,T4b,5572.0
34045,Mi1,5572.099999999999
92706,T4a,5572.3
35218,Mi1,5572.3
58862,Mi1,5572.3
36533,Mi1,5572.6
33655,Mi1,5572.7
36994,Mi1,5572.8
10187,OA-VPM3,5572.900000000001
37599,Mi1,5573.0
122233,Tm3,5573.1
35017,Mi1,5573.2
61401,T2a,5573.5
97028,T4c,5573.599999999999
33942,Mi1,5573.700000000001
10023,HSS,5573.8
34369,Mi1,5573.8
526158,Mi1,5573.8
35836,Mi1,5573.9
102462,T4c,5573.9
33907,Mi1,5574.0
286259,OA-ASM1,5574.1
97161,T4a,5574.1
97675,T4c,5574.1
12109,OA-VUMa2,5574.2
42119,Mi1,5574.400000000001
99131,T4c,5574.400000000001
35580,Mi1,5574.6
51122,Mi1,5574.6
99011,T4c,5574.6
10555,OA-VUMa3,5574.7
36954,Mi1,5574.7
95005,T4a,5574.7
99950,T4c,5574.7
34300,Mi1,5574.8
10041,OA-VUMa1,5574.8
38893,Mi1,5575.0
36252,Mi1,5575.0
93419,T4b,5575.099999999999
91682,T4b,5575.099999999999
34057,Mi1,5575.099999999999
63420,Mi1,5575.099999999999
66980,T2a,5575.099999999999
98300,T4a,5575.200000000001
10120,OA-VPM4,5575.4
10652,OA-AL2i4,5575.6
37000,Mi1,5575.6
104414,T4d,5575.6
92996,T4a,5575.7
49324,Mi1,5575.8
89368,T4c,5575.8
11602,OA-ASM1,5575.9
33462,Mi1,5576.0
12896,OA-VUMa5,5576.1
125171,Tm3,5576.2
35602,Mi1,5576.2
35428,Mi1,5576.2
34849,Mi1,5576.400000000001
91469,T4c,5576.8
96576,T4c,5576.8
101772,Tm3,5576.8
10799,OA-VUMa4,5576.9
94179,T4a,5576.9
109142,T4b,5576.9
39743,Mi1,5577.3
54885,TmY3,5577.3
74228,Tm3,5577.3
101480,T4c,5577.3
35840,Mi1,5577.6
38767,Mi1,5577.6
102791,T4c,5577.7
92644,T4d,5577.8
51231,TmY3,5577.8
10015,HSN,5577.8
10322,OA-AL2i2,5577.8
32893,Mi1,5578.0
36217,Mi1,5578.0
10072,OA-AL2i1,5578.1
10677,OA-AL2i4,5578.1
75848,T2a,5578.2
104257,T4b,5578.2
114391,T4d,5578.2
66325,Tm3,5578.3
91057,T4c,5578.3
91806,T4a,5578.3
93972,T4a,5578.3
10168,OA-VUMa6,5578.400000000001
102519,T4a,5578.400000000001
104683,T4b,5578.5
10001,DNp01,5578.6
10658,OA-AL2i3,5578.6
68982,Tm3,5578.6
98788,T4d,5578.8
11005,OA-VUMa4,5578.9
53065,Mi1,5578.9
93566,T4a,5578.9
10025,H2,5579.2
37019,Mi1,5579.2
102579,T4b,5579.2
98118,T4c,5579.3
117627,Tm3,5579.3
10080,OA-VUMa3,5579.400000000001
47368,TmY3,5579.400000000001
95453,T4a,5579.5
78968,Tm3,5579.5
11608,OA-VUMa2,5579.5
34479,Mi1,5579.7
69380,Tm3,5579.7
92114,T4c,5579.8
10204,OA-AL2i2,5579.900000000001
36540,Mi1,5580.200000000001
101215,T4c,5580.200000000001
10825,OA-AL2i3,5580.3
90465,T4a,5580.3
10185,OA-VUMa8,5580.500000000001
73828,Tm3,5580.500000000001
66808,Tm3,5580.6
10265,OA-AL2i2,5580.900000000001
35498,Mi1,5580.900000000001
52328,TmY3,5581.3
10175,OA-VUMa6,5581.3
10110,OA-VUMa1,5581.400000000001
10016,HSE,5581.5
12688,OA-ASM1,5581.5
37631,Mi1,5581.5
55101,Mi1,5581.5
56564,Mi1,5581.5
41809,Mi1,5581.700000000001
82282,Tm3,5581.9
10687,OA-AL2i3,5582.0
98668,T4a,5582.0
10269,OA-AL2i2,5582.1
34933,Mi1,5582.1
89434,T4c,5582.2
20808,LC4,5582.2
85126,T4a,5582.3
36446,Mi1,5582.400000000001
92939,T4b,5582.400000000001
10037,VS,5582.5
10226,OA-AL2i3,5582.5
55976,Mi1,5582.6
35405,Mi1,5582.7
90423,T4b,5582.8
91444,T4c,5583.0
98887,T4b,5583.0
33446,Mi1,5583.0
39158,Mi1,5583.099999999999
79293,Tm3,5583.200000000001
34862,Mi1,5583.3
97899,T4a,5583.3
103479,T4c,5583.4
287884,OA-VPM3,5583.4
79271,T4a,5583.5
10015,HSN,5583.7
89139,T4c,5583.7
107442,T4d,5583.7
34189,Mi1,5583.8
50333,TmY3,5583.8
10011,OA-AL2i1,5584.0
11264,OA-ASM1,5584.1
34356,Mi1,5584.3
532850,Tm3,5584.700000000001
21313,LC4,5584.8
37948,Mi1,5584.8
72955,T2a,5584.9
95822,T4b,5584.9
38479,Mi1,5585.1
74023,T2a,5585.2
10041,OA-VUMa1,5585.4
11921,OA-VPM4,5585.4
54087,Mi1,5585.4
97872,T4d,5585.4
35770,Mi1,5585.500000000001
59397,Mi1,5585.500000000001
61659,Tm3,5585.7
65671,Mi1,5585.7
36533,Mi1,5585.8
35017,Mi1,5585.900000000001
10187,OA-VPM3,5585.900000000001
12109,OA-VUMa2,5586.1
34045,Mi1,5586.1
67113,Mi1,5586.1
102741,T4c,5586.1
10072,OA-AL2i1,5586.3
33655,Mi1,5586.5
116311,T4d,5586.5
92431,T4a,5586.700000000001
96295,T4b,5586.700000000001
103022,T4a,5586.700000000001
286259,OA-ASM1,5586.700000000001
58862,Mi1,5586.8
94624,T4a,5586.9
92047,T4c,5587.000000000001
65513,T2a,5587.1
10120,OA-VPM4,5587.2
45005,TmY3,5587.3
34057,Mi1,5587.400000000001
83067,T4b,5587.400000000001
33942,Mi1,5587.5
35836,Mi1,5587.5
34369,Mi1,5587.6
51122,Mi1,5587.6
112744,T4d,5587.7
12896,OA-VUMa5,5587.8
42119,Mi1,5587.8
92706,T4a,5587.900000000001
99628,T4b,5587.900000000001
74231,Tm3,5588.0
95883,T4a,5588.0
36252,Mi1,5588.099999999999
95335,T4a,5588.200000000001
10112,VS,5588.4
33907,Mi1,5588.500000000001
10555,OA-VUMa3,5588.6
10652,OA-AL2i4,5588.6
83689,T4a,5588.6
87390,T2a,5588.6
37000,Mi1,5588.7
78561,Tm3,5588.7
89290,T4d,5588.7
10799,OA-VUMa4,5588.8
37599,Mi1,5588.8
112633,T4b,5588.8
72558,T2a,5588.900000000001
97231,T4a,5588.900000000001
10023,HSS,5589.1
11602,OA-ASM1,5589.2
99663,T4c,5589.3
36954,Mi1,5589.3
10025,H2,5589.3
10322,OA-AL2i2,5589.3
49324,Mi1,5589.5
95364,T4d,5589.5
10016,HSE,5589.599999999999
16138,LC4,5589.599999999999
83979,T4a,5589.700000000001
63420,Mi1,5589.8
35845,Mi1,5589.8
75521,T2a,5589.9
104858,T4b,5589.9
127615,Tm3,5589.9
91913,T4b,5590.0
11005,OA-VUMa4,5590.1
107719,T4b,5590.1
70239,T2,5590.2
96090,T4c,5590.2
99922,T4c,5590.3
116129,T4b,5590.400000000001
35218,Mi1,5590.5
526158,Mi1,5590.5
93750,T4c,5590.7
104297,T4a,5590.7
10168,OA-VUMa6,5590.8
10677,OA-AL2i4,5590.8
97675,T4c,5590.8
98381,T4d,5590.8
10658,OA-AL2i3,5590.900000000001
38238,Mi1,5591.200000000001
11608,OA-VUMa2,5591.3
94305,T4a,5591.3
102016,T4a,5591.4
34849,Mi1,5591.5
35580,Mi1,5591.5
10015,HSN,5591.6
33462,Mi1,5591.7
38767,Mi1,5591.7
111184,T4a,5591.7
36410,Mi1,5591.8
79257,Tm3,5591.9
104191,T4a,5592.0
32893,Mi1,5592.1
10825,OA-AL2i3,5592.2
38893,Mi1,5592.2
80302,T2a,5592.299999999999
91283,T4c,5592.299999999999
10204,OA-AL2i2,5592.400000000001
10080,OA-VUMa3,5592.5
10110,OA-VUMa1,5592.5
35840,Mi1,5592.599999999999
101005,T4d,5592.599999999999
91469,T4c,5592.700000000001
34300,Mi1,5592.700000000001
21336,LC4,5592.8
37019,Mi1,5592.8
85737,T2a,5592.8
36994,Mi1,5592.9
88625,T4c,5592.9
47962,TmY3,5593.0
110646,T4b,5593.0
10185,OA-VUMa8,5593.200000000001
10265,OA-AL2i2,5593.200000000001
92993,Tm3,5593.3
10269,OA-AL2i2,5593.500000000001
88035,Tm3,5593.500000000001
36540,Mi1,5593.6
73284,T2a,5593.6
34479,Mi1,5593.6
36217,Mi1,5593.6
42006,TmY3,5593.8
35428,Mi1,5593.900000000001
10175,OA-VUMa6,5594.1
10687,OA-AL2i3,5594.2
100867,T4b,5594.3
109536,T4d,5594.3
34933,Mi1,5594.3
77383,T2a,5594.3
10226,OA-AL2i3,5594.400000000001
10072,OA-AL2i1,5594.5
53065,Mi1,5594.5
10011,OA-AL2i1,5594.700000000001
10037,VS,5594.8
12688,OA-ASM1,5595.000000000001
56564,Mi1,5595.000000000001
35602,Mi1,5595.400000000001
127153,Tm3,5595.6
39743,Mi1,5595.6
75484,Tm3,5595.7
10041,OA-VUMa1,5595.8
35498,Mi1,5595.8
36446,Mi1,5595.8
95681,T4a,5595.900000000001
287884,OA-VPM3,5596.099999999999
77480,Tm3,5596.200000000001
98985,T4c,5596.200000000001
41809,Mi1,5596.3
10001,DNp01,5596.500000000001
34862,Mi1,5596.500000000001
55976,Mi1,5596.500000000001
103654,T4b,5596.6
10025,H2,5596.7
107211,T4d,5596.7
107170,T4b,5596.8
33446,Mi1,5596.8
69793,T2a,5596.900000000001
89368,T4c,5596.900000000001
39158,Mi1,5597.0
99423,T4d,5597.1
72829,T2a,5597.3
83365,T2a,5597.3
11264,OA-ASM1,5597.400000000001
83227,Tm3,5597.400000000001
94368,T4a,5597.400000000001
96576,T4c,5597.400000000001
37631,Mi1,5597.5
12109,OA-VUMa2,5597.599999999999
35405,Mi1,5597.599999999999
71052,T2a,5597.700000000001
68842,TmY3,5597.8
34356,Mi1,5598.0
55101,Mi1,5598.1
10015,HSN,5598.3
34189,Mi1,5598.6
54087,Mi1,5598.6
10016,HSE,5598.7
10187,OA-VPM3,5598.7
10755,H1,5598.7
37948,Mi1,5598.900000000001
69540,TmY3,5598.900000000001
92939,T4b,5599.099999999999
92839,T4b,5599.200000000001
38479,Mi1,5599.3
65671,Mi1,5599.3
92415,T4a,5599.3
97171,T4d,5599.3
103639,T4d,5599.4
109598,T4b,5599.5
34045,Mi1,5599.5
35770,Mi1,5599.5
58862,Mi1,5599.6
10120,OA-VPM4,5599.7
10322,OA-AL2i2,5599.7
11921,OA-VPM4,5599.7
59397,Mi1,5599.8
12896,OA-VUMa5,5600.0
36533,Mi1,5600.299999999999
33655,Mi1,5600.400000000001
286259,OA-ASM1,5600.400000000001
10799,OA-VUMa4,5600.5
66214,T2a,5600.5
102462,T4c,5600.5
35017,Mi1,5600.599999999999
97885,T4a,5600.8
90049,T4c,5600.8
10555,OA-VUMa3,5600.8
34057,Mi1,5601.1
51122,Mi1,5601.200000000001
97028,T4c,5601.3
35836,Mi1,5601.4
122308,Tm3,5601.4
34369,Mi1,5601.500000000001
33942,Mi1,5601.6
101772,Tm3,5601.6
122233,Tm3,5601.6
10112,VS,5601.7
10652,OA-AL2i4,5601.7
42119,Mi1,5601.7
74937,T2a,5602.0
89434,T4c,5602.1
37000,Mi1,5602.1
11602,OA-ASM1,5602.1
10658,OA-AL2i3,5602.2
11005,OA-VUMa4,5602.2
93688,T4a,5602.2
68562,T2a,5602.400000000001
23392,LC4,5602.6
99950,T4c,5602.6
33907,Mi1,5602.700000000001
87424,T4d,5602.700000000001
91682,T4b,5602.700000000001
81401,T4b,5602.8
98300,T4a,5602.8
10168,OA-VUMa6,5602.9
110988,T4a,5602.9
49324,Mi1,5603.000000000001
81995,Tm3,5603.1
90121,T4b,5603.1
66808,Tm3,5603.1
71161,T2a,5603.1
104257,T4b,5603.2
36252,Mi1,5603.3
10110,OA-VUMa1,5603.3
86686,T4c,5603.5
94287,T4d,5603.5
11608,OA-VUMa2,5603.6
95005,T4a,5603.6
37599,Mi1,5603.7
93419,T4b,5603.7
10072,OA-AL2i1,5603.8
63420,Mi1,5603.8
101215,T4c,5603.8
101043,T4c,5603.900000000001
99011,T4c,5604.0
10825,OA-AL2i3,5604.099999999999
65298,T2a,5604.099999999999
66980,T2a,5604.099999999999
91806,T4a,5604.200000000001
68982,Tm3,5604.200000000001
10677,OA-AL2i4,5604.3
105718,T4b,5604.3
107105,T4d,5604.3
71773,T2a,5604.4
94153,T4d,5604.4
526158,Mi1,5604.4
95453,T4a,5604.500000000001
92114,T4c,5604.6
104368,T4c,5604.6
88992,T4c,5604.7
47368,TmY3,5604.8
70800,Tm3,5604.8
101383,T4b,5604.8
92281,T4c,5604.900000000001
36954,Mi1,5604.900000000001
132834,Tm3,5605.0
98099,T4b,5605.0
33462,Mi1,5605.0
10185,OA-VUMa8,5605.1
10687,OA-AL2i3,5605.1
67113,Mi1,5605.1
98788,T4d,5605.2
10204,OA-AL2i2,5605.3
109857,T4d,5605.400000000001
98887,T4b,5605.400000000001
37019,Mi1,5605.400000000001
79646,Tm3,5605.400000000001
10025,H2,5605.5
10080,OA-VUMa3,5605.5
10269,OA-AL2i2,5605.5
34849,Mi1,5605.5
38767,Mi1,5605.5
109142,T4b,5605.599999999999
97249,T4d,5605.700000000001
94179,T4a,5605.700000000001
10041,OA-VUMa1,5605.8
51231,TmY3,5605.8
10226,OA-AL2i3,5605.9
35218,Mi1,5605.9
93750,T4c,5605.9
102791,T4c,5606.0
114391,T4d,5606.0
95458,T4d,5606.1
40026,TmY3,5606.2
68522,T2a,5606.2
10037,VS,5606.3
10175,OA-VUMa6,5606.3
10265,OA-AL2i2,5606.3
83979,T4a,5606.3
104008,T4b,5606.3
108697,T4d,5606.3
69380,Tm3,5606.4
91057,T4c,5606.6
105698,T4c,5606.6
32893,Mi1,5606.7
35845,Mi1,5606.7
117627,Tm3,5606.8
36540,Mi1,5607.0
92644,T4d,5607.0
94624,T4a,5607.099999999999
75521,T2a,5607.200000000001
75848,T2a,5607.3
10023,HSS,5607.4
35840,Mi1,5607.4
34933,Mi1,5607.5
54885,TmY3,5607.5
93972,T4a,5607.5
118924,Tm3,5607.5
102579,T4b,5607.6
56564,Mi1,5607.6
76524,Tm3,5607.6
10015,HSN,5607.8
34300,Mi1,5607.8
97899,T4a,5607.8
35580,Mi1,5607.9
53065,Mi1,5608.0
95822,T4b,5608.0
98668,T4a,5608.0
106793,T4d,5608.0
287884,OA-VPM3,5608.0
10016,HSE,5608.1
50333,TmY3,5608.2
74023,T2a,5608.299999999999
34479,Mi1,5608.299999999999
38238,Mi1,5608.299999999999
12688,OA-ASM1,5608.5
10011,OA-AL2i1,5608.5
109649,T4c,5608.700000000001
36410,Mi1,5609.0
10112,VS,5609.1
36217,Mi1,5609.200000000001
91469,T4c,5609.200000000001
98381,T4d,5609.200000000001
99131,T4c,5609.200000000001
85126,T4a,5609.3
12109,OA-VUMa2,5609.4
21313,LC4,5609.4
35428,Mi1,5609.4
38893,Mi1,5609.4
101685,T4b,5609.4
94743,T4d,5609.500000000001
101480,T4c,5609.500000000001
94305,T4a,5609.6
91283,T4c,5609.6
36446,Mi1,5609.7
55976,Mi1,5609.7
92047,T4c,5609.7
108307,T4b,5609.7
11264,OA-ASM1,5609.8
78108,T2a,5609.8
110403,T4b,5609.900000000001
35498,Mi1,5610.0
36994,Mi1,5610.0
39743,Mi1,5610.0
35602,Mi1,5610.2
33446,Mi1,5610.400000000001
79271,T4a,5610.400000000001
34862,Mi1,5610.700000000001
10322,OA-AL2i2,5610.700000000001
103022,T4a,5610.8
41809,Mi1,5610.8
34356,Mi1,5611.1
10187,OA-VPM3,5611.3
93566,T4a,5611.400000000001
12896,OA-VUMa5,5611.6
39158,Mi1,5611.6
72558,T2a,5611.7
67719,T2a,5611.8
111980,T4d,5611.900000000001
35405,Mi1,5612.0
92842,T4a,5612.099999999999
10025,H2,5612.3
37948,Mi1,5612.3
117662,T4d,5612.3
65671,Mi1,5612.4
35770,Mi1,5612.500000000001
10037,VS,5612.6
55101,Mi1,5612.6
10799,OA-VUMa4,5612.7
37631,Mi1,5612.8
38479,Mi1,5613.0
58862,Mi1,5613.0
92431,T4a,5613.0
54087,Mi1,5613.1
69597,Tm3,5613.1
106952,T4b,5613.2
91444,T4c,5613.2
10120,OA-VPM4,5613.2
33655,Mi1,5613.2
11005,OA-VUMa4,5613.3
11921,OA-VPM4,5613.3
102741,T4c,5613.3
107609,T4d,5613.3
78422,Tm3,5613.400000000001
95883,T4a,5613.599999999999
92706,T4a,5613.599999999999
10555,OA-VUMa3,5613.599999999999
88625,T4c,5613.599999999999
10658,OA-AL2i3,5613.700000000001
34189,Mi1,5613.700000000001
10072,OA-AL2i1,5613.9
59397,Mi1,5613.9
10110,OA-VUMa1,5614.0
96295,T4b,5614.2
104674,T4a,5614.2
286259,OA-ASM1,5614.2
10168,OA-VUMa6,5614.3
34045,Mi1,5614.3
10206,VS,5614.5
96134,T4b,5614.6
35017,Mi1,5614.6
42119,Mi1,5614.6
97853,T4c,5614.7
37000,Mi1,5614.7
97675,T4c,5614.7
108349,T4d,5614.8
104683,T4b,5614.900000000001
33942,Mi1,5615.0
76325,T2a,5615.0
79345,T2a,5615.0
99663,T4c,5615.0
34057,Mi1,5615.099999999999
36533,Mi1,5615.099999999999
93527,T4a,5615.200000000001
34369,Mi1,5615.3
51122,Mi1,5615.3
104858,T4b,5615.4
10825,OA-AL2i3,5615.5
66325,Tm3,5615.6
10112,VS,5615.7
11608,OA-VUMa2,5615.7
10015,HSN,5615.8
35836,Mi1,5615.9
83067,T4b,5615.9
92996,T4a,5616.0
10016,HSE,5616.1
100787,T4b,5616.2
11602,OA-ASM1,5616.2
10687,OA-AL2i3,5616.2
10652,OA-AL2i4,5616.2
120231,Tm3,5616.3
33907,Mi1,5616.400000000001
49324,Mi1,5616.400000000001
74228,Tm3,5616.400000000001
35152,Mi1,5616.5
105574,T4d,5616.6
10185,OA-VUMa8,5616.6
97161,T4a,5616.6
36252,Mi1,5616.700000000001
125171,Tm3,5616.700000000001
72279,Mi1,5616.8
10677,OA-AL2i4,5616.900000000001
36452,Mi1,5616.900000000001
97231,T4a,5616.900000000001
108438,T4d,5617.0
10269,OA-AL2i2,5617.3
98118,T4c,5617.3
107442,T4d,5617.3
10041,OA-VUMa1,5617.500000000001
10226,OA-AL2i3,5617.500000000001
111184,T4a,5617.500000000001
34899,Mi1,5617.7
102519,T4a,5617.8
10080,OA-VUMa3,5617.8
99922,T4c,5617.8
39275,Mi1,5618.0
37599,Mi1,5618.1
10025,H2,5618.3
10204,OA-AL2i2,5618.3
83689,T4a,5618.400000000001
112744,T4d,5618.400000000001
33462,Mi1,5618.700000000001
63420,Mi1,5618.8
66808,Tm3,5618.8
526158,Mi1,5618.8
89290,T4d,5618.9
116716,T4b,5619.000000000001
10175,OA-VUMa6,5619.000000000001
74231,Tm3,5619.000000000001
65513,T2a,5619.2
38767,Mi1,5619.2
10265,OA-AL2i2,5619.2
34849,Mi1,5619.3
37019,Mi1,5619.3
77991,Tm3,5619.400000000001
104414,T4d,5619.400000000001
98887,T4b,5619.5
73586,Tm3,5619.6
92939,T4b,5619.8
102462,T4c,5619.8
36954,Mi1,5620.0
10011,OA-AL2i1,5620.0
10023,HSS,5620.0
10037,VS,5620.099999999999
100867,T4b,5620.4
95364,T4d,5620.4
37568,Mi1,5620.5
35218,Mi1,5620.6
77676,T2a,5620.7
287884,OA-VPM3,5620.7
10755,H1,5620.7
12688,OA-ASM1,5620.7
56564,Mi1,5620.900000000001
35840,Mi1,5621.0
101005,T4d,5621.0
67113,Mi1,5621.2
32893,Mi1,5621.400000000001
36540,Mi1,5621.5
10322,OA-AL2i2,5621.5
12109,OA-VUMa2,5621.599999999999
99950,T4c,5621.599999999999
104297,T4a,5621.8
73828,Tm3,5621.9
35580,Mi1,5622.0
53065,Mi1,5622.1
10015,HSN,5622.1
110646,T4b,5622.2
34479,Mi1,5622.2
98985,T4c,5622.2
34300,Mi1,5622.4
35845,Mi1,5622.4
52328,TmY3,5622.4
34079,Mi1,5622.5
11264,OA-ASM1,5622.6
34933,Mi1,5622.8
36217,Mi1,5622.8
10112,VS,5622.900000000001
35100,Mi1,5623.099999999999
12896,OA-VUMa5,5623.3
38238,Mi1,5623.3
97899,T4a,5623.5
38893,Mi1,5623.8
89434,T4c,5623.9
89368,T4c,5623.9
35498,Mi1,5623.9
10187,OA-VPM3,5623.9
55976,Mi1,5623.9
10799,OA-VUMa4,5624.0
36994,Mi1,5624.0
101620,T4b,5624.0
10025,H2,5624.1
33446,Mi1,5624.1
35602,Mi1,5624.1
97872,T4d,5624.1
10658,OA-AL2i3,5624.2
34862,Mi1,5624.2
101215,T4c,5624.2
10072,OA-AL2i1,5624.3
73284,T2a,5624.400000000001
34356,Mi1,5624.400000000001
36446,Mi1,5624.400000000001
35428,Mi1,5624.6
10016,HSE,5624.700000000001
41809,Mi1,5624.700000000001
90465,T4a,5624.700000000001
90423,T4b,5624.8
98788,T4d,5624.8
532850,Tm3,5624.900000000001
10110,OA-VUMa1,5625.0
36410,Mi1,5625.1
96576,T4c,5625.1
10120,OA-VPM4,5625.200000000001
39158,Mi1,5625.200000000001
94305,T4a,5625.200000000001
103479,T4c,5625.200000000001
47962,TmY3,5625.4
103440,T4d,5625.6
61659,Tm3,5625.6
39743,Mi1,5625.6
47368,TmY3,5625.6
11005,OA-VUMa4,5625.6
89139,T4c,5625.7
88698,T4a,5625.900000000001
95458,T4d,5625.900000000001
127615,Tm3,5625.900000000001
35405,Mi1,5626.0
58862,Mi1,5626.3
91987,T4c,5626.700000000001
37948,Mi1,5626.9
96090,T4c,5626.9
100946,T4c,5626.9
10168,OA-VUMa6,5627.000000000001
10555,OA-VUMa3,5627.000000000001
38479,Mi1,5627.000000000001
286259,OA-ASM1,5627.000000000001
109593,Tm3,5627.1
33655,Mi1,5627.1
34189,Mi1,5627.2
10825,OA-AL2i3,5627.3
71052,T2a,5627.3
35770,Mi1,5627.400000000001
37000,Mi1,5627.400000000001
59397,Mi1,5627.400000000001
65671,Mi1,5627.400000000001
52485,TmY3,5627.5
95335,T4a,5627.5
11608,OA-VUMa2,5627.6
55101,Mi1,5627.6
37631,Mi1,5627.7
92047,T4c,5627.900000000001
109598,T4b,5627.900000000001
112321,T4d,5628.099999999999
92114,T4c,5628.099999999999
11921,OA-VPM4,5628.200000000001
10687,OA-AL2i3,5628.3
99628,T4b,5628.3
34057,Mi1,5628.4
50333,TmY3,5628.4
34369,Mi1,5628.5
54087,Mi1,5628.5
69380,Tm3,5628.5
10037,VS,5628.6
10269,OA-AL2i2,5628.6
10652,OA-AL2i4,5628.6
109631,T4b,5628.6
10185,OA-VUMa8,5628.7
42119,Mi1,5628.7
116311,T4d,5628.8
83365,T2a,5628.8
10226,OA-AL2i3,5628.8
10041,OA-VUMa1,5628.8
96126,T4b,5629.0
10677,OA-AL2i4,5629.400000000001
11602,OA-ASM1,5629.400000000001
33942,Mi1,5629.400000000001
35017,Mi1,5629.400000000001
36533,Mi1,5629.599999999999
122308,Tm3,5629.599999999999
33907,Mi1,5629.700000000001
77383,T2a,5629.700000000001
92839,T4b,5629.8
95005,T4a,5629.8
51122,Mi1,5629.9
104191,T4a,5629.9
93750,T4c,5630.0
88992,T4c,5630.0
122233,Tm3,5630.0
10015,HSN,5630.0
10112,VS,5630.0
34045,Mi1,5630.1
103022,T4a,5630.1
72955,T2a,5630.2
98300,T4a,5630.3
49324,Mi1,5630.4
94356,T4c,5630.4
99011,T4c,5630.5
101873,T4b,5630.6
10080,OA-VUMa3,5630.7
87390,T2a,5630.900000000001
93419,T4b,5630.900000000001
101772,Tm3,5630.900000000001
69980,Tm3,5631.0
68982,Tm3,5631.099999999999
10204,OA-AL2i2,5631.099999999999
10175,OA-VUMa6,5631.200000000001
78968,Tm3,5631.200000000001
98099,T4b,5631.200000000001
112993,T4b,5631.3
10025,H2,5631.3
33462,Mi1,5631.3
91469,T4c,5631.3
102016,T4a,5631.3
10265,OA-AL2i2,5631.5
10322,OA-AL2i2,5631.5
61401,T2a,5631.5
94624,T4a,5631.6
104257,T4b,5631.6
35836,Mi1,5631.7
97028,T4c,5631.8
86686,T4c,5631.9
90049,T4c,5632.0
90121,T4b,5632.2
95453,T4a,5632.3
36252,Mi1,5632.400000000001
100680,T4d,5632.400000000001
42006,TmY3,5632.700000000001
68562,T2a,5632.700000000001
102112,T4c,5632.700000000001
91806,T4a,5632.8
83979,T4a,5632.8
77480,Tm3,5632.8
51231,TmY3,5632.8
12109,OA-VUMa2,5632.8
526158,Mi1,5633.1
65298,T2a,5633.200000000001
92281,T4c,5633.200000000001
116129,T4b,5633.200000000001
287884,OA-VPM3,5633.3
97171,T4d,5633.3
38767,Mi1,5633.3
16138,LC4,5633.3
91057,T4c,5633.4
12688,OA-ASM1,5633.500000000001
37019,Mi1,5633.500000000001
74023,T2a,5633.500000000001
34849,Mi1,5633.6
91682,T4b,5633.6
97675,T4c,5633.7
102791,T4c,5633.7
95883,T4a,5633.8
10072,OA-AL2i1,5633.900000000001
85126,T4a,5633.900000000001
91913,T4b,5633.900000000001
109142,T4b,5633.900000000001
10011,OA-AL2i1,5634.0
72279,Mi1,5634.1
37599,Mi1,5634.2
75521,T2a,5634.3
109536,T4d,5634.400000000001
10016,HSE,5634.5
36452,Mi1,5634.5
92706,T4a,5634.599999999999
35840,Mi1,5634.700000000001
56564,Mi1,5634.8
63420,Mi1,5634.8
98381,T4d,5634.9
102579,T4b,5634.9
36540,Mi1,5635.2
11264,OA-ASM1,5635.3
94179,T4a,5635.3
36954,Mi1,5635.400000000001
45005,TmY3,5635.5
54885,TmY3,5635.6
10110,OA-VUMa1,5635.6
10023,HSS,5635.8
10658,OA-AL2i3,5635.8
34933,Mi1,5635.8
10799,OA-VUMa4,5636.0
12896,OA-VUMa5,5636.0
35152,Mi1,5636.0
67113,Mi1,5636.099999999999
32893,Mi1,5636.099999999999
34899,Mi1,5636.200000000001
35845,Mi1,5636.200000000001
92644,T4d,5636.200000000001
35218,Mi1,5636.3
39275,Mi1,5636.3
98887,T4b,5636.3
34479,Mi1,5636.5
34356,Mi1,5636.8
99423,T4d,5636.900000000001
95822,T4b,5636.900000000001
53065,Mi1,5636.900000000001
10037,VS,5637.1
10187,OA-VPM3,5637.2
34300,Mi1,5637.2
80302,T2a,5637.2
92431,T4a,5637.3
10015,HSN,5637.400000000001
95681,T4a,5637.400000000001
55976,Mi1,5637.5
38893,Mi1,5637.5
33446,Mi1,5637.5
36446,Mi1,5637.5
11005,OA-VUMa4,5637.599999999999
105718,T4b,5637.700000000001
35580,Mi1,5637.700000000001
36217,Mi1,5637.700000000001
66808,Tm3,5637.700000000001
79271,T4a,5638.0
10025,H2,5638.0
37568,Mi1,5638.2
38238,Mi1,5638.2
91283,T4c,5638.3
10120,OA-VPM4,5638.5
41809,Mi1,5638.5
35498,Mi1,5638.7
83227,Tm3,5638.7
107170,T4b,5638.7
103654,T4b,5638.8
36994,Mi1,5638.900000000001
102741,T4c,5638.900000000001
10112,VS,5639.0
10825,OA-AL2i3,5639.0
34862,Mi1,5639.0
35405,Mi1,5639.0
39158,Mi1,5639.0
93566,T4a,5639.200000000001
10269,OA-AL2i2,5639.3
36410,Mi1,5639.3
93972,T4a,5639.3
72558,T2a,5639.4
35602,Mi1,5639.5
88625,T4c,5639.5
107143,T4d,5639.5
39743,Mi1,5639.6
10687,OA-AL2i3,5639.7
11608,OA-VUMa2,5639.7
35100,Mi1,5639.7
58862,Mi1,5639.7
10168,OA-VUMa6,5640.0
96295,T4b,5640.0
286259,OA-ASM1,5640.1
101043,T4c,5640.2
10041,OA-VUMa1,5640.3
21336,LC4,5640.3
35428,Mi1,5640.3
101480,T4c,5640.3
101685,T4b,5640.3
10226,OA-AL2i3,5640.400000000001
37948,Mi1,5640.400000000001
65671,Mi1,5640.400000000001
34079,Mi1,5640.6
33655,Mi1,5640.700000000001
35770,Mi1,5640.8
108307,T4b,5640.8
72796,Tm3,5640.900000000001
69597,Tm3,5641.0
109857,T4d,5641.0
81401,T4b,5641.1
95239,T4a,5641.1
10322,OA-AL2i2,5641.1
34189,Mi1,5641.200000000001
66214,T2a,5641.200000000001
10185,OA-VUMa8,5641.3
59397,Mi1,5641.3
10555,OA-VUMa3,5641.4
67150,T2a,5641.4
107211,T4d,5641.500000000001
10755,H1,5641.6
10652,OA-AL2i4,5641.7
34057,Mi1,5641.7
55101,Mi1,5641.7
37000,Mi1,5641.8
90278,T4a,5641.900000000001
38479,Mi1,5642.0
108065,T4c,5642.0
103160,T4a,5642.1
92842,T4a,5642.1
91444,T4c,5642.1
69793,T2a,5642.400000000001
34369,Mi1,5642.5
98837,T4c,5642.700000000001
10175,OA-VUMa6,5642.8
11602,OA-ASM1,5642.8
10016,HSE,5643.000000000001
10072,OA-AL2i1,5643.000000000001
11921,OA-VPM4,5643.000000000001
102975,T4b,5643.1
37631,Mi1,5643.2
42119,Mi1,5643.3
71475,Tm3,5643.3
104858,T4b,5643.5
108349,T4d,5643.5
78503,T2a,5643.6
54087,Mi1,5643.6
10677,OA-AL2i4,5643.6
10265,OA-AL2i2,5643.6
10204,OA-AL2i2,5643.6
10080,OA-VUMa3,5643.6
102462,T4c,5643.7
104368,T4c,5643.7
98118,T4c,5643.8
33942,Mi1,5643.900000000001
92047,T4c,5643.900000000001
10015,HSN,5644.0
34045,Mi1,5644.0
36533,Mi1,5644.0
109649,T4c,5644.0
10025,H2,5644.099999999999
33907,Mi1,5644.200000000001
33462,Mi1,5644.3
103827,T4c,5644.3
12109,OA-VUMa2,5644.3
35017,Mi1,5644.4
99950,T4c,5644.4
94755,T4a,5644.5
99663,T4c,5644.5
100032,T4c,5644.6
99922,T4c,5644.7
89290,T4d,5645.1
66980,T2a,5645.1
49324,Mi1,5645.2
97899,T4a,5645.2
71161,T2a,5645.400000000001
12688,OA-ASM1,5645.5
10206,VS,5645.599999999999
75298,T2a,5645.599999999999
99131,T4c,5645.599999999999
51122,Mi1,5645.700000000001
287884,OA-VPM3,5645.9
93750,T4c,5646.0
10110,OA-VUMa1,5646.2
98194,T4d,5646.2
106793,T4d,5646.2
83067,T4b,5646.3
104942,T4a,5646.3
106952,T4b,5646.3
10037,VS,5646.4
35836,Mi1,5646.4
47368,TmY3,5646.5
74231,Tm3,5646.5
95554,T4b,5646.5
98985,T4c,5646.5
74228,Tm3,5646.6
74937,T2a,5646.6
97161,T4a,5646.6
92939,T4b,5646.7
12896,OA-VUMa5,5646.8
36252,Mi1,5646.8
101215,T4c,5646.8
34849,Mi1,5646.900000000001
10011,OA-AL2i1,5647.0
38767,Mi1,5647.200000000001
117627,Tm3,5647.200000000001
93688,T4a,5647.3
10023,HSS,5647.5
526158,Mi1,5647.5
40026,TmY3,5647.6
111184,T4a,5647.6
10658,OA-AL2i3,5647.7
104008,T4b,5647.7
104683,T4b,5648.000000000001
106922,T4c,5648.000000000001
37019,Mi1,5648.1
10799,OA-VUMa4,5648.1
99670,T4c,5648.3
10112,VS,5648.3
79646,Tm3,5648.3
81995,Tm3,5648.400000000001
97231,T4a,5648.400000000001
78561,Tm3,5648.5
105698,T4c,5648.7
36540,Mi1,5648.8
56564,Mi1,5649.0
92114,T4c,5649.0
37599,Mi1,5649.3
63420,Mi1,5649.3
75848,T2a,5649.3
79257,Tm3,5649.4
94743,T4d,5649.4
34479,Mi1,5649.500000000001
89368,T4c,5649.500000000001
91469,T4c,5649.6
36452,Mi1,5649.8
11005,OA-VUMa4,5649.900000000001
35840,Mi1,5649.900000000001
67113,Mi1,5650.0
10168,OA-VUMa6,5650.2
10187,OA-VPM3,5650.2
11264,OA-ASM1,5650.2
72279,Mi1,5650.2
32893,Mi1,5650.3
85737,T2a,5650.3
94368,T4a,5650.3
10025,H2,5650.400000000001
10041,OA-VUMa1,5650.400000000001
10269,OA-AL2i2,5650.400000000001
94305,T4a,5650.400000000001
102519,T4a,5650.5
36954,Mi1,5650.5
34356,Mi1,5650.5
104297,T4a,5650.700000000001
10825,OA-AL2i3,5650.9
35152,Mi1,5650.9
10015,HSN,5651.000000000001
10687,OA-AL2i3,5651.000000000001
34933,Mi1,5651.000000000001
98668,T4a,5651.1
11608,OA-VUMa2,5651.1
10120,OA-VPM4,5651.1
33446,Mi1,5651.2
55976,Mi1,5651.2
39275,Mi1,5651.3
34899,Mi1,5651.400000000001
92281,T4c,5651.400000000001
10016,HSE,5651.5
94287,T4d,5651.6
35218,Mi1,5651.6
69540,TmY3,5651.6
34300,Mi1,5651.7
38893,Mi1,5651.7
10226,OA-AL2i3,5651.8
36446,Mi1,5651.8
89434,T4c,5651.8
35845,Mi1,5651.900000000001
37568,Mi1,5651.900000000001
38238,Mi1,5651.900000000001
98788,T4d,5651.900000000001
35498,Mi1,5652.099999999999
36217,Mi1,5652.099999999999
100867,T4b,5652.200000000001
10072,OA-AL2i1,5652.3
118924,Tm3,5652.3
34862,Mi1,5652.4
100787,T4b,5652.4
53065,Mi1,5652.5
35580,Mi1,5652.6
10322,OA-AL2i2,5652.8
36410,Mi1,5652.900000000001
132339,Tm3,5652.900000000001
58862,Mi1,5653.1
35405,Mi1,5653.3
39158,Mi1,5653.3
39743,Mi1,5653.3
49372,TmY3,5653.3
10652,OA-AL2i4,5653.599999999999
104257,T4b,5653.599999999999
97853,T4c,5653.700000000001
35602,Mi1,5653.8
36994,Mi1,5653.8
83689,T4a,5653.8
37948,Mi1,5653.9
10185,OA-VUMa8,5653.9
41809,Mi1,5654.0
65671,Mi1,5654.0
87358,T4a,5654.0
286259,OA-ASM1,5654.0
92706,T4a,5654.1
35770,Mi1,5654.2
35428,Mi1,5654.3
59397,Mi1,5654.3
74023,T2a,5654.3
97885,T4a,5654.5
72194,Tm3,5654.6
90423,T4b,5654.7
10555,OA-VUMa3,5654.8
95335,T4a,5654.8
110403,T4b,5654.900000000001
107442,T4d,5654.900000000001
37000,Mi1,5654.900000000001
10175,OA-VUMa6,5655.0
95458,T4d,5655.0
96576,T4c,5655.0
12109,OA-VUMa2,5655.200000000001
34189,Mi1,5655.200000000001
50333,TmY3,5655.200000000001
100033,T4c,5655.200000000001
35100,Mi1,5655.6
33655,Mi1,5655.700000000001
71052,T2a,5655.700000000001
76325,T2a,5655.8
34079,Mi1,5655.8
88992,T4c,5655.8
10080,OA-VUMa3,5655.8
11602,OA-ASM1,5655.8
10265,OA-AL2i2,5656.1
74725,T2a,5656.1
97675,T4c,5656.3
10677,OA-AL2i4,5656.400000000001
65513,T2a,5656.400000000001
83365,T2a,5656.400000000001
95005,T4a,5656.5
85126,T4a,5656.5
38479,Mi1,5656.6
11921,OA-VPM4,5656.7
34369,Mi1,5656.7
92996,T4a,5656.7
10204,OA-AL2i2,5656.8
73284,T2a,5656.8
101772,Tm3,5656.8
96090,T4c,5656.900000000001
96134,T4b,5656.900000000001
93527,T4a,5656.900000000001
94153,T4d,5656.900000000001
10110,OA-VUMa1,5657.0
10025,H2,5657.0
34057,Mi1,5657.1
67719,T2a,5657.1
101620,T4b,5657.200000000001
102479,T4c,5657.200000000001
91987,T4c,5657.3
124490,Tm3,5657.4
12896,OA-VUMa5,5657.500000000001
88152,T4c,5657.500000000001
54087,Mi1,5657.6
122233,Tm3,5657.6
94624,T4a,5657.7
10037,VS,5657.8
33907,Mi1,5657.8
102801,T4b,5657.8
104336,T4b,5657.8
55101,Mi1,5657.900000000001
91057,T4c,5658.0
12688,OA-ASM1,5658.1
98887,T4b,5658.1
120231,Tm3,5658.2
33462,Mi1,5658.3
33942,Mi1,5658.400000000001
36533,Mi1,5658.400000000001
66808,Tm3,5658.400000000001
69980,Tm3,5658.5
34045,Mi1,5658.5
10658,OA-AL2i3,5658.5
10015,HSN,5658.599999999999
107719,T4b,5658.700000000001
35017,Mi1,5658.8
287884,OA-VPM3,5658.8
109593,Tm3,5658.9
122308,Tm3,5658.9
119245,T4d,5659.000000000001
42119,Mi1,5659.000000000001
10799,OA-VUMa4,5659.1
37631,Mi1,5659.1
91682,T4b,5659.1
10112,VS,5659.2
77383,T2a,5659.2
49324,Mi1,5659.3
93334,T4b,5659.3
97480,T4c,5659.3
108438,T4d,5659.3
35836,Mi1,5659.400000000001
90121,T4b,5659.400000000001
105521,T4c,5659.5
97028,T4c,5659.6
99011,T4c,5659.6
104414,T4d,5659.6
102791,T4c,5659.8
34849,Mi1,5659.8
79271,T4a,5659.900000000001
72955,T2a,5660.0
110988,T4a,5660.0
75521,T2a,5660.200000000001
100946,T4c,5660.200000000001
10016,HSE,5660.4
36252,Mi1,5660.4
68842,TmY3,5660.5
51122,Mi1,5660.7
68562,T2a,5660.7
125171,Tm3,5660.7
51231,TmY3,5660.8
70800,Tm3,5660.8
10011,OA-AL2i1,5660.8
10041,OA-VUMa1,5660.8
112744,T4d,5660.900000000001
72558,T2a,5660.900000000001
11005,OA-VUMa4,5660.900000000001
10269,OA-AL2i2,5661.0
10072,OA-AL2i1,5661.2
91283,T4c,5661.2
96126,T4b,5661.3
98300,T4a,5661.3
95364,T4d,5661.400000000001
101005,T4d,5661.5
93419,T4b,5661.5
43334,TmY3,5661.5
54885,TmY3,5661.599999999999
98381,T4d,5661.599999999999
110646,T4b,5661.599999999999
10168,OA-VUMa6,5661.8
67150,T2a,5661.8
68982,Tm3,5661.8
526158,Mi1,5661.9
101770,T4b,5661.9
91806,T4a,5662.0
94179,T4a,5662.0
10023,HSS,5662.1
37019,Mi1,5662.2
38767,Mi1,5662.2
69380,Tm3,5662.3
101383,T4b,5662.3
104191,T4a,5662.4
56564,Mi1,5662.6
35840,Mi1,5662.7
87424,T4d,5662.7
103022,T4a,5662.7
10025,H2,5662.799999999999
10226,OA-AL2i3,5662.799999999999
11264,OA-ASM1,5662.799999999999
36540,Mi1,5662.900000000001
34479,Mi1,5662.900000000001
10187,OA-VPM3,5663.0
76524,Tm3,5663.0
89290,T4d,5663.0
10825,OA-AL2i3,5663.099999999999
11608,OA-VUMa2,5663.099999999999
83979,T4a,5663.099999999999
10322,OA-AL2i2,5663.200000000001
68522,T2a,5663.3
10755,H1,5663.3
36452,Mi1,5663.400000000001
10687,OA-AL2i3,5663.5
87390,T2a,5663.5
105718,T4b,5663.5
23392,LC4,5663.700000000001
74373,Tm3,5663.700000000001
114391,T4d,5663.8
92431,T4a,5663.8
33446,Mi1,5664.000000000001
37599,Mi1,5664.000000000001
63420,Mi1,5664.1
97899,T4a,5664.1
52328,TmY3,5664.2
10120,OA-VPM4,5664.3
36954,Mi1,5664.3
21313,LC4,5664.5
34356,Mi1,5664.6
72279,Mi1,5664.6
10015,HSN,5664.7
95453,T4a,5664.7
32893,Mi1,5664.8
47368,TmY3,5664.8
67113,Mi1,5665.0
97171,T4d,5665.200000000001
95883,T4a,5665.200000000001
39275,Mi1,5665.200000000001
35218,Mi1,5665.200000000001
35152,Mi1,5665.3
35845,Mi1,5665.500000000001
91444,T4c,5665.500000000001
91913,T4b,5665.500000000001
88625,T4c,5665.6
102579,T4b,5665.6
10185,OA-VUMa8,5665.6
34933,Mi1,5665.6
10037,VS,5665.7
66325,Tm3,5665.7
34300,Mi1,5665.8
95822,T4b,5665.8
35498,Mi1,5665.900000000001
38238,Mi1,5665.900000000001
36446,Mi1,5666.0
89139,T4c,5666.1
34862,Mi1,5666.1
37568,Mi1,5666.1
38893,Mi1,5666.2
104858,T4b,5666.2
98099,T4b,5666.3
58862,Mi1,5666.400000000001
10652,OA-AL2i4,5666.5
39743,Mi1,5666.5
102741,T4c,5666.5
12109,OA-VUMa2,5666.599999999999
55976,Mi1,5666.599999999999
91469,T4c,5666.700000000001
34899,Mi1,5666.700000000001
36410,Mi1,5666.700000000001
37948,Mi1,5666.700000000001
10112,VS,5666.8
117662,T4d,5666.8
10110,OA-VUMa1,5666.8
10016,HSE,5667.000000000001
10175,OA-VUMa6,5667.000000000001
36217,Mi1,5667.000000000001
95681,T4a,5667.000000000001
109142,T4b,5667.1
53065,Mi1,5667.2
92047,T4c,5667.3
37000,Mi1,5667.3
101685,T4b,5667.3
35602,Mi1,5667.400000000001
54211,TmY3,5667.400000000001
65671,Mi1,5667.400000000001
47962,TmY3,5667.6
93750,T4c,5667.8
10555,OA-VUMa3,5667.8
109598,T4b,5667.900000000001
35405,Mi1,5668.0
35580,Mi1,5668.099999999999
36994,Mi1,5668.099999999999
41809,Mi1,5668.200000000001
35770,Mi1,5668.3
59397,Mi1,5668.3
109631,T4b,5668.3
10265,OA-AL2i2,5668.4
286259,OA-ASM1,5668.4
89434,T4c,5668.6
39158,Mi1,5668.7
61659,Tm3,5668.7
12896,OA-VUMa5,5668.8
92939,T4b,5668.9
96295,T4b,5668.9
10080,OA-VUMa3,5668.9
92842,T4a,5668.9
69597,Tm3,5669.0
34189,Mi1,5669.0
10025,H2,5669.1
35428,Mi1,5669.400000000001
10204,OA-AL2i2,5669.5
94356,T4c,5669.5
11602,OA-ASM1,5669.599999999999
93972,T4a,5669.599999999999
10677,OA-AL2i4,5669.700000000001
90278,T4a,5669.8
38479,Mi1,5669.9
104674,T4a,5669.9
107105,T4d,5669.9
127615,Tm3,5669.9
33655,Mi1,5670.0
34369,Mi1,5670.0
103654,T4b,5670.0
92415,T4a,5670.1
95239,T4a,5670.2
107170,T4b,5670.2
66214,T2a,5670.3
10658,OA-AL2i3,5670.4
10072,OA-AL2i1,5670.5
89368,T4c,5670.5
107609,T4d,5670.5
86686,T4c,5670.6
54087,Mi1,5670.7
34057,Mi1,5670.799999999999
42006,TmY3,5670.799999999999
10269,OA-AL2i2,5670.900000000001
12688,OA-ASM1,5670.900000000001
101215,T4c,5671.0
90049,T4c,5671.0
92706,T4a,5671.0
21336,LC4,5671.0
78422,Tm3,5671.0
10799,OA-VUMa4,5671.0
10041,OA-VUMa1,5671.1
11921,OA-VPM4,5671.200000000001
287884,OA-VPM3,5671.200000000001
35100,Mi1,5671.400000000001
94305,T4a,5671.400000000001
104257,T4b,5671.5
93688,T4a,5671.5
10015,HSN,5671.6
37371,Mi1,5671.6
103425,T4a,5671.6
93025,T4b,5671.700000000001
99628,T4b,5671.9
33462,Mi1,5672.1
33942,Mi1,5672.1
100018,T4a,5672.3
65298,T2a,5672.400000000001
36533,Mi1,5672.5
92993,Tm3,5672.5
10168,OA-VUMa6,5672.6
34849,Mi1,5672.6
92281,T4c,5672.7
102462,T4c,5672.7
11005,OA-VUMa4,5672.7
33907,Mi1,5672.7
55101,Mi1,5672.8
92839,T4b,5672.8
99663,T4c,5672.8
102016,T4a,5672.8
99950,T4c,5672.900000000001
34079,Mi1,5672.900000000001
49324,Mi1,5672.900000000001
71475,Tm3,5673.0
35017,Mi1,5673.0
109649,T4c,5673.1
34045,Mi1,5673.200000000001
10001,DNp01,5673.4
42119,Mi1,5673.4
52485,TmY3,5673.4
92644,T4d,5673.4
108307,T4b,5673.4
23098,LC4,5673.500000000001
36177,Mi1,5673.500000000001
101480,T4c,5673.500000000001
112321,T4d,5673.500000000001
10322,OA-AL2i2,5673.6
10016,HSE,5673.8
37631,Mi1,5673.8
96163,T4b,5673.8
35836,Mi1,5673.900000000001
10226,OA-AL2i3,5673.900000000001
11608,OA-VUMa2,5674.0
98985,T4c,5674.0
10023,HSS,5674.1
70289,Mi1,5674.1
74891,T2a,5674.1
74937,T2a,5674.1
37853,Mi1,5674.2
71398,Tm3,5674.3
108697,T4d,5674.400000000001
35806,Mi1,5674.5
35888,Mi1,5674.5
36252,Mi1,5674.599999999999
93566,T4a,5674.599999999999
98118,T4c,5674.599999999999
90465,T4a,5674.700000000001
92114,T4c,5674.700000000001
10025,H2,5674.700000000001
10187,OA-VPM3,5674.8
34296,Mi1,5675.000000000001
97872,T4d,5675.1
103479,T4c,5675.2
10825,OA-AL2i3,5675.3
11264,OA-ASM1,5675.400000000001
74231,Tm3,5675.400000000001
10037,VS,5675.5
36911,Mi1,5675.6
51122,Mi1,5675.6
10687,OA-AL2i3,5675.7
38133,Mi1,5675.7
56564,Mi1,5675.8
81401,T4b,5675.8
35840,Mi1,5675.900000000001
100032,T4c,5676.0
99922,T4c,5676.0
10011,OA-AL2i1,5676.0
109857,T4d,5676.099999999999
532850,Tm3,5676.099999999999
99131,T4c,5676.3
106952,T4b,5676.4
38767,Mi1,5676.5
61401,T2a,5676.5
80302,T2a,5676.5
50333,TmY3,5676.6
101772,Tm3,5676.7
526158,Mi1,5676.8
34479,Mi1,5676.9
77991,Tm3,5676.9
36540,Mi1,5677.0
97161,T4a,5677.0
78968,Tm3,5677.1
37529,Mi1,5677.1
37019,Mi1,5677.1
10120,OA-VPM4,5677.1
10110,OA-VUMa1,5677.2
10112,VS,5677.2
37353,Mi1,5677.5
73096,T2a,5677.5
104683,T4b,5677.5
99423,T4d,5677.700000000001
101043,T4c,5677.700000000001
74023,T2a,5677.700000000001
32893,Mi1,5677.9
95335,T4a,5677.9
34356,Mi1,5678.0
33446,Mi1,5678.1
104297,T4a,5678.1
12109,OA-VUMa2,5678.2
112179,T4b,5678.4
72279,Mi1,5678.4
10185,OA-VUMa8,5678.4
10175,OA-VUMa6,5678.4
34933,Mi1,5678.4
10755,H1,5678.5
39275,Mi1,5678.5
63420,Mi1,5678.7
109536,T4d,5678.8
36954,Mi1,5678.900000000001
10652,OA-AL2i4,5679.0
36452,Mi1,5679.0
38238,Mi1,5679.0
37599,Mi1,5679.1
94755,T4a,5679.3
34862,Mi1,5679.400000000001
10072,OA-AL2i1,5679.400000000001
12896,OA-VUMa5,5679.5
34300,Mi1,5679.6
67113,Mi1,5679.700000000001
85126,T4a,5679.700000000001
95458,T4d,5679.8
10206,VS,5679.9
37568,Mi1,5679.9
10265,OA-AL2i2,5680.000000000001
35498,Mi1,5680.000000000001
10016,HSE,5680.000000000001
10025,H2,5680.000000000001
10015,HSN,5680.1
36446,Mi1,5680.1
34899,Mi1,5680.2
58862,Mi1,5680.2
94743,T4d,5680.2
97675,T4c,5680.400000000001
66808,Tm3,5680.5
39743,Mi1,5680.5
38893,Mi1,5680.5
35152,Mi1,5680.5
83067,T4b,5680.6
62272,T2,5680.7
65671,Mi1,5680.7
79271,T4a,5680.7
90423,T4b,5680.7
94368,T4a,5680.7
96090,T4c,5680.7
35845,Mi1,5680.8
41809,Mi1,5680.8
107143,T4d,5680.8
116129,T4b,5680.8
35218,Mi1,5680.900000000001
55976,Mi1,5680.900000000001
97231,T4a,5681.0
37948,Mi1,5681.0
37270,Mi1,5681.0
36217,Mi1,5681.1
16138,LC4,5681.200000000001
36410,Mi1,5681.200000000001
72829,T2a,5681.200000000001
96576,T4c,5681.200000000001
83227,Tm3,5681.3
35934,Mi1,5681.4
95554,T4b,5681.500000000001
72796,Tm3,5681.500000000001
35897,Mi1,5681.6
97853,T4c,5681.8
10041,OA-VUMa1,5681.900000000001
10204,OA-AL2i2,5682.0
10555,OA-VUMa3,5682.0
10269,OA-AL2i2,5682.1
122233,Tm3,5682.3
83689,T4a,5682.3
35770,Mi1,5682.3
10799,OA-VUMa4,5682.3
39158,Mi1,5682.3
10080,OA-VUMa3,5682.400000000001
35602,Mi1,5682.5
53065,Mi1,5682.5
11602,OA-ASM1,5682.599999999999
91057,T4c,5682.599999999999
286259,OA-ASM1,5682.599999999999
53075,TmY3,5682.700000000001
35712,Mi1,5682.8
108065,T4c,5682.8
10658,OA-AL2i3,5682.9
10677,OA-AL2i4,5682.9
37000,Mi1,5682.9
98194,T4d,5683.0
100033,T4c,5683.1
97028,T4c,5683.1
12688,OA-ASM1,5683.1
34189,Mi1,5683.1
78503,T2a,5683.1
97899,T4a,5683.2
100956,T4d,5683.2
287884,OA-VPM3,5683.2
35405,Mi1,5683.3
36994,Mi1,5683.3
40854,Mi1,5683.3
92431,T4a,5683.400000000001
11005,OA-VUMa4,5683.5
35428,Mi1,5683.5
59397,Mi1,5683.5
95005,T4a,5683.5
10037,VS,5683.7
93419,T4b,5683.8
82855,Tm3,5683.8
35234,Mi1,5683.8
10168,OA-VUMa6,5683.8
37699,Mi1,5683.8
35580,Mi1,5683.900000000001
88992,T4c,5683.900000000001
99387,T4a,5683.900000000001
104008,T4b,5683.900000000001
33655,Mi1,5684.0
10023,HSS,5684.200000000001
101620,T4b,5684.200000000001
10322,OA-AL2i2,5684.3
38479,Mi1,5684.3
117627,Tm3,5684.4
48547,TmY3,5684.4
110403,T4b,5684.4
72558,T2a,5684.6
34057,Mi1,5684.6
104027,T4d,5684.7
111980,T4d,5684.7
11608,OA-VUMa2,5684.8
67971,Tm3,5684.8
72955,T2a,5684.9
103022,T4a,5684.9
65513,T2a,5685.0
112993,T4b,5685.0
10112,VS,5685.1
33462,Mi1,5685.1
78108,T2a,5685.1
91444,T4c,5685.1
91987,T4c,5685.1
542412,Mi1,5685.2
98837,T4c,5685.2
73284,T2a,5685.2
46662,TmY3,5685.2
35100,Mi1,5685.2
88698,T4a,5685.3
103160,T4a,5685.3
37037,Mi1,5685.400000000001
54087,Mi1,5685.400000000001
67150,T2a,5685.400000000001
100310,T4d,5685.400000000001
90121,T4b,5685.5
98788,T4d,5685.599999999999
10226,OA-AL2i3,5685.700000000001
47368,TmY3,5685.700000000001
10025,H2,5685.8
10825,OA-AL2i3,5685.8
102112,T4c,5685.8
94624,T4a,5685.9
104368,T4c,5685.9
33942,Mi1,5685.9
11921,OA-VPM4,5686.0
34369,Mi1,5686.0
49324,Mi1,5686.0
91806,T4a,5686.0
98887,T4b,5686.0
10016,HSE,5686.3
10687,OA-AL2i3,5686.5
75298,T2a,5686.5
83204,T4d,5686.5
93527,T4a,5686.5
34849,Mi1,5686.6
68982,Tm3,5686.6
10015,HSN,5686.7
96134,T4b,5686.7
55101,Mi1,5686.900000000001
36533,Mi1,5686.900000000001
96126,T4b,5687.0
10110,OA-VUMa1,5687.1
10187,OA-VPM3,5687.1
74228,Tm3,5687.1
95883,T4a,5687.1
33907,Mi1,5687.200000000001
91283,T4c,5687.200000000001
94356,T4c,5687.3
42119,Mi1,5687.400000000001
34079,Mi1,5687.5
35836,Mi1,5687.5
111746,Tm3,5687.6
10072,OA-AL2i1,5687.700000000001
95810,T2a,5687.8
98300,T4a,5687.8
35017,Mi1,5687.9
71161,T2a,5687.9
66980,T2a,5688.1
11264,OA-ASM1,5688.1
36252,Mi1,5688.2
75848,T2a,5688.2
102975,T4b,5688.2
91682,T4b,5688.3
93750,T4c,5688.400000000001
40026,TmY3,5688.5
34045,Mi1,5688.6
75377,T2a,5688.6
89290,T4d,5688.6
107529,T4d,5688.6
37631,Mi1,5688.7
95356,T4a,5688.7
79646,Tm3,5688.8
100787,T4b,5688.8
100946,T4c,5688.900000000001
71052,T2a,5688.900000000001
83979,T4a,5689.0
108438,T4d,5689.0
51122,Mi1,5689.1
69793,T2a,5689.1
81995,Tm3,5689.1
91469,T4c,5689.500000000001
35840,Mi1,5689.500000000001
36540,Mi1,5689.500000000001
99011,T4c,5689.500000000001
112744,T4d,5689.500000000001
10037,VS,5689.7
68562,T2a,5689.7
98381,T4d,5689.7
10011,OA-AL2i1,5690.0
38767,Mi1,5690.0
56564,Mi1,5690.1
102791,T4c,5690.2
10175,OA-VUMa6,5690.2
111184,T4a,5690.3
10185,OA-VUMa8,5690.400000000001
77480,Tm3,5690.400000000001
77676,T2a,5690.5
102579,T4b,5690.5
10120,OA-VPM4,5690.599999999999
36177,Mi1,5690.599999999999
37019,Mi1,5690.599999999999
92706,T4a,5690.599999999999
39275,Mi1,5690.700000000001
88625,T4c,5690.700000000001
37371,Mi1,5690.8
69380,Tm3,5690.8
92996,T4a,5690.8
12109,OA-VUMa2,5690.9
95681,T4a,5691.1
44244,TmY3,5691.1
30923,TmY3,5691.3
75521,T2a,5691.3
94179,T4a,5691.3
10025,H2,5691.400000000001
33446,Mi1,5691.400000000001
34479,Mi1,5691.400000000001
37853,Mi1,5691.400000000001
92114,T4c,5691.400000000001
83365,T2a,5691.5
12896,OA-VUMa5,5691.6
38133,Mi1,5691.6
95453,T4a,5691.6
99670,T4c,5691.7
109598,T4b,5691.7
526158,Mi1,5691.8
94305,T4a,5691.8
70289,Mi1,5691.8
10652,OA-AL2i4,5691.8
32893,Mi1,5691.900000000001
34356,Mi1,5692.0
38238,Mi1,5692.0
73828,Tm3,5692.0
79345,T2a,5692.0
102519,T4a,5692.0
35806,Mi1,5692.099999999999
34296,Mi1,5692.200000000001
92047,T4c,5692.200000000001
20808,LC4,5692.3
34862,Mi1,5692.3
89434,T4c,5692.3
101215,T4c,5692.3
101873,T4b,5692.4
67113,Mi1,5692.4
36452,Mi1,5692.5
105698,T4c,5692.5
10112,VS,5692.6
35888,Mi1,5692.7
36446,Mi1,5692.7
93166,T4c,5692.7
58862,Mi1,5692.8
45005,TmY3,5692.8
77383,T2a,5692.8
78561,Tm3,5692.9
104257,T4b,5692.9
118924,Tm3,5692.9
10023,HSS,5693.0
101685,T4b,5693.0
105521,T4c,5693.0
37599,Mi1,5693.1
34933,Mi1,5693.1
10269,OA-AL2i2,5693.1
10265,OA-AL2i2,5693.1
10016,HSE,5693.2
10041,OA-VUMa1,5693.2
63420,Mi1,5693.2
98668,T4a,5693.2
35498,Mi1,5693.3
101005,T4d,5693.3
36911,Mi1,5693.400000000001
10015,HSN,5693.5
127153,Tm3,5693.599999999999
547091,T2,5693.599999999999
100867,T4b,5693.8
110646,T4b,5693.9
55976,Mi1,5694.0
104858,T4b,5694.0
103025,T4a,5694.1
34899,Mi1,5694.1
10799,OA-VUMa4,5694.2
35845,Mi1,5694.2
36954,Mi1,5694.2
38893,Mi1,5694.2
51231,TmY3,5694.2
35152,Mi1,5694.3
89368,T4c,5694.3
37353,Mi1,5694.5
95822,T4b,5694.5
10555,OA-VUMa3,5694.6
37568,Mi1,5694.6
66345,T2a,5694.6
11005,OA-VUMa4,5694.7
37948,Mi1,5694.8
36217,Mi1,5694.8
72279,Mi1,5694.900000000001
34300,Mi1,5695.0
37529,Mi1,5695.0
10168,OA-VUMa6,5695.1
11602,OA-ASM1,5695.3
36410,Mi1,5695.3
94287,T4d,5695.3
112633,T4b,5695.3
65671,Mi1,5695.400000000001
10658,OA-AL2i3,5695.5
10677,OA-AL2i4,5695.5
87358,T4a,5695.5
104450,T4a,5695.5
39743,Mi1,5695.6
41809,Mi1,5695.6
92281,T4c,5695.700000000001
10204,OA-AL2i2,5695.8
10322,OA-AL2i2,5695.8
37000,Mi1,5695.8
75484,Tm3,5695.9
12688,OA-ASM1,5696.000000000001
34189,Mi1,5696.000000000001
35405,Mi1,5696.000000000001
35602,Mi1,5696.000000000001
102564,T4a,5696.000000000001
10755,H1,5696.2
286259,OA-ASM1,5696.2
287884,OA-VPM3,5696.2
10080,OA-VUMa3,5696.3
10825,OA-AL2i3,5696.3
21336,LC4,5696.3
35770,Mi1,5696.3
101772,Tm3,5696.400000000001
96295,T4b,5696.5
105718,T4b,5696.5
108349,T4d,5696.7
109593,Tm3,5696.7
10072,OA-AL2i1,5696.7
11608,OA-VUMa2,5696.7
59397,Mi1,5696.8
107442,T4d,5696.8
127615,Tm3,5696.8
92842,T4a,5696.900000000001
10025,H2,5697.0
70800,Tm3,5697.0
92939,T4b,5697.0
38479,Mi1,5697.099999999999
39158,Mi1,5697.099999999999
102741,T4c,5697.099999999999
35218,Mi1,5697.3
107211,T4d,5697.3
97171,T4d,5697.4
76325,T2a,5697.500000000001
93224,T4a,5697.500000000001
10687,OA-AL2i3,5697.500000000001
10226,OA-AL2i3,5697.6
33655,Mi1,5697.6
53065,Mi1,5697.6
37270,Mi1,5697.7
101480,T4c,5697.7
93972,T4a,5697.8
34057,Mi1,5697.900000000001
10110,OA-VUMa1,5697.900000000001
54885,TmY3,5698.1
35580,Mi1,5698.1
69980,Tm3,5698.2
33462,Mi1,5698.3
36994,Mi1,5698.5
72148,Tm3,5698.5
122308,Tm3,5698.5
102462,T4c,5698.599999999999
102479,T4c,5698.8
88152,T4c,5698.8
35428,Mi1,5698.8
33942,Mi1,5698.8
79257,Tm3,5698.8
10037,VS,5698.9
109142,T4b,5699.3
50333,TmY3,5699.400000000001
81401,T4b,5699.400000000001
97675,T4c,5699.400000000001
54087,Mi1,5699.6
10015,HSN,5699.7
10187,OA-VPM3,5699.7
35712,Mi1,5699.8
34369,Mi1,5699.900000000001
107609,T4d,5699.900000000001
104191,T4a,5700.0
103827,T4c,5700.0
98099,T4b,5700.0
93688,T4a,5700.0
11921,OA-VPM4,5700.0
86686,T4c,5700.099999999999
10016,HSE,5700.200000000001
35934,Mi1,5700.200000000001
109868,Tm3,5700.200000000001
34849,Mi1,5700.3
42006,TmY3,5700.3
72194,Tm3,5700.3
99950,T4c,5700.3
10112,VS,5700.4
10206,VS,5700.4
49324,Mi1,5700.4
85126,T4a,5700.4
99628,T4b,5700.5
71475,Tm3,5700.5
35100,Mi1,5700.5
104336,T4b,5700.7
90049,T4c,5700.7
21313,LC4,5700.7
47962,TmY3,5700.7
35897,Mi1,5700.8
36533,Mi1,5700.8
37699,Mi1,5700.8
73586,Tm3,5700.9
99663,T4c,5700.9
35234,Mi1,5701.0
89139,T4c,5701.0
94153,T4d,5701.0
55101,Mi1,5701.1
106793,T4d,5701.1
107719,T4b,5701.1
98985,T4c,5701.2
42119,Mi1,5701.2
90278,T4a,5701.3
91913,T4b,5701.3
110988,T4a,5701.3
11264,OA-ASM1,5701.400000000001
33907,Mi1,5701.400000000001
95239,T4a,5701.400000000001
35017,Mi1,5701.599999999999
51122,Mi1,5701.599999999999
93750,T4c,5701.700000000001
100032,T4c,5701.700000000001
34079,Mi1,5701.8
40854,Mi1,5701.8
83067,T4b,5701.9
109857,T4d,5701.9
36540,Mi1,5702.2
10001,DNp01,5702.2
23392,LC4,5702.2
92644,T4d,5702.3
74023,T2a,5702.3
35836,Mi1,5702.4
69540,TmY3,5702.5
93566,T4a,5702.5
10185,OA-VUMa8,5702.6
37037,Mi1,5702.6
52328,TmY3,5702.6
92839,T4b,5702.6
107170,T4b,5702.7
103425,T4a,5702.7
36252,Mi1,5702.7
10120,OA-VPM4,5702.8
10175,OA-VUMa6,5702.8
37631,Mi1,5702.8
74725,T2a,5702.8
106922,T4c,5702.8
542412,Mi1,5703.0
102801,T4b,5703.0
85007,T4c,5703.0
91934,T4a,5703.0
98118,T4c,5703.0
10025,H2,5703.1
12896,OA-VUMa5,5703.1
12109,OA-VUMa2,5703.200000000001
113686,T4d,5703.200000000001
10011,OA-AL2i1,5703.3
34045,Mi1,5703.3
65298,T2a,5703.400000000001
69597,Tm3,5703.400000000001
97028,T4c,5703.400000000001
78968,Tm3,5703.5
10041,OA-VUMa1,5703.5
97899,T4a,5703.6
96576,T4c,5703.700000000001
95883,T4a,5703.8
10023,HSS,5703.9
35840,Mi1,5703.9
16138,LC4,5704.000000000001
56564,Mi1,5704.000000000001
95554,T4b,5704.000000000001
40596,Mi1,5704.2
10269,OA-AL2i2,5704.3
98887,T4b,5704.3
99922,T4c,5704.3
125171,Tm3,5704.3
39275,Mi1,5704.5
68842,TmY3,5704.6
34479,Mi1,5704.7
116716,T4b,5704.7
108307,T4b,5704.8
38767,Mi1,5704.8
98654,T4d,5704.900000000001
37019,Mi1,5705.0
87424,T4d,5705.0
103654,T4b,5705.0
97853,T4c,5705.099999999999
10072,OA-AL2i1,5705.3
10652,OA-AL2i4,5705.3
38238,Mi1,5705.3
67150,T2a,5705.3
78856,Tm3,5705.3
79271,T4a,5705.3
97872,T4d,5705.3
10265,OA-AL2i2,5705.4
10015,HSN,5705.500000000001
526158,Mi1,5705.8
114391,T4d,5705.8
90423,T4b,5705.8
91806,T4a,5705.8
10037,VS,5705.900000000001
33446,Mi1,5705.900000000001
36177,Mi1,5705.900000000001
72558,T2a,5705.900000000001
34933,Mi1,5706.0
32893,Mi1,5706.1
67113,Mi1,5706.1
96090,T4c,5706.1
97161,T4a,5706.1
97784,T4c,5706.2
11005,OA-VUMa4,5706.2
34862,Mi1,5706.2
66808,Tm3,5706.2
91057,T4c,5706.3
58862,Mi1,5706.3
70289,Mi1,5706.3
10658,OA-AL2i3,5706.400000000001
37371,Mi1,5706.400000000001
34296,Mi1,5706.5
10016,HSE,5706.599999999999
10322,OA-AL2i2,5706.599999999999
10799,OA-VUMa4,5706.599999999999
36452,Mi1,5706.599999999999
92431,T4a,5706.599999999999
36139,Mi1,5706.8
35498,Mi1,5706.9
10168,OA-VUMa6,5706.9
90474,T4b,5707.0
55976,Mi1,5707.1
37853,Mi1,5707.1
34463,Mi1,5707.1
34356,Mi1,5707.1
101043,T4c,5707.2
10555,OA-VUMa3,5707.3
38893,Mi1,5707.3
95364,T4d,5707.400000000001
91469,T4c,5707.5
98226,T4b,5707.5
103022,T4a,5707.5
35888,Mi1,5707.6
36446,Mi1,5707.6
38133,Mi1,5707.6
63420,Mi1,5707.6
99292,T4a,5707.7
97885,T4a,5707.7
34899,Mi1,5707.7
35806,Mi1,5707.7
37599,Mi1,5707.8
101770,T4b,5707.8
102791,T4c,5707.8
94624,T4a,5708.0
98194,T4d,5708.099999999999
10112,VS,5708.200000000001
10825,OA-AL2i3,5708.200000000001
35152,Mi1,5708.200000000001
35845,Mi1,5708.200000000001
37948,Mi1,5708.200000000001
83465,T4a,5708.200000000001
10677,OA-AL2i4,5708.3
66214,T2a,5708.4
41626,Mi1,5708.4
100033,T4c,5708.4
11608,OA-VUMa2,5708.4
10025,H2,5708.4
37568,Mi1,5708.4
35001,Mi1,5708.5
35774,Mi1,5708.5
10226,OA-AL2i3,5708.5
41809,Mi1,5708.6
71773,T2a,5708.7
12688,OA-ASM1,5708.8
36954,Mi1,5708.8
10110,OA-VUMa1,5708.9
36217,Mi1,5708.9
97231,T4a,5708.9
287884,OA-VPM3,5708.9
65671,Mi1,5709.0
11602,OA-ASM1,5709.1
34300,Mi1,5709.1
37000,Mi1,5709.1
93419,T4b,5709.1
39743,Mi1,5709.2
10687,OA-AL2i3,5709.2
10080,OA-VUMa3,5709.2
10204,OA-AL2i2,5709.2
36911,Mi1,5709.3
61659,Tm3,5709.3
89290,T4d,5709.3
10755,H1,5709.400000000001
49372,TmY3,5709.400000000001
85737,T2a,5709.400000000001
88167,T4b,5709.5
31848,Mi1,5709.599999999999
35405,Mi1,5709.599999999999
72279,Mi1,5709.599999999999
286259,OA-ASM1,5709.599999999999
37353,Mi1,5709.700000000001
94755,T4a,5709.8
35602,Mi1,5709.8
36410,Mi1,5709.9
92706,T4a,5709.9
35770,Mi1,5709.9
41545,Mi1,5710.0
34189,Mi1,5710.2
90121,T4b,5710.4
102147,T4c,5710.4
104297,T4a,5710.4
47368,TmY3,5710.500000000001
122233,Tm3,5710.500000000001
94356,T4c,5710.7
66325,Tm3,5710.7
35218,Mi1,5710.8
59397,Mi1,5710.8
93025,T4b,5710.8
95335,T4a,5710.8
94368,T4a,5710.900000000001
10015,HSN,5711.0
537004,VSm,5711.2
120016,Tm3,5711.3
96163,T4b,5711.3
39158,Mi1,5711.3
91444,T4c,5711.3
92415,T4a,5711.5
104674,T4a,5711.6
104683,T4b,5711.6
37529,Mi1,5711.8
89434,T4c,5711.8
99011,T4c,5711.8
101620,T4b,5711.8
114817,T4d,5711.8
34057,Mi1,5711.9
88281,T4b,5711.9
33655,Mi1,5712.000000000001
97249,T4d,5712.000000000001
90567,T4b,5712.1
69228,T2a,5712.2
52485,TmY3,5712.2
67719,T2a,5712.2
10016,HSE,5712.3
120231,Tm3,5712.3
10023,HSS,5712.400000000001
91987,T4c,5712.400000000001
94305,T4a,5712.400000000001
33942,Mi1,5712.5
35580,Mi1,5712.5
91283,T4c,5712.5
38479,Mi1,5712.6
73284,T2a,5712.7
78503,T2a,5712.7
34369,Mi1,5712.900000000001
65513,T2a,5712.900000000001
93527,T4a,5713.0
108065,T4c,5713.0
74231,Tm3,5713.0
98312,T4a,5713.0
10187,OA-VPM3,5713.099999999999
90394,T4a,5713.099999999999
116311,T4d,5713.099999999999
95005,T4a,5713.200000000001
104257,T4b,5713.200000000001
33462,Mi1,5713.3
36994,Mi1,5713.3
111416,Tm3,5713.3
89368,T4c,5713.4
53065,Mi1,5713.4
108697,T4d,5713.4
104853,T4c,5713.500000000001
102519,T4a,5713.500000000001
98837,T4c,5713.500000000001
10072,OA-AL2i1,5713.500000000001
34849,Mi1,5713.6
88435,Tm3,5713.6
10025,H2,5713.7
10041,OA-VUMa1,5713.7
54087,Mi1,5713.7
90135,T4c,5713.7
107105,T4d,5713.7
35428,Mi1,5713.900000000001
72955,T2a,5713.900000000001
112179,T4b,5713.900000000001
10037,VS,5714.0
35100,Mi1,5714.0
70812,TmY3,5714.0
104354,T4b,5714.1
99672,T4a,5714.2
106701,T4d,5714.2
112619,T4d,5714.2
10185,OA-VUMa8,5714.400000000001
33907,Mi1,5714.400000000001
88698,T4a,5714.5
11921,OA-VPM4,5714.599999999999
37270,Mi1,5714.599999999999
43334,TmY3,5714.599999999999
98300,T4a,5714.599999999999
49324,Mi1,5714.700000000001
83689,T4a,5714.700000000001
87390,T2a,5714.8
68982,Tm3,5714.8
95453,T4a,5714.8
11264,OA-ASM1,5714.8
35934,Mi1,5714.8
36533,Mi1,5714.9
42119,Mi1,5715.2
35836,Mi1,5715.2
91345,T4c,5715.2
10175,OA-VUMa6,5715.2
10269,OA-AL2i2,5715.2
101383,T4b,5715.2
98381,T4d,5715.3
104414,T4d,5715.3
35017,Mi1,5715.400000000001
55101,Mi1,5715.5
72796,Tm3,5715.5
99131,T4c,5715.5
35897,Mi1,5715.6
106952,T4b,5715.6
10112,VS,5715.7
51122,Mi1,5715.7
117627,Tm3,5715.7
39275,Mi1,5715.8
100087,T4b,5716.0
12896,OA-VUMa5,5716.099999999999
12109,OA-VUMa2,5716.200000000001
35234,Mi1,5716.200000000001
40854,Mi1,5716.200000000001
92939,T4b,5716.200000000001
109649,T4c,5716.3
74937,T2a,5716.3
10015,HSN,5716.4
96126,T4b,5716.4
110403,T4b,5716.4
11005,OA-VUMa4,5716.5
104858,T4b,5716.5
10120,OA-VPM4,5716.6
36540,Mi1,5716.6
66980,T2a,5716.6
96134,T4b,5716.6
35712,Mi1,5716.7
36252,Mi1,5716.8
100018,T4a,5716.8
95356,T4a,5716.9
91682,T4b,5716.9
100946,T4c,5716.9
34079,Mi1,5716.9
88726,T4b,5716.9
37699,Mi1,5717.0
92047,T4c,5717.1
92114,T4c,5717.1
10016,HSE,5717.2
101215,T4c,5717.2
40026,TmY3,5717.3
99670,T4c,5717.3
100787,T4b,5717.400000000001
120312,Tm3,5717.400000000001
542412,Mi1,5717.400000000001
79646,Tm3,5717.5
111184,T4a,5717.5
102975,T4b,5717.599999999999
121170,Tm3,5717.599999999999
34045,Mi1,5717.700000000001
10265,OA-AL2i2,5717.700000000001
37037,Mi1,5717.8
102595,T4d,5717.8
38238,Mi1,5717.9
83979,T4a,5717.9
94743,T4d,5717.9
102579,T4b,5717.9
88992,T4c,5718.0
10652,OA-AL2i4,5718.0
37631,Mi1,5718.0
101772,Tm3,5718.0
10322,OA-AL2i2,5718.1
35840,Mi1,5718.1
92281,T4c,5718.1
102388,T4d,5718.1
56564,Mi1,5718.200000000001
69380,Tm3,5718.200000000001
12521,HST,5718.200000000001
10799,OA-VUMa4,5718.4
104942,T4a,5718.4
10025,H2,5718.4
10168,OA-VUMa6,5718.500000000001
10658,OA-AL2i3,5718.500000000001
68562,T2a,5718.500000000001
10011,OA-AL2i1,5718.6
34933,Mi1,5718.7
48547,TmY3,5718.7
34479,Mi1,5718.8
97675,T4c,5718.8
37019,Mi1,5718.900000000001
526158,Mi1,5718.900000000001
66345,T2a,5719.0
95458,T4d,5719.0
107621,T4d,5719.0
75521,T2a,5719.1
99423,T4d,5719.1
38767,Mi1,5719.1
77138,Tm3,5719.2
10110,OA-VUMa1,5719.3
10226,OA-AL2i3,5719.3
71052,T2a,5719.3
98788,T4d,5719.3
100867,T4b,5719.3
10825,OA-AL2i3,5719.400000000001
76524,Tm3,5719.5
92996,T4a,5719.5
93166,T4c,5719.5
112744,T4d,5719.5
10677,OA-AL2i4,5719.6
33446,Mi1,5719.6
103479,T4c,5719.6
70289,Mi1,5719.700000000001
11608,OA-VUMa2,5719.700000000001
94179,T4a,5719.8
58862,Mi1,5719.8
32893,Mi1,5719.9
34862,Mi1,5719.9
102425,T4b,5719.9
74373,Tm3,5720.1
109536,T4d,5720.1
67113,Mi1,5720.3
68522,T2a,5720.3
36452,Mi1,5720.400000000001
103025,T4a,5720.400000000001
88625,T4c,5720.5
92181,T4a,5720.5
37948,Mi1,5720.6
47686,TmY3,5720.7
112775,T4d,5720.8
37371,Mi1,5720.8
35498,Mi1,5720.8
10555,OA-VUMa3,5720.8
10037,VS,5720.8
10687,OA-AL2i3,5720.8
10023,HSS,5720.900000000001
105521,T4c,5720.900000000001
106200,T4c,5721.0
103440,T4d,5721.099999999999
10204,OA-AL2i2,5721.099999999999
10755,H1,5721.099999999999
95822,T4b,5721.200000000001
21336,LC4,5721.3
37853,Mi1,5721.3
93750,T4c,5721.3
107529,T4d,5721.3
109631,T4b,5721.3
12688,OA-ASM1,5721.4
101685,T4b,5721.4
96774,T4c,5721.500000000001
81401,T4b,5721.500000000001
10072,OA-AL2i1,5721.500000000001
35152,Mi1,5721.500000000001
36177,Mi1,5721.500000000001
10206,VS,5721.7
34296,Mi1,5721.7
36446,Mi1,5721.7
65671,Mi1,5721.8
34356,Mi1,5721.900000000001
104191,T4a,5721.900000000001
10015,HSN,5722.0
35845,Mi1,5722.0
287884,OA-VPM3,5722.0
10112,VS,5722.1
103022,T4a,5722.1
38893,Mi1,5722.2
41809,Mi1,5722.2
37599,Mi1,5722.3
10080,OA-VUMa3,5722.3
10016,HSE,5722.3
35806,Mi1,5722.400000000001
55976,Mi1,5722.400000000001
35888,Mi1,5722.599999999999
36217,Mi1,5722.599999999999
34463,Mi1,5722.700000000001
34899,Mi1,5722.700000000001
91741,T4d,5722.8
83227,Tm3,5722.8
69980,Tm3,5722.8
34300,Mi1,5722.9
37568,Mi1,5722.9
94289,T4d,5722.9
96576,T4c,5722.9
10025,H2,5723.0
39743,Mi1,5723.0
63420,Mi1,5723.1
11602,OA-ASM1,5723.1
37000,Mi1,5723.2
40596,Mi1,5723.2
67971,Tm3,5723.2
103073,T4a,5723.2
66808,Tm3,5723.3
101480,T4c,5723.3
124490,Tm3,5723.400000000001
10041,OA-VUMa1,5723.5
35770,Mi1,5723.5
286259,OA-ASM1,5723.5
36954,Mi1,5723.6
65531,T2a,5723.6
64712,T2a,5723.7
81836,T2a,5723.7
116129,T4b,5723.900000000001
91469,T4c,5723.900000000001
36911,Mi1,5724.0
34189,Mi1,5724.099999999999
36410,Mi1,5724.099999999999
99663,T4c,5724.099999999999
97899,T4a,5724.200000000001
11134,VSm,5724.3
38133,Mi1,5724.3
35405,Mi1,5724.4
35602,Mi1,5724.4
83204,T4d,5724.4
101005,T4d,5724.4
59397,Mi1,5724.5
107240,T4b,5724.5
72279,Mi1,5724.6
93419,T4b,5724.7
34057,Mi1,5724.8
35218,Mi1,5724.9
33655,Mi1,5725.0
50333,TmY3,5725.0
67150,T2a,5725.0
95681,T4a,5725.1
109593,Tm3,5725.1
35774,Mi1,5725.2
36139,Mi1,5725.2
78854,T2a,5725.2
92842,T4a,5725.2
96295,T4b,5725.2
109598,T4b,5725.2
31848,Mi1,5725.400000000001
99387,T4a,5725.400000000001
41626,Mi1,5725.599999999999
112321,T4d,5725.599999999999
98887,T4b,5725.700000000001
85152,T4c,5725.700000000001
35001,Mi1,5725.700000000001
37529,Mi1,5725.900000000001
91057,T4c,5725.900000000001
39158,Mi1,5726.0
71394,T2a,5726.0
100956,T4d,5726.0
37353,Mi1,5726.1
94153,T4d,5726.1
10187,OA-VPM3,5726.200000000001
33942,Mi1,5726.200000000001
99950,T4c,5726.200000000001
104368,T4c,5726.200000000001
41545,Mi1,5726.3
97028,T4c,5726.4
71161,T2a,5726.500000000001
90423,T4b,5726.500000000001
102564,T4a,5726.6
11005,OA-VUMa4,5726.7
34369,Mi1,5726.7
102016,T4a,5726.7
10175,OA-VUMa6,5726.900000000001
51231,TmY3,5726.900000000001
93334,T4b,5726.900000000001
10037,VS,5727.0
10269,OA-AL2i2,5727.0
97480,T4c,5727.0
119245,T4d,5727.0
35580,Mi1,5727.1
61401,T2a,5727.1
84063,T4b,5727.1
92706,T4a,5727.1
100206,T4c,5727.1
75848,T2a,5727.2
66604,TmY3,5727.2
71475,Tm3,5727.3
74228,Tm3,5727.3
38479,Mi1,5727.400000000001
46662,TmY3,5727.400000000001
93972,T4a,5727.400000000001
95239,T4a,5727.5
10112,VS,5727.5
90278,T4a,5727.5
107442,T4d,5727.5
10185,OA-VUMa8,5727.6
33907,Mi1,5727.6
111746,Tm3,5727.6
10120,OA-VPM4,5727.700000000001
35934,Mi1,5727.700000000001
54087,Mi1,5727.8
54885,TmY3,5727.9
122308,Tm3,5727.9
36994,Mi1,5727.9
11921,OA-VPM4,5728.000000000001
34849,Mi1,5728.000000000001
53065,Mi1,5728.000000000001
92993,Tm3,5728.000000000001
10015,HSN,5728.2
10016,HSE,5728.2
10025,H2,5728.2
36533,Mi1,5728.2
92082,T4b,5728.2
35100,Mi1,5728.3
81995,Tm3,5728.3
89139,T4c,5728.3
95883,T4a,5728.3
100567,T4d,5728.400000000001
102112,T4c,5728.400000000001
100033,T4c,5728.400000000001
42119,Mi1,5728.5
88152,T4c,5728.5
35428,Mi1,5728.6
49324,Mi1,5728.6
91913,T4b,5728.6
103425,T4a,5728.7
37270,Mi1,5728.7
93688,T4a,5728.7
35017,Mi1,5728.900000000001
97171,T4d,5728.900000000001
33462,Mi1,5729.0
92839,T4b,5729.0
90049,T4c,5729.099999999999
98118,T4c,5729.099999999999
112563,Tm3,5729.099999999999
107719,T4b,5729.200000000001
95554,T4b,5729.200000000001
35836,Mi1,5729.200000000001
11264,OA-ASM1,5729.200000000001
91806,T4a,5729.200000000001
10012,VS,5729.3
39275,Mi1,5729.3
10265,OA-AL2i2,5729.4
12896,OA-VUMa5,5729.500000000001
47368,TmY3,5729.500000000001
89290,T4d,5729.500000000001
10322,OA-AL2i2,5729.6
78172,TmY3,5729.6
94624,T4a,5729.6
100310,T4d,5729.6
102462,T4c,5729.6
86686,T4c,5729.7
95005,T4a,5729.7
77991,Tm3,5729.7
10799,OA-VUMa4,5729.7
107609,T4d,5729.8
55101,Mi1,5729.900000000001
83067,T4b,5729.900000000001
10110,OA-VUMa1,5730.0
12109,OA-VUMa2,5730.0
51122,Mi1,5730.0
48894,TmY3,5730.1
104008,T4b,5730.1
110646,T4b,5730.1
10168,OA-VUMa6,5730.2
10658,OA-AL2i3,5730.2
35234,Mi1,5730.2
92431,T4a,5730.2
98099,T4b,5730.3
36252,Mi1,5730.3
82500,T2a,5730.3
10072,OA-AL2i1,5730.3
10023,HSS,5730.3
537004,VSm,5730.5
10825,OA-AL2i3,5730.700000000001
38238,Mi1,5730.700000000001
39067,Mi1,5730.700000000001
40854,Mi1,5730.8
69164,Mi1,5730.8
37699,Mi1,5730.9
34079,Mi1,5731.1
35447,Mi1,5731.1
36540,Mi1,5731.1
56564,Mi1,5731.1
74375,Tm3,5731.1
93865,T4c,5731.1
92644,T4d,5731.2
542412,Mi1,5731.2
10652,OA-AL2i4,5731.2
10687,OA-AL2i3,5731.3
98985,T4c,5731.3
11608,OA-VUMa2,5731.400000000001
35840,Mi1,5731.400000000001
100032,T4c,5731.400000000001
77480,Tm3,5731.5
76061,T2a,5731.6
37037,Mi1,5731.6
104336,T4b,5731.6
105698,T4c,5731.6
34867,Mi1,5731.7
74023,T2a,5731.8
90465,T4a,5731.8
103654,T4b,5731.8
92047,T4c,5731.900000000001
102791,T4c,5732.0
37631,Mi1,5732.0
10677,OA-AL2i4,5732.0
97853,T4c,5732.0
38767,Mi1,5732.099999999999
83365,T2a,5732.099999999999
20808,LC4,5732.200000000001
35897,Mi1,5732.200000000001
94305,T4a,5732.200000000001
105718,T4b,5732.200000000001
98325,T4d,5732.3
23392,LC4,5732.4
80302,T2a,5732.4
34933,Mi1,5732.5
93360,T4b,5732.5
99922,T4c,5732.5
106922,T4c,5732.5
10226,OA-AL2i3,5732.6
68842,TmY3,5732.7
34045,Mi1,5732.7
10025,H2,5732.8
10037,VS,5732.8
35712,Mi1,5732.8
97784,T4c,5732.9
104257,T4b,5732.9
125171,Tm3,5733.0
10112,VS,5733.1
34479,Mi1,5733.1
85126,T4a,5733.1
37948,Mi1,5733.2
74927,Tm3,5733.2
526158,Mi1,5733.2
36452,Mi1,5733.299999999999
37019,Mi1,5733.400000000001
101215,T4c,5733.400000000001
102741,T4c,5733.5
94356,T4c,5733.5
79345,T2a,5733.5
10011,OA-AL2i1,5733.5
10204,OA-AL2i2,5733.6
10755,H1,5733.6
79271,T4a,5733.6
114391,T4d,5733.6
89434,T4c,5733.700000000001
30923,TmY3,5733.700000000001
33446,Mi1,5733.700000000001
10041,OA-VUMa1,5733.700000000001
12688,OA-ASM1,5733.700000000001
97866,T4d,5733.8
10016,HSE,5733.900000000001
58862,Mi1,5733.900000000001
34862,Mi1,5734.1
83191,T4a,5734.1
109142,T4b,5734.200000000001
103657,T4b,5734.200000000001
75298,T2a,5734.200000000001
90121,T4b,5734.200000000001
118924,Tm3,5734.3
21313,LC4,5734.4
10555,OA-VUMa3,5734.500000000001
97231,T4a,5734.6
10015,HSN,5734.7
37371,Mi1,5734.7
91444,T4c,5734.7
37853,Mi1,5734.8
287884,OA-VPM3,5734.8
108307,T4b,5734.900000000001
89368,T4c,5735.0
65671,Mi1,5735.0
70289,Mi1,5735.0
35498,Mi1,5735.0
10206,VS,5735.0
32893,Mi1,5735.1
35152,Mi1,5735.1
38893,Mi1,5735.1
93566,T4a,5735.2
94755,T4a,5735.2
127615,Tm3,5735.2
34356,Mi1,5735.3
23098,LC4,5735.3
11602,OA-ASM1,5735.400000000001
72148,Tm3,5735.400000000001
67113,Mi1,5735.5
72558,T2a,5735.5
36177,Mi1,5735.6
117662,T4d,5735.6
83583,T4d,5735.700000000001
37000,Mi1,5735.700000000001
71398,Tm3,5735.700000000001
98194,T4d,5735.8
532850,Tm3,5735.8
47962,TmY3,5736.000000000001
104027,T4d,5736.000000000001
34296,Mi1,5736.1
55976,Mi1,5736.1
36217,Mi1,5736.2
41809,Mi1,5736.3
82515,Tm3,5736.400000000001
10080,OA-VUMa3,5736.400000000001
36446,Mi1,5736.400000000001
107211,T4d,5736.400000000001
98668,T4a,5736.5
97161,T4a,5736.5
80855,Tm3,5736.6
97878,T4b,5736.6
35845,Mi1,5736.6
11005,OA-VUMa4,5736.7
73828,Tm3,5736.7
10001,DNp01,5736.8
122233,Tm3,5736.8
35806,Mi1,5736.900000000001
39743,Mi1,5737.099999999999
83979,T4a,5737.099999999999
34899,Mi1,5737.099999999999
10025,H2,5737.3
10269,OA-AL2i2,5737.3
37568,Mi1,5737.3
48986,TmY3,5737.3
96126,T4b,5737.3
97885,T4a,5737.500000000001
90145,T4a,5737.500000000001
63420,Mi1,5737.7
16138,LC4,5737.7
35405,Mi1,5737.8
35770,Mi1,5737.8
37599,Mi1,5737.8
93025,T4b,5737.8
107143,T4d,5737.8
286259,OA-ASM1,5737.8
87358,T4a,5737.900000000001
111980,T4d,5737.900000000001
34057,Mi1,5738.0
65298,T2a,5738.0
69597,Tm3,5738.0
103160,T4a,5738.0
36410,Mi1,5738.1
82855,Tm3,5738.1
91283,T4c,5738.1
38133,Mi1,5738.2
102801,T4b,5738.2
101772,Tm3,5738.2
35888,Mi1,5738.2
93750,T4c,5738.2
34463,Mi1,5738.3
72938,T2a,5738.3
96090,T4c,5738.3
69793,T2a,5738.400000000001
101770,T4b,5738.400000000001
34189,Mi1,5738.5
36954,Mi1,5738.5
42006,TmY3,5738.5
103677,T4b,5738.5
35218,Mi1,5738.599999999999
36911,Mi1,5738.599999999999
98300,T4a,5738.599999999999
40596,Mi1,5738.700000000001
10175,OA-VUMa6,5738.700000000001
72279,Mi1,5738.8
102519,T4a,5738.8
112993,T4b,5738.8
99628,T4b,5738.9
102479,T4c,5738.9
10072,OA-AL2i1,5739.0
61659,Tm3,5739.0
77383,T2a,5739.0
10187,OA-VPM3,5739.1
78561,Tm3,5739.1
101043,T4c,5739.1
34300,Mi1,5739.2
59397,Mi1,5739.2
10112,VS,5739.2
106793,T4d,5739.2
10037,VS,5739.3
35602,Mi1,5739.3
10322,OA-AL2i2,5739.4
33942,Mi1,5739.4
33655,Mi1,5739.5
10016,HSE,5739.6
10284,VS,5739.6
88625,T4c,5739.7
101620,T4b,5739.8
35774,Mi1,5739.900000000001
34369,Mi1,5740.0
94287,T4d,5740.099999999999
36139,Mi1,5740.200000000001
10185,OA-VUMa8,5740.3
31848,Mi1,5740.3
91987,T4c,5740.3
37353,Mi1,5740.4
94368,T4a,5740.4
98504,T4c,5740.5
100105,T4a,5740.5
39158,Mi1,5740.5
41626,Mi1,5740.5
88698,T4a,5740.6
95364,T4d,5740.6
10110,OA-VUMa1,5740.7
40944,Mi1,5740.7
104683,T4b,5740.7
109857,T4d,5740.7
99011,T4c,5740.9
93947,T4a,5740.9
35934,Mi1,5740.9
72896,Tm3,5740.9
10023,HSS,5741.0
10120,OA-VPM4,5741.0
35428,Mi1,5741.0
41545,Mi1,5741.1
12896,OA-VUMa5,5741.1
40426,Mi1,5741.2
39275,Mi1,5741.2
38993,Mi1,5741.2
33907,Mi1,5741.2
10015,HSN,5741.3
44119,Mi1,5741.3
72194,Tm3,5741.3
74231,Tm3,5741.3
100680,T4d,5741.3
108349,T4d,5741.3
104450,T4a,5741.400000000001
10799,OA-VUMa4,5741.400000000001
35580,Mi1,5741.400000000001
95453,T4a,5741.5
97899,T4a,5741.6
35100,Mi1,5741.6
66345,T2a,5741.6
66808,Tm3,5741.6
96134,T4b,5741.700000000001
91682,T4b,5741.700000000001
10025,H2,5741.8
10658,OA-AL2i3,5741.8
111184,T4a,5741.8
37270,Mi1,5741.900000000001
37529,Mi1,5741.900000000001
53065,Mi1,5741.900000000001
69380,Tm3,5741.900000000001
10825,OA-AL2i3,5742.0
35001,Mi1,5742.0
103827,T4c,5742.0
11264,OA-ASM1,5742.1
36533,Mi1,5742.1
38479,Mi1,5742.1
54087,Mi1,5742.1
36994,Mi1,5742.200000000001
92281,T4c,5742.200000000001
10265,OA-AL2i2,5742.200000000001
104858,T4b,5742.3
93935,T4a,5742.3
77676,T2a,5742.3
33216,Mi1,5742.4
49324,Mi1,5742.4
95356,T4a,5742.4
99663,T4c,5742.500000000001
65513,T2a,5742.6
110403,T4b,5742.6
11921,OA-VPM4,5742.6
36305,Mi1,5742.6
10687,OA-AL2i3,5742.7
92254,T4b,5742.7
97675,T4c,5742.7
99670,T4c,5742.7
103022,T4a,5742.7
108065,T4c,5742.8
35836,Mi1,5742.8
42119,Mi1,5742.900000000001
34849,Mi1,5742.900000000001
12109,OA-VUMa2,5742.900000000001
10168,OA-VUMa6,5743.0
93527,T4a,5743.0
52328,TmY3,5743.1
68982,Tm3,5743.1
73284,T2a,5743.1
96576,T4c,5743.1
88992,T4c,5743.2
45005,TmY3,5743.3
51122,Mi1,5743.400000000001
83689,T4a,5743.400000000001
10652,OA-AL2i4,5743.5
11608,OA-VUMa2,5743.5
78856,Tm3,5743.5
48547,TmY3,5743.6
103025,T4a,5743.700000000001
95883,T4a,5743.8
52485,TmY3,5743.8
10226,OA-AL2i3,5743.8
35234,Mi1,5743.8
90135,T4c,5743.9
98312,T4a,5743.9
103570,T4d,5743.9
87289,T4a,5744.000000000001
98381,T4d,5744.000000000001
92939,T4b,5744.1
90423,T4b,5744.1
50333,TmY3,5744.1
35017,Mi1,5744.1
33462,Mi1,5744.1
10677,OA-AL2i4,5744.1
38514,Mi1,5744.1
38238,Mi1,5744.2
81064,Tm3,5744.2
104297,T4a,5744.3
83465,T4a,5744.400000000001
34079,Mi1,5744.400000000001
36540,Mi1,5744.5
41296,Mi1,5744.5
36252,Mi1,5744.6
56564,Mi1,5744.6
67150,T2a,5744.6
98887,T4b,5744.6
10016,HSE,5744.7
40026,TmY3,5744.7
55101,Mi1,5744.7
79646,Tm3,5744.7
85007,T4c,5744.7
104191,T4a,5744.7
102425,T4b,5744.8
108438,T4d,5744.8
100855,T4a,5744.8
10011,OA-AL2i1,5744.8
10041,OA-VUMa1,5744.8
98837,T4c,5744.8
40854,Mi1,5744.900000000001
75521,T2a,5744.900000000001
91469,T4c,5744.900000000001
95242,T4d,5744.900000000001
68562,T2a,5745.0
96295,T4b,5745.099999999999
102975,T4b,5745.099999999999
99131,T4c,5745.200000000001
542412,Mi1,5745.200000000001
79257,Tm3,5745.3
92114,T4c,5745.3
101480,T4c,5745.4
102579,T4b,5745.4
37037,Mi1,5745.6
10755,H1,5745.6
10037,VS,5745.6
10112,VS,5745.7
106952,T4b,5745.7
107031,T4b,5745.7
35840,Mi1,5745.900000000001
10555,OA-VUMa3,5746.0
37631,Mi1,5746.0
78968,Tm3,5746.1
85074,T4a,5746.1
87424,T4d,5746.1
92842,T4a,5746.1
100787,T4b,5746.1
132339,Tm3,5746.1
90394,T4a,5746.2
95822,T4b,5746.3
51231,TmY3,5746.3
35897,Mi1,5746.3
10025,H2,5746.3
34045,Mi1,5746.3
10206,VS,5746.400000000001
37699,Mi1,5746.400000000001
84008,T4c,5746.400000000001
107170,T4b,5746.400000000001
12688,OA-ASM1,5746.5
38767,Mi1,5746.5
34933,Mi1,5746.599999999999
10204,OA-AL2i2,5746.700000000001
21336,LC4,5746.700000000001
37948,Mi1,5746.700000000001
100033,T4c,5746.700000000001
93166,T4c,5746.9
107529,T4d,5746.9
69164,Mi1,5747.0
75377,T2a,5747.0
34479,Mi1,5747.0
10015,HSN,5747.0
10072,OA-AL2i1,5747.1
88726,T4b,5747.1
37019,Mi1,5747.3
97028,T4c,5747.3
33446,Mi1,5747.4
11005,OA-VUMa4,5747.5
36452,Mi1,5747.5
65671,Mi1,5747.6
98788,T4d,5747.6
526158,Mi1,5747.6
10269,OA-AL2i2,5747.7
35712,Mi1,5747.7
99292,T4a,5747.7
107159,T4b,5747.8
101685,T4b,5747.8
95458,T4d,5747.8
35498,Mi1,5747.8
10023,HSS,5747.900000000001
287884,OA-VPM3,5747.900000000001
39067,Mi1,5748.0
11602,OA-ASM1,5748.099999999999
73807,Tm3,5748.099999999999
73586,Tm3,5748.200000000001
98654,T4d,5748.200000000001
58862,Mi1,5748.200000000001
34862,Mi1,5748.3
82145,T2a,5748.3
105521,T4c,5748.4
35447,Mi1,5748.4
37000,Mi1,5748.4
91913,T4b,5748.4
94743,T4d,5748.4
44244,TmY3,5748.6
34356,Mi1,5748.6
41809,Mi1,5748.6
32893,Mi1,5748.7
10322,OA-AL2i2,5748.8
67113,Mi1,5748.8
38893,Mi1,5749.0
101005,T4d,5749.0
10080,OA-VUMa3,5749.1
37371,Mi1,5749.1
91345,T4c,5749.1
96657,T4c,5749.1
10001,DNp01,5749.2
72955,T2a,5749.2
98118,T4c,5749.2
100946,T4c,5749.3
92706,T4a,5749.3
110988,T4a,5749.5
10016,HSE,5749.5
70289,Mi1,5749.5
78503,T2a,5749.6
87390,T2a,5749.6
108847,T4d,5749.6
37853,Mi1,5749.700000000001
55976,Mi1,5749.700000000001
105135,T4c,5749.700000000001
10175,OA-VUMa6,5749.8
76325,T2a,5749.8
36446,Mi1,5749.900000000001
71052,T2a,5749.900000000001
112744,T4d,5749.900000000001
34296,Mi1,5750.0
100319,T4b,5750.1
35152,Mi1,5750.200000000001
69980,Tm3,5750.3
34867,Mi1,5750.4
67971,Tm3,5750.4
93419,T4b,5750.4
112633,T4b,5750.4
36177,Mi1,5750.500000000001
73096,T2a,5750.500000000001
35845,Mi1,5750.6
91057,T4c,5750.6
95681,T4a,5750.6
122961,T4d,5750.6
100867,T4b,5750.7
83438,T4a,5750.7
113686,T4d,5750.7
92047,T4c,5751.0
100018,T4a,5751.0
48283,TmY3,5751.0
10110,OA-VUMa1,5751.0
35770,Mi1,5751.0
10025,H2,5751.0
47368,TmY3,5751.0
37568,Mi1,5751.1
94624,T4a,5751.1
94668,T4d,5751.1
36217,Mi1,5751.3
39743,Mi1,5751.3
85126,T4a,5751.400000000001
95005,T4a,5751.400000000001
107442,T4d,5751.5
109291,T4d,5751.5
10187,OA-VPM3,5751.6
83067,T4b,5751.6
35405,Mi1,5751.700000000001
95554,T4b,5751.700000000001
102147,T4c,5751.8
34057,Mi1,5751.8
21313,LC4,5751.8
34899,Mi1,5751.9
36911,Mi1,5751.9
59397,Mi1,5751.9
92431,T4a,5751.9
10037,VS,5752.000000000001
23392,LC4,5752.000000000001
36410,Mi1,5752.000000000001
69228,T2a,5752.000000000001
99863,T4d,5752.000000000001
33942,Mi1,5752.1
34300,Mi1,5752.1
286259,OA-ASM1,5752.1
112179,T4b,5752.2
96424,T4b,5752.2
99980,T4c,5752.2
40596,Mi1,5752.2
79271,T4a,5752.2
35806,Mi1,5752.3
37599,Mi1,5752.3
96163,T4b,5752.400000000001
10112,VS,5752.400000000001
20808,LC4,5752.400000000001
34189,Mi1,5752.400000000001
35888,Mi1,5752.400000000001
107105,T4d,5752.400000000001
109649,T4c,5752.400000000001
12896,OA-VUMa5,5752.5
38133,Mi1,5752.5
94179,T4a,5752.6
72279,Mi1,5752.6
35218,Mi1,5752.6
102462,T4c,5752.7
89290,T4d,5752.7
10120,OA-VPM4,5752.7
49372,TmY3,5752.7
72829,T2a,5752.7
10015,HSN,5752.8
100282,T4a,5752.900000000001
63420,Mi1,5753.099999999999
95810,T2a,5753.099999999999
35602,Mi1,5753.200000000001
95239,T4a,5753.3
105574,T4d,5753.3
10799,OA-VUMa4,5753.4
33655,Mi1,5753.4
10825,OA-AL2i3,5753.5
10185,OA-VUMa8,5753.5
36954,Mi1,5753.5
94755,T4a,5753.6
71938,T2a,5753.6
10658,OA-AL2i3,5753.7
31848,Mi1,5753.8
34463,Mi1,5753.8
93224,T4a,5753.900000000001
35774,Mi1,5754.0
97193,T4a,5754.0
95335,T4a,5754.1
10687,OA-AL2i3,5754.2
39158,Mi1,5754.3
33907,Mi1,5754.400000000001
92996,T4a,5754.5
99950,T4c,5754.5
37123,Mi1,5754.599999999999
41545,Mi1,5754.599999999999
10168,OA-VUMa6,5754.599999999999
34369,Mi1,5754.599999999999
10016,HSE,5754.700000000001
16138,LC4,5754.700000000001
102564,T4a,5754.700000000001
74023,T2a,5754.8
96090,T4c,5754.8
113568,T4d,5754.8
104257,T4b,5754.9
36139,Mi1,5754.9
94356,T4c,5754.9
10072,OA-AL2i1,5755.0
35934,Mi1,5755.0
39275,Mi1,5755.0
54885,TmY3,5755.0
112619,T4d,5755.0
120231,Tm3,5755.1
98360,T4c,5755.1
36533,Mi1,5755.1
11264,OA-ASM1,5755.1
10265,OA-AL2i2,5755.1
69540,TmY3,5755.2
106912,Tm3,5755.2
10023,HSS,5755.3
11608,OA-VUMa2,5755.3
37353,Mi1,5755.3
75484,Tm3,5755.3
98194,T4d,5755.4
37270,Mi1,5755.4
10025,H2,5755.7
10041,OA-VUMa1,5755.7
37529,Mi1,5755.7
41626,Mi1,5755.7
109593,Tm3,5755.7
104414,T4d,5755.8
68212,T2a,5755.8
35428,Mi1,5755.8
12109,OA-VUMa2,5755.8
10677,OA-AL2i4,5755.900000000001
35100,Mi1,5755.900000000001
35580,Mi1,5755.900000000001
38230,Mi1,5755.900000000001
104354,T4b,5756.099999999999
38479,Mi1,5756.200000000001
64579,T2,5756.200000000001
10206,VS,5756.3
10226,OA-AL2i3,5756.3
81401,T4b,5756.3
93972,T4a,5756.3
111416,Tm3,5756.3
53065,Mi1,5756.4
104674,T4a,5756.5
103425,T4a,5756.5
91325,T4a,5756.5
94305,T4a,5756.5
104336,T4b,5756.6
54087,Mi1,5756.7
76524,Tm3,5756.7
95453,T4a,5756.7
10652,OA-AL2i4,5756.8
88152,T4c,5756.8
10001,DNp01,5756.9
34849,Mi1,5756.9
71475,Tm3,5757.0
51122,Mi1,5757.0
90278,T4a,5757.0
35836,Mi1,5757.0
35001,Mi1,5757.0
36994,Mi1,5757.0
40944,Mi1,5757.1
42119,Mi1,5757.1
66980,T2a,5757.1
120312,Tm3,5757.1
525839,Mi1,5757.2
120016,Tm3,5757.2
93750,T4c,5757.2
77779,T2a,5757.2
40426,Mi1,5757.2
11921,OA-VPM4,5757.2
89825,T4a,5757.2
10284,VS,5757.3
49324,Mi1,5757.3
537004,VSm,5757.3
79293,Tm3,5757.400000000001
40171,Mi1,5757.5
39692,TmY3,5757.6
38993,Mi1,5757.6
11005,OA-VUMa4,5757.700000000001
101215,T4c,5757.700000000001
10269,OA-AL2i2,5757.8
33017,Mi1,5757.8
72989,Tm3,5757.900000000001
110646,T4b,5757.900000000001
33462,Mi1,5758.1
35234,Mi1,5758.1
84010,Tm3,5758.1
92644,T4d,5758.1
102229,T4d,5758.1
10037,VS,5758.200000000001
106701,T4d,5758.200000000001
97256,T4c,5758.3
97784,T4c,5758.3
91806,T4a,5758.3
38238,Mi1,5758.3
35017,Mi1,5758.4
56564,Mi1,5758.4
10011,OA-AL2i1,5758.500000000001
10015,HSN,5758.500000000001
10755,H1,5758.500000000001
44119,Mi1,5758.500000000001
83204,T4d,5758.500000000001
65531,T2a,5758.7
88281,T4b,5758.7
34079,Mi1,5758.8
36540,Mi1,5758.8
101302,T4d,5758.8
33216,Mi1,5758.900000000001
43334,TmY3,5759.1
12688,OA-ASM1,5759.1
102791,T4c,5759.1
542412,Mi1,5759.2
40832,Mi1,5759.2
40854,Mi1,5759.3
60857,Mi1,5759.3
83979,T4a,5759.3
106166,T4b,5759.3
35897,Mi1,5759.400000000001
40085,Mi1,5759.400000000001
55101,Mi1,5759.400000000001
74725,T2a,5759.400000000001
37037,Mi1,5759.5
800146,TTMn,5759.6
109536,T4d,5759.6
106922,T4c,5759.6
37631,Mi1,5759.6
97853,T4c,5759.6
10555,OA-VUMa3,5759.6
10204,OA-AL2i2,5759.6
10016,HSE,5759.6
36305,Mi1,5759.6
10322,OA-AL2i2,5759.700000000001
37699,Mi1,5759.700000000001
99922,T4c,5759.700000000001
96852,T4a,5759.8
37948,Mi1,5759.8
105718,T4b,5759.8
10112,VS,5759.9
38767,Mi1,5759.9
104853,T4c,5759.9
89020,T4a,5760.000000000001
287884,OA-VPM3,5760.000000000001
36252,Mi1,5760.000000000001
76074,Tm3,5760.1
41120,Mi1,5760.1
35840,Mi1,5760.1
36452,Mi1,5760.1
77138,Tm3,5760.2
70524,T2a,5760.3
101772,Tm3,5760.3
10025,H2,5760.400000000001
33446,Mi1,5760.400000000001
107609,T4d,5760.400000000001
67150,T2a,5760.5
11602,OA-ASM1,5760.5
99387,T4a,5760.5
76733,Tm3,5760.6
85152,T4c,5760.7
86419,Tm3,5760.7
88167,T4b,5760.8
39629,Mi1,5760.8
34479,Mi1,5760.8
114817,T4d,5760.900000000001
100087,T4b,5760.900000000001
41296,Mi1,5760.900000000001
69164,Mi1,5760.900000000001
96931,T4b,5760.900000000001
10110,OA-VUMa1,5761.0
34933,Mi1,5761.0
96576,T4c,5761.0
107621,T4d,5761.0
115636,T4d,5761.0
11134,VSm,5761.099999999999
34045,Mi1,5761.099999999999
93021,T4a,5761.099999999999
41668,Mi1,5761.3
47686,TmY3,5761.3
98985,T4c,5761.4
93566,T4a,5761.4
103654,T4b,5761.4
65671,Mi1,5761.5
526158,Mi1,5761.6
10175,OA-VUMa6,5761.6
35498,Mi1,5761.6
35447,Mi1,5761.7
37000,Mi1,5761.7
70800,Tm3,5761.8
117627,Tm3,5761.8
100310,T4d,5761.900000000001
34862,Mi1,5761.900000000001
70289,Mi1,5761.900000000001
10023,HSS,5761.900000000001
10080,OA-VUMa3,5761.900000000001
38514,Mi1,5762.0
67113,Mi1,5762.0
97171,T4d,5762.0
97677,T4c,5762.0
102388,T4d,5762.1
105698,T4c,5762.1
103025,T4a,5762.2
99423,T4d,5762.2
74927,Tm3,5762.2
90121,T4b,5762.2
90567,T4b,5762.2
34356,Mi1,5762.3
58862,Mi1,5762.3
96126,T4b,5762.3
102519,T4a,5762.3
109142,T4b,5762.3
109996,T4c,5762.3
38893,Mi1,5762.400000000001
34171,Mi1,5762.5
48894,TmY3,5762.5
122233,Tm3,5762.5
84063,T4b,5762.599999999999
90145,T4a,5762.599999999999
92281,T4c,5762.700000000001
97231,T4a,5762.8
98099,T4b,5762.8
108307,T4b,5762.8
116129,T4b,5762.8
35712,Mi1,5762.9
55976,Mi1,5763.0
72558,T2a,5763.0
89434,T4c,5763.0
93360,T4b,5763.1
128726,Tm3,5763.1
34296,Mi1,5763.2
36446,Mi1,5763.2
91469,T4c,5763.2
102741,T4c,5763.2
103022,T4a,5763.2
91366,T4b,5763.3
10072,OA-AL2i1,5763.3
10015,HSN,5763.3
32893,Mi1,5763.4
37019,Mi1,5763.4
37853,Mi1,5763.4
83191,T4a,5763.4
98381,T4d,5763.4
97899,T4a,5763.5
66325,Tm3,5763.6
54211,TmY3,5763.7
83365,T2a,5763.7
112775,T4d,5763.8
124345,T4d,5763.8
72796,Tm3,5763.900000000001
125171,Tm3,5764.0
83583,T4d,5764.099999999999
39067,Mi1,5764.099999999999
48547,TmY3,5764.099999999999
37371,Mi1,5764.099999999999
10187,OA-VPM3,5764.099999999999
35845,Mi1,5764.200000000001
41809,Mi1,5764.200000000001
88625,T4c,5764.200000000001
10012,VS,5764.3
10016,HSE,5764.3
87358,T4a,5764.3
92939,T4b,5764.3
97866,T4d,5764.3
68982,Tm3,5764.5
66345,T2a,5764.5
37568,Mi1,5764.5
106522,T4d,5764.5
12521,HST,5764.5
10120,OA-VPM4,5764.5
12896,OA-VUMa5,5764.5
66808,Tm3,5764.6
50345,TmY3,5764.6
36217,Mi1,5764.6
96676,T4b,5764.6
33942,Mi1,5764.6
10037,VS,5764.6
35152,Mi1,5764.6
98300,T4a,5764.7
10025,H2,5764.8
10825,OA-AL2i3,5764.8
34867,Mi1,5764.8
102016,T4a,5764.9
10687,OA-AL2i3,5764.9
34300,Mi1,5764.9
100032,T4c,5764.9
104368,T4c,5764.9
30923,TmY3,5765.0
10185,OA-VUMa8,5765.0
35770,Mi1,5765.1
86686,T4c,5765.1
91741,T4d,5765.1
92706,T4a,5765.1
286259,OA-ASM1,5765.1
23098,LC4,5765.3
35405,Mi1,5765.3
64712,T2a,5765.3
101383,T4b,5765.3
116716,T4b,5765.400000000001
59397,Mi1,5765.400000000001
89368,T4c,5765.400000000001
90423,T4b,5765.400000000001
116311,T4d,5765.5
109598,T4b,5765.5
90474,T4b,5765.5
72279,Mi1,5765.5
10799,OA-VUMa4,5765.6
98175,T4c,5765.6
35602,Mi1,5765.700000000001
36177,Mi1,5765.700000000001
66214,T2a,5765.700000000001
112321,T4d,5765.8
10041,OA-VUMa1,5765.8
10206,VS,5765.8
10658,OA-AL2i3,5765.8
89139,T4c,5765.900000000001
99011,T4c,5765.900000000001
34189,Mi1,5765.900000000001
70812,TmY3,5765.900000000001
95356,T4a,5766.0
97028,T4c,5766.0
10112,VS,5766.0
108325,T4c,5766.0
87845,T4a,5766.1
35218,Mi1,5766.1
88992,T4c,5766.200000000001
91987,T4c,5766.200000000001
34057,Mi1,5766.3
34899,Mi1,5766.3
35806,Mi1,5766.3
93025,T4b,5766.3
92839,T4b,5766.4
94153,T4d,5766.4
94368,T4a,5766.4
47962,TmY3,5766.500000000001
103657,T4b,5766.500000000001
36410,Mi1,5766.6
39743,Mi1,5766.6
100206,T4c,5766.6
11608,OA-VUMa2,5766.7
10168,OA-VUMa6,5766.7
37599,Mi1,5766.8
91283,T4c,5766.8
99348,T4c,5766.8
10677,OA-AL2i4,5766.900000000001
36911,Mi1,5766.900000000001
85737,T2a,5766.900000000001
122308,Tm3,5766.900000000001
35888,Mi1,5767.0
40596,Mi1,5767.0
102801,T4b,5767.0
91444,T4c,5767.1
10226,OA-AL2i3,5767.2
93688,T4a,5767.2
104683,T4b,5767.3
75848,T2a,5767.3
105521,T4c,5767.3
38133,Mi1,5767.3
71394,T2a,5767.3
11005,OA-VUMa4,5767.5
74891,T2a,5767.5
74937,T2a,5767.5
104858,T4b,5767.5
133040,Tm3,5767.5
103073,T4a,5767.599999999999
79483,Tm3,5767.700000000001
47368,TmY3,5767.700000000001
31848,Mi1,5767.8
92415,T4a,5767.8
100956,T4d,5767.8
101244,T4b,5767.8
96035,T4d,5767.9
96134,T4b,5767.9
90049,T4c,5768.000000000001
75521,T2a,5768.000000000001
63420,Mi1,5768.000000000001
34369,Mi1,5768.000000000001
11264,OA-ASM1,5768.000000000001
61659,Tm3,5768.000000000001
37353,Mi1,5768.1
101480,T4c,5768.1
10269,OA-AL2i2,5768.2
34463,Mi1,5768.2
37270,Mi1,5768.2
73284,T2a,5768.2
97675,T4c,5768.2
107719,T4b,5768.2
39275,Mi1,5768.3
99663,T4c,5768.3
88698,T4a,5768.400000000001
121170,Tm3,5768.400000000001
91682,T4b,5768.400000000001
71773,T2a,5768.400000000001
36139,Mi1,5768.400000000001
33907,Mi1,5768.400000000001
33655,Mi1,5768.400000000001
10025,H2,5768.400000000001
10015,HSN,5768.5
103160,T4a,5768.5
111746,Tm3,5768.5
39158,Mi1,5768.6
99163,T4a,5768.6
10001,DNp01,5768.7
104191,T4a,5768.8
95883,T4a,5768.8
93527,T4a,5768.8
93419,T4b,5768.8
97161,T4a,5768.8
35774,Mi1,5768.8
12109,OA-VUMa2,5768.8
10265,OA-AL2i2,5768.8
77383,T2a,5768.8
10023,HSS,5768.900000000001
20634,VST1,5768.900000000001
21336,LC4,5768.900000000001
41545,Mi1,5768.900000000001
42006,TmY3,5768.900000000001
109868,Tm3,5769.0
95364,T4d,5769.0
10755,H1,5769.0
92993,Tm3,5769.0
10016,HSE,5769.099999999999
92082,T4b,5769.099999999999
100946,T4c,5769.200000000001
41626,Mi1,5769.200000000001
91934,T4a,5769.200000000001
99670,T4c,5769.200000000001
107143,T4d,5769.3
35580,Mi1,5769.3
35934,Mi1,5769.3
71161,T2a,5769.4
89934,T4d,5769.4
90219,T4a,5769.4
91913,T4b,5769.4
102147,T4c,5769.4
36954,Mi1,5769.5
40026,TmY3,5769.5
96295,T4b,5769.5
102370,T4c,5769.5
103725,T4a,5769.5
10652,OA-AL2i4,5769.6
35428,Mi1,5769.6
36533,Mi1,5769.7
10322,OA-AL2i2,5769.7
10037,VS,5769.7
74231,Tm3,5769.8
98887,T4b,5769.8
99672,T4a,5769.8
114698,T4b,5769.8
35001,Mi1,5769.900000000001
10011,OA-AL2i1,5770.0
21313,LC4,5770.0
37123,Mi1,5770.0
37529,Mi1,5770.0
105276,T4d,5770.1
95017,T4c,5770.2
40944,Mi1,5770.400000000001
53065,Mi1,5770.400000000001
93166,T4c,5770.400000000001
51122,Mi1,5770.5
99628,T4b,5770.5
93509,T4b,5770.599999999999
102975,T4b,5770.599999999999
92047,T4c,5770.599999999999
42119,Mi1,5770.599999999999
56007,TmY3,5770.599999999999
35836,Mi1,5770.599999999999
54087,Mi1,5770.700000000001
38479,Mi1,5770.8
65298,T2a,5770.8
95822,T4b,5770.8
127153,Tm3,5770.8
74375,Tm3,5771.0
10072,OA-AL2i1,5771.1
12688,OA-ASM1,5771.1
78856,Tm3,5771.1
94624,T4a,5771.1
10110,OA-VUMa1,5771.3
11921,OA-VPM4,5771.3
95681,T4a,5771.4
77395,T4b,5771.4
35017,Mi1,5771.4
69380,Tm3,5771.4
56564,Mi1,5771.5
34849,Mi1,5771.6
91057,T4c,5771.6
100033,T4c,5771.6
101873,T4b,5771.6
23392,LC4,5771.7
10112,VS,5771.7
38230,Mi1,5771.7
98226,T4b,5771.7
107529,T4d,5771.7
108065,T4c,5771.7
33462,Mi1,5771.8
103827,T4c,5771.8
111184,T4a,5771.900000000001
101081,T4c,5771.900000000001
104027,T4d,5771.900000000001
10204,OA-AL2i2,5771.900000000001
10025,H2,5771.900000000001
35234,Mi1,5772.0
69441,Tm3,5772.0
94356,T4c,5772.0
79646,Tm3,5772.099999999999
93334,T4b,5772.099999999999
102425,T4b,5772.099999999999
38993,Mi1,5772.200000000001
71674,T2a,5772.3
525839,Mi1,5772.3
50333,TmY3,5772.4
91674,T4a,5772.4
537004,VSm,5772.4
49324,Mi1,5772.5
96090,T4c,5772.5
287884,OA-VPM3,5772.6
35100,Mi1,5772.6
36540,Mi1,5772.7
66604,TmY3,5772.7
36994,Mi1,5772.8
37631,Mi1,5772.8
40426,Mi1,5772.8
38529,Mi1,5772.9
86416,T4a,5772.9
542412,Mi1,5772.9
11602,OA-ASM1,5773.000000000001
83689,T4a,5773.000000000001
98837,T4c,5773.000000000001
38238,Mi1,5773.1
100855,T4a,5773.1
36252,Mi1,5773.2
69570,Tm3,5773.2
119245,T4d,5773.3
55101,Mi1,5773.3
36452,Mi1,5773.3
38241,Mi1,5773.3
40854,Mi1,5773.3
33446,Mi1,5773.400000000001
104297,T4a,5773.400000000001
37699,Mi1,5773.5
10555,OA-VUMa3,5773.6
99950,T4c,5773.6
34479,Mi1,5773.700000000001
63050,T2a,5773.700000000001
68522,T2a,5773.700000000001
98118,T4c,5773.700000000001
100787,T4b,5773.700000000001
104257,T4b,5773.700000000001
118924,Tm3,5773.8
108697,T4d,5773.8
103570,T4d,5773.8
95458,T4d,5773.8
38208,Mi1,5773.8
10175,OA-VUMa6,5773.8
10015,HSN,5773.8
35840,Mi1,5773.8
35897,Mi1,5773.900000000001
38767,Mi1,5773.900000000001
34079,Mi1,5774.0
69980,Tm3,5774.0
90465,T4a,5774.0
36305,Mi1,5774.1
37948,Mi1,5774.1
102595,T4d,5774.1
106200,T4c,5774.1
68842,TmY3,5774.200000000001
72066,Tm3,5774.200000000001
44119,Mi1,5774.200000000001
33216,Mi1,5774.200000000001
37037,Mi1,5774.200000000001
10016,HSE,5774.3
99131,T4c,5774.3
92114,T4c,5774.4
39405,Mi1,5774.500000000001
41296,Mi1,5774.500000000001
33017,Mi1,5774.6
34862,Mi1,5774.6
100633,T4a,5774.6
102579,T4b,5774.7
93972,T4a,5774.7
112744,T4d,5774.7
40085,Mi1,5774.7
32535,Mi1,5774.7
65671,Mi1,5774.7
39505,Mi1,5774.8
12896,OA-VUMa5,5774.900000000001
67113,Mi1,5774.900000000001
95005,T4a,5774.900000000001
95453,T4a,5775.0
98668,T4a,5775.0
10080,OA-VUMa3,5775.0
79271,T4a,5775.1
34933,Mi1,5775.2
96394,T4b,5775.2
100867,T4b,5775.2
80302,T2a,5775.3
104144,T2,5775.3
104008,T4b,5775.400000000001
77480,Tm3,5775.400000000001
93407,T4d,5775.5
81995,Tm3,5775.5
34045,Mi1,5775.5
10025,H2,5775.599999999999
93750,T4c,5775.599999999999
98325,T4d,5775.599999999999
101620,T4b,5775.599999999999
35498,Mi1,5775.700000000001
72148,Tm3,5775.700000000001
98788,T4d,5775.700000000001
10037,VS,5775.8
10687,OA-AL2i3,5775.8
46662,TmY3,5775.8
104905,T4c,5775.8
37000,Mi1,5775.9
127615,Tm3,5776.000000000001
41120,Mi1,5776.000000000001
40171,Mi1,5776.000000000001
30997,Mi1,5776.000000000001
10284,VS,5776.000000000001
10187,OA-VPM3,5776.1
60857,Mi1,5776.1
70289,Mi1,5776.1
103479,T4c,5776.1
10023,HSS,5776.2
34356,Mi1,5776.2
35447,Mi1,5776.2
67719,T2a,5776.2
83465,T4a,5776.2
85126,T4a,5776.2
90135,T4c,5776.2
94743,T4d,5776.3
88726,T4b,5776.3
94283,T4d,5776.3
10206,VS,5776.3
55976,Mi1,5776.3
40832,Mi1,5776.400000000001
103440,T4d,5776.400000000001
58862,Mi1,5776.5
89434,T4c,5776.5
97872,T4d,5776.5
10755,H1,5776.6
10825,OA-AL2i3,5776.6
35712,Mi1,5776.6
78503,T2a,5776.6
104450,T4a,5776.6
105403,T4c,5776.6
92431,T4a,5776.7
95554,T4b,5776.7
91345,T4c,5776.7
39629,Mi1,5776.7
38514,Mi1,5776.7
40256,Mi1,5776.8
68562,T2a,5776.8
526158,Mi1,5776.8
10041,OA-VUMa1,5776.900000000001
38893,Mi1,5776.900000000001
94305,T4a,5776.900000000001
11005,OA-VUMa4,5777.0
84008,T4c,5777.0
107031,T4b,5777.0
62078,Mi1,5777.099999999999
72955,T2a,5777.099999999999
83227,Tm3,5777.099999999999
97878,T4b,5777.099999999999
108438,T4d,5777.099999999999
69164,Mi1,5777.200000000001
99292,T4a,5777.200000000001
37019,Mi1,5777.3
34296,Mi1,5777.3
10120,OA-VPM4,5777.4
10799,OA-VUMa4,5777.4
36446,Mi1,5777.4
73828,Tm3,5777.4
94179,T4a,5777.4
110988,T4a,5777.4
10112,VS,5777.5
10185,OA-VUMa8,5777.5
10677,OA-AL2i4,5777.5
10658,OA-AL2i3,5777.6
98000,T4b,5777.6
37853,Mi1,5777.7
35845,Mi1,5777.7
36217,Mi1,5777.7
33942,Mi1,5777.8
35152,Mi1,5777.900000000001
86778,T4a,5778.0
101043,T4c,5778.0
39067,Mi1,5778.1
83438,T4a,5778.1
107997,T4c,5778.1
10269,OA-AL2i2,5778.2
83979,T4a,5778.2
103425,T4a,5778.2
109631,T4b,5778.2
34171,Mi1,5778.3
103022,T4a,5778.3
10168,OA-VUMa6,5778.400000000001
107170,T4b,5778.5
98349,T4a,5778.5
92842,T4a,5778.5
41809,Mi1,5778.5
37568,Mi1,5778.5
11608,OA-VUMa2,5778.599999999999
32893,Mi1,5778.599999999999
35602,Mi1,5778.599999999999
41668,Mi1,5778.700000000001
74228,Tm3,5778.700000000001
81401,T4b,5778.700000000001
114391,T4d,5778.700000000001
11134,VSm,5778.8
102462,T4c,5778.8
10015,HSN,5778.9
35770,Mi1,5778.9
101772,Tm3,5778.9
112179,T4b,5779.0
89290,T4d,5779.0
59397,Mi1,5779.0
10016,HSE,5779.1
39692,TmY3,5779.1
95335,T4a,5779.1
106793,T4d,5779.1
10072,OA-AL2i1,5779.2
97885,T4a,5779.2
286259,OA-ASM1,5779.2
69597,Tm3,5779.3
110403,T4b,5779.3
48986,TmY3,5779.4
88035,Tm3,5779.4
101770,T4b,5779.4
98194,T4d,5779.5
94287,T4d,5779.5
102479,T4c,5779.5
36177,Mi1,5779.5
10025,H2,5779.5
83067,T4b,5779.5
37371,Mi1,5779.6
101685,T4b,5779.6
34300,Mi1,5779.6
39718,Mi1,5779.7
35405,Mi1,5779.7
36410,Mi1,5779.8
47967,Mi1,5779.8
57247,TmY3,5779.8
102112,T4c,5779.8
34189,Mi1,5779.900000000001
107445,T4a,5779.900000000001
10322,OA-AL2i2,5780.0
35218,Mi1,5780.099999999999
34867,Mi1,5780.099999999999
35806,Mi1,5780.200000000001
91469,T4c,5780.200000000001
93865,T4c,5780.200000000001
95007,T4a,5780.200000000001
100897,T4c,5780.200000000001
123490,Tm3,5780.200000000001
97480,T4c,5780.3
98654,T4d,5780.3
69228,T2a,5780.3
10226,OA-AL2i3,5780.3
51231,TmY3,5780.3
10037,VS,5780.3
67971,Tm3,5780.3
59959,Mi1,5780.4
71475,Tm3,5780.4
38791,Mi1,5780.6
71228,T2a,5780.6
64149,Mi1,5780.700000000001
112633,T4b,5780.8
34057,Mi1,5780.8
37270,Mi1,5780.8
40703,Mi1,5780.8
65513,T2a,5780.8
122233,Tm3,5780.9
100105,T4a,5780.9
67150,T2a,5780.9
34899,Mi1,5781.000000000001
35888,Mi1,5781.000000000001
72279,Mi1,5781.000000000001
101463,T4d,5781.000000000001
108349,T4d,5781.000000000001
40596,Mi1,5781.1
66808,Tm3,5781.1
95239,T4a,5781.1
99980,T4c,5781.1
34369,Mi1,5781.2
39275,Mi1,5781.2
97853,T4c,5781.2
12109,OA-VUMa2,5781.3
33655,Mi1,5781.3
97899,T4a,5781.400000000001
91806,T4a,5781.400000000001
11264,OA-ASM1,5781.400000000001
88152,T4c,5781.5
20808,LC4,5781.6
37353,Mi1,5781.6
94755,T4a,5781.6
96576,T4c,5781.6
10265,OA-AL2i2,5781.7
87722,T2a,5781.7
10110,OA-VUMa1,5781.7
109593,Tm3,5781.900000000001
21313,LC4,5781.900000000001
31848,Mi1,5781.900000000001
37599,Mi1,5781.900000000001
38133,Mi1,5781.900000000001
41626,Mi1,5781.900000000001
57398,Mi1,5781.900000000001
63420,Mi1,5782.0
44564,TmY3,5782.0
10652,OA-AL2i4,5782.0
10023,HSS,5782.0
33907,Mi1,5782.1
36911,Mi1,5782.1
39743,Mi1,5782.1
89368,T4c,5782.1
90121,T4b,5782.1
105834,T4d,5782.1
48547,TmY3,5782.200000000001
36139,Mi1,5782.4
83556,Tm3,5782.4
92281,T4c,5782.4
36533,Mi1,5782.6
90278,T4a,5782.7
82515,Tm3,5782.8
107211,T4d,5782.8
100282,T4a,5783.0
84063,T4b,5783.0
10112,VS,5783.1
107609,T4d,5783.1
547091,T2,5783.2
12521,HST,5783.3
71188,T2a,5783.3
93935,T4a,5783.3
101878,T4a,5783.3
35836,Mi1,5783.400000000001
34463,Mi1,5783.400000000001
92706,T4a,5783.400000000001
107442,T4d,5783.400000000001
10011,OA-AL2i1,5783.5
92552,T4a,5783.5
103025,T4a,5783.5
113686,T4d,5783.599999999999
10025,H2,5783.599999999999
103314,T4b,5783.599999999999
97249,T4d,5783.700000000001
10016,HSE,5783.700000000001
87289,T4a,5783.8
12688,OA-ASM1,5783.9
56564,Mi1,5783.9
94574,T4c,5783.9
10012,VS,5784.000000000001
10015,HSN,5784.000000000001
10204,OA-AL2i2,5784.000000000001
37529,Mi1,5784.000000000001
80855,Tm3,5784.000000000001
90423,T4b,5784.000000000001
97784,T4c,5784.000000000001
105135,T4c,5784.000000000001
111416,Tm3,5784.1
72896,Tm3,5784.1
87390,T2a,5784.1
35774,Mi1,5784.1
39158,Mi1,5784.1
38479,Mi1,5784.2
92644,T4d,5784.2
95883,T4a,5784.2
51122,Mi1,5784.3
87424,T4d,5784.3
101005,T4d,5784.3
16138,LC4,5784.400000000001
41545,Mi1,5784.400000000001
98312,T4a,5784.400000000001
101215,T4c,5784.400000000001
69540,TmY3,5784.5
35934,Mi1,5784.5
64341,TmY3,5784.5
92839,T4b,5784.5
102791,T4c,5784.6
110646,T4b,5784.6
93360,T4b,5784.6
35428,Mi1,5784.6
40944,Mi1,5784.6
36954,Mi1,5784.6
53065,Mi1,5784.6
35001,Mi1,5784.7
35017,Mi1,5784.7
78968,Tm3,5784.7
98887,T4b,5784.7
287884,OA-VPM3,5784.7
537004,VSm,5784.7
42119,Mi1,5784.8
35580,Mi1,5784.900000000001
68982,Tm3,5784.900000000001
89825,T4a,5784.900000000001
105718,T4b,5784.900000000001
97675,T4c,5785.0
61401,T2a,5785.0
10001,DNp01,5785.099999999999
54087,Mi1,5785.099999999999
104858,T4b,5785.099999999999
10755,H1,5785.200000000001
106922,T4c,5785.200000000001
97231,T4a,5785.3
11921,OA-VPM4,5785.3
66345,T2a,5785.3
102564,T4a,5785.3
37123,Mi1,5785.4
97256,T4c,5785.4
100567,T4d,5785.4
102229,T4d,5785.4
121816,T4a,5785.4
104336,T4b,5785.5
33462,Mi1,5785.6
11602,OA-ASM1,5785.6
10037,VS,5785.6
12896,OA-VUMa5,5785.7
92254,T4b,5785.7
10175,OA-VUMa6,5785.8
98381,T4d,5785.8
101228,T4a,5785.8
34849,Mi1,5785.900000000001
38230,Mi1,5785.900000000001
21336,LC4,5786.0
36540,Mi1,5786.1
49372,TmY3,5786.1
79257,Tm3,5786.1
104942,T4a,5786.2
99922,T4c,5786.2
103654,T4b,5786.2
38238,Mi1,5786.2
97171,T4d,5786.2
10687,OA-AL2i3,5786.3
11005,OA-VUMa4,5786.400000000001
525839,Mi1,5786.400000000001
90567,T4b,5786.5
33446,Mi1,5786.5
36452,Mi1,5786.5
75521,T2a,5786.5
108907,T4c,5786.5
10041,OA-VUMa1,5786.599999999999
10206,VS,5786.599999999999
10555,OA-VUMa3,5786.599999999999
109142,T4b,5786.599999999999
92047,T4c,5786.700000000001
38993,Mi1,5786.700000000001
100680,T4d,5786.8
102975,T4b,5786.8
10072,OA-AL2i1,5786.8
35234,Mi1,5786.8
49324,Mi1,5786.9
55101,Mi1,5786.9
99670,T4c,5786.9
37631,Mi1,5787.0
23098,LC4,5787.1
36994,Mi1,5787.1
37948,Mi1,5787.1
44119,Mi1,5787.1
102801,T4b,5787.1
542412,Mi1,5787.1
72194,Tm3,5787.3
54885,TmY3,5787.3
107075,T4d,5787.3
36252,Mi1,5787.3
10023,HSS,5787.3
47368,TmY3,5787.3
100033,T4c,5787.4
97028,T4c,5787.4
71052,T2a,5787.4
93947,T4a,5787.4
91987,T4c,5787.5
93224,T4a,5787.5
22194,LC4,5787.6
35100,Mi1,5787.6
68212,T2a,5787.6
98300,T4a,5787.6
10080,OA-VUMa3,5787.6
10025,H2,5787.7
35897,Mi1,5787.7
104703,T4d,5787.799999999999
38767,Mi1,5787.799999999999
40854,Mi1,5787.799999999999
96126,T4b,5787.900000000001
34479,Mi1,5787.900000000001
10112,VS,5788.0
10187,OA-VPM3,5788.0
40426,Mi1,5788.0
10269,OA-AL2i2,5788.099999999999
10825,OA-AL2i3,5788.099999999999
34079,Mi1,5788.099999999999
34933,Mi1,5788.099999999999
36305,Mi1,5788.099999999999
37699,Mi1,5788.099999999999
98439,T4a,5788.099999999999
10016,HSE,5788.200000000001
33017,Mi1,5788.200000000001
35840,Mi1,5788.3
90206,T4b,5788.3
74023,T2a,5788.400000000001
116610,T4d,5788.400000000001
49441,TmY3,5788.400000000001
65671,Mi1,5788.5
90145,T4a,5788.5
33216,Mi1,5788.6
70812,TmY3,5788.6
60856,T2a,5788.700000000001
10677,OA-AL2i4,5788.700000000001
37037,Mi1,5788.700000000001
41296,Mi1,5788.700000000001
75298,T2a,5788.700000000001
67113,Mi1,5788.8
34862,Mi1,5789.000000000001
82038,Tm3,5789.000000000001
93419,T4b,5789.000000000001
10799,OA-VUMa4,5789.2
102741,T4c,5789.3
100310,T4d,5789.3
40085,Mi1,5789.3
52328,TmY3,5789.3
93566,T4a,5789.3
10322,OA-AL2i2,5789.400000000001
100018,T4a,5789.400000000001
103677,T4b,5789.400000000001
92939,T4b,5789.5
91682,T4b,5789.5
98099,T4b,5789.5
10658,OA-AL2i3,5789.5
10015,HSN,5789.5
35498,Mi1,5789.5
88625,T4c,5789.6
85074,T4a,5789.7
10168,OA-VUMa6,5789.8
38529,Mi1,5789.8
72558,T2a,5789.8
92181,T4a,5789.900000000001
106093,T4a,5789.900000000001
76074,Tm3,5789.900000000001
10120,OA-VPM4,5789.900000000001
10185,OA-VUMa8,5789.900000000001
11608,OA-VUMa2,5789.900000000001
37853,Mi1,5790.0
38241,Mi1,5790.0
55976,Mi1,5790.0
94624,T4a,5790.0
48894,TmY3,5790.200000000001
74927,Tm3,5790.200000000001
88281,T4b,5790.200000000001
96774,T4c,5790.200000000001
102579,T4b,5790.3
91913,T4b,5790.3
39505,Mi1,5790.3
34045,Mi1,5790.3
10037,VS,5790.3
35447,Mi1,5790.3
34356,Mi1,5790.4
37000,Mi1,5790.500000000001
38514,Mi1,5790.500000000001
40026,TmY3,5790.500000000001
58862,Mi1,5790.500000000001
23392,LC4,5790.6
38208,Mi1,5790.6
78561,Tm3,5790.6
107105,T4d,5790.7
526158,Mi1,5790.8
33942,Mi1,5790.8
70289,Mi1,5790.8
85007,T4c,5790.900000000001
10284,VS,5790.900000000001
38893,Mi1,5790.900000000001
45005,TmY3,5791.0
60857,Mi1,5791.0
71398,Tm3,5791.0
87358,T4a,5791.0
91366,T4b,5791.0
110604,T4a,5791.1
34296,Mi1,5791.1
37019,Mi1,5791.1
40171,Mi1,5791.1
108847,T4d,5791.1
532850,Tm3,5791.1
93957,T4b,5791.2
94356,T4c,5791.2
92996,T4a,5791.2
106952,T4b,5791.2
72005,Tm3,5791.2
39405,Mi1,5791.2
80358,Tm3,5791.2
95242,T4d,5791.400000000001
39067,Mi1,5791.400000000001
83583,T4d,5791.400000000001
10226,OA-AL2i3,5791.5
35602,Mi1,5791.5
99387,T4a,5791.5
32535,Mi1,5791.599999999999
95972,T4d,5791.599999999999
10025,H2,5791.700000000001
36446,Mi1,5791.700000000001
40832,Mi1,5791.700000000001
69164,Mi1,5791.700000000001
39629,Mi1,5791.8
41120,Mi1,5791.8
62947,T2a,5791.8
98985,T4c,5791.8
10110,OA-VUMa1,5791.9
85837,Tm3,5791.9
95681,T4a,5792.000000000001
10001,DNp01,5792.1
30997,Mi1,5792.1
35712,Mi1,5792.1
91444,T4c,5792.1
35845,Mi1,5792.2
96163,T4b,5792.2
99663,T4c,5792.2
36217,Mi1,5792.3
98360,T4c,5792.3
286259,OA-ASM1,5792.3
40256,Mi1,5792.400000000001
71402,Tm3,5792.400000000001
97866,T4d,5792.400000000001
104674,T4a,5792.400000000001
104354,T4b,5792.5
102519,T4a,5792.5
37270,Mi1,5792.5
12109,OA-VUMa2,5792.5
93166,T4c,5792.5
35770,Mi1,5792.6
96295,T4b,5792.7
46324,TmY3,5792.7
102147,T4c,5792.7
36410,Mi1,5792.7
32893,Mi1,5792.7
37371,Mi1,5792.7
10016,HSE,5792.8
34171,Mi1,5792.8
91283,T4c,5792.8
100319,T4b,5792.8
106295,T4b,5792.900000000001
93750,T4c,5793.0
105521,T4c,5793.099999999999
98504,T4c,5793.099999999999
35806,Mi1,5793.099999999999
39275,Mi1,5793.099999999999
86686,T4c,5793.099999999999
96931,T4b,5793.200000000001
117662,T4d,5793.200000000001
10112,VS,5793.3
20808,LC4,5793.3
41809,Mi1,5793.3
91057,T4c,5793.3
59397,Mi1,5793.4
99011,T4c,5793.4
132339,Tm3,5793.5
35152,Mi1,5793.5
83365,T2a,5793.5
69793,T2a,5793.7
10023,HSS,5793.7
10265,OA-AL2i2,5793.8
34867,Mi1,5793.8
83191,T4a,5793.8
47962,TmY3,5793.900000000001
94668,T4d,5793.900000000001
100032,T4c,5793.900000000001
36177,Mi1,5794.0
37568,Mi1,5794.0
97193,T4a,5794.0
96134,T4b,5794.1
89139,T4c,5794.1
85152,T4c,5794.1
109598,T4b,5794.1
11264,OA-ASM1,5794.1
10015,HSN,5794.1
35405,Mi1,5794.1
71938,T2a,5794.2
89434,T4c,5794.2
95822,T4b,5794.2
98139,T4d,5794.2
101302,T4d,5794.2
62078,Mi1,5794.3
34300,Mi1,5794.3
35218,Mi1,5794.3
34369,Mi1,5794.400000000001
86536,Tm3,5794.5
41668,Mi1,5794.599999999999
72279,Mi1,5794.599999999999
82855,Tm3,5794.700000000001
35888,Mi1,5794.700000000001
40596,Mi1,5794.8
90219,T4a,5794.8
10037,VS,5794.8
34189,Mi1,5794.9
33907,Mi1,5795.0
93527,T4a,5795.0
95453,T4a,5795.0
21313,LC4,5795.1
72938,T2a,5795.1
93688,T4a,5795.1
38791,Mi1,5795.2
37243,Mi1,5795.2
37353,Mi1,5795.3
95356,T4a,5795.3
47967,Mi1,5795.4
83204,T4d,5795.4
33655,Mi1,5795.4
34142,Mi1,5795.4
96090,T4c,5795.5
48283,TmY3,5795.5
78911,Tm3,5795.5
39718,Mi1,5795.5
10025,H2,5795.5
10755,H1,5795.5
10206,VS,5795.5
34057,Mi1,5795.5
800146,TTMn,5795.6
92114,T4c,5795.7
10652,OA-AL2i4,5795.7
31848,Mi1,5795.7
34899,Mi1,5795.7
43334,TmY3,5795.7
70524,T2a,5795.7
108307,T4b,5795.7
95554,T4b,5795.799999999999
70490,Mi1,5795.799999999999
86419,Tm3,5795.799999999999
11005,OA-VUMa4,5795.799999999999
61768,T2,5795.799999999999
41626,Mi1,5795.900000000001
40703,Mi1,5796.0
69380,Tm3,5796.0
89020,T4a,5796.0
12688,OA-ASM1,5796.1
78856,Tm3,5796.1
63420,Mi1,5796.200000000001
10041,OA-VUMa1,5796.200000000001
97878,T4b,5796.200000000001
107529,T4d,5796.200000000001
50333,TmY3,5796.3
101230,T4a,5796.3
66980,T2a,5796.400000000001
10072,OA-AL2i1,5796.400000000001
120231,Tm3,5796.6
77383,T2a,5796.6
64149,Mi1,5796.6
36533,Mi1,5796.6
37599,Mi1,5796.6
10204,OA-AL2i2,5796.6
59959,Mi1,5796.6
78108,T2a,5796.700000000001
91629,T4a,5796.700000000001
93025,T4b,5796.700000000001
98175,T4c,5796.700000000001
97677,T4c,5796.8
10175,OA-VUMa6,5796.8
68933,Tm3,5796.8
94368,T4a,5796.8
113171,T4b,5796.8
39743,Mi1,5796.9
106912,Tm3,5796.9
96676,T4b,5796.9
12896,OA-VUMa5,5796.9
88167,T4b,5796.9
10687,OA-AL2i3,5797.000000000001
36911,Mi1,5797.1
39692,TmY3,5797.1
96657,T4c,5797.1
36139,Mi1,5797.2
52485,TmY3,5797.2
92415,T4a,5797.2
10269,OA-AL2i2,5797.3
35836,Mi1,5797.3
42594,Mi1,5797.3
77676,T2a,5797.3
98846,T4c,5797.3
10016,HSE,5797.400000000001
96424,T4b,5797.5
287884,OA-VPM3,5797.6
72829,T2a,5797.7
100946,T4c,5797.7
34463,Mi1,5797.8
35428,Mi1,5797.8
48514,TmY3,5797.8
83438,T4a,5797.8
104414,T4d,5797.8
39158,Mi1,5798.0
74375,Tm3,5798.0
111184,T4a,5798.0
38133,Mi1,5798.1
40944,Mi1,5798.1
34626,Mi1,5798.1
56564,Mi1,5798.1
10322,OA-AL2i2,5798.200000000001
87845,T4a,5798.200000000001
35017,Mi1,5798.3
104257,T4b,5798.3
37529,Mi1,5798.4
101480,T4c,5798.4
100261,T4c,5798.4
20542,LC4,5798.4
94305,T4a,5798.4
36540,Mi1,5798.4
99950,T4c,5798.500000000001
104853,T4c,5798.500000000001
109857,T4d,5798.500000000001
107240,T4b,5798.6
42675,Mi1,5798.6
91325,T4a,5798.6
10011,OA-AL2i1,5798.6
35934,Mi1,5798.6
105698,T4c,5798.7
35774,Mi1,5798.7
37123,Mi1,5798.7
67150,T2a,5798.7
95677,T4c,5798.7
104683,T4b,5798.7
100501,T4b,5798.8
81883,T2a,5798.8
11602,OA-ASM1,5798.900000000001
35001,Mi1,5798.900000000001
35045,Mi1,5798.900000000001
54087,Mi1,5798.900000000001
77138,Tm3,5798.900000000001
10112,VS,5799.0
38721,Mi1,5799.0
53065,Mi1,5799.0
125288,Tm3,5799.0
10015,HSN,5799.1
51122,Mi1,5799.1
88992,T4c,5799.1
90097,T4c,5799.1
100206,T4c,5799.2
86630,Tm3,5799.2
38479,Mi1,5799.2
34849,Mi1,5799.2
57398,Mi1,5799.2
36452,Mi1,5799.3
42119,Mi1,5799.3
10025,H2,5799.400000000001
35580,Mi1,5799.400000000001
38230,Mi1,5799.400000000001
41545,Mi1,5799.400000000001
98751,T4a,5799.400000000001
11921,OA-VPM4,5799.5
16138,LC4,5799.5
102016,T4a,5799.5
96728,T4c,5799.599999999999
113568,T4d,5799.599999999999
97161,T4a,5799.599999999999
90394,T4a,5799.599999999999
33462,Mi1,5799.599999999999
33446,Mi1,5799.599999999999
10037,VS,5799.8
10825,OA-AL2i3,5799.8
23098,LC4,5799.8
95239,T4a,5799.8
10187,OA-VPM3,5799.9
38238,Mi1,5799.9
89934,T4d,5799.9
36954,Mi1,5800.000000000001
90423,T4b,5800.000000000001
100855,T4a,5800.000000000001
58945,Tm3,5800.1
94468,T4c,5800.1
38993,Mi1,5800.1
44449,TmY3,5800.2
86778,T4a,5800.400000000001
10080,OA-VUMa3,5800.400000000001
10001,DNp01,5800.5
10023,HSS,5800.5
35234,Mi1,5800.5
36994,Mi1,5800.5
49324,Mi1,5800.5
88698,T4a,5800.5
102991,T4c,5800.6
99348,T4c,5800.6
93972,T4a,5800.6
76524,Tm3,5800.6
10799,OA-VUMa4,5800.6
83689,T4a,5800.6
73284,T2a,5800.7
10555,OA-VUMa3,5800.7
10677,OA-AL2i4,5800.7
69889,T2a,5800.7
98118,T4c,5800.8
93509,T4b,5800.8
34479,Mi1,5800.900000000001
36252,Mi1,5800.900000000001
74231,Tm3,5800.900000000001
79483,Tm3,5800.900000000001
105126,T4c,5800.900000000001
106522,T4d,5800.900000000001
96576,T4c,5801.0
65298,T2a,5801.099999999999
67113,Mi1,5801.099999999999
90049,T4c,5801.099999999999
542412,Mi1,5801.099999999999
79271,T4a,5801.200000000001
108065,T4c,5801.200000000001
117627,Tm3,5801.200000000001
525839,Mi1,5801.3
114817,T4d,5801.3
65671,Mi1,5801.3
38767,Mi1,5801.3
91469,T4c,5801.3
11608,OA-VUMa2,5801.4
34079,Mi1,5801.4
103657,T4b,5801.4
10168,OA-VUMa6,5801.5
21336,LC4,5801.5
37948,Mi1,5801.5
85126,T4a,5801.5
105412,T4a,5801.5
10016,HSE,5801.6
10658,OA-AL2i3,5801.6
79646,Tm3,5801.6
105122,T4b,5801.6
88152,T4c,5801.8
35897,Mi1,5801.8
83979,T4a,5801.8
37631,Mi1,5801.9
44119,Mi1,5801.9
104297,T4a,5801.9
63868,T2a,5802.0
90135,T4c,5802.0
100087,T4b,5802.0
104191,T4a,5802.0
107170,T4b,5802.0
92668,T2a,5802.1
37699,Mi1,5802.1
42006,TmY3,5802.1
89290,T4d,5802.1
116716,T4b,5802.2
120016,Tm3,5802.2
36305,Mi1,5802.2
99131,T4c,5802.3
75660,T2a,5802.3
10120,OA-VPM4,5802.3
10110,OA-VUMa1,5802.3
33017,Mi1,5802.400000000001
34933,Mi1,5802.400000000001
76325,T2a,5802.5
100838,T4c,5802.5
10185,OA-VUMa8,5802.599999999999
55101,Mi1,5802.599999999999
34862,Mi1,5802.700000000001
35100,Mi1,5802.700000000001
35840,Mi1,5802.700000000001
40426,Mi1,5802.700000000001
84063,T4b,5802.700000000001
107297,T4c,5802.700000000001
537004,VSm,5802.8
93021,T4a,5802.8
40085,Mi1,5803.0
99423,T4d,5803.0
112744,T4d,5803.0
116129,T4b,5803.0
33216,Mi1,5803.1
40854,Mi1,5803.1
102425,T4b,5803.1
69980,Tm3,5803.2
95005,T4a,5803.2
101772,Tm3,5803.2
109996,T4c,5803.2
55976,Mi1,5803.3
98788,T4d,5803.4
103479,T4c,5803.4
76733,Tm3,5803.4
81836,T2a,5803.4
38241,Mi1,5803.4
41296,Mi1,5803.4
10226,OA-AL2i3,5803.4
10025,H2,5803.4
34296,Mi1,5803.5
90121,T4b,5803.5
109649,T4c,5803.5
37037,Mi1,5803.6
38893,Mi1,5803.6
50345,TmY3,5803.6
10015,HSN,5803.7
35498,Mi1,5803.7
72955,T2a,5803.7
75381,Tm3,5803.7
101620,T4b,5803.7
102975,T4b,5803.7
102479,T4c,5803.799999999999
33942,Mi1,5803.799999999999
38529,Mi1,5803.900000000001
48607,TmY3,5803.900000000001
93360,T4b,5803.900000000001
95364,T4d,5803.900000000001
102031,T4c,5803.900000000001
12109,OA-VUMa2,5804.0
34356,Mi1,5804.0
68562,T2a,5804.1
94283,T4d,5804.1
98862,Tm3,5804.1
111980,T4d,5804.1
35602,Mi1,5804.200000000001
92281,T4c,5804.200000000001
100956,T4d,5804.200000000001
104450,T4a,5804.200000000001
125171,Tm3,5804.3
109536,T4d,5804.3
35447,Mi1,5804.3
21225,LC4,5804.3
100787,T4b,5804.3
34045,Mi1,5804.400000000001
37000,Mi1,5804.400000000001
37853,Mi1,5804.400000000001
58862,Mi1,5804.400000000001
72796,Tm3,5804.400000000001
104368,T4c,5804.400000000001
97784,T4c,5804.5
98194,T4d,5804.5
526158,Mi1,5804.5
94743,T4d,5804.6
102791,T4c,5804.6
92706,T4a,5804.6
91345,T4c,5804.6
39505,Mi1,5804.6
10755,H1,5804.8
37270,Mi1,5804.8
75377,T2a,5804.8
103025,T4a,5804.8
122308,Tm3,5804.8
38208,Mi1,5804.9
38514,Mi1,5804.9
40832,Mi1,5804.9
82500,T2a,5804.9
98837,T4c,5804.9
116311,T4d,5804.9
112179,T4b,5805.000000000001
70289,Mi1,5805.000000000001
105403,T4c,5805.000000000001
68982,Tm3,5805.000000000001
37019,Mi1,5805.000000000001
69164,Mi1,5805.000000000001
39067,Mi1,5805.1
100867,T4b,5805.1
10112,VS,5805.2
40171,Mi1,5805.2
99670,T4c,5805.2
103022,T4a,5805.3
66214,T2a,5805.3
36446,Mi1,5805.400000000001
82145,T2a,5805.400000000001
84008,T4c,5805.400000000001
92842,T4a,5805.400000000001
49322,TmY3,5805.5
86416,T4a,5805.5
110988,T4a,5805.6
97899,T4a,5805.6
66325,Tm3,5805.6
94755,T4a,5805.6
10016,HSE,5805.7
10265,OA-AL2i2,5805.7
36410,Mi1,5805.7
66808,Tm3,5805.7
19954,LC4,5805.8
40256,Mi1,5805.8
89368,T4c,5805.8
35712,Mi1,5805.900000000001
91741,T4d,5805.900000000001
97288,T4c,5805.900000000001
99292,T4a,5805.900000000001
122233,Tm3,5805.900000000001
10037,VS,5806.0
95883,T4a,5806.0
39629,Mi1,5806.1
35152,Mi1,5806.1
109384,T4d,5806.1
10072,OA-AL2i1,5806.1
32535,Mi1,5806.1
30923,TmY3,5806.200000000001
90888,T4b,5806.200000000001
11134,VSm,5806.200000000001
10041,OA-VUMa1,5806.3
11005,OA-VUMa4,5806.3
90474,T4b,5806.3
11264,OA-ASM1,5806.4
71131,Tm3,5806.4
286259,OA-ASM1,5806.4
121170,Tm3,5806.500000000001
98654,T4d,5806.500000000001
95458,T4d,5806.500000000001
10023,HSS,5806.6
12521,HST,5806.6
101685,T4b,5806.6
106166,T4b,5806.6
97853,T4c,5806.7
95810,T2a,5806.7
95007,T4a,5806.7
92431,T4a,5806.7
39405,Mi1,5806.7
59397,Mi1,5806.7
36217,Mi1,5806.7
23392,LC4,5806.7
83677,T4c,5806.7
35806,Mi1,5806.8
37371,Mi1,5806.8
39275,Mi1,5806.8
60857,Mi1,5806.8
82211,T2a,5806.8
91806,T4a,5806.8
65531,T2a,5806.900000000001
93419,T4b,5806.900000000001
103425,T4a,5806.900000000001
100105,T4a,5807.0
91313,T4a,5807.0
10687,OA-AL2i3,5807.0
10206,VS,5807.0
34171,Mi1,5807.1
41120,Mi1,5807.1
64712,T2a,5807.1
35770,Mi1,5807.2
36177,Mi1,5807.2
47368,TmY3,5807.2
95335,T4a,5807.2
41809,Mi1,5807.3
102579,T4b,5807.3
108325,T4c,5807.3
102229,T4d,5807.400000000001
93334,T4b,5807.400000000001
94179,T4a,5807.400000000001
34300,Mi1,5807.400000000001
30997,Mi1,5807.400000000001
88435,Tm3,5807.400000000001
10322,OA-AL2i2,5807.5
32893,Mi1,5807.5
81064,Tm3,5807.5
112241,T4b,5807.599999999999
100897,T4c,5807.599999999999
10269,OA-AL2i2,5807.599999999999
97028,T4c,5807.599999999999
10025,H2,5807.700000000001
35845,Mi1,5807.700000000001
72148,Tm3,5807.700000000001
133040,Tm3,5807.8
92047,T4c,5807.8
96035,T4d,5807.8
103827,T4c,5807.8
69228,T2a,5807.9
41668,Mi1,5807.9
10015,HSN,5807.9
10001,DNp01,5807.9
66345,T2a,5808.000000000001
96852,T4a,5808.000000000001
105521,T4c,5808.000000000001
10175,OA-VUMa6,5808.2
40596,Mi1,5808.2
88726,T4b,5808.2
91913,T4b,5808.2
98668,T4a,5808.2
101043,T4c,5808.2
34867,Mi1,5808.3
46993,T2a,5808.3
80812,T4a,5808.3
100033,T4c,5808.3
100282,T4a,5808.400000000001
103160,T4a,5808.400000000001
62078,Mi1,5808.400000000001
83465,T4a,5808.5
107442,T4d,5808.5
94549,T4b,5808.6
74023,T2a,5808.7
110646,T4b,5808.7
101732,T4c,5808.8
37568,Mi1,5808.8
101383,T4b,5808.8
104905,T4c,5808.8
108438,T4d,5808.8
10652,OA-AL2i4,5808.900000000001
25584,LC4,5808.900000000001
35218,Mi1,5808.900000000001
39718,Mi1,5808.900000000001
96394,T4b,5808.900000000001
72426,Tm3,5809.0
41626,Mi1,5809.0
31848,Mi1,5809.0
66604,TmY3,5809.0
12688,OA-ASM1,5809.099999999999
12896,OA-VUMa5,5809.099999999999
34369,Mi1,5809.099999999999
34057,Mi1,5809.200000000001
83639,T2a,5809.200000000001
101770,T4b,5809.200000000001
102388,T4d,5809.200000000001
34189,Mi1,5809.3
38791,Mi1,5809.3
65513,T2a,5809.3
72279,Mi1,5809.3
74725,T2a,5809.3
83583,T4d,5809.4
287884,OA-VPM3,5809.4
102153,T4c,5809.4
47967,Mi1,5809.4
40703,Mi1,5809.4
95985,T4c,5809.4
35405,Mi1,5809.5
37353,Mi1,5809.5
97675,T4c,5809.5
111746,Tm3,5809.5
118385,T4b,5809.5
92082,T4b,5809.6
20808,LC4,5809.6
33655,Mi1,5809.6
33907,Mi1,5809.6
36533,Mi1,5809.6
92552,T4a,5809.6
10204,OA-AL2i2,5809.7
123490,Tm3,5809.7
94356,T4c,5809.9
74373,Tm3,5809.9
34899,Mi1,5809.9
10016,HSE,5809.9
35888,Mi1,5810.0
102801,T4b,5810.0
110403,T4b,5810.0
60886,T2a,5810.1
108344,T4d,5810.1
10112,VS,5810.2
20634,VST1,5810.2
21313,LC4,5810.2
68212,T2a,5810.2
92993,Tm3,5810.2
118502,T4b,5810.2
94624,T4a,5810.3
81995,Tm3,5810.3
107445,T4a,5810.3
11602,OA-ASM1,5810.3
71228,T2a,5810.3
10825,OA-AL2i3,5810.400000000001
81401,T4b,5810.400000000001
83067,T4b,5810.400000000001
95356,T4a,5810.400000000001
102462,T4c,5810.400000000001
112619,T4d,5810.5
130280,Tm3,5810.599999999999
47686,TmY3,5810.599999999999
97885,T4a,5810.599999999999
90566,T4d,5810.700000000001
39743,Mi1,5810.8
85378,T4a,5810.8
48547,TmY3,5810.9
10037,VS,5810.9
40944,Mi1,5810.9
800146,TTMn,5811.0
35934,Mi1,5811.0
63420,Mi1,5811.1
56564,Mi1,5811.2
91057,T4c,5811.2
37599,Mi1,5811.3
39651,Mi1,5811.3
77395,T4b,5811.3
87358,T4a,5811.3
88625,T4c,5811.3
89434,T4c,5811.3
90419,T4b,5811.3
93985,T4c,5811.3
101215,T4c,5811.3
101463,T4d,5811.3
64149,Mi1,5811.4
90219,T4a,5811.4
78421,T2a,5811.5
35017,Mi1,5811.5
36911,Mi1,5811.5
10012,VS,5811.6
10799,OA-VUMa4,5811.6
34463,Mi1,5811.6
70642,T2a,5811.6
34142,Mi1,5811.7
36540,Mi1,5811.7
78172,TmY3,5811.7
80855,Tm3,5811.7
93750,T4c,5811.7
106922,T4c,5811.7
111857,T4d,5811.7
69597,Tm3,5811.8
36646,Mi1,5811.8
70490,Mi1,5811.8
10025,H2,5811.8
36139,Mi1,5811.8
98887,T4b,5811.900000000001
10015,HSN,5812.0
71475,Tm3,5812.0
92684,T4c,5812.0
113686,T4d,5812.0
87289,T4a,5812.1
98381,T4d,5812.1
121816,T4a,5812.1
34849,Mi1,5812.200000000001
39158,Mi1,5812.200000000001
96126,T4b,5812.200000000001
99850,T4a,5812.200000000001
95453,T4a,5812.3
94153,T4d,5812.3
77226,T2a,5812.3
40026,TmY3,5812.3
10187,OA-VPM3,5812.400000000001
11608,OA-VUMa2,5812.400000000001
35836,Mi1,5812.400000000001
37243,Mi1,5812.400000000001
59959,Mi1,5812.400000000001
100633,T4a,5812.400000000001
85152,T4c,5812.5
98349,T4a,5812.5
102519,T4a,5812.5
120312,Tm3,5812.5
53065,Mi1,5812.6
104858,T4b,5812.6
91987,T4c,5812.700000000001
36452,Mi1,5812.700000000001
111416,Tm3,5812.700000000001
10677,OA-AL2i4,5812.700000000001
35428,Mi1,5812.700000000001
107529,T4d,5812.8
104336,T4b,5812.8
103440,T4d,5812.8
48283,TmY3,5812.8
102147,T4c,5812.8
38479,Mi1,5812.8
38133,Mi1,5812.8
31492,Mi1,5812.8
10023,HSS,5812.8
42594,Mi1,5812.8
11921,OA-VPM4,5812.9
109593,Tm3,5812.9
111928,T4b,5812.9
51231,TmY3,5813.000000000001
69441,Tm3,5813.1
106801,T4c,5813.1
61659,Tm3,5813.1
10110,OA-VUMa1,5813.2
10755,H1,5813.2
88922,T4c,5813.2
33462,Mi1,5813.3
108349,T4d,5813.3
127615,Tm3,5813.3
37529,Mi1,5813.400000000001
33446,Mi1,5813.400000000001
35045,Mi1,5813.400000000001
38230,Mi1,5813.400000000001
51122,Mi1,5813.400000000001
93927,T4a,5813.400000000001
106701,T4d,5813.400000000001
107031,T4b,5813.400000000001
91682,T4b,5813.5
106819,T4b,5813.5
35001,Mi1,5813.5
100785,T4b,5813.6
42119,Mi1,5813.6
103226,T4d,5813.6
38987,Mi1,5813.6
34626,Mi1,5813.6
36252,Mi1,5813.6
10658,OA-AL2i3,5813.6
10555,OA-VUMa3,5813.6
36954,Mi1,5813.7
10001,DNp01,5813.8
10016,HSE,5813.8
35234,Mi1,5813.8
35580,Mi1,5813.8
38993,Mi1,5813.8
72558,T2a,5813.8
93935,T4a,5813.8
97231,T4a,5813.8
38238,Mi1,5814.0
107143,T4d,5814.0
35890,Mi1,5814.0
37123,Mi1,5814.0
42675,Mi1,5814.1
72989,Tm3,5814.1
10168,OA-VUMa6,5814.200000000001
92644,T4d,5814.200000000001
67971,Tm3,5814.3
43978,Mi1,5814.3
10185,OA-VUMa8,5814.3
41545,Mi1,5814.3
33017,Mi1,5814.4
35774,Mi1,5814.4
77991,Tm3,5814.4
89142,T4b,5814.500000000001
73586,Tm3,5814.6
40219,Mi1,5814.6
49324,Mi1,5814.6
99863,T4d,5814.7
54087,Mi1,5814.7
10080,OA-VUMa3,5814.7
10284,VS,5814.8
37948,Mi1,5814.8
38721,Mi1,5814.8
77480,Tm3,5814.8
89825,T4a,5814.8
37699,Mi1,5814.900000000001
48986,TmY3,5814.900000000001
10072,OA-AL2i1,5814.900000000001
10206,VS,5814.900000000001
12109,OA-VUMa2,5815.0
68842,TmY3,5815.0
75521,T2a,5815.0
98300,T4a,5815.0
107719,T4b,5815.0
98099,T4b,5815.1
114391,T4d,5815.1
102741,T4c,5815.1
92939,T4b,5815.1
23098,LC4,5815.1
36275,Mi1,5815.1
10120,OA-VPM4,5815.1
65671,Mi1,5815.1
44244,TmY3,5815.2
97256,T4c,5815.2
99663,T4c,5815.3
34862,Mi1,5815.3
35897,Mi1,5815.3
36346,Mi1,5815.3
36994,Mi1,5815.3
58703,T2,5815.3
67113,Mi1,5815.3
99922,T4c,5815.3
91366,T4b,5815.400000000001
10037,VS,5815.400000000001
10112,VS,5815.5
34933,Mi1,5815.5
107075,T4d,5815.5
107621,T4d,5815.5
90278,T4a,5815.599999999999
10025,H2,5815.700000000001
10226,OA-AL2i3,5815.700000000001
34479,Mi1,5815.700000000001
38767,Mi1,5815.700000000001
57398,Mi1,5815.700000000001
67150,T2a,5815.700000000001
34079,Mi1,5815.8
103570,T4d,5815.8
537004,VSm,5815.8
542412,Mi1,5815.9
525839,Mi1,5815.9
93566,T4a,5815.9
37631,Mi1,5816.0
93865,T4c,5816.0
99628,T4b,5816.0
37294,Mi1,5816.1
44119,Mi1,5816.1
55101,Mi1,5816.1
71052,T2a,5816.1
35840,Mi1,5816.2
79345,T2a,5816.2
103073,T4a,5816.2
109652,T4d,5816.2
69063,Mi1,5816.3
98325,T4d,5816.3
104301,T4b,5816.3
102564,T4a,5816.400000000001
41659,Mi1,5816.400000000001
34356,Mi1,5816.400000000001
20542,LC4,5816.5
55976,Mi1,5816.5
96090,T4c,5816.5
112563,Tm3,5816.6
103639,T4d,5816.6
94287,T4d,5816.6
101005,T4d,5816.6
34296,Mi1,5816.6
10015,HSN,5816.6
85074,T4a,5816.6
10041,OA-VUMa1,5816.7
95822,T4b,5816.7
99980,T4c,5816.7
128726,Tm3,5816.7
90423,T4b,5816.8
118924,Tm3,5816.8
85737,T2a,5816.8
11005,OA-VUMa4,5816.8
36305,Mi1,5816.8
10687,OA-AL2i3,5816.8
40085,Mi1,5816.8
39692,TmY3,5816.900000000001
54885,TmY3,5816.900000000001
58862,Mi1,5816.900000000001
91469,T4c,5816.900000000001
93166,T4c,5816.900000000001
109142,T4b,5816.900000000001
16138,LC4,5817.0
83438,T4a,5817.0
33216,Mi1,5817.099999999999
33091,Mi1,5817.099999999999
37037,Mi1,5817.099999999999
112775,T4d,5817.200000000001
99011,T4c,5817.200000000001
96931,T4b,5817.200000000001
90145,T4a,5817.200000000001
41654,Mi1,5817.200000000001
40426,Mi1,5817.200000000001
33942,Mi1,5817.3
10265,OA-AL2i2,5817.4
35100,Mi1,5817.4
40171,Mi1,5817.4
92114,T4c,5817.4
107609,T4d,5817.5
35602,Mi1,5817.6
38893,Mi1,5817.6
35447,Mi1,5817.7
37000,Mi1,5817.8
34045,Mi1,5817.8
95554,T4b,5817.8
10011,OA-AL2i1,5817.8
10322,OA-AL2i2,5817.8
37270,Mi1,5817.9
78503,T2a,5817.9
98118,T4c,5817.9
103654,T4b,5817.9
108847,T4d,5817.9
526158,Mi1,5817.9
97171,T4d,5818.0
47240,TmY3,5818.0
10016,HSE,5818.0
10269,OA-AL2i2,5818.1
41296,Mi1,5818.2
64341,TmY3,5818.2
75848,T2a,5818.2
96199,T4a,5818.2
38514,Mi1,5818.3
37019,Mi1,5818.3
112321,T4d,5818.400000000001
70289,Mi1,5818.400000000001
46662,TmY3,5818.5
53075,TmY3,5818.5
94983,T4c,5818.5
97878,T4b,5818.5
100310,T4d,5818.5
40854,Mi1,5818.599999999999
108697,T4d,5818.599999999999
37853,Mi1,5818.700000000001
42691,Mi1,5818.700000000001
95972,T4d,5818.700000000001
39067,Mi1,5818.8
94668,T4d,5818.8
104008,T4b,5818.8
106295,T4b,5818.9
74927,Tm3,5818.9
70800,Tm3,5818.9
49930,TmY3,5818.9
35498,Mi1,5818.9
69164,Mi1,5818.9
92706,T4a,5819.0
92839,T4b,5819.0
101480,T4c,5819.0
68522,T2a,5819.1
111184,T4a,5819.1
38241,Mi1,5819.2
84063,T4b,5819.2
85126,T4a,5819.2
90465,T4a,5819.2
95681,T4a,5819.2
98985,T4c,5819.2
100946,T4c,5819.2
37839,Mi1,5819.3
78422,Tm3,5819.3
97866,T4d,5819.4
10037,VS,5819.4
10023,HSS,5819.5
10025,H2,5819.5
39505,Mi1,5819.5
94305,T4a,5819.5
36410,Mi1,5819.6
38529,Mi1,5819.6
90259,T4d,5819.6
96295,T4b,5819.6
97872,T4d,5819.6
104683,T4b,5819.6
40256,Mi1,5819.7
67719,T2a,5819.7
84328,T4a,5819.7
93407,T4d,5819.8
90121,T4b,5819.8
70812,TmY3,5819.8
44564,TmY3,5819.8
10001,DNp01,5819.8
11134,VSm,5819.900000000001
39275,Mi1,5819.900000000001
59397,Mi1,5819.900000000001
94058,T4b,5819.900000000001
98175,T4c,5819.900000000001
105718,T4b,5820.0
100488,T4c,5820.0
10175,OA-VUMa6,5820.0
10112,VS,5820.0
11264,OA-ASM1,5820.1
39629,Mi1,5820.1
87845,T4a,5820.1
98226,T4b,5820.1
87390,T2a,5820.1
36446,Mi1,5820.200000000001
36177,Mi1,5820.200000000001
16570,VST2,5820.3
100032,T4c,5820.3
10755,H1,5820.400000000001
35806,Mi1,5820.400000000001
38208,Mi1,5820.400000000001
43334,TmY3,5820.400000000001
93025,T4b,5820.400000000001
102112,T4c,5820.400000000001
104027,T4d,5820.400000000001
99163,T4a,5820.5
83365,T2a,5820.5
108948,T4b,5820.5
35770,Mi1,5820.5
82515,Tm3,5820.5
37371,Mi1,5820.6
12896,OA-VUMa5,5820.700000000001
23392,LC4,5820.700000000001
83191,T4a,5820.700000000001
105276,T4d,5820.700000000001
69540,TmY3,5820.8
72619,T2a,5820.8
92281,T4c,5820.8
60857,Mi1,5820.9
74937,T2a,5820.9
286259,OA-ASM1,5820.9
91283,T4c,5821.000000000001
84010,Tm3,5821.000000000001
93527,T4a,5821.000000000001
41950,Mi1,5821.000000000001
35712,Mi1,5821.000000000001
77891,Tm3,5821.000000000001
133349,Tm3,5821.000000000001
92254,T4b,5821.1
21336,LC4,5821.1
99672,T4a,5821.2
40832,Mi1,5821.2
48286,Mi1,5821.3
93972,T4a,5821.3
96576,T4c,5821.3
106200,T4c,5821.3
112633,T4b,5821.3
101873,T4b,5821.400000000001
119245,T4d,5821.400000000001
34300,Mi1,5821.400000000001
39405,Mi1,5821.400000000001
35152,Mi1,5821.5
86536,Tm3,5821.5
12688,OA-ASM1,5821.6
36217,Mi1,5821.6
88698,T4a,5821.6
102975,T4b,5821.6
287884,OA-VPM3,5821.6
74228,Tm3,5821.7
35845,Mi1,5821.7
10825,OA-AL2i3,5821.7
10652,OA-AL2i4,5821.7
34189,Mi1,5821.7
10204,OA-AL2i2,5821.8
94368,T4a,5821.8
96774,T4c,5821.8
98312,T4a,5821.8
108307,T4b,5821.8
10015,HSN,5821.900000000001
32535,Mi1,5821.900000000001
40596,Mi1,5821.900000000001
79210,Tm3,5821.900000000001
88167,T4b,5821.900000000001
91444,T4c,5821.900000000001
83227,Tm3,5822.0
89728,Tm3,5822.0
41809,Mi1,5822.0
38768,Mi1,5822.0
37568,Mi1,5822.0
35416,Mi1,5822.0
41120,Mi1,5822.1
106793,T4d,5822.1
106952,T4b,5822.1
10016,HSE,5822.200000000001
10799,OA-VUMa4,5822.200000000001
35218,Mi1,5822.200000000001
18127,LC4,5822.3
40635,Mi1,5822.3
112993,T4b,5822.3
109868,Tm3,5822.4
71938,T2a,5822.4
34938,Mi1,5822.4
101228,T4a,5822.4
34057,Mi1,5822.4
34171,Mi1,5822.4
10206,VS,5822.4
20808,LC4,5822.500000000001
32893,Mi1,5822.500000000001
38178,Mi1,5822.500000000001
97899,T4a,5822.500000000001
62078,Mi1,5822.6
76074,Tm3,5822.6
30997,Mi1,5822.6
11602,OA-ASM1,5822.7
39718,Mi1,5822.7
63175,Mi1,5822.7
100319,T4b,5822.7
35405,Mi1,5822.8
99950,T4c,5822.8
98654,T4d,5822.900000000001
101772,Tm3,5823.0
101244,T4b,5823.0
41626,Mi1,5823.0
41668,Mi1,5823.0
10072,OA-AL2i1,5823.1
47967,Mi1,5823.1
800146,TTMn,5823.1
10025,H2,5823.2
19260,LC4,5823.2
95017,T4c,5823.2
109857,T4d,5823.2
114088,T4d,5823.2
21313,LC4,5823.3
34369,Mi1,5823.3
34867,Mi1,5823.3
34899,Mi1,5823.3
60856,T2a,5823.3
50333,TmY3,5823.400000000001
107105,T4d,5823.400000000001
10012,VS,5823.400000000001
33655,Mi1,5823.400000000001
10037,VS,5823.5
10110,OA-VUMa1,5823.5
33907,Mi1,5823.5
37353,Mi1,5823.5
86419,Tm3,5823.5
98194,T4d,5823.5
31848,Mi1,5823.599999999999
41435,Mi1,5823.599999999999
72279,Mi1,5823.599999999999
104257,T4b,5823.700000000001
37391,Mi1,5823.700000000001
91674,T4a,5823.8
97161,T4a,5823.8
21225,LC4,5823.8
93509,T4b,5823.9
40703,Mi1,5823.9
11608,OA-VUMa2,5823.9
38791,Mi1,5823.9
10187,OA-VPM3,5824.0
52485,TmY3,5824.0
10677,OA-AL2i4,5824.1
113207,T4d,5824.1
127153,Tm3,5824.1
35235,Mi1,5824.2
35934,Mi1,5824.2
48894,TmY3,5824.2
96134,T4b,5824.2
71161,T2a,5824.3
107640,T4c,5824.3
36540,Mi1,5824.400000000001
96163,T4b,5824.400000000001
36139,Mi1,5824.400000000001
40944,Mi1,5824.5
66808,Tm3,5824.5
78856,Tm3,5824.5
88152,T4c,5824.5
89368,T4c,5824.5
93224,T4a,5824.5
93360,T4b,5824.5
98000,T4b,5824.5
10001,DNp01,5824.6
104703,T4d,5824.6
91629,T4a,5824.7
63994,Mi1,5824.7
107211,T4d,5824.7
93688,T4a,5824.8
102425,T4b,5824.8
77779,T2a,5824.8
36533,Mi1,5824.8
74375,Tm3,5824.8
10112,VS,5824.8
65298,T2a,5824.900000000001
85598,T4b,5824.900000000001
103725,T4a,5824.900000000001
108824,T4d,5825.0
101878,T4a,5825.0
106401,T4d,5825.0
23098,LC4,5825.0
56564,Mi1,5825.0
34849,Mi1,5825.099999999999
92842,T4a,5825.099999999999
104853,T4c,5825.099999999999
34463,Mi1,5825.200000000001
96676,T4b,5825.3
47368,TmY3,5825.3
90520,T4a,5825.4
69380,Tm3,5825.4
35888,Mi1,5825.5
89139,T4c,5825.5
91303,T4b,5825.5
93419,T4b,5825.5
10168,OA-VUMa6,5825.6
10658,OA-AL2i3,5825.6
80302,T2a,5825.6
37599,Mi1,5825.7
63420,Mi1,5825.7
70490,Mi1,5825.7
90567,T4b,5825.7
103314,T4b,5825.7
39438,Mi1,5825.8
79271,T4a,5825.8
78848,Tm3,5825.8
36452,Mi1,5825.8
71089,Mi1,5825.8
34142,Mi1,5825.9
64149,Mi1,5825.9
88281,T4b,5825.9
97784,T4c,5825.9
10284,VS,5826.0
69961,Tm3,5826.0
101685,T4b,5826.0
35017,Mi1,5826.2
39743,Mi1,5826.2
104191,T4a,5826.3
103425,T4a,5826.3
35836,Mi1,5826.3
10023,HSS,5826.3
10687,OA-AL2i3,5826.400000000001
11921,OA-VPM4,5826.400000000001
33462,Mi1,5826.400000000001
59959,Mi1,5826.400000000001
22194,LC4,5826.5
44449,TmY3,5826.5
86778,T4a,5826.5
98398,T4c,5826.5
114698,T4b,5826.5
39158,Mi1,5826.599999999999
53065,Mi1,5826.599999999999
11005,OA-VUMa4,5826.599999999999
36911,Mi1,5826.599999999999
97675,T4c,5826.599999999999
51122,Mi1,5826.700000000001
36252,Mi1,5826.700000000001
12109,OA-VUMa2,5826.700000000001
10185,OA-VUMa8,5826.700000000001
10016,HSE,5826.700000000001
35001,Mi1,5826.8
85924,T4a,5826.8
94953,T4d,5826.8
97105,T4d,5826.8
104256,T4a,5826.8
10015,HSN,5826.9
10025,H2,5826.9
10555,OA-VUMa3,5826.9
89290,T4d,5826.9
93947,T4a,5826.9
95883,T4a,5826.9
100867,T4b,5826.9
91913,T4b,5827.0
42594,Mi1,5827.0
10041,OA-VUMa1,5827.0
33446,Mi1,5827.0
37243,Mi1,5827.0
10120,OA-VPM4,5827.1
38993,Mi1,5827.1
99670,T4c,5827.1
102370,T4c,5827.1
102462,T4c,5827.1
20634,VST1,5827.2
38238,Mi1,5827.2
106522,T4d,5827.2
95239,T4a,5827.3
89020,T4a,5827.3
99348,T4c,5827.3
38133,Mi1,5827.3
83979,T4a,5827.3
35428,Mi1,5827.3
10226,OA-AL2i3,5827.4
34862,Mi1,5827.4
37529,Mi1,5827.4
93750,T4c,5827.4
10322,OA-AL2i2,5827.5
88460,T2a,5827.5
92047,T4c,5827.5
100282,T4a,5827.5
49441,TmY3,5827.5
33017,Mi1,5827.6
42119,Mi1,5827.6
52328,TmY3,5827.6
107170,T4b,5827.7
96728,T4c,5827.7
100190,T4c,5827.7
90206,T4b,5827.7
12521,HST,5827.7
68982,Tm3,5827.7
10269,OA-AL2i2,5827.8
10755,H1,5827.8
105962,T4b,5827.8
35234,Mi1,5827.900000000001
35580,Mi1,5827.900000000001
38479,Mi1,5827.900000000001
90135,T4c,5827.900000000001
110910,Tm3,5828.1
10080,OA-VUMa3,5828.1
35045,Mi1,5828.1
38230,Mi1,5828.1
49788,TmY3,5828.1
74287,Tm3,5828.1
94567,T4c,5828.200000000001
96812,T4a,5828.200000000001
36646,Mi1,5828.200000000001
36954,Mi1,5828.200000000001
537004,VSm,5828.200000000001
104354,T4b,5828.3
34626,Mi1,5828.3
10206,VS,5828.3
95005,T4a,5828.3
37123,Mi1,5828.400000000001
48514,TmY3,5828.400000000001
58862,Mi1,5828.400000000001
97193,T4a,5828.400000000001
97677,T4c,5828.400000000001
10037,VS,5828.5
98137,T4d,5828.6
91806,T4a,5828.6
38721,Mi1,5828.6
42895,Mi1,5828.700000000001
86416,T4a,5828.700000000001
48547,TmY3,5828.8
92046,T4d,5828.9
90049,T4c,5828.9
87424,T4d,5828.9
72896,Tm3,5828.9
41545,Mi1,5828.9
37948,Mi1,5828.9
35774,Mi1,5828.9
10001,DNp01,5828.9
37699,Mi1,5829.000000000001
39651,Mi1,5829.000000000001
54087,Mi1,5829.000000000001
65671,Mi1,5829.000000000001
98887,T4b,5829.000000000001
108065,T4c,5829.000000000001
58945,Tm3,5829.1
63050,T2a,5829.1
96365,T4a,5829.1
547091,T2,5829.2
103657,T4b,5829.2
100087,T4b,5829.2
66227,Tm3,5829.2
37631,Mi1,5829.2
16138,LC4,5829.2
10265,OA-AL2i2,5829.2
35897,Mi1,5829.3
37037,Mi1,5829.3
73385,T2a,5829.3
88491,T4a,5829.3
94574,T4c,5829.3
36994,Mi1,5829.400000000001
49372,TmY3,5829.400000000001
55101,Mi1,5829.400000000001
73828,Tm3,5829.400000000001
97028,T4c,5829.400000000001
103677,T4b,5829.400000000001
98788,T4d,5829.5
66345,T2a,5829.5
44119,Mi1,5829.5
34933,Mi1,5829.5
24338,LC4,5829.5
35840,Mi1,5829.6
61292,T2,5829.6
88353,T4b,5829.6
43978,Mi1,5829.7
54211,TmY3,5829.7
55976,Mi1,5829.7
101302,T4d,5829.7
40219,Mi1,5829.900000000001
42675,Mi1,5829.900000000001
45005,TmY3,5829.900000000001
79257,Tm3,5829.900000000001
95926,T4a,5829.900000000001
112744,T4d,5830.0
82639,T2a,5830.0
65106,T2,5830.0
50345,TmY3,5830.0
49324,Mi1,5830.0
37113,Mi1,5830.0
31492,Mi1,5830.099999999999
36305,Mi1,5830.099999999999
38767,Mi1,5830.099999999999
69980,Tm3,5830.099999999999
109598,T4b,5830.099999999999
72194,Tm3,5830.200000000001
94283,T4d,5830.200000000001
103025,T4a,5830.200000000001
91934,T4a,5830.3
117627,Tm3,5830.4
93957,T4b,5830.4
95453,T4a,5830.4
34296,Mi1,5830.4
38987,Mi1,5830.4
10112,VS,5830.4
99387,T4a,5830.500000000001
98360,T4c,5830.500000000001
67113,Mi1,5830.500000000001
102791,T4c,5830.500000000001
34356,Mi1,5830.500000000001
10025,H2,5830.500000000001
35890,Mi1,5830.500000000001
34479,Mi1,5830.6
35602,Mi1,5830.6
40426,Mi1,5830.6
83204,T4d,5830.6
87896,T4a,5830.6
33216,Mi1,5830.7
90394,T4a,5830.7
105403,T4c,5830.7
104297,T4a,5830.8
35447,Mi1,5830.8
10016,HSE,5830.8
10072,OA-AL2i1,5830.900000000001
47686,TmY3,5830.900000000001
122233,Tm3,5830.900000000001
34045,Mi1,5831.0
36346,Mi1,5831.0
68562,T2a,5831.0
96003,T4d,5831.0
105292,T4b,5831.0
542412,Mi1,5831.0
111852,T4a,5831.1
110693,Tm3,5831.1
104858,T4b,5831.1
73284,T2a,5831.1
57398,Mi1,5831.1
40171,Mi1,5831.1
12896,OA-VUMa5,5831.2
33942,Mi1,5831.2
86686,T4c,5831.2
91987,T4c,5831.2
34079,Mi1,5831.3
84008,T4c,5831.3
101215,T4c,5831.3
525839,Mi1,5831.3
77383,T2a,5831.400000000001
38514,Mi1,5831.400000000001
95458,T4d,5831.400000000001
23392,LC4,5831.400000000001
10015,HSN,5831.400000000001
35100,Mi1,5831.400000000001
93313,T4a,5831.5
100855,T4a,5831.5
42006,TmY3,5831.5
78561,Tm3,5831.5
105412,T4a,5831.599999999999
94356,T4c,5831.599999999999
88992,T4c,5831.599999999999
37270,Mi1,5831.700000000001
100567,T4d,5831.700000000001
10023,HSS,5831.8
39692,TmY3,5831.8
41659,Mi1,5831.8
79083,Tm3,5831.8
96657,T4c,5831.8
102595,T4d,5831.8
61768,T2,5831.9
69793,T2a,5831.9
92996,T4a,5831.9
97853,T4c,5831.9
100033,T4c,5831.9
74023,T2a,5832.0
38893,Mi1,5832.0
30923,TmY3,5832.0
37000,Mi1,5832.0
40085,Mi1,5832.1
105574,T4d,5832.1
526158,Mi1,5832.1
21336,LC4,5832.2
36275,Mi1,5832.2
73320,T2,5832.2
97480,T4c,5832.2
101620,T4b,5832.2
800146,TTMn,5832.2
96424,T4b,5832.3
101770,T4b,5832.3
72955,T2a,5832.3
105565,Tm3,5832.3
47962,TmY3,5832.3
41296,Mi1,5832.3
10175,OA-VUMa6,5832.3
69546,Tm3,5832.3
20808,LC4,5832.400000000001
39275,Mi1,5832.400000000001
41654,Mi1,5832.400000000001
72066,Tm3,5832.400000000001
95364,T4d,5832.400000000001
116716,T4b,5832.5
112179,T4b,5832.5
100787,T4b,5832.5
35498,Mi1,5832.5
59397,Mi1,5832.5
10825,OA-AL2i3,5832.5
70289,Mi1,5832.5
37019,Mi1,5832.6
40256,Mi1,5832.6
90097,T4c,5832.6
96081,T4a,5832.7
95335,T4a,5832.7
73807,Tm3,5832.7
92431,T4a,5832.7
56762,TmY3,5832.8
83583,T4d,5832.8
120231,Tm3,5832.8
77527,T4a,5832.900000000001
10799,OA-VUMa4,5833.0
38241,Mi1,5833.0
51050,TmY3,5833.0
36410,Mi1,5833.099999999999
74231,Tm3,5833.099999999999
117662,T4d,5833.099999999999
40026,TmY3,5833.200000000001
83689,T4a,5833.200000000001
99609,T4a,5833.200000000001
72558,T2a,5833.3
89099,T4a,5833.3
40854,Mi1,5833.3
33091,Mi1,5833.3
37294,Mi1,5833.3
10001,DNp01,5833.3
21313,LC4,5833.4
66980,T2a,5833.4
69063,Mi1,5833.4
103022,T4a,5833.4
10110,OA-VUMa1,5833.5
105698,T4c,5833.6
83067,T4b,5833.6
67150,T2a,5833.6
10037,VS,5833.7
39505,Mi1,5833.7
78968,Tm3,5833.7
80670,T4a,5833.7
104674,T4a,5833.7
286259,OA-ASM1,5833.7
96126,T4b,5833.8
91313,T4a,5833.8
11264,OA-ASM1,5833.8
75381,Tm3,5833.8
91057,T4c,5833.8
35806,Mi1,5833.9
37371,Mi1,5833.9
38208,Mi1,5833.9
42691,Mi1,5833.9
83438,T4a,5833.9
99292,T4a,5833.9
101043,T4c,5833.9
104336,T4b,5833.9
106912,Tm3,5833.9
110646,T4b,5833.9
100018,T4a,5834.0
105122,T4b,5834.0
91469,T4c,5834.0
10204,OA-AL2i2,5834.0
38529,Mi1,5834.0
10677,OA-AL2i4,5834.1
79483,Tm3,5834.1
87289,T4a,5834.1
91345,T4c,5834.1
10025,H2,5834.2
35712,Mi1,5834.2
37839,Mi1,5834.2
37853,Mi1,5834.2
39067,Mi1,5834.2
105521,T4c,5834.2
80812,T4a,5834.3
102229,T4d,5834.3
89784,T4b,5834.3
85152,T4c,5834.3
19954,LC4,5834.3
35770,Mi1,5834.3
81401,T4b,5834.3
39629,Mi1,5834.400000000001
83465,T4a,5834.400000000001
94179,T4a,5834.400000000001
116610,T4d,5834.400000000001
101245,T4a,5834.5
86141,T4b,5834.5
102564,T4a,5834.5
69164,Mi1,5834.5
69736,Tm3,5834.5
69228,T2a,5834.599999999999
102579,T4b,5834.599999999999
11602,OA-ASM1,5834.599999999999
36446,Mi1,5834.599999999999
287884,OA-VPM3,5834.700000000001
93021,T4a,5834.700000000001
100501,T4b,5834.700000000001
36177,Mi1,5834.8
90145,T4a,5834.8
90219,T4a,5834.8
94624,T4a,5834.8
95356,T4a,5834.8
109631,T4b,5834.8
67072,T2a,5834.9
10016,HSE,5834.9
11134,VSm,5834.9
97231,T4a,5835.0
95921,T4c,5835.0
84434,Tm3,5835.0
94743,T4d,5835.0
10755,H1,5835.0
10206,VS,5835.0
34300,Mi1,5835.0
103827,T4c,5835.1
83677,T4c,5835.1
23098,LC4,5835.1
34189,Mi1,5835.1
70239,T2,5835.1
12688,OA-ASM1,5835.2
89434,T4c,5835.2
92415,T4a,5835.2
96852,T4a,5835.2
98504,T4c,5835.2
39405,Mi1,5835.3
34057,Mi1,5835.3
110988,T4a,5835.3
98837,T4c,5835.4
98668,T4a,5835.4
41809,Mi1,5835.5
100956,T4d,5835.6
99011,T4c,5835.6
22328,LC4,5835.6
75521,T2a,5835.6
94755,T4a,5835.6
10687,OA-AL2i3,5835.7
78911,Tm3,5835.7
99922,T4c,5835.7
10015,HSN,5835.8
10112,VS,5835.8
11005,OA-VUMa4,5835.8
11608,OA-VUMa2,5835.8
88726,T4b,5835.8
102991,T4c,5835.8
105135,T4c,5835.8
124345,T4d,5835.900000000001
94081,T4c,5835.900000000001
72148,Tm3,5835.900000000001
35845,Mi1,5835.900000000001
93985,T4c,5835.900000000001
18127,LC4,5836.0
19543,LC4,5836.0
37568,Mi1,5836.0
71674,T2a,5836.0
104450,T4a,5836.0
109536,T4d,5836.0
110403,T4b,5836.0
97288,T4c,5836.1
60857,Mi1,5836.1
68933,Tm3,5836.1
99131,T4c,5836.200000000001
67152,Tm3,5836.200000000001
118948,T4d,5836.200000000001
82038,Tm3,5836.200000000001
62078,Mi1,5836.200000000001
34171,Mi1,5836.200000000001
67424,T2,5836.200000000001
107442,T4d,5836.3
10023,HSS,5836.3
10652,OA-AL2i4,5836.3
41950,Mi1,5836.3
95554,T4b,5836.3
96211,T4d,5836.3
97885,T4a,5836.3
107529,T4d,5836.3
92181,T4a,5836.400000000001
91741,T4d,5836.400000000001
102045,T4a,5836.400000000001
48607,TmY3,5836.400000000001
74891,T2a,5836.400000000001
101589,T4a,5836.5
98448,T4b,5836.5
35218,Mi1,5836.5
85378,T4a,5836.5
93166,T4c,5836.5
10269,OA-AL2i2,5836.6
10322,OA-AL2i2,5836.6
36217,Mi1,5836.6
100261,T4c,5836.6
79646,Tm3,5836.700000000001
34899,Mi1,5836.700000000001
41626,Mi1,5836.700000000001
71402,Tm3,5836.700000000001
125171,Tm3,5836.8
69186,Tm3,5836.8
132339,Tm3,5836.8
94289,T4d,5836.8
10041,OA-VUMa1,5836.8
35405,Mi1,5836.8
91682,T4b,5836.8
10012,VS,5836.9
36139,Mi1,5837.000000000001
38768,Mi1,5837.000000000001
47967,Mi1,5837.1
90474,T4b,5837.1
91325,T4a,5837.1
122961,T4d,5837.1
96835,T4b,5837.2
94153,T4d,5837.2
68212,T2a,5837.2
35416,Mi1,5837.2
35152,Mi1,5837.2
33655,Mi1,5837.2
64579,T2,5837.2
30997,Mi1,5837.3
31848,Mi1,5837.3
37353,Mi1,5837.3
47465,TmY3,5837.3
86175,T4a,5837.3
40832,Mi1,5837.400000000001
41120,Mi1,5837.400000000001
39718,Mi1,5837.400000000001
92939,T4b,5837.400000000001
32535,Mi1,5837.400000000001
10187,OA-VPM3,5837.400000000001
32893,Mi1,5837.400000000001
108325,T4c,5837.400000000001
109291,T4d,5837.5
40596,Mi1,5837.5
95007,T4a,5837.5
36533,Mi1,5837.5
20542,LC4,5837.5
10001,DNp01,5837.6
10168,OA-VUMa6,5837.6
33907,Mi1,5837.6
98381,T4d,5837.6
121170,Tm3,5837.6
10658,OA-AL2i3,5837.7
25584,LC4,5837.7
97256,T4c,5837.7
109649,T4c,5837.8
36540,Mi1,5837.900000000001
51231,TmY3,5837.900000000001
99663,T4c,5837.900000000001
107445,T4a,5838.0
34867,Mi1,5838.0
10025,H2,5838.0
10037,VS,5838.099999999999
35934,Mi1,5838.099999999999
41668,Mi1,5838.099999999999
12109,OA-VUMa2,5838.200000000001
34369,Mi1,5838.200000000001
34938,Mi1,5838.200000000001
40703,Mi1,5838.200000000001
102975,T4b,5838.200000000001
98300,T4a,5838.3
10072,OA-AL2i1,5838.4
38178,Mi1,5838.4
72279,Mi1,5838.4
38791,Mi1,5838.500000000001
40635,Mi1,5838.500000000001
99423,T4d,5838.6
56564,Mi1,5838.6
34463,Mi1,5838.6
10016,HSE,5838.7
41522,Mi1,5838.7
85778,T4b,5838.7
111416,Tm3,5838.7
10185,OA-VUMa8,5838.8
92706,T4a,5838.8
101230,T4a,5838.8
107031,T4b,5838.8
89825,T4a,5838.900000000001
101994,T4a,5838.900000000001
102147,T4c,5838.900000000001
105126,T4c,5839.0
63175,Mi1,5839.0
97878,T4b,5839.0
22194,LC4,5839.0
40944,Mi1,5839.0
94224,T4b,5839.1
96295,T4b,5839.1
100105,T4a,5839.1
109593,Tm3,5839.2
10011,OA-AL2i1,5839.2
35017,Mi1,5839.2
98439,T4a,5839.2
16138,LC4,5839.3
98467,T4d,5839.3
98846,T4c,5839.3
102801,T4b,5839.400000000001
111380,Tm3,5839.400000000001
35888,Mi1,5839.400000000001
100838,T4c,5839.400000000001
96576,T4c,5839.5
70490,Mi1,5839.5
36452,Mi1,5839.5
35836,Mi1,5839.599999999999
89934,T4d,5839.599999999999
92082,T4b,5839.599999999999
98194,T4d,5839.599999999999
21336,LC4,5839.700000000001
106922,T4c,5839.700000000001
111184,T4a,5839.700000000001
120016,Tm3,5839.700000000001
33462,Mi1,5839.8
56007,TmY3,5839.8
92281,T4c,5839.8
94549,T4b,5839.8
100946,T4c,5839.9
97866,T4d,5839.9
97835,T4a,5839.9
11921,OA-VPM4,5839.9
10120,OA-VPM4,5839.9
10015,HSN,5839.9
37599,Mi1,5839.9
90423,T4b,5840.0
98175,T4c,5840.0
103302,T4c,5840.0
10112,VS,5840.1
42594,Mi1,5840.1
48286,Mi1,5840.1
63868,T2a,5840.1
84063,T4b,5840.1
100633,T4a,5840.1
537004,VSm,5840.2
101081,T4c,5840.2
101463,T4d,5840.2
39743,Mi1,5840.2
20808,LC4,5840.2
33017,Mi1,5840.3
33446,Mi1,5840.3
71475,Tm3,5840.3
90419,T4b,5840.3
800146,TTMn,5840.3
51122,Mi1,5840.400000000001
39158,Mi1,5840.400000000001
35234,Mi1,5840.400000000001
20673,LC4,5840.400000000001
12521,HST,5840.400000000001
34862,Mi1,5840.400000000001
63420,Mi1,5840.5
102741,T4c,5840.5
102519,T4a,5840.5
37391,Mi1,5840.5
34142,Mi1,5840.5
10226,OA-AL2i3,5840.5
34849,Mi1,5840.5
10023,HSS,5840.6
38227,Mi1,5840.6
38238,Mi1,5840.6
41435,Mi1,5840.6
65531,T2a,5840.6
81215,Tm3,5840.6
98118,T4c,5840.6
35235,Mi1,5840.7
10555,OA-VUMa3,5840.7
64149,Mi1,5840.7
59959,Mi1,5840.8
37243,Mi1,5840.8
122308,Tm3,5840.900000000001
96199,T4a,5841.0
53065,Mi1,5841.0
98099,T4b,5841.099999999999
104412,T4a,5841.099999999999
10265,OA-AL2i2,5841.099999999999
87358,T4a,5841.200000000001
94468,T4c,5841.200000000001
46230,TmY3,5841.200000000001
10284,VS,5841.3
109384,T4d,5841.4
63994,Mi1,5841.4
10206,VS,5841.4
38993,Mi1,5841.4
48986,TmY3,5841.4
98625,T4a,5841.5
21225,LC4,5841.6
35428,Mi1,5841.6
39438,Mi1,5841.6
106664,T4c,5841.6
107297,T4c,5841.6
38230,Mi1,5841.7
38479,Mi1,5841.7
95985,T4c,5841.7
98751,T4a,5841.7
106701,T4d,5841.8
74927,Tm3,5841.8
46827,Mi1,5841.8
37529,Mi1,5841.8
12896,OA-VUMa5,5841.8
10025,H2,5841.8
10001,DNp01,5841.8
35173,Mi1,5841.8
35897,Mi1,5841.9
36911,Mi1,5841.9
77395,T4b,5841.9
90888,T4b,5841.9
70812,TmY3,5842.0
34626,Mi1,5842.0
35001,Mi1,5842.0
37699,Mi1,5842.0
42758,Mi1,5842.0
95287,T4a,5842.1
99950,T4c,5842.1
44119,Mi1,5842.1
65671,Mi1,5842.1
35580,Mi1,5842.2
54087,Mi1,5842.2
101228,T4a,5842.2
133040,Tm3,5842.2
98862,Tm3,5842.3
55101,Mi1,5842.3
90278,T4a,5842.3
10037,VS,5842.3
37948,Mi1,5842.3
10016,HSE,5842.400000000001
38133,Mi1,5842.400000000001
94305,T4a,5842.400000000001
100206,T4c,5842.400000000001
104996,T4a,5842.400000000001
71089,Mi1,5842.5
114850,Tm3,5842.5
37037,Mi1,5842.5
10080,OA-VUMa3,5842.5
35774,Mi1,5842.5
36252,Mi1,5842.5
10825,OA-AL2i3,5842.599999999999
88698,T4a,5842.599999999999
96090,T4c,5842.599999999999
36660,Mi1,5842.700000000001
101480,T4c,5842.700000000001
10755,H1,5842.8
58862,Mi1,5842.8
93877,T4c,5842.8
104257,T4b,5842.8
102388,T4d,5842.9
102479,T4c,5842.9
93334,T4b,5842.9
102031,T4c,5842.9
44449,TmY3,5842.9
42119,Mi1,5842.9
35447,Mi1,5842.9
36646,Mi1,5843.0
87845,T4a,5843.0
98349,T4a,5843.0
116129,T4b,5843.0
113983,T4d,5843.1
111928,T4b,5843.1
92684,T4c,5843.1
36954,Mi1,5843.1
36305,Mi1,5843.1
47368,TmY3,5843.1
10799,OA-VUMa4,5843.2
37631,Mi1,5843.2
91366,T4b,5843.2
105214,T4c,5843.3
49324,Mi1,5843.3
35840,Mi1,5843.3
37123,Mi1,5843.3
40219,Mi1,5843.3
34933,Mi1,5843.4
38767,Mi1,5843.4
40171,Mi1,5843.4
90430,T2a,5843.4
10175,OA-VUMa6,5843.500000000001
52350,Mi1,5843.500000000001
88152,T4c,5843.500000000001
123490,Tm3,5843.500000000001
63468,Mi1,5843.6
71228,T2a,5843.6
99671,T4c,5843.6
100785,T4b,5843.7
64849,Tm3,5843.7
35045,Mi1,5843.7
97318,T4d,5843.7
35602,Mi1,5843.8
95681,T4a,5843.8
38721,Mi1,5843.900000000001
41545,Mi1,5843.900000000001
67113,Mi1,5843.900000000001
34296,Mi1,5844.0
70524,T2a,5844.0
93972,T4a,5844.0
10677,OA-AL2i4,5844.1
76325,T2a,5844.1
103654,T4b,5844.1
104683,T4b,5844.1
34356,Mi1,5844.2
109996,T4c,5844.2
10110,OA-VUMa1,5844.2
21313,LC4,5844.2
92114,T4c,5844.3
95242,T4d,5844.3
99731,T4c,5844.3
104478,T4d,5844.3
124490,Tm3,5844.3
87873,T4b,5844.400000000001
10015,HSN,5844.400000000001
19260,LC4,5844.400000000001
44564,TmY3,5844.400000000001
72426,Tm3,5844.400000000001
93865,T4c,5844.5
93927,T4a,5844.5
91806,T4a,5844.5
101005,T4d,5844.5
100680,T4d,5844.6
88625,T4c,5844.6
34479,Mi1,5844.6
55976,Mi1,5844.6
34045,Mi1,5844.6
10112,VS,5844.700000000001
34079,Mi1,5844.700000000001
44592,TmY3,5844.700000000001
68842,TmY3,5844.700000000001
116311,T4d,5844.700000000001
128916,Tm3,5844.8
96784,T4b,5844.8
85007,T4c,5844.8
43978,Mi1,5844.8
31492,Mi1,5844.8
23098,LC4,5844.8
36346,Mi1,5844.9
93419,T4b,5844.9
96931,T4b,5844.9
107075,T4d,5845.000000000001
106819,T4b,5845.000000000001
103570,T4d,5845.000000000001
57398,Mi1,5845.000000000001
10023,HSS,5845.000000000001
38987,Mi1,5845.000000000001
36994,Mi1,5845.000000000001
11005,OA-VUMa4,5845.000000000001
42895,Mi1,5845.000000000001
76074,Tm3,5845.1
33942,Mi1,5845.2
38514,Mi1,5845.2
40256,Mi1,5845.2
40426,Mi1,5845.2
103479,T4c,5845.2
96394,T4b,5845.3
101772,Tm3,5845.3
90121,T4b,5845.3
37000,Mi1,5845.3
39727,Mi1,5845.3
39275,Mi1,5845.400000000001
39651,Mi1,5845.400000000001
42675,Mi1,5845.400000000001
67971,Tm3,5845.400000000001
90027,T4c,5845.400000000001
93509,T4b,5845.400000000001
108438,T4d,5845.400000000001
542412,Mi1,5845.400000000001
66604,TmY3,5845.5
10687,OA-AL2i3,5845.5
35890,Mi1,5845.5
64341,TmY3,5845.5
102016,T4a,5845.5
101865,T4a,5845.6
10025,H2,5845.6
23392,LC4,5845.6
106166,T4b,5845.7
10269,OA-AL2i2,5845.7
37270,Mi1,5845.7
48283,TmY3,5845.7
48894,TmY3,5845.7
54885,TmY3,5845.7
75660,T2a,5845.7
92644,T4d,5845.8
101685,T4b,5845.8
71052,T2a,5845.8
71765,T2a,5845.8
76733,Tm3,5845.900000000001
36275,Mi1,5845.900000000001
526158,Mi1,5845.900000000001
78856,Tm3,5845.900000000001
71394,T2a,5845.900000000001
10072,OA-AL2i1,5845.900000000001
10322,OA-AL2i2,5845.900000000001
10001,DNp01,5845.900000000001
46662,TmY3,5845.900000000001
71583,Tm3,5846.0
86416,T4a,5846.0
105706,T4a,5846.0
107719,T4b,5846.0
33216,Mi1,5846.099999999999
37113,Mi1,5846.099999999999
41296,Mi1,5846.099999999999
85126,T4a,5846.099999999999
86778,T4a,5846.099999999999
104853,T4c,5846.099999999999
532850,Tm3,5846.200000000001
91283,T4c,5846.200000000001
90112,T4c,5846.200000000001
36410,Mi1,5846.200000000001
66808,Tm3,5846.200000000001
10204,OA-AL2i2,5846.200000000001
79134,Tm3,5846.200000000001
10016,HSE,5846.3
35100,Mi1,5846.3
37019,Mi1,5846.3
93688,T4a,5846.3
10037,VS,5846.4
83125,T4b,5846.4
95005,T4a,5846.500000000001
89368,T4c,5846.500000000001
66227,Tm3,5846.500000000001
71398,Tm3,5846.500000000001
35498,Mi1,5846.500000000001
11608,OA-VUMa2,5846.500000000001
38893,Mi1,5846.500000000001
39692,TmY3,5846.6
59008,Mi1,5846.6
78503,T2a,5846.6
107010,T4d,5846.6
41659,Mi1,5846.7
48547,TmY3,5846.7
93025,T4b,5846.7
97186,T4a,5846.7
106801,T4c,5846.7
108307,T4b,5846.8
59397,Mi1,5846.8
93527,T4a,5846.8
10041,OA-VUMa1,5846.8
38241,Mi1,5846.8
11134,VSm,5846.900000000001
42533,TmY3,5846.900000000001
72005,Tm3,5847.1
83191,T4a,5847.1
87390,T2a,5847.1
95822,T4b,5847.1
24338,LC4,5847.2
41654,Mi1,5847.2
91444,T4c,5847.2
129235,Tm3,5847.2
525839,Mi1,5847.2
35806,Mi1,5847.3
79449,T4b,5847.400000000001
93566,T4a,5847.400000000001
84328,T4a,5847.5
91629,T4a,5847.5
68535,T2a,5847.5
100488,T4c,5847.5
38529,Mi1,5847.5
11264,OA-ASM1,5847.5
40085,Mi1,5847.5
37371,Mi1,5847.5
12688,OA-ASM1,5847.599999999999
20808,LC4,5847.599999999999
42691,Mi1,5847.599999999999
64712,T2a,5847.599999999999
65513,T2a,5847.599999999999
107609,T4d,5847.599999999999
65009,T2,5847.700000000001
83583,T4d,5847.700000000001
286259,OA-ASM1,5847.700000000001
112619,T4d,5847.8
171349687,Tm3,5847.8
97899,T4a,5847.8
88922,T4c,5847.8
86419,Tm3,5847.8
70289,Mi1,5847.8
11602,OA-ASM1,5847.8
33091,Mi1,5847.9
37839,Mi1,5847.9
71131,Tm3,5847.9
95972,T4d,5847.9
106840,T4b,5848.0
40854,Mi1,5848.0
104368,T4c,5848.1
35770,Mi1,5848.1
38857,Mi1,5848.1
79271,T4a,5848.1
92047,T4c,5848.1
97677,T4c,5848.1
98985,T4c,5848.1
800146,TTMn,5848.2
108344,T4d,5848.2
99670,T4c,5848.2
36446,Mi1,5848.3
38208,Mi1,5848.3
85152,T4c,5848.3
36158,Mi1,5848.400000000001
83365,T2a,5848.400000000001
94668,T4d,5848.400000000001
99863,T4d,5848.400000000001
106401,T4d,5848.400000000001
287884,OA-VPM3,5848.400000000001
57247,TmY3,5848.5
68982,Tm3,5848.5
111746,Tm3,5848.5
69063,Mi1,5848.6
69164,Mi1,5848.6
39067,Mi1,5848.6
34057,Mi1,5848.6
33110,Mi1,5848.6
34300,Mi1,5848.7
98654,T4d,5848.7
99980,T4c,5848.7
10015,HSN,5848.8
10652,OA-AL2i4,5848.8
60857,Mi1,5848.8
69597,Tm3,5848.8
75298,T2a,5848.8
97326,T4c,5848.8
100032,T4c,5848.8
108349,T4d,5848.8
10755,H1,5848.900000000001
100310,T4d,5848.900000000001
108847,T4d,5848.900000000001
97171,T4d,5849.0
93360,T4b,5849.0
50333,TmY3,5849.0
83438,T4a,5849.0
35712,Mi1,5849.099999999999
37294,Mi1,5849.099999999999
39505,Mi1,5849.099999999999
91345,T4c,5849.099999999999
93482,T4d,5849.099999999999
10658,OA-AL2i3,5849.200000000001
79704,T4d,5849.200000000001
10023,HSS,5849.3
10168,OA-VUMa6,5849.3
34189,Mi1,5849.3
35845,Mi1,5849.3
72558,T2a,5849.3
121816,T4a,5849.4
39629,Mi1,5849.4
105718,T4b,5849.4
10012,VS,5849.4
10025,H2,5849.4
22328,LC4,5849.5
91469,T4c,5849.5
92552,T4a,5849.5
98312,T4a,5849.5
106522,T4d,5849.6
41809,Mi1,5849.6
86536,Tm3,5849.6
36177,Mi1,5849.7
37568,Mi1,5849.7
85074,T4a,5849.7
40936,Mi1,5849.8
77138,Tm3,5849.9
75550,Tm3,5849.9
100319,T4b,5849.9
22194,LC4,5849.9
21336,LC4,5849.9
12109,OA-VUMa2,5849.9
10206,VS,5849.9
34899,Mi1,5849.9
10112,VS,5850.0
37853,Mi1,5850.0
36540,Mi1,5850.1
38648,Mi1,5850.1
41950,Mi1,5850.1
74860,Tm3,5850.1
103780,T4c,5850.1
82211,T2a,5850.2
117151,T4d,5850.2
80855,Tm3,5850.2
78470,Tm3,5850.2
60856,T2a,5850.2
10016,HSE,5850.2
36139,Mi1,5850.3
36217,Mi1,5850.3
39405,Mi1,5850.3
66214,T2a,5850.3
90219,T4a,5850.3
100897,T4c,5850.3
101945,T4b,5850.3
103025,T4a,5850.3
105521,T4c,5850.3
93750,T4c,5850.400000000001
94058,T4b,5850.400000000001
19954,LC4,5850.400000000001
61353,T2,5850.400000000001
94287,T4d,5850.400000000001
110454,T4d,5850.5
95453,T4a,5850.5
97675,T4c,5850.5
10187,OA-VPM3,5850.5
33655,Mi1,5850.5
10001,DNp01,5850.5
10037,VS,5850.599999999999
66345,T2a,5850.599999999999
94368,T4a,5850.599999999999
97028,T4c,5850.599999999999
100282,T4a,5850.599999999999
122290,Tm3,5850.599999999999
72796,Tm3,5850.700000000001
62078,Mi1,5850.700000000001
35218,Mi1,5850.700000000001
20634,VST1,5850.700000000001
50345,TmY3,5850.700000000001
34171,Mi1,5850.8
112241,T4b,5850.8
98887,T4b,5850.9
105115,T4d,5850.9
82855,Tm3,5850.9
41626,Mi1,5850.9
37353,Mi1,5850.9
10185,OA-VUMa8,5850.9
47696,TmY3,5851.0
96126,T4b,5851.0
31848,Mi1,5851.1
80435,T2a,5851.1
91913,T4b,5851.1
92640,T4d,5851.1
104972,T4a,5851.1
16138,LC4,5851.200000000001
30997,Mi1,5851.200000000001
35152,Mi1,5851.200000000001
108948,T4b,5851.200000000001
99672,T4a,5851.3
95017,T4c,5851.3
61401,T2a,5851.3
41120,Mi1,5851.3
35934,Mi1,5851.3
81995,Tm3,5851.3
32893,Mi1,5851.4
36533,Mi1,5851.4
65298,T2a,5851.4
92993,Tm3,5851.4
94886,T4d,5851.4
108697,T4d,5851.4
40832,Mi1,5851.500000000001
62894,Tm3,5851.500000000001
32535,Mi1,5851.6
96676,T4b,5851.6
40944,Mi1,5851.7
72279,Mi1,5851.7
10226,OA-AL2i3,5851.7
104884,T4b,5851.8
56564,Mi1,5851.8
35405,Mi1,5851.8
35416,Mi1,5851.8
35724,Mi1,5851.8
33017,Mi1,5851.900000000001
47967,Mi1,5852.0
105242,T4c,5852.0
34867,Mi1,5852.1
39894,T4b,5852.1
100726,T4d,5852.2
38178,Mi1,5852.2
69380,Tm3,5852.2
95883,T4a,5852.2
105834,T4d,5852.2
93166,T4c,5852.3
98398,T4c,5852.3
38791,Mi1,5852.3
10284,VS,5852.3
33907,Mi1,5852.3
39718,Mi1,5852.400000000001
92839,T4b,5852.5
94930,T2a,5852.5
537004,VSm,5852.5
34849,Mi1,5852.6
35017,Mi1,5852.6
89728,Tm3,5852.6
40703,Mi1,5852.700000000001
82099,T4b,5852.700000000001
93224,T4a,5852.700000000001
104905,T4c,5852.700000000001
91987,T4c,5852.8
89290,T4d,5852.8
10120,OA-VPM4,5852.8
36452,Mi1,5852.8
12896,OA-VUMa5,5852.9
34463,Mi1,5852.9
41668,Mi1,5852.9
67150,T2a,5852.9
106295,T4b,5852.9
35888,Mi1,5853.000000000001
34369,Mi1,5853.000000000001
40026,TmY3,5853.000000000001
94356,T4c,5853.000000000001
115511,T4d,5853.000000000001
77846,Tm3,5853.1
94283,T4d,5853.1
10555,OA-VUMa3,5853.1
40596,Mi1,5853.1
102462,T4c,5853.2
103022,T4a,5853.2
10015,HSN,5853.2
10025,H2,5853.2
10825,OA-AL2i3,5853.3
33446,Mi1,5853.3
33462,Mi1,5853.3
38238,Mi1,5853.3
90097,T4c,5853.3
113207,T4d,5853.3
96003,T4d,5853.400000000001
70490,Mi1,5853.400000000001
69441,Tm3,5853.400000000001
38768,Mi1,5853.400000000001
10799,OA-VUMa4,5853.400000000001
42594,Mi1,5853.400000000001
35234,Mi1,5853.5
93947,T4a,5853.5
96576,T4c,5853.5
103073,T4a,5853.5
109023,T4c,5853.6
41522,Mi1,5853.6
10265,OA-AL2i2,5853.6
21313,LC4,5853.6
34938,Mi1,5853.6
10023,HSS,5853.7
58945,Tm3,5853.7
64149,Mi1,5853.7
69980,Tm3,5853.7
88167,T4b,5853.7
103425,T4a,5853.7
25584,LC4,5853.8
37243,Mi1,5853.8
64260,T2,5853.8
97784,T4c,5853.8
107529,T4d,5853.8
113568,T4d,5853.8
37599,Mi1,5853.900000000001
45948,TmY3,5854.0
59959,Mi1,5854.0
40635,Mi1,5854.0
90566,T4d,5854.0
127615,Tm3,5854.099999999999
69889,T2a,5854.099999999999
95677,T4c,5854.099999999999
60886,T2a,5854.099999999999
10016,HSE,5854.099999999999
11921,OA-VPM4,5854.200000000001
71161,T2a,5854.200000000001
76038,Tm3,5854.200000000001
113991,T4d,5854.200000000001
108876,T4c,5854.3
113686,T4d,5854.3
37391,Mi1,5854.3
11005,OA-VUMa4,5854.4
39743,Mi1,5854.4
96365,T4a,5854.4
100087,T4b,5854.4
107621,T4d,5854.4
97769,T4a,5854.500000000001
104858,T4b,5854.500000000001
41435,Mi1,5854.500000000001
34862,Mi1,5854.500000000001
18127,LC4,5854.500000000001
10037,VS,5854.500000000001
84008,T4c,5854.6
113171,T4b,5854.6
10110,OA-VUMa1,5854.7
38993,Mi1,5854.7
37037,Mi1,5854.8
63175,Mi1,5854.8
64897,T2,5854.8
92281,T4c,5854.8
93935,T4a,5854.8
103314,T4b,5854.8
114817,T4d,5854.8
109916,T4d,5854.900000000001
95239,T4a,5854.900000000001
35836,Mi1,5854.900000000001
48514,TmY3,5854.900000000001
10755,H1,5855.0
35235,Mi1,5855.0
38479,Mi1,5855.0
51122,Mi1,5855.0
53065,Mi1,5855.0
109172,T4b,5855.0
92431,T4a,5855.1
10677,OA-AL2i4,5855.1
10687,OA-AL2i3,5855.1
38230,Mi1,5855.1
54087,Mi1,5855.1
68562,T2a,5855.1
112744,T4d,5855.2
102425,T4b,5855.2
77527,T4a,5855.2
10072,OA-AL2i1,5855.2
90567,T4b,5855.2
63420,Mi1,5855.3
10112,VS,5855.3
35580,Mi1,5855.3
35897,Mi1,5855.3
36911,Mi1,5855.3
43414,Mi1,5855.3
102975,T4b,5855.400000000001
51848,TmY3,5855.400000000001
108907,T4c,5855.400000000001
104414,T4d,5855.400000000001
49788,TmY3,5855.400000000001
96812,T4a,5855.400000000001
37529,Mi1,5855.400000000001
20808,LC4,5855.400000000001
16570,VST2,5855.400000000001
10001,DNp01,5855.400000000001
37699,Mi1,5855.400000000001
34142,Mi1,5855.5
70642,T2a,5855.5
88281,T4b,5855.5
88992,T4c,5855.5
89020,T4a,5855.5
106821,T4b,5855.5
800146,TTMn,5855.599999999999
106535,T4d,5855.599999999999
51191,TmY3,5855.599999999999
95554,T4b,5855.599999999999
21225,LC4,5855.599999999999
10175,OA-VUMa6,5855.599999999999
37948,Mi1,5855.599999999999
10080,OA-VUMa3,5855.700000000001
48286,Mi1,5855.700000000001
63994,Mi1,5855.700000000001
96134,T4b,5855.700000000001
10269,OA-AL2i2,5855.8
55101,Mi1,5855.8
67131,Tm3,5855.8
68342,Tm3,5855.8
88491,T4a,5855.8
101215,T4c,5855.8
104017,T4b,5855.8
125288,Tm3,5855.9
99348,T4c,5855.9
102370,T4c,5855.9
35774,Mi1,5855.9
10322,OA-AL2i2,5855.9
58862,Mi1,5855.9
39438,Mi1,5856.0
72619,T2a,5856.0
78421,T2a,5856.0
86630,Tm3,5856.0
94574,T4c,5856.0
98325,T4d,5856.0
98360,T4c,5856.0
99387,T4a,5856.0
37123,Mi1,5856.1
72983,T2a,5856.1
96728,T4c,5856.1
107170,T4b,5856.2
65671,Mi1,5856.2
99663,T4c,5856.2
35428,Mi1,5856.2
36252,Mi1,5856.2
44119,Mi1,5856.3
73122,T2a,5856.3
76524,Tm3,5856.3
90135,T4c,5856.3
91303,T4b,5856.3
105962,T4b,5856.400000000001
105565,Tm3,5856.400000000001
96035,T4d,5856.400000000001
38227,Mi1,5856.400000000001
39158,Mi1,5856.400000000001
34626,Mi1,5856.5
35602,Mi1,5856.5
46827,Mi1,5856.5
71089,Mi1,5856.5
102229,T4d,5856.5
49324,Mi1,5856.6
42119,Mi1,5856.6
69961,Tm3,5856.6
34933,Mi1,5856.6
40411,Mi1,5856.6
23098,LC4,5856.7
46248,Mi1,5856.7
73301,Tm3,5856.7
89434,T4c,5856.7
98137,T4d,5856.7
113852,T4b,5856.7
10206,VS,5856.8
35447,Mi1,5856.8
37631,Mi1,5856.8
38133,Mi1,5856.8
38421,Mi1,5856.8
74287,Tm3,5856.8
103226,T4d,5856.8
108065,T4c,5856.8
94549,T4b,5856.900000000001
82515,Tm3,5856.900000000001
10025,H2,5856.900000000001
69546,Tm3,5856.900000000001
80812,T4a,5856.900000000001
10041,OA-VUMa1,5857.0
35840,Mi1,5857.0
36660,Mi1,5857.0
36684,Mi1,5857.0
39275,Mi1,5857.0
72066,Tm3,5857.0
77676,T2a,5857.0
92273,T2a,5857.0
95926,T4a,5857.099999999999
42758,Mi1,5857.099999999999
97872,T4d,5857.099999999999
12521,HST,5857.099999999999
41613,Mi1,5857.099999999999
99011,T4c,5857.200000000001
95356,T4a,5857.200000000001
36646,Mi1,5857.200000000001
59864,Tm3,5857.200000000001
106952,T4b,5857.3
38767,Mi1,5857.4
83979,T4a,5857.4
100673,T4b,5857.4
36305,Mi1,5857.5
36954,Mi1,5857.5
37270,Mi1,5857.5
90145,T4a,5857.5
128726,Tm3,5857.6
11134,VSm,5857.6
11608,OA-VUMa2,5857.6
17926,LC4,5857.6
102579,T4b,5857.7
100855,T4a,5857.7
98000,T4b,5857.7
42048,Mi1,5857.7
37088,Mi1,5857.7
35173,Mi1,5857.7
90419,T4b,5857.7
38721,Mi1,5857.8
53156,TmY3,5857.8
67308,Mi1,5857.8
95921,T4c,5857.8
105412,T4a,5857.8
81211,Tm3,5857.9
109142,T4b,5857.9
89142,T4b,5857.9
87289,T4a,5857.9
83067,T4b,5857.9
122233,Tm3,5857.9
74725,T2a,5857.9
40219,Mi1,5857.9
10012,VS,5857.9
33942,Mi1,5857.9
49441,TmY3,5857.9
40171,Mi1,5857.9
35001,Mi1,5857.9
10015,HSN,5858.0
10016,HSE,5858.0
35045,Mi1,5858.0
40256,Mi1,5858.0
90423,T4b,5858.0
22108,TmY3,5858.1
97193,T4a,5858.1
10023,HSS,5858.299999999999
41709,Mi1,5858.299999999999
116633,T4c,5858.400000000001
65307,T2,5858.400000000001
41545,Mi1,5858.400000000001
34296,Mi1,5858.400000000001
10037,VS,5858.5
10204,OA-AL2i2,5858.5
34479,Mi1,5858.5
67113,Mi1,5858.5
85924,T4a,5858.5
97853,T4c,5858.5
100946,T4c,5858.5
34356,Mi1,5858.599999999999
41296,Mi1,5858.599999999999
89784,T4b,5858.599999999999
117627,Tm3,5858.599999999999
97480,T4c,5858.700000000001
542412,Mi1,5858.700000000001
93985,T4c,5858.700000000001
64540,T2,5858.700000000001
51963,TmY3,5858.700000000001
66325,Tm3,5858.700000000001
41804,Mi1,5858.8
44449,TmY3,5858.8
44564,TmY3,5858.900000000001
64633,T2a,5858.900000000001
77480,Tm3,5858.900000000001
100033,T4c,5858.900000000001
103657,T4b,5858.900000000001
102741,T4c,5859.0
93957,T4b,5859.0
83677,T4c,5859.0
105403,T4c,5859.0
77307,Tm3,5859.0
76788,T4b,5859.0
34079,Mi1,5859.0
77982,T2a,5859.0
36346,Mi1,5859.1
74937,T2a,5859.1
101302,T4d,5859.200000000001
100190,T4c,5859.200000000001
104027,T4d,5859.200000000001
47211,Mi1,5859.200000000001
55976,Mi1,5859.200000000001
35100,Mi1,5859.3
42872,Mi1,5859.3
57239,Mi1,5859.3
90465,T4a,5859.3
97231,T4a,5859.3
120312,Tm3,5859.3
52350,Mi1,5859.4
99131,T4c,5859.4
68522,T2a,5859.4
48531,Mi1,5859.4
107105,T4d,5859.4
38529,Mi1,5859.4
31492,Mi1,5859.4
40426,Mi1,5859.4
35512,Mi1,5859.4
37371,Mi1,5859.500000000001
42675,Mi1,5859.500000000001
77383,T2a,5859.500000000001
91674,T4a,5859.500000000001
102703,T4a,5859.500000000001
107567,T4c,5859.500000000001
47240,TmY3,5859.6
57398,Mi1,5859.6
90394,T4a,5859.6
99292,T4a,5859.6
526158,Mi1,5859.6
112088,T4d,5859.7
105276,T4d,5859.7
101732,T4c,5859.7
74023,T2a,5859.7
34404,Mi1,5859.7
98175,T4c,5859.7
101620,T4b,5859.8
33216,Mi1,5859.8
35890,Mi1,5859.8
38241,Mi1,5859.8
97161,T4a,5859.8
98788,T4d,5859.8
104336,T4b,5859.8
111980,T4d,5859.8
63468,Mi1,5859.900000000001
39651,Mi1,5859.900000000001
96657,T4c,5859.900000000001
35498,Mi1,5859.900000000001
37113,Mi1,5859.900000000001
102799,T4c,5860.0
72148,Tm3,5860.0
12688,OA-ASM1,5860.0
34045,Mi1,5860.1
38514,Mi1,5860.1
43978,Mi1,5860.1
87896,T4a,5860.1
90206,T4b,5860.1
94743,T4d,5860.1
94948,T4c,5860.1
95629,T4c,5860.1
102564,T4a,5860.2
98890,T4c,5860.2
72955,T2a,5860.2
102801,T4b,5860.2
46993,T2a,5860.2
38893,Mi1,5860.2
48607,TmY3,5860.2
10025,H2,5860.3
38987,Mi1,5860.3
48060,Mi1,5860.3
78597,T2a,5860.3
94755,T4a,5860.3
110988,T4a,5860.3
97256,T4c,5860.400000000001
92706,T4a,5860.400000000001
91057,T4c,5860.400000000001
36994,Mi1,5860.400000000001
74375,Tm3,5860.400000000001
68840,TmY3,5860.400000000001
83465,T4a,5860.400000000001
10112,VS,5860.5
10011,OA-AL2i1,5860.5
100787,T4b,5860.5
537004,VSm,5860.6
100018,T4a,5860.6
79646,Tm3,5860.6
10755,H1,5860.6
10658,OA-AL2i3,5860.700000000001
24338,LC4,5860.700000000001
43334,TmY3,5860.700000000001
67152,Tm3,5860.700000000001
72938,T2a,5860.700000000001
104703,T4d,5860.700000000001
118924,Tm3,5860.700000000001
97878,T4b,5860.8
97288,T4c,5860.8
97105,T4d,5860.8
91313,T4a,5860.8
22194,LC4,5860.8
36410,Mi1,5860.8
17548,LC4,5860.8
37000,Mi1,5860.8
99628,T4b,5860.9
104256,T4a,5860.9
88152,T4c,5860.9
81836,T2a,5860.9
11602,OA-ASM1,5860.9
84063,T4b,5860.9
10284,VS,5861.000000000001
12109,OA-VUMa2,5861.000000000001
37138,Mi1,5861.000000000001
62856,T2,5861.000000000001
75381,Tm3,5861.000000000001
92046,T4d,5861.000000000001
97866,T4d,5861.000000000001
100924,T4b,5861.000000000001
103440,T4d,5861.000000000001
117221,T4c,5861.000000000001
118385,T4b,5861.000000000001
110910,Tm3,5861.1
68212,T2a,5861.1
59397,Mi1,5861.1
62089,Tm3,5861.1
10168,OA-VUMa6,5861.1
61659,Tm3,5861.2
69736,Tm3,5861.2
92254,T4b,5861.2
110076,T4c,5861.2
104450,T4a,5861.3
112179,T4b,5861.3
42895,Mi1,5861.3
36275,Mi1,5861.400000000001
37019,Mi1,5861.400000000001
93313,T4a,5861.400000000001
98194,T4d,5861.400000000001
106745,T4b,5861.400000000001
287884,OA-VPM3,5861.400000000001
46324,TmY3,5861.5
116610,T4d,5861.5
35770,Mi1,5861.5
22328,LC4,5861.5
36446,Mi1,5861.5
103867,T4a,5861.6
10001,DNp01,5861.6
35806,Mi1,5861.6
44746,TmY3,5861.6
49322,TmY3,5861.6
67719,T2a,5861.6
70800,Tm3,5861.6
100867,T4b,5861.6
67072,T2a,5861.7
101480,T4c,5861.7
34300,Mi1,5861.7
41659,Mi1,5861.7
92842,T4a,5861.8
10016,HSE,5861.8
39692,TmY3,5861.8
40085,Mi1,5861.900000000001
103497,Tm3,5861.900000000001
286259,OA-ASM1,5861.900000000001
42691,Mi1,5862.0
70289,Mi1,5862.0
85378,T4a,5862.0
97306,T4a,5862.0
112633,T4b,5862.0
119245,T4d,5862.0
98504,T4c,5862.099999999999
107640,T4c,5862.099999999999
103827,T4c,5862.099999999999
97184,T4d,5862.099999999999
92939,T4b,5862.099999999999
86416,T4a,5862.099999999999
39727,Mi1,5862.099999999999
34057,Mi1,5862.200000000001
69063,Mi1,5862.200000000001
81015,T4a,5862.200000000001
84267,T4c,5862.200000000001
106912,Tm3,5862.200000000001
19543,LC4,5862.3
100206,T4c,5862.3
102147,T4c,5862.3
106200,T4c,5862.3
10037,VS,5862.4
547091,T2,5862.500000000001
103677,T4b,5862.500000000001
94081,T4c,5862.500000000001
109598,T4b,5862.500000000001
75966,T2a,5862.500000000001
10652,OA-AL2i4,5862.500000000001
77395,T4b,5862.500000000001
39629,Mi1,5862.500000000001
10015,HSN,5862.6
11264,OA-ASM1,5862.6
33091,Mi1,5862.6
89099,T4a,5862.6
93509,T4b,5862.6
101770,T4b,5862.6
89139,T4c,5862.6
35712,Mi1,5862.7
36881,Mi1,5862.7
83689,T4a,5862.7
101589,T4a,5862.7
101772,Tm3,5862.7
95458,T4d,5862.8
98300,T4a,5862.8
95007,T4a,5862.8
59008,Mi1,5862.8
10023,HSS,5862.900000000001
34189,Mi1,5862.900000000001
39067,Mi1,5862.900000000001
525839,Mi1,5862.900000000001
97145,T4c,5863.0
10825,OA-AL2i3,5863.0
20634,VST1,5863.0
90520,T4a,5863.0
95454,T4a,5863.1
95335,T4a,5863.1
92668,T2a,5863.1
96424,T4b,5863.1
41654,Mi1,5863.1
40854,Mi1,5863.1
60857,Mi1,5863.1
100501,T4b,5863.1
85730,Tm3,5863.2
122273,Tm3,5863.2
106587,T4d,5863.2
10226,OA-AL2i3,5863.2
92114,T4c,5863.2
36158,Mi1,5863.3
38208,Mi1,5863.3
96219,T4b,5863.3
110403,T4b,5863.3
10187,OA-VPM3,5863.400000000001
10799,OA-VUMa4,5863.400000000001
12896,OA-VUMa5,5863.400000000001
34171,Mi1,5863.400000000001
81401,T4b,5863.400000000001
86141,T4b,5863.400000000001
86686,T4c,5863.400000000001
87412,T4c,5863.400000000001
96090,T4c,5863.400000000001
104130,T4a,5863.5
36217,Mi1,5863.5
10025,H2,5863.599999999999
61768,T2,5863.599999999999
85856,TmY3,5863.599999999999
94179,T4a,5863.599999999999
99609,T4a,5863.599999999999
133349,Tm3,5863.599999999999
36139,Mi1,5863.700000000001
88726,T4b,5863.700000000001
95528,T4d,5863.700000000001
98039,T4d,5863.700000000001
109326,T4c,5863.700000000001
62078,Mi1,5863.8
93360,T4b,5863.8
89825,T4a,5863.8
37839,Mi1,5863.8
19954,LC4,5863.8
16606,VST2,5863.8
10206,VS,5863.8
10185,OA-VUMa8,5863.8
33655,Mi1,5863.8
41809,Mi1,5863.9
69164,Mi1,5863.9
99670,T4c,5864.0
70812,TmY3,5864.0
60979,TmY3,5864.0
41950,Mi1,5864.0
73284,T2a,5864.0
36540,Mi1,5864.0
35845,Mi1,5864.0
34899,Mi1,5864.0
39505,Mi1,5864.0
37294,Mi1,5864.1
91741,T4d,5864.1
93984,T4b,5864.1
111184,T4a,5864.1
10072,OA-AL2i1,5864.2
37568,Mi1,5864.2
48986,TmY3,5864.2
114088,T4d,5864.2
39405,Mi1,5864.3
18127,LC4,5864.3
33110,Mi1,5864.3
91469,T4c,5864.3
79483,Tm3,5864.400000000001
36177,Mi1,5864.400000000001
88815,T4d,5864.400000000001
10687,OA-AL2i3,5864.400000000001
35218,Mi1,5864.400000000001
100956,T4d,5864.400000000001
74159,Tm3,5864.5
38857,Mi1,5864.5
96163,T4b,5864.5
10120,OA-VPM4,5864.5
37853,Mi1,5864.5
10269,OA-AL2i2,5864.6
51231,TmY3,5864.6
90259,T4d,5864.6
94624,T4a,5864.6
96211,T4d,5864.6
149504,T4d,5864.6
31848,Mi1,5864.7
80911,Tm3,5864.7
94089,T4d,5864.7
96295,T4b,5864.8
89368,T4c,5864.8
96931,T4b,5864.8
20808,LC4,5864.8
10110,OA-VUMa1,5864.8
66980,T2a,5864.8
33326,Mi1,5864.900000000001
77226,T2a,5864.900000000001
107442,T4d,5865.0
102113,T4b,5865.0
99950,T4c,5865.0
98226,T4b,5865.0
38648,Mi1,5865.0
37353,Mi1,5865.0
38791,Mi1,5865.0
23392,LC4,5865.099999999999
35405,Mi1,5865.099999999999
42533,TmY3,5865.099999999999
83583,T4d,5865.099999999999
99163,T4a,5865.200000000001
43323,Mi1,5865.200000000001
36533,Mi1,5865.200000000001
30997,Mi1,5865.200000000001
11005,OA-VUMa4,5865.200000000001
10016,HSE,5865.3
69540,TmY3,5865.3
70281,T2a,5865.3
98887,T4b,5865.3
104191,T4a,5865.4
100996,T4b,5865.4
99310,T4a,5865.4
91682,T4b,5865.4
108974,T4c,5865.4
78911,Tm3,5865.4
40944,Mi1,5865.4
35152,Mi1,5865.4
33017,Mi1,5865.4
85737,T2a,5865.4
92082,T4b,5865.5
75521,T2a,5865.5
102991,T4c,5865.5
20542,LC4,5865.5
21313,LC4,5865.5
10112,VS,5865.6
10677,OA-AL2i4,5865.6
10755,H1,5865.6
56564,Mi1,5865.6
87845,T4a,5865.6
105332,T4b,5865.6
107420,T4b,5865.6
99671,T4c,5865.7
109276,T4d,5865.7
93972,T4a,5865.7
114391,T4d,5865.7
40936,Mi1,5865.7
32893,Mi1,5865.7
30923,TmY3,5865.7
42594,Mi1,5865.7
102910,T4b,5865.8
93527,T4a,5865.8
70158,T2a,5865.8
67408,Mi1,5865.8
34369,Mi1,5865.8
37555,Mi1,5865.8
35416,Mi1,5865.8
35017,Mi1,5865.8
45322,Mi1,5865.8
34849,Mi1,5865.9
38178,Mi1,5865.9
64058,T2,5865.9
74228,Tm3,5865.9
87873,T4b,5865.9
111380,Tm3,5865.9
118502,T4b,5866.0
104297,T4a,5866.0
101245,T4a,5866.0
101228,T4a,5866.0
47967,Mi1,5866.0
32535,Mi1,5866.0
10555,OA-VUMa3,5866.0
91510,T4c,5866.0
10037,VS,5866.1
10322,OA-AL2i2,5866.1
11134,VSm,5866.1
43689,Mi1,5866.1
102112,T4c,5866.1
105521,T4c,5866.2
41668,Mi1,5866.2
68982,Tm3,5866.2
38238,Mi1,5866.2
35734,Mi1,5866.2
98751,T4a,5866.299999999999
101230,T4a,5866.299999999999
32962,TmY3,5866.299999999999
40596,Mi1,5866.299999999999
35888,Mi1,5866.400000000001
104257,T4b,5866.400000000001
34867,Mi1,5866.5
66808,Tm3,5866.5
87358,T4a,5866.5
101994,T4a,5866.5
111416,Tm3,5866.5
10015,HSN,5866.5
107211,T4d,5866.6
91325,T4a,5866.6
102153,T4c,5866.6
89409,T4a,5866.6
41626,Mi1,5866.6
40832,Mi1,5866.6
34463,Mi1,5866.6
79449,T4b,5866.6
115686,T4b,5866.700000000001
90121,T4b,5866.700000000001
71938,T2a,5866.700000000001
109593,Tm3,5866.700000000001
33446,Mi1,5866.700000000001
10265,OA-AL2i2,5866.700000000001
45319,Mi1,5866.700000000001
21336,LC4,5866.8
35934,Mi1,5866.8
41120,Mi1,5866.8
47686,TmY3,5866.8
84631,T4c,5866.8
87722,T2a,5866.8
107445,T4a,5866.8
72279,Mi1,5866.900000000001
21225,LC4,5866.900000000001
10025,H2,5866.900000000001
88398,T4a,5867.0
120231,Tm3,5867.0
16138,LC4,5867.1
40703,Mi1,5867.1
98467,T4d,5867.1
112048,T4c,5867.1
10001,DNp01,5867.200000000001
10012,VS,5867.200000000001
10023,HSS,5867.200000000001
10041,OA-VUMa1,5867.200000000001
35234,Mi1,5867.200000000001
64149,Mi1,5867.200000000001
97675,T4c,5867.200000000001
101685,T4b,5867.200000000001
101878,T4a,5867.3
106886,T4c,5867.3
36452,Mi1,5867.3
24867,VST1,5867.4
37699,Mi1,5867.4
38993,Mi1,5867.4
98448,T4b,5867.4
109868,Tm3,5867.4
39718,Mi1,5867.500000000001
10175,OA-VUMa6,5867.500000000001
25584,LC4,5867.500000000001
44119,Mi1,5867.500000000001
91345,T4c,5867.500000000001
103344,T4b,5867.500000000001
70490,Mi1,5867.6
103780,T4c,5867.6
110646,T4b,5867.6
97677,T4c,5867.7
101244,T4b,5867.7
41522,Mi1,5867.7
37037,Mi1,5867.7
20399,LC4,5867.7
38768,Mi1,5867.7
69570,Tm3,5867.8
100838,T4c,5867.8
50345,TmY3,5867.900000000001
78968,Tm3,5867.900000000001
94153,T4d,5867.900000000001
10080,OA-VUMa3,5868.0
11921,OA-VPM4,5868.0
33907,Mi1,5868.0
37243,Mi1,5868.0
44592,TmY3,5868.0
90371,T4d,5868.0
90219,T4a,5868.1
99519,T4a,5868.1
33462,Mi1,5868.1
40635,Mi1,5868.1
79138,T2a,5868.2
112453,T4c,5868.2
91366,T4b,5868.3
11608,OA-VUMa2,5868.3
35897,Mi1,5868.3
47368,TmY3,5868.3
71036,T2a,5868.3
83204,T4d,5868.3
86175,T4a,5868.3
88353,T4b,5868.3
110693,Tm3,5868.3
98139,T4d,5868.400000000001
99922,T4c,5868.400000000001
94468,T4c,5868.400000000001
35724,Mi1,5868.400000000001
39743,Mi1,5868.400000000001
34862,Mi1,5868.400000000001
23098,LC4,5868.400000000001
59959,Mi1,5868.5
82425,T4b,5868.5
93604,T4a,5868.5
100105,T4a,5868.5
107075,T4d,5868.5
537004,VSm,5868.5
97899,T4a,5868.6
96774,T4c,5868.6
93865,T4c,5868.6
83438,T4a,5868.6
86778,T4a,5868.6
38230,Mi1,5868.6
37391,Mi1,5868.6
34938,Mi1,5868.6
19260,LC4,5868.6
74997,Tm3,5868.6
10016,HSE,5868.700000000001
41671,TmY3,5868.700000000001
83125,T4b,5868.700000000001
108325,T4c,5868.8
106922,T4c,5868.8
85536,T4a,5868.8
85152,T4c,5868.8
36911,Mi1,5868.8
63175,Mi1,5868.8
53065,Mi1,5868.8
71228,T2a,5868.8
116114,T4d,5868.9
91629,T4a,5868.9
34142,Mi1,5868.9
77991,Tm3,5868.9
35235,Mi1,5869.000000000001
37948,Mi1,5869.000000000001
48894,TmY3,5869.000000000001
55101,Mi1,5869.000000000001
85598,T4b,5869.000000000001
90888,T4b,5869.000000000001
84328,T4a,5869.1
92047,T4c,5869.1
94058,T4b,5869.1
99850,T4a,5869.1
108199,T4c,5869.1
94305,T4a,5869.2
109649,T4c,5869.2
41435,Mi1,5869.2
35447,Mi1,5869.2
35580,Mi1,5869.3
82038,Tm3,5869.3
93750,T4c,5869.3
35836,Mi1,5869.400000000001
38479,Mi1,5869.400000000001
49372,TmY3,5869.400000000001
58862,Mi1,5869.400000000001
79271,T4a,5869.400000000001
93419,T4b,5869.400000000001
95822,T4b,5869.400000000001
98118,T4c,5869.400000000001
72896,Tm3,5869.5
51122,Mi1,5869.5
101463,T4d,5869.5
35602,Mi1,5869.5
37270,Mi1,5869.5
110742,T4c,5869.5
96015,T4c,5869.6
93166,T4c,5869.6
89934,T4d,5869.6
92957,T4d,5869.6
71475,Tm3,5869.6
71089,Mi1,5869.6
63420,Mi1,5869.6
76061,T2a,5869.6
104996,T4a,5869.7
92684,T4c,5869.7
68475,T2a,5869.7
94953,T4d,5869.7
35774,Mi1,5869.7
16628,LC4,5869.7
67971,Tm3,5869.7
10206,VS,5869.8
24338,LC4,5869.8
56291,TmY3,5869.8
64849,Tm3,5869.8
94471,T4a,5869.8
108675,T4b,5869.8
111928,T4b,5869.900000000001
122308,Tm3,5869.900000000001
94983,T4c,5869.900000000001
37529,Mi1,5869.900000000001
66227,Tm3,5869.900000000001
37123,Mi1,5869.900000000001
90796,T4d,5869.900000000001
35428,Mi1,5870.0
40256,Mi1,5870.0
88625,T4c,5870.0
10037,VS,5870.099999999999
54087,Mi1,5870.099999999999
68933,Tm3,5870.099999999999
88698,T4a,5870.099999999999
92281,T4c,5870.099999999999
97249,T4d,5870.099999999999
101873,T4b,5870.099999999999
104144,T2,5870.200000000001
800146,TTMn,5870.200000000001
98381,T4d,5870.200000000001
10025,H2,5870.200000000001
12521,HST,5870.200000000001
39438,Mi1,5870.200000000001
39275,Mi1,5870.3
73320,T2,5870.3
89282,T4a,5870.3
37599,Mi1,5870.4
38133,Mi1,5870.4
65671,Mi1,5870.4
95985,T4c,5870.4
96199,T4a,5870.4
46827,Mi1,5870.500000000001
75848,T2a,5870.500000000001
105214,T4c,5870.6
102975,T4b,5870.6
98846,T4c,5870.6
95287,T4a,5870.6
90049,T4c,5870.6
36954,Mi1,5870.6
10015,HSN,5870.6
52485,TmY3,5870.6
10112,VS,5870.7
36252,Mi1,5870.7
37631,Mi1,5870.7
81883,T2a,5870.7
10204,OA-AL2i2,5870.8
16128,LC4,5870.8
22194,LC4,5870.8
42758,Mi1,5870.8
49324,Mi1,5870.8
107031,T4b,5870.8
85429,T4d,5870.900000000001
63994,Mi1,5870.900000000001
10755,H1,5870.900000000001
63868,T2a,5870.900000000001
34626,Mi1,5871.0
86419,Tm3,5871.0
94567,T4c,5871.0
96576,T4c,5871.0
105565,Tm3,5871.0
111857,T4d,5871.0
10284,VS,5871.1
42006,TmY3,5871.1
93224,T4a,5871.1
102791,T4c,5871.1
108276,T4a,5871.2
105126,T4c,5871.2
102388,T4d,5871.2
100488,T4c,5871.2
83639,T2a,5871.2
10001,DNp01,5871.2
88922,T4c,5871.2
62562,T2,5871.2
40171,Mi1,5871.3
48286,Mi1,5871.3
102519,T4a,5871.3
90278,T4a,5871.400000000001
41296,Mi1,5871.400000000001
90533,T4c,5871.5
104858,T4b,5871.5
85778,T4b,5871.5
76074,Tm3,5871.5
100785,T4b,5871.5
34479,Mi1,5871.5
34356,Mi1,5871.5
38227,Mi1,5871.5
10023,HSS,5871.5
17926,LC4,5871.599999999999
34933,Mi1,5871.599999999999
40411,Mi1,5871.599999999999
42119,Mi1,5871.599999999999
65850,T2a,5871.599999999999
74927,Tm3,5871.599999999999
100165,T4b,5871.599999999999
104853,T4c,5871.599999999999
71583,Tm3,5871.700000000001
69228,T2a,5871.700000000001
85126,T4a,5871.700000000001
10072,OA-AL2i1,5871.700000000001
38721,Mi1,5871.700000000001
121170,Tm3,5871.8
95005,T4a,5871.8
86696,T4d,5871.8
39158,Mi1,5871.8
96852,T4a,5871.8
36646,Mi1,5871.8
35001,Mi1,5871.8
33942,Mi1,5871.8
36660,Mi1,5871.8
40219,Mi1,5871.9
81996,T2a,5871.9
90474,T4b,5871.9
102845,T4b,5872.0
10016,HSE,5872.0
35045,Mi1,5872.0
35840,Mi1,5872.0
106801,T4c,5872.0
126163,Tm3,5872.1
105122,T4b,5872.1
93688,T4a,5872.1
100633,T4a,5872.1
72426,Tm3,5872.1
36305,Mi1,5872.1
91806,T4a,5872.1
43414,Mi1,5872.1
12688,OA-ASM1,5872.2
20673,LC4,5872.2
67113,Mi1,5872.2
71765,T2a,5872.2
91987,T4c,5872.2
93877,T4c,5872.2
98439,T4a,5872.2
526158,Mi1,5872.2
12109,OA-VUMa2,5872.3
20808,LC4,5872.3
101081,T4c,5872.3
103557,T4a,5872.4
41709,Mi1,5872.4
40026,TmY3,5872.4
34296,Mi1,5872.4
19954,LC4,5872.5
22328,LC4,5872.5
38421,Mi1,5872.5
47696,TmY3,5872.5
80670,T4a,5872.5
107010,T4d,5872.5
108438,T4d,5872.5
10269,OA-AL2i2,5872.6
40426,Mi1,5872.6
46248,Mi1,5872.6
38767,Mi1,5872.7
93021,T4a,5872.7
94356,T4c,5872.7
91934,T4a,5872.8
98099,T4b,5872.8
85741,T4a,5872.8
37371,Mi1,5872.8
10825,OA-AL2i3,5872.8
82576,T4b,5872.8
38529,Mi1,5872.900000000001
98668,T4a,5872.900000000001
107609,T4d,5872.900000000001
95972,T4d,5873.0
10658,OA-AL2i3,5873.099999999999
35173,Mi1,5873.099999999999
48547,TmY3,5873.099999999999
100032,T4c,5873.099999999999
100261,T4c,5873.099999999999
106295,T4b,5873.099999999999
542412,Mi1,5873.200000000001
41536,Mi1,5873.200000000001
37509,Mi1,5873.200000000001
52350,Mi1,5873.200000000001
31492,Mi1,5873.200000000001
10168,OA-VUMa6,5873.200000000001
34079,Mi1,5873.200000000001
104412,T4a,5873.3
78561,Tm3,5873.3
77891,Tm3,5873.3
97028,T4c,5873.3
42048,Mi1,5873.3
37113,Mi1,5873.3
37088,Mi1,5873.3
46662,TmY3,5873.3
36346,Mi1,5873.4
38514,Mi1,5873.4
78856,Tm3,5873.4
95453,T4a,5873.4
95554,T4b,5873.4
102031,T4c,5873.4
104354,T4b,5873.4
103025,T4a,5873.5
84010,Tm3,5873.5
10025,H2,5873.5
33216,Mi1,5873.5
77779,T2a,5873.5
10799,OA-VUMa4,5873.6
17364,LC4,5873.6
18127,LC4,5873.6
36684,Mi1,5873.6
41545,Mi1,5873.6
50333,TmY3,5873.6
55976,Mi1,5873.6
65833,Mi1,5873.6
92552,T4a,5873.6
96126,T4b,5873.6
98837,T4c,5873.6
111852,T4a,5873.6
104674,T4a,5873.7
52328,TmY3,5873.7
47962,TmY3,5873.7
37680,Mi1,5873.7
11602,OA-ASM1,5873.8
38893,Mi1,5873.8
75484,Tm3,5873.8
98349,T4a,5873.8
104478,T4d,5873.8
10037,VS,5873.9
43978,Mi1,5873.9
57398,Mi1,5873.9
81064,Tm3,5873.9
88491,T4a,5873.9
90419,T4b,5873.9
100046,T4b,5873.9
100729,T4b,5873.9
107529,T4d,5873.9
89434,T4c,5874.0
36994,Mi1,5874.0
35100,Mi1,5874.1
71052,T2a,5874.1
83191,T4a,5874.1
98398,T4c,5874.1
103022,T4a,5874.1
41613,Mi1,5874.2
10015,HSN,5874.2
10687,OA-AL2i3,5874.2
35498,Mi1,5874.2
47465,TmY3,5874.2
72558,T2a,5874.2
107297,T4c,5874.2
97186,T4a,5874.3
96307,T4a,5874.3
33614,Mi1,5874.3
70524,T2a,5874.3
100282,T4a,5874.400000000001
96812,T4a,5874.400000000001
83979,T4a,5874.400000000001
35890,Mi1,5874.400000000001
67308,Mi1,5874.400000000001
74231,Tm3,5874.400000000001
109652,T4d,5874.5
11134,VSm,5874.5
21313,LC4,5874.5
23392,LC4,5874.5
34045,Mi1,5874.5
35806,Mi1,5874.5
41804,Mi1,5874.5
91913,T4b,5874.5
123490,Tm3,5874.5
56762,TmY3,5874.6
98625,T4a,5874.6
42895,Mi1,5874.6
34300,Mi1,5874.6
37000,Mi1,5874.6
18189,LC4,5874.6
104884,T4b,5874.700000000001
57239,Mi1,5874.700000000001
44449,TmY3,5874.700000000001
97784,T4c,5874.700000000001
39500,Mi1,5874.700000000001
37044,Mi1,5874.700000000001
20588,LC4,5874.700000000001
42872,Mi1,5874.700000000001
38987,Mi1,5874.8
63468,Mi1,5874.8
64341,TmY3,5874.8
116716,T4b,5874.8
60856,T2a,5874.900000000001
112393,T4a,5874.900000000001
72194,Tm3,5874.900000000001
39651,Mi1,5874.900000000001
10322,OA-AL2i2,5874.900000000001
12896,OA-VUMa5,5874.900000000001
10001,DNp01,5874.900000000001
36410,Mi1,5874.900000000001
43783,Mi1,5875.0
80855,Tm3,5875.0
115636,T4d,5875.0
83227,Tm3,5875.1
109996,T4c,5875.1
103160,T4a,5875.1
102479,T4c,5875.1
92996,T4a,5875.1
71188,T2a,5875.1
69723,Tm3,5875.1
60886,T2a,5875.1
48514,TmY3,5875.1
47211,Mi1,5875.1
35770,Mi1,5875.1
10652,OA-AL2i4,5875.1
38241,Mi1,5875.200000000001
40085,Mi1,5875.200000000001
40400,Mi1,5875.200000000001
42675,Mi1,5875.200000000001
106401,T4d,5875.200000000001
10012,VS,5875.3
10016,HSE,5875.3
16138,LC4,5875.3
37224,Mi1,5875.3
104301,T4b,5875.4
101043,T4c,5875.4
36275,Mi1,5875.4
85007,T4c,5875.4
100310,T4d,5875.4
10185,OA-VUMa8,5875.500000000001
34404,Mi1,5875.500000000001
78731,Tm3,5875.500000000001
90112,T4c,5875.500000000001
97835,T4a,5875.500000000001
104008,T4b,5875.500000000001
98985,T4c,5875.6
287884,OA-VPM3,5875.6
104390,T4a,5875.6
103425,T4a,5875.6
80302,T2a,5875.6
89784,T4b,5875.6
65803,T2,5875.6
39067,Mi1,5875.6
21336,LC4,5875.6
11005,OA-VUMa4,5875.6
10677,OA-AL2i4,5875.6
69980,Tm3,5875.6
10023,HSS,5875.7
10226,OA-AL2i3,5875.7
36446,Mi1,5875.7
39629,Mi1,5875.7
90900,T4a,5875.7
56007,TmY3,5875.8
90145,T4a,5875.8
112458,T4b,5875.900000000001
112321,T4d,5875.900000000001
59397,Mi1,5875.900000000001
95364,T4d,5875.900000000001
35512,Mi1,5875.900000000001
33655,Mi1,5875.900000000001
44244,TmY3,5875.900000000001
537004,VSm,5876.0
125171,Tm3,5876.0
80197,T4a,5876.0
100319,T4b,5876.0
37019,Mi1,5876.0
10755,H1,5876.0
10110,OA-VUMa1,5876.0
65531,T2a,5876.0
48060,Mi1,5876.1
48531,Mi1,5876.1
61292,T2,5876.1
71131,Tm3,5876.1
96394,T4b,5876.1
101215,T4c,5876.2
94549,T4b,5876.2
10112,VS,5876.2
35712,Mi1,5876.2
64712,T2a,5876.3
90097,T4c,5876.3
106166,T4b,5876.3
286259,OA-ASM1,5876.3
36139,Mi1,5876.400000000001
85664,TmY3,5876.400000000001
101005,T4d,5876.5
109384,T4d,5876.5
95810,T2a,5876.5
41654,Mi1,5876.5
44222,Mi1,5876.5
39525,Mi1,5876.5
37138,Mi1,5876.5
34189,Mi1,5876.5
11264,OA-ASM1,5876.5
39692,TmY3,5876.5
68485,T2a,5876.6
97885,T4a,5876.6
98654,T4d,5876.6
109631,T4b,5876.6
90423,T4b,5876.700000000001
10025,H2,5876.700000000001
10187,OA-VPM3,5876.700000000001
23098,LC4,5876.700000000001
39894,T4b,5876.700000000001
42691,Mi1,5876.700000000001
92431,T4a,5876.8
77527,T4a,5876.8
94668,T4d,5876.8
71773,T2a,5876.8
100033,T4c,5876.8
39727,Mi1,5876.8
41659,Mi1,5876.8
99980,T4c,5876.8
10120,OA-VPM4,5876.8
34057,Mi1,5876.8
44282,Mi1,5876.9
88575,T4b,5876.9
96365,T4a,5876.9
33017,Mi1,5877.000000000001
33091,Mi1,5877.000000000001
54885,TmY3,5877.000000000001
69793,T2a,5877.000000000001
525839,Mi1,5877.1
121816,T4a,5877.1
103527,T4c,5877.1
102045,T4a,5877.1
36540,Mi1,5877.1
85837,Tm3,5877.1
85074,T4a,5877.1
96003,T4d,5877.1
92706,T4a,5877.2
70289,Mi1,5877.2
10041,OA-VUMa1,5877.2
40854,Mi1,5877.2
36217,Mi1,5877.3
44564,TmY3,5877.3
59008,Mi1,5877.3
60857,Mi1,5877.3
62078,Mi1,5877.3
74287,Tm3,5877.3
78820,T2a,5877.3
83677,T4c,5877.3
98312,T4a,5877.3
104683,T4b,5877.3
106793,T4d,5877.3
117662,T4d,5877.3
103302,T4c,5877.400000000001
113107,T4a,5877.400000000001
94071,T4a,5877.400000000001
20542,LC4,5877.400000000001
37853,Mi1,5877.400000000001
36177,Mi1,5877.400000000001
93407,T4d,5877.400000000001
42856,Mi1,5877.5
93509,T4b,5877.5
10206,VS,5877.6
35845,Mi1,5877.6
40235,Mi1,5877.6
69063,Mi1,5877.6
84063,T4b,5877.6
87106,T4a,5877.6
118260,T4d,5877.6
106522,T4d,5877.7
37927,Mi1,5877.7
93360,T4b,5877.7
10015,HSN,5877.7
35218,Mi1,5877.7
10037,VS,5877.8
38208,Mi1,5877.8
38857,Mi1,5877.8
58703,T2,5877.8
75557,Tm3,5877.8
89728,Tm3,5877.8
99316,T4b,5877.8
100946,T4c,5877.8
101383,T4b,5877.900000000001
112619,T4d,5877.900000000001
106664,T4c,5877.900000000001
105412,T4a,5877.900000000001
800146,TTMn,5877.900000000001
97769,T4a,5877.900000000001
93025,T4b,5877.900000000001
86536,Tm3,5877.900000000001
66345,T2a,5877.900000000001
41950,Mi1,5877.900000000001
95239,T4a,5877.900000000001
530434,Tm3,5878.0
151155,T4b,5878.0
99131,T4c,5878.0
108757,T4c,5878.0
86992,T4b,5878.0
74373,Tm3,5878.0
34899,Mi1,5878.0
95356,T4a,5878.0
20634,VST1,5878.099999999999
25584,LC4,5878.099999999999
34171,Mi1,5878.099999999999
102448,T4d,5878.099999999999
110855,T4a,5878.099999999999
112027,T4d,5878.200000000001
108824,T4d,5878.200000000001
38710,Mi1,5878.200000000001
92415,T4a,5878.200000000001
10001,DNp01,5878.3
19794,LC4,5878.3
21225,LC4,5878.3
56564,Mi1,5878.3
73447,Tm3,5878.3
92839,T4b,5878.3
94368,T4a,5878.3
102579,T4b,5878.3
102595,T4d,5878.3
103570,T4d,5878.3
107812,T4a,5878.3
79704,T4d,5878.4
97326,T4c,5878.4
69164,Mi1,5878.4
20808,LC4,5878.4
37568,Mi1,5878.4
36158,Mi1,5878.4
38791,Mi1,5878.4
24338,LC4,5878.500000000001
36533,Mi1,5878.500000000001
37294,Mi1,5878.500000000001
37839,Mi1,5878.500000000001
92644,T4d,5878.500000000001
96081,T4a,5878.500000000001
97878,T4b,5878.500000000001
111134,T4d,5878.500000000001
122233,Tm3,5878.500000000001
102462,T4c,5878.6
79259,T4b,5878.6
71402,Tm3,5878.6
31848,Mi1,5878.6
10016,HSE,5878.6
17266,LC4,5878.6
37353,Mi1,5878.7
83682,Tm3,5878.7
95883,T4a,5878.7
105292,T4b,5878.7
108349,T4d,5878.7
127153,Tm3,5878.7
38238,Mi1,5878.8
38648,Mi1,5878.8
59864,Tm3,5878.8
91444,T4c,5878.8
94574,T4c,5878.8
108847,T4d,5878.900000000001
109142,T4b,5878.900000000001
95681,T4a,5878.900000000001
69915,TmY3,5878.900000000001
77138,Tm3,5878.900000000001
41809,Mi1,5878.900000000001
38455,Mi1,5878.900000000001
38178,Mi1,5878.900000000001
10284,VS,5878.900000000001
35017,Mi1,5879.0
68264,Tm3,5879.0
102229,T4d,5879.0
110555,T4b,5879.0
95017,T4c,5879.1
71944,T2a,5879.1
10072,OA-AL2i1,5879.1
36452,Mi1,5879.1
47967,Mi1,5879.1
78940,T4a,5879.2
113207,T4d,5879.2
101620,T4b,5879.2
42594,Mi1,5879.2
35416,Mi1,5879.2
35152,Mi1,5879.2
34369,Mi1,5879.2
10555,OA-VUMa3,5879.2
36990,Mi1,5879.2
11608,OA-VUMa2,5879.3
19543,LC4,5879.3
65298,T2a,5879.3
97866,T4d,5879.3
108344,T4d,5879.3
96134,T4b,5879.400000000001
22194,LC4,5879.400000000001
83067,T4b,5879.400000000001
85378,T4a,5879.400000000001
88992,T4c,5879.400000000001
69380,Tm3,5879.5
98175,T4c,5879.5
39505,Mi1,5879.5
10265,OA-AL2i2,5879.599999999999
12521,HST,5879.599999999999
35234,Mi1,5879.599999999999
119213,T4c,5879.599999999999
19260,LC4,5879.700000000001
37438,Mi1,5879.700000000001
32535,Mi1,5879.8
10023,HSS,5879.8
20917,LC4,5879.8
33446,Mi1,5879.8
34463,Mi1,5879.8
80812,T4a,5879.8
88152,T4c,5879.8
40944,Mi1,5879.9
33110,Mi1,5879.9
92939,T4b,5879.9
65468,T2,5879.9
39718,Mi1,5879.9
10080,OA-VUMa3,5879.9
36881,Mi1,5879.9
10175,OA-VUMa6,5879.9
10025,H2,5879.9
39405,Mi1,5879.9
30997,Mi1,5880.0
35405,Mi1,5880.0
40596,Mi1,5880.1
63190,T2,5880.2
91057,T4c,5880.3
97318,T4d,5880.3
67150,T2a,5880.3
46230,TmY3,5880.3
41120,Mi1,5880.3
38993,Mi1,5880.3
127970,Tm3,5880.4
111949,T4c,5880.4
105115,T4d,5880.4
100897,T4c,5880.4
22328,LC4,5880.5
40703,Mi1,5880.5
67408,Mi1,5880.5
103271,T4c,5880.5
43323,Mi1,5880.6
17054,LC4,5880.6
40936,Mi1,5880.6
41668,Mi1,5880.6
69961,Tm3,5880.6
108065,T4c,5880.6
41626,Mi1,5880.7
45322,Mi1,5880.8
10112,VS,5880.8
94283,T4d,5880.900000000001
37555,Mi1,5880.900000000001
118948,T4d,5880.900000000001
35934,Mi1,5880.900000000001
17548,LC4,5880.900000000001
34849,Mi1,5880.900000000001
10755,H1,5880.900000000001
34867,Mi1,5880.900000000001
64149,Mi1,5881.0
10269,OA-AL2i2,5881.0
35897,Mi1,5881.0
112806,T4c,5881.099999999999
66604,TmY3,5881.099999999999
11921,OA-VPM4,5881.099999999999
19954,LC4,5881.099999999999
109857,T4d,5881.200000000001
93947,T4a,5881.200000000001
10015,HSN,5881.200000000001
22034,LC4,5881.200000000001
32893,Mi1,5881.3
35734,Mi1,5881.3
41522,Mi1,5881.3
42533,TmY3,5881.3
111017,T4d,5881.4
103654,T4b,5881.4
81309,T2a,5881.4
107170,T4b,5881.4
65515,T2,5881.4
10037,VS,5881.4
67810,Tm3,5881.4
33326,Mi1,5881.5
37037,Mi1,5881.5
45319,Mi1,5881.5
71674,T2a,5881.5
99670,T4c,5881.5
92181,T4a,5881.6
16570,VST2,5881.6
72279,Mi1,5881.6
104017,T4b,5881.6
98360,T4c,5881.7
70490,Mi1,5881.7
86416,T4a,5881.8
74259,T2a,5881.8
96676,T4b,5881.8
43689,Mi1,5881.8
93334,T4b,5881.8
38768,Mi1,5881.8
18127,LC4,5881.8
15422,VST2,5881.8
10001,DNp01,5881.8
40832,Mi1,5881.8
113945,T4d,5881.9
102741,T4c,5881.9
82099,T4b,5881.9
73619,T2a,5881.9
21313,LC4,5881.9
39743,Mi1,5881.9
37699,Mi1,5881.9
19420,LC4,5881.9
40256,Mi1,5881.9
10016,HSE,5882.0
37243,Mi1,5882.0
48283,TmY3,5882.0
98862,Tm3,5882.0
100787,T4b,5882.0
132339,Tm3,5882.0
103867,T4a,5882.1
103725,T4a,5882.1
37391,Mi1,5882.1
39275,Mi1,5882.1
35888,Mi1,5882.1
34938,Mi1,5882.1
37270,Mi1,5882.1
89290,T4d,5882.2
90135,T4c,5882.2
95926,T4a,5882.2
106701,T4d,5882.3
10011,OA-AL2i1,5882.3
34862,Mi1,5882.3
35447,Mi1,5882.3
40635,Mi1,5882.3
44119,Mi1,5882.3
65513,T2a,5882.3
76121,Tm3,5882.3
72794,Tm3,5882.400000000001
59959,Mi1,5882.400000000001
33462,Mi1,5882.400000000001
57871,T2,5882.400000000001
10206,VS,5882.5
34142,Mi1,5882.5
69546,Tm3,5882.5
89020,T4a,5882.5
97288,T4c,5882.5
99387,T4a,5882.5
38230,Mi1,5882.6
58862,Mi1,5882.6
91303,T4b,5882.6
112744,T4d,5882.6
120016,Tm3,5882.6
111783,T4a,5882.700000000001
104368,T4c,5882.700000000001
78503,T2a,5882.700000000001
10825,OA-AL2i3,5882.8
21287,LC4,5882.8
37948,Mi1,5882.8
55101,Mi1,5882.8
99348,T4c,5882.8
100673,T4b,5882.8
84008,T4c,5882.900000000001
90219,T4a,5882.900000000001
10799,OA-VUMa4,5883.0
35580,Mi1,5883.0
35724,Mi1,5883.0
36911,Mi1,5883.0
93957,T4b,5883.0
102564,T4a,5883.0
63175,Mi1,5883.1
41435,Mi1,5883.1
106844,T4d,5883.1
10025,H2,5883.1
35836,Mi1,5883.1
88460,T2a,5883.200000000001
84328,T4a,5883.200000000001
83583,T4d,5883.200000000001
106535,T4d,5883.200000000001
51122,Mi1,5883.200000000001
33907,Mi1,5883.200000000001
76788,T4b,5883.200000000001
20399,LC4,5883.3
21336,LC4,5883.3
35602,Mi1,5883.3
61968,T2,5883.3
102801,T4b,5883.3
112969,T4c,5883.3
127615,Tm3,5883.4
91313,T4a,5883.4
10322,OA-AL2i2,5883.4
35235,Mi1,5883.4
10687,OA-AL2i3,5883.500000000001
95677,T4c,5883.500000000001
103657,T4b,5883.500000000001
21165,LC4,5883.6
106203,T4d,5883.6
20282,LC4,5883.7
37123,Mi1,5883.7
63420,Mi1,5883.7
71089,Mi1,5883.7
113991,T4d,5883.7
112241,T4b,5883.8
77910,Tm3,5883.8
93927,T4a,5883.8
11134,VSm,5883.8
37529,Mi1,5883.8
23098,LC4,5883.900000000001
39438,Mi1,5883.900000000001
42119,Mi1,5883.900000000001
72586,Tm3,5883.900000000001
84038,Tm3,5883.900000000001
103314,T4b,5883.900000000001
104256,T4a,5883.900000000001
100087,T4b,5884.0
97853,T4c,5884.0
84490,T4a,5884.0
68562,T2a,5884.0
94287,T4d,5884.0
58945,Tm3,5884.0
26112,LC4,5884.0
19550,LC4,5884.0
10023,HSS,5884.0
61353,T2,5884.0
12109,OA-VUMa2,5884.1
38479,Mi1,5884.2
133040,Tm3,5884.2
800146,TTMn,5884.3
99731,T4c,5884.3
97105,T4d,5884.3
40171,Mi1,5884.3
16628,LC4,5884.3
35045,Mi1,5884.3
23392,LC4,5884.3
10168,OA-VUMa6,5884.3
35774,Mi1,5884.3
93935,T4a,5884.400000000001
100874,T4a,5884.400000000001
83465,T4a,5884.400000000001
101228,T4a,5884.400000000001
33942,Mi1,5884.400000000001
20673,LC4,5884.400000000001
75550,Tm3,5884.400000000001
98325,T4d,5884.5
105403,T4c,5884.5
65671,Mi1,5884.5
97171,T4d,5884.5
124867,T4d,5884.6
96728,T4c,5884.6
77395,T4b,5884.6
10204,OA-AL2i2,5884.6
17926,LC4,5884.6
37599,Mi1,5884.6
106840,T4b,5884.700000000001
112179,T4b,5884.700000000001
116633,T4c,5884.8
104336,T4b,5884.8
101742,T4c,5884.8
100726,T4d,5884.8
90566,T4d,5884.8
54087,Mi1,5884.8
53065,Mi1,5884.8
35428,Mi1,5884.8
12688,OA-ASM1,5884.8
10015,HSN,5884.8
89252,T4b,5884.8
537004,VSm,5884.9
104450,T4a,5884.9
37631,Mi1,5884.9
17668,LC4,5884.9
91345,T4c,5884.9
10112,VS,5885.000000000001
16128,LC4,5885.000000000001
20808,LC4,5885.000000000001
74504,T2a,5885.000000000001
83438,T4a,5885.000000000001
93985,T4c,5885.000000000001
105962,T4b,5885.000000000001
108161,T4a,5885.000000000001
130280,Tm3,5885.000000000001
90567,T4b,5885.1
97193,T4a,5885.1
96784,T4b,5885.1
87390,T2a,5885.1
87289,T4a,5885.1
38133,Mi1,5885.1
11005,OA-VUMa4,5885.1
10658,OA-AL2i3,5885.1
10037,VS,5885.1
10001,DNp01,5885.2
41296,Mi1,5885.2
49324,Mi1,5885.2
77594,T2a,5885.2
78437,Tm3,5885.2
96090,T4c,5885.2
100190,T4c,5885.2
116451,T4c,5885.3
111746,Tm3,5885.3
110910,Tm3,5885.3
100867,T4b,5885.3
81015,T4a,5885.3
42758,Mi1,5885.3
36252,Mi1,5885.3
35001,Mi1,5885.3
34626,Mi1,5885.3
71161,T2a,5885.3
542412,Mi1,5885.400000000001
34296,Mi1,5885.400000000001
75172,T2a,5885.400000000001
89825,T4a,5885.400000000001
10012,VS,5885.5
10016,HSE,5885.5
36954,Mi1,5885.5
90888,T4b,5885.5
128916,Tm3,5885.5
100855,T4a,5885.6
101865,T4a,5885.6
93566,T4a,5885.6
19634,LC4,5885.6
34356,Mi1,5885.6
16138,LC4,5885.6
10755,H1,5885.6
10311,VS,5885.7
36305,Mi1,5885.7
38227,Mi1,5885.7
40426,Mi1,5885.7
46827,Mi1,5885.7
68342,Tm3,5885.7
73385,T2a,5885.7
82313,T4a,5885.7
98887,T4b,5885.7
99011,T4c,5885.7
113568,T4d,5885.7
526158,Mi1,5885.8
101302,T4d,5885.8
72005,Tm3,5885.8
40411,Mi1,5885.8
10677,OA-AL2i4,5885.900000000001
34933,Mi1,5885.900000000001
67113,Mi1,5885.900000000001
72148,Tm3,5885.900000000001
87424,T4d,5885.900000000001
100206,T4c,5885.900000000001
110988,T4a,5885.900000000001
17987,LC4,5886.0
41709,Mi1,5886.0
63994,Mi1,5886.0
108948,T4b,5886.099999999999
105135,T4c,5886.099999999999
91469,T4c,5886.099999999999
86932,T4b,5886.099999999999
38514,Mi1,5886.099999999999
36646,Mi1,5886.099999999999
10284,VS,5886.099999999999
12896,OA-VUMa5,5886.200000000001
21151,LC4,5886.200000000001
24338,LC4,5886.200000000001
46248,Mi1,5886.200000000001
67072,T2a,5886.200000000001
85152,T4c,5886.200000000001
109536,T4d,5886.200000000001
105718,T4b,5886.3
104257,T4b,5886.3
120928,T4d,5886.3
38721,Mi1,5886.3
11602,OA-ASM1,5886.3
66227,Tm3,5886.3
36660,Mi1,5886.4
43414,Mi1,5886.4
48930,TmY3,5886.4
81092,Tm3,5886.4
48286,Mi1,5886.5
35840,Mi1,5886.5
10025,H2,5886.5
23792,LC4,5886.6
74375,Tm3,5886.6
95921,T4c,5886.6
99423,T4d,5886.6
96576,T4c,5886.7
50345,TmY3,5886.7
91283,T4c,5886.7
97677,T4c,5886.7
171349687,Tm3,5886.8
106362,T4d,5886.8
108307,T4b,5886.8
37371,Mi1,5886.8
33216,Mi1,5886.8
21225,LC4,5886.900000000001
40219,Mi1,5886.900000000001
53075,TmY3,5886.900000000001
83365,T2a,5886.900000000001
97480,T4c,5886.900000000001
62894,Tm3,5887.0
55976,Mi1,5887.0
44449,TmY3,5887.0
36684,Mi1,5887.0
10110,OA-VUMa1,5887.0
31492,Mi1,5887.0
74860,Tm3,5887.0
10072,OA-AL2i1,5887.0
34479,Mi1,5887.0
98194,T4d,5887.1
79875,T4c,5887.1
38529,Mi1,5887.1
69597,Tm3,5887.1
10185,OA-VUMa8,5887.2
39158,Mi1,5887.2
98137,T4d,5887.2
102016,T4a,5887.2
84434,Tm3,5887.3
22194,LC4,5887.3
41545,Mi1,5887.3
43978,Mi1,5887.3
87845,T4a,5887.3
96931,T4b,5887.400000000001
90121,T4b,5887.400000000001
68951,TmY3,5887.400000000001
38893,Mi1,5887.400000000001
35173,Mi1,5887.400000000001
34045,Mi1,5887.400000000001
99671,T4c,5887.5
79483,Tm3,5887.5
38767,Mi1,5887.5
35100,Mi1,5887.5
48547,TmY3,5887.5
48607,TmY3,5887.599999999999
52350,Mi1,5887.599999999999
60510,T2,5887.599999999999
93527,T4a,5887.599999999999
104905,T4c,5887.599999999999
128396,T4d,5887.700000000001
95345,T4d,5887.700000000001
93750,T4c,5887.700000000001
95242,T4d,5887.700000000001
38421,Mi1,5887.700000000001
37000,Mi1,5887.700000000001
10206,VS,5887.700000000001
77920,Tm3,5887.700000000001
10041,OA-VUMa1,5887.8
20542,LC4,5887.8
34079,Mi1,5887.8
35890,Mi1,5887.8
39692,TmY3,5887.8
72796,Tm3,5887.8
98504,T4c,5887.8
107715,T4a,5887.8
101772,Tm3,5887.9
97161,T4a,5887.9
102703,T4a,5887.9
41613,Mi1,5887.9
10226,OA-AL2i3,5887.9
42895,Mi1,5887.9
106821,T4b,5888.0
87358,T4a,5888.0
96812,T4a,5888.0
96211,T4d,5888.0
90027,T4c,5888.0
82211,T2a,5888.0
10023,HSS,5888.0
47211,Mi1,5888.0
42048,Mi1,5888.0
38241,Mi1,5888.0
35806,Mi1,5888.0
20016,LC4,5888.0
77307,Tm3,5888.0
287884,OA-VPM3,5888.1
129235,Tm3,5888.1
110403,T4b,5888.1
105565,Tm3,5888.1
111613,T4d,5888.1
37088,Mi1,5888.1
34300,Mi1,5888.1
17364,LC4,5888.1
57398,Mi1,5888.1
10001,DNp01,5888.2
10652,OA-AL2i4,5888.2
37680,Mi1,5888.2
94356,T4c,5888.2
97675,T4c,5888.2
102147,T4c,5888.2
106745,T4b,5888.2
72955,T2a,5888.3
90394,T4a,5888.3
68840,TmY3,5888.3
99157,T4a,5888.3
37113,Mi1,5888.3
35770,Mi1,5888.3
17860,LC4,5888.3
65443,T2a,5888.3
96657,T4c,5888.4
88167,T4b,5888.4
100075,T4c,5888.4
25584,LC4,5888.4
10015,HSN,5888.4
36994,Mi1,5888.4
63468,Mi1,5888.5
75521,T2a,5888.5
92047,T4c,5888.5
97306,T4a,5888.5
101480,T4c,5888.5
107445,T4a,5888.5
93482,T4d,5888.6
114817,T4d,5888.6
86778,T4a,5888.6
33655,Mi1,5888.6
39651,Mi1,5888.6
68982,Tm3,5888.6
33017,Mi1,5888.7
73828,Tm3,5888.7
104996,T4a,5888.7
10037,VS,5888.8
36346,Mi1,5888.8
42872,Mi1,5888.8
103645,T4c,5888.8
37509,Mi1,5888.900000000001
94743,T4d,5889.0
81706,T2a,5889.0
92055,T4c,5889.0
97231,T4a,5889.0
92842,T4a,5889.099999999999
84267,T4c,5889.099999999999
119245,T4d,5889.099999999999
19954,LC4,5889.099999999999
36139,Mi1,5889.099999999999
10016,HSE,5889.200000000001
38987,Mi1,5889.200000000001
40085,Mi1,5889.200000000001
48986,TmY3,5889.200000000001
81215,Tm3,5889.200000000001
107640,T4c,5889.3
92640,T4d,5889.3
91913,T4b,5889.3
42675,Mi1,5889.3
35498,Mi1,5889.3
10112,VS,5889.3
76325,T2a,5889.3
86419,Tm3,5889.4
98300,T4a,5889.4
97145,T4c,5889.4
93419,T4b,5889.4
72989,Tm3,5889.4
67308,Mi1,5889.4
57239,Mi1,5889.4
53156,TmY3,5889.4
39067,Mi1,5889.4
21313,LC4,5889.4
101770,T4b,5889.5
100501,T4b,5889.5
106952,T4b,5889.5
22328,LC4,5889.5
85924,T4a,5889.5
18189,LC4,5889.6
41804,Mi1,5889.6
79849,Tm3,5889.6
48060,Mi1,5889.7
77846,Tm3,5889.7
39727,Mi1,5889.8
97256,T4c,5889.8
37138,Mi1,5889.8
11264,OA-ASM1,5889.8
36410,Mi1,5889.8
10269,OA-AL2i2,5889.8
112545,T4d,5889.9
107719,T4b,5889.9
105706,T4a,5889.9
110646,T4b,5889.9
96219,T4b,5889.9
88726,T4b,5889.9
79449,T4b,5889.9
99672,T4a,5889.9
75660,T2a,5890.0
107819,T4c,5890.0
106819,T4b,5890.0
105521,T4c,5890.0
94179,T4a,5890.0
89099,T4a,5890.0
72829,T2a,5890.0
48531,Mi1,5890.0
39716,Mi1,5890.0
37044,Mi1,5890.0
35512,Mi1,5890.0
34404,Mi1,5890.0
10025,H2,5890.0
18127,LC4,5890.1
35712,Mi1,5890.1
89368,T4c,5890.1
97899,T4a,5890.1
101463,T4d,5890.1
101945,T4b,5890.1
121093,T4b,5890.1
149504,T4d,5890.1
112775,T4d,5890.2
71652,Tm3,5890.2
36177,Mi1,5890.2
40400,Mi1,5890.2
67152,Tm3,5890.2
36540,Mi1,5890.3
39629,Mi1,5890.3
74159,Tm3,5890.3
94081,T4c,5890.3
96295,T4b,5890.3
99292,T4a,5890.3
286259,OA-ASM1,5890.400000000001
78911,Tm3,5890.400000000001
71228,T2a,5890.400000000001
94948,T4c,5890.400000000001
39500,Mi1,5890.400000000001
36275,Mi1,5890.400000000001
19543,LC4,5890.400000000001
45948,TmY3,5890.400000000001
800146,TTMn,5890.5
94624,T4a,5890.5
92114,T4c,5890.5
92027,Tm3,5890.5
87896,T4a,5890.5
58224,Mi1,5890.5
19260,LC4,5890.5
10120,OA-VPM4,5890.5
84689,Tm3,5890.5
49322,TmY3,5890.6
111184,T4a,5890.6
102975,T4b,5890.6
117151,T4d,5890.6
47967,Mi1,5890.6
74023,T2a,5890.6
43783,Mi1,5890.6
41654,Mi1,5890.6
34899,Mi1,5890.6
11608,OA-VUMa2,5890.6
10755,H1,5890.6
47368,TmY3,5890.6
108119,T4c,5890.700000000001
107105,T4d,5890.700000000001
98890,T4c,5890.700000000001
87412,T4c,5890.700000000001
86686,T4c,5890.700000000001
70289,Mi1,5890.700000000001
36446,Mi1,5890.700000000001
34057,Mi1,5890.700000000001
21336,LC4,5890.700000000001
17548,LC4,5890.700000000001
76621,T2a,5890.700000000001
101685,T4b,5890.8
103497,Tm3,5890.8
109326,T4c,5890.8
98788,T4d,5890.8
45005,TmY3,5890.8
65833,Mi1,5890.8
12521,HST,5890.8
88922,T4c,5890.8
34189,Mi1,5890.900000000001
41136,Mi1,5890.900000000001
41536,Mi1,5890.900000000001
77791,T2a,5890.900000000001
81401,T4b,5890.900000000001
105099,T4b,5890.900000000001
71398,Tm3,5891.0
102991,T4c,5891.0
98398,T4c,5891.0
73284,T2a,5891.0
122273,Tm3,5891.0
59397,Mi1,5891.0
36217,Mi1,5891.0
38791,Mi1,5891.0
35845,Mi1,5891.0
33766,Mi1,5891.0
33614,Mi1,5891.0
41659,Mi1,5891.0
10187,OA-VPM3,5891.1
38708,Mi1,5891.1
60979,TmY3,5891.1
87873,T4b,5891.1
96199,T4a,5891.1
101382,T4c,5891.1
104130,T4a,5891.1
103827,T4c,5891.200000000001
100924,T4b,5891.200000000001
98039,T4d,5891.200000000001
39164,Mi1,5891.200000000001
10001,DNp01,5891.200000000001
66808,Tm3,5891.200000000001
107567,T4c,5891.3
72665,Mi1,5891.3
68535,T2a,5891.3
92046,T4d,5891.3
37019,Mi1,5891.3
33091,Mi1,5891.3
37224,Mi1,5891.3
36533,Mi1,5891.4
56564,Mi1,5891.4
62078,Mi1,5891.4
98467,T4d,5891.4
109023,T4c,5891.500000000001
100567,T4d,5891.500000000001
97878,T4b,5891.500000000001
98751,T4a,5891.500000000001
59008,Mi1,5891.500000000001
95453,T4a,5891.500000000001
42691,Mi1,5891.500000000001
41950,Mi1,5891.6
60857,Mi1,5891.6
96126,T4b,5891.6
101245,T4a,5891.6
37839,Mi1,5891.7
69063,Mi1,5891.7
94549,T4b,5891.7
95454,T4a,5891.7
99628,T4b,5891.7
525839,Mi1,5891.7
42856,Mi1,5891.7
108974,T4c,5891.8
94755,T4a,5891.8
106950,T4c,5891.8
35152,Mi1,5891.8
19794,LC4,5891.8
10265,OA-AL2i2,5891.8
29563,LC4,5891.8
69164,Mi1,5891.900000000001
92281,T4c,5891.900000000001
94482,T4d,5891.900000000001
91682,T4b,5892.0
90952,T4c,5892.0
40854,Mi1,5892.0
23392,LC4,5892.0
23098,LC4,5892.0
10015,HSN,5892.0
40505,Mi1,5892.0
102688,T4b,5892.1
97184,T4d,5892.1
95736,T4c,5892.1
93972,T4a,5892.1
74303,Mi1,5892.1
44222,Mi1,5892.1
20808,LC4,5892.1
83191,T4a,5892.1
132834,Tm3,5892.2
106295,T4b,5892.2
98393,T4a,5892.2
96424,T4b,5892.2
92082,T4b,5892.2
93984,T4b,5892.2
38857,Mi1,5892.2
38238,Mi1,5892.2
37568,Mi1,5892.2
10023,HSS,5892.2
40577,Mi1,5892.2
91629,T4a,5892.3
99663,T4c,5892.3
95458,T4d,5892.3
132624,Tm3,5892.3
93166,T4c,5892.3
66980,T2a,5892.3
10322,OA-AL2i2,5892.3
11134,VSm,5892.3
10825,OA-AL2i3,5892.3
10175,OA-VUMa6,5892.3
10080,OA-VUMa3,5892.3
34171,Mi1,5892.3
10037,VS,5892.400000000001
31848,Mi1,5892.400000000001
36369,Mi1,5892.400000000001
41464,TmY3,5892.400000000001
95007,T4a,5892.400000000001
105332,T4b,5892.400000000001
104703,T4d,5892.5
103073,T4a,5892.5
38648,Mi1,5892.5
44592,TmY3,5892.5
81995,Tm3,5892.5
37853,Mi1,5892.6
91366,T4b,5892.6
10687,OA-AL2i3,5892.700000000001
37294,Mi1,5892.700000000001
68212,T2a,5892.700000000001
72558,T2a,5892.700000000001
100838,T4c,5892.700000000001
10555,OA-VUMa3,5892.8
20588,LC4,5892.8
40235,Mi1,5892.8
96394,T4b,5892.8
100856,T4a,5892.8
107529,T4d,5892.9
39525,Mi1,5892.9
37353,Mi1,5892.9
38178,Mi1,5892.9
77916,T2a,5893.000000000001
10016,HSE,5893.000000000001
10206,VS,5893.000000000001
24338,LC4,5893.000000000001
33446,Mi1,5893.000000000001
35234,Mi1,5893.000000000001
41671,TmY3,5893.000000000001
41809,Mi1,5893.000000000001
42594,Mi1,5893.000000000001
44700,Mi1,5893.000000000001
68933,Tm3,5893.000000000001
111416,Tm3,5893.000000000001
88491,T4a,5893.1
78470,Tm3,5893.1
90259,T4d,5893.1
10799,OA-VUMa4,5893.1
77480,Tm3,5893.1
110454,T4d,5893.1
101589,T4a,5893.2
102910,T4b,5893.2
120992,Tm3,5893.2
94058,T4b,5893.2
115686,T4b,5893.2
51049,Mi1,5893.2
102425,T4b,5893.2
44282,Mi1,5893.2
34369,Mi1,5893.2
39405,Mi1,5893.2
47240,TmY3,5893.2
39718,Mi1,5893.2
40936,Mi1,5893.2
16628,LC4,5893.3
38710,Mi1,5893.3
70812,TmY3,5893.3
94468,T4c,5893.3
106922,T4c,5893.3
103780,T4c,5893.400000000001
101732,T4c,5893.400000000001
98381,T4d,5893.400000000001
91179,T4a,5893.400000000001
80913,T4a,5893.400000000001
106912,Tm3,5893.400000000001
38455,Mi1,5893.400000000001
36158,Mi1,5893.400000000001
35416,Mi1,5893.400000000001
10025,H2,5893.400000000001
64540,T2,5893.400000000001
119501,T4d,5893.5
107143,T4d,5893.5
104858,T4b,5893.5
103765,T4d,5893.5
98175,T4c,5893.5
46745,Mi1,5893.5
35260,Mi1,5893.5
34606,Mi1,5893.5
10112,VS,5893.5
57349,Mi1,5893.5
35218,Mi1,5893.6
37927,Mi1,5893.6
75966,T2a,5893.6
38208,Mi1,5893.7
76380,Tm3,5893.7
62757,T2a,5893.7
35934,Mi1,5893.7
22847,LC4,5893.7
30997,Mi1,5893.7
32893,Mi1,5893.7
110693,Tm3,5893.8
93564,T4d,5893.8
90097,T4c,5893.8
85126,T4a,5893.8
81287,Tm3,5893.8
89434,T4c,5893.8
73098,T2a,5893.8
45176,Mi1,5893.8
20399,LC4,5893.8
17926,LC4,5893.8
79271,T4a,5893.8
83042,T4b,5893.900000000001
537004,VSm,5893.900000000001
96035,T4d,5893.900000000001
95629,T4c,5893.900000000001
83689,T4a,5893.900000000001
67408,Mi1,5893.900000000001
10072,OA-AL2i1,5893.900000000001
36452,Mi1,5893.900000000001
35897,Mi1,5893.900000000001
35017,Mi1,5893.900000000001
21225,LC4,5893.900000000001
17266,LC4,5893.900000000001
51231,TmY3,5893.900000000001
121245,Tm3,5894.0
41120,Mi1,5894.0
77527,T4a,5894.0
16138,LC4,5894.0
32535,Mi1,5894.0
105242,T4c,5894.099999999999
93941,T4b,5894.099999999999
92431,T4a,5894.099999999999
37391,Mi1,5894.099999999999
37699,Mi1,5894.099999999999
17054,LC4,5894.099999999999
50333,TmY3,5894.099999999999
10001,DNp01,5894.200000000001
10284,VS,5894.200000000001
38993,Mi1,5894.200000000001
43965,Mi1,5894.200000000001
94886,T4d,5894.200000000001
95985,T4c,5894.200000000001
11005,OA-VUMa4,5894.3
37037,Mi1,5894.3
95005,T4a,5894.3
109598,T4b,5894.4
104942,T4a,5894.4
80838,T2a,5894.4
93509,T4b,5894.4
102519,T4a,5894.4
20917,LC4,5894.5
34849,Mi1,5894.5
79358,T2a,5894.5
84063,T4b,5894.5
90423,T4b,5894.5
95554,T4b,5894.5
81733,Tm3,5894.6
89282,T4a,5894.6
64149,Mi1,5894.6
109593,Tm3,5894.6
40944,Mi1,5894.6
40256,Mi1,5894.6
37270,Mi1,5894.6
51848,TmY3,5894.6
12109,OA-VUMa2,5894.7
34463,Mi1,5894.7
35405,Mi1,5894.7
40596,Mi1,5894.7
58553,TmY3,5894.7
64897,T2,5894.7
107442,T4d,5894.7
111380,Tm3,5894.7
91806,T4a,5894.8
85856,TmY3,5894.8
100785,T4b,5894.8
36990,Mi1,5894.8
42533,TmY3,5894.8
37438,Mi1,5894.900000000001
39743,Mi1,5894.900000000001
93865,T4c,5894.900000000001
100956,T4d,5894.900000000001
112453,T4c,5894.900000000001
99310,T4a,5895.0
93360,T4b,5895.0
82425,T4b,5895.0
83125,T4b,5895.0
90206,T4b,5895.1
35734,Mi1,5895.1
36881,Mi1,5895.1
41668,Mi1,5895.1
42006,TmY3,5895.1
45319,Mi1,5895.1
82674,T4a,5895.1
98654,T4d,5895.2
98118,T4c,5895.2
125288,Tm3,5895.2
90533,T4c,5895.2
104191,T4a,5895.2
88281,T4b,5895.2
44119,Mi1,5895.2
79646,Tm3,5895.2
40703,Mi1,5895.2
39275,Mi1,5895.2
37243,Mi1,5895.2
22194,LC4,5895.2
19420,LC4,5895.3
22034,LC4,5895.3
33110,Mi1,5895.3
48514,TmY3,5895.3
48894,TmY3,5895.3
106401,T4d,5895.3
114698,T4b,5895.3
106894,T4b,5895.400000000001
100032,T4c,5895.400000000001
99950,T4c,5895.400000000001
96835,T4b,5895.400000000001
97028,T4c,5895.400000000001
71583,Tm3,5895.400000000001
39505,Mi1,5895.400000000001
16128,LC4,5895.400000000001
91741,T4d,5895.400000000001
10015,HSN,5895.5
19954,LC4,5895.5
90419,T4b,5895.5
20673,LC4,5895.599999999999
20634,VST1,5895.599999999999
35113,Mi1,5895.599999999999
75343,Tm3,5895.599999999999
86175,T4a,5895.599999999999
91987,T4c,5895.599999999999
100105,T4a,5895.700000000001
91505,T4c,5895.700000000001
114088,T4d,5895.700000000001
101230,T4a,5895.700000000001
72279,Mi1,5895.700000000001
43323,Mi1,5895.700000000001
45322,Mi1,5895.700000000001
33326,Mi1,5895.700000000001
10168,OA-VUMa6,5895.700000000001
68167,Tm3,5895.700000000001
105895,T4a,5895.8
95883,T4a,5895.8
71938,T2a,5895.8
71475,Tm3,5895.8
63673,Tm3,5895.8
99980,T4c,5895.8
38768,Mi1,5895.8
34867,Mi1,5895.8
21313,LC4,5895.8
10755,H1,5895.8
10012,VS,5895.8
41522,Mi1,5895.8
113983,T4d,5895.9
111928,T4b,5895.9
102845,T4b,5895.9
102388,T4d,5895.9
99922,T4c,5895.9
85536,T4a,5895.9
11921,OA-VPM4,5895.9
90371,T4d,5895.9
92684,T4c,5896.0
800146,TTMn,5896.0
110968,T4b,5896.0
101994,T4a,5896.0
90219,T4a,5896.0
88933,T4a,5896.0
69425,T2a,5896.0
64633,T2a,5896.0
37555,Mi1,5896.0
10037,VS,5896.0
89934,T4d,5896.0
49788,TmY3,5896.1
72619,T2a,5896.1
103425,T4a,5896.1
104853,T4c,5896.1
85866,T4b,5896.2
107031,T4b,5896.2
104972,T4a,5896.2
69441,Tm3,5896.2
63868,T2a,5896.2
51191,TmY3,5896.2
37948,Mi1,5896.2
22975,LC4,5896.2
86635,T4c,5896.3
93021,T4a,5896.3
115390,T4d,5896.3
10023,HSS,5896.4
92552,T4a,5896.4
100488,T4c,5896.4
102370,T4c,5896.4
105126,T4c,5896.4
94305,T4a,5896.5
88698,T4a,5896.5
118385,T4b,5896.5
96365,T4a,5896.5
88625,T4c,5896.5
67150,T2a,5896.5
35447,Mi1,5896.5
34938,Mi1,5896.5
33462,Mi1,5896.5
10016,HSE,5896.5
21287,LC4,5896.6
47686,TmY3,5896.6
67810,Tm3,5896.6
70490,Mi1,5896.6
103022,T4a,5896.6
116129,T4b,5896.6
100282,T4a,5896.7
83009,T4b,5896.7
41626,Mi1,5896.7
40832,Mi1,5896.7
34142,Mi1,5896.7
10658,OA-AL2i3,5896.7
10025,H2,5896.7
38065,LC4,5896.7
10677,OA-AL2i4,5896.8
35888,Mi1,5896.8
40635,Mi1,5896.8
56984,TmY3,5896.8
89409,T4a,5896.8
109916,T4d,5896.8
104478,T4d,5896.900000000001
37123,Mi1,5896.900000000001
58862,Mi1,5896.900000000001
73021,T2a,5896.900000000001
90796,T4d,5897.0
94153,T4d,5897.0
35602,Mi1,5897.0
35836,Mi1,5897.0
105834,T4d,5897.0
93224,T4a,5897.099999999999
99863,T4d,5897.099999999999
90145,T4a,5897.099999999999
95972,T4d,5897.099999999999
41435,Mi1,5897.099999999999
35724,Mi1,5897.099999999999
71089,Mi1,5897.099999999999
85598,T4b,5897.200000000001
69889,T2a,5897.200000000001
72426,Tm3,5897.200000000001
57247,TmY3,5897.200000000001
10001,DNp01,5897.200000000001
20542,LC4,5897.200000000001
12688,OA-ASM1,5897.200000000001
10110,OA-VUMa1,5897.200000000001
34272,Mi1,5897.200000000001
10269,OA-AL2i2,5897.3
19550,LC4,5897.3
83979,T4a,5897.3
94282,T4c,5897.3
104884,T4b,5897.3
112944,T4b,5897.3
102229,T4d,5897.4
96003,T4d,5897.4
55101,Mi1,5897.4
45696,Mi1,5897.4
78172,TmY3,5897.4
34862,Mi1,5897.4
22328,LC4,5897.4
18127,LC4,5897.4
38230,Mi1,5897.4
110742,T4c,5897.5
107420,T4b,5897.5
80582,T4a,5897.5
95926,T4a,5897.5
10204,OA-AL2i2,5897.5
10112,VS,5897.5
66852,Mi1,5897.5
21804,LC4,5897.6
40026,TmY3,5897.6
98349,T4a,5897.7
116343,T4a,5897.7
115511,T4d,5897.7
101215,T4c,5897.7
97784,T4c,5897.7
51122,Mi1,5897.7
42119,Mi1,5897.7
35235,Mi1,5897.7
33907,Mi1,5897.7
12896,OA-VUMa5,5897.7
71765,T2a,5897.7
21336,LC4,5897.8
30803,LC4,5897.8
35774,Mi1,5897.8
73122,T2a,5897.8
76074,Tm3,5897.8
97769,T4a,5897.8
103343,T4b,5897.8
69736,Tm3,5897.9
117627,Tm3,5897.9
98625,T4a,5897.9
80812,T4a,5897.9
59959,Mi1,5897.9
35580,Mi1,5897.9
20808,LC4,5897.9
25584,LC4,5898.0
33942,Mi1,5898.0
37529,Mi1,5898.0
72983,T2a,5898.0
89784,T4b,5898.0
103025,T4a,5898.0
105115,T4d,5898.0
21165,LC4,5898.1
43689,Mi1,5898.1
51963,TmY3,5898.1
121816,T4a,5898.1
100946,T4c,5898.2
80483,T4c,5898.2
17364,LC4,5898.2
67971,Tm3,5898.2
78856,Tm3,5898.2
112613,T4d,5898.3
98099,T4b,5898.3
63175,Mi1,5898.3
47360,TmY3,5898.3
40171,Mi1,5898.3
41637,Mi1,5898.3
35428,Mi1,5898.3
22108,TmY3,5898.3
19543,LC4,5898.3
10206,VS,5898.3
36911,Mi1,5898.3
23098,LC4,5898.400000000001
117551,Tm3,5898.5
128726,Tm3,5898.5
105313,T4a,5898.5
25893,VST1,5898.5
44564,TmY3,5898.5
74997,Tm3,5898.5
117652,T4d,5898.6
23392,LC4,5898.6
63021,Tm3,5898.6
63420,Mi1,5898.6
72938,T2a,5898.6
81996,T2a,5898.6
93025,T4b,5898.6
115111,T4a,5898.6
61659,Tm3,5898.700000000001
68522,T2a,5898.700000000001
10185,OA-VUMa8,5898.700000000001
19260,LC4,5898.700000000001
35045,Mi1,5898.8
70642,T2a,5898.8
83438,T4a,5898.8
100673,T4b,5898.8
108325,T4c,5898.8
97866,T4d,5898.900000000001
95822,T4b,5898.900000000001
93313,T4a,5898.900000000001
85429,T4d,5898.900000000001
78317,T4a,5898.900000000001
11602,OA-ASM1,5898.900000000001
10041,OA-VUMa1,5898.900000000001
83677,T4c,5898.900000000001
91303,T4b,5899.0
99748,T4b,5899.0
106801,T4c,5899.0
84631,T4c,5899.0
49324,Mi1,5899.0
54087,Mi1,5899.0
42758,Mi1,5899.0
64849,Tm3,5899.0
10015,HSN,5899.1
10226,OA-AL2i3,5899.1
34296,Mi1,5899.1
37631,Mi1,5899.1
40426,Mi1,5899.1
85074,T4a,5899.1
99670,T4c,5899.1
117221,T4c,5899.1
98000,T4b,5899.200000000001
93622,T4c,5899.200000000001
107621,T4d,5899.200000000001
53065,Mi1,5899.200000000001
37599,Mi1,5899.200000000001
65671,Mi1,5899.200000000001
24338,LC4,5899.3
38479,Mi1,5899.3
38687,Mi1,5899.3
83204,T4d,5899.3
91781,Tm3,5899.3
112048,T4c,5899.3
95239,T4a,5899.4
67113,Mi1,5899.4
102799,T4c,5899.4
35683,Mi1,5899.4
35290,Mi1,5899.4
43334,TmY3,5899.4
95356,T4a,5899.500000000001
72066,Tm3,5899.500000000001
41399,Mi1,5899.500000000001
92957,T4d,5899.500000000001
34356,Mi1,5899.500000000001
10037,VS,5899.500000000001
36305,Mi1,5899.500000000001
12521,HST,5899.6
36252,Mi1,5899.6
70524,T2a,5899.6
80670,T4a,5899.6
82038,Tm3,5899.6
107075,T4d,5899.6
98911,T4b,5899.7
39894,T4b,5899.7
105545,T4d,5899.7
31492,Mi1,5899.7
39438,Mi1,5899.7
10322,OA-AL2i2,5899.8
16570,VST2,5899.8
40411,Mi1,5899.8
41296,Mi1,5899.8
41709,Mi1,5899.8
60856,T2a,5899.8
95235,T4d,5899.8
111236,T4d,5899.8
542412,Mi1,5899.900000000001
83583,T4d,5899.900000000001
64050,T2,5899.900000000001
120312,Tm3,5899.900000000001
17548,LC4,5899.900000000001
10025,H2,5899.900000000001
10016,HSE,5899.900000000001
38461,Mi1,5899.900000000001
38721,Mi1,5900.0
36954,Mi1,5900.0
79259,T4b,5900.0
18189,LC4,5900.0
10001,DNp01,5900.0
33216,Mi1,5900.0
38227,Mi1,5900.1
46248,Mi1,5900.1
46827,Mi1,5900.1
92054,T4b,5900.1
102031,T4c,5900.1
546524,Mi1,5900.1
100261,T4c,5900.2
117748,Tm3,5900.2
102801,T4b,5900.2
63994,Mi1,5900.2
104622,T4b,5900.2
35001,Mi1,5900.2
11134,VSm,5900.2
47696,TmY3,5900.2
21225,LC4,5900.2
82576,T4b,5900.3
10023,HSS,5900.3
34626,Mi1,5900.3
34933,Mi1,5900.3
35806,Mi1,5900.3
38133,Mi1,5900.3
38514,Mi1,5900.3
52485,TmY3,5900.3
90474,T4b,5900.3
104412,T4a,5900.3
106093,T4a,5900.3
107010,T4d,5900.3
77676,T2a,5900.400000000001
37371,Mi1,5900.400000000001
92254,T4b,5900.400000000001
61370,T2,5900.400000000001
36646,Mi1,5900.400000000001
33017,Mi1,5900.400000000001
38748,Mi1,5900.400000000001
10072,OA-AL2i1,5900.5
16628,LC4,5900.5
38632,Mi1,5900.5
50345,TmY3,5900.5
74927,Tm3,5900.5
97877,T4d,5900.5
111823,T4c,5900.5
122233,Tm3,5900.5
526158,Mi1,5900.5
66872,T2,5900.599999999999
73096,T2a,5900.599999999999
85741,T4a,5900.599999999999
55976,Mi1,5900.599999999999
26112,LC4,5900.599999999999
10652,OA-AL2i4,5900.599999999999
39158,Mi1,5900.599999999999
17926,LC4,5900.700000000001
38529,Mi1,5900.700000000001
48286,Mi1,5900.700000000001
75381,Tm3,5900.700000000001
79704,T4d,5900.700000000001
88095,T4d,5900.700000000001
92839,T4b,5900.700000000001
130861,Tm3,5900.8
116610,T4d,5900.8
94983,T4c,5900.8
17668,LC4,5900.8
38477,Mi1,5900.8
36660,Mi1,5900.8
43414,Mi1,5900.8
103867,T4a,5900.9
108870,T4a,5900.9
104931,T4c,5900.9
95528,T4d,5900.9
10825,OA-AL2i3,5900.9
85778,T4b,5900.9
44438,Mi1,5900.9
34479,Mi1,5900.9
91469,T4c,5900.9
97326,T4c,5901.000000000001
23792,LC4,5901.000000000001
34045,Mi1,5901.000000000001
38893,Mi1,5901.000000000001
40219,Mi1,5901.000000000001
42895,Mi1,5901.000000000001
72194,Tm3,5901.000000000001
94471,T4a,5901.000000000001
100165,T4b,5901.000000000001
93877,T4c,5901.1
90112,T4c,5901.1
43978,Mi1,5901.1
39858,Mi1,5901.1
11608,OA-VUMa2,5901.1
10755,H1,5901.1
10687,OA-AL2i3,5901.1
20282,LC4,5901.2
35890,Mi1,5901.2
41545,Mi1,5901.2
91325,T4a,5901.2
107240,T4b,5901.2
17987,LC4,5901.3
85378,T4a,5901.3
86907,T4a,5901.3
93957,T4b,5901.3
105403,T4c,5901.3
123490,Tm3,5901.400000000001
113686,T4d,5901.400000000001
69540,TmY3,5901.400000000001
38241,Mi1,5901.400000000001
21151,LC4,5901.400000000001
19634,LC4,5901.400000000001
42872,Mi1,5901.400000000001
32962,TmY3,5901.5
36684,Mi1,5901.5
39692,TmY3,5901.5
57398,Mi1,5901.5
101878,T4a,5901.5
116259,T4b,5901.5
47211,Mi1,5901.6
287884,OA-VPM3,5901.6
102791,T4c,5901.6
100633,T4a,5901.6
38421,Mi1,5901.6
100319,T4b,5901.6
37000,Mi1,5901.6
10012,VS,5901.6
10112,VS,5901.6
37680,Mi1,5901.6
35840,Mi1,5901.6
16138,LC4,5901.6
19954,LC4,5901.7
20588,LC4,5901.7
70800,Tm3,5901.7
537004,VSm,5901.7
100729,T4b,5901.7
10120,OA-VPM4,5901.8
35100,Mi1,5901.8
88005,T4d,5901.8
98985,T4c,5901.8
99609,T4a,5901.8
106166,T4b,5901.8
82515,Tm3,5901.900000000001
45719,Mi1,5901.900000000001
36346,Mi1,5901.900000000001
34300,Mi1,5901.900000000001
39651,Mi1,5901.900000000001
63468,Mi1,5902.0
68475,T2a,5902.0
86141,T4b,5902.0
107609,T4d,5902.0
113852,T4b,5902.0
112633,T4b,5902.099999999999
100033,T4c,5902.099999999999
77383,T2a,5902.099999999999
35770,Mi1,5902.099999999999
34079,Mi1,5902.099999999999
38767,Mi1,5902.099999999999
105122,T4b,5902.200000000001
547091,T2,5902.200000000001
109172,T4b,5902.200000000001
105214,T4c,5902.200000000001
92706,T4a,5902.200000000001
77395,T4b,5902.200000000001
84328,T4a,5902.200000000001
21313,LC4,5902.200000000001
22194,LC4,5902.200000000001
88152,T4c,5902.200000000001
52350,Mi1,5902.200000000001
19794,LC4,5902.3
94283,T4d,5902.3
24867,VST1,5902.4
38987,Mi1,5902.4
41613,Mi1,5902.4
91345,T4c,5902.4
98846,T4c,5902.4
800146,TTMn,5902.5
108876,T4c,5902.5
95364,T4d,5902.5
90465,T4a,5902.5
37113,Mi1,5902.5
95287,T4a,5902.5
10015,HSN,5902.6
48283,TmY3,5902.6
80197,T4a,5902.6
532850,Tm3,5902.6
20016,LC4,5902.7
10001,DNp01,5902.7
36139,Mi1,5902.7
39727,Mi1,5902.7
78597,T2a,5902.7
104683,T4b,5902.7
109142,T4b,5902.7
104450,T4a,5902.8
116311,T4d,5902.8
133349,Tm3,5902.8
72896,Tm3,5902.8
36177,Mi1,5902.8
10037,VS,5902.8
42048,Mi1,5902.8
82313,T4a,5902.900000000001
86416,T4a,5902.900000000001
18127,LC4,5903.0
103654,T4b,5903.0
113107,T4a,5903.1
109336,T4b,5903.1
100981,T4d,5903.1
88084,T4b,5903.1
35173,Mi1,5903.1
10265,OA-AL2i2,5903.1
10025,H2,5903.1
10016,HSE,5903.1
57239,Mi1,5903.1
89142,T4b,5903.2
98448,T4b,5903.2
92996,T4a,5903.2
91313,T4a,5903.2
91057,T4c,5903.2
80855,Tm3,5903.2
10284,VS,5903.2
48531,Mi1,5903.2
38791,Mi1,5903.2
37088,Mi1,5903.2
36275,Mi1,5903.2
17860,LC4,5903.2
74937,T2a,5903.2
108066,T4b,5903.3
112458,T4b,5903.3
108438,T4d,5903.3
92939,T4b,5903.3
96852,T4a,5903.3
81015,T4a,5903.3
77484,T4d,5903.3
35498,Mi1,5903.3
90888,T4b,5903.3
11264,OA-ASM1,5903.400000000001
33655,Mi1,5903.400000000001
36540,Mi1,5903.400000000001
88353,T4b,5903.400000000001
39067,Mi1,5903.5
102579,T4b,5903.5
96262,T4c,5903.5
90278,T4a,5903.5
11005,OA-VUMa4,5903.5
37509,Mi1,5903.5
107812,T4a,5903.5
81211,Tm3,5903.5
106200,T4c,5903.599999999999
41804,Mi1,5903.599999999999
103527,T4c,5903.599999999999
126163,Tm3,5903.599999999999
102540,T4b,5903.599999999999
20808,LC4,5903.599999999999
74287,Tm3,5903.599999999999
59864,Tm3,5903.599999999999
36410,Mi1,5903.599999999999
91510,T4c,5903.599999999999
17054,LC4,5903.700000000001
35512,Mi1,5903.700000000001
42675,Mi1,5903.700000000001
46784,Mi1,5903.700000000001
97186,T4a,5903.700000000001
118924,Tm3,5903.700000000001
67308,Mi1,5903.8
103479,T4c,5903.9
36994,Mi1,5903.9
102479,T4c,5903.9
112393,T4a,5903.9
91222,T4d,5903.9
10799,OA-VUMa4,5903.9
85152,T4c,5903.9
84008,T4c,5903.9
29563,LC4,5903.9
85664,TmY3,5903.9
10023,HSS,5904.0
10206,VS,5904.0
37138,Mi1,5904.0
72501,Mi1,5904.0
78940,T4a,5904.0
100018,T4a,5904.1
98837,T4c,5904.1
104027,T4d,5904.1
90520,T4a,5904.1
79293,Tm3,5904.1
95335,T4a,5904.1
286259,OA-ASM1,5904.2
87845,T4a,5904.2
70281,T2a,5904.2
85007,T4c,5904.2
58945,Tm3,5904.2
30923,TmY3,5904.2
16128,LC4,5904.2
69228,T2a,5904.2
69980,Tm3,5904.3
10080,OA-VUMa3,5904.3
34404,Mi1,5904.3
40085,Mi1,5904.3
47967,Mi1,5904.3
105276,T4d,5904.4
34658,Mi1,5904.4
105412,T4a,5904.4
70289,Mi1,5904.4
10187,OA-VPM3,5904.4
40795,Mi1,5904.4
10269,OA-AL2i2,5904.4
60886,T2a,5904.4
23098,LC4,5904.5
34899,Mi1,5904.5
37568,Mi1,5904.5
90058,T4a,5904.5
93688,T4a,5904.5
96812,T4a,5904.5
108907,T4c,5904.5
112027,T4d,5904.6
89110,Tm3,5904.6
41654,Mi1,5904.6
36217,Mi1,5904.6
22328,LC4,5904.6
21336,LC4,5904.6
20399,LC4,5904.6
23392,LC4,5904.7
37224,Mi1,5904.7
37677,Mi1,5904.7
66214,T2a,5904.7
74044,Tm3,5904.7
74725,T2a,5904.7
96576,T4c,5904.7
103344,T4b,5904.8
79257,Tm3,5904.8
71447,T4c,5904.8
42691,Mi1,5904.8
97288,T4c,5904.8
37044,Mi1,5904.8
37019,Mi1,5904.8
35845,Mi1,5904.8
40400,Mi1,5904.8
20542,LC4,5904.900000000001
33091,Mi1,5904.900000000001
34057,Mi1,5904.900000000001
43783,Mi1,5904.900000000001
45349,Mi1,5904.900000000001
103195,T4a,5904.900000000001
131034,Tm3,5904.900000000001
106793,T4d,5905.0
103570,T4d,5905.0
93947,T4a,5905.0
89020,T4a,5905.0
94081,T4c,5905.0
65833,Mi1,5905.0
33394,Mi1,5905.0
10175,OA-VUMa6,5905.0
81620,T2a,5905.0
104354,T4b,5905.099999999999
89825,T4a,5905.099999999999
86536,Tm3,5905.099999999999
99131,T4c,5905.099999999999
69063,Mi1,5905.099999999999
35712,Mi1,5905.099999999999
84267,T4c,5905.099999999999
114391,T4d,5905.200000000001
39629,Mi1,5905.200000000001
50871,TmY3,5905.200000000001
69380,Tm3,5905.200000000001
87896,T4a,5905.200000000001
89139,T4c,5905.200000000001
100774,T4a,5905.200000000001
76733,Tm3,5905.3
61768,T2,5905.3
108757,T4c,5905.3
39500,Mi1,5905.3
38238,Mi1,5905.3
38857,Mi1,5905.3
34189,Mi1,5905.3
31848,Mi1,5905.3
10001,DNp01,5905.4
17266,LC4,5905.4
36533,Mi1,5905.4
42856,Mi1,5905.4
56564,Mi1,5905.4
67719,T2a,5905.4
73767,Mi1,5905.4
103639,T4d,5905.4
41950,Mi1,5905.5
41536,Mi1,5905.5
48060,Mi1,5905.5
20673,LC4,5905.5
10112,VS,5905.5
21225,LC4,5905.5
36446,Mi1,5905.6
96090,T4c,5905.6
108065,T4c,5905.6
98575,T4a,5905.7
72665,Mi1,5905.7
39716,Mi1,5905.7
34171,Mi1,5905.7
10755,H1,5905.7
35152,Mi1,5905.7
19260,LC4,5905.8
19543,LC4,5905.8
24338,LC4,5905.8
52328,TmY3,5905.8
102741,T4c,5905.8
62078,Mi1,5905.9
86778,T4a,5905.9
59397,Mi1,5905.9
40936,Mi1,5905.9
49516,TmY3,5905.9
107117,T4d,5906.000000000001
103557,T4a,5906.000000000001
98194,T4d,5906.000000000001
97835,T4a,5906.000000000001
87289,T4a,5906.000000000001
94549,T4b,5906.000000000001
67464,Mi1,5906.000000000001
41136,Mi1,5906.000000000001
37839,Mi1,5906.000000000001
30997,Mi1,5906.000000000001
10015,HSN,5906.000000000001
68264,Tm3,5906.000000000001
66227,Tm3,5906.1
94089,T4d,5906.1
89866,T4b,5906.1
77891,Tm3,5906.1
60857,Mi1,5906.1
19420,LC4,5906.1
39164,Mi1,5906.1
37108,Mi1,5906.1
25584,LC4,5906.1
10555,OA-VUMa3,5906.1
94668,T4d,5906.1
41659,Mi1,5906.1
33614,Mi1,5906.2
100274,T4a,5906.2
10037,VS,5906.2
97872,T4d,5906.3
96081,T4a,5906.3
92644,T4d,5906.3
113171,T4b,5906.3
92281,T4c,5906.3
20917,LC4,5906.3
69164,Mi1,5906.3
82099,T4b,5906.3
10025,H2,5906.3
10016,HSE,5906.3
17364,LC4,5906.400000000001
37756,Mi1,5906.400000000001
38772,Mi1,5906.400000000001
39718,Mi1,5906.400000000001
75557,Tm3,5906.400000000001
78968,Tm3,5906.400000000001
86992,T4b,5906.400000000001
91283,T4c,5906.400000000001
102786,Tm3,5906.400000000001
101228,T4a,5906.5
94574,T4c,5906.5
90900,T4a,5906.5
91444,T4c,5906.5
35416,Mi1,5906.6
38648,Mi1,5906.6
46662,TmY3,5906.6
73447,Tm3,5906.6
83067,T4b,5906.6
83379,Tm3,5906.6
121170,Tm3,5906.6
88870,Tm3,5906.7
130994,Tm3,5906.7
151155,T4b,5906.7
76788,T4b,5906.7
105521,T4c,5906.7
37084,Mi1,5906.7
12109,OA-VUMa2,5906.7
38708,Mi1,5906.7
35897,Mi1,5906.7
35017,Mi1,5906.7
41809,Mi1,5906.8
71944,T2a,5906.8
90049,T4c,5906.8
101033,T4d,5906.8
104336,T4b,5906.8
104414,T4d,5906.8
97853,T4c,5906.8
98887,T4b,5906.900000000001
73320,T2,5906.900000000001
93750,T4c,5906.900000000001
91913,T4b,5906.900000000001
78561,Tm3,5906.900000000001
59008,Mi1,5906.900000000001
39525,Mi1,5906.900000000001
33766,Mi1,5906.900000000001
10012,VS,5906.900000000001
10011,OA-AL2i1,5906.900000000001
67963,Tm3,5906.900000000001
35234,Mi1,5907.0
37294,Mi1,5907.0
44222,Mi1,5907.0
87358,T4a,5907.0
96931,T4b,5907.0
98312,T4a,5907.0
98668,T4a,5907.0
102462,T4c,5907.0
108344,T4d,5907.0
97256,T4c,5907.1
40235,Mi1,5907.1
39405,Mi1,5907.1
31262,LC4,5907.1
10677,OA-AL2i4,5907.1
37853,Mi1,5907.1
527408,LC4,5907.200000000001
96671,T4c,5907.200000000001
118029,T4b,5907.200000000001
101620,T4b,5907.200000000001
100787,T4b,5907.200000000001
94368,T4a,5907.200000000001
17926,LC4,5907.200000000001
44282,Mi1,5907.200000000001
42594,Mi1,5907.200000000001
32893,Mi1,5907.200000000001
32535,Mi1,5907.200000000001
28945,LC4,5907.200000000001
58224,Mi1,5907.200000000001
10072,OA-AL2i1,5907.3
37391,Mi1,5907.3
98360,T4c,5907.3
110604,T4a,5907.3
119601,T4d,5907.3
125171,Tm3,5907.4
88575,T4b,5907.4
84663,T2a,5907.4
82699,Tm3,5907.4
49441,TmY3,5907.4
36452,Mi1,5907.4
38993,Mi1,5907.4
38178,Mi1,5907.4
37699,Mi1,5907.4
10322,OA-AL2i2,5907.4
40106,Mi1,5907.4
86932,T4b,5907.500000000001
100874,T4a,5907.500000000001
67072,T2a,5907.500000000001
111010,T4c,5907.500000000001
21287,LC4,5907.500000000001
10023,HSS,5907.500000000001
44449,TmY3,5907.500000000001
102975,T4b,5907.6
102564,T4a,5907.6
101480,T4c,5907.6
91804,T4d,5907.6
90430,T2a,5907.6
74303,Mi1,5907.6
74228,Tm3,5907.6
94356,T4c,5907.6
62856,T2,5907.6
40505,Mi1,5907.6
36158,Mi1,5907.6
17548,LC4,5907.6
16628,LC4,5907.6
10168,OA-VUMa6,5907.6
10110,OA-VUMa1,5907.6
66345,T2a,5907.6
539983,T4c,5907.7
525839,Mi1,5907.7
113207,T4d,5907.7
97545,T4c,5907.7
37243,Mi1,5907.7
40854,Mi1,5907.7
33446,Mi1,5907.7
96784,T4b,5907.7
88726,T4b,5907.8
108276,T4a,5907.8
104130,T4a,5907.8
40577,Mi1,5907.8
111980,T4d,5907.8
37270,Mi1,5907.8
34369,Mi1,5907.8
11134,VSm,5907.8
40256,Mi1,5907.8
96134,T4b,5907.900000000001
48547,TmY3,5907.900000000001
71131,Tm3,5907.900000000001
22034,LC4,5907.900000000001
10658,OA-AL2i3,5907.900000000001
38208,Mi1,5907.900000000001
38710,Mi1,5908.0
66325,Tm3,5908.0
81378,T4b,5908.0
104996,T4a,5908.0
96676,T4b,5908.1
101072,T4b,5908.1
104802,T4c,5908.1
96126,T4b,5908.1
36369,Mi1,5908.1
44527,Mi1,5908.1
10001,DNp01,5908.1
73795,TmY3,5908.1
21165,LC4,5908.2
33918,Mi1,5908.2
64341,TmY3,5908.2
69546,Tm3,5908.2
112594,T4b,5908.2
537004,VSm,5908.2
127170,Tm3,5908.3
109326,T4c,5908.3
67408,Mi1,5908.3
97193,T4a,5908.3
19954,LC4,5908.3
18189,LC4,5908.3
44119,Mi1,5908.3
34849,Mi1,5908.400000000001
45319,Mi1,5908.400000000001
72279,Mi1,5908.400000000001
79138,T2a,5908.400000000001
100310,T4d,5908.5
93166,T4c,5908.5
92682,T4a,5908.5
79449,T4b,5908.5
104257,T4b,5908.5
37927,Mi1,5908.5
37353,Mi1,5908.5
21313,LC4,5908.5
18127,LC4,5908.5
40703,Mi1,5908.5
102295,T4d,5908.599999999999
102045,T4a,5908.599999999999
94624,T4a,5908.599999999999
94071,T4a,5908.599999999999
93985,T4c,5908.599999999999
65307,T2,5908.599999999999
57349,Mi1,5908.599999999999
40944,Mi1,5908.599999999999
39275,Mi1,5908.599999999999
35734,Mi1,5908.599999999999
64149,Mi1,5908.599999999999
19550,LC4,5908.700000000001
35934,Mi1,5908.700000000001
104017,T4b,5908.700000000001
84490,T4a,5908.8
88922,T4c,5908.8
79314,T4b,5908.8
107170,T4b,5908.8
41668,Mi1,5908.8
12521,HST,5908.8
10206,VS,5908.8
65742,Tm3,5908.8
100087,T4b,5908.9
54885,TmY3,5908.9
38455,Mi1,5908.9
41120,Mi1,5908.9
107486,T4c,5909.000000000001
103148,T4a,5909.000000000001
99519,T4a,5909.000000000001
12896,OA-VUMa5,5909.000000000001
79083,Tm3,5909.000000000001
34463,Mi1,5909.000000000001
88398,T4a,5909.000000000001
16138,LC4,5909.1
36990,Mi1,5909.1
38768,Mi1,5909.1
43965,Mi1,5909.1
97105,T4d,5909.1
97145,T4c,5909.1
111184,T4a,5909.1
110182,T4c,5909.2
107445,T4a,5909.2
94953,T4d,5909.2
80282,T4d,5909.2
45322,Mi1,5909.2
37037,Mi1,5909.2
35218,Mi1,5909.2
20808,LC4,5909.2
10204,OA-AL2i2,5909.2
11921,OA-VPM4,5909.3
41626,Mi1,5909.3
44700,Mi1,5909.3
46745,Mi1,5909.3
106190,T4d,5909.3
110855,T4a,5909.400000000001
104256,T4a,5909.400000000001
102572,T4c,5909.400000000001
85938,T4a,5909.400000000001
80284,Tm3,5909.400000000001
103780,T4c,5909.400000000001
45176,Mi1,5909.400000000001
10015,HSN,5909.400000000001
10016,HSE,5909.400000000001
74259,T2a,5909.400000000001
22847,LC4,5909.400000000001
41522,Mi1,5909.400000000001
10025,H2,5909.5
33326,Mi1,5909.5
39743,Mi1,5909.5
90566,T4d,5909.5
99348,T4c,5909.5
102147,T4c,5909.5
112179,T4b,5909.5
82208,T2a,5909.5
96307,T4a,5909.6
103677,T4b,5909.6
98439,T4a,5909.6
97675,T4c,5909.6
105962,T4b,5909.6
36881,Mi1,5909.6
33462,Mi1,5909.6
33110,Mi1,5909.6
10112,VS,5909.6
35447,Mi1,5909.6
800146,TTMn,5909.7
112744,T4d,5909.7
93527,T4a,5909.7
88491,T4a,5909.7
37948,Mi1,5909.7
12688,OA-ASM1,5909.7
10041,OA-VUMa1,5909.7
10037,VS,5909.7
37438,Mi1,5909.7
99137,T4c,5909.8
107211,T4d,5909.8
106886,T4c,5909.8
95453,T4a,5909.8
87412,T4c,5909.8
66808,Tm3,5909.8
47368,TmY3,5909.8
34606,Mi1,5909.8
22194,LC4,5909.8
105698,T4c,5909.900000000001
98404,T4d,5909.900000000001
118551,Tm3,5909.900000000001
69961,Tm3,5909.900000000001
65850,T2a,5909.900000000001
70490,Mi1,5909.900000000001
10687,OA-AL2i3,5910.0
10755,H1,5910.0
39505,Mi1,5910.0
40596,Mi1,5910.0
62851,Tm3,5910.0
83682,Tm3,5910.0
111949,T4c,5910.0
113410,T4d,5910.099999999999
120016,Tm3,5910.099999999999
99316,T4b,5910.099999999999
17668,LC4,5910.099999999999
43323,Mi1,5910.099999999999
22975,LC4,5910.099999999999
93927,T4a,5910.099999999999
10825,OA-AL2i3,5910.200000000001
15422,VST2,5910.200000000001
35405,Mi1,5910.200000000001
40832,Mi1,5910.200000000001
83639,T2a,5910.200000000001
91914,T4a,5910.200000000001
98504,T4c,5910.200000000001
111416,Tm3,5910.200000000001
83465,T4a,5910.3
87873,T4b,5910.3
71089,Mi1,5910.3
34862,Mi1,5910.3
37555,Mi1,5910.3
10185,OA-VUMa8,5910.3
51049,Mi1,5910.3
23098,LC4,5910.4
23392,LC4,5910.4
34938,Mi1,5910.4
37123,Mi1,5910.4
102112,T4c,5910.4
116633,T4c,5910.4
122308,Tm3,5910.4
135612,Tm3,5910.5
103302,T4c,5910.5
99387,T4a,5910.5
90135,T4c,5910.5
89485,T4a,5910.5
35260,Mi1,5910.5
35113,Mi1,5910.5
34142,Mi1,5910.5
21336,LC4,5910.5
71394,T2a,5910.5
100046,T4b,5910.6
95921,T4c,5910.6
92047,T4c,5910.6
61292,T2,5910.6
34867,Mi1,5910.6
71052,T2a,5910.6
10001,DNp01,5910.7
67424,T2,5910.7
87763,T4a,5910.7
120231,Tm3,5910.7
106026,T4b,5910.8
103725,T4a,5910.8
98226,T4b,5910.8
97792,T4b,5910.8
33907,Mi1,5910.8
30480,LC4,5910.8
21225,LC4,5910.900000000001
33942,Mi1,5910.900000000001
35602,Mi1,5910.900000000001
89290,T4d,5910.900000000001
89728,Tm3,5910.900000000001
93509,T4b,5910.900000000001
101772,Tm3,5910.900000000001
102298,T4c,5910.900000000001
109649,T4c,5910.900000000001
105565,Tm3,5911.0
71230,Tm3,5911.0
68562,T2a,5911.0
58862,Mi1,5911.0
20588,LC4,5911.0
16128,LC4,5911.0
64778,TmY3,5911.0
35724,Mi1,5911.1
68412,T2a,5911.1
89434,T4c,5911.1
101302,T4d,5911.1
106522,T4d,5911.1
109857,T4d,5911.1
112088,T4d,5911.1
114338,T4c,5911.1
115369,T4c,5911.1
109996,T4c,5911.2
94224,T4b,5911.2
47465,TmY3,5911.2
44592,TmY3,5911.2
46324,TmY3,5911.2
10023,HSS,5911.2
10284,VS,5911.3
35836,Mi1,5911.3
38230,Mi1,5911.3
101244,T4b,5911.3
113991,T4d,5911.3
97677,T4c,5911.400000000001
81836,T2a,5911.400000000001
104297,T4a,5911.400000000001
35888,Mi1,5911.400000000001
22966,LC4,5911.400000000001
42533,TmY3,5911.400000000001
118502,T4b,5911.5
111783,T4a,5911.5
94179,T4a,5911.5
100345,T4c,5911.5
33017,Mi1,5911.5
20542,LC4,5911.5
19794,LC4,5911.5
67150,T2a,5911.5
102113,T4b,5911.599999999999
17054,LC4,5911.599999999999
67131,Tm3,5911.599999999999
76121,Tm3,5911.599999999999
99975,T4c,5911.599999999999
89368,T4c,5911.700000000001
149504,T4d,5911.700000000001
80437,Tm3,5911.700000000001
89409,T4a,5911.700000000001
78108,T2a,5911.700000000001
96199,T4a,5911.700000000001
35580,Mi1,5911.700000000001
22328,LC4,5911.700000000001
20634,VST1,5911.700000000001
41435,Mi1,5911.700000000001
10269,OA-AL2i2,5911.700000000001
19260,LC4,5911.8
50633,TmY3,5911.8
59959,Mi1,5911.8
90423,T4b,5911.8
97899,T4a,5911.8
98398,T4c,5911.8
98467,T4d,5911.8
92251,T4b,5911.9
66852,Mi1,5911.9
65671,Mi1,5911.9
48986,TmY3,5911.9
20282,LC4,5911.9
11602,OA-ASM1,5911.9
11005,OA-VUMa4,5911.9
10226,OA-AL2i3,5911.9
11608,OA-VUMa2,5912.0
35045,Mi1,5912.0
42758,Mi1,5912.0
72190,Tm3,5912.0
91629,T4a,5912.0
96260,T4d,5912.0
108594,T4d,5912.0
108847,T4d,5912.0
90219,T4a,5912.1
66357,T2a,5912.1
42119,Mi1,5912.1
94948,T4c,5912.1
35774,Mi1,5912.1
34296,Mi1,5912.1
26112,LC4,5912.1
40426,Mi1,5912.1
10012,VS,5912.2
14416,VST2,5912.2
60337,TmY3,5912.2
77138,Tm3,5912.2
98862,Tm3,5912.2
100190,T4c,5912.2
129930,Tm3,5912.3
107159,T4b,5912.3
106701,T4d,5912.3
98625,T4a,5912.3
92911,T4c,5912.3
107412,Tm3,5912.3
86419,Tm3,5912.3
51122,Mi1,5912.3
39438,Mi1,5912.3
35001,Mi1,5912.3
86630,Tm3,5912.3
106745,T4b,5912.4
76003,Tm3,5912.4
69723,Tm3,5912.4
84010,Tm3,5912.4
41709,Mi1,5912.4
40171,Mi1,5912.4
34626,Mi1,5912.4
43689,Mi1,5912.4
119213,T4c,5912.5
10016,HSE,5912.5
23929,LC4,5912.5
35235,Mi1,5912.5
38479,Mi1,5912.5
70812,TmY3,5912.5
80812,T4a,5912.5
99850,T4a,5912.5
102519,T4a,5912.5
135467,Tm3,5912.5
94703,T4c,5912.6
101770,T4b,5912.6
74231,Tm3,5912.6
10025,H2,5912.6
49324,Mi1,5912.6
55101,Mi1,5912.6
34272,Mi1,5912.7
53156,TmY3,5912.7
62894,Tm3,5912.7
67113,Mi1,5912.7
69266,Tm3,5912.7
86175,T4a,5912.7
88992,T4c,5912.7
90567,T4b,5912.7
95554,T4b,5912.7
98175,T4c,5912.7
107819,T4c,5912.7
46248,Mi1,5912.8
99011,T4c,5912.8
41637,Mi1,5912.8
10015,HSN,5912.900000000001
24338,LC4,5912.900000000001
39692,TmY3,5912.900000000001
45696,Mi1,5912.900000000001
80906,T4c,5912.900000000001
110403,T4b,5912.900000000001
37529,Mi1,5913.0
19634,LC4,5913.0
40599,TmY3,5913.0
40635,Mi1,5913.0
98222,T4d,5913.0
91725,T4b,5913.099999999999
87565,T4a,5913.099999999999
110076,T4c,5913.099999999999
96728,T4c,5913.099999999999
68342,Tm3,5913.099999999999
78911,Tm3,5913.099999999999
37631,Mi1,5913.099999999999
36911,Mi1,5913.099999999999
33216,Mi1,5913.099999999999
17987,LC4,5913.099999999999
63420,Mi1,5913.099999999999
10120,OA-VPM4,5913.200000000001
53065,Mi1,5913.200000000001
93566,T4a,5913.200000000001
93604,T4a,5913.200000000001
91674,T4a,5913.3
100855,T4a,5913.3
90121,T4b,5913.3
76524,Tm3,5913.3
10037,VS,5913.3
36252,Mi1,5913.3
10652,OA-AL2i4,5913.3
45948,TmY3,5913.3
542412,Mi1,5913.4
108161,T4a,5913.4
10001,DNp01,5913.4
38065,LC4,5913.4
20399,LC4,5913.5
100206,T4c,5913.5
101742,T4c,5913.5
101865,T4a,5913.5
111581,T4d,5913.6
10206,VS,5913.6
30803,LC4,5913.6
36954,Mi1,5913.6
38893,Mi1,5913.6
63175,Mi1,5913.6
111852,T4a,5913.700000000001
103022,T4a,5913.700000000001
526158,Mi1,5913.700000000001
77344,Tm3,5913.700000000001
31492,Mi1,5913.700000000001
38721,Mi1,5913.700000000001
34479,Mi1,5913.700000000001
34356,Mi1,5913.700000000001
42010,TmY3,5913.700000000001
10112,VS,5913.8
10799,OA-VUMa4,5913.8
41296,Mi1,5913.8
48286,Mi1,5913.8
54087,Mi1,5913.8
81037,T2a,5913.8
91366,T4b,5913.8
108675,T4b,5913.9
46827,Mi1,5913.9
40411,Mi1,5913.9
35428,Mi1,5913.9
34933,Mi1,5913.9
40219,Mi1,5913.9
23792,LC4,5914.000000000001
37371,Mi1,5914.000000000001
37599,Mi1,5914.000000000001
103073,T4a,5914.000000000001
106587,T4d,5914.000000000001
72148,Tm3,5914.1
92114,T4c,5914.1
106362,T4d,5914.1
38529,Mi1,5914.1
77527,T4a,5914.1
36646,Mi1,5914.1
21804,LC4,5914.1
10311,VS,5914.1
10072,OA-AL2i1,5914.1
36684,Mi1,5914.1
73586,Tm3,5914.2
85126,T4a,5914.2
97141,T4a,5914.2
111685,T4d,5914.2
113228,T4b,5914.2
112619,T4d,5914.3
100785,T4b,5914.3
93142,T4a,5914.3
101005,T4d,5914.3
38687,Mi1,5914.3
36305,Mi1,5914.3
19543,LC4,5914.3
79271,T4a,5914.3
103645,T4c,5914.400000000001
103025,T4a,5914.400000000001
99837,T4a,5914.400000000001
35806,Mi1,5914.400000000001
65235,T2,5914.400000000001
20673,LC4,5914.400000000001
17860,LC4,5914.400000000001
10755,H1,5914.400000000001
25584,LC4,5914.400000000001
87106,T4a,5914.5
98026,T4b,5914.5
104390,T4a,5914.5
93419,T4b,5914.5
90657,T4a,5914.5
86686,T4c,5914.5
95926,T4a,5914.5
42872,Mi1,5914.5
21313,LC4,5914.5
21151,LC4,5914.5
20808,LC4,5914.5
20016,LC4,5914.5
10265,OA-AL2i2,5914.5
63994,Mi1,5914.5
106295,T4b,5914.6
58703,T2,5914.6
34045,Mi1,5914.6
18127,LC4,5914.6
38514,Mi1,5914.6
96211,T4d,5914.7
108697,T4d,5914.7
108625,T4b,5914.7
107529,T4d,5914.7
48607,TmY3,5914.7
42895,Mi1,5914.7
38133,Mi1,5914.7
19420,LC4,5914.7
17266,LC4,5914.7
16628,LC4,5914.7
43414,Mi1,5914.7
16606,VST2,5914.8
37733,TmY3,5914.8
57398,Mi1,5914.8
72955,T2a,5914.8
93360,T4b,5914.8
63825,Tm3,5914.900000000001
121093,T4b,5914.900000000001
116114,T4d,5914.900000000001
546524,Mi1,5914.900000000001
43978,Mi1,5914.900000000001
92055,T4c,5914.900000000001
29563,LC4,5914.900000000001
17926,LC4,5914.900000000001
17364,LC4,5914.900000000001
10023,HSS,5914.900000000001
35683,Mi1,5914.900000000001
537004,VSm,5915.0
111928,T4b,5915.0
96219,T4b,5915.0
95736,T4c,5915.0
90533,T4c,5915.0
84063,T4b,5915.0
69915,TmY3,5915.0
41613,Mi1,5915.0
41399,Mi1,5915.0
36139,Mi1,5915.0
19954,LC4,5915.0
78739,T4b,5915.0
103314,T4b,5915.1
89099,T4a,5915.1
87827,T2a,5915.1
38461,Mi1,5915.1
39158,Mi1,5915.1
38421,Mi1,5915.1
68212,T2a,5915.1
34300,Mi1,5915.200000000001
36660,Mi1,5915.200000000001
47211,Mi1,5915.200000000001
66604,TmY3,5915.200000000001
68840,TmY3,5915.200000000001
93482,T4d,5915.200000000001
105379,T4c,5915.200000000001
113568,T4d,5915.200000000001
287884,OA-VPM3,5915.200000000001
118948,T4d,5915.3
108307,T4b,5915.3
90371,T4d,5915.3
83677,T4c,5915.3
38748,Mi1,5915.3
45719,Mi1,5915.3
10322,OA-AL2i2,5915.3
83438,T4a,5915.3
17548,LC4,5915.3
100897,T4c,5915.4
103226,T4d,5915.4
98325,T4d,5915.4
97249,T4d,5915.4
91806,T4a,5915.4
90394,T4a,5915.4
90097,T4c,5915.4
97878,T4b,5915.4
72558,T2a,5915.4
68167,Tm3,5915.4
63468,Mi1,5915.4
61353,T2,5915.4
40026,TmY3,5915.4
38987,Mi1,5915.4
37113,Mi1,5915.4
87390,T2a,5915.4
110910,Tm3,5915.500000000001
97318,T4d,5915.500000000001
95005,T4a,5915.500000000001
90145,T4a,5915.500000000001
45162,TmY3,5915.500000000001
74159,Tm3,5915.500000000001
38241,Mi1,5915.500000000001
16138,LC4,5915.500000000001
85009,Tm3,5915.500000000001
52350,Mi1,5915.6
101463,T4d,5915.6
85924,T4a,5915.6
83125,T4b,5915.6
109652,T4d,5915.6
39651,Mi1,5915.6
35290,Mi1,5915.6
35100,Mi1,5915.6
10016,HSE,5915.6
38227,Mi1,5915.6
109384,T4d,5915.7
106922,T4c,5915.7
101043,T4c,5915.7
87566,T4a,5915.7
68982,Tm3,5915.7
48514,TmY3,5915.7
41545,Mi1,5915.7
39727,Mi1,5915.7
37680,Mi1,5915.7
60979,TmY3,5915.7
96657,T4c,5915.8
107297,T4c,5915.8
171349687,Tm3,5915.8
99292,T4a,5915.8
95458,T4d,5915.8
11264,OA-ASM1,5915.8
79875,T4c,5915.8
38791,Mi1,5915.8
36346,Mi1,5915.8
10025,H2,5915.8
94058,T4b,5915.8
91934,T4a,5915.900000000001
100501,T4b,5915.900000000001
83979,T4a,5916.0
106819,T4b,5916.0
128916,Tm3,5916.0
88167,T4b,5916.0
83191,T4a,5916.0
102425,T4b,5916.0
55976,Mi1,5916.0
50333,TmY3,5916.0
39858,Mi1,5916.0
38632,Mi1,5916.0
22194,LC4,5916.0
79297,T4a,5916.0
103657,T4b,5916.1
101685,T4b,5916.1
98137,T4d,5916.1
97306,T4a,5916.1
97028,T4c,5916.1
99074,T4b,5916.1
95972,T4d,5916.1
83365,T2a,5916.1
82976,Tm3,5916.1
95985,T4c,5916.1
38477,Mi1,5916.1
10001,DNp01,5916.1
98300,T4a,5916.2
100996,T4b,5916.2
36275,Mi1,5916.2
38767,Mi1,5916.2
11134,VSm,5916.3
23392,LC4,5916.3
94567,T4c,5916.3
98381,T4d,5916.3
101081,T4c,5916.3
102016,T4a,5916.3
102703,T4a,5916.3
35890,Mi1,5916.400000000001
35770,Mi1,5916.400000000001
67152,Tm3,5916.400000000001
23098,LC4,5916.400000000001
34079,Mi1,5916.400000000001
10015,HSN,5916.400000000001
10080,OA-VUMa3,5916.5
58527,TmY3,5916.5
80302,T2a,5916.5
94755,T4a,5916.5
133040,Tm3,5916.5
68842,TmY3,5916.599999999999
98788,T4d,5916.599999999999
98751,T4a,5916.599999999999
96394,T4b,5916.599999999999
42048,Mi1,5916.599999999999
21225,LC4,5916.599999999999
95345,T4d,5916.599999999999
75172,T2a,5916.700000000001
99731,T4c,5916.700000000001
78731,Tm3,5916.700000000001
112369,T4d,5916.700000000001
69063,Mi1,5916.700000000001
47962,TmY3,5916.700000000001
44438,Mi1,5916.700000000001
35498,Mi1,5916.700000000001
71228,T2a,5916.700000000001
103497,Tm3,5916.8
101245,T4a,5916.8
37000,Mi1,5916.8
22034,LC4,5916.8
10677,OA-AL2i4,5916.8
10175,OA-VUMa6,5916.8
10037,VS,5916.8
18189,LC4,5916.8
104674,T4a,5916.9
800146,TTMn,5916.9
106664,T4c,5916.9
106535,T4d,5916.9
100867,T4b,5916.9
83583,T4d,5916.9
91469,T4c,5916.9
96830,T4b,5916.9
77307,Tm3,5916.9
21336,LC4,5916.9
20917,LC4,5916.9
10110,OA-VUMa1,5917.000000000001
10187,OA-VPM3,5917.000000000001
16128,LC4,5917.000000000001
98409,T4c,5917.000000000001
102845,T4b,5917.000000000001
94305,T4a,5917.1
81215,Tm3,5917.1
44564,TmY3,5917.1
34899,Mi1,5917.1
36540,Mi1,5917.1
36410,Mi1,5917.1
39688,Mi1,5917.1
60698,TmY3,5917.2
533688,Tm3,5917.2
67308,Mi1,5917.2
47967,Mi1,5917.2
16570,VST2,5917.2
35777,Mi1,5917.2
12521,HST,5917.2
37138,Mi1,5917.2
21165,LC4,5917.3
36177,Mi1,5917.3
38238,Mi1,5917.3
48531,Mi1,5917.3
78422,Tm3,5917.3
97885,T4a,5917.3
110988,T4a,5917.3
94743,T4d,5917.400000000001
108824,T4d,5917.400000000001
106338,T4a,5917.400000000001
100033,T4c,5917.400000000001
93972,T4a,5917.400000000001
10012,VS,5917.400000000001
36695,Mi1,5917.400000000001
35840,Mi1,5917.400000000001
35512,Mi1,5917.400000000001
19260,LC4,5917.400000000001
85378,T4a,5917.400000000001
21287,LC4,5917.5
37568,Mi1,5917.5
58967,TmY3,5917.5
99671,T4c,5917.5
100946,T4c,5917.6
85856,TmY3,5917.6
92431,T4a,5917.6
48894,TmY3,5917.6
10284,VS,5917.6
75343,Tm3,5917.6
103440,T4d,5917.7
10112,VS,5917.7
12109,OA-VUMa2,5917.7
17668,LC4,5917.7
35173,Mi1,5917.7
37509,Mi1,5917.7
57239,Mi1,5917.7
75298,T2a,5917.7
79259,T4b,5917.7
90740,Tm3,5917.7
100838,T4c,5917.7
96434,T4d,5917.8
75521,T2a,5917.8
33091,Mi1,5917.8
67810,Tm3,5917.8
36217,Mi1,5917.900000000001
67614,Mi1,5917.900000000001
70289,Mi1,5917.900000000001
71402,Tm3,5917.900000000001
91179,T4a,5917.900000000001
94324,Tm3,5917.900000000001
99980,T4c,5917.900000000001
102991,T4c,5917.900000000001
104191,T4a,5917.900000000001
85229,T4c,5918.0
112310,T4d,5918.0
105180,T4c,5918.0
96835,T4b,5918.0
57871,T2,5918.0
79345,T2a,5918.0
39595,Mi1,5918.0
92082,T4b,5918.0
80911,Tm3,5918.099999999999
33655,Mi1,5918.099999999999
34057,Mi1,5918.099999999999
37224,Mi1,5918.099999999999
41804,Mi1,5918.099999999999
42675,Mi1,5918.099999999999
82855,Tm3,5918.099999999999
97171,T4d,5918.200000000001
95007,T4a,5918.200000000001
102448,T4d,5918.200000000001
88625,T4c,5918.200000000001
96295,T4b,5918.200000000001
81064,Tm3,5918.200000000001
77226,T2a,5918.200000000001
86696,T4d,5918.200000000001
43615,Mi1,5918.200000000001
10206,VS,5918.200000000001
286259,OA-ASM1,5918.3
111380,Tm3,5918.3
97184,T4d,5918.3
97866,T4d,5918.3
41654,Mi1,5918.3
35897,Mi1,5918.3
46784,Mi1,5918.3
10687,OA-AL2i3,5918.4
20542,LC4,5918.4
37390,Mi1,5918.4
78503,T2a,5918.4
84631,T4c,5918.4
96163,T4b,5918.5
98393,T4a,5918.5
88815,T4d,5918.5
39500,Mi1,5918.5
57164,TmY3,5918.5
40085,Mi1,5918.5
77846,Tm3,5918.5
102910,T4b,5918.6
10016,HSE,5918.6
10023,HSS,5918.6
22328,LC4,5918.6
23606,Mi1,5918.6
36994,Mi1,5918.6
38857,Mi1,5918.6
54211,TmY3,5918.6
92706,T4a,5918.6
92842,T4a,5918.6
100032,T4c,5918.6
98654,T4d,5918.7
37088,Mi1,5918.7
122273,Tm3,5918.7
95017,T4c,5918.7
10755,H1,5918.7
10001,DNp01,5918.7
86416,T4a,5918.7
34189,Mi1,5918.8
39067,Mi1,5918.8
39629,Mi1,5918.8
43872,Mi1,5918.8
51231,TmY3,5918.8
102801,T4b,5918.8
103425,T4a,5918.8
107640,T4c,5918.900000000001
109645,T4b,5918.900000000001
90027,T4c,5918.900000000001
64712,T2a,5918.900000000001
62569,T2,5918.900000000001
41136,Mi1,5918.900000000001
34404,Mi1,5918.900000000001
40400,Mi1,5919.0
41950,Mi1,5919.0
42691,Mi1,5919.0
65531,T2a,5919.0
106840,T4b,5919.0
110482,T4b,5919.0
95454,T4a,5919.1
95681,T4a,5919.1
98890,T4c,5919.1
93025,T4b,5919.1
100488,T4c,5919.1
105332,T4b,5919.1
99163,T4a,5919.1
92684,T4c,5919.1
74010,T2a,5919.1
48060,Mi1,5919.1
40936,Mi1,5919.1
36533,Mi1,5919.1
24338,LC4,5919.1
10269,OA-AL2i2,5919.1
10025,H2,5919.1
82674,T4a,5919.1
105574,T4d,5919.2
92640,T4d,5919.2
34171,Mi1,5919.2
35416,Mi1,5919.2
22975,LC4,5919.2
10658,OA-AL2i3,5919.2
31848,Mi1,5919.2
105718,T4b,5919.3
20588,LC4,5919.3
64260,T2,5919.3
65833,Mi1,5919.3
72586,Tm3,5919.3
75848,T2a,5919.3
76074,Tm3,5919.3
84800,Tm3,5919.3
91505,T4c,5919.3
35845,Mi1,5919.400000000001
35152,Mi1,5919.400000000001
90259,T4d,5919.400000000001
19550,LC4,5919.400000000001
93865,T4c,5919.400000000001
10825,OA-AL2i3,5919.400000000001
10555,OA-VUMa3,5919.400000000001
10168,OA-VUMa6,5919.400000000001
18127,LC4,5919.400000000001
93984,T4b,5919.400000000001
88698,T4a,5919.5
132339,Tm3,5919.5
56564,Mi1,5919.5
103867,T4a,5919.5
35017,Mi1,5919.5
10041,OA-VUMa1,5919.5
43485,Mi1,5919.5
69597,Tm3,5919.599999999999
72501,Mi1,5919.599999999999
74927,Tm3,5919.599999999999
78477,T4a,5919.599999999999
89252,T4b,5919.599999999999
94468,T4c,5919.599999999999
106401,T4d,5919.599999999999
109868,Tm3,5919.700000000001
98039,T4d,5919.700000000001
94283,T4d,5919.700000000001
39894,T4b,5919.700000000001
77906,T2a,5919.700000000001
21313,LC4,5919.700000000001
89934,T4d,5919.700000000001
63673,Tm3,5919.8
113945,T4d,5919.8
107464,T4a,5919.8
97769,T4a,5919.8
95242,T4d,5919.8
92939,T4b,5919.8
60857,Mi1,5919.8
19794,LC4,5919.8
43783,Mi1,5919.8
40795,Mi1,5919.8
35712,Mi1,5919.8
33614,Mi1,5919.8
10015,HSN,5919.8
45349,Mi1,5919.8
37044,Mi1,5919.9
39718,Mi1,5919.9
96774,T4c,5919.9
100956,T4d,5920.0
117039,T4c,5920.0
106950,T4c,5920.0
97161,T4a,5920.0
30997,Mi1,5920.0
94282,T4c,5920.0
40256,Mi1,5920.0
37294,Mi1,5920.0
95883,T4a,5920.0
10037,VS,5920.1
17054,LC4,5920.1
20808,LC4,5920.1
35234,Mi1,5920.1
95532,T4a,5920.1
110646,T4b,5920.1
108974,T4c,5920.2
102791,T4c,5920.2
82299,T4c,5920.2
74375,Tm3,5920.2
71765,T2a,5920.2
71188,T2a,5920.2
37391,Mi1,5920.2
37270,Mi1,5920.2
36452,Mi1,5920.2
12896,OA-VUMa5,5920.2
59397,Mi1,5920.2
38648,Mi1,5920.3
41536,Mi1,5920.3
41659,Mi1,5920.3
66980,T2a,5920.3
93407,T4d,5920.3
109598,T4b,5920.3
104858,T4b,5920.4
104753,T4a,5920.4
96424,T4b,5920.4
87424,T4d,5920.4
42594,Mi1,5920.4
39716,Mi1,5920.4
39275,Mi1,5920.4
73284,T2a,5920.4
117221,T4c,5920.5
89282,T4a,5920.5
85152,T4c,5920.5
77484,T4d,5920.5
115422,T4c,5920.5
40235,Mi1,5920.5
39525,Mi1,5920.5
17926,LC4,5920.5
47686,TmY3,5920.5
22847,LC4,5920.6
36446,Mi1,5920.6
70632,Tm3,5920.6
80913,T4a,5920.6
102579,T4b,5920.6
99670,T4c,5920.7
112969,T4c,5920.7
107719,T4b,5920.7
87896,T4a,5920.7
37839,Mi1,5920.7
67971,Tm3,5920.7
67464,Mi1,5920.7
77395,T4b,5920.7
34658,Mi1,5920.799999999999
38708,Mi1,5920.799999999999
62078,Mi1,5920.799999999999
72005,Tm3,5920.799999999999
80483,T4c,5920.799999999999
91303,T4b,5920.799999999999
109153,T4a,5920.799999999999
95629,T4c,5920.900000000001
99663,T4c,5920.900000000001
109023,T4c,5920.900000000001
73767,Mi1,5920.900000000001
19543,LC4,5920.900000000001
39164,Mi1,5920.900000000001
10185,OA-VUMa8,5920.900000000001
42856,Mi1,5920.900000000001
114884,T4d,5921.0
106912,Tm3,5921.0
103579,T4c,5921.0
38710,Mi1,5921.0
82529,T2a,5921.0
37853,Mi1,5921.0
33766,Mi1,5921.0
10072,OA-AL2i1,5921.0
38178,Mi1,5921.0
71036,T2a,5921.099999999999
80582,T4a,5921.099999999999
74860,Tm3,5921.099999999999
97981,T4a,5921.099999999999
71164,Mi1,5921.099999999999
44222,Mi1,5921.099999999999
32535,Mi1,5921.099999999999
38772,Mi1,5921.099999999999
37699,Mi1,5921.099999999999
37019,Mi1,5921.099999999999
20399,LC4,5921.099999999999
11005,OA-VUMa4,5921.099999999999
41671,TmY3,5921.099999999999
537004,VSm,5921.200000000001
117151,T4d,5921.200000000001
93224,T4a,5921.200000000001
88933,T4a,5921.200000000001
74411,Mi1,5921.200000000001
81401,T4b,5921.200000000001
69793,T2a,5921.200000000001
45319,Mi1,5921.200000000001
38487,Mi1,5921.200000000001
22194,LC4,5921.200000000001
71029,T2,5921.200000000001
10001,DNp01,5921.3
10112,VS,5921.3
33394,Mi1,5921.3
39405,Mi1,5921.3
40703,Mi1,5921.3
74023,T2a,5921.3
121245,Tm3,5921.3
85536,T4a,5921.400000000001
58224,Mi1,5921.400000000001
37243,Mi1,5921.400000000001
38993,Mi1,5921.400000000001
19954,LC4,5921.5
25584,LC4,5921.5
32893,Mi1,5921.5
36158,Mi1,5921.5
37756,Mi1,5921.5
40958,Mi1,5921.5
74303,Mi1,5921.5
82425,T4b,5921.5
83042,T4b,5921.5
86778,T4a,5921.5
90952,T4c,5921.5
99922,T4c,5921.6
110555,T4b,5921.6
49322,TmY3,5921.6
104123,T4b,5921.6
38208,Mi1,5921.6
10016,HSE,5921.6
43063,Mi1,5921.6
34369,Mi1,5921.6
10204,OA-AL2i2,5921.700000000001
12688,OA-ASM1,5921.700000000001
37677,Mi1,5921.700000000001
69164,Mi1,5921.700000000001
71475,Tm3,5921.700000000001
104478,T4d,5921.700000000001
119103,T4c,5921.700000000001
94081,T4c,5921.700000000001
117882,T4b,5921.8
92668,T2a,5921.8
108948,T4b,5921.8
103108,T4b,5921.8
94866,T4d,5921.8
94482,T4d,5921.8
92862,T4b,5921.8
91987,T4c,5921.8
81733,Tm3,5921.8
77916,T2a,5921.8
64633,T2a,5921.8
34849,Mi1,5921.8
28945,LC4,5921.8
85074,T4a,5921.8
108870,T4a,5921.9
108349,T4d,5921.9
102229,T4d,5921.9
93021,T4a,5921.9
65513,T2a,5921.9
78856,Tm3,5921.9
64977,T2,5921.9
59008,Mi1,5921.9
87845,T4a,5921.9
104683,T4b,5922.000000000001
44282,Mi1,5922.000000000001
91057,T4c,5922.000000000001
37084,Mi1,5922.000000000001
39791,Mi1,5922.000000000001
102388,T4d,5922.1
95822,T4b,5922.1
88152,T4c,5922.1
79646,Tm3,5922.1
56984,TmY3,5922.1
64149,Mi1,5922.1
40505,Mi1,5922.1
37585,Mi1,5922.1
37353,Mi1,5922.1
33446,Mi1,5922.1
43965,Mi1,5922.1
85866,T4b,5922.2
127970,Tm3,5922.2
107420,T4b,5922.2
104412,T4a,5922.2
57349,Mi1,5922.2
73301,Tm3,5922.2
25893,VST1,5922.2
23392,LC4,5922.2
16138,LC4,5922.2
10023,HSS,5922.2
38768,Mi1,5922.2
44119,Mi1,5922.3
101732,T4c,5922.3
96003,T4d,5922.3
79483,Tm3,5922.3
61401,T2a,5922.3
41809,Mi1,5922.3
20282,LC4,5922.3
17987,LC4,5922.3
16628,LC4,5922.3
42942,Mi1,5922.3
104622,T4b,5922.400000000001
107812,T4a,5922.400000000001
104018,T4c,5922.400000000001
134209,Tm3,5922.400000000001
527408,LC4,5922.400000000001
67408,Mi1,5922.400000000001
10025,H2,5922.400000000001
35218,Mi1,5922.400000000001
23098,LC4,5922.400000000001
21225,LC4,5922.400000000001
20673,LC4,5922.400000000001
10012,VS,5922.400000000001
37108,Mi1,5922.400000000001
105115,T4d,5922.5
104884,T4b,5922.5
103870,T4a,5922.5
71583,Tm3,5922.5
50345,TmY3,5922.5
16128,LC4,5922.5
72665,Mi1,5922.5
83009,T4b,5922.6
100726,T4d,5922.6
117652,T4d,5922.6
40577,Mi1,5922.6
26112,LC4,5922.6
35734,Mi1,5922.6
19420,LC4,5922.6
36369,Mi1,5922.6
92146,T4a,5922.7
20634,VST1,5922.7
34463,Mi1,5922.7
35934,Mi1,5922.7
40854,Mi1,5922.7
72655,Mi1,5922.7
90206,T4b,5922.7
91345,T4c,5922.7
100924,T4b,5922.7
97145,T4c,5922.8
105313,T4a,5922.8
92141,T4a,5922.8
64849,Tm3,5922.8
36990,Mi1,5922.8
24867,VST1,5922.8
11602,OA-ASM1,5922.8
11134,VSm,5922.8
112453,T4c,5922.900000000001
103351,T4a,5922.900000000001
84008,T4c,5922.900000000001
81372,Tm3,5922.900000000001
58945,Tm3,5922.900000000001
50552,Mi1,5922.900000000001
46230,TmY3,5922.900000000001
81706,T2a,5922.900000000001
38596,Mi1,5922.900000000001
38455,Mi1,5922.900000000001
37927,Mi1,5922.900000000001
35572,Mi1,5922.900000000001
21336,LC4,5922.900000000001
11608,OA-VUMa2,5922.900000000001
10322,OA-AL2i2,5922.900000000001
40944,Mi1,5922.900000000001
103765,T4d,5923.0
99310,T4a,5923.0
96812,T4a,5923.0
95677,T4c,5923.0
40106,Mi1,5923.0
48547,TmY3,5923.0
33462,Mi1,5923.0
33326,Mi1,5923.0
90796,T4d,5923.0
94471,T4a,5923.1
525839,Mi1,5923.1
101382,T4c,5923.1
63489,T2,5923.1
85429,T4d,5923.1
33918,Mi1,5923.1
10755,H1,5923.1
10206,VS,5923.1
44449,TmY3,5923.1
85598,T4b,5923.200000000001
10015,HSN,5923.200000000001
42533,TmY3,5923.200000000001
58196,TmY3,5923.200000000001
63021,Tm3,5923.200000000001
76788,T4b,5923.200000000001
92552,T4a,5923.200000000001
100673,T4b,5923.200000000001
49788,TmY3,5923.3
70321,Tm3,5923.3
41668,Mi1,5923.3
114201,T4c,5923.3
116439,T4c,5923.3
104853,T4c,5923.3
45322,Mi1,5923.3
37948,Mi1,5923.3
33110,Mi1,5923.3
33017,Mi1,5923.3
27788,Mi1,5923.3
17548,LC4,5923.3
42006,TmY3,5923.3
66538,T2,5923.4
10037,VS,5923.4
19634,LC4,5923.4
30803,LC4,5923.4
35447,Mi1,5923.4
41626,Mi1,5923.4
44527,Mi1,5923.4
99572,T4a,5923.4
111613,T4d,5923.500000000001
127615,Tm3,5923.500000000001
101228,T4a,5923.500000000001
33942,Mi1,5923.500000000001
31262,LC4,5923.500000000001
10799,OA-VUMa4,5923.500000000001
19260,LC4,5923.6
35405,Mi1,5923.6
70697,Tm3,5923.6
85741,T4a,5923.6
94549,T4b,5923.6
101994,T4a,5923.6
109593,Tm3,5923.6
121887,T4b,5923.6
108475,T4b,5923.7
105387,T4b,5923.7
96365,T4a,5923.7
91682,T4b,5923.7
104008,T4b,5923.7
51049,Mi1,5923.7
41120,Mi1,5923.7
37037,Mi1,5923.7
36881,Mi1,5923.7
82130,T2a,5923.7
112048,T4c,5923.8
97326,T4c,5923.8
88922,T4c,5923.8
70158,T2a,5923.8
48930,TmY3,5923.8
41464,TmY3,5923.8
34606,Mi1,5923.8
17364,LC4,5923.8
11921,OA-VPM4,5923.8
10226,OA-AL2i3,5923.8
44700,Mi1,5923.8
46745,Mi1,5923.900000000001
96576,T4c,5923.900000000001
48283,TmY3,5923.900000000001
45176,Mi1,5923.900000000001
39743,Mi1,5923.900000000001
37438,Mi1,5923.900000000001
10001,DNp01,5923.900000000001
41522,Mi1,5923.900000000001
51848,TmY3,5924.0
79358,T2a,5924.0
81015,T4a,5924.0
92281,T4c,5924.0
800146,TTMn,5924.0
112806,T4c,5924.1
100165,T4b,5924.1
98748,T4c,5924.1
101215,T4c,5924.1
76038,Tm3,5924.1
72279,Mi1,5924.1
34142,Mi1,5924.1
98598,T4c,5924.1
93957,T4b,5924.2
89784,T4b,5924.2
71674,T2a,5924.2
70490,Mi1,5924.2
68951,TmY3,5924.2
66227,Tm3,5924.2
37555,Mi1,5924.2
37123,Mi1,5924.2
34329,Mi1,5924.2
23792,LC4,5924.2
10284,VS,5924.2
98118,T4c,5924.2
40596,Mi1,5924.2
106952,T4b,5924.2
104621,T4c,5924.3
99950,T4c,5924.3
95239,T4a,5924.3
98194,T4d,5924.3
34862,Mi1,5924.3
18127,LC4,5924.400000000001
67728,T2,5924.400000000001
85778,T4b,5924.400000000001
95356,T4a,5924.400000000001
124357,T4d,5924.5
105126,T4c,5924.5
102975,T4b,5924.5
99748,T4b,5924.5
98238,T4b,5924.5
80137,T2a,5924.5
21313,LC4,5924.5
98349,T4a,5924.5
107334,T4a,5924.599999999999
107609,T4d,5924.599999999999
105521,T4c,5924.599999999999
39505,Mi1,5924.599999999999
93750,T4c,5924.599999999999
10016,HSE,5924.599999999999
95287,T4a,5924.599999999999
66345,T2a,5924.700000000001
72426,Tm3,5924.700000000001
75550,Tm3,5924.700000000001
77910,Tm3,5924.700000000001
92993,Tm3,5924.700000000001
96015,T4c,5924.700000000001
108066,T4b,5924.700000000001
107031,T4b,5924.8
109536,T4d,5924.8
84328,T4a,5924.8
119245,T4d,5924.8
34867,Mi1,5924.8
24338,LC4,5924.8
42758,Mi1,5924.8
10112,VS,5924.9
22328,LC4,5924.9
29563,LC4,5924.9
33907,Mi1,5924.9
35602,Mi1,5924.9
35836,Mi1,5924.9
38230,Mi1,5924.9
58862,Mi1,5924.9
97256,T4c,5924.9
105640,T4d,5924.9
56007,TmY3,5925.000000000001
40426,Mi1,5925.000000000001
93334,T4b,5925.000000000001
34938,Mi1,5925.000000000001
20542,LC4,5925.000000000001
35260,Mi1,5925.000000000001
120201,T4b,5925.1
106821,T4b,5925.1
103780,T4c,5925.1
97231,T4a,5925.1
94153,T4d,5925.1
92273,T2a,5925.1
83307,Tm3,5925.1
79817,Tm3,5925.1
71089,Mi1,5925.1
43323,Mi1,5925.1
35888,Mi1,5925.1
35113,Mi1,5925.1
18189,LC4,5925.1
80670,T4a,5925.1
82549,T4b,5925.2
111857,T4d,5925.2
105403,T4c,5925.2
82313,T4a,5925.2
22034,LC4,5925.2
55101,Mi1,5925.2
17266,LC4,5925.2
71361,Tm3,5925.3
90888,T4b,5925.3
92046,T4d,5925.3
101945,T4b,5925.3
123299,T4c,5925.3
10120,OA-VPM4,5925.400000000001
45005,TmY3,5925.400000000001
71652,Tm3,5925.400000000001
92472,T4c,5925.400000000001
106894,T4b,5925.400000000001
115511,T4d,5925.400000000001
107442,T4d,5925.5
103527,T4c,5925.5
97784,T4c,5925.5
90219,T4a,5925.5
34296,Mi1,5925.5
20016,LC4,5925.5
91913,T4b,5925.5
10025,H2,5925.6
73619,T2a,5925.6
84267,T4c,5925.6
88039,T4c,5925.6
98245,T4c,5925.6
100729,T4b,5925.6
104703,T4d,5925.6
50311,TmY3,5925.7
104202,T4d,5925.7
78317,T4a,5925.7
39438,Mi1,5925.7
10652,OA-AL2i4,5925.7
12521,HST,5925.7
10023,HSS,5925.7
17668,LC4,5925.7
20808,LC4,5925.8
39692,TmY3,5925.8
44592,TmY3,5925.8
90419,T4b,5925.8
22194,LC4,5925.900000000001
40832,Mi1,5925.900000000001
65298,T2a,5925.900000000001
92957,T4d,5925.900000000001
101441,T4a,5926.0
78437,Tm3,5926.0
71161,T2a,5926.0
67113,Mi1,5926.0
61768,T2,5926.0
32962,TmY3,5926.0
41709,Mi1,5926.0
40171,Mi1,5926.0
10687,OA-AL2i3,5926.0
46248,Mi1,5926.0
81309,T2a,5926.099999999999
98099,T4b,5926.099999999999
85664,TmY3,5926.099999999999
74504,T2a,5926.099999999999
108461,T4b,5926.099999999999
35580,Mi1,5926.099999999999
35235,Mi1,5926.099999999999
17860,LC4,5926.099999999999
37631,Mi1,5926.099999999999
98139,T4d,5926.200000000001
96090,T4c,5926.200000000001
121313,T4d,5926.200000000001
109774,T4d,5926.200000000001
93564,T4d,5926.200000000001
83045,Tm3,5926.200000000001
85716,T4c,5926.200000000001
49324,Mi1,5926.200000000001
41435,Mi1,5926.200000000001
35724,Mi1,5926.200000000001
124490,Tm3,5926.3
111746,Tm3,5926.3
94356,T4c,5926.3
93877,T4c,5926.3
43689,Mi1,5926.3
42872,Mi1,5926.3
34626,Mi1,5926.3
20917,LC4,5926.3
17926,LC4,5926.3
10269,OA-AL2i2,5926.3
104257,T4b,5926.4
101885,T4a,5926.4
90655,T4a,5926.4
66852,Mi1,5926.4
62089,Tm3,5926.4
22975,LC4,5926.4
20588,LC4,5926.4
65671,Mi1,5926.4
10001,DNp01,5926.5
10015,HSN,5926.5
21287,LC4,5926.5
38065,LC4,5926.5
63190,T2,5926.5
70188,T2,5926.5
70524,T2a,5926.5
108249,T4a,5926.5
115111,T4a,5926.5
102409,T4c,5926.6
59277,TmY3,5926.6
86635,T4c,5926.6
36911,Mi1,5926.6
10110,OA-VUMa1,5926.6
21151,LC4,5926.7
35774,Mi1,5926.7
98692,T4a,5926.7
110742,T4c,5926.7
119501,T4d,5926.7
108325,T4c,5926.8
100261,T4c,5926.8
92415,T4a,5926.8
121816,T4a,5926.8
41296,Mi1,5926.8
88281,T4b,5926.8
42119,Mi1,5926.8
89020,T4a,5926.900000000001
542412,Mi1,5926.900000000001
90278,T4a,5926.900000000001
89110,Tm3,5926.900000000001
34933,Mi1,5926.900000000001
34356,Mi1,5926.900000000001
34272,Mi1,5926.900000000001
10037,VS,5926.900000000001
63420,Mi1,5926.900000000001
91313,T4a,5927.0
107010,T4d,5927.0
94147,T4a,5927.0
90566,T4d,5927.0
106150,T4c,5927.0
38514,Mi1,5927.0
33216,Mi1,5927.0
21165,LC4,5927.0
46827,Mi1,5927.0
102765,T4d,5927.1
92229,T4c,5927.1
86907,T4a,5927.1
36684,Mi1,5927.1
35001,Mi1,5927.1
19954,LC4,5927.1
35045,Mi1,5927.1
115390,T4d,5927.2
110693,Tm3,5927.2
94624,T4a,5927.2
99423,T4d,5927.2
63868,T2a,5927.2
47240,TmY3,5927.2
30480,LC4,5927.2
93622,T4c,5927.2
64540,T2,5927.3
537004,VSm,5927.3
100874,T4a,5927.3
72132,Tm3,5927.3
67150,T2a,5927.3
60856,T2a,5927.3
31492,Mi1,5927.3
53065,Mi1,5927.3
45696,Mi1,5927.3
37599,Mi1,5927.3
10755,H1,5927.3
59959,Mi1,5927.3
104144,T2,5927.400000000001
122233,Tm3,5927.400000000001
90423,T4b,5927.400000000001
107095,T4c,5927.400000000001
37529,Mi1,5927.400000000001
19543,LC4,5927.400000000001
10265,OA-AL2i2,5927.400000000001
69889,T2a,5927.400000000001
104336,T4b,5927.5
74731,T2a,5927.5
74088,T2a,5927.5
73122,T2a,5927.5
47696,TmY3,5927.5
43414,Mi1,5927.5
42895,Mi1,5927.5
40411,Mi1,5927.5
38721,Mi1,5927.5
10677,OA-AL2i4,5927.5
10012,VS,5927.5
102031,T4c,5927.599999999999
100633,T4a,5927.599999999999
80197,T4a,5927.599999999999
63175,Mi1,5927.599999999999
17054,LC4,5927.599999999999
36954,Mi1,5927.599999999999
35428,Mi1,5927.599999999999
21804,LC4,5927.599999999999
43978,Mi1,5927.599999999999
10016,HSE,5927.700000000001
10206,VS,5927.700000000001
51122,Mi1,5927.700000000001
71938,T2a,5927.8
112458,T4b,5927.8
97186,T4a,5927.8
96035,T4d,5927.8
56918,TmY3,5927.8
129235,Tm3,5927.8
37371,Mi1,5927.8
36646,Mi1,5927.8
36139,Mi1,5927.8
19794,LC4,5927.8
41637,Mi1,5927.8
103195,T4a,5927.9
95235,T4d,5927.9
88084,T4b,5927.9
74374,T2a,5927.9
25584,LC4,5927.9
38479,Mi1,5927.9
23392,LC4,5927.9
38529,Mi1,5927.9
10072,OA-AL2i1,5928.0
23098,LC4,5928.0
36252,Mi1,5928.0
38687,Mi1,5928.0
40635,Mi1,5928.0
63050,T2a,5928.0
69543,T2a,5928.0
83689,T4a,5928.0
89092,T4c,5928.0
97480,T4c,5928.0
104368,T4c,5928.0
112241,T4b,5928.0
526158,Mi1,5928.1
38893,Mi1,5928.1
77527,T4a,5928.2
88746,Tm3,5928.2
91741,T4d,5928.2
114995,T4b,5928.2
52350,Mi1,5928.3
72619,T2a,5928.3
82724,Tm3,5928.3
83204,T4d,5928.3
107445,T4a,5928.3
100282,T4a,5928.4
98398,T4c,5928.4
76325,T2a,5928.4
70153,Tm3,5928.4
61968,T2,5928.4
36305,Mi1,5928.4
35806,Mi1,5928.4
20399,LC4,5928.4
19550,LC4,5928.4
10080,OA-VUMa3,5928.4
43334,TmY3,5928.4
109172,T4b,5928.5
10112,VS,5928.5
54087,Mi1,5928.5
75377,T2a,5928.5
78940,T4a,5928.5
93509,T4b,5928.5
104450,T4a,5928.5
105962,T4b,5928.5
112027,T4d,5928.6
109326,T4c,5928.6
102370,T4c,5928.6
79253,T4a,5928.6
40219,Mi1,5928.6
101589,T4a,5928.6
97877,T4d,5928.7
10025,H2,5928.7
70635,Tm3,5928.7
93360,T4b,5928.7
95453,T4a,5928.7
95990,T4a,5928.7
107567,T4c,5928.7
41613,Mi1,5928.799999999999
84759,T2a,5928.799999999999
38987,Mi1,5928.799999999999
81486,T4b,5928.799999999999
34479,Mi1,5928.799999999999
34300,Mi1,5928.799999999999
16128,LC4,5928.799999999999
35770,Mi1,5928.799999999999
287884,OA-VPM3,5928.900000000001
120594,T4c,5928.900000000001
111783,T4a,5928.900000000001
101230,T4a,5928.900000000001
39727,Mi1,5928.900000000001
39158,Mi1,5928.900000000001
38133,Mi1,5928.900000000001
91629,T4a,5928.900000000001
80793,T2a,5929.0
151155,T4b,5929.0
103827,T4c,5929.0
95364,T4d,5929.0
63994,Mi1,5929.0
21225,LC4,5929.0
39651,Mi1,5929.0
35683,Mi1,5929.0
21336,LC4,5929.0
16138,LC4,5929.0
45719,Mi1,5929.0
65803,T2,5929.1
110757,T4b,5929.1
100105,T4a,5929.1
98985,T4c,5929.1
61659,Tm3,5929.1
105214,T4c,5929.1
38767,Mi1,5929.1
36275,Mi1,5929.1
11264,OA-ASM1,5929.1
10825,OA-AL2i3,5929.1
10001,DNp01,5929.1
55976,Mi1,5929.1
10023,HSS,5929.200000000001
10041,OA-VUMa1,5929.200000000001
12109,OA-VUMa2,5929.200000000001
21313,LC4,5929.200000000001
23929,LC4,5929.200000000001
83465,T4a,5929.200000000001
93935,T4a,5929.200000000001
112393,T4a,5929.3
102479,T4c,5929.3
47211,Mi1,5929.3
105135,T4c,5929.3
38791,Mi1,5929.3
18127,LC4,5929.3
10175,OA-VUMa6,5929.3
41399,Mi1,5929.3
105895,T4a,5929.400000000001
102814,T4b,5929.400000000001
94071,T4a,5929.400000000001
89409,T4a,5929.400000000001
91325,T4a,5929.400000000001
38461,Mi1,5929.400000000001
38238,Mi1,5929.400000000001
36346,Mi1,5929.400000000001
22966,LC4,5929.400000000001
62562,T2,5929.400000000001
102147,T4c,5929.5
16628,LC4,5929.5
63468,Mi1,5929.5
71447,T4c,5929.5
92839,T4b,5929.5
94596,T4b,5929.5
101620,T4b,5929.5
107105,T4d,5929.5
96784,T4b,5929.6
123490,Tm3,5929.6
60886,T2a,5929.6
88095,T4d,5929.6
48286,Mi1,5929.6
24338,LC4,5929.6
11134,VSm,5929.6
117627,Tm3,5929.700000000001
99789,T4d,5929.700000000001
98360,T4c,5929.700000000001
93527,T4a,5929.700000000001
86141,T4b,5929.700000000001
59864,Tm3,5929.700000000001
57398,Mi1,5929.700000000001
38241,Mi1,5929.700000000001
37680,Mi1,5929.700000000001
36660,Mi1,5929.700000000001
19260,LC4,5929.700000000001
127153,Tm3,5929.8
97105,T4d,5929.8
93166,T4c,5929.8
75966,T2a,5929.8
10322,OA-AL2i2,5929.8
44564,TmY3,5929.8
35498,Mi1,5929.8
10015,HSN,5929.8
74287,Tm3,5929.8
15422,VST2,5929.9
41545,Mi1,5929.9
78421,T2a,5929.9
87722,T2a,5929.9
149504,T4d,5929.9
546524,Mi1,5929.9
103160,T4a,5930.000000000001
126702,Tm3,5930.000000000001
95554,T4b,5930.000000000001
42048,Mi1,5930.000000000001
36540,Mi1,5930.000000000001
36177,Mi1,5930.000000000001
11005,OA-VUMa4,5930.000000000001
530434,Tm3,5930.1
103344,T4b,5930.1
98000,T4b,5930.1
107075,T4d,5930.1
35290,Mi1,5930.1
10311,VS,5930.1
37000,Mi1,5930.1
36410,Mi1,5930.2
99131,T4c,5930.2
106203,T4d,5930.2
108438,T4d,5930.2
95921,T4c,5930.3
107835,T4b,5930.3
96126,T4b,5930.3
85938,T4a,5930.3
47967,Mi1,5930.3
38227,Mi1,5930.3
10187,OA-VPM3,5930.3
69063,Mi1,5930.3
34045,Mi1,5930.400000000001
37113,Mi1,5930.400000000001
48531,Mi1,5930.400000000001
97677,T4c,5930.400000000001
97015,T4a,5930.5
539983,T4c,5930.5
117364,T4b,5930.5
113107,T4a,5930.5
107628,T4d,5930.5
97675,T4c,5930.5
93313,T4a,5930.5
105292,T4b,5930.5
86932,T4b,5930.5
10037,VS,5930.5
22194,LC4,5930.5
34899,Mi1,5930.5
92181,T4a,5930.5
79134,Tm3,5930.5
48986,TmY3,5930.5
20673,LC4,5930.6
35100,Mi1,5930.6
38477,Mi1,5930.6
69980,Tm3,5930.6
79449,T4b,5930.6
100075,T4c,5930.6
105541,T4a,5930.6
107715,T4a,5930.6
110386,T4d,5930.6
85737,T2a,5930.7
114088,T4d,5930.7
103570,T4d,5930.7
98448,T4b,5930.7
86558,T4b,5930.7
22328,LC4,5930.7
37138,Mi1,5930.7
10284,VS,5930.7
84063,T4b,5930.7
10016,HSE,5930.8
10168,OA-VUMa6,5930.8
19420,LC4,5930.8
87289,T4a,5930.8
89485,T4a,5930.8
89825,T4a,5930.8
99157,T4a,5930.8
105565,Tm3,5930.8
97288,T4c,5930.900000000001
97878,T4b,5930.900000000001
108199,T4c,5930.900000000001
80855,Tm3,5930.900000000001
20808,LC4,5930.900000000001
35890,Mi1,5930.900000000001
34079,Mi1,5931.0
37224,Mi1,5931.0
38632,Mi1,5931.0
68933,Tm3,5931.0
77174,T2a,5931.0
90112,T4c,5931.0
90467,T4d,5931.0
97835,T4a,5931.0
105099,T4b,5931.0
800146,TTMn,5931.0
104996,T4a,5931.1
104130,T4a,5931.1
90474,T4b,5931.1
66808,Tm3,5931.1
72796,Tm3,5931.1
22847,LC4,5931.1
17548,LC4,5931.1
10658,OA-AL2i3,5931.1
44438,Mi1,5931.1
117551,Tm3,5931.200000000001
108876,T4c,5931.200000000001
81995,Tm3,5931.200000000001
79704,T4d,5931.200000000001
67308,Mi1,5931.200000000001
42691,Mi1,5931.200000000001
38748,Mi1,5931.200000000001
35173,Mi1,5931.200000000001
12896,OA-VUMa5,5931.200000000001
40256,Mi1,5931.200000000001
114832,T4c,5931.3
286259,OA-ASM1,5931.3
116716,T4b,5931.3
109276,T4d,5931.3
96262,T4c,5931.3
101770,T4b,5931.3
105412,T4a,5931.3
70708,T2,5931.3
10755,H1,5931.4
38421,Mi1,5931.4
81548,T2a,5931.4
89728,Tm3,5931.4
97899,T4a,5931.4
117142,T4d,5931.4
118658,T4a,5931.500000000001
105802,T4c,5931.500000000001
102572,T4c,5931.500000000001
37568,Mi1,5931.500000000001
87358,T4a,5931.500000000001
39858,Mi1,5931.500000000001
101480,T4c,5931.500000000001
101873,T4b,5931.6
103557,T4a,5931.6
100856,T4a,5931.6
57239,Mi1,5931.6
41654,Mi1,5931.6
35840,Mi1,5931.6
89368,T4c,5931.6
67072,T2a,5931.7
10001,DNp01,5931.7
35512,Mi1,5931.7
35897,Mi1,5931.7
39275,Mi1,5931.7
58553,TmY3,5931.7
81471,Tm3,5931.7
90657,T4a,5931.7
100310,T4d,5931.7
100785,T4b,5931.7
102741,T4c,5931.8
89434,T4c,5931.8
121821,T4c,5931.8
84123,T2a,5931.8
17364,LC4,5931.8
35777,Mi1,5931.8
20542,LC4,5931.8
10025,H2,5931.8
37509,Mi1,5931.8
34057,Mi1,5931.900000000001
92996,T4a,5931.900000000001
98504,T4c,5931.900000000001
17668,LC4,5932.0
70642,T2a,5932.0
88491,T4a,5932.0
105862,T4d,5932.0
108119,T4c,5932.0
112594,T4b,5932.0
122961,T4d,5932.1
111184,T4a,5932.1
36695,Mi1,5932.1
19954,LC4,5932.1
35416,Mi1,5932.1
17926,LC4,5932.2
20282,LC4,5932.2
31848,Mi1,5932.2
39629,Mi1,5932.2
78470,Tm3,5932.2
90520,T4a,5932.2
91283,T4c,5932.2
102295,T4d,5932.2
104017,T4b,5932.2
98887,T4b,5932.3
103654,T4b,5932.3
105122,T4b,5932.3
101772,Tm3,5932.3
96931,T4b,5932.3
37270,Mi1,5932.3
85007,T4c,5932.3
75318,T2,5932.3
59528,T2a,5932.3
10112,VS,5932.3
93985,T4c,5932.3
39500,Mi1,5932.400000000001
71944,T2a,5932.400000000001
74044,Tm3,5932.400000000001
80812,T4a,5932.400000000001
90465,T4a,5932.400000000001
93941,T4b,5932.400000000001
527408,LC4,5932.5
113414,T4d,5932.5
103148,T4a,5932.5
75027,Tm3,5932.5
95335,T4a,5932.5
33655,Mi1,5932.5
18189,LC4,5932.5
17987,LC4,5932.5
38857,Mi1,5932.5
69736,Tm3,5932.599999999999
10012,VS,5932.599999999999
10206,VS,5932.599999999999
26112,LC4,5932.599999999999
40716,Tm3,5932.599999999999
70289,Mi1,5932.599999999999
98175,T4c,5932.599999999999
98837,T4c,5932.599999999999
101380,T4d,5932.599999999999
102799,T4c,5932.599999999999
77383,T2a,5932.700000000001
111236,T4d,5932.700000000001
43872,Mi1,5932.700000000001
30803,LC4,5932.700000000001
36217,Mi1,5932.700000000001
33091,Mi1,5932.700000000001
39067,Mi1,5932.700000000001
113991,T4d,5932.8
103867,T4a,5932.8
99628,T4b,5932.8
98817,T4a,5932.8
88353,T4b,5932.8
547091,T2,5932.8
39595,Mi1,5932.8
36533,Mi1,5932.8
34404,Mi1,5932.8
10023,HSS,5932.8
39688,Mi1,5932.8
112545,T4d,5932.9
104905,T4c,5932.9
102845,T4b,5932.9
94368,T4a,5932.9
83067,T4b,5932.9
77361,T4a,5932.9
36452,Mi1,5932.9
35845,Mi1,5932.9
10555,OA-VUMa3,5932.9
40936,Mi1,5932.9
82500,T2a,5933.000000000001
92054,T4b,5933.000000000001
91510,T4c,5933.000000000001
76621,T2a,5933.000000000001
65833,Mi1,5933.000000000001
43615,Mi1,5933.000000000001
42675,Mi1,5933.000000000001
41950,Mi1,5933.000000000001
10015,HSN,5933.000000000001
48060,Mi1,5933.000000000001
90097,T4c,5933.1
22975,LC4,5933.1
39718,Mi1,5933.1
40085,Mi1,5933.1
41804,Mi1,5933.1
49441,TmY3,5933.1
95982,T4d,5933.1
96671,T4c,5933.1
101383,T4b,5933.1
97853,T4c,5933.2
100787,T4b,5933.2
36994,Mi1,5933.2
113207,T4d,5933.2
75381,Tm3,5933.2
106886,T4c,5933.2
75304,T2a,5933.2
29563,LC4,5933.2
41659,Mi1,5933.2
38648,Mi1,5933.2
34189,Mi1,5933.2
12521,HST,5933.2
73029,T2,5933.2
96134,T4b,5933.3
10799,OA-VUMa4,5933.3
46784,Mi1,5933.3
85731,T4d,5933.3
94287,T4d,5933.400000000001
37391,Mi1,5933.400000000001
108757,T4c,5933.400000000001
89866,T4b,5933.400000000001
10185,OA-VUMa8,5933.400000000001
22034,LC4,5933.400000000001
72501,Mi1,5933.400000000001
10269,OA-AL2i2,5933.5
12688,OA-ASM1,5933.5
35234,Mi1,5933.5
73447,Tm3,5933.5
87873,T4b,5933.5
88726,T4b,5933.5
98846,T4c,5933.5
99672,T4a,5933.5
104972,T4a,5933.6
100274,T4a,5933.6
92047,T4c,5933.6
77594,T2a,5933.6
69228,T2a,5933.6
44222,Mi1,5933.6
23792,LC4,5933.6
23392,LC4,5933.6
10687,OA-AL2i3,5933.6
51963,TmY3,5933.6
14416,VST2,5933.7
34171,Mi1,5933.7
35017,Mi1,5933.7
37294,Mi1,5933.7
41136,Mi1,5933.7
60857,Mi1,5933.7
96638,T4c,5933.8
99609,T4a,5933.8
93947,T4a,5933.8
121093,T4b,5933.8
115686,T4b,5933.8
88005,T4d,5933.8
40795,Mi1,5933.8
72066,Tm3,5933.8
81378,T4b,5933.8
38178,Mi1,5933.8
28945,LC4,5933.8
19634,LC4,5933.8
10016,HSE,5933.8
93419,T4b,5933.900000000001
83682,Tm3,5933.900000000001
59397,Mi1,5933.900000000001
45319,Mi1,5933.900000000001
103025,T4a,5933.900000000001
37088,Mi1,5933.900000000001
23098,LC4,5933.900000000001
11608,OA-VUMa2,5933.900000000001
37390,Mi1,5933.900000000001
108065,T4c,5934.0
94886,T4d,5934.0
47368,TmY3,5934.0
86992,T4b,5934.0
40400,Mi1,5934.0
36446,Mi1,5934.0
16570,VST2,5934.0
43783,Mi1,5934.0
99316,T4b,5934.099999999999
20588,LC4,5934.099999999999
23606,Mi1,5934.099999999999
25584,LC4,5934.099999999999
30997,Mi1,5934.099999999999
78943,T2a,5934.099999999999
99671,T4c,5934.099999999999
42594,Mi1,5934.200000000001
19543,LC4,5934.200000000001
10001,DNp01,5934.3
10037,VS,5934.3
35152,Mi1,5934.3
67295,T2,5934.3
99011,T4c,5934.3
124345,T4d,5934.4
537004,VSm,5934.4
101878,T4a,5934.4
97545,T4c,5934.4
96211,T4d,5934.4
98625,T4a,5934.4
90121,T4b,5934.4
85126,T4a,5934.4
34658,Mi1,5934.4
17266,LC4,5934.4
11602,OA-ASM1,5934.4
90145,T4a,5934.4
102045,T4a,5934.5
99387,T4a,5934.5
86416,T4a,5934.5
83438,T4a,5934.5
56564,Mi1,5934.5
21313,LC4,5934.5
33614,Mi1,5934.5
18127,LC4,5934.5
11551,VS,5934.5
116610,T4d,5934.5
40235,Mi1,5934.5
101302,T4d,5934.6
68562,T2a,5934.6
109142,T4b,5934.6
62078,Mi1,5934.6
43485,Mi1,5934.6
42533,TmY3,5934.6
37019,Mi1,5934.6
24338,LC4,5934.6
74061,Tm3,5934.7
97306,T4a,5934.7
100033,T4c,5934.7
73828,Tm3,5934.7
39716,Mi1,5934.7
68982,Tm3,5934.7
67614,Mi1,5934.7
73767,Mi1,5934.7
20016,LC4,5934.8
35712,Mi1,5934.8
77254,Tm3,5934.8
78086,T4c,5934.8
83677,T4c,5934.8
94179,T4a,5934.8
98312,T4a,5934.8
108625,T4b,5934.9
98417,T4d,5934.9
37044,Mi1,5934.9
17054,LC4,5934.9
16128,LC4,5934.9
10072,OA-AL2i1,5934.9
10025,H2,5934.9
20917,LC4,5935.0
21336,LC4,5935.0
37756,Mi1,5935.0
59008,Mi1,5935.0
67464,Mi1,5935.0
93972,T4a,5935.0
102910,T4b,5935.0
97866,T4d,5935.1
80435,T2a,5935.1
74303,Mi1,5935.1
79259,T4b,5935.1
38710,Mi1,5935.1
33017,Mi1,5935.1
69380,Tm3,5935.1
10226,OA-AL2i3,5935.2
21287,LC4,5935.2
37353,Mi1,5935.2
41536,Mi1,5935.2
69441,Tm3,5935.2
85170,T4c,5935.2
104256,T4a,5935.2
32535,Mi1,5935.3
44119,Mi1,5935.3
86578,T4c,5935.3
64149,Mi1,5935.400000000001
117748,Tm3,5935.400000000001
77891,Tm3,5935.400000000001
33766,Mi1,5935.400000000001
68264,Tm3,5935.400000000001
72655,Mi1,5935.400000000001
96676,T4b,5935.5
10755,H1,5935.5
22194,LC4,5935.5
34849,Mi1,5935.5
37243,Mi1,5935.5
82576,T4b,5935.5
91366,T4b,5935.5
116259,T4b,5935.5
48607,TmY3,5935.599999999999
78597,T2a,5935.599999999999
45349,Mi1,5935.599999999999
88575,T4b,5935.599999999999
40505,Mi1,5935.599999999999
33446,Mi1,5935.599999999999
42856,Mi1,5935.599999999999
38708,Mi1,5935.700000000001
68212,T2a,5935.700000000001
85378,T4a,5935.700000000001
96307,T4a,5935.8
39525,Mi1,5935.8
39164,Mi1,5935.8
32893,Mi1,5935.8
21165,LC4,5935.8
16628,LC4,5935.8
119601,T4d,5935.9
116343,T4a,5935.9
112744,T4d,5935.9
112179,T4b,5935.9
109631,T4b,5935.9
106338,T4a,5935.9
19794,LC4,5935.9
91444,T4c,5935.9
57349,Mi1,5935.9
44282,Mi1,5935.9
34369,Mi1,5935.9
16138,LC4,5935.9
94089,T4d,5935.9
40958,Mi1,5936.0
95528,T4d,5936.0
40703,Mi1,5936.0
69164,Mi1,5936.0
36158,Mi1,5936.0
19260,LC4,5936.0
37699,Mi1,5936.0
20399,LC4,5936.0
30923,TmY3,5936.1
33394,Mi1,5936.1
37839,Mi1,5936.1
37853,Mi1,5936.1
50333,TmY3,5936.1
72794,Tm3,5936.1
82099,T4b,5936.1
105545,T4d,5936.1
112321,T4d,5936.1
38993,Mi1,5936.1
109937,T4a,5936.2
101072,T4b,5936.2
106121,T4a,5936.2
39894,T4b,5936.2
10112,VS,5936.2
10015,HSN,5936.2
33942,Mi1,5936.2
94574,T4c,5936.3
83432,Tm3,5936.3
112613,T4d,5936.3
36369,Mi1,5936.3
33462,Mi1,5936.3
40944,Mi1,5936.3
62757,T2a,5936.4
120916,T4d,5936.4
103657,T4b,5936.4
100488,T4c,5936.4
83583,T4d,5936.4
74411,Mi1,5936.4
72896,Tm3,5936.4
53156,TmY3,5936.4
800146,TTMn,5936.4
38487,Mi1,5936.4
37677,Mi1,5936.4
37108,Mi1,5936.4
20808,LC4,5936.4
10284,VS,5936.4
10204,OA-AL2i2,5936.4
10023,HSS,5936.4
44527,Mi1,5936.4
72558,T2a,5936.5
106922,T4c,5936.5
41809,Mi1,5936.5
107082,T4d,5936.5
40106,Mi1,5936.5
43924,TmY3,5936.5
37948,Mi1,5936.5
21225,LC4,5936.5
36990,Mi1,5936.5
39405,Mi1,5936.5
37927,Mi1,5936.5
128726,Tm3,5936.6
116187,T4c,5936.6
112944,T4b,5936.6
100855,T4a,5936.6
100046,T4b,5936.6
111949,T4c,5936.6
43063,Mi1,5936.6
38772,Mi1,5936.6
38596,Mi1,5936.6
10110,OA-VUMa1,5936.6
43965,Mi1,5936.6
77480,Tm3,5936.7
121170,Tm3,5936.7
100190,T4c,5936.7
81996,T2a,5936.7
76528,Tm3,5936.7
34463,Mi1,5936.7
45322,Mi1,5936.7
38768,Mi1,5936.7
34606,Mi1,5936.7
73139,Tm3,5936.7
86504,T4b,5936.8
87412,T4c,5936.8
86419,Tm3,5936.8
97028,T4c,5936.8
35734,Mi1,5936.8
31262,LC4,5936.8
10016,HSE,5936.8
37037,Mi1,5936.8
108276,T4a,5936.900000000001
102564,T4a,5936.900000000001
88398,T4a,5936.900000000001
72665,Mi1,5936.900000000001
66739,Tm3,5936.900000000001
37084,Mi1,5936.900000000001
35218,Mi1,5936.900000000001
33110,Mi1,5936.900000000001
10001,DNp01,5936.900000000001
37123,Mi1,5936.900000000001
111010,T4c,5937.0
107529,T4d,5937.0
80284,Tm3,5937.0
58224,Mi1,5937.0
90567,T4b,5937.0
51049,Mi1,5937.0
38208,Mi1,5937.0
17860,LC4,5937.0
11134,VSm,5937.0
51191,TmY3,5937.0
22328,LC4,5937.1
35447,Mi1,5937.1
44244,TmY3,5937.1
69546,Tm3,5937.1
90135,T4c,5937.1
99258,T4c,5937.1
117586,T4c,5937.1
117662,T4d,5937.1
104931,T4c,5937.200000000001
89290,T4d,5937.200000000001
525839,Mi1,5937.200000000001
67810,Tm3,5937.200000000001
10206,VS,5937.200000000001
89102,T4d,5937.200000000001
105984,Tm3,5937.3
101033,T4d,5937.3
84490,T4a,5937.3
41120,Mi1,5937.3
42758,Mi1,5937.3
46745,Mi1,5937.3
10012,VS,5937.3
110855,T4a,5937.400000000001
91806,T4a,5937.400000000001
90533,T4c,5937.400000000001
82515,Tm3,5937.400000000001
76121,Tm3,5937.400000000001
100838,T4c,5937.400000000001
44449,TmY3,5937.400000000001
39791,Mi1,5937.400000000001
33918,Mi1,5937.400000000001
16606,VST2,5937.400000000001
10652,OA-AL2i4,5937.400000000001
70812,TmY3,5937.400000000001
97193,T4a,5937.5
92171,T4b,5937.5
91469,T4c,5937.5
71164,Mi1,5937.5
38455,Mi1,5937.5
21151,LC4,5937.5
19954,LC4,5937.5
19550,LC4,5937.5
10322,OA-AL2i2,5937.5
33326,Mi1,5937.5
83507,Tm3,5937.6
85152,T4c,5937.6
98751,T4a,5937.6
82038,Tm3,5937.6
49372,TmY3,5937.6
35934,Mi1,5937.6
34142,Mi1,5937.6
68342,Tm3,5937.6
109336,T4b,5937.700000000001
37585,Mi1,5937.700000000001
110403,T4b,5937.700000000001
10120,OA-VPM4,5937.700000000001
17548,LC4,5937.700000000001
34296,Mi1,5937.8
38065,LC4,5937.8
93688,T4a,5937.8
95926,T4a,5937.8
104297,T4a,5937.8
97769,T4a,5937.9
100680,T4d,5937.9
54423,TmY3,5937.9
10025,H2,5937.9
37438,Mi1,5937.9
10677,OA-AL2i4,5937.9
40577,Mi1,5937.9
40026,TmY3,5938.000000000001
40854,Mi1,5938.000000000001
67408,Mi1,5938.000000000001
74231,Tm3,5938.000000000001
79297,T4a,5938.000000000001
102153,T4c,5938.1
10037,VS,5938.1
50552,Mi1,5938.1
114080,T4a,5938.1
86175,T4a,5938.2
71089,Mi1,5938.2
95005,T4a,5938.2
42942,Mi1,5938.2
45948,TmY3,5938.2
41522,Mi1,5938.2
41626,Mi1,5938.2
39743,Mi1,5938.2
35405,Mi1,5938.2
10825,OA-AL2i3,5938.2
20634,VST1,5938.3
38230,Mi1,5938.3
39438,Mi1,5938.3
40426,Mi1,5938.3
68475,T2a,5938.3
73807,Tm3,5938.3
92682,T4a,5938.3
100206,T4c,5938.3
114196,T4d,5938.400000000001
71931,Tm3,5938.400000000001
111416,Tm3,5938.400000000001
27788,Mi1,5938.400000000001
17364,LC4,5938.400000000001
36881,Mi1,5938.400000000001
10041,OA-VUMa1,5938.5
34867,Mi1,5938.5
86724,Tm3,5938.5
98222,T4d,5938.5
101463,T4d,5938.5
105849,T4d,5938.5
102742,T4d,5938.6
96003,T4d,5938.6
11005,OA-VUMa4,5938.6
60979,TmY3,5938.6
83125,T4b,5938.6
72983,T2a,5938.7
111623,T4a,5938.7
100774,T4a,5938.7
98549,T4a,5938.7
70490,Mi1,5938.7
34938,Mi1,5938.7
44700,Mi1,5938.7
35836,Mi1,5938.7
20542,LC4,5938.7
17926,LC4,5938.7
69961,Tm3,5938.7
19420,LC4,5938.8
20673,LC4,5938.8
79314,T4b,5938.8
95883,T4a,5938.8
113228,T4b,5938.8
114457,T4d,5938.8
107819,T4c,5938.900000000001
96219,T4b,5938.900000000001
89139,T4c,5938.900000000001
85856,TmY3,5938.900000000001
46248,Mi1,5938.900000000001
88992,T4c,5938.900000000001
11921,OA-VPM4,5939.0
41668,Mi1,5939.0
68918,Tm3,5939.0
100087,T4b,5939.0
102113,T4b,5939.0
102801,T4b,5939.0
103033,T4a,5939.0
95928,T4c,5939.1
119288,T4d,5939.1
106522,T4d,5939.1
95985,T4c,5939.1
55101,Mi1,5939.1
107486,T4c,5939.1
40596,Mi1,5939.1
37555,Mi1,5939.1
35572,Mi1,5939.1
17668,LC4,5939.1
48894,TmY3,5939.1
117631,T4d,5939.200000000001
110454,T4d,5939.200000000001
98467,T4d,5939.200000000001
98325,T4d,5939.200000000001
88127,T4b,5939.200000000001
58862,Mi1,5939.200000000001
43323,Mi1,5939.200000000001
35260,Mi1,5939.200000000001
34862,Mi1,5939.200000000001
74112,T2a,5939.200000000001
103343,T4b,5939.3
118029,T4b,5939.3
66357,T2a,5939.3
87763,T4a,5939.3
35888,Mi1,5939.3
35602,Mi1,5939.3
66227,Tm3,5939.3
21804,LC4,5939.4
41709,Mi1,5939.4
65671,Mi1,5939.4
99348,T4c,5939.4
23392,LC4,5939.500000000001
75343,Tm3,5939.500000000001
72279,Mi1,5939.500000000001
67113,Mi1,5939.500000000001
10015,HSN,5939.500000000001
34329,Mi1,5939.500000000001
130861,Tm3,5939.500000000001
10001,DNp01,5939.500000000001
45176,Mi1,5939.500000000001
102462,T4c,5939.6
88152,T4c,5939.6
90493,T4b,5939.6
79271,T4a,5939.6
48514,TmY3,5939.6
76380,Tm3,5939.6
49324,Mi1,5939.6
10755,H1,5939.6
77307,Tm3,5939.6
113686,T4d,5939.7
99519,T4a,5939.7
87896,T4a,5939.7
87565,T4a,5939.7
69266,Tm3,5939.7
48547,TmY3,5939.7
41435,Mi1,5939.7
93302,T4b,5939.7
40599,TmY3,5939.7
39505,Mi1,5939.7
36911,Mi1,5939.7
24338,LC4,5939.7
18127,LC4,5939.7
10016,HSE,5939.7
41296,Mi1,5939.7
112993,T4b,5939.8
108307,T4b,5939.8
105242,T4c,5939.8
102786,Tm3,5939.8
33907,Mi1,5939.8
18189,LC4,5939.8
66852,Mi1,5939.8
94948,T4c,5939.900000000001
122333,T4b,5939.900000000001
103677,T4b,5939.900000000001
103152,T4a,5939.900000000001
96812,T4a,5939.900000000001
96199,T4a,5939.900000000001
542412,Mi1,5939.900000000001
94549,T4b,5939.900000000001
71765,T2a,5939.900000000001
10023,HSS,5939.900000000001
35045,Mi1,5939.900000000001
35113,Mi1,5939.900000000001
92251,T4b,5939.900000000001
37631,Mi1,5939.900000000001
35235,Mi1,5939.900000000001
68840,TmY3,5939.900000000001
12109,OA-VUMa2,5940.0
54503,TmY3,5940.0
61292,T2,5940.0
63673,Tm3,5940.0
108161,T4a,5940.0
25584,LC4,5940.1
35001,Mi1,5940.1
95736,T4c,5940.1
109649,T4c,5940.1
109996,T4c,5940.1
60643,Tm3,5940.2
101228,T4a,5940.2
99975,T4c,5940.2
86715,Tm3,5940.2
75473,Tm3,5940.2
37371,Mi1,5940.2
34626,Mi1,5940.2
21313,LC4,5940.2
10112,VS,5940.2
69561,T2a,5940.2
34272,Mi1,5940.3
34356,Mi1,5940.3
35580,Mi1,5940.3
83979,T4a,5940.3
91804,T4d,5940.3
94983,T4c,5940.3
100946,T4c,5940.400000000001
106295,T4b,5940.400000000001
104884,T4b,5940.400000000001
106401,T4d,5940.400000000001
99074,T4b,5940.400000000001
40171,Mi1,5940.400000000001
36139,Mi1,5940.400000000001
23098,LC4,5940.400000000001
84008,T4c,5940.400000000001
35724,Mi1,5940.5
67963,Tm3,5940.5
71230,Tm3,5940.5
86536,Tm3,5940.5
89784,T4b,5940.5
111304,T4b,5940.599999999999
103073,T4a,5940.599999999999
89099,T4a,5940.599999999999
78999,T2a,5940.599999999999
42872,Mi1,5940.599999999999
77484,T4d,5940.599999999999
23929,LC4,5940.599999999999
22847,LC4,5940.599999999999
22194,LC4,5940.599999999999
22034,LC4,5940.599999999999
10265,OA-AL2i2,5940.599999999999
39692,TmY3,5940.599999999999
106801,T4c,5940.700000000001
101605,T4a,5940.700000000001
94305,T4a,5940.700000000001
74997,Tm3,5940.700000000001
45696,Mi1,5940.700000000001
42895,Mi1,5940.700000000001
36684,Mi1,5940.700000000001
10080,OA-VUMa3,5940.700000000001
72194,Tm3,5940.700000000001
125288,Tm3,5940.8
115369,T4c,5940.8
111928,T4b,5940.8
98937,T4a,5940.8
41637,Mi1,5940.8
43689,Mi1,5940.8
46827,Mi1,5940.8
19543,LC4,5940.8
38514,Mi1,5940.8
10025,H2,5940.9
20588,LC4,5940.9
21336,LC4,5940.9
22975,LC4,5940.9
31492,Mi1,5940.9
37529,Mi1,5940.9
90731,T4b,5940.9
52350,Mi1,5941.000000000001
59959,Mi1,5941.000000000001
35428,Mi1,5941.000000000001
10311,VS,5941.000000000001
10269,OA-AL2i2,5941.000000000001
33216,Mi1,5941.000000000001
93588,T4b,5941.1
30480,LC4,5941.1
35774,Mi1,5941.1
43414,Mi1,5941.1
74023,T2a,5941.1
78739,T4b,5941.1
88625,T4c,5941.1
89223,T4d,5941.1
94081,T4c,5941.1
124362,T4c,5941.2
110040,T4c,5941.2
87452,T2a,5941.2
116633,T4c,5941.2
42119,Mi1,5941.2
16128,LC4,5941.2
12521,HST,5941.2
53983,TmY3,5941.2
40832,Mi1,5941.3
112344,T4c,5941.3
35770,Mi1,5941.400000000001
43978,Mi1,5941.400000000001
62851,Tm3,5941.400000000001
68485,T2a,5941.400000000001
83227,Tm3,5941.400000000001
104858,T4b,5941.5
82674,T4a,5941.5
75521,T2a,5941.5
97031,T4c,5941.5
51122,Mi1,5941.5
36954,Mi1,5941.5
26112,LC4,5941.5
63420,Mi1,5941.5
800146,TTMn,5941.6
113983,T4d,5941.6
91179,T4a,5941.6
87814,T4b,5941.6
86778,T4a,5941.6
82536,T4d,5941.6
71131,Tm3,5941.6
40411,Mi1,5941.6
38721,Mi1,5941.6
34933,Mi1,5941.6
10072,OA-AL2i1,5941.6
10037,VS,5941.6
78911,Tm3,5941.6
116451,T4c,5941.7
118385,T4b,5941.7
122308,Tm3,5941.7
92911,T4c,5941.7
10687,OA-AL2i3,5941.7
80282,T4d,5941.7
20282,LC4,5941.8
20808,LC4,5941.8
61500,Tm3,5941.8
92114,T4c,5941.8
110910,Tm3,5941.8
116129,T4b,5941.900000000001
109035,T4b,5941.900000000001
102579,T4b,5941.900000000001
101742,T4c,5941.900000000001
98361,T4a,5941.900000000001
122273,Tm3,5941.900000000001
78308,T2a,5941.900000000001
71853,T2a,5941.900000000001
45719,Mi1,5941.900000000001
38479,Mi1,5941.900000000001
90058,T4a,5941.900000000001
110988,T4a,5942.0
105332,T4b,5942.0
121420,T4d,5942.0
94668,T4d,5942.0
99837,T4a,5942.0
64341,TmY3,5942.0
10001,DNp01,5942.099999999999
10206,VS,5942.099999999999
17987,LC4,5942.099999999999
29563,LC4,5942.099999999999
82618,T2a,5942.099999999999
91682,T4b,5942.099999999999
537004,VSm,5942.099999999999
287884,OA-VPM3,5942.200000000001
63175,Mi1,5942.200000000001
93927,T4a,5942.200000000001
93482,T4d,5942.200000000001
47211,Mi1,5942.200000000001
38529,Mi1,5942.200000000001
10168,OA-VUMa6,5942.200000000001
38791,Mi1,5942.200000000001
11264,OA-ASM1,5942.3
30803,LC4,5942.3
40219,Mi1,5942.3
90888,T4b,5942.3
107812,T4a,5942.3
115452,T4c,5942.4
110160,T4c,5942.4
89282,T4a,5942.4
87939,T4b,5942.4
83191,T4a,5942.4
100018,T4a,5942.4
36252,Mi1,5942.4
21225,LC4,5942.4
19954,LC4,5942.4
10175,OA-VUMa6,5942.4
83009,T4b,5942.4
111823,T4c,5942.5
96260,T4d,5942.5
107211,T4d,5942.5
87845,T4a,5942.5
16628,LC4,5942.5
90219,T4a,5942.5
526158,Mi1,5942.6
116311,T4d,5942.6
112750,T4c,5942.6
104621,T4c,5942.6
102298,T4c,5942.6
85866,T4b,5942.6
79875,T4c,5942.6
76788,T4b,5942.6
66872,T2,5942.6
48286,Mi1,5942.6
63825,Tm3,5942.6
39727,Mi1,5942.6
38687,Mi1,5942.6
38238,Mi1,5942.6
36646,Mi1,5942.6
17266,LC4,5942.6
12896,OA-VUMa5,5942.6
10016,HSE,5942.6
64485,T2,5942.6
108675,T4b,5942.7
103022,T4a,5942.7
94283,T4d,5942.7
34300,Mi1,5942.7
38241,Mi1,5942.7
38893,Mi1,5942.7
82313,T4a,5942.8
100981,T4d,5942.8
91674,T4a,5942.8
54087,Mi1,5942.8
53065,Mi1,5942.8
10284,VS,5942.8
10015,HSN,5942.8
10012,VS,5942.8
108043,T4a,5942.9
103497,Tm3,5942.9
95972,T4d,5942.9
71228,T2a,5942.9
72955,T2a,5942.9
37599,Mi1,5942.9
20917,LC4,5942.9
17054,LC4,5942.9
44564,TmY3,5942.9
62838,TmY3,5943.0
100996,T4b,5943.0
80906,T4c,5943.0
72148,Tm3,5943.0
63994,Mi1,5943.0
58527,TmY3,5943.0
16138,LC4,5943.0
41399,Mi1,5943.0
39158,Mi1,5943.0
36305,Mi1,5943.0
19260,LC4,5943.0
44592,TmY3,5943.0
38987,Mi1,5943.1
41613,Mi1,5943.1
49942,TmY3,5943.1
55976,Mi1,5943.1
56762,TmY3,5943.1
80913,T4a,5943.1
102703,T4a,5943.1
117179,T4c,5943.2
96576,T4c,5943.2
96081,T4a,5943.2
93566,T4a,5943.2
36410,Mi1,5943.2
83004,T4b,5943.2
74853,Tm3,5943.2
23792,LC4,5943.2
85924,T4a,5943.2
111579,Tm3,5943.3
97872,T4d,5943.3
97145,T4c,5943.3
94356,T4c,5943.3
92684,T4c,5943.3
62912,T2,5943.3
92281,T4c,5943.3
48531,Mi1,5943.3
38461,Mi1,5943.3
35806,Mi1,5943.3
35683,Mi1,5943.3
35290,Mi1,5943.3
55706,TmY3,5943.3
108344,T4d,5943.400000000001
98439,T4a,5943.400000000001
91076,T4a,5943.400000000001
83365,T2a,5943.400000000001
58967,TmY3,5943.400000000001
108974,T4c,5943.5
108847,T4d,5943.5
104911,T4c,5943.5
102519,T4a,5943.5
99292,T4a,5943.5
98575,T4a,5943.5
89142,T4b,5943.5
46993,T2a,5943.5
56136,Tm3,5943.5
38133,Mi1,5943.5
34479,Mi1,5943.5
20399,LC4,5943.5
10023,HSS,5943.5
85009,Tm3,5943.5
92055,T4c,5943.599999999999
126163,Tm3,5943.599999999999
94893,T4c,5943.599999999999
93750,T4c,5943.599999999999
92254,T4b,5943.599999999999
91725,T4b,5943.599999999999
103780,T4c,5943.599999999999
84267,T4c,5943.599999999999
81015,T4a,5943.599999999999
39651,Mi1,5943.599999999999
36540,Mi1,5943.599999999999
87566,T4a,5943.599999999999
15422,VST2,5943.599999999999
110987,Tm3,5943.700000000001
97784,T4c,5943.700000000001
62894,Tm3,5943.700000000001
37113,Mi1,5943.700000000001
37000,Mi1,5943.700000000001
36346,Mi1,5943.700000000001
40256,Mi1,5943.700000000001
38227,Mi1,5943.8
118551,Tm3,5943.8
87390,T2a,5943.8
36660,Mi1,5943.8
100501,T4b,5943.8
22328,LC4,5943.8
11134,VSm,5943.8
10799,OA-VUMa4,5943.8
34045,Mi1,5943.8
10025,H2,5943.9
17548,LC4,5943.9
40635,Mi1,5943.9
82656,T2a,5943.9
96394,T4b,5943.9
527408,LC4,5943.9
120992,Tm3,5944.0
108948,T4b,5944.0
103645,T4c,5944.0
103314,T4b,5944.0
93142,T4a,5944.0
10755,H1,5944.0
77775,T2a,5944.0
47967,Mi1,5944.0
35498,Mi1,5944.0
10658,OA-AL2i3,5944.0
81211,Tm3,5944.0
99980,T4c,5944.1
118173,Tm3,5944.1
96434,T4d,5944.1
34899,Mi1,5944.1
90423,T4b,5944.1
63468,Mi1,5944.1
95345,T4d,5944.1
19634,LC4,5944.2
36177,Mi1,5944.2
41545,Mi1,5944.2
68167,Tm3,5944.2
91629,T4a,5944.2
96090,T4c,5944.2
119353,T4b,5944.2
102425,T4b,5944.3
100673,T4b,5944.3
74927,Tm3,5944.3
105403,T4c,5944.3
38477,Mi1,5944.3
36275,Mi1,5944.3
19794,LC4,5944.3
54885,TmY3,5944.3
38767,Mi1,5944.4
64058,T2,5944.4
81620,T2a,5944.4
85536,T4a,5944.4
107143,T4d,5944.5
88698,T4a,5944.5
75660,T2a,5944.5
70281,T2a,5944.5
22966,LC4,5944.5
17926,LC4,5944.5
10112,VS,5944.5
35100,Mi1,5944.5
94324,Tm3,5944.6
112563,Tm3,5944.6
98381,T4d,5944.6
95681,T4a,5944.6
112633,T4b,5944.6
93559,T4d,5944.6
37680,Mi1,5944.6
69915,TmY3,5944.6
69063,Mi1,5944.6
37138,Mi1,5944.6
17364,LC4,5944.6
10187,OA-VPM3,5944.6
78968,Tm3,5944.6
122290,Tm3,5944.7
107445,T4a,5944.7
106950,T4c,5944.7
106745,T4b,5944.7
98654,T4d,5944.7
98393,T4a,5944.7
102975,T4b,5944.7
96852,T4a,5944.7
91222,T4d,5944.7
90049,T4c,5944.7
42010,TmY3,5944.7
20016,LC4,5944.7
10001,DNp01,5944.7
98300,T4a,5944.7
94058,T4b,5944.8
56118,TmY3,5944.8
37270,Mi1,5944.8
37224,Mi1,5944.8
24338,LC4,5944.8
35890,Mi1,5944.8
21165,LC4,5944.8
35897,Mi1,5944.8
97184,T4d,5944.900000000001
546524,Mi1,5944.900000000001
96295,T4b,5944.900000000001
57239,Mi1,5944.900000000001
68983,Tm3,5944.900000000001
95499,T4b,5944.900000000001
39275,Mi1,5945.0
98788,T4d,5945.0
100319,T4b,5945.0
104683,T4b,5945.0
119213,T4c,5945.1
87090,T2a,5945.1
37733,TmY3,5945.1
98194,T4d,5945.1
20542,LC4,5945.1
10185,OA-VUMa8,5945.1
10037,VS,5945.1
33655,Mi1,5945.1
18127,LC4,5945.200000000001
25584,LC4,5945.200000000001
35416,Mi1,5945.200000000001
38421,Mi1,5945.200000000001
67308,Mi1,5945.200000000001
105363,T4c,5945.200000000001
133349,Tm3,5945.200000000001
89483,T4a,5945.3
107464,T4a,5945.3
103425,T4a,5945.3
91313,T4a,5945.3
82425,T4b,5945.3
286259,OA-ASM1,5945.3
51231,TmY3,5945.3
11608,OA-VUMa2,5945.3
35173,Mi1,5945.3
57398,Mi1,5945.3
46662,TmY3,5945.3
35840,Mi1,5945.3
21287,LC4,5945.400000000001
21313,LC4,5945.400000000001
34057,Mi1,5945.400000000001
42048,Mi1,5945.400000000001
42691,Mi1,5945.400000000001
66980,T2a,5945.400000000001
70800,Tm3,5945.400000000001
104414,T4d,5945.400000000001
37568,Mi1,5945.400000000001
106166,T4b,5945.5
91057,T4c,5945.5
93509,T4b,5945.5
92706,T4a,5945.5
44438,Mi1,5945.5
25893,VST1,5945.5
10016,HSE,5945.5
38632,Mi1,5945.5
112369,T4d,5945.6
96728,T4c,5945.6
92552,T4a,5945.6
90995,Tm3,5945.6
84063,T4b,5945.6
71398,Tm3,5945.6
67152,Tm3,5945.6
36217,Mi1,5945.6
34079,Mi1,5945.6
12688,OA-ASM1,5945.6
10322,OA-AL2i2,5945.6
47465,TmY3,5945.6
86907,T4a,5945.700000000001
96126,T4b,5945.700000000001
36452,Mi1,5945.700000000001
100867,T4b,5945.700000000001
11602,OA-ASM1,5945.700000000001
22194,LC4,5945.700000000001
10555,OA-VUMa3,5945.700000000001
23392,LC4,5945.8
35512,Mi1,5945.8
38748,Mi1,5945.8
41654,Mi1,5945.8
92082,T4b,5945.8
96424,T4b,5945.8
103765,T4d,5945.8
105379,T4c,5945.8
118924,Tm3,5945.8
92472,T4c,5945.9
102595,T4d,5945.9
97885,T4a,5945.9
76446,TmY3,5945.9
62488,T2,5945.9
37509,Mi1,5945.9
35777,Mi1,5945.9
69540,TmY3,5945.9
70289,Mi1,5946.000000000001
10015,HSN,5946.000000000001
20673,LC4,5946.000000000001
45319,Mi1,5946.000000000001
68535,T2a,5946.000000000001
74259,T2a,5946.000000000001
80812,T4a,5946.000000000001
95287,T4a,5946.000000000001
101215,T4c,5946.000000000001
103302,T4c,5946.000000000001
97326,T4c,5946.1
93025,T4b,5946.1
101245,T4a,5946.1
103867,T4a,5946.1
91914,T4a,5946.1
52485,TmY3,5946.1
39688,Mi1,5946.1
19550,LC4,5946.1
17668,LC4,5946.1
84663,T2a,5946.1
36533,Mi1,5946.2
68522,T2a,5946.2
92842,T4a,5946.2
99773,Tm3,5946.2
108066,T4b,5946.2
113648,T4c,5946.2
95227,T4a,5946.3
92644,T4d,5946.3
38648,Mi1,5946.3
39500,Mi1,5946.3
39629,Mi1,5946.3
102991,T4c,5946.400000000001
114817,T4d,5946.400000000001
107170,T4b,5946.400000000001
800146,TTMn,5946.400000000001
105706,T4a,5946.400000000001
104354,T4b,5946.400000000001
92431,T4a,5946.400000000001
19543,LC4,5946.400000000001
79138,T2a,5946.400000000001
75557,Tm3,5946.400000000001
40936,Mi1,5946.400000000001
39595,Mi1,5946.400000000001
11005,OA-VUMa4,5946.400000000001
10226,OA-AL2i3,5946.400000000001
83639,T2a,5946.400000000001
79257,Tm3,5946.5
103955,T4d,5946.5
104412,T4a,5946.5
98890,T4c,5946.5
93360,T4b,5946.5
65833,Mi1,5946.5
17860,LC4,5946.5
39067,Mi1,5946.5
38857,Mi1,5946.5
33091,Mi1,5946.5
10110,OA-VUMa1,5946.5
41762,TmY3,5946.5
131034,Tm3,5946.6
90900,T4a,5946.6
67971,Tm3,5946.6
101685,T4b,5946.6
40795,Mi1,5946.6
23098,LC4,5946.6
18189,LC4,5946.6
41950,Mi1,5946.6
31848,Mi1,5946.7
34189,Mi1,5946.7
40085,Mi1,5946.7
41671,TmY3,5946.7
66791,Tm3,5946.7
50345,TmY3,5946.8
100897,T4c,5946.8
88933,T4a,5946.8
77916,T2a,5946.8
58945,Tm3,5946.8
46784,Mi1,5946.8
117221,T4c,5946.8
43872,Mi1,5946.8
39718,Mi1,5946.8
36695,Mi1,5946.8
24867,VST1,5946.8
21336,LC4,5946.8
10206,VS,5946.8
44222,Mi1,5946.8
120289,T4c,5946.900000000001
105521,T4c,5946.900000000001
64897,T2,5946.900000000001
60857,Mi1,5946.900000000001
41136,Mi1,5946.900000000001
37294,Mi1,5946.900000000001
19420,LC4,5946.900000000001
10025,H2,5946.900000000001
60698,TmY3,5946.900000000001
116248,T4d,5947.0
107640,T4c,5947.0
98668,T4a,5947.0
95458,T4d,5947.0
91987,T4c,5947.0
72190,Tm3,5947.0
78503,T2a,5947.0
57871,T2,5947.0
42594,Mi1,5947.0
10825,OA-AL2i3,5947.0
80582,T4a,5947.0
76074,Tm3,5947.1
73284,T2a,5947.1
48060,Mi1,5947.1
38178,Mi1,5947.1
34171,Mi1,5947.1
10023,HSS,5947.1
37088,Mi1,5947.1
108870,T4a,5947.200000000001
103195,T4a,5947.200000000001
99670,T4c,5947.200000000001
94624,T4a,5947.200000000001
87106,T4a,5947.200000000001
89434,T4c,5947.200000000001
41804,Mi1,5947.200000000001
16128,LC4,5947.200000000001
20588,LC4,5947.200000000001
74159,Tm3,5947.200000000001
37391,Mi1,5947.200000000001
20808,LC4,5947.200000000001
10001,DNp01,5947.3
80197,T4a,5947.3
80899,TmY3,5947.3
88435,Tm3,5947.3
107420,T4b,5947.3
114391,T4d,5947.3
149504,T4d,5947.3
93166,T4c,5947.4
74228,Tm3,5947.4
99922,T4c,5947.4
35234,Mi1,5947.4
35845,Mi1,5947.4
86686,T4c,5947.4
19954,LC4,5947.4
35017,Mi1,5947.500000000001
47962,TmY3,5947.500000000001
77557,T4b,5947.500000000001
84328,T4a,5947.500000000001
85664,TmY3,5947.500000000001
93865,T4c,5947.500000000001
94282,T4c,5947.500000000001
94743,T4d,5947.500000000001
94755,T4a,5947.500000000001
95532,T4a,5947.500000000001
105115,T4d,5947.500000000001
90027,T4c,5947.500000000001
125171,Tm3,5947.6
85429,T4d,5947.6
107799,T4b,5947.6
45162,TmY3,5947.6
33614,Mi1,5947.6
75484,Tm3,5947.6
10677,OA-AL2i4,5947.6
35152,Mi1,5947.7
39858,Mi1,5947.7
74937,T2a,5947.7
81401,T4b,5947.7
82699,Tm3,5947.7
101994,T4a,5947.7
102540,T4b,5947.7
109916,T4d,5947.7
120231,Tm3,5947.7
94953,T4d,5947.7
106840,T4b,5947.8
91345,T4c,5947.8
95007,T4a,5947.8
92939,T4b,5947.8
79483,Tm3,5947.8
40235,Mi1,5947.8
28945,LC4,5947.8
21151,LC4,5947.8
84631,T4c,5947.8
10041,OA-VUMa1,5947.900000000001
72501,Mi1,5947.900000000001
79646,Tm3,5947.900000000001
83042,T4b,5947.900000000001
98039,T4d,5947.900000000001
104191,T4a,5947.900000000001
111380,Tm3,5948.0
97675,T4c,5948.0
91913,T4b,5948.0
85074,T4a,5948.0
78856,Tm3,5948.0
84010,Tm3,5948.0
43615,Mi1,5948.0
36994,Mi1,5948.0
34404,Mi1,5948.0
33017,Mi1,5948.0
43783,Mi1,5948.0
110646,T4b,5948.1
104622,T4b,5948.1
99663,T4c,5948.1
94071,T4a,5948.1
87808,T4a,5948.1
82549,T4b,5948.1
41659,Mi1,5948.1
37353,Mi1,5948.1
16628,LC4,5948.1
10012,VS,5948.1
109598,T4b,5948.2
100874,T4a,5948.2
98137,T4d,5948.2
88167,T4b,5948.2
82299,T4c,5948.2
21225,LC4,5948.2
71475,Tm3,5948.2
37853,Mi1,5948.2
10072,OA-AL2i1,5948.2
77527,T4a,5948.2
10016,HSE,5948.3
10755,H1,5948.3
30997,Mi1,5948.3
96657,T4c,5948.3
108270,T4b,5948.3
109727,T4b,5948.3
95453,T4a,5948.400000000001
97878,T4b,5948.400000000001
78317,T4a,5948.400000000001
42675,Mi1,5948.400000000001
36446,Mi1,5948.400000000001
64149,Mi1,5948.400000000001
10269,OA-AL2i2,5948.5
100032,T4c,5948.5
120928,T4d,5948.5
134799,Tm3,5948.5
77395,T4b,5948.599999999999
31262,LC4,5948.599999999999
38065,LC4,5948.599999999999
102229,T4d,5948.599999999999
104123,T4b,5948.599999999999
106510,T4b,5948.599999999999
86932,T4b,5948.700000000001
37243,Mi1,5948.700000000001
115636,T4d,5948.700000000001
104703,T4d,5948.700000000001
67150,T2a,5948.700000000001
23606,Mi1,5948.700000000001
61768,T2,5948.700000000001
22975,LC4,5948.700000000001
10037,VS,5948.700000000001
62078,Mi1,5948.700000000001
105565,Tm3,5948.8
10112,VS,5948.8
38710,Mi1,5948.8
89825,T4a,5948.8
96830,T4b,5948.8
97256,T4c,5948.8
108249,T4a,5948.8
118260,T4d,5948.9
102448,T4d,5948.9
123299,T4c,5948.9
37390,Mi1,5948.9
73767,Mi1,5948.9
10011,OA-AL2i1,5949.0
12521,HST,5949.0
32535,Mi1,5949.0
34658,Mi1,5949.0
35712,Mi1,5949.0
37019,Mi1,5949.0
38993,Mi1,5949.0
47686,TmY3,5949.0
69597,Tm3,5949.0
80483,T4c,5949.0
97981,T4a,5949.0
100785,T4b,5949.0
110312,T4d,5949.1
104722,T4d,5949.1
98398,T4c,5949.1
97318,T4d,5949.1
90419,T4b,5949.1
41536,Mi1,5949.1
22034,LC4,5949.1
10204,OA-AL2i2,5949.1
82121,Tm3,5949.1
10015,HSN,5949.2
16138,LC4,5949.2
40400,Mi1,5949.2
42856,Mi1,5949.2
43485,Mi1,5949.2
44119,Mi1,5949.2
59397,Mi1,5949.2
78940,T4a,5949.2
92481,TmY3,5949.2
103383,T4c,5949.2
89020,T4a,5949.3
96365,T4a,5949.3
33942,Mi1,5949.3
10687,OA-AL2i3,5949.3
44282,Mi1,5949.3
111783,T4a,5949.400000000001
98245,T4c,5949.400000000001
89409,T4a,5949.400000000001
119556,T4b,5949.400000000001
66345,T2a,5949.400000000001
33462,Mi1,5949.400000000001
10284,VS,5949.400000000001
71394,T2a,5949.400000000001
19260,LC4,5949.5
33446,Mi1,5949.5
34849,Mi1,5949.5
39716,Mi1,5949.5
94471,T4a,5949.5
94703,T4c,5949.5
72655,Mi1,5949.6
104130,T4a,5949.6
80838,T2a,5949.6
56564,Mi1,5949.6
17926,LC4,5949.6
37756,Mi1,5949.6
36158,Mi1,5949.6
44527,Mi1,5949.6
67424,T2,5949.7
88922,T4c,5949.7
95239,T4a,5949.7
98598,T4c,5949.7
102016,T4a,5949.7
106190,T4d,5949.7
112241,T4b,5949.7
114338,T4c,5949.7
93224,T4a,5949.8
94224,T4b,5949.8
90796,T4d,5949.8
108438,T4d,5949.8
98099,T4b,5949.8
117151,T4d,5949.8
89252,T4b,5949.8
37699,Mi1,5949.8
10001,DNp01,5949.8
10025,H2,5949.8
85741,T4a,5949.8
33394,Mi1,5949.8
22328,LC4,5949.8
22108,TmY3,5949.900000000001
537004,VSm,5949.900000000001
137694,Tm3,5949.900000000001
109326,T4c,5949.900000000001
103870,T4a,5949.900000000001
100567,T4d,5949.900000000001
98404,T4d,5949.900000000001
99850,T4a,5949.900000000001
95554,T4b,5949.900000000001
90371,T4d,5949.900000000001
86635,T4c,5949.900000000001
67614,Mi1,5949.900000000001
66526,T2,5949.900000000001
97231,T4a,5949.900000000001
93957,T4b,5950.0
118948,T4d,5950.0
95629,T4c,5950.0
91505,T4c,5950.0
17548,LC4,5950.0
76733,Tm3,5950.0
59008,Mi1,5950.0
39164,Mi1,5950.0
85938,T4a,5950.0
101081,T4c,5950.099999999999
171349687,Tm3,5950.099999999999
106535,T4d,5950.099999999999
103108,T4b,5950.099999999999
102791,T4c,5950.099999999999
94567,T4c,5950.099999999999
100165,T4b,5950.099999999999
67464,Mi1,5950.099999999999
57164,TmY3,5950.099999999999
34296,Mi1,5950.099999999999
32893,Mi1,5950.099999999999
21804,LC4,5950.099999999999
10652,OA-AL2i4,5950.099999999999
81733,Tm3,5950.099999999999
112619,T4d,5950.200000000001
105640,T4d,5950.200000000001
88039,T4c,5950.200000000001
85378,T4a,5950.200000000001
76003,Tm3,5950.200000000001
59864,Tm3,5950.200000000001
79449,T4b,5950.200000000001
42533,TmY3,5950.200000000001
40505,Mi1,5950.200000000001
37108,Mi1,5950.200000000001
33766,Mi1,5950.200000000001
17987,LC4,5950.200000000001
17266,LC4,5950.200000000001
57349,Mi1,5950.200000000001
107609,T4d,5950.3
103527,T4c,5950.3
98349,T4a,5950.3
43965,Mi1,5950.3
25584,LC4,5950.3
20399,LC4,5950.3
18127,LC4,5950.3
34938,Mi1,5950.3
74725,T2a,5950.4
112048,T4c,5950.4
104336,T4b,5950.4
90259,T4d,5950.4
39405,Mi1,5950.4
105698,T4c,5950.4
38596,Mi1,5950.4
37948,Mi1,5950.4
37123,Mi1,5950.4
38768,Mi1,5950.4
24338,LC4,5950.4
112969,T4c,5950.5
101480,T4c,5950.5
100345,T4c,5950.5
81378,T4b,5950.5
64633,T2a,5950.5
45349,Mi1,5950.5
37927,Mi1,5950.5
22194,LC4,5950.5
21313,LC4,5950.5
20917,LC4,5950.5
114698,T4b,5950.6
104478,T4d,5950.6
71583,Tm3,5950.6
64977,T2,5950.6
17054,LC4,5950.6
37037,Mi1,5950.6
34369,Mi1,5950.6
39525,Mi1,5950.6
10023,HSS,5950.7
37084,Mi1,5950.7
40106,Mi1,5950.7
40703,Mi1,5950.7
102572,T4c,5950.7
73320,T2,5950.8
104802,T4c,5950.8
74303,Mi1,5950.8
69164,Mi1,5950.8
110742,T4c,5950.8
37839,Mi1,5950.8
23929,LC4,5950.8
42758,Mi1,5950.8
35218,Mi1,5950.8
89368,T4c,5950.9
100282,T4a,5950.9
99950,T4c,5950.9
98118,T4c,5950.9
91303,T4b,5950.9
79259,T4b,5950.9
71164,Mi1,5950.9
38487,Mi1,5950.9
35447,Mi1,5950.9
34606,Mi1,5950.9
33326,Mi1,5950.9
22847,LC4,5950.9
102031,T4c,5951.0
98887,T4b,5951.0
97899,T4a,5951.0
113568,T4d,5951.0
40944,Mi1,5951.0
39692,TmY3,5951.0
36369,Mi1,5951.0
11134,VSm,5951.0
66808,Tm3,5951.0
109593,Tm3,5951.1
90112,T4c,5951.1
80093,T2a,5951.1
82211,T2a,5951.1
51049,Mi1,5951.1
10120,OA-VPM4,5951.1
10016,HSE,5951.1
66604,TmY3,5951.1
71089,Mi1,5951.2
109023,T4c,5951.2
97704,T2a,5951.2
97677,T4c,5951.2
90394,T4a,5951.2
77972,Tm3,5951.2
46745,Mi1,5951.2
37044,Mi1,5951.2
41809,Mi1,5951.2
10403,VS,5951.2
17364,LC4,5951.2
20282,LC4,5951.2
43063,Mi1,5951.2
37677,Mi1,5951.2
33110,Mi1,5951.2
10206,VS,5951.3
36990,Mi1,5951.3
38708,Mi1,5951.3
65742,Tm3,5951.3
80033,T4a,5951.3
109384,T4d,5951.3
112806,T4c,5951.3
38455,Mi1,5951.400000000001
20542,LC4,5951.400000000001
26112,LC4,5951.400000000001
108907,T4c,5951.400000000001
95822,T4b,5951.5
83067,T4b,5951.5
72665,Mi1,5951.5
29563,LC4,5951.5
40426,Mi1,5951.5
45322,Mi1,5951.5
40958,Mi1,5951.599999999999
60886,T2a,5951.599999999999
103025,T4a,5951.599999999999
104996,T4a,5951.599999999999
92640,T4d,5951.700000000001
111184,T4a,5951.700000000001
100729,T4b,5951.700000000001
98175,T4c,5951.700000000001
135467,Tm3,5951.700000000001
71052,T2a,5951.700000000001
39894,T4b,5951.700000000001
16570,VST2,5951.700000000001
48986,TmY3,5951.700000000001
38772,Mi1,5951.700000000001
34463,Mi1,5951.700000000001
12109,OA-VUMa2,5951.8
41709,Mi1,5951.8
46248,Mi1,5951.8
93527,T4a,5951.8
94468,T4c,5951.8
105313,T4a,5951.8
111017,T4d,5951.8
525839,Mi1,5951.8
86416,T4a,5951.8
800146,TTMn,5951.9
65671,Mi1,5951.9
90655,T4a,5951.9
47360,TmY3,5951.9
34862,Mi1,5951.9
37438,Mi1,5951.9
23392,LC4,5952.0
38208,Mi1,5952.0
42942,Mi1,5952.0
68982,Tm3,5952.0
72938,T2a,5952.0
74731,T2a,5952.0
87289,T4a,5952.0
95017,T4c,5952.0
101589,T4a,5952.0
121245,Tm3,5952.1
110693,Tm3,5952.1
104257,T4b,5952.1
70900,Tm3,5952.1
38230,Mi1,5952.1
20634,VST1,5952.1
19794,LC4,5952.1
40577,Mi1,5952.1
108475,T4b,5952.2
107442,T4d,5952.2
101707,T4c,5952.2
88084,T4b,5952.2
90145,T4a,5952.2
39791,Mi1,5952.2
35602,Mi1,5952.2
10037,VS,5952.2
78477,T4a,5952.2
98226,T4b,5952.3
99572,T4a,5952.3
98862,Tm3,5952.3
101721,T4d,5952.3
96931,T4b,5952.3
19543,LC4,5952.3
74411,Mi1,5952.3
70490,Mi1,5952.3
10015,HSN,5952.3
10001,DNp01,5952.3
90533,T4c,5952.3
105962,T4b,5952.4
103479,T4c,5952.4
101441,T4a,5952.4
95356,T4a,5952.4
92146,T4a,5952.4
82099,T4b,5952.4
89864,T4b,5952.4
37585,Mi1,5952.4
35734,Mi1,5952.4
33918,Mi1,5952.4
23792,LC4,5952.4
16128,LC4,5952.4
10755,H1,5952.4
39438,Mi1,5952.4
119959,T4d,5952.5
104714,T4b,5952.5
100105,T4a,5952.5
98238,T4b,5952.5
91857,T4b,5952.5
111613,T4d,5952.5
40854,Mi1,5952.5
35888,Mi1,5952.5
34142,Mi1,5952.5
23098,LC4,5952.5
57247,TmY3,5952.5
120016,Tm3,5952.6
101770,T4b,5952.6
93021,T4a,5952.6
103725,T4a,5952.6
20808,LC4,5952.6
10265,OA-AL2i2,5952.6
35934,Mi1,5952.6
10025,H2,5952.7
19954,LC4,5952.7
21336,LC4,5952.7
58224,Mi1,5952.7
60856,T2a,5952.7
102910,T4b,5952.7
122233,Tm3,5952.7
115882,T4b,5952.8
56984,TmY3,5952.8
98985,T4c,5952.8
41522,Mi1,5952.8
55101,Mi1,5952.8
37555,Mi1,5952.8
80670,T4a,5952.8
10168,OA-VUMa6,5952.900000000001
34356,Mi1,5952.900000000001
40596,Mi1,5952.900000000001
41435,Mi1,5952.900000000001
47368,TmY3,5952.900000000001
76653,T2a,5952.900000000001
96812,T4a,5952.900000000001
120312,Tm3,5952.900000000001
104256,T4a,5953.0
99137,T4c,5953.0
94549,T4b,5953.0
75419,T2,5953.0
58862,Mi1,5953.0
50552,Mi1,5953.0
44747,TmY3,5953.0
35836,Mi1,5953.0
40171,Mi1,5953.0
34867,Mi1,5953.0
33907,Mi1,5953.0
21165,LC4,5953.0
10112,VS,5953.0
41626,Mi1,5953.0
79358,T2a,5953.1
135612,Tm3,5953.1
92957,T4d,5953.1
72279,Mi1,5953.1
106701,T4d,5953.1
30803,LC4,5953.1
10322,OA-AL2i2,5953.1
44700,Mi1,5953.1
17668,LC4,5953.1
14416,VST2,5953.1
10311,VS,5953.200000000001
41120,Mi1,5953.200000000001
101772,Tm3,5953.200000000001
106362,T4d,5953.200000000001
112453,T4c,5953.200000000001
105180,T4c,5953.200000000001
532850,Tm3,5953.3
98748,T4c,5953.3
105199,T4d,5953.3
104942,T4a,5953.3
103579,T4c,5953.3
99731,T4c,5953.3
92006,T4a,5953.3
39743,Mi1,5953.3
36911,Mi1,5953.3
10799,OA-VUMa4,5953.3
10012,VS,5953.3
42895,Mi1,5953.3
12896,OA-VUMa5,5953.400000000001
16628,LC4,5953.400000000001
35045,Mi1,5953.400000000001
35405,Mi1,5953.400000000001
105126,T4c,5953.400000000001
113107,T4a,5953.400000000001
115111,T4a,5953.400000000001
85778,T4b,5953.5
97161,T4a,5953.5
95921,T4c,5953.5
84366,T4b,5953.5
97171,T4d,5953.5
43323,Mi1,5953.5
36881,Mi1,5953.5
20016,LC4,5953.5
65636,T2,5953.5
10080,OA-VUMa3,5953.6
19634,LC4,5953.6
42872,Mi1,5953.6
67408,Mi1,5953.6
138496,Tm3,5953.700000000001
115818,T4a,5953.700000000001
102845,T4b,5953.700000000001
45176,Mi1,5953.700000000001
36684,Mi1,5953.700000000001
83689,T4a,5953.700000000001
35235,Mi1,5953.700000000001
35001,Mi1,5953.700000000001
20588,LC4,5953.700000000001
11921,OA-VPM4,5953.700000000001
35572,Mi1,5953.700000000001
35774,Mi1,5953.8
68264,Tm3,5953.8
93941,T4b,5953.8
93419,T4b,5953.9
91288,T4c,5953.9
72829,T2a,5953.9
10016,HSE,5953.9
46827,Mi1,5953.9
41668,Mi1,5953.9
49324,Mi1,5953.9
85229,T4c,5954.000000000001
72426,Tm3,5954.000000000001
89025,T4a,5954.000000000001
52350,Mi1,5954.000000000001
10175,OA-VUMa6,5954.000000000001
68138,TmY3,5954.000000000001
20673,LC4,5954.1
21287,LC4,5954.1
65468,T2,5954.1
71308,Tm3,5954.1
83438,T4a,5954.1
92047,T4c,5954.1
94866,T4d,5954.1
98817,T4a,5954.1
113945,T4d,5954.1
102801,T4b,5954.2
93604,T4a,5954.2
91366,T4b,5954.2
89485,T4a,5954.2
92839,T4b,5954.2
43978,Mi1,5954.2
27788,Mi1,5954.2
18189,LC4,5954.2
68212,T2a,5954.2
106821,T4b,5954.3
67113,Mi1,5954.3
36139,Mi1,5954.3
33216,Mi1,5954.3
35260,Mi1,5954.3
21225,LC4,5954.3
19550,LC4,5954.3
17926,LC4,5954.3
10023,HSS,5954.3
31492,Mi1,5954.3
83307,Tm3,5954.400000000001
94329,T4c,5954.400000000001
97105,T4d,5954.400000000001
100247,T4c,5954.400000000001
112458,T4b,5954.400000000001
111180,T4c,5954.5
83465,T4a,5954.5
117882,T4b,5954.5
34626,Mi1,5954.5
35113,Mi1,5954.5
542412,Mi1,5954.6
106587,T4d,5954.6
104390,T4a,5954.6
71447,T4c,5954.6
67719,T2a,5954.6
34272,Mi1,5954.6
37371,Mi1,5954.6
35724,Mi1,5954.6
42119,Mi1,5954.6
19420,LC4,5954.6
37529,Mi1,5954.7
70153,Tm3,5954.7
106912,Tm3,5954.7
108065,T4c,5954.7
104853,T4c,5954.8
85126,T4a,5954.8
66538,T2,5954.8
88095,T4d,5954.8
38893,Mi1,5954.8
38791,Mi1,5954.8
10001,DNp01,5954.8
60337,TmY3,5954.8
96989,T4d,5954.900000000001
81486,T4b,5954.900000000001
59959,Mi1,5954.900000000001
45696,Mi1,5954.900000000001
22328,LC4,5954.900000000001
16138,LC4,5954.900000000001
10072,OA-AL2i1,5954.900000000001
37631,Mi1,5954.900000000001
82964,T2a,5955.0
107031,T4b,5955.0
90566,T4d,5955.0
108349,T4d,5955.0
85598,T4b,5955.0
69723,Tm3,5955.0
90278,T4a,5955.0
65348,TmY3,5955.0
40411,Mi1,5955.0
38529,Mi1,5955.0
34329,Mi1,5955.0
22264,TmY3,5955.0
66852,Mi1,5955.0
11005,OA-VUMa4,5955.1
78773,Tm3,5955.1
87873,T4b,5955.1
117627,Tm3,5955.1
527408,LC4,5955.200000000001
107334,T4a,5955.200000000001
88491,T4a,5955.200000000001
80137,T2a,5955.200000000001
39505,Mi1,5955.200000000001
45719,Mi1,5955.200000000001
35770,Mi1,5955.200000000001
64849,Tm3,5955.200000000001
96107,T4d,5955.3
128916,Tm3,5955.3
112179,T4b,5955.3
112088,T4d,5955.3
99789,T4d,5955.3
94596,T4b,5955.3
10658,OA-AL2i3,5955.3
74287,Tm3,5955.3
47211,Mi1,5955.3
36646,Mi1,5955.3
22975,LC4,5955.3
19260,LC4,5955.3
90121,T4b,5955.3
109172,T4b,5955.4
101043,T4c,5955.4
100488,T4c,5955.4
96035,T4d,5955.4
78561,Tm3,5955.4
78529,Tm3,5955.4
43414,Mi1,5955.4
48286,Mi1,5955.4
51122,Mi1,5955.4
11264,OA-ASM1,5955.4
10284,VS,5955.4
18127,LC4,5955.4
38987,Mi1,5955.4
10015,HSN,5955.500000000001
41296,Mi1,5955.500000000001
41637,Mi1,5955.500000000001
51848,TmY3,5955.500000000001
97028,T4c,5955.500000000001
123490,Tm3,5955.500000000001
106664,T4c,5955.6
101620,T4b,5955.6
88746,Tm3,5955.6
86558,T4b,5955.6
60979,TmY3,5955.6
75343,Tm3,5955.6
35428,Mi1,5955.6
25584,LC4,5955.6
22194,LC4,5955.6
10025,H2,5955.6
38514,Mi1,5955.6
10037,VS,5955.7
30480,LC4,5955.7
38502,Tm3,5955.7
43689,Mi1,5955.7
77226,T2a,5955.7
108594,T4d,5955.7
94482,T4d,5955.8
119601,T4d,5955.8
106952,T4b,5955.8
128396,T4d,5955.8
86504,T4b,5955.8
69536,Tm3,5955.8
59528,T2a,5955.8
21313,LC4,5955.8
86175,T4a,5955.8
10206,VS,5955.900000000001
40599,TmY3,5955.900000000001
74504,T2a,5955.900000000001
79413,T4b,5955.900000000001
91806,T4a,5955.900000000001
95235,T4d,5955.900000000001
95736,T4c,5955.900000000001
107529,T4d,5955.900000000001
121887,T4b,5955.900000000001
106093,T4a,5956.0
100633,T4a,5956.0
38479,Mi1,5956.0
98692,T4a,5956.0
10825,OA-AL2i3,5956.1
36252,Mi1,5956.1
36954,Mi1,5956.1
63021,Tm3,5956.1
68842,TmY3,5956.1
90097,T4c,5956.1
97877,T4d,5956.1
101230,T4a,5956.1
112027,T4d,5956.1
114995,T4b,5956.1
287884,OA-VPM3,5956.2
109291,T4d,5956.2
104674,T4a,5956.2
93622,T4c,5956.2
35580,Mi1,5956.2
99671,T4c,5956.2
22966,LC4,5956.2
10269,OA-AL2i2,5956.3
17548,LC4,5956.3
17860,LC4,5956.3
38687,Mi1,5956.3
40256,Mi1,5956.3
41613,Mi1,5956.3
45948,TmY3,5956.3
74891,T2a,5956.3
91469,T4c,5956.3
102909,T4c,5956.3
104368,T4c,5956.3
151155,T4b,5956.400000000001
133040,Tm3,5956.400000000001
118658,T4a,5956.400000000001
76524,Tm3,5956.400000000001
75712,Tm3,5956.400000000001
24338,LC4,5956.400000000001
38238,Mi1,5956.400000000001
34300,Mi1,5956.400000000001
11608,OA-VUMa2,5956.400000000001
66227,Tm3,5956.400000000001
74860,Tm3,5956.5
98360,T4c,5956.5
87827,T2a,5956.5
84292,T4d,5956.5
63420,Mi1,5956.5
533688,Tm3,5956.5
38721,Mi1,5956.5
22034,LC4,5956.5
52328,TmY3,5956.5
38241,Mi1,5956.5
37599,Mi1,5956.5
10755,H1,5956.599999999999
12521,HST,5956.599999999999
39727,Mi1,5956.599999999999
40832,Mi1,5956.599999999999
63175,Mi1,5956.599999999999
70632,Tm3,5956.599999999999
97769,T4a,5956.599999999999
102295,T4d,5956.599999999999
104450,T4a,5956.599999999999
50333,TmY3,5956.599999999999
79936,Tm3,5956.700000000001
53065,Mi1,5956.700000000001
76788,T4b,5956.700000000001
63868,T2a,5956.700000000001
48531,Mi1,5956.700000000001
41399,Mi1,5956.700000000001
34933,Mi1,5956.700000000001
10016,HSE,5956.700000000001
48547,TmY3,5956.700000000001
800146,TTMn,5956.8
526158,Mi1,5956.8
114201,T4c,5956.8
112393,T4a,5956.8
86992,T4b,5956.8
63994,Mi1,5956.8
10185,OA-VUMa8,5956.8
102147,T4c,5956.8
95990,T4a,5956.9
537004,VSm,5956.9
116605,T4d,5956.9
98448,T4b,5956.9
81305,Tm3,5956.9
93985,T4c,5956.9
81215,Tm3,5956.9
80911,Tm3,5956.9
67810,Tm3,5956.9
38461,Mi1,5956.9
10110,OA-VUMa1,5956.9
21151,LC4,5957.0
34479,Mi1,5957.0
36410,Mi1,5957.0
37138,Mi1,5957.0
55976,Mi1,5957.0
80080,T2a,5957.0
82976,Tm3,5957.0
83204,T4d,5957.0
117551,Tm3,5957.1
102220,T4a,5957.1
79297,T4a,5957.1
40219,Mi1,5957.1
37000,Mi1,5957.1
11602,OA-ASM1,5957.1
10687,OA-AL2i3,5957.2
35498,Mi1,5957.2
44449,TmY3,5957.2
46324,TmY3,5957.2
83677,T4c,5957.2
99316,T4b,5957.2
103557,T4a,5957.2
107621,T4d,5957.3
107297,T4c,5957.3
105412,T4a,5957.3
92346,T4a,5957.3
77344,Tm3,5957.3
75966,T2a,5957.3
71437,T2a,5957.3
37270,Mi1,5957.3
20542,LC4,5957.3
10112,VS,5957.3
10001,DNp01,5957.3
120594,T4c,5957.400000000001
102329,T4d,5957.400000000001
54087,Mi1,5957.400000000001
79253,T4a,5957.400000000001
16128,LC4,5957.400000000001
11134,VSm,5957.400000000001
35683,Mi1,5957.400000000001
40026,TmY3,5957.5
80855,Tm3,5957.5
83125,T4b,5957.5
58553,TmY3,5957.6
105862,T4d,5957.6
86720,Tm3,5957.6
77906,T2a,5957.6
39158,Mi1,5957.6
10226,OA-AL2i3,5957.6
35416,Mi1,5957.6
35290,Mi1,5957.6
12688,OA-ASM1,5957.6
37113,Mi1,5957.6
90423,T4b,5957.7
10023,HSS,5957.7
36540,Mi1,5957.7
40635,Mi1,5957.7
68412,T2a,5957.7
104753,T4a,5957.8
96774,T4c,5957.8
107075,T4d,5957.8
95454,T4a,5957.8
107628,T4d,5957.8
80878,T2a,5957.8
34045,Mi1,5957.8
17364,LC4,5957.8
92046,T4d,5957.8
101005,T4d,5957.900000000001
100838,T4c,5957.900000000001
97866,T4d,5957.900000000001
97528,T4a,5957.900000000001
85856,TmY3,5957.900000000001
80302,T2a,5957.900000000001
77676,T2a,5957.900000000001
89290,T4d,5957.900000000001
47967,Mi1,5957.900000000001
34057,Mi1,5957.900000000001
20808,LC4,5957.900000000001
20399,LC4,5957.900000000001
19543,LC4,5957.900000000001
10677,OA-AL2i4,5957.900000000001
77484,T4d,5957.900000000001
93984,T4b,5958.0
71361,Tm3,5958.0
63468,Mi1,5958.0
36660,Mi1,5958.0
17054,LC4,5958.0
17266,LC4,5958.0
10041,OA-VUMa1,5958.0
19954,LC4,5958.0
37224,Mi1,5958.099999999999
82313,T4a,5958.099999999999
36346,Mi1,5958.099999999999
38133,Mi1,5958.099999999999
35806,Mi1,5958.099999999999
23392,LC4,5958.099999999999
10012,VS,5958.099999999999
35897,Mi1,5958.099999999999
17987,LC4,5958.200000000001
20917,LC4,5958.200000000001
64712,T2a,5958.200000000001
69380,Tm3,5958.200000000001
71938,T2a,5958.200000000001
100033,T4c,5958.200000000001
121816,T4a,5958.200000000001
124699,T4b,5958.200000000001
105122,T4b,5958.3
103351,T4a,5958.3
96784,T4b,5958.3
95810,T2a,5958.3
91444,T4c,5958.3
69063,Mi1,5958.3
50633,TmY3,5958.3
21336,LC4,5958.3
10187,OA-VPM3,5958.3
72132,Tm3,5958.3
121093,T4b,5958.4
109142,T4b,5958.4
105276,T4d,5958.4
100956,T4d,5958.4
98000,T4b,5958.4
79704,T4d,5958.4
70402,Tm3,5958.4
67072,T2a,5958.4
39275,Mi1,5958.4
36305,Mi1,5958.4
35100,Mi1,5958.4
77846,Tm3,5958.4
113414,T4d,5958.5
87763,T4a,5958.5
97145,T4c,5958.5
48073,TmY3,5958.5
16628,LC4,5958.5
83583,T4d,5958.5
10015,HSN,5958.6
10025,H2,5958.6
23098,LC4,5958.6
36275,Mi1,5958.6
38477,Mi1,5958.6
65009,T2,5958.6
81015,T4a,5958.6
102579,T4b,5958.6
116259,T4b,5958.6
117631,T4d,5958.7
105834,T4d,5958.7
98194,T4d,5958.7
74044,Tm3,5958.7
36177,Mi1,5958.7
37680,Mi1,5958.7
35890,Mi1,5958.7
39651,Mi1,5958.7
91325,T4a,5958.8
107812,T4a,5958.8
106338,T4a,5958.8
100310,T4d,5958.8
99131,T4c,5958.8
98504,T4c,5958.8
95926,T4a,5958.8
87937,T4d,5958.8
106894,T4b,5958.8
57239,Mi1,5958.8
28945,LC4,5958.8
33655,Mi1,5958.8
35173,Mi1,5958.8
57398,Mi1,5958.8
38065,LC4,5958.8
41950,Mi1,5958.8
36452,Mi1,5958.8
10555,OA-VUMa3,5958.9
48283,TmY3,5958.9
94368,T4a,5958.9
100856,T4a,5958.9
101732,T4c,5958.9
102045,T4a,5958.9
124867,T4d,5958.9
546524,Mi1,5958.9
71402,Tm3,5958.9
106530,T4d,5959.0
90219,T4a,5959.0
105718,T4b,5959.0
90657,T4a,5959.0
84267,T4c,5959.0
41654,Mi1,5959.0
35840,Mi1,5959.0
74373,Tm3,5959.0
86630,Tm3,5959.1
69980,Tm3,5959.1
48607,TmY3,5959.1
97249,T4d,5959.1
36217,Mi1,5959.1
34899,Mi1,5959.1
42691,Mi1,5959.1
10037,VS,5959.2
17926,LC4,5959.2
41545,Mi1,5959.2
85866,T4b,5959.2
94574,T4c,5959.2
99609,T4a,5959.2
101228,T4a,5959.2
103867,T4a,5959.3
108625,T4b,5959.3
102564,T4a,5959.3
97288,T4c,5959.3
97015,T4a,5959.3
91741,T4d,5959.3
62947,T2a,5959.3
44222,Mi1,5959.3
34079,Mi1,5959.3
38421,Mi1,5959.400000000001
38648,Mi1,5959.400000000001
38767,Mi1,5959.400000000001
67308,Mi1,5959.400000000001
78086,T4c,5959.400000000001
81836,T2a,5959.400000000001
89110,Tm3,5959.400000000001
112594,T4b,5959.5
78735,T2a,5959.5
58576,T2,5959.5
69186,Tm3,5959.5
35512,Mi1,5959.5
17668,LC4,5959.5
45319,Mi1,5959.5
97835,T4a,5959.599999999999
10016,HSE,5959.599999999999
37568,Mi1,5959.599999999999
45005,TmY3,5959.599999999999
71944,T2a,5959.599999999999
95883,T4a,5959.599999999999
97853,T4c,5959.599999999999
99358,T4c,5959.599999999999
286259,OA-ASM1,5959.599999999999
78470,Tm3,5959.700000000001
89416,T4c,5959.700000000001
89728,Tm3,5959.700000000001
91283,T4c,5959.700000000001
112775,T4d,5959.8
103654,T4b,5959.8
65298,T2a,5959.8
93564,T4d,5959.8
10001,DNp01,5959.8
118854,T4c,5959.9
65833,Mi1,5959.9
65513,T2a,5959.9
98312,T4a,5959.9
31848,Mi1,5959.9
31262,LC4,5959.9
15422,VST2,5959.9
40936,Mi1,5959.9
42048,Mi1,5960.0
97186,T4a,5960.0
74375,Tm3,5960.0
72558,T2a,5960.0
48514,TmY3,5960.0
46784,Mi1,5960.0
40795,Mi1,5960.0
39688,Mi1,5960.0
40716,Tm3,5960.0
38857,Mi1,5960.0
38748,Mi1,5960.0
37509,Mi1,5960.0
21225,LC4,5960.0
41136,Mi1,5960.0
107105,T4d,5960.1
19794,LC4,5960.1
85152,T4c,5960.1
93877,T4c,5960.1
94153,T4d,5960.1
102388,T4d,5960.2
95335,T4a,5960.2
103440,T4d,5960.2
93972,T4a,5960.2
100787,T4b,5960.2
50311,TmY3,5960.2
85924,T4a,5960.2
38227,Mi1,5960.2
33017,Mi1,5960.2
104017,T4b,5960.3
84364,Tm3,5960.3
88005,T4d,5960.3
37391,Mi1,5960.3
35234,Mi1,5960.3
79083,Tm3,5960.3
78927,T2a,5960.4
20588,LC4,5960.4
22328,LC4,5960.4
34189,Mi1,5960.4
66357,T2a,5960.4
77991,Tm3,5960.4
38632,Mi1,5960.5
79314,T4b,5960.5
16138,LC4,5960.5
83979,T4a,5960.6
18127,LC4,5960.6
39500,Mi1,5960.6
40085,Mi1,5960.6
44438,Mi1,5960.6
48060,Mi1,5960.6
69425,T2a,5960.6
70524,T2a,5960.6
73447,Tm3,5960.6
86578,T4c,5960.6
96211,T4d,5960.6
102741,T4c,5960.6
539983,T4c,5960.7
100924,T4b,5960.7
97141,T4a,5960.7
113171,T4b,5960.7
115422,T4c,5960.7
107819,T4c,5960.7
95242,T4d,5960.7
40235,Mi1,5960.7
86778,T4a,5960.7
62851,Tm3,5960.7
33091,Mi1,5960.7
22194,LC4,5960.7
21313,LC4,5960.7
10322,OA-AL2i2,5960.7
87412,T4c,5960.7
94081,T4c,5960.8
92706,T4a,5960.8
92251,T4b,5960.8
29563,LC4,5960.8
72501,Mi1,5960.8
10206,VS,5960.8
87358,T4a,5960.8
112744,T4d,5960.900000000001
103657,T4b,5960.900000000001
102462,T4c,5960.900000000001
98010,T4a,5960.900000000001
42594,Mi1,5960.900000000001
70289,Mi1,5960.900000000001
39595,Mi1,5960.900000000001
22847,LC4,5960.900000000001
94283,T4d,5960.900000000001
23929,LC4,5961.0
37353,Mi1,5961.0
39718,Mi1,5961.0
77361,T4a,5961.0
81995,Tm3,5961.0
37088,Mi1,5961.1
88726,T4b,5961.1
103570,T4d,5961.1
65443,T2a,5961.1
30923,TmY3,5961.1
10112,VS,5961.1
25584,LC4,5961.1
10023,HSS,5961.1
26112,LC4,5961.1
21165,LC4,5961.1
10755,H1,5961.1
35017,Mi1,5961.200000000001
36533,Mi1,5961.200000000001
41464,TmY3,5961.200000000001
51050,TmY3,5961.200000000001
87896,T4a,5961.200000000001
98625,T4a,5961.200000000001
105214,T4c,5961.200000000001
127615,Tm3,5961.200000000001
120201,T4b,5961.3
110482,T4b,5961.3
21804,LC4,5961.3
38178,Mi1,5961.3
74061,Tm3,5961.3
103780,T4c,5961.400000000001
106793,T4d,5961.400000000001
800146,TTMn,5961.400000000001
105387,T4b,5961.400000000001
104858,T4b,5961.400000000001
104418,T4d,5961.400000000001
98911,T4b,5961.400000000001
20282,LC4,5961.400000000001
86141,T4b,5961.400000000001
37294,Mi1,5961.400000000001
34171,Mi1,5961.400000000001
33614,Mi1,5961.400000000001
18189,LC4,5961.400000000001
93479,T4d,5961.400000000001
101945,T4b,5961.5
100261,T4c,5961.5
92281,T4c,5961.5
88035,Tm3,5961.5
73098,T2a,5961.5
60857,Mi1,5961.5
19260,LC4,5961.5
75381,Tm3,5961.5
117039,T4c,5961.6
110657,T4a,5961.6
100946,T4c,5961.6
99011,T4c,5961.6
94147,T4a,5961.6
42006,TmY3,5961.6
20673,LC4,5961.6
10284,VS,5961.6
10025,H2,5961.6
66325,Tm3,5961.6
66214,T2a,5961.700000000001
85170,T4c,5961.700000000001
98222,T4d,5961.700000000001
82576,T4b,5961.700000000001
64778,TmY3,5961.700000000001
23792,LC4,5961.700000000001
39629,Mi1,5961.700000000001
30997,Mi1,5961.700000000001
10799,OA-VUMa4,5961.700000000001
44564,TmY3,5961.700000000001
10015,HSN,5961.8
35845,Mi1,5961.8
37853,Mi1,5961.8
101033,T4d,5961.9
97545,T4c,5961.9
96134,T4b,5961.9
61960,T2,5961.9
52151,TmY3,5961.9
39858,Mi1,5961.9
30803,LC4,5961.9
43485,Mi1,5961.9
11551,VS,5962.000000000001
16128,LC4,5962.000000000001
40400,Mi1,5962.000000000001
68840,TmY3,5962.000000000001
75848,T2a,5962.000000000001
111949,T4c,5962.000000000001
116610,T4d,5962.1
88381,Tm3,5962.1
36446,Mi1,5962.1
22975,LC4,5962.1
87565,T4a,5962.1
93688,T4a,5962.2
107181,T4c,5962.2
105802,T4c,5962.2
103148,T4a,5962.2
103033,T4a,5962.2
102370,T4c,5962.2
100855,T4a,5962.2
92181,T4a,5962.2
33462,Mi1,5962.2
65531,T2a,5962.2
64149,Mi1,5962.2
35152,Mi1,5962.2
33942,Mi1,5962.2
24338,LC4,5962.2
20016,LC4,5962.2
10652,OA-AL2i4,5962.2
78739,T4b,5962.2
89092,T4c,5962.3
103827,T4c,5962.3
138152,Tm3,5962.3
87087,T2a,5962.3
19420,LC4,5962.3
43872,Mi1,5962.3
25893,VST1,5962.3
10001,DNp01,5962.3
44592,TmY3,5962.3
107719,T4b,5962.400000000001
99628,T4b,5962.400000000001
92055,T4c,5962.400000000001
73723,T2a,5962.400000000001
80913,T4a,5962.400000000001
36695,Mi1,5962.400000000001
21287,LC4,5962.400000000001
19550,LC4,5962.400000000001
44119,Mi1,5962.400000000001
100501,T4b,5962.5
104621,T4c,5962.5
117652,T4d,5962.5
102975,T4b,5962.5
101382,T4c,5962.5
99387,T4a,5962.5
10072,OA-AL2i1,5962.5
50345,TmY3,5962.5
43615,Mi1,5962.5
37390,Mi1,5962.5
17548,LC4,5962.5
10016,HSE,5962.5
69228,T2a,5962.5
108325,T4c,5962.6
89934,T4d,5962.6
62078,Mi1,5962.6
41804,Mi1,5962.6
41659,Mi1,5962.6
34938,Mi1,5962.6
10037,VS,5962.6
40703,Mi1,5962.6
35777,Mi1,5962.7
37243,Mi1,5962.7
42533,TmY3,5962.7
79875,T4c,5962.7
89139,T4c,5962.7
93166,T4c,5962.7
94356,T4c,5962.7
100206,T4c,5962.7
105545,T4d,5962.7
537004,VSm,5962.8
113991,T4d,5962.8
84008,T4c,5962.8
82674,T4a,5962.8
73767,Mi1,5962.8
44282,Mi1,5962.8
41536,Mi1,5962.8
39067,Mi1,5962.8
10012,VS,5962.8
44746,TmY3,5962.8
39525,Mi1,5962.900000000001
20542,LC4,5962.900000000001
32535,Mi1,5962.900000000001
37927,Mi1,5962.900000000001
58703,T2,5962.900000000001
77791,T2a,5962.900000000001
91629,T4a,5962.900000000001
93947,T4a,5962.900000000001
111623,T4a,5962.900000000001
110076,T4c,5963.0
104018,T4c,5963.0
135112,Tm3,5963.0
71089,Mi1,5963.0
49322,TmY3,5963.0
36994,Mi1,5963.0
34658,Mi1,5963.0
62272,T2,5963.0
37019,Mi1,5963.099999999999
70697,Tm3,5963.099999999999
88625,T4c,5963.099999999999
102409,T4c,5963.099999999999
75172,T2a,5963.200000000001
132339,Tm3,5963.200000000001
105849,T4d,5963.200000000001
102814,T4b,5963.200000000001
101302,T4d,5963.200000000001
98300,T4a,5963.200000000001
93509,T4b,5963.200000000001
82529,T2a,5963.200000000001
77307,Tm3,5963.200000000001
38596,Mi1,5963.200000000001
37733,TmY3,5963.200000000001
34296,Mi1,5963.200000000001
23606,Mi1,5963.200000000001
20634,VST1,5963.200000000001
11134,VSm,5963.200000000001
10120,OA-VPM4,5963.200000000001
56291,TmY3,5963.200000000001
86724,Tm3,5963.3
84490,T4a,5963.3
90952,T4c,5963.3
84063,T4b,5963.3
96676,T4b,5963.3
119501,T4d,5963.3
92229,T4c,5963.3
78805,T2a,5963.3
69570,Tm3,5963.3
63190,T2,5963.3
42675,Mi1,5963.3
38710,Mi1,5963.3
37037,Mi1,5963.3
34404,Mi1,5963.3
33446,Mi1,5963.3
12109,OA-VUMa2,5963.3
71652,Tm3,5963.3
75298,T2a,5963.4
132624,Tm3,5963.4
109996,T4c,5963.4
109536,T4d,5963.4
98381,T4d,5963.4
97306,T4a,5963.4
96126,T4b,5963.4
39692,TmY3,5963.4
59397,Mi1,5963.4
38993,Mi1,5963.4
37123,Mi1,5963.4
19634,LC4,5963.4
85731,T4d,5963.4
92054,T4b,5963.500000000001
96307,T4a,5963.500000000001
103497,Tm3,5963.500000000001
89282,T4a,5963.500000000001
99748,T4b,5963.500000000001
84328,T4a,5963.500000000001
99663,T4c,5963.500000000001
39716,Mi1,5963.500000000001
35447,Mi1,5963.500000000001
24867,VST1,5963.500000000001
20808,LC4,5963.500000000001
16628,LC4,5963.500000000001
56564,Mi1,5963.500000000001
35712,Mi1,5963.6
42856,Mi1,5963.6
43965,Mi1,5963.6
68951,TmY3,5963.6
69546,Tm3,5963.6
87845,T4a,5963.6
89434,T4c,5963.6
96219,T4b,5963.6
100075,T4c,5963.6
109857,T4d,5963.7
72655,Mi1,5963.7
37108,Mi1,5963.7
43783,Mi1,5963.7
10204,OA-AL2i2,5963.8
37699,Mi1,5963.8
68933,Tm3,5963.8
79817,Tm3,5963.8
106819,T4b,5963.8
93750,T4c,5963.900000000001
67614,Mi1,5963.900000000001
56918,TmY3,5963.900000000001
40426,Mi1,5963.900000000001
34369,Mi1,5963.900000000001
19954,LC4,5963.900000000001
22034,LC4,5963.900000000001
19543,LC4,5963.900000000001
10269,OA-AL2i2,5963.900000000001
95928,T4c,5963.900000000001
23392,LC4,5963.900000000001
106922,T4c,5963.900000000001
83009,T4b,5964.0
105895,T4a,5964.0
82855,Tm3,5964.0
80582,T4a,5964.0
78911,Tm3,5964.0
33110,Mi1,5964.0
23098,LC4,5964.0
17364,LC4,5964.1
58196,TmY3,5964.1
80812,T4a,5964.1
96003,T4d,5964.1
121170,Tm3,5964.1
118232,T4d,5964.2
108824,T4d,5964.2
101379,T4d,5964.2
99670,T4c,5964.2
95985,T4c,5964.2
117911,T4b,5964.2
85536,T4a,5964.2
63673,Tm3,5964.2
37677,Mi1,5964.2
34849,Mi1,5964.2
90058,T4a,5964.2
101463,T4d,5964.3
69441,Tm3,5964.3
41709,Mi1,5964.3
98467,T4d,5964.3
21336,LC4,5964.3
17860,LC4,5964.3
37756,Mi1,5964.3
10023,HSS,5964.400000000001
11005,OA-VUMa4,5964.400000000001
38768,Mi1,5964.400000000001
67464,Mi1,5964.400000000001
98654,T4d,5964.400000000001
108276,T4a,5964.400000000001
71230,Tm3,5964.5
527408,LC4,5964.5
41809,Mi1,5964.5
10825,OA-AL2i3,5964.5
17926,LC4,5964.5
36158,Mi1,5964.5
119245,T4d,5964.599999999999
102519,T4a,5964.599999999999
101215,T4c,5964.599999999999
96163,T4b,5964.599999999999
91510,T4c,5964.599999999999
96576,T4c,5964.599999999999
37948,Mi1,5964.599999999999
35218,Mi1,5964.599999999999
33394,Mi1,5964.599999999999
32893,Mi1,5964.599999999999
44527,Mi1,5964.599999999999
74023,T2a,5964.700000000001
101878,T4a,5964.700000000001
109937,T4a,5964.700000000001
98938,T4a,5964.700000000001
90740,Tm3,5964.700000000001
43063,Mi1,5964.700000000001
10265,OA-AL2i2,5964.700000000001
40944,Mi1,5964.700000000001
40505,Mi1,5964.700000000001
40106,Mi1,5964.700000000001
10025,H2,5964.700000000001
42758,Mi1,5964.700000000001
94058,T4b,5964.8
113207,T4d,5964.8
99310,T4a,5964.8
97256,T4c,5964.8
88575,T4b,5964.8
75550,Tm3,5964.8
47696,TmY3,5964.8
39405,Mi1,5964.8
38230,Mi1,5964.8
33766,Mi1,5964.8
10001,DNp01,5964.8
68562,T2a,5964.8
110182,T4c,5964.9
110855,T4a,5964.9
95007,T4a,5964.9
93360,T4b,5964.9
80197,T4a,5964.9
99292,T4a,5964.9
57349,Mi1,5964.9
38487,Mi1,5964.9
34862,Mi1,5964.9
22328,LC4,5964.9
74303,Mi1,5964.9
117748,Tm3,5965.0
111010,T4c,5965.0
107356,T4d,5965.0
102786,Tm3,5965.0
86419,Tm3,5965.0
12896,OA-VUMa5,5965.0
10112,VS,5965.0
10015,HSN,5965.0
98837,T4c,5965.0
36369,Mi1,5965.1
10206,VS,5965.1
46745,Mi1,5965.1
108307,T4b,5965.2
111746,Tm3,5965.2
90888,T4b,5965.2
89866,T4b,5965.2
37044,Mi1,5965.2
12521,HST,5965.2
10687,OA-AL2i3,5965.2
10168,OA-VUMa6,5965.3
39438,Mi1,5965.3
51963,TmY3,5965.3
69164,Mi1,5965.3
71228,T2a,5965.3
72005,Tm3,5965.3
95364,T4d,5965.3
100087,T4b,5965.3
111685,T4d,5965.3
110403,T4b,5965.400000000001
59008,Mi1,5965.400000000001
45349,Mi1,5965.400000000001
46230,TmY3,5965.400000000001
16138,LC4,5965.400000000001
10016,HSE,5965.400000000001
17054,LC4,5965.400000000001
115390,T4d,5965.5
102799,T4c,5965.5
98887,T4b,5965.5
95005,T4a,5965.5
88152,T4c,5965.5
79449,T4b,5965.5
58862,Mi1,5965.5
46248,Mi1,5965.5
34356,Mi1,5965.5
22194,LC4,5965.5
20399,LC4,5965.5
10175,OA-VUMa6,5965.5
77138,Tm3,5965.5
98846,T4c,5965.6
91987,T4c,5965.6
99863,T4d,5965.6
81996,T2a,5965.6
129930,Tm3,5965.6
36990,Mi1,5965.6
21225,LC4,5965.6
10755,H1,5965.6
37839,Mi1,5965.6
117364,T4b,5965.7
100673,T4b,5965.7
100046,T4b,5965.7
94179,T4a,5965.7
92114,T4c,5965.7
71765,T2a,5965.7
112613,T4d,5965.7
39164,Mi1,5965.7
34606,Mi1,5965.7
33907,Mi1,5965.7
21313,LC4,5965.7
16606,VST2,5965.7
51049,Mi1,5965.7
107486,T4c,5965.8
107010,T4d,5965.8
86416,T4a,5965.8
89784,T4b,5965.8
65671,Mi1,5965.8
17266,LC4,5965.8
71164,Mi1,5965.8
70812,TmY3,5965.900000000001
109868,Tm3,5965.900000000001
104582,T4d,5965.900000000001
102742,T4d,5965.900000000001
100215,T4c,5965.900000000001
92684,T4c,5965.900000000001
90135,T4c,5965.900000000001
69266,Tm3,5965.900000000001
76038,Tm3,5965.900000000001
38708,Mi1,5965.900000000001
35888,Mi1,5965.900000000001
35836,Mi1,5965.900000000001
34463,Mi1,5965.900000000001
21151,LC4,5965.900000000001
18127,LC4,5965.900000000001
10037,VS,5965.900000000001
42872,Mi1,5965.900000000001
96199,T4a,5966.0
91913,T4b,5966.0
89409,T4a,5966.0
83946,T4d,5966.0
45322,Mi1,5966.0
61353,T2,5966.0
33918,Mi1,5966.0
65307,T2,5966.0
116343,T4a,5966.099999999999
111423,T4c,5966.099999999999
55101,Mi1,5966.099999999999
39743,Mi1,5966.099999999999
37438,Mi1,5966.099999999999
39894,T4b,5966.099999999999
25584,LC4,5966.200000000001
35045,Mi1,5966.200000000001
37084,Mi1,5966.200000000001
80906,T4c,5966.200000000001
88922,T4c,5966.200000000001
94305,T4a,5966.200000000001
94755,T4a,5966.200000000001
97193,T4a,5966.200000000001
98139,T4d,5966.200000000001
98890,T4c,5966.200000000001
86932,T4b,5966.3
105115,T4d,5966.3
90430,T2a,5966.3
72794,Tm3,5966.3
40854,Mi1,5966.3
38208,Mi1,5966.3
20588,LC4,5966.3
10311,VS,5966.3
33326,Mi1,5966.4
36684,Mi1,5966.4
79271,T4a,5966.4
103022,T4a,5966.4
103870,T4a,5966.4
104931,T4c,5966.4
120916,T4d,5966.4
102112,T4c,5966.5
100190,T4c,5966.5
95453,T4a,5966.5
89368,T4c,5966.5
89099,T4a,5966.5
92939,T4b,5966.5
38772,Mi1,5966.5
38455,Mi1,5966.5
35934,Mi1,5966.5
20917,LC4,5966.5
66345,T2a,5966.5
103425,T4a,5966.6
88281,T4b,5966.6
77910,Tm3,5966.6
48186,TmY3,5966.6
35602,Mi1,5966.6
19794,LC4,5966.6
17668,LC4,5966.6
39791,Mi1,5966.6
101742,T4c,5966.7
800146,TTMn,5966.7
127970,Tm3,5966.7
109031,Tm3,5966.7
108675,T4b,5966.7
93407,T4d,5966.7
72665,Mi1,5966.7
72279,Mi1,5966.7
65850,T2a,5966.7
40596,Mi1,5966.7
10658,OA-AL2i3,5966.7
87106,T4a,5966.7
108066,T4b,5966.8
525839,Mi1,5966.8
98788,T4d,5966.8
91179,T4a,5966.8
88698,T4a,5966.8
73828,Tm3,5966.8
56007,TmY3,5966.8
34142,Mi1,5966.8
16128,LC4,5966.8
10080,OA-VUMa3,5966.8
102298,T4c,5966.9
74411,Mi1,5966.9
68342,Tm3,5966.9
67150,T2a,5966.9
58967,TmY3,5966.9
34867,Mi1,5966.9
42895,Mi1,5966.9
41522,Mi1,5966.9
37555,Mi1,5966.9
36911,Mi1,5966.9
104297,T4a,5966.9
42942,Mi1,5966.9
115511,T4d,5967.0
77623,T2a,5967.0
102479,T4c,5967.0
67113,Mi1,5967.0
86685,T2a,5967.0
49324,Mi1,5967.0
35724,Mi1,5967.0
24338,LC4,5967.0
17987,LC4,5967.0
62838,TmY3,5967.0
106950,T4c,5967.1
98393,T4a,5967.1
77527,T4a,5967.1
64256,T2a,5967.1
52350,Mi1,5967.1
40958,Mi1,5967.1
29563,LC4,5967.1
125396,T4b,5967.2
94948,T4c,5967.2
93482,T4d,5967.2
88460,T2a,5967.2
66808,Tm3,5967.2
88992,T4c,5967.2
53075,TmY3,5967.2
43323,Mi1,5967.2
35774,Mi1,5967.2
10012,VS,5967.2
58527,TmY3,5967.2
542412,Mi1,5967.3
106522,T4d,5967.3
102481,T4a,5967.3
99348,T4c,5967.3
96365,T4a,5967.3
95972,T4d,5967.3
89102,T4d,5967.3
53156,TmY3,5967.3
41435,Mi1,5967.3
10110,OA-VUMa1,5967.3
10001,DNp01,5967.3
82038,Tm3,5967.3
105541,T4a,5967.400000000001
114088,T4d,5967.400000000001
109336,T4b,5967.400000000001
70490,Mi1,5967.400000000001
46827,Mi1,5967.400000000001
41120,Mi1,5967.400000000001
35734,Mi1,5967.400000000001
10322,OA-AL2i2,5967.400000000001
22966,LC4,5967.5
37585,Mi1,5967.5
41626,Mi1,5967.5
42119,Mi1,5967.5
44700,Mi1,5967.5
45719,Mi1,5967.5
69961,Tm3,5967.5
76446,TmY3,5967.5
95677,T4c,5967.5
108974,T4c,5967.599999999999
103073,T4a,5967.599999999999
102514,T4a,5967.599999999999
103195,T4a,5967.599999999999
88398,T4a,5967.599999999999
71161,T2a,5967.599999999999
10284,VS,5967.599999999999
97675,T4c,5967.599999999999
107445,T4a,5967.700000000001
104884,T4b,5967.700000000001
98751,T4a,5967.700000000001
96835,T4b,5967.700000000001
45696,Mi1,5967.700000000001
85664,TmY3,5967.700000000001
34626,Mi1,5967.700000000001
30480,LC4,5967.700000000001
16570,VST2,5967.700000000001
10025,H2,5967.700000000001
40411,Mi1,5967.700000000001
93334,T4b,5967.8
122333,T4b,5967.8
106203,T4d,5967.8
95345,T4d,5967.8
94624,T4a,5967.8
41296,Mi1,5967.8
10023,HSS,5967.8
35235,Mi1,5967.8
33216,Mi1,5967.8
31492,Mi1,5967.8
19260,LC4,5967.8
11602,OA-ASM1,5967.8
40171,Mi1,5967.8
108249,T4a,5967.9
100874,T4a,5967.9
100785,T4b,5967.9
99074,T4b,5967.9
111928,T4b,5967.9
74374,T2a,5967.9
41668,Mi1,5967.9
40577,Mi1,5967.9
18189,LC4,5967.9
96090,T4c,5967.9
111980,T4d,5968.0
104996,T4a,5968.0
94549,T4b,5968.0
83438,T4a,5968.0
77039,T2a,5968.0
48894,TmY3,5968.0
43414,Mi1,5968.0
11921,OA-VPM4,5968.0
68167,Tm3,5968.0
108697,T4d,5968.1
97031,T4c,5968.1
96260,T4d,5968.1
87566,T4a,5968.1
64540,T2,5968.1
50552,Mi1,5968.1
64341,TmY3,5968.1
45176,Mi1,5968.1
43978,Mi1,5968.1
37371,Mi1,5968.1
32962,TmY3,5968.1
11608,OA-VUMa2,5968.1
47211,Mi1,5968.1
118502,T4b,5968.2
85378,T4a,5968.2
79483,Tm3,5968.2
74807,TmY3,5968.2
70642,T2a,5968.2
106801,T4c,5968.2
54885,TmY3,5968.2
38893,Mi1,5968.2
37529,Mi1,5968.2
35001,Mi1,5968.2
10015,HSN,5968.2
57950,Tm3,5968.2
537004,VSm,5968.3
106401,T4d,5968.3
90520,T4a,5968.3
90533,T4c,5968.3
34329,Mi1,5968.3
10016,HSE,5968.3
60643,Tm3,5968.3
10041,OA-VUMa1,5968.4
20542,LC4,5968.4
38461,Mi1,5968.4
49788,TmY3,5968.4
104683,T4b,5968.500000000001
96812,T4a,5968.500000000001
92431,T4a,5968.500000000001
88127,T4b,5968.500000000001
35113,Mi1,5968.500000000001
38791,Mi1,5968.500000000001
17548,LC4,5968.500000000001
10677,OA-AL2i4,5968.500000000001
73122,T2a,5968.500000000001
10072,OA-AL2i1,5968.6
16628,LC4,5968.6
20808,LC4,5968.6
35428,Mi1,5968.6
38065,LC4,5968.6
51870,TmY3,5968.6
75521,T2a,5968.6
100729,T4b,5968.6
90567,T4b,5968.7
74231,Tm3,5968.7
97792,T4b,5968.7
38529,Mi1,5968.7
36881,Mi1,5968.7
72955,T2a,5968.7
28945,LC4,5968.8
64913,T2,5968.8
78172,TmY3,5968.8
98398,T4c,5968.8
101865,T4a,5968.8
111416,Tm3,5968.900000000001
63489,T2,5968.900000000001
36139,Mi1,5968.900000000001
35770,Mi1,5968.900000000001
35260,Mi1,5968.900000000001
35572,Mi1,5968.900000000001
102495,T4b,5969.0
149504,T4d,5969.0
122273,Tm3,5969.0
109645,T4b,5969.0
109326,T4c,5969.0
103108,T4b,5969.0
101685,T4b,5969.0
61659,Tm3,5969.0
93935,T4a,5969.0
88933,T4a,5969.0
78437,Tm3,5969.0
10185,OA-VUMa8,5969.0
10112,VS,5969.0
97784,T4c,5969.0
110988,T4a,5969.1
104130,T4a,5969.1
98549,T4a,5969.1
78317,T4a,5969.1
74010,T2a,5969.1
71931,Tm3,5969.1
35405,Mi1,5969.1
22975,LC4,5969.1
20673,LC4,5969.1
11264,OA-ASM1,5969.1
10226,OA-AL2i3,5969.1
43689,Mi1,5969.1
39505,Mi1,5969.200000000001
59959,Mi1,5969.200000000001
61370,T2,5969.200000000001
87424,T4d,5969.200000000001
93566,T4a,5969.200000000001
90474,T4b,5969.3
105403,T4c,5969.3
86907,T4a,5969.3
287884,OA-VPM3,5969.3
21165,LC4,5969.3
19954,LC4,5969.3
10037,VS,5969.3
23392,LC4,5969.3
10206,VS,5969.400000000001
66852,Mi1,5969.400000000001
91313,T4a,5969.400000000001
98175,T4c,5969.400000000001
119213,T4c,5969.5
105332,T4b,5969.5
102425,T4b,5969.5
69736,Tm3,5969.5
34272,Mi1,5969.5
23098,LC4,5969.5
22328,LC4,5969.5
67408,Mi1,5969.5
82299,T4c,5969.6
114196,T4d,5969.6
93588,T4b,5969.6
92552,T4a,5969.6
77174,T2a,5969.6
14416,VST2,5969.6
38987,Mi1,5969.6
38238,Mi1,5969.6
36540,Mi1,5969.6
58224,Mi1,5969.6
107567,T4c,5969.700000000001
106886,T4c,5969.700000000001
101072,T4b,5969.700000000001
100726,T4d,5969.700000000001
97878,T4b,5969.700000000001
96295,T4b,5969.700000000001
85938,T4a,5969.700000000001
86536,Tm3,5969.700000000001
41637,Mi1,5969.700000000001
12688,OA-ASM1,5969.700000000001
19543,LC4,5969.700000000001
37270,Mi1,5969.700000000001
44449,TmY3,5969.700000000001
38241,Mi1,5969.700000000001
39727,Mi1,5969.700000000001
37631,Mi1,5969.700000000001
10001,DNp01,5969.8
34300,Mi1,5969.8
38514,Mi1,5969.8
62401,T2,5969.8
72066,Tm3,5969.8
89485,T4a,5969.8
102845,T4b,5969.8
105565,Tm3,5969.8
27788,Mi1,5969.8
107715,T4a,5969.9
106150,T4c,5969.9
17926,LC4,5969.9
11134,VSm,5969.9
80284,Tm3,5969.9
21336,LC4,5970.000000000001
36646,Mi1,5970.000000000001
72619,T2a,5970.000000000001
80282,T4d,5970.000000000001
94546,T4b,5970.000000000001
103527,T4c,5970.000000000001
110040,T4c,5970.1
107835,T4b,5970.1
84631,T4c,5970.1
19420,LC4,5970.1
81548,T2a,5970.1
83556,Tm3,5970.1
91682,T4b,5970.2
94668,T4d,5970.2
40256,Mi1,5970.2
36252,Mi1,5970.2
34479,Mi1,5970.2
22194,LC4,5970.2
10755,H1,5970.2
95287,T4a,5970.3
51122,Mi1,5970.3
49372,TmY3,5970.3
100274,T4a,5970.3
36410,Mi1,5970.3
17364,LC4,5970.3
48286,Mi1,5970.3
90419,T4b,5970.400000000001
108161,T4a,5970.400000000001
104336,T4b,5970.400000000001
103765,T4d,5970.400000000001
101244,T4b,5970.400000000001
98575,T4a,5970.400000000001
97184,T4d,5970.400000000001
94071,T4a,5970.400000000001
85716,T4c,5970.400000000001
43334,TmY3,5970.400000000001
60863,T2,5970.400000000001
48897,TmY3,5970.400000000001
41613,Mi1,5970.400000000001
38721,Mi1,5970.400000000001
37000,Mi1,5970.400000000001
31262,LC4,5970.400000000001
19550,LC4,5970.400000000001
84577,T2a,5970.400000000001
104008,T4b,5970.5
122308,Tm3,5970.5
94743,T4d,5970.5
111857,T4d,5970.5
37138,Mi1,5970.5
16138,LC4,5970.5
93313,T4a,5970.5
99975,T4c,5970.6
99157,T4a,5970.6
91804,T4d,5970.6
49441,TmY3,5970.6
92472,T4c,5970.6
21287,LC4,5970.6
20282,LC4,5970.6
20016,LC4,5970.6
34057,Mi1,5970.6
111304,T4b,5970.7
97677,T4c,5970.7
96638,T4c,5970.7
93927,T4a,5970.7
92911,T4c,5970.7
85009,Tm3,5970.7
61968,T2,5970.7
38479,Mi1,5970.7
35498,Mi1,5970.7
23929,LC4,5970.7
21225,LC4,5970.7
10269,OA-AL2i2,5970.7
10025,H2,5970.7
39275,Mi1,5970.7
21313,LC4,5970.8
26112,LC4,5970.8
34933,Mi1,5970.8
37599,Mi1,5970.8
103226,T4d,5970.8
111236,T4d,5970.8
105521,T4c,5970.900000000001
116311,T4d,5970.900000000001
106295,T4b,5970.900000000001
96394,T4b,5970.900000000001
55976,Mi1,5970.900000000001
86696,T4d,5970.900000000001
54087,Mi1,5970.900000000001
47967,Mi1,5970.900000000001
47368,TmY3,5970.900000000001
18127,LC4,5971.0
22034,LC4,5971.0
22847,LC4,5971.0
41399,Mi1,5971.0
91674,T4a,5971.0
91725,T4b,5971.0
95822,T4b,5971.0
113852,T4b,5971.0
98937,T4a,5971.099999999999
97866,T4d,5971.099999999999
85007,T4c,5971.099999999999
78731,Tm3,5971.099999999999
76788,T4b,5971.099999999999
48531,Mi1,5971.099999999999
35580,Mi1,5971.099999999999
10016,HSE,5971.099999999999
10023,HSS,5971.200000000001
10799,OA-VUMa4,5971.200000000001
23792,LC4,5971.200000000001
38687,Mi1,5971.200000000001
73301,Tm3,5971.200000000001
93302,T4b,5971.200000000001
102113,T4b,5971.200000000001
530434,Tm3,5971.3
111783,T4a,5971.3
105292,T4b,5971.3
99980,T4c,5971.3
94282,T4c,5971.3
92996,T4a,5971.3
83042,T4b,5971.3
63175,Mi1,5971.3
37224,Mi1,5971.3
10187,OA-VPM3,5971.3
10015,HSN,5971.4
35416,Mi1,5971.4
36954,Mi1,5971.4
94324,Tm3,5971.4
97899,T4a,5971.4
102229,T4d,5971.4
527408,LC4,5971.4
800146,TTMn,5971.500000000001
106745,T4b,5971.500000000001
97326,T4c,5971.500000000001
74088,T2a,5971.500000000001
63420,Mi1,5971.500000000001
24338,LC4,5971.500000000001
10012,VS,5971.500000000001
10555,OA-VUMa3,5971.6
33017,Mi1,5971.6
40832,Mi1,5971.6
59277,TmY3,5971.6
87289,T4a,5971.6
88353,T4b,5971.6
93025,T4b,5971.6
105300,T4a,5971.6
107170,T4b,5971.6
109285,T4c,5971.6
113107,T4a,5971.6
78603,Tm3,5971.7
67152,Tm3,5971.7
108847,T4d,5971.7
53065,Mi1,5971.7
100165,T4b,5971.7
45319,Mi1,5971.7
10403,VS,5971.7
48986,TmY3,5971.7
44222,Mi1,5971.7
40635,Mi1,5971.7
30803,LC4,5971.8
35290,Mi1,5971.8
35806,Mi1,5971.8
36660,Mi1,5971.8
63468,Mi1,5971.8
69063,Mi1,5971.8
82208,T2a,5971.8
90206,T4b,5971.8
108461,T4b,5971.8
286259,OA-ASM1,5971.900000000001
115686,T4b,5971.900000000001
96015,T4c,5971.900000000001
74927,Tm3,5971.900000000001
83191,T4a,5971.900000000001
78940,T4a,5971.900000000001
37113,Mi1,5971.900000000001
25584,LC4,5971.900000000001
16128,LC4,5971.900000000001
63994,Mi1,5971.900000000001
526158,Mi1,5972.0
103025,T4a,5972.0
84267,T4c,5972.0
76121,Tm3,5972.0
20399,LC4,5972.0
17054,LC4,5972.0
35512,Mi1,5972.0
104622,T4b,5972.1
96424,T4b,5972.1
82618,T2a,5972.1
72148,Tm3,5972.1
69889,T2a,5972.1
51231,TmY3,5972.1
37680,Mi1,5972.1
34045,Mi1,5972.1
40219,Mi1,5972.1
35683,Mi1,5972.1
35173,Mi1,5972.1
35897,Mi1,5972.2
41950,Mi1,5972.2
57164,TmY3,5972.2
58945,Tm3,5972.2
75557,Tm3,5972.2
77395,T4b,5972.2
97981,T4a,5972.2
119288,T4d,5972.3
108043,T4a,5972.3
102991,T4c,5972.3
102703,T4a,5972.3
95554,T4b,5972.3
95356,T4a,5972.3
79259,T4b,5972.3
39158,Mi1,5972.3
35890,Mi1,5972.3
11005,OA-VUMa4,5972.3
10001,DNp01,5972.3
77383,T2a,5972.3
52485,TmY3,5972.3
20588,LC4,5972.400000000001
38648,Mi1,5972.400000000001
57398,Mi1,5972.400000000001
63825,Tm3,5972.400000000001
71674,T2a,5972.400000000001
88084,T4b,5972.400000000001
92047,T4c,5972.400000000001
96262,T4c,5972.5
104450,T4a,5972.5
64260,T2,5972.5
62562,T2,5972.5
95458,T4d,5972.5
103344,T4b,5972.599999999999
100867,T4b,5972.599999999999
100032,T4c,5972.599999999999
104123,T4b,5972.599999999999
38767,Mi1,5972.599999999999
10037,VS,5972.599999999999
42691,Mi1,5972.599999999999
66538,T2,5972.700000000001
94973,T4c,5972.700000000001
103722,T4c,5972.700000000001
110160,T4c,5972.700000000001
99922,T4c,5972.8
546524,Mi1,5972.8
127170,Tm3,5972.8
108119,T4c,5972.8
80483,T4c,5972.8
88617,T4a,5972.8
74259,T2a,5972.8
70635,Tm3,5972.8
40936,Mi1,5972.8
17860,LC4,5972.8
77916,T2a,5972.8
61292,T2,5972.9
15422,VST2,5972.9
35840,Mi1,5972.9
36346,Mi1,5972.9
36452,Mi1,5972.9
68982,Tm3,5972.9
92593,T4d,5972.9
108344,T4d,5972.9
111184,T4a,5972.9
125603,T4d,5972.9
101994,T4a,5973.0
98439,T4a,5973.0
116187,T4c,5973.0
104257,T4b,5973.0
93527,T4a,5973.0
10112,VS,5973.0
69597,Tm3,5973.0
38857,Mi1,5973.0
35234,Mi1,5973.0
33655,Mi1,5973.0
89483,T4a,5973.0
117151,T4d,5973.1
106166,T4b,5973.1
101772,Tm3,5973.1
101441,T4a,5973.1
100319,T4b,5973.1
90219,T4a,5973.1
89223,T4d,5973.1
92842,T4a,5973.1
57239,Mi1,5973.1
36275,Mi1,5973.1
29563,LC4,5973.1
21804,LC4,5973.1
19634,LC4,5973.1
10825,OA-AL2i3,5973.1
66227,Tm3,5973.1
19260,LC4,5973.2
41136,Mi1,5973.2
67308,Mi1,5973.2
67971,Tm3,5973.2
75723,Tm3,5973.2
103867,T4a,5973.3
96931,T4b,5973.3
96434,T4d,5973.3
93142,T4a,5973.3
38477,Mi1,5973.3
36217,Mi1,5973.3
36177,Mi1,5973.3
40235,Mi1,5973.3
12521,HST,5973.400000000001
36305,Mi1,5973.400000000001
69793,T2a,5973.400000000001
159987,Tm3,5973.400000000001
98349,T4a,5973.5
86504,T4b,5973.5
83583,T4d,5973.5
63021,Tm3,5973.5
42594,Mi1,5973.5
71475,Tm3,5973.5
75343,Tm3,5973.6
91806,T4a,5973.6
88870,Tm3,5973.6
82425,T4b,5973.6
41545,Mi1,5973.6
10025,H2,5973.6
19794,LC4,5973.6
17668,LC4,5973.6
10206,VS,5973.6
20808,LC4,5973.6
60698,TmY3,5973.7
82313,T4a,5973.7
74159,Tm3,5973.7
65833,Mi1,5973.7
48060,Mi1,5973.7
112241,T4b,5973.7
36533,Mi1,5973.7
16628,LC4,5973.7
38632,Mi1,5973.7
20542,LC4,5973.7
17266,LC4,5973.7
34899,Mi1,5973.8
37294,Mi1,5973.8
37568,Mi1,5973.8
41654,Mi1,5973.8
62894,Tm3,5973.8
68475,T2a,5973.8
90423,T4b,5973.8
104262,T4a,5973.8
112545,T4d,5973.8
40795,Mi1,5973.8
108438,T4d,5973.900000000001
103160,T4a,5973.900000000001
107640,T4c,5973.900000000001
81378,T4b,5973.900000000001
35100,Mi1,5973.900000000001
10016,HSE,5973.900000000001
37509,Mi1,5973.900000000001
10284,VS,5974.0
37391,Mi1,5974.0
38133,Mi1,5974.0
46784,Mi1,5974.0
105313,T4a,5974.0
101245,T4a,5974.099999999999
91057,T4c,5974.099999999999
59864,Tm3,5974.099999999999
40085,Mi1,5974.099999999999
79646,Tm3,5974.099999999999
112369,T4d,5974.200000000001
112362,T4c,5974.200000000001
108870,T4a,5974.200000000001
105135,T4c,5974.200000000001
102801,T4b,5974.200000000001
101383,T4b,5974.200000000001
102572,T4c,5974.200000000001
50333,TmY3,5974.200000000001
10687,OA-AL2i3,5974.200000000001
17548,LC4,5974.200000000001
77480,Tm3,5974.200000000001
40026,TmY3,5974.200000000001
34079,Mi1,5974.200000000001
19954,LC4,5974.3
22328,LC4,5974.3
23392,LC4,5974.3
37353,Mi1,5974.3
38748,Mi1,5974.3
44119,Mi1,5974.3
61500,Tm3,5974.3
70289,Mi1,5974.3
91303,T4b,5974.3
537004,VSm,5974.4
117221,T4c,5974.4
130376,Tm3,5974.4
96671,T4c,5974.4
98026,T4b,5974.4
10322,OA-AL2i2,5974.4
10015,HSN,5974.5
10023,HSS,5974.5
10755,H1,5974.5
31848,Mi1,5974.5
42010,TmY3,5974.5
88951,Tm3,5974.5
94089,T4d,5974.5
95239,T4a,5974.5
103314,T4b,5974.5
107420,T4b,5974.5
109276,T4d,5974.5
72190,Tm3,5974.5
77891,Tm3,5974.6
70188,T2,5974.6
33942,Mi1,5974.6
18189,LC4,5974.6
20917,LC4,5974.7
37088,Mi1,5974.7
38227,Mi1,5974.7
44438,Mi1,5974.7
75027,Tm3,5974.7
78597,T2a,5974.7
83067,T4b,5974.7
89825,T4a,5974.7
98817,T4a,5974.8
102910,T4b,5974.8
92682,T4a,5974.8
10001,DNp01,5974.8
10120,OA-VPM4,5974.8
57871,T2,5974.8
114391,T4d,5974.9
104478,T4d,5974.9
91366,T4b,5974.9
100488,T4c,5974.9
69915,TmY3,5974.9
22975,LC4,5974.9
38421,Mi1,5974.9
34171,Mi1,5974.9
30997,Mi1,5974.9
12109,OA-VUMa2,5974.9
39500,Mi1,5974.9
90049,T4c,5975.0
92706,T4a,5975.0
151155,T4b,5975.0
107464,T4a,5975.0
113228,T4b,5975.0
104191,T4a,5975.0
78503,T2a,5975.0
83045,Tm3,5975.0
62569,T2,5975.0
39692,TmY3,5975.0
34189,Mi1,5975.0
33091,Mi1,5975.0
22194,LC4,5975.0
10652,OA-AL2i4,5975.0
10072,OA-AL2i1,5975.0
73284,T2a,5975.0
21151,LC4,5975.1
39718,Mi1,5975.1
83432,Tm3,5975.1
100282,T4a,5975.1
107095,T4c,5975.1
118551,Tm3,5975.1
94287,T4d,5975.2
72501,Mi1,5975.2
90465,T4a,5975.2
39688,Mi1,5975.2
66980,T2a,5975.2
95629,T4c,5975.3
20673,LC4,5975.3
37853,Mi1,5975.3
37927,Mi1,5975.3
38178,Mi1,5975.3
42048,Mi1,5975.3
43485,Mi1,5975.3
91476,T4d,5975.3
107812,T4a,5975.3
87808,T4a,5975.400000000001
96081,T4a,5975.400000000001
101134,T4c,5975.400000000001
87203,T4a,5975.400000000001
109023,T4c,5975.400000000001
109035,T4b,5975.400000000001
108876,T4c,5975.400000000001
83677,T4c,5975.400000000001
21336,LC4,5975.400000000001
68212,T2a,5975.400000000001
48930,TmY3,5975.400000000001
48547,TmY3,5975.400000000001
40703,Mi1,5975.400000000001
16138,LC4,5975.400000000001
10204,OA-AL2i2,5975.400000000001
71089,Mi1,5975.400000000001
111932,T4c,5975.5
101770,T4b,5975.5
97769,T4a,5975.5
101620,T4b,5975.5
42533,TmY3,5975.5
35845,Mi1,5975.5
84663,T2a,5975.5
23098,LC4,5975.599999999999
35152,Mi1,5975.599999999999
89020,T4a,5975.599999999999
98598,T4c,5975.599999999999
105099,T4b,5975.599999999999
115369,T4c,5975.599999999999
103677,T4b,5975.700000000001
130861,Tm3,5975.700000000001
110693,Tm3,5975.700000000001
100033,T4c,5975.700000000001
547091,T2,5975.700000000001
47962,TmY3,5975.700000000001
17926,LC4,5975.700000000001
95681,T4a,5975.700000000001
20634,VST1,5975.700000000001
19543,LC4,5975.8
39629,Mi1,5975.8
82515,Tm3,5975.8
85741,T4a,5975.8
87763,T4a,5975.8
110646,T4b,5975.8
82549,T4b,5975.9
108475,T4b,5975.9
91469,T4c,5975.9
90145,T4a,5975.9
90097,T4c,5975.9
81883,T2a,5975.9
67810,Tm3,5975.9
62078,Mi1,5975.9
38993,Mi1,5975.9
24338,LC4,5975.9
18127,LC4,5975.9
17987,LC4,5975.9
10037,VS,5975.9
94081,T4c,5976.0
92171,T4b,5976.0
81015,T4a,5976.0
72045,T2a,5976.0
56564,Mi1,5976.0
37243,Mi1,5976.0
34938,Mi1,5976.0
69540,TmY3,5976.0
82099,T4b,5976.1
96728,T4c,5976.1
97028,T4c,5976.1
47240,TmY3,5976.1
36994,Mi1,5976.1
33614,Mi1,5976.1
39595,Mi1,5976.1
114457,T4d,5976.200000000001
109727,T4b,5976.200000000001
107529,T4d,5976.200000000001
96657,T4c,5976.200000000001
95532,T4a,5976.200000000001
90112,T4c,5976.200000000001
86778,T4a,5976.200000000001
64977,T2,5976.200000000001
46662,TmY3,5976.200000000001
38596,Mi1,5976.200000000001
21313,LC4,5976.200000000001
21225,LC4,5976.200000000001
11134,VSm,5976.200000000001
10012,VS,5976.200000000001
107609,T4d,5976.3
105640,T4d,5976.3
81733,Tm3,5976.3
34404,Mi1,5976.3
35017,Mi1,5976.3
36446,Mi1,5976.3
41536,Mi1,5976.4
60857,Mi1,5976.4
90900,T4a,5976.4
104412,T4a,5976.4
104972,T4a,5976.4
106840,T4b,5976.4
114611,T4d,5976.4
64149,Mi1,5976.500000000001
103780,T4c,5976.500000000001
101873,T4b,5976.500000000001
98099,T4b,5976.500000000001
47465,TmY3,5976.500000000001
91345,T4c,5976.500000000001
39651,Mi1,5976.500000000001
40400,Mi1,5976.500000000001
23606,Mi1,5976.500000000001
10311,VS,5976.500000000001
10025,H2,5976.500000000001
10110,OA-VUMa1,5976.6
33462,Mi1,5976.6
34296,Mi1,5976.6
45948,TmY3,5976.6
60979,TmY3,5976.6
61768,T2,5976.6
95921,T4c,5976.6
100799,T4c,5976.6
106535,T4d,5976.6
107442,T4d,5976.7
62089,Tm3,5976.7
98238,T4b,5976.7
41659,Mi1,5976.7
39525,Mi1,5976.7
44282,Mi1,5976.7
113686,T4d,5976.8
109598,T4b,5976.8
106200,T4c,5976.8
104027,T4d,5976.8
103645,T4c,5976.8
98325,T4d,5976.8
98194,T4d,5976.8
69978,T2,5976.8
43615,Mi1,5976.8
35712,Mi1,5976.8
10265,OA-AL2i2,5976.8
10175,OA-VUMa6,5976.8
10016,HSE,5976.8
90655,T4a,5976.8
106338,T4a,5976.900000000001
800146,TTMn,5976.900000000001
126419,T4d,5976.900000000001
80884,T2a,5976.900000000001
76528,Tm3,5976.900000000001
56984,TmY3,5976.900000000001
41804,Mi1,5976.900000000001
37019,Mi1,5976.900000000001
16128,LC4,5977.0
39067,Mi1,5977.0
44564,TmY3,5977.0
103302,T4c,5977.0
114207,T4a,5977.0
117179,T4c,5977.0
123299,T4c,5977.1
72983,T2a,5977.1
45162,TmY3,5977.1
41809,Mi1,5977.1
81401,T4b,5977.1
37037,Mi1,5977.1
33446,Mi1,5977.1
33110,Mi1,5977.1
10112,VS,5977.1
39858,Mi1,5977.1
124357,T4d,5977.2
110386,T4d,5977.2
97231,T4a,5977.2
93985,T4c,5977.2
85074,T4a,5977.2
43783,Mi1,5977.2
38065,LC4,5977.2
21165,LC4,5977.2
17364,LC4,5977.2
59397,Mi1,5977.2
105962,T4b,5977.3
133349,Tm3,5977.3
132198,Tm3,5977.3
125171,Tm3,5977.3
119353,T4b,5977.3
116633,T4c,5977.3
102975,T4b,5977.3
10001,DNp01,5977.3
78856,Tm3,5977.3
77557,T4b,5977.3
67614,Mi1,5977.3
38710,Mi1,5977.3
19420,LC4,5977.3
88491,T4a,5977.3
32535,Mi1,5977.400000000001
40426,Mi1,5977.400000000001
73139,Tm3,5977.400000000001
85229,T4c,5977.400000000001
100996,T4b,5977.400000000001
101589,T4a,5977.400000000001
112179,T4b,5977.5
112027,T4d,5977.5
110454,T4d,5977.5
102579,T4b,5977.5
39716,Mi1,5977.5
97853,T4c,5977.5
94468,T4c,5977.5
37677,Mi1,5977.5
99672,T4a,5977.5
73767,Mi1,5977.6
108948,T4b,5977.6
101961,Tm3,5977.6
99316,T4b,5977.6
87896,T4a,5977.6
117662,T4d,5977.6
61835,T2,5977.6
81486,T4b,5977.6
37756,Mi1,5977.6
37123,Mi1,5977.6
35447,Mi1,5977.6
25584,LC4,5977.6
12896,OA-VUMa5,5977.6
10168,OA-VUMa6,5977.6
57349,Mi1,5977.6
98448,T4b,5977.700000000001
90121,T4b,5977.700000000001
42872,Mi1,5977.700000000001
41709,Mi1,5977.700000000001
124490,Tm3,5977.700000000001
10269,OA-AL2i2,5977.700000000001
10023,HSS,5977.700000000001
10015,HSN,5977.700000000001
34658,Mi1,5977.700000000001
121245,Tm3,5977.8
118924,Tm3,5977.8
112393,T4a,5977.8
109142,T4b,5977.8
104858,T4b,5977.8
97145,T4c,5977.8
42758,Mi1,5977.8
35777,Mi1,5977.8
22966,LC4,5977.8
20808,LC4,5977.8
83125,T4b,5977.8
76074,Tm3,5977.9
102147,T4c,5977.9
92146,T4a,5977.9
85429,T4d,5977.9
43965,Mi1,5977.9
93750,T4c,5977.9
40505,Mi1,5977.9
39438,Mi1,5977.9
38768,Mi1,5977.9
37390,Mi1,5977.9
43872,Mi1,5977.9
25893,VST1,5977.9
22034,LC4,5978.000000000001
37108,Mi1,5978.000000000001
38230,Mi1,5978.000000000001
42675,Mi1,5978.000000000001
58862,Mi1,5978.000000000001
98118,T4c,5978.000000000001
110910,Tm3,5978.1
101228,T4a,5978.1
92862,T4b,5978.1
78308,T2a,5978.1
93865,T4c,5978.1
54211,TmY3,5978.1
37948,Mi1,5978.1
10206,VS,5978.1
66872,T2,5978.1
72796,Tm3,5978.2
86635,T4c,5978.2
93166,T4c,5978.2
93224,T4a,5978.2
94930,T2a,5978.2
98039,T4d,5978.3
67963,Tm3,5978.3
35218,Mi1,5978.400000000001
46248,Mi1,5978.400000000001
80670,T4a,5978.400000000001
90796,T4d,5978.400000000001
104256,T4a,5978.400000000001
112969,T4c,5978.400000000001
107082,T4d,5978.5
94356,T4c,5978.5
87939,T4b,5978.5
87358,T4a,5978.5
51049,Mi1,5978.5
34369,Mi1,5978.5
10677,OA-AL2i4,5978.6
10755,H1,5978.6
33766,Mi1,5978.6
42895,Mi1,5978.6
44527,Mi1,5978.6
93957,T4b,5978.6
98137,T4d,5978.6
99671,T4c,5978.6
104144,T2,5978.6
119651,T4c,5978.6
105386,T4d,5978.7
85778,T4b,5978.7
76380,Tm3,5978.7
102448,T4d,5978.7
37699,Mi1,5978.7
36695,Mi1,5978.7
67464,Mi1,5978.7
113983,T4d,5978.8
105984,Tm3,5978.8
98756,T4b,5978.8
94482,T4d,5978.8
93021,T4a,5978.8
61695,T2,5978.8
40106,Mi1,5978.8
20588,LC4,5978.8
19550,LC4,5978.8
16628,LC4,5978.8
10041,OA-VUMa1,5978.8
50955,TmY3,5978.8
87873,T4b,5978.900000000001
118029,T4b,5978.900000000001
95017,T4c,5978.900000000001
68264,Tm3,5978.900000000001
36684,Mi1,5978.900000000001
20542,LC4,5978.900000000001
10658,OA-AL2i3,5978.900000000001
42856,Mi1,5978.900000000001
46745,Mi1,5979.0
19260,LC4,5979.0
21287,LC4,5979.0
35836,Mi1,5979.0
39405,Mi1,5979.0
40944,Mi1,5979.0
69164,Mi1,5979.0
72655,Mi1,5979.0
98985,T4c,5979.0
95736,T4c,5979.099999999999
33394,Mi1,5979.099999999999
118948,T4d,5979.099999999999
116935,T4a,5979.099999999999
43924,TmY3,5979.099999999999
17054,LC4,5979.099999999999
34356,Mi1,5979.099999999999
29563,LC4,5979.099999999999
22328,LC4,5979.099999999999
35888,Mi1,5979.099999999999
74303,Mi1,5979.200000000001
73619,T2a,5979.200000000001
91222,T4d,5979.200000000001
69546,Tm3,5979.200000000001
98668,T4a,5979.200000000001
105379,T4c,5979.200000000001
56762,TmY3,5979.200000000001
92281,T4c,5979.200000000001
45349,Mi1,5979.200000000001
50345,TmY3,5979.200000000001
36369,Mi1,5979.200000000001
34849,Mi1,5979.200000000001
34463,Mi1,5979.200000000001
30480,LC4,5979.200000000001
20399,LC4,5979.200000000001
20282,LC4,5979.200000000001
19954,LC4,5979.200000000001
10037,VS,5979.200000000001
37044,Mi1,5979.200000000001
109649,T4c,5979.3
112048,T4c,5979.3
88039,T4c,5979.3
23392,LC4,5979.3
55101,Mi1,5979.3
50311,TmY3,5979.3
74997,Tm3,5979.3
114080,T4a,5979.4
112453,T4c,5979.4
110742,T4c,5979.4
10025,H2,5979.4
11608,OA-VUMa2,5979.4
83227,Tm3,5979.4
22194,LC4,5979.500000000001
35045,Mi1,5979.500000000001
69543,T2a,5979.500000000001
72558,T2a,5979.500000000001
130730,Tm3,5979.500000000001
97872,T4d,5979.6
89252,T4b,5979.6
527408,LC4,5979.6
45322,Mi1,5979.6
37438,Mi1,5979.6
84008,T4c,5979.6
65671,Mi1,5979.7
48607,TmY3,5979.7
89434,T4c,5979.7
90394,T4a,5979.7
46827,Mi1,5979.7
11551,VS,5979.7
34867,Mi1,5979.7
23792,LC4,5979.7
17548,LC4,5979.7
10016,HSE,5979.7
36158,Mi1,5979.7
95926,T4a,5979.8
91914,T4a,5979.8
87452,T2a,5979.8
70632,Tm3,5979.8
43063,Mi1,5979.8
39743,Mi1,5979.8
34606,Mi1,5979.8
38208,Mi1,5979.8
20016,LC4,5979.8
11602,OA-ASM1,5979.8
10080,OA-VUMa3,5979.8
10001,DNp01,5979.8
38708,Mi1,5979.8
114995,T4b,5979.900000000001
112993,T4b,5979.900000000001
34862,Mi1,5979.900000000001
97161,T4a,5979.900000000001
100501,T4b,5979.900000000001
116439,T4c,5980.0
112944,T4b,5980.0
107159,T4b,5980.0
97545,T4c,5980.0
77484,T4d,5980.0
91629,T4a,5980.0
39164,Mi1,5980.0
35602,Mi1,5980.0
34142,Mi1,5980.0
16570,VST2,5980.0
74287,Tm3,5980.0
86992,T4b,5980.1
123490,Tm3,5980.1
109631,T4b,5980.1
79704,T4d,5980.1
17668,LC4,5980.1
68840,TmY3,5980.1
60856,T2a,5980.1
33326,Mi1,5980.1
70158,T2a,5980.1
37839,Mi1,5980.2
52350,Mi1,5980.2
72279,Mi1,5980.2
83009,T4b,5980.2
87412,T4c,5980.2
93419,T4b,5980.2
98360,T4c,5980.2
102031,T4c,5980.2
108757,T4c,5980.3
92054,T4b,5980.3
37585,Mi1,5980.3
86715,Tm3,5980.3
32893,Mi1,5980.400000000001
36911,Mi1,5980.400000000001
39791,Mi1,5980.400000000001
40171,Mi1,5980.400000000001
78421,T2a,5980.400000000001
80812,T4a,5980.400000000001
80913,T4a,5980.400000000001
88815,T4d,5980.400000000001
92640,T4d,5980.400000000001
109593,Tm3,5980.400000000001
121887,T4b,5980.400000000001
83682,Tm3,5980.5
70281,T2a,5980.5
40596,Mi1,5980.5
10799,OA-VUMa4,5980.5
10766,VS,5980.5
12688,OA-ASM1,5980.5
537004,VSm,5980.599999999999
122961,T4d,5980.599999999999
111823,T4c,5980.599999999999
101645,T4a,5980.599999999999
100838,T4c,5980.599999999999
108625,T4b,5980.599999999999
87814,T4b,5980.599999999999
79449,T4b,5980.599999999999
74411,Mi1,5980.599999999999
71164,Mi1,5980.599999999999
64849,Tm3,5980.599999999999
94893,T4c,5980.599999999999
85856,TmY3,5980.700000000001
121093,T4b,5980.700000000001
114338,T4c,5980.700000000001
112750,T4c,5980.700000000001
111380,Tm3,5980.700000000001
99636,T4d,5980.700000000001
99572,T4a,5980.700000000001
85536,T4a,5980.700000000001
24338,LC4,5980.700000000001
79257,Tm3,5980.700000000001
68918,Tm3,5980.700000000001
40958,Mi1,5980.700000000001
23929,LC4,5980.700000000001
22847,LC4,5980.700000000001
17926,LC4,5980.700000000001
82536,T4d,5980.700000000001
74731,T2a,5980.8
105180,T4c,5980.8
104905,T4c,5980.8
111613,T4d,5980.8
99670,T4c,5980.8
62851,Tm3,5980.8
33918,Mi1,5980.8
41435,Mi1,5980.8
41296,Mi1,5980.8
10226,OA-AL2i3,5980.8
10015,HSN,5980.8
62757,T2a,5980.8
45719,Mi1,5980.9
42119,Mi1,5980.9
37555,Mi1,5980.9
33907,Mi1,5980.9
59008,Mi1,5980.9
18189,LC4,5980.9
17266,LC4,5980.9
12521,HST,5980.9
10023,HSS,5980.9
21336,LC4,5980.9
84328,T4a,5981.0
47211,Mi1,5981.0
26112,LC4,5981.0
35724,Mi1,5981.0
11005,OA-VUMa4,5981.0
10112,VS,5981.0
16138,LC4,5981.0
81706,T2a,5981.1
287884,OA-VPM3,5981.1
107075,T4d,5981.1
103152,T4a,5981.1
98625,T4a,5981.1
81950,Tm3,5981.1
77361,T4a,5981.1
94703,T4c,5981.1
64579,T2,5981.1
39727,Mi1,5981.1
38791,Mi1,5981.1
67113,Mi1,5981.1
38487,Mi1,5981.1
37371,Mi1,5981.1
37084,Mi1,5981.1
18127,LC4,5981.1
103654,T4b,5981.2
101480,T4c,5981.2
84038,Tm3,5981.2
41668,Mi1,5981.2
36990,Mi1,5981.2
36139,Mi1,5981.2
38455,Mi1,5981.2
23098,LC4,5981.2
19794,LC4,5981.2
10284,VS,5981.2
10185,OA-VUMa8,5981.2
10072,OA-AL2i1,5981.2
35934,Mi1,5981.2
104621,T4c,5981.3
95528,T4d,5981.3
92415,T4a,5981.3
71131,Tm3,5981.3
49324,Mi1,5981.3
40599,TmY3,5981.3
43978,Mi1,5981.3
22975,LC4,5981.3
17860,LC4,5981.3
10322,OA-AL2i2,5981.3
45696,Mi1,5981.3
118385,T4b,5981.400000000001
108065,T4c,5981.400000000001
85126,T4a,5981.400000000001
35235,Mi1,5981.400000000001
525839,Mi1,5981.5
128159,T4d,5981.5
104911,T4c,5981.5
100633,T4a,5981.5
85152,T4c,5981.5
72896,Tm3,5981.5
73021,T2a,5981.5
51191,TmY3,5981.5
44700,Mi1,5981.5
21313,LC4,5981.5
20673,LC4,5981.5
19634,LC4,5981.5
72426,Tm3,5981.5
86578,T4c,5981.6
93972,T4a,5981.6
35774,Mi1,5981.6
30803,LC4,5981.6
28945,LC4,5981.6
10012,VS,5981.6
21225,LC4,5981.7
37733,TmY3,5981.7
56136,Tm3,5981.7
70321,Tm3,5981.7
83689,T4a,5981.7
91283,T4c,5981.7
112458,T4b,5981.7
115111,T4a,5981.7
800146,TTMn,5981.8
120231,Tm3,5981.8
97105,T4d,5981.8
90657,T4a,5981.8
86175,T4a,5981.8
41464,TmY3,5981.8
40411,Mi1,5981.8
35734,Mi1,5981.8
24867,VST1,5981.8
10825,OA-AL2i3,5981.8
43323,Mi1,5981.8
43414,Mi1,5981.900000000001
66357,T2a,5981.900000000001
80197,T4a,5981.900000000001
111852,T4a,5981.900000000001
104670,T4d,5982.0
122233,Tm3,5982.0
106821,T4b,5982.0
105126,T4c,5982.0
100018,T4a,5982.0
92993,Tm3,5982.0
33216,Mi1,5982.0
37270,Mi1,5982.0
31492,Mi1,5982.0
16128,LC4,5982.0
10687,OA-AL2i3,5982.0
41671,TmY3,5982.0
89409,T4a,5982.099999999999
105718,T4b,5982.099999999999
103148,T4a,5982.099999999999
97885,T4a,5982.099999999999
88095,T4d,5982.099999999999
104853,T4c,5982.099999999999
41626,Mi1,5982.099999999999
20808,LC4,5982.099999999999
19543,LC4,5982.099999999999
11921,OA-VPM4,5982.099999999999
11264,OA-ASM1,5982.099999999999
80793,T2a,5982.099999999999
89784,T4b,5982.200000000001
89142,T4b,5982.200000000001
83307,Tm3,5982.200000000001
10025,H2,5982.200000000001
72665,Mi1,5982.200000000001
38529,Mi1,5982.200000000001
82674,T4a,5982.200000000001
109153,T4a,5982.3
103195,T4a,5982.3
97004,T4c,5982.3
88625,T4c,5982.3
87429,T4b,5982.3
542412,Mi1,5982.3
40854,Mi1,5982.3
36881,Mi1,5982.3
31262,LC4,5982.3
10001,DNp01,5982.3
64633,T2a,5982.3
91505,T4c,5982.4
89864,T4b,5982.4
87390,T2a,5982.4
77779,T2a,5982.4
70490,Mi1,5982.4
38461,Mi1,5982.4
38772,Mi1,5982.4
35405,Mi1,5982.4
34626,Mi1,5982.4
25584,LC4,5982.4
100105,T4a,5982.4
41522,Mi1,5982.4
100946,T4c,5982.5
94549,T4b,5982.5
103557,T4a,5982.5
79314,T4b,5982.5
78151,Tm3,5982.5
54423,TmY3,5982.5
39894,T4b,5982.5
38893,Mi1,5982.5
35001,Mi1,5982.5
10037,VS,5982.5
10016,HSE,5982.6
20917,LC4,5982.6
37000,Mi1,5982.6
38241,Mi1,5982.6
50552,Mi1,5982.6
100673,T4b,5982.6
106121,T4a,5982.7
91076,T4a,5982.7
106912,Tm3,5982.7
71361,Tm3,5982.7
37529,Mi1,5982.7
75377,T2a,5982.7
129235,Tm3,5982.8
107819,T4c,5982.8
100787,T4b,5982.8
97171,T4d,5982.8
90467,T4d,5982.8
94567,T4c,5982.8
78108,T2a,5982.8
38987,Mi1,5982.8
35572,Mi1,5982.8
10755,H1,5982.8
84063,T4b,5982.8
86686,T4c,5982.9
99789,T4d,5982.9
99011,T4c,5982.9
90278,T4a,5982.9
42942,Mi1,5982.9
83365,T2a,5982.9
37138,Mi1,5982.9
35770,Mi1,5982.9
33017,Mi1,5982.9
10187,OA-VPM3,5982.9
37631,Mi1,5982.9
45176,Mi1,5983.0
70153,Tm3,5983.0
90731,T4b,5983.0
92839,T4b,5983.0
98692,T4a,5983.0
100774,T4a,5983.0
99423,T4d,5983.1
100073,T4c,5983.1
47696,TmY3,5983.1
98748,T4c,5983.1
40256,Mi1,5983.1
34272,Mi1,5983.1
11134,VSm,5983.1
40577,Mi1,5983.1
99163,T4a,5983.2
89290,T4d,5983.2
90371,T4d,5983.2
36540,Mi1,5983.2
10206,VS,5983.2
38514,Mi1,5983.2
80855,Tm3,5983.3
35113,Mi1,5983.3
35428,Mi1,5983.3
41120,Mi1,5983.3
43689,Mi1,5983.3
48286,Mi1,5983.3
67002,T2,5983.3
99950,T4c,5983.3
83465,T4a,5983.400000000001
106952,T4b,5983.400000000001
59528,T2a,5983.400000000001
38238,Mi1,5983.400000000001
44449,TmY3,5983.400000000001
80582,T4a,5983.400000000001
59959,Mi1,5983.5
67150,T2a,5983.5
87565,T4a,5983.5
90566,T4d,5983.5
99837,T4a,5983.5
105363,T4c,5983.5
117551,Tm3,5983.599999999999
115214,T4b,5983.599999999999
106608,T4a,5983.599999999999
105214,T4c,5983.599999999999
100310,T4d,5983.599999999999
106362,T4d,5983.599999999999
81309,T2a,5983.599999999999
71944,T2a,5983.599999999999
40716,Tm3,5983.599999999999
39505,Mi1,5983.599999999999
21804,LC4,5983.599999999999
92251,T4b,5983.599999999999
112619,T4d,5983.700000000001
105199,T4d,5983.700000000001
102791,T4c,5983.700000000001
92957,T4d,5983.700000000001
90533,T4c,5983.700000000001
41613,Mi1,5983.700000000001
85378,T4a,5983.700000000001
36646,Mi1,5983.700000000001
36252,Mi1,5983.700000000001
35260,Mi1,5983.700000000001
88165,T4a,5983.700000000001
99731,T4c,5983.8
99131,T4c,5983.8
96830,T4b,5983.8
38721,Mi1,5983.8
27788,Mi1,5983.8
68167,Tm3,5983.8
10015,HSN,5983.900000000001
16628,LC4,5983.900000000001
22034,LC4,5983.900000000001
36410,Mi1,5983.900000000001
41637,Mi1,5983.900000000001
66852,Mi1,5983.900000000001
96676,T4b,5983.900000000001
104703,T4d,5984.0
102295,T4d,5984.0
98887,T4b,5984.0
97306,T4a,5984.0
93509,T4b,5984.0
93360,T4b,5984.0
48514,TmY3,5984.0
23392,LC4,5984.0
17364,LC4,5984.0
10011,OA-AL2i1,5984.0
91288,T4c,5984.0
99850,T4a,5984.1
19954,LC4,5984.1
34300,Mi1,5984.1
34329,Mi1,5984.1
48283,TmY3,5984.1
66604,TmY3,5984.1
79134,Tm3,5984.1
88922,T4c,5984.1
97288,T4c,5984.1
99519,T4a,5984.200000000001
97256,T4c,5984.200000000001
101721,T4d,5984.200000000001
86416,T4a,5984.200000000001
101005,T4d,5984.200000000001
82121,Tm3,5984.200000000001
79358,T2a,5984.200000000001
22194,LC4,5984.200000000001
10023,HSS,5984.200000000001
85866,T4b,5984.200000000001
10555,OA-VUMa3,5984.3
21151,LC4,5984.3
22328,LC4,5984.3
39275,Mi1,5984.3
67131,Tm3,5984.3
77775,T2a,5984.3
80033,T4a,5984.3
97480,T4c,5984.3
90493,T4b,5984.4
88167,T4b,5984.4
91913,T4b,5984.4
55976,Mi1,5984.4
17987,LC4,5984.4
67408,Mi1,5984.4
111579,Tm3,5984.500000000001
107334,T4a,5984.500000000001
97835,T4a,5984.500000000001
79253,T4a,5984.500000000001
107628,T4d,5984.500000000001
48531,Mi1,5984.500000000001
41399,Mi1,5984.500000000001
35897,Mi1,5984.500000000001
73320,T2,5984.500000000001
10269,OA-AL2i2,5984.6
34479,Mi1,5984.6
65803,T2,5984.6
66791,Tm3,5984.6
76788,T4b,5984.6
100785,T4b,5984.6
100050,T4a,5984.7
539983,T4c,5984.7
102016,T4a,5984.7
96812,T4a,5984.7
83639,T2a,5984.7
58224,Mi1,5984.7
34057,Mi1,5984.7
92273,T2a,5984.7
90888,T4b,5984.8
10001,DNp01,5984.8
19420,LC4,5984.8
20542,LC4,5984.8
35498,Mi1,5984.8
35890,Mi1,5984.8
54087,Mi1,5984.8
96126,T4b,5984.8
97888,Tm3,5984.8
103657,T4b,5984.8
108066,T4b,5984.8
286259,OA-ASM1,5984.8
105242,T4c,5984.900000000001
37224,Mi1,5984.900000000001
100874,T4a,5984.900000000001
121821,T4c,5984.900000000001
96852,T4a,5984.900000000001
35416,Mi1,5984.900000000001
86932,T4b,5984.900000000001
44222,Mi1,5984.900000000001
37113,Mi1,5984.900000000001
95985,T4c,5984.900000000001
110555,T4b,5985.0
10025,H2,5985.0
38479,Mi1,5985.0
86141,T4b,5985.0
94283,T4d,5985.0
100924,T4b,5985.0
99614,T4c,5985.1
99251,T4a,5985.1
100956,T4d,5985.1
96784,T4b,5985.1
65298,T2a,5985.1
89728,Tm3,5985.1
94574,T4c,5985.1
63994,Mi1,5985.1
20588,LC4,5985.1
109326,T4c,5985.2
103383,T4c,5985.2
100206,T4c,5985.2
96219,T4b,5985.2
94471,T4a,5985.2
77527,T4a,5985.2
51122,Mi1,5985.2
41950,Mi1,5985.2
35806,Mi1,5985.2
34933,Mi1,5985.2
17548,LC4,5985.2
10112,VS,5985.2
137320,Tm3,5985.3
99609,T4a,5985.3
98381,T4d,5985.3
97318,T4d,5985.3
95005,T4a,5985.3
79297,T4a,5985.3
35580,Mi1,5985.3
29563,LC4,5985.3
126163,Tm3,5985.400000000001
107031,T4b,5985.400000000001
106190,T4d,5985.400000000001
101621,T4d,5985.400000000001
95990,T4a,5985.400000000001
85924,T4a,5985.400000000001
71447,T4c,5985.400000000001
40635,Mi1,5985.400000000001
21165,LC4,5985.400000000001
94624,T4a,5985.400000000001
98862,Tm3,5985.5
124362,T4c,5985.5
112633,T4b,5985.5
107211,T4d,5985.5
97877,T4d,5985.5
10016,HSE,5985.5
45319,Mi1,5985.5
38687,Mi1,5985.5
35683,Mi1,5985.5
17926,LC4,5985.5
77846,Tm3,5985.5
19260,LC4,5985.6
40936,Mi1,5985.6
47967,Mi1,5985.6
71938,T2a,5985.6
75966,T2a,5985.6
119601,T4d,5985.6
546524,Mi1,5985.700000000001
116451,T4c,5985.700000000001
104390,T4a,5985.700000000001
98404,T4d,5985.700000000001
97141,T4a,5985.700000000001
36660,Mi1,5985.700000000001
10037,VS,5985.700000000001
37599,Mi1,5985.700000000001
60886,T2a,5985.8
76733,Tm3,5985.8
89110,Tm3,5985.8
100855,T4a,5985.8
105412,T4a,5985.8
108249,T4a,5985.8
101230,T4a,5985.9
114884,T4d,5985.9
118173,Tm3,5985.9
104257,T4b,5985.9
92472,T4c,5985.9
24338,LC4,5985.9
68138,TmY3,5985.9
42691,Mi1,5985.9
36954,Mi1,5985.9
17054,LC4,5985.9
79070,T2a,5985.9
121420,T4d,5986.000000000001
108270,T4b,5986.000000000001
104130,T4a,5986.000000000001
83438,T4a,5986.000000000001
95453,T4a,5986.000000000001
63175,Mi1,5986.000000000001
38767,Mi1,5986.000000000001
38648,Mi1,5986.000000000001
36177,Mi1,5986.000000000001
78477,T4a,5986.000000000001
77920,Tm3,5986.1
110482,T4b,5986.1
100981,T4d,5986.1
98222,T4d,5986.1
92082,T4b,5986.1
92055,T4c,5986.1
84366,T4b,5986.1
63468,Mi1,5986.1
35234,Mi1,5986.1
44592,TmY3,5986.1
40832,Mi1,5986.1
40235,Mi1,5986.1
38065,LC4,5986.1
35512,Mi1,5986.1
20399,LC4,5986.1
57398,Mi1,5986.1
800146,TTMn,5986.2
96003,T4d,5986.2
69063,Mi1,5986.2
36452,Mi1,5986.2
10652,OA-AL2i4,5986.3
18127,LC4,5986.3
19550,LC4,5986.3
34045,Mi1,5986.3
63420,Mi1,5986.3
110757,T4b,5986.3
149504,T4d,5986.3
97015,T4a,5986.400000000001
90027,T4c,5986.400000000001
83004,T4b,5986.400000000001
40219,Mi1,5986.400000000001
33655,Mi1,5986.400000000001
53065,Mi1,5986.400000000001
94866,T4d,5986.5
110987,Tm3,5986.5
101043,T4c,5986.5
96576,T4c,5986.5
95454,T4a,5986.5
93045,T4b,5986.5
37680,Mi1,5986.5
91325,T4a,5986.5
82576,T4b,5986.5
78968,Tm3,5986.5
12109,OA-VUMa2,5986.5
92046,T4d,5986.5
90219,T4a,5986.6
112594,T4b,5986.6
106530,T4d,5986.6
102741,T4c,5986.6
537004,VSm,5986.6
90058,T4a,5986.6
96211,T4d,5986.6
79138,T2a,5986.6
72132,Tm3,5986.6
38857,Mi1,5986.6
36275,Mi1,5986.6
35840,Mi1,5986.6
88005,T4d,5986.6
526158,Mi1,5986.7
121816,T4a,5986.7
105565,Tm3,5986.7
98654,T4d,5986.7
90259,T4d,5986.7
41545,Mi1,5986.7
21336,LC4,5986.7
38477,Mi1,5986.7
21313,LC4,5986.7
16606,VST2,5986.7
10110,OA-VUMa1,5986.7
39158,Mi1,5986.7
116259,T4b,5986.8
100856,T4a,5986.8
35290,Mi1,5986.8
75660,T2a,5986.8
10015,HSN,5986.900000000001
20808,LC4,5986.900000000001
21225,LC4,5986.900000000001
35173,Mi1,5986.900000000001
36217,Mi1,5986.900000000001
42594,Mi1,5986.900000000001
44119,Mi1,5986.900000000001
78317,T4a,5986.900000000001
86558,T4b,5986.900000000001
103867,T4a,5986.900000000001
99074,T4b,5987.0
94058,T4b,5987.0
92684,T4c,5987.0
88698,T4a,5987.0
65833,Mi1,5987.0
18189,LC4,5987.0
16138,LC4,5987.0
10284,VS,5987.0
41654,Mi1,5987.0
10755,H1,5987.0
66739,Tm3,5987.099999999999
71765,T2a,5987.099999999999
73795,TmY3,5987.099999999999
84267,T4c,5987.099999999999
91741,T4d,5987.099999999999
97675,T4c,5987.099999999999
98361,T4a,5987.099999999999
98504,T4c,5987.099999999999
111623,T4a,5987.099999999999
87255,T2a,5987.099999999999
102462,T4c,5987.200000000001
95235,T4d,5987.200000000001
98398,T4c,5987.200000000001
36305,Mi1,5987.200000000001
20673,LC4,5987.200000000001
16128,LC4,5987.200000000001
94305,T4a,5987.200000000001
10012,VS,5987.3
17668,LC4,5987.3
36346,Mi1,5987.3
40795,Mi1,5987.3
42533,TmY3,5987.3
89282,T4a,5987.3
109134,T4d,5987.3
95883,T4a,5987.4
102540,T4b,5987.4
116248,T4d,5987.4
97866,T4d,5987.4
84490,T4a,5987.4
10023,HSS,5987.4
54885,TmY3,5987.4
22966,LC4,5987.4
10001,DNp01,5987.4
74375,Tm3,5987.4
111949,T4c,5987.500000000001
96134,T4b,5987.500000000001
93984,T4b,5987.500000000001
83613,T4b,5987.500000000001
75318,T2,5987.500000000001
47360,TmY3,5987.500000000001
44746,TmY3,5987.500000000001
37391,Mi1,5987.500000000001
23098,LC4,5987.500000000001
67308,Mi1,5987.500000000001
69980,Tm3,5987.6
105862,T4d,5987.6
99258,T4c,5987.6
88746,Tm3,5987.6
76003,Tm3,5987.6
46784,Mi1,5987.6
10206,VS,5987.6
37294,Mi1,5987.6
34899,Mi1,5987.6
21287,LC4,5987.6
14416,VST2,5987.6
10175,OA-VUMa6,5987.6
40085,Mi1,5987.6
85731,T4d,5987.7
99663,T4c,5987.7
94368,T4a,5987.7
82299,T4c,5987.7
39692,TmY3,5987.7
37568,Mi1,5987.7
25584,LC4,5987.7
10677,OA-AL2i4,5987.7
114201,T4c,5987.8
109172,T4b,5987.8
104368,T4c,5987.8
103570,T4d,5987.8
90419,T4b,5987.8
82699,Tm3,5987.8
64712,T2a,5987.8
98245,T4c,5987.8
41136,Mi1,5987.8
38632,Mi1,5987.8
35100,Mi1,5987.8
20282,LC4,5987.8
10120,OA-VPM4,5987.8
10041,OA-VUMa1,5987.8
10025,H2,5987.8
57239,Mi1,5987.8
97878,T4b,5987.900000000001
72194,Tm3,5987.900000000001
38178,Mi1,5987.900000000001
34171,Mi1,5987.900000000001
48060,Mi1,5987.900000000001
77972,Tm3,5988.0
100345,T4c,5988.0
107445,T4a,5988.0
110968,T4b,5988.0
91179,T4a,5988.1
81092,Tm3,5988.1
108199,T4c,5988.1
10204,OA-AL2i2,5988.1
39718,Mi1,5988.1
19794,LC4,5988.2
37509,Mi1,5988.2
38748,Mi1,5988.2
73447,Tm3,5988.2
75381,Tm3,5988.2
83677,T4c,5988.2
93941,T4b,5988.2
95227,T4a,5988.2
104017,T4b,5988.2
104996,T4a,5988.2
171349687,Tm3,5988.3
103497,Tm3,5988.3
97186,T4a,5988.3
86419,Tm3,5988.3
83042,T4b,5988.3
63868,T2a,5988.3
12521,HST,5988.3
10016,HSE,5988.3
78940,T4a,5988.3
104753,T4a,5988.400000000001
100075,T4c,5988.400000000001
90135,T4c,5988.400000000001
86630,Tm3,5988.400000000001
34079,Mi1,5988.400000000001
20634,VST1,5988.400000000001
78086,T4c,5988.400000000001
130280,Tm3,5988.5
116129,T4b,5988.5
111783,T4a,5988.5
100897,T4c,5988.5
92939,T4b,5988.5
71052,T2a,5988.5
31848,Mi1,5988.5
17266,LC4,5988.5
16628,LC4,5988.5
10265,OA-AL2i2,5988.5
36533,Mi1,5988.5
10072,OA-AL2i1,5988.599999999999
37088,Mi1,5988.599999999999
37353,Mi1,5988.599999999999
41659,Mi1,5988.599999999999
87845,T4a,5988.599999999999
93564,T4d,5988.599999999999
105115,T4d,5988.700000000001
101707,T4c,5988.700000000001
101685,T4b,5988.700000000001
98417,T4d,5988.700000000001
83979,T4a,5988.700000000001
79875,T4c,5988.700000000001
71089,Mi1,5988.700000000001
70289,Mi1,5988.700000000001
20016,LC4,5988.700000000001
12896,OA-VUMa5,5988.700000000001
74023,T2a,5988.700000000001
19543,LC4,5988.8
33942,Mi1,5988.8
37927,Mi1,5988.8
88933,T4a,5988.8
99292,T4a,5988.8
100190,T4c,5988.8
103033,T4a,5988.8
109996,T4c,5988.8
78943,T2a,5988.9
81064,Tm3,5988.9
40703,Mi1,5988.9
97677,T4c,5988.9
34189,Mi1,5988.9
22975,LC4,5988.9
10037,VS,5988.9
35017,Mi1,5988.9
94983,T4c,5989.0
94179,T4a,5989.0
93688,T4a,5989.0
74228,Tm3,5989.0
47686,TmY3,5989.0
43485,Mi1,5989.0
39629,Mi1,5989.0
39500,Mi1,5989.0
23392,LC4,5989.0
19954,LC4,5989.0
11134,VSm,5989.0
117142,T4d,5989.1
105122,T4b,5989.1
96365,T4a,5989.1
75304,T2a,5989.1
37853,Mi1,5989.1
44438,Mi1,5989.1
44244,TmY3,5989.1
10112,VS,5989.1
69380,Tm3,5989.1
23792,LC4,5989.2
68730,T2,5989.2
82130,T2a,5989.2
84631,T4c,5989.2
101732,T4c,5989.2
89485,T4a,5989.3
123514,Tm3,5989.3
110071,T4d,5989.3
91934,T4a,5989.3
78739,T4b,5989.3
38421,Mi1,5989.3
30997,Mi1,5989.3
15422,VST2,5989.3
10322,OA-AL2i2,5989.3
71583,Tm3,5989.3
527408,LC4,5989.400000000001
10168,OA-VUMa6,5989.400000000001
22328,LC4,5989.400000000001
38133,Mi1,5989.400000000001
41762,TmY3,5989.400000000001
74061,Tm3,5989.400000000001
105521,T4c,5989.400000000001
108010,T4c,5989.400000000001
122290,Tm3,5989.400000000001
105802,T4c,5989.5
101945,T4b,5989.5
101302,T4d,5989.5
56564,Mi1,5989.5
60857,Mi1,5989.5
22194,LC4,5989.5
88575,T4b,5989.5
111180,T4c,5989.6
33091,Mi1,5989.6
39688,Mi1,5989.6
91987,T4c,5989.6
99628,T4b,5989.6
89368,T4c,5989.7
72586,Tm3,5989.7
96959,T4a,5989.7
117652,T4d,5989.7
72501,Mi1,5989.7
91444,T4c,5989.7
61401,T2a,5989.7
44282,Mi1,5989.7
38993,Mi1,5989.7
38227,Mi1,5989.7
37243,Mi1,5989.7
62078,Mi1,5989.7
102786,Tm3,5989.8
98226,T4b,5989.8
89139,T4c,5989.8
30803,LC4,5989.8
10311,VS,5989.8
17364,LC4,5989.900000000001
22034,LC4,5989.900000000001
96199,T4a,5989.900000000001
104931,T4c,5989.900000000001
123087,T4c,5990.0
35845,Mi1,5990.0
33462,Mi1,5990.0
104714,T4b,5990.0
10015,HSN,5990.0
10001,DNp01,5990.0
19634,LC4,5990.0
33446,Mi1,5990.099999999999
72794,Tm3,5990.099999999999
77307,Tm3,5990.099999999999
88726,T4b,5990.099999999999
88992,T4c,5990.099999999999
100867,T4b,5990.099999999999
93947,T4a,5990.200000000001
67072,T2a,5990.200000000001
40400,Mi1,5990.200000000001
37677,Mi1,5990.200000000001
33614,Mi1,5990.200000000001
20917,LC4,5990.200000000001
10799,OA-VUMa4,5990.200000000001
37037,Mi1,5990.200000000001
77906,T2a,5990.3
95356,T4a,5990.3
95007,T4a,5990.3
91057,T4c,5990.3
80282,T4d,5990.3
75118,T2a,5990.3
10687,OA-AL2i3,5990.3
67614,Mi1,5990.3
41536,Mi1,5990.3
26112,LC4,5990.3
22847,LC4,5990.3
74504,T2a,5990.3
119556,T4b,5990.4
103870,T4a,5990.4
102388,T4d,5990.4
94147,T4a,5990.4
58553,TmY3,5990.4
41804,Mi1,5990.4
35152,Mi1,5990.4
30480,LC4,5990.4
86907,T4a,5990.4
113991,T4d,5990.5
131034,Tm3,5990.5
81995,Tm3,5990.5
10023,HSS,5990.5
37019,Mi1,5990.5
42872,Mi1,5990.5
10025,H2,5990.6
36446,Mi1,5990.6
36994,Mi1,5990.6
71228,T2a,5990.6
74853,Tm3,5990.6
101742,T4c,5990.6
91725,T4b,5990.7
102770,T4a,5990.7
94071,T4a,5990.7
64149,Mi1,5990.7
95554,T4b,5990.7
39067,Mi1,5990.7
32535,Mi1,5990.7
59397,Mi1,5990.7
33110,Mi1,5990.7
38596,Mi1,5990.7
10755,H1,5990.8
24338,LC4,5990.8
34938,Mi1,5990.8
38230,Mi1,5990.8
43615,Mi1,5990.8
98890,T4c,5990.8
104354,T4b,5990.8
104802,T4c,5990.8
113945,T4d,5990.9
107799,T4b,5990.9
94596,T4b,5990.9
92644,T4d,5990.9
88152,T4c,5990.9
72989,Tm3,5990.9
39651,Mi1,5990.9
37123,Mi1,5990.9
34296,Mi1,5990.9
20542,LC4,5990.9
17860,LC4,5990.9
66808,Tm3,5990.9
69266,Tm3,5991.0
11005,OA-VUMa4,5991.0
17926,LC4,5991.0
71773,T2a,5991.0
85170,T4c,5991.0
101033,T4d,5991.0
105849,T4d,5991.0
98467,T4d,5991.1
68562,T2a,5991.1
103022,T4a,5991.1
38768,Mi1,5991.1
10658,OA-AL2i3,5991.1
17548,LC4,5991.1
41809,Mi1,5991.1
10016,HSE,5991.1
10403,VS,5991.2
39595,Mi1,5991.2
42048,Mi1,5991.2
96090,T4c,5991.2
98300,T4a,5991.299999999999
95051,T4d,5991.299999999999
51848,TmY3,5991.299999999999
120594,T4c,5991.299999999999
35712,Mi1,5991.299999999999
11608,OA-VUMa2,5991.299999999999
35777,Mi1,5991.299999999999
104622,T4b,5991.400000000001
98788,T4d,5991.400000000001
91510,T4c,5991.400000000001
77594,T2a,5991.400000000001
73767,Mi1,5991.400000000001
71230,Tm3,5991.400000000001
53983,TmY3,5991.400000000001
44527,Mi1,5991.400000000001
40505,Mi1,5991.400000000001
38710,Mi1,5991.400000000001
37948,Mi1,5991.400000000001
112321,T4d,5991.400000000001
48986,TmY3,5991.400000000001
800146,TTMn,5991.400000000001
100729,T4b,5991.5
82724,Tm3,5991.5
66345,T2a,5991.5
82099,T4b,5991.5
19420,LC4,5991.5
18127,LC4,5991.5
42675,Mi1,5991.5
103425,T4a,5991.6
105545,T4d,5991.6
102370,T4c,5991.6
99387,T4a,5991.6
58967,TmY3,5991.6
57349,Mi1,5991.6
48547,TmY3,5991.6
46248,Mi1,5991.6
40426,Mi1,5991.6
34658,Mi1,5991.6
33766,Mi1,5991.6
20808,LC4,5991.6
106522,T4d,5991.700000000001
104336,T4b,5991.700000000001
93750,T4c,5991.700000000001
11602,OA-ASM1,5991.700000000001
29563,LC4,5991.700000000001
91366,T4b,5991.700000000001
103527,T4c,5991.8
42758,Mi1,5991.8
80137,T2a,5991.8
93877,T4c,5991.8
103479,T4c,5991.8
102564,T4a,5991.900000000001
95972,T4d,5991.900000000001
113107,T4a,5991.900000000001
89073,T2a,5991.900000000001
106922,T4c,5991.900000000001
48894,TmY3,5991.900000000001
68535,T2a,5991.900000000001
39525,Mi1,5991.900000000001
23606,Mi1,5991.900000000001
21313,LC4,5991.900000000001
10269,OA-AL2i2,5991.900000000001
10080,OA-VUMa3,5991.900000000001
43783,Mi1,5991.900000000001
51963,TmY3,5992.0
10012,VS,5992.0
39858,Mi1,5992.0
49516,TmY3,5992.0
76621,T2a,5992.0
105698,T4c,5992.0
108161,T4a,5992.0
96931,T4b,5992.1
107181,T4c,5992.1
69228,T2a,5992.1
133040,Tm3,5992.1
111416,Tm3,5992.1
79271,T4a,5992.1
10037,VS,5992.1
58945,Tm3,5992.1
34404,Mi1,5992.1
19260,LC4,5992.1
77395,T4b,5992.1
94755,T4a,5992.200000000001
106894,T4b,5992.200000000001
101081,T4c,5992.200000000001
91313,T4a,5992.200000000001
113410,T4d,5992.200000000001
39438,Mi1,5992.200000000001
35836,Mi1,5992.200000000001
20588,LC4,5992.200000000001
10825,OA-AL2i3,5992.200000000001
89092,T4c,5992.200000000001
114698,T4b,5992.200000000001
70524,T2a,5992.3
82313,T4a,5992.3
96295,T4b,5992.3
37390,Mi1,5992.3
17987,LC4,5992.3
10206,VS,5992.3
56918,TmY3,5992.3
102845,T4b,5992.4
100087,T4b,5992.4
97145,T4c,5992.4
94886,T4d,5992.4
80437,Tm3,5992.4
58862,Mi1,5992.4
21804,LC4,5992.4
21225,LC4,5992.4
10284,VS,5992.4
64341,TmY3,5992.4
75473,Tm3,5992.500000000001
118658,T4a,5992.500000000001
83161,T2a,5992.500000000001
64897,T2,5992.500000000001
69723,Tm3,5992.500000000001
37699,Mi1,5992.500000000001
36684,Mi1,5992.500000000001
16570,VST2,5992.500000000001
16128,LC4,5992.500000000001
37756,Mi1,5992.500000000001
116716,T4b,5992.6
104884,T4b,5992.6
69164,Mi1,5992.6
43965,Mi1,5992.6
42010,TmY3,5992.6
40944,Mi1,5992.6
39716,Mi1,5992.6
34356,Mi1,5992.6
21151,LC4,5992.6
10226,OA-AL2i3,5992.6
10001,DNp01,5992.6
35045,Mi1,5992.6
81378,T4b,5992.7
106745,T4b,5992.7
103440,T4d,5992.7
96307,T4a,5992.7
79259,T4b,5992.7
21336,LC4,5992.7
41709,Mi1,5992.7
37108,Mi1,5992.7
37044,Mi1,5992.7
35447,Mi1,5992.7
74860,Tm3,5992.7
112744,T4d,5992.8
102409,T4c,5992.8
102298,T4c,5992.8
96260,T4d,5992.8
92431,T4a,5992.8
91469,T4c,5992.8
87106,T4a,5992.8
74303,Mi1,5992.8
17054,LC4,5992.8
106510,T4b,5992.900000000001
105895,T4a,5992.900000000001
98393,T4a,5992.900000000001
89866,T4b,5992.900000000001
89099,T4a,5992.900000000001
35888,Mi1,5992.900000000001
83204,T4d,5992.900000000001
72655,Mi1,5992.900000000001
71188,T2a,5992.900000000001
85938,T4a,5992.900000000001
85039,T2a,5993.0
127153,Tm3,5993.0
91682,T4b,5993.0
91303,T4b,5993.0
537004,VSm,5993.0
81996,T2a,5993.0
46745,Mi1,5993.0
67464,Mi1,5993.0
64058,T2,5993.0
37438,Mi1,5993.0
34849,Mi1,5993.0
20399,LC4,5993.0
68475,T2a,5993.0
107010,T4d,5993.1
94153,T4d,5993.1
81015,T4a,5993.1
51049,Mi1,5993.1
99137,T4c,5993.1
40171,Mi1,5993.1
25584,LC4,5993.1
16138,LC4,5993.1
10112,VS,5993.1
45349,Mi1,5993.1
114817,T4d,5993.2
101463,T4d,5993.2
98846,T4c,5993.2
68982,Tm3,5993.2
38208,Mi1,5993.2
23929,LC4,5993.2
28945,LC4,5993.2
16628,LC4,5993.2
12688,OA-ASM1,5993.2
10015,HSN,5993.2
35218,Mi1,5993.2
96989,T4d,5993.3
87566,T4a,5993.3
287884,OA-VPM3,5993.3
55101,Mi1,5993.3
45322,Mi1,5993.3
67424,T2,5993.3
10025,H2,5993.400000000001
39405,Mi1,5993.400000000001
66227,Tm3,5993.400000000001
81372,Tm3,5993.400000000001
82549,T4b,5993.400000000001
103343,T4b,5993.400000000001
103725,T4a,5993.400000000001
110403,T4b,5993.400000000001
120016,Tm3,5993.5
90423,T4b,5993.5
68842,TmY3,5993.5
91806,T4a,5993.5
43872,Mi1,5993.5
42895,Mi1,5993.5
10185,OA-VUMa8,5993.5
65513,T2a,5993.5
126702,Tm3,5993.6
104123,T4b,5993.6
98837,T4c,5993.6
80906,T4c,5993.6
102742,T4d,5993.6
36158,Mi1,5993.6
34369,Mi1,5993.6
19550,LC4,5993.6
40106,Mi1,5993.6
10023,HSS,5993.700000000001
20673,LC4,5993.700000000001
67332,T2a,5993.700000000001
93166,T4c,5993.700000000001
97899,T4a,5993.700000000001
108307,T4b,5993.700000000001
97193,T4a,5993.8
57164,TmY3,5993.8
105962,T4b,5993.8
34606,Mi1,5993.8
39164,Mi1,5993.8
104414,T4d,5993.9
101605,T4a,5993.9
99310,T4a,5993.9
98817,T4a,5993.9
97784,T4c,5993.9
83191,T4a,5993.9
59864,Tm3,5993.9
47211,Mi1,5993.9
38487,Mi1,5993.9
37839,Mi1,5993.9
33326,Mi1,5993.9
23098,LC4,5993.9
10016,HSE,5993.9
106801,T4c,5993.9
36369,Mi1,5994.000000000001
88127,T4b,5994.000000000001
18189,LC4,5994.000000000001
35602,Mi1,5994.1
37371,Mi1,5994.1
39743,Mi1,5994.1
94081,T4c,5994.1
94356,T4c,5994.1
100033,T4c,5994.1
118610,T4b,5994.1
22108,TmY3,5994.2
94948,T4c,5994.2
87763,T4a,5994.2
80483,T4c,5994.2
21165,LC4,5994.2
33017,Mi1,5994.2
95532,T4a,5994.2
76524,Tm3,5994.2
103639,T4d,5994.2
89102,T4d,5994.3
101382,T4c,5994.3
82038,Tm3,5994.3
36139,Mi1,5994.3
72279,Mi1,5994.3
31262,LC4,5994.3
79449,T4b,5994.3
34867,Mi1,5994.400000000001
36911,Mi1,5994.400000000001
38791,Mi1,5994.400000000001
43978,Mi1,5994.400000000001
45719,Mi1,5994.400000000001
73385,T2a,5994.400000000001
109916,T4d,5994.400000000001
117631,T4d,5994.400000000001
120289,T4c,5994.5
98751,T4a,5994.5
70812,TmY3,5994.5
38708,Mi1,5994.5
52350,Mi1,5994.5
34463,Mi1,5994.5
22328,LC4,5994.5
19954,LC4,5994.5
37270,Mi1,5994.5
111184,T4a,5994.6
104478,T4d,5994.6
75521,T2a,5994.6
100046,T4b,5994.6
43063,Mi1,5994.6
42856,Mi1,5994.6
65671,Mi1,5994.6
76446,TmY3,5994.7
113568,T4d,5994.7
107812,T4a,5994.7
91804,T4d,5994.7
88281,T4b,5994.7
83583,T4d,5994.7
75343,Tm3,5994.7
22194,LC4,5994.7
67810,Tm3,5994.7
58576,T2,5994.7
46827,Mi1,5994.7
34862,Mi1,5994.7
32893,Mi1,5994.7
23392,LC4,5994.7
69915,TmY3,5994.7
117882,T4b,5994.8
103579,T4c,5994.8
94668,T4d,5994.8
108974,T4c,5994.8
41668,Mi1,5994.8
35235,Mi1,5994.8
10755,H1,5994.8
89934,T4d,5994.8
122273,Tm3,5994.900000000001
108349,T4d,5994.900000000001
102703,T4a,5994.900000000001
92047,T4c,5994.900000000001
59008,Mi1,5994.900000000001
39791,Mi1,5994.900000000001
33907,Mi1,5994.900000000001
11264,OA-ASM1,5994.900000000001
40596,Mi1,5994.900000000001
103780,T4c,5995.0
102045,T4a,5995.0
101885,T4a,5995.0
86504,T4b,5995.0
98175,T4c,5995.0
41296,Mi1,5995.0
36695,Mi1,5995.0
33394,Mi1,5995.0
82425,T4b,5995.0
11134,VSm,5995.099999999999
17668,LC4,5995.099999999999
19794,LC4,5995.099999999999
38529,Mi1,5995.099999999999
95822,T4b,5995.099999999999
102801,T4b,5995.099999999999
63190,T2,5995.200000000001
39727,Mi1,5995.200000000001
103108,T4b,5995.200000000001
34142,Mi1,5995.200000000001
10001,DNp01,5995.200000000001
37585,Mi1,5995.200000000001
110988,T4a,5995.3
105706,T4a,5995.3
78820,T2a,5995.3
74231,Tm3,5995.3
73586,Tm3,5995.3
60979,TmY3,5995.3
43323,Mi1,5995.3
38455,Mi1,5995.3
38065,LC4,5995.3
35724,Mi1,5995.3
49324,Mi1,5995.3
106401,T4d,5995.4
119213,T4c,5995.4
109831,T4d,5995.4
42119,Mi1,5995.4
119288,T4d,5995.4
24338,LC4,5995.4
19543,LC4,5995.4
10072,OA-AL2i1,5995.4
10037,VS,5995.4
33918,Mi1,5995.4
92114,T4c,5995.500000000001
90145,T4a,5995.500000000001
77223,Tm3,5995.500000000001
76653,T2a,5995.500000000001
47368,TmY3,5995.500000000001
94549,T4b,5995.500000000001
41435,Mi1,5995.500000000001
37555,Mi1,5995.500000000001
36990,Mi1,5995.500000000001
35934,Mi1,5995.500000000001
35734,Mi1,5995.500000000001
43414,Mi1,5995.500000000001
108475,T4b,5995.6
105541,T4a,5995.6
102975,T4b,5995.6
101215,T4c,5995.6
92006,T4a,5995.6
40411,Mi1,5995.6
35405,Mi1,5995.6
34626,Mi1,5995.6
33216,Mi1,5995.6
17364,LC4,5995.6
74411,Mi1,5995.6
104450,T4a,5995.7
128396,T4d,5995.7
112088,T4d,5995.7
105332,T4b,5995.7
97769,T4a,5995.7
107105,T4d,5995.7
69961,Tm3,5995.7
44449,TmY3,5995.7
37529,Mi1,5995.7
87289,T4a,5995.7
22975,LC4,5995.7
17926,LC4,5995.7
25893,VST1,5995.8
41522,Mi1,5995.8
44700,Mi1,5995.8
84292,T4d,5995.8
101228,T4a,5995.8
102910,T4b,5995.8
106664,T4c,5995.8
100247,T4c,5995.900000000001
98039,T4d,5995.900000000001
98000,T4b,5995.900000000001
117748,Tm3,5995.900000000001
68412,T2a,5995.900000000001
63673,Tm3,5995.900000000001
37000,Mi1,5995.900000000001
92229,T4c,5995.900000000001
17266,LC4,5996.0
20282,LC4,5996.0
40958,Mi1,5996.0
80913,T4a,5996.0
81401,T4b,5996.0
101878,T4a,5996.0
109384,T4d,5996.0
121170,Tm3,5996.1
108325,T4c,5996.1
100488,T4c,5996.1
83718,Tm3,5996.1
79483,Tm3,5996.1
12521,HST,5996.1
35774,Mi1,5996.1
35572,Mi1,5996.1
21287,LC4,5996.1
38461,Mi1,5996.1
100165,T4b,5996.2
112241,T4b,5996.2
74044,Tm3,5996.2
11921,OA-VPM4,5996.2
65052,T2,5996.2
71164,Mi1,5996.2
31492,Mi1,5996.2
119103,T4c,5996.3
10025,H2,5996.3
10187,OA-VPM3,5996.3
18127,LC4,5996.3
38893,Mi1,5996.3
50552,Mi1,5996.3
62856,T2,5996.3
77344,Tm3,5996.3
125288,Tm3,5996.400000000001
101620,T4b,5996.400000000001
94224,T4b,5996.400000000001
93622,T4c,5996.400000000001
69536,Tm3,5996.400000000001
45696,Mi1,5996.400000000001
106701,T4d,5996.5
104202,T4d,5996.5
107529,T4d,5996.5
10015,HSN,5996.5
112344,T4c,5996.5
102153,T4c,5996.5
110693,Tm3,5996.5
99348,T4c,5996.5
10012,VS,5996.5
84328,T4a,5996.5
37138,Mi1,5996.5
22034,LC4,5996.5
10555,OA-VUMa3,5996.5
10110,OA-VUMa1,5996.5
93482,T4d,5996.5
63825,Tm3,5996.599999999999
92552,T4a,5996.599999999999
97031,T4c,5996.599999999999
37084,Mi1,5996.599999999999
17548,LC4,5996.599999999999
35001,Mi1,5996.599999999999
20542,LC4,5996.700000000001
21313,LC4,5996.700000000001
41626,Mi1,5996.700000000001
69546,Tm3,5996.700000000001
70490,Mi1,5996.700000000001
82976,Tm3,5996.700000000001
108870,T4a,5996.700000000001
108907,T4c,5996.700000000001
525839,Mi1,5996.700000000001
115818,T4a,5996.8
40256,Mi1,5996.8
40026,TmY3,5996.8
45176,Mi1,5996.8
20808,LC4,5996.8
10016,HSE,5996.8
38241,Mi1,5996.8
114088,T4d,5996.9
102425,T4b,5996.9
100282,T4a,5996.9
98575,T4a,5996.9
88398,T4a,5996.9
87424,T4d,5996.9
85152,T4c,5996.9
80812,T4a,5996.9
72665,Mi1,5996.9
61370,T2,5996.9
86416,T4a,5996.9
94282,T4c,5997.0
103827,T4c,5997.0
542412,Mi1,5997.0
83009,T4b,5997.0
10322,OA-AL2i2,5997.0
40577,Mi1,5997.0
10023,HSS,5997.0
61045,TmY3,5997.0
115511,T4d,5997.1
102113,T4b,5997.1
83125,T4b,5997.1
78911,Tm3,5997.1
76886,T2a,5997.1
41637,Mi1,5997.1
39275,Mi1,5997.1
24867,VST1,5997.1
10206,VS,5997.1
48286,Mi1,5997.1
86536,Tm3,5997.2
106950,T4c,5997.2
103765,T4d,5997.2
41120,Mi1,5997.2
39505,Mi1,5997.2
38721,Mi1,5997.2
35770,Mi1,5997.2
34272,Mi1,5997.2
10112,VS,5997.2
104683,T4b,5997.3
96424,T4b,5997.3
93588,T4b,5997.3
93419,T4b,5997.3
88491,T4a,5997.3
72005,Tm3,5997.3
66852,Mi1,5997.3
38238,Mi1,5997.3
20917,LC4,5997.3
800146,TTMn,5997.400000000001
100261,T4c,5997.400000000001
97184,T4d,5997.400000000001
95926,T4a,5997.400000000001
71652,Tm3,5997.400000000001
44564,TmY3,5997.400000000001
67113,Mi1,5997.400000000001
59959,Mi1,5997.400000000001
71161,T2a,5997.400000000001
34300,Mi1,5997.400000000001
10677,OA-AL2i4,5997.400000000001
532850,Tm3,5997.5
111928,T4b,5997.5
104297,T4a,5997.5
102814,T4b,5997.5
98549,T4a,5997.5
93604,T4a,5997.5
39894,T4b,5997.5
102579,T4b,5997.5
84800,Tm3,5997.6
86778,T4a,5997.6
527408,LC4,5997.6
86635,T4c,5997.6
85378,T4a,5997.6
68522,T2a,5997.6
35416,Mi1,5997.6
37631,Mi1,5997.6
36881,Mi1,5997.6
36540,Mi1,5997.6
36410,Mi1,5997.6
34329,Mi1,5997.6
55976,Mi1,5997.6
100838,T4c,5997.7
116343,T4a,5997.7
102519,T4a,5997.7
48531,Mi1,5997.7
38772,Mi1,5997.7
35260,Mi1,5997.7
10284,VS,5997.7
10001,DNp01,5997.7
106886,T4c,5997.8
102909,T4c,5997.8
90097,T4c,5997.8
84759,T2a,5997.8
82674,T4a,5997.8
41613,Mi1,5997.8
38514,Mi1,5997.8
36252,Mi1,5997.8
35428,Mi1,5997.8
43689,Mi1,5997.8
80302,T2a,5997.900000000001
128916,Tm3,5997.900000000001
96035,T4d,5997.900000000001
80911,Tm3,5997.900000000001
62488,T2,5997.900000000001
40936,Mi1,5997.900000000001
35897,Mi1,5997.900000000001
34479,Mi1,5997.900000000001
34057,Mi1,5997.900000000001
21225,LC4,5997.900000000001
16128,LC4,5997.900000000001
151155,T4b,5998.0
120201,T4b,5998.0
95074,T4a,5998.0
92281,T4c,5998.0
40854,Mi1,5998.0
35113,Mi1,5998.0
23792,LC4,5998.0
75510,T4a,5998.0
96107,T4d,5998.099999999999
113414,T4d,5998.099999999999
104722,T4d,5998.099999999999
102572,T4c,5998.099999999999
101245,T4a,5998.099999999999
95736,T4c,5998.099999999999
19420,LC4,5998.099999999999
72148,Tm3,5998.099999999999
71931,Tm3,5998.099999999999
41399,Mi1,5998.099999999999
20016,LC4,5998.099999999999
88084,T4b,5998.099999999999
12109,OA-VUMa2,5998.200000000001
22966,LC4,5998.200000000001
42942,Mi1,5998.200000000001
44222,Mi1,5998.200000000001
78735,T2a,5998.200000000001
85598,T4b,5998.200000000001
88922,T4c,5998.200000000001
109291,T4d,5998.3
64485,T2,5998.3
54087,Mi1,5998.3
35890,Mi1,5998.3
37113,Mi1,5998.3
36646,Mi1,5998.3
38857,Mi1,5998.3
85429,T4d,5998.4
107819,T4c,5998.4
106295,T4b,5998.4
100274,T4a,5998.4
124699,T4b,5998.4
89252,T4b,5998.4
72066,Tm3,5998.4
94289,T4d,5998.4
38502,Tm3,5998.4
30803,LC4,5998.4
29563,LC4,5998.4
19260,LC4,5998.4
16628,LC4,5998.4
10041,OA-VUMa1,5998.4
62894,Tm3,5998.4
286259,OA-ASM1,5998.5
135612,Tm3,5998.5
110040,T4c,5998.5
102229,T4d,5998.5
90520,T4a,5998.5
43334,TmY3,5998.5
35580,Mi1,5998.5
91674,T4a,5998.5
92911,T4c,5998.6
99975,T4c,5998.6
93927,T4a,5998.6
71853,T2a,5998.6
21336,LC4,5998.6
47967,Mi1,5998.6
38987,Mi1,5998.6
37733,TmY3,5998.6
66526,T2,5998.6
10037,VS,5998.7
34933,Mi1,5998.7
63021,Tm3,5998.7
82211,T2a,5998.7
110646,T4b,5998.7
90121,T4b,5998.8
95239,T4a,5998.8
89416,T4c,5998.8
107567,T4c,5998.8
67295,T2,5998.8
35806,Mi1,5998.8
10687,OA-AL2i3,5998.8
81215,Tm3,5998.8
117627,Tm3,5998.9
87090,T2a,5998.9
66538,T2,5998.9
76325,T2a,5998.9
25584,LC4,5998.9
10755,H1,5998.9
41950,Mi1,5998.9
77484,T4d,5999.0
107240,T4b,5999.0
102220,T4a,5999.0
97326,T4c,5999.0
95928,T4c,5999.0
113207,T4d,5999.0
75172,T2a,5999.0
93360,T4b,5999.0
65307,T2,5999.0
60643,Tm3,5999.0
38479,Mi1,5999.0
36177,Mi1,5999.0
33655,Mi1,5999.0
10269,OA-AL2i2,5999.0
74374,T2a,5999.0
107143,T4d,5999.1
106338,T4a,5999.1
93972,T4a,5999.1
93302,T4b,5999.1
90533,T4c,5999.1
76788,T4b,5999.1
36660,Mi1,5999.1
20588,LC4,5999.1
93224,T4a,5999.1
94324,Tm3,5999.2
99671,T4c,5999.2
108594,T4d,5999.2
98625,T4a,5999.2
96394,T4b,5999.2
87827,T2a,5999.2
10799,OA-VUMa4,5999.2
79314,T4b,5999.2
10025,H2,5999.2
83946,T4d,5999.2
73096,T2a,5999.2
40832,Mi1,5999.2
19954,LC4,5999.3
23098,LC4,5999.3
27788,Mi1,5999.3
38687,Mi1,5999.3
40235,Mi1,5999.3
69441,Tm3,5999.3
80080,T2a,5999.3
87937,T4d,5999.3
90888,T4b,5999.3
93025,T4b,5999.3
105403,T4c,5999.3
134372,Tm3,5999.400000000001
68212,T2a,5999.400000000001
63994,Mi1,5999.400000000001
36346,Mi1,5999.400000000001
45319,Mi1,5999.400000000001
35498,Mi1,5999.400000000001
10120,OA-VPM4,5999.5
40219,Mi1,5999.5
57398,Mi1,5999.5
91629,T4a,5999.5
93559,T4d,5999.5
96812,T4a,5999.5
98937,T4a,5999.5
108697,T4d,5999.5
45162,TmY3,5999.6
107906,T4b,5999.6
98312,T4a,5999.6
42594,Mi1,5999.6
17860,LC4,5999.6
11005,OA-VUMa4,5999.6
42691,Mi1,5999.6
537004,VSm,5999.700000000001
109857,T4d,5999.700000000001
102688,T4b,5999.700000000001
98194,T4d,5999.700000000001
89409,T4a,5999.700000000001
95287,T4a,5999.700000000001
37224,Mi1,5999.700000000001
34045,Mi1,5999.700000000001
12896,OA-VUMa5,5999.700000000001
10175,OA-VUMa6,5999.700000000001
10016,HSE,5999.700000000001
58527,TmY3,5999.700000000001
77383,T2a,5999.8
99980,T4c,5999.8
93985,T4c,5999.8
93021,T4a,5999.8
92706,T4a,5999.8
68342,Tm3,5999.8
10015,HSN,5999.8
26112,LC4,5999.8
22194,LC4,5999.8
19634,LC4,5999.8
16138,LC4,5999.8
50333,TmY3,5999.8
67408,Mi1,5999.900000000001
82618,T2a,5999.900000000001
72190,Tm3,5999.900000000001
51122,Mi1,5999.900000000001
103344,T4b,5999.900000000001
35512,Mi1,5999.900000000001
22328,LC4,5999.900000000001
10652,OA-AL2i4,5999.900000000001
35683,Mi1,5999.900000000001
105313,T4a,5999.900000000001
