bodyId,type,t_ms
12109,OA-VUMa2,11.1
53065,Mi1,11.3
10120,OA-VPM4,11.600000000000001
10041,OA-VUMa1,11.799999999999999
287884,OA-VPM3,11.799999999999999
10555,OA-VUMa3,12.100000000000001
10265,OA-AL2i2,12.200000000000001
10825,OA-AL2i3,12.200000000000001
11921,OA-VPM4,12.200000000000001
10185,OA-VUMa8,12.4
10322,OA-AL2i2,12.4
10652,OA-AL2i4,12.4
11602,OA-ASM1,12.4
11608,OA-VUMa2,12.4
286259,OA-ASM1,12.4
11264,OA-ASM1,12.5
10658,OA-AL2i3,12.5
10187,OA-VPM3,12.6
10204,OA-AL2i2,12.6
10011,OA-AL2i1,12.700000000000001
10110,OA-VUMa1,12.700000000000001
10072,OA-AL2i1,12.8
11005,OA-VUMa4,12.9
12688,OA-ASM1,12.9
10677,OA-AL2i4,13.0
10687,OA-AL2i3,13.0
10799,OA-VUMa4,13.1
10080,OA-VUMa3,13.2
10168,OA-VUMa6,13.3
10269,OA-AL2i2,13.5
10175,OA-VUMa6,13.600000000000001
10226,OA-AL2i3,13.600000000000001
12896,OA-VUMa5,13.8
12109,OA-VUMa2,23.200000000000003
10041,OA-VUMa1,23.200000000000003
10658,OA-AL2i3,24.400000000000002
10265,OA-AL2i2,24.7
11608,OA-VUMa2,24.900000000000002
10110,OA-VUMa1,25.1
10185,OA-VUMa8,25.3
11602,OA-ASM1,25.5
287884,OA-VPM3,25.5
10555,OA-VUMa3,25.6
10322,OA-AL2i2,25.8
10652,OA-AL2i4,26.0
11005,OA-VUMa4,26.0
11921,OA-VPM4,26.0
53065,Mi1,26.1
12688,OA-ASM1,26.2
10011,OA-AL2i1,26.3
10168,OA-VUMa6,26.3
10825,OA-AL2i3,26.4
10677,OA-AL2i4,26.4
10687,OA-AL2i3,26.6
12896,OA-VUMa5,26.6
10120,OA-VPM4,26.8
10072,OA-AL2i1,26.9
10187,OA-VPM3,27.0
10204,OA-AL2i2,27.200000000000003
10080,OA-VUMa3,27.4
286259,OA-ASM1,27.4
11264,OA-ASM1,27.8
10799,OA-VUMa4,27.900000000000002
10175,OA-VUMa6,28.3
10226,OA-AL2i3,28.3
10269,OA-AL2i2,29.0
10041,OA-VUMa1,33.9
12109,OA-VUMa2,35.0
10110,OA-VUMa1,36.7
10265,OA-AL2i2,37.00000000000001
10658,OA-AL2i3,37.1
11608,OA-VUMa2,37.1
10185,OA-VUMa8,38.1
10322,OA-AL2i2,38.1
10555,OA-VUMa3,38.400000000000006
287884,OA-VPM3,38.7
11602,OA-ASM1,38.8
10168,OA-VUMa6,38.900000000000006
11005,OA-VUMa4,38.900000000000006
10677,OA-AL2i4,39.300000000000004
12896,OA-VUMa5,39.699999999999996
11921,OA-VPM4,39.900000000000006
12688,OA-ASM1,40.1
10011,OA-AL2i1,40.199999999999996
286259,OA-ASM1,40.400000000000006
10652,OA-AL2i4,40.6
10072,OA-AL2i1,40.800000000000004
10204,OA-AL2i2,40.800000000000004
53065,Mi1,40.800000000000004
10120,OA-VPM4,40.9
11264,OA-ASM1,40.9
10687,OA-AL2i3,41.1
10226,OA-AL2i3,41.300000000000004
10825,OA-AL2i3,41.4
10187,OA-VPM3,41.4
10080,OA-VUMa3,41.800000000000004
10269,OA-AL2i2,41.9
10799,OA-VUMa4,42.0
10175,OA-VUMa6,42.5
10041,OA-VUMa1,44.3
12109,OA-VUMa2,46.6
10110,OA-VUMa1,47.800000000000004
11608,OA-VUMa2,48.0
10265,OA-AL2i2,49.5
10072,OA-AL2i1,49.800000000000004
10658,OA-AL2i3,50.2
10322,OA-AL2i2,50.300000000000004
10185,OA-VUMa8,50.6
12896,OA-VUMa5,51.0
10555,OA-VUMa3,51.1
10168,OA-VUMa6,51.800000000000004
11005,OA-VUMa4,52.2
11602,OA-ASM1,52.3
287884,OA-VPM3,52.50000000000001
12688,OA-ASM1,52.9
10011,OA-AL2i1,53.00000000000001
10677,OA-AL2i4,53.1
10226,OA-AL2i3,53.7
10204,OA-AL2i2,53.8
11264,OA-ASM1,53.900000000000006
10187,OA-VPM3,54.0
10269,OA-AL2i2,54.2
10652,OA-AL2i4,54.2
11921,OA-VPM4,54.400000000000006
10687,OA-AL2i3,54.7
10120,OA-VPM4,54.8
286259,OA-ASM1,54.900000000000006
10175,OA-VUMa6,55.1
10825,OA-AL2i3,55.2
53065,Mi1,55.5
10080,OA-VUMa3,55.5
10041,OA-VUMa1,55.699999999999996
10799,OA-VUMa4,55.699999999999996
10110,OA-VUMa1,58.0
12109,OA-VUMa2,58.800000000000004
11608,OA-VUMa2,59.0
10072,OA-AL2i1,59.2
10322,OA-AL2i2,61.50000000000001
10185,OA-VUMa8,61.6
10658,OA-AL2i3,61.7
10265,OA-AL2i2,62.2
12896,OA-VUMa5,62.3
10168,OA-VUMa6,63.80000000000001
10555,OA-VUMa3,64.2
11005,OA-VUMa4,64.8
11602,OA-ASM1,65.0
12688,OA-ASM1,65.10000000000001
10226,OA-AL2i3,65.3
10011,OA-AL2i1,65.7
287884,OA-VPM3,65.8
10041,OA-VUMa1,66.10000000000001
10269,OA-AL2i2,66.3
10677,OA-AL2i4,66.3
10175,OA-VUMa6,67.3
10652,OA-AL2i4,67.5
10687,OA-AL2i3,67.60000000000001
10120,OA-VPM4,67.60000000000001
10187,OA-VPM3,67.8
10080,OA-VUMa3,68.0
10204,OA-AL2i2,68.0
11264,OA-ASM1,68.0
10110,OA-VUMa1,68.4
10825,OA-AL2i3,68.5
286259,OA-ASM1,68.5
10072,OA-AL2i1,69.3
10799,OA-VUMa4,69.4
11921,OA-VPM4,69.7
53065,Mi1,69.7
12109,OA-VUMa2,70.5
11608,OA-VUMa2,70.8
10185,OA-VUMa8,72.9
10658,OA-AL2i3,73.3
10322,OA-AL2i2,73.50000000000001
12896,OA-VUMa5,73.9
10265,OA-AL2i2,74.5
10168,OA-VUMa6,75.6
11005,OA-VUMa4,76.4
10226,OA-AL2i3,76.7
10041,OA-VUMa1,77.30000000000001
12688,OA-ASM1,78.0
10555,OA-VUMa3,78.2
10011,OA-AL2i1,78.39999999999999
10269,OA-AL2i2,78.80000000000001
10677,OA-AL2i4,78.80000000000001
287884,OA-VPM3,78.89999999999999
10175,OA-VUMa6,79.10000000000001
10072,OA-AL2i1,79.30000000000001
11602,OA-ASM1,79.39999999999999
10687,OA-AL2i3,79.80000000000001
10110,OA-VUMa1,79.89999999999999
11264,OA-ASM1,80.30000000000001
10120,OA-VPM4,80.89999999999999
10652,OA-AL2i4,80.89999999999999
10080,OA-VUMa3,81.2
10204,OA-AL2i2,81.5
10825,OA-AL2i3,81.7
10187,OA-VPM3,81.8
11608,OA-VUMa2,82.2
286259,OA-ASM1,82.5
11921,OA-VPM4,82.9
12109,OA-VUMa2,83.4
10799,OA-VUMa4,83.8
10658,OA-AL2i3,85.10000000000001
10322,OA-AL2i2,85.4
12896,OA-VUMa5,85.5
53065,Mi1,85.60000000000001
10185,OA-VUMa8,85.8
10265,OA-AL2i2,86.9
11005,OA-VUMa4,87.5
10168,OA-VUMa6,88.0
10226,OA-AL2i3,88.1
10041,OA-VUMa1,88.50000000000001
10072,OA-AL2i1,89.00000000000001
10011,OA-AL2i1,89.4
10110,OA-VUMa1,90.7
10175,OA-VUMa6,91.0
10269,OA-AL2i2,91.2
12688,OA-ASM1,91.3
287884,OA-VPM3,91.6
10555,OA-VUMa3,91.7
10677,OA-AL2i4,91.7
10687,OA-AL2i3,92.5
10120,OA-VPM4,92.80000000000001
11602,OA-ASM1,93.1
11264,OA-ASM1,93.2
10204,OA-AL2i2,93.4
10080,OA-VUMa3,94.0
10187,OA-VPM3,94.1
10652,OA-AL2i4,94.1
10825,OA-AL2i3,94.39999999999999
11608,OA-VUMa2,94.39999999999999
12109,OA-VUMa2,95.0
10658,OA-AL2i3,96.30000000000001
286259,OA-ASM1,96.7
10322,OA-AL2i2,96.80000000000001
12896,OA-VUMa5,96.89999999999999
11921,OA-VPM4,97.39999999999999
10799,OA-VUMa4,97.60000000000001
10185,OA-VUMa8,97.8
10265,OA-AL2i2,98.10000000000001
11005,OA-VUMa4,98.8
10041,OA-VUMa1,99.0
10226,OA-AL2i3,99.5
10168,OA-VUMa6,99.8
10072,OA-AL2i1,99.9
53065,Mi1,100.5
10011,OA-AL2i1,100.8
10110,OA-VUMa1,101.4
10175,OA-VUMa6,102.3
10269,OA-AL2i2,102.60000000000001
12688,OA-ASM1,103.60000000000001
10677,OA-AL2i4,104.1
287884,OA-VPM3,104.2
10555,OA-VUMa3,104.6
10687,OA-AL2i3,105.2
11608,OA-VUMa2,105.2
10204,OA-AL2i2,105.8
10652,OA-AL2i4,106.00000000000001
12109,OA-VUMa2,106.2
10120,OA-VPM4,106.8
11602,OA-ASM1,106.9
10080,OA-VUMa3,107.00000000000001
10187,OA-VPM3,107.1
11264,OA-ASM1,107.1
10825,OA-AL2i3,107.2
10658,OA-AL2i3,107.3
12896,OA-VUMa5,108.2
10185,OA-VUMa8,109.2
10322,OA-AL2i2,109.30000000000001
10041,OA-VUMa1,110.0
286259,OA-ASM1,110.4
10226,OA-AL2i3,110.5
10265,OA-AL2i2,110.80000000000001
10799,OA-VUMa4,110.80000000000001
10168,OA-VUMa6,111.0
11921,OA-VPM4,111.10000000000001
11005,OA-VUMa4,111.30000000000001
10011,OA-AL2i1,111.7
10110,OA-VUMa1,111.80000000000001
10072,OA-AL2i1,112.5
10175,OA-VUMa6,114.10000000000001
10269,OA-AL2i2,115.3
53065,Mi1,115.7
11608,OA-VUMa2,116.0
12688,OA-ASM1,116.10000000000001
287884,OA-VPM3,116.60000000000001
10687,OA-AL2i3,117.5
10677,OA-AL2i4,117.60000000000001
10658,OA-AL2i3,117.7
12109,OA-VUMa2,118.0
11602,OA-ASM1,118.5
10555,OA-VUMa3,118.7
10825,OA-AL2i3,118.8
10652,OA-AL2i4,119.2
12896,OA-VUMa5,119.8
10187,OA-VPM3,119.8
10120,OA-VPM4,119.8
10204,OA-AL2i2,119.9
10185,OA-VUMa8,121.1
10322,OA-AL2i2,121.1
11264,OA-ASM1,121.2
10080,OA-VUMa3,121.3
10041,OA-VUMa1,121.7
10168,OA-VUMa6,122.3
10265,OA-AL2i2,122.8
286259,OA-ASM1,122.8
10226,OA-AL2i3,123.1
11005,OA-VUMa4,123.50000000000001
10110,OA-VUMa1,123.80000000000001
10799,OA-VUMa4,124.1
10072,OA-AL2i1,124.80000000000001
11921,OA-VPM4,124.9
10011,OA-AL2i1,125.10000000000001
10175,OA-VUMa6,125.7
10269,OA-AL2i2,126.60000000000001
11608,OA-VUMa2,127.10000000000002
12688,OA-ASM1,128.10000000000002
287884,OA-VPM3,129.1
12109,OA-VUMa2,129.4
10658,OA-AL2i3,129.5
10677,OA-AL2i4,129.70000000000002
10687,OA-AL2i3,130.79999999999998
11602,OA-ASM1,130.9
10652,OA-AL2i4,131.3
12896,OA-VUMa5,131.3
53065,Mi1,131.3
10555,OA-VUMa3,131.70000000000002
10204,OA-AL2i2,132.20000000000002
10041,OA-VUMa1,132.3
10825,OA-AL2i3,132.4
10120,OA-VPM4,133.0
10187,OA-VPM3,133.0
10322,OA-AL2i2,133.1
10168,OA-VUMa6,133.20000000000002
10185,OA-VUMa8,133.70000000000002
11264,OA-ASM1,134.0
10080,OA-VUMa3,134.3
10226,OA-AL2i3,134.3
10110,OA-VUMa1,134.5
10265,OA-AL2i2,135.5
286259,OA-ASM1,136.1
11005,OA-VUMa4,136.20000000000002
10799,OA-VUMa4,136.70000000000002
10175,OA-VUMa6,137.3
10072,OA-AL2i1,138.0
11921,OA-VPM4,138.0
10011,OA-AL2i1,138.20000000000002
11608,OA-VUMa2,138.8
10269,OA-AL2i2,139.8
12688,OA-ASM1,140.6
10658,OA-AL2i3,140.9
10677,OA-AL2i4,141.6
10687,OA-AL2i3,141.6
12109,OA-VUMa2,141.70000000000002
287884,OA-VPM3,142.2
12896,OA-VUMa5,142.7
11602,OA-ASM1,143.7
10041,OA-VUMa1,143.9
10652,OA-AL2i4,144.6
10168,OA-VUMa6,144.9
10322,OA-AL2i2,145.1
10555,OA-VUMa3,145.1
10825,OA-AL2i3,145.8
53065,Mi1,145.9
10204,OA-AL2i2,145.9
10226,OA-AL2i3,146.1
10120,OA-VPM4,146.4
10110,OA-VUMa1,146.50000000000003
10187,OA-VPM3,146.7
10080,OA-VUMa3,147.2
10185,OA-VUMa8,147.2
11005,OA-VUMa4,147.2
10265,OA-AL2i2,148.3
11264,OA-ASM1,148.4
286259,OA-ASM1,149.1
10175,OA-VUMa6,149.3
10072,OA-AL2i1,149.5
11608,OA-VUMa2,149.9
10011,OA-AL2i1,150.1
10799,OA-VUMa4,150.8
11921,OA-VPM4,151.2
10269,OA-AL2i2,151.7
10658,OA-AL2i3,152.4
12688,OA-ASM1,152.7
12109,OA-VUMa2,152.8
10677,OA-AL2i4,153.7
10687,OA-AL2i3,153.8
10041,OA-VUMa1,154.5
12896,OA-VUMa5,155.10000000000002
287884,OA-VPM3,155.7
11602,OA-ASM1,156.0
10652,OA-AL2i4,156.0
10168,OA-VUMa6,156.10000000000002
10226,OA-AL2i3,157.0
10322,OA-AL2i2,157.0
10110,OA-VUMa1,157.9
10825,OA-AL2i3,158.5
10120,OA-VPM4,158.70000000000002
10072,OA-AL2i1,158.9
10555,OA-VUMa3,159.10000000000002
10204,OA-AL2i2,159.10000000000002
10187,OA-VPM3,159.60000000000002
11005,OA-VUMa4,159.70000000000002
10185,OA-VUMa8,160.29999999999998
10175,OA-VUMa6,160.5
53065,Mi1,160.60000000000002
10265,OA-AL2i2,160.70000000000002
10011,OA-AL2i1,161.60000000000002
10080,OA-VUMa3,161.60000000000002
11608,OA-VUMa2,161.60000000000002
11264,OA-ASM1,162.1
286259,OA-ASM1,162.79999999999998
10658,OA-AL2i3,163.70000000000002
10799,OA-VUMa4,163.9
12109,OA-VUMa2,163.9
12688,OA-ASM1,164.5
10041,OA-VUMa1,164.70000000000002
10269,OA-AL2i2,164.9
10677,OA-AL2i4,165.70000000000002
11921,OA-VPM4,165.70000000000002
10687,OA-AL2i3,165.9
12896,OA-VUMa5,166.20000000000002
287884,OA-VPM3,167.70000000000002
10072,OA-AL2i1,168.1
10110,OA-VUMa1,168.20000000000002
10226,OA-AL2i3,168.20000000000002
10168,OA-VUMa6,168.70000000000002
10652,OA-AL2i4,168.8
11602,OA-ASM1,169.0
10322,OA-AL2i2,169.70000000000002
10120,OA-VPM4,170.70000000000002
11005,OA-VUMa4,171.0
10825,OA-AL2i3,171.20000000000002
10204,OA-AL2i2,171.70000000000002
10555,OA-VUMa3,171.8
10175,OA-VUMa6,172.20000000000002
10187,OA-VPM3,172.8
10011,OA-AL2i1,173.1
10185,OA-VUMa8,173.1
11608,OA-VUMa2,173.20000000000002
10265,OA-AL2i2,173.4
11264,OA-ASM1,173.8
12109,OA-VUMa2,174.1
10658,OA-AL2i3,174.3
10080,OA-VUMa3,175.2
53065,Mi1,175.4
10041,OA-VUMa1,175.8
10799,OA-VUMa4,176.0
10072,OA-AL2i1,177.00000000000003
12896,OA-VUMa5,177.00000000000003
10269,OA-AL2i2,177.3
12688,OA-ASM1,177.4
286259,OA-ASM1,177.6
10687,OA-AL2i3,178.8
11921,OA-VPM4,178.8
10110,OA-VUMa1,179.00000000000003
10677,OA-AL2i4,179.00000000000003
10226,OA-AL2i3,179.7
287884,OA-VPM3,180.1
10652,OA-AL2i4,180.7
10168,OA-VUMa6,181.00000000000003
10322,OA-AL2i2,181.2
11602,OA-ASM1,181.7
11005,OA-VUMa4,182.3
10120,OA-VPM4,183.4
10175,OA-VUMa6,183.4
10011,OA-AL2i1,184.2
10825,OA-AL2i3,184.2
11608,OA-VUMa2,184.2
10187,OA-VPM3,184.8
10658,OA-AL2i3,185.10000000000002
10204,OA-AL2i2,185.3
10185,OA-VUMa8,185.8
10555,OA-VUMa3,186.0
10265,OA-AL2i2,186.2
12109,OA-VUMa2,186.4
11264,OA-ASM1,186.5
10072,OA-AL2i1,187.0
10041,OA-VUMa1,187.4
12896,OA-VUMa5,188.60000000000002
10080,OA-VUMa3,188.9
10799,OA-VUMa4,189.60000000000002
53065,Mi1,190.0
10269,OA-AL2i2,190.10000000000002
10110,OA-VUMa1,190.29999999999998
12688,OA-ASM1,190.79999999999998
10226,OA-AL2i3,191.10000000000002
10687,OA-AL2i3,191.70000000000002
286259,OA-ASM1,191.79999999999998
10677,OA-AL2i4,191.9
11921,OA-VPM4,192.20000000000002
10652,OA-AL2i4,192.4
10168,OA-VUMa6,192.60000000000002
10322,OA-AL2i2,193.0
287884,OA-VPM3,193.29999999999998
11005,OA-VUMa4,194.20000000000002
10175,OA-VUMa6,194.60000000000002
11602,OA-ASM1,195.1
11608,OA-VUMa2,195.20000000000002
10011,OA-AL2i1,196.1
10120,OA-VPM4,196.3
10658,OA-AL2i3,196.6
10825,OA-AL2i3,196.6
10072,OA-AL2i1,196.8
10185,OA-VUMa8,197.8
10187,OA-VPM3,198.0
12109,OA-VUMa2,198.1
10265,OA-AL2i2,198.4
10041,OA-VUMa1,198.70000000000002
10204,OA-AL2i2,199.0
10555,OA-VUMa3,199.0
12896,OA-VUMa5,199.9
11264,OA-ASM1,200.1
10110,OA-VUMa1,201.3
10226,OA-AL2i3,201.6
10799,OA-VUMa4,202.5
10269,OA-AL2i2,202.70000000000002
10080,OA-VUMa3,202.8
10168,OA-VUMa6,202.8
12688,OA-ASM1,203.0
10677,OA-AL2i4,204.4
10687,OA-AL2i3,204.5
53065,Mi1,204.70000000000002
10322,OA-AL2i2,205.6
286259,OA-ASM1,205.70000000000002
10652,OA-AL2i4,205.9
11005,OA-VUMa4,206.0
10072,OA-AL2i1,206.20000000000002
11921,OA-VPM4,206.5
10011,OA-AL2i1,206.6
10175,OA-VUMa6,206.70000000000002
287884,OA-VPM3,206.70000000000002
10120,OA-VPM4,208.0
10658,OA-AL2i3,208.0
11608,OA-VUMa2,208.3
10825,OA-AL2i3,208.50000000000003
11602,OA-ASM1,209.2
10041,OA-VUMa1,209.50000000000003
12109,OA-VUMa2,210.00000000000003
10185,OA-VUMa8,210.4
10265,OA-AL2i2,210.7
10187,OA-VPM3,211.6
10204,OA-AL2i2,211.9
11264,OA-ASM1,212.1
10110,OA-VUMa1,212.2
12896,OA-VUMa5,212.6
10226,OA-AL2i3,212.8
10555,OA-VUMa3,213.2
10168,OA-VUMa6,214.6
10269,OA-AL2i2,214.7
10799,OA-VUMa4,215.4
10080,OA-VUMa3,215.7
12688,OA-ASM1,216.0
10687,OA-AL2i3,216.2
10677,OA-AL2i4,216.4
11005,OA-VUMa4,217.60000000000002
10072,OA-AL2i1,217.8
10175,OA-VUMa6,218.5
10322,OA-AL2i2,218.8
10658,OA-AL2i3,219.0
10011,OA-AL2i1,219.2
11921,OA-VPM4,219.5
10652,OA-AL2i4,219.60000000000002
11608,OA-VUMa2,219.7
287884,OA-VPM3,219.8
53065,Mi1,219.9
286259,OA-ASM1,219.9
10041,OA-VUMa1,221.3
10825,OA-AL2i3,221.4
11602,OA-ASM1,221.60000000000002
12109,OA-VUMa2,221.60000000000002
10120,OA-VPM4,221.70000000000002
10185,OA-VUMa8,222.70000000000002
10265,OA-AL2i2,223.20000000000002
10110,OA-VUMa1,223.5
12896,OA-VUMa5,223.9
10226,OA-AL2i3,224.10000000000002
11264,OA-ASM1,224.70000000000002
10204,OA-AL2i2,224.79999999999998
10187,OA-VPM3,225.5
10555,OA-VUMa3,226.20000000000002
10168,OA-VUMa6,226.60000000000002
10269,OA-AL2i2,227.60000000000002
10687,OA-AL2i3,228.1
10677,OA-AL2i4,228.70000000000002
10799,OA-VUMa4,228.70000000000002
10080,OA-VUMa3,228.9
12688,OA-ASM1,229.0
11005,OA-VUMa4,229.5
10175,OA-VUMa6,230.4
11608,OA-VUMa2,230.6
10011,OA-AL2i1,230.70000000000002
10072,OA-AL2i1,230.9
10322,OA-AL2i2,231.3
10658,OA-AL2i3,231.5
287884,OA-VPM3,231.6
12109,OA-VUMa2,232.9
10041,OA-VUMa1,233.0
10652,OA-AL2i4,233.4
286259,OA-ASM1,233.6
10120,OA-VPM4,234.0
11921,OA-VPM4,234.1
53065,Mi1,234.20000000000002
12896,OA-VUMa5,234.6
10110,OA-VUMa1,234.8
10185,OA-VUMa8,235.20000000000002
11602,OA-ASM1,235.4
10825,OA-AL2i3,235.6
10265,OA-AL2i2,236.0
10226,OA-AL2i3,236.9
11264,OA-ASM1,237.4
10168,OA-VUMa6,237.8
10204,OA-AL2i2,238.4
10187,OA-VPM3,238.6
10555,OA-VUMa3,238.8
10269,OA-AL2i2,239.4
10687,OA-AL2i3,239.9
11005,OA-VUMa4,241.2
11608,OA-VUMa2,241.4
10080,OA-VUMa3,241.6
12688,OA-ASM1,241.9
10799,OA-VUMa4,242.2
10677,OA-AL2i4,242.3
10011,OA-AL2i1,242.7
10175,OA-VUMa6,242.7
10072,OA-AL2i1,243.1
10041,OA-VUMa1,243.1
10322,OA-AL2i2,243.3
10658,OA-AL2i3,243.50000000000003
12109,OA-VUMa2,244.50000000000003
287884,OA-VPM3,245.00000000000003
10120,OA-VPM4,246.00000000000003
10652,OA-AL2i4,246.00000000000003
12896,OA-VUMa5,246.7
10185,OA-VUMa8,247.2
10110,OA-VUMa1,247.3
10265,OA-AL2i2,247.9
11921,OA-VPM4,248.0
286259,OA-ASM1,248.0
10226,OA-AL2i3,248.10000000000002
10825,OA-AL2i3,248.5
11602,OA-ASM1,248.60000000000002
53065,Mi1,249.0
10168,OA-VUMa6,249.10000000000002
10187,OA-VPM3,250.1
10269,OA-AL2i2,250.5
11264,OA-ASM1,250.70000000000002
10687,OA-AL2i3,251.0
10204,OA-AL2i2,251.20000000000002
10555,OA-VUMa3,251.6
10072,OA-AL2i1,252.6
11005,OA-VUMa4,252.8
11608,OA-VUMa2,253.70000000000005
10041,OA-VUMa1,253.8
10080,OA-VUMa3,254.20000000000005
10011,OA-AL2i1,254.70000000000005
12688,OA-ASM1,254.70000000000005
10322,OA-AL2i2,255.3
10175,OA-VUMa6,255.4
10658,OA-AL2i3,255.4
10677,OA-AL2i4,256.0
12109,OA-VUMa2,256.40000000000003
10799,OA-VUMa4,256.5
12896,OA-VUMa5,258.2
287884,OA-VPM3,258.59999999999997
10185,OA-VUMa8,258.7
10120,OA-VPM4,258.8
10110,OA-VUMa1,259.09999999999997
10226,OA-AL2i3,259.59999999999997
10265,OA-AL2i2,259.90000000000003
10652,OA-AL2i4,260.40000000000003
10168,OA-VUMa6,261.0
11602,OA-ASM1,261.0
10825,OA-AL2i3,261.5
286259,OA-ASM1,262.0
11921,OA-VPM4,262.40000000000003
10187,OA-VPM3,262.6
10687,OA-AL2i3,263.1
10072,OA-AL2i1,263.40000000000003
11264,OA-ASM1,263.40000000000003
10041,OA-VUMa1,263.6
53065,Mi1,263.8
10269,OA-AL2i2,263.90000000000003
10555,OA-VUMa3,264.2
10204,OA-AL2i2,264.6
11005,OA-VUMa4,264.90000000000003
10011,OA-AL2i1,265.5
11608,OA-VUMa2,265.6
10658,OA-AL2i3,266.5
12109,OA-VUMa2,267.2
12688,OA-ASM1,267.5
10080,OA-VUMa3,267.7
10322,OA-AL2i2,267.7
10175,OA-VUMa6,268.3
10677,OA-AL2i4,268.7
10799,OA-VUMa4,269.90000000000003
12896,OA-VUMa5,270.0
10120,OA-VPM4,270.7
10110,OA-VUMa1,271.1
10185,OA-VUMa8,271.29999999999995
10226,OA-AL2i3,271.40000000000003
287884,OA-VPM3,271.6
10265,OA-AL2i2,272.7
10168,OA-VUMa6,273.1
10072,OA-AL2i1,273.29999999999995
10825,OA-AL2i3,273.5
11602,OA-ASM1,273.6
10652,OA-AL2i4,274.0
10041,OA-VUMa1,274.6
10187,OA-VPM3,274.90000000000003
10687,OA-AL2i3,275.40000000000003
10269,OA-AL2i2,276.1
11005,OA-VUMa4,276.2
11921,OA-VPM4,276.40000000000003
286259,OA-ASM1,276.5
11264,OA-ASM1,276.90000000000003
10011,OA-AL2i1,277.2
11608,OA-VUMa2,277.5
10658,OA-AL2i3,277.8
10204,OA-AL2i2,278.1
53065,Mi1,278.40000000000003
12109,OA-VUMa2,278.7
10555,OA-VUMa3,278.7
10322,OA-AL2i2,278.90000000000003
10175,OA-VUMa6,280.40000000000003
10080,OA-VUMa3,280.7
12688,OA-ASM1,281.3
10677,OA-AL2i4,281.5
12896,OA-VUMa5,281.5
10799,OA-VUMa4,281.8
10185,OA-VUMa8,282.6
10072,OA-AL2i1,283.0
10110,OA-VUMa1,283.6
10120,OA-VPM4,283.6
10168,OA-VUMa6,283.8
10226,OA-AL2i3,284.2
10265,OA-AL2i2,285.2
10041,OA-VUMa1,285.3
287884,OA-VPM3,285.3
10825,OA-AL2i3,285.4
10652,OA-AL2i4,285.9
11602,OA-ASM1,286.2
10187,OA-VPM3,287.1
10687,OA-AL2i3,287.4
10269,OA-AL2i2,288.0
11005,OA-VUMa4,288.8
10658,OA-AL2i3,289.00000000000006
11608,OA-VUMa2,289.3
10011,OA-AL2i1,289.9
286259,OA-ASM1,290.3
11921,OA-VPM4,290.50000000000006
12109,OA-VUMa2,290.50000000000006
10322,OA-AL2i2,290.7
11264,OA-ASM1,291.2
10175,OA-VUMa6,291.7
10204,OA-AL2i2,291.7
10555,OA-VUMa3,291.9
10080,OA-VUMa3,292.2
53065,Mi1,292.4
12896,OA-VUMa5,292.6
10072,OA-AL2i1,293.4
10677,OA-AL2i4,294.00000000000006
10185,OA-VUMa8,294.4
10799,OA-VUMa4,295.2
12688,OA-ASM1,295.2
10120,OA-VPM4,295.3
10168,OA-VUMa6,295.7
10226,OA-AL2i3,295.8
10110,OA-VUMa1,296.50000000000006
10265,OA-AL2i2,296.6
10041,OA-VUMa1,297.2
10825,OA-AL2i3,297.7
11602,OA-ASM1,297.9
10652,OA-AL2i4,298.5
10187,OA-VPM3,300.1
10687,OA-AL2i3,300.4
10269,OA-AL2i2,300.5
11608,OA-VUMa2,300.6
11005,OA-VUMa4,300.7
287884,OA-VPM3,300.7
10658,OA-AL2i3,301.1
10011,OA-AL2i1,301.4
10322,OA-AL2i2,302.70000000000005
12109,OA-VUMa2,302.8
10175,OA-VUMa6,303.3
286259,OA-ASM1,303.5
10072,OA-AL2i1,303.6
12896,OA-VUMa5,303.8
11264,OA-ASM1,304.1
11921,OA-VPM4,304.9
10555,OA-VUMa3,305.1
10080,OA-VUMa3,305.20000000000005
10204,OA-AL2i2,305.9
10185,OA-VUMa8,306.20000000000005
10677,OA-AL2i4,306.3
10226,OA-AL2i3,306.6
10110,OA-VUMa1,306.70000000000005
10168,OA-VUMa6,307.3
10120,OA-VPM4,307.6
10799,OA-VUMa4,307.8
53065,Mi1,308.1
12688,OA-ASM1,308.1
10041,OA-VUMa1,308.3
10265,OA-AL2i2,309.3
10825,OA-AL2i3,310.20000000000005
11602,OA-ASM1,310.8
10652,OA-AL2i4,311.5
11608,OA-VUMa2,311.5
10687,OA-AL2i3,312.20000000000005
10658,OA-AL2i3,312.3
10187,OA-VPM3,312.3
11005,OA-VUMa4,312.59999999999997
10072,OA-AL2i1,312.9
10269,OA-AL2i2,313.5
10322,OA-AL2i2,313.8
10011,OA-AL2i1,313.90000000000003
12109,OA-VUMa2,313.90000000000003
287884,OA-VPM3,314.40000000000003
10175,OA-VUMa6,315.20000000000005
12896,OA-VUMa5,316.3
10110,OA-VUMa1,317.40000000000003
10204,OA-AL2i2,317.40000000000003
286259,OA-ASM1,317.5
10226,OA-AL2i3,318.09999999999997
10185,OA-VUMa8,318.5
11264,OA-ASM1,318.5
10080,OA-VUMa3,319.0
10168,OA-VUMa6,319.3
11921,OA-VPM4,319.3
10555,OA-VUMa3,319.40000000000003
10041,OA-VUMa1,319.5
10120,OA-VPM4,319.5
10799,OA-VUMa4,320.0
12688,OA-ASM1,320.40000000000003
10677,OA-AL2i4,320.5
10265,OA-AL2i2,321.90000000000003
10825,OA-AL2i3,322.8
11608,OA-VUMa2,323.20000000000005
53065,Mi1,323.3
10652,OA-AL2i4,323.90000000000003
11602,OA-ASM1,323.90000000000003
10187,OA-VPM3,324.0
11005,OA-VUMa4,324.09999999999997
10687,OA-AL2i3,324.3
10658,OA-AL2i3,324.7
12109,OA-VUMa2,324.8
10072,OA-AL2i1,325.59999999999997
10011,OA-AL2i1,326.6
10175,OA-VUMa6,326.8
10269,OA-AL2i2,326.8
10322,OA-AL2i2,327.3
12896,OA-VUMa5,327.40000000000003
10110,OA-VUMa1,328.5
287884,OA-VPM3,329.0
10204,OA-AL2i2,329.90000000000003
10226,OA-AL2i3,330.8
10168,OA-VUMa6,330.90000000000003
10185,OA-VUMa8,330.90000000000003
286259,OA-ASM1,330.90000000000003
10041,OA-VUMa1,331.2
11264,OA-ASM1,331.40000000000003
10120,OA-VPM4,331.6
11921,OA-VPM4,332.0
10080,OA-VUMa3,332.1
10555,OA-VUMa3,332.90000000000003
12688,OA-ASM1,333.2
10265,OA-AL2i2,333.8
10799,OA-VUMa4,334.6
10677,OA-AL2i4,334.8
11608,OA-VUMa2,334.90000000000003
10825,OA-AL2i3,335.1
10652,OA-AL2i4,335.90000000000003
11005,OA-VUMa4,336.40000000000003
11602,OA-ASM1,336.7
12109,OA-VUMa2,337.1
10658,OA-AL2i3,337.29999999999995
10187,OA-VPM3,337.40000000000003
10072,OA-AL2i1,337.6
10687,OA-AL2i3,337.6
53065,Mi1,337.79999999999995
10175,OA-VUMa6,338.40000000000003
12896,OA-VUMa5,338.40000000000003
10011,OA-AL2i1,338.5
10110,OA-VUMa1,339.0
10269,OA-AL2i2,339.90000000000003
10322,OA-AL2i2,340.1
10041,OA-VUMa1,341.8
10168,OA-VUMa6,341.90000000000003
287884,OA-VPM3,342.1
10226,OA-AL2i3,342.3
10204,OA-AL2i2,343.1
10120,OA-VPM4,343.8
10185,OA-VUMa8,343.8
11264,OA-ASM1,344.0
286259,OA-ASM1,344.6
11608,OA-VUMa2,345.6
11921,OA-VPM4,345.8
10080,OA-VUMa3,346.0
10265,OA-AL2i2,346.40000000000003
10825,OA-AL2i3,346.7
10555,OA-VUMa3,346.8
12688,OA-ASM1,346.8
10677,OA-AL2i4,347.2
12109,OA-VUMa2,347.6
10799,OA-VUMa4,347.8
10652,OA-AL2i4,348.1
11005,OA-VUMa4,348.5
10658,OA-AL2i3,349.1
11602,OA-ASM1,349.6
10687,OA-AL2i3,349.90000000000003
12896,OA-VUMa5,349.90000000000003
10110,OA-VUMa1,350.2
10175,OA-VUMa6,350.3
10072,OA-AL2i1,350.7
10011,OA-AL2i1,350.7
10187,OA-VPM3,351.0
53065,Mi1,351.9
10041,OA-VUMa1,352.4
10269,OA-AL2i2,352.9
10322,OA-AL2i2,352.9
10226,OA-AL2i3,353.3
10168,OA-VUMa6,353.50000000000006
10120,OA-VPM4,355.2
287884,OA-VPM3,355.8
10204,OA-AL2i2,356.2
10185,OA-VUMa8,356.3
11608,OA-VUMa2,356.4
11264,OA-ASM1,357.9
12109,OA-VUMa2,358.8
10080,OA-VUMa3,359.2
286259,OA-ASM1,359.2
10265,OA-AL2i2,359.3
10825,OA-AL2i3,359.7
10677,OA-AL2i4,359.8
10555,OA-VUMa3,360.50000000000006
11921,OA-VPM4,360.50000000000006
12688,OA-ASM1,360.6
10652,OA-AL2i4,360.9
10110,OA-VUMa1,361.2
10799,OA-VUMa4,361.2
12896,OA-VUMa5,361.3
10072,OA-AL2i1,361.3
10658,OA-AL2i3,361.4
11005,OA-VUMa4,361.6
10687,OA-AL2i3,361.8
10175,OA-VUMa6,362.1
10011,OA-AL2i1,362.4
10187,OA-VPM3,362.6
11602,OA-ASM1,362.6
10041,OA-VUMa1,363.3
10322,OA-AL2i2,364.4
10226,OA-AL2i3,364.9
10269,OA-AL2i2,365.0
10168,OA-VUMa6,365.5
53065,Mi1,366.9
10120,OA-VPM4,367.70000000000005
10185,OA-VUMa8,368.3
11608,OA-VUMa2,368.6
287884,OA-VPM3,369.1
10204,OA-AL2i2,369.9
12109,OA-VUMa2,370.4
10825,OA-AL2i3,371.20000000000005
11264,OA-ASM1,371.6
10265,OA-AL2i2,371.9
12896,OA-VUMa5,372.0
10110,OA-VUMa1,373.0
10652,OA-AL2i4,373.3
10041,OA-VUMa1,373.4
10799,OA-VUMa4,373.4
286259,OA-ASM1,373.4
10080,OA-VUMa3,373.6
10175,OA-VUMa6,373.6
10677,OA-AL2i4,373.6
11005,OA-VUMa4,374.0
12688,OA-ASM1,374.0
10658,OA-AL2i3,374.20000000000005
10687,OA-AL2i3,374.3
10555,OA-VUMa3,374.4
11921,OA-VPM4,374.6
10072,OA-AL2i1,375.20000000000005
10011,OA-AL2i1,375.3
10187,OA-VPM3,375.4
11602,OA-ASM1,375.9
10322,OA-AL2i2,376.4
10168,OA-VUMa6,376.8
10226,OA-AL2i3,376.9
10269,OA-AL2i2,377.59999999999997
10120,OA-VPM4,379.20000000000005
10185,OA-VUMa8,380.09999999999997
11608,OA-VUMa2,380.59999999999997
53065,Mi1,381.40000000000003
10204,OA-AL2i2,382.3
12109,OA-VUMa2,382.5
287884,OA-VPM3,382.70000000000005
10825,OA-AL2i3,383.59999999999997
11264,OA-ASM1,383.70000000000005
10110,OA-VUMa1,384.0
12896,OA-VUMa5,384.0
10175,OA-VUMa6,384.70000000000005
10265,OA-AL2i2,385.0
10041,OA-VUMa1,385.59999999999997
10658,OA-AL2i3,385.70000000000005
10080,OA-VUMa3,386.59999999999997
10799,OA-VUMa4,386.8
11005,OA-VUMa4,387.0
10652,OA-AL2i4,387.20000000000005
12688,OA-ASM1,387.40000000000003
10677,OA-AL2i4,387.5
10687,OA-AL2i3,387.5
10226,OA-AL2i3,387.8
10072,OA-AL2i1,387.90000000000003
10011,OA-AL2i1,388.0
286259,OA-ASM1,388.40000000000003
10168,OA-VUMa6,388.59999999999997
10322,OA-AL2i2,388.59999999999997
10187,OA-VPM3,388.70000000000005
10555,OA-VUMa3,389.0
11602,OA-ASM1,389.0
11921,OA-VPM4,389.09999999999997
10269,OA-AL2i2,389.5
10120,OA-VPM4,391.3
11608,OA-VUMa2,391.7
10185,OA-VUMa8,392.2
12109,OA-VUMa2,394.8
10825,OA-AL2i3,394.90000000000003
287884,OA-VPM3,394.90000000000003
10110,OA-VUMa1,395.1
10204,OA-AL2i2,395.40000000000003
10175,OA-VUMa6,396.0
12896,OA-VUMa5,396.6
53065,Mi1,396.6
10041,OA-VUMa1,397.0
11264,OA-ASM1,397.1
10658,OA-AL2i3,397.3
10265,OA-AL2i2,397.8
11005,OA-VUMa4,398.8
10226,OA-AL2i3,399.2
10080,OA-VUMa3,399.3
10687,OA-AL2i3,400.3
12688,OA-ASM1,400.3
10677,OA-AL2i4,400.40000000000003
10168,OA-VUMa6,400.5
10652,OA-AL2i4,401.2
10011,OA-AL2i1,401.3
10187,OA-VPM3,401.5
10799,OA-VUMa4,401.6
10072,OA-AL2i1,401.7
10322,OA-AL2i2,401.90000000000003
10269,OA-AL2i2,402.3
10120,OA-VPM4,402.7
11608,OA-VUMa2,402.8
10555,OA-VUMa3,402.90000000000003
11602,OA-ASM1,402.90000000000003
286259,OA-ASM1,403.0
11921,OA-VPM4,403.0
10185,OA-VUMa8,404.7
12109,OA-VUMa2,405.7
10110,OA-VUMa1,405.8
10825,OA-AL2i3,407.6
10041,OA-VUMa1,407.90000000000003
287884,OA-VPM3,407.90000000000003
10175,OA-VUMa6,408.1
10204,OA-AL2i2,408.2
10658,OA-AL2i3,408.6
12896,OA-VUMa5,408.8
11264,OA-ASM1,409.90000000000003
10265,OA-AL2i2,410.6
11005,OA-VUMa4,410.6
10226,OA-AL2i3,411.1
10080,OA-VUMa3,411.6
10168,OA-VUMa6,411.6
53065,Mi1,411.7
12688,OA-ASM1,412.3
10072,OA-AL2i1,412.6
10011,OA-AL2i1,412.7
11608,OA-VUMa2,413.3
10187,OA-VPM3,413.40000000000003
10687,OA-AL2i3,413.40000000000003
10322,OA-AL2i2,413.7
10677,OA-AL2i4,415.1
10799,OA-VUMa4,415.3
10652,OA-AL2i4,415.3
10269,OA-AL2i2,415.40000000000003
11602,OA-ASM1,415.8
10555,OA-VUMa3,416.1
10185,OA-VUMa8,416.3
10120,OA-VPM4,416.6
10110,OA-VUMa1,416.7
11921,OA-VPM4,417.2
12109,OA-VUMa2,417.3
286259,OA-ASM1,417.3
10041,OA-VUMa1,418.50000000000006
10175,OA-VUMa6,419.7
12896,OA-VUMa5,419.7
10825,OA-AL2i3,419.9
287884,OA-VPM3,420.8
10658,OA-AL2i3,421.2
10204,OA-AL2i2,421.3
10072,OA-AL2i1,422.1
10168,OA-VUMa6,422.50000000000006
11005,OA-VUMa4,422.50000000000006
10265,OA-AL2i2,422.8
10226,OA-AL2i3,423.1
10080,OA-VUMa3,423.6
10011,OA-AL2i1,423.9
11264,OA-ASM1,424.00000000000006
11608,OA-VUMa2,424.1
10687,OA-AL2i3,425.1
12688,OA-ASM1,425.6
10187,OA-VPM3,425.7
10322,OA-AL2i2,426.2
53065,Mi1,426.4
10269,OA-AL2i2,427.9
10677,OA-AL2i4,427.9
10185,OA-VUMa8,428.00000000000006
10652,OA-AL2i4,428.3
10120,OA-VPM4,428.50000000000006
12109,OA-VUMa2,428.6
10799,OA-VUMa4,428.7
11602,OA-ASM1,428.9
10110,OA-VUMa1,429.00000000000006
10555,OA-VUMa3,430.0
10041,OA-VUMa1,430.6
12896,OA-VUMa5,430.70000000000005
10175,OA-VUMa6,431.1
10072,OA-AL2i1,431.20000000000005
286259,OA-ASM1,432.20000000000005
11921,OA-VPM4,432.6
10825,OA-AL2i3,432.70000000000005
10658,OA-AL2i3,433.0
10168,OA-VUMa6,433.70000000000005
11005,OA-VUMa4,433.8
287884,OA-VPM3,433.9
10204,OA-AL2i2,434.1
10226,OA-AL2i3,435.8
10011,OA-AL2i1,436.20000000000005
10265,OA-AL2i2,436.3
11608,OA-VUMa2,436.3
11264,OA-ASM1,436.9
10322,OA-AL2i2,437.5
10080,OA-VUMa3,437.8
12688,OA-ASM1,437.8
10687,OA-AL2i3,437.9
10187,OA-VPM3,438.0
10120,OA-VPM4,439.8
10185,OA-VUMa8,440.1
12109,OA-VUMa2,440.1
10110,OA-VUMa1,440.4
11602,OA-ASM1,440.6
10269,OA-AL2i2,440.6
10072,OA-AL2i1,440.70000000000005
53065,Mi1,440.70000000000005
10677,OA-AL2i4,440.9
12896,OA-VUMa5,441.4
10652,OA-AL2i4,441.5
10799,OA-VUMa4,442.1
10041,OA-VUMa1,442.5
10175,OA-VUMa6,442.70000000000005
10555,OA-VUMa3,443.59999999999997
10658,OA-AL2i3,444.5
10168,OA-VUMa6,445.0
10825,OA-AL2i3,445.09999999999997
11005,OA-VUMa4,445.59999999999997
286259,OA-ASM1,445.70000000000005
11921,OA-VPM4,446.20000000000005
287884,OA-VPM3,446.70000000000005
10204,OA-AL2i2,446.8
10226,OA-AL2i3,446.90000000000003
10011,OA-AL2i1,447.0
11608,OA-VUMa2,447.40000000000003
10265,OA-AL2i2,448.8
10322,OA-AL2i2,448.90000000000003
10687,OA-AL2i3,450.0
11264,OA-ASM1,450.3
10072,OA-AL2i1,450.70000000000005
10080,OA-VUMa3,450.8
10187,OA-VPM3,450.8
12688,OA-ASM1,451.0
10185,OA-VUMa8,451.09999999999997
12109,OA-VUMa2,451.59999999999997
10110,OA-VUMa1,451.90000000000003
10120,OA-VPM4,452.3
11602,OA-ASM1,452.5
10652,OA-AL2i4,453.20000000000005
10269,OA-AL2i2,453.40000000000003
10041,OA-VUMa1,453.59999999999997
10677,OA-AL2i4,454.0
12896,OA-VUMa5,454.09999999999997
53065,Mi1,454.09999999999997
10175,OA-VUMa6,454.20000000000005
10658,OA-AL2i3,456.0
10555,OA-VUMa3,456.1
10799,OA-VUMa4,456.1
10168,OA-VUMa6,456.8
10825,OA-AL2i3,457.2
11005,OA-VUMa4,458.1
10226,OA-AL2i3,458.6
11608,OA-VUMa2,459.0
286259,OA-ASM1,459.1
10011,OA-AL2i1,460.0
287884,OA-VPM3,460.40000000000003
10265,OA-AL2i2,460.5
10204,OA-AL2i2,460.5
10072,OA-AL2i1,460.6
10322,OA-AL2i2,460.6
11921,OA-VPM4,460.8
10687,OA-AL2i3,461.7
10187,OA-VPM3,462.6
10110,OA-VUMa1,462.90000000000003
12109,OA-VUMa2,463.40000000000003
11264,OA-ASM1,463.90000000000003
10080,OA-VUMa3,464.2
10041,OA-VUMa1,464.40000000000003
10185,OA-VUMa8,464.6
10120,OA-VPM4,464.90000000000003
12688,OA-ASM1,465.40000000000003
10269,OA-AL2i2,465.6
12896,OA-VUMa5,465.6
11602,OA-ASM1,465.8
10175,OA-VUMa6,466.3
10652,OA-AL2i4,466.5
10658,OA-AL2i3,467.5
10677,OA-AL2i4,467.5
53065,Mi1,467.6
10168,OA-VUMa6,467.90000000000003
10555,OA-VUMa3,468.1
10799,OA-VUMa4,468.6
10825,OA-AL2i3,470.1
11608,OA-VUMa2,470.2
11005,OA-VUMa4,470.40000000000003
10226,OA-AL2i3,470.8
10072,OA-AL2i1,470.90000000000003
10011,OA-AL2i1,471.2
10322,OA-AL2i2,472.90000000000003
287884,OA-VPM3,472.90000000000003
10110,OA-VUMa1,473.0
10265,OA-AL2i2,473.6
10204,OA-AL2i2,474.1
286259,OA-ASM1,474.1
10687,OA-AL2i3,474.3
10187,OA-VPM3,475.0
11921,OA-VPM4,475.1
12109,OA-VUMa2,475.1
10041,OA-VUMa1,476.40000000000003
10120,OA-VPM4,476.90000000000003
12896,OA-VUMa5,477.0
11264,OA-ASM1,477.2
10175,OA-VUMa6,477.5
10185,OA-VUMa8,477.6
12688,OA-ASM1,477.8
10080,OA-VUMa3,478.0
10269,OA-AL2i2,478.2
11602,OA-ASM1,479.0
10658,OA-AL2i3,479.2
10168,OA-VUMa6,479.5
10652,OA-AL2i4,480.0
10677,OA-AL2i4,480.6
10555,OA-VUMa3,481.00000000000006
10799,OA-VUMa4,481.90000000000003
53065,Mi1,481.90000000000003
10825,OA-AL2i3,482.3
11608,OA-VUMa2,482.3
11005,OA-VUMa4,482.4
10072,OA-AL2i1,482.6
10226,OA-AL2i3,483.1
10110,OA-VUMa1,483.50000000000006
10011,OA-AL2i1,484.6
10265,OA-AL2i2,485.1
10322,OA-AL2i2,485.6
287884,OA-VPM3,486.2
10687,OA-AL2i3,486.50000000000006
12109,OA-VUMa2,486.8
10041,OA-VUMa1,487.1
10204,OA-AL2i2,487.1
10187,OA-VPM3,487.6
286259,OA-ASM1,487.6
12896,OA-VUMa5,488.7
10120,OA-VPM4,489.6
10185,OA-VUMa8,490.00000000000006
11921,OA-VPM4,490.4
10175,OA-VUMa6,490.7
10080,OA-VUMa3,491.1
10168,OA-VUMa6,491.3
10658,OA-AL2i3,491.4
12688,OA-ASM1,491.4
10269,OA-AL2i2,491.50000000000006
11264,OA-ASM1,491.6
11602,OA-ASM1,492.00000000000006
11608,OA-VUMa2,493.50000000000006
10677,OA-AL2i4,493.50000000000006
10652,OA-AL2i4,493.70000000000005
10825,OA-AL2i3,493.9
10555,OA-VUMa3,494.00000000000006
10799,OA-VUMa4,494.00000000000006
10110,OA-VUMa1,494.6
11005,OA-VUMa4,494.6
10226,OA-AL2i3,495.6
10072,OA-AL2i1,495.6
10011,OA-AL2i1,496.20000000000005
10265,OA-AL2i2,496.9
53065,Mi1,496.9
10041,OA-VUMa1,497.8
10322,OA-AL2i2,497.8
12109,OA-VUMa2,498.5
10687,OA-AL2i3,498.70000000000005
287884,OA-VPM3,498.8
12896,OA-VUMa5,500.2
10204,OA-AL2i2,500.2
10120,OA-VPM4,500.40000000000003
286259,OA-ASM1,501.2
10187,OA-VPM3,501.9
10175,OA-VUMa6,502.09999999999997
10168,OA-VUMa6,502.70000000000005
10185,OA-VUMa8,502.8
10658,OA-AL2i3,503.50000000000006
10080,OA-VUMa3,504.2
10269,OA-AL2i2,504.29999999999995
11921,OA-VPM4,504.40000000000003
12688,OA-ASM1,504.50000000000006
11608,OA-VUMa2,505.0
10110,OA-VUMa1,505.29999999999995
11264,OA-ASM1,505.90000000000003
10652,OA-AL2i4,506.29999999999995
10226,OA-AL2i3,506.40000000000003
11602,OA-ASM1,506.50000000000006
10825,OA-AL2i3,506.70000000000005
10677,OA-AL2i4,506.8
10799,OA-VUMa4,506.8
11005,OA-VUMa4,506.90000000000003
10011,OA-AL2i1,507.4000000000001
10041,OA-VUMa1,507.90000000000003
10555,OA-VUMa3,508.4000000000001
10072,OA-AL2i1,508.50000000000006
10322,OA-AL2i2,509.29999999999995
10265,OA-AL2i2,509.29999999999995
53065,Mi1,510.0
12109,OA-VUMa2,510.29999999999995
10687,OA-AL2i3,510.6
12896,OA-VUMa5,512.3
287884,OA-VPM3,512.4000000000001
10120,OA-VPM4,513.1
10204,OA-AL2i2,514.0
10175,OA-VUMa6,514.0
10168,OA-VUMa6,515.1
10187,OA-VPM3,515.1
10658,OA-AL2i3,515.1
10185,OA-VUMa8,515.5000000000001
286259,OA-ASM1,515.6
10110,OA-VUMa1,516.1
11608,OA-VUMa2,516.1999999999999
10269,OA-AL2i2,516.8000000000001
10080,OA-VUMa3,516.9
12688,OA-ASM1,518.0
10226,OA-AL2i3,518.1
11264,OA-ASM1,518.1
10041,OA-VUMa1,518.9
11921,OA-VPM4,518.9
10652,OA-AL2i4,519.1
11005,OA-VUMa4,519.1999999999999
10825,OA-AL2i3,519.6
10677,OA-AL2i4,520.0
10799,OA-VUMa4,520.1
10011,OA-AL2i1,520.1999999999999
11602,OA-ASM1,520.1999999999999
10072,OA-AL2i1,521.1
10322,OA-AL2i2,521.3
10555,OA-VUMa3,521.6
10265,OA-AL2i2,522.0
10687,OA-AL2i3,522.3
12109,OA-VUMa2,522.3
12896,OA-VUMa5,523.4
287884,OA-VPM3,524.7
53065,Mi1,524.8000000000001
10175,OA-VUMa6,525.1
10204,OA-AL2i2,526.5000000000001
10658,OA-AL2i3,526.5000000000001
10168,OA-VUMa6,526.6
10120,OA-VPM4,526.7
10110,OA-VUMa1,527.2
11608,OA-VUMa2,527.7
10187,OA-VPM3,528.0
10185,OA-VUMa8,528.1
10041,OA-VUMa1,529.0
10269,OA-AL2i2,529.1
286259,OA-ASM1,529.2
10226,OA-AL2i3,529.7
10080,OA-VUMa3,529.8000000000001
12688,OA-ASM1,530.0
11005,OA-VUMa4,530.6
10072,OA-AL2i1,530.9
11264,OA-ASM1,530.9
10825,OA-AL2i3,531.2
10652,OA-AL2i4,531.6
11602,OA-ASM1,532.0
10011,OA-AL2i1,532.9
10677,OA-AL2i4,533.2
10799,OA-VUMa4,533.4
10322,OA-AL2i2,533.5
10265,OA-AL2i2,533.7
10555,OA-VUMa3,533.9
11921,OA-VPM4,534.0
12109,OA-VUMa2,534.1
10687,OA-AL2i3,534.3
12896,OA-VUMa5,536.0
10658,OA-AL2i3,537.0
10175,OA-VUMa6,537.3
287884,OA-VPM3,537.5
10168,OA-VUMa6,538.6
11608,OA-VUMa2,538.6
10110,OA-VUMa1,538.9000000000001
10120,OA-VPM4,539.0
10204,OA-AL2i2,539.8000000000001
53065,Mi1,539.9000000000001
10187,OA-VPM3,540.4
10226,OA-AL2i3,541.0
10185,OA-VUMa8,541.4
10269,OA-AL2i2,541.5
10041,OA-VUMa1,542.1
12688,OA-ASM1,542.4
286259,OA-ASM1,543.1
10080,OA-VUMa3,543.3
10825,OA-AL2i3,543.3
10072,OA-AL2i1,543.5999999999999
10652,OA-AL2i4,544.0
10011,OA-AL2i1,544.2
11005,OA-VUMa4,544.2
11264,OA-ASM1,545.1
11602,OA-ASM1,546.0
10799,OA-VUMa4,546.0
10322,OA-AL2i2,546.0
12109,OA-VUMa2,546.1
10677,OA-AL2i4,546.5
10265,OA-AL2i2,546.9000000000001
10687,OA-AL2i3,547.2
10555,OA-VUMa3,547.5999999999999
12896,OA-VUMa5,547.8000000000001
10175,OA-VUMa6,548.3
11921,OA-VPM4,548.7
10658,OA-AL2i3,549.6
287884,OA-VPM3,549.7
11608,OA-VUMa2,550.1
10110,OA-VUMa1,550.2
10168,OA-VUMa6,550.9000000000001
10120,OA-VPM4,551.6
10226,OA-AL2i3,552.2
10204,OA-AL2i2,552.5
10072,OA-AL2i1,552.5
10041,OA-VUMa1,553.0
10187,OA-VPM3,553.1
10185,OA-VUMa8,553.7
10269,OA-AL2i2,553.9000000000001
53065,Mi1,554.2
12688,OA-ASM1,555.0
10825,OA-AL2i3,555.4
10011,OA-AL2i1,556.4
10080,OA-VUMa3,556.4
10652,OA-AL2i4,556.9000000000001
11005,OA-VUMa4,556.9000000000001
286259,OA-ASM1,557.5
12109,OA-VUMa2,557.8000000000001
11264,OA-ASM1,558.1
10322,OA-AL2i2,559.1
11602,OA-ASM1,559.2
10175,OA-VUMa6,559.2
10677,OA-AL2i4,559.5
10799,OA-VUMa4,559.6
10265,OA-AL2i2,560.0
10687,OA-AL2i3,560.1
12896,OA-VUMa5,560.1
10555,OA-VUMa3,560.6
11608,OA-VUMa2,560.8000000000001
10658,OA-AL2i3,560.9000000000001
10110,OA-VUMa1,561.3
10072,OA-AL2i1,562.1
10168,OA-VUMa6,562.5
287884,OA-VPM3,562.8000000000001
10041,OA-VUMa1,563.2
10226,OA-AL2i3,563.5
11921,OA-VPM4,563.8000000000001
10120,OA-VPM4,564.0
10204,OA-AL2i2,564.4
10269,OA-AL2i2,565.9000000000001
10185,OA-VUMa8,566.1
10187,OA-VPM3,566.1
12688,OA-ASM1,567.6999999999999
10011,OA-AL2i1,567.8000000000001
11005,OA-VUMa4,568.5
10652,OA-AL2i4,568.6999999999999
10825,OA-AL2i3,568.9000000000001
53065,Mi1,569.1
10080,OA-VUMa3,569.5
12109,OA-VUMa2,570.0
10175,OA-VUMa6,570.2
12896,OA-VUMa5,570.9000000000001
286259,OA-ASM1,571.1
10799,OA-VUMa4,572.1
10322,OA-AL2i2,572.1
10072,OA-AL2i1,572.1
11264,OA-ASM1,572.2
10110,OA-VUMa1,572.3000000000001
10687,OA-AL2i3,572.4
10555,OA-VUMa3,572.6999999999999
10265,OA-AL2i2,572.8
10677,OA-AL2i4,572.9000000000001
11602,OA-ASM1,573.0
10658,OA-AL2i3,573.6
11608,OA-VUMa2,573.6
10168,OA-VUMa6,573.6999999999999
10041,OA-VUMa1,573.9000000000001
10226,OA-AL2i3,575.4
287884,OA-VPM3,576.8
10204,OA-AL2i2,577.3000000000001
10120,OA-VPM4,577.5
11921,OA-VPM4,578.1
10187,OA-VPM3,578.2
10269,OA-AL2i2,578.3000000000001
10185,OA-VUMa8,579.2
10011,OA-AL2i1,579.6999999999999
12688,OA-ASM1,579.6999999999999
11005,OA-VUMa4,579.8
10825,OA-AL2i3,581.1
10652,OA-AL2i4,581.3000000000001
10175,OA-VUMa6,581.6
12109,OA-VUMa2,581.8
10072,OA-AL2i1,582.6
10080,OA-VUMa3,582.6999999999999
12896,OA-VUMa5,582.8
53065,Mi1,583.1
10110,OA-VUMa1,583.6
10322,OA-AL2i2,584.1
10687,OA-AL2i3,584.3000000000001
10658,OA-AL2i3,584.6
10799,OA-VUMa4,584.9
11608,OA-VUMa2,585.1
10677,OA-AL2i4,585.3000000000001
11264,OA-ASM1,585.4
11602,OA-ASM1,585.5
10041,OA-VUMa1,585.8
10168,OA-VUMa6,586.1
286259,OA-ASM1,586.1
10265,OA-AL2i2,586.2
10555,OA-VUMa3,586.3000000000001
10226,OA-AL2i3,588.7
287884,OA-VPM3,589.6
10269,OA-AL2i2,590.2
10120,OA-VPM4,590.3000000000001
10204,OA-AL2i2,590.6
10011,OA-AL2i1,591.1
12688,OA-ASM1,591.6
11921,OA-VPM4,591.9
10185,OA-VUMa8,592.2
10072,OA-AL2i1,592.7
10175,OA-VUMa6,592.8
10187,OA-VPM3,592.9
11005,OA-VUMa4,592.9
12109,OA-VUMa2,593.1
10652,OA-AL2i4,594.3000000000001
10825,OA-AL2i3,594.3000000000001
10110,OA-VUMa1,595.1
10080,OA-VUMa3,595.6
10322,OA-AL2i2,595.7
10658,OA-AL2i3,595.7
12896,OA-VUMa5,596.0
10687,OA-AL2i3,596.8
10041,OA-VUMa1,596.9
53065,Mi1,597.2
11608,OA-VUMa2,597.5
10168,OA-VUMa6,597.9
11602,OA-ASM1,598.2
10265,OA-AL2i2,598.4
10799,OA-VUMa4,598.6
11264,OA-ASM1,598.9
10555,OA-VUMa3,599.2
10677,OA-AL2i4,599.2
10226,OA-AL2i3,600.0
286259,OA-ASM1,600.5
10269,OA-AL2i2,601.6
10204,OA-AL2i2,602.8
10011,OA-AL2i1,602.9
287884,OA-VPM3,603.0
10120,OA-VPM4,603.9
12688,OA-ASM1,603.9
10175,OA-VUMa6,604.0
10072,OA-AL2i1,604.3000000000001
10185,OA-VUMa8,604.6
11005,OA-VUMa4,604.7
12109,OA-VUMa2,605.0
10110,OA-VUMa1,605.4000000000001
10658,OA-AL2i3,606.5
10652,OA-AL2i4,606.8
11921,OA-VPM4,606.8
10825,OA-AL2i3,607.2
10187,OA-VPM3,607.3000000000001
12896,OA-VUMa5,607.3000000000001
10080,OA-VUMa3,607.9
10041,OA-VUMa1,608.5
10322,OA-AL2i2,608.5
10687,OA-AL2i3,608.9
10168,OA-VUMa6,609.0999999999999
11602,OA-ASM1,610.2
11608,OA-VUMa2,610.2
10265,OA-AL2i2,610.7
10226,OA-AL2i3,611.2
53065,Mi1,611.8
10677,OA-AL2i4,612.4000000000001
10555,OA-VUMa3,612.7
10799,OA-VUMa4,612.7
11264,OA-ASM1,613.0
10269,OA-AL2i2,613.6
286259,OA-ASM1,613.9
10072,OA-AL2i1,614.1
10011,OA-AL2i1,614.4000000000001
10204,OA-AL2i2,615.0
10175,OA-VUMa6,615.5
11005,OA-VUMa4,615.8
287884,OA-VPM3,616.0
12688,OA-ASM1,616.4000000000001
10120,OA-VPM4,616.9
12109,OA-VUMa2,617.4000000000001
10185,OA-VUMa8,617.6
10110,OA-VUMa1,617.7
12896,OA-VUMa5,617.9
10658,OA-AL2i3,618.3000000000001
10041,OA-VUMa1,619.6
10652,OA-AL2i4,619.8
10080,OA-VUMa3,620.2
10322,OA-AL2i2,620.2
11921,OA-VPM4,620.4000000000001
10187,OA-VPM3,620.7
10168,OA-VUMa6,620.9
10825,OA-AL2i3,621.4000000000001
11608,OA-VUMa2,621.9
10687,OA-AL2i3,622.0
10226,OA-AL2i3,622.4000000000001
10265,OA-AL2i2,622.6
11602,OA-ASM1,622.8
10072,OA-AL2i1,624.4000000000001
10677,OA-AL2i4,624.7
53065,Mi1,625.6
10555,OA-VUMa3,625.6
10799,OA-VUMa4,626.4000000000001
11264,OA-ASM1,626.4000000000001
10269,OA-AL2i2,626.5
10175,OA-VUMa6,626.7
10011,OA-AL2i1,626.9
286259,OA-ASM1,627.0
11005,OA-VUMa4,627.9
10204,OA-AL2i2,628.4000000000001
287884,OA-VPM3,628.5
10120,OA-VPM4,628.6
12109,OA-VUMa2,629.0
10658,OA-AL2i3,629.4000000000001
12896,OA-VUMa5,629.7
12688,OA-ASM1,629.8000000000001
10041,OA-VUMa1,630.0
10185,OA-VUMa8,630.1
10110,OA-VUMa1,630.5
10322,OA-AL2i2,632.3000000000001
10080,OA-VUMa3,632.7
10652,OA-AL2i4,632.7
11608,OA-VUMa2,632.9
10168,OA-VUMa6,633.1
10825,OA-AL2i3,633.3000000000001
10187,OA-VPM3,633.8000000000001
10226,OA-AL2i3,633.8000000000001
10072,OA-AL2i1,634.3
11921,OA-VPM4,634.8000000000001
11602,OA-ASM1,635.3
10687,OA-AL2i3,635.4000000000001
10265,OA-AL2i2,635.5
10011,OA-AL2i1,637.7
10677,OA-AL2i4,637.9
10175,OA-VUMa6,638.1
10269,OA-AL2i2,638.4000000000001
10555,OA-VUMa3,638.6
11264,OA-ASM1,639.3
10799,OA-VUMa4,639.8000000000001
286259,OA-ASM1,639.8000000000001
11005,OA-VUMa4,640.1999999999999
12109,OA-VUMa2,640.1999999999999
10041,OA-VUMa1,640.5
53065,Mi1,640.5
10120,OA-VPM4,640.9
10204,OA-AL2i2,640.9
10658,OA-AL2i3,641.1
12688,OA-ASM1,641.5
287884,OA-VPM3,642.0
10185,OA-VUMa8,642.1
12896,OA-VUMa5,642.1999999999999
10322,OA-AL2i2,643.6
10072,OA-AL2i1,643.9
10110,OA-VUMa1,644.0
11608,OA-VUMa2,644.4000000000001
10080,OA-VUMa3,644.5000000000001
10226,OA-AL2i3,645.0
10168,OA-VUMa6,645.1999999999999
10187,OA-VPM3,645.8000000000001
10652,OA-AL2i4,646.1
10825,OA-AL2i3,646.5000000000001
10687,OA-AL2i3,647.1999999999999
10265,OA-AL2i2,647.8000000000001
11602,OA-ASM1,647.8000000000001
10011,OA-AL2i1,647.9
11921,OA-VPM4,648.4
10175,OA-VUMa6,648.7
10269,OA-AL2i2,650.1
10677,OA-AL2i4,651.0
10041,OA-VUMa1,651.5000000000001
12109,OA-VUMa2,651.7
10555,OA-VUMa3,651.8000000000001
11005,OA-VUMa4,652.3
10799,OA-VUMa4,652.4
10120,OA-VPM4,652.6
11264,OA-ASM1,653.1
10658,OA-AL2i3,653.3
12688,OA-ASM1,653.9
286259,OA-ASM1,654.0
12896,OA-VUMa5,654.4
10072,OA-AL2i1,654.5000000000001
10204,OA-AL2i2,654.6
287884,OA-VPM3,655.3
10110,OA-VUMa1,655.4
11608,OA-VUMa2,655.6
10185,OA-VUMa8,655.7
53065,Mi1,655.8000000000001
10226,OA-AL2i3,656.1
10322,OA-AL2i2,656.1
10168,OA-VUMa6,657.2
10080,OA-VUMa3,657.7
10187,OA-VPM3,657.7
10011,OA-AL2i1,659.0
10265,OA-AL2i2,659.0
11602,OA-ASM1,659.6
10825,OA-AL2i3,659.6
10652,OA-AL2i4,659.8000000000001
10175,OA-VUMa6,659.9
10687,OA-AL2i3,659.9
10041,OA-VUMa1,661.2
10269,OA-AL2i2,661.9
11921,OA-VPM4,662.0
12109,OA-VUMa2,662.7
10677,OA-AL2i4,664.1
11005,OA-VUMa4,664.4
10555,OA-VUMa3,664.4
10072,OA-AL2i1,664.6
10120,OA-VPM4,664.6
11264,OA-ASM1,665.5
12896,OA-VUMa5,665.7
10799,OA-VUMa4,666.0
12688,OA-ASM1,666.0
10658,OA-AL2i3,666.1
10110,OA-VUMa1,666.8000000000001
10185,OA-VUMa8,667.5
287884,OA-VPM3,667.8000000000001
286259,OA-ASM1,667.9000000000001
10204,OA-AL2i2,668.1
11608,OA-VUMa2,668.1
10322,OA-AL2i2,668.6
10226,OA-AL2i3,668.8000000000001
10168,OA-VUMa6,669.2
53065,Mi1,669.5
10187,OA-VPM3,670.4
10265,OA-AL2i2,670.8000000000001
10011,OA-AL2i1,671.1
10080,OA-VUMa3,671.1
10041,OA-VUMa1,671.8000000000001
10175,OA-VUMa6,671.8000000000001
11602,OA-ASM1,672.1
10652,OA-AL2i4,672.9000000000001
10825,OA-AL2i3,673.3
10687,OA-AL2i3,673.5
10269,OA-AL2i2,674.5
12109,OA-VUMa2,674.5
10072,OA-AL2i1,675.7
10120,OA-VPM4,676.1
12896,OA-VUMa5,676.5999999999999
11921,OA-VPM4,676.9000000000001
11005,OA-VUMa4,677.1
10677,OA-AL2i4,677.3
10555,OA-VUMa3,678.2
10110,OA-VUMa1,678.5
10658,OA-AL2i3,678.8000000000001
11264,OA-ASM1,678.9000000000001
12688,OA-ASM1,679.0
10204,OA-AL2i2,679.5
11608,OA-VUMa2,679.5
10185,OA-VUMa8,680.1
10799,OA-VUMa4,680.2
287884,OA-VPM3,680.3
10322,OA-AL2i2,680.7
10226,OA-AL2i3,681.0
286259,OA-ASM1,681.3
10168,OA-VUMa6,681.9000000000001
10041,OA-VUMa1,682.5
10011,OA-AL2i1,682.6
10265,OA-AL2i2,682.7
10187,OA-VPM3,683.3
10175,OA-VUMa6,683.4
53065,Mi1,684.1
10080,OA-VUMa3,684.6
10072,OA-AL2i1,685.2
10652,OA-AL2i4,685.4
12109,OA-VUMa2,685.5
11602,OA-ASM1,685.7
10269,OA-AL2i2,686.6
10825,OA-AL2i3,686.6
10687,OA-AL2i3,686.7
12896,OA-VUMa5,687.8000000000001
10120,OA-VPM4,688.2
10110,OA-VUMa1,689.3
11921,OA-VPM4,689.5
10658,OA-AL2i3,690.2
11608,OA-VUMa2,690.5
10677,OA-AL2i4,690.5
11005,OA-VUMa4,690.6
11264,OA-ASM1,690.6999999999999
10555,OA-VUMa3,691.3
12688,OA-ASM1,691.3
10226,OA-AL2i3,691.4
10185,OA-VUMa8,692.4
10322,OA-AL2i2,692.4
10041,OA-VUMa1,692.6999999999999
10204,OA-AL2i2,692.6999999999999
287884,OA-VPM3,692.9000000000001
10168,OA-VUMa6,693.1
10175,OA-VUMa6,694.3000000000001
10799,OA-VUMa4,694.4
286259,OA-ASM1,694.8000000000001
10265,OA-AL2i2,694.9000000000001
10011,OA-AL2i1,695.0
10072,OA-AL2i1,696.0
10187,OA-VPM3,696.0
12109,OA-VUMa2,696.8000000000001
10080,OA-VUMa3,697.5
11602,OA-ASM1,698.0
10652,OA-AL2i4,698.4
53065,Mi1,698.9000000000001
10120,OA-VPM4,699.4
10269,OA-AL2i2,699.4
12896,OA-VUMa5,699.6
10687,OA-AL2i3,700.0
10110,OA-VUMa1,700.4
10658,OA-AL2i3,701.1
10825,OA-AL2i3,701.1
11608,OA-VUMa2,701.9000000000001
11005,OA-VUMa4,702.6
12688,OA-ASM1,702.8
10677,OA-AL2i4,702.8
11264,OA-ASM1,703.0
10041,OA-VUMa1,703.5
11921,OA-VPM4,703.6999999999999
10168,OA-VUMa6,704.2
10555,OA-VUMa3,704.2
10226,OA-AL2i3,704.4
287884,OA-VPM3,704.5
10322,OA-AL2i2,704.6
10185,OA-VUMa8,704.6
10175,OA-VUMa6,704.8
10072,OA-AL2i1,705.9000000000001
10204,OA-AL2i2,706.0000000000001
10011,OA-AL2i1,707.4
12109,OA-VUMa2,707.8
286259,OA-ASM1,707.8
10799,OA-VUMa4,708.0000000000001
10265,OA-AL2i2,708.0000000000001
10187,OA-VPM3,708.2
11602,OA-ASM1,709.6
12896,OA-VUMa5,710.5
10652,OA-AL2i4,710.6
10120,OA-VPM4,710.6999999999999
10269,OA-AL2i2,710.9000000000001
10110,OA-VUMa1,711.0000000000001
10080,OA-VUMa3,711.2
10687,OA-AL2i3,712.1
10658,OA-AL2i3,712.5
11608,OA-VUMa2,713.1
53065,Mi1,713.1
11005,OA-VUMa4,713.8
10041,OA-VUMa1,714.1
10168,OA-VUMa6,714.6
10825,OA-AL2i3,714.9
12688,OA-ASM1,715.1
11264,OA-ASM1,715.4
10677,OA-AL2i4,715.8
10072,OA-AL2i1,715.9
10226,OA-AL2i3,716.1
10185,OA-VUMa8,716.2
10322,OA-AL2i2,716.3000000000001
10175,OA-VUMa6,716.9
287884,OA-VPM3,717.7
11921,OA-VPM4,718.1
10555,OA-VUMa3,718.1
10265,OA-AL2i2,718.7
12109,OA-VUMa2,718.8
10011,OA-AL2i1,718.9
10204,OA-AL2i2,719.6
10187,OA-VPM3,719.9
10799,OA-VUMa4,720.4
10110,OA-VUMa1,721.0000000000001
286259,OA-ASM1,721.2
10269,OA-AL2i2,722.2
12896,OA-VUMa5,722.4
11602,OA-ASM1,722.7
10120,OA-VPM4,722.9
10652,OA-AL2i4,723.2
10080,OA-VUMa3,723.9
11608,OA-VUMa2,724.1
10658,OA-AL2i3,724.6
10687,OA-AL2i3,724.6
10041,OA-VUMa1,725.1
10072,OA-AL2i1,725.6
10168,OA-VUMa6,725.8
11005,OA-VUMa4,726.0000000000001
10185,OA-VUMa8,727.5
10226,OA-AL2i3,727.5
12688,OA-ASM1,727.8
10825,OA-AL2i3,728.0
11264,OA-ASM1,728.3000000000001
10322,OA-AL2i2,728.3000000000001
10175,OA-VUMa6,728.4
53065,Mi1,728.8
10677,OA-AL2i4,729.3000000000001
10011,OA-AL2i1,729.4
287884,OA-VPM3,729.7
12109,OA-VUMa2,730.3000000000001
10265,OA-AL2i2,731.0
10555,OA-VUMa3,731.1
10110,OA-VUMa1,732.0
11921,OA-VPM4,732.0
10799,OA-VUMa4,732.7
10204,OA-AL2i2,733.4000000000001
10187,OA-VPM3,733.5
12896,OA-VUMa5,733.5
10269,OA-AL2i2,734.5
10072,OA-AL2i1,734.6
286259,OA-ASM1,735.4000000000001
10041,OA-VUMa1,735.8
11602,OA-ASM1,735.8
10120,OA-VPM4,735.9
10652,OA-AL2i4,735.9
11608,OA-VUMa2,736.1
10687,OA-AL2i3,736.4000000000001
10080,OA-VUMa3,736.7
10658,OA-AL2i3,736.9
10168,OA-VUMa6,737.3000000000001
11005,OA-VUMa4,737.7
10226,OA-AL2i3,738.8
10185,OA-VUMa8,739.7
12688,OA-ASM1,740.0
10175,OA-VUMa6,740.0999999999999
10322,OA-AL2i2,740.6
10011,OA-AL2i1,741.0
10825,OA-AL2i3,741.0999999999999
12109,OA-VUMa2,741.5
287884,OA-VPM3,741.8
11264,OA-ASM1,741.9
10677,OA-AL2i4,742.1
10265,OA-AL2i2,742.7
10110,OA-VUMa1,743.1
10555,OA-VUMa3,743.9
53065,Mi1,744.6
10072,OA-AL2i1,744.7
12896,OA-VUMa5,744.7
10799,OA-VUMa4,744.9
11921,OA-VPM4,746.0
10187,OA-VPM3,746.1
10204,OA-AL2i2,746.3000000000001
10120,OA-VPM4,746.5
11608,OA-VUMa2,746.7
10269,OA-AL2i2,746.7
10041,OA-VUMa1,746.8
286259,OA-ASM1,747.1
10652,OA-AL2i4,747.3000000000001
10658,OA-AL2i3,748.1
11602,OA-ASM1,748.4000000000001
10687,OA-AL2i3,748.5
10168,OA-VUMa6,749.0
11005,OA-VUMa4,749.2
10226,OA-AL2i3,749.9
10080,OA-VUMa3,750.0
10011,OA-AL2i1,751.5
10175,OA-VUMa6,751.9
10185,OA-VUMa8,752.1
12688,OA-ASM1,752.4000000000001
12109,OA-VUMa2,752.5
10322,OA-AL2i2,753.1
10110,OA-VUMa1,753.4000000000001
287884,OA-VPM3,754.0
10265,OA-AL2i2,754.1
10825,OA-AL2i3,754.1999999999999
10072,OA-AL2i1,754.4000000000001
11264,OA-ASM1,754.6
10677,OA-AL2i4,754.7
12896,OA-VUMa5,755.8000000000001
10555,OA-VUMa3,756.7
10799,OA-VUMa4,757.1999999999999
10041,OA-VUMa1,757.7
11608,OA-VUMa2,757.7
10204,OA-AL2i2,758.0
10187,OA-VPM3,758.5
10269,OA-AL2i2,758.5
10120,OA-VPM4,759.0
53065,Mi1,760.1
10658,OA-AL2i3,760.1
286259,OA-ASM1,760.1999999999999
10168,OA-VUMa6,760.5
11602,OA-ASM1,760.5
11921,OA-VPM4,760.8000000000001
10687,OA-AL2i3,760.9
10652,OA-AL2i4,761.0
11005,OA-VUMa4,761.3000000000001
10080,OA-VUMa3,762.4000000000001
10011,OA-AL2i1,762.8000000000001
10226,OA-AL2i3,762.9
10175,OA-VUMa6,763.0
10185,OA-VUMa8,763.3000000000001
10072,OA-AL2i1,763.9
12109,OA-VUMa2,764.1
12688,OA-ASM1,764.7
10322,OA-AL2i2,765.1
10110,OA-VUMa1,765.4000000000001
10825,OA-AL2i3,766.1
10265,OA-AL2i2,766.1999999999999
12896,OA-VUMa5,766.5
287884,OA-VPM3,767.0
10677,OA-AL2i4,767.3
11264,OA-ASM1,768.4000000000001
10041,OA-VUMa1,769.0
10555,OA-VUMa3,769.0
11608,OA-VUMa2,769.1
10269,OA-AL2i2,770.1
10799,OA-VUMa4,770.4000000000001
10658,OA-AL2i3,770.8000000000001
10187,OA-VPM3,770.9
10204,OA-AL2i2,771.1999999999999
10120,OA-VPM4,771.7
10168,OA-VUMa6,771.9
11005,OA-VUMa4,772.9
11602,OA-ASM1,773.1999999999999
10687,OA-AL2i3,773.6
10072,OA-AL2i1,773.8000000000001
286259,OA-ASM1,773.9
10226,OA-AL2i3,774.1999999999999
10185,OA-VUMa8,774.5000000000001
10652,OA-AL2i4,774.5000000000001
10011,OA-AL2i1,774.8000000000001
10175,OA-VUMa6,775.0
11921,OA-VPM4,775.4000000000001
12109,OA-VUMa2,775.6
10080,OA-VUMa3,775.7
10110,OA-VUMa1,776.1
53065,Mi1,776.1999999999999
10322,OA-AL2i2,777.3
12688,OA-ASM1,777.5000000000001
12896,OA-VUMa5,777.6
10825,OA-AL2i3,777.7
10265,OA-AL2i2,779.1
10041,OA-VUMa1,779.6
287884,OA-VPM3,779.8000000000001
10677,OA-AL2i4,780.3
11608,OA-VUMa2,780.7
11264,OA-ASM1,781.7
10555,OA-VUMa3,781.9
10658,OA-AL2i3,782.1
10269,OA-AL2i2,782.7
10799,OA-VUMa4,782.8000000000001
10187,OA-VPM3,783.1
10168,OA-VUMa6,783.8000000000001
10204,OA-AL2i2,784.0
11005,OA-VUMa4,784.7
10120,OA-VPM4,785.0
11602,OA-ASM1,785.8000000000001
10072,OA-AL2i1,786.0
10226,OA-AL2i3,786.1
10011,OA-AL2i1,786.1
10185,OA-VUMa8,786.1
10687,OA-AL2i3,786.5000000000001
10110,OA-VUMa1,786.7
10175,OA-VUMa6,786.8000000000001
10652,OA-AL2i4,787.0
12109,OA-VUMa2,787.1
286259,OA-ASM1,787.8000000000001
12896,OA-VUMa5,788.5000000000001
10080,OA-VUMa3,788.9
10322,OA-AL2i2,789.4
11921,OA-VPM4,789.8000000000001
10041,OA-VUMa1,789.9
12688,OA-ASM1,791.1
10265,OA-AL2i2,791.2
10825,OA-AL2i3,791.5000000000001
11608,OA-VUMa2,791.7
53065,Mi1,791.8000000000001
287884,OA-VPM3,792.3
10658,OA-AL2i3,793.7
11264,OA-ASM1,794.2
10677,OA-AL2i4,794.3
10555,OA-VUMa3,794.4
10269,OA-AL2i2,794.6
10168,OA-VUMa6,794.8000000000001
10187,OA-VPM3,795.1
10799,OA-VUMa4,796.9000000000001
10204,OA-AL2i2,796.9000000000001
10120,OA-VPM4,797.0
11005,OA-VUMa4,797.1
10226,OA-AL2i3,797.3
10175,OA-VUMa6,797.9000000000001
10072,OA-AL2i1,798.0
10011,OA-AL2i1,798.1
11602,OA-ASM1,798.2
10185,OA-VUMa8,798.2
10110,OA-VUMa1,798.3
10687,OA-AL2i3,799.3
12109,OA-VUMa2,799.9000000000001
10652,OA-AL2i4,800.0
10041,OA-VUMa1,800.7
12896,OA-VUMa5,801.3
10322,OA-AL2i2,801.8000000000001
286259,OA-ASM1,801.9000000000001
11921,OA-VPM4,803.0
10080,OA-VUMa3,803.1
11608,OA-VUMa2,803.3
10265,OA-AL2i2,803.4
12688,OA-ASM1,803.8000000000001
10825,OA-AL2i3,804.5
287884,OA-VPM3,805.0
10658,OA-AL2i3,805.3
11264,OA-ASM1,806.0
53065,Mi1,806.1
10168,OA-VUMa6,806.3
10555,OA-VUMa3,806.7
10269,OA-AL2i2,806.9000000000001
10187,OA-VPM3,807.3
10677,OA-AL2i4,807.3
11005,OA-VUMa4,808.6
10120,OA-VPM4,808.9000000000001
10226,OA-AL2i3,809.1
10175,OA-VUMa6,809.5
10799,OA-VUMa4,809.8000000000001
10204,OA-AL2i2,810.3
10110,OA-VUMa1,810.4
10072,OA-AL2i1,810.5
10185,OA-VUMa8,810.5
10011,OA-AL2i1,810.6
11602,OA-ASM1,811.0
10041,OA-VUMa1,811.5
10687,OA-AL2i3,811.5
12109,OA-VUMa2,811.8000000000001
10652,OA-AL2i4,812.7
10322,OA-AL2i2,813.2
12896,OA-VUMa5,813.7
11608,OA-VUMa2,814.7
10265,OA-AL2i2,815.0
10080,OA-VUMa3,816.0
10658,OA-AL2i3,816.6
10825,OA-AL2i3,816.6
11921,OA-VPM4,816.6
286259,OA-ASM1,816.6
12688,OA-ASM1,816.9000000000001
287884,OA-VPM3,817.8000000000001
10168,OA-VUMa6,818.3
11264,OA-ASM1,819.5
10187,OA-VPM3,819.5
10269,OA-AL2i2,819.6999999999999
11005,OA-VUMa4,819.9000000000001
10226,OA-AL2i3,820.1
10677,OA-AL2i4,820.2
10072,OA-AL2i1,820.4
10555,OA-VUMa3,820.4
53065,Mi1,821.3000000000001
10120,OA-VPM4,821.6999999999999
10175,OA-VUMa6,821.9000000000001
10110,OA-VUMa1,822.1
10011,OA-AL2i1,822.6
10185,OA-VUMa8,823.1
10799,OA-VUMa4,823.1
12109,OA-VUMa2,823.1
10204,OA-AL2i2,823.5
10041,OA-VUMa1,823.5
10687,OA-AL2i3,824.5
10322,OA-AL2i2,824.6
11602,OA-ASM1,824.6999999999999
10652,OA-AL2i4,825.4
12896,OA-VUMa5,825.5
11608,OA-VUMa2,827.4
10265,OA-AL2i2,827.5
10658,OA-AL2i3,828.2
12688,OA-ASM1,828.6999999999999
286259,OA-ASM1,828.9000000000001
10080,OA-VUMa3,829.0
10825,OA-AL2i3,829.4
11921,OA-VPM4,829.6
287884,OA-VPM3,830.4
10168,OA-VUMa6,830.5
11005,OA-VUMa4,831.2
10226,OA-AL2i3,831.6
10269,OA-AL2i2,831.8000000000001
10110,OA-VUMa1,832.2
10555,OA-VUMa3,832.9000000000001
11264,OA-ASM1,833.0
10187,OA-VPM3,833.1
10120,OA-VPM4,833.2
10072,OA-AL2i1,833.3000000000001
10175,OA-VUMa6,833.4
10677,OA-AL2i4,833.4
12109,OA-VUMa2,834.0000000000001
10011,OA-AL2i1,834.3000000000001
10799,OA-VUMa4,835.6999999999999
10185,OA-VUMa8,836.1
10041,OA-VUMa1,836.2
10204,OA-AL2i2,836.5
53065,Mi1,836.6999999999999
12896,OA-VUMa5,836.8
10687,OA-AL2i3,837.3000000000001
10652,OA-AL2i4,837.3000000000001
10322,OA-AL2i2,837.8
11608,OA-VUMa2,838.2
11602,OA-ASM1,838.3000000000001
10658,OA-AL2i3,839.6
10265,OA-AL2i2,839.8
10168,OA-VUMa6,841.4
12688,OA-ASM1,841.6
10825,OA-AL2i3,841.6999999999999
10080,OA-VUMa3,842.4
11005,OA-VUMa4,842.5
10110,OA-VUMa1,842.6
10072,OA-AL2i1,843.0000000000001
10226,OA-AL2i3,843.4
11921,OA-VPM4,843.9000000000001
286259,OA-ASM1,843.9000000000001
287884,OA-VPM3,844.0000000000001
10269,OA-AL2i2,844.2
10011,OA-AL2i1,844.3000000000001
10175,OA-VUMa6,845.3000000000001
10677,OA-AL2i4,846.1
11264,OA-ASM1,846.2
10120,OA-VPM4,846.3000000000001
12109,OA-VUMa2,846.5
10187,OA-VPM3,846.6
10555,OA-VUMa3,846.7
10041,OA-VUMa1,847.2
10799,OA-VUMa4,847.9
12896,OA-VUMa5,848.4
10322,OA-AL2i2,848.9
10185,OA-VUMa8,849.1
10204,OA-AL2i2,849.7
10652,OA-AL2i4,850.3000000000001
10687,OA-AL2i3,850.8
10658,OA-AL2i3,851.1
11608,OA-VUMa2,851.3000000000001
11602,OA-ASM1,851.3000000000001
53065,Mi1,851.4
10168,OA-VUMa6,852.1
10265,OA-AL2i2,852.5
10110,OA-VUMa1,853.0000000000001
12688,OA-ASM1,853.6
11005,OA-VUMa4,854.2
10226,OA-AL2i3,854.3000000000001
10072,OA-AL2i1,854.4
10825,OA-AL2i3,854.5
10080,OA-VUMa3,855.6
10269,OA-AL2i2,856.3000000000001
287884,OA-VPM3,856.4
10011,OA-AL2i1,856.5
10175,OA-VUMa6,856.5
10677,OA-AL2i4,858.0000000000001
286259,OA-ASM1,858.3000000000001
11921,OA-VPM4,858.5
10041,OA-VUMa1,858.6
12109,OA-VUMa2,858.6
10555,OA-VUMa3,858.8
10120,OA-VPM4,859.4000000000001
12896,OA-VUMa5,859.5
11264,OA-ASM1,859.8
10799,OA-VUMa4,859.9
10185,OA-VUMa8,860.1
10187,OA-VPM3,860.7
10322,OA-AL2i2,861.7
10652,OA-AL2i4,862.4000000000001
11608,OA-VUMa2,862.4000000000001
10204,OA-AL2i2,862.9
10658,OA-AL2i3,862.9
10687,OA-AL2i3,862.9
10110,OA-VUMa1,863.5
10168,OA-VUMa6,863.8
11602,OA-ASM1,863.9
10265,OA-AL2i2,864.9
10226,OA-AL2i3,866.0
11005,OA-VUMa4,866.5
10011,OA-AL2i1,866.7
10825,OA-AL2i3,866.7
10072,OA-AL2i1,867.0
12688,OA-ASM1,867.0
53065,Mi1,867.1
10175,OA-VUMa6,867.8
10269,OA-AL2i2,867.9
10080,OA-VUMa3,868.1
10041,OA-VUMa1,868.6
287884,OA-VPM3,868.7
12109,OA-VUMa2,869.2
10677,OA-AL2i4,869.9
286259,OA-ASM1,871.5
11921,OA-VPM4,871.5
12896,OA-VUMa5,871.8
10120,OA-VPM4,871.9
10185,OA-VUMa8,872.7
10555,OA-VUMa3,872.9
10799,OA-VUMa4,873.0
11264,OA-ASM1,873.3000000000001
11608,OA-VUMa2,873.8
10322,OA-AL2i2,873.9
10187,OA-VPM3,874.5
10110,OA-VUMa1,874.8
10658,OA-AL2i3,875.3000000000001
10652,OA-AL2i4,875.7
10687,OA-AL2i3,875.7
10168,OA-VUMa6,876.0
10204,OA-AL2i2,876.0
11602,OA-ASM1,876.8
11005,OA-VUMa4,877.7
10265,OA-AL2i2,877.8
10072,OA-AL2i1,878.3000000000001
10175,OA-VUMa6,878.8
10226,OA-AL2i3,878.8
10825,OA-AL2i3,879.4000000000001
12688,OA-ASM1,879.4000000000001
10011,OA-AL2i1,879.5
10041,OA-VUMa1,879.6
10269,OA-AL2i2,880.0
287884,OA-VPM3,880.4000000000001
10080,OA-VUMa3,880.9
12109,OA-VUMa2,881.1
10677,OA-AL2i4,881.8
53065,Mi1,883.3000000000001
12896,OA-VUMa5,883.5
10120,OA-VPM4,884.6
10185,OA-VUMa8,884.9
286259,OA-ASM1,885.1
11608,OA-VUMa2,885.4000000000001
10322,OA-AL2i2,885.8000000000001
10110,OA-VUMa1,886.0
10187,OA-VPM3,886.1
11921,OA-VPM4,886.1
10799,OA-VUMa4,886.3000000000001
10658,OA-AL2i3,887.0
10555,OA-VUMa3,887.1
11264,OA-ASM1,887.6
10652,OA-AL2i4,888.0
10168,OA-VUMa6,888.6
10687,OA-AL2i3,888.8000000000001
10204,OA-AL2i2,888.9
11005,OA-VUMa4,889.9
10041,OA-VUMa1,890.1
10072,OA-AL2i1,890.4000000000001
10175,OA-VUMa6,890.5
11602,OA-ASM1,890.6
10226,OA-AL2i3,890.8000000000001
10265,OA-AL2i2,890.9
10011,OA-AL2i1,891.8000000000001
10080,OA-VUMa3,892.0
12688,OA-ASM1,892.1
10269,OA-AL2i2,892.1999999999999
10825,OA-AL2i3,892.4000000000001
12109,OA-VUMa2,893.1999999999999
10677,OA-AL2i4,893.6
287884,OA-VPM3,893.6
12896,OA-VUMa5,893.7
11608,OA-VUMa2,896.4000000000001
10120,OA-VPM4,896.8000000000001
10185,OA-VUMa8,896.8000000000001
10110,OA-VUMa1,897.1999999999999
10322,OA-AL2i2,897.6
286259,OA-ASM1,897.8000000000001
10658,OA-AL2i3,898.1
53065,Mi1,898.3000000000001
10187,OA-VPM3,899.3
10799,OA-VUMa4,899.9
11264,OA-ASM1,899.9
10687,OA-AL2i3,900.0
10555,OA-VUMa3,900.4000000000001
10168,OA-VUMa6,900.5000000000001
10652,OA-AL2i4,900.5000000000001
10041,OA-VUMa1,900.6
11005,OA-VUMa4,901.3
11921,OA-VPM4,901.3
10175,OA-VUMa6,901.4000000000001
10072,OA-AL2i1,902.1999999999999
10204,OA-AL2i2,902.1999999999999
10226,OA-AL2i3,902.4000000000001
10011,OA-AL2i1,903.5000000000001
11602,OA-ASM1,903.5000000000001
10265,OA-AL2i2,904.0
10269,OA-AL2i2,904.5000000000001
10080,OA-VUMa3,904.7
12109,OA-VUMa2,905.1
10825,OA-AL2i3,905.4000000000001
10677,OA-AL2i4,905.8000000000001
287884,OA-VPM3,906.0
12896,OA-VUMa5,906.0
12688,OA-ASM1,906.4000000000001
11608,OA-VUMa2,907.9
10120,OA-VPM4,908.1
10110,OA-VUMa1,908.3
10185,OA-VUMa8,909.2
10322,OA-AL2i2,909.9
10658,OA-AL2i3,910.1
10187,OA-VPM3,911.2
10041,OA-VUMa1,911.4000000000001
286259,OA-ASM1,911.4000000000001
53065,Mi1,912.6
10168,OA-VUMa6,912.7
10175,OA-VUMa6,912.8000000000001
10687,OA-AL2i3,912.9
11264,OA-ASM1,913.0
10555,OA-VUMa3,913.1
10799,OA-VUMa4,913.2
10652,OA-AL2i4,913.4
11921,OA-VPM4,913.8000000000001
11005,OA-VUMa4,914.0
10226,OA-AL2i3,914.1
10072,OA-AL2i1,914.3
10204,OA-AL2i2,914.6
11602,OA-ASM1,915.9
10011,OA-AL2i1,916.3
10269,OA-AL2i2,916.4
12109,OA-VUMa2,916.5000000000001
10265,OA-AL2i2,916.9
10080,OA-VUMa3,917.5000000000001
10825,OA-AL2i3,917.6
10677,OA-AL2i4,918.0
11608,OA-VUMa2,919.0
12896,OA-VUMa5,919.0
12688,OA-ASM1,919.4
10110,OA-VUMa1,919.4
287884,OA-VPM3,919.5000000000001
10120,OA-VPM4,920.4
10185,OA-VUMa8,921.4
10658,OA-AL2i3,921.4
10041,OA-VUMa1,921.8000000000001
10322,OA-AL2i2,921.9
10187,OA-VPM3,922.7
10168,OA-VUMa6,924.5000000000001
10175,OA-VUMa6,924.8000000000001
10687,OA-AL2i3,924.8000000000001
286259,OA-ASM1,924.8000000000001
11005,OA-VUMa4,925.8000000000001
10226,OA-AL2i3,926.1
11264,OA-ASM1,926.1
10799,OA-VUMa4,926.3
10555,OA-VUMa3,926.5
10652,OA-AL2i4,926.5
11921,OA-VPM4,926.6
53065,Mi1,926.7
12109,OA-VUMa2,927.4
10011,OA-AL2i1,927.5
10072,OA-AL2i1,927.7
11602,OA-ASM1,928.2
10269,OA-AL2i2,928.6
10204,OA-AL2i2,929.1
10265,OA-AL2i2,929.7
10677,OA-AL2i4,929.8000000000001
10825,OA-AL2i3,929.9000000000001
10110,OA-VUMa1,930.4
10080,OA-VUMa3,930.5
12688,OA-ASM1,931.3
11608,OA-VUMa2,931.6
12896,OA-VUMa5,931.6
287884,OA-VPM3,932.1
10120,OA-VPM4,932.2
10041,OA-VUMa1,932.3
10185,OA-VUMa8,933.3
10658,OA-AL2i3,933.3
10322,OA-AL2i2,934.3
10687,OA-AL2i3,935.4
10168,OA-VUMa6,935.9000000000001
10175,OA-VUMa6,936.4
10187,OA-VPM3,936.6000000000001
10072,OA-AL2i1,937.8000000000001
11005,OA-VUMa4,937.8000000000001
10226,OA-AL2i3,937.9000000000001
286259,OA-ASM1,938.1
12109,OA-VUMa2,938.6
10799,OA-VUMa4,938.7
11264,OA-ASM1,939.0
10652,OA-AL2i4,939.1
10011,OA-AL2i1,939.5
10555,OA-VUMa3,940.0
10110,OA-VUMa1,941.0
10269,OA-AL2i2,941.1
11602,OA-ASM1,941.1
11921,OA-VPM4,941.2
53065,Mi1,941.8000000000001
10265,OA-AL2i2,942.1
10825,OA-AL2i3,942.3
10080,OA-VUMa3,942.8000000000001
10204,OA-AL2i2,942.8000000000001
10041,OA-VUMa1,943.1
10120,OA-VPM4,943.7
12688,OA-ASM1,943.8000000000001
10677,OA-AL2i4,943.9000000000001
12896,OA-VUMa5,944.1
11608,OA-VUMa2,944.3
287884,OA-VPM3,945.2
10658,OA-AL2i3,945.8000000000001
10185,OA-VUMa8,946.0
10322,OA-AL2i2,946.7
10168,OA-VUMa6,946.9000000000001
10687,OA-AL2i3,948.2
10175,OA-VUMa6,948.3000000000001
10072,OA-AL2i1,948.8000000000001
11005,OA-VUMa4,949.3000000000001
10187,OA-VPM3,949.4
12109,OA-VUMa2,949.8000000000001
10226,OA-AL2i3,950.2
10110,OA-VUMa1,950.6
286259,OA-ASM1,951.6
10555,OA-VUMa3,951.9000000000001
11264,OA-ASM1,952.1
10799,OA-VUMa4,952.6
10652,OA-AL2i4,952.6999999999999
10011,OA-AL2i1,953.2
10269,OA-AL2i2,953.3000000000001
10041,OA-VUMa1,953.6
10825,OA-AL2i3,954.2
10265,OA-AL2i2,954.8000000000001
11602,OA-ASM1,955.0
10120,OA-VPM4,955.4
10080,OA-VUMa3,955.5
11921,OA-VPM4,956.0
10204,OA-AL2i2,956.4
12688,OA-ASM1,956.6999999999999
12896,OA-VUMa5,956.8000000000001
11608,OA-VUMa2,957.2
10677,OA-AL2i4,957.3000000000001
10185,OA-VUMa8,958.4
53065,Mi1,958.5
287884,OA-VPM3,958.5
10658,OA-AL2i3,958.5
10322,OA-AL2i2,959.1
10072,OA-AL2i1,959.3000000000001
10168,OA-VUMa6,959.4
10175,OA-VUMa6,959.6999999999999
10687,OA-AL2i3,960.2
12109,OA-VUMa2,961.3000000000001
10110,OA-VUMa1,961.5
10226,OA-AL2i3,961.5
11005,OA-VUMa4,961.8000000000001
10187,OA-VPM3,962.4
11264,OA-ASM1,964.3000000000001
10011,OA-AL2i1,964.4
10555,OA-VUMa3,964.6999999999999
10269,OA-AL2i2,965.1
10041,OA-VUMa1,965.4
286259,OA-ASM1,965.5
10652,OA-AL2i4,966.0000000000001
10799,OA-VUMa4,966.2
10825,OA-AL2i3,966.6999999999999
10120,OA-VPM4,967.2
10265,OA-AL2i2,967.5
10072,OA-AL2i1,968.5
11602,OA-ASM1,968.5
10080,OA-VUMa3,968.6
12896,OA-VUMa5,968.6
12688,OA-ASM1,969.1
11921,OA-VPM4,969.1
10322,OA-AL2i2,969.9000000000001
10185,OA-VUMa8,970.4
10204,OA-AL2i2,970.4
11608,OA-VUMa2,970.5
10677,OA-AL2i4,970.6
10658,OA-AL2i3,970.9000000000001
10168,OA-VUMa6,971.4
287884,OA-VPM3,971.4
10175,OA-VUMa6,971.5
10687,OA-AL2i3,971.6
53065,Mi1,972.4
10110,OA-VUMa1,972.5
10226,OA-AL2i3,972.6
12109,OA-VUMa2,973.2
11005,OA-VUMa4,973.9000000000001
10187,OA-VPM3,974.4
10011,OA-AL2i1,976.0000000000001
10041,OA-VUMa1,976.4
10269,OA-AL2i2,977.9
10555,OA-VUMa3,978.3000000000001
10799,OA-VUMa4,978.4
11264,OA-ASM1,978.4
12896,OA-VUMa5,978.4
286259,OA-ASM1,978.5
10825,OA-AL2i3,978.6
10072,OA-AL2i1,978.6
10652,OA-AL2i4,978.8
10120,OA-VPM4,979.5
10265,OA-AL2i2,979.7
10080,OA-VUMa3,980.8
11602,OA-ASM1,980.8
11608,OA-VUMa2,982.0000000000001
10185,OA-VUMa8,982.0000000000001
12688,OA-ASM1,982.2
10322,OA-AL2i2,982.2
10168,OA-VUMa6,982.6
10677,OA-AL2i4,983.3000000000001
11921,OA-VPM4,983.5
10658,OA-AL2i3,983.7
10175,OA-VUMa6,983.8
10687,OA-AL2i3,983.8
10204,OA-AL2i2,983.9
10110,OA-VUMa1,984.0000000000001
10226,OA-AL2i3,985.1
12109,OA-VUMa2,985.1
287884,OA-VPM3,985.5
11005,OA-VUMa4,986.4
10041,OA-VUMa1,987.0000000000001
10187,OA-VPM3,987.1
10011,OA-AL2i1,987.2
53065,Mi1,987.4000000000001
10072,OA-AL2i1,988.7
12896,OA-VUMa5,989.6
10269,OA-AL2i2,990.4000000000001
10825,OA-AL2i3,990.7
10555,OA-VUMa3,990.9
10652,OA-AL2i4,991.2
10799,OA-VUMa4,991.4000000000001
10120,OA-VPM4,991.8
11264,OA-ASM1,992.3000000000001
286259,OA-ASM1,992.6
10265,OA-AL2i2,992.7
11608,OA-VUMa2,992.7
10080,OA-VUMa3,993.3000000000001
11602,OA-ASM1,993.4000000000001
10322,OA-AL2i2,994.0
10110,OA-VUMa1,994.2
10185,OA-VUMa8,994.7
10168,OA-VUMa6,994.7
12688,OA-ASM1,995.7
10658,OA-AL2i3,995.9
10677,OA-AL2i4,995.9
10687,OA-AL2i3,995.9
10175,OA-VUMa6,996.4000000000001
12109,OA-VUMa2,997.0
10204,OA-AL2i2,997.1
10041,OA-VUMa1,997.3000000000001
11921,OA-VPM4,997.4000000000001
11005,OA-VUMa4,997.6
10226,OA-AL2i3,998.1
10072,OA-AL2i1,998.3000000000001
10011,OA-AL2i1,999.7
287884,OA-VPM3,999.7
10187,OA-VPM3,1000.1
12896,OA-VUMa5,1000.7000000000002
53065,Mi1,1001.1000000000001
10825,OA-AL2i3,1002.0
11608,OA-VUMa2,1003.4000000000001
10269,OA-AL2i2,1003.7
10555,OA-VUMa3,1003.9
10110,OA-VUMa1,1004.1
10120,OA-VPM4,1004.1
10265,OA-AL2i2,1004.1999999999999
10652,OA-AL2i4,1005.0000000000001
11264,OA-ASM1,1005.1000000000001
10322,OA-AL2i2,1005.3000000000001
10799,OA-VUMa4,1005.4000000000001
286259,OA-ASM1,1005.7
11602,OA-ASM1,1006.0
10080,OA-VUMa3,1006.4
10168,OA-VUMa6,1006.4999999999999
10175,OA-VUMa6,1006.8000000000001
10185,OA-VUMa8,1006.9000000000001
12688,OA-ASM1,1007.4000000000001
10658,OA-AL2i3,1007.4000000000001
10687,OA-AL2i3,1007.9
10041,OA-VUMa1,1008.0
12109,OA-VUMa2,1008.1999999999999
10677,OA-AL2i4,1008.5999999999999
11005,OA-VUMa4,1009.0000000000001
10072,OA-AL2i1,1010.1
10204,OA-AL2i2,1010.1
10226,OA-AL2i3,1010.3
12896,OA-VUMa5,1011.1000000000001
11921,OA-VPM4,1011.4000000000001
10011,OA-AL2i1,1011.5
287884,OA-VPM3,1012.1999999999999
10187,OA-VPM3,1012.8000000000001
10110,OA-VUMa1,1014.0
11608,OA-VUMa2,1014.1
10269,OA-AL2i2,1015.0000000000001
10825,OA-AL2i3,1015.3000000000001
10120,OA-VPM4,1015.7
10265,OA-AL2i2,1016.7000000000002
10555,OA-VUMa3,1016.7000000000002
10652,OA-AL2i4,1016.9000000000001
10168,OA-VUMa6,1017.1000000000001
10322,OA-AL2i2,1017.7
53065,Mi1,1017.8000000000001
10799,OA-VUMa4,1018.0
286259,OA-ASM1,1018.1
10658,OA-AL2i3,1018.1999999999999
11602,OA-ASM1,1018.5999999999999
11264,OA-ASM1,1018.9000000000001
10080,OA-VUMa3,1019.0000000000001
10185,OA-VUMa8,1019.0000000000001
10175,OA-VUMa6,1019.2
10041,OA-VUMa1,1019.3000000000001
12109,OA-VUMa2,1019.8000000000001
10687,OA-AL2i3,1019.9
12688,OA-ASM1,1021.2
11005,OA-VUMa4,1021.3000000000001
10072,OA-AL2i1,1021.4000000000001
10677,OA-AL2i4,1021.7
10226,OA-AL2i3,1022.3
12896,OA-VUMa5,1022.4
10204,OA-AL2i2,1022.8000000000002
10011,OA-AL2i1,1023.0000000000001
10110,OA-VUMa1,1024.9
11921,OA-VPM4,1025.3000000000002
287884,OA-VPM3,1025.4
11608,OA-VUMa2,1025.5
10187,OA-VPM3,1026.2
10269,OA-AL2i2,1026.8000000000002
10120,OA-VPM4,1027.2
10825,OA-AL2i3,1028.2
10168,OA-VUMa6,1028.6
10265,OA-AL2i2,1029.5
10658,OA-AL2i3,1029.6000000000001
10652,OA-AL2i4,1029.9
10322,OA-AL2i2,1030.1
10799,OA-VUMa4,1030.5
10185,OA-VUMa8,1030.6
286259,OA-ASM1,1030.6
10041,OA-VUMa1,1030.6999999999998
10555,OA-VUMa3,1030.6999999999998
10080,OA-VUMa3,1030.9
11602,OA-ASM1,1031.1000000000001
10175,OA-VUMa6,1031.7
10687,OA-AL2i3,1032.1
12109,OA-VUMa2,1032.1
53065,Mi1,1032.6
11264,OA-ASM1,1032.8
12688,OA-ASM1,1033.3000000000002
11005,OA-VUMa4,1033.3000000000002
10072,OA-AL2i1,1033.4
12896,OA-VUMa5,1033.5
10677,OA-AL2i4,1034.2
10226,OA-AL2i3,1034.5
10011,OA-AL2i1,1035.0000000000002
10110,OA-VUMa1,1035.7
10204,OA-AL2i2,1036.0
11608,OA-VUMa2,1036.8
11921,OA-VPM4,1038.3999999999999
287884,OA-VPM3,1038.5
10187,OA-VPM3,1038.6
10269,OA-AL2i2,1038.9
10168,OA-VUMa6,1039.5
10120,OA-VPM4,1040.5
10825,OA-AL2i3,1040.9
10658,OA-AL2i3,1041.4
10322,OA-AL2i2,1041.6000000000001
10265,OA-AL2i2,1041.6000000000001
10041,OA-VUMa1,1042.3
10652,OA-AL2i4,1042.5
12109,OA-VUMa2,1043.2
10185,OA-VUMa8,1043.6000000000001
10799,OA-VUMa4,1043.6000000000001
286259,OA-ASM1,1043.7
10080,OA-VUMa3,1043.8
11602,OA-ASM1,1043.8
10175,OA-VUMa6,1044.0
10555,OA-VUMa3,1044.1
10687,OA-AL2i3,1044.6
10072,OA-AL2i1,1045.6000000000001
11005,OA-VUMa4,1045.6000000000001
11264,OA-ASM1,1045.7
12688,OA-ASM1,1045.8
12896,OA-VUMa5,1045.8
10226,OA-AL2i3,1046.2
10110,OA-VUMa1,1046.5
10677,OA-AL2i4,1046.6
53065,Mi1,1046.8
10011,OA-AL2i1,1046.8999999999999
11608,OA-VUMa2,1048.1
10204,OA-AL2i2,1048.5
10269,OA-AL2i2,1049.9
10168,OA-VUMa6,1052.0
287884,OA-VPM3,1052.1
11921,OA-VPM4,1052.4
10187,OA-VPM3,1052.6
10041,OA-VUMa1,1052.8
10322,OA-AL2i2,1052.8
10658,OA-AL2i3,1053.0000000000002
10825,OA-AL2i3,1053.1000000000001
10265,OA-AL2i2,1053.2
10120,OA-VPM4,1053.2
12109,OA-VUMa2,1054.2
10652,OA-AL2i4,1055.2
10185,OA-VUMa8,1055.8
10175,OA-VUMa6,1056.0
286259,OA-ASM1,1056.8999999999999
10080,OA-VUMa3,1057.2
10799,OA-VUMa4,1057.3000000000002
11602,OA-ASM1,1057.3000000000002
12896,OA-VUMa5,1057.4
10110,OA-VUMa1,1057.8
10555,OA-VUMa3,1057.8
10687,OA-AL2i3,1058.1
10677,OA-AL2i4,1058.2
10226,OA-AL2i3,1058.5
11005,OA-VUMa4,1058.5
10072,OA-AL2i1,1058.8
12688,OA-ASM1,1059.2
11264,OA-ASM1,1059.2
11608,OA-VUMa2,1059.4
10011,OA-AL2i1,1060.2
10204,OA-AL2i2,1062.0
10269,OA-AL2i2,1062.1
10041,OA-VUMa1,1063.3000000000002
10168,OA-VUMa6,1063.5
10322,OA-AL2i2,1064.3
10658,OA-AL2i3,1064.4
53065,Mi1,1064.5
11921,OA-VPM4,1065.2
287884,OA-VPM3,1065.5
10265,OA-AL2i2,1065.7
12109,OA-VUMa2,1065.9
10187,OA-VPM3,1066.4
10825,OA-AL2i3,1066.4
10175,OA-VUMa6,1067.1000000000001
10120,OA-VPM4,1067.2
10185,OA-VUMa8,1067.9
10652,OA-AL2i4,1068.3
12896,OA-VUMa5,1068.6
10110,OA-VUMa1,1069.3000000000002
10226,OA-AL2i3,1070.7
10799,OA-VUMa4,1070.7
10677,OA-AL2i4,1070.8999999999999
12688,OA-ASM1,1070.8999999999999
10080,OA-VUMa3,1071.0
10555,OA-VUMa3,1071.2
10687,OA-AL2i3,1071.3000000000002
11602,OA-ASM1,1071.3000000000002
286259,OA-ASM1,1071.4
11608,OA-VUMa2,1071.5
11005,OA-VUMa4,1072.0
10011,OA-AL2i1,1072.4
10072,OA-AL2i1,1072.6
11264,OA-ASM1,1072.8999999999999
10041,OA-VUMa1,1073.9
10168,OA-VUMa6,1074.7
10269,OA-AL2i2,1074.7
10204,OA-AL2i2,1074.8
10322,OA-AL2i2,1075.4
10658,OA-AL2i3,1075.9
10265,OA-AL2i2,1077.4
12109,OA-VUMa2,1077.6000000000001
287884,OA-VPM3,1078.4
10175,OA-VUMa6,1079.0
11921,OA-VPM4,1079.5
10120,OA-VPM4,1079.8000000000002
10825,OA-AL2i3,1079.8000000000002
12896,OA-VUMa5,1079.8000000000002
10185,OA-VUMa8,1079.9
53065,Mi1,1080.0
10652,OA-AL2i4,1080.1000000000001
10187,OA-VPM3,1080.1000000000001
10110,OA-VUMa1,1080.8
10226,OA-AL2i3,1082.5
11608,OA-VUMa2,1083.0
12688,OA-ASM1,1083.5
10080,OA-VUMa3,1083.8000000000002
10677,OA-AL2i4,1083.9
10687,OA-AL2i3,1083.9
11005,OA-VUMa4,1083.9
10041,OA-VUMa1,1084.3
10555,OA-VUMa3,1084.4
10799,OA-VUMa4,1084.6
10168,OA-VUMa6,1084.8
11602,OA-ASM1,1084.8
10072,OA-AL2i1,1085.1
286259,OA-ASM1,1085.1
10011,OA-AL2i1,1086.0
10269,OA-AL2i2,1086.7
10658,OA-AL2i3,1086.8999999999999
11264,OA-ASM1,1087.0
10322,OA-AL2i2,1087.8000000000002
10204,OA-AL2i2,1088.5
12109,OA-VUMa2,1088.8999999999999
10175,OA-VUMa6,1090.5
10265,OA-AL2i2,1090.6
287884,OA-VPM3,1091.1999999999998
12896,OA-VUMa5,1091.5000000000002
10120,OA-VPM4,1093.0
10825,OA-AL2i3,1093.0
10185,OA-VUMa8,1093.1999999999998
10187,OA-VPM3,1093.8000000000002
10110,OA-VUMa1,1093.9
10226,OA-AL2i3,1094.0
11921,OA-VPM4,1094.6
11608,OA-VUMa2,1094.6
10652,OA-AL2i4,1094.6
10168,OA-VUMa6,1095.9
53065,Mi1,1095.9
12688,OA-ASM1,1096.4
10080,OA-VUMa3,1096.5
10677,OA-AL2i4,1096.5
11005,OA-VUMa4,1096.7
10041,OA-VUMa1,1096.8999999999999
10687,OA-AL2i3,1097.9
10011,OA-AL2i1,1098.4
10658,OA-AL2i3,1098.6
10072,OA-AL2i1,1098.8
10799,OA-VUMa4,1098.8999999999999
286259,OA-ASM1,1098.8999999999999
11602,OA-ASM1,1099.0
10555,OA-VUMa3,1099.3
10269,OA-AL2i2,1099.4
11264,OA-ASM1,1099.5000000000002
12109,OA-VUMa2,1100.5
10175,OA-VUMa6,1101.0
10322,OA-AL2i2,1101.5000000000002
10204,OA-AL2i2,1102.1000000000001
10265,OA-AL2i2,1102.4
12896,OA-VUMa5,1102.4
10825,OA-AL2i3,1104.4
287884,OA-VPM3,1104.7
10120,OA-VPM4,1105.4
10110,OA-VUMa1,1105.9
10185,OA-VUMa8,1106.0
10187,OA-VPM3,1106.0
10226,OA-AL2i3,1106.5
11608,OA-VUMa2,1106.6
10168,OA-VUMa6,1107.2
10652,OA-AL2i4,1108.0
10041,OA-VUMa1,1108.0
10072,OA-AL2i1,1108.8
10080,OA-VUMa3,1109.0
11005,OA-VUMa4,1109.1
10677,OA-AL2i4,1109.9
11921,OA-VPM4,1109.9
12688,OA-ASM1,1110.2
10011,OA-AL2i1,1110.3
53065,Mi1,1110.3
10658,OA-AL2i3,1110.4
10687,OA-AL2i3,1110.4
12109,OA-VUMa2,1111.3
10269,OA-AL2i2,1111.7
10799,OA-VUMa4,1111.8000000000002
10555,OA-VUMa3,1112.2
11602,OA-ASM1,1112.2
10175,OA-VUMa6,1112.7
10322,OA-AL2i2,1113.0
12896,OA-VUMa5,1113.2
286259,OA-ASM1,1113.5000000000002
11264,OA-ASM1,1114.4
10265,OA-AL2i2,1114.8
10204,OA-AL2i2,1116.0
10825,OA-AL2i3,1116.1000000000001
287884,OA-VPM3,1117.2
10226,OA-AL2i3,1117.9
10120,OA-VPM4,1117.9
10110,OA-VUMa1,1118.0
11608,OA-VUMa2,1118.0
10187,OA-VPM3,1118.3
10168,OA-VUMa6,1119.2
10041,OA-VUMa1,1119.3
10185,OA-VUMa8,1120.1000000000001
10072,OA-AL2i1,1120.8
11005,OA-VUMa4,1121.0
10652,OA-AL2i4,1121.0
10080,OA-VUMa3,1121.7
10011,OA-AL2i1,1121.9
10658,OA-AL2i3,1122.5
12109,OA-VUMa2,1122.7
10687,OA-AL2i3,1122.9
12688,OA-ASM1,1123.1
10175,OA-VUMa6,1124.1000000000001
10677,OA-AL2i4,1124.1000000000001
11921,OA-VPM4,1124.2
10269,OA-AL2i2,1124.3
12896,OA-VUMa5,1124.7
10799,OA-VUMa4,1124.9
10555,OA-VUMa3,1125.0
53065,Mi1,1125.0
10322,OA-AL2i2,1125.6000000000001
11602,OA-ASM1,1126.2
11264,OA-ASM1,1127.2
286259,OA-ASM1,1127.8000000000002
10265,OA-AL2i2,1128.1000000000001
10110,OA-VUMa1,1128.9
10825,OA-AL2i3,1129.0
10204,OA-AL2i2,1129.3
10226,OA-AL2i3,1129.6000000000001
11608,OA-VUMa2,1129.6000000000001
10041,OA-VUMa1,1130.4
10120,OA-VPM4,1130.4
10168,OA-VUMa6,1131.1
287884,OA-VPM3,1131.1
11005,OA-VUMa4,1132.3
10187,OA-VPM3,1132.6000000000001
10072,OA-AL2i1,1132.7
10011,OA-AL2i1,1133.6000000000001
10185,OA-VUMa8,1133.6000000000001
12109,OA-VUMa2,1133.8000000000002
10652,OA-AL2i4,1134.5
10658,OA-AL2i3,1134.5
10080,OA-VUMa3,1135.0
10687,OA-AL2i3,1135.5
12896,OA-VUMa5,1135.6000000000001
10175,OA-VUMa6,1136.0
10677,OA-AL2i4,1136.2
12688,OA-ASM1,1136.2
10269,OA-AL2i2,1137.1
10799,OA-VUMa4,1137.7
11921,OA-VPM4,1137.8000000000002
10555,OA-VUMa3,1138.6000000000001
11602,OA-ASM1,1138.6000000000001
10322,OA-AL2i2,1139.2
10110,OA-VUMa1,1140.2
53065,Mi1,1140.6000000000001
11608,OA-VUMa2,1140.6000000000001
10265,OA-AL2i2,1141.0
10226,OA-AL2i3,1141.3
286259,OA-ASM1,1141.3
11264,OA-ASM1,1141.5
10825,OA-AL2i3,1141.6
10120,OA-VPM4,1142.0
10041,OA-VUMa1,1142.2
10168,OA-VUMa6,1143.3
10204,OA-AL2i2,1143.3999999999999
287884,OA-VPM3,1143.3999999999999
10072,OA-AL2i1,1144.2
11005,OA-VUMa4,1144.4
10185,OA-VUMa8,1145.8000000000002
12109,OA-VUMa2,1146.0
10187,OA-VPM3,1146.3000000000002
10658,OA-AL2i3,1146.7
10011,OA-AL2i1,1146.7
12896,OA-VUMa5,1146.9
10175,OA-VUMa6,1147.6
10687,OA-AL2i3,1147.7
10652,OA-AL2i4,1147.9
10080,OA-VUMa3,1148.0
10269,OA-AL2i2,1149.3
10677,OA-AL2i4,1149.3999999999999
12688,OA-ASM1,1149.9
10799,OA-VUMa4,1150.4
10322,OA-AL2i2,1150.6000000000001
11602,OA-ASM1,1150.6000000000001
10110,OA-VUMa1,1150.8
11608,OA-VUMa2,1151.5
10226,OA-AL2i3,1151.6999999999998
10555,OA-VUMa3,1151.8000000000002
11921,OA-VPM4,1152.5
10825,OA-AL2i3,1153.5
10041,OA-VUMa1,1153.6
10265,OA-AL2i2,1154.0
10120,OA-VPM4,1154.2
11264,OA-ASM1,1154.4
286259,OA-ASM1,1154.4
53065,Mi1,1155.3
11005,OA-VUMa4,1155.5
10168,OA-VUMa6,1155.8000000000002
10072,OA-AL2i1,1156.6000000000001
10204,OA-AL2i2,1156.6000000000001
287884,OA-VPM3,1157.1
12109,OA-VUMa2,1157.6
10011,OA-AL2i1,1157.8000000000002
10658,OA-AL2i3,1158.0000000000002
10185,OA-VUMa8,1158.8
10187,OA-VPM3,1158.9
10687,OA-AL2i3,1159.0
12896,OA-VUMa5,1159.3
10175,OA-VUMa6,1160.1000000000001
10269,OA-AL2i2,1161.2
10110,OA-VUMa1,1161.3999999999999
10677,OA-AL2i4,1161.3999999999999
10652,OA-AL2i4,1161.6999999999998
12688,OA-ASM1,1162.2
10080,OA-VUMa3,1162.3000000000002
11608,OA-VUMa2,1162.6000000000001
10322,OA-AL2i2,1162.7
10226,OA-AL2i3,1163.1
11602,OA-ASM1,1163.1
10799,OA-VUMa4,1163.9
10041,OA-VUMa1,1164.0000000000002
10555,OA-VUMa3,1165.6
10825,OA-AL2i3,1166.6000000000001
10265,OA-AL2i2,1166.7
11005,OA-VUMa4,1166.9
10120,OA-VPM4,1167.3
11921,OA-VPM4,1167.3999999999999
10168,OA-VUMa6,1167.6
11264,OA-ASM1,1167.6
286259,OA-ASM1,1168.7
10011,OA-AL2i1,1169.0
10072,OA-AL2i1,1169.1
12109,OA-VUMa2,1169.5
287884,OA-VPM3,1169.6
10204,OA-AL2i2,1169.8
10658,OA-AL2i3,1169.8
10185,OA-VUMa8,1170.8
53065,Mi1,1171.3999999999999
10687,OA-AL2i3,1171.9
10187,OA-VPM3,1172.2
10110,OA-VUMa1,1172.3000000000002
10175,OA-VUMa6,1172.3000000000002
12896,OA-VUMa5,1172.6000000000001
10677,OA-AL2i4,1173.0
10226,OA-AL2i3,1174.0000000000002
10269,OA-AL2i2,1174.2
10652,OA-AL2i4,1174.9
10041,OA-VUMa1,1175.1
10080,OA-VUMa3,1175.3
12688,OA-ASM1,1175.3
10322,OA-AL2i2,1175.5
11608,OA-VUMa2,1175.5
10799,OA-VUMa4,1175.7
11602,OA-ASM1,1176.1000000000001
10555,OA-VUMa3,1178.6000000000001
11005,OA-VUMa4,1178.6000000000001
10168,OA-VUMa6,1178.8
10825,OA-AL2i3,1179.3
10120,OA-VPM4,1179.4
10072,OA-AL2i1,1179.8
10265,OA-AL2i2,1180.0000000000002
11264,OA-ASM1,1180.3000000000002
10011,OA-AL2i1,1180.7
12109,OA-VUMa2,1181.1
10658,OA-AL2i3,1181.2
11921,OA-VPM4,1181.2
10185,OA-VUMa8,1181.8
10204,OA-AL2i2,1182.7
286259,OA-ASM1,1183.7
10110,OA-VUMa1,1183.8
10687,OA-AL2i3,1183.8999999999999
287884,OA-VPM3,1184.0000000000002
12896,OA-VUMa5,1184.3000000000002
10175,OA-VUMa6,1184.5
10226,OA-AL2i3,1184.9
10187,OA-VPM3,1185.0
10677,OA-AL2i4,1186.1000000000001
10041,OA-VUMa1,1186.1000000000001
10269,OA-AL2i2,1186.4
53065,Mi1,1186.7
10652,OA-AL2i4,1187.1
10322,OA-AL2i2,1187.4
11608,OA-VUMa2,1187.4
10080,OA-VUMa3,1188.4
11602,OA-ASM1,1188.6000000000001
10799,OA-VUMa4,1188.8
12688,OA-ASM1,1189.6
11005,OA-VUMa4,1190.0
10168,OA-VUMa6,1190.6000000000001
10555,OA-VUMa3,1191.8
10120,OA-VPM4,1191.8999999999999
10825,OA-AL2i3,1191.8999999999999
10072,OA-AL2i1,1192.0
12109,OA-VUMa2,1192.4
10011,OA-AL2i1,1192.5
10265,OA-AL2i2,1192.8
10185,OA-VUMa8,1193.1000000000001
10658,OA-AL2i3,1193.1000000000001
11264,OA-ASM1,1193.8
10110,OA-VUMa1,1194.8
10687,OA-AL2i3,1195.6
12896,OA-VUMa5,1195.6
11921,OA-VPM4,1195.8999999999999
10204,OA-AL2i2,1196.0
10175,OA-VUMa6,1196.1000000000001
10041,OA-VUMa1,1196.2
286259,OA-ASM1,1196.6000000000001
287884,OA-VPM3,1196.6000000000001
10187,OA-VPM3,1196.9
10226,OA-AL2i3,1197.1000000000001
11608,OA-VUMa2,1198.2
10677,OA-AL2i4,1198.5
10322,OA-AL2i2,1198.8
10269,OA-AL2i2,1198.9
10652,OA-AL2i4,1199.1000000000001
10080,OA-VUMa3,1201.0
10072,OA-AL2i1,1201.3
11602,OA-ASM1,1201.4
53065,Mi1,1201.7
10168,OA-VUMa6,1201.8999999999999
11005,OA-VUMa4,1202.1000000000001
10799,OA-VUMa4,1202.4
12109,OA-VUMa2,1202.8
10011,OA-AL2i1,1203.3
10120,OA-VPM4,1203.6
12688,OA-ASM1,1203.7
10555,OA-VUMa3,1204.7
10658,OA-AL2i3,1205.1000000000001
10825,OA-AL2i3,1205.4
10265,OA-AL2i2,1205.4
10185,OA-VUMa8,1205.6
12896,OA-VUMa5,1206.0
10110,OA-VUMa1,1206.2
10687,OA-AL2i3,1206.9
11264,OA-ASM1,1207.4
10175,OA-VUMa6,1207.7
10041,OA-VUMa1,1208.2
10204,OA-AL2i2,1208.5
10226,OA-AL2i3,1209.0
287884,OA-VPM3,1209.4
11608,OA-VUMa2,1209.5
11921,OA-VPM4,1209.6
10187,OA-VPM3,1209.7
286259,OA-ASM1,1210.6000000000001
10072,OA-AL2i1,1210.7
10269,OA-AL2i2,1210.8000000000002
10322,OA-AL2i2,1210.9
10677,OA-AL2i4,1211.5
10652,OA-AL2i4,1212.4
10080,OA-VUMa3,1213.2
10168,OA-VUMa6,1213.6
11602,OA-ASM1,1213.8999999999999
12109,OA-VUMa2,1214.5
11005,OA-VUMa4,1214.9
10799,OA-VUMa4,1215.3
10011,OA-AL2i1,1215.4
10120,OA-VPM4,1216.1
12688,OA-ASM1,1216.1999999999998
10658,OA-AL2i3,1216.6000000000001
53065,Mi1,1216.7
10555,OA-VUMa3,1216.9
12896,OA-VUMa5,1217.0
10110,OA-VUMa1,1217.5
10185,OA-VUMa8,1217.8
10265,OA-AL2i2,1218.1
10825,OA-AL2i3,1218.6000000000001
10175,OA-VUMa6,1219.2
10041,OA-VUMa1,1219.4
10687,OA-AL2i3,1219.8
10226,OA-AL2i3,1220.6000000000001
10072,OA-AL2i1,1220.8000000000002
11264,OA-ASM1,1220.8000000000002
11608,OA-VUMa2,1220.8000000000002
10204,OA-AL2i2,1221.2
10187,OA-VPM3,1223.1000000000001
10322,OA-AL2i2,1223.2
11921,OA-VPM4,1223.2
287884,OA-VPM3,1223.5
10269,OA-AL2i2,1223.7
286259,OA-ASM1,1224.4
10168,OA-VUMa6,1224.7
12109,OA-VUMa2,1225.7
10677,OA-AL2i4,1225.7
11005,OA-VUMa4,1225.7
10652,OA-AL2i4,1226.0
10080,OA-VUMa3,1226.8000000000002
11602,OA-ASM1,1227.3
10658,OA-AL2i3,1227.7
12688,OA-ASM1,1227.8999999999999
10011,OA-AL2i1,1228.2
12896,OA-VUMa5,1228.6000000000001
10110,OA-VUMa1,1228.8000000000002
10120,OA-VPM4,1228.9
10185,OA-VUMa8,1229.4
10799,OA-VUMa4,1229.8999999999999
10265,OA-AL2i2,1230.2
10175,OA-VUMa6,1230.5000000000002
10555,OA-VUMa3,1230.6000000000001
10072,OA-AL2i1,1230.7
10041,OA-VUMa1,1231.0
10825,OA-AL2i3,1231.3
11608,OA-VUMa2,1232.1
10226,OA-AL2i3,1232.5000000000002
53065,Mi1,1232.6000000000001
10687,OA-AL2i3,1233.0
10204,OA-AL2i2,1233.1000000000001
11264,OA-ASM1,1234.6000000000001
10322,OA-AL2i2,1234.9
287884,OA-VPM3,1235.2
10168,OA-VUMa6,1235.6
10187,OA-VPM3,1235.8999999999999
10269,OA-AL2i2,1236.4
12109,OA-VUMa2,1237.1000000000001
286259,OA-ASM1,1237.1000000000001
11921,OA-VPM4,1237.1000000000001
11005,OA-VUMa4,1237.2
10652,OA-AL2i4,1238.1
10658,OA-AL2i3,1238.7
10677,OA-AL2i4,1238.7
10011,OA-AL2i1,1239.4
11602,OA-ASM1,1239.7
12896,OA-VUMa5,1239.7
10080,OA-VUMa3,1239.8999999999999
10110,OA-VUMa1,1240.2
10120,OA-VPM4,1240.2
12688,OA-ASM1,1240.2
10072,OA-AL2i1,1240.6000000000001
10175,OA-VUMa6,1241.7
10185,OA-VUMa8,1242.1
10265,OA-AL2i2,1242.1
10041,OA-VUMa1,1242.5000000000002
10799,OA-VUMa4,1243.0
10825,OA-AL2i3,1243.1000000000001
11608,OA-VUMa2,1243.3
10226,OA-AL2i3,1244.0
10555,OA-VUMa3,1245.1000000000001
10204,OA-AL2i2,1246.3999999999999
10322,OA-AL2i2,1246.3999999999999
10687,OA-AL2i3,1246.6000000000001
10168,OA-VUMa6,1247.0
11264,OA-ASM1,1247.1000000000001
287884,OA-VPM3,1247.9
11005,OA-VUMa4,1248.2
10269,OA-AL2i2,1248.9
12109,OA-VUMa2,1248.9
53065,Mi1,1248.9
10187,OA-VPM3,1249.9
10011,OA-AL2i1,1250.3999999999999
286259,OA-ASM1,1250.7
10110,OA-VUMa1,1250.8000000000002
10658,OA-AL2i3,1250.8000000000002
10072,OA-AL2i1,1250.8000000000002
12896,OA-VUMa5,1250.9
10652,OA-AL2i4,1251.2
10677,OA-AL2i4,1251.4
10120,OA-VPM4,1252.5000000000002
10080,OA-VUMa3,1253.0
11602,OA-ASM1,1253.1000000000001
11921,OA-VPM4,1253.1000000000001
12688,OA-ASM1,1253.2
10041,OA-VUMa1,1253.6
10265,OA-AL2i2,1253.8
10185,OA-VUMa8,1253.9
11608,OA-VUMa2,1254.2
10175,OA-VUMa6,1254.3
10226,OA-AL2i3,1254.9
10825,OA-AL2i3,1255.2
10799,OA-VUMa4,1255.9
10168,OA-VUMa6,1257.2
10322,OA-AL2i2,1258.1
10687,OA-AL2i3,1258.3999999999999
10555,OA-VUMa3,1258.5
10204,OA-AL2i2,1258.8000000000002
11005,OA-VUMa4,1259.5
10269,OA-AL2i2,1260.5
11264,OA-ASM1,1260.8000000000002
10658,OA-AL2i3,1260.9
10072,OA-AL2i1,1261.0
12896,OA-VUMa5,1261.4
10011,OA-AL2i1,1261.5
287884,OA-VPM3,1261.7
12109,OA-VUMa2,1261.9
10110,OA-VUMa1,1262.6000000000001
286259,OA-ASM1,1263.2
10187,OA-VPM3,1263.9
10041,OA-VUMa1,1264.3
10677,OA-AL2i4,1264.3999999999999
10120,OA-VPM4,1264.6000000000001
10652,OA-AL2i4,1264.7
53065,Mi1,1265.0
10080,OA-VUMa3,1265.2
10265,OA-AL2i2,1265.2
11608,OA-VUMa2,1266.0
10226,OA-AL2i3,1266.1
12688,OA-ASM1,1266.2
10185,OA-VUMa8,1267.2
10175,OA-VUMa6,1267.3
10825,OA-AL2i3,1267.4
11602,OA-ASM1,1267.4
11921,OA-VPM4,1268.0
10799,OA-VUMa4,1268.8000000000002
10168,OA-VUMa6,1269.1000000000001
10322,OA-AL2i2,1269.6000000000001
10687,OA-AL2i3,1270.0
10555,OA-VUMa3,1271.2
10658,OA-AL2i3,1271.8
10204,OA-AL2i2,1272.1
11005,OA-VUMa4,1272.2
10269,OA-AL2i2,1272.3999999999999
12896,OA-VUMa5,1272.7
10011,OA-AL2i1,1272.9
10072,OA-AL2i1,1273.4
10110,OA-VUMa1,1274.3
11264,OA-ASM1,1274.3999999999999
12109,OA-VUMa2,1274.5
287884,OA-VPM3,1275.2
10041,OA-VUMa1,1275.8
10187,OA-VPM3,1276.5
10677,OA-AL2i4,1277.4
286259,OA-ASM1,1277.5
11608,OA-VUMa2,1277.6000000000001
10120,OA-VPM4,1277.6000000000001
10265,OA-AL2i2,1277.7
10226,OA-AL2i3,1278.0
10080,OA-VUMa3,1278.6
10652,OA-AL2i4,1279.0
10825,OA-AL2i3,1279.3000000000002
12688,OA-ASM1,1279.3000000000002
11602,OA-ASM1,1279.5
53065,Mi1,1279.6000000000001
10185,OA-VUMa8,1279.9
10175,OA-VUMa6,1280.2
10322,OA-AL2i2,1280.3999999999999
10168,OA-VUMa6,1280.5
11921,OA-VPM4,1281.4
10799,OA-VUMa4,1282.2
10687,OA-AL2i3,1282.3999999999999
12896,OA-VUMa5,1283.5
10658,OA-AL2i3,1283.7
11005,OA-VUMa4,1284.1
10555,OA-VUMa3,1284.3999999999999
10072,OA-AL2i1,1284.9
10269,OA-AL2i2,1285.0000000000002
10110,OA-VUMa1,1285.2
10011,OA-AL2i1,1285.3000000000002
10204,OA-AL2i2,1285.4
12109,OA-VUMa2,1287.6000000000001
11264,OA-ASM1,1287.7
10041,OA-VUMa1,1287.8
10187,OA-VPM3,1288.2
287884,OA-VPM3,1288.6999999999998
10226,OA-AL2i3,1288.8000000000002
11608,OA-VUMa2,1288.8000000000002
10265,OA-AL2i2,1290.0
10120,OA-VPM4,1290.6
10080,OA-VUMa3,1291.6000000000001
10168,OA-VUMa6,1291.9
10677,OA-AL2i4,1291.9
10322,OA-AL2i2,1292.0
10652,OA-AL2i4,1292.0
286259,OA-ASM1,1292.0
10825,OA-AL2i3,1292.2
10175,OA-VUMa6,1292.3
10185,OA-VUMa8,1292.3
11602,OA-ASM1,1292.6
53065,Mi1,1292.9
12688,OA-ASM1,1293.1000000000001
10799,OA-VUMa4,1294.6
12896,OA-VUMa5,1294.8000000000002
10658,OA-AL2i3,1295.1000000000001
10687,OA-AL2i3,1295.5
10555,OA-VUMa3,1296.8
10110,OA-VUMa1,1296.8
11921,OA-VPM4,1296.9
10204,OA-AL2i2,1297.4
11005,OA-VUMa4,1297.7
10011,OA-AL2i1,1298.0
10041,OA-VUMa1,1298.3
10269,OA-AL2i2,1298.3999999999999
10072,OA-AL2i1,1298.6
12109,OA-VUMa2,1299.1000000000001
10226,OA-AL2i3,1299.7
11264,OA-ASM1,1300.0
11608,OA-VUMa2,1300.1
287884,OA-VPM3,1301.0000000000002
10187,OA-VPM3,1301.1000000000001
10265,OA-AL2i2,1302.5
10120,OA-VPM4,1303.0000000000002
10168,OA-VUMa6,1303.3000000000002
10322,OA-AL2i2,1303.4
10080,OA-VUMa3,1303.7
10825,OA-AL2i3,1304.3
10652,OA-AL2i4,1304.5
286259,OA-ASM1,1304.7
10185,OA-VUMa8,1304.8
10175,OA-VUMa6,1305.0000000000002
10677,OA-AL2i4,1305.5
12896,OA-VUMa5,1305.8
11602,OA-ASM1,1305.9
12688,OA-ASM1,1306.9
10658,OA-AL2i3,1307.1000000000001
10110,OA-VUMa1,1307.2
10799,OA-VUMa4,1307.4
53065,Mi1,1307.6000000000001
10687,OA-AL2i3,1308.4
10555,OA-VUMa3,1308.8999999999999
11005,OA-VUMa4,1309.9
10011,OA-AL2i1,1310.0
11921,OA-VPM4,1310.3
12109,OA-VUMa2,1310.4
10226,OA-AL2i3,1310.7
10041,OA-VUMa1,1310.8
10072,OA-AL2i1,1310.8
10204,OA-AL2i2,1311.2
10269,OA-AL2i2,1311.6000000000001
11608,OA-VUMa2,1311.7
11264,OA-ASM1,1313.5
287884,OA-VPM3,1313.6000000000001
10187,OA-VPM3,1314.1
10168,OA-VUMa6,1314.5
10265,OA-AL2i2,1314.7
10322,OA-AL2i2,1315.0000000000002
10120,OA-VPM4,1315.3000000000002
10080,OA-VUMa3,1316.5
12896,OA-VUMa5,1316.6
10652,OA-AL2i4,1316.8999999999999
10175,OA-VUMa6,1317.5
10185,OA-VUMa8,1318.1
10825,OA-AL2i3,1318.4
10110,OA-VUMa1,1318.5
286259,OA-ASM1,1318.5
10658,OA-AL2i3,1318.7
10677,OA-AL2i4,1318.8
12688,OA-ASM1,1320.0
10799,OA-VUMa4,1320.3
11602,OA-ASM1,1320.5
10687,OA-AL2i3,1321.0000000000002
12109,OA-VUMa2,1321.7
10041,OA-VUMa1,1321.8
11005,OA-VUMa4,1321.8
53065,Mi1,1321.8
10555,OA-VUMa3,1322.1000000000001
10011,OA-AL2i1,1322.5
10226,OA-AL2i3,1322.8
10072,OA-AL2i1,1323.2
11608,OA-VUMa2,1323.3000000000002
11921,OA-VPM4,1323.3000000000002
10269,OA-AL2i2,1323.8
10204,OA-AL2i2,1324.6
11264,OA-ASM1,1325.7
287884,OA-VPM3,1326.1000000000001
10322,OA-AL2i2,1326.6
10187,OA-VPM3,1326.6
10168,OA-VUMa6,1327.0
10265,OA-AL2i2,1327.5
10120,OA-VPM4,1328.3
10175,OA-VUMa6,1328.3
12896,OA-VUMa5,1328.8999999999999
10652,OA-AL2i4,1329.2
10080,OA-VUMa3,1330.2
10110,OA-VUMa1,1330.4
10825,OA-AL2i3,1331.2
10185,OA-VUMa8,1331.3000000000002
10658,OA-AL2i3,1331.3000000000002
12688,OA-ASM1,1332.1000000000001
286259,OA-ASM1,1332.3
10677,OA-AL2i4,1332.4
10041,OA-VUMa1,1332.5
10799,OA-VUMa4,1332.8
11602,OA-ASM1,1332.8999999999999
10687,OA-AL2i3,1333.8000000000002
10011,OA-AL2i1,1333.9
12109,OA-VUMa2,1334.1000000000001
11005,OA-VUMa4,1334.4
10226,OA-AL2i3,1334.7
10555,OA-VUMa3,1334.7
10072,OA-AL2i1,1335.3000000000002
53065,Mi1,1335.6000000000001
11608,OA-VUMa2,1335.7
10269,OA-AL2i2,1336.5
10204,OA-AL2i2,1336.8999999999999
11921,OA-VPM4,1338.4
10187,OA-VPM3,1338.5
10322,OA-AL2i2,1338.5
10168,OA-VUMa6,1339.5
10265,OA-AL2i2,1339.6000000000001
11264,OA-ASM1,1339.7
287884,OA-VPM3,1340.0
12896,OA-VUMa5,1340.8
10175,OA-VUMa6,1341.2
10110,OA-VUMa1,1341.3000000000002
10120,OA-VPM4,1341.7
10652,OA-AL2i4,1342.5
10080,OA-VUMa3,1343.7
10658,OA-AL2i3,1343.8000000000002
10185,OA-VUMa8,1344.1000000000001
10041,OA-VUMa1,1344.4
10825,OA-AL2i3,1344.4
11602,OA-ASM1,1345.2
286259,OA-ASM1,1345.4
12688,OA-ASM1,1345.5
12109,OA-VUMa2,1345.7
10677,OA-AL2i4,1346.2
10011,OA-AL2i1,1346.4
10799,OA-VUMa4,1346.5
10555,OA-VUMa3,1346.8
10226,OA-AL2i3,1346.8999999999999
11005,OA-VUMa4,1346.8999999999999
11608,OA-VUMa2,1347.1
10687,OA-AL2i3,1347.2
10072,OA-AL2i1,1347.4
10204,OA-AL2i2,1348.6
10269,OA-AL2i2,1350.0
53065,Mi1,1350.3
10322,OA-AL2i2,1350.4
10187,OA-VPM3,1351.0
12896,OA-VUMa5,1351.4
10265,OA-AL2i2,1351.5000000000002
10168,OA-VUMa6,1352.1000000000001
11921,OA-VPM4,1352.4
10175,OA-VUMa6,1352.5
10110,OA-VUMa1,1353.3000000000002
11264,OA-ASM1,1353.4
287884,OA-VPM3,1353.8000000000002
10120,OA-VPM4,1354.2
10652,OA-AL2i4,1355.2
10041,OA-VUMa1,1355.7
10080,OA-VUMa3,1356.3
10658,OA-AL2i3,1356.4
10185,OA-VUMa8,1356.5
12109,OA-VUMa2,1356.6
10825,OA-AL2i3,1357.2
11602,OA-ASM1,1357.7
10011,OA-AL2i1,1357.8000000000002
10555,OA-VUMa3,1358.4
10226,OA-AL2i3,1358.8999999999999
12688,OA-ASM1,1359.1
11005,OA-VUMa4,1359.2
11608,OA-VUMa2,1359.4
10677,OA-AL2i4,1359.5000000000002
286259,OA-ASM1,1359.6000000000001
10072,OA-AL2i1,1359.7
10687,OA-AL2i3,1360.1000000000001
10799,OA-VUMa4,1360.1000000000001
10204,OA-AL2i2,1361.7
10322,OA-AL2i2,1362.4
12896,OA-VUMa5,1362.8999999999999
10269,OA-AL2i2,1363.2
10187,OA-VPM3,1363.4
10110,OA-VUMa1,1363.8000000000002
10265,OA-AL2i2,1363.9
10168,OA-VUMa6,1364.6
53065,Mi1,1364.7
10175,OA-VUMa6,1364.8
11921,OA-VPM4,1366.0
287884,OA-VPM3,1366.1000000000001
10041,OA-VUMa1,1366.3
10120,OA-VPM4,1366.8
11264,OA-ASM1,1367.5000000000002
10652,OA-AL2i4,1367.8000000000002
12109,OA-VUMa2,1367.8000000000002
10658,OA-AL2i3,1368.7
10011,OA-AL2i1,1368.8999999999999
10185,OA-VUMa8,1369.3
10825,OA-AL2i3,1369.6000000000001
10080,OA-VUMa3,1369.8000000000002
11602,OA-ASM1,1370.1000000000001
11608,OA-VUMa2,1370.5
11005,OA-VUMa4,1370.7
12688,OA-ASM1,1371.2
10226,OA-AL2i3,1371.3
10555,OA-VUMa3,1371.5000000000002
10072,OA-AL2i1,1372.2
10677,OA-AL2i4,1372.8
10687,OA-AL2i3,1373.0
10799,OA-VUMa4,1373.3
10322,OA-AL2i2,1373.4
286259,OA-ASM1,1373.8000000000002
10110,OA-VUMa1,1374.4
12896,OA-VUMa5,1374.7
10269,OA-AL2i2,1375.8000000000002
10187,OA-VPM3,1376.4
10175,OA-VUMa6,1376.4
10204,OA-AL2i2,1376.5
10265,OA-AL2i2,1377.2
10041,OA-VUMa1,1377.6000000000001
10168,OA-VUMa6,1378.1000000000001
53065,Mi1,1378.8
287884,OA-VPM3,1378.9
10011,OA-AL2i1,1379.1
12109,OA-VUMa2,1379.5000000000002
10120,OA-VPM4,1380.2
11921,OA-VPM4,1380.5
10652,OA-AL2i4,1380.9
10185,OA-VUMa8,1381.3999999999999
10658,OA-AL2i3,1381.3999999999999
11264,OA-ASM1,1381.5000000000002
10825,OA-AL2i3,1381.7
11608,OA-VUMa2,1382.2
10080,OA-VUMa3,1382.2
10226,OA-AL2i3,1382.5
11602,OA-ASM1,1383.8000000000002
11005,OA-VUMa4,1383.9
10072,OA-AL2i1,1385.1
10555,OA-VUMa3,1385.2
10799,OA-VUMa4,1385.3
10110,OA-VUMa1,1385.3999999999999
10687,OA-AL2i3,1385.6000000000001
12688,OA-ASM1,1385.7
12896,OA-VUMa5,1385.7
10322,OA-AL2i2,1386.0
10677,OA-AL2i4,1386.1000000000001
286259,OA-ASM1,1387.8000000000002
10041,OA-VUMa1,1387.9
10269,OA-AL2i2,1388.2
10204,OA-AL2i2,1388.4
10175,OA-VUMa6,1388.4
10265,OA-AL2i2,1388.8
10187,OA-VPM3,1389.3
10011,OA-AL2i1,1390.0
10168,OA-VUMa6,1390.2
12109,OA-VUMa2,1390.5
287884,OA-VPM3,1390.6000000000001
10120,OA-VPM4,1392.7
10185,OA-VUMa8,1393.1
10658,OA-AL2i3,1393.2
53065,Mi1,1393.5
11608,OA-VUMa2,1393.8000000000002
10652,OA-AL2i4,1394.0
11921,OA-VPM4,1394.8
10080,OA-VUMa3,1395.0
11264,OA-ASM1,1395.2
10825,OA-AL2i3,1395.3
11005,OA-VUMa4,1395.8000000000002
10226,OA-AL2i3,1396.3
10110,OA-VUMa1,1396.4
12896,OA-VUMa5,1396.6000000000001
11602,OA-ASM1,1396.9
10072,OA-AL2i1,1398.0
10555,OA-VUMa3,1398.2
12688,OA-ASM1,1398.2
10799,OA-VUMa4,1398.4
10041,OA-VUMa1,1398.5
10687,OA-AL2i3,1398.6000000000001
10322,OA-AL2i2,1398.9
10677,OA-AL2i4,1399.3
10175,OA-VUMa6,1399.8000000000002
10269,OA-AL2i2,1399.8000000000002
286259,OA-ASM1,1400.1000000000001
10011,OA-AL2i1,1401.2
10265,OA-AL2i2,1401.3
12109,OA-VUMa2,1401.3999999999999
10204,OA-AL2i2,1401.8000000000002
10187,OA-VPM3,1402.1000000000001
10168,OA-VUMa6,1402.6000000000001
10120,OA-VPM4,1404.4
287884,OA-VPM3,1404.7
10185,OA-VUMa8,1405.3
11608,OA-VUMa2,1405.8000000000002
10658,OA-AL2i3,1406.6000000000001
10652,OA-AL2i4,1406.6000000000001
53065,Mi1,1407.3999999999999
10110,OA-VUMa1,1407.8000000000002
12896,OA-VUMa5,1408.3000000000002
10072,OA-AL2i1,1408.3000000000002
10080,OA-VUMa3,1408.3000000000002
10226,OA-AL2i3,1408.3000000000002
11005,OA-VUMa4,1408.3000000000002
10825,OA-AL2i3,1408.4
11264,OA-ASM1,1408.5
11602,OA-ASM1,1409.2
11921,OA-VPM4,1409.3999999999999
10041,OA-VUMa1,1409.5
10322,OA-AL2i2,1410.9
10687,OA-AL2i3,1410.9
10677,OA-AL2i4,1411.1
10799,OA-VUMa4,1411.1
12688,OA-ASM1,1411.5
10175,OA-VUMa6,1411.6
10555,OA-VUMa3,1412.1000000000001
10269,OA-AL2i2,1412.2
12109,OA-VUMa2,1412.2
10011,OA-AL2i1,1412.8
10265,OA-AL2i2,1413.2
286259,OA-ASM1,1414.2
10204,OA-AL2i2,1414.8
10168,OA-VUMa6,1414.8
10187,OA-VPM3,1415.3
11608,OA-VUMa2,1417.3999999999999
10185,OA-VUMa8,1417.6
10120,OA-VPM4,1417.6999999999998
10658,OA-AL2i3,1418.0000000000002
287884,OA-VPM3,1418.0000000000002
10110,OA-VUMa1,1418.9
12896,OA-VUMa5,1419.3
10652,OA-AL2i4,1419.6
10072,OA-AL2i1,1420.7
10041,OA-VUMa1,1421.0
11005,OA-VUMa4,1421.0
10080,OA-VUMa3,1421.2
10226,OA-AL2i3,1421.3
11602,OA-ASM1,1421.3999999999999
10825,OA-AL2i3,1421.5
11264,OA-ASM1,1422.2
53065,Mi1,1422.4
10322,OA-AL2i2,1423.3
12688,OA-ASM1,1423.6
10175,OA-VUMa6,1423.7
10687,OA-AL2i3,1423.7
10677,OA-AL2i4,1423.8000000000002
12109,OA-VUMa2,1423.9
11921,OA-VPM4,1424.2
10011,OA-AL2i1,1424.4
10799,OA-VUMa4,1424.7
10265,OA-AL2i2,1425.1
10168,OA-VUMa6,1425.3
10269,OA-AL2i2,1425.8000000000002
10555,OA-VUMa3,1426.5
10187,OA-VPM3,1427.8
10204,OA-AL2i2,1427.9
11608,OA-VUMa2,1429.1
286259,OA-ASM1,1429.2
10120,OA-VPM4,1429.6
10185,OA-VUMa8,1429.8
10110,OA-VUMa1,1430.3000000000002
12896,OA-VUMa5,1430.4
10658,OA-AL2i3,1430.7
287884,OA-VPM3,1430.9
10041,OA-VUMa1,1431.6
10072,OA-AL2i1,1432.0000000000002
11602,OA-ASM1,1433.7
10825,OA-AL2i3,1433.8
10652,OA-AL2i4,1434.0000000000002
10226,OA-AL2i3,1434.1000000000001
11005,OA-VUMa4,1434.1000000000001
10080,OA-VUMa3,1434.6000000000001
10175,OA-VUMa6,1434.7
12109,OA-VUMa2,1435.4
10687,OA-AL2i3,1435.6
10168,OA-VUMa6,1435.7
10322,OA-AL2i2,1435.8
10011,OA-AL2i1,1436.4
10677,OA-AL2i4,1436.4
11264,OA-ASM1,1436.4
12688,OA-ASM1,1436.9
53065,Mi1,1437.4
10799,OA-VUMa4,1437.7
10265,OA-AL2i2,1437.8
11921,OA-VPM4,1437.8
10269,OA-AL2i2,1437.9
10555,OA-VUMa3,1440.0000000000002
11608,OA-VUMa2,1440.3000000000002
10204,OA-AL2i2,1440.8
10187,OA-VPM3,1440.9
10185,OA-VUMa8,1441.1
12896,OA-VUMa5,1442.3000000000002
10658,OA-AL2i3,1442.3000000000002
10041,OA-VUMa1,1442.4
10110,OA-VUMa1,1442.4
10072,OA-AL2i1,1442.5
10120,OA-VPM4,1442.9
286259,OA-ASM1,1443.3
287884,OA-VPM3,1444.5
10825,OA-AL2i3,1445.4
10226,OA-AL2i3,1445.8999999999999
11005,OA-VUMa4,1446.0000000000002
10175,OA-VUMa6,1446.1000000000001
11602,OA-ASM1,1446.5
10168,OA-VUMa6,1447.0
12109,OA-VUMa2,1447.0
10652,OA-AL2i4,1447.1000000000001
10080,OA-VUMa3,1447.8999999999999
10011,OA-AL2i1,1448.0000000000002
10687,OA-AL2i3,1448.2
10322,OA-AL2i2,1448.9
12688,OA-ASM1,1449.5
10265,OA-AL2i2,1449.7
10677,OA-AL2i4,1450.0000000000002
11264,OA-ASM1,1450.0000000000002
10269,OA-AL2i2,1450.3000000000002
10799,OA-VUMa4,1450.5
11608,OA-VUMa2,1450.9
11921,OA-VPM4,1451.6
53065,Mi1,1451.6
10072,OA-AL2i1,1452.6000000000001
10555,OA-VUMa3,1453.0
12896,OA-VUMa5,1453.0
10187,OA-VPM3,1453.2
10658,OA-AL2i3,1453.2
10204,OA-AL2i2,1453.3
10185,OA-VUMa8,1454.0
10120,OA-VPM4,1454.3000000000002
10041,OA-VUMa1,1454.8
10110,OA-VUMa1,1454.9
286259,OA-ASM1,1456.3000000000002
287884,OA-VPM3,1457.4
10226,OA-AL2i3,1457.5
11005,OA-VUMa4,1457.8999999999999
10168,OA-VUMa6,1458.0
10175,OA-VUMa6,1458.0
12109,OA-VUMa2,1458.4
10011,OA-AL2i1,1459.0
10825,OA-AL2i3,1459.0
10652,OA-AL2i4,1459.4
11602,OA-ASM1,1459.7
10322,OA-AL2i2,1460.3000000000002
10687,OA-AL2i3,1460.3000000000002
10080,OA-VUMa3,1461.0
12688,OA-ASM1,1461.6
10265,OA-AL2i2,1461.8
11608,OA-VUMa2,1461.8999999999999
10072,OA-AL2i1,1462.2
10677,OA-AL2i4,1462.4
11264,OA-ASM1,1462.4
10269,OA-AL2i2,1462.7
10799,OA-VUMa4,1463.3
12896,OA-VUMa5,1464.3000000000002
10658,OA-AL2i3,1465.3
53065,Mi1,1465.5
10187,OA-VPM3,1465.8999999999999
10204,OA-AL2i2,1466.1000000000001
11921,OA-VPM4,1466.2
10185,OA-VUMa8,1466.3000000000002
10555,OA-VUMa3,1466.3000000000002
10110,OA-VUMa1,1467.0
10041,OA-VUMa1,1467.1000000000001
10120,OA-VPM4,1467.5
10226,OA-AL2i3,1469.0
11005,OA-VUMa4,1469.1000000000001
10168,OA-VUMa6,1469.3
12109,OA-VUMa2,1469.4
287884,OA-VPM3,1469.5
10175,OA-VUMa6,1469.8999999999999
286259,OA-ASM1,1470.5
10652,OA-AL2i4,1471.4
10011,OA-AL2i1,1471.5
10825,OA-AL2i3,1471.7
10072,OA-AL2i1,1471.8
11602,OA-ASM1,1472.1
10322,OA-AL2i2,1472.8000000000002
11608,OA-VUMa2,1472.8000000000002
10265,OA-AL2i2,1473.1000000000001
10080,OA-VUMa3,1473.3
10687,OA-AL2i3,1473.7
12688,OA-ASM1,1474.1
10269,OA-AL2i2,1474.4
10677,OA-AL2i4,1475.2
12896,OA-VUMa5,1475.2
11264,OA-ASM1,1475.7
10799,OA-VUMa4,1475.8
10658,OA-AL2i3,1476.7
10204,OA-AL2i2,1477.4
10187,OA-VPM3,1478.3000000000002
10110,OA-VUMa1,1478.8000000000002
10555,OA-VUMa3,1478.8000000000002
10185,OA-VUMa8,1479.3
10041,OA-VUMa1,1479.6
53065,Mi1,1479.6
10120,OA-VPM4,1479.8
10226,OA-AL2i3,1480.4
11005,OA-VUMa4,1480.7
10168,OA-VUMa6,1480.8000000000002
10072,OA-AL2i1,1480.9
12109,OA-VUMa2,1481.0
10175,OA-VUMa6,1481.8999999999999
11921,OA-VPM4,1482.1
10011,OA-AL2i1,1482.7
287884,OA-VPM3,1483.3
10825,OA-AL2i3,1483.8999999999999
286259,OA-ASM1,1484.0
11608,OA-VUMa2,1484.1
10265,OA-AL2i2,1484.5000000000002
10652,OA-AL2i4,1484.6000000000001
11602,OA-ASM1,1484.7
10322,OA-AL2i2,1485.2
12896,OA-VUMa5,1485.6
10080,OA-VUMa3,1486.1
10687,OA-AL2i3,1486.3000000000002
12688,OA-ASM1,1486.8000000000002
10269,OA-AL2i2,1486.8000000000002
10677,OA-AL2i4,1486.8000000000002
10799,OA-VUMa4,1488.4
10658,OA-AL2i3,1488.5000000000002
11264,OA-ASM1,1488.6000000000001
10110,OA-VUMa1,1489.4
10204,OA-AL2i2,1490.0
10072,OA-AL2i1,1491.7
10041,OA-VUMa1,1491.8
10168,OA-VUMa6,1491.8
10187,OA-VPM3,1491.8999999999999
10226,OA-AL2i3,1492.2
11005,OA-VUMa4,1492.2
12109,OA-VUMa2,1492.2
10555,OA-VUMa3,1492.3000000000002
10185,OA-VUMa8,1492.5000000000002
10120,OA-VPM4,1492.5000000000002
53065,Mi1,1493.4
10011,OA-AL2i1,1493.7
10175,OA-VUMa6,1494.0
11608,OA-VUMa2,1495.3
287884,OA-VPM3,1496.2
10825,OA-AL2i3,1496.3
11921,OA-VPM4,1496.6000000000001
10265,OA-AL2i2,1496.7
10652,OA-AL2i4,1496.8000000000002
10687,OA-AL2i3,1497.3
10322,OA-AL2i2,1497.5
11602,OA-ASM1,1497.7
12896,OA-VUMa5,1497.8
286259,OA-ASM1,1497.9
10080,OA-VUMa3,1499.0
12688,OA-ASM1,1499.5
10269,OA-AL2i2,1499.9
10658,OA-AL2i3,1500.0
10110,OA-VUMa1,1500.2
10677,OA-AL2i4,1500.7
10799,OA-VUMa4,1500.7
10072,OA-AL2i1,1501.2
11264,OA-ASM1,1501.4
10041,OA-VUMa1,1503.0
10204,OA-AL2i2,1503.0
10226,OA-AL2i3,1503.2
10168,OA-VUMa6,1503.6
12109,OA-VUMa2,1504.0
10187,OA-VPM3,1504.4
11005,OA-VUMa4,1504.6000000000001
10011,OA-AL2i1,1505.1000000000001
10555,OA-VUMa3,1505.1000000000001
10185,OA-VUMa8,1506.2
10175,OA-VUMa6,1506.3
10120,OA-VPM4,1506.5000000000002
11608,OA-VUMa2,1507.0
287884,OA-VPM3,1508.3
53065,Mi1,1508.9
10825,OA-AL2i3,1509.2
10265,OA-AL2i2,1509.3
10652,OA-AL2i4,1509.5
12896,OA-VUMa5,1509.9
10687,OA-AL2i3,1510.0
11602,OA-ASM1,1510.1
10322,OA-AL2i2,1510.3999999999999
11921,OA-VPM4,1510.7
10072,OA-AL2i1,1511.0
10080,OA-VUMa3,1511.2
10110,OA-VUMa1,1511.3
286259,OA-ASM1,1511.7
10658,OA-AL2i3,1511.8
12688,OA-ASM1,1512.1
10269,OA-AL2i2,1512.3999999999999
10041,OA-VUMa1,1513.1000000000001
10677,OA-AL2i4,1513.3
11264,OA-ASM1,1513.3
10226,OA-AL2i3,1514.7
10799,OA-VUMa4,1514.8000000000002
10168,OA-VUMa6,1514.9
12109,OA-VUMa2,1515.2
11005,OA-VUMa4,1516.2
10204,OA-AL2i2,1516.3
10555,OA-VUMa3,1517.1000000000001
10011,OA-AL2i1,1517.7
10175,OA-VUMa6,1518.1
10187,OA-VPM3,1518.3
11608,OA-VUMa2,1518.3
10120,OA-VPM4,1519.9
10185,OA-VUMa8,1520.6000000000001
10072,OA-AL2i1,1520.6000000000001
12896,OA-VUMa5,1520.7
10265,OA-AL2i2,1520.9
287884,OA-VPM3,1521.5
10322,OA-AL2i2,1522.0
11602,OA-ASM1,1522.1
10825,OA-AL2i3,1522.3999999999999
10687,OA-AL2i3,1522.5
10110,OA-VUMa1,1523.0
10658,OA-AL2i3,1523.4
10652,OA-AL2i4,1523.6000000000001
53065,Mi1,1523.7
10041,OA-VUMa1,1524.1
10269,OA-AL2i2,1524.5
10677,OA-AL2i4,1524.5
11921,OA-VPM4,1524.9
10080,OA-VUMa3,1524.9
12688,OA-ASM1,1525.1000000000001
286259,OA-ASM1,1526.0
10168,OA-VUMa6,1526.1
11264,OA-ASM1,1526.1
12109,OA-VUMa2,1526.2
10226,OA-AL2i3,1526.3999999999999
10799,OA-VUMa4,1528.0
11005,OA-VUMa4,1528.0
11608,OA-VUMa2,1529.2
10187,OA-VPM3,1529.8
10204,OA-AL2i2,1529.8
10555,OA-VUMa3,1529.8
10011,OA-AL2i1,1529.9
10072,OA-AL2i1,1530.8000000000002
10175,OA-VUMa6,1530.8000000000002
12896,OA-VUMa5,1531.3000000000002
10120,OA-VPM4,1533.0
287884,OA-VPM3,1534.0
10185,OA-VUMa8,1534.0
10322,OA-AL2i2,1534.1
10265,OA-AL2i2,1534.2
10658,OA-AL2i3,1534.5
10110,OA-VUMa1,1534.7
10687,OA-AL2i3,1535.1000000000001
11602,OA-ASM1,1535.2
10825,OA-AL2i3,1535.8
10269,OA-AL2i2,1536.1
10041,OA-VUMa1,1536.5
10652,OA-AL2i4,1536.5
10080,OA-VUMa3,1537.0
12109,OA-VUMa2,1537.2
10168,OA-VUMa6,1537.5
10226,OA-AL2i3,1537.5
10677,OA-AL2i4,1537.9
11921,OA-VPM4,1538.2
53065,Mi1,1538.3
12688,OA-ASM1,1538.3999999999999
11264,OA-ASM1,1540.0
11005,OA-VUMa4,1540.3
11608,OA-VUMa2,1540.3999999999999
286259,OA-ASM1,1540.7
10072,OA-AL2i1,1540.8000000000002
10011,OA-AL2i1,1540.9
10187,OA-VPM3,1541.4
10799,OA-VUMa4,1541.6000000000001
12896,OA-VUMa5,1542.1
10175,OA-VUMa6,1542.6
10555,OA-VUMa3,1542.7
10204,OA-AL2i2,1543.0000000000002
10322,OA-AL2i2,1545.2
10185,OA-VUMa8,1545.9
10265,OA-AL2i2,1546.0
10658,OA-AL2i3,1546.1
10120,OA-VPM4,1546.1
10110,OA-VUMa1,1546.8000000000002
10687,OA-AL2i3,1547.3000000000002
11602,OA-ASM1,1547.6000000000001
287884,OA-VPM3,1547.6000000000001
10041,OA-VUMa1,1547.9
10168,OA-VUMa6,1548.1
10825,OA-AL2i3,1548.2
10269,OA-AL2i2,1548.3
12109,OA-VUMa2,1549.1000000000001
10226,OA-AL2i3,1549.3000000000002
10652,OA-AL2i4,1550.1
12688,OA-ASM1,1550.7
10080,OA-VUMa3,1550.8000000000002
10677,OA-AL2i4,1551.2
11608,OA-VUMa2,1551.7
11005,OA-VUMa4,1552.0
53065,Mi1,1552.2
10072,OA-AL2i1,1552.3
11264,OA-ASM1,1552.3999999999999
10187,OA-VPM3,1553.4
11921,OA-VPM4,1553.6000000000001
10011,OA-AL2i1,1553.7
12896,OA-VUMa5,1554.0
286259,OA-ASM1,1554.2
10175,OA-VUMa6,1554.3999999999999
10799,OA-VUMa4,1555.6000000000001
10555,OA-VUMa3,1556.3
10204,OA-AL2i2,1556.5
10322,OA-AL2i2,1557.4
10658,OA-AL2i3,1557.6000000000001
10120,OA-VPM4,1558.1
10110,OA-VUMa1,1558.3
10185,OA-VUMa8,1559.1000000000001
10265,OA-AL2i2,1559.1000000000001
10269,OA-AL2i2,1559.4
10041,OA-VUMa1,1559.4
10687,OA-AL2i3,1559.5
10168,OA-VUMa6,1559.6000000000001
11602,OA-ASM1,1559.8
12109,OA-VUMa2,1560.7
287884,OA-VPM3,1560.8
10226,OA-AL2i3,1561.2
10825,OA-AL2i3,1561.5
12688,OA-ASM1,1563.0000000000002
11608,OA-VUMa2,1563.1000000000001
10652,OA-AL2i4,1563.2
10080,OA-VUMa3,1563.3000000000002
10072,OA-AL2i1,1564.0
11005,OA-VUMa4,1564.5
10677,OA-AL2i4,1564.8
10187,OA-VPM3,1565.1000000000001
11264,OA-ASM1,1565.5
12896,OA-VUMa5,1565.6000000000001
10175,OA-VUMa6,1565.6000000000001
10011,OA-AL2i1,1566.6
286259,OA-ASM1,1567.8
53065,Mi1,1568.0
10799,OA-VUMa4,1568.1
11921,OA-VPM4,1568.3
10322,OA-AL2i2,1568.8
10110,OA-VUMa1,1568.9
10120,OA-VPM4,1569.0000000000002
10658,OA-AL2i3,1569.3000000000002
10555,OA-VUMa3,1569.9
10204,OA-AL2i2,1570.0
10185,OA-VUMa8,1570.9
10168,OA-VUMa6,1571.5
10041,OA-VUMa1,1571.8
10269,OA-AL2i2,1571.8
11602,OA-ASM1,1572.2
10687,OA-AL2i3,1572.3
12109,OA-VUMa2,1572.7
10265,OA-AL2i2,1572.8
10226,OA-AL2i3,1572.8999999999999
287884,OA-VPM3,1574.1
10825,OA-AL2i3,1574.5
10072,OA-AL2i1,1574.6
11608,OA-VUMa2,1574.7
10652,OA-AL2i4,1575.1000000000001
10080,OA-VUMa3,1575.5
12688,OA-ASM1,1575.9
11005,OA-VUMa4,1576.6
10175,OA-VUMa6,1577.0000000000002
12896,OA-VUMa5,1577.3000000000002
10011,OA-AL2i1,1578.4
10187,OA-VPM3,1578.6
11264,OA-ASM1,1578.7
10677,OA-AL2i4,1579.0000000000002
10110,OA-VUMa1,1579.6000000000001
10120,OA-VPM4,1580.8999999999999
10658,OA-AL2i3,1580.8999999999999
286259,OA-ASM1,1580.8999999999999
10799,OA-VUMa4,1581.1000000000001
10168,OA-VUMa6,1582.2
10322,OA-AL2i2,1582.2
11921,OA-VPM4,1582.8
10185,OA-VUMa8,1582.8
10555,OA-VUMa3,1583.2
53065,Mi1,1583.2
10041,OA-VUMa1,1583.3000000000002
10204,OA-AL2i2,1583.5
10072,OA-AL2i1,1583.8
10269,OA-AL2i2,1584.0
10687,OA-AL2i3,1584.3
10226,OA-AL2i3,1584.5
11602,OA-ASM1,1584.8999999999999
12109,OA-VUMa2,1585.3000000000002
10265,OA-AL2i2,1585.9
10825,OA-AL2i3,1587.2
11608,OA-VUMa2,1587.3000000000002
12688,OA-ASM1,1587.4
287884,OA-VPM3,1587.4
10652,OA-AL2i4,1587.9
10080,OA-VUMa3,1588.2
10175,OA-VUMa6,1588.8
11005,OA-VUMa4,1589.3000000000002
12896,OA-VUMa5,1589.3000000000002
10110,OA-VUMa1,1590.3
10011,OA-AL2i1,1590.6
10187,OA-VPM3,1591.5
10677,OA-AL2i4,1591.5
10120,OA-VPM4,1592.2
11264,OA-ASM1,1592.5
10658,OA-AL2i3,1592.5
10799,OA-VUMa4,1592.8
286259,OA-ASM1,1593.5
10072,OA-AL2i1,1593.7
10168,OA-VUMa6,1593.8000000000002
10322,OA-AL2i2,1594.0
10041,OA-VUMa1,1594.6
10185,OA-VUMa8,1595.1000000000001
10555,OA-VUMa3,1595.7
10687,OA-AL2i3,1596.3
12109,OA-VUMa2,1596.8
11921,OA-VPM4,1597.0
10204,OA-AL2i2,1597.2
10226,OA-AL2i3,1597.2
10269,OA-AL2i2,1597.4
11602,OA-ASM1,1598.0
53065,Mi1,1598.0
11608,OA-VUMa2,1598.7
10265,OA-AL2i2,1598.7
10825,OA-AL2i3,1599.4
12688,OA-ASM1,1599.7
287884,OA-VPM3,1600.1000000000001
12896,OA-VUMa5,1600.3
10652,OA-AL2i4,1600.5
10175,OA-VUMa6,1600.6
10080,OA-VUMa3,1600.7
10110,OA-VUMa1,1600.7
11005,OA-VUMa4,1602.3
10011,OA-AL2i1,1602.8999999999999
10187,OA-VPM3,1604.0
10658,OA-AL2i3,1604.3
10677,OA-AL2i4,1604.4
10072,OA-AL2i1,1604.5
10041,OA-VUMa1,1604.6
11264,OA-ASM1,1605.0
10120,OA-VPM4,1605.2
10322,OA-AL2i2,1605.7
10168,OA-VUMa6,1605.8000000000002
286259,OA-ASM1,1606.1000000000001
10799,OA-VUMa4,1606.2
10185,OA-VUMa8,1606.8999999999999
12109,OA-VUMa2,1607.6000000000001
10687,OA-AL2i3,1607.9
10226,OA-AL2i3,1608.1000000000001
10269,OA-AL2i2,1609.3000000000002
10555,OA-VUMa3,1609.5000000000002
10204,OA-AL2i2,1610.0
11602,OA-ASM1,1610.1000000000001
10265,OA-AL2i2,1610.6
12688,OA-ASM1,1610.8999999999999
11608,OA-VUMa2,1611.1
11921,OA-VPM4,1611.3000000000002
10825,OA-AL2i3,1611.7
10110,OA-VUMa1,1611.7
12896,OA-VUMa5,1612.3
10175,OA-VUMa6,1612.6
10080,OA-VUMa3,1612.8999999999999
53065,Mi1,1613.3000000000002
287884,OA-VPM3,1613.3000000000002
10652,OA-AL2i4,1614.3
10011,OA-AL2i1,1614.6
11005,OA-VUMa4,1614.6
10072,OA-AL2i1,1614.8999999999999
10041,OA-VUMa1,1616.0
10658,OA-AL2i3,1616.6
10187,OA-VPM3,1616.8
10322,OA-AL2i2,1617.2
10677,OA-AL2i4,1617.9
11264,OA-ASM1,1618.6
12109,OA-VUMa2,1619.0
10168,OA-VUMa6,1619.0
10120,OA-VPM4,1619.2
10185,OA-VUMa8,1619.7
286259,OA-ASM1,1619.7
10226,OA-AL2i3,1619.8000000000002
10799,OA-VUMa4,1620.1000000000001
10687,OA-AL2i3,1621.0
10269,OA-AL2i2,1621.8000000000002
11608,OA-VUMa2,1622.2
10204,OA-AL2i2,1622.6
10110,OA-VUMa1,1622.7
10555,OA-VUMa3,1622.8
10265,OA-AL2i2,1623.0
11602,OA-ASM1,1623.3000000000002
10825,OA-AL2i3,1624.0
12688,OA-ASM1,1624.0
12896,OA-VUMa5,1624.8999999999999
10175,OA-VUMa6,1625.0
10011,OA-AL2i1,1626.2
287884,OA-VPM3,1626.3
10041,OA-VUMa1,1626.6
11921,OA-VPM4,1626.7
10080,OA-VUMa3,1626.8
10072,OA-AL2i1,1627.3
10658,OA-AL2i3,1627.8000000000002
10652,OA-AL2i4,1627.9
11005,OA-VUMa4,1628.1000000000001
53065,Mi1,1628.3
10187,OA-VPM3,1628.9
10322,OA-AL2i2,1629.5000000000002
12109,OA-VUMa2,1630.0
10168,OA-VUMa6,1630.5
10226,OA-AL2i3,1630.9
10120,OA-VPM4,1631.1
11264,OA-ASM1,1631.7
10677,OA-AL2i4,1631.8000000000002
10185,OA-VUMa8,1632.6
10110,OA-VUMa1,1633.4
10799,OA-VUMa4,1633.5000000000002
11608,OA-VUMa2,1633.5000000000002
286259,OA-ASM1,1633.8000000000002
10269,OA-AL2i2,1634.2
10687,OA-AL2i3,1634.3
10555,OA-VUMa3,1635.3
10204,OA-AL2i2,1635.4
12896,OA-VUMa5,1636.0
10265,OA-AL2i2,1636.1000000000001
10825,OA-AL2i3,1636.4
11602,OA-ASM1,1636.5
10175,OA-VUMa6,1636.8
10041,OA-VUMa1,1636.9
12688,OA-ASM1,1637.1
10072,OA-AL2i1,1637.2
10011,OA-AL2i1,1637.7
287884,OA-VPM3,1638.7
10658,OA-AL2i3,1639.7
10080,OA-VUMa3,1639.9
11005,OA-VUMa4,1640.3
10652,OA-AL2i4,1641.1
10322,OA-AL2i2,1641.3999999999999
12109,OA-VUMa2,1641.5000000000002
10187,OA-VPM3,1641.6000000000001
10168,OA-VUMa6,1642.2
10226,OA-AL2i3,1642.3
10120,OA-VPM4,1642.5
11921,OA-VPM4,1642.5
53065,Mi1,1643.7
11264,OA-ASM1,1643.9
10110,OA-VUMa1,1644.4
11608,OA-VUMa2,1644.6000000000001
10185,OA-VUMa8,1645.1
10677,OA-AL2i4,1645.3999999999999
10687,OA-AL2i3,1645.9
10269,OA-AL2i2,1646.0
10799,OA-VUMa4,1646.8
10072,OA-AL2i1,1647.0
12896,OA-VUMa5,1647.1
286259,OA-ASM1,1647.1
10041,OA-VUMa1,1648.0
10175,OA-VUMa6,1648.0
10265,OA-AL2i2,1648.1000000000001
10555,OA-VUMa3,1648.1000000000001
10204,OA-AL2i2,1648.5
10011,OA-AL2i1,1648.7
10825,OA-AL2i3,1649.0
11602,OA-ASM1,1649.3
12688,OA-ASM1,1650.4
10658,OA-AL2i3,1650.7
287884,OA-VPM3,1651.7
11005,OA-VUMa4,1651.9
10080,OA-VUMa3,1652.3
10322,OA-AL2i2,1653.2
10226,OA-AL2i3,1653.3
12109,OA-VUMa2,1653.7
10652,OA-AL2i4,1654.1000000000001
10168,OA-VUMa6,1654.1000000000001
10187,OA-VPM3,1654.6000000000001
10120,OA-VPM4,1655.5
10110,OA-VUMa1,1655.7
11921,OA-VPM4,1655.8000000000002
11608,OA-VUMa2,1656.1000000000001
10185,OA-VUMa8,1656.6000000000001
11264,OA-ASM1,1656.7
10072,OA-AL2i1,1657.5
10677,OA-AL2i4,1657.6000000000001
10687,OA-AL2i3,1657.8000000000002
53065,Mi1,1658.4
10041,OA-VUMa1,1658.7
12896,OA-VUMa5,1658.8
10799,OA-VUMa4,1659.3999999999999
10175,OA-VUMa6,1659.6000000000001
10269,OA-AL2i2,1659.8000000000002
10011,OA-AL2i1,1660.6000000000001
10265,OA-AL2i2,1660.7
10555,OA-VUMa3,1661.0
10825,OA-AL2i3,1661.3
10658,OA-AL2i3,1661.5
286259,OA-ASM1,1661.5
10204,OA-AL2i2,1662.2
11602,OA-ASM1,1662.7
11005,OA-VUMa4,1663.9
12688,OA-ASM1,1664.0
10226,OA-AL2i3,1664.3000000000002
287884,OA-VPM3,1664.7
10080,OA-VUMa3,1664.9
10168,OA-VUMa6,1664.9
10322,OA-AL2i2,1664.9
12109,OA-VUMa2,1665.1
10652,OA-AL2i4,1666.2
10110,OA-VUMa1,1666.8
10072,OA-AL2i1,1667.1
10187,OA-VPM3,1667.6
10185,OA-VUMa8,1668.0000000000002
11608,OA-VUMa2,1668.4
11264,OA-ASM1,1669.1
10041,OA-VUMa1,1669.5
10120,OA-VPM4,1669.5
10677,OA-AL2i4,1669.5
12896,OA-VUMa5,1670.0000000000002
11921,OA-VPM4,1670.7
10687,OA-AL2i3,1670.7
10175,OA-VUMa6,1671.6
10799,OA-VUMa4,1672.3000000000002
10269,OA-AL2i2,1672.7
10011,OA-AL2i1,1672.8
10658,OA-AL2i3,1672.9
10265,OA-AL2i2,1673.2
10825,OA-AL2i3,1673.3
53065,Mi1,1673.3
10555,OA-VUMa3,1673.6
11005,OA-VUMa4,1674.9
11602,OA-ASM1,1675.0
286259,OA-ASM1,1675.2
10226,OA-AL2i3,1675.3999999999999
12109,OA-VUMa2,1675.7
10204,OA-AL2i2,1675.9
10168,OA-VUMa6,1676.0000000000002
12688,OA-ASM1,1676.1000000000001
10072,OA-AL2i1,1676.4
10110,OA-VUMa1,1676.6000000000001
10322,OA-AL2i2,1677.0
287884,OA-VPM3,1677.3999999999999
10080,OA-VUMa3,1677.7
10652,OA-AL2i4,1679.1
11608,OA-VUMa2,1679.3999999999999
10185,OA-VUMa8,1680.1000000000001
10187,OA-VPM3,1680.1000000000001
10041,OA-VUMa1,1680.5
10120,OA-VPM4,1681.9
12896,OA-VUMa5,1682.3000000000002
10677,OA-AL2i4,1682.4
11264,OA-ASM1,1682.6000000000001
10175,OA-VUMa6,1683.3
10687,OA-AL2i3,1683.3
10658,OA-AL2i3,1683.5
10011,OA-AL2i1,1684.8
10799,OA-VUMa4,1684.8
10269,OA-AL2i2,1685.3999999999999
10825,OA-AL2i3,1685.6
11921,OA-VPM4,1685.6
10265,OA-AL2i2,1685.9
10110,OA-VUMa1,1687.1
10555,OA-VUMa3,1687.1
11005,OA-VUMa4,1687.3999999999999
10226,OA-AL2i3,1687.5
12109,OA-VUMa2,1687.5
10168,OA-VUMa6,1688.2
11602,OA-ASM1,1688.3000000000002
12688,OA-ASM1,1688.3000000000002
286259,OA-ASM1,1688.4
10072,OA-AL2i1,1688.7
10204,OA-AL2i2,1689.5
10322,OA-AL2i2,1689.7
53065,Mi1,1689.8000000000002
10080,OA-VUMa3,1690.5
287884,OA-VPM3,1690.8
11608,OA-VUMa2,1691.2
10041,OA-VUMa1,1691.8
10652,OA-AL2i4,1691.8
10185,OA-VUMa8,1692.8
10187,OA-VPM3,1693.2
12896,OA-VUMa5,1693.8
10120,OA-VPM4,1694.7
10677,OA-AL2i4,1694.9
11264,OA-ASM1,1695.2
10175,OA-VUMa6,1695.4
10658,OA-AL2i3,1695.4
10687,OA-AL2i3,1695.7
10825,OA-AL2i3,1697.7
10110,OA-VUMa1,1698.1000000000001
10011,OA-AL2i1,1698.1000000000001
10269,OA-AL2i2,1698.3000000000002
10799,OA-VUMa4,1698.4
11005,OA-VUMa4,1698.7
11921,OA-VPM4,1698.9
10265,OA-AL2i2,1699.1
12109,OA-VUMa2,1699.2
10226,OA-AL2i3,1699.7
10555,OA-VUMa3,1699.7
10168,OA-VUMa6,1700.7
10072,OA-AL2i1,1700.8
12688,OA-ASM1,1700.9
286259,OA-ASM1,1701.4
10322,OA-AL2i2,1701.7
11602,OA-ASM1,1702.0000000000002
10204,OA-AL2i2,1702.4
11608,OA-VUMa2,1702.6000000000001
10080,OA-VUMa3,1702.9
10041,OA-VUMa1,1703.2
287884,OA-VPM3,1703.4
10185,OA-VUMa8,1704.1000000000001
10652,OA-AL2i4,1704.9
53065,Mi1,1705.2
12896,OA-VUMa5,1705.3
10187,OA-VPM3,1706.3000000000002
10687,OA-AL2i3,1707.3
11264,OA-ASM1,1707.3
10677,OA-AL2i4,1707.8
10110,OA-VUMa1,1707.8999999999999
10658,OA-AL2i3,1708.1000000000001
10175,OA-VUMa6,1708.3000000000002
10120,OA-VPM4,1708.6000000000001
10011,OA-AL2i1,1709.4
10269,OA-AL2i2,1710.0000000000002
10072,OA-AL2i1,1710.0000000000002
10825,OA-AL2i3,1710.6000000000001
12109,OA-VUMa2,1710.7
11005,OA-VUMa4,1711.0
10799,OA-VUMa4,1711.4
10226,OA-AL2i3,1711.8
10555,OA-VUMa3,1712.1000000000001
10265,OA-AL2i2,1712.6000000000001
10168,OA-VUMa6,1712.7
10322,OA-AL2i2,1712.9
12688,OA-ASM1,1713.2
11921,OA-VPM4,1713.8999999999999
11608,OA-VUMa2,1714.5
10041,OA-VUMa1,1714.9
286259,OA-ASM1,1715.1000000000001
11602,OA-ASM1,1715.4
10204,OA-AL2i2,1715.6
10080,OA-VUMa3,1716.5
12896,OA-VUMa5,1716.8
287884,OA-VPM3,1716.8
10652,OA-AL2i4,1717.5
10185,OA-VUMa8,1717.8
10658,OA-AL2i3,1718.5
53065,Mi1,1718.8000000000002
10072,OA-AL2i1,1719.0
10187,OA-VPM3,1719.1000000000001
10687,OA-AL2i3,1719.3
10110,OA-VUMa1,1719.7
10175,OA-VUMa6,1720.3000000000002
11264,OA-ASM1,1720.4
10011,OA-AL2i1,1720.5
10677,OA-AL2i4,1720.6000000000001
10120,OA-VPM4,1721.4
10269,OA-AL2i2,1721.8999999999999
12109,OA-VUMa2,1722.0
10825,OA-AL2i3,1722.1000000000001
11005,OA-VUMa4,1723.3
10226,OA-AL2i3,1723.8999999999999
10168,OA-VUMa6,1724.3000000000002
10041,OA-VUMa1,1724.9
10555,OA-VUMa3,1725.0
10799,OA-VUMa4,1725.1000000000001
10322,OA-AL2i2,1725.3
10265,OA-AL2i2,1725.5
12688,OA-ASM1,1725.7
11608,OA-VUMa2,1725.8999999999999
11921,OA-VPM4,1727.1000000000001
11602,OA-ASM1,1727.6
12896,OA-VUMa5,1727.8
10072,OA-AL2i1,1728.8000000000002
10204,OA-AL2i2,1729.3
286259,OA-ASM1,1729.5
10185,OA-VUMa8,1729.8
10110,OA-VUMa1,1730.0
10080,OA-VUMa3,1730.2
10652,OA-AL2i4,1730.4
287884,OA-VPM3,1730.4
10658,OA-AL2i3,1730.6000000000001
10687,OA-AL2i3,1731.6
10011,OA-AL2i1,1732.0
10187,OA-VPM3,1732.3000000000002
10175,OA-VUMa6,1732.5000000000002
53065,Mi1,1733.2
12109,OA-VUMa2,1733.4
10269,OA-AL2i2,1734.3000000000002
10120,OA-VPM4,1734.5000000000002
11264,OA-ASM1,1734.5000000000002
10825,OA-AL2i3,1734.6000000000001
11005,OA-VUMa4,1734.6000000000001
10677,OA-AL2i4,1734.6000000000001
10226,OA-AL2i3,1735.1000000000001
10041,OA-VUMa1,1735.2
10168,OA-VUMa6,1735.4
11608,OA-VUMa2,1736.8000000000002
10322,OA-AL2i2,1737.0
10265,OA-AL2i2,1737.3
10555,OA-VUMa3,1738.1
10072,OA-AL2i1,1738.3000000000002
12688,OA-ASM1,1738.7
12896,OA-VUMa5,1738.8000000000002
10799,OA-VUMa4,1739.2
11602,OA-ASM1,1739.8999999999999
10110,OA-VUMa1,1741.0
10185,OA-VUMa8,1741.5
10204,OA-AL2i2,1741.5
11921,OA-VPM4,1741.7
10658,OA-AL2i3,1742.6000000000001
286259,OA-ASM1,1743.1000000000001
10011,OA-AL2i1,1743.2
10080,OA-VUMa3,1743.7
10652,OA-AL2i4,1743.7
10187,OA-VPM3,1743.8
287884,OA-VPM3,1743.8999999999999
10687,OA-AL2i3,1744.5000000000002
10175,OA-VUMa6,1744.6000000000001
12109,OA-VUMa2,1745.0
10041,OA-VUMa1,1745.1000000000001
10226,OA-AL2i3,1746.2
10168,OA-VUMa6,1746.4
11005,OA-VUMa4,1746.4
10120,OA-VPM4,1746.5000000000002
10269,OA-AL2i2,1746.9
53065,Mi1,1747.3
11264,OA-ASM1,1747.5
10677,OA-AL2i4,1747.5
11608,OA-VUMa2,1748.0
10825,OA-AL2i3,1748.1
10322,OA-AL2i2,1748.5000000000002
10072,OA-AL2i1,1748.8000000000002
10265,OA-AL2i2,1749.2
12896,OA-VUMa5,1749.8999999999999
10110,OA-VUMa1,1751.3
10555,OA-VUMa3,1751.6
12688,OA-ASM1,1751.7
10799,OA-VUMa4,1751.8999999999999
10185,OA-VUMa8,1753.1000000000001
11602,OA-ASM1,1753.1000000000001
10204,OA-AL2i2,1753.9
10011,OA-AL2i1,1754.3000000000002
10658,OA-AL2i3,1754.6000000000001
11921,OA-VPM4,1755.2
10041,OA-VUMa1,1755.2
12109,OA-VUMa2,1756.0
286259,OA-ASM1,1756.0
10687,OA-AL2i3,1756.8000000000002
10175,OA-VUMa6,1757.2
287884,OA-VPM3,1757.4
10187,OA-VPM3,1757.6
10080,OA-VUMa3,1757.7
10226,OA-AL2i3,1757.8
10652,OA-AL2i4,1757.8
11005,OA-VUMa4,1758.4
10168,OA-VUMa6,1758.7
10072,OA-AL2i1,1759.0
10120,OA-VPM4,1759.3
10269,OA-AL2i2,1759.5
11608,OA-VUMa2,1759.7
12896,OA-VUMa5,1760.2
10677,OA-AL2i4,1760.6000000000001
11264,OA-ASM1,1760.8000000000002
10322,OA-AL2i2,1761.1000000000001
10110,OA-VUMa1,1761.3
10265,OA-AL2i2,1761.3
10825,OA-AL2i3,1761.4
53065,Mi1,1761.5
12688,OA-ASM1,1763.7
10799,OA-VUMa4,1764.0
10555,OA-VUMa3,1765.1000000000001
10041,OA-VUMa1,1765.5
10011,OA-AL2i1,1765.6
11602,OA-ASM1,1766.0
10185,OA-VUMa8,1766.2
10658,OA-AL2i3,1766.2
10204,OA-AL2i2,1766.3
12109,OA-VUMa2,1767.1000000000001
10687,OA-AL2i3,1768.4
10175,OA-VUMa6,1768.6000000000001
286259,OA-ASM1,1769.1000000000001
11921,OA-VPM4,1769.2
10226,OA-AL2i3,1769.6000000000001
10652,OA-AL2i4,1770.5000000000002
10168,OA-VUMa6,1770.6000000000001
11005,OA-VUMa4,1770.6000000000001
10187,OA-VPM3,1770.9
10072,OA-AL2i1,1771.3
10120,OA-VPM4,1771.6000000000001
10080,OA-VUMa3,1771.7
10110,OA-VUMa1,1771.8
11608,OA-VUMa2,1771.8
287884,OA-VPM3,1771.8
10269,OA-AL2i2,1772.0
11264,OA-ASM1,1772.6000000000001
12896,OA-VUMa5,1773.0
10677,OA-AL2i4,1773.1000000000001
10825,OA-AL2i3,1773.4
10322,OA-AL2i2,1773.6000000000001
10265,OA-AL2i2,1774.3
12688,OA-ASM1,1776.1
10041,OA-VUMa1,1776.3
10799,OA-VUMa4,1776.3999999999999
53065,Mi1,1776.3999999999999
10011,OA-AL2i1,1776.6000000000001
10185,OA-VUMa8,1778.0
10658,OA-AL2i3,1778.0
12109,OA-VUMa2,1778.3999999999999
10555,OA-VUMa3,1779.0
10204,OA-AL2i2,1779.2
11602,OA-ASM1,1779.3
10175,OA-VUMa6,1779.8
10687,OA-AL2i3,1780.5000000000002
10168,OA-VUMa6,1781.7
10226,OA-AL2i3,1781.9
10110,OA-VUMa1,1782.0
11608,OA-VUMa2,1783.1000000000001
286259,OA-ASM1,1783.2
10187,OA-VPM3,1783.3000000000002
11005,OA-VUMa4,1783.3000000000002
11921,OA-VPM4,1783.6000000000001
10072,OA-AL2i1,1784.3
287884,OA-VPM3,1784.3
10652,OA-AL2i4,1784.3999999999999
10269,OA-AL2i2,1784.6000000000001
10080,OA-VUMa3,1785.0
10120,OA-VPM4,1785.6000000000001
12896,OA-VUMa5,1785.6000000000001
10265,OA-AL2i2,1785.9
10825,OA-AL2i3,1786.0
10322,OA-AL2i2,1786.1
10677,OA-AL2i4,1786.5
11264,OA-ASM1,1786.6000000000001
10041,OA-VUMa1,1787.4
10011,OA-AL2i1,1788.0
10799,OA-VUMa4,1788.1
12688,OA-ASM1,1788.3
10185,OA-VUMa8,1789.6000000000001
10658,OA-AL2i3,1789.8
10204,OA-AL2i2,1790.7
12109,OA-VUMa2,1790.7
53065,Mi1,1790.8000000000002
10175,OA-VUMa6,1791.0
10687,OA-AL2i3,1791.9
11602,OA-ASM1,1792.3999999999999
10110,OA-VUMa1,1793.0
10555,OA-VUMa3,1793.1000000000001
10168,OA-VUMa6,1793.6000000000001
10226,OA-AL2i3,1793.9
11608,OA-VUMa2,1794.6000000000001
11005,OA-VUMa4,1795.5
10072,OA-AL2i1,1796.7
12896,OA-VUMa5,1796.7
287884,OA-VPM3,1796.8000000000002
10269,OA-AL2i2,1797.0000000000002
10080,OA-VUMa3,1797.3000000000002
10187,OA-VPM3,1797.6000000000001
286259,OA-ASM1,1797.9
10265,OA-AL2i2,1798.1
10652,OA-AL2i4,1798.1
10322,OA-AL2i2,1798.5
11921,OA-VPM4,1798.6
10041,OA-VUMa1,1798.9
10825,OA-AL2i3,1798.9
10120,OA-VPM4,1799.3000000000002
11264,OA-ASM1,1799.7
10011,OA-AL2i1,1799.7
10677,OA-AL2i4,1800.6
12688,OA-ASM1,1800.7
10799,OA-VUMa4,1801.3000000000002
10185,OA-VUMa8,1801.4
10658,OA-AL2i3,1801.7
10175,OA-VUMa6,1802.1
12109,OA-VUMa2,1802.8000000000002
10110,OA-VUMa1,1803.1000000000001
10687,OA-AL2i3,1803.5
10204,OA-AL2i2,1803.7
11602,OA-ASM1,1805.0000000000002
10226,OA-AL2i3,1805.1000000000001
10168,OA-VUMa6,1805.5
53065,Mi1,1805.6000000000001
11005,OA-VUMa4,1806.1
11608,OA-VUMa2,1806.3
10555,OA-VUMa3,1806.7
12896,OA-VUMa5,1808.2
10041,OA-VUMa1,1808.7
10072,OA-AL2i1,1808.8000000000002
10269,OA-AL2i2,1809.3000000000002
287884,OA-VPM3,1809.8
10187,OA-VPM3,1810.2
10322,OA-AL2i2,1810.3
10011,OA-AL2i1,1810.5
10265,OA-AL2i2,1810.5
10825,OA-AL2i3,1811.1000000000001
10080,OA-VUMa3,1811.2
10652,OA-AL2i4,1811.4
11264,OA-ASM1,1812.0
10120,OA-VPM4,1812.8000000000002
10185,OA-VUMa8,1812.8000000000002
10658,OA-AL2i3,1812.9
10677,OA-AL2i4,1813.0000000000002
286259,OA-ASM1,1813.1000000000001
11921,OA-VPM4,1813.8
10110,OA-VUMa1,1813.9
10175,OA-VUMa6,1814.1
10799,OA-VUMa4,1814.3
12688,OA-ASM1,1814.3
12109,OA-VUMa2,1814.8000000000002
10687,OA-AL2i3,1815.1000000000001
10204,OA-AL2i2,1816.3999999999999
10226,OA-AL2i3,1816.6
10168,OA-VUMa6,1817.0000000000002
11005,OA-VUMa4,1817.3000000000002
11608,OA-VUMa2,1817.7
10041,OA-VUMa1,1819.1000000000001
11602,OA-ASM1,1819.2
10072,OA-AL2i1,1819.3000000000002
10555,OA-VUMa3,1820.3
12896,OA-VUMa5,1820.4
10269,OA-AL2i2,1820.6
53065,Mi1,1821.2
10011,OA-AL2i1,1821.7
10265,OA-AL2i2,1822.8000000000002
10322,OA-AL2i2,1823.2
10187,OA-VPM3,1823.3000000000002
10825,OA-AL2i3,1823.3000000000002
287884,OA-VPM3,1823.5
10658,OA-AL2i3,1824.0
10080,OA-VUMa3,1824.1
10185,OA-VUMa8,1824.7
11264,OA-ASM1,1825.0000000000002
10677,OA-AL2i4,1825.1000000000001
10110,OA-VUMa1,1825.2
10652,OA-AL2i4,1825.3000000000002
10120,OA-VPM4,1825.3000000000002
12109,OA-VUMa2,1826.2
286259,OA-ASM1,1826.3
10175,OA-VUMa6,1826.8
12688,OA-ASM1,1827.1000000000001
10687,OA-AL2i3,1827.2
10799,OA-VUMa4,1827.5
11921,OA-VPM4,1827.5
10226,OA-AL2i3,1827.8
10168,OA-VUMa6,1828.2
11005,OA-VUMa4,1828.5
10072,OA-AL2i1,1828.7
10204,OA-AL2i2,1829.0000000000002
11608,OA-VUMa2,1829.0000000000002
10041,OA-VUMa1,1829.9
11602,OA-ASM1,1831.4
12896,OA-VUMa5,1831.5
10555,OA-VUMa3,1832.9
10269,OA-AL2i2,1833.0000000000002
10011,OA-AL2i1,1833.3000000000002
10265,OA-AL2i2,1834.8
10322,OA-AL2i2,1835.0000000000002
10658,OA-AL2i3,1836.0
10825,OA-AL2i3,1836.0
10187,OA-VPM3,1836.3
10185,OA-VUMa8,1836.7
287884,OA-VPM3,1836.7
10080,OA-VUMa3,1836.8999999999999
53065,Mi1,1837.0000000000002
10110,OA-VUMa1,1837.4
12109,OA-VUMa2,1837.7
10120,OA-VPM4,1838.2
10652,OA-AL2i4,1838.5
10175,OA-VUMa6,1838.8999999999999
10677,OA-AL2i4,1838.8999999999999
11264,OA-ASM1,1839.2
10226,OA-AL2i3,1839.2
10687,OA-AL2i3,1839.4
10168,OA-VUMa6,1839.7
11608,OA-VUMa2,1839.7
286259,OA-ASM1,1839.8
10041,OA-VUMa1,1840.5
10799,OA-VUMa4,1840.6
12688,OA-ASM1,1840.6
11921,OA-VPM4,1840.7
10072,OA-AL2i1,1840.8
11005,OA-VUMa4,1840.8
10204,OA-AL2i2,1841.6000000000001
12896,OA-VUMa5,1842.7
11602,OA-ASM1,1843.4
10269,OA-AL2i2,1844.8
10011,OA-AL2i1,1844.8999999999999
10555,OA-VUMa3,1845.6000000000001
10265,OA-AL2i2,1846.2
10322,OA-AL2i2,1846.3
10658,OA-AL2i3,1847.3000000000002
10110,OA-VUMa1,1848.4
10187,OA-VPM3,1848.8999999999999
12109,OA-VUMa2,1849.0000000000002
10825,OA-AL2i3,1849.2
287884,OA-VPM3,1849.3000000000002
10120,OA-VPM4,1849.8000000000002
10185,OA-VUMa8,1849.9
10080,OA-VUMa3,1850.1000000000001
10226,OA-AL2i3,1850.5
10175,OA-VUMa6,1850.8
10652,OA-AL2i4,1850.8
11608,OA-VUMa2,1851.0
10168,OA-VUMa6,1851.3000000000002
10687,OA-AL2i3,1851.4
10041,OA-VUMa1,1851.5
10677,OA-AL2i4,1852.2
53065,Mi1,1852.3
11005,OA-VUMa4,1852.6
11264,OA-ASM1,1852.8
12688,OA-ASM1,1853.9
12896,OA-VUMa5,1854.0
10072,OA-AL2i1,1854.4
286259,OA-ASM1,1854.4
10799,OA-VUMa4,1854.7
11921,OA-VPM4,1855.1000000000001
10204,OA-AL2i2,1855.2
10011,OA-AL2i1,1855.6000000000001
10269,OA-AL2i2,1855.8000000000002
11602,OA-ASM1,1856.3
10265,OA-AL2i2,1857.4
10555,OA-VUMa3,1858.4
10322,OA-AL2i2,1859.0
10110,OA-VUMa1,1859.2
10658,OA-AL2i3,1859.5000000000002
12109,OA-VUMa2,1861.2
10187,OA-VPM3,1861.3000000000002
10226,OA-AL2i3,1861.7
10080,OA-VUMa3,1862.0
10825,OA-AL2i3,1862.0
10120,OA-VPM4,1862.8999999999999
10041,OA-VUMa1,1862.8999999999999
11608,OA-VUMa2,1863.0
10168,OA-VUMa6,1863.3000000000002
10175,OA-VUMa6,1863.4
10687,OA-AL2i3,1863.8000000000002
10185,OA-VUMa8,1864.0
10652,OA-AL2i4,1864.1000000000001
287884,OA-VPM3,1864.5
10677,OA-AL2i4,1864.8999999999999
11005,OA-VUMa4,1865.0
12896,OA-VUMa5,1865.6000000000001
11264,OA-ASM1,1865.8000000000002
12688,OA-ASM1,1866.6
53065,Mi1,1866.8
10072,OA-AL2i1,1867.3000000000002
286259,OA-ASM1,1867.9
10011,OA-AL2i1,1868.0
10799,OA-VUMa4,1868.2
11602,OA-ASM1,1868.4
10269,OA-AL2i2,1868.5
10204,OA-AL2i2,1868.7
10265,OA-AL2i2,1869.6000000000001
11921,OA-VPM4,1869.7
10110,OA-VUMa1,1869.8000000000002
10658,OA-AL2i3,1870.3
10322,OA-AL2i2,1870.6
10555,OA-VUMa3,1871.6000000000001
12109,OA-VUMa2,1872.8999999999999
10226,OA-AL2i3,1873.6000000000001
10041,OA-VUMa1,1873.9
10825,OA-AL2i3,1874.0
11608,OA-VUMa2,1874.1000000000001
10168,OA-VUMa6,1874.7
10187,OA-VPM3,1875.1
10080,OA-VUMa3,1875.2000000000003
10175,OA-VUMa6,1876.4
10687,OA-AL2i3,1876.4
10185,OA-VUMa8,1876.5
10120,OA-VPM4,1876.6
10652,OA-AL2i4,1876.8999999999999
11005,OA-VUMa4,1877.0
12896,OA-VUMa5,1877.0
11264,OA-ASM1,1877.6000000000001
10677,OA-AL2i4,1877.6000000000001
10072,OA-AL2i1,1877.7
12688,OA-ASM1,1878.7
287884,OA-VPM3,1878.7
10011,OA-AL2i1,1880.1000000000001
10110,OA-VUMa1,1880.6
11602,OA-ASM1,1880.6
53065,Mi1,1881.4
10799,OA-VUMa4,1881.6000000000001
10269,OA-AL2i2,1881.7
10658,OA-AL2i3,1881.9
10265,OA-AL2i2,1882.2
10204,OA-AL2i2,1882.5
286259,OA-ASM1,1882.9
10322,OA-AL2i2,1883.0
12109,OA-VUMa2,1884.0
11921,OA-VPM4,1884.5
10041,OA-VUMa1,1884.7
11608,OA-VUMa2,1884.8
10555,OA-VUMa3,1884.9
10226,OA-AL2i3,1885.1
10168,OA-VUMa6,1886.2
10825,OA-AL2i3,1886.5
10187,OA-VPM3,1888.2
12896,OA-VUMa5,1888.2
10080,OA-VUMa3,1888.6
10687,OA-AL2i3,1888.6
10185,OA-VUMa8,1889.0
10120,OA-VPM4,1889.3000000000002
10175,OA-VUMa6,1889.7
10652,OA-AL2i4,1889.8000000000002
11005,OA-VUMa4,1889.9
11264,OA-ASM1,1890.5
10110,OA-VUMa1,1890.6
10072,OA-AL2i1,1890.7
12688,OA-ASM1,1890.8
287884,OA-VPM3,1890.9
10677,OA-AL2i4,1891.9
10011,OA-AL2i1,1892.3
10658,OA-AL2i3,1893.5000000000002
11602,OA-ASM1,1893.9
10269,OA-AL2i2,1894.0
10799,OA-VUMa4,1894.3
10322,OA-AL2i2,1895.2
10265,OA-AL2i2,1895.4
10204,OA-AL2i2,1895.6000000000001
12109,OA-VUMa2,1895.6000000000001
11608,OA-VUMa2,1895.9
10041,OA-VUMa1,1896.0
53065,Mi1,1896.1000000000001
10226,OA-AL2i3,1896.6000000000001
286259,OA-ASM1,1896.6000000000001
10168,OA-VUMa6,1897.2
11921,OA-VPM4,1898.1000000000001
10555,OA-VUMa3,1898.7
12896,OA-VUMa5,1898.8
10825,OA-AL2i3,1899.0
10187,OA-VPM3,1899.7
10687,OA-AL2i3,1900.6000000000001
10120,OA-VPM4,1901.1
10110,OA-VUMa1,1901.7
10175,OA-VUMa6,1902.2
10185,OA-VUMa8,1902.5
10072,OA-AL2i1,1902.7
10080,OA-VUMa3,1903.0
11005,OA-VUMa4,1903.0
11264,OA-ASM1,1903.1
12688,OA-ASM1,1903.1
287884,OA-VPM3,1903.2
10652,OA-AL2i4,1903.5000000000002
10011,OA-AL2i1,1903.8000000000002
10658,OA-AL2i3,1904.7
10677,OA-AL2i4,1904.8
11602,OA-ASM1,1906.3
10041,OA-VUMa1,1906.7
10269,OA-AL2i2,1906.9
11608,OA-VUMa2,1907.3999999999999
12109,OA-VUMa2,1907.3999999999999
10322,OA-AL2i2,1907.9
10799,OA-VUMa4,1908.2
10226,OA-AL2i3,1908.3
10265,OA-AL2i2,1908.7
10204,OA-AL2i2,1909.0
10168,OA-VUMa6,1909.3999999999999
286259,OA-ASM1,1909.8000000000002
12896,OA-VUMa5,1910.2
53065,Mi1,1910.6000000000001
10825,OA-AL2i3,1911.5000000000002
10110,OA-VUMa1,1912.2
11921,OA-VPM4,1912.3000000000002
10187,OA-VPM3,1912.3000000000002
10555,OA-VUMa3,1912.4
10687,OA-AL2i3,1913.9
10175,OA-VUMa6,1914.4
10120,OA-VPM4,1914.8
10185,OA-VUMa8,1915.1
11005,OA-VUMa4,1915.3
10072,OA-AL2i1,1915.5000000000002
10652,OA-AL2i4,1916.2
287884,OA-VPM3,1916.2
10011,OA-AL2i1,1916.4
11264,OA-ASM1,1916.5
10080,OA-VUMa3,1916.8
12688,OA-ASM1,1916.9
10041,OA-VUMa1,1917.3999999999999
10658,OA-AL2i3,1917.3999999999999
11608,OA-VUMa2,1918.1000000000001
10677,OA-AL2i4,1918.5
11602,OA-ASM1,1918.8
12109,OA-VUMa2,1919.0
10269,OA-AL2i2,1919.3999999999999
10226,OA-AL2i3,1919.5
10322,OA-AL2i2,1919.7
10168,OA-VUMa6,1920.7
10265,OA-AL2i2,1920.8
10799,OA-VUMa4,1920.8
12896,OA-VUMa5,1921.1
10204,OA-AL2i2,1921.6000000000001
10110,OA-VUMa1,1923.1
286259,OA-ASM1,1923.3999999999999
10187,OA-VPM3,1924.4
10825,OA-AL2i3,1925.1
10175,OA-VUMa6,1925.3
53065,Mi1,1925.5
10555,OA-VUMa3,1925.5
10120,OA-VPM4,1926.7
10687,OA-AL2i3,1926.7
11005,OA-VUMa4,1926.9
11921,OA-VPM4,1927.3
10185,OA-VUMa8,1927.9
10041,OA-VUMa1,1928.1000000000001
10011,OA-AL2i1,1928.2
10658,OA-AL2i3,1928.4
10072,OA-AL2i1,1928.8
287884,OA-VPM3,1929.1
11608,OA-VUMa2,1929.5
10080,OA-VUMa3,1929.7
10652,OA-AL2i4,1929.8000000000002
12688,OA-ASM1,1929.9
11264,OA-ASM1,1930.3000000000002
12109,OA-VUMa2,1930.6000000000001
11602,OA-ASM1,1931.0
10226,OA-AL2i3,1931.0
10677,OA-AL2i4,1931.3
10168,OA-VUMa6,1931.5
10269,OA-AL2i2,1932.1000000000001
10322,OA-AL2i2,1932.2
10265,OA-AL2i2,1932.7
12896,OA-VUMa5,1933.3
10110,OA-VUMa1,1933.6
10799,OA-VUMa4,1933.8000000000002
10204,OA-AL2i2,1935.3
10187,OA-VPM3,1935.9
10175,OA-VUMa6,1936.9
286259,OA-ASM1,1937.8000000000002
10825,OA-AL2i3,1938.1000000000001
10072,OA-AL2i1,1938.3000000000002
10120,OA-VPM4,1938.8
11005,OA-VUMa4,1939.0
10687,OA-AL2i3,1939.2
10555,OA-VUMa3,1939.2
10041,OA-VUMa1,1939.9
53065,Mi1,1940.3000000000002
10185,OA-VUMa8,1940.4
10658,OA-AL2i3,1940.7
10011,OA-AL2i1,1941.0
287884,OA-VPM3,1941.5
11608,OA-VUMa2,1941.8000000000002
11921,OA-VPM4,1942.5
10226,OA-AL2i3,1942.7
10168,OA-VUMa6,1942.8
10652,OA-AL2i4,1942.8
10080,OA-VUMa3,1943.1
11264,OA-ASM1,1943.1
12688,OA-ASM1,1943.1
12109,OA-VUMa2,1943.5
11602,OA-ASM1,1943.8000000000002
10269,OA-AL2i2,1943.8000000000002
10677,OA-AL2i4,1944.0000000000002
10322,OA-AL2i2,1944.2
10110,OA-VUMa1,1944.5
12896,OA-VUMa5,1945.1
10265,OA-AL2i2,1945.3
10799,OA-VUMa4,1947.5
10204,OA-AL2i2,1948.0000000000002
10072,OA-AL2i1,1948.2
10175,OA-VUMa6,1948.2
10187,OA-VPM3,1948.8
10120,OA-VPM4,1950.2
10825,OA-AL2i3,1950.3000000000002
10041,OA-VUMa1,1950.7
286259,OA-ASM1,1951.0
11005,OA-VUMa4,1951.3
10658,OA-AL2i3,1951.8000000000002
10687,OA-AL2i3,1952.0000000000002
10555,OA-VUMa3,1952.1000000000001
10011,OA-AL2i1,1952.3000000000002
11608,OA-VUMa2,1952.6000000000001
10185,OA-VUMa8,1953.1
10168,OA-VUMa6,1954.0000000000002
10226,OA-AL2i3,1954.2
10110,OA-VUMa1,1954.8
12109,OA-VUMa2,1954.8
287884,OA-VPM3,1954.9
10080,OA-VUMa3,1955.1
11264,OA-ASM1,1955.5
53065,Mi1,1955.6
10269,OA-AL2i2,1955.8
12688,OA-ASM1,1956.1000000000001
10322,OA-AL2i2,1956.4
10652,OA-AL2i4,1956.4
10677,OA-AL2i4,1957.4
10265,OA-AL2i2,1957.5
11602,OA-ASM1,1957.5
12896,OA-VUMa5,1957.5
10072,OA-AL2i1,1957.8
11921,OA-VPM4,1958.5
10799,OA-VUMa4,1959.2
10175,OA-VUMa6,1959.7
10204,OA-AL2i2,1960.0000000000002
10041,OA-VUMa1,1960.5
10187,OA-VPM3,1961.6
10120,OA-VPM4,1962.6000000000001
10658,OA-AL2i3,1962.7
11005,OA-VUMa4,1963.2
286259,OA-ASM1,1963.2
10825,OA-AL2i3,1963.6
10011,OA-AL2i1,1963.7
11608,OA-VUMa2,1964.1000000000001
10555,OA-VUMa3,1964.7
10185,OA-VUMa8,1965.0
10226,OA-AL2i3,1965.1000000000001
10687,OA-AL2i3,1965.2
10168,OA-VUMa6,1966.0000000000002
10110,OA-VUMa1,1966.3000000000002
12109,OA-VUMa2,1967.4
10080,OA-VUMa3,1967.8
10072,OA-AL2i1,1968.0000000000002
287884,OA-VPM3,1968.6000000000001
10322,OA-AL2i2,1968.7
12896,OA-VUMa5,1968.8
10269,OA-AL2i2,1968.9
11264,OA-ASM1,1969.0
10652,OA-AL2i4,1969.1000000000001
10265,OA-AL2i2,1969.2
12688,OA-ASM1,1969.8
11602,OA-ASM1,1970.3000000000002
53065,Mi1,1970.6000000000001
10175,OA-VUMa6,1970.7
10677,OA-AL2i4,1970.9
10041,OA-VUMa1,1971.2
10799,OA-VUMa4,1972.1000000000001
10204,OA-AL2i2,1973.0
11921,OA-VPM4,1974.1000000000001
11005,OA-VUMa4,1975.2
10658,OA-AL2i3,1975.4
10187,OA-VPM3,1975.5
286259,OA-ASM1,1975.8
10011,OA-AL2i1,1976.0000000000002
10120,OA-VPM4,1976.0000000000002
10825,OA-AL2i3,1976.1000000000001
11608,OA-VUMa2,1976.2
10110,OA-VUMa1,1977.1000000000001
10555,OA-VUMa3,1977.3
10185,OA-VUMa8,1977.4
10226,OA-AL2i3,1977.4
10072,OA-AL2i1,1977.6
10168,OA-VUMa6,1978.1000000000001
12109,OA-VUMa2,1978.8000000000002
10687,OA-AL2i3,1979.2
10322,OA-AL2i2,1980.6000000000001
10080,OA-VUMa3,1980.9
12896,OA-VUMa5,1981.0
10041,OA-VUMa1,1981.2
10265,OA-AL2i2,1981.4
10269,OA-AL2i2,1981.5
287884,OA-VPM3,1981.8999999999999
11264,OA-ASM1,1982.1000000000001
12688,OA-ASM1,1982.1000000000001
10175,OA-VUMa6,1982.3000000000002
11602,OA-ASM1,1982.3000000000002
10652,OA-AL2i4,1982.6000000000001
10677,OA-AL2i4,1982.9
10799,OA-VUMa4,1984.4
10204,OA-AL2i2,1985.7
53065,Mi1,1985.7
11921,OA-VPM4,1986.3000000000002
10658,OA-AL2i3,1986.8000000000002
10072,OA-AL2i1,1987.1000000000001
11608,OA-VUMa2,1987.4
10187,OA-VPM3,1988.1000000000001
10120,OA-VPM4,1988.3000000000002
10110,OA-VUMa1,1988.4
10825,OA-AL2i3,1988.4
11005,OA-VUMa4,1988.4
10011,OA-AL2i1,1989.1000000000001
10226,OA-AL2i3,1989.1000000000001
286259,OA-ASM1,1989.2
10185,OA-VUMa8,1989.6
10555,OA-VUMa3,1990.0
10168,OA-VUMa6,1990.2
12109,OA-VUMa2,1990.5000000000002
10687,OA-AL2i3,1991.1000000000001
10041,OA-VUMa1,1991.7
12896,OA-VUMa5,1992.4
10322,OA-AL2i2,1992.6000000000001
10080,OA-VUMa3,1992.9
10269,OA-AL2i2,1993.5
10175,OA-VUMa6,1994.2
10265,OA-AL2i2,1994.2
287884,OA-VPM3,1994.4
11602,OA-ASM1,1995.1000000000001
10652,OA-AL2i4,1995.2
10677,OA-AL2i4,1995.2
12688,OA-ASM1,1995.4
10799,OA-VUMa4,1996.0
10072,OA-AL2i1,1996.4
11264,OA-ASM1,1997.3
10204,OA-AL2i2,1998.0
10658,OA-AL2i3,1998.5000000000002
10110,OA-VUMa1,1999.0
11921,OA-VPM4,1999.4
11005,OA-VUMa4,1999.6
11608,OA-VUMa2,1999.8
10187,OA-VPM3,2000.0
53065,Mi1,2000.5000000000002
10825,OA-AL2i3,2000.9999999999998
10168,OA-VUMa6,2001.2000000000003
10226,OA-AL2i3,2001.2000000000003
10120,OA-VPM4,2001.3
12109,OA-VUMa2,2002.0000000000002
10011,OA-AL2i1,2002.1
10185,OA-VUMa8,2002.5
286259,OA-ASM1,2002.6000000000001
10041,OA-VUMa1,2002.6999999999998
12896,OA-VUMa5,2003.0
10687,OA-AL2i3,2003.1
10555,OA-VUMa3,2003.5000000000002
10322,OA-AL2i2,2004.0
10265,OA-AL2i2,2005.6000000000001
10269,OA-AL2i2,2005.8000000000002
10072,OA-AL2i1,2005.8999999999999
10175,OA-VUMa6,2006.2000000000003
10080,OA-VUMa3,2006.6000000000001
287884,OA-VPM3,2006.6000000000001
10652,OA-AL2i4,2007.4
10677,OA-AL2i4,2008.1000000000001
11602,OA-ASM1,2008.5000000000002
12688,OA-ASM1,2008.6
10799,OA-VUMa4,2008.7
10110,OA-VUMa1,2009.6000000000001
10658,OA-AL2i3,2009.9
11264,OA-ASM1,2010.0000000000002
10204,OA-AL2i2,2010.8999999999999
11005,OA-VUMa4,2011.5000000000002
11608,OA-VUMa2,2011.6
10226,OA-AL2i3,2012.7
10168,OA-VUMa6,2012.9999999999998
10120,OA-VPM4,2013.1999999999998
10011,OA-AL2i1,2013.4000000000003
11921,OA-VPM4,2013.5
10041,OA-VUMa1,2013.7
12109,OA-VUMa2,2013.8000000000002
10825,OA-AL2i3,2014.3
10187,OA-VPM3,2014.5
10185,OA-VUMa8,2014.8999999999999
12896,OA-VUMa5,2014.8999999999999
53065,Mi1,2015.0
10072,OA-AL2i1,2015.3000000000002
286259,OA-ASM1,2015.5000000000002
10322,OA-AL2i2,2016.1000000000001
10687,OA-AL2i3,2016.2
10175,OA-VUMa6,2017.4000000000003
10555,OA-VUMa3,2017.5
10265,OA-AL2i2,2018.0000000000002
10269,OA-AL2i2,2018.3
287884,OA-VPM3,2019.4
10080,OA-VUMa3,2019.7000000000003
10677,OA-AL2i4,2020.3000000000002
10110,OA-VUMa1,2020.3999999999999
10652,OA-AL2i4,2020.6
10658,OA-AL2i3,2020.9999999999998
11602,OA-ASM1,2021.1000000000001
12688,OA-ASM1,2021.1999999999998
10799,OA-VUMa4,2022.2000000000003
11005,OA-VUMa4,2022.6000000000001
11264,OA-ASM1,2023.2999999999997
10041,OA-VUMa1,2023.6000000000001
11608,OA-VUMa2,2023.7000000000003
10204,OA-AL2i2,2024.3000000000002
10226,OA-AL2i3,2024.6
10011,OA-AL2i1,2024.8
10168,OA-VUMa6,2024.9999999999998
10072,OA-AL2i1,2025.4000000000003
12109,OA-VUMa2,2025.6000000000001
10120,OA-VPM4,2025.7
10185,OA-VUMa8,2026.4
10322,OA-AL2i2,2027.5000000000002
12896,OA-VUMa5,2027.6000000000001
10825,OA-AL2i3,2028.1000000000001
10187,OA-VPM3,2028.2
10687,OA-AL2i3,2028.2
11921,OA-VPM4,2028.5000000000002
10175,OA-VUMa6,2028.9
286259,OA-ASM1,2029.3
10265,OA-AL2i2,2030.2000000000003
10110,OA-VUMa1,2030.4
10555,OA-VUMa3,2030.6999999999998
10269,OA-AL2i2,2030.8000000000002
53065,Mi1,2031.5000000000002
287884,OA-VPM3,2032.7
10658,OA-AL2i3,2032.8
10677,OA-AL2i4,2032.9999999999998
11602,OA-ASM1,2033.4000000000003
10080,OA-VUMa3,2033.5
10652,OA-AL2i4,2033.7
11005,OA-VUMa4,2033.8000000000002
10041,OA-VUMa1,2033.9
12688,OA-ASM1,2034.6999999999998
11608,OA-VUMa2,2034.8000000000002
10072,OA-AL2i1,2034.8000000000002
10799,OA-VUMa4,2035.0
10168,OA-VUMa6,2035.9000000000003
10226,OA-AL2i3,2035.9000000000003
11264,OA-ASM1,2036.0
10011,OA-AL2i1,2036.5000000000002
12109,OA-VUMa2,2036.5000000000002
10204,OA-AL2i2,2037.5
10120,OA-VPM4,2038.5
10185,OA-VUMa8,2039.0
12896,OA-VUMa5,2039.1
10322,OA-AL2i2,2039.5000000000002
10110,OA-VUMa1,2040.9999999999998
10175,OA-VUMa6,2041.1000000000001
10825,OA-AL2i3,2041.3000000000002
10187,OA-VPM3,2041.3999999999999
10687,OA-AL2i3,2041.5
10265,OA-AL2i2,2041.8000000000002
10269,OA-AL2i2,2042.5
286259,OA-ASM1,2042.6000000000001
11921,OA-VPM4,2043.5000000000002
10555,OA-VUMa3,2043.7000000000003
10658,OA-AL2i3,2044.2
10041,OA-VUMa1,2044.6
11005,OA-VUMa4,2045.3999999999999
287884,OA-VPM3,2045.5
10677,OA-AL2i4,2046.0000000000002
10080,OA-VUMa3,2046.1
11602,OA-ASM1,2046.1
53065,Mi1,2046.2000000000003
10652,OA-AL2i4,2046.6999999999998
10168,OA-VUMa6,2047.1
11608,OA-VUMa2,2047.2
10072,OA-AL2i1,2047.5000000000002
10226,OA-AL2i3,2047.9000000000003
11264,OA-ASM1,2048.5
10799,OA-VUMa4,2048.7999999999997
12688,OA-ASM1,2048.7999999999997
12109,OA-VUMa2,2048.9
10120,OA-VPM4,2049.6000000000004
10011,OA-AL2i1,2049.7
12896,OA-VUMa5,2050.8
10185,OA-VUMa8,2051.1
10204,OA-AL2i2,2051.1
10110,OA-VUMa1,2051.2999999999997
10322,OA-AL2i2,2051.6
10175,OA-VUMa6,2053.3
10187,OA-VPM3,2053.8
10269,OA-AL2i2,2054.1
10825,OA-AL2i3,2054.5
10041,OA-VUMa1,2054.6000000000004
10687,OA-AL2i3,2054.7
10265,OA-AL2i2,2055.1
11005,OA-VUMa4,2056.2
286259,OA-ASM1,2056.4
10555,OA-VUMa3,2056.5
10658,OA-AL2i3,2056.7000000000003
11921,OA-VPM4,2057.2
10072,OA-AL2i1,2057.8
287884,OA-VPM3,2058.2000000000003
10168,OA-VUMa6,2058.8
10080,OA-VUMa3,2058.8
10226,OA-AL2i3,2059.2000000000003
11602,OA-ASM1,2059.2000000000003
53065,Mi1,2059.5
11608,OA-VUMa2,2059.7000000000003
10652,OA-AL2i4,2059.8
10677,OA-AL2i4,2060.2
12109,OA-VUMa2,2060.7000000000003
10011,OA-AL2i1,2061.1
11264,OA-ASM1,2061.3
10799,OA-VUMa4,2061.3999999999996
12896,OA-VUMa5,2061.7
10120,OA-VPM4,2062.0000000000005
12688,OA-ASM1,2062.4
10185,OA-VUMa8,2063.2999999999997
10110,OA-VUMa1,2063.4
10322,OA-AL2i2,2063.7000000000003
10204,OA-AL2i2,2064.3
10175,OA-VUMa6,2064.9
10041,OA-VUMa1,2065.6
10269,OA-AL2i2,2066.2000000000003
10187,OA-VPM3,2066.7
10687,OA-AL2i3,2066.9
10265,OA-AL2i2,2067.1
10658,OA-AL2i3,2067.7000000000003
10825,OA-AL2i3,2068.1000000000004
11005,OA-VUMa4,2068.6
286259,OA-ASM1,2068.9
10072,OA-AL2i1,2069.3
10555,OA-VUMa3,2069.9
10168,OA-VUMa6,2070.0000000000005
10226,OA-AL2i3,2070.4
11608,OA-VUMa2,2071.2000000000003
10080,OA-VUMa3,2071.2999999999997
287884,OA-VPM3,2071.2999999999997
11921,OA-VPM4,2071.4
11602,OA-ASM1,2072.0
10652,OA-AL2i4,2072.3
10011,OA-AL2i1,2072.7000000000003
53065,Mi1,2072.7000000000003
10677,OA-AL2i4,2072.7999999999997
12109,OA-VUMa2,2073.1
12896,OA-VUMa5,2073.5
11264,OA-ASM1,2074.0000000000005
10120,OA-VPM4,2074.3
10110,OA-VUMa1,2074.6000000000004
10799,OA-VUMa4,2074.9
10175,OA-VUMa6,2075.6
10185,OA-VUMa8,2075.6
10322,OA-AL2i2,2076.0
12688,OA-ASM1,2076.3
10041,OA-VUMa1,2076.9
10204,OA-AL2i2,2077.4
10269,OA-AL2i2,2077.5
10687,OA-AL2i3,2078.5
10187,OA-VPM3,2078.9
10658,OA-AL2i3,2079.2000000000003
10265,OA-AL2i2,2079.8
10825,OA-AL2i3,2080.7999999999997
11005,OA-VUMa4,2080.7999999999997
10072,OA-AL2i1,2081.5
10226,OA-AL2i3,2082.0000000000005
10168,OA-VUMa6,2082.3
10555,OA-VUMa3,2082.3
11608,OA-VUMa2,2082.7
286259,OA-ASM1,2083.0
287884,OA-VPM3,2083.7
10080,OA-VUMa3,2084.1000000000004
10011,OA-AL2i1,2084.3
12109,OA-VUMa2,2084.5
11602,OA-ASM1,2084.7999999999997
11921,OA-VPM4,2084.9
10652,OA-AL2i4,2085.0
10110,OA-VUMa1,2085.9
12896,OA-VUMa5,2086.3
10677,OA-AL2i4,2086.4
53065,Mi1,2086.8
10120,OA-VPM4,2086.9
10799,OA-VUMa4,2087.8
10175,OA-VUMa6,2087.9
10185,OA-VUMa8,2088.2
10041,OA-VUMa1,2088.5
10322,OA-AL2i2,2088.6
11264,OA-ASM1,2089.0
10269,OA-AL2i2,2089.3
10687,OA-AL2i3,2090.0000000000005
10204,OA-AL2i2,2090.2000000000003
12688,OA-ASM1,2090.7
10658,OA-AL2i3,2091.2000000000003
10187,OA-VPM3,2091.8
10265,OA-AL2i2,2092.5
11005,OA-VUMa4,2092.5
10825,OA-AL2i3,2093.5
10072,OA-AL2i1,2093.9
11608,OA-VUMa2,2094.0000000000005
10226,OA-AL2i3,2094.1
10168,OA-VUMa6,2094.5
10555,OA-VUMa3,2096.1000000000004
10011,OA-AL2i1,2096.2
10110,OA-VUMa1,2096.6
12109,OA-VUMa2,2096.7000000000003
286259,OA-ASM1,2096.7000000000003
287884,OA-VPM3,2097.4
10080,OA-VUMa3,2097.6
11602,OA-ASM1,2097.6
10652,OA-AL2i4,2098.9
10120,OA-VPM4,2099.1
10677,OA-AL2i4,2099.2000000000003
12896,OA-VUMa5,2099.6
11921,OA-VPM4,2099.7
10799,OA-VUMa4,2099.8
10041,OA-VUMa1,2099.9
10175,OA-VUMa6,2099.9
10185,OA-VUMa8,2100.9
53065,Mi1,2101.0
10322,OA-AL2i2,2101.0
11264,OA-ASM1,2101.7000000000003
10269,OA-AL2i2,2101.7999999999997
10687,OA-AL2i3,2102.1
10658,OA-AL2i3,2102.7
12688,OA-ASM1,2102.7
10204,OA-AL2i2,2103.1
10187,OA-VPM3,2103.8
11608,OA-VUMa2,2105.2
11005,OA-VUMa4,2105.3
10168,OA-VUMa6,2105.6
10226,OA-AL2i3,2105.7000000000003
10825,OA-AL2i3,2106.1
10072,OA-AL2i1,2106.2000000000003
10265,OA-AL2i2,2106.4
10011,OA-AL2i1,2107.4
10110,OA-VUMa1,2107.6
12109,OA-VUMa2,2108.2
10555,OA-VUMa3,2108.9
286259,OA-ASM1,2109.0
10080,OA-VUMa3,2110.0000000000005
287884,OA-VPM3,2110.3
11602,OA-ASM1,2110.7
10120,OA-VPM4,2111.2999999999997
12896,OA-VUMa5,2111.5
10041,OA-VUMa1,2111.6
10652,OA-AL2i4,2112.2
10175,OA-VUMa6,2112.5
10677,OA-AL2i4,2113.0
10687,OA-AL2i3,2113.3
10185,OA-VUMa8,2113.5
10322,OA-AL2i2,2113.7000000000003
10799,OA-VUMa4,2113.7000000000003
11921,OA-VPM4,2113.7999999999997
11264,OA-ASM1,2114.8
10658,OA-AL2i3,2114.9
53065,Mi1,2115.4
12688,OA-ASM1,2115.5
10187,OA-VPM3,2115.6
10269,OA-AL2i2,2116.0
10204,OA-AL2i2,2116.3
10168,OA-VUMa6,2116.4
11608,OA-VUMa2,2117.1000000000004
11005,OA-VUMa4,2117.3
10110,OA-VUMa1,2117.7999999999997
10226,OA-AL2i3,2118.0
10072,OA-AL2i1,2118.8
10825,OA-AL2i3,2119.2000000000003
10011,OA-AL2i1,2119.5
10265,OA-AL2i2,2119.8
12109,OA-VUMa2,2120.2
287884,OA-VPM3,2122.0
286259,OA-ASM1,2122.3
10041,OA-VUMa1,2122.7
10080,OA-VUMa3,2122.7
10555,OA-VUMa3,2122.8
12896,OA-VUMa5,2122.9
10120,OA-VPM4,2124.3
11602,OA-ASM1,2124.4
10175,OA-VUMa6,2124.4
10185,OA-VUMa8,2124.5000000000005
10652,OA-AL2i4,2124.6
10687,OA-AL2i3,2125.0
10677,OA-AL2i4,2125.3
10799,OA-VUMa4,2126.1
10322,OA-AL2i2,2126.6000000000004
10658,OA-AL2i3,2126.8
11264,OA-ASM1,2127.4
12688,OA-ASM1,2127.6
10168,OA-VUMa6,2127.8999999999996
11921,OA-VPM4,2128.0
10110,OA-VUMa1,2128.1
10187,OA-VPM3,2128.7000000000003
10204,OA-AL2i2,2128.7000000000003
11005,OA-VUMa4,2128.8
11608,OA-VUMa2,2129.0
10269,OA-AL2i2,2129.2
10072,OA-AL2i1,2130.2000000000003
10226,OA-AL2i3,2130.5
10011,OA-AL2i1,2131.1
53065,Mi1,2131.2999999999997
10265,OA-AL2i2,2131.7
12109,OA-VUMa2,2131.7
10825,OA-AL2i3,2132.0
10041,OA-VUMa1,2133.3
12896,OA-VUMa5,2133.7999999999997
10080,OA-VUMa3,2135.7
287884,OA-VPM3,2135.7
10555,OA-VUMa3,2136.3
286259,OA-ASM1,2136.5000000000005
10175,OA-VUMa6,2136.7000000000003
10120,OA-VPM4,2137.3
10185,OA-VUMa8,2137.5
10687,OA-AL2i3,2137.5
10652,OA-AL2i4,2138.6000000000004
10658,OA-AL2i3,2138.8
11602,OA-ASM1,2138.8
10322,OA-AL2i2,2138.9
10677,OA-AL2i4,2139.0
10799,OA-VUMa4,2139.5
10110,OA-VUMa1,2140.0
11264,OA-ASM1,2140.0
11608,OA-VUMa2,2140.3
10168,OA-VUMa6,2140.7000000000003
11005,OA-VUMa4,2141.0
12688,OA-ASM1,2141.0
10269,OA-AL2i2,2141.3
10187,OA-VPM3,2141.6
10204,OA-AL2i2,2141.7999999999997
10011,OA-AL2i1,2142.0
10226,OA-AL2i3,2142.4
10072,OA-AL2i1,2142.6000000000004
11921,OA-VPM4,2143.1
10265,OA-AL2i2,2143.2000000000003
12109,OA-VUMa2,2143.2000000000003
10041,OA-VUMa1,2143.9
10825,OA-AL2i3,2144.7000000000003
53065,Mi1,2144.8
12896,OA-VUMa5,2144.9
287884,OA-VPM3,2147.5
10175,OA-VUMa6,2147.6
10080,OA-VUMa3,2149.2
10555,OA-VUMa3,2149.5
10120,OA-VPM4,2149.9
286259,OA-ASM1,2150.1
10185,OA-VUMa8,2150.2
10687,OA-AL2i3,2150.3
10110,OA-VUMa1,2150.4
10322,OA-AL2i2,2150.5
11608,OA-VUMa2,2151.2000000000003
10652,OA-AL2i4,2151.7
11602,OA-ASM1,2151.7
10658,OA-AL2i3,2152.1
10168,OA-VUMa6,2152.3
10677,OA-AL2i4,2152.6
11005,OA-VUMa4,2152.6
12688,OA-ASM1,2152.8
10269,OA-AL2i2,2153.1000000000004
10799,OA-VUMa4,2153.3
11264,OA-ASM1,2153.4
10187,OA-VPM3,2154.1
10041,OA-VUMa1,2154.2
12109,OA-VUMa2,2154.7
10226,OA-AL2i3,2154.8
10011,OA-AL2i1,2154.9
10072,OA-AL2i1,2154.9
10204,OA-AL2i2,2155.0
10265,OA-AL2i2,2156.0
12896,OA-VUMa5,2156.6
11921,OA-VPM4,2156.8
10825,OA-AL2i3,2158.9
10175,OA-VUMa6,2159.4
53065,Mi1,2160.1
287884,OA-VPM3,2160.2999999999997
10110,OA-VUMa1,2161.5
10120,OA-VPM4,2161.5
10080,OA-VUMa3,2161.7999999999997
10687,OA-AL2i3,2162.2
10322,OA-AL2i2,2162.7
10555,OA-VUMa3,2163.0
286259,OA-ASM1,2163.0
11608,OA-VUMa2,2163.2000000000003
10185,OA-VUMa8,2163.3
10168,OA-VUMa6,2164.1
11602,OA-ASM1,2164.2000000000003
10658,OA-AL2i3,2164.2999999999997
10072,OA-AL2i1,2164.2999999999997
10677,OA-AL2i4,2164.7000000000003
11005,OA-VUMa4,2164.8
10652,OA-AL2i4,2164.9
10041,OA-VUMa1,2165.0
12688,OA-ASM1,2165.3
10269,OA-AL2i2,2165.6
12109,OA-VUMa2,2166.0
10799,OA-VUMa4,2166.0
11264,OA-ASM1,2166.2
10011,OA-AL2i1,2166.5
10187,OA-VPM3,2166.8
10226,OA-AL2i3,2167.0
12896,OA-VUMa5,2167.6000000000004
10204,OA-AL2i2,2168.2000000000003
10265,OA-AL2i2,2168.8
10825,OA-AL2i3,2170.8
10175,OA-VUMa6,2170.9
10110,OA-VUMa1,2171.8
11921,OA-VPM4,2171.8
287884,OA-VPM3,2173.4
10687,OA-AL2i3,2173.6
10080,OA-VUMa3,2173.9
10120,OA-VPM4,2174.2
11608,OA-VUMa2,2174.2
10072,OA-AL2i1,2174.2
10185,OA-VUMa8,2174.8
53065,Mi1,2175.2000000000003
10322,OA-AL2i2,2175.3
10555,OA-VUMa3,2176.0
10041,OA-VUMa1,2176.1
10168,OA-VUMa6,2176.4
10658,OA-AL2i3,2176.4
11005,OA-VUMa4,2176.6
11602,OA-ASM1,2177.1000000000004
10652,OA-AL2i4,2177.5
286259,OA-ASM1,2177.6
10677,OA-AL2i4,2177.7000000000003
12688,OA-ASM1,2177.7999999999997
10269,OA-AL2i2,2178.0
10226,OA-AL2i3,2178.3999999999996
12109,OA-VUMa2,2178.7
10799,OA-VUMa4,2178.7
11264,OA-ASM1,2179.4
10011,OA-AL2i1,2179.8
10187,OA-VPM3,2179.8
12896,OA-VUMa5,2180.2000000000003
10265,OA-AL2i2,2181.0
10204,OA-AL2i2,2181.6
10175,OA-VUMa6,2182.3999999999996
10825,OA-AL2i3,2182.7
10110,OA-VUMa1,2182.9
10072,OA-AL2i1,2183.1
10687,OA-AL2i3,2184.8
11608,OA-VUMa2,2185.7999999999997
11921,OA-VPM4,2185.7999999999997
10080,OA-VUMa3,2186.3
10120,OA-VPM4,2187.1
287884,OA-VPM3,2187.1
10322,OA-AL2i2,2187.2000000000003
10041,OA-VUMa1,2187.3
10185,OA-VUMa8,2187.7
11005,OA-VUMa4,2188.0
10168,OA-VUMa6,2188.5
10658,OA-AL2i3,2188.5
10555,OA-VUMa3,2190.1
12109,OA-VUMa2,2190.2
10226,OA-AL2i3,2190.3
10269,OA-AL2i2,2190.5
12688,OA-ASM1,2190.9
53065,Mi1,2190.9
10652,OA-AL2i4,2191.0000000000005
10677,OA-AL2i4,2191.0000000000005
11602,OA-ASM1,2191.3
286259,OA-ASM1,2191.4
10011,OA-AL2i1,2191.9
12896,OA-VUMa5,2192.0
10799,OA-VUMa4,2192.0
10072,OA-AL2i1,2192.7000000000003
10187,OA-VPM3,2192.7000000000003
11264,OA-ASM1,2193.0
10175,OA-VUMa6,2193.4
10110,OA-VUMa1,2193.5
10204,OA-AL2i2,2193.9
10265,OA-AL2i2,2194.6
10825,OA-AL2i3,2194.9
10687,OA-AL2i3,2196.4
11608,OA-VUMa2,2197.6
10041,OA-VUMa1,2198.0
10080,OA-VUMa3,2199.4
11921,OA-VPM4,2199.6000000000004
11005,OA-VUMa4,2199.8
10322,OA-AL2i2,2200.0
287884,OA-VPM3,2200.1
10120,OA-VPM4,2200.2000000000003
10658,OA-AL2i3,2200.2999999999997
10168,OA-VUMa6,2200.8
10185,OA-VUMa8,2201.7000000000003
12109,OA-VUMa2,2201.7999999999997
10555,OA-VUMa3,2202.4
10677,OA-AL2i4,2202.8
10269,OA-AL2i2,2202.9
10226,OA-AL2i3,2203.1
12688,OA-ASM1,2203.1
10072,OA-AL2i1,2203.2000000000003
10652,OA-AL2i4,2203.6000000000004
10799,OA-VUMa4,2204.0
12896,OA-VUMa5,2204.1
11602,OA-ASM1,2204.6
10011,OA-AL2i1,2204.7000000000003
10175,OA-VUMa6,2205.6
10187,OA-VPM3,2205.6
10110,OA-VUMa1,2205.6
286259,OA-ASM1,2206.0
10825,OA-AL2i3,2206.7000000000003
10204,OA-AL2i2,2206.8
10265,OA-AL2i2,2207.0000000000005
53065,Mi1,2207.5
11264,OA-ASM1,2208.0
11608,OA-VUMa2,2208.1
10041,OA-VUMa1,2208.8
10687,OA-AL2i3,2208.9
11005,OA-VUMa4,2210.3
10080,OA-VUMa3,2211.5
10322,OA-AL2i2,2212.2000000000003
10072,OA-AL2i1,2212.8
10168,OA-VUMa6,2212.9
10658,OA-AL2i3,2213.0
10120,OA-VPM4,2213.4
12109,OA-VUMa2,2213.5
287884,OA-VPM3,2213.5
10226,OA-AL2i3,2214.1
11921,OA-VPM4,2214.5
10677,OA-AL2i4,2215.0000000000005
12896,OA-VUMa5,2215.3
10269,OA-AL2i2,2215.6000000000004
10555,OA-VUMa3,2215.6000000000004
12688,OA-ASM1,2215.7
10185,OA-VUMa8,2216.0
10652,OA-AL2i4,2216.1
10011,OA-AL2i1,2216.5
11602,OA-ASM1,2216.9
10175,OA-VUMa6,2217.0
10110,OA-VUMa1,2217.4
10799,OA-VUMa4,2218.0
10825,OA-AL2i3,2218.1000000000004
10187,OA-VPM3,2218.1000000000004
10265,OA-AL2i2,2219.6000000000004
10041,OA-VUMa1,2219.7
11608,OA-VUMa2,2219.9
11264,OA-ASM1,2220.7
10204,OA-AL2i2,2220.8
10687,OA-AL2i3,2220.9
286259,OA-ASM1,2221.0
53065,Mi1,2221.6
11005,OA-VUMa4,2221.7000000000003
10072,OA-AL2i1,2222.7999999999997
10080,OA-VUMa3,2224.5
10168,OA-VUMa6,2224.5
10322,OA-AL2i2,2224.6
10658,OA-AL2i3,2224.8
12109,OA-VUMa2,2224.8
10226,OA-AL2i3,2227.0000000000005
10120,OA-VPM4,2227.0000000000005
287884,OA-VPM3,2227.3
12688,OA-ASM1,2227.7
10011,OA-AL2i1,2227.9
12896,OA-VUMa5,2227.9
10175,OA-VUMa6,2228.5
10555,OA-VUMa3,2228.5
10185,OA-VUMa8,2228.6
10677,OA-AL2i4,2228.8
10269,OA-AL2i2,2229.1000000000004
10110,OA-VUMa1,2229.2
11921,OA-VPM4,2229.2
10652,OA-AL2i4,2229.4
10187,OA-VPM3,2230.7000000000003
10041,OA-VUMa1,2230.7999999999997
11608,OA-VUMa2,2231.2000000000003
11602,OA-ASM1,2231.3
10799,OA-VUMa4,2231.4
10825,OA-AL2i3,2231.7
10265,OA-AL2i2,2232.0
11005,OA-VUMa4,2232.5
10687,OA-AL2i3,2232.9
11264,OA-ASM1,2233.5
10204,OA-AL2i2,2233.7000000000003
10072,OA-AL2i1,2234.6
286259,OA-ASM1,2235.0000000000005
10168,OA-VUMa6,2235.9
10322,OA-AL2i2,2236.0
12109,OA-VUMa2,2236.4
10658,OA-AL2i3,2236.5
10080,OA-VUMa3,2236.6
53065,Mi1,2237.4
10226,OA-AL2i3,2238.9
12896,OA-VUMa5,2238.9
10011,OA-AL2i1,2239.1
12688,OA-ASM1,2239.2000000000003
287884,OA-VPM3,2240.8
10120,OA-VPM4,2241.0
10175,OA-VUMa6,2241.1000000000004
10555,OA-VUMa3,2241.6
10652,OA-AL2i4,2241.8
10677,OA-AL2i4,2241.8
10185,OA-VUMa8,2241.9
10110,OA-VUMa1,2242.1000000000004
10041,OA-VUMa1,2242.3
11608,OA-VUMa2,2242.5
10269,OA-AL2i2,2242.9
11921,OA-VPM4,2243.3
10187,OA-VPM3,2243.8
11005,OA-VUMa4,2243.8
11602,OA-ASM1,2243.8
10072,OA-AL2i1,2244.1
10825,OA-AL2i3,2244.1
10265,OA-AL2i2,2244.8
10799,OA-VUMa4,2244.8999999999996
10687,OA-AL2i3,2246.2
11264,OA-ASM1,2246.3
10204,OA-AL2i2,2247.3
286259,OA-ASM1,2247.6000000000004
10322,OA-AL2i2,2247.9
12109,OA-VUMa2,2248.1
10168,OA-VUMa6,2248.2999999999997
10658,OA-AL2i3,2248.5
10080,OA-VUMa3,2249.3
12896,OA-VUMa5,2249.3
10226,OA-AL2i3,2250.3
10011,OA-AL2i1,2250.7000000000003
12688,OA-ASM1,2251.3
53065,Mi1,2251.9
10175,OA-VUMa6,2252.7
10120,OA-VPM4,2252.7
11608,OA-VUMa2,2253.1000000000004
10110,OA-VUMa1,2253.9
287884,OA-VPM3,2253.9
10555,OA-VUMa3,2254.0
10072,OA-AL2i1,2255.1
10185,OA-VUMa8,2255.1
10652,OA-AL2i4,2255.3
10041,OA-VUMa1,2255.9
10677,OA-AL2i4,2255.9
10187,OA-VPM3,2256.1
10269,OA-AL2i2,2256.2999999999997
11005,OA-VUMa4,2256.4
10825,OA-AL2i3,2256.6
11602,OA-ASM1,2256.8999999999996
10265,OA-AL2i2,2257.3
11921,OA-VPM4,2257.9
10687,OA-AL2i3,2258.6
10799,OA-VUMa4,2258.9
11264,OA-ASM1,2259.2000000000003
10168,OA-VUMa6,2260.0
10322,OA-AL2i2,2260.1
10658,OA-AL2i3,2260.1
12109,OA-VUMa2,2260.2999999999997
10204,OA-AL2i2,2260.5
12896,OA-VUMa5,2260.7
286259,OA-ASM1,2261.1
10080,OA-VUMa3,2261.2000000000003
10011,OA-AL2i1,2262.2
12688,OA-ASM1,2262.7000000000003
10226,OA-AL2i3,2262.7999999999997
11608,OA-VUMa2,2263.9
10072,OA-AL2i1,2264.2999999999997
10120,OA-VPM4,2264.6
10175,OA-VUMa6,2265.1
53065,Mi1,2266.1000000000004
10110,OA-VUMa1,2266.2
10041,OA-VUMa1,2266.9
287884,OA-VPM3,2267.4
10185,OA-VUMa8,2267.7
10555,OA-VUMa3,2267.9
11005,OA-VUMa4,2267.9
10825,OA-AL2i3,2268.7
10269,OA-AL2i2,2268.8
10652,OA-AL2i4,2269.0
10187,OA-VPM3,2269.5000000000005
10677,OA-AL2i4,2269.6
11602,OA-ASM1,2269.7000000000003
10265,OA-AL2i2,2270.3
11921,OA-VPM4,2270.6
10658,OA-AL2i3,2270.7999999999997
10687,OA-AL2i3,2271.3
10168,OA-VUMa6,2271.7
10322,OA-AL2i2,2271.8
12109,OA-VUMa2,2271.9
12896,OA-VUMa5,2272.2000000000003
10799,OA-VUMa4,2272.6
11264,OA-ASM1,2272.8
10011,OA-AL2i1,2273.0
10204,OA-AL2i2,2273.2000000000003
10072,OA-AL2i1,2273.4
10226,OA-AL2i3,2274.1000000000004
10080,OA-VUMa3,2275.0
12688,OA-ASM1,2275.1
286259,OA-ASM1,2275.3
11608,OA-VUMa2,2275.6000000000004
10120,OA-VPM4,2275.8
10175,OA-VUMa6,2276.6
10110,OA-VUMa1,2277.0
10041,OA-VUMa1,2278.4
10185,OA-VUMa8,2279.2
287884,OA-VPM3,2279.9
11005,OA-VUMa4,2280.5
53065,Mi1,2281.2000000000003
10555,OA-VUMa3,2281.3
10825,OA-AL2i3,2281.6
10269,OA-AL2i2,2282.1000000000004
10265,OA-AL2i2,2282.3
10652,OA-AL2i4,2282.6
10187,OA-VPM3,2282.6
10677,OA-AL2i4,2282.7000000000003
10168,OA-VUMa6,2282.9
10658,OA-AL2i3,2283.1
11602,OA-ASM1,2283.6000000000004
10687,OA-AL2i3,2283.8
10322,OA-AL2i2,2283.9
10072,OA-AL2i1,2284.2999999999997
10011,OA-AL2i1,2284.7
10204,OA-AL2i2,2285.2000000000003
11921,OA-VPM4,2285.3
12109,OA-VUMa2,2285.4
12896,OA-VUMa5,2285.5000000000005
10799,OA-VUMa4,2285.7000000000003
10226,OA-AL2i3,2285.9
11264,OA-ASM1,2286.4
11608,OA-VUMa2,2286.7000000000003
10120,OA-VPM4,2287.8
286259,OA-ASM1,2288.0
10080,OA-VUMa3,2288.1
12688,OA-ASM1,2288.4
10110,OA-VUMa1,2288.6000000000004
10175,OA-VUMa6,2288.7
10041,OA-VUMa1,2289.5000000000005
10185,OA-VUMa8,2290.7999999999997
11005,OA-VUMa4,2292.3
287884,OA-VPM3,2292.4
10825,OA-AL2i3,2294.0
10658,OA-AL2i3,2294.3
10072,OA-AL2i1,2294.4
10187,OA-VPM3,2294.5
10652,OA-AL2i4,2294.7000000000003
53065,Mi1,2294.7000000000003
10269,OA-AL2i2,2294.7999999999997
10168,OA-VUMa6,2294.9
10265,OA-AL2i2,2294.9
10555,OA-VUMa3,2295.1
10677,OA-AL2i4,2295.4
10322,OA-AL2i2,2296.1
10687,OA-AL2i3,2296.1
11602,OA-ASM1,2296.3
10011,OA-AL2i1,2296.4
10226,OA-AL2i3,2297.0
10204,OA-AL2i2,2298.1000000000004
10799,OA-VUMa4,2298.2
12896,OA-VUMa5,2298.4
12109,OA-VUMa2,2299.2
10120,OA-VPM4,2299.5
10110,OA-VUMa1,2299.6000000000004
11264,OA-ASM1,2299.7
10080,OA-VUMa3,2300.4
10175,OA-VUMa6,2300.5
11921,OA-VPM4,2300.5
11608,OA-VUMa2,2300.6000000000004
10041,OA-VUMa1,2301.5000000000005
286259,OA-ASM1,2302.2
12688,OA-ASM1,2302.6
10072,OA-AL2i1,2303.0
10185,OA-VUMa8,2303.2
11005,OA-VUMa4,2303.7
287884,OA-VPM3,2304.7
10658,OA-AL2i3,2305.4
10825,OA-AL2i3,2306.0
10269,OA-AL2i2,2306.6
10168,OA-VUMa6,2306.9
10265,OA-AL2i2,2307.0
10652,OA-AL2i4,2307.3999999999996
10322,OA-AL2i2,2307.5
10011,OA-AL2i1,2307.7
10187,OA-VPM3,2307.8
10226,OA-AL2i3,2308.3
10555,OA-VUMa3,2308.3
10687,OA-AL2i3,2308.3
10677,OA-AL2i4,2308.9
10799,OA-VUMa4,2310.1000000000004
12896,OA-VUMa5,2310.2
11602,OA-ASM1,2310.3
10110,OA-VUMa1,2310.4
53065,Mi1,2310.5
10204,OA-AL2i2,2311.1
10120,OA-VPM4,2311.3
10072,OA-AL2i1,2312.1
11608,OA-VUMa2,2312.2000000000003
11264,OA-ASM1,2312.3
10175,OA-VUMa6,2312.5
10041,OA-VUMa1,2312.8
12109,OA-VUMa2,2312.8
10080,OA-VUMa3,2313.0
11921,OA-VPM4,2314.1000000000004
12688,OA-ASM1,2314.6
10185,OA-VUMa8,2315.1
286259,OA-ASM1,2315.7
11005,OA-VUMa4,2315.9
10658,OA-AL2i3,2316.4
287884,OA-VPM3,2317.6
10825,OA-AL2i3,2318.7000000000003
10168,OA-VUMa6,2318.9
10011,OA-AL2i1,2319.0
10265,OA-AL2i2,2319.1
10226,OA-AL2i3,2319.5
10322,OA-AL2i2,2319.6000000000004
10269,OA-AL2i2,2319.7000000000003
10652,OA-AL2i4,2319.8
10687,OA-AL2i3,2320.6000000000004
10555,OA-VUMa3,2320.9
10072,OA-AL2i1,2321.2999999999997
10110,OA-VUMa1,2321.2999999999997
10187,OA-VPM3,2321.2999999999997
10677,OA-AL2i4,2321.8
12896,OA-VUMa5,2321.9
11602,OA-ASM1,2322.7999999999997
10799,OA-VUMa4,2323.1
11608,OA-VUMa2,2323.3
10120,OA-VPM4,2323.8
10041,OA-VUMa1,2324.2000000000003
10175,OA-VUMa6,2324.4
11264,OA-ASM1,2325.2999999999997
12109,OA-VUMa2,2325.2999999999997
10204,OA-AL2i2,2325.6
10080,OA-VUMa3,2325.8
53065,Mi1,2326.7000000000003
10658,OA-AL2i3,2327.1
10185,OA-VUMa8,2327.4
11005,OA-VUMa4,2327.4
12688,OA-ASM1,2327.8
11921,OA-VPM4,2328.1
286259,OA-ASM1,2328.7
10168,OA-VUMa6,2329.5
10011,OA-AL2i1,2330.2
10322,OA-AL2i2,2330.6
10226,OA-AL2i3,2330.7000000000003
287884,OA-VPM3,2330.7999999999997
10825,OA-AL2i3,2330.9
10265,OA-AL2i2,2331.1
10072,OA-AL2i1,2331.2
10687,OA-AL2i3,2331.4
10269,OA-AL2i2,2331.5
10652,OA-AL2i4,2332.1
10110,OA-VUMa1,2332.7
10677,OA-AL2i4,2333.6
12896,OA-VUMa5,2333.7000000000003
10187,OA-VPM3,2334.1000000000004
10555,OA-VUMa3,2334.4
10041,OA-VUMa1,2335.1
11602,OA-ASM1,2335.9
11608,OA-VUMa2,2336.4
10120,OA-VPM4,2336.5
10799,OA-VUMa4,2337.0
12109,OA-VUMa2,2337.2000000000003
10175,OA-VUMa6,2337.4
10080,OA-VUMa3,2338.0
11264,OA-ASM1,2338.5
10185,OA-VUMa8,2338.6
10658,OA-AL2i3,2338.7000000000003
10204,OA-AL2i2,2338.9
11005,OA-VUMa4,2339.7000000000003
53065,Mi1,2340.1
12688,OA-ASM1,2340.2000000000003
10072,OA-AL2i1,2341.5
10168,OA-VUMa6,2341.5
10011,OA-AL2i1,2341.6
10226,OA-AL2i3,2341.6
11921,OA-VPM4,2341.8
286259,OA-ASM1,2342.2
10110,OA-VUMa1,2342.4
10322,OA-AL2i2,2343.2
287884,OA-VPM3,2343.3
10269,OA-AL2i2,2343.6
10265,OA-AL2i2,2343.7000000000003
10687,OA-AL2i3,2343.9
10825,OA-AL2i3,2344.0000000000005
12896,OA-VUMa5,2344.8
10652,OA-AL2i4,2345.6
10041,OA-VUMa1,2345.9
10187,OA-VPM3,2346.7000000000003
10677,OA-AL2i4,2346.7000000000003
10555,OA-VUMa3,2347.7000000000003
11608,OA-VUMa2,2347.8
11602,OA-ASM1,2348.3
10120,OA-VPM4,2348.9
12109,OA-VUMa2,2349.2999999999997
10658,OA-AL2i3,2349.5
10175,OA-VUMa6,2350.3
10799,OA-VUMa4,2351.0
10185,OA-VUMa8,2351.3
10080,OA-VUMa3,2351.6
11264,OA-ASM1,2351.6
11005,OA-VUMa4,2352.3
10204,OA-AL2i2,2352.8
12688,OA-ASM1,2352.9
10168,OA-VUMa6,2353.0
10226,OA-AL2i3,2353.2000000000003
10011,OA-AL2i1,2353.2999999999997
10072,OA-AL2i1,2353.2999999999997
10110,OA-VUMa1,2353.6
11921,OA-VPM4,2354.6
53065,Mi1,2354.9
10322,OA-AL2i2,2355.1000000000004
10269,OA-AL2i2,2355.4
10265,OA-AL2i2,2355.5
10825,OA-AL2i3,2356.1
10041,OA-VUMa1,2356.3
12896,OA-VUMa5,2356.3
286259,OA-ASM1,2356.3
10687,OA-AL2i3,2356.9
287884,OA-VPM3,2357.1
10652,OA-AL2i4,2358.3
10187,OA-VPM3,2359.3
11608,OA-VUMa2,2359.4
10677,OA-AL2i4,2359.6
10658,OA-AL2i3,2360.3
11602,OA-ASM1,2360.7
10555,OA-VUMa3,2361.1
10120,OA-VPM4,2361.2999999999997
12109,OA-VUMa2,2361.2999999999997
10175,OA-VUMa6,2362.1000000000004
10799,OA-VUMa4,2363.1000000000004
10226,OA-AL2i3,2363.9
10080,OA-VUMa3,2363.9
10185,OA-VUMa8,2364.0000000000005
10168,OA-VUMa6,2364.2000000000003
10110,OA-VUMa1,2364.4
11005,OA-VUMa4,2364.7
11264,OA-ASM1,2365.1
10011,OA-AL2i1,2365.7
10072,OA-AL2i1,2365.8999999999996
12688,OA-ASM1,2366.3
10269,OA-AL2i2,2366.6
12896,OA-VUMa5,2366.7000000000003
10204,OA-AL2i2,2366.9
10041,OA-VUMa1,2367.0
10265,OA-AL2i2,2367.3
10322,OA-AL2i2,2367.5
53065,Mi1,2368.9
286259,OA-ASM1,2369.0
11921,OA-VPM4,2369.0
10687,OA-AL2i3,2369.2999999999997
10825,OA-AL2i3,2369.2999999999997
287884,OA-VPM3,2370.1000000000004
11608,OA-VUMa2,2370.7000000000003
10652,OA-AL2i4,2371.3
10658,OA-AL2i3,2371.5
12109,OA-VUMa2,2372.3
11602,OA-ASM1,2372.4
10187,OA-VPM3,2372.5
10677,OA-AL2i4,2372.9
10175,OA-VUMa6,2373.2999999999997
10120,OA-VPM4,2373.5
10555,OA-VUMa3,2373.7
10110,OA-VUMa1,2375.4
10226,OA-AL2i3,2375.4
10799,OA-VUMa4,2375.9
10185,OA-VUMa8,2376.3
10168,OA-VUMa6,2376.4
10011,OA-AL2i1,2377.5
10041,OA-VUMa1,2377.5
11005,OA-VUMa4,2377.5
10080,OA-VUMa3,2377.8
12896,OA-VUMa5,2378.5000000000005
10072,OA-AL2i1,2378.6
10269,OA-AL2i2,2378.7000000000003
12688,OA-ASM1,2379.0
11264,OA-ASM1,2379.0
10322,OA-AL2i2,2380.1
10265,OA-AL2i2,2380.2000000000003
10204,OA-AL2i2,2380.6000000000004
10687,OA-AL2i3,2382.0
11608,OA-VUMa2,2382.1000000000004
286259,OA-ASM1,2382.5000000000005
10825,OA-AL2i3,2383.0
10658,OA-AL2i3,2383.0
53065,Mi1,2383.1000000000004
287884,OA-VPM3,2383.7999999999997
10175,OA-VUMa6,2384.2000000000003
11921,OA-VPM4,2384.5
12109,OA-VUMa2,2384.5
11602,OA-ASM1,2384.9
10652,OA-AL2i4,2385.2999999999997
10187,OA-VPM3,2385.5
10677,OA-AL2i4,2385.5
10120,OA-VPM4,2385.8999999999996
10110,OA-VUMa1,2386.0
10226,OA-AL2i3,2386.9
10555,OA-VUMa3,2387.6
10168,OA-VUMa6,2388.5
10185,OA-VUMa8,2388.8
10799,OA-VUMa4,2389.0
10041,OA-VUMa1,2389.2000000000003
10011,OA-AL2i1,2389.6
12896,OA-VUMa5,2389.6
10080,OA-VUMa3,2389.8999999999996
11005,OA-VUMa4,2390.8
10072,OA-AL2i1,2391.7999999999997
10269,OA-AL2i2,2391.9
10265,OA-AL2i2,2392.4
11264,OA-ASM1,2392.4
12688,OA-ASM1,2392.4
10204,OA-AL2i2,2392.9
10322,OA-AL2i2,2392.9
11608,OA-VUMa2,2393.4
12109,OA-VUMa2,2394.4
10658,OA-AL2i3,2394.7000000000003
10687,OA-AL2i3,2394.8
10175,OA-VUMa6,2395.4
10825,OA-AL2i3,2396.2000000000003
286259,OA-ASM1,2396.4
287884,OA-VPM3,2397.0
53065,Mi1,2397.2000000000003
10110,OA-VUMa1,2397.5
10187,OA-VPM3,2397.6
10226,OA-AL2i3,2398.1
11921,OA-VPM4,2398.5000000000005
10677,OA-AL2i4,2398.6
11602,OA-ASM1,2398.6
10652,OA-AL2i4,2398.8
10120,OA-VPM4,2399.4
10168,OA-VUMa6,2400.0
10555,OA-VUMa3,2400.2000000000003
12896,OA-VUMa5,2400.4
10041,OA-VUMa1,2401.2999999999997
10185,OA-VUMa8,2401.4
10011,OA-AL2i1,2402.1
10799,OA-VUMa4,2402.2000000000003
10080,OA-VUMa3,2403.0
10072,OA-AL2i1,2403.9
11005,OA-VUMa4,2403.9
10269,OA-AL2i2,2404.4
11608,OA-VUMa2,2404.4
11264,OA-ASM1,2404.5
10265,OA-AL2i2,2405.0
10322,OA-AL2i2,2405.0
10204,OA-AL2i2,2405.7
12688,OA-ASM1,2405.7
10658,OA-AL2i3,2405.9
12109,OA-VUMa2,2406.1
10175,OA-VUMa6,2406.9
10687,OA-AL2i3,2407.3
10825,OA-AL2i3,2408.2
10110,OA-VUMa1,2408.8
287884,OA-VPM3,2409.8
10226,OA-AL2i3,2409.9
286259,OA-ASM1,2410.3
10187,OA-VPM3,2410.5000000000005
53065,Mi1,2411.0
11602,OA-ASM1,2411.1000000000004
10652,OA-AL2i4,2411.7000000000003
12896,OA-VUMa5,2411.9
10677,OA-AL2i4,2412.1
10168,OA-VUMa6,2412.3
11921,OA-VPM4,2412.4
10041,OA-VUMa1,2412.5
10120,OA-VPM4,2413.1
10555,OA-VUMa3,2413.4
10011,OA-AL2i1,2413.9
10185,OA-VUMa8,2413.9
10799,OA-VUMa4,2414.8
11608,OA-VUMa2,2415.5
10080,OA-VUMa3,2415.7999999999997
10072,OA-AL2i1,2416.2
11005,OA-VUMa4,2416.6000000000004
10269,OA-AL2i2,2416.8
10265,OA-AL2i2,2417.2999999999997
11264,OA-ASM1,2417.2999999999997
12109,OA-VUMa2,2417.7
10175,OA-VUMa6,2418.0
10322,OA-AL2i2,2418.2999999999997
12688,OA-ASM1,2418.6
10658,OA-AL2i3,2418.7000000000003
10687,OA-AL2i3,2419.4
10204,OA-AL2i2,2419.7000000000003
10110,OA-VUMa1,2419.9
287884,OA-VPM3,2421.4
10226,OA-AL2i3,2421.6000000000004
10825,OA-AL2i3,2421.8
10041,OA-VUMa1,2423.0
11602,OA-ASM1,2423.4
10652,OA-AL2i4,2423.9
10187,OA-VPM3,2424.1
286259,OA-ASM1,2424.1
10011,OA-AL2i1,2424.7
12896,OA-VUMa5,2424.7
10677,OA-AL2i4,2424.9
10168,OA-VUMa6,2425.1
10120,OA-VPM4,2425.3
53065,Mi1,2425.6000000000004
10072,OA-AL2i1,2425.9
10555,OA-VUMa3,2426.0
10185,OA-VUMa8,2426.8
11608,OA-VUMa2,2426.8
11921,OA-VPM4,2426.8
10799,OA-VUMa4,2427.5
10080,OA-VUMa3,2427.6
11005,OA-VUMa4,2428.5
12109,OA-VUMa2,2428.9
10110,OA-VUMa1,2429.4
10269,OA-AL2i2,2429.4
10175,OA-VUMa6,2429.5
10658,OA-AL2i3,2429.9
10265,OA-AL2i2,2430.4
11264,OA-ASM1,2430.5000000000005
10322,OA-AL2i2,2431.4
10687,OA-AL2i3,2431.7999999999997
12688,OA-ASM1,2432.3
10204,OA-AL2i2,2432.6000000000004
10041,OA-VUMa1,2432.7
10226,OA-AL2i3,2433.3
287884,OA-VPM3,2433.7
10825,OA-AL2i3,2435.0
10072,OA-AL2i1,2435.4
10011,OA-AL2i1,2436.3
10187,OA-VPM3,2436.5
11602,OA-ASM1,2436.7
12896,OA-VUMa5,2436.7
10120,OA-VPM4,2437.4
10168,OA-VUMa6,2437.5
10652,OA-AL2i4,2437.6000000000004
10677,OA-AL2i4,2437.7
10555,OA-VUMa3,2437.9
286259,OA-ASM1,2438.2000000000003
11608,OA-VUMa2,2438.4
10185,OA-VUMa8,2439.4
11921,OA-VPM4,2439.4
10110,OA-VUMa1,2439.9
10175,OA-VUMa6,2440.3999999999996
12109,OA-VUMa2,2440.5
53065,Mi1,2440.5
10799,OA-VUMa4,2440.9
10080,OA-VUMa3,2441.1
11005,OA-VUMa4,2441.2000000000003
10658,OA-AL2i3,2441.3
10269,OA-AL2i2,2442.1
10322,OA-AL2i2,2442.5000000000005
10265,OA-AL2i2,2442.9
10041,OA-VUMa1,2443.6
10226,OA-AL2i3,2444.3
10687,OA-AL2i3,2444.3999999999996
11264,OA-ASM1,2444.3999999999996
12688,OA-ASM1,2444.5
10204,OA-AL2i2,2445.2000000000003
10072,OA-AL2i1,2445.3
10011,OA-AL2i1,2447.0
12896,OA-VUMa5,2447.1000000000004
287884,OA-VPM3,2447.3
10825,OA-AL2i3,2448.0
11602,OA-ASM1,2449.0000000000005
10187,OA-VPM3,2449.7
10555,OA-VUMa3,2450.1
11608,OA-VUMa2,2450.2999999999997
10168,OA-VUMa6,2450.5
10652,OA-AL2i4,2450.5
10110,OA-VUMa1,2450.6
10120,OA-VPM4,2450.9
10175,OA-VUMa6,2451.2
286259,OA-ASM1,2451.4
10677,OA-AL2i4,2451.6
10185,OA-VUMa8,2451.9
12109,OA-VUMa2,2452.0
10658,OA-AL2i3,2452.8
11005,OA-VUMa4,2453.1
10041,OA-VUMa1,2453.6000000000004
11921,OA-VPM4,2453.8
10799,OA-VUMa4,2454.2000000000003
10080,OA-VUMa3,2454.2000000000003
53065,Mi1,2454.6
10269,OA-AL2i2,2454.8
10322,OA-AL2i2,2455.3
10072,OA-AL2i1,2455.6
10226,OA-AL2i3,2455.9
10265,OA-AL2i2,2455.9
12688,OA-ASM1,2456.7000000000003
10687,OA-AL2i3,2457.6000000000004
11264,OA-ASM1,2457.9
12896,OA-VUMa5,2458.2000000000003
10011,OA-AL2i1,2458.6
10204,OA-AL2i2,2458.7000000000003
10825,OA-AL2i3,2460.4
10110,OA-VUMa1,2461.4
11608,OA-VUMa2,2461.6000000000004
287884,OA-VPM3,2462.2000000000003
10652,OA-AL2i4,2462.5
11602,OA-ASM1,2462.9
10168,OA-VUMa6,2463.0
10187,OA-VPM3,2463.1000000000004
10175,OA-VUMa6,2463.3
10555,OA-VUMa3,2464.1
10658,OA-AL2i3,2464.1
12109,OA-VUMa2,2464.2
10120,OA-VPM4,2464.3
10185,OA-VUMa8,2464.8
10041,OA-VUMa1,2465.0000000000005
11005,OA-VUMa4,2465.1
10677,OA-AL2i4,2465.7
10072,OA-AL2i1,2466.1
286259,OA-ASM1,2466.2999999999997
10226,OA-AL2i3,2467.2
10799,OA-VUMa4,2468.0
10322,OA-AL2i2,2468.0
10269,OA-AL2i2,2468.0
10080,OA-VUMa3,2468.0
11921,OA-VPM4,2468.2
53065,Mi1,2468.6
12896,OA-VUMa5,2468.7000000000003
10265,OA-AL2i2,2469.3
11264,OA-ASM1,2470.1
12688,OA-ASM1,2470.2000000000003
10011,OA-AL2i1,2470.6
10687,OA-AL2i3,2470.6
10204,OA-AL2i2,2471.1000000000004
10110,OA-VUMa1,2471.7999999999997
11608,OA-VUMa2,2472.4
10825,OA-AL2i3,2472.5
10652,OA-AL2i4,2474.6
10175,OA-VUMa6,2475.0
10168,OA-VUMa6,2475.1000000000004
11602,OA-ASM1,2475.5
287884,OA-VPM3,2475.6
12109,OA-VUMa2,2475.9
10658,OA-AL2i3,2476.2
10041,OA-VUMa1,2476.4
10555,OA-VUMa3,2476.4
10187,OA-VPM3,2476.8
10120,OA-VPM4,2477.1
10185,OA-VUMa8,2477.5
11005,OA-VUMa4,2477.6000000000004
10226,OA-AL2i3,2478.2000000000003
10072,OA-AL2i1,2479.0
10677,OA-AL2i4,2479.7000000000003
12896,OA-VUMa5,2479.7000000000003
286259,OA-ASM1,2479.9
10322,OA-AL2i2,2480.3
10269,OA-AL2i2,2480.6
10265,OA-AL2i2,2481.3
10799,OA-VUMa4,2481.6000000000004
10080,OA-VUMa3,2482.0
10110,OA-VUMa1,2482.0
10011,OA-AL2i1,2482.2000000000003
11921,OA-VPM4,2482.4
12688,OA-ASM1,2482.6
10687,OA-AL2i3,2482.9
11264,OA-ASM1,2483.0
11608,OA-VUMa2,2483.2
53065,Mi1,2483.6
10204,OA-AL2i2,2484.3
10825,OA-AL2i3,2485.7
10652,OA-AL2i4,2486.1
10175,OA-VUMa6,2486.2999999999997
10168,OA-VUMa6,2486.6
12109,OA-VUMa2,2487.0
10041,OA-VUMa1,2487.4
10658,OA-AL2i3,2488.1000000000004
10555,OA-VUMa3,2489.0000000000005
11602,OA-ASM1,2489.0000000000005
287884,OA-VPM3,2489.1
10187,OA-VPM3,2489.7
11005,OA-VUMa4,2489.8
10226,OA-AL2i3,2490.1
12896,OA-VUMa5,2490.9
10185,OA-VUMa8,2491.0
10072,OA-AL2i1,2491.0
10120,OA-VPM4,2491.5
10677,OA-AL2i4,2492.2
10110,OA-VUMa1,2492.5
286259,OA-ASM1,2492.5
10011,OA-AL2i1,2493.4
10322,OA-AL2i2,2493.6000000000004
10265,OA-AL2i2,2493.8
10269,OA-AL2i2,2494.0
11608,OA-VUMa2,2494.2999999999997
10799,OA-VUMa4,2494.5
10687,OA-AL2i3,2495.5
10080,OA-VUMa3,2495.6
11921,OA-VPM4,2495.6
12688,OA-ASM1,2495.8
11264,OA-ASM1,2496.3
10041,OA-VUMa1,2496.7999999999997
10204,OA-AL2i2,2497.3
53065,Mi1,2497.7
10175,OA-VUMa6,2497.8
10652,OA-AL2i4,2498.2000000000003
10825,OA-AL2i3,2498.2000000000003
12109,OA-VUMa2,2498.4
10168,OA-VUMa6,2498.5
10658,OA-AL2i3,2499.8
11005,OA-VUMa4,2501.1
287884,OA-VPM3,2501.2000000000003
10226,OA-AL2i3,2501.5
11602,OA-ASM1,2501.5
10555,OA-VUMa3,2502.2000000000003
12896,OA-VUMa5,2502.2999999999997
10072,OA-AL2i1,2502.8
10185,OA-VUMa8,2503.3
10187,OA-VPM3,2503.6
10110,OA-VUMa1,2504.6
10011,OA-AL2i1,2504.7000000000003
10120,OA-VPM4,2505.0000000000005
286259,OA-ASM1,2505.0000000000005
11608,OA-VUMa2,2505.2000000000003
10322,OA-AL2i2,2505.3
10677,OA-AL2i4,2505.3
10265,OA-AL2i2,2505.7
10269,OA-AL2i2,2505.9
10799,OA-VUMa4,2507.4
10080,OA-VUMa3,2507.9
10041,OA-VUMa1,2508.4
10687,OA-AL2i3,2508.5
12688,OA-ASM1,2508.7999999999997
10175,OA-VUMa6,2509.1
11921,OA-VPM4,2509.2000000000003
11264,OA-ASM1,2509.9
12109,OA-VUMa2,2509.9
10168,OA-VUMa6,2510.0
10204,OA-AL2i2,2510.1
10652,OA-AL2i4,2510.4
10825,OA-AL2i3,2510.8
10658,OA-AL2i3,2511.7000000000003
11005,OA-VUMa4,2512.1000000000004
53065,Mi1,2513.0
12896,OA-VUMa5,2513.6000000000004
11602,OA-ASM1,2513.7
287884,OA-VPM3,2514.4
10226,OA-AL2i3,2514.8
10072,OA-AL2i1,2515.2000000000003
10110,OA-VUMa1,2515.4
10555,OA-VUMa3,2515.4
10185,OA-VUMa8,2515.9
10011,OA-AL2i1,2516.4
11608,OA-VUMa2,2516.4
10187,OA-VPM3,2516.7999999999997
10322,OA-AL2i2,2516.9
10265,OA-AL2i2,2517.1
10120,OA-VPM4,2517.8
10677,OA-AL2i4,2518.0
286259,OA-ASM1,2518.2000000000003
10269,OA-AL2i2,2518.6
10041,OA-VUMa1,2519.0
10799,OA-VUMa4,2519.9
12109,OA-VUMa2,2520.9
10080,OA-VUMa3,2521.2000000000003
10687,OA-AL2i3,2521.4
10175,OA-VUMa6,2521.5
12688,OA-ASM1,2521.6000000000004
11921,OA-VPM4,2522.1
10168,OA-VUMa6,2522.2000000000003
10825,OA-AL2i3,2522.8
10652,OA-AL2i4,2523.1000000000004
11264,OA-ASM1,2523.2000000000003
10658,OA-AL2i3,2524.2
11005,OA-VUMa4,2524.4
10204,OA-AL2i2,2524.6
12896,OA-VUMa5,2524.7999999999997
10072,OA-AL2i1,2525.5
11602,OA-ASM1,2525.5
10226,OA-AL2i3,2526.2000000000003
10110,OA-VUMa1,2526.7
10185,OA-VUMa8,2527.2000000000003
10011,OA-AL2i1,2527.3
287884,OA-VPM3,2527.4
11608,OA-VUMa2,2527.6
10187,OA-VPM3,2528.7999999999997
10322,OA-AL2i2,2529.2000000000003
10555,OA-VUMa3,2529.2000000000003
53065,Mi1,2529.2000000000003
10265,OA-AL2i2,2529.3
10041,OA-VUMa1,2530.2999999999997
10677,OA-AL2i4,2530.9
10120,OA-VPM4,2531.0
10269,OA-AL2i2,2531.2000000000003
286259,OA-ASM1,2531.2000000000003
12109,OA-VUMa2,2532.3
10175,OA-VUMa6,2533.2000000000003
10799,OA-VUMa4,2533.3
10687,OA-AL2i3,2533.6000000000004
10168,OA-VUMa6,2533.9
10080,OA-VUMa3,2533.9
10825,OA-AL2i3,2535.0
12688,OA-ASM1,2535.5000000000005
11005,OA-VUMa4,2535.6
11921,OA-VPM4,2535.6
10652,OA-AL2i4,2535.8
12896,OA-VUMa5,2535.8
10658,OA-AL2i3,2536.5
10110,OA-VUMa1,2536.9
11264,OA-ASM1,2537.1
10072,OA-AL2i1,2537.4
11602,OA-ASM1,2537.7
10204,OA-AL2i2,2538.1
10011,OA-AL2i1,2538.5
10226,OA-AL2i3,2538.7
10185,OA-VUMa8,2539.1
11608,OA-VUMa2,2539.2000000000003
287884,OA-VPM3,2540.4
10041,OA-VUMa1,2540.7999999999997
10322,OA-AL2i2,2540.9
10265,OA-AL2i2,2541.1
10555,OA-VUMa3,2541.7
10187,OA-VPM3,2541.8
10269,OA-AL2i2,2542.5
10677,OA-AL2i4,2542.9
53065,Mi1,2543.4
10120,OA-VPM4,2543.8
12109,OA-VUMa2,2543.9
10175,OA-VUMa6,2544.2
286259,OA-ASM1,2544.7999999999997
10168,OA-VUMa6,2545.5
10687,OA-AL2i3,2545.6000000000004
10799,OA-VUMa4,2546.2000000000003
10080,OA-VUMa3,2546.5
12896,OA-VUMa5,2546.8
10110,OA-VUMa1,2547.3
11005,OA-VUMa4,2548.0
12688,OA-ASM1,2548.3
10825,OA-AL2i3,2548.4
10658,OA-AL2i3,2548.7000000000003
10652,OA-AL2i4,2549.3
10226,OA-AL2i3,2549.7
10011,OA-AL2i1,2549.9
10072,OA-AL2i1,2550.1
11602,OA-ASM1,2550.2000000000003
11921,OA-VPM4,2550.3
11264,OA-ASM1,2550.6000000000004
11608,OA-VUMa2,2550.7
10204,OA-AL2i2,2550.8
10185,OA-VUMa8,2551.2999999999997
10041,OA-VUMa1,2552.0
10322,OA-AL2i2,2552.9
287884,OA-VPM3,2553.5
10265,OA-AL2i2,2553.8
10555,OA-VUMa3,2554.2000000000003
10187,OA-VPM3,2554.7
10175,OA-VUMa6,2554.9
12109,OA-VUMa2,2555.1
10677,OA-AL2i4,2555.4
10269,OA-AL2i2,2555.5000000000005
10120,OA-VPM4,2556.2
286259,OA-ASM1,2557.0
10168,OA-VUMa6,2557.5
10687,OA-AL2i3,2557.8
53065,Mi1,2557.8
10110,OA-VUMa1,2557.9
12896,OA-VUMa5,2558.3
10799,OA-VUMa4,2558.4
10080,OA-VUMa3,2559.2999999999997
10658,OA-AL2i3,2559.6
10072,OA-AL2i1,2560.0
10825,OA-AL2i3,2561.0
11005,OA-VUMa4,2561.0
12688,OA-ASM1,2561.3
10011,OA-AL2i1,2561.4
11608,OA-VUMa2,2562.1
10041,OA-VUMa1,2562.6000000000004
10652,OA-AL2i4,2562.8
10185,OA-VUMa8,2563.1
11602,OA-ASM1,2563.4
10226,OA-AL2i3,2563.4
11264,OA-ASM1,2563.6
10204,OA-AL2i2,2563.7000000000003
10322,OA-AL2i2,2564.5
11921,OA-VPM4,2564.6
10175,OA-VUMa6,2565.9
10265,OA-AL2i2,2566.0
12109,OA-VUMa2,2566.6000000000004
10555,OA-VUMa3,2566.6000000000004
10187,OA-VPM3,2567.1
10677,OA-AL2i4,2567.2000000000003
287884,OA-VPM3,2567.2999999999997
10110,OA-VUMa1,2568.5
10269,OA-AL2i2,2568.5
10168,OA-VUMa6,2568.6
10687,OA-AL2i3,2568.6
10120,OA-VPM4,2569.5
10072,OA-AL2i1,2569.7
12896,OA-VUMa5,2570.1
286259,OA-ASM1,2570.5
10658,OA-AL2i3,2571.2999999999997
10799,OA-VUMa4,2571.2999999999997
10080,OA-VUMa3,2571.4
53065,Mi1,2572.0
11005,OA-VUMa4,2573.1
10011,OA-AL2i1,2573.1
10041,OA-VUMa1,2573.3999999999996
10825,OA-AL2i3,2573.3999999999996
11608,OA-VUMa2,2573.8
10226,OA-AL2i3,2574.5
12688,OA-ASM1,2574.8
10185,OA-VUMa8,2575.2999999999997
10652,OA-AL2i4,2575.2999999999997
10322,OA-AL2i2,2576.0
11602,OA-ASM1,2576.3
11264,OA-ASM1,2577.3
10175,OA-VUMa6,2577.3999999999996
10204,OA-AL2i2,2577.3999999999996
10265,OA-AL2i2,2577.7000000000003
12109,OA-VUMa2,2577.7000000000003
10110,OA-VUMa1,2578.8
11921,OA-VPM4,2579.0
10555,OA-VUMa3,2579.0
10072,OA-AL2i1,2579.6
10677,OA-AL2i4,2579.6
10687,OA-AL2i3,2579.8
10269,OA-AL2i2,2580.2
10187,OA-VPM3,2580.5
10168,OA-VUMa6,2580.6
287884,OA-VPM3,2581.2
10120,OA-VPM4,2581.6000000000004
12896,OA-VUMa5,2581.7000000000003
286259,OA-ASM1,2583.0
10041,OA-VUMa1,2583.9
10658,OA-AL2i3,2583.9
10080,OA-VUMa3,2584.3
10799,OA-VUMa4,2585.1
11005,OA-VUMa4,2585.4
53065,Mi1,2585.5
10825,OA-AL2i3,2585.5
11608,OA-VUMa2,2585.7000000000003
10226,OA-AL2i3,2586.1
10011,OA-AL2i1,2586.4
12688,OA-ASM1,2587.6
10322,OA-AL2i2,2587.7000000000003
10185,OA-VUMa8,2588.1000000000004
10652,OA-AL2i4,2588.1000000000004
10175,OA-VUMa6,2588.7000000000003
10072,OA-AL2i1,2589.0
11602,OA-ASM1,2589.5
12109,OA-VUMa2,2589.5
10110,OA-VUMa1,2589.6000000000004
10265,OA-AL2i2,2589.7000000000003
10204,OA-AL2i2,2590.9
10687,OA-AL2i3,2591.7000000000003
11264,OA-ASM1,2591.9
10555,OA-VUMa3,2592.1000000000004
10269,OA-AL2i2,2592.3
10168,OA-VUMa6,2592.5
11921,OA-VPM4,2592.7000000000003
12896,OA-VUMa5,2592.7000000000003
10677,OA-AL2i4,2592.7999999999997
10187,OA-VPM3,2593.6
287884,OA-VPM3,2594.3
10041,OA-VUMa1,2594.5
10120,OA-VPM4,2594.8
10658,OA-AL2i3,2595.8
10080,OA-VUMa3,2596.7000000000003
286259,OA-ASM1,2596.7000000000003
11608,OA-VUMa2,2596.9
10226,OA-AL2i3,2598.0000000000005
10799,OA-VUMa4,2598.1
11005,OA-VUMa4,2598.5
10825,OA-AL2i3,2598.9
10011,OA-AL2i1,2598.9
10185,OA-VUMa8,2599.5
10072,OA-AL2i1,2599.6
12688,OA-ASM1,2599.6
10175,OA-VUMa6,2599.8
10322,OA-AL2i2,2600.0
10110,OA-VUMa1,2600.4
53065,Mi1,2600.6
10652,OA-AL2i4,2601.2
12109,OA-VUMa2,2601.7000000000003
10265,OA-AL2i2,2602.2000000000003
11602,OA-ASM1,2602.4
10687,OA-AL2i3,2603.5
10204,OA-AL2i2,2604.0
10168,OA-VUMa6,2604.1000000000004
12896,OA-VUMa5,2604.3
10269,OA-AL2i2,2604.4
10041,OA-VUMa1,2604.6
10555,OA-VUMa3,2605.0
11264,OA-ASM1,2605.2
11921,OA-VPM4,2605.3
10677,OA-AL2i4,2606.2000000000003
10658,OA-AL2i3,2607.2000000000003
11608,OA-VUMa2,2607.8
287884,OA-VPM3,2607.9
10187,OA-VPM3,2608.0
10120,OA-VPM4,2608.7000000000003
10226,OA-AL2i3,2609.3
10080,OA-VUMa3,2609.7000000000003
286259,OA-ASM1,2610.0000000000005
11005,OA-VUMa4,2610.1
10825,OA-AL2i3,2610.7
10110,OA-VUMa1,2611.2999999999997
10185,OA-VUMa8,2611.2999999999997
10175,OA-VUMa6,2611.4
10011,OA-AL2i1,2611.7
10799,OA-VUMa4,2611.9
10322,OA-AL2i2,2612.1000000000004
10072,OA-AL2i1,2612.5
12109,OA-VUMa2,2612.9
12688,OA-ASM1,2613.0
11602,OA-ASM1,2613.9
10265,OA-AL2i2,2614.1
10652,OA-AL2i4,2614.8
10687,OA-AL2i3,2614.8
10041,OA-VUMa1,2615.0
12896,OA-VUMa5,2615.0
10168,OA-VUMa6,2615.2999999999997
53065,Mi1,2615.8
10658,OA-AL2i3,2617.7999999999997
11264,OA-ASM1,2617.7999999999997
10269,OA-AL2i2,2617.7999999999997
10677,OA-AL2i4,2617.9
10204,OA-AL2i2,2618.2000000000003
10555,OA-VUMa3,2618.4
11608,OA-VUMa2,2618.7
11921,OA-VPM4,2619.6
287884,OA-VPM3,2620.0
10226,OA-AL2i3,2620.4
11005,OA-VUMa4,2621.2
10080,OA-VUMa3,2621.9
10175,OA-VUMa6,2622.4
10187,OA-VPM3,2622.4
10120,OA-VPM4,2622.5
10072,OA-AL2i1,2622.8
10110,OA-VUMa1,2623.0
10825,OA-AL2i3,2623.5
286259,OA-ASM1,2623.5
10799,OA-VUMa4,2623.8
12109,OA-VUMa2,2624.7000000000003
10185,OA-VUMa8,2624.9
10011,OA-AL2i1,2625.0
10322,OA-AL2i2,2625.3
12896,OA-VUMa5,2625.4
12688,OA-ASM1,2625.6
10041,OA-VUMa1,2626.2000000000003
10687,OA-AL2i3,2626.5
10265,OA-AL2i2,2626.7
11602,OA-ASM1,2626.7
10168,OA-VUMa6,2627.2999999999997
10652,OA-AL2i4,2627.7
10658,OA-AL2i3,2629.1000000000004
11608,OA-VUMa2,2629.7000000000003
10269,OA-AL2i2,2629.9
11264,OA-ASM1,2630.2000000000003
53065,Mi1,2630.2000000000003
10677,OA-AL2i4,2631.1
10226,OA-AL2i3,2631.1
10204,OA-AL2i2,2631.7
10555,OA-VUMa3,2631.8
11005,OA-VUMa4,2632.0
287884,OA-VPM3,2633.2
10110,OA-VUMa1,2633.5
10175,OA-VUMa6,2633.7000000000003
10072,OA-AL2i1,2634.2000000000003
11921,OA-VPM4,2634.6000000000004
10187,OA-VPM3,2634.9
10080,OA-VUMa3,2635.4
10825,OA-AL2i3,2635.8999999999996
12109,OA-VUMa2,2635.8999999999996
10120,OA-VPM4,2636.3
10799,OA-VUMa4,2636.4
10011,OA-AL2i1,2637.0
286259,OA-ASM1,2637.0
10041,OA-VUMa1,2637.2
10185,OA-VUMa8,2637.5
12688,OA-ASM1,2637.6
12896,OA-VUMa5,2637.7000000000003
10168,OA-VUMa6,2638.2000000000003
10687,OA-AL2i3,2638.8
10322,OA-AL2i2,2638.9
10652,OA-AL2i4,2639.7
11602,OA-ASM1,2639.7
10265,OA-AL2i2,2639.8
10658,OA-AL2i3,2640.1000000000004
11608,OA-VUMa2,2641.7000000000003
10269,OA-AL2i2,2642.5
10226,OA-AL2i3,2642.9
11264,OA-ASM1,2642.9
11005,OA-VUMa4,2643.6
10677,OA-AL2i4,2643.8
10072,OA-AL2i1,2644.0
53065,Mi1,2644.5000000000005
10110,OA-VUMa1,2645.1000000000004
10555,OA-VUMa3,2645.1000000000004
10175,OA-VUMa6,2645.3
10204,OA-AL2i2,2645.5
287884,OA-VPM3,2646.7
10825,OA-AL2i3,2647.6
10187,OA-VPM3,2647.7
10041,OA-VUMa1,2647.7
12109,OA-VUMa2,2647.8
10011,OA-AL2i1,2648.4
10185,OA-VUMa8,2648.8
10080,OA-VUMa3,2648.9
10799,OA-VUMa4,2649.0
10120,OA-VPM4,2649.4
11921,OA-VPM4,2649.5
12896,OA-VUMa5,2649.7000000000003
12688,OA-ASM1,2650.4
10168,OA-VUMa6,2650.6000000000004
10687,OA-AL2i3,2651.2000000000003
286259,OA-ASM1,2651.6
10658,OA-AL2i3,2651.7
10322,OA-AL2i2,2651.9
11602,OA-ASM1,2652.4
10265,OA-AL2i2,2652.6
11608,OA-VUMa2,2652.7000000000003
10652,OA-AL2i4,2653.3
10226,OA-AL2i3,2654.1
11005,OA-VUMa4,2654.5
10269,OA-AL2i2,2654.8
10072,OA-AL2i1,2655.2000000000003
10677,OA-AL2i4,2655.5
10110,OA-VUMa1,2655.8
11264,OA-ASM1,2656.2000000000003
10175,OA-VUMa6,2656.4
10555,OA-VUMa3,2657.5
10041,OA-VUMa1,2658.1
10204,OA-AL2i2,2658.9
53065,Mi1,2658.9
287884,OA-VPM3,2658.9
12109,OA-VUMa2,2659.0
10011,OA-AL2i1,2660.4
10825,OA-AL2i3,2660.6
12896,OA-VUMa5,2661.1000000000004
10187,OA-VPM3,2661.1000000000004
10185,OA-VUMa8,2661.7000000000003
10080,OA-VUMa3,2661.9
10120,OA-VPM4,2662.1
10168,OA-VUMa6,2662.2000000000003
10799,OA-VUMa4,2662.4
10687,OA-AL2i3,2662.9
12688,OA-ASM1,2663.2999999999997
11608,OA-VUMa2,2663.7
10658,OA-AL2i3,2664.0
10322,OA-AL2i2,2664.3
11921,OA-VPM4,2664.4
286259,OA-ASM1,2664.7000000000003
10265,OA-AL2i2,2665.0
11602,OA-ASM1,2665.1000000000004
10652,OA-AL2i4,2665.4
10226,OA-AL2i3,2665.5
10110,OA-VUMa1,2666.2000000000003
11005,OA-VUMa4,2666.4
10072,OA-AL2i1,2666.8
10175,OA-VUMa6,2667.1
10269,OA-AL2i2,2667.4
10677,OA-AL2i4,2668.1
10041,OA-VUMa1,2668.5000000000005
11264,OA-ASM1,2669.4
10204,OA-AL2i2,2670.0
10555,OA-VUMa3,2670.9
12109,OA-VUMa2,2671.5
10011,OA-AL2i1,2671.9
10825,OA-AL2i3,2672.8
53065,Mi1,2672.9
12896,OA-VUMa5,2673.1000000000004
10187,OA-VPM3,2673.2
287884,OA-VPM3,2673.9
10185,OA-VUMa8,2674.2
10120,OA-VPM4,2674.6000000000004
10658,OA-AL2i3,2674.6000000000004
10799,OA-VUMa4,2674.8
11608,OA-VUMa2,2675.2000000000003
10687,OA-AL2i3,2675.4
10168,OA-VUMa6,2675.8
10322,OA-AL2i2,2675.8
10080,OA-VUMa3,2676.3
10265,OA-AL2i2,2676.7000000000003
10110,OA-VUMa1,2676.8
12688,OA-ASM1,2676.8
10652,OA-AL2i4,2677.3
10226,OA-AL2i3,2678.1
11602,OA-ASM1,2678.1
11921,OA-VPM4,2678.3
10175,OA-VUMa6,2678.4
11005,OA-VUMa4,2678.6000000000004
10041,OA-VUMa1,2679.0
286259,OA-ASM1,2679.3
10072,OA-AL2i1,2679.9
10677,OA-AL2i4,2680.3
10269,OA-AL2i2,2680.5000000000005
11264,OA-ASM1,2682.3
12109,OA-VUMa2,2682.8
10011,OA-AL2i1,2682.9
10204,OA-AL2i2,2683.2000000000003
10555,OA-VUMa3,2684.7000000000003
12896,OA-VUMa5,2685.6
10185,OA-VUMa8,2685.7000000000003
10825,OA-AL2i3,2685.7999999999997
10187,OA-VPM3,2686.7
10658,OA-AL2i3,2686.9
11608,OA-VUMa2,2686.9
287884,OA-VPM3,2686.9
10799,OA-VUMa4,2687.5
10110,OA-VUMa1,2687.9
10322,OA-AL2i2,2688.1
53065,Mi1,2688.1
10120,OA-VPM4,2688.2000000000003
10687,OA-AL2i3,2688.2999999999997
10168,OA-VUMa6,2688.8
10265,OA-AL2i2,2689.4
10652,OA-AL2i4,2689.5
10175,OA-VUMa6,2689.6
10041,OA-VUMa1,2689.6
10226,OA-AL2i3,2689.7999999999997
11005,OA-VUMa4,2690.1
12688,OA-ASM1,2690.1
10080,OA-VUMa3,2690.2
10072,OA-AL2i1,2691.2000000000003
11602,OA-ASM1,2692.2000000000003
11921,OA-VPM4,2692.2000000000003
10269,OA-AL2i2,2692.9
10677,OA-AL2i4,2693.4
10011,OA-AL2i1,2693.6
12109,OA-VUMa2,2694.0
286259,OA-ASM1,2694.2
11264,OA-ASM1,2695.7
10204,OA-AL2i2,2696.1
12896,OA-VUMa5,2696.2000000000003
10185,OA-VUMa8,2697.2
10110,OA-VUMa1,2698.2
10555,OA-VUMa3,2698.3999999999996
10825,OA-AL2i3,2699.4
10658,OA-AL2i3,2699.5
11608,OA-VUMa2,2699.5
10322,OA-AL2i2,2700.2000000000003
10187,OA-VPM3,2700.5000000000005
10799,OA-VUMa4,2700.5000000000005
10041,OA-VUMa1,2700.7000000000003
287884,OA-VPM3,2700.8
10168,OA-VUMa6,2700.8
10687,OA-AL2i3,2701.2
10120,OA-VPM4,2701.4
10175,OA-VUMa6,2702.1
10226,OA-AL2i3,2702.1
10652,OA-AL2i4,2702.3999999999996
11005,OA-VUMa4,2702.3999999999996
53065,Mi1,2702.6000000000004
10265,OA-AL2i2,2702.6000000000004
12688,OA-ASM1,2702.6000000000004
10080,OA-VUMa3,2702.8
10072,OA-AL2i1,2703.1
11602,OA-ASM1,2704.7000000000003
11921,OA-VPM4,2705.0
10011,OA-AL2i1,2705.1000000000004
10677,OA-AL2i4,2705.2
12109,OA-VUMa2,2705.3
10269,OA-AL2i2,2706.2
12896,OA-VUMa5,2707.6000000000004
10204,OA-AL2i2,2708.2000000000003
10185,OA-VUMa8,2708.4
286259,OA-ASM1,2708.7000000000003
10110,OA-VUMa1,2709.1000000000004
11264,OA-ASM1,2709.2
10658,OA-AL2i3,2710.8
10555,OA-VUMa3,2711.4
10825,OA-AL2i3,2711.5
11608,OA-VUMa2,2711.7
10168,OA-VUMa6,2711.9
10041,OA-VUMa1,2712.4
10322,OA-AL2i2,2712.6
11005,OA-VUMa4,2713.9
10120,OA-VPM4,2714.1
10175,OA-VUMa6,2714.1
10799,OA-VUMa4,2714.1
287884,OA-VPM3,2714.1
10226,OA-AL2i3,2714.4
10687,OA-AL2i3,2714.5
10187,OA-VPM3,2714.6000000000004
10652,OA-AL2i4,2714.6000000000004
10265,OA-AL2i2,2715.8
53065,Mi1,2716.2000000000003
10072,OA-AL2i1,2716.2999999999997
10080,OA-VUMa3,2716.5
10011,OA-AL2i1,2716.8
12688,OA-ASM1,2716.8
12109,OA-VUMa2,2717.6
10677,OA-AL2i4,2717.9
12896,OA-VUMa5,2718.0
10269,OA-AL2i2,2718.1
11602,OA-ASM1,2718.7000000000003
10110,OA-VUMa1,2719.9
11921,OA-VPM4,2719.9
10185,OA-VUMa8,2720.2000000000003
10204,OA-AL2i2,2721.5
11608,OA-VUMa2,2721.7000000000003
10658,OA-AL2i3,2722.1
286259,OA-ASM1,2722.2
10041,OA-VUMa1,2722.5
10168,OA-VUMa6,2722.8
11264,OA-ASM1,2722.9
10555,OA-VUMa3,2723.8
10322,OA-AL2i2,2723.9
10825,OA-AL2i3,2724.2000000000003
10175,OA-VUMa6,2725.6
11005,OA-VUMa4,2725.7000000000003
10072,OA-AL2i1,2725.9
10226,OA-AL2i3,2726.0
10120,OA-VPM4,2726.8
10687,OA-AL2i3,2727.1
287884,OA-VPM3,2727.2000000000003
10187,OA-VPM3,2727.3
10799,OA-VUMa4,2727.6000000000004
10652,OA-AL2i4,2727.9
10011,OA-AL2i1,2728.6
10265,OA-AL2i2,2729.0
10080,OA-VUMa3,2729.1000000000004
12109,OA-VUMa2,2729.3
10269,OA-AL2i2,2730.0
12688,OA-ASM1,2730.1000000000004
12896,OA-VUMa5,2730.5
53065,Mi1,2730.9
10677,OA-AL2i4,2731.0000000000005
10110,OA-VUMa1,2731.3
11602,OA-ASM1,2731.7
10185,OA-VUMa8,2732.6
11608,OA-VUMa2,2733.0
10041,OA-VUMa1,2733.2
10658,OA-AL2i3,2733.4
11921,OA-VPM4,2733.9
10168,OA-VUMa6,2734.2
10204,OA-AL2i2,2734.6
10322,OA-AL2i2,2735.2000000000003
286259,OA-ASM1,2735.9
11264,OA-ASM1,2736.0
11005,OA-VUMa4,2737.0
10072,OA-AL2i1,2737.1000000000004
10226,OA-AL2i3,2737.4
10555,OA-VUMa3,2737.4
10825,OA-AL2i3,2737.4
10175,OA-VUMa6,2737.6
10120,OA-VPM4,2738.9
10687,OA-AL2i3,2740.0
10187,OA-VPM3,2740.1
10799,OA-VUMa4,2740.5
12109,OA-VUMa2,2740.5
287884,OA-VPM3,2740.8
10652,OA-AL2i4,2741.1000000000004
10011,OA-AL2i1,2741.3
10110,OA-VUMa1,2741.9
10080,OA-VUMa3,2742.0
10269,OA-AL2i2,2742.3
12688,OA-ASM1,2742.4
10677,OA-AL2i4,2743.0000000000005
10265,OA-AL2i2,2743.1
12896,OA-VUMa5,2743.3
10185,OA-VUMa8,2743.7
11602,OA-ASM1,2744.2999999999997
10041,OA-VUMa1,2745.1000000000004
11608,OA-VUMa2,2745.1000000000004
10658,OA-AL2i3,2745.4
10168,OA-VUMa6,2745.8
53065,Mi1,2745.9
10204,OA-AL2i2,2747.2000000000003
10322,OA-AL2i2,2747.6000000000004
11264,OA-ASM1,2747.8
11921,OA-VPM4,2748.7
11005,OA-VUMa4,2748.8
286259,OA-ASM1,2748.8
10175,OA-VUMa6,2749.0
10226,OA-AL2i3,2749.2
10825,OA-AL2i3,2750.0
10555,OA-VUMa3,2750.1000000000004
10072,OA-AL2i1,2750.4
10120,OA-VPM4,2750.9
12109,OA-VUMa2,2752.2999999999997
10011,OA-AL2i1,2752.7
10110,OA-VUMa1,2752.8
10799,OA-VUMa4,2753.3
10687,OA-AL2i3,2753.3
10187,OA-VPM3,2753.4
10652,OA-AL2i4,2754.2
12688,OA-ASM1,2754.5
287884,OA-VPM3,2754.5
10080,OA-VUMa3,2754.7000000000003
12896,OA-VUMa5,2755.4
10269,OA-AL2i2,2755.7
10265,OA-AL2i2,2755.7
10185,OA-VUMa8,2755.8
10677,OA-AL2i4,2756.1
10041,OA-VUMa1,2756.8
10658,OA-AL2i3,2756.8
11602,OA-ASM1,2756.9
10168,OA-VUMa6,2757.7000000000003
11608,OA-VUMa2,2758.7000000000003
10322,OA-AL2i2,2759.1
10204,OA-AL2i2,2760.0
10175,OA-VUMa6,2760.2999999999997
11005,OA-VUMa4,2760.4
11264,OA-ASM1,2760.7
53065,Mi1,2760.7
10226,OA-AL2i3,2761.0
10120,OA-VPM4,2762.0
10072,OA-AL2i1,2762.5
286259,OA-ASM1,2762.6
10555,OA-VUMa3,2762.7999999999997
10825,OA-AL2i3,2763.0000000000005
11921,OA-VPM4,2763.0000000000005
10110,OA-VUMa1,2763.3
10011,OA-AL2i1,2763.7
12109,OA-VUMa2,2763.8
10687,OA-AL2i3,2765.8
10187,OA-VPM3,2766.4
10799,OA-VUMa4,2766.4
12896,OA-VUMa5,2766.6
12688,OA-ASM1,2767.3
10265,OA-AL2i2,2767.5
287884,OA-VPM3,2767.5
10041,OA-VUMa1,2767.8
10652,OA-AL2i4,2767.9
10269,OA-AL2i2,2768.2999999999997
10658,OA-AL2i3,2768.4
10168,OA-VUMa6,2768.5
10080,OA-VUMa3,2768.8
10185,OA-VUMa8,2769.1000000000004
11602,OA-ASM1,2769.4
10322,OA-AL2i2,2770.6
10677,OA-AL2i4,2770.6
11608,OA-VUMa2,2770.6
10072,OA-AL2i1,2771.8
10175,OA-VUMa6,2772.1
10226,OA-AL2i3,2772.4
11005,OA-VUMa4,2772.4
10120,OA-VPM4,2773.8
10110,OA-VUMa1,2773.9
11264,OA-ASM1,2774.2
10204,OA-AL2i2,2774.5
12109,OA-VUMa2,2774.6
10011,OA-AL2i1,2774.7000000000003
10825,OA-AL2i3,2775.1
53065,Mi1,2775.5
286259,OA-ASM1,2776.1
10555,OA-VUMa3,2776.5
11921,OA-VPM4,2777.3
10687,OA-AL2i3,2777.6
12896,OA-VUMa5,2778.0
10041,OA-VUMa1,2778.7000000000003
12688,OA-ASM1,2778.7999999999997
10187,OA-VPM3,2779.2000000000003
287884,OA-VPM3,2779.5
10799,OA-VUMa4,2779.6000000000004
10168,OA-VUMa6,2779.9
10658,OA-AL2i3,2779.9
10269,OA-AL2i2,2780.4
10265,OA-AL2i2,2780.9
11608,OA-VUMa2,2781.8
10185,OA-VUMa8,2781.8
10072,OA-AL2i1,2781.8
10652,OA-AL2i4,2782.0
10322,OA-AL2i2,2782.2
11602,OA-ASM1,2782.5
10080,OA-VUMa3,2782.6
10226,OA-AL2i3,2783.2000000000003
10677,OA-AL2i4,2784.2000000000003
11005,OA-VUMa4,2784.2000000000003
10175,OA-VUMa6,2784.2999999999997
10110,OA-VUMa1,2784.8
10120,OA-VPM4,2785.6
10011,OA-AL2i1,2785.8
12109,OA-VUMa2,2786.7000000000003
11264,OA-ASM1,2787.1
10204,OA-AL2i2,2787.4
53065,Mi1,2788.6
12896,OA-VUMa5,2788.7
10041,OA-VUMa1,2788.7
10825,OA-AL2i3,2788.9
10687,OA-AL2i3,2789.8
11921,OA-VPM4,2790.0
10555,OA-VUMa3,2790.3
10658,OA-AL2i3,2790.3
286259,OA-ASM1,2790.4
10072,OA-AL2i1,2790.6
10168,OA-VUMa6,2791.3
12688,OA-ASM1,2791.3
10187,OA-VPM3,2792.2000000000003
10269,OA-AL2i2,2792.5
287884,OA-VPM3,2792.8
11608,OA-VUMa2,2793.0
10265,OA-AL2i2,2793.2000000000003
10185,OA-VUMa8,2793.4
10322,OA-AL2i2,2793.9
10799,OA-VUMa4,2794.1000000000004
10226,OA-AL2i3,2794.6
10652,OA-AL2i4,2794.7000000000003
11602,OA-ASM1,2794.7000000000003
10080,OA-VUMa3,2795.0
10110,OA-VUMa1,2795.5
10175,OA-VUMa6,2795.6000000000004
10677,OA-AL2i4,2796.8
11005,OA-VUMa4,2796.9
10120,OA-VPM4,2797.5000000000005
10011,OA-AL2i1,2797.8
12109,OA-VUMa2,2798.1000000000004
11264,OA-ASM1,2799.3
12896,OA-VUMa5,2799.4
10204,OA-AL2i2,2799.7
10041,OA-VUMa1,2800.2000000000003
10072,OA-AL2i1,2800.6000000000004
10825,OA-AL2i3,2801.0
10658,OA-AL2i3,2801.7000000000003
10168,OA-VUMa6,2801.9
10687,OA-AL2i3,2802.7000000000003
10555,OA-VUMa3,2802.9
11921,OA-VPM4,2803.6000000000004
12688,OA-ASM1,2804.0
11608,OA-VUMa2,2804.3
10269,OA-AL2i2,2804.7
10187,OA-VPM3,2804.7
53065,Mi1,2804.8
286259,OA-ASM1,2804.8
10185,OA-VUMa8,2805.8
10226,OA-AL2i3,2805.8
287884,OA-VPM3,2806.1000000000004
10265,OA-AL2i2,2806.3
10110,OA-VUMa1,2806.3
10322,OA-AL2i2,2806.7000000000003
11602,OA-ASM1,2806.7999999999997
10799,OA-VUMa4,2807.5
10652,OA-AL2i4,2807.7
10175,OA-VUMa6,2807.9
10080,OA-VUMa3,2808.3
10120,OA-VPM4,2809.1
11005,OA-VUMa4,2809.1
12109,OA-VUMa2,2809.2000000000003
10011,OA-AL2i1,2810.2
10041,OA-VUMa1,2810.2
10677,OA-AL2i4,2810.7999999999997
12896,OA-VUMa5,2811.0
10072,OA-AL2i1,2811.1
10204,OA-AL2i2,2812.6000000000004
11264,OA-ASM1,2812.7
10825,OA-AL2i3,2813.1
10168,OA-VUMa6,2813.2000000000003
10658,OA-AL2i3,2813.7000000000003
11608,OA-VUMa2,2815.3
10555,OA-VUMa3,2815.5
10687,OA-AL2i3,2815.5
12688,OA-ASM1,2816.5
10269,OA-AL2i2,2816.7
11921,OA-VPM4,2817.2999999999997
10187,OA-VPM3,2817.5000000000005
10110,OA-VUMa1,2817.7000000000003
10226,OA-AL2i3,2817.7000000000003
10185,OA-VUMa8,2818.2
10322,OA-AL2i2,2818.6
287884,OA-VPM3,2819.0
11602,OA-ASM1,2819.1
286259,OA-ASM1,2819.3
10265,OA-AL2i2,2819.4
53065,Mi1,2819.5
10652,OA-AL2i4,2819.7
10175,OA-VUMa6,2819.7
10799,OA-VUMa4,2820.6000000000004
10120,OA-VPM4,2820.7
10041,OA-VUMa1,2820.8
10080,OA-VUMa3,2821.1
12109,OA-VUMa2,2821.2999999999997
10072,OA-AL2i1,2821.5000000000005
11005,OA-VUMa4,2822.1000000000004
10011,OA-AL2i1,2822.2
10677,OA-AL2i4,2823.5
12896,OA-VUMa5,2823.6000000000004
10168,OA-VUMa6,2824.2000000000003
10204,OA-AL2i2,2824.4
10658,OA-AL2i3,2825.1
11264,OA-ASM1,2825.2999999999997
11608,OA-VUMa2,2826.9
10825,OA-AL2i3,2827.0
10555,OA-VUMa3,2827.8
10110,OA-VUMa1,2827.8
10687,OA-AL2i3,2827.9
12688,OA-ASM1,2828.2000000000003
10226,OA-AL2i3,2829.2999999999997
10185,OA-VUMa8,2829.5000000000005
10269,OA-AL2i2,2829.7000000000003
10187,OA-VPM3,2829.9
10072,OA-AL2i1,2830.6
10322,OA-AL2i2,2830.6
10175,OA-VUMa6,2831.0
287884,OA-VPM3,2831.6000000000004
10041,OA-VUMa1,2831.9
11602,OA-ASM1,2832.0000000000005
10265,OA-AL2i2,2832.4
286259,OA-ASM1,2832.9
10652,OA-AL2i4,2833.0
10799,OA-VUMa4,2833.2000000000003
11921,OA-VPM4,2833.4
12109,OA-VUMa2,2833.7000000000003
53065,Mi1,2833.9
10120,OA-VPM4,2834.0
11005,OA-VUMa4,2834.2
10011,OA-AL2i1,2834.7000000000003
10080,OA-VUMa3,2835.1
12896,OA-VUMa5,2835.3
10677,OA-AL2i4,2836.0000000000005
10658,OA-AL2i3,2836.5
10168,OA-VUMa6,2837.5000000000005
10204,OA-AL2i2,2838.1000000000004
10110,OA-VUMa1,2838.3
11608,OA-VUMa2,2838.7000000000003
11264,OA-ASM1,2839.0
10825,OA-AL2i3,2839.5
10687,OA-AL2i3,2840.2000000000003
10072,OA-AL2i1,2840.3
10226,OA-AL2i3,2840.8
10185,OA-VUMa8,2841.2000000000003
12688,OA-ASM1,2841.4
10555,OA-VUMa3,2842.1000000000004
10269,OA-AL2i2,2842.4
10041,OA-VUMa1,2842.6
10187,OA-VPM3,2842.9
287884,OA-VPM3,2843.5
10322,OA-AL2i2,2843.8
10175,OA-VUMa6,2844.3
12109,OA-VUMa2,2844.5
10265,OA-AL2i2,2845.0
11602,OA-ASM1,2845.1
11005,OA-VUMa4,2846.1000000000004
10799,OA-VUMa4,2846.7000000000003
286259,OA-ASM1,2846.7000000000003
10120,OA-VPM4,2846.7999999999997
10011,OA-AL2i1,2846.7999999999997
10652,OA-AL2i4,2846.9
12896,OA-VUMa5,2847.1
11921,OA-VPM4,2848.0000000000005
10080,OA-VUMa3,2848.3
10677,OA-AL2i4,2848.6000000000004
10168,OA-VUMa6,2848.7
10658,OA-AL2i3,2849.1
53065,Mi1,2849.1
10110,OA-VUMa1,2849.7000000000003
11608,OA-VUMa2,2850.2
10072,OA-AL2i1,2850.3
10204,OA-AL2i2,2852.0000000000005
10226,OA-AL2i3,2852.0000000000005
10687,OA-AL2i3,2852.1
10825,OA-AL2i3,2852.1
11264,OA-ASM1,2852.1
10185,OA-VUMa8,2852.2000000000003
12688,OA-ASM1,2853.5
10041,OA-VUMa1,2853.7000000000003
10269,OA-AL2i2,2854.6
287884,OA-VPM3,2855.4
10322,OA-AL2i2,2855.9
10555,OA-VUMa3,2856.0000000000005
10175,OA-VUMa6,2856.6000000000004
10187,OA-VPM3,2856.6000000000004
10265,OA-AL2i2,2856.7
12109,OA-VUMa2,2856.7
11602,OA-ASM1,2857.2000000000003
11005,OA-VUMa4,2857.7000000000003
10120,OA-VPM4,2858.0
12896,OA-VUMa5,2858.3
10799,OA-VUMa4,2859.6
10011,OA-AL2i1,2859.8
10072,OA-AL2i1,2860.1
10110,OA-VUMa1,2860.4
286259,OA-ASM1,2860.7
10658,OA-AL2i3,2860.8
10168,OA-VUMa6,2860.9
10652,OA-AL2i4,2861.0
11608,OA-VUMa2,2862.1000000000004
11921,OA-VPM4,2862.1000000000004
10080,OA-VUMa3,2862.2
10677,OA-AL2i4,2862.4
10185,OA-VUMa8,2863.7000000000003
10226,OA-AL2i3,2863.7000000000003
53065,Mi1,2864.2000000000003
10041,OA-VUMa1,2865.0
10204,OA-AL2i2,2865.0
10687,OA-AL2i3,2865.4
12688,OA-ASM1,2865.5
10825,OA-AL2i3,2865.6
11264,OA-ASM1,2866.6
10269,OA-AL2i2,2866.8
287884,OA-VPM3,2867.7000000000003
12109,OA-VUMa2,2868.1
10175,OA-VUMa6,2868.3
10322,OA-AL2i2,2868.4
10265,OA-AL2i2,2869.8
11005,OA-VUMa4,2869.8
10555,OA-VUMa3,2869.9
10072,OA-AL2i1,2870.2
10187,OA-VPM3,2870.2
12896,OA-VUMa5,2870.4
10120,OA-VPM4,2871.1000000000004
11602,OA-ASM1,2871.1000000000004
10110,OA-VUMa1,2871.2
10011,OA-AL2i1,2872.0000000000005
10799,OA-VUMa4,2872.3
10658,OA-AL2i3,2872.3
10168,OA-VUMa6,2872.7
10652,OA-AL2i4,2873.2999999999997
11608,OA-VUMa2,2873.5
286259,OA-ASM1,2874.3
10185,OA-VUMa8,2874.9
10080,OA-VUMa3,2875.3
10226,OA-AL2i3,2875.5
10677,OA-AL2i4,2875.6
10041,OA-VUMa1,2875.7000000000003
11921,OA-VPM4,2876.2000000000003
10687,OA-AL2i3,2877.2999999999997
10204,OA-AL2i2,2877.8
10825,OA-AL2i3,2878.3
12688,OA-ASM1,2878.5
10322,OA-AL2i2,2879.2
11264,OA-ASM1,2879.4
10175,OA-VUMa6,2879.4
53065,Mi1,2879.8
10269,OA-AL2i2,2880.2000000000003
12109,OA-VUMa2,2880.6000000000004
287884,OA-VPM3,2881.0
10110,OA-VUMa1,2881.6
11005,OA-VUMa4,2882.0
10072,OA-AL2i1,2882.1000000000004
12896,OA-VUMa5,2882.4
10265,OA-AL2i2,2882.9
10187,OA-VPM3,2883.0
10555,OA-VUMa3,2883.6
11602,OA-ASM1,2883.6
10658,OA-AL2i3,2883.7999999999997
10011,OA-AL2i1,2884.1
10799,OA-VUMa4,2884.5
10168,OA-VUMa6,2884.5
11608,OA-VUMa2,2884.9
10120,OA-VPM4,2885.0
10652,OA-AL2i4,2886.1000000000004
10041,OA-VUMa1,2887.1000000000004
10185,OA-VUMa8,2887.3
10226,OA-AL2i3,2887.3
10080,OA-VUMa3,2887.4
286259,OA-ASM1,2888.2000000000003
10677,OA-AL2i4,2888.8
10687,OA-AL2i3,2889.7
12688,OA-ASM1,2890.2
11921,OA-VPM4,2890.3
10175,OA-VUMa6,2891.1000000000004
10322,OA-AL2i2,2891.1000000000004
10825,OA-AL2i3,2891.3
12109,OA-VUMa2,2891.4
10269,OA-AL2i2,2891.9
11264,OA-ASM1,2892.1
10110,OA-VUMa1,2892.4
10204,OA-AL2i2,2892.6000000000004
11005,OA-VUMa4,2893.5
287884,OA-VPM3,2894.0
10072,OA-AL2i1,2894.3
12896,OA-VUMa5,2894.7000000000003
53065,Mi1,2895.2
10187,OA-VPM3,2895.9
10265,OA-AL2i2,2896.1
10011,OA-AL2i1,2896.2000000000003
10168,OA-VUMa6,2896.3
10658,OA-AL2i3,2896.5
11602,OA-ASM1,2896.5
11608,OA-VUMa2,2896.6000000000004
10555,OA-VUMa3,2897.1
10120,OA-VPM4,2897.2999999999997
10799,OA-VUMa4,2897.5
10041,OA-VUMa1,2898.6
10652,OA-AL2i4,2898.9
10226,OA-AL2i3,2899.2
10080,OA-VUMa3,2899.7000000000003
10185,OA-VUMa8,2900.1
10677,OA-AL2i4,2900.6000000000004
286259,OA-ASM1,2901.8
10322,OA-AL2i2,2902.2000000000003
10175,OA-VUMa6,2902.4
12109,OA-VUMa2,2902.5000000000005
10687,OA-AL2i3,2902.6
10110,OA-VUMa1,2903.2
11921,OA-VPM4,2903.3
12688,OA-ASM1,2903.3
10825,OA-AL2i3,2904.2000000000003
10269,OA-AL2i2,2904.5
11005,OA-VUMa4,2904.7
11264,OA-ASM1,2905.2999999999997
10204,OA-AL2i2,2905.5
10072,OA-AL2i1,2906.4
287884,OA-VPM3,2906.4
12896,OA-VUMa5,2906.9
10011,OA-AL2i1,2907.4
10265,OA-AL2i2,2908.0
10658,OA-AL2i3,2908.0
11608,OA-VUMa2,2908.6000000000004
10187,OA-VPM3,2908.8
11602,OA-ASM1,2909.2000000000003
10168,OA-VUMa6,2909.7
10226,OA-AL2i3,2910.1000000000004
53065,Mi1,2910.1000000000004
10041,OA-VUMa1,2910.6
10120,OA-VPM4,2910.8
10555,OA-VUMa3,2910.8
10652,OA-AL2i4,2911.1000000000004
10799,OA-VUMa4,2911.2
10185,OA-VUMa8,2911.7000000000003
10080,OA-VUMa3,2912.7
10677,OA-AL2i4,2912.9
10110,OA-VUMa1,2913.6
10175,OA-VUMa6,2913.7
10322,OA-AL2i2,2913.7
286259,OA-ASM1,2914.0
12109,OA-VUMa2,2914.1000000000004
10687,OA-AL2i3,2914.2000000000003
11005,OA-VUMa4,2916.4
12688,OA-ASM1,2916.7
10825,OA-AL2i3,2916.8
10269,OA-AL2i2,2917.4
11264,OA-ASM1,2917.4
11921,OA-VPM4,2917.7
12896,OA-VUMa5,2918.1000000000004
10072,OA-AL2i1,2918.4
10204,OA-AL2i2,2918.5000000000005
10011,OA-AL2i1,2918.8
10658,OA-AL2i3,2919.3
287884,OA-VPM3,2919.9
10265,OA-AL2i2,2920.1
11608,OA-VUMa2,2921.1
10041,OA-VUMa1,2921.2000000000003
10226,OA-AL2i3,2921.7
10187,OA-VPM3,2921.8
10168,OA-VUMa6,2921.9
11602,OA-ASM1,2922.0
10120,OA-VPM4,2923.0
10555,OA-VUMa3,2923.5
10799,OA-VUMa4,2923.7999999999997
10185,OA-VUMa8,2924.0
10322,OA-AL2i2,2924.2000000000003
10110,OA-VUMa1,2924.4
10652,OA-AL2i4,2924.5
10175,OA-VUMa6,2924.5
12109,OA-VUMa2,2925.1
53065,Mi1,2925.7
10080,OA-VUMa3,2925.8
10677,OA-AL2i4,2926.3
10687,OA-AL2i3,2926.5000000000005
11005,OA-VUMa4,2927.9
12688,OA-ASM1,2928.2000000000003
10072,OA-AL2i1,2928.3
286259,OA-ASM1,2928.5
12896,OA-VUMa5,2929.4
10011,OA-AL2i1,2929.5
10825,OA-AL2i3,2929.6000000000004
10269,OA-AL2i2,2929.8
11264,OA-ASM1,2930.5000000000005
10658,OA-AL2i3,2930.9
10204,OA-AL2i2,2931.5
11921,OA-VPM4,2931.6
10041,OA-VUMa1,2932.3
11608,OA-VUMa2,2932.5
10226,OA-AL2i3,2932.7
10265,OA-AL2i2,2932.8
287884,OA-VPM3,2933.2000000000003
10187,OA-VPM3,2933.9
11602,OA-ASM1,2933.9
10168,OA-VUMa6,2934.3
10185,OA-VUMa8,2935.7999999999997
10322,OA-AL2i2,2936.0
10799,OA-VUMa4,2936.1
10110,OA-VUMa1,2936.2
12109,OA-VUMa2,2936.2
10175,OA-VUMa6,2936.5
10555,OA-VUMa3,2936.5
10120,OA-VPM4,2936.8
10652,OA-AL2i4,2938.5000000000005
10080,OA-VUMa3,2938.6
10687,OA-AL2i3,2938.9
12688,OA-ASM1,2939.7999999999997
10677,OA-AL2i4,2939.9
11005,OA-VUMa4,2940.1
53065,Mi1,2940.4
10072,OA-AL2i1,2940.7
286259,OA-ASM1,2941.4
10011,OA-AL2i1,2941.8
12896,OA-VUMa5,2941.8
10269,OA-AL2i2,2942.0
10825,OA-AL2i3,2942.2000000000003
10041,OA-VUMa1,2942.8
10658,OA-AL2i3,2942.9
11264,OA-ASM1,2943.2
11608,OA-VUMa2,2943.7999999999997
10204,OA-AL2i2,2944.5
11921,OA-VPM4,2945.6000000000004
10265,OA-AL2i2,2945.9
287884,OA-VPM3,2946.0
10168,OA-VUMa6,2946.1
10226,OA-AL2i3,2946.4
11602,OA-ASM1,2946.4
10110,OA-VUMa1,2947.2
10187,OA-VPM3,2947.7000000000003
10322,OA-AL2i2,2947.7000000000003
12109,OA-VUMa2,2947.7000000000003
10185,OA-VUMa8,2948.5
10175,OA-VUMa6,2948.6000000000004
10799,OA-VUMa4,2949.2000000000003
10120,OA-VPM4,2949.6000000000004
10555,OA-VUMa3,2950.2999999999997
10652,OA-AL2i4,2950.5000000000005
10687,OA-AL2i3,2951.2
10080,OA-VUMa3,2951.2
10072,OA-AL2i1,2951.5
11005,OA-VUMa4,2951.7000000000003
12688,OA-ASM1,2952.5
10677,OA-AL2i4,2952.6000000000004
12896,OA-VUMa5,2953.4
10041,OA-VUMa1,2953.6000000000004
10011,OA-AL2i1,2954.2000000000003
53065,Mi1,2954.2000000000003
10269,OA-AL2i2,2954.2999999999997
11608,OA-VUMa2,2954.5000000000005
286259,OA-ASM1,2954.7000000000003
10825,OA-AL2i3,2955.3
10658,OA-AL2i3,2955.7000000000003
11264,OA-ASM1,2955.7000000000003
10204,OA-AL2i2,2957.2000000000003
10168,OA-VUMa6,2957.6000000000004
10110,OA-VUMa1,2958.4
10226,OA-AL2i3,2958.4
12109,OA-VUMa2,2958.7000000000003
287884,OA-VPM3,2958.9
10265,OA-AL2i2,2959.1000000000004
10322,OA-AL2i2,2959.3
11921,OA-VPM4,2959.3
11602,OA-ASM1,2959.6
10175,OA-VUMa6,2960.8
10185,OA-VUMa8,2960.9
10120,OA-VPM4,2961.6000000000004
10187,OA-VPM3,2961.8
10799,OA-VUMa4,2962.7000000000003
10687,OA-AL2i3,2962.8
10555,OA-VUMa3,2963.0
10072,OA-AL2i1,2963.6
10652,OA-AL2i4,2963.7999999999997
12896,OA-VUMa5,2963.7999999999997
10080,OA-VUMa3,2963.7999999999997
10041,OA-VUMa1,2964.3
11005,OA-VUMa4,2964.7000000000003
10677,OA-AL2i4,2965.0000000000005
10011,OA-AL2i1,2965.8
12688,OA-ASM1,2965.8
11608,OA-VUMa2,2966.6
10658,OA-AL2i3,2966.7000000000003
10269,OA-AL2i2,2967.2
10825,OA-AL2i3,2968.0
11264,OA-ASM1,2968.7000000000003
53065,Mi1,2968.7000000000003
10110,OA-VUMa1,2969.3
286259,OA-ASM1,2969.4
10226,OA-AL2i3,2969.6000000000004
12109,OA-VUMa2,2969.8
10168,OA-VUMa6,2970.2000000000003
10204,OA-AL2i2,2970.7000000000003
10322,OA-AL2i2,2971.1000000000004
10175,OA-VUMa6,2971.7999999999997
10265,OA-AL2i2,2971.9
287884,OA-VPM3,2971.9
11602,OA-ASM1,2972.6000000000004
10185,OA-VUMa8,2973.6000000000004
11921,OA-VPM4,2973.7
10072,OA-AL2i1,2974.8
10120,OA-VPM4,2975.3
10041,OA-VUMa1,2975.4
10187,OA-VPM3,2975.6
10687,OA-AL2i3,2975.6
12896,OA-VUMa5,2975.7000000000003
10799,OA-VUMa4,2976.1
10555,OA-VUMa3,2976.8
10080,OA-VUMa3,2977.4
10652,OA-AL2i4,2977.6000000000004
10011,OA-AL2i1,2978.0
10658,OA-AL2i3,2978.0
10677,OA-AL2i4,2978.0
11005,OA-VUMa4,2978.0
12688,OA-ASM1,2978.9
11608,OA-VUMa2,2979.2
10269,OA-AL2i2,2979.4
10110,OA-VUMa1,2979.7000000000003
10825,OA-AL2i3,2980.4
10226,OA-AL2i3,2980.8
12109,OA-VUMa2,2981.1
11264,OA-ASM1,2981.8
10168,OA-VUMa6,2982.1
10322,OA-AL2i2,2983.0
53065,Mi1,2983.1000000000004
286259,OA-ASM1,2983.4
10175,OA-VUMa6,2983.6
10204,OA-AL2i2,2983.6
10265,OA-AL2i2,2983.9
287884,OA-VPM3,2984.3
10072,OA-AL2i1,2984.5
10185,OA-VUMa8,2986.1
10041,OA-VUMa1,2986.2999999999997
11602,OA-ASM1,2986.2999999999997
12896,OA-VUMa5,2986.5
11921,OA-VPM4,2987.1000000000004
10687,OA-AL2i3,2987.7000000000003
10120,OA-VPM4,2988.3
10187,OA-VPM3,2989.0000000000005
10555,OA-VUMa3,2989.1
10658,OA-AL2i3,2989.3
11005,OA-VUMa4,2989.9
11608,OA-VUMa2,2990.0
10799,OA-VUMa4,2990.0
10110,OA-VUMa1,2990.2000000000003
10011,OA-AL2i1,2990.4
10080,OA-VUMa3,2990.9
10652,OA-AL2i4,2991.2
10226,OA-AL2i3,2991.6
12688,OA-ASM1,2991.6
10677,OA-AL2i4,2992.1000000000004
10269,OA-AL2i2,2992.4
10825,OA-AL2i3,2992.8
12109,OA-VUMa2,2992.9
10168,OA-VUMa6,2993.5
10072,OA-AL2i1,2993.8
10322,OA-AL2i2,2994.6
10175,OA-VUMa6,2995.2
11264,OA-ASM1,2995.4
10265,OA-AL2i2,2995.6
10204,OA-AL2i2,2996.6
286259,OA-ASM1,2996.7000000000003
53065,Mi1,2997.6000000000004
10041,OA-VUMa1,2997.9
11602,OA-ASM1,2998.0
287884,OA-VPM3,2998.1
12896,OA-VUMa5,2998.2000000000003
10185,OA-VUMa8,2999.7000000000003
10687,OA-AL2i3,2999.8
10658,OA-AL2i3,3000.4
11921,OA-VPM4,3000.8
10120,OA-VPM4,3001.2000000000003
10110,OA-VUMa1,3001.2000000000003
11005,OA-VUMa4,3001.7
10187,OA-VPM3,3001.8
11608,OA-VUMa2,3001.8
10555,OA-VUMa3,3002.0
10799,OA-VUMa4,3003.3
10226,OA-AL2i3,3003.6
10652,OA-AL2i4,3003.7000000000003
10072,OA-AL2i1,3003.7000000000003
10011,OA-AL2i1,3003.8
10080,OA-VUMa3,3004.8
10677,OA-AL2i4,3004.9
10269,OA-AL2i2,3005.3
12109,OA-VUMa2,3005.3
10825,OA-AL2i3,3005.4
12688,OA-ASM1,3005.4
10168,OA-VUMa6,3005.5
10322,OA-AL2i2,3006.6
10175,OA-VUMa6,3007.1000000000004
10265,OA-AL2i2,3007.3
11264,OA-ASM1,3008.4
12896,OA-VUMa5,3008.6
10041,OA-VUMa1,3009.5
287884,OA-VPM3,3009.6000000000004
11602,OA-ASM1,3010.5
286259,OA-ASM1,3010.7
10204,OA-AL2i2,3010.9
53065,Mi1,3011.1000000000004
10185,OA-VUMa8,3012.0
10110,OA-VUMa1,3012.2
10687,OA-AL2i3,3012.2
10120,OA-VPM4,3012.7999999999997
11005,OA-VUMa4,3012.9
10658,OA-AL2i3,3013.2000000000003
10072,OA-AL2i1,3013.4
11608,OA-VUMa2,3013.4
10555,OA-VUMa3,3013.8
10011,OA-AL2i1,3014.7
10187,OA-VPM3,3014.7
11921,OA-VPM4,3014.9
10226,OA-AL2i3,3015.1000000000004
10652,OA-AL2i4,3015.6
12109,OA-VUMa2,3016.0
10080,OA-VUMa3,3016.6
10168,OA-VUMa6,3017.1
10269,OA-AL2i2,3017.8
10677,OA-AL2i4,3017.9
10799,OA-VUMa4,3018.0
10825,OA-AL2i3,3018.4
12688,OA-ASM1,3018.5
10175,OA-VUMa6,3018.9
10322,OA-AL2i2,3018.9
12896,OA-VUMa5,3019.3
10265,OA-AL2i2,3020.1000000000004
10041,OA-VUMa1,3020.2
287884,OA-VPM3,3021.1
11264,OA-ASM1,3021.4
10110,OA-VUMa1,3022.7
11005,OA-VUMa4,3023.3
10204,OA-AL2i2,3023.4
11602,OA-ASM1,3023.5000000000005
10185,OA-VUMa8,3024.0
11608,OA-VUMa2,3024.1000000000004
10687,OA-AL2i3,3024.3
10072,OA-AL2i1,3024.4
286259,OA-ASM1,3025.1
10658,OA-AL2i3,3025.2000000000003
10120,OA-VPM4,3025.4
53065,Mi1,3025.9
10226,OA-AL2i3,3026.6
10187,OA-VPM3,3026.8
10011,OA-AL2i1,3027.2000000000003
12109,OA-VUMa2,3027.4
10555,OA-VUMa3,3027.6
10652,OA-AL2i4,3027.8
11921,OA-VPM4,3028.7000000000003
10080,OA-VUMa3,3029.2000000000003
10168,OA-VUMa6,3029.3
10041,OA-VUMa1,3029.7
10175,OA-VUMa6,3030.1
12896,OA-VUMa5,3030.1
10269,OA-AL2i2,3030.2000000000003
10322,OA-AL2i2,3030.7
12688,OA-ASM1,3031.0
10799,OA-VUMa4,3031.6
10677,OA-AL2i4,3031.7000000000003
10825,OA-AL2i3,3032.4
287884,OA-VPM3,3032.7999999999997
10110,OA-VUMa1,3033.3
10265,OA-AL2i2,3033.4
11264,OA-ASM1,3034.0
11608,OA-VUMa2,3035.3
11005,OA-VUMa4,3035.5000000000005
10185,OA-VUMa8,3035.6
11602,OA-ASM1,3036.1000000000004
10204,OA-AL2i2,3036.3
10120,OA-VPM4,3036.6
10658,OA-AL2i3,3036.7000000000003
10072,OA-AL2i1,3036.7999999999997
10687,OA-AL2i3,3037.1
10226,OA-AL2i3,3038.4
12109,OA-VUMa2,3038.5
10011,OA-AL2i1,3038.6
10187,OA-VPM3,3039.1000000000004
286259,OA-ASM1,3040.3
10041,OA-VUMa1,3040.4
10168,OA-VUMa6,3040.5
53065,Mi1,3040.6
10652,OA-AL2i4,3040.7000000000003
10175,OA-VUMa6,3041.2000000000003
12896,OA-VUMa5,3041.5
10555,OA-VUMa3,3041.6000000000004
10269,OA-AL2i2,3042.2999999999997
11921,OA-VPM4,3042.5
10080,OA-VUMa3,3043.0
10322,OA-AL2i2,3043.1000000000004
12688,OA-ASM1,3043.7000000000003
10110,OA-VUMa1,3044.3
10799,OA-VUMa4,3044.3
10825,OA-AL2i3,3044.6
10677,OA-AL2i4,3045.1
287884,OA-VPM3,3046.2999999999997
10265,OA-AL2i2,3046.5
11264,OA-ASM1,3046.5
11608,OA-VUMa2,3046.6
11005,OA-VUMa4,3047.4
11602,OA-ASM1,3047.9
10185,OA-VUMa8,3048.1000000000004
12109,OA-VUMa2,3048.1000000000004
10120,OA-VPM4,3048.7000000000003
10658,OA-AL2i3,3048.7999999999997
10072,OA-AL2i1,3049.4
10687,OA-AL2i3,3049.7
10204,OA-AL2i2,3049.8
10011,OA-AL2i1,3050.0
10041,OA-VUMa1,3051.0
10226,OA-AL2i3,3051.1000000000004
10187,OA-VPM3,3051.5000000000005
12896,OA-VUMa5,3051.8
10168,OA-VUMa6,3052.1000000000004
10175,OA-VUMa6,3052.5
286259,OA-ASM1,3052.9
10652,OA-AL2i4,3053.2000000000003
10269,OA-AL2i2,3053.9
10110,OA-VUMa1,3054.5
10322,OA-AL2i2,3055.0
53065,Mi1,3055.1
10555,OA-VUMa3,3055.4
10080,OA-VUMa3,3055.5000000000005
12688,OA-ASM1,3055.6
10799,OA-VUMa4,3056.3
11921,OA-VPM4,3057.0
10825,OA-AL2i3,3057.3
10677,OA-AL2i4,3057.6000000000004
11608,OA-VUMa2,3057.9
287884,OA-VPM3,3058.3
10265,OA-AL2i2,3058.8
10072,OA-AL2i1,3059.1
11264,OA-ASM1,3060.0
11005,OA-VUMa4,3060.1000000000004
11602,OA-ASM1,3060.4
10658,OA-AL2i3,3060.5
12109,OA-VUMa2,3060.5
10120,OA-VPM4,3060.5
10185,OA-VUMa8,3061.2000000000003
10041,OA-VUMa1,3061.4
10011,OA-AL2i1,3061.5
10687,OA-AL2i3,3061.8
10226,OA-AL2i3,3062.7
10204,OA-AL2i2,3063.0
12896,OA-VUMa5,3063.7000000000003
10175,OA-VUMa6,3064.0
10110,OA-VUMa1,3065.0
10269,OA-AL2i2,3065.3
10187,OA-VPM3,3065.8
10168,OA-VUMa6,3066.1
10652,OA-AL2i4,3066.2000000000003
10555,OA-VUMa3,3067.3
286259,OA-ASM1,3067.4
10322,OA-AL2i2,3067.6
10072,OA-AL2i1,3068.2
12688,OA-ASM1,3068.4
10080,OA-VUMa3,3068.5
11608,OA-VUMa2,3069.2
10799,OA-VUMa4,3069.4
10825,OA-AL2i3,3069.8
53065,Mi1,3069.8
10677,OA-AL2i4,3070.9
11921,OA-VPM4,3070.9
287884,OA-VPM3,3071.3
11005,OA-VUMa4,3071.9
10041,OA-VUMa1,3072.3
10120,OA-VPM4,3072.3
12109,OA-VUMa2,3072.3
10658,OA-AL2i3,3072.7000000000003
10265,OA-AL2i2,3072.7999999999997
10011,OA-AL2i1,3073.1
11264,OA-ASM1,3073.1
11602,OA-ASM1,3073.2
10687,OA-AL2i3,3073.6000000000004
10185,OA-VUMa8,3073.8
10226,OA-AL2i3,3073.8
12896,OA-VUMa5,3075.2000000000003
10110,OA-VUMa1,3075.8
10175,OA-VUMa6,3076.4
10204,OA-AL2i2,3077.0
10269,OA-AL2i2,3077.3
10187,OA-VPM3,3077.6000000000004
10072,OA-AL2i1,3077.6000000000004
10168,OA-VUMa6,3078.2000000000003
10652,OA-AL2i4,3078.6000000000004
10322,OA-AL2i2,3079.2999999999997
10555,OA-VUMa3,3080.5
11608,OA-VUMa2,3080.7999999999997
10080,OA-VUMa3,3081.6000000000004
286259,OA-ASM1,3081.9
12688,OA-ASM1,3081.9
10825,OA-AL2i3,3082.3
10799,OA-VUMa4,3082.6000000000004
10041,OA-VUMa1,3083.2999999999997
11005,OA-VUMa4,3083.4
10677,OA-AL2i4,3083.5000000000005
10658,OA-AL2i3,3084.0
53065,Mi1,3084.0
12109,OA-VUMa2,3084.1000000000004
287884,OA-VPM3,3084.3
10011,OA-AL2i1,3085.4
10265,OA-AL2i2,3085.4
10120,OA-VPM4,3085.7
11921,OA-VPM4,3085.9
10226,OA-AL2i3,3086.1
11602,OA-ASM1,3086.1
10185,OA-VUMa8,3086.3
11264,OA-ASM1,3087.0
10110,OA-VUMa1,3087.1
10072,OA-AL2i1,3087.2000000000003
10687,OA-AL2i3,3087.2999999999997
12896,OA-VUMa5,3087.2999999999997
10175,OA-VUMa6,3087.6
10269,OA-AL2i2,3089.5
10204,OA-AL2i2,3089.7000000000003
10322,OA-AL2i2,3089.7000000000003
10168,OA-VUMa6,3090.4
10187,OA-VPM3,3091.0
10652,OA-AL2i4,3091.2000000000003
11608,OA-VUMa2,3092.7999999999997
10041,OA-VUMa1,3093.7000000000003
10555,OA-VUMa3,3093.8
10080,OA-VUMa3,3094.0000000000005
12688,OA-ASM1,3094.6000000000004
12109,OA-VUMa2,3094.9
10825,OA-AL2i3,3094.9
11005,OA-VUMa4,3095.1
286259,OA-ASM1,3095.8
10799,OA-VUMa4,3095.9
10658,OA-AL2i3,3096.5
10011,OA-AL2i1,3096.7000000000003
10072,OA-AL2i1,3097.2
287884,OA-VPM3,3097.4
10677,OA-AL2i4,3097.5
10226,OA-AL2i3,3097.8
10110,OA-VUMa1,3098.0000000000005
11602,OA-ASM1,3098.0000000000005
10265,OA-AL2i2,3098.4
10185,OA-VUMa8,3098.5
12896,OA-VUMa5,3098.7
53065,Mi1,3098.7
10120,OA-VPM4,3099.0
10175,OA-VUMa6,3099.9
11921,OA-VPM4,3099.9
10687,OA-AL2i3,3100.3
11264,OA-ASM1,3100.9
10168,OA-VUMa6,3101.5
10269,OA-AL2i2,3101.9
10322,OA-AL2i2,3101.9
10204,OA-AL2i2,3102.8
10652,OA-AL2i4,3103.5000000000005
11608,OA-VUMa2,3103.8
10187,OA-VPM3,3104.1000000000004
10041,OA-VUMa1,3104.9
12109,OA-VUMa2,3106.5
11005,OA-VUMa4,3106.7
10555,OA-VUMa3,3106.8
10080,OA-VUMa3,3107.1
10825,OA-AL2i3,3107.7000000000003
12688,OA-ASM1,3108.0
10072,OA-AL2i1,3108.5
10799,OA-VUMa4,3108.7999999999997
10011,OA-AL2i1,3109.0
10658,OA-AL2i3,3109.1
286259,OA-ASM1,3109.3
10110,OA-VUMa1,3109.5
12896,OA-VUMa5,3109.7000000000003
10265,OA-AL2i2,3109.9
287884,OA-VPM3,3110.0000000000005
11602,OA-ASM1,3110.5
10185,OA-VUMa8,3110.9
10677,OA-AL2i4,3111.0
10175,OA-VUMa6,3111.1
10226,OA-AL2i3,3111.2000000000003
10120,OA-VPM4,3111.6
10168,OA-VUMa6,3112.7000000000003
10687,OA-AL2i3,3112.9
11921,OA-VPM4,3113.6000000000004
10269,OA-AL2i2,3114.0000000000005
10322,OA-AL2i2,3114.5
11264,OA-ASM1,3114.8
11608,OA-VUMa2,3114.8
53065,Mi1,3114.9
10204,OA-AL2i2,3115.6
10041,OA-VUMa1,3115.8
10187,OA-VPM3,3116.1000000000004
10652,OA-AL2i4,3116.6
12109,OA-VUMa2,3118.0000000000005
11005,OA-VUMa4,3118.6000000000004
10555,OA-VUMa3,3119.2000000000003
10658,OA-AL2i3,3119.9
10825,OA-AL2i3,3120.0
10080,OA-VUMa3,3120.3
10110,OA-VUMa1,3120.4
12896,OA-VUMa5,3120.7000000000003
10072,OA-AL2i1,3121.2
10011,OA-AL2i1,3121.4
287884,OA-VPM3,3121.4
12688,OA-ASM1,3122.1
10799,OA-VUMa4,3122.2000000000003
286259,OA-ASM1,3122.5
10226,OA-AL2i3,3122.6000000000004
10265,OA-AL2i2,3122.9
10677,OA-AL2i4,3123.2000000000003
10175,OA-VUMa6,3123.2000000000003
10185,OA-VUMa8,3123.2000000000003
10120,OA-VPM4,3124.2
11602,OA-ASM1,3124.5
10168,OA-VUMa6,3124.8
10687,OA-AL2i3,3125.2
10269,OA-AL2i2,3125.5
11921,OA-VPM4,3126.3
10041,OA-VUMa1,3126.3
11608,OA-VUMa2,3126.4
10322,OA-AL2i2,3127.1
11264,OA-ASM1,3127.4
10187,OA-VPM3,3128.0
10204,OA-AL2i2,3128.1000000000004
53065,Mi1,3128.7000000000003
12109,OA-VUMa2,3128.9
11005,OA-VUMa4,3129.6
10652,OA-AL2i4,3130.0000000000005
10110,OA-VUMa1,3130.8
12896,OA-VUMa5,3131.1
10072,OA-AL2i1,3131.8
10658,OA-AL2i3,3131.9
10825,OA-AL2i3,3132.1000000000004
10555,OA-VUMa3,3132.6
10011,OA-AL2i1,3132.9
10080,OA-VUMa3,3133.4
10226,OA-AL2i3,3133.9
10265,OA-AL2i2,3134.3
287884,OA-VPM3,3134.4
10185,OA-VUMa8,3135.0
10175,OA-VUMa6,3135.1
12688,OA-ASM1,3135.2000000000003
10799,OA-VUMa4,3135.5
10120,OA-VPM4,3135.8
10168,OA-VUMa6,3136.1000000000004
286259,OA-ASM1,3136.4
10677,OA-AL2i4,3136.9
10687,OA-AL2i3,3137.0
11608,OA-VUMa2,3137.0
10269,OA-AL2i2,3137.3
10041,OA-VUMa1,3137.8
11602,OA-ASM1,3138.1
10322,OA-AL2i2,3139.1
11005,OA-VUMa4,3140.2
11264,OA-ASM1,3140.4
10187,OA-VPM3,3140.5
12109,OA-VUMa2,3141.2
10110,OA-VUMa1,3141.3
11921,OA-VPM4,3141.6
10204,OA-AL2i2,3141.9
12896,OA-VUMa5,3142.4
10072,OA-AL2i1,3142.4
53065,Mi1,3142.6000000000004
10652,OA-AL2i4,3143.4
10658,OA-AL2i3,3144.1000000000004
10011,OA-AL2i1,3144.2
10825,OA-AL2i3,3144.3
10226,OA-AL2i3,3145.3
10555,OA-VUMa3,3145.9
10265,OA-AL2i2,3146.3
10175,OA-VUMa6,3146.7
10185,OA-VUMa8,3146.7
10080,OA-VUMa3,3146.7
287884,OA-VPM3,3146.8
10168,OA-VUMa6,3147.6
11608,OA-VUMa2,3147.6
10120,OA-VPM4,3147.7
10041,OA-VUMa1,3148.2
10269,OA-AL2i2,3148.8
10799,OA-VUMa4,3149.1000000000004
10687,OA-AL2i3,3149.3
10677,OA-AL2i4,3149.7999999999997
12688,OA-ASM1,3149.9
286259,OA-ASM1,3150.0000000000005
11602,OA-ASM1,3150.7
10110,OA-VUMa1,3151.0
10322,OA-AL2i2,3151.2000000000003
12109,OA-VUMa2,3152.0
10187,OA-VPM3,3152.4
10072,OA-AL2i1,3152.4
11005,OA-VUMa4,3152.8
11264,OA-ASM1,3154.2000000000003
12896,OA-VUMa5,3154.5
10011,OA-AL2i1,3155.4
10204,OA-AL2i2,3155.4
10658,OA-AL2i3,3155.4
10825,OA-AL2i3,3156.7000000000003
11921,OA-VPM4,3156.8
10652,OA-AL2i4,3156.9
53065,Mi1,3157.1000000000004
10265,OA-AL2i2,3157.9
10226,OA-AL2i3,3158.5
10041,OA-VUMa1,3158.8
10555,OA-VUMa3,3159.0
10168,OA-VUMa6,3159.1
11608,OA-VUMa2,3159.1
10175,OA-VUMa6,3159.6
287884,OA-VPM3,3160.0
10120,OA-VPM4,3160.1000000000004
10185,OA-VUMa8,3160.3
10080,OA-VUMa3,3160.6
10269,OA-AL2i2,3161.2
10110,OA-VUMa1,3161.7000000000003
10687,OA-AL2i3,3162.1
10072,OA-AL2i1,3162.2000000000003
12688,OA-ASM1,3162.3
10677,OA-AL2i4,3162.4
286259,OA-ASM1,3162.6000000000004
10799,OA-VUMa4,3162.8
10322,OA-AL2i2,3162.9
12109,OA-VUMa2,3163.2000000000003
11602,OA-ASM1,3163.6
11005,OA-VUMa4,3163.9
10187,OA-VPM3,3164.7000000000003
12896,OA-VUMa5,3165.5
10011,OA-AL2i1,3166.6000000000004
11264,OA-ASM1,3166.8
10658,OA-AL2i3,3166.9
10204,OA-AL2i2,3168.9
10825,OA-AL2i3,3169.2
10652,OA-AL2i4,3169.5
11921,OA-VPM4,3169.7999999999997
10265,OA-AL2i2,3169.7999999999997
10041,OA-VUMa1,3169.9
10168,OA-VUMa6,3170.6000000000004
10226,OA-AL2i3,3171.1
11608,OA-VUMa2,3171.1
10072,OA-AL2i1,3171.2999999999997
10555,OA-VUMa3,3171.5
53065,Mi1,3171.6
10175,OA-VUMa6,3171.8
10120,OA-VPM4,3173.2
10185,OA-VUMa8,3173.5
10110,OA-VUMa1,3173.6
10080,OA-VUMa3,3174.1
10269,OA-AL2i2,3174.1
10687,OA-AL2i3,3174.2000000000003
287884,OA-VPM3,3174.5
10677,OA-AL2i4,3174.8
12688,OA-ASM1,3175.2999999999997
12109,OA-VUMa2,3175.4
11602,OA-ASM1,3175.4
10799,OA-VUMa4,3175.6
286259,OA-ASM1,3176.4
10322,OA-AL2i2,3176.5000000000005
11005,OA-VUMa4,3176.5000000000005
12896,OA-VUMa5,3177.2
10011,OA-AL2i1,3178.5
10187,OA-VPM3,3178.7
10658,OA-AL2i3,3179.2999999999997
11264,OA-ASM1,3179.6000000000004
10041,OA-VUMa1,3179.9
10825,OA-AL2i3,3181.3
10072,OA-AL2i1,3181.4
10204,OA-AL2i2,3181.5
10652,OA-AL2i4,3182.2000000000003
10168,OA-VUMa6,3182.4
10265,OA-AL2i2,3182.7
11921,OA-VPM4,3182.9
10226,OA-AL2i3,3183.1
11608,OA-VUMa2,3183.7
10175,OA-VUMa6,3184.0
10110,OA-VUMa1,3184.6
10185,OA-VUMa8,3185.4
10555,OA-VUMa3,3185.5
10120,OA-VPM4,3185.7999999999997
53065,Mi1,3186.0
10269,OA-AL2i2,3186.0
10080,OA-VUMa3,3186.5
12109,OA-VUMa2,3186.5
287884,OA-VPM3,3187.2000000000003
10677,OA-AL2i4,3187.3
11602,OA-ASM1,3187.3
10687,OA-AL2i3,3187.7
12688,OA-ASM1,3188.1
10322,OA-AL2i2,3188.6
10799,OA-VUMa4,3188.7000000000003
10011,OA-AL2i1,3189.1000000000004
11005,OA-VUMa4,3189.1000000000004
12896,OA-VUMa5,3189.2
10041,OA-VUMa1,3190.1
286259,OA-ASM1,3190.2000000000003
10658,OA-AL2i3,3191.2000000000003
10187,OA-VPM3,3191.3
10072,OA-AL2i1,3192.0
10204,OA-AL2i2,3193.5
10825,OA-AL2i3,3193.7999999999997
11264,OA-ASM1,3193.7999999999997
10168,OA-VUMa6,3194.1
10652,OA-AL2i4,3194.2000000000003
10265,OA-AL2i2,3195.1
10226,OA-AL2i3,3195.3
10175,OA-VUMa6,3195.4
11608,OA-VUMa2,3195.5
10110,OA-VUMa1,3195.9
10185,OA-VUMa8,3197.6
12109,OA-VUMa2,3197.6
10120,OA-VPM4,3197.7000000000003
11921,OA-VPM4,3197.7000000000003
10269,OA-AL2i2,3198.1
10080,OA-VUMa3,3199.1
11602,OA-ASM1,3199.3
10555,OA-VUMa3,3199.3
10687,OA-AL2i3,3199.5
53065,Mi1,3200.0
10677,OA-AL2i4,3200.3
12896,OA-VUMa5,3200.6
10011,OA-AL2i1,3201.0
10041,OA-VUMa1,3201.0
10322,OA-AL2i2,3201.1000000000004
12688,OA-ASM1,3201.1000000000004
287884,OA-VPM3,3201.1000000000004
10799,OA-VUMa4,3201.3
11005,OA-VUMa4,3201.9
10658,OA-AL2i3,3202.4
10072,OA-AL2i1,3202.7
286259,OA-ASM1,3203.6000000000004
10187,OA-VPM3,3204.2000000000003
10168,OA-VUMa6,3205.7000000000003
10110,OA-VUMa1,3205.9
10825,OA-AL2i3,3206.2
10226,OA-AL2i3,3206.4
11608,OA-VUMa2,3206.4
10204,OA-AL2i2,3206.5
10265,OA-AL2i2,3206.8
11264,OA-ASM1,3206.9
10652,OA-AL2i4,3207.5
10185,OA-VUMa8,3208.6
10175,OA-VUMa6,3208.7000000000003
10120,OA-VPM4,3209.5
12109,OA-VUMa2,3209.5
10269,OA-AL2i2,3209.6
10687,OA-AL2i3,3211.1
11602,OA-ASM1,3211.6000000000004
12896,OA-VUMa5,3212.5000000000005
10041,OA-VUMa1,3212.6
10555,OA-VUMa3,3212.8
10677,OA-AL2i4,3212.9
10080,OA-VUMa3,3213.1000000000004
11921,OA-VPM4,3213.1000000000004
10322,OA-AL2i2,3213.3
10011,OA-AL2i1,3213.4
10799,OA-VUMa4,3213.4
10658,OA-AL2i3,3213.6
53065,Mi1,3213.6
12688,OA-ASM1,3213.7999999999997
10072,OA-AL2i1,3214.3
11005,OA-VUMa4,3214.6000000000004
287884,OA-VPM3,3214.8
10187,OA-VPM3,3216.0
10110,OA-VUMa1,3216.4
286259,OA-ASM1,3216.8
10168,OA-VUMa6,3217.5
11608,OA-VUMa2,3217.7999999999997
10226,OA-AL2i3,3217.9
10825,OA-AL2i3,3219.0000000000005
10265,OA-AL2i2,3219.2000000000003
10204,OA-AL2i2,3220.1
11264,OA-ASM1,3220.1
10652,OA-AL2i4,3220.4
10175,OA-VUMa6,3220.7000000000003
12109,OA-VUMa2,3220.9
10185,OA-VUMa8,3221.0
10120,OA-VPM4,3221.4
10269,OA-AL2i2,3221.6
12896,OA-VUMa5,3223.5
10687,OA-AL2i3,3223.7
10041,OA-VUMa1,3224.1
11602,OA-ASM1,3224.2000000000003
10658,OA-AL2i3,3224.8
10677,OA-AL2i4,3225.4
10011,OA-AL2i1,3225.5
10555,OA-VUMa3,3225.7000000000003
10322,OA-AL2i2,3225.7999999999997
11921,OA-VPM4,3226.0
12688,OA-ASM1,3226.1
11005,OA-VUMa4,3226.6000000000004
10799,OA-VUMa4,3226.8
10080,OA-VUMa3,3227.2000000000003
10110,OA-VUMa1,3227.3
10072,OA-AL2i1,3228.2000000000003
287884,OA-VPM3,3228.2000000000003
53065,Mi1,3228.4
10187,OA-VPM3,3229.3
10226,OA-AL2i3,3229.3
10168,OA-VUMa6,3229.5
11608,OA-VUMa2,3229.5
286259,OA-ASM1,3230.8
10825,OA-AL2i3,3231.3
10265,OA-AL2i2,3232.2999999999997
12109,OA-VUMa2,3232.5000000000005
10185,OA-VUMa8,3232.8
10175,OA-VUMa6,3233.0
10120,OA-VPM4,3233.2
10204,OA-AL2i2,3233.3
10652,OA-AL2i4,3233.4
10269,OA-AL2i2,3233.9
11264,OA-ASM1,3234.2
10041,OA-VUMa1,3234.6000000000004
12896,OA-VUMa5,3234.9
10687,OA-AL2i3,3235.3
10658,OA-AL2i3,3236.4
10322,OA-AL2i2,3237.0
11602,OA-ASM1,3237.2
10011,OA-AL2i1,3237.4
10555,OA-VUMa3,3238.3
10110,OA-VUMa1,3238.4
10677,OA-AL2i4,3238.5
11005,OA-VUMa4,3238.8
12688,OA-ASM1,3239.2000000000003
11921,OA-VPM4,3240.1
10072,OA-AL2i1,3240.2000000000003
10080,OA-VUMa3,3240.2000000000003
10226,OA-AL2i3,3240.4
11608,OA-VUMa2,3240.5
10799,OA-VUMa4,3241.1000000000004
287884,OA-VPM3,3241.9
10168,OA-VUMa6,3242.1000000000004
10187,OA-VPM3,3242.5
12109,OA-VUMa2,3243.5
10265,OA-AL2i2,3243.7
10825,OA-AL2i3,3243.7
286259,OA-ASM1,3243.7
53065,Mi1,3244.0
10185,OA-VUMa8,3244.8
10120,OA-VPM4,3245.2
10175,OA-VUMa6,3245.3
10041,OA-VUMa1,3245.6
12896,OA-VUMa5,3245.9
10652,OA-AL2i4,3246.5
10269,OA-AL2i2,3246.7000000000003
10204,OA-AL2i2,3247.0000000000005
11264,OA-ASM1,3247.4
10011,OA-AL2i1,3247.4
10687,OA-AL2i3,3247.4
10322,OA-AL2i2,3248.0
10658,OA-AL2i3,3248.0
10110,OA-VUMa1,3249.2
11602,OA-ASM1,3250.0
11005,OA-VUMa4,3250.6
10226,OA-AL2i3,3251.1
10677,OA-AL2i4,3251.2000000000003
10555,OA-VUMa3,3251.4
11608,OA-VUMa2,3252.1
10072,OA-AL2i1,3252.4
12688,OA-ASM1,3252.5
10080,OA-VUMa3,3253.5
10168,OA-VUMa6,3253.9
11921,OA-VPM4,3254.5
12109,OA-VUMa2,3254.9
10799,OA-VUMa4,3255.1
287884,OA-VPM3,3255.1
10825,OA-AL2i3,3255.5
10187,OA-VPM3,3255.6000000000004
10185,OA-VUMa8,3256.2000000000003
10265,OA-AL2i2,3256.2999999999997
10041,OA-VUMa1,3256.6
10175,OA-VUMa6,3256.8
12896,OA-VUMa5,3256.9
286259,OA-ASM1,3257.5
10120,OA-VPM4,3258.1000000000004
53065,Mi1,3258.5
10011,OA-AL2i1,3259.2000000000003
10269,OA-AL2i2,3259.2000000000003
10110,OA-VUMa1,3259.6000000000004
10687,OA-AL2i3,3259.7
10658,OA-AL2i3,3259.9
11264,OA-ASM1,3260.0
10652,OA-AL2i4,3260.2999999999997
10322,OA-AL2i2,3260.4
10204,OA-AL2i2,3260.5
11005,OA-VUMa4,3262.3
11602,OA-ASM1,3262.6
11608,OA-VUMa2,3262.9
10226,OA-AL2i3,3263.0000000000005
10677,OA-AL2i4,3264.2999999999997
10072,OA-AL2i1,3264.6
10168,OA-VUMa6,3265.0
10555,OA-VUMa3,3265.1000000000004
12688,OA-ASM1,3265.5
10080,OA-VUMa3,3266.1000000000004
12109,OA-VUMa2,3266.3
10799,OA-VUMa4,3268.0
10185,OA-VUMa8,3268.2000000000003
12896,OA-VUMa5,3268.2000000000003
287884,OA-VPM3,3268.2999999999997
10041,OA-VUMa1,3268.5
10265,OA-AL2i2,3269.0
10825,OA-AL2i3,3269.0
10187,OA-VPM3,3269.2
11921,OA-VPM4,3269.6
10175,OA-VUMa6,3269.7000000000003
286259,OA-ASM1,3270.3
10011,OA-AL2i1,3270.5
10110,OA-VUMa1,3271.0000000000005
10120,OA-VPM4,3271.2000000000003
10658,OA-AL2i3,3271.3
10322,OA-AL2i2,3271.7
10687,OA-AL2i3,3272.1
10269,OA-AL2i2,3272.4
10652,OA-AL2i4,3272.6
11005,OA-VUMa4,3273.1000000000004
53065,Mi1,3273.3
11608,OA-VUMa2,3273.6
11264,OA-ASM1,3273.7000000000003
10204,OA-AL2i2,3274.4
10072,OA-AL2i1,3274.5
11602,OA-ASM1,3274.5
10226,OA-AL2i3,3274.8
10168,OA-VUMa6,3276.0
10677,OA-AL2i4,3277.1000000000004
12109,OA-VUMa2,3277.3
10555,OA-VUMa3,3277.5000000000005
12688,OA-ASM1,3277.9
10041,OA-VUMa1,3279.8
12896,OA-VUMa5,3279.8
10080,OA-VUMa3,3280.0
287884,OA-VPM3,3280.8
10011,OA-AL2i1,3281.0
10185,OA-VUMa8,3281.1000000000004
10799,OA-VUMa4,3281.2000000000003
10265,OA-AL2i2,3281.4
10825,OA-AL2i3,3281.9
10110,OA-VUMa1,3282.7000000000003
10175,OA-VUMa6,3282.9
10187,OA-VPM3,3283.0000000000005
10658,OA-AL2i3,3283.1
286259,OA-ASM1,3283.2000000000003
10322,OA-AL2i2,3283.5
11921,OA-VPM4,3284.0
10269,OA-AL2i2,3284.8
11005,OA-VUMa4,3284.8
10120,OA-VPM4,3284.9
10687,OA-AL2i3,3285.0
10652,OA-AL2i4,3285.6
10072,OA-AL2i1,3286.0
11608,OA-VUMa2,3286.4
11264,OA-ASM1,3286.6
10226,OA-AL2i3,3286.7000000000003
10204,OA-AL2i2,3287.0000000000005
10168,OA-VUMa6,3287.4
11602,OA-ASM1,3287.9
12109,OA-VUMa2,3288.4
53065,Mi1,3290.0
10041,OA-VUMa1,3290.2
10555,OA-VUMa3,3290.5
10677,OA-AL2i4,3290.7000000000003
12688,OA-ASM1,3291.4
12896,OA-VUMa5,3291.5
10080,OA-VUMa3,3293.5000000000005
10011,OA-AL2i1,3293.8
287884,OA-VPM3,3293.8
10110,OA-VUMa1,3293.9
10799,OA-VUMa4,3294.0
10185,OA-VUMa8,3294.1000000000004
10825,OA-AL2i3,3294.2
10658,OA-AL2i3,3294.6
10265,OA-AL2i2,3295.1
10175,OA-VUMa6,3295.3
10322,OA-AL2i2,3295.8
10187,OA-VPM3,3296.0
10687,OA-AL2i3,3296.9
10120,OA-VPM4,3297.4
10652,OA-AL2i4,3297.5000000000005
11005,OA-VUMa4,3297.8
286259,OA-ASM1,3297.8
10226,OA-AL2i3,3298.0
10269,OA-AL2i2,3298.2
10072,OA-AL2i1,3298.4
10168,OA-VUMa6,3298.4
11608,OA-VUMa2,3298.5
12109,OA-VUMa2,3299.4
10204,OA-AL2i2,3299.6000000000004
11264,OA-ASM1,3299.8
11921,OA-VPM4,3300.0
11602,OA-ASM1,3301.0
10041,OA-VUMa1,3301.1000000000004
10677,OA-AL2i4,3301.7000000000003
10555,OA-VUMa3,3303.1
12896,OA-VUMa5,3303.7
12688,OA-ASM1,3304.0
53065,Mi1,3304.8
10011,OA-AL2i1,3306.0
10080,OA-VUMa3,3306.0
10110,OA-VUMa1,3306.1000000000004
10658,OA-AL2i3,3306.5
10825,OA-AL2i3,3306.7000000000003
10185,OA-VUMa8,3307.0
287884,OA-VPM3,3307.5
10322,OA-AL2i2,3307.8
10175,OA-VUMa6,3308.0
10187,OA-VPM3,3308.2999999999997
10799,OA-VUMa4,3308.4
10265,OA-AL2i2,3308.7
10687,OA-AL2i3,3309.2000000000003
10168,OA-VUMa6,3309.5000000000005
11005,OA-VUMa4,3309.7000000000003
10226,OA-AL2i3,3309.7000000000003
11608,OA-VUMa2,3310.0
10120,OA-VPM4,3310.1000000000004
10652,OA-AL2i4,3310.5
10269,OA-AL2i2,3310.7999999999997
10072,OA-AL2i1,3311.1
286259,OA-ASM1,3311.2000000000003
10041,OA-VUMa1,3311.6000000000004
12109,OA-VUMa2,3312.4
11264,OA-ASM1,3313.3
10204,OA-AL2i2,3313.4
11602,OA-ASM1,3314.0
10677,OA-AL2i4,3314.1000000000004
11921,OA-VPM4,3315.0
10555,OA-VUMa3,3315.3
12896,OA-VUMa5,3315.5
12688,OA-ASM1,3315.8
10110,OA-VUMa1,3316.1
10658,OA-AL2i3,3316.9
10011,OA-AL2i1,3317.2000000000003
10080,OA-VUMa3,3318.2
10185,OA-VUMa8,3318.6
10825,OA-AL2i3,3319.0
10175,OA-VUMa6,3319.2000000000003
10322,OA-AL2i2,3319.8
53065,Mi1,3320.1
10168,OA-VUMa6,3321.2000000000003
10265,OA-AL2i2,3321.2000000000003
287884,OA-VPM3,3321.2000000000003
11005,OA-VUMa4,3321.5000000000005
11608,OA-VUMa2,3321.5000000000005
10799,OA-VUMa4,3322.1000000000004
10226,OA-AL2i3,3322.3
10687,OA-AL2i3,3322.3
10187,OA-VPM3,3322.4
10120,OA-VPM4,3322.5
10041,OA-VUMa1,3322.9
10072,OA-AL2i1,3323.5
10652,OA-AL2i4,3323.8
12109,OA-VUMa2,3324.2000000000003
10269,OA-AL2i2,3324.4
286259,OA-ASM1,3324.8
11264,OA-ASM1,3326.2
10204,OA-AL2i2,3326.2
12896,OA-VUMa5,3326.5
10110,OA-VUMa1,3327.1
10677,OA-AL2i4,3327.1
11602,OA-ASM1,3327.2000000000003
12688,OA-ASM1,3327.9
10555,OA-VUMa3,3328.2000000000003
10011,OA-AL2i1,3328.3
10658,OA-AL2i3,3329.1
11921,OA-VPM4,3329.3
10185,OA-VUMa8,3329.6
10080,OA-VUMa3,3331.7
10175,OA-VUMa6,3331.7
10322,OA-AL2i2,3331.8
10825,OA-AL2i3,3331.9
11608,OA-VUMa2,3332.5
10168,OA-VUMa6,3332.8
11005,OA-VUMa4,3333.0
10265,OA-AL2i2,3333.3
10072,OA-AL2i1,3333.7000000000003
53065,Mi1,3334.3
10041,OA-VUMa1,3334.5
10687,OA-AL2i3,3334.7000000000003
10187,OA-VPM3,3335.0
10226,OA-AL2i3,3335.0
287884,OA-VPM3,3335.1
10799,OA-VUMa4,3335.8
10120,OA-VPM4,3336.1
12109,OA-VUMa2,3336.3
10652,OA-AL2i4,3336.9
10110,OA-VUMa1,3337.8
10269,OA-AL2i2,3338.0
11264,OA-ASM1,3338.3
12896,OA-VUMa5,3338.3
286259,OA-ASM1,3338.7000000000003
10204,OA-AL2i2,3339.1
10011,OA-AL2i1,3339.3
10677,OA-AL2i4,3339.7
11602,OA-ASM1,3340.2000000000003
10658,OA-AL2i3,3340.6000000000004
12688,OA-ASM1,3340.6000000000004
10555,OA-VUMa3,3341.5000000000005
10185,OA-VUMa8,3341.8
10175,OA-VUMa6,3342.7999999999997
10825,OA-AL2i3,3343.6000000000004
10168,OA-VUMa6,3343.7000000000003
10322,OA-AL2i2,3343.7000000000003
11921,OA-VPM4,3343.9
11608,OA-VUMa2,3344.2000000000003
10041,OA-VUMa1,3345.0
10080,OA-VUMa3,3345.2000000000003
11005,OA-VUMa4,3345.2000000000003
10072,OA-AL2i1,3345.2999999999997
10226,OA-AL2i3,3346.4
10265,OA-AL2i2,3346.4
10687,OA-AL2i3,3346.7000000000003
53065,Mi1,3347.9
12109,OA-VUMa2,3348.0000000000005
287884,OA-VPM3,3348.1
10187,OA-VPM3,3348.2000000000003
10110,OA-VUMa1,3348.5
10799,OA-VUMa4,3348.8
10652,OA-AL2i4,3349.4
12896,OA-VUMa5,3349.4
10269,OA-AL2i2,3349.7000000000003
10120,OA-VPM4,3350.2
10011,OA-AL2i1,3351.0
10658,OA-AL2i3,3351.7000000000003
11264,OA-ASM1,3351.9
10204,OA-AL2i2,3352.0000000000005
11602,OA-ASM1,3352.2000000000003
286259,OA-ASM1,3352.3
12688,OA-ASM1,3353.0
10185,OA-VUMa8,3353.1
10677,OA-AL2i4,3353.4
10825,OA-AL2i3,3354.7000000000003
10555,OA-VUMa3,3354.9
10175,OA-VUMa6,3355.0
10041,OA-VUMa1,3355.6000000000004
10168,OA-VUMa6,3355.8
11608,OA-VUMa2,3355.8
10322,OA-AL2i2,3356.4
10072,OA-AL2i1,3357.2000000000003
10080,OA-VUMa3,3357.5000000000005
11005,OA-VUMa4,3357.6
11921,OA-VPM4,3357.7000000000003
10226,OA-AL2i3,3358.0
10687,OA-AL2i3,3359.1
10110,OA-VUMa1,3359.2
12109,OA-VUMa2,3359.2
10265,OA-AL2i2,3360.1
287884,OA-VPM3,3360.4
10187,OA-VPM3,3361.2000000000003
10120,OA-VPM4,3361.4
10269,OA-AL2i2,3361.8
10011,OA-AL2i1,3362.1000000000004
12896,OA-VUMa5,3362.4
10658,OA-AL2i3,3362.6
10799,OA-VUMa4,3362.7999999999997
53065,Mi1,3363.2
10652,OA-AL2i4,3363.4
10204,OA-AL2i2,3363.9
11264,OA-ASM1,3364.9
10185,OA-VUMa8,3365.1
286259,OA-ASM1,3365.7000000000003
10677,OA-AL2i4,3365.8
11602,OA-ASM1,3365.8
12688,OA-ASM1,3365.8
10041,OA-VUMa1,3366.4
10825,OA-AL2i3,3366.9
10175,OA-VUMa6,3367.1
10168,OA-VUMa6,3367.2
10072,OA-AL2i1,3367.4
10555,OA-VUMa3,3367.9
11608,OA-VUMa2,3368.0000000000005
10322,OA-AL2i2,3368.0000000000005
10226,OA-AL2i3,3369.2999999999997
10080,OA-VUMa3,3370.0
10110,OA-VUMa1,3370.0
11005,OA-VUMa4,3370.7999999999997
11921,OA-VPM4,3371.1000000000004
12109,OA-VUMa2,3371.5
10265,OA-AL2i2,3372.6000000000004
287884,OA-VPM3,3372.7
10687,OA-AL2i3,3372.9
10011,OA-AL2i1,3374.1000000000004
10269,OA-AL2i2,3374.1000000000004
10658,OA-AL2i3,3374.2
12896,OA-VUMa5,3374.3
10187,OA-VPM3,3374.4
10120,OA-VPM4,3374.6
10799,OA-VUMa4,3375.5
10204,OA-AL2i2,3376.2000000000003
10072,OA-AL2i1,3376.7
10652,OA-AL2i4,3377.2000000000003
53065,Mi1,3377.5
10041,OA-VUMa1,3377.8
10185,OA-VUMa8,3378.0
10677,OA-AL2i4,3378.3
11264,OA-ASM1,3378.6
10175,OA-VUMa6,3378.7000000000003
12688,OA-ASM1,3378.7000000000003
10168,OA-VUMa6,3378.8
11602,OA-ASM1,3378.8
10825,OA-AL2i3,3379.6000000000004
10322,OA-AL2i2,3379.9
11608,OA-VUMa2,3380.3
286259,OA-ASM1,3380.4
10226,OA-AL2i3,3380.4
10110,OA-VUMa1,3381.0
10555,OA-VUMa3,3381.4
10080,OA-VUMa3,3382.6
12109,OA-VUMa2,3383.3
11005,OA-VUMa4,3383.7000000000003
10265,OA-AL2i2,3384.8
10687,OA-AL2i3,3385.0
11921,OA-VPM4,3385.2000000000003
287884,OA-VPM3,3385.4
10658,OA-AL2i3,3385.9
12896,OA-VUMa5,3385.9
10269,OA-AL2i2,3386.0
10011,OA-AL2i1,3386.3
10072,OA-AL2i1,3387.1000000000004
10120,OA-VPM4,3387.6
10187,OA-VPM3,3388.5
10799,OA-VUMa4,3388.5
10041,OA-VUMa1,3388.7
10204,OA-AL2i2,3389.5
10652,OA-AL2i4,3389.8
10185,OA-VUMa8,3389.9
10168,OA-VUMa6,3390.8
10322,OA-AL2i2,3391.1000000000004
10110,OA-VUMa1,3391.4
10175,OA-VUMa6,3391.6
10677,OA-AL2i4,3391.7000000000003
53065,Mi1,3391.8
11608,OA-VUMa2,3391.9
10825,OA-AL2i3,3391.9
11264,OA-ASM1,3392.1
10226,OA-AL2i3,3392.4
11602,OA-ASM1,3393.4
12688,OA-ASM1,3393.4
10555,OA-VUMa3,3393.6
12109,OA-VUMa2,3393.9
286259,OA-ASM1,3394.6
10080,OA-VUMa3,3395.8
11005,OA-VUMa4,3396.4
10687,OA-AL2i3,3397.1
12896,OA-VUMa5,3397.5
10265,OA-AL2i2,3397.6
10658,OA-AL2i3,3397.6
10011,OA-AL2i1,3397.7
10072,OA-AL2i1,3397.8
287884,OA-VPM3,3398.0
10269,OA-AL2i2,3398.2
11921,OA-VPM4,3399.2
10120,OA-VPM4,3399.3
10041,OA-VUMa1,3399.7000000000003
10799,OA-VUMa4,3401.6
10168,OA-VUMa6,3402.1000000000004
10187,OA-VPM3,3402.1000000000004
11608,OA-VUMa2,3402.3
10204,OA-AL2i2,3402.4
10652,OA-AL2i4,3402.6
10185,OA-VUMa8,3402.7000000000003
10110,OA-VUMa1,3402.9
10322,OA-AL2i2,3403.2
10226,OA-AL2i3,3403.4
10825,OA-AL2i3,3404.5
10175,OA-VUMa6,3404.7
10677,OA-AL2i4,3404.8
12109,OA-VUMa2,3405.5
11264,OA-ASM1,3406.0
10555,OA-VUMa3,3406.5000000000005
12688,OA-ASM1,3406.8
53065,Mi1,3406.8
11602,OA-ASM1,3408.0000000000005
10080,OA-VUMa3,3408.3
11005,OA-VUMa4,3408.8
286259,OA-ASM1,3408.8
10658,OA-AL2i3,3409.1
12896,OA-VUMa5,3409.5
10687,OA-AL2i3,3409.7
10041,OA-VUMa1,3410.0
10072,OA-AL2i1,3410.2000000000003
10011,OA-AL2i1,3410.4
10269,OA-AL2i2,3411.0
10265,OA-AL2i2,3411.4
287884,OA-VPM3,3411.6
10120,OA-VPM4,3412.6000000000004
10168,OA-VUMa6,3413.8
11608,OA-VUMa2,3414.0
11921,OA-VPM4,3414.0
10110,OA-VUMa1,3414.6
10322,OA-AL2i2,3414.6
10799,OA-VUMa4,3415.2
10185,OA-VUMa8,3415.4
10204,OA-AL2i2,3415.5
10226,OA-AL2i3,3415.7999999999997
10652,OA-AL2i4,3416.0000000000005
10187,OA-VPM3,3416.3
10175,OA-VUMa6,3416.5
10677,OA-AL2i4,3417.0
12109,OA-VUMa2,3417.0
10825,OA-AL2i3,3417.2000000000003
12688,OA-ASM1,3418.9
11264,OA-ASM1,3419.7999999999997
10555,OA-VUMa3,3420.3
11005,OA-VUMa4,3420.4
12896,OA-VUMa5,3420.5
10658,OA-AL2i3,3420.6000000000004
11602,OA-ASM1,3421.0
10041,OA-VUMa1,3421.2000000000003
53065,Mi1,3421.2999999999997
10080,OA-VUMa3,3421.6
10687,OA-AL2i3,3422.3
10072,OA-AL2i1,3422.3
10011,OA-AL2i1,3423.0
286259,OA-ASM1,3423.1000000000004
10269,OA-AL2i2,3423.9
10265,OA-AL2i2,3424.3
10120,OA-VPM4,3425.0
287884,OA-VPM3,3425.2999999999997
11608,OA-VUMa2,3425.4
10168,OA-VUMa6,3425.5
10110,OA-VUMa1,3425.6
10322,OA-AL2i2,3426.1000000000004
10185,OA-VUMa8,3426.9
10226,OA-AL2i3,3427.4
11921,OA-VPM4,3428.2000000000003
10799,OA-VUMa4,3428.3
10204,OA-AL2i2,3428.8
10652,OA-AL2i4,3428.8
12109,OA-VUMa2,3428.9
10175,OA-VUMa6,3429.2999999999997
10825,OA-AL2i3,3430.0
10677,OA-AL2i4,3430.2000000000003
10187,OA-VPM3,3430.3
12896,OA-VUMa5,3431.3
10072,OA-AL2i1,3431.7000000000003
10041,OA-VUMa1,3432.1
11005,OA-VUMa4,3432.2000000000003
11264,OA-ASM1,3432.3
10658,OA-AL2i3,3432.4
12688,OA-ASM1,3432.4
10011,OA-AL2i1,3433.6
11602,OA-ASM1,3433.7
10555,OA-VUMa3,3434.3
10687,OA-AL2i3,3434.4
10080,OA-VUMa3,3434.8
10265,OA-AL2i2,3435.7999999999997
11608,OA-VUMa2,3436.0
10110,OA-VUMa1,3436.2000000000003
286259,OA-ASM1,3436.2000000000003
10269,OA-AL2i2,3436.6000000000004
10168,OA-VUMa6,3436.7
53065,Mi1,3436.9
10322,OA-AL2i2,3437.5
10120,OA-VPM4,3438.6
287884,OA-VPM3,3438.7000000000003
10226,OA-AL2i3,3439.4
10185,OA-VUMa8,3440.4
10652,OA-AL2i4,3440.6000000000004
10175,OA-VUMa6,3440.9
12109,OA-VUMa2,3440.9
10072,OA-AL2i1,3441.2999999999997
10799,OA-VUMa4,3441.7
10204,OA-AL2i2,3441.7
12896,OA-VUMa5,3441.9
10825,OA-AL2i3,3442.6
10677,OA-AL2i4,3443.3
10187,OA-VPM3,3443.4
10041,OA-VUMa1,3443.5
11921,OA-VPM4,3444.2000000000003
10658,OA-AL2i3,3444.3
11264,OA-ASM1,3444.6000000000004
12688,OA-ASM1,3444.8
11005,OA-VUMa4,3445.3
10687,OA-AL2i3,3446.0
10011,OA-AL2i1,3446.1000000000004
11602,OA-ASM1,3446.1000000000004
10110,OA-VUMa1,3446.4
11608,OA-VUMa2,3446.8
10555,OA-VUMa3,3447.2
10080,OA-VUMa3,3448.0
10269,OA-AL2i2,3448.1
10168,OA-VUMa6,3449.1
10265,OA-AL2i2,3449.6000000000004
10072,OA-AL2i1,3450.1
10322,OA-AL2i2,3450.4
10226,OA-AL2i3,3450.5000000000005
286259,OA-ASM1,3450.7000000000003
53065,Mi1,3451.0
10120,OA-VPM4,3451.2
12109,OA-VUMa2,3451.7000000000003
10175,OA-VUMa6,3452.2000000000003
287884,OA-VPM3,3452.5
10652,OA-AL2i4,3453.4
10185,OA-VUMa8,3453.6000000000004
12896,OA-VUMa5,3454.0
10041,OA-VUMa1,3454.4
10799,OA-VUMa4,3454.4
10204,OA-AL2i2,3454.5000000000005
10658,OA-AL2i3,3456.0
10677,OA-AL2i4,3456.1
10187,OA-VPM3,3456.8
11264,OA-ASM1,3456.9
10825,OA-AL2i3,3457.0
11005,OA-VUMa4,3457.2000000000003
10110,OA-VUMa1,3457.5
12688,OA-ASM1,3458.0
11608,OA-VUMa2,3458.4
10011,OA-AL2i1,3458.4
10687,OA-AL2i3,3458.6
11921,OA-VPM4,3458.8
11602,OA-ASM1,3458.9
10072,OA-AL2i1,3459.9
10168,OA-VUMa6,3460.2000000000003
10269,OA-AL2i2,3460.4
10555,OA-VUMa3,3460.4
10080,OA-VUMa3,3461.1
10226,OA-AL2i3,3461.2000000000003
10265,OA-AL2i2,3461.4
10322,OA-AL2i2,3462.0
12109,OA-VUMa2,3462.9
10120,OA-VPM4,3463.0
53065,Mi1,3464.5
286259,OA-ASM1,3464.5
10175,OA-VUMa6,3464.7
12896,OA-VUMa5,3465.1
10185,OA-VUMa8,3465.6000000000004
10041,OA-VUMa1,3465.7
10652,OA-AL2i4,3466.2000000000003
287884,OA-VPM3,3466.6
10204,OA-AL2i2,3466.8
10658,OA-AL2i3,3467.6
10799,OA-VUMa4,3467.7999999999997
10110,OA-VUMa1,3468.7
10187,OA-VPM3,3469.2000000000003
10677,OA-AL2i4,3469.5
10825,OA-AL2i3,3469.5
11608,OA-VUMa2,3469.5
10072,OA-AL2i1,3469.7
11005,OA-VUMa4,3469.7
11264,OA-ASM1,3469.8
12688,OA-ASM1,3469.8
10011,OA-AL2i1,3470.4
10687,OA-AL2i3,3471.1000000000004
11602,OA-ASM1,3471.5
10168,OA-VUMa6,3472.1
11921,OA-VPM4,3472.3
10269,OA-AL2i2,3472.5
10226,OA-AL2i3,3472.7000000000003
10265,OA-AL2i2,3473.5
10080,OA-VUMa3,3473.8
12109,OA-VUMa2,3474.1
10555,OA-VUMa3,3474.2000000000003
10322,OA-AL2i2,3474.3
10120,OA-VPM4,3474.8
12896,OA-VUMa5,3475.7999999999997
10175,OA-VUMa6,3476.9
10041,OA-VUMa1,3477.5
10185,OA-VUMa8,3478.2000000000003
286259,OA-ASM1,3478.7000000000003
53065,Mi1,3479.1000000000004
10658,OA-AL2i3,3479.2
287884,OA-VPM3,3479.6
10204,OA-AL2i2,3479.7999999999997
10652,OA-AL2i4,3479.9
10110,OA-VUMa1,3480.1
11608,OA-VUMa2,3480.6000000000004
11005,OA-VUMa4,3480.9
10799,OA-VUMa4,3481.5
10072,OA-AL2i1,3481.8
10677,OA-AL2i4,3481.8
10187,OA-VPM3,3482.1
12688,OA-ASM1,3482.5000000000005
10168,OA-VUMa6,3483.2
11264,OA-ASM1,3483.3
10011,OA-AL2i1,3483.5
10825,OA-AL2i3,3483.7000000000003
10226,OA-AL2i3,3483.7000000000003
10269,OA-AL2i2,3484.0
11602,OA-ASM1,3484.1
10687,OA-AL2i3,3485.0000000000005
10265,OA-AL2i2,3485.2000000000003
10322,OA-AL2i2,3486.0
12109,OA-VUMa2,3486.0
11921,OA-VPM4,3486.2999999999997
10555,OA-VUMa3,3486.8
10120,OA-VPM4,3487.5
12896,OA-VUMa5,3487.7000000000003
10080,OA-VUMa3,3488.1
10175,OA-VUMa6,3488.2
10041,OA-VUMa1,3488.6000000000004
10110,OA-VUMa1,3490.2000000000003
10658,OA-AL2i3,3490.4
10185,OA-VUMa8,3491.4
10204,OA-AL2i2,3491.7000000000003
10652,OA-AL2i4,3492.0
287884,OA-VPM3,3492.0
11608,OA-VUMa2,3492.2
286259,OA-ASM1,3492.3
11005,OA-VUMa4,3492.4
53065,Mi1,3493.3
10187,OA-VPM3,3493.9
12688,OA-ASM1,3494.2000000000003
10226,OA-AL2i3,3494.2000000000003
10072,OA-AL2i1,3494.4
10799,OA-VUMa4,3494.7000000000003
10168,OA-VUMa6,3495.0
10677,OA-AL2i4,3495.0
10011,OA-AL2i1,3495.3
10269,OA-AL2i2,3496.0
10825,OA-AL2i3,3496.5
10687,OA-AL2i3,3496.9
11264,OA-ASM1,3496.9
11602,OA-ASM1,3497.2000000000003
10265,OA-AL2i2,3497.3
12109,OA-VUMa2,3497.9
10322,OA-AL2i2,3498.0
10041,OA-VUMa1,3498.9
10120,OA-VPM4,3499.7000000000003
12896,OA-VUMa5,3500.0
10175,OA-VUMa6,3500.1000000000004
11921,OA-VPM4,3500.1000000000004
10555,OA-VUMa3,3500.7000000000003
10080,OA-VUMa3,3501.2000000000003
10658,OA-AL2i3,3501.6000000000004
10110,OA-VUMa1,3501.9
10204,OA-AL2i2,3503.5
11608,OA-VUMa2,3504.1000000000004
11005,OA-VUMa4,3504.2
10185,OA-VUMa8,3504.5
10072,OA-AL2i1,3504.6000000000004
10652,OA-AL2i4,3504.9
287884,OA-VPM3,3504.9
10226,OA-AL2i3,3505.2000000000003
286259,OA-ASM1,3505.2000000000003
10187,OA-VPM3,3505.7
10011,OA-AL2i1,3506.5
10168,OA-VUMa6,3506.7000000000003
10677,OA-AL2i4,3507.0
10799,OA-VUMa4,3507.9
12688,OA-ASM1,3508.0
53065,Mi1,3508.0
10269,OA-AL2i2,3508.4
10265,OA-AL2i2,3509.0000000000005
12109,OA-VUMa2,3509.6000000000004
10322,OA-AL2i2,3509.6000000000004
10687,OA-AL2i3,3509.7
10041,OA-VUMa1,3509.8
10825,OA-AL2i3,3509.9
11602,OA-ASM1,3509.9
11264,OA-ASM1,3510.0
10120,OA-VPM4,3511.2
12896,OA-VUMa5,3511.7000000000003
10175,OA-VUMa6,3512.6000000000004
11921,OA-VPM4,3513.1
10110,OA-VUMa1,3513.1
10658,OA-AL2i3,3513.8
10555,OA-VUMa3,3514.0
10080,OA-VUMa3,3514.6
11608,OA-VUMa2,3515.6
10072,OA-AL2i1,3516.0
11005,OA-VUMa4,3516.1000000000004
10226,OA-AL2i3,3516.4
10204,OA-AL2i2,3516.8
10185,OA-VUMa8,3517.1
10652,OA-AL2i4,3517.9
287884,OA-VPM3,3518.2000000000003
286259,OA-ASM1,3518.7000000000003
10011,OA-AL2i1,3519.0
10168,OA-VUMa6,3519.2
10677,OA-AL2i4,3519.4
10187,OA-VPM3,3519.5
10041,OA-VUMa1,3520.4
10269,OA-AL2i2,3520.6
12688,OA-ASM1,3520.6
12109,OA-VUMa2,3521.0000000000005
10265,OA-AL2i2,3521.2000000000003
10322,OA-AL2i2,3521.9
10799,OA-VUMa4,3522.0
53065,Mi1,3522.5
11264,OA-ASM1,3522.5
11602,OA-ASM1,3522.7000000000003
10120,OA-VPM4,3522.8
10687,OA-AL2i3,3523.0
10825,OA-AL2i3,3523.5
12896,OA-VUMa5,3523.5
10110,OA-VUMa1,3523.9
10175,OA-VUMa6,3524.6
10658,OA-AL2i3,3525.8
10555,OA-VUMa3,3526.0
11608,OA-VUMa2,3527.2
11005,OA-VUMa4,3527.6
10072,OA-AL2i1,3527.9
10080,OA-VUMa3,3527.9
11921,OA-VPM4,3528.3
10226,OA-AL2i3,3528.6
10204,OA-AL2i2,3529.4
10185,OA-VUMa8,3530.2000000000003
287884,OA-VPM3,3530.4
10011,OA-AL2i1,3530.4
10041,OA-VUMa1,3530.7
10652,OA-AL2i4,3531.7000000000003
10168,OA-VUMa6,3531.8
10269,OA-AL2i2,3532.0
10677,OA-AL2i4,3532.2
286259,OA-ASM1,3532.3
12109,OA-VUMa2,3532.4
10265,OA-AL2i2,3532.5
12688,OA-ASM1,3533.2000000000003
10187,OA-VPM3,3533.7
10110,OA-VUMa1,3534.2000000000003
10322,OA-AL2i2,3534.2000000000003
10120,OA-VPM4,3534.5
10799,OA-VUMa4,3534.5
12896,OA-VUMa5,3534.6
11264,OA-ASM1,3535.0
11602,OA-ASM1,3535.1000000000004
10687,OA-AL2i3,3535.2000000000003
10175,OA-VUMa6,3537.2000000000003
10658,OA-AL2i3,3537.2000000000003
10825,OA-AL2i3,3537.6000000000004
53065,Mi1,3538.2000000000003
10555,OA-VUMa3,3538.2999999999997
11608,OA-VUMa2,3539.0
10226,OA-AL2i3,3540.4
10072,OA-AL2i1,3540.4
11005,OA-VUMa4,3540.6
10080,OA-VUMa3,3541.3
10041,OA-VUMa1,3541.7
10185,OA-VUMa8,3541.7
11921,OA-VPM4,3541.9
10011,OA-AL2i1,3542.0
10168,OA-VUMa6,3543.0
10204,OA-AL2i2,3543.2000000000003
287884,OA-VPM3,3544.1000000000004
10677,OA-AL2i4,3544.6
10110,OA-VUMa1,3544.9
12109,OA-VUMa2,3544.9
10265,OA-AL2i2,3545.2000000000003
10269,OA-AL2i2,3545.6000000000004
10652,OA-AL2i4,3545.9
10322,OA-AL2i2,3546.2000000000003
11602,OA-ASM1,3546.5
10187,OA-VPM3,3546.6
12896,OA-VUMa5,3546.6
10120,OA-VPM4,3547.2000000000003
286259,OA-ASM1,3547.4
10799,OA-VUMa4,3547.5000000000005
12688,OA-ASM1,3547.5000000000005
11264,OA-ASM1,3547.7000000000003
10658,OA-AL2i3,3548.0
10687,OA-AL2i3,3548.5
10175,OA-VUMa6,3549.2000000000003
10825,OA-AL2i3,3549.4
11608,OA-VUMa2,3550.2999999999997
10226,OA-AL2i3,3551.6
10555,OA-VUMa3,3552.0
11005,OA-VUMa4,3552.0
10072,OA-AL2i1,3552.4
53065,Mi1,3553.2000000000003
10041,OA-VUMa1,3553.4
10011,OA-AL2i1,3554.2000000000003
10080,OA-VUMa3,3554.2999999999997
10168,OA-VUMa6,3554.2999999999997
11921,OA-VPM4,3554.5
10185,OA-VUMa8,3554.8
10110,OA-VUMa1,3555.1000000000004
12109,OA-VUMa2,3556.1000000000004
287884,OA-VPM3,3556.2
10204,OA-AL2i2,3556.7000000000003
10265,OA-AL2i2,3556.9
10677,OA-AL2i4,3557.1
10322,OA-AL2i2,3557.8
12896,OA-VUMa5,3558.2000000000003
10269,OA-AL2i2,3558.4
10652,OA-AL2i4,3559.3
10187,OA-VPM3,3559.4
10120,OA-VPM4,3560.1000000000004
10658,OA-AL2i3,3560.1000000000004
10687,OA-AL2i3,3560.2
11602,OA-ASM1,3560.5
10175,OA-VUMa6,3560.6
10799,OA-VUMa4,3560.6
12688,OA-ASM1,3560.6
11264,OA-ASM1,3560.7999999999997
10825,OA-AL2i3,3562.0
286259,OA-ASM1,3562.0
11608,OA-VUMa2,3562.2999999999997
10226,OA-AL2i3,3563.4
11005,OA-VUMa4,3563.7000000000003
10041,OA-VUMa1,3563.8
10072,OA-AL2i1,3564.0
10011,OA-AL2i1,3565.5
10168,OA-VUMa6,3565.7
10555,OA-VUMa3,3566.1
53065,Mi1,3566.9
10185,OA-VUMa8,3567.7000000000003
10110,OA-VUMa1,3567.8
10080,OA-VUMa3,3567.9
12109,OA-VUMa2,3568.3
11921,OA-VPM4,3568.6
10322,OA-AL2i2,3569.1
12896,OA-VUMa5,3569.1
10265,OA-AL2i2,3569.3
10677,OA-AL2i4,3569.4
287884,OA-VPM3,3569.6000000000004
10204,OA-AL2i2,3570.1
10658,OA-AL2i3,3570.7
10269,OA-AL2i2,3571.0
10687,OA-AL2i3,3571.5000000000005
10175,OA-VUMa6,3571.7000000000003
11602,OA-ASM1,3571.7000000000003
10187,OA-VPM3,3572.0
10652,OA-AL2i4,3572.7000000000003
10120,OA-VPM4,3572.7999999999997
10799,OA-VUMa4,3572.7999999999997
11608,OA-VUMa2,3573.2000000000003
12688,OA-ASM1,3573.7
11264,OA-ASM1,3574.7
10041,OA-VUMa1,3574.8
10825,OA-AL2i3,3575.0
11005,OA-VUMa4,3575.1000000000004
286259,OA-ASM1,3575.1000000000004
10226,OA-AL2i3,3575.5000000000005
10072,OA-AL2i1,3576.9
10011,OA-AL2i1,3577.0
10168,OA-VUMa6,3577.3
10110,OA-VUMa1,3578.5
12109,OA-VUMa2,3579.0
10555,OA-VUMa3,3579.7000000000003
10185,OA-VUMa8,3580.0
10080,OA-VUMa3,3580.3
10322,OA-AL2i2,3581.5
53065,Mi1,3581.5
287884,OA-VPM3,3581.5
10265,OA-AL2i2,3581.6000000000004
12896,OA-VUMa5,3581.8
10677,OA-AL2i4,3581.9
10269,OA-AL2i2,3583.1
10204,OA-AL2i2,3583.2000000000003
10658,OA-AL2i3,3583.3
11921,OA-VPM4,3583.5000000000005
10175,OA-VUMa6,3583.7000000000003
10687,OA-AL2i3,3584.0
11602,OA-ASM1,3584.0
10187,OA-VPM3,3584.7999999999997
11608,OA-VUMa2,3585.0
10120,OA-VPM4,3585.3
10041,OA-VUMa1,3586.1
10799,OA-VUMa4,3586.1
12688,OA-ASM1,3586.1
11005,OA-VUMa4,3586.3
10652,OA-AL2i4,3586.7
10226,OA-AL2i3,3587.9
11264,OA-ASM1,3588.1000000000004
10168,OA-VUMa6,3588.3
10011,OA-AL2i1,3588.3
10072,OA-AL2i1,3588.5
10825,OA-AL2i3,3588.5
286259,OA-ASM1,3588.7000000000003
10110,OA-VUMa1,3588.7999999999997
12109,OA-VUMa2,3591.0
10185,OA-VUMa8,3592.0
10555,OA-VUMa3,3592.7999999999997
12896,OA-VUMa5,3593.1
10265,OA-AL2i2,3593.6000000000004
10322,OA-AL2i2,3593.6000000000004
10080,OA-VUMa3,3594.3
10175,OA-VUMa6,3594.8
10677,OA-AL2i4,3594.8
10269,OA-AL2i2,3595.0
10687,OA-AL2i3,3595.0
287884,OA-VPM3,3595.2000000000003
53065,Mi1,3595.5000000000005
10658,OA-AL2i3,3595.8
10204,OA-AL2i2,3596.1000000000004
11608,OA-VUMa2,3596.6
11602,OA-ASM1,3597.0
11921,OA-VPM4,3597.3
10187,OA-VPM3,3597.7
10041,OA-VUMa1,3597.8
10072,OA-AL2i1,3598.3
11005,OA-VUMa4,3598.5
12688,OA-ASM1,3598.5
10011,OA-AL2i1,3598.9
10168,OA-VUMa6,3599.1
10120,OA-VPM4,3599.3
10226,OA-AL2i3,3599.4
10652,OA-AL2i4,3599.5000000000005
10110,OA-VUMa1,3599.7000000000003
11264,OA-ASM1,3600.1000000000004
10799,OA-VUMa4,3600.7999999999997
10825,OA-AL2i3,3600.7999999999997
12109,OA-VUMa2,3601.7000000000003
286259,OA-ASM1,3602.3
12896,OA-VUMa5,3604.3
10185,OA-VUMa8,3604.4
10555,OA-VUMa3,3605.8
10322,OA-AL2i2,3605.9
10265,OA-AL2i2,3605.9
10080,OA-VUMa3,3606.4
10175,OA-VUMa6,3606.5
10687,OA-AL2i3,3607.1
10658,OA-AL2i3,3607.6
11608,OA-VUMa2,3607.8
287884,OA-VPM3,3607.8
10677,OA-AL2i4,3608.0
10269,OA-AL2i2,3608.1000000000004
10204,OA-AL2i2,3608.2
10041,OA-VUMa1,3608.5
11602,OA-ASM1,3608.7999999999997
10187,OA-VPM3,3610.2000000000003
53065,Mi1,3610.2000000000003
10110,OA-VUMa1,3610.3
10072,OA-AL2i1,3610.3
11005,OA-VUMa4,3610.5
10226,OA-AL2i3,3610.5
12688,OA-ASM1,3610.7
10168,OA-VUMa6,3610.8
11921,OA-VPM4,3611.6
10011,OA-AL2i1,3612.1000000000004
10120,OA-VPM4,3612.6
12109,OA-VUMa2,3612.6
11264,OA-ASM1,3612.7999999999997
10652,OA-AL2i4,3612.9
10825,OA-AL2i3,3613.7000000000003
10799,OA-VUMa4,3614.0000000000005
12896,OA-VUMa5,3614.9
286259,OA-ASM1,3615.0
10185,OA-VUMa8,3617.5
10175,OA-VUMa6,3618.2000000000003
10658,OA-AL2i3,3618.6000000000004
10322,OA-AL2i2,3618.6000000000004
10265,OA-AL2i2,3619.0
11608,OA-VUMa2,3619.2000000000003
10687,OA-AL2i3,3619.2999999999997
10080,OA-VUMa3,3619.6
10041,OA-VUMa1,3620.1000000000004
10269,OA-AL2i2,3620.4
10677,OA-AL2i4,3620.4
10555,OA-VUMa3,3620.6
10204,OA-AL2i2,3620.7000000000003
287884,OA-VPM3,3621.2
10072,OA-AL2i1,3622.0000000000005
10226,OA-AL2i3,3622.0000000000005
11602,OA-ASM1,3622.0000000000005
10110,OA-VUMa1,3622.2000000000003
11005,OA-VUMa4,3622.5
10187,OA-VPM3,3623.0
53065,Mi1,3623.8
10011,OA-AL2i1,3623.9
12688,OA-ASM1,3624.0
10168,OA-VUMa6,3624.1000000000004
12109,OA-VUMa2,3624.2
10120,OA-VPM4,3624.9
10825,OA-AL2i3,3625.7000000000003
11264,OA-ASM1,3625.8
10652,OA-AL2i4,3626.5
10799,OA-VUMa4,3626.5
11921,OA-VPM4,3626.5
12896,OA-VUMa5,3626.8
10185,OA-VUMa8,3627.7000000000003
286259,OA-ASM1,3628.7000000000003
11608,OA-VUMa2,3629.9
10265,OA-AL2i2,3630.2000000000003
10658,OA-AL2i3,3630.2000000000003
10175,OA-VUMa6,3630.3
10041,OA-VUMa1,3630.6000000000004
10687,OA-AL2i3,3630.8
10322,OA-AL2i2,3630.8
10072,OA-AL2i1,3631.8
10080,OA-VUMa3,3632.2
10110,OA-VUMa1,3632.6
10555,OA-VUMa3,3633.3
10226,OA-AL2i3,3633.4
10677,OA-AL2i4,3633.5
11005,OA-VUMa4,3633.6000000000004
10269,OA-AL2i2,3634.1
11602,OA-ASM1,3634.4
287884,OA-VPM3,3634.7
10204,OA-AL2i2,3634.9
12109,OA-VUMa2,3635.5
10011,OA-AL2i1,3635.8
10168,OA-VUMa6,3636.0
12688,OA-ASM1,3637.2
10187,OA-VPM3,3637.6000000000004
10120,OA-VPM4,3637.9
12896,OA-VUMa5,3638.2000000000003
10825,OA-AL2i3,3638.3
11264,OA-ASM1,3638.6000000000004
10799,OA-VUMa4,3639.0
11921,OA-VPM4,3639.4
53065,Mi1,3639.5
10185,OA-VUMa8,3639.6
10652,OA-AL2i4,3639.9
10041,OA-VUMa1,3641.1000000000004
11608,OA-VUMa2,3641.2
10072,OA-AL2i1,3641.3
10658,OA-AL2i3,3641.3
10687,OA-AL2i3,3642.0000000000005
286259,OA-ASM1,3642.5
10265,OA-AL2i2,3642.7
10175,OA-VUMa6,3642.8
10322,OA-AL2i2,3642.8
10110,OA-VUMa1,3643.4
10080,OA-VUMa3,3644.5
11005,OA-VUMa4,3645.6000000000004
10226,OA-AL2i3,3646.1
10555,OA-VUMa3,3646.5
10011,OA-AL2i1,3646.6000000000004
12109,OA-VUMa2,3646.6000000000004
287884,OA-VPM3,3646.7
10677,OA-AL2i4,3646.9
10204,OA-AL2i2,3647.5
11602,OA-ASM1,3647.5
10269,OA-AL2i2,3647.6
10168,OA-VUMa6,3647.7000000000003
12896,OA-VUMa5,3649.3
12688,OA-ASM1,3650.0000000000005
10825,OA-AL2i3,3650.1
10187,OA-VPM3,3650.3
10072,OA-AL2i1,3650.6000000000004
10120,OA-VPM4,3651.0
11264,OA-ASM1,3651.0
10185,OA-VUMa8,3651.1
10799,OA-VUMa4,3651.6
10041,OA-VUMa1,3652.6
10658,OA-AL2i3,3652.7000000000003
11608,OA-VUMa2,3652.7000000000003
10652,OA-AL2i4,3653.6
11921,OA-VPM4,3654.3
10322,OA-AL2i2,3654.3
10687,OA-AL2i3,3654.4
53065,Mi1,3654.4
10110,OA-VUMa1,3654.5
10265,OA-AL2i2,3655.1
10175,OA-VUMa6,3655.2999999999997
286259,OA-ASM1,3656.5000000000005
10226,OA-AL2i3,3656.8
10011,OA-AL2i1,3657.2
12109,OA-VUMa2,3657.5
11005,OA-VUMa4,3657.7000000000003
10080,OA-VUMa3,3657.9
10168,OA-VUMa6,3659.2999999999997
10677,OA-AL2i4,3659.4
10555,OA-VUMa3,3659.6
12896,OA-VUMa5,3659.6
287884,OA-VPM3,3659.9
10204,OA-AL2i2,3660.1000000000004
10072,OA-AL2i1,3660.4
10269,OA-AL2i2,3660.4
11602,OA-ASM1,3660.8
12688,OA-ASM1,3662.3
10825,OA-AL2i3,3663.2000000000003
10187,OA-VPM3,3663.2999999999997
11264,OA-ASM1,3663.7
10041,OA-VUMa1,3663.9
11608,OA-VUMa2,3664.1000000000004
10185,OA-VUMa8,3664.6
10120,OA-VPM4,3664.8
10658,OA-AL2i3,3664.9
10110,OA-VUMa1,3665.3
10799,OA-VUMa4,3665.5
10175,OA-VUMa6,3666.4
10652,OA-AL2i4,3666.4
10322,OA-AL2i2,3666.7
10687,OA-AL2i3,3667.4
10265,OA-AL2i2,3667.6
53065,Mi1,3668.2000000000003
10226,OA-AL2i3,3668.3
11921,OA-VPM4,3668.3
11005,OA-VUMa4,3669.0
10011,OA-AL2i1,3669.2
12109,OA-VUMa2,3669.3
286259,OA-ASM1,3670.0000000000005
10080,OA-VUMa3,3670.3
10072,OA-AL2i1,3670.5
12896,OA-VUMa5,3671.2000000000003
10168,OA-VUMa6,3671.5
10269,OA-AL2i2,3672.2000000000003
10677,OA-AL2i4,3672.2000000000003
10204,OA-AL2i2,3672.7000000000003
287884,OA-VPM3,3672.8
10555,OA-VUMa3,3673.5
11602,OA-ASM1,3673.6
12688,OA-ASM1,3674.6000000000004
10041,OA-VUMa1,3674.9
10825,OA-AL2i3,3675.6
10187,OA-VPM3,3675.8
11608,OA-VUMa2,3675.9
11264,OA-ASM1,3676.2000000000003
10658,OA-AL2i3,3676.8
10185,OA-VUMa8,3677.2
10110,OA-VUMa1,3677.7000000000003
10175,OA-VUMa6,3677.9
10120,OA-VPM4,3678.1
10322,OA-AL2i2,3678.2000000000003
10652,OA-AL2i4,3678.2000000000003
10799,OA-VUMa4,3678.2000000000003
10687,OA-AL2i3,3679.5
10265,OA-AL2i2,3680.2000000000003
10226,OA-AL2i3,3680.3
12109,OA-VUMa2,3680.6
11005,OA-VUMa4,3680.8
11921,OA-VPM4,3681.3
10011,OA-AL2i1,3682.7
10080,OA-VUMa3,3682.8
12896,OA-VUMa5,3682.8
10072,OA-AL2i1,3682.9
286259,OA-ASM1,3683.5
53065,Mi1,3683.7
10168,OA-VUMa6,3684.0
10269,OA-AL2i2,3684.7000000000003
10041,OA-VUMa1,3685.0
10677,OA-AL2i4,3685.3
10204,OA-AL2i2,3685.4
10555,OA-VUMa3,3686.4
11602,OA-ASM1,3686.6000000000004
12688,OA-ASM1,3686.9
287884,OA-VPM3,3687.0
10825,OA-AL2i3,3687.4
10187,OA-VPM3,3688.0
11608,OA-VUMa2,3688.0
10658,OA-AL2i3,3688.6
10110,OA-VUMa1,3688.9
10322,OA-AL2i2,3689.5
11264,OA-ASM1,3689.5
10175,OA-VUMa6,3689.9
10120,OA-VPM4,3690.2000000000003
10185,OA-VUMa8,3690.6000000000004
10652,OA-AL2i4,3691.1
10799,OA-VUMa4,3691.1
10687,OA-AL2i3,3691.5
12109,OA-VUMa2,3691.8
10226,OA-AL2i3,3692.1000000000004
11005,OA-VUMa4,3692.4
10072,OA-AL2i1,3692.6
10265,OA-AL2i2,3693.0
10011,OA-AL2i1,3694.0000000000005
12896,OA-VUMa5,3694.5
10041,OA-VUMa1,3694.6000000000004
11921,OA-VPM4,3694.8
10080,OA-VUMa3,3695.5
10168,OA-VUMa6,3696.1000000000004
286259,OA-ASM1,3696.9
10269,OA-AL2i2,3696.9
10204,OA-AL2i2,3697.7999999999997
53065,Mi1,3697.7999999999997
10677,OA-AL2i4,3697.9
11602,OA-ASM1,3698.6000000000004
10825,OA-AL2i3,3698.8
10110,OA-VUMa1,3699.1
12688,OA-ASM1,3699.1
11608,OA-VUMa2,3699.6000000000004
287884,OA-VPM3,3699.6000000000004
10555,OA-VUMa3,3699.7
10322,OA-AL2i2,3700.4
10658,OA-AL2i3,3700.4
11264,OA-ASM1,3701.1000000000004
10175,OA-VUMa6,3701.3
10187,OA-VPM3,3701.6
10185,OA-VUMa8,3703.1
10120,OA-VPM4,3703.1
10226,OA-AL2i3,3703.3
10799,OA-VUMa4,3703.4
10652,OA-AL2i4,3703.5
10072,OA-AL2i1,3703.7
12109,OA-VUMa2,3703.7
10687,OA-AL2i3,3703.9
10041,OA-VUMa1,3704.7000000000003
11005,OA-VUMa4,3705.0
10265,OA-AL2i2,3705.3
12896,OA-VUMa5,3705.6
10011,OA-AL2i1,3705.9
10168,OA-VUMa6,3707.9
10110,OA-VUMa1,3709.0
10080,OA-VUMa3,3709.1000000000004
11921,OA-VPM4,3709.2
10269,OA-AL2i2,3709.5
10825,OA-AL2i3,3710.0
10204,OA-AL2i2,3710.6000000000004
286259,OA-ASM1,3710.6000000000004
10322,OA-AL2i2,3710.8
10677,OA-AL2i4,3710.9
11608,OA-VUMa2,3711.2000000000003
12688,OA-ASM1,3711.9
287884,OA-VPM3,3712.0
11602,OA-ASM1,3712.2000000000003
53065,Mi1,3713.0
10555,OA-VUMa3,3713.1000000000004
10658,OA-AL2i3,3713.3
10072,OA-AL2i1,3713.4
11264,OA-ASM1,3714.0
12109,OA-VUMa2,3714.0
10175,OA-VUMa6,3714.1
10187,OA-VPM3,3714.7
10652,OA-AL2i4,3715.1
10226,OA-AL2i3,3715.4
10185,OA-VUMa8,3715.7
10041,OA-VUMa1,3715.8
10687,OA-AL2i3,3716.0
10120,OA-VPM4,3716.2000000000003
12896,OA-VUMa5,3717.0
11005,OA-VUMa4,3717.1000000000004
10799,OA-VUMa4,3717.2
10011,OA-AL2i1,3717.6
10265,OA-AL2i2,3718.7
10168,OA-VUMa6,3718.9
10110,OA-VUMa1,3719.6000000000004
10080,OA-VUMa3,3722.0
10269,OA-AL2i2,3722.1
11608,OA-VUMa2,3722.4
10825,OA-AL2i3,3722.8
10322,OA-AL2i2,3723.0000000000005
10072,OA-AL2i1,3723.0000000000005
10204,OA-AL2i2,3723.0000000000005
11921,OA-VPM4,3723.4
10677,OA-AL2i4,3723.9
287884,OA-VPM3,3724.3
10555,OA-VUMa3,3724.9
10175,OA-VUMa6,3725.2
11602,OA-ASM1,3725.3
12109,OA-VUMa2,3725.3
10658,OA-AL2i3,3725.5
12688,OA-ASM1,3725.5
286259,OA-ASM1,3725.6
11264,OA-ASM1,3726.9
53065,Mi1,3726.9
10041,OA-VUMa1,3727.2000000000003
10687,OA-AL2i3,3727.5
10226,OA-AL2i3,3727.7
10187,OA-VPM3,3727.7
12896,OA-VUMa5,3727.8
10185,OA-VUMa8,3728.3
10652,OA-AL2i4,3728.5000000000005
10120,OA-VPM4,3729.4
10168,OA-VUMa6,3730.4
10011,OA-AL2i1,3730.5
11005,OA-VUMa4,3730.6000000000004
10110,OA-VUMa1,3731.0000000000005
10799,OA-VUMa4,3731.1
10265,OA-AL2i2,3732.1
10072,OA-AL2i1,3733.7000000000003
11608,OA-VUMa2,3733.7000000000003
10080,OA-VUMa3,3734.4
10269,OA-AL2i2,3734.6000000000004
10322,OA-AL2i2,3734.9
10825,OA-AL2i3,3735.6000000000004
10204,OA-AL2i2,3736.2000000000003
10658,OA-AL2i3,3736.6
10677,OA-AL2i4,3736.7000000000003
10041,OA-VUMa1,3737.1000000000004
12109,OA-VUMa2,3737.3
10175,OA-VUMa6,3737.6
287884,OA-VPM3,3737.7999999999997
11921,OA-VPM4,3738.0
10555,OA-VUMa3,3738.4
10226,OA-AL2i3,3739.2000000000003
12896,OA-VUMa5,3739.3
10687,OA-AL2i3,3739.5
12688,OA-ASM1,3739.7
11602,OA-ASM1,3739.9
286259,OA-ASM1,3739.9
10185,OA-VUMa8,3740.2000000000003
10187,OA-VPM3,3740.5000000000005
11264,OA-ASM1,3740.8
53065,Mi1,3741.3
10110,OA-VUMa1,3741.7999999999997
11005,OA-VUMa4,3741.9
10652,OA-AL2i4,3742.2
10168,OA-VUMa6,3742.5
10120,OA-VPM4,3742.7000000000003
10011,OA-AL2i1,3743.0000000000005
10072,OA-AL2i1,3743.3
10799,OA-VUMa4,3744.0
11608,OA-VUMa2,3744.9
10265,OA-AL2i2,3745.2
10322,OA-AL2i2,3746.6000000000004
10269,OA-AL2i2,3747.1
10080,OA-VUMa3,3747.2000000000003
10041,OA-VUMa1,3747.8
10825,OA-AL2i3,3747.8
10658,OA-AL2i3,3747.9
10204,OA-AL2i2,3748.5000000000005
12109,OA-VUMa2,3748.7000000000003
10175,OA-VUMa6,3749.3
10677,OA-AL2i4,3749.5
10226,OA-AL2i3,3750.5
12896,OA-VUMa5,3750.9
10687,OA-AL2i3,3751.0000000000005
10185,OA-VUMa8,3752.1
10555,OA-VUMa3,3752.1
11921,OA-VPM4,3752.1
286259,OA-ASM1,3752.2000000000003
287884,OA-VPM3,3752.2000000000003
12688,OA-ASM1,3752.2999999999997
11602,OA-ASM1,3753.0
10110,OA-VUMa1,3753.1000000000004
11005,OA-VUMa4,3753.2
10187,OA-VPM3,3753.7000000000003
10168,OA-VUMa6,3753.7000000000003
10011,OA-AL2i1,3754.6000000000004
11264,OA-ASM1,3754.7000000000003
10072,OA-AL2i1,3754.8
10120,OA-VPM4,3755.1
10652,OA-AL2i4,3755.2000000000003
11608,OA-VUMa2,3755.9
10799,OA-VUMa4,3756.6
53065,Mi1,3756.7000000000003
10265,OA-AL2i2,3757.3
10322,OA-AL2i2,3757.9
10269,OA-AL2i2,3758.4
10041,OA-VUMa1,3758.5
10658,OA-AL2i3,3759.2000000000003
10080,OA-VUMa3,3759.3
12109,OA-VUMa2,3760.4
10825,OA-AL2i3,3761.0
10204,OA-AL2i2,3761.1000000000004
10175,OA-VUMa6,3761.1000000000004
10677,OA-AL2i4,3761.6
12896,OA-VUMa5,3762.0
10226,OA-AL2i3,3762.4
10687,OA-AL2i3,3763.4
10185,OA-VUMa8,3764.8
10110,OA-VUMa1,3764.9
287884,OA-VPM3,3764.9
11005,OA-VUMa4,3765.0
12688,OA-ASM1,3765.2
10168,OA-VUMa6,3765.6
286259,OA-ASM1,3765.6
11602,OA-ASM1,3765.9
10555,OA-VUMa3,3766.3
10187,OA-VPM3,3766.4
10072,OA-AL2i1,3767.1
11608,OA-VUMa2,3767.2000000000003
10011,OA-AL2i1,3767.4
10799,OA-VUMa4,3767.8
10120,OA-VPM4,3767.9
11921,OA-VPM4,3767.9
10652,OA-AL2i4,3769.0
11264,OA-ASM1,3769.2
10041,OA-VUMa1,3769.3
10265,OA-AL2i2,3769.7000000000003
10658,OA-AL2i3,3770.0
10322,OA-AL2i2,3770.2
10269,OA-AL2i2,3770.7000000000003
10080,OA-VUMa3,3771.5
12109,OA-VUMa2,3771.5
53065,Mi1,3771.6000000000004
10175,OA-VUMa6,3772.0
10825,OA-AL2i3,3773.1000000000004
12896,OA-VUMa5,3773.7000000000003
10226,OA-AL2i3,3773.8
10677,OA-AL2i4,3774.7000000000003
10204,OA-AL2i2,3774.8
10110,OA-VUMa1,3776.0
10185,OA-VUMa8,3776.5
10072,OA-AL2i1,3776.8
10687,OA-AL2i3,3776.9
12688,OA-ASM1,3777.1000000000004
11005,OA-VUMa4,3777.3
10168,OA-VUMa6,3777.4
11602,OA-ASM1,3778.3
287884,OA-VPM3,3778.3
10011,OA-AL2i1,3778.8
11608,OA-VUMa2,3779.1
286259,OA-ASM1,3779.6000000000004
10041,OA-VUMa1,3779.9
10187,OA-VPM3,3780.2000000000003
10555,OA-VUMa3,3780.2999999999997
10265,OA-AL2i2,3780.7000000000003
10120,OA-VPM4,3781.0
10658,OA-AL2i3,3781.6
10322,OA-AL2i2,3782.0
10799,OA-VUMa4,3782.5
11264,OA-ASM1,3782.7000000000003
11921,OA-VPM4,3782.8
10269,OA-AL2i2,3782.9
10652,OA-AL2i4,3783.3
10175,OA-VUMa6,3783.6000000000004
12109,OA-VUMa2,3784.0
10825,OA-AL2i3,3784.9
12896,OA-VUMa5,3785.1000000000004
10226,OA-AL2i3,3785.6
10080,OA-VUMa3,3786.1000000000004
10072,OA-AL2i1,3786.4
10110,OA-VUMa1,3786.5
53065,Mi1,3786.5
10204,OA-AL2i2,3787.3
10677,OA-AL2i4,3787.7
10185,OA-VUMa8,3788.7000000000003
10687,OA-AL2i3,3788.7000000000003
10168,OA-VUMa6,3789.2
12688,OA-ASM1,3789.4
11005,OA-VUMa4,3789.9
10041,OA-VUMa1,3790.2
10011,OA-AL2i1,3790.9
11602,OA-ASM1,3790.9
11608,OA-VUMa2,3791.3
287884,OA-VPM3,3791.9
10187,OA-VPM3,3792.2000000000003
286259,OA-ASM1,3792.6
10322,OA-AL2i2,3793.1000000000004
10265,OA-AL2i2,3793.5000000000005
10555,OA-VUMa3,3793.7000000000003
10120,OA-VPM4,3794.4
10658,OA-AL2i3,3794.5
10175,OA-VUMa6,3795.4
10269,OA-AL2i2,3795.8
12109,OA-VUMa2,3795.8
11264,OA-ASM1,3796.0
10072,OA-AL2i1,3796.1
10799,OA-VUMa4,3796.4
11921,OA-VPM4,3796.7
10110,OA-VUMa1,3797.0
10652,OA-AL2i4,3797.2000000000003
10825,OA-AL2i3,3797.2000000000003
12896,OA-VUMa5,3797.7000000000003
10226,OA-AL2i3,3798.5
10080,OA-VUMa3,3798.7000000000003
10204,OA-AL2i2,3800.1
10677,OA-AL2i4,3800.5
10185,OA-VUMa8,3800.7
10041,OA-VUMa1,3800.7
10168,OA-VUMa6,3800.9
10687,OA-AL2i3,3801.4
53065,Mi1,3801.8
12688,OA-ASM1,3801.9
11005,OA-VUMa4,3802.0
10011,OA-AL2i1,3803.7
11608,OA-VUMa2,3803.8
11602,OA-ASM1,3804.2000000000003
10322,OA-AL2i2,3804.4
287884,OA-VPM3,3804.4
10187,OA-VPM3,3804.9
10072,OA-AL2i1,3805.9
10265,OA-AL2i2,3806.1000000000004
10658,OA-AL2i3,3806.2
286259,OA-ASM1,3806.6
12109,OA-VUMa2,3807.2000000000003
10175,OA-VUMa6,3807.3
10120,OA-VPM4,3807.5
10555,OA-VUMa3,3807.8
10269,OA-AL2i2,3808.6
10110,OA-VUMa1,3808.7
12896,OA-VUMa5,3809.4
10799,OA-VUMa4,3809.5000000000005
11264,OA-ASM1,3809.9
11921,OA-VPM4,3810.2
10226,OA-AL2i3,3810.3
10825,OA-AL2i3,3810.3
10652,OA-AL2i4,3811.4
10041,OA-VUMa1,3811.5
10080,OA-VUMa3,3811.8
10168,OA-VUMa6,3812.0
10204,OA-AL2i2,3812.9000000000005
10677,OA-AL2i4,3813.7000000000003
10185,OA-VUMa8,3813.9
11005,OA-VUMa4,3814.0
10687,OA-AL2i3,3814.3
10011,OA-AL2i1,3815.4
12688,OA-ASM1,3815.5
10322,OA-AL2i2,3815.7
11608,OA-VUMa2,3815.8
10072,OA-AL2i1,3816.0
11602,OA-ASM1,3816.6
287884,OA-VPM3,3816.9000000000005
10658,OA-AL2i3,3817.2000000000003
53065,Mi1,3817.3
10187,OA-VPM3,3817.6
12109,OA-VUMa2,3818.2
10175,OA-VUMa6,3818.5
10265,OA-AL2i2,3818.5
10110,OA-VUMa1,3819.4
286259,OA-ASM1,3819.6000000000004
10120,OA-VPM4,3819.7
10269,OA-AL2i2,3820.7
12896,OA-VUMa5,3820.7
10555,OA-VUMa3,3821.1000000000004
10226,OA-AL2i3,3821.5000000000005
10041,OA-VUMa1,3823.0000000000005
10799,OA-VUMa4,3823.0000000000005
10168,OA-VUMa6,3823.2000000000003
10652,OA-AL2i4,3823.3
11264,OA-ASM1,3823.5
10825,OA-AL2i3,3824.0
11921,OA-VPM4,3824.6000000000004
10080,OA-VUMa3,3824.9
10072,OA-AL2i1,3825.9
35405,Mi1,3825.9
10185,OA-VUMa8,3826.1000000000004
11005,OA-VUMa4,3826.5
10204,OA-AL2i2,3826.5
10687,OA-AL2i3,3826.6
10677,OA-AL2i4,3827.4
11608,OA-VUMa2,3827.8
12688,OA-ASM1,3828.0
10011,OA-AL2i1,3828.3
10322,OA-AL2i2,3828.5
11602,OA-ASM1,3828.7
10658,OA-AL2i3,3829.3
12109,OA-VUMa2,3829.8
10110,OA-VUMa1,3830.1000000000004
10265,OA-AL2i2,3830.3
287884,OA-VPM3,3830.3
10187,OA-VPM3,3830.6
10175,OA-VUMa6,3830.7999999999997
10120,OA-VPM4,3832.1
53065,Mi1,3832.2000000000003
12896,OA-VUMa5,3832.4
10269,OA-AL2i2,3832.9
10226,OA-AL2i3,3833.3
10041,OA-VUMa1,3833.7000000000003
10555,OA-VUMa3,3834.0
286259,OA-ASM1,3834.0
10168,OA-VUMa6,3834.5
10799,OA-VUMa4,3834.6
36252,Mi1,3834.9
10072,OA-AL2i1,3835.1
34849,Mi1,3835.1
10652,OA-AL2i4,3836.2000000000003
10825,OA-AL2i3,3836.3
11264,OA-ASM1,3836.4
11921,OA-VPM4,3838.0
10080,OA-VUMa3,3838.1000000000004
10185,OA-VUMa8,3838.4
10687,OA-AL2i3,3838.6
11608,OA-VUMa2,3838.7999999999997
11005,OA-VUMa4,3839.1
12688,OA-ASM1,3839.9
10011,OA-AL2i1,3840.0
10204,OA-AL2i2,3840.0
10677,OA-AL2i4,3840.5
12109,OA-VUMa2,3840.8
10658,OA-AL2i3,3840.9
10110,OA-VUMa1,3841.2000000000003
10322,OA-AL2i2,3841.2000000000003
11602,OA-ASM1,3842.4
10175,OA-VUMa6,3842.7000000000003
10265,OA-AL2i2,3843.3
287884,OA-VPM3,3843.5
12896,OA-VUMa5,3843.7
10041,OA-VUMa1,3843.9
10187,OA-VPM3,3844.2000000000003
10226,OA-AL2i3,3844.6000000000004
10072,OA-AL2i1,3844.7
10269,OA-AL2i2,3845.1
10120,OA-VPM4,3845.6
10168,OA-VUMa6,3846.0
10555,OA-VUMa3,3846.9
34057,Mi1,3847.8
286259,OA-ASM1,3847.9
53065,Mi1,3848.3
10799,OA-VUMa4,3848.4
10825,OA-AL2i3,3848.6000000000004
11264,OA-ASM1,3848.8
10652,OA-AL2i4,3849.7000000000003
11608,OA-VUMa2,3850.3
10185,OA-VUMa8,3850.9
10687,OA-AL2i3,3851.2000000000003
10110,OA-VUMa1,3851.4
10080,OA-VUMa3,3851.4
10011,OA-AL2i1,3851.7
11005,OA-VUMa4,3851.8
12688,OA-ASM1,3851.8
10658,OA-AL2i3,3852.0000000000005
11921,OA-VPM4,3852.2000000000003
12109,OA-VUMa2,3852.2000000000003
10322,OA-AL2i2,3852.5
10175,OA-VUMa6,3853.5000000000005
10204,OA-AL2i2,3853.6
10677,OA-AL2i4,3853.7000000000003
12896,OA-VUMa5,3854.5
10072,OA-AL2i1,3854.6
10041,OA-VUMa1,3855.0
11602,OA-ASM1,3855.6000000000004
287884,OA-VPM3,3855.6000000000004
10265,OA-AL2i2,3856.0000000000005
10226,OA-AL2i3,3856.4
10269,OA-AL2i2,3857.3
35405,Mi1,3857.4
10168,OA-VUMa6,3858.0
10187,OA-VPM3,3858.1000000000004
10120,OA-VPM4,3858.6
10555,OA-VUMa3,3859.4
286259,OA-ASM1,3860.6000000000004
10825,OA-AL2i3,3861.1
10652,OA-AL2i4,3861.6
10799,OA-VUMa4,3861.7000000000003
11608,OA-VUMa2,3861.9
11264,OA-ASM1,3862.3
10110,OA-VUMa1,3862.4
53065,Mi1,3862.9
10185,OA-VUMa8,3863.1
10687,OA-AL2i3,3863.3
12109,OA-VUMa2,3863.4
10011,OA-AL2i1,3863.8
10658,OA-AL2i3,3864.0000000000005
10080,OA-VUMa3,3864.4
12688,OA-ASM1,3864.4
11005,OA-VUMa4,3864.5
34849,Mi1,3864.6000000000004
10072,OA-AL2i1,3865.0
10175,OA-VUMa6,3865.1
10322,OA-AL2i2,3865.4
10041,OA-VUMa1,3865.6
10677,OA-AL2i4,3865.9
10204,OA-AL2i2,3866.5
12896,OA-VUMa5,3866.5
36252,Mi1,3866.9
11921,OA-VPM4,3867.3
10265,OA-AL2i2,3867.8
287884,OA-VPM3,3867.9
11602,OA-ASM1,3868.4
10226,OA-AL2i3,3868.5
10168,OA-VUMa6,3868.6000000000004
10269,OA-AL2i2,3869.1
10187,OA-VPM3,3870.4
10120,OA-VPM4,3871.2
10825,OA-AL2i3,3872.9
10110,OA-VUMa1,3873.2999999999997
11608,OA-VUMa2,3873.6
10555,OA-VUMa3,3873.6
286259,OA-ASM1,3874.4
10652,OA-AL2i4,3874.5
11264,OA-ASM1,3874.7000000000003
12109,OA-VUMa2,3874.7000000000003
10185,OA-VUMa8,3874.9
10687,OA-AL2i3,3875.1
10799,OA-VUMa4,3875.4000000000005
10011,OA-AL2i1,3875.6000000000004
10658,OA-AL2i3,3876.1
11005,OA-VUMa4,3876.3
10041,OA-VUMa1,3876.6000000000004
10175,OA-VUMa6,3876.6000000000004
12688,OA-ASM1,3877.2999999999997
10072,OA-AL2i1,3877.4
53065,Mi1,3877.4
10080,OA-VUMa3,3877.5000000000005
34057,Mi1,3877.7000000000003
12896,OA-VUMa5,3877.8
10322,OA-AL2i2,3879.0
10677,OA-AL2i4,3879.2
10226,OA-AL2i3,3879.9
10168,OA-VUMa6,3880.5
10204,OA-AL2i2,3880.9
10265,OA-AL2i2,3880.9
10269,OA-AL2i2,3881.2999999999997
11602,OA-ASM1,3881.5000000000005
11921,OA-VPM4,3881.8
287884,OA-VPM3,3882.1000000000004
35405,Mi1,3882.7999999999997
10187,OA-VPM3,3883.4000000000005
10110,OA-VUMa1,3883.8
10120,OA-VPM4,3884.6000000000004
11608,OA-VUMa2,3884.6000000000004
10825,OA-AL2i3,3886.0
34849,Mi1,3886.0
10555,OA-VUMa3,3886.4
12109,OA-VUMa2,3886.4
10011,OA-AL2i1,3887.2
10652,OA-AL2i4,3887.5
10687,OA-AL2i3,3887.6000000000004
10185,OA-VUMa8,3887.7000000000003
286259,OA-ASM1,3887.7000000000003
11264,OA-ASM1,3887.8
10175,OA-VUMa6,3888.4
10041,OA-VUMa1,3888.5
12896,OA-VUMa5,3888.8
10658,OA-AL2i3,3889.1
11005,OA-VUMa4,3889.1
10799,OA-VUMa4,3889.6
10072,OA-AL2i1,3889.8
10080,OA-VUMa3,3889.9
36252,Mi1,3890.0
12688,OA-ASM1,3890.2
10322,OA-AL2i2,3890.9
10168,OA-VUMa6,3891.9
10226,OA-AL2i3,3892.0000000000005
10677,OA-AL2i4,3892.2000000000003
53065,Mi1,3892.4
10269,OA-AL2i2,3893.2999999999997
10110,OA-VUMa1,3894.3
10204,OA-AL2i2,3894.6
11602,OA-ASM1,3894.7000000000003
10265,OA-AL2i2,3894.9
287884,OA-VPM3,3895.3
11608,OA-VUMa2,3895.4
11921,OA-VPM4,3897.4
10187,OA-VPM3,3898.4
12109,OA-VUMa2,3898.4
10825,OA-AL2i3,3898.5
10555,OA-VUMa3,3898.6
10120,OA-VPM4,3898.8
10011,OA-AL2i1,3899.1000000000004
10041,OA-VUMa1,3899.1000000000004
10652,OA-AL2i4,3900.3
12896,OA-VUMa5,3900.4
10175,OA-VUMa6,3900.6000000000004
10185,OA-VUMa8,3900.7
11264,OA-ASM1,3900.9
10687,OA-AL2i3,3901.0
286259,OA-ASM1,3901.7000000000003
10658,OA-AL2i3,3902.2
10080,OA-VUMa3,3902.5
34057,Mi1,3902.5
10072,OA-AL2i1,3902.6
11005,OA-VUMa4,3902.6
10799,OA-VUMa4,3903.1000000000004
35405,Mi1,3903.2
12688,OA-ASM1,3903.3
10226,OA-AL2i3,3903.5
10168,OA-VUMa6,3903.6000000000004
10322,OA-AL2i2,3903.8
10110,OA-VUMa1,3905.5
10677,OA-AL2i4,3906.0
10269,OA-AL2i2,3906.3
11608,OA-VUMa2,3906.5
11602,OA-ASM1,3907.0
53065,Mi1,3907.4
10265,OA-AL2i2,3908.0000000000005
287884,OA-VPM3,3908.1
10204,OA-AL2i2,3908.8
34849,Mi1,3909.2000000000003
10011,OA-AL2i1,3910.0
12109,OA-VUMa2,3910.1000000000004
10041,OA-VUMa1,3910.4
36252,Mi1,3910.6
10825,OA-AL2i3,3910.9
10187,OA-VPM3,3911.3
11921,OA-VPM4,3911.9
10555,OA-VUMa3,3912.2000000000003
12896,OA-VUMa5,3912.2000000000003
10175,OA-VUMa6,3912.6000000000004
10120,OA-VPM4,3912.8
10652,OA-AL2i4,3913.1
10687,OA-AL2i3,3913.6
10185,OA-VUMa8,3913.7000000000003
11005,OA-VUMa4,3913.9
10658,OA-AL2i3,3914.2
11264,OA-ASM1,3914.2
10080,OA-VUMa3,3914.9
10168,OA-VUMa6,3915.1000000000004
10072,OA-AL2i1,3915.3
286259,OA-ASM1,3916.3
10110,OA-VUMa1,3916.4
10226,OA-AL2i3,3916.4
10799,OA-VUMa4,3916.5
10322,OA-AL2i2,3916.7
12688,OA-ASM1,3917.1
11608,OA-VUMa2,3917.7000000000003
10269,OA-AL2i2,3918.0
11602,OA-ASM1,3919.0
10677,OA-AL2i4,3919.4
10265,OA-AL2i2,3920.3
10041,OA-VUMa1,3920.8
34057,Mi1,3920.9
287884,OA-VPM3,3921.1
10011,OA-AL2i1,3921.6
10204,OA-AL2i2,3922.0
12109,OA-VUMa2,3922.0
53065,Mi1,3922.7000000000003
35405,Mi1,3922.7000000000003
12896,OA-VUMa5,3923.2
10825,OA-AL2i3,3923.9
10175,OA-VUMa6,3924.4
10555,OA-VUMa3,3924.9
10187,OA-VPM3,3925.2000000000003
10658,OA-AL2i3,3925.8
10652,OA-AL2i4,3925.8
11921,OA-VPM4,3925.9
10185,OA-VUMa8,3926.2000000000003
10120,OA-VPM4,3926.7000000000003
10168,OA-VUMa6,3927.1000000000004
10687,OA-AL2i3,3927.1000000000004
11005,OA-VUMa4,3927.2
10072,OA-AL2i1,3927.4
10110,OA-VUMa1,3927.6
10226,OA-AL2i3,3927.6
11264,OA-ASM1,3928.4
10799,OA-VUMa4,3928.5
10322,OA-AL2i2,3928.7
10080,OA-VUMa3,3929.0
34849,Mi1,3929.0
11608,OA-VUMa2,3929.6
12688,OA-ASM1,3929.7
286259,OA-ASM1,3930.2000000000003
10269,OA-AL2i2,3930.3
11602,OA-ASM1,3930.4
36252,Mi1,3930.7000000000003
10041,OA-VUMa1,3931.5
10677,OA-AL2i4,3932.2000000000003
10265,OA-AL2i2,3932.6000000000004
12109,OA-VUMa2,3933.2000000000003
10011,OA-AL2i1,3933.4
287884,OA-VPM3,3934.6
10204,OA-AL2i2,3935.5
12896,OA-VUMa5,3935.7000000000003
53065,Mi1,3935.8
10175,OA-VUMa6,3936.1
10825,OA-AL2i3,3937.1
10658,OA-AL2i3,3937.5
10185,OA-VUMa8,3937.7
10168,OA-VUMa6,3938.1000000000004
10187,OA-VPM3,3938.3
11005,OA-VUMa4,3938.5000000000005
10555,OA-VUMa3,3938.8
10072,OA-AL2i1,3939.2
34057,Mi1,3939.5
10652,OA-AL2i4,3939.7000000000003
11921,OA-VPM4,3939.7000000000003
10110,OA-VUMa1,3939.7999999999997
10687,OA-AL2i3,3939.9
10226,OA-AL2i3,3940.5
10120,OA-VPM4,3940.7
35405,Mi1,3940.7
10080,OA-VUMa3,3941.5
11608,OA-VUMa2,3941.5
10041,OA-VUMa1,3941.9000000000005
10799,OA-VUMa4,3941.9000000000005
10269,OA-AL2i2,3942.0
10322,OA-AL2i2,3942.2000000000003
12688,OA-ASM1,3942.7000000000003
11602,OA-ASM1,3942.8
11264,OA-ASM1,3943.7999999999997
10677,OA-AL2i4,3944.4
10265,OA-AL2i2,3944.6000000000004
12109,OA-VUMa2,3944.9
286259,OA-ASM1,3944.9
10011,OA-AL2i1,3945.1
10175,OA-VUMa6,3947.1000000000004
287884,OA-VPM3,3947.2
12896,OA-VUMa5,3947.3
34849,Mi1,3947.9
36252,Mi1,3948.8
10204,OA-AL2i2,3949.0
10658,OA-AL2i3,3949.2000000000003
10185,OA-VUMa8,3949.5
10110,OA-VUMa1,3950.1000000000004
11005,OA-VUMa4,3950.1000000000004
53065,Mi1,3950.2000000000003
10168,OA-VUMa6,3950.2000000000003
10825,OA-AL2i3,3950.4
10072,OA-AL2i1,3950.7000000000003
10187,OA-VPM3,3950.8
10555,OA-VUMa3,3951.5
10687,OA-AL2i3,3951.6
10120,OA-VPM4,3951.9
11608,OA-VUMa2,3952.4
10041,OA-VUMa1,3952.6000000000004
10226,OA-AL2i3,3952.8
10652,OA-AL2i4,3952.8
10080,OA-VUMa3,3953.4
10322,OA-AL2i2,3954.5000000000005
10269,OA-AL2i2,3954.7000000000003
11921,OA-VPM4,3955.0
10799,OA-VUMa4,3955.5
12688,OA-ASM1,3955.7000000000003
11602,OA-ASM1,3955.9
12109,OA-VUMa2,3955.9
10011,OA-AL2i1,3956.5
11264,OA-ASM1,3956.9
10677,OA-AL2i4,3957.3
10265,OA-AL2i2,3957.6000000000004
34057,Mi1,3957.7
35405,Mi1,3958.4
12896,OA-VUMa5,3958.4
10175,OA-VUMa6,3958.5000000000005
286259,OA-ASM1,3958.5000000000005
287884,OA-VPM3,3959.7000000000003
10658,OA-AL2i3,3960.5
10204,OA-AL2i2,3960.8
10168,OA-VUMa6,3961.4
10110,OA-VUMa1,3961.4
10185,OA-VUMa8,3961.7
11005,OA-VUMa4,3962.1000000000004
34849,Mi1,3962.8
10072,OA-AL2i1,3962.9
10041,OA-VUMa1,3963.4
10825,OA-AL2i3,3963.4
10687,OA-AL2i3,3963.6
10187,OA-VPM3,3963.7000000000003
11608,OA-VUMa2,3963.9
10226,OA-AL2i3,3964.3
10080,OA-VUMa3,3964.7
10120,OA-VPM4,3964.9
53065,Mi1,3965.4
10555,OA-VUMa3,3965.5
10322,OA-AL2i2,3965.8
36252,Mi1,3965.9
10652,OA-AL2i4,3966.1000000000004
12109,OA-VUMa2,3967.5
10269,OA-AL2i2,3967.7000000000003
10011,OA-AL2i1,3967.7999999999997
10799,OA-VUMa4,3968.0
12688,OA-ASM1,3968.0
11921,OA-VPM4,3968.1
11602,OA-ASM1,3969.1
12896,OA-VUMa5,3969.6000000000004
10265,OA-AL2i2,3969.7
10677,OA-AL2i4,3970.0
10175,OA-VUMa6,3970.4
11264,OA-ASM1,3970.6
10658,OA-AL2i3,3972.1
10204,OA-AL2i2,3972.9
287884,OA-VPM3,3972.9
10110,OA-VUMa1,3973.0
11005,OA-VUMa4,3973.4
286259,OA-ASM1,3973.4
10168,OA-VUMa6,3973.8
35405,Mi1,3974.0
10041,OA-VUMa1,3974.2000000000003
10185,OA-VUMa8,3974.5000000000005
11608,OA-VUMa2,3975.3
10226,OA-AL2i3,3975.7000000000003
34057,Mi1,3975.7000000000003
10187,OA-VPM3,3976.0
10687,OA-AL2i3,3976.0
10072,OA-AL2i1,3976.3
10825,OA-AL2i3,3977.1
10322,OA-AL2i2,3977.5
10120,OA-VPM4,3977.7
10080,OA-VUMa3,3978.1
10555,OA-VUMa3,3978.3
10652,OA-AL2i4,3978.6
10011,OA-AL2i1,3978.9
12109,OA-VUMa2,3979.2
34849,Mi1,3979.4
53065,Mi1,3980.1
10269,OA-AL2i2,3980.3
12688,OA-ASM1,3980.5
10799,OA-VUMa4,3980.8
36252,Mi1,3981.1
12896,OA-VUMa5,3981.7
11602,OA-ASM1,3981.9
10175,OA-VUMa6,3982.0
11921,OA-VPM4,3982.6
10677,OA-AL2i4,3982.7000000000003
10265,OA-AL2i2,3982.9
10110,OA-VUMa1,3983.0
10658,OA-AL2i3,3983.5
11264,OA-ASM1,3984.0
10204,OA-AL2i2,3985.5
11005,OA-VUMa4,3985.7
287884,OA-VPM3,3985.8
10041,OA-VUMa1,3986.1
10168,OA-VUMa6,3986.4
11608,OA-VUMa2,3986.5000000000005
286259,OA-ASM1,3987.0
10072,OA-AL2i1,3987.1000000000004
10226,OA-AL2i3,3987.1000000000004
10185,OA-VUMa8,3987.2
10687,OA-AL2i3,3988.1
10187,OA-VPM3,3988.8
10322,OA-AL2i2,3989.0000000000005
10120,OA-VPM4,3989.6000000000004
10011,OA-AL2i1,3989.7
10825,OA-AL2i3,3989.7
35405,Mi1,3989.9
12109,OA-VUMa2,3990.7000000000003
10555,OA-VUMa3,3991.3
10652,OA-AL2i4,3991.5
10080,OA-VUMa3,3992.1
34057,Mi1,3992.8
10269,OA-AL2i2,3993.0000000000005
10175,OA-VUMa6,3993.1
53065,Mi1,3993.2000000000003
12896,OA-VUMa5,3993.4
10799,OA-VUMa4,3993.5
12688,OA-ASM1,3993.6000000000004
10110,OA-VUMa1,3994.3
11602,OA-ASM1,3994.4
10265,OA-AL2i2,3994.6
10677,OA-AL2i4,3995.5
10658,OA-AL2i3,3995.9
34849,Mi1,3996.1
10041,OA-VUMa1,3996.6000000000004
11264,OA-ASM1,3996.7000000000003
11921,OA-VPM4,3997.0000000000005
10168,OA-VUMa6,3997.2000000000003
36252,Mi1,3997.9
10072,OA-AL2i1,3997.9
10204,OA-AL2i2,3998.1
11005,OA-VUMa4,3998.2000000000003
287884,OA-VPM3,3998.5000000000005
11608,OA-VUMa2,3998.8
10226,OA-AL2i3,3999.1000000000004
286259,OA-ASM1,3999.4
10687,OA-AL2i3,3999.5
10185,OA-VUMa8,3999.9
10187,OA-VPM3,4001.7000000000003
10322,OA-AL2i2,4001.8
10011,OA-AL2i1,4002.1000000000004
10120,OA-VPM4,4002.2999999999997
10825,OA-AL2i3,4003.2000000000003
12109,OA-VUMa2,4003.7000000000003
10555,OA-VUMa3,4004.1
10080,OA-VUMa3,4004.2999999999997
10175,OA-VUMa6,4004.6
10652,OA-AL2i4,4004.9
10799,OA-VUMa4,4005.1000000000004
12896,OA-VUMa5,4005.1000000000004
10110,OA-VUMa1,4005.2000000000003
35405,Mi1,4005.5000000000005
10269,OA-AL2i2,4005.6000000000004
12688,OA-ASM1,4006.4
10658,OA-AL2i3,4007.0000000000005
53065,Mi1,4007.2
10041,OA-VUMa1,4007.4000000000005
34057,Mi1,4007.8
10265,OA-AL2i2,4007.9
11602,OA-ASM1,4008.3
10677,OA-AL2i4,4008.4
10168,OA-VUMa6,4009.2
11264,OA-ASM1,4009.3000000000006
11921,OA-VPM4,4009.4
11005,OA-VUMa4,4009.8
11608,OA-VUMa2,4010.2999999999997
10072,OA-AL2i1,4010.7
10226,OA-AL2i3,4010.8000000000006
10204,OA-AL2i2,4011.1
287884,OA-VPM3,4011.3
10687,OA-AL2i3,4011.7000000000003
34849,Mi1,4011.8999999999996
286259,OA-ASM1,4012.7000000000007
10185,OA-VUMa8,4012.9
10322,OA-AL2i2,4013.7
10011,OA-AL2i1,4013.7999999999997
36252,Mi1,4013.7999999999997
10120,OA-VPM4,4014.6000000000004
10187,OA-VPM3,4014.6000000000004
12109,OA-VUMa2,4015.7
10175,OA-VUMa6,4016.5000000000005
10110,OA-VUMa1,4017.0000000000005
10555,OA-VUMa3,4017.0000000000005
10825,OA-AL2i3,4017.0000000000005
10658,OA-AL2i3,4017.4
10799,OA-VUMa4,4017.5
12896,OA-VUMa5,4017.6
10080,OA-VUMa3,4018.1000000000004
10652,OA-AL2i4,4018.1000000000004
10041,OA-VUMa1,4018.2000000000003
10269,OA-AL2i2,4018.3999999999996
12688,OA-ASM1,4020.1000000000004
10265,OA-AL2i2,4020.5
10168,OA-VUMa6,4020.8
10677,OA-AL2i4,4021.2000000000003
11005,OA-VUMa4,4021.3
35405,Mi1,4021.3
11602,OA-ASM1,4021.7999999999997
11608,OA-VUMa2,4022.0
10072,OA-AL2i1,4022.0
10226,OA-AL2i3,4022.4
53065,Mi1,4022.5
34057,Mi1,4022.6000000000004
11921,OA-VPM4,4022.8
11264,OA-ASM1,4023.2999999999997
287884,OA-VPM3,4023.7
10687,OA-AL2i3,4023.8
10204,OA-AL2i2,4024.2000000000003
10011,OA-AL2i1,4024.6000000000004
10185,OA-VUMa8,4025.4
10120,OA-VPM4,4025.5
10322,OA-AL2i2,4025.8
286259,OA-ASM1,4025.9999999999995
12109,OA-VUMa2,4026.7
34849,Mi1,4027.1
10187,OA-VPM3,4027.6000000000004
10110,OA-VUMa1,4027.7000000000003
10175,OA-VUMa6,4027.8999999999996
36252,Mi1,4027.8999999999996
10555,OA-VUMa3,4028.4000000000005
12896,OA-VUMa5,4028.8
10658,OA-AL2i3,4029.2000000000003
10041,OA-VUMa1,4029.9000000000005
10269,OA-AL2i2,4030.1
10825,OA-AL2i3,4030.3
10799,OA-VUMa4,4030.8
10652,OA-AL2i4,4031.1000000000004
10168,OA-VUMa6,4031.9
12688,OA-ASM1,4032.0
10080,OA-VUMa3,4032.4999999999995
11005,OA-VUMa4,4032.7999999999997
10265,OA-AL2i2,4032.9000000000005
11608,OA-VUMa2,4033.4
10677,OA-AL2i4,4033.9999999999995
11602,OA-ASM1,4034.5000000000005
10072,OA-AL2i1,4034.7
10226,OA-AL2i3,4035.1
10011,OA-AL2i1,4035.6000000000004
10687,OA-AL2i3,4035.6000000000004
11921,OA-VPM4,4035.8999999999996
10204,OA-AL2i2,4036.2999999999997
287884,OA-VPM3,4036.4000000000005
11264,OA-ASM1,4036.6
53065,Mi1,4036.6
10185,OA-VUMa8,4037.0
10120,OA-VPM4,4037.5000000000005
12109,OA-VUMa2,4037.6000000000004
10322,OA-AL2i2,4037.9000000000005
10110,OA-VUMa1,4038.2
34057,Mi1,4038.4
35405,Mi1,4038.6000000000004
286259,OA-ASM1,4038.8999999999996
12896,OA-VUMa5,4039.8000000000006
10175,OA-VUMa6,4039.9
10187,OA-VPM3,4039.9
10041,OA-VUMa1,4040.1
10658,OA-AL2i3,4040.4999999999995
10555,OA-VUMa3,4040.9000000000005
34849,Mi1,4041.2
36252,Mi1,4042.3999999999996
10269,OA-AL2i2,4042.8000000000006
10168,OA-VUMa6,4043.0
10799,OA-VUMa4,4043.2000000000003
10825,OA-AL2i3,4043.4
10652,OA-AL2i4,4043.8999999999996
11005,OA-VUMa4,4044.7000000000007
11608,OA-VUMa2,4044.7000000000007
10072,OA-AL2i1,4045.0
10080,OA-VUMa3,4045.3999999999996
12688,OA-ASM1,4045.6000000000004
10265,OA-AL2i2,4046.0
10226,OA-AL2i3,4046.7000000000003
10011,OA-AL2i1,4046.8999999999996
11602,OA-ASM1,4046.8999999999996
10687,OA-AL2i3,4047.2999999999997
10677,OA-AL2i4,4047.4000000000005
12109,OA-VUMa2,4048.3
287884,OA-VPM3,4048.4
10110,OA-VUMa1,4049.1
10120,OA-VPM4,4049.1
10204,OA-AL2i2,4049.5
11921,OA-VPM4,4049.7000000000003
10322,OA-AL2i2,4049.8
11264,OA-ASM1,4049.9
10185,OA-VUMa8,4050.1000000000004
53065,Mi1,4051.3
10041,OA-VUMa1,4051.3
10175,OA-VUMa6,4051.4
12896,OA-VUMa5,4051.4
10658,OA-AL2i3,4051.5
10187,OA-VPM3,4051.7000000000003
286259,OA-ASM1,4051.8999999999996
35405,Mi1,4053.0
10168,OA-VUMa6,4054.0
34057,Mi1,4054.0
10269,OA-AL2i2,4054.4
10555,OA-VUMa3,4054.8
10799,OA-VUMa4,4055.2999999999997
10825,OA-AL2i3,4055.5000000000005
10652,OA-AL2i4,4056.1
34849,Mi1,4056.2000000000003
11005,OA-VUMa4,4056.4
11608,OA-VUMa2,4056.4
10226,OA-AL2i3,4057.9999999999995
10072,OA-AL2i1,4058.1000000000004
36252,Mi1,4058.1000000000004
12688,OA-ASM1,4058.3999999999996
10265,OA-AL2i2,4058.5000000000005
10080,OA-VUMa3,4058.6
10011,OA-AL2i1,4058.7
10687,OA-AL2i3,4058.7
11602,OA-ASM1,4059.0
10677,OA-AL2i4,4060.0000000000005
12109,OA-VUMa2,4060.0000000000005
10110,OA-VUMa1,4060.2999999999997
10322,OA-AL2i2,4061.7999999999997
10185,OA-VUMa8,4062.0
287884,OA-VPM3,4062.1
10120,OA-VPM4,4062.3
10204,OA-AL2i2,4062.4
10041,OA-VUMa1,4062.4
12896,OA-VUMa5,4062.8
11264,OA-ASM1,4063.9
10658,OA-AL2i3,4064.0
11921,OA-VPM4,4064.2000000000003
10187,OA-VPM3,4064.4999999999995
10175,OA-VUMa6,4064.7999999999997
286259,OA-ASM1,4065.4
10168,OA-VUMa6,4065.4
53065,Mi1,4065.6
10269,OA-AL2i2,4065.9999999999995
10825,OA-AL2i3,4067.4
11608,OA-VUMa2,4067.7000000000003
35405,Mi1,4067.7000000000003
10555,OA-VUMa3,4067.8999999999996
10799,OA-VUMa4,4067.8999999999996
11005,OA-VUMa4,4068.4000000000005
34057,Mi1,4069.1000000000004
10226,OA-AL2i3,4069.3
10652,OA-AL2i4,4069.9000000000005
10687,OA-AL2i3,4070.0
10011,OA-AL2i1,4070.2
10072,OA-AL2i1,4070.2
10080,OA-VUMa3,4070.5
10110,OA-VUMa1,4070.6
10265,OA-AL2i2,4070.9
11602,OA-ASM1,4071.0000000000005
12109,OA-VUMa2,4071.5000000000005
12688,OA-ASM1,4071.5000000000005
34849,Mi1,4071.8000000000006
10041,OA-VUMa1,4073.1
12896,OA-VUMa5,4073.3000000000006
36252,Mi1,4073.5
10677,OA-AL2i4,4073.7000000000003
10120,OA-VPM4,4074.3999999999996
10322,OA-AL2i2,4074.5000000000005
10185,OA-VUMa8,4074.9000000000005
10658,OA-AL2i3,4074.9000000000005
10204,OA-AL2i2,4075.0
10175,OA-VUMa6,4075.6000000000004
10168,OA-VUMa6,4076.4000000000005
11264,OA-ASM1,4076.6
287884,OA-VPM3,4076.9
10187,OA-VPM3,4077.0
10269,OA-AL2i2,4077.6000000000004
11921,OA-VPM4,4078.2
286259,OA-ASM1,4078.2
11608,OA-VUMa2,4079.2000000000003
53065,Mi1,4079.4000000000005
10825,OA-AL2i3,4080.0
11005,OA-VUMa4,4080.2000000000003
10110,OA-VUMa1,4080.7000000000003
10799,OA-VUMa4,4080.7999999999997
10555,OA-VUMa3,4081.3000000000006
10226,OA-AL2i3,4081.4
10011,OA-AL2i1,4081.9999999999995
10072,OA-AL2i1,4082.3
10687,OA-AL2i3,4082.3
35405,Mi1,4082.7
10652,OA-AL2i4,4082.7999999999997
12109,OA-VUMa2,4082.9000000000005
10080,OA-VUMa3,4083.3
11602,OA-ASM1,4083.7000000000003
10265,OA-AL2i2,4083.8
34057,Mi1,4083.8999999999996
10041,OA-VUMa1,4084.6
12688,OA-ASM1,4085.3
12896,OA-VUMa5,4085.3999999999996
10120,OA-VPM4,4085.7999999999997
10677,OA-AL2i4,4086.1
10185,OA-VUMa8,4086.1
10175,OA-VUMa6,4086.7000000000003
10658,OA-AL2i3,4087.1000000000004
10322,OA-AL2i2,4087.5000000000005
34849,Mi1,4087.5000000000005
10204,OA-AL2i2,4087.7
10168,OA-VUMa6,4088.0
36252,Mi1,4088.1
10187,OA-VPM3,4089.8
11264,OA-ASM1,4090.2000000000003
10269,OA-AL2i2,4090.3
287884,OA-VPM3,4090.7
11608,OA-VUMa2,4091.0
286259,OA-ASM1,4091.3
11005,OA-VUMa4,4091.6000000000004
10110,OA-VUMa1,4092.0000000000005
10226,OA-AL2i3,4092.4000000000005
10072,OA-AL2i1,4092.7
11921,OA-VPM4,4093.0
10799,OA-VUMa4,4093.3
10555,OA-VUMa3,4093.3999999999996
10825,OA-AL2i3,4093.5000000000005
12109,OA-VUMa2,4093.5000000000005
53065,Mi1,4094.6
10011,OA-AL2i1,4094.8
10687,OA-AL2i3,4095.0000000000005
10265,OA-AL2i2,4095.7
10041,OA-VUMa1,4095.7
10080,OA-VUMa3,4095.9
12896,OA-VUMa5,4095.9
10652,OA-AL2i4,4096.3
11602,OA-ASM1,4096.3
35405,Mi1,4097.5
10120,OA-VPM4,4098.1
10677,OA-AL2i4,4098.4
34057,Mi1,4098.6
12688,OA-ASM1,4098.6
10175,OA-VUMa6,4098.900000000001
10185,OA-VUMa8,4098.900000000001
10322,OA-AL2i2,4099.0
10168,OA-VUMa6,4099.099999999999
10658,OA-AL2i3,4099.6
10204,OA-AL2i2,4100.8
10269,OA-AL2i2,4101.7
10110,OA-VUMa1,4102.2
10187,OA-VPM3,4102.3
11608,OA-VUMa2,4102.400000000001
11005,OA-VUMa4,4102.5
34849,Mi1,4102.599999999999
11264,OA-ASM1,4102.8
36252,Mi1,4103.2
287884,OA-VPM3,4103.400000000001
10226,OA-AL2i3,4104.0
10072,OA-AL2i1,4104.0
286259,OA-ASM1,4105.2
10825,OA-AL2i3,4105.8
10041,OA-VUMa1,4106.0
12109,OA-VUMa2,4106.3
10555,OA-VUMa3,4106.5
10799,OA-VUMa4,4106.6
11921,OA-VPM4,4106.799999999999
10265,OA-AL2i2,4107.0
10011,OA-AL2i1,4107.200000000001
12896,OA-VUMa5,4107.7
10687,OA-AL2i3,4108.0
11602,OA-ASM1,4108.6
53065,Mi1,4108.7
10080,OA-VUMa3,4108.8
10652,OA-AL2i4,4109.7
10120,OA-VPM4,4110.5
10175,OA-VUMa6,4110.599999999999
10322,OA-AL2i2,4110.700000000001
10658,OA-AL2i3,4110.700000000001
10677,OA-AL2i4,4111.1
12688,OA-ASM1,4111.3
10168,OA-VUMa6,4111.400000000001
10185,OA-VUMa8,4111.6
10204,OA-AL2i2,4113.1
10110,OA-VUMa1,4113.2
35405,Mi1,4113.3
34057,Mi1,4113.5
11608,OA-VUMa2,4113.700000000001
10269,OA-AL2i2,4114.3
10187,OA-VPM3,4114.6
11005,OA-VUMa4,4114.6
11264,OA-ASM1,4115.3
10226,OA-AL2i3,4115.4
10041,OA-VUMa1,4116.000000000001
10072,OA-AL2i1,4116.400000000001
34849,Mi1,4117.099999999999
287884,OA-VPM3,4117.099999999999
12109,OA-VUMa2,4117.7
36252,Mi1,4118.1
10825,OA-AL2i3,4118.9
286259,OA-ASM1,4118.9
10011,OA-AL2i1,4119.1
10799,OA-VUMa4,4119.5
10265,OA-AL2i2,4119.7
10555,OA-VUMa3,4119.900000000001
10687,OA-AL2i3,4120.4
12896,OA-VUMa5,4120.4
11921,OA-VPM4,4120.5
10080,OA-VUMa3,4120.9
11602,OA-ASM1,4121.700000000001
10175,OA-VUMa6,4122.0
10120,OA-VPM4,4122.0
10658,OA-AL2i3,4122.1
10322,OA-AL2i2,4122.3
10652,OA-AL2i4,4122.5
10168,OA-VUMa6,4122.799999999999
10677,OA-AL2i4,4123.4
10185,OA-VUMa8,4123.5
53065,Mi1,4123.8
12688,OA-ASM1,4124.400000000001
10110,OA-VUMa1,4124.900000000001
11608,OA-VUMa2,4125.0
10204,OA-AL2i2,4125.900000000001
10269,OA-AL2i2,4126.1
10041,OA-VUMa1,4126.400000000001
10226,OA-AL2i3,4126.5
11005,OA-VUMa4,4127.0
11264,OA-ASM1,4127.6
10187,OA-VPM3,4127.8
35405,Mi1,4128.0
34057,Mi1,4128.4
10072,OA-AL2i1,4128.5
12109,OA-VUMa2,4129.2
10011,OA-AL2i1,4129.5
287884,OA-VPM3,4129.700000000001
10825,OA-AL2i3,4131.099999999999
12896,OA-VUMa5,4131.8
34849,Mi1,4132.000000000001
10799,OA-VUMa4,4132.2
10265,OA-AL2i2,4132.3
10555,OA-VUMa3,4132.3
10120,OA-VPM4,4132.900000000001
10080,OA-VUMa3,4133.200000000001
286259,OA-ASM1,4133.200000000001
36252,Mi1,4133.4
10322,OA-AL2i2,4134.1
10658,OA-AL2i3,4134.3
11921,OA-VPM4,4134.400000000001
10687,OA-AL2i3,4134.5
10168,OA-VUMa6,4134.700000000001
10175,OA-VUMa6,4134.700000000001
11602,OA-ASM1,4134.700000000001
10185,OA-VUMa8,4135.2
10652,OA-AL2i4,4135.400000000001
11608,OA-VUMa2,4136.0
10110,OA-VUMa1,4136.200000000001
10677,OA-AL2i4,4136.6
10041,OA-VUMa1,4137.299999999999
12688,OA-ASM1,4137.9
11005,OA-VUMa4,4138.1
10204,OA-AL2i2,4138.5
10269,OA-AL2i2,4138.5
10226,OA-AL2i3,4139.1
53065,Mi1,4139.700000000001
10187,OA-VPM3,4139.8
10072,OA-AL2i1,4140.2
12109,OA-VUMa2,4140.5
11264,OA-ASM1,4141.0
10011,OA-AL2i1,4141.4
287884,OA-VPM3,4142.599999999999
12896,OA-VUMa5,4143.0
35405,Mi1,4143.2
10799,OA-VUMa4,4144.200000000001
34057,Mi1,4144.4
10825,OA-AL2i3,4144.5
10120,OA-VPM4,4145.0
10555,OA-VUMa3,4145.2
10322,OA-AL2i2,4145.299999999999
10265,OA-AL2i2,4145.400000000001
34849,Mi1,4145.8
10168,OA-VUMa6,4146.1
10658,OA-AL2i3,4146.4
10687,OA-AL2i3,4146.6
11608,OA-VUMa2,4147.0
286259,OA-ASM1,4147.0
10175,OA-VUMa6,4147.3
10185,OA-VUMa8,4147.400000000001
10080,OA-VUMa3,4147.6
11921,OA-VPM4,4147.700000000001
11602,OA-ASM1,4147.700000000001
10652,OA-AL2i4,4147.8
10110,OA-VUMa1,4148.3
36252,Mi1,4148.6
10677,OA-AL2i4,4148.7
10041,OA-VUMa1,4149.3
11005,OA-VUMa4,4149.4
12688,OA-ASM1,4149.6
10072,OA-AL2i1,4150.2
10269,OA-AL2i2,4150.3
10226,OA-AL2i3,4150.700000000001
12109,OA-VUMa2,4151.4
10187,OA-VPM3,4151.7
10204,OA-AL2i2,4152.0
10011,OA-AL2i1,4152.5
12896,OA-VUMa5,4153.9
11264,OA-ASM1,4154.0
53065,Mi1,4154.0
287884,OA-VPM3,4155.2
10658,OA-AL2i3,4156.6
10120,OA-VPM4,4156.8
10825,OA-AL2i3,4157.500000000001
10168,OA-VUMa6,4157.6
10322,OA-AL2i2,4157.900000000001
10555,OA-VUMa3,4158.0
11608,OA-VUMa2,4158.2
10265,OA-AL2i2,4158.2
10799,OA-VUMa4,4158.400000000001
34057,Mi1,4158.9
35405,Mi1,4159.1
10687,OA-AL2i3,4159.3
10175,OA-VUMa6,4159.4
10080,OA-VUMa3,4160.0
34849,Mi1,4160.3
10185,OA-VUMa8,4160.4
10110,OA-VUMa1,4160.5
10652,OA-AL2i4,4160.8
10041,OA-VUMa1,4161.299999999999
11602,OA-ASM1,4161.400000000001
286259,OA-ASM1,4161.400000000001
11005,OA-VUMa4,4161.5
10677,OA-AL2i4,4161.700000000001
10226,OA-AL2i3,4162.0
11921,OA-VPM4,4162.1
12688,OA-ASM1,4162.5
10269,OA-AL2i2,4162.900000000001
12109,OA-VUMa2,4163.0
10072,OA-AL2i1,4163.3
36252,Mi1,4164.000000000001
10187,OA-VPM3,4164.1
10011,OA-AL2i1,4164.400000000001
12896,OA-VUMa5,4165.200000000001
10204,OA-AL2i2,4165.3
287884,OA-VPM3,4167.3
11264,OA-ASM1,4167.4
10120,OA-VPM4,4168.8
10658,OA-AL2i3,4168.9
10168,OA-VUMa6,4169.299999999999
10825,OA-AL2i3,4169.299999999999
10265,OA-AL2i2,4169.5
11608,OA-VUMa2,4169.5
53065,Mi1,4169.8
10175,OA-VUMa6,4171.0
10555,OA-VUMa3,4171.1
10322,OA-AL2i2,4171.400000000001
10110,OA-VUMa1,4171.5
10687,OA-AL2i3,4171.6
10799,OA-VUMa4,4172.2
10041,OA-VUMa1,4172.8
10080,OA-VUMa3,4173.0
34057,Mi1,4173.0
10226,OA-AL2i3,4173.4
10185,OA-VUMa8,4173.5
35405,Mi1,4173.5
11602,OA-ASM1,4173.8
10652,OA-AL2i4,4174.0
11005,OA-VUMa4,4174.0
12109,OA-VUMa2,4174.2
11921,OA-VPM4,4174.8
286259,OA-ASM1,4175.0
10677,OA-AL2i4,4175.1
10072,OA-AL2i1,4175.3
10011,OA-AL2i1,4175.6
12688,OA-ASM1,4175.6
34849,Mi1,4175.7
10269,OA-AL2i2,4176.099999999999
10187,OA-VPM3,4176.5
12896,OA-VUMa5,4177.2
10204,OA-AL2i2,4178.1
36252,Mi1,4179.2
10168,OA-VUMa6,4180.400000000001
287884,OA-VPM3,4180.400000000001
11264,OA-ASM1,4180.8
10658,OA-AL2i3,4181.4
11608,OA-VUMa2,4181.5
10120,OA-VPM4,4181.5
10265,OA-AL2i2,4181.7
10110,OA-VUMa1,4182.1
10825,OA-AL2i3,4182.1
10175,OA-VUMa6,4183.3
10322,OA-AL2i2,4183.3
53065,Mi1,4184.0
10687,OA-AL2i3,4184.099999999999
10555,OA-VUMa3,4184.6
10041,OA-VUMa1,4184.8
10799,OA-VUMa4,4185.2
10226,OA-AL2i3,4185.299999999999
10185,OA-VUMa8,4185.5
12109,OA-VUMa2,4185.700000000001
11602,OA-ASM1,4186.0
11005,OA-VUMa4,4186.7
10080,OA-VUMa3,4187.0
34057,Mi1,4187.2
10011,OA-AL2i1,4187.5
10072,OA-AL2i1,4187.599999999999
10652,OA-AL2i4,4187.599999999999
12688,OA-ASM1,4187.9
11921,OA-VPM4,4188.000000000001
12896,OA-VUMa5,4188.1
10677,OA-AL2i4,4188.6
35405,Mi1,4188.8
286259,OA-ASM1,4188.8
10269,OA-AL2i2,4189.099999999999
10187,OA-VPM3,4189.6
34849,Mi1,4190.700000000001
10204,OA-AL2i2,4191.3
10168,OA-VUMa6,4191.6
10110,OA-VUMa1,4192.3
10658,OA-AL2i3,4192.4
287884,OA-VPM3,4192.5
11608,OA-VUMa2,4192.7
11264,OA-ASM1,4193.1
36252,Mi1,4193.900000000001
10265,OA-AL2i2,4194.6
10120,OA-VPM4,4194.7
10825,OA-AL2i3,4195.0
10322,OA-AL2i2,4195.1
10175,OA-VUMa6,4195.400000000001
10041,OA-VUMa1,4196.1
10687,OA-AL2i3,4196.400000000001
10226,OA-AL2i3,4196.5
12109,OA-VUMa2,4196.900000000001
10799,OA-VUMa4,4197.4
10185,OA-VUMa8,4197.6
10555,OA-VUMa3,4198.3
10011,OA-AL2i1,4198.8
53065,Mi1,4199.1
12896,OA-VUMa5,4199.5
11005,OA-VUMa4,4199.7
11602,OA-ASM1,4200.3
10072,OA-AL2i1,4200.8
10652,OA-AL2i4,4200.8
10080,OA-VUMa3,4200.9
10269,OA-AL2i2,4200.9
10677,OA-AL2i4,4201.7
12688,OA-ASM1,4201.7
10187,OA-VPM3,4201.8
34057,Mi1,4202.0
286259,OA-ASM1,4202.200000000001
10110,OA-VUMa1,4202.8
10168,OA-VUMa6,4203.0
11921,OA-VPM4,4203.0
10658,OA-AL2i3,4203.3
11608,OA-VUMa2,4203.3
35405,Mi1,4203.5
10204,OA-AL2i2,4204.1
287884,OA-VPM3,4205.0
11264,OA-ASM1,4205.5
34849,Mi1,4205.5
10265,OA-AL2i2,4206.1
10041,OA-VUMa1,4206.2
10322,OA-AL2i2,4206.599999999999
10175,OA-VUMa6,4207.1
10226,OA-AL2i3,4207.5
10120,OA-VPM4,4207.6
12109,OA-VUMa2,4208.0
10687,OA-AL2i3,4208.5
10825,OA-AL2i3,4208.5
36252,Mi1,4208.8
10185,OA-VUMa8,4209.8
10011,OA-AL2i1,4210.3
12896,OA-VUMa5,4210.8
10799,OA-VUMa4,4211.400000000001
10555,OA-VUMa3,4211.700000000001
11005,OA-VUMa4,4212.7
11602,OA-ASM1,4212.7
10110,OA-VUMa1,4212.8
53065,Mi1,4213.099999999999
10652,OA-AL2i4,4213.5
10269,OA-AL2i2,4213.7
12688,OA-ASM1,4213.8
10080,OA-VUMa3,4213.900000000001
10072,OA-AL2i1,4214.0
10187,OA-VPM3,4214.1
10658,OA-AL2i3,4214.3
10168,OA-VUMa6,4214.700000000001
11608,OA-VUMa2,4214.9
10677,OA-AL2i4,4215.1
34057,Mi1,4215.2
286259,OA-ASM1,4215.6
10041,OA-VUMa1,4216.4
35405,Mi1,4216.7
11921,OA-VPM4,4217.2
10204,OA-AL2i2,4217.400000000001
287884,OA-VPM3,4218.0
10265,OA-AL2i2,4218.3
10322,OA-AL2i2,4218.6
10175,OA-VUMa6,4218.7
12109,OA-VUMa2,4218.7
11264,OA-ASM1,4218.900000000001
10226,OA-AL2i3,4219.0
10120,OA-VPM4,4219.5
10687,OA-AL2i3,4220.000000000001
34849,Mi1,4220.2
12896,OA-VUMa5,4221.3
10011,OA-AL2i1,4221.5
10825,OA-AL2i3,4221.6
10185,OA-VUMa8,4221.8
10110,OA-VUMa1,4222.599999999999
36252,Mi1,4223.3
10555,OA-VUMa3,4224.3
11005,OA-VUMa4,4224.5
10799,OA-VUMa4,4225.1
11602,OA-ASM1,4225.6
11608,OA-VUMa2,4225.900000000001
10652,OA-AL2i4,4226.200000000001
10187,OA-VPM3,4226.500000000001
10072,OA-AL2i1,4226.6
10658,OA-AL2i3,4226.6
10080,OA-VUMa3,4226.7
10041,OA-VUMa1,4226.8
10168,OA-VUMa6,4226.8
10269,OA-AL2i2,4226.8
12688,OA-ASM1,4226.8
10677,OA-AL2i4,4227.2
286259,OA-ASM1,4228.7
53065,Mi1,4228.8
10204,OA-AL2i2,4229.4
12109,OA-VUMa2,4229.4
10175,OA-VUMa6,4230.0
10322,OA-AL2i2,4230.2
10226,OA-AL2i3,4230.3
34057,Mi1,4230.400000000001
287884,OA-VPM3,4230.8
11921,OA-VPM4,4231.3
10265,OA-AL2i2,4231.4
35405,Mi1,4231.5
11264,OA-ASM1,4231.6
10687,OA-AL2i3,4231.900000000001
10120,OA-VPM4,4232.0
12896,OA-VUMa5,4232.4
10011,OA-AL2i1,4233.0
10185,OA-VUMa8,4233.3
10110,OA-VUMa1,4234.1
10825,OA-AL2i3,4234.500000000001
34849,Mi1,4235.5
11005,OA-VUMa4,4235.9
10072,OA-AL2i1,4236.2
10555,OA-VUMa3,4237.3
11608,OA-VUMa2,4237.4
36252,Mi1,4237.9
10187,OA-VPM3,4238.1
10041,OA-VUMa1,4238.1
10168,OA-VUMa6,4238.2
10652,OA-AL2i4,4238.700000000001
10799,OA-VUMa4,4238.9
11602,OA-ASM1,4238.9
10658,OA-AL2i3,4239.0
10269,OA-AL2i2,4239.1
12688,OA-ASM1,4239.900000000001
12109,OA-VUMa2,4240.5
10175,OA-VUMa6,4240.8
10080,OA-VUMa3,4241.1
10677,OA-AL2i4,4241.2
10322,OA-AL2i2,4242.0
10204,OA-AL2i2,4242.200000000001
10226,OA-AL2i3,4242.200000000001
286259,OA-ASM1,4242.6
12896,OA-VUMa5,4243.9
287884,OA-VPM3,4244.1
10011,OA-AL2i1,4244.2
10265,OA-AL2i2,4244.6
10687,OA-AL2i3,4244.6
11264,OA-ASM1,4244.8
53065,Mi1,4244.8
10120,OA-VPM4,4244.900000000001
11921,OA-VPM4,4245.099999999999
10110,OA-VUMa1,4245.200000000001
34057,Mi1,4245.4
10185,OA-VUMa8,4245.4
35405,Mi1,4245.9
10825,OA-AL2i3,4247.0
11005,OA-VUMa4,4247.5
10041,OA-VUMa1,4248.4
11608,OA-VUMa2,4248.6
10072,OA-AL2i1,4248.9
34849,Mi1,4249.3
10168,OA-VUMa6,4250.099999999999
10658,OA-AL2i3,4250.3
10187,OA-VPM3,4250.7
10555,OA-VUMa3,4250.900000000001
10652,OA-AL2i4,4251.8
10269,OA-AL2i2,4252.0
10175,OA-VUMa6,4252.3
12109,OA-VUMa2,4252.3
11602,OA-ASM1,4252.400000000001
10799,OA-VUMa4,4252.6
10226,OA-AL2i3,4252.6
10322,OA-AL2i2,4252.900000000001
12688,OA-ASM1,4253.3
36252,Mi1,4253.6
10080,OA-VUMa3,4254.2
10677,OA-AL2i4,4254.599999999999
10204,OA-AL2i2,4254.9
12896,OA-VUMa5,4255.3
10011,OA-AL2i1,4255.6
10687,OA-AL2i3,4256.2
287884,OA-VPM3,4256.6
286259,OA-ASM1,4256.700000000001
10110,OA-VUMa1,4256.8
10265,OA-AL2i2,4257.000000000001
10120,OA-VPM4,4257.5
11264,OA-ASM1,4257.7
10185,OA-VUMa8,4258.500000000001
53065,Mi1,4259.1
11921,OA-VPM4,4259.2
11005,OA-VUMa4,4259.3
35405,Mi1,4259.599999999999
10041,OA-VUMa1,4259.700000000001
34057,Mi1,4259.9
10825,OA-AL2i3,4260.1
11608,OA-VUMa2,4260.5
10072,OA-AL2i1,4260.5
10658,OA-AL2i3,4261.3
10168,OA-VUMa6,4261.4
10187,OA-VPM3,4262.8
10175,OA-VUMa6,4263.7
10269,OA-AL2i2,4264.0
34849,Mi1,4264.3
10652,OA-AL2i4,4264.400000000001
12109,OA-VUMa2,4264.400000000001
10226,OA-AL2i3,4264.5
10555,OA-VUMa3,4264.6
10322,OA-AL2i2,4265.5
11602,OA-ASM1,4266.0
12688,OA-ASM1,4266.3
12896,OA-VUMa5,4266.6
10080,OA-VUMa3,4267.1
36252,Mi1,4267.1
10204,OA-AL2i2,4267.3
10011,OA-AL2i1,4267.3
10799,OA-VUMa4,4267.700000000001
10677,OA-AL2i4,4268.6
287884,OA-VPM3,4268.8
10265,OA-AL2i2,4269.099999999999
10687,OA-AL2i3,4269.099999999999
10120,OA-VPM4,4269.3
10110,OA-VUMa1,4269.3
286259,OA-ASM1,4269.5
10185,OA-VUMa8,4269.5
11264,OA-ASM1,4269.8
10041,OA-VUMa1,4270.599999999999
11005,OA-VUMa4,4270.9
10168,OA-VUMa6,4272.1
10658,OA-AL2i3,4272.1
11608,OA-VUMa2,4272.2
10072,OA-AL2i1,4273.2
11921,OA-VPM4,4273.2
53065,Mi1,4273.6
10825,OA-AL2i3,4273.8
35405,Mi1,4274.0
34057,Mi1,4274.6
10175,OA-VUMa6,4274.7
10187,OA-VPM3,4275.1
10226,OA-AL2i3,4275.400000000001
12109,OA-VUMa2,4276.2
10269,OA-AL2i2,4276.400000000001
10322,OA-AL2i2,4277.4
10555,OA-VUMa3,4277.7
11602,OA-ASM1,4277.8
10652,OA-AL2i4,4278.0
12896,OA-VUMa5,4278.0
34849,Mi1,4278.1
12688,OA-ASM1,4278.299999999999
10011,OA-AL2i1,4279.0
10080,OA-VUMa3,4279.2
10799,OA-VUMa4,4279.900000000001
71052,T2a,4280.2
10110,OA-VUMa1,4280.3
10204,OA-AL2i2,4280.6
10687,OA-AL2i3,4281.000000000001
10120,OA-VPM4,4281.1
10677,OA-AL2i4,4281.7
10185,OA-VUMa8,4282.099999999999
36252,Mi1,4282.4
10072,OA-AL2i1,4282.500000000001
11005,OA-VUMa4,4282.7
11264,OA-ASM1,4282.7
287884,OA-VPM3,4282.7
10265,OA-AL2i2,4282.8
10168,OA-VUMa6,4283.0
10658,OA-AL2i3,4283.1
10041,OA-VUMa1,4283.2
286259,OA-ASM1,4283.9
11608,OA-VUMa2,4284.6
10825,OA-AL2i3,4285.7
10175,OA-VUMa6,4285.9
11921,OA-VPM4,4287.0
10226,OA-AL2i3,4287.1
53065,Mi1,4287.7
35405,Mi1,4287.8
10187,OA-VPM3,4287.8
10269,OA-AL2i2,4288.2
12109,OA-VUMa2,4288.2
34057,Mi1,4289.2
11602,OA-ASM1,4289.8
10011,OA-AL2i1,4290.200000000001
10322,OA-AL2i2,4290.200000000001
12896,OA-VUMa5,4290.200000000001
12688,OA-ASM1,4290.8
10555,OA-VUMa3,4291.0
10110,OA-VUMa1,4291.1
10652,OA-AL2i4,4291.1
34849,Mi1,4292.2
10080,OA-VUMa3,4292.8
10185,OA-VUMa8,4293.099999999999
10687,OA-AL2i3,4293.099999999999
10120,OA-VPM4,4293.200000000001
10799,OA-VUMa4,4293.5
10677,OA-AL2i4,4293.9
10204,OA-AL2i2,4294.0
10168,OA-VUMa6,4294.599999999999
10041,OA-VUMa1,4294.700000000001
10072,OA-AL2i1,4294.700000000001
11005,OA-VUMa4,4294.9
10658,OA-AL2i3,4295.1
10265,OA-AL2i2,4295.5
11264,OA-ASM1,4295.8
11608,OA-VUMa2,4295.8
287884,OA-VPM3,4296.2
36252,Mi1,4296.9
286259,OA-ASM1,4297.900000000001
10175,OA-VUMa6,4298.099999999999
10825,OA-AL2i3,4298.4
10226,OA-AL2i3,4298.8
12109,OA-VUMa2,4299.0
10269,OA-AL2i2,4299.5
10011,OA-AL2i1,4301.200000000001
10187,OA-VPM3,4301.200000000001
10110,OA-VUMa1,4301.4
11921,OA-VPM4,4302.0
12896,OA-VUMa5,4302.0
35405,Mi1,4302.0
10322,OA-AL2i2,4302.700000000001
11602,OA-ASM1,4303.0
12688,OA-ASM1,4303.500000000001
53065,Mi1,4303.6
10652,OA-AL2i4,4303.900000000001
34057,Mi1,4304.0
10555,OA-VUMa3,4304.2
10041,OA-VUMa1,4305.7
10687,OA-AL2i3,4305.7
10185,OA-VUMa8,4305.8
10168,OA-VUMa6,4305.8
34849,Mi1,4306.200000000001
10080,OA-VUMa3,4306.6
10120,OA-VPM4,4306.7
10799,OA-VUMa4,4306.7
10658,OA-AL2i3,4306.8
11608,OA-VUMa2,4306.8
10204,OA-AL2i2,4306.900000000001
10677,OA-AL2i4,4307.2
11005,OA-VUMa4,4307.5
10072,OA-AL2i1,4307.5
10265,OA-AL2i2,4308.900000000001
287884,OA-VPM3,4309.099999999999
10175,OA-VUMa6,4309.4
36252,Mi1,4309.9
11264,OA-ASM1,4310.0
12109,OA-VUMa2,4310.2
10825,OA-AL2i3,4310.400000000001
10226,OA-AL2i3,4310.400000000001
10269,OA-AL2i2,4311.1
10110,OA-VUMa1,4311.6
10011,OA-AL2i1,4312.1
286259,OA-ASM1,4312.400000000001
12896,OA-VUMa5,4312.599999999999
10187,OA-VPM3,4313.8
10322,OA-AL2i2,4314.5
11602,OA-ASM1,4314.7
11921,OA-VPM4,4314.900000000001
10041,OA-VUMa1,4316.2
12688,OA-ASM1,4316.3
10168,OA-VUMa6,4316.6
10555,OA-VUMa3,4316.7
10652,OA-AL2i4,4316.7
35405,Mi1,4316.7
10687,OA-AL2i3,4317.6
10658,OA-AL2i3,4317.9
10120,OA-VPM4,4318.0
10185,OA-VUMa8,4318.1
11608,OA-VUMa2,4318.400000000001
34057,Mi1,4319.1
53065,Mi1,4319.6
10072,OA-AL2i1,4319.8
11005,OA-VUMa4,4319.900000000001
10799,OA-VUMa4,4320.5
10204,OA-AL2i2,4320.599999999999
10080,OA-VUMa3,4321.000000000001
34849,Mi1,4321.1
10175,OA-VUMa6,4321.3
10265,OA-AL2i2,4321.6
10226,OA-AL2i3,4321.7
287884,OA-VPM3,4321.7
10677,OA-AL2i4,4321.8
10110,OA-VUMa1,4321.900000000001
12109,OA-VUMa2,4322.200000000001
10825,OA-AL2i3,4322.5
10011,OA-AL2i1,4323.1
10269,OA-AL2i2,4323.2
11264,OA-ASM1,4323.400000000001
36252,Mi1,4323.700000000001
12896,OA-VUMa5,4324.2
286259,OA-ASM1,4325.8
10322,OA-AL2i2,4326.0
10041,OA-VUMa1,4326.6
11602,OA-ASM1,4326.7
10187,OA-VPM3,4327.0
10168,OA-VUMa6,4328.2
11921,OA-VPM4,4328.400000000001
12688,OA-ASM1,4328.400000000001
10658,OA-AL2i3,4328.599999999999
10555,OA-VUMa3,4328.9
10687,OA-AL2i3,4329.3
10652,OA-AL2i4,4329.5
10120,OA-VPM4,4329.8
10185,OA-VUMa8,4330.099999999999
11608,OA-VUMa2,4330.099999999999
35405,Mi1,4330.4
11005,OA-VUMa4,4331.599999999999
10799,OA-VUMa4,4332.2
10175,OA-VUMa6,4332.7
10080,OA-VUMa3,4332.900000000001
10110,OA-VUMa1,4332.900000000001
53065,Mi1,4333.200000000001
10226,OA-AL2i3,4333.3
10072,OA-AL2i1,4333.4
287884,OA-VPM3,4333.8
10204,OA-AL2i2,4334.0
34057,Mi1,4334.400000000001
10011,OA-AL2i1,4334.400000000001
10265,OA-AL2i2,4334.7
12109,OA-VUMa2,4334.7
10825,OA-AL2i3,4335.0
34849,Mi1,4335.1
10677,OA-AL2i4,4335.200000000001
12896,OA-VUMa5,4335.3
10269,OA-AL2i2,4335.6
11264,OA-ASM1,4336.5
10041,OA-VUMa1,4336.8
36252,Mi1,4338.099999999999
11602,OA-ASM1,4338.3
286259,OA-ASM1,4338.4
10322,OA-AL2i2,4339.2
10187,OA-VPM3,4339.400000000001
10658,OA-AL2i3,4339.400000000001
10168,OA-VUMa6,4339.8
10687,OA-AL2i3,4340.4
12688,OA-ASM1,4341.099999999999
11608,OA-VUMa2,4341.5
11921,OA-VPM4,4342.0
10185,OA-VUMa8,4342.1
10120,OA-VPM4,4342.400000000001
11005,OA-VUMa4,4343.1
10652,OA-AL2i4,4343.4
10555,OA-VUMa3,4343.6
10799,OA-VUMa4,4344.3
10110,OA-VUMa1,4344.400000000001
10175,OA-VUMa6,4344.400000000001
10226,OA-AL2i3,4344.599999999999
35405,Mi1,4345.000000000001
10080,OA-VUMa3,4345.2
10072,OA-AL2i1,4345.7
12109,OA-VUMa2,4346.4
10204,OA-AL2i2,4346.4
10011,OA-AL2i1,4346.6
287884,OA-VPM3,4346.8
10041,OA-VUMa1,4347.1
10825,OA-AL2i3,4347.700000000001
34057,Mi1,4347.8
10265,OA-AL2i2,4347.8
10677,OA-AL2i4,4347.8
12896,OA-VUMa5,4347.8
10269,OA-AL2i2,4348.3
53065,Mi1,4348.3
11264,OA-ASM1,4348.900000000001
34849,Mi1,4349.3
11602,OA-ASM1,4350.2
10658,OA-AL2i3,4350.5
10187,OA-VPM3,4351.1
10168,OA-VUMa6,4351.6
10322,OA-AL2i2,4351.7
11608,OA-VUMa2,4352.1
10687,OA-AL2i3,4352.5
36252,Mi1,4352.700000000001
286259,OA-ASM1,4352.700000000001
10120,OA-VPM4,4353.6
12688,OA-ASM1,4354.3
10185,OA-VUMa8,4354.5
10072,OA-AL2i1,4354.6
11005,OA-VUMa4,4354.8
10175,OA-VUMa6,4354.8
11921,OA-VPM4,4355.1
10226,OA-AL2i3,4355.2
10110,OA-VUMa1,4355.700000000001
10799,OA-VUMa4,4356.4
10652,OA-AL2i4,4356.7
10555,OA-VUMa3,4356.900000000001
12109,OA-VUMa2,4357.7
10041,OA-VUMa1,4358.0
10011,OA-AL2i1,4358.0
10080,OA-VUMa3,4358.7
10204,OA-AL2i2,4359.1
12896,OA-VUMa5,4359.7
287884,OA-VPM3,4359.7
10269,OA-AL2i2,4359.900000000001
35405,Mi1,4360.700000000001
10677,OA-AL2i4,4360.9
10825,OA-AL2i3,4360.9
10265,OA-AL2i2,4361.5
11264,OA-ASM1,4362.0
10658,OA-AL2i3,4362.099999999999
11602,OA-ASM1,4362.5
10187,OA-VPM3,4363.0
53065,Mi1,4363.3
10168,OA-VUMa6,4363.400000000001
10322,OA-AL2i2,4363.5
34057,Mi1,4363.599999999999
34849,Mi1,4363.9
11608,OA-VUMa2,4364.2
10120,OA-VPM4,4365.5
10175,OA-VUMa6,4365.7
10687,OA-AL2i3,4366.000000000001
11005,OA-VUMa4,4366.1
10185,OA-VUMa8,4366.5
12688,OA-ASM1,4366.7
286259,OA-ASM1,4366.8
10110,OA-VUMa1,4366.900000000001
10226,OA-AL2i3,4367.0
10072,OA-AL2i1,4367.500000000001
36252,Mi1,4367.8
11921,OA-VPM4,4368.1
12109,OA-VUMa2,4368.8
10652,OA-AL2i4,4369.0
10041,OA-VUMa1,4369.0
10799,OA-VUMa4,4369.1
10011,OA-AL2i1,4369.5
10555,OA-VUMa3,4369.900000000001
10080,OA-VUMa3,4371.3
12896,OA-VUMa5,4371.599999999999
287884,OA-VPM3,4371.9
10269,OA-AL2i2,4372.4
10204,OA-AL2i2,4372.5
10825,OA-AL2i3,4373.700000000001
11602,OA-ASM1,4373.700000000001
10658,OA-AL2i3,4373.8
10677,OA-AL2i4,4373.8
35405,Mi1,4374.000000000001
10187,OA-VPM3,4374.1
10265,OA-AL2i2,4374.1
11264,OA-ASM1,4374.900000000001
11608,OA-VUMa2,4375.4
10322,OA-AL2i2,4375.500000000001
10168,OA-VUMa6,4375.7
10175,OA-VUMa6,4377.400000000001
10110,OA-VUMa1,4378.200000000001
10120,OA-VPM4,4378.200000000001
10687,OA-AL2i3,4378.200000000001
34057,Mi1,4378.200000000001
10185,OA-VUMa8,4378.5
11005,OA-VUMa4,4378.8
53065,Mi1,4379.1
10072,OA-AL2i1,4379.3
34849,Mi1,4379.400000000001
10226,OA-AL2i3,4379.599999999999
10041,OA-VUMa1,4380.0
286259,OA-ASM1,4380.0
12688,OA-ASM1,4380.2
10011,OA-AL2i1,4380.7
11921,OA-VPM4,4381.3
12109,OA-VUMa2,4381.400000000001
10799,OA-VUMa4,4381.5
10652,OA-AL2i4,4382.1
36252,Mi1,4382.400000000001
10555,OA-VUMa3,4383.200000000001
10269,OA-AL2i2,4383.7
12896,OA-VUMa5,4383.7
10080,OA-VUMa3,4385.0
10658,OA-AL2i3,4385.3
287884,OA-VPM3,4385.400000000001
10204,OA-AL2i2,4386.099999999999
10825,OA-AL2i3,4386.6
11602,OA-ASM1,4386.6
10677,OA-AL2i4,4386.8
10187,OA-VPM3,4387.400000000001
10265,OA-AL2i2,4387.5
10322,OA-AL2i2,4387.599999999999
10168,OA-VUMa6,4387.599999999999
11608,OA-VUMa2,4387.700000000001
11264,OA-ASM1,4388.3
10175,OA-VUMa6,4388.900000000001
35405,Mi1,4389.0
10110,OA-VUMa1,4389.400000000001
10687,OA-AL2i3,4390.2
10120,OA-VPM4,4390.6
10185,OA-VUMa8,4391.099999999999
11005,OA-VUMa4,4391.200000000001
10226,OA-AL2i3,4391.500000000001
10011,OA-AL2i1,4391.8
10072,OA-AL2i1,4391.900000000001
34057,Mi1,4392.2
10041,OA-VUMa1,4392.3
12109,OA-VUMa2,4392.700000000001
53065,Mi1,4393.3
10799,OA-VUMa4,4393.7
286259,OA-ASM1,4393.900000000001
10652,OA-AL2i4,4394.200000000001
12688,OA-ASM1,4394.4
12896,OA-VUMa5,4394.7
11921,OA-VPM4,4395.1
10555,OA-VUMa3,4395.3
34849,Mi1,4395.400000000001
36252,Mi1,4395.8
10658,OA-AL2i3,4396.900000000001
10269,OA-AL2i2,4397.3
10080,OA-VUMa3,4398.000000000001
10825,OA-AL2i3,4398.400000000001
287884,OA-VPM3,4398.400000000001
10322,OA-AL2i2,4398.6
10677,OA-AL2i4,4398.7
11602,OA-ASM1,4399.200000000001
11608,OA-VUMa2,4399.500000000001
10187,OA-VPM3,4399.900000000001
10168,OA-VUMa6,4400.1
10204,OA-AL2i2,4400.2
10265,OA-AL2i2,4400.400000000001
10110,OA-VUMa1,4400.8
10175,OA-VUMa6,4401.1
11264,OA-ASM1,4401.6
10687,OA-AL2i3,4402.3
10120,OA-VPM4,4402.9
11005,OA-VUMa4,4403.2
10011,OA-AL2i1,4403.400000000001
10185,OA-VUMa8,4403.599999999999
10041,OA-VUMa1,4403.700000000001
10226,OA-AL2i3,4403.9
12109,OA-VUMa2,4404.0
10072,OA-AL2i1,4404.1
35405,Mi1,4404.5
12896,OA-VUMa5,4405.2
286259,OA-ASM1,4406.5
10652,OA-AL2i4,4407.0
34057,Mi1,4407.099999999999
12688,OA-ASM1,4407.200000000001
10555,OA-VUMa3,4407.500000000001
10799,OA-VUMa4,4407.7
53065,Mi1,4408.2
10658,OA-AL2i3,4408.700000000001
10269,OA-AL2i2,4409.0
11921,OA-VPM4,4410.0
36252,Mi1,4410.099999999999
10322,OA-AL2i2,4410.8
10825,OA-AL2i3,4410.8
11608,OA-VUMa2,4411.0
10110,OA-VUMa1,4411.1
287884,OA-VPM3,4411.400000000001
11602,OA-ASM1,4411.8
10080,OA-VUMa3,4412.2
34849,Mi1,4412.3
10168,OA-VUMa6,4412.5
10677,OA-AL2i4,4412.5
10187,OA-VPM3,4413.2
10265,OA-AL2i2,4413.5
10175,OA-VUMa6,4413.6
10204,OA-AL2i2,4414.3
10687,OA-AL2i3,4414.400000000001
10011,OA-AL2i1,4414.7
10041,OA-VUMa1,4414.7
10120,OA-VPM4,4415.099999999999
11005,OA-VUMa4,4415.099999999999
11264,OA-ASM1,4415.3
12109,OA-VUMa2,4415.3
10226,OA-AL2i3,4415.4
10185,OA-VUMa8,4417.0
10072,OA-AL2i1,4417.1
12896,OA-VUMa5,4417.900000000001
12688,OA-ASM1,4419.2
35405,Mi1,4419.599999999999
10658,OA-AL2i3,4420.1
286259,OA-ASM1,4420.1
10652,OA-AL2i4,4420.4
10799,OA-VUMa4,4420.7
10555,OA-VUMa3,4421.1
34057,Mi1,4421.2
10269,OA-AL2i2,4421.8
10110,OA-VUMa1,4422.2
11608,OA-VUMa2,4422.400000000001
10322,OA-AL2i2,4422.7
53065,Mi1,4422.8
10825,OA-AL2i3,4422.900000000001
36252,Mi1,4424.1
11921,OA-VPM4,4424.3
10168,OA-VUMa6,4424.3
11602,OA-ASM1,4424.9
10041,OA-VUMa1,4425.0
10080,OA-VUMa3,4425.0
10677,OA-AL2i4,4425.0
10265,OA-AL2i2,4425.1
287884,OA-VPM3,4425.1
10687,OA-AL2i3,4425.2
10175,OA-VUMa6,4425.5
10187,OA-VPM3,4425.8
10011,OA-AL2i1,4426.3
10226,OA-AL2i3,4426.3
11005,OA-VUMa4,4426.3
10072,OA-AL2i1,4426.5
12109,OA-VUMa2,4426.6
10120,OA-VPM4,4428.0
10204,OA-AL2i2,4428.3
34849,Mi1,4428.4
11264,OA-ASM1,4428.4
10185,OA-VUMa8,4428.500000000001
12896,OA-VUMa5,4428.900000000001
12688,OA-ASM1,4431.3
10658,OA-AL2i3,4432.1
10110,OA-VUMa1,4432.599999999999
10652,OA-AL2i4,4432.8
11608,OA-VUMa2,4433.3
286259,OA-ASM1,4433.3
10555,OA-VUMa3,4433.6
10799,OA-VUMa4,4433.7
10269,OA-AL2i2,4433.900000000001
10322,OA-AL2i2,4435.1
35405,Mi1,4435.2
10041,OA-VUMa1,4435.400000000001
34057,Mi1,4435.599999999999
10825,OA-AL2i3,4435.700000000001
10168,OA-VUMa6,4435.9
53065,Mi1,4436.8
10080,OA-VUMa3,4437.0
10175,OA-VUMa6,4437.1
10265,OA-AL2i2,4437.2
287884,OA-VPM3,4437.3
11921,OA-VPM4,4437.5
10687,OA-AL2i3,4437.700000000001
10226,OA-AL2i3,4437.8
10677,OA-AL2i4,4438.000000000001
10072,OA-AL2i1,4438.7
12109,OA-VUMa2,4438.7
10011,OA-AL2i1,4438.8
10187,OA-VPM3,4438.8
11602,OA-ASM1,4438.900000000001
36252,Mi1,4438.900000000001
11005,OA-VUMa4,4439.4
10120,OA-VPM4,4439.6
10185,OA-VUMa8,4440.400000000001
12896,OA-VUMa5,4440.400000000001
10204,OA-AL2i2,4441.0
11264,OA-ASM1,4441.8
34849,Mi1,4442.099999999999
10110,OA-VUMa1,4443.0
10658,OA-AL2i3,4443.5
12688,OA-ASM1,4443.8
10652,OA-AL2i4,4444.7
11608,OA-VUMa2,4444.900000000001
10269,OA-AL2i2,4445.2
10555,OA-VUMa3,4446.400000000001
10041,OA-VUMa1,4446.7
286259,OA-ASM1,4446.8
10168,OA-VUMa6,4447.0
10799,OA-VUMa4,4447.200000000001
10322,OA-AL2i2,4447.3
10072,OA-AL2i1,4448.1
10825,OA-AL2i3,4448.3
35405,Mi1,4448.400000000001
10226,OA-AL2i3,4449.1
10175,OA-VUMa6,4449.4
10265,OA-AL2i2,4449.4
10080,OA-VUMa3,4449.7
287884,OA-VPM3,4449.900000000001
10687,OA-AL2i3,4450.3
11921,OA-VPM4,4450.3
12109,OA-VUMa2,4451.1
10011,OA-AL2i1,4451.400000000001
34057,Mi1,4451.400000000001
10677,OA-AL2i4,4451.599999999999
11005,OA-VUMa4,4451.599999999999
53065,Mi1,4451.599999999999
11602,OA-ASM1,4452.0
10120,OA-VPM4,4452.200000000001
10187,OA-VPM3,4452.500000000001
10185,OA-VUMa8,4452.6
12896,OA-VUMa5,4453.0
10110,OA-VUMa1,4453.2
36252,Mi1,4453.8
10204,OA-AL2i2,4454.1
11264,OA-ASM1,4454.6
10658,OA-AL2i3,4454.900000000001
11608,OA-VUMa2,4456.2
10269,OA-AL2i2,4456.599999999999
12688,OA-ASM1,4456.8
34849,Mi1,4456.8
10041,OA-VUMa1,4457.2
10652,OA-AL2i4,4457.6
10168,OA-VUMa6,4458.200000000001
10072,OA-AL2i1,4458.4
10322,OA-AL2i2,4458.9
10555,OA-VUMa3,4459.7
10799,OA-VUMa4,4459.900000000001
286259,OA-ASM1,4460.1
10825,OA-AL2i3,4460.8
10265,OA-AL2i2,4461.3
10226,OA-AL2i3,4461.5
10175,OA-VUMa6,4461.599999999999
10687,OA-AL2i3,4462.400000000001
10080,OA-VUMa3,4462.8
287884,OA-VPM3,4462.8
10677,OA-AL2i4,4463.200000000001
11005,OA-VUMa4,4463.900000000001
12109,OA-VUMa2,4463.900000000001
35405,Mi1,4464.1
11921,OA-VPM4,4464.400000000001
10011,OA-AL2i1,4464.5
10110,OA-VUMa1,4464.8
12896,OA-VUMa5,4465.0
10185,OA-VUMa8,4465.3
11602,OA-ASM1,4465.4
10120,OA-VPM4,4465.6
34057,Mi1,4465.8
10187,OA-VPM3,4466.5
10658,OA-AL2i3,4466.9
11264,OA-ASM1,4467.3
53065,Mi1,4467.5
10204,OA-AL2i2,4467.7
11608,OA-VUMa2,4468.0
36252,Mi1,4468.200000000001
10072,OA-AL2i1,4468.3
10041,OA-VUMa1,4468.4
12688,OA-ASM1,4468.6
10269,OA-AL2i2,4468.900000000001
10652,OA-AL2i4,4470.1
10168,OA-VUMa6,4470.400000000001
10322,OA-AL2i2,4471.0
34849,Mi1,4471.4
10555,OA-VUMa3,4471.7
10799,OA-VUMa4,4472.599999999999
10175,OA-VUMa6,4472.8
10825,OA-AL2i3,4473.1
10226,OA-AL2i3,4473.5
10265,OA-AL2i2,4473.5
286259,OA-ASM1,4474.099999999999
10687,OA-AL2i3,4475.0
11005,OA-VUMa4,4475.400000000001
10080,OA-VUMa3,4475.900000000001
10110,OA-VUMa1,4475.900000000001
12109,OA-VUMa2,4476.200000000001
10677,OA-AL2i4,4476.3
287884,OA-VPM3,4476.8
11602,OA-ASM1,4477.700000000001
12896,OA-VUMa5,4477.700000000001
10011,OA-AL2i1,4477.8
10185,OA-VUMa8,4477.9
10072,OA-AL2i1,4478.5
10658,OA-AL2i3,4478.6
10120,OA-VPM4,4478.8
35405,Mi1,4479.200000000001
11921,OA-VPM4,4479.200000000001
10041,OA-VUMa1,4479.4
10204,OA-AL2i2,4479.4
10187,OA-VPM3,4479.6
11264,OA-ASM1,4480.0
11608,OA-VUMa2,4480.2
34057,Mi1,4480.400000000001
10269,OA-AL2i2,4481.0
53065,Mi1,4481.1
10168,OA-VUMa6,4481.7
12688,OA-ASM1,4482.4
10652,OA-AL2i4,4482.9
10322,OA-AL2i2,4483.1
36252,Mi1,4483.2
10799,OA-VUMa4,4484.4
10175,OA-VUMa6,4484.7
10555,OA-VUMa3,4484.8
10226,OA-AL2i3,4485.1
10825,OA-AL2i3,4485.700000000001
10110,OA-VUMa1,4486.1
10265,OA-AL2i2,4486.3
10687,OA-AL2i3,4486.6
34849,Mi1,4486.6
11005,OA-VUMa4,4487.200000000001
10080,OA-VUMa3,4487.8
286259,OA-ASM1,4487.9
12109,OA-VUMa2,4487.9
10072,OA-AL2i1,4488.599999999999
10677,OA-AL2i4,4488.8
10011,OA-AL2i1,4488.9
10658,OA-AL2i3,4490.099999999999
71052,T2a,4490.3
33907,Mi1,4490.6
10041,OA-VUMa1,4490.6
10185,OA-VUMa8,4490.6
11602,OA-ASM1,4490.7
287884,OA-VPM3,4490.8
10120,OA-VPM4,4490.9
11608,OA-VUMa2,4491.2
12896,OA-VUMa5,4491.400000000001
10204,OA-AL2i2,4492.3
10269,OA-AL2i2,4492.6
35405,Mi1,4492.8
10187,OA-VPM3,4493.0
34057,Mi1,4493.599999999999
11264,OA-ASM1,4493.8
10168,OA-VUMa6,4494.2
12688,OA-ASM1,4494.6
11921,OA-VPM4,4494.7
10322,OA-AL2i2,4495.200000000001
53065,Mi1,4495.3
10175,OA-VUMa6,4495.4
10226,OA-AL2i3,4495.6
10652,OA-AL2i4,4496.1
10110,OA-VUMa1,4496.599999999999
36252,Mi1,4496.599999999999
10799,OA-VUMa4,4497.3
10555,OA-VUMa3,4497.4
10825,OA-AL2i3,4497.799999999999
10265,OA-AL2i2,4498.6
33462,Mi1,4498.8
11005,OA-VUMa4,4498.8
10687,OA-AL2i3,4498.8
12109,OA-VUMa2,4499.7
10072,OA-AL2i1,4500.3
10011,OA-AL2i1,4500.6
10080,OA-VUMa3,4500.900000000001
10041,OA-VUMa1,4501.2
34849,Mi1,4501.2
10658,OA-AL2i3,4501.599999999999
10677,OA-AL2i4,4501.700000000001
286259,OA-ASM1,4502.0
10185,OA-VUMa8,4502.7
10120,OA-VPM4,4503.099999999999
10269,OA-AL2i2,4503.5
11602,OA-ASM1,4503.5
11608,OA-VUMa2,4503.9
12896,OA-VUMa5,4504.0
287884,OA-VPM3,4504.400000000001
10204,OA-AL2i2,4504.400000000001
51122,Mi1,4504.8
11264,OA-ASM1,4505.900000000001
10322,OA-AL2i2,4506.200000000001
10168,OA-VUMa6,4506.3
10187,OA-VPM3,4506.5
12688,OA-ASM1,4506.5
10226,OA-AL2i3,4506.700000000001
10175,OA-VUMa6,4507.400000000001
35405,Mi1,4507.6
34057,Mi1,4508.099999999999
10110,OA-VUMa1,4508.200000000001
10652,OA-AL2i4,4508.6
35498,Mi1,4508.6
11921,OA-VPM4,4509.2
10799,OA-VUMa4,4509.599999999999
53065,Mi1,4509.599999999999
10555,OA-VUMa3,4509.700000000001
10825,OA-AL2i3,4509.8
36252,Mi1,4510.5
12109,OA-VUMa2,4511.5
11005,OA-VUMa4,4511.6
10265,OA-AL2i2,4511.9
10041,OA-VUMa1,4512.0
10687,OA-AL2i3,4512.700000000001
10011,OA-AL2i1,4512.9
10080,OA-VUMa3,4513.3
10072,OA-AL2i1,4513.5
10658,OA-AL2i3,4513.6
10677,OA-AL2i4,4514.9
10185,OA-VUMa8,4515.400000000001
10120,OA-VPM4,4515.5
11602,OA-ASM1,4515.8
286259,OA-ASM1,4516.8
34849,Mi1,4516.900000000001
10269,OA-AL2i2,4516.900000000001
12896,OA-VUMa5,4517.0
10204,OA-AL2i2,4517.400000000001
11608,OA-VUMa2,4517.5
10226,OA-AL2i3,4517.599999999999
287884,OA-VPM3,4517.8
10322,OA-AL2i2,4518.1
10168,OA-VUMa6,4518.5
11264,OA-ASM1,4518.8
10187,OA-VPM3,4518.900000000001
10110,OA-VUMa1,4519.3
10175,OA-VUMa6,4519.5
12688,OA-ASM1,4519.7
10652,OA-AL2i4,4520.0
35405,Mi1,4521.2
10799,OA-VUMa4,4522.400000000001
34057,Mi1,4522.700000000001
11005,OA-VUMa4,4522.700000000001
10041,OA-VUMa1,4522.8
10825,OA-AL2i3,4522.9
10555,OA-VUMa3,4523.400000000001
33907,Mi1,4523.400000000001
12109,OA-VUMa2,4523.5
11921,OA-VPM4,4524.0
10072,OA-AL2i1,4524.099999999999
36252,Mi1,4524.500000000001
53065,Mi1,4524.6
10265,OA-AL2i2,4524.7
33462,Mi1,4524.7
10011,OA-AL2i1,4525.0
10658,OA-AL2i3,4525.0
10687,OA-AL2i3,4525.0
10080,OA-VUMa3,4525.400000000001
10120,OA-VPM4,4527.200000000001
10185,OA-VUMa8,4527.3
10677,OA-AL2i4,4528.1
11602,OA-ASM1,4528.1
12896,OA-VUMa5,4528.599999999999
10269,OA-AL2i2,4529.2
10204,OA-AL2i2,4529.6
286259,OA-ASM1,4529.6
10226,OA-AL2i3,4529.7
10322,OA-AL2i2,4530.2
10110,OA-VUMa1,4530.3
287884,OA-VPM3,4530.6
11608,OA-VUMa2,4530.700000000001
10168,OA-VUMa6,4531.2
10175,OA-VUMa6,4531.5
10187,OA-VPM3,4531.7
34849,Mi1,4531.8
11264,OA-ASM1,4532.099999999999
12688,OA-ASM1,4533.1
10041,OA-VUMa1,4533.400000000001
10652,OA-AL2i4,4533.8
11005,OA-VUMa4,4534.2
51122,Mi1,4534.2
10825,OA-AL2i3,4535.3
12109,OA-VUMa2,4535.4
10799,OA-VUMa4,4535.8
10011,OA-AL2i1,4536.2
10658,OA-AL2i3,4536.5
10072,OA-AL2i1,4536.8
35498,Mi1,4536.9
10687,OA-AL2i3,4537.0
35405,Mi1,4537.0
10265,OA-AL2i2,4537.1
10555,OA-VUMa3,4537.3
10080,OA-VUMa3,4537.6
11921,OA-VPM4,4538.1
34057,Mi1,4538.1
53065,Mi1,4538.5
36252,Mi1,4538.9
12896,OA-VUMa5,4539.5
10185,OA-VUMa8,4539.6
10120,OA-VPM4,4539.7
10226,OA-AL2i3,4540.4
11602,OA-ASM1,4540.4
10677,OA-AL2i4,4541.400000000001
10269,OA-AL2i2,4541.5
10110,OA-VUMa1,4542.2
11608,OA-VUMa2,4542.2
10204,OA-AL2i2,4542.3
286259,OA-ASM1,4542.6
10168,OA-VUMa6,4542.7
10322,OA-AL2i2,4543.099999999999
287884,OA-VPM3,4543.5
10175,OA-VUMa6,4544.1
10041,OA-VUMa1,4544.299999999999
11005,OA-VUMa4,4545.4
10187,OA-VPM3,4545.7
33907,Mi1,4546.0
10652,OA-AL2i4,4546.3
11264,OA-ASM1,4546.700000000001
33462,Mi1,4546.700000000001
12688,OA-ASM1,4546.8
12109,OA-VUMa2,4547.2
10825,OA-AL2i3,4547.3
34849,Mi1,4547.400000000001
10658,OA-AL2i3,4547.5
10072,OA-AL2i1,4547.6
10011,OA-AL2i1,4548.099999999999
10799,OA-VUMa4,4548.6
10265,OA-AL2i2,4549.5
10687,OA-AL2i3,4550.4
10185,OA-VUMa8,4551.0
12896,OA-VUMa5,4551.200000000001
35405,Mi1,4551.6
10120,OA-VPM4,4551.8
10080,OA-VUMa3,4552.0
10555,OA-VUMa3,4552.2
10110,OA-VUMa1,4552.5
10226,OA-AL2i3,4552.5
34057,Mi1,4552.5
11602,OA-ASM1,4552.599999999999
11921,OA-VPM4,4553.2
53065,Mi1,4553.7
11608,OA-VUMa2,4553.8
36252,Mi1,4553.900000000001
10677,OA-AL2i4,4554.1
10168,OA-VUMa6,4554.3
10204,OA-AL2i2,4554.700000000001
10041,OA-VUMa1,4554.8
287884,OA-VPM3,4554.9
10269,OA-AL2i2,4555.000000000001
10175,OA-VUMa6,4556.099999999999
10322,OA-AL2i2,4556.4
10072,OA-AL2i1,4557.3
286259,OA-ASM1,4557.3
11005,OA-VUMa4,4557.5
71052,T2a,4557.599999999999
10187,OA-VPM3,4558.8
10652,OA-AL2i4,4559.0
11264,OA-ASM1,4559.200000000001
10658,OA-AL2i3,4559.3
10011,OA-AL2i1,4559.4
12109,OA-VUMa2,4559.4
10825,OA-AL2i3,4559.8
12688,OA-ASM1,4560.0
51122,Mi1,4560.599999999999
10799,OA-VUMa4,4561.6
10265,OA-AL2i2,4561.6
34849,Mi1,4561.7
35498,Mi1,4562.3
12896,OA-VUMa5,4562.400000000001
10185,OA-VUMa8,4562.6
10687,OA-AL2i3,4562.700000000001
10120,OA-VPM4,4563.3
33462,Mi1,4563.400000000001
10110,OA-VUMa1,4563.7
11602,OA-ASM1,4564.0
10226,OA-AL2i3,4564.3
35405,Mi1,4564.900000000001
11608,OA-VUMa2,4565.2
10168,OA-VUMa6,4565.700000000001
10555,OA-VUMa3,4565.8
10080,OA-VUMa3,4566.0
34057,Mi1,4566.5
10041,OA-VUMa1,4566.6
11921,OA-VPM4,4566.8
10269,OA-AL2i2,4567.0
10677,OA-AL2i4,4567.6
10175,OA-VUMa6,4567.8
287884,OA-VPM3,4567.9
10204,OA-AL2i2,4568.1
33907,Mi1,4568.299999999999
10322,OA-AL2i2,4568.400000000001
10072,OA-AL2i1,4568.8
11005,OA-VUMa4,4569.200000000001
36252,Mi1,4569.500000000001
53065,Mi1,4569.6
286259,OA-ASM1,4570.6
10658,OA-AL2i3,4570.700000000001
10011,OA-AL2i1,4570.8
10187,OA-VPM3,4571.2
12109,OA-VUMa2,4571.3
10652,OA-AL2i4,4571.3
11264,OA-ASM1,4571.400000000001
12688,OA-ASM1,4571.8
76325,T2a,4572.0
10825,OA-AL2i3,4572.7
12896,OA-VUMa5,4573.400000000001
10265,OA-AL2i2,4573.8
10799,OA-VUMa4,4574.3
10185,OA-VUMa8,4574.4
10120,OA-VPM4,4574.7
10687,OA-AL2i3,4575.3
10110,OA-VUMa1,4575.9
10226,OA-AL2i3,4575.9
34849,Mi1,4575.9
10168,OA-VUMa6,4576.400000000001
11608,OA-VUMa2,4576.400000000001
11602,OA-ASM1,4576.8
10041,OA-VUMa1,4577.7
10072,OA-AL2i1,4577.900000000001
51122,Mi1,4578.400000000001
35405,Mi1,4579.000000000001
10555,OA-VUMa3,4579.400000000001
10175,OA-VUMa6,4579.5
10269,OA-AL2i2,4579.5
10322,OA-AL2i2,4579.900000000001
11921,OA-VPM4,4580.0
10080,OA-VUMa3,4580.099999999999
33462,Mi1,4580.3
35498,Mi1,4580.4
34057,Mi1,4580.8
10677,OA-AL2i4,4581.2
10204,OA-AL2i2,4581.3
11005,OA-VUMa4,4581.3
287884,OA-VPM3,4581.5
10658,OA-AL2i3,4582.0
10011,OA-AL2i1,4583.0
12109,OA-VUMa2,4583.099999999999
286259,OA-ASM1,4583.6
12688,OA-ASM1,4583.8
10187,OA-VPM3,4584.299999999999
10652,OA-AL2i4,4584.400000000001
36252,Mi1,4584.6
11264,OA-ASM1,4584.900000000001
12896,OA-VUMa5,4585.0
53065,Mi1,4585.1
10825,OA-AL2i3,4585.7
10120,OA-VPM4,4586.1
33907,Mi1,4586.3
10185,OA-VUMa8,4586.5
10265,OA-AL2i2,4586.599999999999
10799,OA-VUMa4,4586.599999999999
10687,OA-AL2i3,4586.8
10110,OA-VUMa1,4587.3
10226,OA-AL2i3,4587.6
10072,OA-AL2i1,4587.8
11608,OA-VUMa2,4587.8
10168,OA-VUMa6,4587.900000000001
11602,OA-ASM1,4589.1
10041,OA-VUMa1,4589.8
10175,OA-VUMa6,4590.5
34849,Mi1,4590.5
10269,OA-AL2i2,4591.099999999999
10322,OA-AL2i2,4592.1
10555,OA-VUMa3,4592.3
10658,OA-AL2i3,4592.7
10080,OA-VUMa3,4593.3
11005,OA-VUMa4,4593.3
10204,OA-AL2i2,4593.500000000001
10677,OA-AL2i4,4593.8
287884,OA-VPM3,4594.0
10011,OA-AL2i1,4594.599999999999
11921,OA-VPM4,4595.000000000001
35405,Mi1,4595.400000000001
12109,OA-VUMa2,4595.5
34057,Mi1,4595.5
12688,OA-ASM1,4595.900000000001
51122,Mi1,4596.0
35498,Mi1,4596.6
12896,OA-VUMa5,4596.7
286259,OA-ASM1,4596.900000000001
33462,Mi1,4597.2
10825,OA-AL2i3,4597.400000000001
10652,OA-AL2i4,4597.5
10187,OA-VPM3,4597.599999999999
10072,OA-AL2i1,4597.700000000001
36252,Mi1,4598.3
10110,OA-VUMa1,4598.799999999999
10185,OA-VUMa8,4599.0
10120,OA-VPM4,4599.099999999999
53065,Mi1,4599.200000000001
10687,OA-AL2i3,4599.5
10799,OA-VUMa4,4599.5
10226,OA-AL2i3,4599.6
11264,OA-ASM1,4599.7
10168,OA-VUMa6,4599.7
11608,OA-VUMa2,4599.9
10265,OA-AL2i2,4600.1
11602,OA-ASM1,4601.1
10041,OA-VUMa1,4601.3
10175,OA-VUMa6,4602.2
10269,OA-AL2i2,4603.2
118924,Tm3,4603.6
10658,OA-AL2i3,4604.3
33907,Mi1,4604.8
10322,OA-AL2i2,4604.8
10555,OA-VUMa3,4605.400000000001
11005,OA-VUMa4,4605.400000000001
34849,Mi1,4606.1
10080,OA-VUMa3,4606.5
10204,OA-AL2i2,4606.799999999999
10011,OA-AL2i1,4606.900000000001
287884,OA-VPM3,4607.099999999999
10677,OA-AL2i4,4607.200000000001
10072,OA-AL2i1,4607.9
12109,OA-VUMa2,4608.1
12896,OA-VUMa5,4608.400000000001
12688,OA-ASM1,4608.900000000001
11921,OA-VPM4,4609.0
35405,Mi1,4609.1
10110,OA-VUMa1,4610.0
286259,OA-ASM1,4610.1
34057,Mi1,4610.5
10187,OA-VPM3,4610.700000000001
10825,OA-AL2i3,4610.700000000001
10652,OA-AL2i4,4610.9
10168,OA-VUMa6,4611.5
10226,OA-AL2i3,4611.6
51122,Mi1,4611.6
10120,OA-VPM4,4611.7
10799,OA-VUMa4,4611.8
10041,OA-VUMa1,4611.900000000001
10185,OA-VUMa8,4612.0
11608,OA-VUMa2,4612.0
10265,OA-AL2i2,4612.6
35498,Mi1,4612.6
10687,OA-AL2i3,4612.8
36252,Mi1,4612.8
11264,OA-ASM1,4613.1
10175,OA-VUMa6,4613.400000000001
53065,Mi1,4613.5
11602,OA-ASM1,4613.700000000001
33462,Mi1,4614.2
10269,OA-AL2i2,4615.6
10658,OA-AL2i3,4616.2
99922,T4c,4616.2
10322,OA-AL2i2,4616.6
71052,T2a,4616.8
11005,OA-VUMa4,4617.4
10072,OA-AL2i1,4617.7
10011,OA-AL2i1,4618.3
10555,OA-VUMa3,4619.000000000001
10677,OA-AL2i4,4619.3
287884,OA-VPM3,4619.400000000001
10080,OA-VUMa3,4619.900000000001
12688,OA-ASM1,4620.9
10110,OA-VUMa1,4621.0
34849,Mi1,4621.1
10204,OA-AL2i2,4621.2
33907,Mi1,4621.5
12896,OA-VUMa5,4621.8
11921,OA-VPM4,4622.4
12109,OA-VUMa2,4622.6
35405,Mi1,4622.900000000001
10825,OA-AL2i3,4623.200000000001
10041,OA-VUMa1,4623.5
10226,OA-AL2i3,4623.5
11608,OA-VUMa2,4624.400000000001
286259,OA-ASM1,4624.5
10120,OA-VPM4,4624.6
10168,OA-VUMa6,4624.6
10185,OA-VUMa8,4624.7
10799,OA-VUMa4,4624.900000000001
10187,OA-VPM3,4625.0
10652,OA-AL2i4,4625.200000000001
34057,Mi1,4625.3
10175,OA-VUMa6,4625.8
10265,OA-AL2i2,4625.8
10687,OA-AL2i3,4626.0
11602,OA-ASM1,4626.5
11264,OA-ASM1,4626.8
51122,Mi1,4627.3
10658,OA-AL2i3,4627.5
36252,Mi1,4627.5
10269,OA-AL2i2,4627.7
10322,OA-AL2i2,4627.900000000001
35498,Mi1,4628.9
10072,OA-AL2i1,4629.0
11005,OA-VUMa4,4629.0
53065,Mi1,4629.2
33462,Mi1,4629.599999999999
10011,OA-AL2i1,4631.200000000001
10110,OA-VUMa1,4632.000000000001
10555,OA-VUMa3,4632.2
12896,OA-VUMa5,4632.5
287884,OA-VPM3,4632.7
10677,OA-AL2i4,4633.1
10204,OA-AL2i2,4633.3
12688,OA-ASM1,4634.2
10041,OA-VUMa1,4634.3
34849,Mi1,4634.5
12109,OA-VUMa2,4634.700000000001
10226,OA-AL2i3,4635.1
10080,OA-VUMa3,4635.7
10825,OA-AL2i3,4635.7
11608,OA-VUMa2,4636.0
10120,OA-VPM4,4636.3
11921,OA-VPM4,4636.3
10168,OA-VUMa6,4636.6
35405,Mi1,4636.8
33907,Mi1,4636.8
10687,OA-AL2i3,4637.5
10185,OA-VUMa8,4638.3
10175,OA-VUMa6,4638.4
286259,OA-ASM1,4638.4
10187,OA-VPM3,4638.6
10799,OA-VUMa4,4638.7
92114,T4c,4639.200000000001
10658,OA-AL2i3,4639.5
10269,OA-AL2i2,4639.5
10265,OA-AL2i2,4639.5
10652,OA-AL2i4,4639.9
11005,OA-VUMa4,4640.000000000001
10322,OA-AL2i2,4640.5
11264,OA-ASM1,4640.7
34057,Mi1,4640.8
11602,OA-ASM1,4641.0
10072,OA-AL2i1,4642.5
10011,OA-AL2i1,4642.5
10110,OA-VUMa1,4642.700000000001
51122,Mi1,4642.8
36252,Mi1,4643.5
10041,OA-VUMa1,4644.0
12896,OA-VUMa5,4644.200000000001
33462,Mi1,4644.5
10555,OA-VUMa3,4644.7
53065,Mi1,4644.7
35498,Mi1,4645.2
287884,OA-VPM3,4645.2
10204,OA-AL2i2,4645.700000000001
10677,OA-AL2i4,4645.700000000001
12109,OA-VUMa2,4646.0
12688,OA-ASM1,4646.3
10226,OA-AL2i3,4646.4
10825,OA-AL2i3,4647.5
11608,OA-VUMa2,4647.6
10080,OA-VUMa3,4648.400000000001
10168,OA-VUMa6,4648.6
10120,OA-VPM4,4648.7
34849,Mi1,4649.099999999999
11921,OA-VPM4,4649.3
10175,OA-VUMa6,4650.1
10185,OA-VUMa8,4650.2
10687,OA-AL2i3,4650.3
10658,OA-AL2i3,4650.599999999999
10187,OA-VPM3,4650.9
10269,OA-AL2i2,4651.6
10072,OA-AL2i1,4652.099999999999
35405,Mi1,4652.099999999999
11005,OA-VUMa4,4652.200000000001
33907,Mi1,4652.3
10110,OA-VUMa1,4652.4
10799,OA-VUMa4,4652.5
286259,OA-ASM1,4653.0
10265,OA-AL2i2,4653.2
10322,OA-AL2i2,4653.3
10652,OA-AL2i4,4653.5
11602,OA-ASM1,4653.5
10011,OA-AL2i1,4654.1
11264,OA-ASM1,4654.4
10041,OA-VUMa1,4655.0
12896,OA-VUMa5,4655.6
34057,Mi1,4656.5
287884,OA-VPM3,4657.8
12688,OA-ASM1,4658.2
10555,OA-VUMa3,4658.3
12109,OA-VUMa2,4658.3
10677,OA-AL2i4,4658.400000000001
11608,OA-VUMa2,4658.5
10226,OA-AL2i3,4658.599999999999
36252,Mi1,4658.700000000001
51122,Mi1,4659.2
10204,OA-AL2i2,4659.400000000001
35498,Mi1,4660.5
53065,Mi1,4660.5
10080,OA-VUMa3,4660.7
10825,OA-AL2i3,4660.8
10168,OA-VUMa6,4661.0
33462,Mi1,4661.1
10120,OA-VPM4,4661.1
10658,OA-AL2i3,4662.2
10687,OA-AL2i3,4662.3
10185,OA-VUMa8,4662.6
11921,OA-VPM4,4663.0
10175,OA-VUMa6,4663.400000000001
10110,OA-VUMa1,4663.5
10187,OA-VPM3,4663.9
10072,OA-AL2i1,4663.9
10269,OA-AL2i2,4664.2
11005,OA-VUMa4,4664.2
34849,Mi1,4664.400000000001
10799,OA-VUMa4,4665.4
10041,OA-VUMa1,4665.7
35405,Mi1,4665.7
10011,OA-AL2i1,4665.8
11602,OA-ASM1,4666.0
10322,OA-AL2i2,4666.1
10265,OA-AL2i2,4666.400000000001
286259,OA-ASM1,4666.5
33907,Mi1,4666.9
10652,OA-AL2i4,4667.1
11264,OA-ASM1,4667.900000000001
532850,Tm3,4668.099999999999
12896,OA-VUMa5,4668.200000000001
10226,OA-AL2i3,4669.8
11608,OA-VUMa2,4670.3
12688,OA-ASM1,4670.4
12109,OA-VUMa2,4670.7
287884,OA-VPM3,4671.1
10555,OA-VUMa3,4671.400000000001
10677,OA-AL2i4,4671.5
34057,Mi1,4671.5
10204,OA-AL2i2,4672.6
10168,OA-VUMa6,4673.099999999999
10825,OA-AL2i3,4673.200000000001
10120,OA-VPM4,4673.6
10658,OA-AL2i3,4673.8
36252,Mi1,4673.900000000001
51122,Mi1,4674.2
10110,OA-VUMa1,4674.599999999999
10185,OA-VUMa8,4674.599999999999
10080,OA-VUMa3,4674.8
10175,OA-VUMa6,4674.9
35498,Mi1,4674.9
53065,Mi1,4674.9
10687,OA-AL2i3,4675.0
11921,OA-VPM4,4676.099999999999
33462,Mi1,4676.6
10072,OA-AL2i1,4676.8
11005,OA-VUMa4,4676.9
10041,OA-VUMa1,4677.1
10269,OA-AL2i2,4677.5
118924,Tm3,4677.599999999999
10187,OA-VPM3,4678.0
34849,Mi1,4678.1
10322,OA-AL2i2,4678.3
11602,OA-ASM1,4678.3
10011,OA-AL2i1,4678.7
12896,OA-VUMa5,4678.8
10799,OA-VUMa4,4679.1
35405,Mi1,4679.400000000001
10265,OA-AL2i2,4679.6
10652,OA-AL2i4,4680.5
11264,OA-ASM1,4680.6
71052,T2a,4680.7
286259,OA-ASM1,4680.900000000001
10226,OA-AL2i3,4681.3
11608,OA-VUMa2,4681.900000000001
12109,OA-VUMa2,4682.1
33907,Mi1,4682.2
12688,OA-ASM1,4683.1
73828,Tm3,4683.2
287884,OA-VPM3,4683.5
10677,OA-AL2i4,4684.0
10168,OA-VUMa6,4684.7
10555,OA-VUMa3,4684.8
10658,OA-AL2i3,4684.9
10120,OA-VPM4,4685.1
10110,OA-VUMa1,4685.299999999999
10825,OA-AL2i3,4685.400000000001
10204,OA-AL2i2,4686.1
34057,Mi1,4686.900000000001
10175,OA-VUMa6,4687.0
10080,OA-VUMa3,4687.400000000001
10041,OA-VUMa1,4687.9
10185,OA-VUMa8,4688.000000000001
10687,OA-AL2i3,4688.3
51122,Mi1,4688.5
53065,Mi1,4688.8
11005,OA-VUMa4,4689.0
10072,OA-AL2i1,4689.3
36252,Mi1,4689.500000000001
12896,OA-VUMa5,4689.900000000001
10269,OA-AL2i2,4690.1
10187,OA-VPM3,4690.3
11921,OA-VPM4,4690.5
35498,Mi1,4690.599999999999
11602,OA-ASM1,4690.9
10011,OA-AL2i1,4691.1
33462,Mi1,4691.1
10322,OA-AL2i2,4691.5
34849,Mi1,4691.6
10265,OA-AL2i2,4692.099999999999
10226,OA-AL2i3,4692.6
99922,T4c,4692.9
10799,OA-VUMa4,4693.1
11608,OA-VUMa2,4693.2
12109,OA-VUMa2,4694.0
11264,OA-ASM1,4694.200000000001
99663,T4c,4694.3
286259,OA-ASM1,4694.3
35405,Mi1,4694.4
10652,OA-AL2i4,4694.6
103479,T4c,4694.7
82145,T2a,4695.0
12688,OA-ASM1,4695.400000000001
10677,OA-AL2i4,4695.5
10658,OA-AL2i3,4696.2
287884,OA-VPM3,4696.2
10110,OA-VUMa1,4696.5
10168,OA-VUMa6,4696.6
33907,Mi1,4696.8
10555,OA-VUMa3,4697.8
92114,T4c,4697.900000000001
10175,OA-VUMa6,4698.1
10120,OA-VPM4,4698.2
10041,OA-VUMa1,4698.8
10825,OA-AL2i3,4698.8
10204,OA-AL2i2,4699.900000000001
10080,OA-VUMa3,4700.4
12896,OA-VUMa5,4700.9
10185,OA-VUMa8,4701.0
10687,OA-AL2i3,4701.0
34057,Mi1,4701.2
11005,OA-VUMa4,4701.5
51122,Mi1,4701.5
10269,OA-AL2i2,4701.8
10072,OA-AL2i1,4702.4
53065,Mi1,4702.6
10011,OA-AL2i1,4702.900000000001
10265,OA-AL2i2,4703.700000000001
36252,Mi1,4703.9
10322,OA-AL2i2,4704.1
11602,OA-ASM1,4704.1
10226,OA-AL2i3,4704.2
10187,OA-VPM3,4704.6
11608,OA-VUMa2,4704.8
12109,OA-VUMa2,4706.1
34849,Mi1,4706.1
11921,OA-VPM4,4706.3
10799,OA-VUMa4,4706.8
33462,Mi1,4706.8
10652,OA-AL2i4,4707.1
35498,Mi1,4707.1
12688,OA-ASM1,4707.4
10110,OA-VUMa1,4707.7
11264,OA-ASM1,4707.8
10658,OA-AL2i3,4708.0
286259,OA-ASM1,4708.6
10168,OA-VUMa6,4708.9
10041,OA-VUMa1,4709.400000000001
35405,Mi1,4709.400000000001
10677,OA-AL2i4,4709.5
10175,OA-VUMa6,4710.1
287884,OA-VPM3,4710.4
10120,OA-VPM4,4711.1
10555,OA-VUMa3,4711.1
10825,OA-AL2i3,4711.3
12896,OA-VUMa5,4711.400000000001
33907,Mi1,4711.5
10080,OA-VUMa3,4713.099999999999
10185,OA-VUMa8,4713.200000000001
10204,OA-AL2i2,4713.200000000001
10687,OA-AL2i3,4713.5
11005,OA-VUMa4,4714.1
10011,OA-AL2i1,4714.8
10269,OA-AL2i2,4715.0
10072,OA-AL2i1,4715.5
11608,OA-VUMa2,4715.8
51122,Mi1,4715.8
10265,OA-AL2i2,4716.0
10226,OA-AL2i3,4716.4
11602,OA-ASM1,4716.8
10322,OA-AL2i2,4716.9
53065,Mi1,4717.0
34057,Mi1,4717.1
10187,OA-VPM3,4717.3
10110,OA-VUMa1,4717.8
36252,Mi1,4717.900000000001
12109,OA-VUMa2,4718.500000000001
10799,OA-VUMa4,4718.7
10658,OA-AL2i3,4719.700000000001
10168,OA-VUMa6,4719.9
12688,OA-ASM1,4720.000000000001
10041,OA-VUMa1,4720.1
11264,OA-ASM1,4720.1
11921,OA-VPM4,4720.3
10652,OA-AL2i4,4720.400000000001
33462,Mi1,4720.7
34849,Mi1,4721.0
35498,Mi1,4722.2
286259,OA-ASM1,4722.2
10677,OA-AL2i4,4722.400000000001
10175,OA-VUMa6,4722.5
12896,OA-VUMa5,4722.599999999999
10120,OA-VPM4,4723.8
35405,Mi1,4724.0
287884,OA-VPM3,4724.200000000001
10825,OA-AL2i3,4724.7
10555,OA-VUMa3,4724.8
10687,OA-AL2i3,4725.400000000001
10080,OA-VUMa3,4725.6
10185,OA-VUMa8,4725.8
10011,OA-AL2i1,4726.3
532850,Tm3,4726.3
11005,OA-VUMa4,4726.500000000001
33907,Mi1,4726.7
10204,OA-AL2i2,4726.7
11608,OA-VUMa2,4727.1
10269,OA-AL2i2,4727.2
10226,OA-AL2i3,4728.000000000001
10110,OA-VUMa1,4728.2
10322,OA-AL2i2,4728.6
10072,OA-AL2i1,4728.7
71052,T2a,4729.200000000001
10265,OA-AL2i2,4729.5
11602,OA-ASM1,4729.6
10187,OA-VPM3,4729.900000000001
51122,Mi1,4730.0
12109,OA-VUMa2,4730.5
10041,OA-VUMa1,4731.0
10168,OA-VUMa6,4731.0
10799,OA-VUMa4,4731.0
10658,OA-AL2i3,4731.3
34057,Mi1,4731.4
53065,Mi1,4732.4
12688,OA-ASM1,4732.5
10175,OA-VUMa6,4733.2
36252,Mi1,4733.6
11921,OA-VPM4,4733.900000000001
10652,OA-AL2i4,4734.200000000001
12896,OA-VUMa5,4734.3
11264,OA-ASM1,4734.4
34849,Mi1,4735.1
10677,OA-AL2i4,4735.5
33462,Mi1,4735.700000000001
286259,OA-ASM1,4736.1
35498,Mi1,4736.400000000001
10120,OA-VPM4,4736.5
10825,OA-AL2i3,4736.6
287884,OA-VPM3,4737.8
35405,Mi1,4737.8
10555,OA-VUMa3,4737.8
10185,OA-VUMa8,4737.900000000001
10687,OA-AL2i3,4738.0
10011,OA-AL2i1,4738.3
10072,OA-AL2i1,4738.3
11608,OA-VUMa2,4738.3
10110,OA-VUMa1,4738.700000000001
11005,OA-VUMa4,4739.1
10226,OA-AL2i3,4739.5
10269,OA-AL2i2,4739.6
10080,OA-VUMa3,4739.7
10204,OA-AL2i2,4740.200000000001
33907,Mi1,4740.200000000001
10322,OA-AL2i2,4740.6
10265,OA-AL2i2,4741.6
10041,OA-VUMa1,4741.7
12109,OA-VUMa2,4742.7
11602,OA-ASM1,4742.900000000001
10187,OA-VPM3,4743.0
10658,OA-AL2i3,4743.0
10799,OA-VUMa4,4743.2
10175,OA-VUMa6,4744.1
51122,Mi1,4744.1
10168,OA-VUMa6,4744.3
12688,OA-ASM1,4744.7
12896,OA-VUMa5,4745.5
34057,Mi1,4746.9
53065,Mi1,4747.2
11921,OA-VPM4,4747.5
11264,OA-ASM1,4747.6
10072,OA-AL2i1,4747.900000000001
10120,OA-VPM4,4747.900000000001
10652,OA-AL2i4,4748.0
10677,OA-AL2i4,4748.099999999999
10825,OA-AL2i3,4748.3
36252,Mi1,4748.9
286259,OA-ASM1,4748.9
10011,OA-AL2i1,4749.400000000001
10110,OA-VUMa1,4749.5
11608,OA-VUMa2,4749.6
33462,Mi1,4749.7
34849,Mi1,4749.900000000001
10185,OA-VUMa8,4750.4
10687,OA-AL2i3,4750.6
10226,OA-AL2i3,4751.1
10555,OA-VUMa3,4751.1
11005,OA-VUMa4,4751.1
35498,Mi1,4751.1
287884,OA-VPM3,4751.1
118924,Tm3,4751.9
10041,OA-VUMa1,4752.2
35405,Mi1,4752.400000000001
10080,OA-VUMa3,4752.400000000001
10269,OA-AL2i2,4752.7
10204,OA-AL2i2,4753.0
10322,OA-AL2i2,4753.8
10265,OA-AL2i2,4754.0
12109,OA-VUMa2,4754.2
10658,OA-AL2i3,4754.5
33907,Mi1,4754.9
11602,OA-ASM1,4755.0
10187,OA-VPM3,4755.3
10799,OA-VUMa4,4755.5
99922,T4c,4755.5
76325,T2a,4756.200000000001
10168,OA-VUMa6,4756.3
99663,T4c,4756.5
10175,OA-VUMa6,4756.6
12896,OA-VUMa5,4756.8
10072,OA-AL2i1,4757.000000000001
51122,Mi1,4758.0
12688,OA-ASM1,4758.500000000001
10120,OA-VPM4,4760.1
10110,OA-VUMa1,4760.2
11264,OA-ASM1,4760.5
10011,OA-AL2i1,4760.6
11608,OA-VUMa2,4760.7
53065,Mi1,4760.900000000001
10825,OA-AL2i3,4761.0
10652,OA-AL2i4,4761.8
10185,OA-VUMa8,4761.9
10226,OA-AL2i3,4761.9
11921,OA-VPM4,4761.9
10677,OA-AL2i4,4762.1
34057,Mi1,4762.9
36252,Mi1,4762.9
286259,OA-ASM1,4763.0
10687,OA-AL2i3,4763.3
34849,Mi1,4763.3
10041,OA-VUMa1,4763.5
11005,OA-VUMa4,4763.7
287884,OA-VPM3,4763.900000000001
33462,Mi1,4764.3
10555,OA-VUMa3,4765.000000000001
10204,OA-AL2i2,4765.1
12109,OA-VUMa2,4765.1
35498,Mi1,4765.1
10080,OA-VUMa3,4765.3
10269,OA-AL2i2,4765.400000000001
35405,Mi1,4765.6
10658,OA-AL2i3,4766.1
10322,OA-AL2i2,4766.4
10265,OA-AL2i2,4766.500000000001
92114,T4c,4767.400000000001
12896,OA-VUMa5,4767.5
10072,OA-AL2i1,4767.599999999999
10168,OA-VUMa6,4768.0
10175,OA-VUMa6,4768.0
11602,OA-ASM1,4768.2
10187,OA-VPM3,4768.3
10799,OA-VUMa4,4768.900000000001
33907,Mi1,4769.200000000001
10110,OA-VUMa1,4770.3
12688,OA-ASM1,4770.400000000001
10120,OA-VPM4,4771.5
10011,OA-AL2i1,4772.0
11608,OA-VUMa2,4772.400000000001
10226,OA-AL2i3,4772.5
51122,Mi1,4772.6
10041,OA-VUMa1,4774.099999999999
10652,OA-AL2i4,4774.099999999999
10825,OA-AL2i3,4774.200000000001
10185,OA-VUMa8,4774.3
11264,OA-ASM1,4774.6
10687,OA-AL2i3,4775.599999999999
11005,OA-VUMa4,4775.599999999999
11921,OA-VPM4,4775.599999999999
36252,Mi1,4775.599999999999
10677,OA-AL2i4,4776.0
287884,OA-VPM3,4776.400000000001
12109,OA-VUMa2,4776.5
53065,Mi1,4776.5
286259,OA-ASM1,4776.8
34057,Mi1,4777.0
10658,OA-AL2i3,4777.4
10204,OA-AL2i2,4777.5
10269,OA-AL2i2,4777.6
10072,OA-AL2i1,4777.7
10080,OA-VUMa3,4778.1
10322,OA-AL2i2,4778.400000000001
10555,OA-VUMa3,4778.9
33462,Mi1,4778.9
34849,Mi1,4778.9
12896,OA-VUMa5,4779.1
35498,Mi1,4779.5
10265,OA-AL2i2,4780.0
10175,OA-VUMa6,4780.1
10168,OA-VUMa6,4780.400000000001
10187,OA-VPM3,4780.6
10110,OA-VUMa1,4780.8
35405,Mi1,4780.8
10799,OA-VUMa4,4781.8
11602,OA-ASM1,4782.0
10011,OA-AL2i1,4783.0
33907,Mi1,4783.2
12688,OA-ASM1,4783.400000000001
11608,OA-VUMa2,4783.400000000001
10120,OA-VPM4,4783.400000000001
71052,T2a,4784.0
10226,OA-AL2i3,4784.3
10041,OA-VUMa1,4784.7
10652,OA-AL2i4,4786.0
51122,Mi1,4786.400000000001
10185,OA-VUMa8,4786.5
10072,OA-AL2i1,4786.8
10825,OA-AL2i3,4787.3
11005,OA-VUMa4,4787.4
11264,OA-ASM1,4787.8
12109,OA-VUMa2,4788.2
287884,OA-VPM3,4788.3
10677,OA-AL2i4,4788.400000000001
10687,OA-AL2i3,4788.9
11921,OA-VPM4,4788.9
36252,Mi1,4789.1
10658,OA-AL2i3,4789.2
53065,Mi1,4790.4
10204,OA-AL2i2,4790.6
10269,OA-AL2i2,4790.6
286259,OA-ASM1,4791.0
10322,OA-AL2i2,4791.2
10110,OA-VUMa1,4791.400000000001
34057,Mi1,4791.400000000001
12896,OA-VUMa5,4791.5
10175,OA-VUMa6,4791.8
10555,OA-VUMa3,4791.8
34849,Mi1,4791.9
10080,OA-VUMa3,4792.2
10265,OA-AL2i2,4792.3
10187,OA-VPM3,4793.0
10168,OA-VUMa6,4793.5
33462,Mi1,4794.0
35498,Mi1,4794.2
11602,OA-ASM1,4794.599999999999
35405,Mi1,4794.599999999999
10041,OA-VUMa1,4794.8
10011,OA-AL2i1,4794.9
10120,OA-VPM4,4795.0
10799,OA-VUMa4,4795.2
11608,OA-VUMa2,4795.4
12688,OA-ASM1,4795.8
118924,Tm3,4795.900000000001
10072,OA-AL2i1,4796.1
10226,OA-AL2i3,4796.2
33907,Mi1,4797.6
10652,OA-AL2i4,4798.0
10185,OA-VUMa8,4798.900000000001
11005,OA-VUMa4,4799.1
12109,OA-VUMa2,4799.599999999999
10825,OA-AL2i3,4799.8
10658,OA-AL2i3,4800.8
51122,Mi1,4801.4
287884,OA-VPM3,4801.5
11264,OA-ASM1,4801.8
10687,OA-AL2i3,4802.0
10110,OA-VUMa1,4802.1
10677,OA-AL2i4,4802.1
10175,OA-VUMa6,4802.5
12896,OA-VUMa5,4802.8
10269,OA-AL2i2,4802.9
10322,OA-AL2i2,4803.2
10204,OA-AL2i2,4803.7
286259,OA-ASM1,4803.900000000001
11921,OA-VPM4,4804.6
36252,Mi1,4804.6
34057,Mi1,4804.9
10265,OA-AL2i2,4805.000000000001
10080,OA-VUMa3,4805.3
10041,OA-VUMa1,4805.400000000001
53065,Mi1,4805.400000000001
10072,OA-AL2i1,4805.5
10168,OA-VUMa6,4805.7
10187,OA-VPM3,4805.7
10555,OA-VUMa3,4805.900000000001
34849,Mi1,4806.099999999999
11608,OA-VUMa2,4806.7
10120,OA-VPM4,4806.8
10011,OA-AL2i1,4807.0
33462,Mi1,4807.700000000001
11602,OA-ASM1,4807.8
35405,Mi1,4808.3
10226,OA-AL2i3,4808.400000000001
10799,OA-VUMa4,4808.6
12688,OA-ASM1,4808.7
35498,Mi1,4809.3
73828,Tm3,4809.8
10652,OA-AL2i4,4810.5
11005,OA-VUMa4,4810.8
12109,OA-VUMa2,4811.1
10185,OA-VUMa8,4811.5
10825,OA-AL2i3,4812.1
10658,OA-AL2i3,4812.3
33907,Mi1,4812.6
10110,OA-VUMa1,4812.9
10175,OA-VUMa6,4814.0
12896,OA-VUMa5,4814.200000000001
287884,OA-VPM3,4814.200000000001
10687,OA-AL2i3,4814.7
10072,OA-AL2i1,4815.1
10677,OA-AL2i4,4815.1
10322,OA-AL2i2,4815.2
10269,OA-AL2i2,4815.3
11264,OA-ASM1,4815.599999999999
10041,OA-VUMa1,4815.8
51122,Mi1,4816.1
10168,OA-VUMa6,4816.900000000001
10204,OA-AL2i2,4817.0
11608,OA-VUMa2,4817.4
286259,OA-ASM1,4817.6
10265,OA-AL2i2,4817.7
10011,OA-AL2i1,4817.8
10080,OA-VUMa3,4818.0
10187,OA-VPM3,4818.299999999999
34057,Mi1,4818.700000000001
36252,Mi1,4818.8
10555,OA-VUMa3,4819.0
11921,OA-VPM4,4819.500000000001
10120,OA-VPM4,4819.6
10226,OA-AL2i3,4819.8
53065,Mi1,4820.5
34849,Mi1,4820.6
11602,OA-ASM1,4820.700000000001
12688,OA-ASM1,4821.2
10799,OA-VUMa4,4822.4
12109,OA-VUMa2,4822.500000000001
10652,OA-AL2i4,4822.8
11005,OA-VUMa4,4822.8
33462,Mi1,4822.900000000001
10110,OA-VUMa1,4823.3
10185,OA-VUMa8,4823.400000000001
35405,Mi1,4824.0
10658,OA-AL2i3,4824.1
35498,Mi1,4824.4
10825,OA-AL2i3,4824.5
99922,T4c,4824.5
532850,Tm3,4825.0
10072,OA-AL2i1,4825.099999999999
12896,OA-VUMa5,4825.7
10175,OA-VUMa6,4825.9
33907,Mi1,4826.400000000001
92114,T4c,4826.700000000001
10041,OA-VUMa1,4826.8
10687,OA-AL2i3,4826.9
287884,OA-VPM3,4826.9
10677,OA-AL2i4,4827.0
10322,OA-AL2i2,4827.8
10168,OA-VUMa6,4828.3
10269,OA-AL2i2,4828.400000000001
11264,OA-ASM1,4828.400000000001
11608,OA-VUMa2,4828.6
10011,OA-AL2i1,4829.400000000001
51122,Mi1,4829.400000000001
10187,OA-VPM3,4830.200000000001
10265,OA-AL2i2,4830.200000000001
10204,OA-AL2i2,4830.5
286259,OA-ASM1,4830.6
10226,OA-AL2i3,4831.0
10080,OA-VUMa3,4831.3
10555,OA-VUMa3,4832.5
10120,OA-VPM4,4832.7
11921,OA-VPM4,4833.0
36252,Mi1,4833.0
11602,OA-ASM1,4833.099999999999
34057,Mi1,4833.5
12688,OA-ASM1,4833.9
34849,Mi1,4833.9
12109,OA-VUMa2,4834.1
10110,OA-VUMa1,4834.2
53065,Mi1,4834.8
10072,OA-AL2i1,4835.1
10652,OA-AL2i4,4835.3
10185,OA-VUMa8,4835.8
10799,OA-VUMa4,4836.1
11005,OA-VUMa4,4836.3
10175,OA-VUMa6,4836.5
10658,OA-AL2i3,4836.599999999999
10825,OA-AL2i3,4836.700000000001
33462,Mi1,4836.8
12896,OA-VUMa5,4836.9
10041,OA-VUMa1,4838.099999999999
35405,Mi1,4838.7
33907,Mi1,4839.3
10168,OA-VUMa6,4839.599999999999
10677,OA-AL2i4,4839.599999999999
10687,OA-AL2i3,4839.599999999999
10322,OA-AL2i2,4839.700000000001
35498,Mi1,4839.700000000001
287884,OA-VPM3,4839.700000000001
11608,OA-VUMa2,4839.9
10011,OA-AL2i1,4840.5
103479,T4c,4841.099999999999
10269,OA-AL2i2,4841.5
11264,OA-ASM1,4842.0
10265,OA-AL2i2,4842.6
10187,OA-VPM3,4842.900000000001
51122,Mi1,4843.1
10204,OA-AL2i2,4843.200000000001
10226,OA-AL2i3,4843.6
286259,OA-ASM1,4844.1
10072,OA-AL2i1,4844.3
10080,OA-VUMa3,4844.400000000001
99663,T4c,4844.5
12109,OA-VUMa2,4844.599999999999
10110,OA-VUMa1,4845.000000000001
10120,OA-VPM4,4845.2
11602,OA-ASM1,4845.7
12688,OA-ASM1,4846.0
10555,OA-VUMa3,4846.200000000001
36252,Mi1,4846.4
11921,OA-VPM4,4846.7
34849,Mi1,4847.400000000001
53065,Mi1,4847.400000000001
34057,Mi1,4847.700000000001
10652,OA-AL2i4,4847.8
12896,OA-VUMa5,4848.2
10658,OA-AL2i3,4848.4
10185,OA-VUMa8,4848.5
10825,OA-AL2i3,4848.5
11005,OA-VUMa4,4848.6
10041,OA-VUMa1,4849.0
10175,OA-VUMa6,4849.0
10799,OA-VUMa4,4849.3
10168,OA-VUMa6,4851.200000000001
11608,OA-VUMa2,4851.500000000001
10322,OA-AL2i2,4851.500000000001
10677,OA-AL2i4,4851.6
71052,T2a,4851.6
10011,OA-AL2i1,4851.8
33462,Mi1,4851.8
118924,Tm3,4851.8
287884,OA-VPM3,4851.8
10687,OA-AL2i3,4852.1
35405,Mi1,4852.9
35498,Mi1,4853.5
10072,OA-AL2i1,4853.6
10269,OA-AL2i2,4853.8
11264,OA-ASM1,4854.0
33907,Mi1,4854.4
10187,OA-VPM3,4855.1
10226,OA-AL2i3,4855.1
10265,OA-AL2i2,4855.3
10110,OA-VUMa1,4855.8
10204,OA-AL2i2,4856.1
12109,OA-VUMa2,4856.2
10120,OA-VPM4,4856.5
286259,OA-ASM1,4857.3
10080,OA-VUMa3,4857.8
51122,Mi1,4858.2
12896,OA-VUMa5,4859.200000000001
12688,OA-ASM1,4859.6
10041,OA-VUMa1,4859.7
11602,OA-ASM1,4859.8
10652,OA-AL2i4,4860.1
53065,Mi1,4860.400000000001
10555,OA-VUMa3,4860.5
10658,OA-AL2i3,4860.5
36252,Mi1,4860.8
10185,OA-VUMa8,4860.9
11921,OA-VPM4,4861.2
10825,OA-AL2i3,4861.3
10799,OA-VUMa4,4861.3
10175,OA-VUMa6,4861.400000000001
34849,Mi1,4861.5
11005,OA-VUMa4,4862.0
10011,OA-AL2i1,4862.099999999999
10168,OA-VUMa6,4862.8
10322,OA-AL2i2,4862.900000000001
11608,OA-VUMa2,4862.900000000001
34057,Mi1,4863.400000000001
10072,OA-AL2i1,4864.3
10687,OA-AL2i3,4864.6
10677,OA-AL2i4,4864.900000000001
33462,Mi1,4865.0
287884,OA-VPM3,4865.0
10110,OA-VUMa1,4865.8
10226,OA-AL2i3,4866.7
11264,OA-ASM1,4867.0
10269,OA-AL2i2,4867.1
35498,Mi1,4867.200000000001
10187,OA-VPM3,4867.4
10265,OA-AL2i2,4867.7
33907,Mi1,4867.7
12109,OA-VUMa2,4868.3
35405,Mi1,4868.599999999999
10120,OA-VPM4,4868.700000000001
76325,T2a,4868.8
10041,OA-VUMa1,4869.8
10204,OA-AL2i2,4870.099999999999
12896,OA-VUMa5,4870.099999999999
10080,OA-VUMa3,4870.6
286259,OA-ASM1,4871.2
12688,OA-ASM1,4872.3
10825,OA-AL2i3,4872.5
51122,Mi1,4872.6
10658,OA-AL2i3,4872.6
10652,OA-AL2i4,4872.799999999999
11602,OA-ASM1,4872.900000000001
10185,OA-VUMa8,4873.4
10168,OA-VUMa6,4873.6
10175,OA-VUMa6,4873.7
10799,OA-VUMa4,4873.9
53065,Mi1,4874.2
10555,OA-VUMa3,4874.2
10072,OA-AL2i1,4874.6
11005,OA-VUMa4,4874.8
34849,Mi1,4874.900000000001
10322,OA-AL2i2,4875.0
11921,OA-VPM4,4875.200000000001
11608,OA-VUMa2,4875.4
36252,Mi1,4875.4
10011,OA-AL2i1,4875.6
10110,OA-VUMa1,4876.2
10687,OA-AL2i3,4876.5
10226,OA-AL2i3,4877.7
10677,OA-AL2i4,4877.7
34057,Mi1,4877.8
287884,OA-VPM3,4878.0
10269,OA-AL2i2,4879.0
33462,Mi1,4879.0
11264,OA-ASM1,4879.3
12109,OA-VUMa2,4879.599999999999
10187,OA-VPM3,4879.700000000001
10265,OA-AL2i2,4879.9
10041,OA-VUMa1,4880.4
532850,Tm3,4881.200000000001
33907,Mi1,4881.5
35405,Mi1,4881.6
10120,OA-VPM4,4881.7
12896,OA-VUMa5,4881.9
35498,Mi1,4882.3
10204,OA-AL2i2,4883.3
10658,OA-AL2i3,4883.500000000001
10080,OA-VUMa3,4883.6
10825,OA-AL2i3,4884.5
10168,OA-VUMa6,4884.599999999999
286259,OA-ASM1,4884.700000000001
10652,OA-AL2i4,4884.9
10185,OA-VUMa8,4885.5
11608,OA-VUMa2,4886.099999999999
10110,OA-VUMa1,4886.200000000001
10175,OA-VUMa6,4886.4
11005,OA-VUMa4,4886.7
10072,OA-AL2i1,4886.8
12688,OA-ASM1,4886.9
10799,OA-VUMa4,4887.2
11602,OA-ASM1,4887.3
10322,OA-AL2i2,4887.400000000001
10555,OA-VUMa3,4888.1
53065,Mi1,4888.3
11921,OA-VPM4,4888.4
10011,OA-AL2i1,4888.7
51122,Mi1,4888.7
34849,Mi1,4888.799999999999
10687,OA-AL2i3,4889.3
10226,OA-AL2i3,4889.4
10677,OA-AL2i4,4889.9
36252,Mi1,4890.1
10041,OA-VUMa1,4890.5
10269,OA-AL2i2,4890.7
287884,OA-VPM3,4890.8
11264,OA-ASM1,4891.0
12109,OA-VUMa2,4891.3
71052,T2a,4891.6
10265,OA-AL2i2,4892.5
92114,T4c,4892.599999999999
34057,Mi1,4892.9
10187,OA-VPM3,4893.400000000001
12896,OA-VUMa5,4893.5
10120,OA-VPM4,4893.6
33462,Mi1,4894.099999999999
10658,OA-AL2i3,4894.8
10168,OA-VUMa6,4895.5
35405,Mi1,4896.1
10204,OA-AL2i2,4896.2
10080,OA-VUMa3,4896.3
10825,OA-AL2i3,4896.6
35498,Mi1,4896.900000000001
10652,OA-AL2i4,4897.099999999999
10185,OA-VUMa8,4897.3
11608,OA-VUMa2,4897.400000000001
99423,T4d,4897.5
33907,Mi1,4897.5
10175,OA-VUMa6,4898.6
10110,OA-VUMa1,4898.7
11005,OA-VUMa4,4898.900000000001
11602,OA-ASM1,4899.1
10072,OA-AL2i1,4899.3
286259,OA-ASM1,4899.4
10799,OA-VUMa4,4899.900000000001
10226,OA-AL2i3,4900.2
12688,OA-ASM1,4900.400000000001
10041,OA-VUMa1,4901.0
10687,OA-AL2i3,4901.0
10011,OA-AL2i1,4901.3
10555,OA-VUMa3,4901.3
10322,OA-AL2i2,4901.400000000001
11921,OA-VPM4,4901.900000000001
12109,OA-VUMa2,4902.099999999999
53065,Mi1,4902.4
10677,OA-AL2i4,4902.6
51122,Mi1,4902.8
10269,OA-AL2i2,4902.9
287884,OA-VPM3,4903.0
34849,Mi1,4903.700000000001
36252,Mi1,4903.8
11264,OA-ASM1,4903.9
10265,OA-AL2i2,4904.7
12896,OA-VUMa5,4905.0
10120,OA-VPM4,4905.3
10187,OA-VPM3,4905.6
10168,OA-VUMa6,4906.5
10658,OA-AL2i3,4906.5
34057,Mi1,4906.6
10825,OA-AL2i3,4908.0
118924,Tm3,4908.400000000001
10204,OA-AL2i2,4909.0
99922,T4c,4909.1
10652,OA-AL2i4,4909.2
11608,OA-VUMa2,4909.2
10080,OA-VUMa3,4909.400000000001
10185,OA-VUMa8,4909.400000000001
33462,Mi1,4909.900000000001
11005,OA-VUMa4,4910.4
10110,OA-VUMa1,4910.6
35405,Mi1,4910.6
10072,OA-AL2i1,4910.8
10175,OA-VUMa6,4910.8
11602,OA-ASM1,4912.3
10041,OA-VUMa1,4912.4
35498,Mi1,4912.6
10011,OA-AL2i1,4912.7
286259,OA-ASM1,4912.7
10226,OA-AL2i3,4912.8
33907,Mi1,4912.900000000001
10687,OA-AL2i3,4913.0
10799,OA-VUMa4,4913.200000000001
10322,OA-AL2i2,4913.400000000001
12109,OA-VUMa2,4913.700000000001
10677,OA-AL2i4,4913.9
12688,OA-ASM1,4914.2
10555,OA-VUMa3,4914.5
11921,OA-VPM4,4914.6
10269,OA-AL2i2,4915.3
12896,OA-VUMa5,4916.0
287884,OA-VPM3,4916.9
10658,OA-AL2i3,4917.2
10120,OA-VPM4,4917.3
36252,Mi1,4917.3
53065,Mi1,4917.6
10265,OA-AL2i2,4918.0
51122,Mi1,4918.3
11264,OA-ASM1,4918.4
34849,Mi1,4918.5
10168,OA-VUMa6,4918.7
10187,OA-VPM3,4918.7
10825,OA-AL2i3,4919.700000000001
11608,OA-VUMa2,4920.900000000001
34057,Mi1,4921.2
10652,OA-AL2i4,4921.6
10080,OA-VUMa3,4921.8
10110,OA-VUMa1,4921.9
10185,OA-VUMa8,4922.000000000001
11005,OA-VUMa4,4922.2
10204,OA-AL2i2,4922.7
103479,T4c,4922.8
10175,OA-VUMa6,4922.900000000001
10072,OA-AL2i1,4923.3
33462,Mi1,4923.8
10011,OA-AL2i1,4924.0
10041,OA-VUMa1,4924.2
10226,OA-AL2i3,4924.2
10322,OA-AL2i2,4924.5
11602,OA-ASM1,4925.2
35405,Mi1,4925.2
33907,Mi1,4925.400000000001
10799,OA-VUMa4,4925.7
12109,OA-VUMa2,4926.0
286259,OA-ASM1,4926.099999999999
35498,Mi1,4926.4
10687,OA-AL2i3,4926.5
10677,OA-AL2i4,4927.0
12896,OA-VUMa5,4927.700000000001
10555,OA-VUMa3,4927.8
12688,OA-ASM1,4927.9
10658,OA-AL2i3,4928.1
10269,OA-AL2i2,4928.4
11921,OA-VPM4,4928.8
287884,OA-VPM3,4929.700000000001
10120,OA-VPM4,4930.3
10265,OA-AL2i2,4930.400000000001
36252,Mi1,4930.8
10168,OA-VUMa6,4931.099999999999
11264,OA-ASM1,4931.3
83365,T2a,4931.6
10187,OA-VPM3,4931.7
10825,OA-AL2i3,4931.900000000001
11608,OA-VUMa2,4932.1
34849,Mi1,4932.599999999999
51122,Mi1,4933.2
10080,OA-VUMa3,4933.6
53065,Mi1,4933.7
10110,OA-VUMa1,4933.8
34057,Mi1,4933.8
10652,OA-AL2i4,4934.3
11005,OA-VUMa4,4934.4
10175,OA-VUMa6,4934.5
10185,OA-VUMa8,4934.7
10204,OA-AL2i2,4935.5
10226,OA-AL2i3,4935.8
10041,OA-VUMa1,4935.9
10322,OA-AL2i2,4936.4
99663,T4c,4936.4
10072,OA-AL2i1,4936.5
10011,OA-AL2i1,4936.5
12109,OA-VUMa2,4937.6
33462,Mi1,4937.8
10799,OA-VUMa4,4938.000000000001
10687,OA-AL2i3,4938.3
11602,OA-ASM1,4938.7
33907,Mi1,4939.200000000001
10677,OA-AL2i4,4939.3
12896,OA-VUMa5,4939.8
10658,OA-AL2i3,4940.0
10555,OA-VUMa3,4940.599999999999
286259,OA-ASM1,4940.599999999999
10269,OA-AL2i2,4940.8
35405,Mi1,4940.9
12688,OA-ASM1,4941.0
35498,Mi1,4941.400000000001
99922,T4c,4941.5
10168,OA-VUMa6,4942.3
11921,OA-VPM4,4942.4
287884,OA-VPM3,4942.6
10120,OA-VPM4,4943.0
10265,OA-AL2i2,4943.1
11608,OA-VUMa2,4943.2
10825,OA-AL2i3,4943.5
79345,T2a,4943.9
10187,OA-VPM3,4944.1
10110,OA-VUMa1,4944.3
11264,OA-ASM1,4944.900000000001
36252,Mi1,4945.0
10080,OA-VUMa3,4945.8
34849,Mi1,4945.9
11005,OA-VUMa4,4946.3
10175,OA-VUMa6,4946.7
10072,OA-AL2i1,4947.200000000001
10204,OA-AL2i2,4947.3
10041,OA-VUMa1,4947.3
10652,OA-AL2i4,4947.4
10011,OA-AL2i1,4947.7
34057,Mi1,4947.7
10185,OA-VUMa8,4947.8
10226,OA-AL2i3,4947.900000000001
10322,OA-AL2i2,4948.3
12109,OA-VUMa2,4948.9
51122,Mi1,4949.1
53065,Mi1,4949.3
10687,OA-AL2i3,4950.0
10799,OA-VUMa4,4950.7
12896,OA-VUMa5,4951.0
92114,T4c,4951.1
11602,OA-ASM1,4951.400000000001
10658,OA-AL2i3,4951.700000000001
10677,OA-AL2i4,4952.4
33462,Mi1,4952.7
71052,T2a,4952.900000000001
10269,OA-AL2i2,4953.0
12688,OA-ASM1,4953.400000000001
10555,OA-VUMa3,4953.8
10168,OA-VUMa6,4953.9
35405,Mi1,4953.9
286259,OA-ASM1,4953.9
287884,OA-VPM3,4955.0
10110,OA-VUMa1,4955.3
11608,OA-VUMa2,4955.3
10825,OA-AL2i3,4955.5
33907,Mi1,4955.6
11921,OA-VPM4,4955.8
35498,Mi1,4955.900000000001
10120,OA-VPM4,4956.0
10265,OA-AL2i2,4956.0
10187,OA-VPM3,4956.599999999999
11264,OA-ASM1,4957.6
10041,OA-VUMa1,4958.4
11005,OA-VUMa4,4958.5
532850,Tm3,4958.6
10072,OA-AL2i1,4959.0
10080,OA-VUMa3,4959.1
12109,OA-VUMa2,4959.2
10652,OA-AL2i4,4959.299999999999
10175,OA-VUMa6,4959.599999999999
10322,OA-AL2i2,4959.700000000001
10011,OA-AL2i1,4960.3
10226,OA-AL2i3,4960.3
10185,OA-VUMa8,4960.500000000001
10204,OA-AL2i2,4960.500000000001
34849,Mi1,4960.900000000001
36252,Mi1,4961.6
10687,OA-AL2i3,4961.9
12896,OA-VUMa5,4962.2
34057,Mi1,4962.3
10799,OA-VUMa4,4962.400000000001
10658,OA-AL2i3,4962.900000000001
11602,OA-ASM1,4963.7
10677,OA-AL2i4,4964.2
51122,Mi1,4964.9
53065,Mi1,4965.0
10269,OA-AL2i2,4965.1
10168,OA-VUMa6,4965.3
12688,OA-ASM1,4965.7
10555,OA-VUMa3,4966.5
10110,OA-VUMa1,4966.6
33462,Mi1,4967.2
11608,OA-VUMa2,4967.299999999999
10825,OA-AL2i3,4968.0
286259,OA-ASM1,4968.0
10265,OA-AL2i2,4968.1
10120,OA-VPM4,4968.1
287884,OA-VPM3,4968.4
11921,OA-VPM4,4968.500000000001
35405,Mi1,4968.6
10041,OA-VUMa1,4969.400000000001
10187,OA-VPM3,4969.400000000001
35498,Mi1,4969.599999999999
33907,Mi1,4970.1
11005,OA-VUMa4,4970.1
118924,Tm3,4970.400000000001
82145,T2a,4970.5
10652,OA-AL2i4,4970.900000000001
10072,OA-AL2i1,4971.200000000001
11264,OA-ASM1,4971.3
10080,OA-VUMa3,4971.4
10175,OA-VUMa6,4971.5
12109,OA-VUMa2,4971.5
10185,OA-VUMa8,4972.0
10322,OA-AL2i2,4972.0
10226,OA-AL2i3,4972.1
42119,Mi1,4972.5
10011,OA-AL2i1,4972.8
76325,T2a,4972.9
12896,OA-VUMa5,4973.3
10204,OA-AL2i2,4973.3
10687,OA-AL2i3,4974.200000000001
10658,OA-AL2i3,4974.5
34849,Mi1,4974.8
36252,Mi1,4975.3
11602,OA-ASM1,4975.6
10799,OA-VUMa4,4975.8
34057,Mi1,4976.200000000001
10168,OA-VUMa6,4976.6
10677,OA-AL2i4,4976.900000000001
37000,Mi1,4976.900000000001
10110,OA-VUMa1,4977.5
10269,OA-AL2i2,4978.000000000001
11608,OA-VUMa2,4978.000000000001
12688,OA-ASM1,4978.1
10555,OA-VUMa3,4979.5
53065,Mi1,4979.6
51122,Mi1,4979.7
10041,OA-VUMa1,4979.7
10825,OA-AL2i3,4980.0
10265,OA-AL2i2,4980.2
10120,OA-VPM4,4980.8
286259,OA-ASM1,4980.9
11005,OA-VUMa4,4981.1
287884,OA-VPM3,4981.8
33462,Mi1,4982.0
99922,T4c,4982.6
10187,OA-VPM3,4982.8
11921,OA-VPM4,4983.0
12109,OA-VUMa2,4983.1
10226,OA-AL2i3,4983.3
10175,OA-VUMa6,4983.400000000001
10072,OA-AL2i1,4983.6
10652,OA-AL2i4,4983.7
10322,OA-AL2i2,4983.900000000001
103479,T4c,4984.0
11264,OA-ASM1,4984.1
35498,Mi1,4984.1
10011,OA-AL2i1,4984.3
10080,OA-VUMa3,4984.6
35405,Mi1,4984.6
33907,Mi1,4984.8
34356,Mi1,4984.8
10185,OA-VUMa8,4985.2
10687,OA-AL2i3,4985.3
12896,OA-VUMa5,4985.700000000001
56564,Mi1,4986.000000000001
10658,OA-AL2i3,4986.2
73828,Tm3,4986.2
10204,OA-AL2i2,4986.400000000001
99663,T4c,4988.3
11602,OA-ASM1,4988.5
10799,OA-VUMa4,4988.5
10110,OA-VUMa1,4988.5
34849,Mi1,4988.599999999999
10168,OA-VUMa6,4988.700000000001
11608,OA-VUMa2,4989.1
34057,Mi1,4989.2
36252,Mi1,4989.3
10677,OA-AL2i4,4989.900000000001
10269,OA-AL2i2,4990.099999999999
10041,OA-VUMa1,4991.2
12688,OA-ASM1,4991.2
10265,OA-AL2i2,4992.1
10825,OA-AL2i3,4992.1
93566,T4a,4992.8
10555,OA-VUMa3,4993.400000000001
71052,T2a,4993.599999999999
10072,OA-AL2i1,4993.700000000001
11005,OA-VUMa4,4993.8
10120,OA-VPM4,4993.8
51122,Mi1,4993.9
10226,OA-AL2i3,4994.000000000001
92114,T4c,4994.000000000001
53065,Mi1,4994.7
286259,OA-ASM1,4994.900000000001
12109,OA-VUMa2,4995.099999999999
10175,OA-VUMa6,4995.3
33462,Mi1,4995.7
10011,OA-AL2i1,4995.900000000001
10187,OA-VPM3,4996.1
287884,OA-VPM3,4996.2
10322,OA-AL2i2,4996.5
10652,OA-AL2i4,4996.5
12896,OA-VUMa5,4996.9
42119,Mi1,4997.6
10185,OA-VUMa8,4997.7
10687,OA-AL2i3,4997.7
11921,OA-VPM4,4997.799999999999
11264,OA-ASM1,4997.900000000001
33907,Mi1,4998.200000000001
10080,OA-VUMa3,4998.3
10658,OA-AL2i3,4998.3
35498,Mi1,4998.3
35405,Mi1,4998.9
10110,OA-VUMa1,4999.2
10204,OA-AL2i2,4999.6
10168,OA-VUMa6,5000.4
11608,OA-VUMa2,5000.4
11602,OA-ASM1,5001.1
10799,OA-VUMa4,5001.700000000001
10041,OA-VUMa1,5001.9
37000,Mi1,5001.9
34849,Mi1,5002.400000000001
10677,OA-AL2i4,5002.6
10269,OA-AL2i2,5002.7
12688,OA-ASM1,5003.6
36252,Mi1,5004.0
10265,OA-AL2i2,5004.599999999999
10555,OA-VUMa3,5004.700000000001
10825,OA-AL2i3,5004.9
34057,Mi1,5005.0
10072,OA-AL2i1,5005.3
10226,OA-AL2i3,5005.6
10120,OA-VPM4,5005.7
11005,OA-VUMa4,5006.7
12109,OA-VUMa2,5006.9
10011,OA-AL2i1,5007.000000000001
10175,OA-VUMa6,5007.000000000001
34356,Mi1,5007.900000000001
286259,OA-ASM1,5008.1
51122,Mi1,5008.200000000001
10322,OA-AL2i2,5008.6
12896,OA-VUMa5,5009.0
287884,OA-VPM3,5009.1
10185,OA-VUMa8,5009.2
53065,Mi1,5009.599999999999
10652,OA-AL2i4,5010.000000000001
10687,OA-AL2i3,5010.400000000001
10187,OA-VPM3,5010.8
10658,OA-AL2i3,5010.8
56564,Mi1,5010.8
10110,OA-VUMa1,5010.900000000001
11264,OA-ASM1,5011.099999999999
11608,OA-VUMa2,5011.4
10080,OA-VUMa3,5011.5
33462,Mi1,5011.6
35405,Mi1,5012.2
10168,OA-VUMa6,5012.599999999999
11921,OA-VPM4,5012.8
35498,Mi1,5012.8
10041,OA-VUMa1,5012.9
10204,OA-AL2i2,5013.0
11602,OA-ASM1,5013.0
33907,Mi1,5013.799999999999
10799,OA-VUMa4,5014.6
10269,OA-AL2i2,5014.8
10072,OA-AL2i1,5014.9
10677,OA-AL2i4,5015.400000000001
12688,OA-ASM1,5015.900000000001
10226,OA-AL2i3,5016.7
10555,OA-VUMa3,5017.5
12109,OA-VUMa2,5017.599999999999
42119,Mi1,5017.8
10120,OA-VPM4,5017.9
10825,OA-AL2i3,5018.000000000001
10265,OA-AL2i2,5018.3
10175,OA-VUMa6,5018.6
36252,Mi1,5018.7
11005,OA-VUMa4,5018.7
34849,Mi1,5018.7
10011,OA-AL2i1,5019.8
10322,OA-AL2i2,5019.8
34057,Mi1,5019.9
12896,OA-VUMa5,5021.0
286259,OA-ASM1,5021.2
10185,OA-VUMa8,5021.6
287884,OA-VPM3,5021.900000000001
10658,OA-AL2i3,5022.099999999999
10110,OA-VUMa1,5022.6
10687,OA-AL2i3,5022.6
51122,Mi1,5023.000000000001
37000,Mi1,5023.1
11608,OA-VUMa2,5023.400000000001
10187,OA-VPM3,5023.5
10080,OA-VUMa3,5023.7
53065,Mi1,5023.900000000001
10041,OA-VUMa1,5024.0
10072,OA-AL2i1,5024.200000000001
11264,OA-ASM1,5024.200000000001
10652,OA-AL2i4,5024.500000000001
10168,OA-VUMa6,5024.6
11602,OA-ASM1,5025.0
11921,OA-VPM4,5025.400000000001
10204,OA-AL2i2,5026.400000000001
33462,Mi1,5026.400000000001
118924,Tm3,5026.400000000001
35498,Mi1,5026.6
10269,OA-AL2i2,5026.8
35405,Mi1,5026.8
10799,OA-VUMa4,5027.0
34356,Mi1,5027.200000000001
10226,OA-AL2i3,5027.7
12688,OA-ASM1,5028.0
10677,OA-AL2i4,5028.1
33907,Mi1,5029.3
99922,T4c,5029.3
12109,OA-VUMa2,5029.6
10175,OA-VUMa6,5029.900000000001
11005,OA-VUMa4,5029.900000000001
56564,Mi1,5029.900000000001
10120,OA-VPM4,5030.200000000001
10265,OA-AL2i2,5030.3
10825,OA-AL2i3,5030.5
10555,OA-VUMa3,5030.8
10011,OA-AL2i1,5031.6
36252,Mi1,5031.8
83365,T2a,5031.900000000001
12896,OA-VUMa5,5032.0
34849,Mi1,5032.6
10322,OA-AL2i2,5032.7
10658,OA-AL2i3,5033.3
10072,OA-AL2i1,5033.700000000001
286259,OA-ASM1,5033.9
10185,OA-VUMa8,5034.0
287884,OA-VPM3,5034.400000000001
10110,OA-VUMa1,5034.6
94305,T4a,5034.6
10687,OA-AL2i3,5034.7
11608,OA-VUMa2,5034.7
10041,OA-VUMa1,5034.900000000001
42119,Mi1,5035.099999999999
34057,Mi1,5035.5
10187,OA-VPM3,5036.0
10652,OA-AL2i4,5036.5
11264,OA-ASM1,5037.0
10168,OA-VUMa6,5037.2
51122,Mi1,5037.5
10080,OA-VUMa3,5037.8
11602,OA-ASM1,5038.0
69597,Tm3,5038.0
71052,T2a,5038.6
53065,Mi1,5038.8
10226,OA-AL2i3,5038.9
10269,OA-AL2i2,5038.9
10204,OA-AL2i2,5039.000000000001
33462,Mi1,5039.2
92114,T4c,5039.2
10799,OA-VUMa4,5039.5
37000,Mi1,5039.6
11921,OA-VPM4,5039.7
10677,OA-AL2i4,5040.500000000001
35405,Mi1,5040.500000000001
35498,Mi1,5040.900000000001
11005,OA-VUMa4,5041.3
12688,OA-ASM1,5041.400000000001
10120,OA-VPM4,5041.599999999999
12109,OA-VUMa2,5041.599999999999
10175,OA-VUMa6,5042.0
10011,OA-AL2i1,5042.7
10825,OA-AL2i3,5042.8
99663,T4c,5043.200000000001
10072,OA-AL2i1,5043.6
33907,Mi1,5043.6
10265,OA-AL2i2,5043.7
10555,OA-VUMa3,5043.9
90049,T4c,5043.9
12896,OA-VUMa5,5044.3
10322,OA-AL2i2,5044.400000000001
34356,Mi1,5044.5
10658,OA-AL2i3,5044.700000000001
36252,Mi1,5045.1
10185,OA-VUMa8,5045.3
11608,OA-VUMa2,5046.200000000001
10687,OA-AL2i3,5046.6
56564,Mi1,5046.8
34849,Mi1,5047.000000000001
287884,OA-VPM3,5047.2
10110,OA-VUMa1,5047.3
286259,OA-ASM1,5047.400000000001
10041,OA-VUMa1,5047.6
10168,OA-VUMa6,5048.8
10652,OA-AL2i4,5049.3
11264,OA-ASM1,5049.400000000001
10187,OA-VPM3,5049.599999999999
34057,Mi1,5049.599999999999
10269,OA-AL2i2,5050.1
10080,OA-VUMa3,5050.7
10226,OA-AL2i3,5050.900000000001
11602,OA-ASM1,5050.900000000001
95458,T4d,5051.5
51122,Mi1,5051.6
10204,OA-AL2i2,5052.2
42119,Mi1,5052.2
12109,OA-VUMa2,5052.3
33462,Mi1,5052.5
12688,OA-ASM1,5052.8
10677,OA-AL2i4,5053.1
53065,Mi1,5053.1
11005,OA-VUMa4,5053.5
10072,OA-AL2i1,5053.5
10799,OA-VUMa4,5053.7
10120,OA-VPM4,5053.8
10175,OA-VUMa6,5053.8
11921,OA-VPM4,5053.900000000001
10011,OA-AL2i1,5054.8
12896,OA-VUMa5,5055.1
37000,Mi1,5055.400000000001
35405,Mi1,5055.400000000001
10825,OA-AL2i3,5055.5
35498,Mi1,5055.5
10658,OA-AL2i3,5055.8
10322,OA-AL2i2,5056.4
10555,OA-VUMa3,5056.4
10265,OA-AL2i2,5056.7
73828,Tm3,5057.700000000001
10687,OA-AL2i3,5057.8
11608,OA-VUMa2,5057.9
10185,OA-VUMa8,5058.1
33907,Mi1,5058.5
34356,Mi1,5058.900000000001
10041,OA-VUMa1,5059.099999999999
10110,OA-VUMa1,5059.5
10168,OA-VUMa6,5060.1
36252,Mi1,5060.3
287884,OA-VPM3,5060.700000000001
10269,OA-AL2i2,5061.4
56564,Mi1,5061.5
34849,Mi1,5061.6
10652,OA-AL2i4,5061.7
286259,OA-ASM1,5062.0
10187,OA-VPM3,5062.2
10226,OA-AL2i3,5062.5
11602,OA-ASM1,5062.8
11264,OA-ASM1,5063.000000000001
10080,OA-VUMa3,5063.2
12109,OA-VUMa2,5063.900000000001
10204,OA-AL2i2,5064.500000000001
10072,OA-AL2i1,5064.6
34057,Mi1,5064.6
100867,T4b,5064.7
51122,Mi1,5065.0
10175,OA-VUMa6,5065.1
11005,OA-VUMa4,5065.3
10677,OA-AL2i4,5065.700000000001
12688,OA-ASM1,5065.8
12896,OA-VUMa5,5066.1
10120,OA-VPM4,5066.2
10011,OA-AL2i1,5067.5
10825,OA-AL2i3,5067.5
10799,OA-VUMa4,5067.7
10658,OA-AL2i3,5067.9
33462,Mi1,5067.9
11921,OA-VPM4,5068.0
42119,Mi1,5068.0
10322,OA-AL2i2,5068.700000000001
37000,Mi1,5068.8
10185,OA-VUMa8,5069.1
11608,OA-VUMa2,5069.2
10265,OA-AL2i2,5069.3
53065,Mi1,5069.500000000001
10687,OA-AL2i3,5069.8
10555,OA-VUMa3,5069.900000000001
10041,OA-VUMa1,5070.1
35498,Mi1,5070.2
35405,Mi1,5070.400000000001
10110,OA-VUMa1,5071.7
99922,T4c,5071.900000000001
10168,OA-VUMa6,5072.4
33907,Mi1,5072.7
10269,OA-AL2i2,5073.2
287884,OA-VPM3,5073.2
34356,Mi1,5073.5
10072,OA-AL2i1,5073.8
10226,OA-AL2i3,5074.2
94624,T4a,5075.099999999999
12109,OA-VUMa2,5075.200000000001
36252,Mi1,5075.3
10187,OA-VPM3,5075.4
10652,OA-AL2i4,5075.4
286259,OA-ASM1,5075.4
10080,OA-VUMa3,5075.8
12896,OA-VUMa5,5076.2
10175,OA-VUMa6,5076.299999999999
10204,OA-AL2i2,5076.299999999999
34849,Mi1,5076.599999999999
11602,OA-ASM1,5076.700000000001
83365,T2a,5077.4
11005,OA-VUMa4,5077.7
11264,OA-ASM1,5077.7
10120,OA-VPM4,5077.900000000001
56564,Mi1,5077.900000000001
10677,OA-AL2i4,5078.6
34057,Mi1,5078.6
12688,OA-ASM1,5079.000000000001
10011,OA-AL2i1,5079.2
51122,Mi1,5079.400000000001
11608,OA-VUMa2,5079.8
10658,OA-AL2i3,5079.900000000001
10185,OA-VUMa8,5080.4
10825,OA-AL2i3,5080.4
10799,OA-VUMa4,5080.7
11921,OA-VPM4,5081.1
10322,OA-AL2i2,5081.1
10265,OA-AL2i2,5081.2
94305,T4a,5081.8
118924,Tm3,5082.0
10041,OA-VUMa1,5082.1
10687,OA-AL2i3,5082.1
33462,Mi1,5082.2
69597,Tm3,5082.6
10110,OA-VUMa1,5083.3
10555,OA-VUMa3,5083.4
37000,Mi1,5083.7
42119,Mi1,5083.7
10072,OA-AL2i1,5083.8
10168,OA-VUMa6,5084.1
35405,Mi1,5084.400000000001
35498,Mi1,5084.400000000001
53065,Mi1,5084.599999999999
10269,OA-AL2i2,5085.4
10226,OA-AL2i3,5086.3
71052,T2a,5086.400000000001
287884,OA-VPM3,5086.6
12109,OA-VUMa2,5086.700000000001
33907,Mi1,5087.1
10187,OA-VPM3,5087.900000000001
10204,OA-AL2i2,5088.200000000001
286259,OA-ASM1,5088.200000000001
34356,Mi1,5088.3
10652,OA-AL2i4,5088.5
12896,OA-VUMa5,5088.5
36252,Mi1,5089.0
10175,OA-VUMa6,5089.2
10080,OA-VUMa3,5089.400000000001
90049,T4c,5089.700000000001
11602,OA-ASM1,5089.9
92431,T4a,5090.3
34057,Mi1,5090.8
10011,OA-AL2i1,5090.8
11005,OA-VUMa4,5090.8
10120,OA-VPM4,5090.900000000001
103479,T4c,5090.900000000001
34849,Mi1,5091.099999999999
99663,T4c,5091.099999999999
10658,OA-AL2i3,5091.200000000001
11608,OA-VUMa2,5091.200000000001
11264,OA-ASM1,5091.4
12688,OA-ASM1,5091.5
10825,OA-AL2i3,5092.1
10677,OA-AL2i4,5092.2
10041,OA-VUMa1,5092.5
56564,Mi1,5093.0
66808,Tm3,5093.3
10185,OA-VUMa8,5093.7
51122,Mi1,5093.7
10265,OA-AL2i2,5093.8
10072,OA-AL2i1,5093.8
10799,OA-VUMa4,5094.0
65671,Mi1,5094.1
10322,OA-AL2i2,5094.400000000001
10687,OA-AL2i3,5094.6
10110,OA-VUMa1,5094.8
11921,OA-VPM4,5095.7
33462,Mi1,5095.900000000001
10168,OA-VUMa6,5096.4
10555,OA-VUMa3,5096.6
35840,Mi1,5097.1
10226,OA-AL2i3,5097.3
10269,OA-AL2i2,5097.700000000001
92114,T4c,5097.700000000001
55976,Mi1,5097.9
12109,OA-VUMa2,5098.2
42119,Mi1,5098.2
34189,Mi1,5098.4
35405,Mi1,5098.6
53065,Mi1,5099.0
35498,Mi1,5099.099999999999
287884,OA-VPM3,5099.7
37000,Mi1,5099.8
93566,T4a,5100.1
12896,OA-VUMa5,5100.6
10204,OA-AL2i2,5100.900000000001
10187,OA-VPM3,5100.900000000001
35836,Mi1,5101.1
33907,Mi1,5101.6
34479,Mi1,5101.6
10175,OA-VUMa6,5102.1
286259,OA-ASM1,5102.2
10652,OA-AL2i4,5102.3
10041,OA-VUMa1,5102.400000000001
97899,T4a,5102.5
10658,OA-AL2i3,5102.599999999999
11608,OA-VUMa2,5102.599999999999
11005,OA-VUMa4,5102.8
10120,OA-VPM4,5102.9
11602,OA-ASM1,5102.9
36252,Mi1,5103.000000000001
76325,T2a,5103.3
10011,OA-AL2i1,5103.5
35017,Mi1,5103.6
34356,Mi1,5103.7
10080,OA-VUMa3,5104.099999999999
10072,OA-AL2i1,5104.200000000001
12688,OA-ASM1,5104.3
11264,OA-ASM1,5104.7
10677,OA-AL2i4,5104.8
34057,Mi1,5104.900000000001
34849,Mi1,5105.700000000001
10185,OA-VUMa8,5106.0
10322,OA-AL2i2,5106.0
75848,T2a,5106.2
10825,OA-AL2i3,5106.3
10110,OA-VUMa1,5106.4
10265,OA-AL2i2,5106.5
101772,Tm3,5106.5
10687,OA-AL2i3,5107.0
10799,OA-VUMa4,5107.4
10168,OA-VUMa6,5107.6
51122,Mi1,5108.0
102791,T4c,5108.0
35770,Mi1,5108.3
10226,OA-AL2i3,5108.900000000001
56564,Mi1,5109.0
110646,T4b,5109.0
10269,OA-AL2i2,5109.4
10555,OA-VUMa3,5109.6
12109,OA-VUMa2,5109.8
50333,TmY3,5110.0
33462,Mi1,5110.1
11921,OA-VPM4,5110.700000000001
95458,T4d,5111.1
95883,T4a,5111.2
100867,T4b,5111.400000000001
12896,OA-VUMa5,5112.3
35498,Mi1,5112.4
42119,Mi1,5112.5
69380,Tm3,5112.6
10041,OA-VUMa1,5112.8
287884,OA-VPM3,5112.900000000001
10204,OA-AL2i2,5113.3
35405,Mi1,5113.400000000001
53065,Mi1,5113.599999999999
11608,OA-VUMa2,5114.2
10175,OA-VUMa6,5114.2
10187,OA-VPM3,5114.3
37000,Mi1,5114.5
10658,OA-AL2i3,5114.6
11005,OA-VUMa4,5114.8
10652,OA-AL2i4,5115.4
10120,OA-VPM4,5116.0
36252,Mi1,5116.3
33907,Mi1,5116.3
10080,OA-VUMa3,5116.400000000001
286259,OA-ASM1,5116.6
10072,OA-AL2i1,5116.7
10011,OA-AL2i1,5117.0
11602,OA-ASM1,5117.1
12688,OA-ASM1,5117.1
10110,OA-VUMa1,5117.3
83365,T2a,5117.500000000001
10185,OA-VUMa8,5118.0
34356,Mi1,5118.1
10265,OA-AL2i2,5118.5
10322,OA-AL2i2,5118.5
35840,Mi1,5118.9
10825,OA-AL2i3,5119.000000000001
10677,OA-AL2i4,5119.1
94305,T4a,5119.2
10168,OA-VUMa6,5119.2
11264,OA-ASM1,5119.3
10799,OA-VUMa4,5119.400000000001
10226,OA-AL2i3,5119.900000000001
34057,Mi1,5119.900000000001
34849,Mi1,5120.200000000001
12109,OA-VUMa2,5120.3
55976,Mi1,5120.3
65671,Mi1,5120.6
92431,T4a,5120.8
10687,OA-AL2i3,5121.0
10269,OA-AL2i2,5121.599999999999
10555,OA-VUMa3,5121.9
56564,Mi1,5122.2
34189,Mi1,5122.4
51122,Mi1,5122.6
92047,T4c,5122.7
34479,Mi1,5123.099999999999
10041,OA-VUMa1,5123.200000000001
66808,Tm3,5123.3
12896,OA-VUMa5,5123.6
33462,Mi1,5124.3
287884,OA-VPM3,5124.5
11921,OA-VPM4,5125.3
11608,OA-VUMa2,5125.500000000001
98381,T4d,5125.500000000001
99922,T4c,5125.6
11005,OA-VUMa4,5125.7
35836,Mi1,5125.7
10072,OA-AL2i1,5125.900000000001
10658,OA-AL2i3,5126.400000000001
35017,Mi1,5126.5
10204,OA-AL2i2,5126.599999999999
92706,T4a,5126.8
10175,OA-VUMa6,5127.000000000001
35405,Mi1,5127.2
42119,Mi1,5127.400000000001
10187,OA-VPM3,5127.5
35498,Mi1,5127.8
74023,T2a,5127.900000000001
10120,OA-VPM4,5128.0
10011,OA-AL2i1,5128.099999999999
10652,OA-AL2i4,5128.200000000001
53065,Mi1,5128.3
10110,OA-VUMa1,5128.5
10080,OA-VUMa3,5128.900000000001
98985,T4c,5129.0
10185,OA-VUMa8,5129.3
37000,Mi1,5129.8
12688,OA-ASM1,5129.9
10322,OA-AL2i2,5130.1
286259,OA-ASM1,5130.3
11602,OA-ASM1,5130.3
10265,OA-AL2i2,5130.5
10825,OA-AL2i3,5130.6
36252,Mi1,5130.6
10168,OA-VUMa6,5130.799999999999
10226,OA-AL2i3,5131.4
10799,OA-VUMa4,5131.4
69597,Tm3,5131.6
12109,OA-VUMa2,5131.7
107442,T4d,5131.7
33907,Mi1,5131.9
35770,Mi1,5132.0
34356,Mi1,5132.3
11264,OA-ASM1,5132.400000000001
10269,OA-AL2i2,5133.1
10677,OA-AL2i4,5133.500000000001
10041,OA-VUMa1,5133.7
10687,OA-AL2i3,5133.8
10555,OA-VUMa3,5133.900000000001
34057,Mi1,5133.900000000001
34849,Mi1,5134.599999999999
12896,OA-VUMa5,5135.000000000001
99663,T4c,5135.1
71052,T2a,5136.200000000001
287884,OA-VPM3,5136.200000000001
56564,Mi1,5137.0
11608,OA-VUMa2,5137.1
10072,OA-AL2i1,5137.2
11005,OA-VUMa4,5137.400000000001
94624,T4a,5137.599999999999
65671,Mi1,5137.700000000001
51122,Mi1,5137.8
10658,OA-AL2i3,5138.2
10175,OA-VUMa6,5138.2
10110,OA-VUMa1,5138.6
10011,OA-AL2i1,5139.0
35840,Mi1,5139.099999999999
101772,Tm3,5139.200000000001
55976,Mi1,5139.6
532850,Tm3,5139.6
33462,Mi1,5139.7
10204,OA-AL2i2,5139.8
10187,OA-VPM3,5139.9
34479,Mi1,5140.2
92114,T4c,5140.400000000001
11921,OA-VPM4,5140.7
10120,OA-VPM4,5140.900000000001
35405,Mi1,5140.900000000001
10168,OA-VUMa6,5141.0
10652,OA-AL2i4,5141.1
35498,Mi1,5141.3
34189,Mi1,5141.4
98099,T4b,5141.500000000001
10322,OA-AL2i2,5141.6
10185,OA-VUMa8,5141.7
42119,Mi1,5141.8
73828,Tm3,5142.1
10080,OA-VUMa3,5142.2
10825,OA-AL2i3,5143.000000000001
12109,OA-VUMa2,5143.000000000001
50333,TmY3,5143.000000000001
12688,OA-ASM1,5143.1
10226,OA-AL2i3,5143.1
53065,Mi1,5143.3
97899,T4a,5143.3
35836,Mi1,5143.400000000001
37000,Mi1,5143.400000000001
35017,Mi1,5143.7
10265,OA-AL2i2,5143.900000000001
10041,OA-VUMa1,5143.900000000001
89434,T4c,5144.0
66214,T2a,5144.0
11602,OA-ASM1,5144.200000000001
286259,OA-ASM1,5144.3
10269,OA-AL2i2,5144.7
11264,OA-ASM1,5144.9
36252,Mi1,5145.2
10799,OA-VUMa4,5145.3
106952,T4b,5145.599999999999
10687,OA-AL2i3,5145.9
33907,Mi1,5146.0
10677,OA-AL2i4,5146.1
12896,OA-VUMa5,5146.2
91469,T4c,5146.5
34356,Mi1,5146.7
10555,OA-VUMa3,5147.099999999999
90049,T4c,5147.099999999999
118924,Tm3,5147.700000000001
88625,T4c,5148.1
52328,TmY3,5148.3
287884,OA-VPM3,5148.3
34057,Mi1,5148.5
11608,OA-VUMa2,5148.6
10110,OA-VUMa1,5148.7
79345,T2a,5148.8
77383,T2a,5148.900000000001
109598,T4b,5148.900000000001
34849,Mi1,5149.0
10658,OA-AL2i3,5149.1
10072,OA-AL2i1,5149.3
66808,Tm3,5149.3
114391,T4d,5149.3
10175,OA-VUMa6,5149.500000000001
35770,Mi1,5149.7
11005,OA-VUMa4,5149.900000000001
10011,OA-AL2i1,5150.700000000001
92431,T4a,5151.2
102791,T4c,5151.3
56564,Mi1,5151.7
93566,T4a,5152.200000000001
51122,Mi1,5152.3
95883,T4a,5152.3
10322,OA-AL2i2,5152.5
10204,OA-AL2i2,5153.2
10120,OA-VPM4,5153.3
10168,OA-VUMa6,5153.400000000001
10187,OA-VPM3,5153.599999999999
10226,OA-AL2i3,5153.8
65671,Mi1,5153.9
10185,OA-VUMa8,5154.1
10825,OA-AL2i3,5154.2
35840,Mi1,5154.4
12109,OA-VUMa2,5154.4
10652,OA-AL2i4,5154.4
10041,OA-VUMa1,5154.5
55976,Mi1,5154.5
94305,T4a,5154.7
10080,OA-VUMa3,5154.900000000001
99922,T4c,5155.0
11921,OA-VPM4,5155.099999999999
33462,Mi1,5155.200000000001
35498,Mi1,5155.3
10265,OA-AL2i2,5155.700000000001
12688,OA-ASM1,5155.700000000001
34479,Mi1,5156.000000000001
35405,Mi1,5156.2
42119,Mi1,5156.6
10269,OA-AL2i2,5156.7
53065,Mi1,5156.7
11602,OA-ASM1,5156.900000000001
12896,OA-VUMa5,5157.1
34189,Mi1,5157.200000000001
286259,OA-ASM1,5157.500000000001
37000,Mi1,5158.2
10687,OA-AL2i3,5158.3
10799,OA-VUMa4,5158.599999999999
36252,Mi1,5158.599999999999
10072,OA-AL2i1,5158.8
11264,OA-ASM1,5158.8
10110,OA-VUMa1,5159.1
10677,OA-AL2i4,5159.3
10658,OA-AL2i3,5159.400000000001
103479,T4c,5159.400000000001
83365,T2a,5159.5
35836,Mi1,5159.6
10555,OA-VUMa3,5159.8
35017,Mi1,5160.099999999999
11608,OA-VUMa2,5160.099999999999
33907,Mi1,5160.3
287884,OA-VPM3,5160.4
108307,T4b,5160.6
92706,T4a,5160.8
34356,Mi1,5161.1
11005,OA-VUMa4,5161.2
90465,T4a,5161.3
34057,Mi1,5161.3
92996,T4a,5161.400000000001
100867,T4b,5161.5
10175,OA-VUMa6,5161.599999999999
66325,Tm3,5162.4
95458,T4d,5162.5
10011,OA-AL2i1,5162.6
116716,T4b,5162.6
98985,T4c,5163.0
74023,T2a,5163.200000000001
98381,T4d,5163.3
34849,Mi1,5163.400000000001
104257,T4b,5163.9
10322,OA-AL2i2,5164.000000000001
91806,T4a,5164.3
92047,T4c,5164.3
10015,HSN,5164.400000000001
10041,OA-VUMa1,5164.900000000001
110646,T4b,5165.0
105698,T4c,5165.200000000001
10168,OA-VUMa6,5165.200000000001
10825,OA-AL2i3,5165.3
10226,OA-AL2i3,5165.500000000001
51122,Mi1,5165.500000000001
69597,Tm3,5165.7
10120,OA-VPM4,5166.400000000001
12109,OA-VUMa2,5166.400000000001
35770,Mi1,5166.400000000001
56564,Mi1,5166.5
10187,OA-VPM3,5166.599999999999
98788,T4d,5166.700000000001
10185,OA-VUMa8,5166.8
10204,OA-AL2i2,5167.1
10652,OA-AL2i4,5167.3
51231,TmY3,5167.900000000001
10269,OA-AL2i2,5168.3
12688,OA-ASM1,5168.4
10072,OA-AL2i1,5168.4
69380,Tm3,5168.5
12896,OA-VUMa5,5168.6
10265,OA-AL2i2,5168.7
11921,OA-VPM4,5168.8
11602,OA-ASM1,5169.3
99423,T4d,5169.3
10080,OA-VUMa3,5169.400000000001
65671,Mi1,5169.8
10025,H2,5169.8
35498,Mi1,5170.0
53065,Mi1,5170.1
33462,Mi1,5170.2
55976,Mi1,5170.2
10687,OA-AL2i3,5170.4
95822,T4b,5170.4
10110,OA-VUMa1,5170.5
10658,OA-AL2i3,5170.5
83979,T4a,5170.5
97675,T4c,5170.6
35405,Mi1,5170.900000000001
10799,OA-VUMa4,5171.0
286259,OA-ASM1,5171.0
11608,OA-VUMa2,5171.400000000001
34479,Mi1,5171.5
35840,Mi1,5171.5
11264,OA-ASM1,5171.6
42119,Mi1,5171.700000000001
10677,OA-AL2i4,5172.000000000001
99663,T4c,5172.1
11005,OA-VUMa4,5172.7
10555,OA-VUMa3,5172.900000000001
36252,Mi1,5173.099999999999
37000,Mi1,5173.099999999999
34189,Mi1,5173.200000000001
10175,OA-VUMa6,5174.2
10011,OA-AL2i1,5174.5
34057,Mi1,5174.5
107442,T4d,5174.5
34356,Mi1,5174.599999999999
66808,Tm3,5174.599999999999
101772,Tm3,5174.700000000001
287884,OA-VPM3,5174.700000000001
35836,Mi1,5174.9
10322,OA-AL2i2,5175.0
35017,Mi1,5175.0
101873,T4b,5175.1
71052,T2a,5175.3
10041,OA-VUMa1,5175.5
10168,OA-VUMa6,5176.5
33907,Mi1,5176.5
95883,T4a,5176.7
34849,Mi1,5176.8
50333,TmY3,5176.9
97899,T4a,5177.2
12109,OA-VUMa2,5177.400000000001
10072,OA-AL2i1,5177.5
10226,OA-AL2i3,5177.5
10825,OA-AL2i3,5177.5
94624,T4a,5178.6
75848,T2a,5178.900000000001
10120,OA-VPM4,5179.0
92114,T4c,5179.200000000001
91283,T4c,5179.400000000001
108349,T4d,5179.400000000001
10185,OA-VUMa8,5179.5
10187,OA-VPM3,5179.700000000001
10269,OA-AL2i2,5179.9
96295,T4b,5179.9
91469,T4c,5180.000000000001
10652,OA-AL2i4,5180.2
12896,OA-VUMa5,5180.2
92431,T4a,5180.2
10110,OA-VUMa1,5180.3
10204,OA-AL2i2,5180.400000000001
61401,T2a,5180.400000000001
51122,Mi1,5180.6
76325,T2a,5180.8
56564,Mi1,5180.900000000001
92047,T4c,5181.099999999999
11602,OA-ASM1,5181.4
12688,OA-ASM1,5181.500000000001
10658,OA-AL2i3,5181.6
35770,Mi1,5181.6
102791,T4c,5182.0
10265,OA-AL2i2,5182.1
10687,OA-AL2i3,5182.2
11921,OA-VPM4,5182.5
11608,OA-VUMa2,5182.599999999999
10080,OA-VUMa3,5183.2
286259,OA-ASM1,5183.5
35498,Mi1,5184.0
76524,Tm3,5184.0
35405,Mi1,5184.4
65671,Mi1,5184.5
98099,T4b,5184.6
11005,OA-VUMa4,5184.6
10799,OA-VUMa4,5184.7
10677,OA-AL2i4,5185.0
10555,OA-VUMa3,5185.2
53065,Mi1,5185.2
55976,Mi1,5185.8
10041,OA-VUMa1,5186.0
11264,OA-ASM1,5186.0
10175,OA-VUMa6,5186.2
10322,OA-AL2i2,5186.2
42119,Mi1,5186.3
100680,T4d,5186.4
36252,Mi1,5186.5
37000,Mi1,5186.5
35840,Mi1,5186.7
287884,OA-VPM3,5186.7
34479,Mi1,5186.8
33462,Mi1,5186.8
10072,OA-AL2i1,5187.1
10011,OA-AL2i1,5187.3
10168,OA-VUMa6,5187.8
34189,Mi1,5188.000000000001
10226,OA-AL2i3,5188.6
34356,Mi1,5188.7
12109,OA-VUMa2,5188.900000000001
90049,T4c,5188.900000000001
118924,Tm3,5189.0
10825,OA-AL2i3,5189.099999999999
34057,Mi1,5189.099999999999
35017,Mi1,5189.6
91444,T4c,5189.6
92706,T4a,5189.8
94305,T4a,5190.0
33907,Mi1,5190.1
35836,Mi1,5190.2
34849,Mi1,5190.5
10120,OA-VPM4,5190.700000000001
82145,T2a,5191.0
10185,OA-VUMa8,5191.1
100867,T4b,5191.6
109142,T4b,5191.6
12896,OA-VUMa5,5191.7
10269,OA-AL2i2,5191.8
73828,Tm3,5192.200000000001
88625,T4c,5192.200000000001
10110,OA-VUMa1,5192.3
89434,T4c,5192.3
10658,OA-AL2i3,5192.9
10652,OA-AL2i4,5193.0
10187,OA-VPM3,5193.1
10687,OA-AL2i3,5193.1
10204,OA-AL2i2,5193.2
106952,T4b,5193.299999999999
10265,OA-AL2i2,5193.599999999999
98381,T4d,5193.700000000001
12688,OA-ASM1,5193.9
11608,OA-VUMa2,5194.0
93566,T4a,5194.1
11602,OA-ASM1,5194.2
99922,T4c,5194.8
56564,Mi1,5195.3
10080,OA-VUMa3,5195.400000000001
51122,Mi1,5195.400000000001
286259,OA-ASM1,5195.6
92939,T4b,5195.700000000001
10072,OA-AL2i1,5196.000000000001
11921,OA-VPM4,5196.3
10041,OA-VUMa1,5196.8
35770,Mi1,5196.900000000001
11005,OA-VUMa4,5197.0
110646,T4b,5197.0
69597,Tm3,5197.200000000001
10175,OA-VUMa6,5197.6
10555,OA-VUMa3,5197.7
35405,Mi1,5197.7
35498,Mi1,5197.8
10799,OA-VUMa4,5198.0
10677,OA-AL2i4,5198.0
10322,OA-AL2i2,5198.0
95458,T4d,5198.3
10226,OA-AL2i3,5199.0
53065,Mi1,5199.2
10025,H2,5199.3
287884,OA-VPM3,5199.3
65671,Mi1,5199.400000000001
95883,T4a,5199.7
10011,OA-AL2i1,5199.8
10168,OA-VUMa6,5200.0
34479,Mi1,5200.0
11264,OA-ASM1,5200.3
55976,Mi1,5200.3
36252,Mi1,5200.5
104257,T4b,5200.6
10825,OA-AL2i3,5200.7
37000,Mi1,5200.9
33462,Mi1,5201.0
42119,Mi1,5201.1
99663,T4c,5201.2
12109,OA-VUMa2,5201.400000000001
35840,Mi1,5201.599999999999
34189,Mi1,5202.0
98887,T4b,5202.0
10120,OA-VPM4,5202.2
98788,T4d,5202.6
34356,Mi1,5202.7
34057,Mi1,5202.900000000001
10269,OA-AL2i2,5203.400000000001
12896,OA-VUMa5,5203.6
83365,T2a,5203.700000000001
10110,OA-VUMa1,5204.000000000001
34849,Mi1,5204.1
10185,OA-VUMa8,5204.3
98985,T4c,5204.6
74023,T2a,5204.6
66808,Tm3,5204.7
10687,OA-AL2i3,5204.8
10658,OA-AL2i3,5204.900000000001
35836,Mi1,5205.0
10072,OA-AL2i1,5205.0
33907,Mi1,5205.0
35017,Mi1,5205.0
101772,Tm3,5205.500000000001
11608,OA-VUMa2,5205.500000000001
103479,T4c,5205.6
10187,OA-VPM3,5205.7
92996,T4a,5205.7
12688,OA-ASM1,5206.1
69380,Tm3,5206.2
10204,OA-AL2i2,5206.3
10652,OA-AL2i4,5206.599999999999
50333,TmY3,5206.9
71052,T2a,5206.9
92431,T4a,5206.9
97899,T4a,5206.9
92114,T4c,5207.2
10041,OA-VUMa1,5207.3
11602,OA-ASM1,5207.3
10265,OA-AL2i2,5207.4
10080,OA-VUMa3,5207.7
532850,Tm3,5207.900000000001
109598,T4b,5208.099999999999
99423,T4d,5208.5
91806,T4a,5208.6
10175,OA-VUMa6,5208.8
11005,OA-VUMa4,5208.8
92047,T4c,5209.0
56564,Mi1,5209.5
10555,OA-VUMa3,5210.0
91469,T4c,5210.1
10322,OA-AL2i2,5210.200000000001
10226,OA-AL2i3,5210.3
286259,OA-ASM1,5210.3
51122,Mi1,5210.4
10015,HSN,5210.6
10799,OA-VUMa4,5210.6
35770,Mi1,5210.8
10168,OA-VUMa6,5211.2
10677,OA-AL2i4,5211.3
11921,OA-VPM4,5211.400000000001
10011,OA-AL2i1,5211.8
10825,OA-AL2i3,5212.000000000001
97231,T4a,5212.000000000001
12109,OA-VUMa2,5212.1
35405,Mi1,5212.2
98099,T4b,5212.7
287884,OA-VPM3,5212.8
35498,Mi1,5213.4
51231,TmY3,5213.7
55976,Mi1,5214.1
11264,OA-ASM1,5214.400000000001
53065,Mi1,5214.400000000001
33462,Mi1,5214.5
34479,Mi1,5214.599999999999
10072,OA-AL2i1,5214.700000000001
10120,OA-VPM4,5214.8
36252,Mi1,5214.9
10269,OA-AL2i2,5215.1
42119,Mi1,5215.1
65671,Mi1,5215.1
12896,OA-VUMa5,5215.5
37000,Mi1,5215.7
10110,OA-VUMa1,5216.099999999999
11608,OA-VUMa2,5216.200000000001
34356,Mi1,5216.200000000001
10658,OA-AL2i3,5216.4
35840,Mi1,5216.5
10185,OA-VUMa8,5216.6
10687,OA-AL2i3,5216.8
12688,OA-ASM1,5217.0
34189,Mi1,5217.1
45005,TmY3,5217.2
34057,Mi1,5217.599999999999
34849,Mi1,5217.8
92706,T4a,5218.1
10041,OA-VUMa1,5218.3
10187,OA-VPM3,5218.3
108307,T4b,5218.6
33907,Mi1,5218.7
10080,OA-VUMa3,5219.0
11602,OA-ASM1,5219.2
35836,Mi1,5219.400000000001
10204,OA-AL2i2,5219.9
90049,T4c,5219.9
10265,OA-AL2i2,5220.000000000001
52328,TmY3,5220.2
10175,OA-VUMa6,5220.3
35017,Mi1,5220.3
77383,T2a,5220.400000000001
107442,T4d,5220.5
10652,OA-AL2i4,5220.7
11005,OA-VUMa4,5220.7
10322,OA-AL2i2,5220.8
73096,T2a,5220.8
118924,Tm3,5220.900000000001
94624,T4a,5221.200000000001
76325,T2a,5221.3
79345,T2a,5221.5
102791,T4c,5221.6
96295,T4b,5221.8
10168,OA-VUMa6,5222.0
79257,Tm3,5222.2
10226,OA-AL2i3,5222.400000000001
94305,T4a,5222.599999999999
10555,OA-VUMa3,5222.700000000001
10011,OA-AL2i1,5223.1
114391,T4d,5223.5
10825,OA-AL2i3,5223.6
56564,Mi1,5223.6
98381,T4d,5223.6
10677,OA-AL2i4,5223.7
12109,OA-VUMa2,5223.900000000001
10799,OA-VUMa4,5224.0
10072,OA-AL2i1,5224.099999999999
286259,OA-ASM1,5224.6
51122,Mi1,5224.7
11921,OA-VPM4,5225.2
99922,T4c,5225.299999999999
105698,T4c,5225.400000000001
35770,Mi1,5225.6
287884,OA-VPM3,5226.3
10269,OA-AL2i2,5226.6
12896,OA-VUMa5,5226.7
35405,Mi1,5226.8
10120,OA-VPM4,5226.900000000001
10110,OA-VUMa1,5227.400000000001
11264,OA-ASM1,5227.6
10658,OA-AL2i3,5227.9
10185,OA-VUMa8,5228.1
53065,Mi1,5228.1
55976,Mi1,5228.1
35498,Mi1,5228.2
34479,Mi1,5228.400000000001
90465,T4a,5228.5
11608,OA-VUMa2,5228.7
42119,Mi1,5228.900000000001
36252,Mi1,5229.0
10041,OA-VUMa1,5229.099999999999
12688,OA-ASM1,5229.099999999999
33462,Mi1,5229.099999999999
37000,Mi1,5229.200000000001
65671,Mi1,5229.4
10687,OA-AL2i3,5229.4
34356,Mi1,5229.8
34849,Mi1,5230.2
35840,Mi1,5231.1
10080,OA-VUMa3,5231.5
10187,OA-VPM3,5231.6
10175,OA-VUMa6,5231.8
89434,T4c,5231.8
34057,Mi1,5231.900000000001
11005,OA-VUMa4,5232.0
33907,Mi1,5232.200000000001
11602,OA-ASM1,5232.3
99663,T4c,5232.7
83365,T2a,5232.8
66214,T2a,5232.9
10322,OA-AL2i2,5233.0
34189,Mi1,5233.0
10265,OA-AL2i2,5233.0
35836,Mi1,5233.2
10168,OA-VUMa6,5233.5
10652,OA-AL2i4,5233.5
74023,T2a,5233.5
75848,T2a,5233.5
92114,T4c,5233.6
95883,T4a,5233.6
66808,Tm3,5233.700000000001
10072,OA-AL2i1,5234.0
106952,T4b,5234.0
93566,T4a,5234.1
10204,OA-AL2i2,5234.200000000001
98985,T4c,5234.200000000001
69597,Tm3,5234.3
10226,OA-AL2i3,5234.500000000001
10011,OA-AL2i1,5234.7
12109,OA-VUMa2,5234.900000000001
35017,Mi1,5235.1
10825,OA-AL2i3,5235.3
71052,T2a,5235.3
92047,T4c,5235.400000000001
10555,OA-VUMa3,5235.700000000001
50333,TmY3,5236.2
92431,T4a,5236.3
97899,T4a,5236.7
10799,OA-VUMa4,5236.8
95458,T4d,5236.8
10269,OA-AL2i2,5237.3
101772,Tm3,5237.3
61401,T2a,5237.4
56564,Mi1,5237.5
10677,OA-AL2i4,5237.6
51122,Mi1,5237.7
12896,OA-VUMa5,5238.2
10110,OA-VUMa1,5238.3
286259,OA-ASM1,5238.5
287884,OA-VPM3,5238.700000000001
10120,OA-VPM4,5238.8
76524,Tm3,5239.3
91283,T4c,5239.3
11921,OA-VPM4,5239.4
10658,OA-AL2i3,5239.5
91806,T4a,5240.0
10041,OA-VUMa1,5240.0
11608,OA-VUMa2,5240.5
10015,HSN,5240.6
35770,Mi1,5240.6
10185,OA-VUMa8,5240.7
11264,OA-ASM1,5240.8
35405,Mi1,5241.0
12688,OA-ASM1,5241.400000000001
98788,T4d,5241.5
10687,OA-AL2i3,5241.700000000001
37000,Mi1,5241.8
35498,Mi1,5241.900000000001
88625,T4c,5241.900000000001
91469,T4c,5241.900000000001
42119,Mi1,5242.200000000001
65671,Mi1,5242.200000000001
55976,Mi1,5242.3
34479,Mi1,5242.500000000001
36252,Mi1,5242.7
10072,OA-AL2i1,5242.900000000001
33462,Mi1,5243.2
10080,OA-VUMa3,5243.5
10175,OA-VUMa6,5243.599999999999
34356,Mi1,5243.599999999999
53065,Mi1,5243.700000000001
11005,OA-VUMa4,5243.9
10187,OA-VPM3,5244.000000000001
10322,OA-AL2i2,5244.1
34849,Mi1,5244.2
35840,Mi1,5244.5
100867,T4b,5245.0
10011,OA-AL2i1,5245.200000000001
10016,HSE,5245.200000000001
11602,OA-ASM1,5245.200000000001
34057,Mi1,5245.3
10168,OA-VUMa6,5245.3
10265,OA-AL2i2,5245.4
10652,OA-AL2i4,5245.5
92706,T4a,5245.5
12109,OA-VUMa2,5246.0
10204,OA-AL2i2,5246.2
10226,OA-AL2i3,5246.2
33907,Mi1,5246.400000000001
106793,T4d,5247.0
47368,TmY3,5247.1
54885,TmY3,5247.1
91444,T4c,5247.1
10825,OA-AL2i3,5247.2
69380,Tm3,5247.2
34189,Mi1,5247.7
109598,T4b,5248.099999999999
10555,OA-VUMa3,5248.6
95364,T4d,5248.6
35017,Mi1,5248.7
10110,OA-VUMa1,5249.0
66325,Tm3,5249.0
35836,Mi1,5249.1
98887,T4b,5249.1
97249,T4d,5249.2
102791,T4c,5249.2
110646,T4b,5249.3
95822,T4b,5249.400000000001
10269,OA-AL2i2,5249.5
12896,OA-VUMa5,5249.7
10799,OA-VUMa4,5249.8
66808,Tm3,5250.500000000001
10677,OA-AL2i4,5250.7
10120,OA-VPM4,5250.900000000001
10658,OA-AL2i3,5251.1
73828,Tm3,5251.2
97872,T4d,5251.3
10041,OA-VUMa1,5251.400000000001
56564,Mi1,5251.5
10072,OA-AL2i1,5251.599999999999
104257,T4b,5251.599999999999
287884,OA-VPM3,5251.8
51122,Mi1,5252.2
11608,OA-VUMa2,5252.3
10185,OA-VUMa8,5252.7
286259,OA-ASM1,5253.0
10025,H2,5253.3
94305,T4a,5253.3
12688,OA-ASM1,5253.4
10037,VS,5253.6
10687,OA-AL2i3,5253.6
98381,T4d,5253.8
11921,OA-VPM4,5254.3
98099,T4b,5254.599999999999
11005,OA-VUMa4,5255.4
11264,OA-ASM1,5255.4
35770,Mi1,5255.4
10175,OA-VUMa6,5255.5
36252,Mi1,5255.900000000001
37000,Mi1,5256.0
109142,T4b,5256.099999999999
10112,VS,5256.200000000001
10080,OA-VUMa3,5256.200000000001
35498,Mi1,5256.5
10187,OA-VPM3,5256.6
34479,Mi1,5256.7
10322,OA-AL2i2,5256.8
42119,Mi1,5256.9
35405,Mi1,5257.0
55976,Mi1,5257.0
10226,OA-AL2i3,5257.3
12109,OA-VUMa2,5257.3
33462,Mi1,5257.3
10168,OA-VUMa6,5257.7
65671,Mi1,5257.8
34356,Mi1,5257.900000000001
10011,OA-AL2i1,5258.0
34849,Mi1,5258.4
10204,OA-AL2i2,5258.6
11602,OA-ASM1,5259.0
10110,OA-VUMa1,5259.1
10265,OA-AL2i2,5259.1
10652,OA-AL2i4,5259.2
34057,Mi1,5259.2
92939,T4b,5259.400000000001
10825,OA-AL2i3,5259.5
94624,T4a,5259.5
35840,Mi1,5259.8
53065,Mi1,5259.9
83365,T2a,5260.1
95458,T4d,5260.1
97675,T4c,5260.2
10269,OA-AL2i2,5260.5
33907,Mi1,5260.7
101772,Tm3,5260.7
12896,OA-VUMa5,5261.0
10072,OA-AL2i1,5261.200000000001
90049,T4c,5261.3
10041,OA-VUMa1,5261.8
10555,OA-VUMa3,5261.8
10799,OA-VUMa4,5261.8
89434,T4c,5261.900000000001
92431,T4a,5261.900000000001
50333,TmY3,5262.0
92047,T4c,5262.1
532850,Tm3,5262.2
95883,T4a,5262.3
99922,T4c,5262.3
97899,T4a,5262.400000000001
92842,T4a,5262.599999999999
107442,T4d,5262.599999999999
34189,Mi1,5262.700000000001
10120,OA-VPM4,5262.8
92996,T4a,5262.8
10658,OA-AL2i3,5262.9
76325,T2a,5263.0
118924,Tm3,5263.1
35017,Mi1,5263.2
99423,T4d,5263.2
10677,OA-AL2i4,5263.4
11608,OA-VUMa2,5263.4
51231,TmY3,5263.6
74023,T2a,5263.6
92114,T4c,5263.7
35836,Mi1,5264.099999999999
69597,Tm3,5264.7
103479,T4c,5264.9
10687,OA-AL2i3,5265.000000000001
10185,OA-VUMa8,5265.3
287884,OA-VPM3,5265.3
56564,Mi1,5265.7
92706,T4a,5265.8
108349,T4d,5266.200000000001
103639,T4d,5266.3
12688,OA-ASM1,5266.4
286259,OA-ASM1,5266.8
51122,Mi1,5267.1
99663,T4c,5267.1
10175,OA-VUMa6,5267.3
11005,OA-VUMa4,5267.5
10015,HSN,5267.8
10226,OA-AL2i3,5268.3
11921,OA-VPM4,5268.5
10322,OA-AL2i2,5268.7
12109,OA-VUMa2,5268.8
11264,OA-ASM1,5269.0
37000,Mi1,5269.099999999999
97231,T4a,5269.200000000001
35498,Mi1,5269.3
10187,OA-VPM3,5269.3
10080,OA-VUMa3,5269.3
10011,OA-AL2i1,5269.6
10110,OA-VUMa1,5269.900000000001
35405,Mi1,5269.900000000001
36252,Mi1,5270.1
55976,Mi1,5270.2
93566,T4a,5270.2
10168,OA-VUMa6,5270.400000000001
98788,T4d,5270.599999999999
10072,OA-AL2i1,5270.8
33462,Mi1,5270.9
10825,OA-AL2i3,5271.1
34479,Mi1,5271.2
10265,OA-AL2i2,5271.3
34356,Mi1,5271.3
35770,Mi1,5271.3
42119,Mi1,5271.3
10204,OA-AL2i2,5271.5
11602,OA-ASM1,5271.6
34849,Mi1,5271.900000000001
65671,Mi1,5271.900000000001
10652,OA-AL2i4,5272.099999999999
10269,OA-AL2i2,5272.200000000001
12896,OA-VUMa5,5272.200000000001
10041,OA-VUMa1,5272.4
34057,Mi1,5272.700000000001
100867,T4b,5272.8
10037,VS,5273.1
35840,Mi1,5273.900000000001
10555,OA-VUMa3,5274.1
98985,T4c,5274.200000000001
10658,OA-AL2i3,5274.3
11608,OA-VUMa2,5274.3
88625,T4c,5274.3
77383,T2a,5274.500000000001
10799,OA-VUMa4,5274.500000000001
53065,Mi1,5274.500000000001
106952,T4b,5274.8
33907,Mi1,5275.1
66808,Tm3,5275.2
91469,T4c,5275.2
71052,T2a,5275.3
66214,T2a,5275.400000000001
101873,T4b,5275.400000000001
10120,OA-VPM4,5275.5
10112,VS,5275.700000000001
10687,OA-AL2i3,5276.000000000001
34189,Mi1,5276.3
35017,Mi1,5276.3
45005,TmY3,5276.3
69380,Tm3,5276.400000000001
10677,OA-AL2i4,5276.400000000001
10185,OA-VUMa8,5276.6
96295,T4b,5277.0
108307,T4b,5278.3
116716,T4b,5278.3
10175,OA-VUMa6,5278.400000000001
287884,OA-VPM3,5278.599999999999
11005,OA-VUMa4,5278.700000000001
12688,OA-ASM1,5279.2
35836,Mi1,5279.2
90465,T4a,5279.3
10226,OA-AL2i3,5279.7
286259,OA-ASM1,5280.0
10072,OA-AL2i1,5280.3
10322,OA-AL2i2,5280.3
10110,OA-VUMa1,5280.400000000001
10011,OA-AL2i1,5280.5
56564,Mi1,5280.700000000001
10025,H2,5280.700000000001
12109,OA-VUMa2,5281.000000000001
10187,OA-VPM3,5281.400000000001
92047,T4c,5281.7
10825,OA-AL2i3,5282.1
11264,OA-ASM1,5282.1
11921,OA-VPM4,5282.500000000001
51122,Mi1,5282.500000000001
102791,T4c,5282.8
10080,OA-VUMa3,5282.900000000001
10041,OA-VUMa1,5283.3
10168,OA-VUMa6,5283.3
10269,OA-AL2i2,5283.3
79257,Tm3,5283.3
10265,OA-AL2i2,5283.599999999999
12896,OA-VUMa5,5283.599999999999
35405,Mi1,5283.9
91806,T4a,5284.2
55976,Mi1,5284.2
10204,OA-AL2i2,5284.2
35498,Mi1,5284.2
37000,Mi1,5284.2
11602,OA-ASM1,5284.400000000001
36252,Mi1,5284.5
10652,OA-AL2i4,5284.7
42119,Mi1,5285.0
11608,OA-VUMa2,5285.3
34356,Mi1,5285.4
10658,OA-AL2i3,5285.5
34849,Mi1,5285.5
33462,Mi1,5285.6
65671,Mi1,5285.8
10120,OA-VPM4,5286.400000000001
10555,OA-VUMa3,5286.400000000001
35770,Mi1,5286.5
34479,Mi1,5287.2
34057,Mi1,5287.4
94305,T4a,5287.5
35840,Mi1,5287.799999999999
10687,OA-AL2i3,5288.200000000001
10185,OA-VUMa8,5288.3
101772,Tm3,5288.3
10799,OA-VUMa4,5288.400000000001
33907,Mi1,5288.400000000001
10677,OA-AL2i4,5288.6
75848,T2a,5288.700000000001
53065,Mi1,5289.3
92431,T4a,5289.400000000001
11005,OA-VUMa4,5289.8
34189,Mi1,5289.8
50333,TmY3,5289.8
83365,T2a,5290.0
10175,OA-VUMa6,5290.4
35017,Mi1,5290.4
90049,T4c,5290.4
10110,OA-VUMa1,5290.500000000001
74023,T2a,5290.500000000001
94624,T4a,5290.500000000001
95883,T4a,5290.6
98099,T4b,5290.7
10226,OA-AL2i3,5290.8
91444,T4c,5291.0
98381,T4d,5291.2
97899,T4a,5291.599999999999
10072,OA-AL2i1,5291.8
99663,T4c,5291.9
105698,T4c,5292.0
92114,T4c,5292.2
287884,OA-VPM3,5292.3
10322,OA-AL2i2,5292.3
35836,Mi1,5292.5
110646,T4b,5292.6
12688,OA-ASM1,5292.7
98887,T4b,5292.8
10011,OA-AL2i1,5292.900000000001
12109,OA-VUMa2,5293.099999999999
10187,OA-VPM3,5293.5
56564,Mi1,5293.8
10041,OA-VUMa1,5294.1
286259,OA-ASM1,5294.1
10015,HSN,5294.3
10825,OA-AL2i3,5294.700000000001
11264,OA-ASM1,5295.0
12896,OA-VUMa5,5295.1
104257,T4b,5295.3
10269,OA-AL2i2,5295.3
10080,OA-VUMa3,5296.0
10265,OA-AL2i2,5296.0
11921,OA-VPM4,5296.1
10168,OA-VUMa6,5296.200000000001
11602,OA-ASM1,5296.6
37000,Mi1,5297.000000000001
51122,Mi1,5297.000000000001
10204,OA-AL2i2,5297.2
35405,Mi1,5297.2
35498,Mi1,5297.2
11608,OA-VUMa2,5297.400000000001
10652,OA-AL2i4,5297.5
55976,Mi1,5297.6
36252,Mi1,5297.7
10120,OA-VPM4,5297.8
10658,OA-AL2i3,5298.200000000001
33462,Mi1,5298.900000000001
10687,OA-AL2i3,5299.1
10185,OA-VUMa8,5299.700000000001
34849,Mi1,5299.700000000001
42119,Mi1,5299.9
10555,OA-VUMa3,5300.0
65671,Mi1,5300.1
34356,Mi1,5300.400000000001
34057,Mi1,5300.900000000001
114391,T4d,5300.900000000001
10025,H2,5301.0
34479,Mi1,5301.0
10072,OA-AL2i1,5301.099999999999
10110,OA-VUMa1,5301.099999999999
11005,OA-VUMa4,5301.200000000001
10175,OA-VUMa6,5301.3
10677,OA-AL2i4,5301.9
10799,OA-VUMa4,5301.9
33907,Mi1,5302.1
35770,Mi1,5302.2
35840,Mi1,5302.3
10226,OA-AL2i3,5302.599999999999
53065,Mi1,5302.700000000001
91469,T4c,5302.9
95458,T4d,5303.0
107442,T4d,5303.2
89434,T4c,5303.5
92706,T4a,5303.6
109598,T4b,5303.7
35017,Mi1,5304.0
10011,OA-AL2i1,5304.1
10322,OA-AL2i2,5304.1
66808,Tm3,5304.200000000001
69597,Tm3,5304.5
34189,Mi1,5304.700000000001
12109,OA-VUMa2,5304.9
98985,T4c,5305.000000000001
10041,OA-VUMa1,5305.2
52328,TmY3,5305.400000000001
12688,OA-ASM1,5305.5
61401,T2a,5305.6
287884,OA-VPM3,5305.7
93566,T4a,5305.8
92996,T4a,5305.900000000001
99922,T4c,5305.900000000001
35836,Mi1,5306.200000000001
66325,Tm3,5306.4
10187,OA-VPM3,5306.500000000001
10269,OA-AL2i2,5306.6
11264,OA-ASM1,5306.8
10825,OA-AL2i3,5306.900000000001
12896,OA-VUMa5,5306.900000000001
73828,Tm3,5307.1
286259,OA-ASM1,5307.2
71052,T2a,5307.2
10265,OA-AL2i2,5307.8
56564,Mi1,5308.0
106952,T4b,5308.3
47368,TmY3,5308.400000000001
10168,OA-VUMa6,5309.0
11921,OA-VPM4,5309.0
11608,OA-VUMa2,5309.099999999999
11602,OA-ASM1,5309.4
10080,OA-VUMa3,5309.6
10658,OA-AL2i3,5309.6
103479,T4c,5309.6
10120,OA-VPM4,5309.7
10652,OA-AL2i4,5310.3
37000,Mi1,5310.400000000001
10687,OA-AL2i3,5310.9
97675,T4c,5311.0
10204,OA-AL2i2,5311.0
35498,Mi1,5311.2
35405,Mi1,5311.5
55976,Mi1,5311.8
51122,Mi1,5312.0
10110,OA-VUMa1,5312.1
10185,OA-VUMa8,5312.2
36252,Mi1,5312.3
10175,OA-VUMa6,5312.700000000001
11005,OA-VUMa4,5312.8
33462,Mi1,5312.8
10072,OA-AL2i1,5313.1
10555,OA-VUMa3,5313.1
34849,Mi1,5313.2
91806,T4a,5313.6
94305,T4a,5314.4
34356,Mi1,5314.4
10799,OA-VUMa4,5314.500000000001
34057,Mi1,5314.500000000001
42119,Mi1,5314.7
34479,Mi1,5314.8
65671,Mi1,5315.0
118924,Tm3,5315.0
10226,OA-AL2i3,5315.1
10322,OA-AL2i2,5315.2
10041,OA-VUMa1,5315.3
98788,T4d,5315.400000000001
10677,OA-AL2i4,5315.5
35770,Mi1,5315.599999999999
10011,OA-AL2i1,5315.700000000001
53065,Mi1,5316.400000000001
99663,T4c,5316.8
100867,T4b,5316.8
83365,T2a,5317.099999999999
12109,OA-VUMa2,5317.099999999999
12688,OA-ASM1,5317.200000000001
92431,T4a,5317.200000000001
33907,Mi1,5317.4
76325,T2a,5317.4
36540,Mi1,5317.5
10269,OA-AL2i2,5317.6
54087,Mi1,5317.6
92047,T4c,5317.6
35840,Mi1,5317.7
12896,OA-VUMa5,5317.9
69380,Tm3,5318.0
10825,OA-AL2i3,5318.1
99423,T4d,5318.3
101772,Tm3,5318.400000000001
92114,T4c,5318.400000000001
59397,Mi1,5318.5
74023,T2a,5318.700000000001
35017,Mi1,5318.8
95883,T4a,5318.8
103022,T4a,5318.9
109142,T4b,5319.0
287884,OA-VPM3,5319.0
34189,Mi1,5319.1
532850,Tm3,5319.4
50333,TmY3,5319.5
97899,T4a,5319.6
11264,OA-ASM1,5319.7
35836,Mi1,5319.7
10265,OA-AL2i2,5319.900000000001
90465,T4a,5320.0
94624,T4a,5320.3
92939,T4b,5320.3
286259,OA-ASM1,5320.3
10658,OA-AL2i3,5320.400000000001
10187,OA-VPM3,5320.700000000001
102791,T4c,5320.700000000001
77383,T2a,5321.000000000001
11608,OA-VUMa2,5321.1
33655,Mi1,5321.1
10168,OA-VUMa6,5321.3
56564,Mi1,5321.400000000001
11602,OA-ASM1,5321.6
10015,HSN,5322.0
98099,T4b,5322.200000000001
10016,HSE,5322.3
11921,OA-VPM4,5322.3
10687,OA-AL2i3,5322.7
10120,OA-VPM4,5323.0
100680,T4d,5323.1
51231,TmY3,5323.5
10080,OA-VUMa3,5323.5
10110,OA-VUMa1,5323.599999999999
79345,T2a,5323.599999999999
87424,T4d,5323.8
10204,OA-AL2i2,5324.3
10652,OA-AL2i4,5324.3
35498,Mi1,5324.3
10175,OA-VUMa6,5324.400000000001
76524,Tm3,5324.5
10072,OA-AL2i1,5324.8
95822,T4b,5324.900000000001
11005,OA-VUMa4,5325.099999999999
83979,T4a,5325.099999999999
10185,OA-VUMa8,5325.3
55976,Mi1,5325.3
88625,T4c,5325.5
37000,Mi1,5325.5
35405,Mi1,5325.9
36252,Mi1,5325.9
10226,OA-AL2i3,5325.9
34849,Mi1,5325.9
34356,Mi1,5326.0
51122,Mi1,5326.1
33462,Mi1,5326.2
10041,OA-VUMa1,5326.400000000001
10555,OA-VUMa3,5326.400000000001
10322,OA-AL2i2,5326.700000000001
10799,OA-VUMa4,5326.8
97231,T4a,5327.0
79257,Tm3,5327.2
10011,OA-AL2i1,5327.500000000001
42119,Mi1,5328.1
92706,T4a,5328.1
10677,OA-AL2i4,5328.2
65671,Mi1,5328.2
12109,OA-VUMa2,5328.400000000001
12688,OA-ASM1,5328.5
66808,Tm3,5328.5
34057,Mi1,5328.9
34479,Mi1,5329.1
35770,Mi1,5329.1
110646,T4b,5329.1
98381,T4d,5329.6
10269,OA-AL2i2,5329.7
10025,H2,5330.3
95458,T4d,5330.7
53065,Mi1,5330.8
96295,T4b,5330.8
75848,T2a,5330.900000000001
10825,OA-AL2i3,5331.0
109536,T4d,5331.0
12896,OA-VUMa5,5331.1
45005,TmY3,5331.1
90049,T4c,5331.2
108349,T4d,5331.599999999999
10265,OA-AL2i2,5331.8
33907,Mi1,5331.8
35840,Mi1,5331.8
104257,T4b,5331.8
11264,OA-ASM1,5331.9
10658,OA-AL2i3,5332.1
287884,OA-VPM3,5332.1
91469,T4c,5332.2
98985,T4c,5332.3
35836,Mi1,5332.6
11608,OA-VUMa2,5332.7
35017,Mi1,5332.8
10168,OA-VUMa6,5333.099999999999
34189,Mi1,5333.6
95364,T4d,5333.6
10687,OA-AL2i3,5333.9
10110,OA-VUMa1,5334.2
10037,VS,5334.2
10187,OA-VPM3,5334.5
286259,OA-ASM1,5334.5
98887,T4b,5334.599999999999
10112,VS,5335.1
56564,Mi1,5335.1
11602,OA-ASM1,5335.200000000001
71052,T2a,5335.6
105698,T4c,5335.6
10120,OA-VPM4,5335.7
10175,OA-VUMa6,5335.8
36540,Mi1,5335.8
107442,T4d,5335.900000000001
11921,OA-VPM4,5336.3
10072,OA-AL2i1,5336.8
10080,OA-VUMa3,5336.8
11005,OA-VUMa4,5336.8
10185,OA-VUMa8,5336.9
10041,OA-VUMa1,5337.1
54087,Mi1,5337.2
10204,OA-AL2i2,5337.3
80302,T2a,5337.3
10652,OA-AL2i4,5337.6
10226,OA-AL2i3,5337.7
94305,T4a,5338.099999999999
10322,OA-AL2i2,5338.200000000001
10011,OA-AL2i1,5338.7
35498,Mi1,5338.7
37000,Mi1,5338.7
34849,Mi1,5339.3
59397,Mi1,5339.400000000001
55976,Mi1,5339.5
33655,Mi1,5339.599999999999
10799,OA-VUMa4,5339.8
10677,OA-AL2i4,5340.0
10555,OA-VUMa3,5340.1
12109,OA-VUMa2,5340.1
35405,Mi1,5340.2
10269,OA-AL2i2,5340.7
12688,OA-ASM1,5340.7
51122,Mi1,5340.7
34356,Mi1,5340.8
33462,Mi1,5341.0
114391,T4d,5341.200000000001
36252,Mi1,5341.4
12896,OA-VUMa5,5342.400000000001
42119,Mi1,5342.400000000001
65671,Mi1,5342.400000000001
91444,T4c,5342.400000000001
34057,Mi1,5343.1
10825,OA-AL2i3,5343.3
35770,Mi1,5343.4
34479,Mi1,5343.6
10658,OA-AL2i3,5343.7
92114,T4c,5343.8
91806,T4a,5343.900000000001
10265,OA-AL2i2,5344.3
101772,Tm3,5344.3
11264,OA-ASM1,5344.5
74023,T2a,5344.700000000001
10110,OA-VUMa1,5344.8
287884,OA-VPM3,5344.8
85126,T4a,5345.000000000001
10168,OA-VUMa6,5345.1
69597,Tm3,5345.2
33907,Mi1,5345.3
99663,T4c,5345.8
10687,OA-AL2i3,5345.900000000001
108307,T4b,5345.900000000001
35836,Mi1,5346.099999999999
11608,OA-VUMa2,5346.099999999999
92431,T4a,5346.200000000001
53065,Mi1,5346.4
100867,T4b,5346.6
10187,OA-VPM3,5346.900000000001
95883,T4a,5346.900000000001
97675,T4c,5347.2
35017,Mi1,5347.2
35840,Mi1,5347.2
92047,T4c,5347.400000000001
11602,OA-ASM1,5347.5
92996,T4a,5347.599999999999
93750,T4c,5347.700000000001
10120,OA-VPM4,5347.8
89434,T4c,5348.0
99922,T4c,5348.1
66214,T2a,5348.2
286259,OA-ASM1,5348.2
10041,OA-VUMa1,5348.3
10072,OA-AL2i1,5348.5
34189,Mi1,5348.5
83365,T2a,5348.5
77383,T2a,5348.6
10175,OA-VUMa6,5348.8
11005,OA-VUMa4,5349.099999999999
10226,OA-AL2i3,5349.200000000001
10652,OA-AL2i4,5349.5
56564,Mi1,5349.5
77480,Tm3,5349.6
10080,OA-VUMa3,5349.7
10185,OA-VUMa8,5349.7
10015,HSN,5350.0
10322,OA-AL2i2,5350.400000000001
50333,TmY3,5350.6
66808,Tm3,5350.700000000001
10204,OA-AL2i2,5350.700000000001
11921,OA-VPM4,5350.900000000001
10011,OA-AL2i1,5351.0
102791,T4c,5351.6
10269,OA-AL2i2,5351.900000000001
10677,OA-AL2i4,5352.0
12109,OA-VUMa2,5352.3
10555,OA-VUMa3,5352.400000000001
37000,Mi1,5352.6
34849,Mi1,5352.700000000001
10799,OA-VUMa4,5352.9
35498,Mi1,5352.9
36540,Mi1,5353.3
35405,Mi1,5353.5
55976,Mi1,5353.5
12688,OA-ASM1,5353.6
54087,Mi1,5353.6
12896,OA-VUMa5,5354.200000000001
34356,Mi1,5354.7
36252,Mi1,5354.8
10825,OA-AL2i3,5354.900000000001
10110,OA-VUMa1,5355.400000000001
51122,Mi1,5355.5
47368,TmY3,5355.599999999999
65671,Mi1,5355.700000000001
10658,OA-AL2i3,5355.8
94624,T4a,5356.1
33462,Mi1,5356.1
34057,Mi1,5356.1
59397,Mi1,5356.2
33655,Mi1,5356.3
42119,Mi1,5356.4
93566,T4a,5356.4
97899,T4a,5357.099999999999
10265,OA-AL2i2,5357.3
10168,OA-VUMa6,5357.3
11264,OA-ASM1,5357.4
287884,OA-VPM3,5357.4
10072,OA-AL2i1,5357.9
34479,Mi1,5357.9
35770,Mi1,5357.9
11608,OA-VUMa2,5358.1
10687,OA-AL2i3,5358.400000000001
73096,T2a,5358.6
92842,T4a,5358.700000000001
109598,T4b,5358.700000000001
10041,OA-VUMa1,5358.8
73828,Tm3,5359.1
106952,T4b,5359.1
33907,Mi1,5359.200000000001
83979,T4a,5359.3
97249,T4d,5359.500000000001
61401,T2a,5359.500000000001
10187,OA-VPM3,5359.6
69380,Tm3,5359.6
52328,TmY3,5359.7
92706,T4a,5359.8
35836,Mi1,5360.0
10175,OA-VUMa6,5360.1
35840,Mi1,5360.3
10226,OA-AL2i3,5360.3
10120,OA-VPM4,5360.400000000001
11602,OA-ASM1,5360.400000000001
11005,OA-VUMa4,5360.5
35017,Mi1,5360.700000000001
98099,T4b,5360.700000000001
53065,Mi1,5361.2
102016,T4a,5361.3
286259,OA-ASM1,5361.400000000001
10652,OA-AL2i4,5361.7
10016,HSE,5362.0
38767,Mi1,5362.0
10322,OA-AL2i2,5362.099999999999
98381,T4d,5362.200000000001
10011,OA-AL2i1,5362.4
104858,T4b,5362.6
10185,OA-VUMa8,5362.8
91469,T4c,5362.8
10080,OA-VUMa3,5362.8
10269,OA-AL2i2,5362.900000000001
10015,HSN,5363.1
34189,Mi1,5363.1
109142,T4b,5363.3
63420,Mi1,5363.700000000001
98788,T4d,5363.9
10677,OA-AL2i4,5364.1
112744,T4d,5364.2
10204,OA-AL2i2,5364.2
96295,T4b,5364.3
98887,T4b,5364.3
12109,OA-VUMa2,5364.7
34369,Mi1,5365.3
56564,Mi1,5365.4
35498,Mi1,5365.5
10025,H2,5365.6
11921,OA-VPM4,5365.6
10555,OA-VUMa3,5365.7
37000,Mi1,5365.8
10799,OA-VUMa4,5366.0
12896,OA-VUMa5,5366.0
12688,OA-ASM1,5366.2
10110,OA-VUMa1,5366.6
35405,Mi1,5367.1
10072,OA-AL2i1,5367.1
10825,OA-AL2i3,5367.500000000001
95458,T4d,5367.500000000001
55976,Mi1,5367.7
66808,Tm3,5367.8
101772,Tm3,5367.8
116716,T4b,5367.8
95883,T4a,5368.0
37948,Mi1,5368.1
51122,Mi1,5368.1
34849,Mi1,5368.5
10658,OA-AL2i3,5368.599999999999
10168,OA-VUMa6,5368.8
34356,Mi1,5369.000000000001
94305,T4a,5369.1
36540,Mi1,5369.400000000001
10041,OA-VUMa1,5369.400000000001
36252,Mi1,5369.6
10687,OA-AL2i3,5369.8
75848,T2a,5369.900000000001
287884,OA-VPM3,5369.900000000001
11608,OA-VUMa2,5370.099999999999
33462,Mi1,5370.200000000001
34057,Mi1,5370.3
65671,Mi1,5370.3
90049,T4c,5370.3
54087,Mi1,5370.6
42119,Mi1,5370.7
10265,OA-AL2i2,5370.8
34479,Mi1,5371.0
91806,T4a,5371.1
11264,OA-ASM1,5371.2
99663,T4c,5371.400000000001
59397,Mi1,5371.599999999999
92431,T4a,5371.599999999999
10226,OA-AL2i3,5372.0
11005,OA-VUMa4,5372.1
33655,Mi1,5372.3
10120,OA-VPM4,5372.4
10187,OA-VPM3,5372.7
35770,Mi1,5372.7
10175,OA-VUMa6,5372.8
45005,TmY3,5373.200000000001
98985,T4c,5373.200000000001
33907,Mi1,5373.4
69597,Tm3,5373.4
92047,T4c,5373.4
118924,Tm3,5373.4
107442,T4d,5373.5
10011,OA-AL2i1,5373.6
74023,T2a,5373.6
91283,T4c,5373.7
11602,OA-ASM1,5373.9
10652,OA-AL2i4,5374.1
10322,OA-AL2i2,5374.3
35836,Mi1,5374.3
35840,Mi1,5374.400000000001
92114,T4c,5374.400000000001
83365,T2a,5374.6
97872,T4d,5374.700000000001
35017,Mi1,5374.8
71052,T2a,5374.8
10269,OA-AL2i2,5375.1
106793,T4d,5375.1
286259,OA-ASM1,5375.1
50333,TmY3,5375.200000000001
10185,OA-VUMa8,5375.4
89434,T4c,5375.7
92939,T4b,5375.7
10080,OA-VUMa3,5375.8
100867,T4b,5375.900000000001
51231,TmY3,5376.0
53065,Mi1,5376.0
93750,T4c,5376.3
10072,OA-AL2i1,5376.400000000001
12109,OA-VUMa2,5376.5
10677,OA-AL2i4,5376.599999999999
34189,Mi1,5377.000000000001
10110,OA-VUMa1,5377.1
97231,T4a,5377.400000000001
10112,VS,5377.5
10204,OA-AL2i2,5377.6
11921,OA-VPM4,5378.0
12688,OA-ASM1,5378.0
12896,OA-VUMa5,5378.3
10037,VS,5378.4
99922,T4c,5378.4
37000,Mi1,5378.7
110646,T4b,5378.8
10555,OA-VUMa3,5379.1
10825,OA-AL2i3,5379.1
103479,T4c,5379.400000000001
102791,T4c,5379.8
104257,T4b,5379.8
116129,T4b,5379.9
88625,T4c,5380.0
10168,OA-VUMa6,5380.3
10799,OA-VUMa4,5380.3
56564,Mi1,5380.3
10041,OA-VUMa1,5380.4
35405,Mi1,5380.6
35498,Mi1,5380.8
105698,T4c,5380.8
10658,OA-AL2i3,5380.900000000001
90465,T4a,5381.0
10687,OA-AL2i3,5381.200000000001
11608,OA-VUMa2,5382.0
55976,Mi1,5382.0
94624,T4a,5382.2
51122,Mi1,5382.5
287884,OA-VPM3,5382.5
75521,T2a,5382.8
38767,Mi1,5382.900000000001
95822,T4b,5382.900000000001
10265,OA-AL2i2,5383.1
34356,Mi1,5383.500000000001
63420,Mi1,5383.6
10025,H2,5383.7
11005,OA-VUMa4,5383.900000000001
34057,Mi1,5383.900000000001
36540,Mi1,5384.2
36252,Mi1,5384.3
33462,Mi1,5384.3
34849,Mi1,5384.400000000001
10226,OA-AL2i3,5384.700000000001
11264,OA-ASM1,5384.700000000001
10120,OA-VPM4,5384.8
42119,Mi1,5384.8
10322,OA-AL2i2,5385.1
34479,Mi1,5385.1
10175,OA-VUMa6,5385.1
10187,OA-VPM3,5385.7
34369,Mi1,5385.7
65671,Mi1,5385.7
35770,Mi1,5385.8
10072,OA-AL2i1,5385.900000000001
59397,Mi1,5386.3
10015,HSN,5386.5
10011,OA-AL2i1,5386.8
10269,OA-AL2i2,5387.0
11602,OA-ASM1,5387.400000000001
12109,OA-VUMa2,5387.5
33655,Mi1,5387.599999999999
286259,OA-ASM1,5387.599999999999
10110,OA-VUMa1,5387.8
54087,Mi1,5387.9
35836,Mi1,5388.0
10652,OA-AL2i4,5388.1
10185,OA-VUMa8,5388.2
66808,Tm3,5388.6
92706,T4a,5388.6
33907,Mi1,5388.7
97899,T4a,5388.7
35840,Mi1,5388.8
97675,T4c,5388.8
37948,Mi1,5389.0
532850,Tm3,5389.0
91469,T4c,5389.099999999999
35017,Mi1,5389.099999999999
85126,T4a,5389.5
95364,T4d,5389.5
69380,Tm3,5389.6
10677,OA-AL2i4,5389.9
77383,T2a,5389.9
12896,OA-VUMa5,5390.2
92996,T4a,5390.2
12688,OA-ASM1,5390.3
95883,T4a,5390.5
10825,OA-AL2i3,5390.6
10080,OA-VUMa3,5390.7
10204,OA-AL2i2,5390.8
83979,T4a,5390.900000000001
71773,T2a,5391.1
108307,T4b,5391.200000000001
53065,Mi1,5391.200000000001
10041,OA-VUMa1,5391.500000000001
34189,Mi1,5391.8
11921,OA-VPM4,5392.0
47368,TmY3,5392.0
114391,T4d,5392.0
10168,OA-VUMa6,5392.3
10555,OA-VUMa3,5392.400000000001
10658,OA-AL2i3,5392.5
10799,OA-VUMa4,5392.5
11608,OA-VUMa2,5392.9
108349,T4d,5393.1
37000,Mi1,5393.3
10687,OA-AL2i3,5394.0
91444,T4c,5394.0
35498,Mi1,5394.4
56564,Mi1,5394.7
98381,T4d,5394.7
10265,OA-AL2i2,5394.7
35405,Mi1,5394.900000000001
93566,T4a,5395.0
10072,OA-AL2i1,5395.1
10226,OA-AL2i3,5395.700000000001
11005,OA-VUMa4,5395.700000000001
287884,OA-VPM3,5395.700000000001
34356,Mi1,5395.8
92047,T4c,5396.0
10175,OA-VUMa6,5396.1
87424,T4d,5396.1
34057,Mi1,5396.4
55976,Mi1,5396.4
10322,OA-AL2i2,5396.7
51122,Mi1,5396.900000000001
95005,T4a,5397.3
10016,HSE,5397.4
10015,HSN,5397.6
11264,OA-ASM1,5397.700000000001
42119,Mi1,5397.8
101772,Tm3,5397.9
10120,OA-VPM4,5398.1
94305,T4a,5398.3
10110,OA-VUMa1,5398.400000000001
10011,OA-AL2i1,5398.5
10187,OA-VPM3,5398.7
10269,OA-AL2i2,5398.900000000001
96295,T4b,5398.900000000001
11602,OA-ASM1,5399.0
12109,OA-VUMa2,5399.0
65671,Mi1,5399.0
10185,OA-VUMa8,5399.3
33462,Mi1,5399.3
36540,Mi1,5399.4
34849,Mi1,5399.500000000001
109598,T4b,5399.6
39158,Mi1,5399.6
34479,Mi1,5399.7
36252,Mi1,5399.8
38767,Mi1,5400.1
35770,Mi1,5400.2
73828,Tm3,5400.5
63420,Mi1,5400.599999999999
59397,Mi1,5400.8
286259,OA-ASM1,5400.9
92431,T4a,5401.000000000001
12896,OA-VUMa5,5401.1
10652,OA-AL2i4,5401.5
34369,Mi1,5401.7
10677,OA-AL2i4,5401.8
33446,Mi1,5401.8
50333,TmY3,5402.0
52328,TmY3,5402.0
41809,Mi1,5402.0
10041,OA-VUMa1,5402.099999999999
33655,Mi1,5402.099999999999
35836,Mi1,5402.099999999999
35840,Mi1,5402.099999999999
99663,T4c,5402.200000000001
74023,T2a,5402.3
98099,T4b,5402.3
12688,OA-ASM1,5402.4
10825,OA-AL2i3,5402.6
66214,T2a,5402.6
98887,T4b,5402.6
10204,OA-AL2i2,5402.7
34862,Mi1,5402.8
10658,OA-AL2i3,5403.0
106952,T4b,5403.1
35017,Mi1,5403.400000000001
37019,Mi1,5403.5
10168,OA-VUMa6,5403.700000000001
95458,T4d,5403.700000000001
11608,OA-VUMa2,5403.8
98788,T4d,5403.8
33907,Mi1,5403.9
10072,OA-AL2i1,5404.0
10080,OA-VUMa3,5404.3
92114,T4c,5404.3
69597,Tm3,5404.4
54087,Mi1,5404.5
11921,OA-VPM4,5404.6
109142,T4b,5404.7
37948,Mi1,5404.799999999999
34045,Mi1,5404.900000000001
10555,OA-VUMa3,5405.200000000001
34189,Mi1,5405.5
53065,Mi1,5405.6
10687,OA-AL2i3,5405.9
10799,OA-VUMa4,5406.000000000001
92842,T4a,5406.000000000001
10265,OA-AL2i2,5406.8
91806,T4a,5406.8
10226,OA-AL2i3,5406.900000000001
11005,OA-VUMa4,5406.900000000001
97028,T4c,5407.1
37000,Mi1,5407.500000000001
104858,T4b,5407.7
10175,OA-VUMa6,5407.8
287884,OA-VPM3,5407.900000000001
35498,Mi1,5408.0
95681,T4a,5408.0
32893,Mi1,5408.1
10322,OA-AL2i2,5408.400000000001
10110,OA-VUMa1,5408.5
10025,H2,5408.5
89290,T4d,5408.700000000001
10037,VS,5408.8
56564,Mi1,5408.9
35405,Mi1,5409.1
10269,OA-AL2i2,5409.2
38479,Mi1,5409.2
79257,Tm3,5409.2
34356,Mi1,5409.3
10011,OA-AL2i1,5409.400000000001
104257,T4b,5409.400000000001
12109,OA-VUMa2,5410.0
105718,T4b,5410.099999999999
10120,OA-VPM4,5410.200000000001
79345,T2a,5410.5
34057,Mi1,5410.6
51122,Mi1,5410.6
10187,OA-VPM3,5410.8
10185,OA-VUMa8,5410.9
11264,OA-ASM1,5411.1
55976,Mi1,5411.1
80302,T2a,5411.2
107442,T4d,5411.2
34479,Mi1,5411.400000000001
11602,OA-ASM1,5411.8
10112,VS,5411.9
79271,T4a,5412.1
66808,Tm3,5412.3
12896,OA-VUMa5,5412.4
71161,T2a,5412.799999999999
94624,T4a,5412.799999999999
10072,OA-AL2i1,5412.900000000001
33462,Mi1,5412.900000000001
36252,Mi1,5413.1
286259,OA-ASM1,5413.200000000001
42119,Mi1,5413.200000000001
10041,OA-VUMa1,5413.3
10825,OA-AL2i3,5413.8
89434,T4c,5413.9
65671,Mi1,5414.1
10658,OA-AL2i3,5414.2
10677,OA-AL2i4,5414.2
75848,T2a,5414.2
11608,OA-VUMa2,5414.3
12688,OA-ASM1,5414.5
66325,Tm3,5414.5
34849,Mi1,5414.6
35770,Mi1,5414.7
90049,T4c,5414.8
59397,Mi1,5414.900000000001
61401,T2a,5414.900000000001
99922,T4c,5415.0
36540,Mi1,5415.0
10652,OA-AL2i4,5415.0
10168,OA-VUMa6,5415.1
63420,Mi1,5415.500000000001
97899,T4a,5415.500000000001
122308,Tm3,5415.6
35836,Mi1,5415.8
54885,TmY3,5415.8
10204,OA-AL2i2,5415.900000000001
92706,T4a,5415.900000000001
92939,T4b,5415.900000000001
38767,Mi1,5416.2
98985,T4c,5416.599999999999
103022,T4a,5416.700000000001
118924,Tm3,5416.8
95883,T4a,5416.9
83979,T4a,5417.1
34369,Mi1,5417.1
33655,Mi1,5417.1
10080,OA-VUMa3,5417.3
35017,Mi1,5417.400000000001
35840,Mi1,5417.6
10687,OA-AL2i3,5417.8
45005,TmY3,5417.8
11005,OA-VUMa4,5417.900000000001
97675,T4c,5417.900000000001
33907,Mi1,5418.0
11921,OA-VPM4,5418.099999999999
10015,HSN,5418.200000000001
100867,T4b,5418.200000000001
53065,Mi1,5418.3
10226,OA-AL2i3,5418.8
10799,OA-VUMa4,5418.9
93750,T4c,5419.0
69380,Tm3,5419.1
10110,OA-VUMa1,5419.1
10175,OA-VUMa6,5419.3
76325,T2a,5419.3
83365,T2a,5419.3
10265,OA-AL2i2,5419.400000000001
34189,Mi1,5419.599999999999
75521,T2a,5419.8
91283,T4c,5419.8
37000,Mi1,5419.9
10023,HSS,5420.1
10322,OA-AL2i2,5420.1
10269,OA-AL2i2,5420.2
91469,T4c,5420.3
10011,OA-AL2i1,5420.4
54087,Mi1,5420.4
102791,T4c,5420.4
10016,HSE,5420.5
94305,T4a,5420.7
33446,Mi1,5420.8
88625,T4c,5420.8
37948,Mi1,5420.900000000001
95822,T4b,5420.900000000001
56564,Mi1,5421.0
77480,Tm3,5421.0
287884,OA-VPM3,5421.0
39158,Mi1,5421.1
85126,T4a,5421.1
103479,T4c,5421.200000000001
35498,Mi1,5421.3
10555,OA-VUMa3,5421.5
77383,T2a,5421.5
12109,OA-VUMa2,5421.6
97231,T4a,5421.6
41809,Mi1,5421.700000000001
47368,TmY3,5421.9
101043,T4c,5421.9
105698,T4c,5421.9
35405,Mi1,5422.1
110646,T4b,5422.1
10120,OA-VPM4,5422.2
34862,Mi1,5422.2
71052,T2a,5422.2
10072,OA-AL2i1,5422.3
34356,Mi1,5422.6
98381,T4d,5422.6
10185,OA-VUMa8,5423.0
92047,T4c,5423.0
11264,OA-ASM1,5423.1
12896,OA-VUMa5,5423.1
101215,T4c,5423.1
97171,T4d,5423.200000000001
37019,Mi1,5423.4
91444,T4c,5424.0
82145,T2a,5424.0
76524,Tm3,5424.0
10187,OA-VPM3,5424.0
73284,T2a,5424.1
34057,Mi1,5424.3
10041,OA-VUMa1,5424.5
11602,OA-ASM1,5424.599999999999
51122,Mi1,5424.599999999999
55976,Mi1,5424.599999999999
10825,OA-AL2i3,5424.8
92996,T4a,5424.9
34045,Mi1,5425.0
88951,Tm3,5425.2
92431,T4a,5425.2
11608,OA-VUMa2,5425.3
101772,Tm3,5425.5
73586,Tm3,5425.8
10658,OA-AL2i3,5425.900000000001
10168,OA-VUMa6,5426.200000000001
33462,Mi1,5426.200000000001
34479,Mi1,5426.3
89368,T4c,5426.3
99663,T4c,5426.3
12688,OA-ASM1,5426.4
101383,T4b,5426.4
36252,Mi1,5426.6
10677,OA-AL2i4,5426.7
10652,OA-AL2i4,5426.8
286259,OA-ASM1,5426.8
38479,Mi1,5427.599999999999
51231,TmY3,5427.599999999999
65671,Mi1,5427.8
42119,Mi1,5428.0
112744,T4d,5428.0
10204,OA-AL2i2,5428.5
10025,H2,5428.5
35770,Mi1,5428.7
10687,OA-AL2i3,5429.1
90465,T4a,5429.1
10110,OA-VUMa1,5429.200000000001
102462,T4c,5429.3
11005,OA-VUMa4,5429.400000000001
50333,TmY3,5429.5
32893,Mi1,5429.5
63420,Mi1,5429.6
74023,T2a,5429.6
34849,Mi1,5429.8
59397,Mi1,5429.9
95458,T4d,5430.2
35836,Mi1,5430.2
38767,Mi1,5430.2
109142,T4b,5430.3
10080,OA-VUMa3,5430.3
35840,Mi1,5430.5
10175,OA-VUMa6,5430.7
10072,OA-AL2i1,5430.900000000001
33655,Mi1,5431.099999999999
34369,Mi1,5431.099999999999
36540,Mi1,5431.3
53065,Mi1,5431.4
98788,T4d,5431.4
10269,OA-AL2i2,5431.6
10015,HSN,5431.8
10226,OA-AL2i3,5431.8
10799,OA-VUMa4,5431.8
10011,OA-AL2i1,5431.900000000001
74228,Tm3,5431.900000000001
92706,T4a,5431.900000000001
33907,Mi1,5432.0
93566,T4a,5432.2
35017,Mi1,5432.2
10322,OA-AL2i2,5432.2
11921,OA-VPM4,5432.2
89434,T4c,5432.5
92114,T4c,5432.5
10265,OA-AL2i2,5432.700000000001
37000,Mi1,5433.0
66980,T2a,5433.400000000001
114391,T4d,5433.6
34189,Mi1,5433.7
104257,T4b,5433.7
102016,T4a,5433.8
12109,OA-VUMa2,5434.099999999999
66808,Tm3,5434.099999999999
98300,T4a,5434.200000000001
287884,OA-VPM3,5434.200000000001
10555,OA-VUMa3,5434.9
98887,T4b,5434.9
10120,OA-VPM4,5435.0
10185,OA-VUMa8,5435.1
52328,TmY3,5435.1
93972,T4a,5435.1
108307,T4b,5435.1
35405,Mi1,5435.2
35498,Mi1,5435.3
10041,OA-VUMa1,5435.5
68522,T2a,5435.5
56564,Mi1,5435.599999999999
11264,OA-ASM1,5435.9
54087,Mi1,5435.9
12896,OA-VUMa5,5436.0
34356,Mi1,5436.0
10825,OA-AL2i3,5436.4
37948,Mi1,5436.4
69597,Tm3,5436.5
10187,OA-VPM3,5436.5
116716,T4b,5436.8
10168,OA-VUMa6,5437.400000000001
11608,OA-VUMa2,5437.400000000001
10016,HSE,5437.6
39158,Mi1,5437.6
91806,T4a,5437.6
55976,Mi1,5438.1
94624,T4a,5438.1
11602,OA-ASM1,5438.2
96295,T4b,5438.2
10658,OA-AL2i3,5438.3
33446,Mi1,5438.400000000001
116129,T4b,5438.6
51122,Mi1,5438.7
95005,T4a,5438.8
34057,Mi1,5438.8
10652,OA-AL2i4,5439.0
12688,OA-ASM1,5439.0
97899,T4a,5439.200000000001
10110,OA-VUMa1,5439.3
34862,Mi1,5439.4
41809,Mi1,5439.4
10677,OA-AL2i4,5439.500000000001
101873,T4b,5439.6
33462,Mi1,5439.900000000001
34479,Mi1,5440.1
286259,OA-ASM1,5440.3
37019,Mi1,5440.400000000001
79271,T4a,5440.400000000001
10687,OA-AL2i3,5440.700000000001
34045,Mi1,5441.1
11005,OA-VUMa4,5441.3
36252,Mi1,5441.5
10025,H2,5441.5
90049,T4c,5441.900000000001
10072,OA-AL2i1,5442.0
65671,Mi1,5442.0
10015,HSN,5442.099999999999
10175,OA-VUMa6,5442.4
10080,OA-VUMa3,5442.5
42119,Mi1,5442.5
10204,OA-AL2i2,5442.6
38479,Mi1,5442.8
91469,T4c,5442.8
63420,Mi1,5442.9
95883,T4a,5443.0
35770,Mi1,5443.1
10011,OA-AL2i1,5443.2
59397,Mi1,5443.599999999999
109598,T4b,5443.700000000001
10226,OA-AL2i3,5443.700000000001
34849,Mi1,5444.0
66214,T2a,5444.1
73828,Tm3,5444.1
10322,OA-AL2i2,5444.2
10799,OA-VUMa4,5444.2
38767,Mi1,5444.3
10269,OA-AL2i2,5444.5
35836,Mi1,5444.6
100867,T4b,5444.7
35840,Mi1,5445.1
12109,OA-VUMa2,5445.5
32893,Mi1,5445.5
10265,OA-AL2i2,5445.700000000001
33907,Mi1,5445.700000000001
53065,Mi1,5445.9
11921,OA-VPM4,5446.3
99922,T4c,5446.400000000001
10041,OA-VUMa1,5446.400000000001
98099,T4b,5446.400000000001
36540,Mi1,5446.5
97675,T4c,5446.5
98985,T4c,5446.5
34369,Mi1,5446.6
35017,Mi1,5446.8
37000,Mi1,5447.099999999999
33655,Mi1,5447.3
10185,OA-VUMa8,5447.500000000001
83689,T4a,5447.6
12896,OA-VUMa5,5447.7
69380,Tm3,5447.7
287884,OA-VPM3,5447.7
10120,OA-VPM4,5447.900000000001
532850,Tm3,5448.0
95681,T4a,5448.2
94305,T4a,5448.2
10825,OA-AL2i3,5448.3
10555,OA-VUMa3,5448.599999999999
105718,T4b,5449.400000000001
118924,Tm3,5449.5
10187,OA-VPM3,5449.6
10658,OA-AL2i3,5449.6
83365,T2a,5449.6
10110,OA-VUMa1,5449.7
34189,Mi1,5449.7
34356,Mi1,5449.7
110646,T4b,5449.7
35405,Mi1,5449.8
98381,T4d,5449.8
102791,T4c,5449.900000000001
56564,Mi1,5450.0
10168,OA-VUMa6,5450.099999999999
11608,OA-VUMa2,5450.200000000001
11264,OA-ASM1,5450.3
54087,Mi1,5450.4
35498,Mi1,5450.5
106952,T4b,5450.8
11602,OA-ASM1,5450.9
12688,OA-ASM1,5450.9
37948,Mi1,5451.1
83979,T4a,5451.1
91682,T4b,5451.400000000001
39158,Mi1,5451.599999999999
108349,T4d,5451.9
34057,Mi1,5452.0
10652,OA-AL2i4,5452.1
10687,OA-AL2i3,5452.1
92047,T4c,5452.1
99663,T4c,5452.4
75521,T2a,5452.4
92431,T4a,5452.4
10677,OA-AL2i4,5452.500000000001
101772,Tm3,5452.500000000001
33446,Mi1,5452.8
51122,Mi1,5452.8
54885,TmY3,5452.900000000001
34862,Mi1,5453.2
47368,TmY3,5453.2
55976,Mi1,5453.2
33462,Mi1,5453.400000000001
66808,Tm3,5453.400000000001
75848,T2a,5453.5
11005,OA-VUMa4,5453.8
10025,H2,5453.9
10072,OA-AL2i1,5454.1
50333,TmY3,5454.2
10015,HSN,5454.2
41809,Mi1,5454.3
10175,OA-VUMa6,5454.400000000001
92114,T4c,5454.7
71161,T2a,5454.900000000001
286259,OA-ASM1,5454.900000000001
10016,HSE,5455.099999999999
34479,Mi1,5455.099999999999
10011,OA-AL2i1,5455.200000000001
34045,Mi1,5455.200000000001
122308,Tm3,5455.200000000001
91283,T4c,5455.3
100680,T4d,5455.500000000001
109142,T4b,5455.500000000001
10322,OA-AL2i2,5455.7
10226,OA-AL2i3,5455.7
10204,OA-AL2i2,5455.7
10080,OA-VUMa3,5455.8
45005,TmY3,5455.8
73284,T2a,5455.900000000001
65671,Mi1,5456.0
36252,Mi1,5456.1
107442,T4d,5456.1
37019,Mi1,5456.3
89290,T4d,5456.5
10041,OA-VUMa1,5456.700000000001
10269,OA-AL2i2,5456.8
12109,OA-VUMa2,5456.9
42119,Mi1,5456.9
97028,T4c,5457.0
10799,OA-VUMa4,5457.5
35770,Mi1,5457.5
73807,Tm3,5457.8
34849,Mi1,5457.900000000001
63420,Mi1,5457.900000000001
10265,OA-AL2i2,5457.900000000001
51231,TmY3,5458.200000000001
38479,Mi1,5458.4
38767,Mi1,5458.7
59397,Mi1,5458.7
12896,OA-VUMa5,5458.8
99628,T4b,5458.9
35836,Mi1,5459.2
86686,T4c,5459.2
92706,T4a,5459.2
92939,T4b,5459.5
37000,Mi1,5459.5
33907,Mi1,5459.8
89434,T4c,5459.9
104008,T4b,5459.9
10185,OA-VUMa8,5460.200000000001
36540,Mi1,5460.3
11921,OA-VPM4,5460.4
74023,T2a,5460.500000000001
74373,Tm3,5460.6
35840,Mi1,5460.6
34369,Mi1,5460.7
35017,Mi1,5460.7
32893,Mi1,5460.8
10110,OA-VUMa1,5461.0
10120,OA-VPM4,5461.2
53065,Mi1,5461.2
10658,OA-AL2i3,5461.3
10825,OA-AL2i3,5461.3
91444,T4c,5461.400000000001
11608,OA-VUMa2,5461.6
34356,Mi1,5461.8
89368,T4c,5461.9
10168,OA-VUMa6,5462.000000000001
109536,T4d,5462.1
287884,OA-VPM3,5462.1
10555,OA-VUMa3,5462.2
33655,Mi1,5462.400000000001
88625,T4c,5462.7
35405,Mi1,5462.8
97899,T4a,5462.8
10187,OA-VPM3,5462.900000000001
99423,T4d,5463.099999999999
95458,T4d,5463.200000000001
34189,Mi1,5463.3
71052,T2a,5463.3
11264,OA-ASM1,5463.3
91806,T4a,5463.4
101215,T4c,5463.4
56564,Mi1,5463.500000000001
77991,Tm3,5463.500000000001
85126,T4a,5463.500000000001
12688,OA-ASM1,5464.0
10687,OA-AL2i3,5464.0
97231,T4a,5464.0
35498,Mi1,5464.2
10112,VS,5464.400000000001
11005,OA-VUMa4,5464.400000000001
77383,T2a,5464.5
117627,Tm3,5464.5
10652,OA-AL2i4,5464.700000000001
92842,T4a,5464.700000000001
96295,T4b,5464.700000000001
11602,OA-ASM1,5464.8
54087,Mi1,5465.0
34057,Mi1,5465.1
80302,T2a,5465.3
95822,T4b,5465.5
51122,Mi1,5465.7
101005,T4d,5465.7
117662,T4d,5465.7
94624,T4a,5465.8
87424,T4d,5465.8
10037,VS,5465.8
10677,OA-AL2i4,5465.8
67719,T2a,5466.0
106793,T4d,5466.0
10175,OA-VUMa6,5466.200000000001
33446,Mi1,5466.200000000001
39158,Mi1,5466.200000000001
10072,OA-AL2i1,5466.3
10322,OA-AL2i2,5466.4
93750,T4c,5466.4
10041,OA-VUMa1,5466.5
69597,Tm3,5466.5
10011,OA-AL2i1,5466.6
104297,T4a,5466.8
10025,H2,5466.9
55976,Mi1,5467.1
37948,Mi1,5467.1
33462,Mi1,5467.1
97171,T4d,5467.299999999999
10226,OA-AL2i3,5467.5
104257,T4b,5467.5
91469,T4c,5467.599999999999
41809,Mi1,5467.9
34862,Mi1,5468.1
10080,OA-VUMa3,5468.200000000001
98887,T4b,5468.200000000001
116129,T4b,5468.3
10269,OA-AL2i2,5468.4
79271,T4a,5468.500000000001
286259,OA-ASM1,5468.500000000001
12109,OA-VUMa2,5468.6
112744,T4d,5468.6
97249,T4d,5468.7
10204,OA-AL2i2,5468.7
101772,Tm3,5469.1
10265,OA-AL2i2,5469.2
34479,Mi1,5469.400000000001
95005,T4a,5469.400000000001
10015,HSN,5469.5
102462,T4c,5469.700000000001
104858,T4b,5469.700000000001
108307,T4b,5469.700000000001
34045,Mi1,5470.000000000001
36252,Mi1,5470.000000000001
95883,T4a,5470.000000000001
65671,Mi1,5470.1
100787,T4b,5470.2
93566,T4a,5470.7
109598,T4b,5470.8
42119,Mi1,5470.900000000001
10799,OA-VUMa4,5471.0
61401,T2a,5471.0
37019,Mi1,5471.099999999999
12896,OA-VUMa5,5471.200000000001
98668,T4a,5471.3
97872,T4d,5471.500000000001
66808,Tm3,5471.7
34849,Mi1,5471.900000000001
98788,T4d,5471.900000000001
63420,Mi1,5472.2
10185,OA-VUMa8,5472.400000000001
10110,OA-VUMa1,5472.5
10658,OA-AL2i3,5472.700000000001
35770,Mi1,5472.700000000001
38767,Mi1,5472.700000000001
11608,OA-VUMa2,5472.8
35836,Mi1,5472.8
95335,T4a,5472.9
38479,Mi1,5473.2
10023,HSS,5473.4
10825,OA-AL2i3,5473.4
35017,Mi1,5473.4
59397,Mi1,5473.4
97161,T4a,5473.6
10112,VS,5473.7
10120,OA-VPM4,5473.7
98985,T4c,5473.7
10016,HSE,5473.900000000001
34369,Mi1,5474.099999999999
35840,Mi1,5474.099999999999
37000,Mi1,5474.200000000001
33907,Mi1,5474.3
10168,OA-VUMa6,5474.4
92431,T4a,5474.6
53065,Mi1,5474.7
11921,OA-VPM4,5474.8
98099,T4b,5474.8
36540,Mi1,5475.2
92996,T4a,5475.2
97675,T4c,5475.2
10025,H2,5475.599999999999
11264,OA-ASM1,5475.599999999999
100867,T4b,5475.700000000001
287884,OA-VPM3,5475.8
11005,OA-VUMa4,5475.900000000001
32893,Mi1,5475.900000000001
34356,Mi1,5475.900000000001
10072,OA-AL2i1,5476.0
47368,TmY3,5476.0
10687,OA-AL2i3,5476.1
106952,T4b,5476.3
95364,T4d,5476.3
10555,OA-VUMa3,5476.4
33655,Mi1,5476.4
10187,OA-VPM3,5476.6
12688,OA-ASM1,5476.8
35405,Mi1,5476.8
97899,T4a,5476.900000000001
94305,T4a,5477.0
35498,Mi1,5477.0
34189,Mi1,5477.1
10041,OA-VUMa1,5477.2
95681,T4a,5477.2
94179,T4a,5477.3
50333,TmY3,5477.400000000001
10652,OA-AL2i4,5477.5
11602,OA-ASM1,5477.700000000001
56564,Mi1,5477.700000000001
101043,T4c,5477.8
10011,OA-AL2i1,5477.9
10175,OA-VUMa6,5477.9
69380,Tm3,5478.000000000001
92047,T4c,5478.000000000001
99922,T4c,5478.000000000001
10015,HSN,5478.1
10322,OA-AL2i2,5478.1
34057,Mi1,5478.1
54087,Mi1,5478.2
10677,OA-AL2i4,5478.3
74228,Tm3,5478.400000000001
10037,VS,5478.5
10226,OA-AL2i3,5478.6
62272,T2,5479.0
101383,T4b,5479.0
114391,T4d,5479.200000000001
97028,T4c,5479.3
10269,OA-AL2i2,5479.4
68522,T2a,5479.500000000001
109631,T4b,5479.8
98300,T4a,5480.0
98381,T4d,5480.0
99663,T4c,5480.0
51122,Mi1,5480.1
79257,Tm3,5480.2
39158,Mi1,5480.3
12109,OA-VUMa2,5480.5
103479,T4c,5480.599999999999
33446,Mi1,5480.700000000001
102791,T4c,5480.700000000001
10204,OA-AL2i2,5481.3
10265,OA-AL2i2,5481.4
37948,Mi1,5481.4
108349,T4d,5481.8
107442,T4d,5482.099999999999
83979,T4a,5482.099999999999
10080,OA-VUMa3,5482.099999999999
55976,Mi1,5482.200000000001
92114,T4c,5482.200000000001
12896,OA-VUMa5,5482.4
75521,T2a,5482.4
10799,OA-VUMa4,5482.6
34862,Mi1,5482.6
286259,OA-ASM1,5482.6
33462,Mi1,5483.0
34479,Mi1,5483.5
10110,OA-VUMa1,5483.6
10185,OA-VUMa8,5483.8
41809,Mi1,5483.8
105698,T4c,5483.900000000001
36252,Mi1,5484.0
90465,T4a,5484.0
89290,T4d,5484.200000000001
34045,Mi1,5484.200000000001
10016,HSE,5484.4
10658,OA-AL2i3,5484.900000000001
65671,Mi1,5485.0
90049,T4c,5485.1
10112,VS,5485.400000000001
11608,OA-VUMa2,5485.400000000001
10825,OA-AL2i3,5485.5
35770,Mi1,5485.700000000001
37019,Mi1,5485.700000000001
10072,OA-AL2i1,5485.8
10168,OA-VUMa6,5485.8
63420,Mi1,5485.8
42119,Mi1,5485.9
10120,OA-VPM4,5486.2
34849,Mi1,5486.2
92706,T4a,5486.5
35836,Mi1,5486.900000000001
38479,Mi1,5487.0
59397,Mi1,5487.099999999999
11005,OA-VUMa4,5487.200000000001
33907,Mi1,5487.5
35840,Mi1,5487.6
38767,Mi1,5487.8
10687,OA-AL2i3,5487.900000000001
35017,Mi1,5488.0
11264,OA-ASM1,5488.1
287884,OA-VPM3,5488.400000000001
10041,OA-VUMa1,5488.5
34356,Mi1,5488.5
37000,Mi1,5488.5
10011,OA-AL2i1,5488.8
34369,Mi1,5488.9
10322,OA-AL2i2,5489.3
93972,T4a,5489.3
10037,VS,5489.3
53065,Mi1,5489.4
11921,OA-VPM4,5489.5
74023,T2a,5489.7
10187,OA-VPM3,5489.900000000001
10555,OA-VUMa3,5489.900000000001
33655,Mi1,5489.900000000001
36446,Mi1,5490.0
36540,Mi1,5490.0
10226,OA-AL2i3,5490.099999999999
12688,OA-ASM1,5490.099999999999
91469,T4c,5490.3
10652,OA-AL2i4,5490.3
91283,T4c,5490.3
35498,Mi1,5490.6
36533,Mi1,5490.6
32893,Mi1,5490.8
110646,T4b,5490.8
10175,OA-VUMa6,5490.9
10677,OA-AL2i4,5491.0
101772,Tm3,5491.1
11602,OA-ASM1,5491.1
12109,OA-VUMa2,5491.2
103654,T4b,5491.3
10269,OA-AL2i2,5491.5
34057,Mi1,5491.5
35405,Mi1,5491.5
56564,Mi1,5491.5
99131,T4c,5491.700000000001
105718,T4b,5491.700000000001
34189,Mi1,5491.900000000001
73284,T2a,5491.900000000001
36217,Mi1,5492.1
97231,T4a,5492.1
96295,T4b,5492.200000000001
51231,TmY3,5492.3
94624,T4a,5492.4
86686,T4c,5492.7
10015,HSN,5492.7
66808,Tm3,5492.7
34933,Mi1,5492.8
33942,Mi1,5492.900000000001
127153,Tm3,5493.2
54087,Mi1,5493.400000000001
101215,T4c,5493.700000000001
36954,Mi1,5493.9
95883,T4a,5493.9
12896,OA-VUMa5,5493.9
52328,TmY3,5494.000000000001
83365,T2a,5494.000000000001
39158,Mi1,5494.1
75848,T2a,5494.1
10025,H2,5494.400000000001
92939,T4b,5494.400000000001
91806,T4a,5494.6
71052,T2a,5494.7
51122,Mi1,5494.7
10110,OA-VUMa1,5494.900000000001
10204,OA-AL2i2,5494.900000000001
10265,OA-AL2i2,5494.900000000001
10799,OA-VUMa4,5495.0
54885,TmY3,5495.0
10185,OA-VUMa8,5495.200000000001
33446,Mi1,5495.3
104257,T4b,5495.3
69597,Tm3,5495.4
78561,Tm3,5495.4
10080,OA-VUMa3,5495.5
55976,Mi1,5495.6
58862,Mi1,5495.6
10072,OA-AL2i1,5495.6
91444,T4c,5495.6
37948,Mi1,5495.7
88625,T4c,5495.8
286259,OA-ASM1,5495.900000000001
33462,Mi1,5496.400000000001
76524,Tm3,5496.400000000001
11608,OA-VUMa2,5496.5
10825,OA-AL2i3,5496.599999999999
49324,Mi1,5497.0
95822,T4b,5497.0
34862,Mi1,5497.1
10168,OA-VUMa6,5497.2
10658,OA-AL2i3,5497.2
97675,T4c,5497.4
122308,Tm3,5497.6
11005,OA-VUMa4,5497.8
34479,Mi1,5497.900000000001
83227,Tm3,5497.900000000001
47368,TmY3,5498.0
36252,Mi1,5498.099999999999
101685,T4b,5498.3
34045,Mi1,5498.5
41809,Mi1,5498.6
10120,OA-VPM4,5498.7
92431,T4a,5499.0
10687,OA-AL2i3,5499.2
99663,T4c,5499.400000000001
10041,OA-VUMa1,5499.5
89434,T4c,5499.6
34849,Mi1,5499.700000000001
65671,Mi1,5499.8
35770,Mi1,5499.900000000001
85126,T4a,5499.900000000001
63420,Mi1,5500.1
109142,T4b,5500.1
103022,T4a,5500.200000000001
37019,Mi1,5500.200000000001
10011,OA-AL2i1,5500.200000000001
10322,OA-AL2i2,5500.500000000001
11264,OA-ASM1,5500.8
287884,OA-VPM3,5500.8
42119,Mi1,5500.900000000001
91682,T4b,5501.0
33907,Mi1,5501.1
35836,Mi1,5501.2
69793,T2a,5501.3
93750,T4c,5501.3
102462,T4c,5501.400000000001
35017,Mi1,5501.5
59397,Mi1,5501.599999999999
95005,T4a,5501.700000000001
95458,T4d,5501.700000000001
38479,Mi1,5501.8
35840,Mi1,5501.8
10226,OA-AL2i3,5502.000000000001
66214,T2a,5502.1
12688,OA-ASM1,5502.3
79271,T4a,5502.3
532850,Tm3,5502.400000000001
10269,OA-AL2i2,5502.6
76325,T2a,5502.6
37000,Mi1,5502.7
98887,T4b,5502.8
61659,Tm3,5502.900000000001
12109,OA-VUMa2,5503.0
10677,OA-AL2i4,5503.099999999999
34356,Mi1,5503.099999999999
10555,OA-VUMa3,5503.200000000001
91057,T4c,5503.200000000001
10175,OA-VUMa6,5503.3
38767,Mi1,5503.4
10187,OA-VPM3,5503.4
36540,Mi1,5503.5
77383,T2a,5503.5
98381,T4d,5503.6
34369,Mi1,5503.7
83689,T4a,5503.7
81401,T4b,5503.8
97899,T4a,5504.0
35498,Mi1,5504.1
10025,H2,5504.2
33655,Mi1,5504.2
11602,OA-ASM1,5504.3
118924,Tm3,5504.3
11921,OA-VPM4,5504.400000000001
93566,T4a,5504.599999999999
94305,T4a,5504.700000000001
10072,OA-AL2i1,5504.700000000001
10652,OA-AL2i4,5504.8
32893,Mi1,5504.8
12896,OA-VUMa5,5505.0
53065,Mi1,5505.0
34057,Mi1,5505.1
10016,HSE,5505.2
87424,T4d,5505.2
35405,Mi1,5505.3
112744,T4d,5505.3
10110,OA-VUMa1,5505.4
95681,T4a,5505.4
50333,TmY3,5505.6
66980,T2a,5505.6
92047,T4c,5505.8
80302,T2a,5505.900000000001
117627,Tm3,5505.900000000001
89368,T4c,5506.0
56564,Mi1,5506.0
73096,T2a,5506.200000000001
85737,T2a,5506.3
102741,T4c,5506.4
10185,OA-VUMa8,5506.6
75521,T2a,5506.6
88951,Tm3,5506.6
92842,T4a,5506.6
10023,HSS,5506.8
83067,T4b,5506.9
10015,HSN,5507.1
34189,Mi1,5507.1
54087,Mi1,5507.1
92706,T4a,5507.2
10799,OA-VUMa4,5507.3
99950,T4c,5507.3
61401,T2a,5507.5
11608,OA-VUMa2,5507.5
102791,T4c,5507.6
10204,OA-AL2i2,5507.8
39158,Mi1,5507.8
109598,T4b,5507.8
10265,OA-AL2i2,5507.900000000001
10080,OA-VUMa3,5508.0
127615,Tm3,5508.1
36446,Mi1,5508.200000000001
91469,T4c,5508.7
10658,OA-AL2i3,5508.8
11005,OA-VUMa4,5508.8
47962,TmY3,5508.8
66325,Tm3,5508.8
10168,OA-VUMa6,5508.900000000001
108307,T4b,5508.900000000001
10825,OA-AL2i3,5509.3
98099,T4b,5509.3
69380,Tm3,5509.400000000001
33446,Mi1,5509.599999999999
51122,Mi1,5509.599999999999
55976,Mi1,5509.599999999999
10041,OA-VUMa1,5509.9
33462,Mi1,5509.9
286259,OA-ASM1,5510.3
36533,Mi1,5510.400000000001
36217,Mi1,5510.5
37948,Mi1,5510.5
66808,Tm3,5510.6
107170,T4b,5510.7
10687,OA-AL2i3,5510.8
10120,OA-VPM4,5510.900000000001
10011,OA-AL2i1,5511.099999999999
10322,OA-AL2i2,5511.200000000001
36252,Mi1,5511.3
34862,Mi1,5511.4
34933,Mi1,5511.8
36954,Mi1,5511.8
33942,Mi1,5511.900000000001
83979,T4a,5512.1
34849,Mi1,5512.3
34479,Mi1,5512.400000000001
71161,T2a,5512.5
65671,Mi1,5512.700000000001
98788,T4d,5512.8
287884,OA-VPM3,5512.8
11264,OA-ASM1,5512.9
10226,OA-AL2i3,5513.1
100867,T4b,5513.2
41809,Mi1,5513.3
10072,OA-AL2i1,5513.4
74231,Tm3,5513.5
34045,Mi1,5513.5
10269,OA-AL2i2,5513.5
58862,Mi1,5513.6
10025,H2,5513.900000000001
12688,OA-ASM1,5514.099999999999
73828,Tm3,5514.099999999999
12109,OA-VUMa2,5514.5
89290,T4d,5514.5
92114,T4c,5514.5
74023,T2a,5514.6
92996,T4a,5514.7
33907,Mi1,5514.9
35770,Mi1,5514.9
37019,Mi1,5514.9
106952,T4b,5514.9
109857,T4d,5514.9
99922,T4c,5515.0
10175,OA-VUMa6,5515.1
45005,TmY3,5515.2
90049,T4c,5515.2
101873,T4b,5515.2
63420,Mi1,5515.3
42119,Mi1,5515.400000000001
68562,T2a,5515.400000000001
59397,Mi1,5515.5
104683,T4b,5515.6
35017,Mi1,5515.6
10677,OA-AL2i4,5515.6
10110,OA-VUMa1,5515.8
35836,Mi1,5515.8
104858,T4b,5515.8
38479,Mi1,5516.0
97028,T4c,5516.0
10555,OA-VUMa3,5516.200000000001
12896,OA-VUMa5,5516.3
49324,Mi1,5516.3
10187,OA-VPM3,5516.3
34356,Mi1,5516.4
35498,Mi1,5516.500000000001
98985,T4c,5516.500000000001
35840,Mi1,5516.6
37000,Mi1,5516.6
95883,T4a,5516.8
102016,T4a,5516.8
77480,Tm3,5516.900000000001
124490,Tm3,5517.3
10185,OA-VUMa8,5517.5
36540,Mi1,5517.5
99628,T4b,5517.5
11602,OA-ASM1,5518.000000000001
111184,T4a,5518.2
65513,T2a,5518.3
10652,OA-AL2i4,5518.400000000001
110646,T4b,5518.5
38767,Mi1,5518.5
34369,Mi1,5518.6
94179,T4a,5518.6
92939,T4b,5518.7
101772,Tm3,5518.8
112321,T4d,5519.0
11608,OA-VUMa2,5519.099999999999
34057,Mi1,5519.099999999999
47368,TmY3,5519.099999999999
103479,T4c,5519.099999999999
98300,T4a,5519.200000000001
33655,Mi1,5519.3
10168,OA-VUMa6,5519.4
35405,Mi1,5519.4
94624,T4a,5519.4
96576,T4c,5519.4
103022,T4a,5519.5
10015,HSN,5519.5
83365,T2a,5519.5
11921,OA-VPM4,5519.6
56564,Mi1,5519.7
74228,Tm3,5519.7
32893,Mi1,5519.900000000001
53065,Mi1,5519.900000000001
92431,T4a,5519.900000000001
101043,T4c,5519.900000000001
91444,T4c,5520.1
79257,Tm3,5520.2
34189,Mi1,5520.3
10041,OA-VUMa1,5520.400000000001
10080,OA-VUMa3,5520.400000000001
11005,OA-VUMa4,5520.5
10658,OA-AL2i3,5520.9
98887,T4b,5521.0
107442,T4d,5521.2
39158,Mi1,5521.3
10799,OA-VUMa4,5521.4
10825,OA-AL2i3,5521.4
68522,T2a,5521.4
91806,T4a,5521.4
109536,T4d,5521.4
10755,H1,5521.5
10204,OA-AL2i2,5521.6
10265,OA-AL2i2,5521.6
10322,OA-AL2i2,5521.8
97231,T4a,5521.8
69597,Tm3,5521.900000000001
99663,T4c,5521.900000000001
117662,T4d,5521.900000000001
104257,T4b,5522.099999999999
10687,OA-AL2i3,5522.200000000001
10025,H2,5522.4
10011,OA-AL2i1,5522.6
10016,HSE,5522.6
10072,OA-AL2i1,5522.7
10120,OA-VPM4,5522.7
51122,Mi1,5522.8
88625,T4c,5522.8
109649,T4c,5522.9
97899,T4a,5522.9
97171,T4d,5522.9
94305,T4a,5522.9
54087,Mi1,5522.9
33446,Mi1,5522.9
10037,VS,5523.2
55976,Mi1,5523.2
101215,T4c,5523.400000000001
97675,T4c,5523.5
93750,T4c,5523.7
51231,TmY3,5523.7
98381,T4d,5523.8
105718,T4b,5523.8
37948,Mi1,5524.0
54885,TmY3,5524.0
108349,T4d,5524.1
36446,Mi1,5524.3
91283,T4c,5524.3
92047,T4c,5524.3
10112,VS,5524.4
33462,Mi1,5524.4
286259,OA-ASM1,5524.500000000001
34862,Mi1,5524.6
10269,OA-AL2i2,5524.7
106793,T4d,5524.7
101005,T4d,5524.8
10226,OA-AL2i3,5525.1
116716,T4b,5525.2
96090,T4c,5525.3
79271,T4a,5525.400000000001
34849,Mi1,5525.5
105698,T4c,5525.5
287884,OA-VPM3,5525.5
109142,T4b,5525.8
95005,T4a,5525.9
95822,T4b,5525.9
12109,OA-VUMa2,5525.9
11264,OA-ASM1,5526.000000000001
36217,Mi1,5526.1
36252,Mi1,5526.1
36533,Mi1,5526.2
49372,TmY3,5526.2
12688,OA-ASM1,5526.3
50333,TmY3,5526.400000000001
10110,OA-VUMa1,5526.400000000001
88992,T4c,5526.5
10175,OA-VUMa6,5526.5
95453,T4a,5526.6
10023,HSS,5526.7
91469,T4c,5526.7
34933,Mi1,5526.900000000001
90121,T4b,5526.900000000001
122308,Tm3,5527.0
12896,OA-VUMa5,5527.200000000001
34479,Mi1,5527.3
10677,OA-AL2i4,5527.6
41809,Mi1,5527.8
71052,T2a,5527.8
99423,T4d,5527.8
42119,Mi1,5528.1
89434,T4c,5528.1
65671,Mi1,5528.2
91682,T4b,5528.3
36954,Mi1,5528.3
35770,Mi1,5528.599999999999
38479,Mi1,5528.599999999999
95335,T4a,5528.599999999999
34045,Mi1,5528.700000000001
34356,Mi1,5528.8
52328,TmY3,5528.8
85126,T4a,5528.8
10015,HSN,5529.0
33942,Mi1,5529.0
10187,OA-VPM3,5529.2
35017,Mi1,5529.2
33907,Mi1,5529.3
95458,T4d,5529.3
37019,Mi1,5529.5
74937,T2a,5529.5
92706,T4a,5529.5
35840,Mi1,5529.6
90423,T4b,5529.7
35836,Mi1,5529.900000000001
11608,OA-VUMa2,5530.0
21336,LC4,5530.0
66808,Tm3,5530.0
35498,Mi1,5530.3
58862,Mi1,5530.3
10168,OA-VUMa6,5530.5
67719,T2a,5530.5
11602,OA-ASM1,5530.6
59397,Mi1,5530.6
97161,T4a,5530.6
10555,OA-VUMa3,5530.700000000001
63420,Mi1,5530.700000000001
10041,OA-VUMa1,5530.8
93566,T4a,5530.8
36540,Mi1,5531.000000000001
102462,T4c,5531.1
10025,H2,5531.3
83979,T4a,5531.400000000001
49324,Mi1,5531.5
10185,OA-VUMa8,5531.7
10652,OA-AL2i4,5531.7
11005,OA-VUMa4,5531.7
37000,Mi1,5531.8
38767,Mi1,5531.8
10658,OA-AL2i3,5531.900000000001
10072,OA-AL2i1,5532.0
86686,T4c,5532.200000000001
96295,T4b,5532.3
10037,VS,5532.500000000001
73284,T2a,5532.7
89368,T4c,5532.7
97853,T4c,5532.8
33655,Mi1,5532.900000000001
34057,Mi1,5533.0
69380,Tm3,5533.1
112744,T4d,5533.1
10825,OA-AL2i3,5533.2
10016,HSE,5533.3
10322,OA-AL2i2,5533.3
92114,T4c,5533.3
95364,T4d,5533.400000000001
68842,TmY3,5533.400000000001
34369,Mi1,5533.400000000001
56564,Mi1,5533.400000000001
10080,OA-VUMa3,5533.5
10799,OA-VUMa4,5533.5
92842,T4a,5533.599999999999
11921,OA-VPM4,5533.700000000001
116129,T4b,5534.2
100787,T4b,5534.2
95681,T4a,5534.3
10011,OA-AL2i1,5534.400000000001
10687,OA-AL2i3,5534.6
34189,Mi1,5534.6
104414,T4d,5534.7
75521,T2a,5534.8
101772,Tm3,5534.900000000001
102791,T4c,5534.900000000001
10204,OA-AL2i2,5535.3
10265,OA-AL2i2,5535.3
10269,OA-AL2i2,5535.4
35405,Mi1,5535.4
39158,Mi1,5535.4
109598,T4b,5535.4
32893,Mi1,5535.5
53065,Mi1,5535.5
10120,OA-VPM4,5535.6
114391,T4d,5536.0
33446,Mi1,5536.8
92281,T4c,5536.9
12109,OA-VUMa2,5537.0
55976,Mi1,5537.0
10226,OA-AL2i3,5537.1
10110,OA-VUMa1,5537.2
10112,VS,5537.4
109631,T4b,5537.5
54087,Mi1,5537.7
286259,OA-ASM1,5537.7
10175,OA-VUMa6,5537.799999999999
37948,Mi1,5537.900000000001
99950,T4c,5538.099999999999
10015,HSN,5538.3
104297,T4a,5538.400000000001
104008,T4b,5538.400000000001
92431,T4a,5538.400000000001
34862,Mi1,5538.5
51122,Mi1,5538.5
95883,T4a,5538.6
89290,T4d,5539.1
287884,OA-VPM3,5539.1
36252,Mi1,5539.2
33462,Mi1,5539.3
10677,OA-AL2i4,5539.400000000001
12896,OA-VUMa5,5539.6
34849,Mi1,5539.6
36446,Mi1,5539.900000000001
10025,H2,5540.0
11264,OA-ASM1,5540.0
83689,T4a,5540.0
12688,OA-ASM1,5540.3
93419,T4b,5540.8
10041,OA-VUMa1,5541.0
36533,Mi1,5541.0
36217,Mi1,5541.1
34933,Mi1,5541.400000000001
71161,T2a,5541.599999999999
41809,Mi1,5541.8
98099,T4b,5541.8
11608,OA-VUMa2,5541.9
42119,Mi1,5541.9
97028,T4c,5541.9
10072,OA-AL2i1,5542.000000000001
47368,TmY3,5542.1
65671,Mi1,5542.3
100680,T4d,5542.3
10187,OA-VPM3,5542.400000000001
34045,Mi1,5542.400000000001
10168,OA-VUMa6,5542.5
34479,Mi1,5542.5
74023,T2a,5542.7
35840,Mi1,5542.8
35017,Mi1,5542.900000000001
10658,OA-AL2i3,5543.099999999999
33907,Mi1,5543.099999999999
34356,Mi1,5543.099999999999
36954,Mi1,5543.200000000001
33942,Mi1,5543.4
35770,Mi1,5543.4
35836,Mi1,5544.1
59397,Mi1,5544.2
10555,OA-VUMa3,5544.3
10652,OA-AL2i4,5544.3
11602,OA-ASM1,5544.3
58862,Mi1,5544.3
98985,T4c,5544.5
10185,OA-VUMa8,5544.599999999999
10016,HSE,5544.599999999999
35498,Mi1,5544.700000000001
37019,Mi1,5544.700000000001
11005,OA-VUMa4,5544.8
100867,T4b,5544.9
38479,Mi1,5545.0
91469,T4c,5545.0
77991,Tm3,5545.1
97899,T4a,5545.2
10825,OA-AL2i3,5545.6
36540,Mi1,5545.6
10080,OA-VUMa3,5546.200000000001
63420,Mi1,5546.200000000001
98887,T4b,5546.200000000001
38767,Mi1,5546.400000000001
94305,T4a,5546.400000000001
103022,T4a,5546.5
37000,Mi1,5546.5
10269,OA-AL2i2,5546.6
10322,OA-AL2i2,5546.6
11921,OA-VPM4,5546.700000000001
102741,T4c,5546.700000000001
33655,Mi1,5546.8
56564,Mi1,5546.8
97231,T4a,5546.8
49324,Mi1,5546.9
92047,T4c,5546.9
10120,OA-VPM4,5547.2
10687,OA-AL2i3,5547.2
10799,OA-VUMa4,5547.2
34057,Mi1,5547.2
98668,T4a,5547.400000000001
34189,Mi1,5547.400000000001
10011,OA-AL2i1,5547.400000000001
10265,OA-AL2i2,5547.400000000001
34369,Mi1,5547.5
98300,T4a,5547.6
110646,T4b,5547.6
10110,OA-VUMa1,5547.8
91444,T4c,5547.8
74373,Tm3,5548.1
10226,OA-AL2i3,5548.3
77383,T2a,5548.3
77676,T2a,5548.4
10204,OA-AL2i2,5548.500000000001
10175,OA-VUMa6,5548.7
12109,OA-VUMa2,5548.8
39158,Mi1,5549.0
66980,T2a,5549.1
93750,T4c,5549.1
99663,T4c,5549.3
104257,T4b,5549.400000000001
94624,T4a,5549.400000000001
50333,TmY3,5549.400000000001
78561,Tm3,5549.5
68982,Tm3,5549.599999999999
92939,T4b,5549.700000000001
98381,T4d,5549.700000000001
127615,Tm3,5549.700000000001
33446,Mi1,5549.9
35405,Mi1,5549.9
55976,Mi1,5550.1
53065,Mi1,5550.400000000001
32893,Mi1,5550.400000000001
12896,OA-VUMa5,5550.5
75848,T2a,5550.5
101215,T4c,5551.0
111184,T4a,5551.099999999999
107442,T4d,5551.200000000001
91806,T4a,5551.3
88625,T4c,5551.3
61401,T2a,5551.3
10072,OA-AL2i1,5551.3
10041,OA-VUMa1,5551.3
10677,OA-AL2i4,5551.3
72558,T2a,5551.4
81995,Tm3,5551.4
286259,OA-ASM1,5551.5
287884,OA-VPM3,5551.6
34862,Mi1,5551.9
74231,Tm3,5552.0
92644,T4d,5552.0
117627,Tm3,5552.1
37948,Mi1,5552.1
99628,T4b,5552.1
104858,T4b,5552.1
106952,T4b,5552.1
95822,T4b,5552.3
54087,Mi1,5552.3
12688,OA-ASM1,5552.400000000001
91283,T4c,5552.400000000001
10015,HSN,5552.700000000001
10025,H2,5552.8
37599,Mi1,5553.0
10023,HSS,5553.1
11264,OA-ASM1,5553.1
11608,OA-VUMa2,5553.6
10168,OA-VUMa6,5553.6
33462,Mi1,5553.7
79271,T4a,5553.8
36252,Mi1,5554.0
51122,Mi1,5554.0
101383,T4b,5554.1
95005,T4a,5554.400000000001
34849,Mi1,5554.5
10658,OA-AL2i3,5554.6
10037,VS,5554.6
10187,OA-VPM3,5555.000000000001
42119,Mi1,5555.000000000001
102462,T4c,5555.1
36446,Mi1,5555.5
526158,Mi1,5555.5
10016,HSE,5555.7
36533,Mi1,5555.7
79345,T2a,5555.8
65671,Mi1,5555.900000000001
36217,Mi1,5556.1
34933,Mi1,5556.4
90049,T4c,5556.4
92706,T4a,5556.4
108307,T4b,5556.500000000001
41809,Mi1,5556.6
35840,Mi1,5556.7
35770,Mi1,5556.7
99011,T4c,5556.8
109857,T4d,5556.8
11005,OA-VUMa4,5556.900000000001
36954,Mi1,5556.900000000001
34045,Mi1,5557.1
10185,OA-VUMa8,5557.2
10555,OA-VUMa3,5557.2
35017,Mi1,5557.2
33942,Mi1,5557.3
34479,Mi1,5557.3
11602,OA-ASM1,5557.599999999999
69793,T2a,5557.599999999999
83365,T2a,5557.599999999999
122308,Tm3,5557.599999999999
10269,OA-AL2i2,5557.700000000001
34356,Mi1,5557.8
109536,T4d,5557.9
10825,OA-AL2i3,5558.1
35836,Mi1,5558.2
92114,T4c,5558.2
10652,OA-AL2i4,5558.3
33907,Mi1,5558.5
36540,Mi1,5558.5
42006,TmY3,5558.5
99922,T4c,5558.7
10110,OA-VUMa1,5558.8
10322,OA-AL2i2,5559.0
68562,T2a,5559.0
37019,Mi1,5559.099999999999
59397,Mi1,5559.099999999999
65513,T2a,5559.099999999999
76325,T2a,5559.200000000001
35498,Mi1,5559.3
12109,OA-VUMa2,5559.3
10799,OA-VUMa4,5559.3
10080,OA-VUMa3,5559.4
10120,OA-VPM4,5559.4
91469,T4c,5559.4
10011,OA-AL2i1,5559.5
92996,T4a,5559.5
97675,T4c,5559.5
58862,Mi1,5559.6
89434,T4c,5559.7
10112,VS,5559.7
10175,OA-VUMa6,5559.8
11921,OA-VPM4,5559.8
98788,T4d,5559.8
101772,Tm3,5559.8
10687,OA-AL2i3,5559.9
55101,Mi1,5559.9
83979,T4a,5560.0
38479,Mi1,5560.0
10265,OA-AL2i2,5560.1
10226,OA-AL2i3,5560.2
38767,Mi1,5560.3
104683,T4b,5560.3
33655,Mi1,5560.599999999999
37000,Mi1,5560.599999999999
37631,Mi1,5560.599999999999
10072,OA-AL2i1,5560.700000000001
34369,Mi1,5560.700000000001
97161,T4a,5560.700000000001
107170,T4b,5560.9
56564,Mi1,5561.1
96576,T4c,5561.1
109142,T4b,5561.4
34057,Mi1,5561.5
73096,T2a,5561.5
49324,Mi1,5561.6
10204,OA-AL2i2,5561.7
63420,Mi1,5561.8
90465,T4a,5561.8
75521,T2a,5561.900000000001
10041,OA-VUMa1,5562.0
66808,Tm3,5562.200000000001
127153,Tm3,5562.400000000001
112744,T4d,5562.5
101005,T4d,5562.700000000001
12896,OA-VUMa5,5562.8
35405,Mi1,5562.8
34189,Mi1,5562.9
92993,Tm3,5563.3
10677,OA-AL2i4,5563.400000000001
55976,Mi1,5563.400000000001
85126,T4a,5563.400000000001
99131,T4c,5563.5
69597,Tm3,5563.7
94179,T4a,5563.7
33446,Mi1,5563.8
39158,Mi1,5564.3
92281,T4c,5564.3
287884,OA-VPM3,5564.3
92431,T4a,5564.4
286259,OA-ASM1,5564.4
10168,OA-VUMa6,5564.500000000001
10015,HSN,5564.500000000001
10755,H1,5564.7
102791,T4c,5564.7
10025,H2,5565.0
51231,TmY3,5565.0
95883,T4a,5565.1
97171,T4d,5565.1
91057,T4c,5565.2
12688,OA-ASM1,5565.2
32893,Mi1,5565.2
11264,OA-ASM1,5565.5
11608,OA-VUMa2,5565.5
53065,Mi1,5565.700000000001
83227,Tm3,5565.700000000001
10658,OA-AL2i3,5565.8
37948,Mi1,5565.9
76524,Tm3,5565.9
91682,T4b,5565.9
101685,T4b,5565.9
47368,TmY3,5566.0
54087,Mi1,5566.1
95458,T4d,5566.1
116129,T4b,5566.2
74023,T2a,5566.3
62272,T2,5566.5
34862,Mi1,5566.5
93972,T4a,5566.6
105718,T4b,5566.6
10187,OA-VPM3,5566.7
83689,T4a,5566.8
86686,T4c,5566.900000000001
109649,T4c,5566.900000000001
80302,T2a,5567.0
10016,HSE,5567.200000000001
102016,T4a,5567.3
108349,T4d,5567.3
33462,Mi1,5567.5
122233,Tm3,5567.8
11005,OA-VUMa4,5568.0
89368,T4c,5568.2
36446,Mi1,5568.3
103654,T4b,5568.3
34849,Mi1,5568.3
88992,T4c,5568.5
68522,T2a,5568.5
51122,Mi1,5568.599999999999
10037,VS,5568.700000000001
99950,T4c,5568.8
42119,Mi1,5569.1
10110,OA-VUMa1,5569.3
54885,TmY3,5569.3
101043,T4c,5569.3
89290,T4d,5569.4
36252,Mi1,5569.5
93566,T4a,5569.5
10185,OA-VUMa8,5569.6
95681,T4a,5569.8
10072,OA-AL2i1,5569.900000000001
96090,T4c,5569.900000000001
97899,T4a,5570.0
36533,Mi1,5570.0
10322,OA-AL2i2,5570.200000000001
10652,OA-AL2i4,5570.200000000001
41809,Mi1,5570.3
71052,T2a,5570.3
35770,Mi1,5570.400000000001
65671,Mi1,5570.400000000001
10269,OA-AL2i2,5570.5
10825,OA-AL2i3,5570.5
98985,T4c,5570.5
36954,Mi1,5570.6
70800,Tm3,5570.6
92842,T4a,5570.6
34933,Mi1,5570.700000000001
33942,Mi1,5570.700000000001
12109,OA-VUMa2,5571.000000000001
93419,T4b,5571.000000000001
10555,OA-VUMa3,5571.000000000001
11602,OA-ASM1,5571.000000000001
37599,Mi1,5571.1
35017,Mi1,5571.400000000001
10120,OA-VPM4,5571.5
10226,OA-AL2i3,5571.5
100787,T4b,5571.7
36217,Mi1,5571.8
10687,OA-AL2i3,5571.8
34479,Mi1,5571.900000000001
36540,Mi1,5571.900000000001
95335,T4a,5571.900000000001
35840,Mi1,5572.0
104368,T4c,5572.0
33907,Mi1,5572.099999999999
10175,OA-VUMa6,5572.200000000001
10799,OA-VUMa4,5572.200000000001
78422,Tm3,5572.3
10015,HSN,5572.500000000001
10041,OA-VUMa1,5572.500000000001
34356,Mi1,5572.7
35836,Mi1,5572.7
37019,Mi1,5572.7
35602,Mi1,5572.8
59397,Mi1,5572.8
35580,Mi1,5573.0
105574,T4d,5573.1
10080,OA-VUMa3,5573.1
11921,OA-VPM4,5573.2
52328,TmY3,5573.2
526158,Mi1,5573.2
532850,Tm3,5573.2
34045,Mi1,5573.3
10025,H2,5573.400000000001
10265,OA-AL2i2,5573.400000000001
10011,OA-AL2i1,5573.599999999999
56564,Mi1,5573.700000000001
34369,Mi1,5573.700000000001
34300,Mi1,5573.8
35498,Mi1,5573.8
97028,T4c,5573.8
36994,Mi1,5574.0
97872,T4d,5574.1
38767,Mi1,5574.3
58862,Mi1,5574.400000000001
73284,T2a,5574.400000000001
112633,T4b,5574.400000000001
50333,TmY3,5574.8
71773,T2a,5574.8
92706,T4a,5574.8
10204,OA-AL2i2,5574.900000000001
103479,T4c,5574.900000000001
104257,T4b,5575.0
102519,T4a,5575.0
39743,Mi1,5575.0
91469,T4c,5575.0
34057,Mi1,5575.3
35218,Mi1,5575.3
38479,Mi1,5575.4
49324,Mi1,5575.4
37000,Mi1,5575.5
12896,OA-VUMa5,5575.5
33655,Mi1,5575.5
89139,T4c,5575.5
104008,T4b,5575.6
74937,T2a,5575.7
35428,Mi1,5575.8
10677,OA-AL2i4,5575.9
69380,Tm3,5576.0
94305,T4a,5576.0
91806,T4a,5576.1
63420,Mi1,5576.1
11608,OA-VUMa2,5576.1
103022,T4a,5576.2
38893,Mi1,5576.3
287884,OA-VPM3,5576.5
10023,HSS,5576.599999999999
92047,T4c,5576.599999999999
10658,OA-AL2i3,5576.700000000001
33446,Mi1,5576.700000000001
88625,T4c,5576.700000000001
109598,T4b,5576.700000000001
55976,Mi1,5576.8
81401,T4b,5576.8
104297,T4a,5576.8
99663,T4c,5577.0
10168,OA-VUMa6,5577.1
92839,T4b,5577.1
35405,Mi1,5577.2
45005,TmY3,5577.3
87424,T4d,5577.3
286259,OA-ASM1,5577.3
47962,TmY3,5577.4
55101,Mi1,5577.4
96295,T4b,5577.4
34189,Mi1,5577.5
105698,T4c,5577.5
10112,VS,5577.6
61659,Tm3,5577.7
93750,T4c,5577.7
98381,T4d,5577.8
117662,T4d,5577.8
89434,T4c,5577.900000000001
12688,OA-ASM1,5578.0
94624,T4a,5578.0
10072,OA-AL2i1,5578.0
91444,T4c,5578.1
39158,Mi1,5578.1
37631,Mi1,5578.3
93688,T4a,5578.3
95822,T4b,5578.3
74228,Tm3,5578.400000000001
101215,T4c,5578.5
77480,Tm3,5578.8
98300,T4a,5578.9
10016,HSE,5579.000000000001
34862,Mi1,5579.000000000001
98887,T4b,5579.000000000001
10187,OA-VPM3,5579.1
79271,T4a,5579.1
99423,T4d,5579.2
127615,Tm3,5579.2
77383,T2a,5579.400000000001
102462,T4c,5579.5
92114,T4c,5579.5
11005,OA-VUMa4,5579.5
37948,Mi1,5579.5
10015,HSN,5579.6
32893,Mi1,5579.6
110646,T4b,5579.6
114391,T4d,5579.7
11264,OA-ASM1,5579.8
66980,T2a,5580.0
10110,OA-VUMa1,5580.0
91283,T4c,5580.0
107211,T4d,5580.0
53065,Mi1,5580.3
101480,T4c,5580.3
54087,Mi1,5580.6
10025,H2,5580.7
108697,T4d,5580.7
75521,T2a,5581.0
104858,T4b,5581.1
10322,OA-AL2i2,5581.1
10825,OA-AL2i3,5581.2
10185,OA-VUMa8,5581.5
85737,T2a,5581.5
95453,T4a,5581.5
98099,T4b,5581.5
10269,OA-AL2i2,5581.700000000001
34849,Mi1,5581.700000000001
74231,Tm3,5581.700000000001
95005,T4a,5581.700000000001
33462,Mi1,5581.8
99628,T4b,5581.8
124490,Tm3,5582.0
98118,T4c,5582.2
10652,OA-AL2i4,5582.3
90121,T4b,5582.3
87390,T2a,5582.400000000001
10226,OA-AL2i3,5582.400000000001
10037,VS,5582.5
36446,Mi1,5582.6
10041,OA-VUMa1,5582.900000000001
10120,OA-VPM4,5582.900000000001
51122,Mi1,5582.900000000001
12109,OA-VUMa2,5583.0
97675,T4c,5583.3
71161,T2a,5583.3
10687,OA-AL2i3,5583.4
88035,Tm3,5583.4
122308,Tm3,5583.6
35770,Mi1,5583.7
36252,Mi1,5583.7
42119,Mi1,5583.7
72955,T2a,5584.0
106952,T4b,5584.2
10555,OA-VUMa3,5584.2
36533,Mi1,5584.3
104191,T4a,5584.3
10175,OA-VUMa6,5584.400000000001
107105,T4d,5584.5
34933,Mi1,5585.0
11602,OA-ASM1,5585.1
34356,Mi1,5585.1
36954,Mi1,5585.1
41809,Mi1,5585.1
65671,Mi1,5585.1
90423,T4b,5585.1
95883,T4a,5585.2
35017,Mi1,5585.3
73586,Tm3,5585.3
10799,OA-VUMa4,5585.4
33907,Mi1,5585.6
10011,OA-AL2i1,5585.7
10265,OA-AL2i2,5585.900000000001
36217,Mi1,5585.900000000001
35836,Mi1,5586.0
59397,Mi1,5586.0
73828,Tm3,5586.0
10080,OA-VUMa3,5586.1
34479,Mi1,5586.1
10072,OA-AL2i1,5586.2
12896,OA-VUMa5,5586.2
83979,T4a,5586.2
33942,Mi1,5586.3
35840,Mi1,5586.400000000001
36540,Mi1,5586.5
100867,T4b,5586.5
108307,T4b,5586.8
111184,T4a,5587.2
56564,Mi1,5587.2
10025,H2,5587.2
37599,Mi1,5587.3
10658,OA-AL2i3,5587.5
38767,Mi1,5587.5
74023,T2a,5587.6
11921,OA-VPM4,5587.8
99922,T4c,5587.8
68842,TmY3,5587.900000000001
101772,Tm3,5588.0
91682,T4b,5588.200000000001
10204,OA-AL2i2,5588.3
34369,Mi1,5588.3
37019,Mi1,5588.3
92939,T4b,5588.3
10677,OA-AL2i4,5588.4
34045,Mi1,5588.4
10015,HSN,5588.4
10755,H1,5588.500000000001
38479,Mi1,5588.500000000001
67113,Mi1,5588.500000000001
118924,Tm3,5588.500000000001
37000,Mi1,5588.7
66808,Tm3,5588.7
35498,Mi1,5588.8
34057,Mi1,5588.900000000001
66325,Tm3,5589.0
287884,OA-VPM3,5589.0
38238,Mi1,5589.1
58862,Mi1,5589.1
102741,T4c,5589.1
526158,Mi1,5589.2
10168,OA-VUMa6,5589.400000000001
10016,HSE,5589.400000000001
49324,Mi1,5589.400000000001
11608,OA-VUMa2,5589.5
33655,Mi1,5589.599999999999
78561,Tm3,5589.700000000001
79257,Tm3,5589.700000000001
33446,Mi1,5589.8
89290,T4d,5589.9
97853,T4c,5590.0
11005,OA-VUMa4,5590.2
286259,OA-ASM1,5590.5
36410,Mi1,5590.6
10110,OA-VUMa1,5590.6
34189,Mi1,5590.7
92706,T4a,5590.7
95364,T4d,5590.7
89368,T4c,5590.8
109142,T4b,5590.8
102791,T4c,5590.900000000001
97161,T4a,5590.900000000001
63420,Mi1,5590.900000000001
35602,Mi1,5590.900000000001
35580,Mi1,5591.0
12688,OA-ASM1,5591.099999999999
47368,TmY3,5591.099999999999
97171,T4d,5591.099999999999
68562,T2a,5591.3
98788,T4d,5591.3
35845,Mi1,5591.4
117627,Tm3,5591.4
35405,Mi1,5591.5
92431,T4a,5591.5
54211,TmY3,5591.9
97028,T4c,5591.9
55976,Mi1,5592.0
94287,T4d,5592.0
97231,T4a,5592.1
10322,OA-AL2i2,5592.1
10269,OA-AL2i2,5592.1
11264,OA-ASM1,5592.2
51231,TmY3,5592.2
65298,T2a,5592.2
88951,Tm3,5592.2
105718,T4b,5592.2
85126,T4a,5592.299999999999
104257,T4b,5592.299999999999
39158,Mi1,5592.299999999999
67719,T2a,5592.400000000001
72558,T2a,5592.400000000001
91913,T4b,5592.5
36994,Mi1,5592.599999999999
107442,T4d,5592.599999999999
99950,T4c,5592.8
10187,OA-VPM3,5592.8
35218,Mi1,5592.9
10185,OA-VUMa8,5592.9
10112,VS,5593.1
34300,Mi1,5593.1
69540,TmY3,5593.200000000001
55101,Mi1,5593.3
78968,Tm3,5593.4
83689,T4a,5593.4
83365,T2a,5593.500000000001
12109,OA-VUMa2,5593.6
34862,Mi1,5593.6
37948,Mi1,5593.6
10825,OA-AL2i3,5593.7
95458,T4d,5593.7
49372,TmY3,5593.900000000001
90049,T4c,5593.900000000001
107170,T4b,5593.900000000001
112744,T4d,5594.0
21313,LC4,5594.0
91469,T4c,5594.1
10226,OA-AL2i3,5594.2
10120,OA-VPM4,5594.3
112321,T4d,5594.3
37631,Mi1,5594.400000000001
94305,T4a,5594.400000000001
106793,T4d,5594.400000000001
54087,Mi1,5594.5
91806,T4a,5594.6
10025,H2,5594.700000000001
53065,Mi1,5594.700000000001
10037,VS,5594.8
88625,T4c,5594.8
101383,T4b,5594.8
88992,T4c,5594.9
10041,OA-VUMa1,5594.9
10072,OA-AL2i1,5595.1
32893,Mi1,5595.1
10687,OA-AL2i3,5595.2
94179,T4a,5595.3
102579,T4b,5595.3
23392,LC4,5595.400000000001
50333,TmY3,5595.400000000001
10652,OA-AL2i4,5595.5
35428,Mi1,5595.5
95681,T4a,5595.5
122233,Tm3,5595.6
93419,T4b,5595.7
33462,Mi1,5595.8
36446,Mi1,5595.8
39743,Mi1,5595.900000000001
69978,T2,5596.099999999999
101043,T4c,5596.099999999999
38893,Mi1,5596.099999999999
92281,T4c,5596.200000000001
93972,T4a,5596.200000000001
10175,OA-VUMa6,5596.500000000001
36252,Mi1,5596.7
10015,HSN,5596.8
10799,OA-VUMa4,5597.0
99011,T4c,5597.1
34849,Mi1,5597.1
21336,LC4,5597.1
51122,Mi1,5597.2
12896,OA-VUMa5,5597.3
54885,TmY3,5597.3
10023,HSS,5597.400000000001
77991,Tm3,5597.400000000001
11602,OA-ASM1,5597.5
110988,T4a,5597.599999999999
35770,Mi1,5597.9
42119,Mi1,5598.1
109857,T4d,5598.1
10016,HSE,5598.2
10080,OA-VUMa3,5598.2
33907,Mi1,5598.2
36533,Mi1,5598.2
109649,T4c,5598.2
98668,T4a,5598.3
116311,T4d,5598.3
10265,OA-AL2i2,5598.400000000001
10555,OA-VUMa3,5598.400000000001
34933,Mi1,5598.5
65671,Mi1,5598.6
35836,Mi1,5598.8
92996,T4a,5599.0
10658,OA-AL2i3,5599.200000000001
41809,Mi1,5599.200000000001
35017,Mi1,5599.3
36540,Mi1,5599.5
79271,T4a,5599.5
59397,Mi1,5599.6
96576,T4c,5599.6
103022,T4a,5599.6
94624,T4a,5599.7
107143,T4d,5599.7
116716,T4b,5599.7
98985,T4c,5599.9
34479,Mi1,5600.0
10168,OA-VUMa6,5600.2
36954,Mi1,5600.2
10677,OA-AL2i4,5600.299999999999
34356,Mi1,5600.299999999999
36217,Mi1,5600.5
56564,Mi1,5600.599999999999
35840,Mi1,5600.700000000001
10011,OA-AL2i1,5600.700000000001
11005,OA-VUMa4,5600.8
11608,OA-VUMa2,5600.900000000001
91057,T4c,5600.900000000001
97899,T4a,5601.0
110646,T4b,5601.0
37000,Mi1,5601.200000000001
93750,T4c,5601.200000000001
10110,OA-VUMa1,5601.4
34369,Mi1,5601.4
97249,T4d,5601.500000000001
90465,T4a,5601.6
86686,T4c,5601.7
10204,OA-AL2i2,5601.900000000001
33942,Mi1,5601.900000000001
10112,VS,5602.0
38767,Mi1,5602.1
37019,Mi1,5602.2
16138,LC4,5602.3
11921,OA-VPM4,5602.400000000001
66214,T2a,5602.400000000001
75848,T2a,5602.400000000001
92114,T4c,5602.400000000001
98381,T4d,5602.400000000001
104683,T4b,5602.400000000001
287884,OA-VPM3,5602.5
69793,T2a,5602.5
10322,OA-AL2i2,5602.5
37599,Mi1,5602.5
76325,T2a,5602.6
102016,T4a,5602.6
89434,T4c,5602.700000000001
34045,Mi1,5602.700000000001
35498,Mi1,5602.8
34057,Mi1,5602.8
101215,T4c,5603.000000000001
33655,Mi1,5603.1
38479,Mi1,5603.1
69597,Tm3,5603.1
10269,OA-AL2i2,5603.2
93566,T4a,5603.2
102462,T4c,5603.2
10001,DNp01,5603.3
95822,T4b,5603.3
10015,HSN,5603.400000000001
10025,H2,5603.400000000001
97675,T4c,5603.400000000001
65513,T2a,5603.5
10072,OA-AL2i1,5603.6
526158,Mi1,5603.7
81995,Tm3,5603.8
58862,Mi1,5603.8
76524,Tm3,5604.0
67113,Mi1,5604.099999999999
49324,Mi1,5604.200000000001
12688,OA-ASM1,5604.500000000001
101005,T4d,5604.500000000001
10037,VS,5604.6
87424,T4d,5604.6
92047,T4c,5604.6
114391,T4d,5604.6
73284,T2a,5604.7
96090,T4c,5604.7
10825,OA-AL2i3,5604.900000000001
75521,T2a,5604.900000000001
286259,OA-ASM1,5604.900000000001
94368,T4a,5605.0
33446,Mi1,5605.0
10016,HSE,5605.1
10185,OA-VUMa8,5605.1
10226,OA-AL2i3,5605.1
71052,T2a,5605.2
91283,T4c,5605.400000000001
10041,OA-VUMa1,5605.400000000001
12109,OA-VUMa2,5605.400000000001
34189,Mi1,5605.400000000001
35405,Mi1,5605.5
63420,Mi1,5605.599999999999
116129,T4b,5605.599999999999
68522,T2a,5605.700000000001
83979,T4a,5605.700000000001
92644,T4d,5605.700000000001
11264,OA-ASM1,5605.8
94153,T4d,5605.9
100867,T4b,5606.0
99663,T4c,5606.0
98887,T4b,5606.1
104297,T4a,5606.1
37948,Mi1,5606.2
68982,Tm3,5606.3
101685,T4b,5606.3
75484,Tm3,5606.4
99131,T4c,5606.4
35602,Mi1,5606.6
55976,Mi1,5606.6
10187,OA-VPM3,5606.7
77676,T2a,5606.8
104858,T4b,5606.8
35580,Mi1,5606.900000000001
61401,T2a,5606.900000000001
34862,Mi1,5607.0
98300,T4a,5607.099999999999
47962,TmY3,5607.099999999999
10687,OA-AL2i3,5607.3
105698,T4c,5607.3
39158,Mi1,5607.4
38238,Mi1,5607.5
34300,Mi1,5607.6
55101,Mi1,5607.7
10120,OA-VPM4,5607.8
36994,Mi1,5607.9
83067,T4b,5607.9
95005,T4a,5607.9
10652,OA-AL2i4,5608.299999999999
12896,OA-VUMa5,5608.299999999999
10023,HSS,5608.700000000001
10175,OA-VUMa6,5608.700000000001
35218,Mi1,5608.8
54087,Mi1,5608.8
10799,OA-VUMa4,5608.900000000001
35845,Mi1,5608.900000000001
101873,T4b,5609.200000000001
36446,Mi1,5609.4
69380,Tm3,5609.6
103654,T4b,5609.7
10112,VS,5609.8
33462,Mi1,5609.900000000001
104368,T4c,5609.900000000001
37631,Mi1,5610.0
53065,Mi1,5610.0
36410,Mi1,5610.0
32893,Mi1,5610.2
66808,Tm3,5610.2
95335,T4a,5610.2
95453,T4a,5610.2
11602,OA-ASM1,5610.400000000001
38893,Mi1,5610.5
10265,OA-AL2i2,5610.5
101480,T4c,5610.8
35428,Mi1,5610.8
51122,Mi1,5610.8
34849,Mi1,5610.9
39743,Mi1,5611.1
10658,OA-AL2i3,5611.2
36252,Mi1,5611.2
33907,Mi1,5611.3
11005,OA-VUMa4,5611.400000000001
79646,Tm3,5611.400000000001
34933,Mi1,5611.5
104674,T4a,5611.5
10015,HSN,5611.6
10168,OA-VUMa6,5611.6
90121,T4b,5611.6
10555,OA-VUMa3,5611.7
10110,OA-VUMa1,5611.900000000001
35770,Mi1,5612.0
10025,H2,5612.200000000001
42119,Mi1,5612.200000000001
105135,T4c,5612.200000000001
35017,Mi1,5612.3
36533,Mi1,5612.3
47368,TmY3,5612.4
10677,OA-AL2i4,5612.500000000001
11608,OA-VUMa2,5612.500000000001
41809,Mi1,5612.500000000001
10016,HSE,5612.6
92939,T4b,5612.6
10072,OA-AL2i1,5612.8
10080,OA-VUMa3,5612.8
65671,Mi1,5612.900000000001
91444,T4c,5613.0
56564,Mi1,5613.1
35836,Mi1,5613.1
59397,Mi1,5613.2
36540,Mi1,5613.400000000001
37000,Mi1,5613.400000000001
92842,T4a,5613.400000000001
10011,OA-AL2i1,5613.5
74023,T2a,5613.5
92706,T4a,5613.5
34479,Mi1,5613.599999999999
34356,Mi1,5613.700000000001
101772,Tm3,5613.9
72955,T2a,5614.0
10269,OA-AL2i2,5614.2
10322,OA-AL2i2,5614.3
33942,Mi1,5614.3
36954,Mi1,5614.3
109598,T4b,5614.4
102791,T4c,5614.4
40026,TmY3,5614.4
36217,Mi1,5614.4
10037,VS,5614.4
34369,Mi1,5614.6
125171,Tm3,5614.6
287884,OA-VPM3,5614.6
77480,Tm3,5614.7
66980,T2a,5614.8
82145,T2a,5614.8
91469,T4c,5614.8
94305,T4a,5614.900000000001
35840,Mi1,5615.200000000001
104257,T4b,5615.200000000001
99628,T4b,5615.4
34057,Mi1,5615.7
89290,T4d,5615.7
95883,T4a,5615.8
92415,T4a,5615.8
104414,T4d,5615.9
10825,OA-AL2i3,5616.0
96295,T4b,5616.0
10204,OA-AL2i2,5616.2
10041,OA-VUMa1,5616.3
33655,Mi1,5616.400000000001
111184,T4a,5616.400000000001
10755,H1,5616.6
35498,Mi1,5616.6
80302,T2a,5616.6
90423,T4b,5616.6
10226,OA-AL2i3,5616.700000000001
38767,Mi1,5616.700000000001
39275,Mi1,5616.700000000001
37019,Mi1,5616.8
12109,OA-VUMa2,5616.8
10185,OA-VUMa8,5616.900000000001
102741,T4c,5617.0
72558,T2a,5617.1
97028,T4c,5617.1
108349,T4d,5617.1
109142,T4b,5617.200000000001
85126,T4a,5617.3
36452,Mi1,5617.4
37599,Mi1,5617.4
50333,TmY3,5617.6
77383,T2a,5617.6
88625,T4c,5617.6
526158,Mi1,5617.6
49324,Mi1,5617.7
74228,Tm3,5617.7
127615,Tm3,5617.7
34045,Mi1,5617.8
102519,T4a,5617.8
10687,OA-AL2i3,5617.8
12688,OA-ASM1,5617.900000000001
103022,T4a,5617.900000000001
11921,OA-VPM4,5618.0
91806,T4a,5618.2
98099,T4b,5618.2
98118,T4c,5618.2
532850,Tm3,5618.2
35405,Mi1,5618.3
99423,T4d,5618.3
38479,Mi1,5618.400000000001
99922,T4c,5618.400000000001
58862,Mi1,5618.5
92431,T4a,5618.700000000001
104008,T4b,5618.700000000001
89368,T4c,5618.700000000001
89434,T4c,5618.700000000001
286259,OA-ASM1,5618.700000000001
97161,T4a,5618.9
109536,T4d,5619.000000000001
11264,OA-ASM1,5619.1
117627,Tm3,5619.1
67113,Mi1,5619.2
10187,OA-VPM3,5619.3
35100,Mi1,5619.400000000001
34079,Mi1,5619.6
98788,T4d,5619.6
10025,H2,5619.7
35152,Mi1,5619.7
97885,T4a,5619.7
34899,Mi1,5619.8
10120,OA-VPM4,5619.900000000001
12896,OA-VUMa5,5619.900000000001
97899,T4a,5620.099999999999
106952,T4b,5620.099999999999
37948,Mi1,5620.099999999999
10015,HSN,5620.3
37568,Mi1,5620.4
93750,T4c,5620.4
73807,Tm3,5620.5
34189,Mi1,5620.6
72279,Mi1,5620.6
33446,Mi1,5620.7
10799,OA-VUMa4,5620.7
10016,HSE,5620.8
73096,T2a,5620.8
10175,OA-VUMa6,5620.900000000001
35602,Mi1,5620.900000000001
63420,Mi1,5620.900000000001
83227,Tm3,5621.0
98887,T4b,5621.0
36994,Mi1,5621.0
69980,Tm3,5621.1
52328,TmY3,5621.2
51231,TmY3,5621.400000000001
55976,Mi1,5621.400000000001
95681,T4a,5621.400000000001
108438,T4d,5621.400000000001
39158,Mi1,5621.5
92281,T4c,5621.5
34862,Mi1,5621.599999999999
90049,T4c,5621.599999999999
83365,T2a,5621.700000000001
10652,OA-AL2i4,5621.8
10112,VS,5621.9
35580,Mi1,5622.2
34300,Mi1,5622.3
97231,T4a,5622.4
10023,HSS,5622.5
35218,Mi1,5622.8
10658,OA-AL2i3,5622.900000000001
10072,OA-AL2i1,5622.900000000001
10168,OA-VUMa6,5623.0
10110,OA-VUMa1,5623.099999999999
11005,OA-VUMa4,5623.099999999999
94743,T4d,5623.099999999999
55101,Mi1,5623.200000000001
51122,Mi1,5623.4
33462,Mi1,5623.6
54087,Mi1,5623.7
83979,T4a,5623.7
87358,T4a,5623.7
10265,OA-AL2i2,5623.9
11608,OA-VUMa2,5623.9
35845,Mi1,5623.9
34849,Mi1,5624.0
36446,Mi1,5624.0
38238,Mi1,5624.1
91682,T4b,5624.2
36252,Mi1,5624.2
53065,Mi1,5624.2
74231,Tm3,5624.3
10555,OA-VUMa3,5624.400000000001
102579,T4b,5624.5
11602,OA-ASM1,5624.6
35428,Mi1,5624.6
37631,Mi1,5624.6
93972,T4a,5624.8
10677,OA-AL2i4,5624.900000000001
42006,TmY3,5625.0
10322,OA-AL2i2,5625.200000000001
38893,Mi1,5625.200000000001
96163,T4b,5625.200000000001
102112,T4c,5625.3
35770,Mi1,5625.4
33907,Mi1,5625.6
39743,Mi1,5625.8
32893,Mi1,5625.8
35017,Mi1,5625.8
34933,Mi1,5625.900000000001
36410,Mi1,5625.900000000001
108307,T4b,5626.0
100787,T4b,5626.1
10080,OA-VUMa3,5626.2
56564,Mi1,5626.2
88992,T4c,5626.2
10037,VS,5626.3
93527,T4a,5626.3
10269,OA-AL2i2,5626.400000000001
71161,T2a,5626.400000000001
36533,Mi1,5626.5
34356,Mi1,5626.5
122233,Tm3,5626.6
59397,Mi1,5626.6
83689,T4a,5626.700000000001
41809,Mi1,5626.8
65671,Mi1,5626.9
10041,OA-VUMa1,5627.1
36540,Mi1,5627.1
10011,OA-AL2i1,5627.2
34479,Mi1,5627.3
67150,T2a,5627.3
93419,T4b,5627.3
10825,OA-AL2i3,5627.400000000001
37000,Mi1,5627.400000000001
103479,T4c,5627.400000000001
72796,Tm3,5627.6
97675,T4c,5627.6
10015,HSN,5627.6
10025,H2,5627.6
10185,OA-VUMa8,5627.8
33942,Mi1,5627.8
74937,T2a,5627.8
112744,T4d,5628.0
118924,Tm3,5628.0
35836,Mi1,5628.0
104191,T4a,5628.0
10226,OA-AL2i3,5628.099999999999
12109,OA-VUMa2,5628.099999999999
10016,HSE,5628.200000000001
91057,T4c,5628.200000000001
92114,T4c,5628.200000000001
103440,T4d,5628.200000000001
95822,T4b,5628.3
73828,Tm3,5628.4
122308,Tm3,5628.4
42119,Mi1,5628.5
94624,T4a,5628.5
99011,T4c,5628.6
98668,T4a,5628.6
79345,T2a,5628.7
100032,T4c,5628.7
92047,T4c,5628.8
100946,T4c,5628.8
287884,OA-VPM3,5628.8
34369,Mi1,5628.900000000001
36217,Mi1,5628.900000000001
90278,T4a,5628.900000000001
96126,T4b,5628.900000000001
35840,Mi1,5629.0
36954,Mi1,5629.2
98985,T4c,5629.2
45005,TmY3,5629.3
70800,Tm3,5629.3
95458,T4d,5629.400000000001
68562,T2a,5629.400000000001
88698,T4a,5629.5
79271,T4a,5629.599999999999
99950,T4c,5629.599999999999
10204,OA-AL2i2,5629.9
10687,OA-AL2i3,5630.0
33655,Mi1,5630.0
98300,T4a,5630.0
109593,Tm3,5630.1
96576,T4c,5630.3
100867,T4b,5630.4
35498,Mi1,5630.6
98381,T4d,5630.7
103160,T4a,5630.7
37019,Mi1,5630.8
94179,T4a,5630.8
12688,OA-ASM1,5630.8
105718,T4b,5630.900000000001
47368,TmY3,5630.900000000001
34057,Mi1,5631.0
37599,Mi1,5631.0
12896,OA-VUMa5,5631.099999999999
102462,T4c,5631.099999999999
132834,Tm3,5631.099999999999
101215,T4c,5631.3
101383,T4b,5631.3
104683,T4b,5631.3
61659,Tm3,5631.4
66808,Tm3,5631.4
82507,T2a,5631.4
78561,Tm3,5631.5
91987,T4c,5631.5
97853,T4c,5631.6
107170,T4b,5631.7
96134,T4b,5631.7
38479,Mi1,5631.7
34045,Mi1,5631.7
11264,OA-ASM1,5631.8
95364,T4d,5631.8
109631,T4b,5631.9
38767,Mi1,5632.0
68982,Tm3,5632.0
96090,T4c,5632.0
97171,T4d,5632.1
49324,Mi1,5632.3
286259,OA-ASM1,5632.3
107609,T4d,5632.400000000001
104858,T4b,5632.5
526158,Mi1,5632.5
58862,Mi1,5632.6
109857,T4d,5632.6
110646,T4b,5632.700000000001
10187,OA-VPM3,5632.700000000001
10120,OA-VPM4,5632.8
11921,OA-VPM4,5632.8
65298,T2a,5632.8
104297,T4a,5632.900000000001
101620,T4b,5633.1
10799,OA-VUMa4,5633.200000000001
35405,Mi1,5633.3
54885,TmY3,5633.500000000001
67113,Mi1,5633.500000000001
69380,Tm3,5633.500000000001
91469,T4c,5633.500000000001
93688,T4a,5633.500000000001
117662,T4d,5633.500000000001
71773,T2a,5633.7
99663,T4c,5633.7
10015,HSN,5633.7
10175,OA-VUMa6,5633.8
75521,T2a,5633.8
110403,T4b,5633.8
10072,OA-AL2i1,5633.900000000001
39275,Mi1,5633.900000000001
71052,T2a,5633.900000000001
34862,Mi1,5634.0
10110,OA-VUMa1,5634.0
37948,Mi1,5634.0
34189,Mi1,5634.1
74725,T2a,5634.2
95453,T4a,5634.2
21336,LC4,5634.3
91283,T4c,5634.3
10112,VS,5634.3
92644,T4d,5634.400000000001
78968,Tm3,5634.400000000001
10652,OA-AL2i4,5634.400000000001
10025,H2,5634.599999999999
81401,T4b,5634.599999999999
10168,OA-VUMa6,5634.700000000001
86686,T4c,5634.700000000001
10016,HSE,5634.8
35602,Mi1,5634.8
36452,Mi1,5634.8
91444,T4c,5634.8
92939,T4b,5634.8
64579,T2,5634.9
69597,Tm3,5634.9
10037,VS,5635.000000000001
107211,T4d,5635.000000000001
89139,T4c,5635.2
63420,Mi1,5635.2
11005,OA-VUMa4,5635.2
55976,Mi1,5635.2
33446,Mi1,5635.6
101685,T4b,5635.6
92839,T4b,5635.7
10322,OA-AL2i2,5635.8
91913,T4b,5635.900000000001
10023,HSS,5635.900000000001
36994,Mi1,5635.900000000001
39158,Mi1,5636.099999999999
49372,TmY3,5636.099999999999
107442,T4d,5636.099999999999
10658,OA-AL2i3,5636.200000000001
11608,OA-VUMa2,5636.200000000001
101005,T4d,5636.200000000001
34300,Mi1,5636.3
101772,Tm3,5636.3
10555,OA-VUMa3,5636.4
99131,T4c,5636.5
98837,T4c,5636.5
89368,T4c,5636.5
72558,T2a,5636.5
10206,VS,5636.6
95335,T4a,5636.6
35218,Mi1,5636.7
102016,T4a,5636.7
54087,Mi1,5636.900000000001
112633,T4b,5637.0
50333,TmY3,5637.1
95005,T4a,5637.1
34899,Mi1,5637.2
10041,OA-VUMa1,5637.400000000001
10755,H1,5637.599999999999
37568,Mi1,5637.599999999999
104257,T4b,5637.700000000001
10677,OA-AL2i4,5637.700000000001
10269,OA-AL2i2,5637.700000000001
10265,OA-AL2i2,5637.9
33462,Mi1,5637.9
35100,Mi1,5638.0
72279,Mi1,5638.0
38238,Mi1,5638.1
83067,T4b,5638.1
35017,Mi1,5638.2
35580,Mi1,5638.2
104942,T4a,5638.2
35152,Mi1,5638.3
36252,Mi1,5638.3
51122,Mi1,5638.3
53065,Mi1,5638.3
55101,Mi1,5638.4
108065,T4c,5638.4
10011,OA-AL2i1,5638.4
11602,OA-ASM1,5638.4
34079,Mi1,5638.6
101480,T4c,5638.6
97028,T4c,5638.900000000001
37631,Mi1,5639.0
34849,Mi1,5639.099999999999
36446,Mi1,5639.099999999999
116311,T4d,5639.4
35845,Mi1,5639.4
10080,OA-VUMa3,5639.5
10825,OA-AL2i3,5639.6
10025,H2,5639.7
10226,OA-AL2i3,5639.7
35770,Mi1,5639.8
120231,Tm3,5639.9
35428,Mi1,5639.9
96295,T4b,5640.0
33907,Mi1,5640.0
59397,Mi1,5640.1
73284,T2a,5640.1
103654,T4b,5640.2
10687,OA-AL2i3,5640.3
12109,OA-VUMa2,5640.3
36410,Mi1,5640.3
39743,Mi1,5640.400000000001
36540,Mi1,5640.5
34933,Mi1,5640.5
20808,LC4,5640.5
36533,Mi1,5640.6
100033,T4c,5640.6
111746,Tm3,5640.6
32893,Mi1,5640.700000000001
34356,Mi1,5640.700000000001
89290,T4d,5640.8
107719,T4b,5640.900000000001
56564,Mi1,5640.900000000001
38893,Mi1,5640.900000000001
10185,OA-VUMa8,5641.1
74023,T2a,5641.1
37000,Mi1,5641.200000000001
104368,T4c,5641.200000000001
10015,HSN,5641.3
99922,T4c,5641.3
34479,Mi1,5641.500000000001
97872,T4d,5641.500000000001
103022,T4a,5641.500000000001
41809,Mi1,5641.6
65671,Mi1,5641.7
71475,Tm3,5641.7
85126,T4a,5641.8
87390,T2a,5641.8
107621,T4d,5641.900000000001
10204,OA-AL2i2,5641.900000000001
90121,T4b,5642.0
116129,T4b,5642.0
42119,Mi1,5642.1
94755,T4a,5642.1
21313,LC4,5642.2
94287,T4d,5642.2
98887,T4b,5642.2
98118,T4c,5642.3
105574,T4d,5642.400000000001
287884,OA-VPM3,5642.400000000001
33655,Mi1,5642.5
33942,Mi1,5642.5
92706,T4a,5642.5
35840,Mi1,5642.700000000001
36217,Mi1,5642.700000000001
12896,OA-VUMa5,5642.700000000001
98194,T4d,5642.9
10072,OA-AL2i1,5643.3
10112,VS,5643.400000000001
12688,OA-ASM1,5643.400000000001
90423,T4b,5643.5
94305,T4a,5643.5
10016,HSE,5643.6
34057,Mi1,5643.7
94356,T4c,5643.7
102741,T4c,5643.7
36954,Mi1,5643.900000000001
89434,T4c,5643.900000000001
10037,VS,5644.0
92842,T4a,5644.0
35836,Mi1,5644.099999999999
88625,T4c,5644.099999999999
66214,T2a,5644.200000000001
66980,T2a,5644.200000000001
102975,T4b,5644.3
107105,T4d,5644.4
93750,T4c,5644.5
78422,Tm3,5644.8
10799,OA-VUMa4,5644.900000000001
69793,T2a,5644.900000000001
93566,T4a,5645.0
102519,T4a,5645.0
10025,H2,5645.0
35498,Mi1,5645.0
74373,Tm3,5645.1
76524,Tm3,5645.1
92993,Tm3,5645.1
10120,OA-VPM4,5645.2
10187,OA-VPM3,5645.2
37599,Mi1,5645.2
11264,OA-ASM1,5645.3
101770,T4b,5645.3
34369,Mi1,5645.400000000001
58862,Mi1,5645.5
10110,OA-VUMa1,5645.5
114391,T4d,5645.599999999999
11005,OA-VUMa4,5645.8
76325,T2a,5645.8
110988,T4a,5645.8
95239,T4a,5645.9
95554,T4b,5645.9
109142,T4b,5645.9
99670,T4c,5646.0
49324,Mi1,5646.1
95883,T4a,5646.1
97899,T4a,5646.1
65513,T2a,5646.3
106922,T4c,5646.3
286259,OA-ASM1,5646.3
34045,Mi1,5646.5
98099,T4b,5646.5
526158,Mi1,5646.6
38767,Mi1,5646.7
46662,TmY3,5646.7
37019,Mi1,5646.8
106793,T4d,5646.8
38479,Mi1,5647.0
47962,TmY3,5647.0
92047,T4c,5647.0
92996,T4a,5647.0
112744,T4d,5647.099999999999
92431,T4a,5647.099999999999
109598,T4b,5647.099999999999
115636,T4d,5647.3
10023,HSS,5647.3
10175,OA-VUMa6,5647.3
66325,Tm3,5647.3
77383,T2a,5647.3
79257,Tm3,5647.4
10322,OA-AL2i2,5647.4
11921,OA-VPM4,5647.4
10168,OA-VUMa6,5647.5
97675,T4c,5647.6
10652,OA-AL2i4,5647.7
34862,Mi1,5647.7
91469,T4c,5647.8
67113,Mi1,5647.9
10015,HSN,5648.2
11608,OA-VUMa2,5648.2
34189,Mi1,5648.2
92281,T4c,5648.2
37948,Mi1,5648.400000000001
91806,T4a,5648.5
10041,OA-VUMa1,5648.5
10658,OA-AL2i3,5648.5
47368,TmY3,5648.6
35405,Mi1,5648.6
55976,Mi1,5648.7
63420,Mi1,5648.8
10269,OA-AL2i2,5649.0
36452,Mi1,5649.0
34300,Mi1,5649.1
39275,Mi1,5649.1
10011,OA-AL2i1,5649.200000000001
81995,Tm3,5649.200000000001
98788,T4d,5649.200000000001
77480,Tm3,5649.4
33446,Mi1,5649.4
35602,Mi1,5649.4
102791,T4c,5649.4
108349,T4d,5649.6
10677,OA-AL2i4,5649.6
111184,T4a,5649.7
10555,OA-VUMa3,5649.8
106952,T4b,5650.2
117627,Tm3,5650.400000000001
10025,H2,5650.599999999999
38238,Mi1,5650.599999999999
10825,OA-AL2i3,5650.8
10265,OA-AL2i2,5650.9
35218,Mi1,5651.000000000001
36994,Mi1,5651.000000000001
39158,Mi1,5651.000000000001
102579,T4b,5651.000000000001
68842,TmY3,5651.1
10687,OA-AL2i3,5651.2
10226,OA-AL2i3,5651.3
94368,T4a,5651.3
97161,T4a,5651.3
105698,T4c,5651.6
99628,T4b,5651.6
10112,VS,5651.6
10072,OA-AL2i1,5651.7
72955,T2a,5651.7
10016,HSE,5651.8
66808,Tm3,5651.8
75848,T2a,5651.8
54087,Mi1,5651.900000000001
11602,OA-ASM1,5652.0
93972,T4a,5652.0
12109,OA-VUMa2,5652.099999999999
33462,Mi1,5652.200000000001
35017,Mi1,5652.200000000001
51122,Mi1,5652.200000000001
109649,T4c,5652.200000000001
34849,Mi1,5652.3
37568,Mi1,5652.3
36446,Mi1,5652.5
35770,Mi1,5652.5
10080,OA-VUMa3,5652.6
102462,T4c,5652.6
10185,OA-VUMa8,5652.7
36252,Mi1,5652.7
72279,Mi1,5652.7
83979,T4a,5652.7
55101,Mi1,5652.900000000001
36540,Mi1,5652.900000000001
10037,VS,5653.0
10755,H1,5653.0
53065,Mi1,5653.0
90049,T4c,5653.1
127153,Tm3,5653.1
537004,VSm,5653.1
78503,T2a,5653.2
35152,Mi1,5653.2
101215,T4c,5653.3
35428,Mi1,5653.3
37631,Mi1,5653.400000000001
69540,TmY3,5653.400000000001
34899,Mi1,5653.5
35100,Mi1,5653.5
35580,Mi1,5653.5
23392,LC4,5653.599999999999
36533,Mi1,5653.700000000001
112321,T4d,5653.700000000001
33907,Mi1,5653.8
103827,T4c,5653.8
10204,OA-AL2i2,5653.9
10206,VS,5653.9
100787,T4b,5654.0
35845,Mi1,5654.1
12896,OA-VUMa5,5654.1
59397,Mi1,5654.2
68522,T2a,5654.4
99663,T4c,5654.5
34356,Mi1,5654.6
36410,Mi1,5654.6
51231,TmY3,5654.6
97853,T4c,5654.6
122233,Tm3,5654.6
10015,HSN,5654.7
34079,Mi1,5654.7
38893,Mi1,5654.7
34479,Mi1,5654.8
37000,Mi1,5654.8
42119,Mi1,5655.0
97231,T4a,5655.0
56564,Mi1,5655.200000000001
39743,Mi1,5655.3
108307,T4b,5655.3
98985,T4c,5655.4
287884,OA-VPM3,5655.5
12688,OA-ASM1,5655.6
32893,Mi1,5655.6
65671,Mi1,5655.700000000001
83365,T2a,5655.700000000001
92114,T4c,5655.700000000001
98381,T4d,5655.8
127615,Tm3,5655.8
35840,Mi1,5655.8
104858,T4b,5655.9
34933,Mi1,5656.000000000001
10110,OA-VUMa1,5656.2
52328,TmY3,5656.2
36217,Mi1,5656.400000000001
132339,Tm3,5656.5
74231,Tm3,5656.5
94179,T4a,5656.6
10799,OA-VUMa4,5656.6
41809,Mi1,5656.6
67150,T2a,5656.7
104414,T4d,5656.7
33655,Mi1,5656.8
34057,Mi1,5656.8
36954,Mi1,5656.8
10001,DNp01,5657.0
11005,OA-VUMa4,5657.0
91057,T4c,5657.200000000001
95458,T4d,5657.200000000001
33942,Mi1,5657.3
90465,T4a,5657.4
100867,T4b,5657.4
100946,T4c,5657.500000000001
68562,T2a,5657.500000000001
94153,T4d,5657.7
10187,OA-VPM3,5657.7
35836,Mi1,5657.8
93419,T4b,5657.8
95822,T4b,5657.8
98300,T4a,5657.8
87424,T4d,5657.900000000001
92939,T4b,5657.900000000001
91682,T4b,5658.0
94624,T4a,5658.2
95681,T4a,5658.2
10120,OA-VPM4,5658.3
99950,T4c,5658.3
10175,OA-VUMa6,5658.400000000001
10322,OA-AL2i2,5658.400000000001
83689,T4a,5658.5
11264,OA-ASM1,5658.599999999999
102801,T4b,5658.599999999999
10025,H2,5658.599999999999
72194,Tm3,5658.700000000001
79271,T4a,5658.700000000001
35498,Mi1,5658.8
53075,TmY3,5658.8
10041,OA-VUMa1,5658.9
10168,OA-VUMa6,5658.9
42006,TmY3,5658.9
72558,T2a,5658.9
79646,Tm3,5658.9
103425,T4a,5658.9
69380,Tm3,5659.000000000001
89434,T4c,5659.000000000001
95810,T2a,5659.000000000001
98887,T4b,5659.2
107170,T4b,5659.2
105521,T4c,5659.3
11608,OA-VUMa2,5659.400000000001
97028,T4c,5659.400000000001
104257,T4b,5659.400000000001
69980,Tm3,5659.5
99423,T4d,5659.5
101620,T4b,5659.5
286259,OA-ASM1,5659.5
54885,TmY3,5659.6
96134,T4b,5659.6
100567,T4d,5659.6
125171,Tm3,5659.6
10658,OA-AL2i3,5659.7
58862,Mi1,5659.7
110646,T4b,5659.7
10112,VS,5659.900000000001
118924,Tm3,5660.0
109593,Tm3,5660.0
101043,T4c,5660.0
34369,Mi1,5660.099999999999
16138,LC4,5660.200000000001
49324,Mi1,5660.200000000001
52485,TmY3,5660.200000000001
10269,OA-AL2i2,5660.3
95453,T4a,5660.3
99011,T4c,5660.3
10072,OA-AL2i1,5660.5
37599,Mi1,5660.5
93750,T4c,5660.5
101772,Tm3,5660.5
526158,Mi1,5660.6
532850,Tm3,5660.7
10652,OA-AL2i4,5660.8
10677,OA-AL2i4,5660.8
10016,HSE,5660.8
54211,TmY3,5661.0
116716,T4b,5661.0
34045,Mi1,5661.1
75521,T2a,5661.1
68982,Tm3,5661.2
80302,T2a,5661.2
96576,T4c,5661.3
37019,Mi1,5661.3
105718,T4b,5661.3
109536,T4d,5661.3
93224,T4a,5661.400000000001
11921,OA-VPM4,5661.5
34862,Mi1,5661.599999999999
91283,T4c,5661.599999999999
10015,HSN,5661.599999999999
10023,HSS,5661.599999999999
92644,T4d,5661.599999999999
10037,VS,5661.700000000001
104683,T4b,5661.700000000001
88152,T4c,5661.8
69597,Tm3,5661.8
67113,Mi1,5661.8
61401,T2a,5661.8
10825,OA-AL2i3,5661.9
37948,Mi1,5661.9
38767,Mi1,5661.9
38479,Mi1,5662.0
10265,OA-AL2i2,5662.1
10226,OA-AL2i3,5662.3
96090,T4c,5662.3
39275,Mi1,5662.6
50333,TmY3,5662.7
77991,Tm3,5662.7
104191,T4a,5662.7
10011,OA-AL2i1,5662.799999999999
40026,TmY3,5662.799999999999
55976,Mi1,5662.799999999999
102741,T4c,5662.900000000001
94743,T4d,5662.900000000001
100032,T4c,5663.0
108697,T4d,5663.0
10687,OA-AL2i3,5663.099999999999
33446,Mi1,5663.099999999999
90423,T4b,5663.099999999999
104297,T4a,5663.3
10555,OA-VUMa3,5663.3
34189,Mi1,5663.3
75484,Tm3,5663.5
91469,T4c,5663.6
34300,Mi1,5663.700000000001
36452,Mi1,5663.8
65298,T2a,5663.8
35405,Mi1,5663.9
23098,LC4,5663.9
63420,Mi1,5663.9
12109,OA-VUMa2,5664.000000000001
81401,T4b,5664.2
10025,H2,5664.400000000001
21313,LC4,5664.400000000001
45005,TmY3,5664.5
75298,T2a,5664.5
35602,Mi1,5664.7
108438,T4d,5664.7
104008,T4b,5664.8
93334,T4b,5664.8
91987,T4c,5664.8
91444,T4c,5664.8
10080,OA-VUMa3,5664.900000000001
10185,OA-VUMa8,5664.900000000001
21336,LC4,5665.0
89368,T4c,5665.0
39158,Mi1,5665.1
107442,T4d,5665.3
38238,Mi1,5665.3
95883,T4a,5665.3
34849,Mi1,5665.4
36540,Mi1,5665.4
11602,OA-ASM1,5665.500000000001
12896,OA-VUMa5,5665.500000000001
83227,Tm3,5665.6
51122,Mi1,5665.7
35218,Mi1,5665.8
74023,T2a,5665.8
71052,T2a,5665.900000000001
72796,Tm3,5665.900000000001
87358,T4a,5665.900000000001
92706,T4a,5665.900000000001
35770,Mi1,5666.1
33462,Mi1,5666.2
88992,T4c,5666.2
92281,T4c,5666.3
36446,Mi1,5666.400000000001
95005,T4a,5666.400000000001
10204,OA-AL2i2,5666.5
10755,H1,5666.5
96126,T4b,5666.599999999999
37631,Mi1,5666.599999999999
104674,T4a,5666.599999999999
35017,Mi1,5666.599999999999
36994,Mi1,5666.599999999999
36252,Mi1,5666.700000000001
89290,T4d,5666.700000000001
37568,Mi1,5666.8
54087,Mi1,5666.8
109857,T4d,5666.8
10110,OA-VUMa1,5666.9
36533,Mi1,5667.1
10112,VS,5667.400000000001
35845,Mi1,5667.5
72279,Mi1,5667.6
92842,T4a,5667.6
23392,LC4,5667.7
34899,Mi1,5667.7
73828,Tm3,5667.7
97899,T4a,5667.7
35152,Mi1,5667.8
55101,Mi1,5667.900000000001
35100,Mi1,5667.900000000001
34356,Mi1,5667.900000000001
12688,OA-ASM1,5668.0
97249,T4d,5668.0
287884,OA-VPM3,5668.0
10015,HSN,5668.099999999999
71161,T2a,5668.099999999999
101480,T4c,5668.099999999999
99922,T4c,5668.200000000001
33907,Mi1,5668.200000000001
37000,Mi1,5668.200000000001
11005,OA-VUMa4,5668.3
53065,Mi1,5668.3
59397,Mi1,5668.3
10001,DNp01,5668.4
42119,Mi1,5668.4
10016,HSE,5668.5
34479,Mi1,5668.6
56564,Mi1,5668.7
10037,VS,5668.9
35428,Mi1,5668.9
35580,Mi1,5668.9
74228,Tm3,5668.9
109142,T4b,5668.9
85126,T4a,5669.0
36410,Mi1,5669.0
32893,Mi1,5669.0
10322,OA-AL2i2,5669.0
10072,OA-AL2i1,5669.0
10041,OA-VUMa1,5669.1
101685,T4b,5669.1
35840,Mi1,5669.2
10799,OA-VUMa4,5669.3
34933,Mi1,5669.3
92047,T4c,5669.400000000001
92839,T4b,5669.400000000001
47368,TmY3,5669.5
73284,T2a,5669.5
95364,T4d,5669.5
65671,Mi1,5669.700000000001
98668,T4a,5669.700000000001
92431,T4a,5669.9
104027,T4d,5670.0
103022,T4a,5670.0
33655,Mi1,5670.0
10187,OA-VPM3,5670.1
39743,Mi1,5670.1
97675,T4c,5670.1
99131,T4c,5670.1
34057,Mi1,5670.3
34079,Mi1,5670.3
38893,Mi1,5670.3
78561,Tm3,5670.3
10658,OA-AL2i3,5670.5
90121,T4b,5670.5
97885,T4a,5670.5
10168,OA-VUMa6,5670.6
36217,Mi1,5670.6
11608,OA-VUMa2,5670.799999999999
103479,T4c,5670.799999999999
10025,H2,5670.799999999999
94305,T4a,5670.900000000001
98118,T4c,5670.900000000001
33942,Mi1,5671.0
10175,OA-VUMa6,5671.1
10269,OA-AL2i2,5671.200000000001
88625,T4c,5671.200000000001
36954,Mi1,5671.3
10120,OA-VPM4,5671.400000000001
35498,Mi1,5671.400000000001
66808,Tm3,5671.400000000001
122308,Tm3,5671.400000000001
96295,T4b,5671.5
35836,Mi1,5671.700000000001
41809,Mi1,5671.8
34369,Mi1,5672.000000000001
11264,OA-ASM1,5672.000000000001
102519,T4a,5672.2
67719,T2a,5672.2
98788,T4d,5672.2
86686,T4c,5672.3
36177,Mi1,5672.400000000001
37853,Mi1,5672.400000000001
78968,Tm3,5672.400000000001
95239,T4a,5672.400000000001
101215,T4c,5672.400000000001
61659,Tm3,5672.5
102016,T4a,5672.5
10677,OA-AL2i4,5672.6
70289,Mi1,5672.6
66980,T2a,5672.7
103639,T4d,5672.7
102479,T4c,5673.0
10825,OA-AL2i3,5673.1
10652,OA-AL2i4,5673.1
10226,OA-AL2i3,5673.1
90278,T4a,5673.200000000001
101383,T4b,5673.200000000001
71475,Tm3,5673.3
98099,T4b,5673.3
47962,TmY3,5673.4
70800,Tm3,5673.4
83067,T4b,5673.4
97171,T4d,5673.4
101873,T4b,5673.4
10023,HSS,5673.500000000001
89434,T4c,5673.500000000001
114817,T4d,5673.500000000001
35888,Mi1,5673.6
58862,Mi1,5673.6
109868,Tm3,5673.8
109598,T4b,5673.8
107529,T4d,5673.8
37599,Mi1,5673.8
10265,OA-AL2i2,5673.8
102791,T4c,5673.8
37371,Mi1,5673.900000000001
89139,T4c,5673.900000000001
93750,T4c,5673.900000000001
91913,T4b,5674.0
97231,T4a,5674.0
117662,T4d,5674.0
286259,OA-ASM1,5674.0
10015,HSN,5674.2
10687,OA-AL2i3,5674.2
73807,Tm3,5674.2
112993,T4b,5674.2
526158,Mi1,5674.2
112744,T4d,5674.3
104336,T4b,5674.3
73096,T2a,5674.400000000001
94755,T4a,5674.400000000001
49324,Mi1,5674.5
88951,Tm3,5674.5
67113,Mi1,5674.599999999999
99663,T4c,5674.599999999999
101005,T4d,5674.599999999999
10016,HSE,5674.8
37948,Mi1,5674.8
36911,Mi1,5674.9
97161,T4a,5674.9
67150,T2a,5675.000000000001
93688,T4a,5675.2
112179,T4b,5675.2
106952,T4b,5675.3
102462,T4c,5675.3
72829,T2a,5675.3
10037,VS,5675.3
12109,OA-VUMa2,5675.400000000001
100680,T4d,5675.6
10112,VS,5675.7
34862,Mi1,5675.7
37019,Mi1,5675.7
38479,Mi1,5675.7
39275,Mi1,5675.8
34045,Mi1,5675.900000000001
107609,T4d,5675.900000000001
37270,Mi1,5676.0
98194,T4d,5676.0
11921,OA-VPM4,5676.099999999999
35806,Mi1,5676.099999999999
98837,T4c,5676.200000000001
79271,T4a,5676.200000000001
66345,T2a,5676.200000000001
38133,Mi1,5676.3
10185,OA-VUMa8,5676.4
75377,T2a,5676.4
77676,T2a,5676.4
95335,T4a,5676.6
34189,Mi1,5676.7
10025,H2,5676.9
55976,Mi1,5677.0
38767,Mi1,5677.1
91806,T4a,5677.3
10555,OA-VUMa3,5677.400000000001
12896,OA-VUMa5,5677.400000000001
100956,T4d,5677.5
92939,T4b,5677.599999999999
37353,Mi1,5677.599999999999
117627,Tm3,5677.599999999999
10011,OA-AL2i1,5677.599999999999
10206,VS,5677.599999999999
104858,T4b,5677.700000000001
100787,T4b,5677.700000000001
34296,Mi1,5677.8
92415,T4a,5677.8
111184,T4a,5677.9
10080,OA-VUMa3,5678.0
63420,Mi1,5678.0
72955,T2a,5678.0
10110,OA-VUMa1,5678.1
108065,T4c,5678.1
119245,T4d,5678.2
33446,Mi1,5678.3
37529,Mi1,5678.3
95453,T4a,5678.3
110403,T4b,5678.3
36452,Mi1,5678.4
35405,Mi1,5678.4
11602,OA-ASM1,5678.4
34849,Mi1,5678.4
34300,Mi1,5678.6
74937,T2a,5678.6
36540,Mi1,5678.8
51122,Mi1,5679.0
94287,T4d,5679.1
91057,T4c,5679.200000000001
11005,OA-VUMa4,5679.3
99628,T4b,5679.3
36446,Mi1,5679.400000000001
38238,Mi1,5679.400000000001
10204,OA-AL2i2,5679.5
35218,Mi1,5679.6
107211,T4d,5679.700000000001
10072,OA-AL2i1,5679.700000000001
97480,T4c,5679.8
287884,OA-VPM3,5679.9
91469,T4c,5679.9
39158,Mi1,5680.000000000001
102579,T4b,5680.000000000001
10041,OA-VUMa1,5680.1
10322,OA-AL2i2,5680.3
12688,OA-ASM1,5680.3
33462,Mi1,5680.400000000001
35602,Mi1,5680.400000000001
36533,Mi1,5680.400000000001
37568,Mi1,5680.5
85737,T2a,5680.5
37631,Mi1,5680.6
94179,T4a,5680.6
100033,T4c,5680.6
65513,T2a,5680.8
69978,T2,5680.8
10016,HSE,5680.8
35770,Mi1,5680.8
10015,HSN,5680.900000000001
30923,TmY3,5680.900000000001
35017,Mi1,5681.1
34356,Mi1,5681.3
37037,Mi1,5681.3
95554,T4b,5681.4
42119,Mi1,5681.500000000001
54087,Mi1,5681.500000000001
93972,T4a,5681.500000000001
35100,Mi1,5681.6
10799,OA-VUMa4,5681.6
37000,Mi1,5681.7
53065,Mi1,5681.7
10658,OA-AL2i3,5681.7
36252,Mi1,5681.7
103654,T4b,5681.8
95822,T4b,5681.8
10025,H2,5681.8
92114,T4c,5681.8
10168,OA-VUMa6,5682.0
36410,Mi1,5682.0
36994,Mi1,5682.1
72279,Mi1,5682.1
112633,T4b,5682.1
116311,T4d,5682.1
10187,OA-VPM3,5682.2
10755,H1,5682.2
59397,Mi1,5682.2
56564,Mi1,5682.3
93527,T4a,5682.400000000001
94368,T4a,5682.400000000001
72558,T2a,5682.400000000001
87390,T2a,5682.400000000001
35152,Mi1,5682.400000000001
11608,OA-VUMa2,5682.400000000001
40854,Mi1,5682.400000000001
10037,VS,5682.5
34479,Mi1,5682.5
35845,Mi1,5682.5
94356,T4c,5682.5
35712,Mi1,5682.599999999999
35580,Mi1,5682.599999999999
88698,T4a,5682.599999999999
89368,T4c,5682.700000000001
10269,OA-AL2i2,5682.8
100310,T4d,5682.9
35934,Mi1,5683.0
55101,Mi1,5683.2
34899,Mi1,5683.2
51050,TmY3,5683.400000000001
35840,Mi1,5683.400000000001
106922,T4c,5683.5
101772,Tm3,5683.5
10023,HSS,5683.5
99387,T4a,5683.5
34079,Mi1,5683.6
35234,Mi1,5683.6
35428,Mi1,5683.6
67971,Tm3,5683.6
108307,T4b,5683.6
32893,Mi1,5683.7
10175,OA-VUMa6,5683.8
33655,Mi1,5683.8
33907,Mi1,5683.8
34933,Mi1,5683.8
122233,Tm3,5684.0
98887,T4b,5684.0
10226,OA-AL2i3,5684.0
94624,T4a,5684.0
10825,OA-AL2i3,5684.099999999999
34057,Mi1,5684.099999999999
98300,T4a,5684.099999999999
10112,VS,5684.200000000001
97853,T4c,5684.200000000001
65671,Mi1,5684.3
122961,T4d,5684.3
10677,OA-AL2i4,5684.5
36217,Mi1,5684.5
97872,T4d,5684.6
10120,OA-VPM4,5684.6
98985,T4c,5684.7
39743,Mi1,5684.8
38893,Mi1,5684.9
100867,T4b,5684.9
10687,OA-AL2i3,5684.9
90049,T4c,5685.0
104257,T4b,5685.0
74231,Tm3,5685.0
34369,Mi1,5685.1
33942,Mi1,5685.2
35897,Mi1,5685.2
97028,T4c,5685.3
11264,OA-ASM1,5685.400000000001
35498,Mi1,5685.400000000001
35836,Mi1,5685.400000000001
116129,T4b,5685.400000000001
75521,T2a,5685.5
76325,T2a,5685.5
92706,T4a,5685.5
49372,TmY3,5685.599999999999
99950,T4c,5685.700000000001
93166,T4c,5685.8
83979,T4a,5685.8
98381,T4d,5685.9
93566,T4a,5686.0
10284,VS,5686.1
41809,Mi1,5686.1
50333,TmY3,5686.1
102975,T4b,5686.1
90423,T4b,5686.2
10652,OA-AL2i4,5686.2
91934,T4a,5686.2
542412,Mi1,5686.2
95681,T4a,5686.3
71398,Tm3,5686.4
95458,T4d,5686.4
102741,T4c,5686.5
54885,TmY3,5686.6
91682,T4b,5686.7
103425,T4a,5686.7
10016,HSE,5686.7
10265,OA-AL2i2,5686.7
36954,Mi1,5686.900000000001
52328,TmY3,5686.900000000001
69380,Tm3,5686.900000000001
37948,Mi1,5687.0
69793,T2a,5687.0
99011,T4c,5687.0
104368,T4c,5687.0
12109,OA-VUMa2,5687.1
94305,T4a,5687.1
37699,Mi1,5687.3
79257,Tm3,5687.3
83689,T4a,5687.3
85126,T4a,5687.400000000001
114391,T4d,5687.400000000001
77383,T2a,5687.5
10015,HSN,5687.5
10025,H2,5687.700000000001
47368,TmY3,5687.700000000001
58862,Mi1,5687.700000000001
68982,Tm3,5687.700000000001
91444,T4c,5687.700000000001
526158,Mi1,5687.700000000001
101770,T4b,5687.8
91987,T4c,5687.8
92996,T4a,5687.8
104683,T4b,5687.9
286259,OA-ASM1,5687.9
10185,OA-VUMa8,5688.1
95356,T4a,5688.2
104297,T4a,5688.2
91283,T4c,5688.3
98654,T4d,5688.400000000001
110646,T4b,5688.400000000001
96576,T4c,5688.400000000001
68562,T2a,5688.400000000001
49324,Mi1,5688.400000000001
34862,Mi1,5688.400000000001
10110,OA-VUMa1,5688.5
70289,Mi1,5688.6
97899,T4a,5688.6
67113,Mi1,5688.8
105718,T4b,5688.8
107719,T4b,5688.8
36177,Mi1,5688.900000000001
74023,T2a,5688.900000000001
109536,T4d,5689.0
12896,OA-VUMa5,5689.1
92431,T4a,5689.1
77480,Tm3,5689.200000000001
100018,T4a,5689.200000000001
74725,T2a,5689.3
99670,T4c,5689.500000000001
37599,Mi1,5689.6
96134,T4b,5689.7
20808,LC4,5689.8
39275,Mi1,5689.8
64579,T2,5689.8
83204,T4d,5689.8
95883,T4a,5689.900000000001
111746,Tm3,5690.0
34045,Mi1,5690.2
34189,Mi1,5690.2
55976,Mi1,5690.2
66214,T2a,5690.3
10041,OA-VUMa1,5690.400000000001
11921,OA-VPM4,5690.400000000001
37853,Mi1,5690.400000000001
96090,T4c,5690.5
10072,OA-AL2i1,5690.5
10037,VS,5690.5
36540,Mi1,5690.599999999999
46662,TmY3,5690.599999999999
93025,T4b,5690.599999999999
92644,T4d,5690.700000000001
10555,OA-VUMa3,5690.8
11005,OA-VUMa4,5690.8
107240,T4b,5690.8
93419,T4b,5690.9
75848,T2a,5691.0
92281,T4c,5691.1
38479,Mi1,5691.2
68522,T2a,5691.2
107105,T4d,5691.2
37371,Mi1,5691.3
120231,Tm3,5691.3
35888,Mi1,5691.400000000001
11602,OA-ASM1,5691.400000000001
69980,Tm3,5691.5
51231,TmY3,5691.6
10011,OA-AL2i1,5691.7
10322,OA-AL2i2,5691.7
101480,T4c,5691.7
10080,OA-VUMa3,5691.8
36911,Mi1,5691.8
37019,Mi1,5691.900000000001
36452,Mi1,5692.0
10016,HSE,5692.099999999999
16138,LC4,5692.099999999999
34849,Mi1,5692.099999999999
38767,Mi1,5692.200000000001
10204,OA-AL2i2,5692.3
95005,T4a,5692.4
10112,VS,5692.5
103025,T4a,5692.6
81401,T4b,5692.6
38238,Mi1,5692.6
10023,HSS,5692.7
33446,Mi1,5692.7
287884,OA-VPM3,5692.7
63420,Mi1,5692.8
10799,OA-VUMa4,5692.9
36446,Mi1,5693.0
107170,T4b,5693.0
10658,OA-AL2i3,5693.1
35770,Mi1,5693.1
38133,Mi1,5693.1
105698,T4c,5693.1
35405,Mi1,5693.2
35218,Mi1,5693.400000000001
89290,T4d,5693.400000000001
21336,LC4,5693.5
79646,Tm3,5693.5
10025,H2,5693.5
10269,OA-AL2i2,5693.599999999999
12688,OA-ASM1,5693.599999999999
35806,Mi1,5693.599999999999
90121,T4b,5693.599999999999
37568,Mi1,5693.700000000001
11608,OA-VUMa2,5693.700000000001
33462,Mi1,5693.700000000001
34300,Mi1,5693.700000000001
101620,T4b,5693.700000000001
104354,T4b,5693.8
10015,HSN,5693.9
23392,LC4,5693.9
36533,Mi1,5694.1
102147,T4c,5694.1
10206,VS,5694.1
35602,Mi1,5694.1
104942,T4a,5694.2
51122,Mi1,5694.2
10168,OA-VUMa6,5694.4
34296,Mi1,5694.5
37270,Mi1,5694.5
92842,T4a,5694.5
103827,T4c,5694.5
42006,TmY3,5694.6
78503,T2a,5694.6
108438,T4d,5694.6
54087,Mi1,5694.8
10187,OA-VPM3,5694.8
96163,T4b,5694.900000000001
37353,Mi1,5695.0
10825,OA-AL2i3,5695.1
35017,Mi1,5695.1
69597,Tm3,5695.1
39158,Mi1,5695.200000000001
94153,T4d,5695.3
36410,Mi1,5695.3
37631,Mi1,5695.3
122308,Tm3,5695.400000000001
547091,T2,5695.400000000001
10226,OA-AL2i3,5695.5
43334,TmY3,5695.5
89434,T4c,5695.5
97675,T4c,5695.5
109649,T4c,5695.5
102564,T4a,5695.700000000001
42119,Mi1,5695.8
59397,Mi1,5695.8
93750,T4c,5695.8
127615,Tm3,5695.8
104450,T4a,5695.9
37000,Mi1,5696.000000000001
72279,Mi1,5696.1
10120,OA-VPM4,5696.2
34479,Mi1,5696.2
35845,Mi1,5696.3
88992,T4c,5696.3
56564,Mi1,5696.400000000001
83365,T2a,5696.5
94743,T4d,5696.5
102791,T4c,5696.5
10001,DNp01,5696.6
34356,Mi1,5696.6
35580,Mi1,5696.6
36252,Mi1,5696.6
37529,Mi1,5696.6
102425,T4b,5696.6
103440,T4d,5696.6
53065,Mi1,5696.7
10687,OA-AL2i3,5696.7
35100,Mi1,5696.8
100946,T4c,5696.8
33655,Mi1,5696.900000000001
10755,H1,5697.0
65671,Mi1,5697.0
104674,T4a,5697.099999999999
10175,OA-VUMa6,5697.099999999999
33907,Mi1,5697.099999999999
55101,Mi1,5697.200000000001
67150,T2a,5697.200000000001
40026,TmY3,5697.3
35840,Mi1,5697.4
36994,Mi1,5697.4
35152,Mi1,5697.500000000001
32893,Mi1,5697.6
34057,Mi1,5697.6
106701,T4d,5697.8
35428,Mi1,5697.8
81995,Tm3,5697.900000000001
104191,T4a,5697.900000000001
34369,Mi1,5698.0
12109,OA-VUMa2,5698.1
34899,Mi1,5698.400000000001
39743,Mi1,5698.400000000001
101685,T4b,5698.5
91469,T4c,5698.5
10677,OA-AL2i4,5698.5
10016,HSE,5698.599999999999
10037,VS,5698.599999999999
98118,T4c,5698.599999999999
36217,Mi1,5698.700000000001
95453,T4a,5698.700000000001
109593,Tm3,5698.8
97231,T4a,5698.9
48547,TmY3,5698.9
45005,TmY3,5698.9
34933,Mi1,5699.0
34079,Mi1,5699.2
38893,Mi1,5699.2
10185,OA-VUMa8,5699.3
35498,Mi1,5699.3
41809,Mi1,5699.3
110988,T4a,5699.3
10265,OA-AL2i2,5699.400000000001
35836,Mi1,5699.400000000001
66808,Tm3,5699.5
100087,T4b,5699.5
104858,T4b,5699.5
33942,Mi1,5699.6
92254,T4b,5699.6
102388,T4d,5699.7
97161,T4a,5699.7
88625,T4c,5699.7
79271,T4a,5699.7
10110,OA-VUMa1,5699.8
37037,Mi1,5699.8
92047,T4c,5699.8
120016,Tm3,5699.8
66345,T2a,5699.900000000001
104414,T4d,5699.900000000001
10025,H2,5700.0
10652,OA-AL2i4,5700.0
99922,T4c,5700.0
66325,Tm3,5700.200000000001
73284,T2a,5700.200000000001
86686,T4c,5700.3
103022,T4a,5700.3
113686,T4d,5700.3
107442,T4d,5700.4
37948,Mi1,5700.4
11264,OA-ASM1,5700.4
12896,OA-VUMa5,5700.6
35234,Mi1,5700.6
35712,Mi1,5700.6
40854,Mi1,5700.6
74375,Tm3,5700.7
101215,T4c,5700.8
98788,T4d,5700.8
58862,Mi1,5700.8
10112,VS,5700.8
10041,OA-VUMa1,5700.8
96126,T4b,5700.9
35897,Mi1,5701.2
100787,T4b,5701.2
36954,Mi1,5701.3
104853,T4c,5701.400000000001
111184,T4a,5701.5
10072,OA-AL2i1,5701.5
10015,HSN,5701.5
98099,T4b,5701.599999999999
34862,Mi1,5701.700000000001
35934,Mi1,5701.8
102519,T4a,5701.8
106793,T4d,5701.8
91806,T4a,5701.9
102112,T4c,5701.9
67113,Mi1,5701.9
11005,OA-VUMa4,5702.0
92939,T4b,5702.0
101043,T4c,5702.0
286259,OA-ASM1,5702.0
118924,Tm3,5702.1
72194,Tm3,5702.1
99663,T4c,5702.1
39275,Mi1,5702.2
105276,T4d,5702.3
109142,T4b,5702.4
85007,T4c,5702.5
105521,T4c,5702.5
542412,Mi1,5702.5
88035,Tm3,5702.6
92706,T4a,5702.7
107143,T4d,5702.7
101772,Tm3,5702.8
70289,Mi1,5702.900000000001
10322,OA-AL2i2,5703.0
109857,T4d,5703.0
526158,Mi1,5703.0
91913,T4b,5703.1
95822,T4b,5703.1
102462,T4c,5703.1
95239,T4a,5703.200000000001
90465,T4a,5703.200000000001
49324,Mi1,5703.200000000001
55976,Mi1,5703.200000000001
69540,TmY3,5703.200000000001
94305,T4a,5703.5
10023,HSS,5703.6
65298,T2a,5703.6
61401,T2a,5703.700000000001
72955,T2a,5703.700000000001
96295,T4b,5703.700000000001
10037,VS,5703.8
37699,Mi1,5703.9
88152,T4c,5703.9
100032,T4c,5703.9
10269,OA-AL2i2,5704.000000000001
83227,Tm3,5704.1
108349,T4d,5704.1
73828,Tm3,5704.2
72558,T2a,5704.2
11602,OA-ASM1,5704.2
10555,OA-VUMa3,5704.2
10658,OA-AL2i3,5704.3
92839,T4b,5704.400000000001
105135,T4c,5704.400000000001
11921,OA-VPM4,5704.5
34189,Mi1,5704.5
52485,TmY3,5704.5
90278,T4a,5704.6
11608,OA-VUMa2,5704.6
36177,Mi1,5704.6
287884,OA-VPM3,5704.7
91741,T4d,5704.8
10080,OA-VUMa3,5704.900000000001
21313,LC4,5704.900000000001
37599,Mi1,5705.0
109598,T4b,5705.0
10799,OA-VUMa4,5705.0
10204,OA-AL2i2,5705.0
102801,T4b,5705.200000000001
10016,HSE,5705.3
37853,Mi1,5705.3
71475,Tm3,5705.500000000001
36540,Mi1,5705.6
97899,T4a,5705.6
34045,Mi1,5705.7
35888,Mi1,5705.7
109631,T4b,5705.7
10825,OA-AL2i3,5705.8
38479,Mi1,5705.900000000001
38238,Mi1,5706.0
10168,OA-VUMa6,5706.0
34849,Mi1,5706.0
40596,Mi1,5706.1
10025,H2,5706.2
12688,OA-ASM1,5706.2
50333,TmY3,5706.2
96576,T4c,5706.3
107529,T4d,5706.5
36452,Mi1,5706.599999999999
38767,Mi1,5706.599999999999
47368,TmY3,5706.599999999999
41545,Mi1,5706.700000000001
72796,Tm3,5706.700000000001
33446,Mi1,5706.8
33462,Mi1,5706.8
537004,VSm,5706.9
93688,T4a,5707.0
35602,Mi1,5707.0
104257,T4b,5707.0
37019,Mi1,5707.1
10011,OA-AL2i1,5707.2
10226,OA-AL2i3,5707.2
64712,T2a,5707.2
10187,OA-VPM3,5707.3
35774,Mi1,5707.3
38133,Mi1,5707.3
102479,T4c,5707.400000000001
87424,T4d,5707.5
90423,T4b,5707.5
34300,Mi1,5707.6
35405,Mi1,5707.6
83979,T4a,5707.6
98887,T4b,5707.6
10687,OA-AL2i3,5707.7
63420,Mi1,5707.7
10015,HSN,5707.8
35806,Mi1,5707.900000000001
36446,Mi1,5708.0
94755,T4a,5708.099999999999
34463,Mi1,5708.200000000001
36533,Mi1,5708.3
37371,Mi1,5708.3
39158,Mi1,5708.4
51122,Mi1,5708.4
68982,Tm3,5708.4
80302,T2a,5708.5
59397,Mi1,5708.5
35770,Mi1,5708.5
37568,Mi1,5708.5
36911,Mi1,5708.6
37000,Mi1,5708.7
41626,Mi1,5708.8
36139,Mi1,5708.8
35017,Mi1,5708.9
34296,Mi1,5708.9
54087,Mi1,5709.0
92114,T4c,5709.0
94179,T4a,5709.1
10037,VS,5709.2
91057,T4c,5709.2
10120,OA-VPM4,5709.3
35218,Mi1,5709.3
36410,Mi1,5709.3
10001,DNp01,5709.400000000001
10112,VS,5709.400000000001
71161,T2a,5709.400000000001
35845,Mi1,5709.5
87358,T4a,5709.5
95554,T4b,5709.5
99131,T4c,5709.599999999999
102579,T4b,5709.700000000001
10175,OA-VUMa6,5709.700000000001
98837,T4c,5709.700000000001
74023,T2a,5709.8
37529,Mi1,5709.9
42119,Mi1,5709.9
37270,Mi1,5710.0
532850,Tm3,5710.0
10110,OA-VUMa1,5710.2
10185,OA-VUMa8,5710.2
34479,Mi1,5710.2
35840,Mi1,5710.2
93527,T4a,5710.2
94356,T4c,5710.3
10072,OA-AL2i1,5710.3
37631,Mi1,5710.3
37353,Mi1,5710.4
108065,T4c,5710.4
10755,H1,5710.4
12109,OA-VUMa2,5710.7
100033,T4c,5710.7
35100,Mi1,5710.8
35580,Mi1,5710.8
53065,Mi1,5710.8
107609,T4d,5710.8
72279,Mi1,5710.900000000001
36252,Mi1,5710.900000000001
34356,Mi1,5710.900000000001
10677,OA-AL2i4,5711.1
56564,Mi1,5711.2
33907,Mi1,5711.3
35428,Mi1,5711.3
34057,Mi1,5711.400000000001
35001,Mi1,5711.400000000001
93972,T4a,5711.5
65671,Mi1,5711.5
78422,Tm3,5711.5
10016,HSE,5711.6
92281,T4c,5711.6
10206,VS,5711.700000000001
31848,Mi1,5711.700000000001
10265,OA-AL2i2,5711.8
89139,T4c,5711.8
99672,T4a,5711.8
106952,T4b,5711.8
33655,Mi1,5711.9
35152,Mi1,5711.9
94624,T4a,5711.9
97853,T4c,5712.000000000001
55101,Mi1,5712.000000000001
91283,T4c,5712.000000000001
106922,T4c,5712.1
32893,Mi1,5712.1
12896,OA-VUMa5,5712.2
85126,T4a,5712.2
98668,T4a,5712.2
98985,T4c,5712.2
10041,OA-VUMa1,5712.400000000001
112744,T4d,5712.400000000001
132339,Tm3,5712.5
36994,Mi1,5712.5
33942,Mi1,5712.5
34899,Mi1,5712.5
10025,H2,5712.7
97028,T4c,5712.7
11005,OA-VUMa4,5712.8
83067,T4b,5712.8
93566,T4a,5712.8
100867,T4b,5712.900000000001
97784,T4c,5712.900000000001
39743,Mi1,5712.900000000001
36217,Mi1,5712.900000000001
89368,T4c,5712.900000000001
54885,TmY3,5713.0
34933,Mi1,5713.099999999999
11264,OA-ASM1,5713.200000000001
38893,Mi1,5713.3
41809,Mi1,5713.3
67150,T2a,5713.3
10652,OA-AL2i4,5713.500000000001
103479,T4c,5713.500000000001
34079,Mi1,5713.6
83689,T4a,5713.6
102016,T4a,5713.6
35498,Mi1,5713.7
108307,T4b,5713.7
71052,T2a,5713.8
37948,Mi1,5713.8
34369,Mi1,5713.8
10322,OA-AL2i2,5713.8
10269,OA-AL2i2,5713.8
69380,Tm3,5714.0
95883,T4a,5714.0
112179,T4b,5714.0
122233,Tm3,5714.1
74373,Tm3,5714.2
121170,Tm3,5714.2
35836,Mi1,5714.2
10015,HSN,5714.400000000001
68562,T2a,5714.400000000001
92415,T4a,5714.400000000001
10023,HSS,5714.5
112321,T4d,5714.5
37037,Mi1,5714.599999999999
102975,T4b,5714.599999999999
125171,Tm3,5714.700000000001
95681,T4a,5714.700000000001
92431,T4a,5714.700000000001
93750,T4c,5714.700000000001
39275,Mi1,5714.8
47962,TmY3,5714.8
93419,T4b,5714.8
99423,T4d,5714.8
75484,Tm3,5714.9
111416,Tm3,5714.9
96090,T4c,5715.0
91469,T4c,5715.1
101383,T4b,5715.1
89434,T4c,5715.2
35234,Mi1,5715.2
58862,Mi1,5715.2
88698,T4a,5715.2
98381,T4d,5715.2
112775,T4d,5715.3
34862,Mi1,5715.400000000001
116716,T4b,5715.400000000001
93166,T4c,5715.5
95458,T4d,5715.6
98194,T4d,5715.6
10658,OA-AL2i3,5715.7
11608,OA-VUMa2,5715.7
40854,Mi1,5715.7
36954,Mi1,5715.8
67113,Mi1,5715.8
102741,T4c,5715.900000000001
104008,T4b,5715.900000000001
67971,Tm3,5716.0
90121,T4b,5716.0
35712,Mi1,5716.099999999999
35897,Mi1,5716.099999999999
88726,T4b,5716.200000000001
71773,T2a,5716.200000000001
103654,T4b,5716.3
91444,T4c,5716.4
103160,T4a,5716.4
72148,Tm3,5716.5
82145,T2a,5716.5
117662,T4d,5716.5
78172,TmY3,5716.6
66808,Tm3,5716.6
95356,T4a,5716.7
55976,Mi1,5716.8
10825,OA-AL2i3,5716.9
98300,T4a,5716.9
286259,OA-ASM1,5716.9
95005,T4a,5717.0
104297,T4a,5717.0
10555,OA-VUMa3,5717.0
542412,Mi1,5717.1
10799,OA-VUMa4,5717.1
287884,OA-VPM3,5717.2
35934,Mi1,5717.3
70812,TmY3,5717.3
83465,T4a,5717.3
114817,T4d,5717.400000000001
37699,Mi1,5717.5
92047,T4c,5717.5
104683,T4b,5717.599999999999
101005,T4d,5717.599999999999
77383,T2a,5717.599999999999
10204,OA-AL2i2,5717.599999999999
74937,T2a,5717.700000000001
87390,T2a,5717.700000000001
526158,Mi1,5717.700000000001
104336,T4b,5717.8
92644,T4d,5717.8
70289,Mi1,5717.8
49324,Mi1,5717.8
11602,OA-ASM1,5717.8
10080,OA-VUMa3,5717.8
10016,HSE,5717.9
10037,VS,5718.0
97171,T4d,5718.0
10168,OA-VUMa6,5718.1
99011,T4c,5718.1
99670,T4c,5718.1
75521,T2a,5718.200000000001
11921,OA-VPM4,5718.3
72829,T2a,5718.3
10072,OA-AL2i1,5718.4
10112,VS,5718.4
10226,OA-AL2i3,5718.4
117627,Tm3,5718.4
78856,Tm3,5718.500000000001
36177,Mi1,5718.500000000001
10025,H2,5718.6
79345,T2a,5718.6
97885,T4a,5718.7
90049,T4c,5718.8
103425,T4a,5718.8
10687,OA-AL2i3,5719.0
70800,Tm3,5719.0
114391,T4d,5719.0
34189,Mi1,5719.1
12688,OA-ASM1,5719.2
65513,T2a,5719.2
95364,T4d,5719.3
77676,T2a,5719.400000000001
35888,Mi1,5719.5
36540,Mi1,5719.5
99628,T4b,5719.5
116129,T4b,5719.6
67719,T2a,5719.6
10187,OA-VPM3,5719.700000000001
34045,Mi1,5719.700000000001
92842,T4a,5719.700000000001
93407,T4d,5719.8
97866,T4d,5719.8
34849,Mi1,5720.000000000001
38238,Mi1,5720.000000000001
101480,T4c,5720.000000000001
103025,T4a,5720.000000000001
104858,T4b,5720.1
12521,HST,5720.2
37599,Mi1,5720.2
100956,T4d,5720.2
10015,HSN,5720.3
38767,Mi1,5720.3
102791,T4c,5720.400000000001
36446,Mi1,5720.400000000001
95335,T4a,5720.5
38479,Mi1,5720.6
101620,T4b,5720.6
10120,OA-VPM4,5720.7
33462,Mi1,5720.8
30923,TmY3,5720.900000000001
33446,Mi1,5721.099999999999
36452,Mi1,5721.3
77991,Tm3,5721.3
112633,T4b,5721.3
101215,T4c,5721.4
34300,Mi1,5721.500000000001
35602,Mi1,5721.500000000001
51122,Mi1,5721.6
37568,Mi1,5721.6
36533,Mi1,5721.6
35405,Mi1,5721.6
10110,OA-VUMa1,5721.6
37019,Mi1,5721.7
97899,T4a,5721.7
37853,Mi1,5721.900000000001
38133,Mi1,5722.0
105718,T4b,5722.0
10011,OA-AL2i1,5722.0
35017,Mi1,5722.0
10185,OA-VUMa8,5722.1
63420,Mi1,5722.1
10175,OA-VUMa6,5722.3
54087,Mi1,5722.3
10041,OA-VUMa1,5722.400000000001
59397,Mi1,5722.400000000001
12109,OA-VUMa2,5722.5
78503,T2a,5722.8
37000,Mi1,5722.8
42119,Mi1,5723.0
91987,T4c,5723.0
35770,Mi1,5723.1
35774,Mi1,5723.1
35806,Mi1,5723.1
39158,Mi1,5723.2
35218,Mi1,5723.3
91806,T4a,5723.3
94368,T4a,5723.3
10025,H2,5723.400000000001
36911,Mi1,5723.400000000001
72558,T2a,5723.5
36410,Mi1,5723.5
98325,T4d,5723.5
11134,VSm,5723.5
35845,Mi1,5723.5
90394,T4a,5723.6
34296,Mi1,5723.7
69980,Tm3,5723.8
116311,T4d,5723.900000000001
78561,Tm3,5723.900000000001
35840,Mi1,5723.900000000001
11005,OA-VUMa4,5723.900000000001
10023,HSS,5723.900000000001
16138,LC4,5723.900000000001
10037,VS,5724.0
10269,OA-AL2i2,5724.0
34356,Mi1,5724.0
37529,Mi1,5724.0
10112,VS,5724.099999999999
10016,HSE,5724.099999999999
40596,Mi1,5724.200000000001
37270,Mi1,5724.200000000001
10677,OA-AL2i4,5724.200000000001
36139,Mi1,5724.3
37371,Mi1,5724.3
74231,Tm3,5724.3
83583,T4d,5724.3
107170,T4b,5724.3
34479,Mi1,5724.5
41545,Mi1,5724.5
81401,T4b,5724.5
90145,T4a,5724.5
99922,T4c,5724.5
10322,OA-AL2i2,5724.6
12896,OA-VUMa5,5724.6
102147,T4c,5724.6
36252,Mi1,5724.7
102519,T4a,5724.8
94287,T4d,5724.8
91682,T4b,5724.9
99950,T4c,5724.9
34057,Mi1,5725.0
35580,Mi1,5725.0
127153,Tm3,5725.0
35100,Mi1,5725.1
10265,OA-AL2i2,5725.1
10755,H1,5725.1
37353,Mi1,5725.1
97675,T4c,5725.1
101772,Tm3,5725.1
37631,Mi1,5725.2
83365,T2a,5725.2
99387,T4a,5725.299999999999
109536,T4d,5725.299999999999
92993,Tm3,5725.299999999999
56564,Mi1,5725.400000000001
34899,Mi1,5725.400000000001
33942,Mi1,5725.5
34463,Mi1,5725.599999999999
41626,Mi1,5725.700000000001
10652,OA-AL2i4,5725.8
65671,Mi1,5725.8
53065,Mi1,5725.900000000001
55101,Mi1,5725.900000000001
66345,T2a,5725.900000000001
72279,Mi1,5725.900000000001
97872,T4d,5726.0
111980,T4d,5726.0
33655,Mi1,5726.1
35152,Mi1,5726.1
102564,T4a,5726.200000000001
39743,Mi1,5726.3
47368,TmY3,5726.3
11264,OA-ASM1,5726.3
41809,Mi1,5726.4
98118,T4c,5726.4
104191,T4a,5726.500000000001
32893,Mi1,5726.6
52328,TmY3,5726.6
35428,Mi1,5726.8
36217,Mi1,5726.8
10658,OA-AL2i3,5726.900000000001
34933,Mi1,5726.900000000001
53075,TmY3,5726.900000000001
90278,T4a,5727.1
82515,Tm3,5727.1
96134,T4b,5727.1
50333,TmY3,5727.1
71394,T2a,5727.1
110403,T4b,5727.2
85152,T4c,5727.2
39275,Mi1,5727.2
34369,Mi1,5727.2
37948,Mi1,5727.3
51231,TmY3,5727.3
69597,Tm3,5727.3
74228,Tm3,5727.3
78968,Tm3,5727.3
33907,Mi1,5727.400000000001
107211,T4d,5727.400000000001
10799,OA-VUMa4,5727.5
11608,OA-VUMa2,5727.5
34862,Mi1,5727.5
79083,Tm3,5727.5
83204,T4d,5727.5
10015,HSN,5727.6
34079,Mi1,5727.700000000001
10072,OA-AL2i1,5727.700000000001
31848,Mi1,5727.8
36994,Mi1,5727.8
73284,T2a,5727.8
92939,T4b,5727.8
103022,T4a,5727.8
108697,T4d,5727.8
109142,T4b,5727.8
10825,OA-AL2i3,5727.9
38893,Mi1,5727.9
98099,T4b,5727.9
107719,T4b,5727.9
73096,T2a,5728.000000000001
98887,T4b,5728.000000000001
105574,T4d,5728.1
120312,Tm3,5728.1
91913,T4b,5728.1
92996,T4a,5728.1
100310,T4d,5728.2
68842,TmY3,5728.3
10025,H2,5728.400000000001
93025,T4b,5728.400000000001
97231,T4a,5728.400000000001
98788,T4d,5728.400000000001
112744,T4d,5728.400000000001
35001,Mi1,5728.5
75848,T2a,5728.5
86686,T4c,5728.5
88625,T4c,5728.5
100206,T4c,5728.5
101685,T4b,5728.5
92706,T4a,5728.6
101770,T4b,5728.6
65298,T2a,5728.6
79646,Tm3,5728.7
102462,T4c,5728.7
35498,Mi1,5728.8
37037,Mi1,5728.8
96576,T4c,5728.8
40026,TmY3,5729.0
34867,Mi1,5729.0
35836,Mi1,5729.0
36954,Mi1,5729.0
61659,Tm3,5729.0
67150,T2a,5729.0
95453,T4a,5729.0
287884,OA-VPM3,5729.099999999999
66980,T2a,5729.200000000001
112619,T4d,5729.200000000001
10687,OA-AL2i3,5729.200000000001
45005,TmY3,5729.200000000001
67113,Mi1,5729.3
97161,T4a,5729.4
35234,Mi1,5729.500000000001
66214,T2a,5729.500000000001
74927,Tm3,5729.500000000001
91345,T4c,5729.500000000001
99663,T4c,5729.500000000001
109593,Tm3,5729.500000000001
75298,T2a,5729.7
35712,Mi1,5729.7
10555,OA-VUMa3,5729.7
21336,LC4,5729.7
10012,VS,5729.8
10168,OA-VUMa6,5729.8
58862,Mi1,5729.8
42006,TmY3,5729.900000000001
94356,T4c,5729.900000000001
107621,T4d,5730.0
103657,T4b,5730.0
10206,VS,5730.0
35897,Mi1,5730.0
96295,T4b,5730.0
10037,VS,5730.1
90567,T4b,5730.1
77480,Tm3,5730.2
122308,Tm3,5730.2
10112,VS,5730.3
72955,T2a,5730.3
286259,OA-ASM1,5730.3
69164,Mi1,5730.400000000001
94305,T4a,5730.400000000001
103570,T4d,5730.5
110646,T4b,5730.5
95554,T4b,5730.5
71475,Tm3,5730.5
48547,TmY3,5730.5
39692,TmY3,5730.5
10226,OA-AL2i3,5730.5
69228,T2a,5730.599999999999
91469,T4c,5730.599999999999
93972,T4a,5730.599999999999
109868,Tm3,5730.599999999999
10204,OA-AL2i2,5730.700000000001
40854,Mi1,5730.700000000001
20808,LC4,5730.8
39067,Mi1,5730.8
68982,Tm3,5730.8
90423,T4b,5730.9
79271,T4a,5730.9
96126,T4b,5730.9
10016,HSE,5730.9
62272,T2,5730.9
23392,LC4,5731.0
83979,T4a,5731.1
90135,T4c,5731.1
100787,T4b,5731.1
118924,Tm3,5731.3
119245,T4d,5731.400000000001
100033,T4c,5731.400000000001
46662,TmY3,5731.400000000001
37699,Mi1,5731.400000000001
73807,Tm3,5731.400000000001
35934,Mi1,5731.5
49324,Mi1,5731.5
55976,Mi1,5731.6
93224,T4a,5731.7
35447,Mi1,5731.8
70289,Mi1,5731.8
111184,T4a,5731.900000000001
100855,T4a,5731.900000000001
102801,T4b,5732.0
103677,T4b,5732.0
10080,OA-VUMa3,5732.0
95822,T4b,5732.0
10110,OA-VUMa1,5732.099999999999
11602,OA-ASM1,5732.099999999999
34189,Mi1,5732.200000000001
74725,T2a,5732.200000000001
98312,T4a,5732.200000000001
537004,VSm,5732.200000000001
105521,T4c,5732.3
11921,OA-VPM4,5732.5
66808,Tm3,5732.5
81836,T2a,5732.6
104257,T4b,5732.6
109598,T4b,5732.6
104942,T4a,5732.7
542412,Mi1,5732.8
104674,T4a,5732.8
49372,TmY3,5732.8
36177,Mi1,5732.8
21313,LC4,5732.8
10187,OA-VPM3,5732.9
10284,VS,5732.9
12688,OA-ASM1,5733.0
93527,T4a,5733.0
75377,T2a,5733.1
85126,T4a,5733.1
98194,T4d,5733.2
98654,T4d,5733.2
10041,OA-VUMa1,5733.400000000001
38238,Mi1,5733.400000000001
83191,T4a,5733.400000000001
100018,T4a,5733.400000000001
526158,Mi1,5733.400000000001
66604,TmY3,5733.5
36540,Mi1,5733.5
10120,OA-VPM4,5733.5
10023,HSS,5733.5
10015,HSN,5733.6
10025,H2,5733.6
97028,T4c,5733.6
12109,OA-VUMa2,5733.700000000001
35888,Mi1,5733.700000000001
99292,T4a,5733.700000000001
93688,T4a,5733.8
34849,Mi1,5733.8
93334,T4b,5733.900000000001
93750,T4c,5733.900000000001
127615,Tm3,5733.900000000001
71398,Tm3,5734.0
101043,T4c,5734.0
97480,T4c,5734.1
48986,TmY3,5734.1
10185,OA-VUMa8,5734.1
88152,T4c,5734.1
23098,LC4,5734.200000000001
38479,Mi1,5734.200000000001
38767,Mi1,5734.200000000001
89290,T4d,5734.200000000001
93935,T4a,5734.3
10175,OA-VUMa6,5734.4
10269,OA-AL2i2,5734.4
33462,Mi1,5734.4
34045,Mi1,5734.4
10001,DNp01,5734.500000000001
35405,Mi1,5734.500000000001
33446,Mi1,5734.6
36446,Mi1,5734.6
36452,Mi1,5734.7
94743,T4d,5734.7
89434,T4c,5734.8
35602,Mi1,5734.900000000001
10322,OA-AL2i2,5735.0
98226,T4b,5735.0
97853,T4c,5735.1
37019,Mi1,5735.2
10011,OA-AL2i1,5735.3
11005,OA-VUMa4,5735.3
36533,Mi1,5735.3
35017,Mi1,5735.400000000001
16138,LC4,5735.5
100032,T4c,5735.5
102579,T4b,5735.6
91057,T4c,5735.700000000001
12896,OA-VUMa5,5735.8
38133,Mi1,5735.8
51122,Mi1,5735.8
107442,T4d,5735.8
92839,T4b,5735.9
10016,HSE,5735.9
10072,OA-AL2i1,5735.9
10755,H1,5736.000000000001
37000,Mi1,5736.000000000001
42119,Mi1,5736.000000000001
37568,Mi1,5736.1
94755,T4a,5736.1
10677,OA-AL2i4,5736.2
37599,Mi1,5736.2
63420,Mi1,5736.2
109857,T4d,5736.2
35770,Mi1,5736.3
59397,Mi1,5736.3
95239,T4a,5736.400000000001
54087,Mi1,5736.5
39158,Mi1,5736.5
92114,T4c,5736.6
10112,VS,5736.6
35218,Mi1,5736.6
64579,T2,5736.7
69793,T2a,5736.7
90121,T4b,5736.7
87358,T4a,5736.8
103073,T4a,5736.8
37853,Mi1,5736.900000000001
92281,T4c,5736.900000000001
47686,TmY3,5737.0
34300,Mi1,5737.099999999999
74023,T2a,5737.099999999999
94153,T4d,5737.099999999999
108307,T4b,5737.099999999999
10652,OA-AL2i4,5737.3
108438,T4d,5737.3
106922,T4c,5737.4
79257,Tm3,5737.4
35774,Mi1,5737.4
10037,VS,5737.500000000001
35580,Mi1,5737.500000000001
36911,Mi1,5737.500000000001
35840,Mi1,5737.6
76325,T2a,5737.6
88167,T4b,5737.6
34479,Mi1,5737.7
88992,T4c,5737.7
89368,T4c,5737.7
34356,Mi1,5737.900000000001
94624,T4a,5737.900000000001
35845,Mi1,5738.0
36410,Mi1,5738.0
96035,T4d,5738.1
43334,TmY3,5738.1
94179,T4a,5738.2
36139,Mi1,5738.2
36252,Mi1,5738.3
34296,Mi1,5738.5
37529,Mi1,5738.5
40596,Mi1,5738.599999999999
97193,T4a,5738.599999999999
98985,T4c,5738.599999999999
56564,Mi1,5738.700000000001
34057,Mi1,5738.700000000001
10265,OA-AL2i2,5738.700000000001
11608,OA-VUMa2,5738.700000000001
10025,H2,5738.8
33655,Mi1,5738.8
35806,Mi1,5738.9
34899,Mi1,5739.1
37371,Mi1,5739.1
91444,T4c,5739.1
103827,T4c,5739.2
83689,T4a,5739.2
10658,OA-AL2i3,5739.2
83067,T4b,5739.2
37270,Mi1,5739.3
39275,Mi1,5739.3
72279,Mi1,5739.3
95883,T4a,5739.3
10799,OA-VUMa4,5739.4
10825,OA-AL2i3,5739.4
33942,Mi1,5739.4
52485,TmY3,5739.5
83227,Tm3,5739.5
99131,T4c,5739.5
104853,T4c,5739.5
120016,Tm3,5739.6
10015,HSN,5739.6
110988,T4a,5739.7
69540,TmY3,5739.7
36217,Mi1,5739.8
37631,Mi1,5739.8
11264,OA-ASM1,5739.900000000001
109649,T4c,5739.900000000001
34933,Mi1,5740.0
41545,Mi1,5740.0
48283,TmY3,5740.0
65671,Mi1,5740.099999999999
72796,Tm3,5740.099999999999
88698,T4a,5740.099999999999
35100,Mi1,5740.200000000001
37353,Mi1,5740.200000000001
81995,Tm3,5740.200000000001
93419,T4b,5740.200000000001
98300,T4a,5740.200000000001
102741,T4c,5740.3
33907,Mi1,5740.4
95681,T4a,5740.4
100867,T4b,5740.4
106701,T4d,5740.4
10016,HSE,5740.5
55101,Mi1,5740.5
92047,T4c,5740.5
102425,T4b,5740.5
104450,T4a,5740.5
41296,Mi1,5740.6
10206,VS,5740.7
41809,Mi1,5740.7
53065,Mi1,5740.7
92431,T4a,5740.7
100105,T4a,5740.7
98381,T4d,5740.8
69380,Tm3,5740.8
35428,Mi1,5740.8
10687,OA-AL2i3,5740.8
102975,T4b,5741.0
34862,Mi1,5741.1
40426,Mi1,5741.1
105698,T4c,5741.1
106200,T4c,5741.1
97784,T4c,5741.2
107529,T4d,5741.2
91283,T4c,5741.2
32893,Mi1,5741.3
34369,Mi1,5741.3
35152,Mi1,5741.3
100282,T4a,5741.3
101772,Tm3,5741.400000000001
287884,OA-VPM3,5741.400000000001
104027,T4d,5741.400000000001
91987,T4c,5741.6
101081,T4c,5741.6
91934,T4a,5741.6
54885,TmY3,5741.6
34463,Mi1,5741.700000000001
85737,T2a,5741.700000000001
95005,T4a,5741.700000000001
10023,HSS,5741.8
37948,Mi1,5741.8
108349,T4d,5741.900000000001
38893,Mi1,5742.0
88281,T4b,5742.0
47368,TmY3,5742.1
34079,Mi1,5742.1
103025,T4a,5742.200000000001
104858,T4b,5742.200000000001
38514,Mi1,5742.200000000001
102595,T4d,5742.3
100567,T4d,5742.3
101480,T4c,5742.3
98668,T4a,5742.3
10110,OA-VUMa1,5742.3
40944,Mi1,5742.3
35498,Mi1,5742.3
41626,Mi1,5742.3
47962,TmY3,5742.4
89139,T4c,5742.4
100946,T4c,5742.4
10168,OA-VUMa6,5742.500000000001
10226,OA-AL2i3,5742.500000000001
36954,Mi1,5742.500000000001
36994,Mi1,5742.500000000001
99011,T4c,5742.500000000001
112179,T4b,5742.500000000001
68212,T2a,5742.6
103654,T4b,5742.6
72558,T2a,5742.7
36305,Mi1,5742.7
68562,T2a,5742.7
80855,Tm3,5742.8
10555,OA-VUMa3,5742.900000000001
67113,Mi1,5742.900000000001
38993,Mi1,5743.0
39743,Mi1,5743.0
103425,T4a,5743.0
98887,T4b,5743.1
107609,T4d,5743.1
99163,T4a,5743.2
10204,OA-AL2i2,5743.2
97675,T4c,5743.2
76524,Tm3,5743.3
104297,T4a,5743.400000000001
101215,T4c,5743.400000000001
96090,T4c,5743.400000000001
37037,Mi1,5743.400000000001
20542,LC4,5743.400000000001
31848,Mi1,5743.5
35897,Mi1,5743.5
81401,T4b,5743.5
90465,T4a,5743.5
93360,T4b,5743.5
44119,Mi1,5743.6
95458,T4d,5743.6
97899,T4a,5743.6
10112,VS,5743.700000000001
93166,T4c,5743.700000000001
95356,T4a,5743.700000000001
10025,H2,5743.8
10269,OA-AL2i2,5743.8
102112,T4c,5743.8
35001,Mi1,5743.9
35836,Mi1,5744.000000000001
73828,Tm3,5744.000000000001
67150,T2a,5744.1
104683,T4b,5744.1
99922,T4c,5744.2
101005,T4d,5744.2
286259,OA-ASM1,5744.2
23392,LC4,5744.3
92644,T4d,5744.3
58862,Mi1,5744.400000000001
35712,Mi1,5744.5
55976,Mi1,5744.5
11602,OA-ASM1,5744.6
66325,Tm3,5744.6
96163,T4b,5744.7
109631,T4b,5744.8
101620,T4b,5744.900000000001
10015,HSN,5745.0
10322,OA-AL2i2,5745.0
48894,TmY3,5745.0
10001,DNp01,5745.099999999999
10037,VS,5745.099999999999
10041,OA-VUMa1,5745.099999999999
33216,Mi1,5745.099999999999
72938,T2a,5745.099999999999
96424,T4b,5745.099999999999
100087,T4b,5745.099999999999
10016,HSE,5745.200000000001
10187,OA-VPM3,5745.200000000001
35234,Mi1,5745.200000000001
37699,Mi1,5745.200000000001
125171,Tm3,5745.200000000001
69570,Tm3,5745.3
68522,T2a,5745.3
10080,OA-VUMa3,5745.3
21336,LC4,5745.500000000001
102791,T4c,5745.500000000001
34189,Mi1,5745.7
117627,Tm3,5745.7
104191,T4a,5745.900000000001
92706,T4a,5746.0
122233,Tm3,5746.1
108065,T4c,5746.1
102370,T4c,5746.1
39067,Mi1,5746.2
71052,T2a,5746.2
87722,T2a,5746.2
92939,T4b,5746.2
102479,T4c,5746.2
103022,T4a,5746.2
94668,T4d,5746.3
49324,Mi1,5746.3
11005,OA-VUMa4,5746.3
10185,OA-VUMa8,5746.400000000001
35934,Mi1,5746.400000000001
85837,Tm3,5746.400000000001
10120,OA-VPM4,5746.5
40854,Mi1,5746.5
95335,T4a,5746.5
10072,OA-AL2i1,5746.599999999999
12688,OA-ASM1,5746.599999999999
34849,Mi1,5746.599999999999
70289,Mi1,5746.599999999999
38238,Mi1,5746.700000000001
12109,OA-VUMa2,5746.8
50333,TmY3,5746.9
98837,T4c,5746.9
36540,Mi1,5747.0
10175,OA-VUMa6,5747.0
12896,OA-VUMa5,5747.0
36177,Mi1,5747.1
11921,OA-VPM4,5747.3
90423,T4b,5747.4
10755,H1,5747.5
91806,T4a,5747.5
36452,Mi1,5747.6
72148,Tm3,5747.6
106793,T4d,5747.6
35017,Mi1,5747.7
71161,T2a,5747.7
75521,T2a,5747.7
96576,T4c,5747.7
35888,Mi1,5747.8
69164,Mi1,5747.900000000001
542412,Mi1,5748.0
526158,Mi1,5748.0
33446,Mi1,5748.099999999999
35447,Mi1,5748.099999999999
65513,T2a,5748.099999999999
84010,Tm3,5748.099999999999
93021,T4a,5748.200000000001
91469,T4c,5748.4
38767,Mi1,5748.5
10677,OA-AL2i4,5748.5
51122,Mi1,5748.6
94356,T4c,5748.6
66345,T2a,5748.7
103479,T4c,5748.8
20808,LC4,5748.8
21313,LC4,5748.8
35770,Mi1,5748.8
38479,Mi1,5748.8
100033,T4c,5748.9
34045,Mi1,5748.9
96657,T4c,5748.9
10025,H2,5749.0
36446,Mi1,5749.0
69980,Tm3,5749.0
34867,Mi1,5749.1
37000,Mi1,5749.1
10023,HSS,5749.2
108847,T4d,5749.2
63420,Mi1,5749.3
94305,T4a,5749.3
54087,Mi1,5749.400000000001
33462,Mi1,5749.5
35405,Mi1,5749.6
100319,T4b,5749.700000000001
36533,Mi1,5749.700000000001
92842,T4a,5749.8
102147,T4c,5749.900000000001
35602,Mi1,5749.900000000001
10016,HSE,5750.0
67971,Tm3,5750.0
37019,Mi1,5750.1
37599,Mi1,5750.1
39158,Mi1,5750.200000000001
59397,Mi1,5750.200000000001
78503,T2a,5750.200000000001
10015,HSN,5750.3
10652,OA-AL2i4,5750.3
11608,OA-VUMa2,5750.3
37568,Mi1,5750.4
87424,T4d,5750.4
104368,T4c,5750.4
81064,Tm3,5750.500000000001
93566,T4a,5750.500000000001
38133,Mi1,5750.500000000001
34300,Mi1,5750.6
10825,OA-AL2i3,5750.7
42119,Mi1,5750.7
99950,T4c,5750.7
37853,Mi1,5750.8
99423,T4d,5750.900000000001
10265,OA-AL2i2,5750.900000000001
10799,OA-VUMa4,5750.900000000001
10658,OA-AL2i3,5751.1
73586,Tm3,5751.1
36139,Mi1,5751.2
78856,Tm3,5751.2
102462,T4c,5751.3
107105,T4d,5751.3
91913,T4b,5751.3
36911,Mi1,5751.5
39275,Mi1,5751.5
36410,Mi1,5751.5
35580,Mi1,5751.6
35774,Mi1,5751.6
100787,T4b,5751.6
113171,T4b,5751.6
34296,Mi1,5751.8
34356,Mi1,5751.8
104414,T4d,5751.8
10011,OA-AL2i1,5751.9
10037,VS,5751.9
34479,Mi1,5751.9
35840,Mi1,5751.9
112744,T4d,5751.9
96676,T4b,5752.000000000001
65531,T2a,5752.1
97028,T4c,5752.1
35806,Mi1,5752.1
16138,LC4,5752.1
10112,VS,5752.1
95554,T4b,5752.2
115636,T4d,5752.3
93750,T4c,5752.3
74937,T2a,5752.3
97231,T4a,5752.3
33655,Mi1,5752.3
10687,OA-AL2i3,5752.3
36252,Mi1,5752.3
56564,Mi1,5752.400000000001
93972,T4a,5752.400000000001
99980,T4c,5752.400000000001
98118,T4c,5752.5
34933,Mi1,5752.5
37270,Mi1,5752.5
102564,T4a,5752.6
111746,Tm3,5752.7
102519,T4a,5752.7
33942,Mi1,5752.7
105718,T4b,5752.7
34057,Mi1,5752.8
10168,OA-VUMa6,5752.900000000001
35218,Mi1,5752.900000000001
35845,Mi1,5752.900000000001
96931,T4b,5753.0
10110,OA-VUMa1,5753.099999999999
73284,T2a,5753.200000000001
120231,Tm3,5753.200000000001
37123,Mi1,5753.3
37371,Mi1,5753.3
48547,TmY3,5753.3
99863,T4d,5753.3
11264,OA-ASM1,5753.4
101873,T4b,5753.5
74231,Tm3,5753.5
33907,Mi1,5753.5
109142,T4b,5753.6
40596,Mi1,5753.8
98788,T4d,5753.8
10206,VS,5754.0
10269,OA-AL2i2,5754.0
92181,T4a,5754.0
98360,T4c,5754.0
525839,Mi1,5754.0
37529,Mi1,5754.1
34899,Mi1,5754.1
101302,T4d,5754.1
124490,Tm3,5754.3
287884,OA-VPM3,5754.3
97677,T4c,5754.3
66808,Tm3,5754.3
41545,Mi1,5754.3
10226,OA-AL2i3,5754.3
10322,OA-AL2i2,5754.400000000001
53065,Mi1,5754.400000000001
88625,T4c,5754.400000000001
89434,T4c,5754.400000000001
100956,T4d,5754.400000000001
114391,T4d,5754.400000000001
55101,Mi1,5754.5
84008,T4c,5754.5
95453,T4a,5754.5
37353,Mi1,5754.599999999999
37631,Mi1,5754.599999999999
65671,Mi1,5754.599999999999
104336,T4b,5754.700000000001
90278,T4a,5754.700000000001
10025,H2,5754.700000000001
10284,VS,5754.700000000001
87289,T4a,5754.700000000001
41809,Mi1,5754.8
101685,T4b,5754.8
36217,Mi1,5754.9
72279,Mi1,5754.9
80302,T2a,5754.9
83979,T4a,5754.9
107719,T4b,5754.9
98099,T4b,5755.0
99670,T4c,5755.0
89290,T4d,5755.0
106912,Tm3,5755.0
10204,OA-AL2i2,5755.0
10001,DNp01,5755.0
83365,T2a,5755.0
37948,Mi1,5755.1
10041,OA-VUMa1,5755.2
117662,T4d,5755.2
74927,Tm3,5755.3
30923,TmY3,5755.4
97161,T4a,5755.4
107170,T4b,5755.4
34369,Mi1,5755.5
34862,Mi1,5755.5
91682,T4b,5755.5
99387,T4a,5755.5
10016,HSE,5755.6
54211,TmY3,5755.6
94287,T4d,5755.6
90049,T4c,5755.7
67113,Mi1,5755.8
102388,T4d,5755.8
547091,T2,5755.900000000001
68982,Tm3,5755.900000000001
49441,TmY3,5755.900000000001
35428,Mi1,5755.900000000001
34079,Mi1,5756.0
34463,Mi1,5756.0
41296,Mi1,5756.0
95822,T4b,5756.0
10555,OA-VUMa3,5756.099999999999
69597,Tm3,5756.099999999999
35100,Mi1,5756.200000000001
97853,T4c,5756.200000000001
36994,Mi1,5756.3
10015,HSN,5756.5
104703,T4d,5756.5
32893,Mi1,5756.6
93527,T4a,5756.7
40832,Mi1,5756.7
33017,Mi1,5756.7
36954,Mi1,5756.7
35498,Mi1,5756.8
35836,Mi1,5756.8
35897,Mi1,5756.8
71475,Tm3,5756.8
74375,Tm3,5756.8
77480,Tm3,5756.8
11005,OA-VUMa4,5756.9
41626,Mi1,5756.9
85126,T4a,5756.9
95364,T4d,5756.9
97885,T4a,5757.0
38893,Mi1,5757.0
40426,Mi1,5757.0
104008,T4b,5757.1
96295,T4b,5757.1
10072,OA-AL2i1,5757.3
102016,T4a,5757.3
97171,T4d,5757.400000000001
12521,HST,5757.5
10187,OA-VPM3,5757.6
37037,Mi1,5757.6
84063,T4b,5757.6
98504,T4c,5757.6
58862,Mi1,5757.700000000001
70800,Tm3,5757.700000000001
38230,Mi1,5757.8
35152,Mi1,5757.8
286259,OA-ASM1,5757.8
97675,T4c,5758.0
122308,Tm3,5758.0
79271,T4a,5758.0
116311,T4d,5758.0
35001,Mi1,5758.0
31848,Mi1,5758.0
78561,Tm3,5758.0
34171,Mi1,5758.0
92281,T4c,5758.1
10023,HSS,5758.200000000001
36305,Mi1,5758.200000000001
111416,Tm3,5758.200000000001
10185,OA-VUMa8,5758.3
39743,Mi1,5758.3
79483,Tm3,5758.3
132339,Tm3,5758.3
94179,T4a,5758.4
105135,T4c,5758.4
37699,Mi1,5758.500000000001
83465,T4a,5758.500000000001
800146,TTMn,5758.500000000001
91325,T4a,5758.6
40026,TmY3,5758.6
10080,OA-VUMa3,5758.6
12688,OA-ASM1,5758.6
51231,TmY3,5758.7
99663,T4c,5758.7
11602,OA-ASM1,5758.8
60857,Mi1,5758.8
103440,T4d,5758.8
93688,T4a,5758.900000000001
40944,Mi1,5758.900000000001
38993,Mi1,5758.900000000001
55976,Mi1,5759.0
88951,Tm3,5759.0
90145,T4a,5759.1
105521,T4c,5759.1
104858,T4b,5759.1
103657,T4b,5759.1
118924,Tm3,5759.1
74228,Tm3,5759.1
61659,Tm3,5759.1
35712,Mi1,5759.1
10112,VS,5759.1
10037,VS,5759.1
79646,Tm3,5759.1
41120,Mi1,5759.2
96126,T4b,5759.2
532805,Tm3,5759.3
113686,T4d,5759.3
104257,T4b,5759.3
72955,T2a,5759.3
112633,T4b,5759.3
94624,T4a,5759.400000000001
96134,T4b,5759.400000000001
110646,T4b,5759.400000000001
537004,VSm,5759.400000000001
103025,T4a,5759.5
102975,T4b,5759.5
12109,OA-VUMa2,5759.5
38238,Mi1,5759.5
86686,T4c,5759.5
10025,H2,5759.6
34189,Mi1,5759.6
12896,OA-VUMa5,5759.700000000001
38514,Mi1,5759.700000000001
87390,T2a,5759.700000000001
96774,T4c,5759.700000000001
68842,TmY3,5759.8
98325,T4d,5759.8
100310,T4d,5759.8
92254,T4b,5759.9
44119,Mi1,5759.9
46662,TmY3,5759.9
98439,T4a,5760.000000000001
106522,T4d,5760.000000000001
10175,OA-VUMa6,5760.000000000001
64712,T2a,5760.000000000001
41668,Mi1,5760.1
77383,T2a,5760.1
87358,T4a,5760.1
91345,T4c,5760.1
34849,Mi1,5760.2
35234,Mi1,5760.2
35934,Mi1,5760.2
67719,T2a,5760.2
98194,T4d,5760.2
109996,T4c,5760.2
48986,TmY3,5760.3
71402,Tm3,5760.5
99672,T4a,5760.5
36452,Mi1,5760.6
39629,Mi1,5760.6
101770,T4b,5760.7
10120,OA-VPM4,5760.7
10755,H1,5760.7
33446,Mi1,5760.8
35017,Mi1,5760.8
33216,Mi1,5760.900000000001
35888,Mi1,5760.900000000001
39067,Mi1,5760.900000000001
40085,Mi1,5760.900000000001
70289,Mi1,5760.900000000001
89934,T4d,5760.900000000001
107442,T4d,5761.0
92082,T4b,5761.099999999999
10016,HSE,5761.099999999999
39692,TmY3,5761.099999999999
70812,TmY3,5761.099999999999
36540,Mi1,5761.200000000001
90121,T4b,5761.200000000001
40854,Mi1,5761.200000000001
36177,Mi1,5761.200000000001
10677,OA-AL2i4,5761.3
40171,Mi1,5761.3
86419,Tm3,5761.3
76074,Tm3,5761.4
77138,Tm3,5761.4
85007,T4c,5761.4
93865,T4c,5761.4
94755,T4a,5761.4
119245,T4d,5761.4
49324,Mi1,5761.5
99628,T4b,5761.5
88726,T4b,5761.7
98654,T4d,5761.7
90394,T4a,5761.8
92431,T4a,5761.8
80358,Tm3,5761.8
11608,OA-VUMa2,5761.900000000001
11921,OA-VPM4,5761.900000000001
35447,Mi1,5761.900000000001
54087,Mi1,5761.900000000001
72194,Tm3,5761.900000000001
88992,T4c,5761.900000000001
35770,Mi1,5762.1
10825,OA-AL2i3,5762.1
10015,HSN,5762.1
83438,T4a,5762.3
98887,T4b,5762.3
100855,T4a,5762.3
100946,T4c,5762.3
107143,T4d,5762.400000000001
101772,Tm3,5762.5
102801,T4b,5762.5
526158,Mi1,5762.599999999999
110403,T4b,5762.599999999999
51122,Mi1,5762.599999999999
36446,Mi1,5762.599999999999
10799,OA-VUMa4,5762.700000000001
47368,TmY3,5762.700000000001
34045,Mi1,5762.8
95239,T4a,5762.8
11134,VSm,5762.9
118260,T4d,5762.9
69164,Mi1,5763.0
37019,Mi1,5763.0
35602,Mi1,5763.0
10658,OA-AL2i3,5763.1
36533,Mi1,5763.1
93419,T4b,5763.1
542412,Mi1,5763.1
74023,T2a,5763.2
42006,TmY3,5763.2
38479,Mi1,5763.2
37000,Mi1,5763.2
10265,OA-AL2i2,5763.2
10110,OA-VUMa1,5763.2
35405,Mi1,5763.2
63420,Mi1,5763.3
102741,T4c,5763.3
101620,T4b,5763.4
10687,OA-AL2i3,5763.5
85152,T4c,5763.5
97256,T4c,5763.5
116129,T4b,5763.6
20808,LC4,5763.6
101215,T4c,5763.6
88152,T4c,5763.7
95005,T4a,5763.7
83204,T4d,5763.7
83689,T4a,5763.7
37599,Mi1,5763.8
33462,Mi1,5763.8
10206,VS,5763.8
23098,LC4,5763.8
34300,Mi1,5763.900000000001
70524,T2a,5763.900000000001
92114,T4c,5763.900000000001
10652,OA-AL2i4,5764.0
38133,Mi1,5764.0
83583,T4d,5764.0
100032,T4c,5764.0
10025,H2,5764.099999999999
39275,Mi1,5764.099999999999
95883,T4a,5764.099999999999
102579,T4b,5764.200000000001
112619,T4d,5764.200000000001
89825,T4a,5764.200000000001
59397,Mi1,5764.200000000001
10269,OA-AL2i2,5764.200000000001
34479,Mi1,5764.3
34867,Mi1,5764.4
36139,Mi1,5764.4
39158,Mi1,5764.4
111184,T4a,5764.4
106952,T4b,5764.5
532850,Tm3,5764.5
10322,OA-AL2i2,5764.6
97899,T4a,5764.6
98349,T4a,5764.6
38767,Mi1,5764.7
107529,T4d,5764.7
36911,Mi1,5764.7
35580,Mi1,5764.8
10112,VS,5764.9
90135,T4c,5764.9
103570,T4d,5765.0
98175,T4c,5765.0
36410,Mi1,5765.0
34296,Mi1,5765.0
10023,HSS,5765.0
23392,LC4,5765.1
37270,Mi1,5765.1
90474,T4b,5765.1
92047,T4c,5765.1
94356,T4c,5765.1
99011,T4c,5765.2
10168,OA-VUMa6,5765.3
37568,Mi1,5765.3
97878,T4b,5765.3
104354,T4b,5765.3
10037,VS,5765.5
21336,LC4,5765.6
92415,T4a,5765.6
10041,OA-VUMa1,5765.6
10016,HSE,5765.700000000001
33655,Mi1,5765.700000000001
42119,Mi1,5765.700000000001
105403,T4c,5765.700000000001
66980,T2a,5765.8
10226,OA-AL2i3,5765.900000000001
96090,T4c,5765.900000000001
34356,Mi1,5766.0
71938,T2a,5766.0
90423,T4b,5766.0
91987,T4c,5766.0
97866,T4d,5766.1
35840,Mi1,5766.1
72558,T2a,5766.1
108065,T4c,5766.200000000001
109649,T4c,5766.200000000001
11264,OA-ASM1,5766.200000000001
33942,Mi1,5766.3
36252,Mi1,5766.3
37853,Mi1,5766.3
74725,T2a,5766.3
35774,Mi1,5766.4
50345,TmY3,5766.4
108325,T4c,5766.4
91366,T4b,5766.500000000001
34899,Mi1,5766.6
98985,T4c,5766.6
122233,Tm3,5766.6
127615,Tm3,5766.6
93947,T4a,5766.7
109598,T4b,5766.7
56564,Mi1,5766.8
37371,Mi1,5766.8
34057,Mi1,5766.8
10072,OA-AL2i1,5766.8
52328,TmY3,5766.900000000001
54885,TmY3,5766.900000000001
55101,Mi1,5766.900000000001
91057,T4c,5766.900000000001
91806,T4a,5766.900000000001
106922,T4c,5766.900000000001
112321,T4d,5766.900000000001
93025,T4b,5767.0
102229,T4d,5767.0
87845,T4a,5767.0
287884,OA-VPM3,5767.0
40596,Mi1,5767.0
35845,Mi1,5767.0
69978,T2,5767.0
65671,Mi1,5767.1
66345,T2a,5767.1
10011,OA-AL2i1,5767.1
94153,T4d,5767.2
104674,T4a,5767.2
21313,LC4,5767.3
56007,TmY3,5767.3
67150,T2a,5767.3
103827,T4c,5767.3
33907,Mi1,5767.400000000001
10015,HSN,5767.400000000001
11005,OA-VUMa4,5767.400000000001
34933,Mi1,5767.400000000001
37631,Mi1,5767.400000000001
65298,T2a,5767.400000000001
78968,Tm3,5767.5
92706,T4a,5767.599999999999
78108,T2a,5767.599999999999
37353,Mi1,5767.599999999999
107211,T4d,5767.700000000001
94743,T4d,5767.700000000001
10204,OA-AL2i2,5767.700000000001
35806,Mi1,5767.700000000001
45005,TmY3,5767.700000000001
10001,DNp01,5767.8
89368,T4c,5767.9
71674,T2a,5768.000000000001
72989,Tm3,5768.000000000001
98300,T4a,5768.000000000001
108307,T4b,5768.000000000001
95356,T4a,5768.1
75848,T2a,5768.1
107609,T4d,5768.3
94368,T4a,5768.3
35218,Mi1,5768.3
93360,T4b,5768.3
103073,T4a,5768.400000000001
100867,T4b,5768.400000000001
34862,Mi1,5768.400000000001
69793,T2a,5768.400000000001
69380,Tm3,5768.5
91469,T4c,5768.5
97028,T4c,5768.5
100206,T4c,5768.5
100282,T4a,5768.5
10025,H2,5768.6
92939,T4b,5768.6
112179,T4b,5768.7
91741,T4d,5768.8
41545,Mi1,5768.8
77991,Tm3,5768.8
96576,T4c,5768.8
103654,T4b,5768.8
101480,T4c,5768.900000000001
61768,T2,5768.900000000001
76325,T2a,5768.900000000001
53065,Mi1,5769.0
89434,T4c,5769.0
34369,Mi1,5769.099999999999
92996,T4a,5769.099999999999
100033,T4c,5769.099999999999
90219,T4a,5769.200000000001
72279,Mi1,5769.200000000001
95681,T4a,5769.200000000001
36217,Mi1,5769.200000000001
20634,VST1,5769.200000000001
37529,Mi1,5769.200000000001
103022,T4a,5769.200000000001
97249,T4d,5769.3
37948,Mi1,5769.3
50333,TmY3,5769.4
98668,T4a,5769.4
44564,TmY3,5769.4
10284,VS,5769.5
35428,Mi1,5769.5
102791,T4c,5769.5
36994,Mi1,5769.6
86416,T4a,5769.6
99131,T4c,5769.6
103160,T4a,5769.6
121816,T4a,5769.6
72896,Tm3,5769.7
106166,T4b,5769.7
41809,Mi1,5769.8
74373,Tm3,5769.8
100787,T4b,5769.8
108438,T4d,5769.8
95458,T4d,5769.900000000001
83067,T4b,5769.900000000001
86778,T4a,5769.900000000001
10187,OA-VPM3,5770.0
36954,Mi1,5770.0
75521,T2a,5770.0
91283,T4c,5770.0
91913,T4b,5770.0
92644,T4d,5770.0
10555,OA-VUMa3,5770.1
98837,T4c,5770.1
103725,T4a,5770.1
10012,VS,5770.2
101383,T4b,5770.2
109593,Tm3,5770.3
97872,T4d,5770.3
525839,Mi1,5770.3
41296,Mi1,5770.3
67113,Mi1,5770.3
10016,HSE,5770.3
35836,Mi1,5770.400000000001
81836,T2a,5770.400000000001
94305,T4a,5770.400000000001
10755,H1,5770.5
10112,VS,5770.599999999999
35897,Mi1,5770.599999999999
34463,Mi1,5770.700000000001
44244,TmY3,5770.700000000001
34079,Mi1,5770.700000000001
37123,Mi1,5770.700000000001
35152,Mi1,5770.8
68562,T2a,5770.8
37037,Mi1,5770.9
103425,T4a,5770.9
35100,Mi1,5771.0
69228,T2a,5771.0
32893,Mi1,5771.0
12688,OA-ASM1,5771.0
35498,Mi1,5771.1
90567,T4b,5771.1
104450,T4a,5771.1
104683,T4b,5771.1
93224,T4a,5771.2
10037,VS,5771.2
40426,Mi1,5771.2
58862,Mi1,5771.2
99670,T4c,5771.2
10023,HSS,5771.3
73828,Tm3,5771.3
95453,T4a,5771.3
122961,T4d,5771.4
68212,T2a,5771.4
16138,LC4,5771.5
93166,T4c,5771.5
98381,T4d,5771.6
68982,Tm3,5771.6
10206,VS,5771.7
35001,Mi1,5771.7
38893,Mi1,5771.7
97784,T4c,5771.7
110988,T4a,5771.7
10185,OA-VUMa8,5771.8
10677,OA-AL2i4,5771.8
11602,OA-ASM1,5771.8
101005,T4d,5771.8
38993,Mi1,5771.900000000001
99922,T4c,5771.900000000001
48283,TmY3,5772.0
52485,TmY3,5772.099999999999
95017,T4c,5772.200000000001
39743,Mi1,5772.200000000001
12109,OA-VUMa2,5772.200000000001
10175,OA-VUMa6,5772.3
41626,Mi1,5772.3
66808,Tm3,5772.3
95335,T4a,5772.3
112775,T4d,5772.3
10080,OA-VUMa3,5772.4
31848,Mi1,5772.4
104297,T4a,5772.4
107621,T4d,5772.4
286259,OA-ASM1,5772.4
10015,HSN,5772.5
79345,T2a,5772.5
107240,T4b,5772.5
100680,T4d,5772.7
89020,T4a,5772.7
38238,Mi1,5772.7
77676,T2a,5772.7
36305,Mi1,5772.8
38208,Mi1,5772.8
91674,T4a,5772.8
107075,T4d,5772.8
33017,Mi1,5772.9
95810,T2a,5772.9
10025,H2,5773.000000000001
80855,Tm3,5773.1
102147,T4c,5773.2
117627,Tm3,5773.2
39505,Mi1,5773.3
55976,Mi1,5773.3
33446,Mi1,5773.5
46324,TmY3,5773.5
127153,Tm3,5773.5
40832,Mi1,5773.5
10120,OA-VPM4,5773.5
38230,Mi1,5773.5
38529,Mi1,5773.5
11608,OA-VUMa2,5773.6
37699,Mi1,5773.6
40944,Mi1,5773.6
47962,TmY3,5773.6
101043,T4c,5773.6
10269,OA-AL2i2,5773.700000000001
10110,OA-VUMa1,5773.700000000001
35712,Mi1,5773.700000000001
88698,T4a,5773.8
89139,T4c,5773.8
69540,TmY3,5773.8
102462,T4c,5773.8
34189,Mi1,5773.8
10825,OA-AL2i3,5773.8
35934,Mi1,5773.8
94574,T4c,5773.900000000001
107159,T4b,5773.900000000001
34849,Mi1,5773.900000000001
99292,T4a,5774.0
124345,T4d,5774.0
10799,OA-VUMa4,5774.1
12896,OA-VUMa5,5774.1
91444,T4c,5774.1
61401,T2a,5774.200000000001
103479,T4c,5774.200000000001
38241,Mi1,5774.200000000001
10658,OA-AL2i3,5774.3
35234,Mi1,5774.3
36540,Mi1,5774.3
39405,Mi1,5774.3
83191,T4a,5774.3
114817,T4d,5774.4
109291,T4d,5774.4
38514,Mi1,5774.500000000001
10016,HSE,5774.500000000001
10322,OA-AL2i2,5774.6
92668,T2a,5774.6
102479,T4c,5774.6
104942,T4a,5774.6
112993,T4b,5774.6
35017,Mi1,5774.7
35447,Mi1,5774.7
35770,Mi1,5774.7
97480,T4c,5774.7
10001,DNp01,5774.8
95007,T4a,5774.8
11921,OA-VPM4,5774.900000000001
95242,T4d,5774.900000000001
10687,OA-AL2i3,5775.0
120312,Tm3,5775.1
113568,T4d,5775.1
40854,Mi1,5775.1
102425,T4b,5775.1
40256,Mi1,5775.1
36533,Mi1,5775.2
96394,T4b,5775.2
10072,OA-AL2i1,5775.3
128726,Tm3,5775.3
10041,OA-VUMa1,5775.400000000001
49324,Mi1,5775.400000000001
39067,Mi1,5775.5
35888,Mi1,5775.5
33216,Mi1,5775.599999999999
36452,Mi1,5775.599999999999
60857,Mi1,5775.599999999999
69980,Tm3,5775.599999999999
44119,Mi1,5775.700000000001
36177,Mi1,5775.700000000001
95822,T4b,5775.8
30997,Mi1,5775.8
23392,LC4,5775.9
37000,Mi1,5775.9
70289,Mi1,5775.9
32535,Mi1,5776.1
92842,T4a,5776.1
10037,VS,5776.2
10112,VS,5776.2
34171,Mi1,5776.2
37019,Mi1,5776.3
38791,Mi1,5776.3
121170,Tm3,5776.400000000001
526158,Mi1,5776.400000000001
100633,T4a,5776.5
54087,Mi1,5776.5
90278,T4a,5776.6
41120,Mi1,5776.6
10226,OA-AL2i3,5776.6
10168,OA-VUMa6,5776.7
10265,OA-AL2i2,5776.7
10652,OA-AL2i4,5776.7
104905,T4c,5776.7
10023,HSS,5776.8
39629,Mi1,5776.8
78503,T2a,5776.8
95554,T4b,5776.8
20542,LC4,5776.900000000001
35405,Mi1,5776.900000000001
95972,T4d,5777.099999999999
97675,T4c,5777.099999999999
94283,T4d,5777.200000000001
73096,T2a,5777.200000000001
71052,T2a,5777.200000000001
35602,Mi1,5777.200000000001
34479,Mi1,5777.200000000001
36446,Mi1,5777.200000000001
109536,T4d,5777.3
10025,H2,5777.3
34045,Mi1,5777.3
34300,Mi1,5777.3
69164,Mi1,5777.3
107170,T4b,5777.3
33462,Mi1,5777.4
85074,T4a,5777.4
10015,HSN,5777.5
53075,TmY3,5777.5
78856,Tm3,5777.5
79257,Tm3,5777.5
93935,T4a,5777.6
48894,TmY3,5777.6
98312,T4a,5777.6
51122,Mi1,5777.7
37270,Mi1,5777.8
92281,T4c,5777.8
104191,T4a,5777.8
112744,T4d,5777.8
11005,OA-VUMa4,5777.900000000001
36911,Mi1,5777.900000000001
41668,Mi1,5777.900000000001
59397,Mi1,5777.900000000001
63420,Mi1,5777.900000000001
39275,Mi1,5778.0
62078,Mi1,5778.1
94668,T4d,5778.1
96126,T4b,5778.1
100261,T4c,5778.1
537004,VSm,5778.2
67971,Tm3,5778.2
35580,Mi1,5778.2
38479,Mi1,5778.2
36139,Mi1,5778.3
40171,Mi1,5778.3
77395,T4b,5778.3
98000,T4b,5778.400000000001
105521,T4c,5778.400000000001
542412,Mi1,5778.5
40085,Mi1,5778.5
33655,Mi1,5778.599999999999
96852,T4a,5778.599999999999
107031,T4b,5778.700000000001
37599,Mi1,5778.8
42119,Mi1,5778.8
60856,T2a,5778.8
800146,TTMn,5778.8
109857,T4d,5778.9
91629,T4a,5778.9
81995,Tm3,5778.9
39158,Mi1,5778.9
36410,Mi1,5779.1
100897,T4c,5779.1
102564,T4a,5779.1
23098,LC4,5779.2
76733,Tm3,5779.2
109652,T4d,5779.2
34296,Mi1,5779.3
34057,Mi1,5779.3
10016,HSE,5779.3
38767,Mi1,5779.4
33942,Mi1,5779.5
37568,Mi1,5779.5
72148,Tm3,5779.5
85126,T4a,5779.5
98194,T4d,5779.6
38133,Mi1,5779.6
34899,Mi1,5779.6
35845,Mi1,5779.6
47686,TmY3,5779.7
47967,Mi1,5779.7
11264,OA-ASM1,5779.8
34867,Mi1,5779.8
78422,Tm3,5779.8
98788,T4d,5779.900000000001
99348,T4c,5779.900000000001
36252,Mi1,5780.0
48547,TmY3,5780.0
65671,Mi1,5780.0
88167,T4b,5780.0
64149,Mi1,5780.099999999999
97853,T4c,5780.200000000001
34356,Mi1,5780.200000000001
10755,H1,5780.200000000001
21336,LC4,5780.3
105718,T4b,5780.3
35774,Mi1,5780.4
102370,T4c,5780.4
287884,OA-VPM3,5780.4
93566,T4a,5780.5
37371,Mi1,5780.6
35840,Mi1,5780.6
83979,T4a,5780.700000000001
91682,T4b,5780.700000000001
99663,T4c,5780.700000000001
37853,Mi1,5780.8
82515,Tm3,5780.8
106793,T4d,5780.9
108697,T4d,5780.9
98118,T4c,5780.9
34933,Mi1,5780.9
10204,OA-AL2i2,5780.9
72796,Tm3,5780.9
39718,Mi1,5781.000000000001
93750,T4c,5781.000000000001
102519,T4a,5781.000000000001
10037,VS,5781.1
33907,Mi1,5781.1
40596,Mi1,5781.1
57398,Mi1,5781.1
10206,VS,5781.2
71475,Tm3,5781.3
40703,Mi1,5781.3
56564,Mi1,5781.3
71188,T2a,5781.400000000001
98099,T4b,5781.400000000001
10001,DNp01,5781.400000000001
34862,Mi1,5781.400000000001
10025,H2,5781.5
10112,VS,5781.5
37631,Mi1,5781.5
37948,Mi1,5781.5
93972,T4a,5781.5
40026,TmY3,5781.6
125171,Tm3,5781.6
102975,T4b,5781.6
35218,Mi1,5781.7
55101,Mi1,5781.7
84063,T4b,5781.7
105276,T4d,5781.7
120016,Tm3,5781.7
92839,T4b,5781.8
35806,Mi1,5781.8
99423,T4d,5781.900000000001
12521,HST,5781.900000000001
93509,T4b,5781.900000000001
37353,Mi1,5782.0
74023,T2a,5782.0
74231,Tm3,5782.0
75298,T2a,5782.0
97899,T4a,5782.0
102579,T4b,5782.0
102153,T4c,5782.1
89290,T4d,5782.1
11134,VSm,5782.200000000001
73284,T2a,5782.200000000001
10187,OA-VPM3,5782.3
72005,Tm3,5782.3
72066,Tm3,5782.3
74927,Tm3,5782.3
104858,T4b,5782.4
91934,T4a,5782.4
10677,OA-AL2i4,5782.4
34369,Mi1,5782.4
41545,Mi1,5782.4
100087,T4b,5782.500000000001
59959,Mi1,5782.6
90049,T4c,5782.6
95883,T4a,5782.6
111184,T4a,5782.6
22194,LC4,5782.7
81401,T4b,5782.7
94179,T4a,5782.7
10023,HSS,5782.8
41809,Mi1,5782.8
20808,LC4,5782.900000000001
51231,TmY3,5782.900000000001
71394,T2a,5782.900000000001
106200,T4c,5783.0
86686,T4c,5783.0
53065,Mi1,5783.0
99980,T4c,5783.1
109142,T4b,5783.1
10555,OA-VUMa3,5783.2
35428,Mi1,5783.2
36217,Mi1,5783.2
79083,Tm3,5783.2
92047,T4c,5783.2
101878,T4a,5783.2
10072,OA-AL2i1,5783.3
94624,T4a,5783.3
102741,T4c,5783.3
103025,T4a,5783.3
107719,T4b,5783.3
10015,HSN,5783.400000000001
66214,T2a,5783.400000000001
94983,T4c,5783.5
108349,T4d,5783.5
74375,Tm3,5783.5
98360,T4c,5783.5
12688,OA-ASM1,5783.5
10269,OA-AL2i2,5783.5
36994,Mi1,5783.5
12109,OA-VUMa2,5783.599999999999
77383,T2a,5783.599999999999
101685,T4b,5783.599999999999
75484,Tm3,5783.700000000001
83365,T2a,5783.700000000001
101772,Tm3,5783.700000000001
104853,T4c,5783.700000000001
105698,T4c,5783.700000000001
96424,T4b,5783.8
37529,Mi1,5783.8
83689,T4a,5783.8
37037,Mi1,5783.9
66325,Tm3,5783.9
67150,T2a,5783.9
88625,T4c,5783.9
106701,T4d,5783.9
95364,T4d,5784.000000000001
47240,TmY3,5784.000000000001
10175,OA-VUMa6,5784.000000000001
39692,TmY3,5784.000000000001
41296,Mi1,5784.000000000001
10110,OA-VUMa1,5784.1
10185,OA-VUMa8,5784.1
34079,Mi1,5784.2
72279,Mi1,5784.2
91057,T4c,5784.2
97161,T4a,5784.2
101215,T4c,5784.2
111416,Tm3,5784.3
10825,OA-AL2i3,5784.3
58862,Mi1,5784.3
109868,Tm3,5784.3
101302,T4d,5784.5
35498,Mi1,5784.5
93419,T4b,5784.5
34463,Mi1,5784.6
36954,Mi1,5784.6
91469,T4c,5784.6
132834,Tm3,5784.6
10016,HSE,5784.7
10799,OA-VUMa4,5784.7
86630,Tm3,5784.7
104336,T4b,5784.7
35152,Mi1,5784.8
39743,Mi1,5784.8
47368,TmY3,5784.8
99950,T4c,5784.8
123490,Tm3,5784.8
35001,Mi1,5784.900000000001
67113,Mi1,5784.900000000001
16138,LC4,5784.900000000001
11608,OA-VUMa2,5785.0
35897,Mi1,5785.0
38238,Mi1,5785.0
10080,OA-VUMa3,5785.200000000001
10284,VS,5785.200000000001
37123,Mi1,5785.200000000001
38993,Mi1,5785.200000000001
35836,Mi1,5785.3
77779,T2a,5785.3
97193,T4a,5785.3
10120,OA-VPM4,5785.4
35100,Mi1,5785.4
76524,Tm3,5785.5
65513,T2a,5785.6
93527,T4a,5785.6
11602,OA-ASM1,5785.6
10025,H2,5785.7
10037,VS,5785.7
96576,T4c,5785.7
33017,Mi1,5786.0
38893,Mi1,5786.0
94356,T4c,5786.0
116716,T4b,5786.1
99011,T4c,5786.1
97231,T4a,5786.1
32893,Mi1,5786.1
30923,TmY3,5786.1
92181,T4a,5786.1
10687,OA-AL2i3,5786.2
72955,T2a,5786.2
100105,T4a,5786.2
98985,T4c,5786.3
111746,Tm3,5786.3
96134,T4b,5786.3
21313,LC4,5786.3
10011,OA-AL2i1,5786.400000000001
92431,T4a,5786.400000000001
10041,OA-VUMa1,5786.5
10322,OA-AL2i2,5786.5
70812,TmY3,5786.5
79271,T4a,5786.5
91987,T4c,5786.5
96295,T4b,5786.5
104257,T4b,5786.599999999999
40426,Mi1,5786.599999999999
73385,T2a,5786.599999999999
286259,OA-ASM1,5786.599999999999
48986,TmY3,5786.700000000001
93688,T4a,5786.700000000001
525839,Mi1,5786.700000000001
90465,T4a,5786.700000000001
10112,VS,5786.700000000001
69597,Tm3,5786.700000000001
55976,Mi1,5786.700000000001
75377,T2a,5786.700000000001
10658,OA-AL2i3,5786.8
96163,T4b,5786.8
99628,T4b,5786.8
23392,LC4,5786.9
31848,Mi1,5786.9
68522,T2a,5786.9
94755,T4a,5786.9
106801,T4c,5786.9
102112,T4c,5787.0
89434,T4c,5787.0
79646,Tm3,5787.0
33446,Mi1,5787.0
36305,Mi1,5787.0
12896,OA-VUMa5,5787.1
34849,Mi1,5787.1
91913,T4b,5787.1
99387,T4a,5787.1
106295,T4b,5787.1
34189,Mi1,5787.2
35234,Mi1,5787.2
35934,Mi1,5787.2
101620,T4b,5787.3
10001,DNp01,5787.3
49441,TmY3,5787.3
105412,T4a,5787.4
92939,T4b,5787.5
41626,Mi1,5787.5
110403,T4b,5787.6
72558,T2a,5787.6
11921,OA-VPM4,5787.6
40944,Mi1,5787.6
35770,Mi1,5787.7
51050,TmY3,5787.7
88152,T4c,5787.7
96931,T4b,5787.7
100319,T4b,5787.7
116311,T4d,5787.7
78172,TmY3,5787.799999999999
84010,Tm3,5787.799999999999
88281,T4b,5787.799999999999
90121,T4b,5787.900000000001
102801,T4b,5787.900000000001
108907,T4c,5787.900000000001
98226,T4b,5788.0
11005,OA-VUMa4,5788.0
97028,T4c,5788.0
89368,T4c,5788.099999999999
92552,T4a,5788.099999999999
10015,HSN,5788.3
90423,T4b,5788.3
110646,T4b,5788.3
85152,T4c,5788.400000000001
36540,Mi1,5788.5
38514,Mi1,5788.5
91806,T4a,5788.5
100033,T4c,5788.6
116610,T4d,5788.6
104008,T4b,5788.6
91345,T4c,5788.6
101081,T4c,5788.6
82855,Tm3,5788.6
86419,Tm3,5788.6
44119,Mi1,5788.6
35017,Mi1,5788.6
39067,Mi1,5788.700000000001
10652,OA-AL2i4,5788.8
96090,T4c,5788.8
107442,T4d,5788.8
10023,HSS,5788.9
10226,OA-AL2i3,5788.9
10265,OA-AL2i2,5788.9
90145,T4a,5788.9
92706,T4a,5789.000000000001
87424,T4d,5789.000000000001
94953,T4d,5789.000000000001
36533,Mi1,5789.000000000001
36452,Mi1,5789.000000000001
38230,Mi1,5789.000000000001
10168,OA-VUMa6,5789.1
44449,TmY3,5789.1
93021,T4a,5789.1
103314,T4b,5789.2
35712,Mi1,5789.2
37699,Mi1,5789.2
10016,HSE,5789.2
35447,Mi1,5789.2
10012,VS,5789.3
37000,Mi1,5789.3
95005,T4a,5789.3
100867,T4b,5789.3
101480,T4c,5789.3
98654,T4d,5789.400000000001
101463,T4d,5789.400000000001
91283,T4c,5789.5
71398,Tm3,5789.5
526158,Mi1,5789.5
66604,TmY3,5789.5
10025,H2,5789.5
70289,Mi1,5789.5
19260,LC4,5789.6
35888,Mi1,5789.6
38529,Mi1,5789.6
83438,T4a,5789.6
92993,Tm3,5789.6
92114,T4c,5789.7
68933,Tm3,5789.7
10755,H1,5789.7
40832,Mi1,5789.7
49324,Mi1,5789.7
75660,T2a,5789.8
93166,T4c,5789.8
36177,Mi1,5789.900000000001
76074,Tm3,5789.900000000001
35405,Mi1,5790.0
93360,T4b,5790.1
93957,T4b,5790.1
98887,T4b,5790.1
104144,T2,5790.200000000001
83583,T4d,5790.200000000001
105574,T4d,5790.200000000001
37019,Mi1,5790.200000000001
33216,Mi1,5790.200000000001
54087,Mi1,5790.200000000001
50333,TmY3,5790.3
71161,T2a,5790.3
547091,T2,5790.3
120231,Tm3,5790.4
35602,Mi1,5790.4
39405,Mi1,5790.4
103657,T4b,5790.4
39275,Mi1,5790.6
62272,T2,5790.6
37270,Mi1,5790.6
34479,Mi1,5790.7
38208,Mi1,5790.7
41120,Mi1,5790.7
46662,TmY3,5790.7
100310,T4d,5790.7
10072,OA-AL2i1,5790.8
40854,Mi1,5790.900000000001
122233,Tm3,5790.900000000001
10206,VS,5791.0
102791,T4c,5791.0
24338,LC4,5791.1
34045,Mi1,5791.2
84008,T4c,5791.2
69164,Mi1,5791.3
39505,Mi1,5791.3
60857,Mi1,5791.3
10037,VS,5791.3
33462,Mi1,5791.3
34171,Mi1,5791.400000000001
39629,Mi1,5791.400000000001
94305,T4a,5791.400000000001
100018,T4a,5791.400000000001
800146,TTMn,5791.5
87358,T4a,5791.5
97677,T4c,5791.5
59397,Mi1,5791.599999999999
98751,T4a,5791.599999999999
34057,Mi1,5791.700000000001
40256,Mi1,5791.700000000001
22328,LC4,5791.8
38241,Mi1,5791.8
93334,T4b,5791.8
65531,T2a,5791.9
100032,T4c,5791.9
101770,T4b,5792.000000000001
100855,T4a,5792.000000000001
96676,T4b,5792.000000000001
34300,Mi1,5792.000000000001
33655,Mi1,5792.000000000001
38479,Mi1,5792.000000000001
106922,T4c,5792.1
10112,VS,5792.2
32535,Mi1,5792.2
36911,Mi1,5792.2
114391,T4d,5792.2
35580,Mi1,5792.3
98381,T4d,5792.3
34296,Mi1,5792.3
10269,OA-AL2i2,5792.400000000001
36410,Mi1,5792.400000000001
39158,Mi1,5792.400000000001
51122,Mi1,5792.400000000001
83465,T4a,5792.400000000001
90135,T4c,5792.400000000001
100282,T4a,5792.5
108065,T4c,5792.5
100956,T4d,5792.5
95554,T4b,5792.5
33942,Mi1,5792.5
66345,T2a,5792.5
37599,Mi1,5792.5
36446,Mi1,5792.5
88726,T4b,5792.5
36252,Mi1,5792.6
97171,T4d,5792.6
37568,Mi1,5792.7
42006,TmY3,5792.7
54885,TmY3,5792.7
102229,T4d,5792.7
105403,T4c,5792.8
287884,OA-VPM3,5792.8
89825,T4a,5792.8
40171,Mi1,5792.8
64341,TmY3,5792.8
35845,Mi1,5792.8
10015,HSN,5792.8
20808,LC4,5792.900000000001
74937,T2a,5792.900000000001
97256,T4c,5792.900000000001
108847,T4d,5792.900000000001
542412,Mi1,5792.900000000001
103677,T4b,5793.0
11264,OA-ASM1,5793.0
63420,Mi1,5793.0
10025,H2,5793.099999999999
69441,Tm3,5793.099999999999
107297,T4c,5793.099999999999
112179,T4b,5793.099999999999
95239,T4a,5793.200000000001
38791,Mi1,5793.200000000001
10204,OA-AL2i2,5793.200000000001
43334,TmY3,5793.200000000001
67971,Tm3,5793.3
34899,Mi1,5793.4
38133,Mi1,5793.4
100946,T4c,5793.4
36139,Mi1,5793.5
104368,T4c,5793.5
133040,Tm3,5793.5
42119,Mi1,5793.6
90888,T4b,5793.6
97784,T4c,5793.6
10001,DNp01,5793.7
10016,HSE,5793.7
103440,T4d,5793.8
34867,Mi1,5793.900000000001
30997,Mi1,5793.900000000001
65671,Mi1,5794.0
119245,T4d,5794.0
35774,Mi1,5794.1
40085,Mi1,5794.1
41668,Mi1,5794.1
87289,T4a,5794.1
105834,T4d,5794.1
103022,T4a,5794.2
107529,T4d,5794.3
68982,Tm3,5794.3
33907,Mi1,5794.5
58945,Tm3,5794.5
92281,T4c,5794.5
103073,T4a,5794.5
537004,VSm,5794.5
105122,T4b,5794.599999999999
99670,T4c,5794.599999999999
91366,T4b,5794.599999999999
77480,Tm3,5794.599999999999
62078,Mi1,5794.599999999999
88992,T4c,5794.599999999999
23098,LC4,5794.700000000001
34369,Mi1,5794.700000000001
95453,T4a,5794.700000000001
34862,Mi1,5794.8
75521,T2a,5794.8
99672,T4a,5794.8
101230,T4a,5794.8
10023,HSS,5794.9
37853,Mi1,5794.9
47967,Mi1,5794.9
103827,T4c,5794.9
97885,T4a,5795.0
95356,T4a,5795.0
94743,T4d,5795.0
93750,T4c,5795.0
10677,OA-AL2i4,5795.1
10825,OA-AL2i3,5795.1
34356,Mi1,5795.1
38767,Mi1,5795.1
56564,Mi1,5795.1
78561,Tm3,5795.1
102016,T4a,5795.1
97878,T4b,5795.2
91325,T4a,5795.2
73586,Tm3,5795.2
100787,T4b,5795.2
37948,Mi1,5795.2
37371,Mi1,5795.2
10110,OA-VUMa1,5795.2
70800,Tm3,5795.2
37631,Mi1,5795.3
55101,Mi1,5795.3
70524,T2a,5795.3
97866,T4d,5795.3
106952,T4b,5795.3
103425,T4a,5795.4
64260,T2,5795.4
34933,Mi1,5795.4
42594,Mi1,5795.4
10799,OA-VUMa4,5795.5
37243,Mi1,5795.5
94287,T4d,5795.5
98175,T4c,5795.5
102388,T4d,5795.5
96035,T4d,5795.6
106912,Tm3,5795.7
109593,Tm3,5795.7
35840,Mi1,5795.7
71228,T2a,5795.7
10037,VS,5795.799999999999
10322,OA-AL2i2,5795.799999999999
86778,T4a,5795.799999999999
99163,T4a,5795.799999999999
102975,T4b,5795.799999999999
10175,OA-VUMa6,5795.900000000001
83067,T4b,5795.900000000001
83204,T4d,5795.900000000001
92996,T4a,5795.900000000001
10187,OA-VPM3,5796.0
11608,OA-VUMa2,5796.0
40596,Mi1,5796.0
44564,TmY3,5796.0
89142,T4b,5796.1
79483,Tm3,5796.1
77138,Tm3,5796.1
49372,TmY3,5796.1
41809,Mi1,5796.1
12109,OA-VUMa2,5796.1
92644,T4d,5796.200000000001
104191,T4a,5796.3
35806,Mi1,5796.400000000001
42675,Mi1,5796.400000000001
78911,Tm3,5796.400000000001
104683,T4b,5796.400000000001
16138,LC4,5796.5
21336,LC4,5796.5
39718,Mi1,5796.5
85378,T4a,5796.5
104027,T4d,5796.5
108438,T4d,5796.6
118924,Tm3,5796.6
94549,T4b,5796.700000000001
10687,OA-AL2i3,5796.700000000001
10120,OA-VPM4,5796.8
35428,Mi1,5796.9
36217,Mi1,5796.9
50345,TmY3,5796.9
64149,Mi1,5796.9
68562,T2a,5796.9
100838,T4c,5796.9
35218,Mi1,5797.000000000001
68212,T2a,5797.000000000001
80812,T4a,5797.000000000001
95458,T4d,5797.000000000001
98504,T4c,5797.000000000001
53065,Mi1,5797.1
41545,Mi1,5797.1
37353,Mi1,5797.1
36994,Mi1,5797.1
10755,H1,5797.1
10041,OA-VUMa1,5797.1
10025,H2,5797.1
12688,OA-ASM1,5797.1
103654,T4b,5797.2
92415,T4a,5797.2
109649,T4c,5797.2
34142,Mi1,5797.2
10555,OA-VUMa3,5797.2
90219,T4a,5797.2
69380,Tm3,5797.3
108307,T4b,5797.3
10112,VS,5797.400000000001
10185,OA-VUMa8,5797.400000000001
48514,TmY3,5797.400000000001
101228,T4a,5797.400000000001
35897,Mi1,5797.5
80302,T2a,5797.6
72279,Mi1,5797.6
66808,Tm3,5797.6
40703,Mi1,5797.6
10016,HSE,5797.7
38238,Mi1,5797.7
57398,Mi1,5797.7
92082,T4b,5797.7
97675,T4c,5797.7
107445,T4a,5797.7
112633,T4b,5797.8
104858,T4b,5797.8
102147,T4c,5797.8
37529,Mi1,5797.8
35045,Mi1,5797.8
88035,Tm3,5797.8
10015,HSN,5797.900000000001
12896,OA-VUMa5,5797.900000000001
21225,LC4,5797.900000000001
83979,T4a,5798.0
64712,T2a,5798.0
41296,Mi1,5798.0
59959,Mi1,5798.0
11005,OA-VUMa4,5798.1
58862,Mi1,5798.1
68842,TmY3,5798.1
89728,Tm3,5798.1
90567,T4b,5798.1
70490,Mi1,5798.3
72896,Tm3,5798.3
74228,Tm3,5798.3
113686,T4d,5798.3
104674,T4a,5798.4
10072,OA-AL2i1,5798.4
37037,Mi1,5798.4
104301,T4b,5798.500000000001
102991,T4c,5798.500000000001
98837,T4c,5798.500000000001
20634,VST1,5798.6
35152,Mi1,5798.6
40026,TmY3,5798.6
61659,Tm3,5798.6
91682,T4b,5798.6
95822,T4b,5798.6
98300,T4a,5798.6
104297,T4a,5798.7
100567,T4d,5798.7
33017,Mi1,5798.7
34079,Mi1,5798.7
10001,DNp01,5798.8
94153,T4d,5798.8
83227,Tm3,5798.900000000001
104703,T4d,5798.900000000001
94574,T4c,5798.900000000001
67113,Mi1,5798.900000000001
36954,Mi1,5798.900000000001
11602,OA-ASM1,5798.900000000001
10658,OA-AL2i3,5798.900000000001
47962,TmY3,5798.900000000001
35836,Mi1,5799.0
96576,T4c,5799.0
98325,T4d,5799.0
102462,T4c,5799.0
127615,Tm3,5799.1
10080,OA-VUMa3,5799.1
34463,Mi1,5799.1
35001,Mi1,5799.1
35498,Mi1,5799.1
84063,T4b,5799.1
102579,T4b,5799.3
107609,T4d,5799.3
38721,Mi1,5799.3
90206,T4b,5799.400000000001
96126,T4b,5799.400000000001
34626,Mi1,5799.400000000001
35100,Mi1,5799.5
101005,T4d,5799.599999999999
37123,Mi1,5799.599999999999
10206,VS,5799.700000000001
23392,LC4,5799.700000000001
95681,T4a,5799.700000000001
99922,T4c,5799.8
122308,Tm3,5799.8
10037,VS,5799.9
35234,Mi1,5799.9
88698,T4a,5799.9
99131,T4c,5799.9
38993,Mi1,5800.000000000001
87390,T2a,5800.000000000001
91057,T4c,5800.000000000001
95883,T4a,5800.000000000001
89934,T4d,5800.1
38893,Mi1,5800.1
103570,T4d,5800.2
117627,Tm3,5800.2
10168,OA-VUMa6,5800.3
19954,LC4,5800.3
40426,Mi1,5800.3
67150,T2a,5800.3
98118,T4c,5800.3
31848,Mi1,5800.400000000001
65298,T2a,5800.400000000001
69540,TmY3,5800.400000000001
102564,T4a,5800.400000000001
90566,T4d,5800.5
107105,T4d,5800.5
104450,T4a,5800.5
39743,Mi1,5800.5
52485,TmY3,5800.5
34189,Mi1,5800.5
21313,LC4,5800.5
32893,Mi1,5800.5
36305,Mi1,5800.5
33446,Mi1,5800.5
10023,HSS,5800.6
35934,Mi1,5800.7
55976,Mi1,5800.7
92254,T4b,5800.7
10025,H2,5800.8
92047,T4c,5800.8
36452,Mi1,5800.900000000001
71131,Tm3,5800.900000000001
103725,T4a,5801.0
525839,Mi1,5801.099999999999
48607,TmY3,5801.099999999999
91741,T4d,5801.099999999999
35770,Mi1,5801.200000000001
10226,OA-AL2i3,5801.200000000001
10265,OA-AL2i2,5801.3
40944,Mi1,5801.3
104354,T4b,5801.3
125288,Tm3,5801.3
10016,HSE,5801.4
10269,OA-AL2i2,5801.4
286259,OA-ASM1,5801.4
25584,LC4,5801.5
35447,Mi1,5801.5
10652,OA-AL2i4,5801.6
74725,T2a,5801.6
105718,T4b,5801.6
11134,VSm,5801.7
90474,T4b,5801.7
41626,Mi1,5801.8
97899,T4a,5802.0
95335,T4a,5802.0
36540,Mi1,5802.0
11921,OA-VPM4,5802.0
38514,Mi1,5802.1
86141,T4b,5802.1
800146,TTMn,5802.1
105521,T4c,5802.2
37699,Mi1,5802.2
96394,T4b,5802.2
10112,VS,5802.2
10015,HSN,5802.2
20542,LC4,5802.2
34849,Mi1,5802.3
71475,Tm3,5802.3
94368,T4a,5802.3
82038,Tm3,5802.400000000001
93407,T4d,5802.400000000001
94624,T4a,5802.5
103025,T4a,5802.5
83191,T4a,5802.5
37270,Mi1,5802.5
44119,Mi1,5802.5
48547,TmY3,5802.5
48894,TmY3,5802.599999999999
85007,T4c,5802.599999999999
98194,T4d,5802.599999999999
35017,Mi1,5802.700000000001
36177,Mi1,5802.700000000001
74891,T2a,5802.700000000001
78968,Tm3,5802.700000000001
91674,T4a,5802.700000000001
94289,T4d,5802.700000000001
69980,Tm3,5802.8
112744,T4d,5802.8
101685,T4b,5802.9
98846,T4c,5802.9
86416,T4a,5802.9
39067,Mi1,5803.0
89434,T4c,5803.0
47368,TmY3,5803.1
87845,T4a,5803.1
98862,Tm3,5803.2
10001,DNp01,5803.2
36533,Mi1,5803.2
37000,Mi1,5803.2
34479,Mi1,5803.3
60886,T2a,5803.3
92842,T4a,5803.3
97853,T4c,5803.4
23098,LC4,5803.4
18127,LC4,5803.4
526158,Mi1,5803.5
89020,T4a,5803.5
10284,VS,5803.5
12521,HST,5803.5
35712,Mi1,5803.5
38529,Mi1,5803.6
49322,TmY3,5803.6
75381,Tm3,5803.6
93224,T4a,5803.6
109996,T4c,5803.7
93865,T4c,5803.7
93025,T4b,5803.799999999999
93419,T4b,5803.799999999999
49324,Mi1,5803.799999999999
81471,Tm3,5803.799999999999
69228,T2a,5803.900000000001
90394,T4a,5803.900000000001
35602,Mi1,5803.900000000001
37019,Mi1,5803.900000000001
70289,Mi1,5804.0
54087,Mi1,5804.0
39275,Mi1,5804.0
10037,VS,5804.1
33216,Mi1,5804.1
88625,T4c,5804.1
10755,H1,5804.200000000001
41120,Mi1,5804.200000000001
100206,T4c,5804.200000000001
35405,Mi1,5804.3
38230,Mi1,5804.3
91313,T4a,5804.3
107075,T4d,5804.3
10025,H2,5804.400000000001
20808,LC4,5804.400000000001
40832,Mi1,5804.400000000001
103479,T4c,5804.400000000001
78856,Tm3,5804.5
69186,Tm3,5804.5
10322,OA-AL2i2,5804.5
81883,T2a,5804.6
85598,T4b,5804.6
90423,T4b,5804.6
104414,T4d,5804.6
33462,Mi1,5804.700000000001
537004,VSm,5804.700000000001
34045,Mi1,5804.8
38208,Mi1,5804.8
11264,OA-ASM1,5804.9
39629,Mi1,5804.9
52328,TmY3,5804.9
72194,Tm3,5804.9
98349,T4a,5804.9
101043,T4c,5804.9
287884,OA-VPM3,5804.9
96657,T4c,5805.000000000001
33942,Mi1,5805.1
69164,Mi1,5805.1
83438,T4a,5805.1
83583,T4d,5805.1
35888,Mi1,5805.2
94668,T4d,5805.2
104257,T4b,5805.2
96728,T4c,5805.3
40854,Mi1,5805.3
34296,Mi1,5805.3
10016,HSE,5805.3
39692,TmY3,5805.3
101772,Tm3,5805.400000000001
107143,T4d,5805.400000000001
10011,OA-AL2i1,5805.5
102425,T4b,5805.6
107170,T4b,5805.6
74023,T2a,5805.6
59397,Mi1,5805.6
62562,T2,5805.6
34057,Mi1,5805.6
72829,T2a,5805.6
10110,OA-VUMa1,5805.7
34300,Mi1,5805.7
39158,Mi1,5805.7
100501,T4b,5805.7
98887,T4b,5805.8
36410,Mi1,5805.8
85126,T4a,5805.8
92939,T4b,5805.8
93509,T4b,5805.8
98099,T4b,5805.8
34171,Mi1,5805.900000000001
99011,T4c,5805.900000000001
10023,HSS,5805.900000000001
10204,OA-AL2i2,5805.900000000001
38241,Mi1,5806.0
90278,T4a,5806.0
93527,T4a,5806.0
60857,Mi1,5806.1
91469,T4c,5806.1
93972,T4a,5806.1
94356,T4c,5806.1
108325,T4c,5806.1
10012,VS,5806.200000000001
33655,Mi1,5806.200000000001
96090,T4c,5806.200000000001
98788,T4d,5806.200000000001
111184,T4a,5806.200000000001
117662,T4d,5806.200000000001
116129,T4b,5806.3
101620,T4b,5806.3
85074,T4a,5806.3
10015,HSN,5806.3
10825,OA-AL2i3,5806.3
60856,T2a,5806.4
89290,T4d,5806.4
542412,Mi1,5806.4
39505,Mi1,5806.500000000001
40256,Mi1,5806.500000000001
35845,Mi1,5806.6
36252,Mi1,5806.6
78503,T2a,5806.6
89368,T4c,5806.6
99292,T4a,5806.6
111980,T4d,5806.6
91444,T4c,5806.7
97288,T4c,5806.7
98668,T4a,5806.7
72558,T2a,5806.7
36446,Mi1,5806.7
36911,Mi1,5806.7
22194,LC4,5806.7
72938,T2a,5806.8
78421,T2a,5806.8
86536,Tm3,5806.8
95007,T4a,5806.8
106522,T4d,5806.8
36139,Mi1,5806.900000000001
38479,Mi1,5806.900000000001
51122,Mi1,5806.900000000001
75848,T2a,5806.900000000001
76038,Tm3,5806.900000000001
96134,T4b,5806.900000000001
35580,Mi1,5806.900000000001
107211,T4d,5807.0
63420,Mi1,5807.0
93947,T4a,5807.0
10799,OA-VUMa4,5807.0
10677,OA-AL2i4,5807.0
10112,VS,5807.0
39405,Mi1,5807.0
10072,OA-AL2i1,5807.1
10687,OA-AL2i3,5807.1
34899,Mi1,5807.1
91913,T4b,5807.1
92431,T4a,5807.1
92706,T4a,5807.1
101383,T4b,5807.1
132339,Tm3,5807.1
32535,Mi1,5807.2
88152,T4c,5807.2
107031,T4b,5807.2
112619,T4d,5807.3
102519,T4a,5807.3
100033,T4c,5807.3
93985,T4c,5807.3
71938,T2a,5807.3
37568,Mi1,5807.3
10041,OA-VUMa1,5807.400000000001
34356,Mi1,5807.400000000001
56762,TmY3,5807.400000000001
91806,T4a,5807.400000000001
99348,T4c,5807.400000000001
94179,T4a,5807.5
66980,T2a,5807.5
11608,OA-VUMa2,5807.5
34867,Mi1,5807.5
51231,TmY3,5807.5
40171,Mi1,5807.599999999999
48283,TmY3,5807.700000000001
532850,Tm3,5807.8
97028,T4c,5807.8
38133,Mi1,5807.8
10001,DNp01,5807.8
67719,T2a,5807.8
34862,Mi1,5807.9
37599,Mi1,5807.9
37948,Mi1,5807.9
62078,Mi1,5808.000000000001
65671,Mi1,5808.000000000001
69889,T2a,5808.000000000001
71052,T2a,5808.000000000001
10025,H2,5808.1
35774,Mi1,5808.1
38791,Mi1,5808.1
81215,Tm3,5808.1
89139,T4c,5808.1
94283,T4d,5808.3
84008,T4c,5808.3
30997,Mi1,5808.3
73284,T2a,5808.3
10037,VS,5808.400000000001
11005,OA-VUMa4,5808.400000000001
37371,Mi1,5808.5
12109,OA-VUMa2,5808.6
41668,Mi1,5808.6
42119,Mi1,5808.6
74231,Tm3,5808.6
12688,OA-ASM1,5808.7
77395,T4b,5808.7
109142,T4b,5808.7
118502,T4b,5808.7
81401,T4b,5808.8
55101,Mi1,5808.8
94755,T4a,5808.900000000001
48986,TmY3,5808.900000000001
21313,LC4,5808.900000000001
10016,HSE,5808.900000000001
33907,Mi1,5808.900000000001
10175,OA-VUMa6,5809.0
40085,Mi1,5809.0
90097,T4c,5809.0
90121,T4b,5809.0
93360,T4b,5809.0
99663,T4c,5809.0
109598,T4b,5809.099999999999
97872,T4d,5809.099999999999
133349,Tm3,5809.099999999999
10187,OA-VPM3,5809.099999999999
35840,Mi1,5809.099999999999
95985,T4c,5809.3
38767,Mi1,5809.3
113207,T4d,5809.3
85152,T4c,5809.3
37631,Mi1,5809.3
10206,VS,5809.3
56564,Mi1,5809.3
94058,T4b,5809.4
34933,Mi1,5809.5
47967,Mi1,5809.5
102801,T4b,5809.6
21336,LC4,5809.7
37853,Mi1,5809.7
83689,T4a,5809.7
108697,T4d,5809.7
112321,T4d,5809.7
101463,T4d,5809.8
73828,Tm3,5809.8
85737,T2a,5809.8
90049,T4c,5809.9
40596,Mi1,5809.9
35428,Mi1,5809.9
36217,Mi1,5809.9
16138,LC4,5810.0
114817,T4d,5810.0
10015,HSN,5810.1
10120,OA-VPM4,5810.1
35897,Mi1,5810.1
99670,T4c,5810.1
105126,T4c,5810.2
111928,T4b,5810.2
93750,T4c,5810.2
114088,T4d,5810.2
70642,T2a,5810.2
10185,OA-VUMa8,5810.2
88167,T4b,5810.2
115636,T4d,5810.3
99950,T4c,5810.3
34369,Mi1,5810.3
93166,T4c,5810.3
95005,T4a,5810.3
37353,Mi1,5810.400000000001
45005,TmY3,5810.400000000001
800146,TTMn,5810.400000000001
41809,Mi1,5810.5
82500,T2a,5810.5
10755,H1,5810.599999999999
80855,Tm3,5810.599999999999
82211,T2a,5810.599999999999
98312,T4a,5810.599999999999
106793,T4d,5810.700000000001
92839,T4b,5810.700000000001
79293,Tm3,5810.700000000001
10023,HSS,5810.700000000001
72955,T2a,5810.700000000001
58862,Mi1,5810.8
86419,Tm3,5810.8
59959,Mi1,5810.9
12896,OA-VUMa5,5811.0
95356,T4a,5811.1
10269,OA-AL2i2,5811.1
10658,OA-AL2i3,5811.1
91303,T4b,5811.1
91987,T4c,5811.1
92114,T4c,5811.1
109631,T4b,5811.1
39718,Mi1,5811.2
38238,Mi1,5811.2
83639,T2a,5811.2
122233,Tm3,5811.3
95453,T4a,5811.3
97866,T4d,5811.3
42675,Mi1,5811.3
78805,T2a,5811.3
42594,Mi1,5811.3
41296,Mi1,5811.4
104336,T4b,5811.4
10025,H2,5811.5
35218,Mi1,5811.5
97480,T4c,5811.5
98360,T4c,5811.6
95364,T4d,5811.6
79646,Tm3,5811.6
90419,T4b,5811.6
11602,OA-ASM1,5811.7
106166,T4b,5811.7
95017,T4c,5811.8
107640,T4c,5811.8
104853,T4c,5811.8
72279,Mi1,5811.8
35806,Mi1,5811.8
10555,OA-VUMa3,5811.8
10168,OA-VUMa6,5811.8
35890,Mi1,5811.8
95554,T4b,5811.900000000001
98985,T4c,5811.900000000001
10080,OA-VUMa3,5812.0
37243,Mi1,5812.0
79271,T4a,5812.0
96295,T4b,5812.0
111857,T4d,5812.1
50333,TmY3,5812.1
53065,Mi1,5812.1
96199,T4a,5812.1
107719,T4b,5812.200000000001
41545,Mi1,5812.200000000001
34079,Mi1,5812.200000000001
98439,T4a,5812.3
91345,T4c,5812.3
72989,Tm3,5812.3
67113,Mi1,5812.3
110403,T4b,5812.3
35836,Mi1,5812.3
34142,Mi1,5812.3
10112,VS,5812.3
36994,Mi1,5812.3
37529,Mi1,5812.5
40703,Mi1,5812.5
64149,Mi1,5812.5
86686,T4c,5812.5
97878,T4b,5812.6
111416,Tm3,5812.6
106295,T4b,5812.6
100488,T4c,5812.6
97231,T4a,5812.6
35001,Mi1,5812.6
66345,T2a,5812.6
36954,Mi1,5812.6
10037,VS,5812.6
10016,HSE,5812.6
70812,TmY3,5812.6
10001,DNp01,5812.700000000001
34463,Mi1,5812.700000000001
37037,Mi1,5812.700000000001
110646,T4b,5812.700000000001
33017,Mi1,5812.8
102741,T4c,5812.8
102975,T4b,5812.8
101732,T4c,5812.9
101302,T4d,5812.9
116311,T4d,5812.9
36646,Mi1,5812.9
94305,T4a,5812.9
110988,T4a,5813.000000000001
10226,OA-AL2i3,5813.1
31848,Mi1,5813.1
71402,Tm3,5813.1
72148,Tm3,5813.1
105135,T4c,5813.1
77920,Tm3,5813.2
30923,TmY3,5813.2
83365,T2a,5813.3
90145,T4a,5813.3
92281,T4c,5813.3
57398,Mi1,5813.400000000001
100867,T4b,5813.400000000001
38993,Mi1,5813.5
94468,T4c,5813.6
93688,T4a,5813.6
108948,T4b,5813.7
10322,OA-AL2i2,5813.8
35045,Mi1,5813.8
35100,Mi1,5813.8
43978,Mi1,5813.8
32893,Mi1,5813.900000000001
81211,Tm3,5813.900000000001
10652,OA-AL2i4,5814.0
36452,Mi1,5814.0
86778,T4a,5814.0
10265,OA-AL2i2,5814.1
33446,Mi1,5814.1
35234,Mi1,5814.1
37270,Mi1,5814.1
77891,Tm3,5814.200000000001
96931,T4b,5814.200000000001
36305,Mi1,5814.200000000001
74927,Tm3,5814.200000000001
10015,HSN,5814.3
35498,Mi1,5814.3
35770,Mi1,5814.3
37123,Mi1,5814.3
39651,Mi1,5814.3
97675,T4c,5814.3
101215,T4c,5814.4
95242,T4d,5814.4
70490,Mi1,5814.4
77676,T2a,5814.4
16570,VST2,5814.500000000001
35152,Mi1,5814.500000000001
100310,T4d,5814.500000000001
23392,LC4,5814.6
40219,Mi1,5814.6
97249,T4d,5814.6
100190,T4c,5814.7
113171,T4b,5814.7
87358,T4a,5814.7
37000,Mi1,5814.7
38987,Mi1,5814.7
68982,Tm3,5814.7
10025,H2,5814.8
35447,Mi1,5814.8
38721,Mi1,5814.8
38893,Mi1,5814.8
42691,Mi1,5814.8
69063,Mi1,5814.8
93935,T4a,5814.8
99850,T4a,5814.8
109593,Tm3,5814.8
77991,Tm3,5814.900000000001
10072,OA-AL2i1,5814.900000000001
35934,Mi1,5814.900000000001
41659,Mi1,5814.900000000001
98139,T4d,5814.900000000001
102479,T4c,5815.0
55976,Mi1,5815.0
39743,Mi1,5815.0
34626,Mi1,5815.0
34189,Mi1,5815.0
10284,VS,5815.1
20808,LC4,5815.1
36346,Mi1,5815.1
90219,T4a,5815.1
40426,Mi1,5815.2
40944,Mi1,5815.2
99609,T4a,5815.3
36540,Mi1,5815.400000000001
37839,Mi1,5815.400000000001
46662,TmY3,5815.400000000001
83677,T4c,5815.400000000001
96424,T4b,5815.400000000001
109857,T4d,5815.400000000001
102031,T4c,5815.5
31492,Mi1,5815.599999999999
95677,T4c,5815.700000000001
47686,TmY3,5815.8
92552,T4a,5815.8
11134,VSm,5815.9
90430,T2a,5816.0
10825,OA-AL2i3,5816.1
37699,Mi1,5816.1
94567,T4c,5816.1
99980,T4c,5816.1
102229,T4d,5816.1
10023,HSS,5816.2
11921,OA-VPM4,5816.2
36275,Mi1,5816.2
95972,T4d,5816.2
286259,OA-ASM1,5816.2
33091,Mi1,5816.3
96576,T4c,5816.400000000001
10755,H1,5816.400000000001
38514,Mi1,5816.5
41654,Mi1,5816.5
74375,Tm3,5816.5
99387,T4a,5816.5
105412,T4a,5816.5
121170,Tm3,5816.5
525839,Mi1,5816.6
104368,T4c,5816.6
102791,T4c,5816.6
10206,VS,5816.6
34849,Mi1,5816.6
10016,HSE,5816.6
44449,TmY3,5816.6
36177,Mi1,5816.7
36533,Mi1,5816.7
44119,Mi1,5816.8
124490,Tm3,5816.900000000001
39275,Mi1,5816.900000000001
121816,T4a,5816.900000000001
10037,VS,5817.0
10110,OA-VUMa1,5817.0
77527,T4a,5817.0
91283,T4c,5817.0
98654,T4d,5817.0
100105,T4a,5817.0
39067,Mi1,5817.099999999999
88922,T4c,5817.099999999999
74287,Tm3,5817.200000000001
84063,T4b,5817.200000000001
35017,Mi1,5817.200000000001
105521,T4c,5817.200000000001
33942,Mi1,5817.200000000001
11264,OA-ASM1,5817.200000000001
34479,Mi1,5817.200000000001
104256,T4a,5817.3
96774,T4c,5817.3
98175,T4c,5817.3
37294,Mi1,5817.4
526158,Mi1,5817.4
10001,DNp01,5817.5
10799,OA-VUMa4,5817.5
88353,T4b,5817.5
96126,T4b,5817.5
10112,VS,5817.6
49324,Mi1,5817.6
94624,T4a,5817.6
95239,T4a,5817.6
41120,Mi1,5817.7
35602,Mi1,5817.7
77623,T2a,5817.7
11005,OA-VUMa4,5817.7
33216,Mi1,5817.7
67971,Tm3,5817.8
70289,Mi1,5817.8
92047,T4c,5817.8
97161,T4a,5817.8
100319,T4b,5817.8
100956,T4d,5817.9
97256,T4c,5817.9
72426,Tm3,5817.9
41626,Mi1,5817.9
35405,Mi1,5818.0
79849,Tm3,5818.1
10025,H2,5818.1
23098,LC4,5818.1
37019,Mi1,5818.1
69961,Tm3,5818.1
287884,OA-VPM3,5818.2
100785,T4b,5818.2
96081,T4a,5818.2
10204,OA-AL2i2,5818.2
10687,OA-AL2i3,5818.3
11608,OA-VUMa2,5818.400000000001
40832,Mi1,5818.400000000001
49788,TmY3,5818.400000000001
101770,T4b,5818.400000000001
537004,VSm,5818.400000000001
78151,Tm3,5818.5
59397,Mi1,5818.5
10677,OA-AL2i4,5818.599999999999
34300,Mi1,5818.599999999999
38230,Mi1,5818.599999999999
46324,TmY3,5818.599999999999
800146,TTMn,5818.599999999999
100261,T4c,5818.700000000001
10041,OA-VUMa1,5818.700000000001
10015,HSN,5818.700000000001
93021,T4a,5818.700000000001
34045,Mi1,5818.8
34057,Mi1,5818.8
38208,Mi1,5818.8
77383,T2a,5818.8
88726,T4b,5818.9
88992,T4c,5818.9
90135,T4c,5818.9
98381,T4d,5818.9
40026,TmY3,5819.0
35712,Mi1,5819.0
38529,Mi1,5819.0
108065,T4c,5819.0
70524,T2a,5819.1
54087,Mi1,5819.1
105403,T4c,5819.1
76074,Tm3,5819.2
69793,T2a,5819.2
65513,T2a,5819.2
49441,TmY3,5819.2
39158,Mi1,5819.3
39629,Mi1,5819.4
107529,T4d,5819.4
108344,T4d,5819.4
33462,Mi1,5819.5
44564,TmY3,5819.5
69164,Mi1,5819.5
87424,T4d,5819.5
34296,Mi1,5819.6
36410,Mi1,5819.6
109384,T4d,5819.6
94549,T4b,5819.7
102462,T4c,5819.7
91629,T4a,5819.7
56007,TmY3,5819.8
84328,T4a,5819.8
87289,T4a,5819.8
97677,T4c,5819.8
101480,T4c,5819.8
96852,T4a,5819.900000000001
10012,VS,5819.900000000001
33655,Mi1,5819.900000000001
36139,Mi1,5819.900000000001
43334,TmY3,5819.900000000001
65531,T2a,5819.900000000001
75590,T2a,5819.900000000001
79257,Tm3,5819.900000000001
96812,T4a,5819.900000000001
97784,T4c,5820.0
106922,T4c,5820.0
22328,LC4,5820.0
94743,T4d,5820.0
35845,Mi1,5820.1
100946,T4c,5820.1
36911,Mi1,5820.200000000001
34171,Mi1,5820.3
93419,T4b,5820.3
93566,T4a,5820.3
35888,Mi1,5820.400000000001
36252,Mi1,5820.400000000001
40854,Mi1,5820.5
60857,Mi1,5820.5
63868,T2a,5820.5
99863,T4d,5820.6
76733,Tm3,5820.6
102579,T4b,5820.6
10016,HSE,5820.6
63420,Mi1,5820.6
50345,TmY3,5820.700000000001
51122,Mi1,5820.700000000001
66808,Tm3,5820.700000000001
67150,T2a,5820.700000000001
89099,T4a,5820.700000000001
103022,T4a,5820.700000000001
35580,Mi1,5820.8
35416,Mi1,5820.8
58945,Tm3,5820.9
98751,T4a,5820.9
542412,Mi1,5820.9
95822,T4b,5821.000000000001
34356,Mi1,5821.000000000001
38241,Mi1,5821.000000000001
39405,Mi1,5821.000000000001
75521,T2a,5821.000000000001
103160,T4a,5821.1
113568,T4d,5821.1
100282,T4a,5821.1
102147,T4c,5821.1
10269,OA-AL2i2,5821.2
10175,OA-VUMa6,5821.3
12109,OA-VUMa2,5821.3
36446,Mi1,5821.3
40256,Mi1,5821.3
105565,Tm3,5821.3
91366,T4b,5821.400000000001
40171,Mi1,5821.5
40635,Mi1,5821.5
72796,Tm3,5821.5
114391,T4d,5821.5
97193,T4a,5821.6
63175,Mi1,5821.6
96676,T4b,5821.6
12688,OA-ASM1,5821.6
34938,Mi1,5821.6
10023,HSS,5821.7
10025,H2,5821.7
34862,Mi1,5821.7
94983,T4c,5821.7
55101,Mi1,5821.8
10037,VS,5821.8
39505,Mi1,5821.8
38791,Mi1,5821.900000000001
62078,Mi1,5821.900000000001
71674,T2a,5821.900000000001
103657,T4b,5821.900000000001
90423,T4b,5822.0
103025,T4a,5822.0
10011,OA-AL2i1,5822.0
38479,Mi1,5822.0
63050,T2a,5822.1
99423,T4d,5822.1
35774,Mi1,5822.1
12521,HST,5822.200000000001
21313,LC4,5822.200000000001
24338,LC4,5822.200000000001
37948,Mi1,5822.200000000001
10185,OA-VUMa8,5822.3
37568,Mi1,5822.3
41668,Mi1,5822.3
104858,T4b,5822.3
20634,VST1,5822.4
100787,T4b,5822.4
10001,DNp01,5822.500000000001
10187,OA-VPM3,5822.500000000001
37371,Mi1,5822.500000000001
112179,T4b,5822.6
91682,T4b,5822.6
10322,OA-AL2i2,5822.6
41950,Mi1,5822.6
19954,LC4,5822.7
37631,Mi1,5822.7
65671,Mi1,5822.7
90259,T4d,5822.7
90520,T4a,5822.7
95883,T4a,5822.7
100032,T4c,5822.7
104191,T4a,5822.7
61768,T2,5822.8
92939,T4b,5822.8
88491,T4a,5822.8
41435,Mi1,5822.8
103425,T4a,5822.8
37391,Mi1,5822.8
12896,OA-VUMa5,5822.8
10112,VS,5822.8
40085,Mi1,5822.8
118385,T4b,5822.900000000001
103827,T4c,5822.900000000001
71161,T2a,5822.900000000001
34867,Mi1,5823.0
38178,Mi1,5823.0
123490,Tm3,5823.0
10072,OA-AL2i1,5823.1
30997,Mi1,5823.1
32535,Mi1,5823.1
33907,Mi1,5823.1
38768,Mi1,5823.1
42119,Mi1,5823.1
56564,Mi1,5823.1
72005,Tm3,5823.1
77138,Tm3,5823.1
93957,T4b,5823.1
127153,Tm3,5823.2
105242,T4c,5823.2
92644,T4d,5823.2
63994,Mi1,5823.2
34899,Mi1,5823.2
35897,Mi1,5823.3
40596,Mi1,5823.400000000001
41809,Mi1,5823.400000000001
69597,Tm3,5823.5
83583,T4d,5823.5
38133,Mi1,5823.5
69380,Tm3,5823.5
10015,HSN,5823.599999999999
66604,TmY3,5823.599999999999
68212,T2a,5823.599999999999
79483,Tm3,5823.599999999999
113686,T4d,5823.599999999999
128916,Tm3,5823.599999999999
98467,T4d,5823.700000000001
87845,T4a,5823.700000000001
83979,T4a,5823.700000000001
68562,T2a,5823.700000000001
35840,Mi1,5823.700000000001
10658,OA-AL2i3,5823.8
10755,H1,5823.8
36217,Mi1,5823.8
39438,Mi1,5823.8
34933,Mi1,5823.9
35428,Mi1,5823.9
104257,T4b,5823.9
107445,T4a,5823.9
107621,T4d,5823.9
10120,OA-VPM4,5824.0
100897,T4c,5824.0
104905,T4c,5824.1
91057,T4c,5824.1
92996,T4a,5824.1
38767,Mi1,5824.1
48607,TmY3,5824.1
10226,OA-AL2i3,5824.2
54885,TmY3,5824.2
88152,T4c,5824.2
99922,T4c,5824.2
100633,T4a,5824.2
100855,T4a,5824.3
37599,Mi1,5824.3
103654,T4b,5824.3
37853,Mi1,5824.400000000001
47967,Mi1,5824.400000000001
85378,T4a,5824.400000000001
83204,T4d,5824.5
106401,T4d,5824.5
21336,LC4,5824.5
58862,Mi1,5824.5
104450,T4a,5824.6
37353,Mi1,5824.6
10016,HSE,5824.7
34369,Mi1,5824.7
48547,TmY3,5824.7
88698,T4a,5824.7
91913,T4b,5824.7
93927,T4a,5824.7
108847,T4d,5824.8
102388,T4d,5824.8
86696,T4d,5824.8
41296,Mi1,5824.8
10555,OA-VUMa3,5824.8
34079,Mi1,5824.900000000001
37037,Mi1,5824.900000000001
38238,Mi1,5824.900000000001
42594,Mi1,5824.900000000001
77480,Tm3,5824.900000000001
100087,T4b,5825.0
94287,T4d,5825.0
10080,OA-VUMa3,5825.0
16138,LC4,5825.0
71228,T2a,5825.0
10206,VS,5825.099999999999
93360,T4b,5825.099999999999
95458,T4d,5825.099999999999
98194,T4d,5825.099999999999
98504,T4c,5825.099999999999
48514,TmY3,5825.200000000001
72279,Mi1,5825.200000000001
103226,T4d,5825.200000000001
116610,T4d,5825.200000000001
88281,T4b,5825.3
128726,Tm3,5825.3
83067,T4b,5825.3
67113,Mi1,5825.3
64341,TmY3,5825.3
59959,Mi1,5825.3
10168,OA-VUMa6,5825.3
10025,H2,5825.4
89728,Tm3,5825.4
94179,T4a,5825.4
101865,T4a,5825.4
11602,OA-ASM1,5825.5
48286,Mi1,5825.5
89434,T4c,5825.5
97899,T4a,5825.5
102991,T4c,5825.5
83465,T4a,5825.6
88625,T4c,5825.6
99670,T4c,5825.6
35836,Mi1,5825.7
35806,Mi1,5825.7
84010,Tm3,5825.8
93509,T4b,5825.8
83191,T4a,5825.9
98118,T4c,5825.9
98887,T4b,5825.9
108349,T4d,5825.9
112993,T4b,5825.9
33017,Mi1,5826.0
34142,Mi1,5826.0
36994,Mi1,5826.0
39692,TmY3,5826.0
40703,Mi1,5826.0
48894,TmY3,5826.0
90888,T4b,5826.0
109868,Tm3,5826.0
120312,Tm3,5826.1
39718,Mi1,5826.1
101228,T4a,5826.1
10037,VS,5826.1
35218,Mi1,5826.1
35001,Mi1,5826.2
38993,Mi1,5826.2
53065,Mi1,5826.2
91325,T4a,5826.2
92684,T4c,5826.2
120016,Tm3,5826.2
35235,Mi1,5826.3
42675,Mi1,5826.3
64149,Mi1,5826.3
76524,Tm3,5826.3
102370,T4c,5826.400000000001
105698,T4c,5826.400000000001
104683,T4b,5826.400000000001
98398,T4c,5826.400000000001
89825,T4a,5826.400000000001
61401,T2a,5826.400000000001
31848,Mi1,5826.400000000001
35770,Mi1,5826.5
37243,Mi1,5826.5
47962,TmY3,5826.5
93750,T4c,5826.5
100838,T4c,5826.5
101685,T4b,5826.5
10652,OA-AL2i4,5826.599999999999
10825,OA-AL2i3,5826.599999999999
34463,Mi1,5826.599999999999
37270,Mi1,5826.599999999999
37529,Mi1,5826.599999999999
93166,T4c,5826.700000000001
171349687,Tm3,5826.8
103570,T4d,5826.8
47696,TmY3,5826.8
44244,TmY3,5826.8
10265,OA-AL2i2,5826.8
10023,HSS,5826.9
93527,T4a,5826.9
107609,T4d,5826.9
32893,Mi1,5827.0
81836,T2a,5827.0
94356,T4c,5827.0
104996,T4a,5827.0
103314,T4b,5827.2
97885,T4a,5827.2
95926,T4a,5827.2
107442,T4d,5827.2
42895,Mi1,5827.2
41545,Mi1,5827.2
33446,Mi1,5827.2
68842,TmY3,5827.2
10110,OA-VUMa1,5827.3
25584,LC4,5827.3
47465,TmY3,5827.3
57398,Mi1,5827.3
97853,T4c,5827.3
101772,Tm3,5827.3
105962,T4b,5827.4
71089,Mi1,5827.4
10112,VS,5827.4
64712,T2a,5827.4
36452,Mi1,5827.5
74937,T2a,5827.5
11005,OA-VUMa4,5827.6
35934,Mi1,5827.6
104297,T4a,5827.6
36646,Mi1,5827.7
100018,T4a,5827.7
35447,Mi1,5827.8
537004,VSm,5827.8
97105,T4d,5827.8
10015,HSN,5827.8
36954,Mi1,5827.8
35498,Mi1,5827.900000000001
37000,Mi1,5827.900000000001
88460,T2a,5827.900000000001
91345,T4c,5827.900000000001
21225,LC4,5828.0
85924,T4a,5828.0
106200,T4c,5828.0
122308,Tm3,5828.0
10001,DNp01,5828.1
10799,OA-VUMa4,5828.1
40944,Mi1,5828.1
81064,Tm3,5828.1
93972,T4a,5828.1
89368,T4c,5828.200000000001
93313,T4a,5828.200000000001
35100,Mi1,5828.200000000001
35045,Mi1,5828.3
86630,Tm3,5828.3
95453,T4a,5828.400000000001
97835,T4a,5828.400000000001
106701,T4d,5828.400000000001
91934,T4a,5828.5
35152,Mi1,5828.5
35234,Mi1,5828.5
94755,T4a,5828.5
97171,T4d,5828.5
102975,T4b,5828.5
86416,T4a,5828.6
85152,T4c,5828.6
98300,T4a,5828.6
97866,T4d,5828.6
70490,Mi1,5828.6
39743,Mi1,5828.6
20808,LC4,5828.6
10687,OA-AL2i3,5828.6
10016,HSE,5828.6
81401,T4b,5828.6
35890,Mi1,5828.700000000001
37113,Mi1,5828.700000000001
38893,Mi1,5828.700000000001
66227,Tm3,5828.700000000001
108824,T4d,5828.700000000001
112775,T4d,5828.8
72558,T2a,5828.8
91806,T4a,5828.8
104703,T4d,5828.8
106801,T4c,5828.8
96090,T4c,5828.9
90567,T4b,5828.9
11608,OA-VUMa2,5828.9
44119,Mi1,5828.9
47240,TmY3,5828.9
10025,H2,5829.000000000001
36305,Mi1,5829.000000000001
81995,Tm3,5829.000000000001
96394,T4b,5829.1
55976,Mi1,5829.1
61659,Tm3,5829.1
95007,T4a,5829.1
98226,T4b,5829.1
36540,Mi1,5829.2
100680,T4d,5829.2
90465,T4a,5829.3
111852,T4a,5829.3
97878,T4b,5829.400000000001
129235,Tm3,5829.400000000001
92706,T4a,5829.400000000001
36533,Mi1,5829.400000000001
38721,Mi1,5829.400000000001
78856,Tm3,5829.400000000001
96365,T4a,5829.5
104144,T2,5829.5
105214,T4c,5829.5
110604,T4a,5829.5
122290,Tm3,5829.5
111184,T4a,5829.6
91469,T4c,5829.6
87896,T4a,5829.6
43978,Mi1,5829.6
34626,Mi1,5829.6
71475,Tm3,5829.6
37123,Mi1,5829.7
90219,T4a,5829.7
99011,T4c,5829.7
525839,Mi1,5829.7
100924,T4b,5829.8
78911,Tm3,5829.8
10269,OA-AL2i2,5829.8
39275,Mi1,5829.8
34849,Mi1,5829.900000000001
47368,TmY3,5829.900000000001
101244,T4b,5829.900000000001
109996,T4c,5829.900000000001
109134,T4d,5830.0
23392,LC4,5830.0
33942,Mi1,5830.0
34189,Mi1,5830.0
40426,Mi1,5830.0
72896,Tm3,5830.0
82515,Tm3,5830.0
99131,T4c,5830.0
86175,T4a,5830.099999999999
109291,T4d,5830.099999999999
37019,Mi1,5830.099999999999
72066,Tm3,5830.099999999999
10677,OA-AL2i4,5830.200000000001
23098,LC4,5830.200000000001
38987,Mi1,5830.200000000001
61292,T2,5830.200000000001
37699,Mi1,5830.3
85007,T4c,5830.3
104942,T4a,5830.3
106912,Tm3,5830.3
79271,T4a,5830.4
68522,T2a,5830.4
38514,Mi1,5830.4
90121,T4b,5830.4
11134,VSm,5830.4
10041,OA-VUMa1,5830.4
10037,VS,5830.4
35602,Mi1,5830.4
20542,LC4,5830.500000000001
36346,Mi1,5830.500000000001
75550,Tm3,5830.500000000001
86419,Tm3,5830.500000000001
93334,T4b,5830.500000000001
106093,T4a,5830.6
100206,T4c,5830.6
99663,T4c,5830.6
92431,T4a,5830.6
87873,T4b,5830.6
18127,LC4,5830.6
69980,Tm3,5830.6
39067,Mi1,5830.6
11264,OA-ASM1,5830.6
83438,T4a,5830.6
105718,T4b,5830.7
287884,OA-VPM3,5830.7
93985,T4c,5830.7
33216,Mi1,5830.7
64897,T2,5830.7
11921,OA-VPM4,5830.7
71765,T2a,5830.7
34479,Mi1,5830.8
69228,T2a,5830.8
80302,T2a,5830.8
101005,T4d,5830.8
101589,T4a,5830.8
102564,T4a,5830.8
104008,T4b,5830.8
286259,OA-ASM1,5830.8
102801,T4b,5830.900000000001
89934,T4d,5830.900000000001
94081,T4c,5830.900000000001
41626,Mi1,5830.900000000001
89020,T4a,5830.900000000001
10204,OA-AL2i2,5830.900000000001
93877,T4c,5830.900000000001
22194,LC4,5831.0
90566,T4d,5831.0
100033,T4c,5831.0
107075,T4d,5831.0
110693,Tm3,5831.0
93025,T4b,5831.1
103073,T4a,5831.1
95356,T4a,5831.2
10322,OA-AL2i2,5831.2
21313,LC4,5831.2
49324,Mi1,5831.2
89784,T4b,5831.2
127615,Tm3,5831.3
69441,Tm3,5831.3
10072,OA-AL2i1,5831.3
41654,Mi1,5831.3
10112,VS,5831.400000000001
10755,H1,5831.400000000001
94305,T4a,5831.400000000001
98137,T4d,5831.400000000001
107010,T4d,5831.400000000001
10015,HSN,5831.5
10023,HSS,5831.5
69736,Tm3,5831.5
94283,T4d,5831.5
101620,T4b,5831.599999999999
36275,Mi1,5831.599999999999
800146,TTMn,5831.599999999999
31492,Mi1,5831.599999999999
10284,VS,5831.599999999999
35017,Mi1,5831.599999999999
526158,Mi1,5831.700000000001
110646,T4b,5831.700000000001
95921,T4c,5831.700000000001
42691,Mi1,5831.700000000001
98175,T4c,5831.700000000001
41659,Mi1,5831.700000000001
40832,Mi1,5831.700000000001
36177,Mi1,5831.700000000001
42006,TmY3,5831.700000000001
69063,Mi1,5831.8
82038,Tm3,5831.8
90145,T4a,5831.8
101043,T4c,5831.9
70289,Mi1,5831.9
94886,T4d,5831.9
99628,T4b,5832.1
92668,T2a,5832.1
92281,T4c,5832.1
39158,Mi1,5832.1
41120,Mi1,5832.1
10016,HSE,5832.2
39651,Mi1,5832.2
93865,T4c,5832.2
10012,VS,5832.3
50333,TmY3,5832.3
37839,Mi1,5832.400000000001
60886,T2a,5832.400000000001
10206,VS,5832.5
34057,Mi1,5832.5
36139,Mi1,5832.5
98000,T4b,5832.5
99731,T4c,5832.5
100996,T4b,5832.5
101245,T4a,5832.5
116114,T4d,5832.5
96576,T4c,5832.6
59397,Mi1,5832.6
10025,H2,5832.7
34300,Mi1,5832.7
40219,Mi1,5832.7
75660,T2a,5832.7
10001,DNp01,5832.8
38230,Mi1,5832.8
69164,Mi1,5832.8
83125,T4b,5832.8
90278,T4a,5832.8
90394,T4a,5832.8
95005,T4a,5832.8
97186,T4a,5832.8
108438,T4d,5832.900000000001
100501,T4b,5832.900000000001
99348,T4c,5832.900000000001
98837,T4c,5832.900000000001
71398,Tm3,5832.900000000001
94574,T4c,5832.900000000001
34296,Mi1,5832.900000000001
10175,OA-VUMa6,5832.900000000001
12109,OA-VUMa2,5833.0
35405,Mi1,5833.0
74023,T2a,5833.0
89290,T4d,5833.0
109652,T4d,5833.0
54087,Mi1,5833.099999999999
94668,T4d,5833.099999999999
96134,T4b,5833.099999999999
77395,T4b,5833.200000000001
38208,Mi1,5833.200000000001
104336,T4b,5833.200000000001
33091,Mi1,5833.200000000001
33462,Mi1,5833.200000000001
80812,T4a,5833.3
96211,T4d,5833.3
99292,T4a,5833.3
106522,T4d,5833.3
34045,Mi1,5833.4
36911,Mi1,5833.4
98788,T4d,5833.4
111746,Tm3,5833.5
101878,T4a,5833.5
19260,LC4,5833.6
33655,Mi1,5833.6
36410,Mi1,5833.6
60857,Mi1,5833.6
109536,T4d,5833.6
119245,T4d,5833.6
68535,T2a,5833.8
95287,T4a,5833.8
37294,Mi1,5833.8
12521,HST,5833.8
91313,T4a,5833.9
103677,T4b,5833.9
40256,Mi1,5834.0
94953,T4d,5834.0
98448,T4b,5834.0
10037,VS,5834.1
34171,Mi1,5834.1
35712,Mi1,5834.1
95554,T4b,5834.1
96657,T4c,5834.2
108907,T4c,5834.2
106819,T4b,5834.2
96126,T4b,5834.2
87358,T4a,5834.2
72619,T2a,5834.2
35580,Mi1,5834.2
12896,OA-VUMa5,5834.2
38241,Mi1,5834.3
84008,T4c,5834.3
105276,T4d,5834.3
10185,OA-VUMa8,5834.400000000001
40854,Mi1,5834.400000000001
69546,Tm3,5834.400000000001
75298,T2a,5834.400000000001
92181,T4a,5834.400000000001
105521,T4c,5834.400000000001
111380,Tm3,5834.400000000001
97028,T4c,5834.5
102519,T4a,5834.5
89139,T4c,5834.5
44564,TmY3,5834.5
39629,Mi1,5834.5
36446,Mi1,5834.5
35888,Mi1,5834.5
12688,OA-ASM1,5834.599999999999
34356,Mi1,5834.599999999999
35845,Mi1,5834.599999999999
66345,T2a,5834.599999999999
68933,Tm3,5834.599999999999
98846,T4c,5834.599999999999
102229,T4d,5834.599999999999
67072,T2a,5834.700000000001
92842,T4a,5834.700000000001
99672,T4a,5834.700000000001
104414,T4d,5834.700000000001
542412,Mi1,5834.8
94624,T4a,5834.8
38791,Mi1,5834.8
44449,TmY3,5834.9
69540,TmY3,5834.9
74231,Tm3,5834.9
96163,T4b,5835.0
10015,HSN,5835.1
38529,Mi1,5835.1
106952,T4b,5835.1
117627,Tm3,5835.1
72194,Tm3,5835.2
90097,T4c,5835.2
125171,Tm3,5835.2
62078,Mi1,5835.3
68982,Tm3,5835.3
95239,T4a,5835.3
108065,T4c,5835.4
109916,T4d,5835.4
10112,VS,5835.4
55101,Mi1,5835.4
51231,TmY3,5835.5
34862,Mi1,5835.5
36252,Mi1,5835.5
10016,HSE,5835.6
60856,T2a,5835.7
92082,T4b,5835.7
101215,T4c,5835.7
102799,T4c,5835.7
10023,HSS,5835.8
10187,OA-VPM3,5835.8
63420,Mi1,5835.8
83689,T4a,5835.8
109649,T4c,5835.900000000001
51122,Mi1,5835.900000000001
39505,Mi1,5835.900000000001
56564,Mi1,5835.900000000001
37948,Mi1,5835.900000000001
35897,Mi1,5835.900000000001
39405,Mi1,5835.900000000001
84063,T4b,5836.0
92114,T4c,5836.0
96835,T4b,5836.0
101230,T4a,5836.0
102425,T4b,5836.1
98360,T4c,5836.1
38479,Mi1,5836.1
10658,OA-AL2i3,5836.1
86778,T4a,5836.1
112744,T4d,5836.200000000001
10025,H2,5836.200000000001
35774,Mi1,5836.200000000001
96003,T4d,5836.200000000001
98099,T4b,5836.3
99950,T4c,5836.3
37631,Mi1,5836.3
34899,Mi1,5836.400000000001
35416,Mi1,5836.400000000001
93947,T4a,5836.400000000001
101463,T4d,5836.400000000001
537004,VSm,5836.400000000001
19543,LC4,5836.5
85074,T4a,5836.5
98654,T4d,5836.5
101302,T4d,5836.5
102595,T4d,5836.5
112619,T4d,5836.5
108307,T4b,5836.6
37568,Mi1,5836.6
40171,Mi1,5836.6
34867,Mi1,5836.6
35840,Mi1,5836.6
20673,LC4,5836.700000000001
30997,Mi1,5836.700000000001
37037,Mi1,5836.700000000001
85598,T4b,5836.700000000001
19954,LC4,5836.8
65671,Mi1,5836.8
79646,Tm3,5836.8
67152,Tm3,5836.9
10001,DNp01,5836.9
33907,Mi1,5836.9
37371,Mi1,5836.9
40085,Mi1,5836.9
41668,Mi1,5836.9
79083,Tm3,5836.9
85126,T4a,5837.000000000001
46993,T2a,5837.000000000001
42119,Mi1,5837.000000000001
10120,OA-VPM4,5837.000000000001
10110,OA-VUMa1,5837.000000000001
40596,Mi1,5837.000000000001
38133,Mi1,5837.1
32535,Mi1,5837.2
48986,TmY3,5837.2
63175,Mi1,5837.2
105126,T4c,5837.2
11005,OA-VUMa4,5837.3
34938,Mi1,5837.3
38238,Mi1,5837.3
75484,Tm3,5837.3
93224,T4a,5837.3
113207,T4d,5837.3
100726,T4d,5837.400000000001
105292,T4b,5837.400000000001
10825,OA-AL2i3,5837.400000000001
34369,Mi1,5837.400000000001
65298,T2a,5837.400000000001
10168,OA-VUMa6,5837.5
10226,OA-AL2i3,5837.6
35428,Mi1,5837.6
37353,Mi1,5837.6
90423,T4b,5837.6
91987,T4c,5837.6
94153,T4d,5837.7
36217,Mi1,5837.7
65850,T2a,5837.7
41809,Mi1,5837.8
102045,T4a,5837.8
10037,VS,5837.8
91741,T4d,5837.900000000001
92047,T4c,5837.900000000001
110403,T4b,5838.0
106295,T4b,5838.0
40635,Mi1,5838.0
20808,LC4,5838.0
21336,LC4,5838.0
24338,LC4,5838.0
23098,LC4,5838.099999999999
38178,Mi1,5838.099999999999
122233,Tm3,5838.099999999999
34933,Mi1,5838.200000000001
37599,Mi1,5838.200000000001
73284,T2a,5838.200000000001
88167,T4b,5838.200000000001
97193,T4a,5838.200000000001
101994,T4a,5838.200000000001
35806,Mi1,5838.3
10206,VS,5838.3
34079,Mi1,5838.4
47967,Mi1,5838.4
58862,Mi1,5838.4
94058,T4b,5838.4
10265,OA-AL2i2,5838.500000000001
10269,OA-AL2i2,5838.500000000001
10755,H1,5838.500000000001
20634,VST1,5838.500000000001
76325,T2a,5838.500000000001
104027,T4d,5838.500000000001
87390,T2a,5838.6
74228,Tm3,5838.6
97231,T4a,5838.6
38767,Mi1,5838.6
33017,Mi1,5838.6
67113,Mi1,5838.6
102579,T4b,5838.6
95335,T4a,5838.7
41435,Mi1,5838.7
70812,TmY3,5838.7
10687,OA-AL2i3,5838.7
10555,OA-VUMa3,5838.7
10015,HSN,5838.8
10799,OA-VUMa4,5838.8
92254,T4b,5838.8
92839,T4b,5838.8
98985,T4c,5838.8
41950,Mi1,5838.900000000001
108876,T4c,5838.900000000001
99163,T4a,5839.0
98381,T4d,5839.0
97675,T4c,5839.0
10016,HSE,5839.0
80855,Tm3,5839.0
86141,T4b,5839.0
72279,Mi1,5839.1
112633,T4b,5839.1
102791,T4c,5839.1
64540,T2,5839.1
10080,OA-VUMa3,5839.1
41296,Mi1,5839.1
16138,LC4,5839.1
59959,Mi1,5839.1
10112,VS,5839.2
66214,T2a,5839.2
101081,T4c,5839.2
102016,T4a,5839.2
96728,T4c,5839.3
10072,OA-AL2i1,5839.3
90474,T4b,5839.3
95822,T4b,5839.3
71131,Tm3,5839.400000000001
103025,T4a,5839.400000000001
34463,Mi1,5839.400000000001
11602,OA-ASM1,5839.5
37853,Mi1,5839.5
63994,Mi1,5839.5
66808,Tm3,5839.5
72955,T2a,5839.5
106840,T4b,5839.5
10025,H2,5839.599999999999
35001,Mi1,5839.599999999999
38768,Mi1,5839.599999999999
64149,Mi1,5839.599999999999
74927,Tm3,5839.599999999999
97677,T4c,5839.599999999999
105706,T4a,5839.700000000001
98325,T4d,5839.700000000001
37391,Mi1,5839.700000000001
73301,Tm3,5839.700000000001
32893,Mi1,5839.8
40703,Mi1,5839.8
42594,Mi1,5839.8
73385,T2a,5839.8
77779,T2a,5839.8
89142,T4b,5839.8
96295,T4b,5839.8
10322,OA-AL2i2,5839.9
37243,Mi1,5839.9
90419,T4b,5839.9
92046,T4d,5839.9
98349,T4a,5839.9
35770,Mi1,5840.0
70800,Tm3,5840.0
107031,T4b,5840.1
109142,T4b,5840.1
105834,T4d,5840.1
37270,Mi1,5840.1
66325,Tm3,5840.1
100488,T4c,5840.1
34142,Mi1,5840.1
11608,OA-VUMa2,5840.2
91444,T4c,5840.2
107719,T4b,5840.2
104858,T4b,5840.3
101945,T4b,5840.3
92415,T4a,5840.3
91057,T4c,5840.3
41522,Mi1,5840.3
10023,HSS,5840.3
10652,OA-AL2i4,5840.400000000001
35218,Mi1,5840.400000000001
98194,T4d,5840.400000000001
800146,TTMn,5840.400000000001
98862,Tm3,5840.5
71394,T2a,5840.5
11134,VSm,5840.5
33446,Mi1,5840.5
10011,OA-AL2i1,5840.6
91674,T4a,5840.6
23392,LC4,5840.7
86536,Tm3,5840.7
93604,T4a,5840.7
109593,Tm3,5840.7
10284,VS,5840.8
10677,OA-AL2i4,5840.8
67150,T2a,5840.8
101480,T4c,5840.8
78503,T2a,5840.900000000001
83677,T4c,5840.900000000001
105122,T4b,5840.900000000001
77527,T4a,5840.900000000001
37529,Mi1,5840.900000000001
39692,TmY3,5840.900000000001
38993,Mi1,5840.900000000001
35836,Mi1,5840.900000000001
42675,Mi1,5840.900000000001
10001,DNp01,5841.0
31848,Mi1,5841.0
46827,Mi1,5841.0
72938,T2a,5841.0
95681,T4a,5841.0
95985,T4c,5841.0
92993,Tm3,5841.099999999999
83227,Tm3,5841.099999999999
100310,T4d,5841.099999999999
35100,Mi1,5841.099999999999
67971,Tm3,5841.099999999999
10041,OA-VUMa1,5841.200000000001
36994,Mi1,5841.200000000001
53065,Mi1,5841.200000000001
91366,T4b,5841.200000000001
111416,Tm3,5841.200000000001
63468,Mi1,5841.3
69889,T2a,5841.3
96199,T4a,5841.3
97288,T4c,5841.3
101770,T4b,5841.3
547091,T2,5841.3
42758,Mi1,5841.4
78731,Tm3,5841.4
39718,Mi1,5841.4
94356,T4c,5841.4
35234,Mi1,5841.4
35173,Mi1,5841.4
35235,Mi1,5841.4
122961,T4d,5841.4
114698,T4b,5841.5
107170,T4b,5841.5
52485,TmY3,5841.5
96931,T4b,5841.5
39438,Mi1,5841.5
35498,Mi1,5841.5
35152,Mi1,5841.5
48283,TmY3,5841.5
10037,VS,5841.6
94368,T4a,5841.6
94468,T4c,5841.6
112241,T4b,5841.6
104354,T4b,5841.7
57398,Mi1,5841.7
36954,Mi1,5841.8
38893,Mi1,5841.8
91303,T4b,5841.8
120231,Tm3,5841.8
107105,T4d,5841.9
103725,T4a,5841.9
102462,T4c,5841.9
94549,T4b,5841.9
40026,TmY3,5841.9
39275,Mi1,5841.9
37000,Mi1,5841.9
72148,Tm3,5841.9
36452,Mi1,5842.0
94743,T4d,5842.0
97899,T4a,5842.0
113983,T4d,5842.1
10012,VS,5842.1
36660,Mi1,5842.1
44119,Mi1,5842.1
48286,Mi1,5842.1
93688,T4a,5842.1
103022,T4a,5842.1
95364,T4d,5842.2
90206,T4b,5842.2
35045,Mi1,5842.2
21313,LC4,5842.2
41545,Mi1,5842.3
66980,T2a,5842.3
72829,T2a,5842.3
82855,Tm3,5842.3
96424,T4b,5842.3
99387,T4a,5842.400000000001
97318,T4d,5842.400000000001
36646,Mi1,5842.400000000001
33942,Mi1,5842.5
35447,Mi1,5842.5
39743,Mi1,5842.5
80435,T2a,5842.5
287884,OA-VPM3,5842.5
93419,T4b,5842.599999999999
76074,Tm3,5842.599999999999
16570,VST2,5842.599999999999
10016,HSE,5842.599999999999
10015,HSN,5842.599999999999
34189,Mi1,5842.700000000001
36305,Mi1,5842.700000000001
49930,TmY3,5842.700000000001
97161,T4a,5842.700000000001
100867,T4b,5842.700000000001
37123,Mi1,5842.8
110988,T4a,5842.8
52350,Mi1,5842.9
64849,Tm3,5842.9
89434,T4c,5842.9
93509,T4b,5842.9
95883,T4a,5842.9
102741,T4c,5842.9
104412,T4a,5843.0
87845,T4a,5843.0
103425,T4a,5843.0
87289,T4a,5843.0
10025,H2,5843.0
35890,Mi1,5843.1
83365,T2a,5843.1
91682,T4b,5843.1
22328,LC4,5843.2
35934,Mi1,5843.2
40944,Mi1,5843.2
104674,T4a,5843.2
107143,T4d,5843.3
103657,T4b,5843.3
102112,T4c,5843.3
99980,T4c,5843.3
107640,T4c,5843.3
85378,T4a,5843.3
42895,Mi1,5843.3
36540,Mi1,5843.3
96090,T4c,5843.3
10112,VS,5843.4
37019,Mi1,5843.4
37113,Mi1,5843.4
92640,T4d,5843.4
93935,T4a,5843.500000000001
83979,T4a,5843.500000000001
46662,TmY3,5843.500000000001
49324,Mi1,5843.500000000001
36533,Mi1,5843.6
38227,Mi1,5843.6
40426,Mi1,5843.6
84328,T4a,5843.6
95017,T4c,5843.6
95972,T4d,5843.6
70490,Mi1,5843.7
83583,T4d,5843.7
93360,T4b,5843.8
38514,Mi1,5843.8
35602,Mi1,5843.8
88922,T4c,5843.8
10175,OA-VUMa6,5843.900000000001
75381,Tm3,5843.900000000001
88726,T4b,5843.900000000001
90371,T4d,5844.0
11264,OA-ASM1,5844.0
34626,Mi1,5844.0
71089,Mi1,5844.0
83438,T4a,5844.0
109598,T4b,5844.0
10755,H1,5844.1
55976,Mi1,5844.1
98312,T4a,5844.2
59397,Mi1,5844.2
110910,Tm3,5844.2
104853,T4c,5844.2
89368,T4c,5844.2
34849,Mi1,5844.2
48547,TmY3,5844.2
10204,OA-AL2i2,5844.2
83067,T4b,5844.2
24867,VST1,5844.3
37699,Mi1,5844.3
85778,T4b,5844.3
88992,T4c,5844.3
90112,T4c,5844.3
105565,Tm3,5844.400000000001
102975,T4b,5844.400000000001
107529,T4d,5844.400000000001
10206,VS,5844.400000000001
91283,T4c,5844.400000000001
537004,VSm,5844.400000000001
118948,T4d,5844.5
97256,T4c,5844.5
38987,Mi1,5844.5
93407,T4d,5844.5
21225,LC4,5844.5
34479,Mi1,5844.6
80670,T4a,5844.6
88152,T4c,5844.6
121170,Tm3,5844.700000000001
104884,T4b,5844.700000000001
104257,T4b,5844.700000000001
88353,T4b,5844.700000000001
79449,T4b,5844.700000000001
49441,TmY3,5844.700000000001
38857,Mi1,5844.700000000001
10001,DNp01,5844.8
43978,Mi1,5844.8
106793,T4d,5844.9
90135,T4c,5844.9
64260,T2,5844.9
48514,TmY3,5844.9
41626,Mi1,5844.9
10023,HSS,5844.9
48894,TmY3,5845.000000000001
50345,TmY3,5845.000000000001
91913,T4b,5845.000000000001
525839,Mi1,5845.000000000001
101685,T4b,5845.1
33216,Mi1,5845.2
12109,OA-VUMa2,5845.3
36139,Mi1,5845.3
98668,T4a,5845.3
100946,T4c,5845.3
105412,T4a,5845.3
286259,OA-ASM1,5845.3
114817,T4d,5845.400000000001
39158,Mi1,5845.400000000001
10037,VS,5845.400000000001
106886,T4c,5845.400000000001
36275,Mi1,5845.5
38721,Mi1,5845.5
39067,Mi1,5845.5
89099,T4a,5845.5
90219,T4a,5845.5
36346,Mi1,5845.6
74375,Tm3,5845.6
42691,Mi1,5845.7
90145,T4a,5845.7
57247,TmY3,5845.8
102479,T4c,5845.8
104450,T4a,5845.8
34296,Mi1,5845.900000000001
93021,T4a,5845.900000000001
11921,OA-VPM4,5845.900000000001
66227,Tm3,5845.900000000001
10016,HSE,5846.0
59008,Mi1,5846.0
88491,T4a,5846.0
91345,T4c,5846.0
100956,T4d,5846.0
105403,T4c,5846.099999999999
10185,OA-VUMa8,5846.099999999999
36177,Mi1,5846.099999999999
98887,T4b,5846.099999999999
91629,T4a,5846.200000000001
94755,T4a,5846.200000000001
10015,HSN,5846.200000000001
526158,Mi1,5846.200000000001
97784,T4c,5846.3
103440,T4d,5846.3
44592,TmY3,5846.3
40832,Mi1,5846.3
39651,Mi1,5846.3
30923,TmY3,5846.3
12896,OA-VUMa5,5846.4
33655,Mi1,5846.4
75521,T2a,5846.4
94567,T4c,5846.4
109172,T4b,5846.4
10025,H2,5846.500000000001
34300,Mi1,5846.500000000001
70289,Mi1,5846.500000000001
35017,Mi1,5846.6
107609,T4d,5846.6
118260,T4d,5846.7
92939,T4b,5846.7
100105,T4a,5846.7
37839,Mi1,5846.7
41120,Mi1,5846.7
10110,OA-VUMa1,5846.8
20808,LC4,5846.8
34057,Mi1,5846.8
78561,Tm3,5846.8
95810,T2a,5846.8
111928,T4b,5846.900000000001
74725,T2a,5846.900000000001
71583,Tm3,5846.900000000001
41659,Mi1,5846.900000000001
38230,Mi1,5846.900000000001
40256,Mi1,5846.900000000001
38791,Mi1,5846.900000000001
36911,Mi1,5846.900000000001
41654,Mi1,5846.900000000001
93750,T4c,5847.0
54087,Mi1,5847.0
11005,OA-VUMa4,5847.0
22194,LC4,5847.0
35405,Mi1,5847.1
38208,Mi1,5847.1
31492,Mi1,5847.2
69063,Mi1,5847.2
79704,T4d,5847.2
85837,Tm3,5847.2
91510,T4c,5847.2
97769,T4a,5847.2
10072,OA-AL2i1,5847.400000000001
69164,Mi1,5847.400000000001
106922,T4c,5847.400000000001
99670,T4c,5847.5
100855,T4a,5847.5
93527,T4a,5847.5
12688,OA-ASM1,5847.5
12521,HST,5847.5
10658,OA-AL2i3,5847.599999999999
82099,T4b,5847.599999999999
90888,T4b,5847.599999999999
58945,Tm3,5847.700000000001
93957,T4b,5847.700000000001
800146,TTMn,5847.700000000001
10187,OA-VPM3,5847.8
33462,Mi1,5847.8
40219,Mi1,5847.8
61768,T2,5847.8
92706,T4a,5847.8
121816,T4a,5847.8
40854,Mi1,5847.9
85152,T4c,5847.9
36410,Mi1,5847.9
96784,T4b,5847.9
107211,T4d,5848.0
116716,T4b,5848.0
64341,TmY3,5848.0
34045,Mi1,5848.0
37294,Mi1,5848.0
39727,Mi1,5848.0
10112,VS,5848.1
113568,T4d,5848.1
10269,OA-AL2i2,5848.2
39629,Mi1,5848.2
96081,T4a,5848.2
100785,T4b,5848.2
107297,T4c,5848.3
103780,T4c,5848.3
92644,T4d,5848.3
542412,Mi1,5848.3
69961,Tm3,5848.3
36446,Mi1,5848.3
35580,Mi1,5848.3
83465,T4a,5848.3
23098,LC4,5848.400000000001
34356,Mi1,5848.400000000001
68412,T2a,5848.400000000001
103827,T4c,5848.5
103314,T4b,5848.5
96576,T4c,5848.5
94948,T4c,5848.5
55101,Mi1,5848.5
76038,Tm3,5848.5
62078,Mi1,5848.5
35845,Mi1,5848.5
86416,T4a,5848.5
72558,T2a,5848.6
47686,TmY3,5848.6
96676,T4b,5848.6
35712,Mi1,5848.6
38241,Mi1,5848.6
10825,OA-AL2i3,5848.6
10023,HSS,5848.7
10687,OA-AL2i3,5848.7
34171,Mi1,5848.7
35888,Mi1,5848.7
38238,Mi1,5848.7
73586,Tm3,5848.7
42533,TmY3,5848.7
60857,Mi1,5848.8
91469,T4c,5848.8
100319,T4b,5848.8
34862,Mi1,5848.900000000001
95453,T4a,5848.900000000001
106166,T4b,5849.0
83639,T2a,5849.0
47368,TmY3,5849.0
37948,Mi1,5849.0
71052,T2a,5849.0
35897,Mi1,5849.099999999999
95007,T4a,5849.099999999999
106401,T4d,5849.099999999999
10001,DNp01,5849.200000000001
10037,VS,5849.200000000001
10120,OA-VPM4,5849.200000000001
40936,Mi1,5849.200000000001
112321,T4d,5849.200000000001
37037,Mi1,5849.3
97853,T4c,5849.3
108697,T4d,5849.3
33091,Mi1,5849.4
43334,TmY3,5849.5
25584,LC4,5849.5
51122,Mi1,5849.5
10755,H1,5849.5
10016,HSE,5849.5
18127,LC4,5849.5
101228,T4a,5849.6
97326,T4c,5849.6
76788,T4b,5849.6
75848,T2a,5849.6
10322,OA-AL2i2,5849.6
40085,Mi1,5849.6
39505,Mi1,5849.6
74287,Tm3,5849.6
34899,Mi1,5849.7
38529,Mi1,5849.7
104191,T4a,5849.7
104256,T4a,5849.7
36252,Mi1,5849.8
38479,Mi1,5849.8
39405,Mi1,5849.8
68342,Tm3,5849.8
86686,T4c,5849.8
104017,T4b,5849.8
133040,Tm3,5849.9
101772,Tm3,5849.9
63868,T2a,5849.9
10015,HSN,5850.0
10025,H2,5850.0
40596,Mi1,5850.0
56564,Mi1,5850.0
90027,T4c,5850.0
92281,T4c,5850.0
103302,T4c,5850.0
10799,OA-VUMa4,5850.1
11134,VSm,5850.1
106821,T4b,5850.1
112393,T4a,5850.1
100787,T4b,5850.2
94179,T4a,5850.2
35774,Mi1,5850.2
37568,Mi1,5850.2
10168,OA-VUMa6,5850.3
10226,OA-AL2i3,5850.3
34369,Mi1,5850.3
37371,Mi1,5850.3
77891,Tm3,5850.3
93166,T4c,5850.3
96812,T4a,5850.3
112179,T4b,5850.3
532850,Tm3,5850.3
10012,VS,5850.400000000001
66604,TmY3,5850.400000000001
100032,T4c,5850.400000000001
72426,Tm3,5850.5
100633,T4a,5850.5
10265,OA-AL2i2,5850.5
71938,T2a,5850.5
33017,Mi1,5850.599999999999
34867,Mi1,5850.599999999999
10206,VS,5850.700000000001
10555,OA-VUMa3,5850.700000000001
36158,Mi1,5850.700000000001
123490,Tm3,5850.8
95677,T4c,5850.8
33110,Mi1,5850.8
37353,Mi1,5850.8
30997,Mi1,5850.9
35724,Mi1,5850.9
40171,Mi1,5850.9
98504,T4c,5850.9
105115,T4d,5850.9
107445,T4a,5851.0
100282,T4a,5851.0
97866,T4d,5851.0
81401,T4b,5851.0
63420,Mi1,5851.0
47967,Mi1,5851.0
94283,T4d,5851.0
37631,Mi1,5851.1
63175,Mi1,5851.1
65671,Mi1,5851.1
100190,T4c,5851.1
32535,Mi1,5851.200000000001
36217,Mi1,5851.200000000001
71228,T2a,5851.200000000001
98751,T4a,5851.200000000001
35806,Mi1,5851.3
42119,Mi1,5851.3
90049,T4c,5851.3
98625,T4a,5851.3
114088,T4d,5851.4
23392,LC4,5851.4
10041,OA-VUMa1,5851.4
21336,LC4,5851.4
69380,Tm3,5851.500000000001
35840,Mi1,5851.500000000001
35428,Mi1,5851.500000000001
108325,T4c,5851.500000000001
34938,Mi1,5851.500000000001
20542,LC4,5851.500000000001
35416,Mi1,5851.500000000001
38648,Mi1,5851.6
77395,T4b,5851.6
102113,T4b,5851.6
102801,T4b,5851.7
33907,Mi1,5851.8
73828,Tm3,5851.8
102564,T4a,5851.8
96035,T4d,5851.900000000001
68212,T2a,5851.900000000001
38133,Mi1,5851.900000000001
41668,Mi1,5851.900000000001
49322,TmY3,5852.0
67719,T2a,5852.0
99011,T4c,5852.0
37599,Mi1,5852.1
88625,T4c,5852.1
94983,T4c,5852.1
41296,Mi1,5852.2
88281,T4b,5852.2
11608,OA-VUMa2,5852.3
34933,Mi1,5852.3
67113,Mi1,5852.3
70281,T2a,5852.400000000001
102388,T4d,5852.400000000001
82211,T2a,5852.400000000001
76621,T2a,5852.400000000001
24338,LC4,5852.400000000001
10677,OA-AL2i4,5852.400000000001
64633,T2a,5852.400000000001
99671,T4c,5852.5
10023,HSS,5852.5
42594,Mi1,5852.5
58862,Mi1,5852.5
84063,T4b,5852.5
95005,T4a,5852.5
97878,T4b,5852.5
98175,T4c,5852.5
93025,T4b,5852.6
122273,Tm3,5852.700000000001
113686,T4d,5852.700000000001
72279,Mi1,5852.700000000001
79134,Tm3,5852.700000000001
38767,Mi1,5852.700000000001
41809,Mi1,5852.700000000001
11602,OA-ASM1,5852.700000000001
10652,OA-AL2i4,5852.8
44449,TmY3,5852.8
116311,T4d,5852.8
118924,Tm3,5852.9
98300,T4a,5852.9
112088,T4d,5852.9
41950,Mi1,5852.9
35001,Mi1,5852.9
92552,T4a,5852.9
10016,HSE,5853.000000000001
10112,VS,5853.000000000001
10284,VS,5853.000000000001
40635,Mi1,5853.000000000001
95554,T4b,5853.000000000001
102147,T4c,5853.000000000001
64149,Mi1,5853.1
59959,Mi1,5853.1
35770,Mi1,5853.2
38178,Mi1,5853.2
96015,T4c,5853.2
99922,T4c,5853.2
108948,T4b,5853.2
10037,VS,5853.3
79271,T4a,5853.3
88698,T4a,5853.3
93313,T4a,5853.3
34079,Mi1,5853.400000000001
37270,Mi1,5853.400000000001
75227,T2a,5853.400000000001
87412,T4c,5853.400000000001
41435,Mi1,5853.5
537004,VSm,5853.5
40703,Mi1,5853.5
10080,OA-VUMa3,5853.5
10001,DNp01,5853.6
10025,H2,5853.6
34463,Mi1,5853.6
90520,T4a,5853.6
102031,T4c,5853.6
133349,Tm3,5853.6
34142,Mi1,5853.7
53156,TmY3,5853.7
69597,Tm3,5853.7
101732,T4c,5853.7
101873,T4b,5853.7
104368,T4c,5853.7
96126,T4b,5853.8
100033,T4c,5853.900000000001
80812,T4a,5853.900000000001
99519,T4a,5853.900000000001
48607,TmY3,5854.0
90121,T4b,5854.0
98467,T4d,5854.0
10015,HSN,5854.099999999999
37243,Mi1,5854.099999999999
71475,Tm3,5854.099999999999
112048,T4c,5854.099999999999
99850,T4a,5854.200000000001
35836,Mi1,5854.200000000001
72796,Tm3,5854.200000000001
93972,T4a,5854.200000000001
98439,T4a,5854.200000000001
100087,T4b,5854.200000000001
90567,T4b,5854.3
91987,T4c,5854.3
89825,T4a,5854.3
71402,Tm3,5854.3
37088,Mi1,5854.3
33446,Mi1,5854.4
39275,Mi1,5854.4
68840,TmY3,5854.4
100838,T4c,5854.4
104683,T4b,5854.4
116129,T4b,5854.4
32893,Mi1,5854.500000000001
66345,T2a,5854.500000000001
118502,T4b,5854.500000000001
35234,Mi1,5854.6
39692,TmY3,5854.6
71161,T2a,5854.6
62089,Tm3,5854.7
58703,T2,5854.8
38768,Mi1,5854.8
37853,Mi1,5854.8
37391,Mi1,5854.8
20808,LC4,5854.8
125288,Tm3,5854.900000000001
104297,T4a,5854.900000000001
63994,Mi1,5854.900000000001
52328,TmY3,5854.900000000001
77846,Tm3,5854.900000000001
35498,Mi1,5854.900000000001
35218,Mi1,5854.900000000001
16138,LC4,5854.900000000001
39894,T4b,5854.900000000001
50333,TmY3,5855.0
92684,T4c,5855.0
77480,Tm3,5855.1
96365,T4a,5855.1
95242,T4d,5855.1
42675,Mi1,5855.1
31848,Mi1,5855.1
37529,Mi1,5855.1
33942,Mi1,5855.1
10175,OA-VUMa6,5855.1
38993,Mi1,5855.1
38893,Mi1,5855.2
39718,Mi1,5855.2
89784,T4b,5855.2
94305,T4a,5855.2
96394,T4b,5855.2
101215,T4c,5855.2
97105,T4d,5855.3
89728,Tm3,5855.3
96774,T4c,5855.3
72983,T2a,5855.3
35235,Mi1,5855.3
74937,T2a,5855.3
19954,LC4,5855.400000000001
35045,Mi1,5855.400000000001
41671,TmY3,5855.400000000001
44564,TmY3,5855.400000000001
53065,Mi1,5855.400000000001
34189,Mi1,5855.5
35152,Mi1,5855.5
97028,T4c,5855.5
800146,TTMn,5855.5
97675,T4c,5855.599999999999
132339,Tm3,5855.599999999999
109631,T4b,5855.599999999999
92431,T4a,5855.599999999999
98788,T4d,5855.599999999999
70239,T2,5855.599999999999
10072,OA-AL2i1,5855.599999999999
35100,Mi1,5855.599999999999
84267,T4c,5855.599999999999
47696,TmY3,5855.599999999999
35447,Mi1,5855.700000000001
36954,Mi1,5855.700000000001
41545,Mi1,5855.700000000001
44119,Mi1,5855.700000000001
75318,T2,5855.700000000001
97885,T4a,5855.700000000001
102991,T4c,5855.700000000001
104996,T4a,5855.700000000001
109276,T4d,5855.700000000001
59864,Tm3,5855.8
107567,T4c,5855.8
10755,H1,5855.8
86778,T4a,5855.9
83191,T4a,5855.9
104703,T4d,5855.9
22108,TmY3,5856.0
37000,Mi1,5856.0
287884,OA-VPM3,5856.1
78856,Tm3,5856.1
57398,Mi1,5856.1
45005,TmY3,5856.1
21313,LC4,5856.1
41522,Mi1,5856.1
10023,HSS,5856.2
11005,OA-VUMa4,5856.2
77383,T2a,5856.2
79483,Tm3,5856.2
103654,T4b,5856.3
117662,T4d,5856.400000000001
78421,T2a,5856.400000000001
20634,VST1,5856.400000000001
53075,TmY3,5856.400000000001
10016,HSE,5856.5
10269,OA-AL2i2,5856.5
36540,Mi1,5856.5
48060,Mi1,5856.5
48286,Mi1,5856.5
71765,T2a,5856.5
95629,T4c,5856.5
96134,T4b,5856.5
35173,Mi1,5856.6
36305,Mi1,5856.6
36452,Mi1,5856.6
36646,Mi1,5856.6
46827,Mi1,5856.6
100673,T4b,5856.7
70642,T2a,5856.7
22328,LC4,5856.7
39438,Mi1,5856.7
42758,Mi1,5856.8
59397,Mi1,5856.8
90423,T4b,5856.8
102703,T4a,5856.8
10204,OA-AL2i2,5856.900000000001
72066,Tm3,5856.900000000001
94356,T4c,5856.900000000001
95458,T4d,5857.0
89020,T4a,5857.0
67424,T2,5857.0
54885,TmY3,5857.0
10025,H2,5857.0
36994,Mi1,5857.0
11264,OA-ASM1,5857.0
99663,T4c,5857.0
40944,Mi1,5857.0
99131,T4c,5857.099999999999
105521,T4c,5857.099999999999
34849,Mi1,5857.099999999999
91806,T4a,5857.099999999999
78968,Tm3,5857.200000000001
96003,T4d,5857.200000000001
103025,T4a,5857.200000000001
38421,Mi1,5857.3
95356,T4a,5857.3
91325,T4a,5857.4
95926,T4a,5857.5
93482,T4d,5857.5
85007,T4c,5857.5
103479,T4c,5857.5
12109,OA-VUMa2,5857.5
10110,OA-VUMa1,5857.5
10001,DNp01,5857.5
73320,T2,5857.5
42048,Mi1,5857.6
38514,Mi1,5857.6
70490,Mi1,5857.6
21225,LC4,5857.6
10206,VS,5857.6
35512,Mi1,5857.6
109326,T4c,5857.7
10185,OA-VUMa8,5857.7
36533,Mi1,5857.7
41709,Mi1,5857.7
49788,TmY3,5857.7
51231,TmY3,5857.7
98398,T4c,5857.7
102229,T4d,5857.7
104478,T4d,5857.8
73807,Tm3,5857.8
36660,Mi1,5857.8
37123,Mi1,5857.8
10037,VS,5857.9
41804,Mi1,5857.9
86419,Tm3,5857.9
100261,T4c,5857.9
42895,Mi1,5858.0
43414,Mi1,5858.0
47211,Mi1,5858.0
89290,T4d,5858.0
105962,T4b,5858.0
108847,T4d,5858.1
122308,Tm3,5858.1
87896,T4a,5858.1
68842,TmY3,5858.1
39743,Mi1,5858.1
37699,Mi1,5858.1
35934,Mi1,5858.1
93985,T4c,5858.2
94624,T4a,5858.2
100046,T4b,5858.2
104336,T4b,5858.2
37019,Mi1,5858.299999999999
38987,Mi1,5858.299999999999
67308,Mi1,5858.299999999999
83556,Tm3,5858.299999999999
93419,T4b,5858.299999999999
106535,T4d,5858.299999999999
107442,T4d,5858.299999999999
108438,T4d,5858.400000000001
92114,T4c,5858.400000000001
122233,Tm3,5858.400000000001
83125,T4b,5858.400000000001
525839,Mi1,5858.400000000001
10687,OA-AL2i3,5858.400000000001
10015,HSN,5858.400000000001
36684,Mi1,5858.400000000001
10112,VS,5858.400000000001
22194,LC4,5858.5
36275,Mi1,5858.5
63468,Mi1,5858.5
84008,T4c,5858.5
93566,T4a,5858.5
117221,T4c,5858.5
34479,Mi1,5858.599999999999
40426,Mi1,5858.599999999999
41626,Mi1,5858.599999999999
98837,T4c,5858.599999999999
111184,T4a,5858.599999999999
91313,T4a,5858.700000000001
107075,T4d,5858.700000000001
55976,Mi1,5858.700000000001
36139,Mi1,5858.700000000001
35890,Mi1,5858.700000000001
38227,Mi1,5858.700000000001
103570,T4d,5858.8
113171,T4b,5858.8
71089,Mi1,5858.8
87358,T4a,5858.8
65106,T2,5858.8
52350,Mi1,5858.8
10322,OA-AL2i2,5858.8
70524,T2a,5858.8
90419,T4b,5858.900000000001
12896,OA-VUMa5,5858.900000000001
45948,TmY3,5858.900000000001
49324,Mi1,5858.900000000001
83583,T4d,5858.900000000001
102519,T4a,5858.900000000001
87424,T4d,5859.0
107010,T4d,5859.0
39158,Mi1,5859.0
10825,OA-AL2i3,5859.0
78911,Tm3,5859.0
34626,Mi1,5859.1
35017,Mi1,5859.1
46248,Mi1,5859.1
77138,Tm3,5859.1
85856,TmY3,5859.1
286259,OA-ASM1,5859.1
35602,Mi1,5859.200000000001
37113,Mi1,5859.200000000001
79345,T2a,5859.200000000001
128916,Tm3,5859.200000000001
98194,T4d,5859.3
92047,T4c,5859.3
61292,T2,5859.3
93360,T4b,5859.3
38230,Mi1,5859.3
34296,Mi1,5859.3
46230,TmY3,5859.3
38721,Mi1,5859.4
39067,Mi1,5859.4
47962,TmY3,5859.4
114391,T4d,5859.500000000001
103497,Tm3,5859.500000000001
102579,T4b,5859.500000000001
101620,T4b,5859.500000000001
95528,T4d,5859.500000000001
57239,Mi1,5859.500000000001
101302,T4d,5859.500000000001
40832,Mi1,5859.6
42872,Mi1,5859.6
43978,Mi1,5859.6
78597,T2a,5859.6
102791,T4c,5859.6
88815,T4d,5859.7
85126,T4a,5859.7
83689,T4a,5859.7
42691,Mi1,5859.7
19543,LC4,5859.8
98118,T4c,5859.8
115511,T4d,5859.8
34300,Mi1,5859.900000000001
36911,Mi1,5859.900000000001
124490,Tm3,5860.0
101589,T4a,5860.0
83677,T4c,5860.0
74905,T2a,5860.0
36177,Mi1,5860.0
37138,Mi1,5860.0
11921,OA-VPM4,5860.0
10016,HSE,5860.0
38857,Mi1,5860.0
111980,T4d,5860.1
526158,Mi1,5860.1
84328,T4a,5860.1
10023,HSS,5860.1
36346,Mi1,5860.1
79257,Tm3,5860.1
38208,Mi1,5860.2
40411,Mi1,5860.2
102370,T4c,5860.2
116633,T4c,5860.2
10799,OA-VUMa4,5860.3
36881,Mi1,5860.3
69228,T2a,5860.3
102741,T4c,5860.400000000001
103160,T4a,5860.400000000001
70289,Mi1,5860.400000000001
85737,T2a,5860.400000000001
24338,LC4,5860.400000000001
12688,OA-ASM1,5860.400000000001
37839,Mi1,5860.400000000001
10025,H2,5860.5
11134,VSm,5860.5
69980,Tm3,5860.5
105698,T4c,5860.5
102975,T4b,5860.6
101383,T4b,5860.6
94081,T4c,5860.6
90219,T4a,5860.6
100206,T4c,5860.6
40256,Mi1,5860.6
38791,Mi1,5860.6
34057,Mi1,5860.6
10187,OA-VPM3,5860.6
41120,Mi1,5860.6
21336,LC4,5860.700000000001
90566,T4d,5860.700000000001
95239,T4a,5860.700000000001
108344,T4d,5860.8
103867,T4a,5860.8
102425,T4b,5860.8
10012,VS,5860.8
90278,T4a,5860.8
39651,Mi1,5860.8
98654,T4d,5860.8
88951,Tm3,5860.9
99348,T4c,5860.9
69164,Mi1,5860.9
103557,T4a,5860.9
99950,T4c,5860.9
69063,Mi1,5860.9
81015,T4a,5860.9
35712,Mi1,5860.9
10041,OA-VUMa1,5860.9
10658,OA-AL2i3,5860.9
48531,Mi1,5860.9
33216,Mi1,5860.9
17926,LC4,5860.9
20808,LC4,5861.000000000001
65513,T2a,5861.000000000001
90533,T4c,5861.000000000001
19260,LC4,5861.1
33655,Mi1,5861.1
66808,Tm3,5861.1
93877,T4c,5861.1
119245,T4d,5861.1
89434,T4c,5861.2
94668,T4d,5861.2
83438,T4a,5861.2
33462,Mi1,5861.2
34404,Mi1,5861.2
10001,DNp01,5861.3
23098,LC4,5861.3
40219,Mi1,5861.3
66227,Tm3,5861.3
108065,T4c,5861.3
105565,Tm3,5861.400000000001
90394,T4a,5861.400000000001
87722,T2a,5861.400000000001
23392,LC4,5861.400000000001
35845,Mi1,5861.400000000001
42006,TmY3,5861.400000000001
35580,Mi1,5861.5
73096,T2a,5861.5
108974,T4c,5861.6
106522,T4d,5861.6
74023,T2a,5861.6
97231,T4a,5861.6
10168,OA-VUMa6,5861.7
12521,HST,5861.7
34356,Mi1,5861.7
35897,Mi1,5861.7
38238,Mi1,5861.7
41654,Mi1,5861.7
97145,T4c,5861.7
99292,T4a,5861.7
107621,T4d,5861.8
105718,T4b,5861.8
74231,Tm3,5861.8
68562,T2a,5861.8
103022,T4a,5861.8
41613,Mi1,5861.8
38241,Mi1,5861.8
36410,Mi1,5861.8
35405,Mi1,5861.8
62078,Mi1,5861.8
85074,T4a,5861.900000000001
70812,TmY3,5861.900000000001
104257,T4b,5861.900000000001
36446,Mi1,5861.900000000001
10284,VS,5861.900000000001
54087,Mi1,5861.900000000001
10037,VS,5862.0
31492,Mi1,5862.0
34862,Mi1,5862.0
59008,Mi1,5862.0
97186,T4a,5862.0
542412,Mi1,5862.0
94549,T4b,5862.099999999999
74860,Tm3,5862.200000000001
89409,T4a,5862.200000000001
62894,Tm3,5862.200000000001
67150,T2a,5862.200000000001
41659,Mi1,5862.200000000001
34045,Mi1,5862.200000000001
18127,LC4,5862.200000000001
10677,OA-AL2i4,5862.3
10755,H1,5862.3
93927,T4a,5862.3
10120,OA-VPM4,5862.4
37294,Mi1,5862.4
48283,TmY3,5862.4
100501,T4b,5862.4
106745,T4b,5862.4
106912,Tm3,5862.4
110454,T4d,5862.4
800146,TTMn,5862.4
101463,T4d,5862.500000000001
98360,T4c,5862.500000000001
55101,Mi1,5862.500000000001
81037,T2a,5862.500000000001
10015,HSN,5862.6
91444,T4c,5862.6
110646,T4b,5862.6
101245,T4a,5862.7
104301,T4b,5862.7
110855,T4a,5862.7
33017,Mi1,5862.8
67072,T2a,5862.8
93984,T4b,5862.8
99316,T4b,5862.8
106952,T4b,5862.8
109649,T4c,5862.8
98137,T4d,5862.900000000001
97193,T4a,5862.900000000001
537004,VSm,5862.900000000001
40596,Mi1,5862.900000000001
39727,Mi1,5862.900000000001
39629,Mi1,5862.900000000001
33091,Mi1,5862.900000000001
95972,T4d,5862.900000000001
10072,OA-AL2i1,5863.0
35888,Mi1,5863.0
38529,Mi1,5863.0
88152,T4c,5863.0
96211,T4d,5863.0
109996,T4c,5863.0
72194,Tm3,5863.1
10265,OA-AL2i2,5863.1
51848,TmY3,5863.1
98099,T4b,5863.1
107170,T4b,5863.2
106664,T4c,5863.2
37353,Mi1,5863.2
10112,VS,5863.2
74927,Tm3,5863.2
10206,VS,5863.3
10226,OA-AL2i3,5863.3
82425,T4b,5863.3
78108,T2a,5863.400000000001
91469,T4c,5863.400000000001
72005,Tm3,5863.400000000001
100165,T4b,5863.400000000001
60857,Mi1,5863.400000000001
36252,Mi1,5863.400000000001
10016,HSE,5863.400000000001
68982,Tm3,5863.400000000001
105242,T4c,5863.400000000001
149504,T4d,5863.5
104390,T4a,5863.5
69978,T2,5863.5
48547,TmY3,5863.5
10555,OA-VUMa3,5863.5
37037,Mi1,5863.599999999999
72619,T2a,5863.599999999999
81995,Tm3,5863.599999999999
87873,T4b,5863.599999999999
90097,T4c,5863.599999999999
98890,T4c,5863.599999999999
65531,T2a,5863.700000000001
47967,Mi1,5863.700000000001
34171,Mi1,5863.8
101005,T4d,5863.8
10023,HSS,5863.9
34369,Mi1,5863.9
95883,T4a,5863.9
96090,T4c,5863.9
91629,T4a,5864.0
100897,T4c,5864.0
91913,T4b,5864.0
89139,T4c,5864.0
40854,Mi1,5864.0
56564,Mi1,5864.0
50345,TmY3,5864.0
88491,T4a,5864.0
10025,H2,5864.1
37948,Mi1,5864.1
97677,T4c,5864.1
101043,T4c,5864.1
108349,T4d,5864.1
109023,T4c,5864.1
118385,T4b,5864.1
97899,T4a,5864.2
100488,T4c,5864.2
85152,T4c,5864.2
56007,TmY3,5864.2
37371,Mi1,5864.2
35774,Mi1,5864.2
60979,TmY3,5864.2
36217,Mi1,5864.3
49372,TmY3,5864.3
60856,T2a,5864.3
78503,T2a,5864.3
111857,T4d,5864.3
40085,Mi1,5864.400000000001
65671,Mi1,5864.400000000001
92842,T4a,5864.400000000001
96576,T4c,5864.5
80855,Tm3,5864.5
39405,Mi1,5864.5
78422,Tm3,5864.5
110403,T4b,5864.6
104972,T4a,5864.6
102799,T4c,5864.6
34938,Mi1,5864.6
37568,Mi1,5864.6
30997,Mi1,5864.6
94224,T4b,5864.6
34899,Mi1,5864.7
40171,Mi1,5864.7
67408,Mi1,5864.7
64849,Tm3,5864.8
94471,T4a,5864.8
51122,Mi1,5864.8
106819,T4b,5864.8
21313,LC4,5864.8
16138,LC4,5864.8
41296,Mi1,5864.8
97872,T4d,5864.900000000001
69793,T2a,5864.900000000001
113207,T4d,5864.900000000001
61659,Tm3,5864.900000000001
90145,T4a,5864.900000000001
38479,Mi1,5864.900000000001
11608,OA-VUMa2,5864.900000000001
17548,LC4,5864.900000000001
39505,Mi1,5864.900000000001
37270,Mi1,5864.900000000001
20399,LC4,5865.0
43323,Mi1,5865.0
85924,T4a,5865.0
98985,T4c,5865.0
104130,T4a,5865.0
110076,T4c,5865.0
11005,OA-VUMa4,5865.099999999999
37631,Mi1,5865.099999999999
48986,TmY3,5865.099999999999
117627,Tm3,5865.099999999999
103425,T4a,5865.200000000001
91057,T4c,5865.200000000001
87845,T4a,5865.200000000001
45322,Mi1,5865.200000000001
35840,Mi1,5865.200000000001
34933,Mi1,5865.200000000001
32535,Mi1,5865.3
35416,Mi1,5865.3
77226,T2a,5865.3
93509,T4b,5865.3
102045,T4a,5865.3
109384,T4d,5865.3
100105,T4a,5865.4
98381,T4d,5865.4
91682,T4b,5865.4
83979,T4a,5865.4
81836,T2a,5865.4
124867,T4d,5865.4
45319,Mi1,5865.4
35428,Mi1,5865.4
32962,TmY3,5865.4
16628,LC4,5865.4
67971,Tm3,5865.4
10001,DNp01,5865.5
11602,OA-ASM1,5865.5
47240,TmY3,5865.5
95454,T4a,5865.5
113991,T4d,5865.6
102153,T4c,5865.6
88398,T4a,5865.6
61401,T2a,5865.6
10037,VS,5865.6
40936,Mi1,5865.6
10011,OA-AL2i1,5865.6
54211,TmY3,5865.6
99670,T4c,5865.7
106801,T4c,5865.7
120016,Tm3,5865.7
64712,T2a,5865.7
34867,Mi1,5865.7
61968,T2,5865.7
35734,Mi1,5865.7
10652,OA-AL2i4,5865.7
63420,Mi1,5865.7
79646,Tm3,5865.8
104858,T4b,5865.8
63175,Mi1,5865.9
107529,T4d,5865.9
22194,LC4,5866.0
71188,T2a,5866.0
75521,T2a,5866.0
84010,Tm3,5866.0
100867,T4b,5866.1
112453,T4c,5866.1
110693,Tm3,5866.1
97171,T4d,5866.1
92996,T4a,5866.1
92082,T4b,5866.1
69570,Tm3,5866.1
10269,OA-AL2i2,5866.1
33110,Mi1,5866.2
33907,Mi1,5866.2
35806,Mi1,5866.2
37599,Mi1,5866.2
42594,Mi1,5866.2
81215,Tm3,5866.2
104450,T4a,5866.299999999999
94468,T4c,5866.299999999999
88167,T4b,5866.299999999999
112744,T4d,5866.299999999999
59959,Mi1,5866.299999999999
42119,Mi1,5866.299999999999
20673,LC4,5866.299999999999
68475,T2a,5866.299999999999
108307,T4b,5866.400000000001
94574,T4c,5866.400000000001
67113,Mi1,5866.400000000001
108824,T4d,5866.400000000001
38133,Mi1,5866.400000000001
33326,Mi1,5866.400000000001
40026,TmY3,5866.400000000001
10080,OA-VUMa3,5866.5
25584,LC4,5866.5
82038,Tm3,5866.5
93224,T4a,5866.5
93865,T4c,5866.5
96852,T4a,5866.5
98039,T4d,5866.5
101994,T4a,5866.6
106200,T4c,5866.6
93750,T4c,5866.6
91741,T4d,5866.6
72279,Mi1,5866.6
91934,T4a,5866.6
35001,Mi1,5866.700000000001
36158,Mi1,5866.700000000001
39692,TmY3,5866.700000000001
41950,Mi1,5866.700000000001
42533,TmY3,5866.700000000001
95822,T4b,5866.700000000001
101770,T4b,5866.700000000001
96676,T4b,5866.8
97288,T4c,5866.8
40635,Mi1,5866.8
48894,TmY3,5866.8
10175,OA-VUMa6,5866.8
10016,HSE,5866.8
10015,HSN,5866.8
20542,LC4,5866.8
34463,Mi1,5866.900000000001
38767,Mi1,5866.900000000001
67152,Tm3,5866.900000000001
88922,T4c,5866.900000000001
97249,T4d,5866.900000000001
100310,T4d,5867.0
39275,Mi1,5867.0
64149,Mi1,5867.0
89282,T4a,5867.0
97256,T4c,5867.0
98349,T4a,5867.0
102910,T4b,5867.0
10687,OA-AL2i3,5867.1
83682,Tm3,5867.1
109142,T4b,5867.200000000001
35770,Mi1,5867.200000000001
35836,Mi1,5867.3
34142,Mi1,5867.3
40703,Mi1,5867.3
43689,Mi1,5867.3
47368,TmY3,5867.3
68522,T2a,5867.3
37555,Mi1,5867.4
58862,Mi1,5867.4
86175,T4a,5867.4
97866,T4d,5867.4
98887,T4b,5867.4
101878,T4a,5867.4
105122,T4b,5867.4
35724,Mi1,5867.500000000001
38648,Mi1,5867.500000000001
10322,OA-AL2i2,5867.500000000001
10112,VS,5867.6
64579,T2,5867.6
73122,T2a,5867.6
74159,Tm3,5867.6
90259,T4d,5867.6
97835,T4a,5867.6
102462,T4c,5867.6
127970,Tm3,5867.7
106401,T4d,5867.7
100924,T4b,5867.7
96812,T4a,5867.7
10023,HSS,5867.7
91345,T4c,5867.7
89368,T4c,5867.7
92939,T4b,5867.7
101228,T4a,5867.8
101480,T4c,5867.8
10025,H2,5867.8
85378,T4a,5867.8
41668,Mi1,5867.900000000001
69546,Tm3,5867.900000000001
75966,T2a,5867.900000000001
94071,T4a,5867.900000000001
96657,T4c,5867.900000000001
111380,Tm3,5867.900000000001
112633,T4b,5867.900000000001
99731,T4c,5868.0
92706,T4a,5868.0
83067,T4b,5868.0
80197,T4a,5868.0
41435,Mi1,5868.0
62562,T2,5868.0
41809,Mi1,5868.0
72955,T2a,5868.0
106701,T4d,5868.1
101244,T4b,5868.1
57398,Mi1,5868.1
35235,Mi1,5868.1
20808,LC4,5868.1
37853,Mi1,5868.1
92281,T4c,5868.2
91283,T4c,5868.2
37243,Mi1,5868.2
120312,Tm3,5868.2
33942,Mi1,5868.2
16128,LC4,5868.2
35498,Mi1,5868.2
23392,LC4,5868.3
34079,Mi1,5868.3
35234,Mi1,5868.3
36540,Mi1,5868.3
76524,Tm3,5868.3
105126,T4c,5868.3
83204,T4d,5868.400000000001
38993,Mi1,5868.400000000001
10755,H1,5868.400000000001
33446,Mi1,5868.400000000001
38768,Mi1,5868.400000000001
10206,VS,5868.5
71131,Tm3,5868.5
72896,Tm3,5868.5
93688,T4a,5868.5
94287,T4d,5868.5
96728,T4c,5868.5
101772,Tm3,5868.5
105135,T4c,5868.5
19954,LC4,5868.6
94153,T4d,5868.6
99310,T4a,5868.6
109593,Tm3,5868.700000000001
104905,T4c,5868.700000000001
99980,T4c,5868.700000000001
96295,T4b,5868.700000000001
95985,T4c,5868.700000000001
38178,Mi1,5868.700000000001
21336,LC4,5868.700000000001
10110,OA-VUMa1,5868.700000000001
94058,T4b,5868.700000000001
12109,OA-VUMa2,5868.8
20588,LC4,5868.8
44119,Mi1,5868.8
44449,TmY3,5868.8
10204,OA-AL2i2,5868.9
10284,VS,5868.9
47465,TmY3,5868.9
70800,Tm3,5868.9
116610,T4d,5868.9
102016,T4a,5869.000000000001
107031,T4b,5869.000000000001
128396,T4d,5869.000000000001
100018,T4a,5869.000000000001
24338,LC4,5869.000000000001
60886,T2a,5869.000000000001
15422,VST2,5869.1
37000,Mi1,5869.1
88625,T4c,5869.1
95453,T4a,5869.1
95681,T4a,5869.1
10037,VS,5869.2
16606,VST2,5869.2
32893,Mi1,5869.2
42675,Mi1,5869.2
111416,Tm3,5869.2
117151,T4d,5869.2
89934,T4d,5869.3
35218,Mi1,5869.3
38893,Mi1,5869.3
10185,OA-VUMa8,5869.3
23098,LC4,5869.3
10001,DNp01,5869.400000000001
16570,VST2,5869.400000000001
17364,LC4,5869.400000000001
63994,Mi1,5869.400000000001
77307,Tm3,5869.400000000001
101865,T4a,5869.400000000001
171349687,Tm3,5869.5
87289,T4a,5869.5
41545,Mi1,5869.5
35447,Mi1,5869.5
36646,Mi1,5869.5
37529,Mi1,5869.5
115686,T4b,5869.6
100787,T4b,5869.6
97853,T4c,5869.6
95364,T4d,5869.6
37391,Mi1,5869.6
91303,T4b,5869.6
10825,OA-AL2i3,5869.7
21225,LC4,5869.7
34189,Mi1,5869.7
85536,T4a,5869.7
97480,T4c,5869.7
100033,T4c,5869.8
97878,T4b,5869.8
36305,Mi1,5869.8
10072,OA-AL2i1,5869.8
287884,OA-VPM3,5869.900000000001
107240,T4b,5870.0
105214,T4c,5870.0
101685,T4b,5870.0
98846,T4c,5870.0
95335,T4a,5870.0
65542,T2,5870.0
65298,T2a,5870.0
59397,Mi1,5870.0
39438,Mi1,5870.0
11264,OA-ASM1,5870.0
92839,T4b,5870.0
10012,VS,5870.099999999999
10799,OA-VUMa4,5870.099999999999
11134,VSm,5870.099999999999
35100,Mi1,5870.099999999999
35152,Mi1,5870.099999999999
48286,Mi1,5870.099999999999
69540,TmY3,5870.099999999999
111746,Tm3,5870.099999999999
127615,Tm3,5870.099999999999
101230,T4a,5870.200000000001
96199,T4a,5870.200000000001
41522,Mi1,5870.200000000001
10016,HSE,5870.200000000001
86141,T4b,5870.200000000001
20634,VST1,5870.3
35045,Mi1,5870.3
39718,Mi1,5870.3
53065,Mi1,5870.3
94755,T4a,5870.4
46827,Mi1,5870.4
74228,Tm3,5870.4
93334,T4b,5870.4
38514,Mi1,5870.500000000001
92957,T4d,5870.500000000001
127153,Tm3,5870.6
42758,Mi1,5870.6
18189,LC4,5870.6
31848,Mi1,5870.6
110988,T4a,5870.7
94743,T4d,5870.7
93935,T4a,5870.7
36452,Mi1,5870.7
69736,Tm3,5870.7
37123,Mi1,5870.7
90112,T4c,5870.7
106922,T4c,5870.8
10015,HSN,5870.8
37699,Mi1,5870.8
40944,Mi1,5870.8
72558,T2a,5870.8
84063,T4b,5870.8
125171,Tm3,5870.8
105403,T4c,5870.900000000001
128726,Tm3,5870.900000000001
98139,T4d,5870.900000000001
77527,T4a,5870.900000000001
35173,Mi1,5870.900000000001
12896,OA-VUMa5,5870.900000000001
18127,LC4,5871.0
36954,Mi1,5871.0
70490,Mi1,5871.0
98668,T4a,5871.0
103657,T4b,5871.0
34849,Mi1,5871.1
91366,T4b,5871.1
98448,T4b,5871.1
104354,T4b,5871.1
111852,T4a,5871.1
92415,T4a,5871.2
99387,T4a,5871.2
85598,T4b,5871.3
65307,T2,5871.3
74375,Tm3,5871.3
22328,LC4,5871.400000000001
34626,Mi1,5871.400000000001
46662,TmY3,5871.400000000001
76074,Tm3,5871.400000000001
95921,T4c,5871.400000000001
96126,T4b,5871.400000000001
109598,T4b,5871.400000000001
35934,Mi1,5871.5
102479,T4c,5871.5
94305,T4a,5871.599999999999
96163,T4b,5871.599999999999
84631,T4c,5871.599999999999
104884,T4b,5871.599999999999
37088,Mi1,5871.599999999999
36660,Mi1,5871.599999999999
10023,HSS,5871.599999999999
78470,Tm3,5871.599999999999
10025,H2,5871.700000000001
10112,VS,5871.700000000001
36139,Mi1,5871.700000000001
80670,T4a,5871.700000000001
10041,OA-VUMa1,5871.8
36994,Mi1,5871.9
76121,Tm3,5871.9
88035,Tm3,5871.9
90430,T2a,5871.9
100567,T4d,5871.9
104412,T4a,5871.9
98175,T4c,5872.0
63468,Mi1,5872.0
95005,T4a,5872.0
34296,Mi1,5872.0
38987,Mi1,5872.0
42895,Mi1,5872.1
85741,T4a,5872.1
86416,T4a,5872.1
94283,T4d,5872.1
94368,T4a,5872.1
97784,T4c,5872.1
286259,OA-ASM1,5872.1
800146,TTMn,5872.2
100956,T4d,5872.2
98312,T4a,5872.2
12521,HST,5872.2
73284,T2a,5872.2
44564,TmY3,5872.2
85778,T4b,5872.2
80812,T4a,5872.3
121816,T4a,5872.3
75377,T2a,5872.3
537004,VSm,5872.3
36275,Mi1,5872.3
36533,Mi1,5872.3
30923,TmY3,5872.3
21313,LC4,5872.4
68933,Tm3,5872.4
88992,T4c,5872.4
100946,T4c,5872.4
102147,T4c,5872.4
104008,T4b,5872.5
103780,T4c,5872.5
100981,T4d,5872.5
97675,T4c,5872.5
71583,Tm3,5872.5
79259,T4b,5872.5
51050,TmY3,5872.5
37019,Mi1,5872.5
95287,T4a,5872.5
525839,Mi1,5872.6
86778,T4a,5872.6
110742,T4c,5872.6
37113,Mi1,5872.6
38421,Mi1,5872.6
10677,OA-AL2i4,5872.7
17926,LC4,5872.7
35017,Mi1,5872.7
58945,Tm3,5872.7
81401,T4b,5872.7
90121,T4b,5872.7
97161,T4a,5872.7
102801,T4b,5872.8
90423,T4b,5872.8
108199,T4c,5872.8
41626,Mi1,5872.8
12688,OA-ASM1,5872.8
81064,Tm3,5872.8
96931,T4b,5872.900000000001
76788,T4b,5872.900000000001
88726,T4b,5872.900000000001
72148,Tm3,5872.900000000001
10037,VS,5872.900000000001
35602,Mi1,5872.900000000001
19543,LC4,5872.900000000001
41709,Mi1,5872.900000000001
34479,Mi1,5873.0
35890,Mi1,5873.0
39067,Mi1,5873.0
79271,T4a,5873.0
93957,T4b,5873.0
90206,T4b,5873.099999999999
71089,Mi1,5873.099999999999
70289,Mi1,5873.099999999999
90371,T4d,5873.099999999999
38238,Mi1,5873.099999999999
19260,LC4,5873.099999999999
55976,Mi1,5873.099999999999
96219,T4b,5873.200000000001
76061,T2a,5873.200000000001
52350,Mi1,5873.200000000001
80302,T2a,5873.200000000001
47211,Mi1,5873.200000000001
46324,TmY3,5873.200000000001
48514,TmY3,5873.200000000001
119213,T4c,5873.3
10001,DNp01,5873.3
10168,OA-VUMa6,5873.3
39743,Mi1,5873.3
77594,T2a,5873.3
94179,T4a,5873.3
87390,T2a,5873.4
40256,Mi1,5873.4
10658,OA-AL2i3,5873.4
38227,Mi1,5873.4
10016,HSE,5873.5
10206,VS,5873.5
33216,Mi1,5873.5
40426,Mi1,5873.5
84328,T4a,5873.5
89290,T4d,5873.5
89784,T4b,5873.5
90135,T4c,5873.5
103344,T4b,5873.5
104256,T4a,5873.5
95554,T4b,5873.6
93166,T4c,5873.6
93021,T4a,5873.6
38857,Mi1,5873.6
16138,LC4,5873.6
41804,Mi1,5873.6
38230,Mi1,5873.7
38721,Mi1,5873.7
42872,Mi1,5873.7
48060,Mi1,5873.7
86536,Tm3,5873.7
10755,H1,5873.8
36177,Mi1,5873.8
86419,Tm3,5873.8
106844,T4d,5873.8
109857,T4d,5873.8
111928,T4b,5873.8
106295,T4b,5873.9
108907,T4c,5873.9
100785,T4b,5873.9
107609,T4d,5873.9
39158,Mi1,5873.9
36911,Mi1,5873.9
36346,Mi1,5873.9
98226,T4b,5873.9
43414,Mi1,5874.0
34057,Mi1,5874.0
83125,T4b,5874.0
11921,OA-VPM4,5874.0
33655,Mi1,5874.0
11005,OA-VUMa4,5874.1
19794,LC4,5874.1
36684,Mi1,5874.1
39500,Mi1,5874.1
40832,Mi1,5874.1
87896,T4a,5874.1
96307,T4a,5874.1
100282,T4a,5874.2
61768,T2,5874.2
82099,T4b,5874.2
19420,LC4,5874.2
38208,Mi1,5874.2
10187,OA-VPM3,5874.3
37839,Mi1,5874.3
112458,T4b,5874.3
67308,Mi1,5874.400000000001
62272,T2,5874.400000000001
104144,T2,5874.400000000001
37509,Mi1,5874.400000000001
42691,Mi1,5874.400000000001
37224,Mi1,5874.5
40400,Mi1,5874.5
92027,Tm3,5874.5
106840,T4b,5874.5
10015,HSN,5874.6
42048,Mi1,5874.6
49324,Mi1,5874.6
83465,T4a,5874.6
112619,T4d,5874.700000000001
99423,T4d,5874.700000000001
38791,Mi1,5874.700000000001
35897,Mi1,5874.700000000001
35512,Mi1,5874.8
46248,Mi1,5874.8
95356,T4a,5874.8
102564,T4a,5874.8
109868,Tm3,5874.8
34356,Mi1,5874.900000000001
97769,T4a,5874.900000000001
98504,T4c,5874.900000000001
114817,T4d,5874.900000000001
542412,Mi1,5874.900000000001
109536,T4d,5875.0
105332,T4b,5875.0
57239,Mi1,5875.0
43978,Mi1,5875.0
96365,T4a,5875.0
38241,Mi1,5875.0
20808,LC4,5875.0
10269,OA-AL2i2,5875.0
41120,Mi1,5875.0
547091,T2,5875.1
99011,T4c,5875.1
72586,Tm3,5875.1
93527,T4a,5875.1
34300,Mi1,5875.1
22194,LC4,5875.1
10025,H2,5875.1
54087,Mi1,5875.1
10120,OA-VPM4,5875.200000000001
35845,Mi1,5875.200000000001
95007,T4a,5875.200000000001
97028,T4c,5875.3
120928,T4d,5875.3
104683,T4b,5875.3
95017,T4c,5875.3
34862,Mi1,5875.3
36446,Mi1,5875.3
10322,OA-AL2i2,5875.3
10226,OA-AL2i3,5875.3
44592,TmY3,5875.3
10023,HSS,5875.4
35405,Mi1,5875.4
94356,T4c,5875.4
526158,Mi1,5875.4
31492,Mi1,5875.500000000001
41659,Mi1,5875.500000000001
75381,Tm3,5875.500000000001
100729,T4b,5875.500000000001
99628,T4b,5875.6
92046,T4d,5875.6
81996,T2a,5875.6
37138,Mi1,5875.6
33462,Mi1,5875.6
23392,LC4,5875.6
10265,OA-AL2i2,5875.6
10112,VS,5875.6
35712,Mi1,5875.6
112775,T4d,5875.7
10687,OA-AL2i3,5875.7
23098,LC4,5875.7
33017,Mi1,5875.7
48531,Mi1,5875.7
60857,Mi1,5875.7
69164,Mi1,5875.7
69441,Tm3,5875.7
88353,T4b,5875.7
98751,T4a,5875.7
100855,T4a,5875.8
100032,T4c,5875.8
59008,Mi1,5875.8
39651,Mi1,5875.8
107143,T4d,5875.900000000001
104017,T4b,5875.900000000001
98325,T4d,5875.900000000001
105115,T4d,5875.900000000001
69063,Mi1,5875.900000000001
55101,Mi1,5875.900000000001
11608,OA-VUMa2,5875.900000000001
88698,T4a,5875.900000000001
50333,TmY3,5876.0
62078,Mi1,5876.0
66345,T2a,5876.0
77395,T4b,5876.0
99863,T4d,5876.1
104942,T4a,5876.1
71475,Tm3,5876.1
37680,Mi1,5876.1
34369,Mi1,5876.1
19634,LC4,5876.1
17054,LC4,5876.1
34404,Mi1,5876.2
71674,T2a,5876.2
104191,T4a,5876.2
104853,T4c,5876.2
126163,Tm3,5876.3
105521,T4c,5876.3
95926,T4a,5876.3
41654,Mi1,5876.3
89825,T4a,5876.3
37044,Mi1,5876.3
94624,T4a,5876.3
112241,T4b,5876.3
71052,T2a,5876.400000000001
78848,Tm3,5876.400000000001
69961,Tm3,5876.400000000001
10555,OA-VUMa3,5876.400000000001
21336,LC4,5876.400000000001
35580,Mi1,5876.5
36881,Mi1,5876.5
40411,Mi1,5876.5
40596,Mi1,5876.5
90888,T4b,5876.5
113945,T4d,5876.5
36410,Mi1,5876.6
71765,T2a,5876.6
75172,T2a,5876.6
113107,T4a,5876.6
75550,Tm3,5876.700000000001
39727,Mi1,5876.700000000001
10016,HSE,5876.8
10037,VS,5876.8
83438,T4a,5876.8
94549,T4b,5876.8
98862,Tm3,5876.8
10001,DNp01,5876.9
37037,Mi1,5876.9
40219,Mi1,5876.9
102975,T4b,5876.9
103025,T4a,5876.9
100633,T4a,5877.000000000001
106793,T4d,5877.000000000001
102791,T4c,5877.000000000001
93360,T4b,5877.000000000001
112179,T4b,5877.000000000001
56564,Mi1,5877.000000000001
36252,Mi1,5877.000000000001
33614,Mi1,5877.000000000001
10072,OA-AL2i1,5877.000000000001
68485,T2a,5877.000000000001
91987,T4c,5877.1
22034,LC4,5877.1
37294,Mi1,5877.1
17266,LC4,5877.2
40171,Mi1,5877.2
41613,Mi1,5877.2
44222,Mi1,5877.2
44282,Mi1,5877.2
47967,Mi1,5877.2
102845,T4b,5877.2
20542,LC4,5877.3
30997,Mi1,5877.3
38710,Mi1,5877.3
96003,T4d,5877.3
99609,T4a,5877.3
99672,T4a,5877.3
104996,T4a,5877.400000000001
93947,T4a,5877.400000000001
87106,T4a,5877.400000000001
48930,TmY3,5877.400000000001
37948,Mi1,5877.400000000001
78940,T4a,5877.400000000001
39629,Mi1,5877.5
43783,Mi1,5877.5
49441,TmY3,5877.5
34045,Mi1,5877.6
75557,Tm3,5877.6
38529,Mi1,5877.7
39525,Mi1,5877.7
42856,Mi1,5877.7
63868,T2a,5877.7
65833,Mi1,5877.7
85429,T4d,5877.7
105412,T4a,5877.7
107420,T4b,5877.7
107812,T4a,5877.8
78172,TmY3,5877.8
17548,LC4,5877.8
40085,Mi1,5877.8
71228,T2a,5877.8
101081,T4c,5877.900000000001
90219,T4a,5877.900000000001
76733,Tm3,5877.900000000001
91806,T4a,5877.900000000001
37568,Mi1,5877.900000000001
34171,Mi1,5877.900000000001
10284,VS,5877.900000000001
74287,Tm3,5877.900000000001
37270,Mi1,5878.0
47686,TmY3,5878.0
19550,LC4,5878.099999999999
105834,T4d,5878.099999999999
102031,T4c,5878.200000000001
89099,T4a,5878.200000000001
69380,Tm3,5878.200000000001
35416,Mi1,5878.200000000001
36217,Mi1,5878.200000000001
33091,Mi1,5878.200000000001
41296,Mi1,5878.200000000001
103073,T4a,5878.3
10025,H2,5878.3
10110,OA-VUMa1,5878.3
20282,LC4,5878.3
21287,LC4,5878.3
34899,Mi1,5878.3
37631,Mi1,5878.3
51122,Mi1,5878.3
77791,T2a,5878.3
101215,T4c,5878.3
99663,T4c,5878.4
39275,Mi1,5878.4
97184,T4d,5878.4
151155,T4b,5878.500000000001
10015,HSN,5878.500000000001
24338,LC4,5878.500000000001
35888,Mi1,5878.500000000001
39405,Mi1,5878.500000000001
40936,Mi1,5878.500000000001
73619,T2a,5878.500000000001
108325,T4c,5878.500000000001
110910,Tm3,5878.500000000001
122273,Tm3,5878.6
105574,T4d,5878.6
97318,T4d,5878.6
72426,Tm3,5878.6
39505,Mi1,5878.6
92644,T4d,5878.6
112545,T4d,5878.7
67408,Mi1,5878.7
58553,TmY3,5878.7
35774,Mi1,5878.7
35806,Mi1,5878.7
19954,LC4,5878.7
38479,Mi1,5878.7
102540,T4b,5878.8
115636,T4d,5878.8
107445,T4a,5878.8
100726,T4d,5878.8
112393,T4a,5878.8
91313,T4a,5878.8
71944,T2a,5878.8
37353,Mi1,5878.8
95239,T4a,5878.8
112969,T4c,5878.900000000001
106362,T4d,5878.900000000001
101620,T4b,5878.900000000001
100190,T4c,5878.900000000001
37371,Mi1,5878.900000000001
65671,Mi1,5878.900000000001
54885,TmY3,5878.900000000001
34938,Mi1,5878.900000000001
90474,T4b,5878.900000000001
92254,T4b,5879.0
79449,T4b,5879.0
72989,Tm3,5879.0
67810,Tm3,5879.0
123490,Tm3,5879.0
10755,H1,5879.0
10652,OA-AL2i4,5879.0
10206,VS,5879.0
11602,OA-ASM1,5879.0
10023,HSS,5879.1
71938,T2a,5879.1
82515,Tm3,5879.1
83583,T4d,5879.1
89020,T4a,5879.1
35840,Mi1,5879.2
42119,Mi1,5879.2
89434,T4c,5879.2
109172,T4b,5879.2
40854,Mi1,5879.3
64633,T2a,5879.3
37927,Mi1,5879.3
97193,T4a,5879.3
17668,LC4,5879.3
10825,OA-AL2i3,5879.3
23792,LC4,5879.3
107719,T4b,5879.3
83365,T2a,5879.400000000001
800146,TTMn,5879.400000000001
52485,TmY3,5879.400000000001
10012,VS,5879.400000000001
10080,OA-VUMa3,5879.400000000001
10175,OA-VUMa6,5879.400000000001
20917,LC4,5879.5
22328,LC4,5879.5
33907,Mi1,5879.5
34933,Mi1,5879.5
92047,T4c,5879.5
93419,T4b,5879.5
98000,T4b,5879.5
101945,T4b,5879.5
537004,VSm,5879.5
90900,T4a,5879.599999999999
41950,Mi1,5879.599999999999
98300,T4a,5879.599999999999
18127,LC4,5879.599999999999
39692,TmY3,5879.599999999999
10799,OA-VUMa4,5879.700000000001
38455,Mi1,5879.700000000001
89142,T4b,5879.700000000001
10112,VS,5879.8
12109,OA-VUMa2,5879.8
42594,Mi1,5879.8
73098,T2a,5879.8
118948,T4d,5879.8
25584,LC4,5879.9
41536,Mi1,5879.9
108757,T4c,5879.9
66325,Tm3,5880.0
74997,Tm3,5880.0
40235,Mi1,5880.0
100087,T4b,5880.0
21225,LC4,5880.0
21165,LC4,5880.0
10016,HSE,5880.0
33942,Mi1,5880.0
108876,T4c,5880.1
102579,T4b,5880.1
72279,Mi1,5880.1
21313,LC4,5880.1
37438,Mi1,5880.1
36990,Mi1,5880.1
67150,T2a,5880.1
59959,Mi1,5880.2
74259,T2a,5880.2
93509,T4b,5880.2
129235,Tm3,5880.2
32535,Mi1,5880.3
103827,T4c,5880.3
106203,T4d,5880.4
90796,T4d,5880.4
67131,Tm3,5880.4
34867,Mi1,5880.4
10001,DNp01,5880.4
65850,T2a,5880.5
43323,Mi1,5880.5
16128,LC4,5880.6
16628,LC4,5880.6
35428,Mi1,5880.6
38133,Mi1,5880.6
45322,Mi1,5880.6
78856,Tm3,5880.6
84267,T4c,5880.6
91469,T4c,5880.6
96134,T4b,5880.6
99671,T4c,5880.6
67113,Mi1,5880.6
106886,T4c,5880.7
40703,Mi1,5880.7
93750,T4c,5880.7
69889,T2a,5880.7
37599,Mi1,5880.7
35001,Mi1,5880.7
35734,Mi1,5880.7
20673,LC4,5880.7
10037,VS,5880.8
26112,LC4,5880.8
48607,TmY3,5880.8
76325,T2a,5880.8
90567,T4b,5880.8
103314,T4b,5880.8
105962,T4b,5880.900000000001
103022,T4a,5880.900000000001
98625,T4a,5880.900000000001
81309,T2a,5880.900000000001
47696,TmY3,5880.900000000001
58862,Mi1,5880.900000000001
20016,LC4,5880.900000000001
73447,Tm3,5880.900000000001
104674,T4a,5881.0
104297,T4a,5881.0
35770,Mi1,5881.0
63175,Mi1,5881.0
38767,Mi1,5881.099999999999
45319,Mi1,5881.099999999999
70281,T2a,5881.099999999999
96424,T4b,5881.099999999999
97326,T4c,5881.099999999999
100488,T4c,5881.099999999999
103226,T4d,5881.099999999999
20399,LC4,5881.200000000001
64149,Mi1,5881.200000000001
77910,Tm3,5881.200000000001
98360,T4c,5881.3
99922,T4c,5881.3
103725,T4a,5881.3
34463,Mi1,5881.3
11134,VSm,5881.3
10185,OA-VUMa8,5881.3
40635,Mi1,5881.3
10025,H2,5881.4
33110,Mi1,5881.4
63420,Mi1,5881.4
68212,T2a,5881.4
36540,Mi1,5881.5
50345,TmY3,5881.5
64897,T2,5881.5
66214,T2a,5881.5
107640,T4c,5881.5
97306,T4a,5881.6
69980,Tm3,5881.6
113983,T4d,5881.6
37243,Mi1,5881.6
41668,Mi1,5881.6
10204,OA-AL2i2,5881.7
91629,T4a,5881.7
110989,T4b,5881.8
108675,T4b,5881.8
48547,TmY3,5881.8
102229,T4d,5881.8
38648,Mi1,5881.8
10041,OA-VUMa1,5881.8
39894,T4b,5881.8
20808,LC4,5881.9
33326,Mi1,5881.9
98467,T4d,5881.9
116451,T4c,5881.9
107906,T4b,5882.0
102991,T4c,5882.0
93972,T4a,5882.0
34142,Mi1,5882.0
35234,Mi1,5882.0
36158,Mi1,5882.0
17987,LC4,5882.0
64341,TmY3,5882.1
68951,TmY3,5882.1
93025,T4b,5882.1
98398,T4c,5882.2
12521,HST,5882.2
64260,T2,5882.2
68342,Tm3,5882.2
91674,T4a,5882.2
108065,T4c,5882.2
10015,HSN,5882.3
16138,LC4,5882.3
51191,TmY3,5882.3
51963,TmY3,5882.3
23392,LC4,5882.400000000001
100874,T4a,5882.400000000001
38178,Mi1,5882.400000000001
21151,LC4,5882.400000000001
35724,Mi1,5882.400000000001
23098,LC4,5882.5
33446,Mi1,5882.5
35235,Mi1,5882.5
35498,Mi1,5882.5
35836,Mi1,5882.5
44119,Mi1,5882.5
69915,TmY3,5882.5
84008,T4c,5882.5
105565,Tm3,5882.5
86696,T4d,5882.6
90145,T4a,5882.6
105276,T4d,5882.6
41435,Mi1,5882.6
34079,Mi1,5882.6
37555,Mi1,5882.6
11005,OA-VUMa4,5882.700000000001
19260,LC4,5882.700000000001
24867,VST1,5882.700000000001
38768,Mi1,5882.700000000001
57398,Mi1,5882.700000000001
82211,T2a,5882.700000000001
84490,T4a,5882.700000000001
94953,T4d,5882.700000000001
91913,T4b,5882.8
66980,T2a,5882.8
102448,T4d,5882.8
32893,Mi1,5882.8
10023,HSS,5882.8
37000,Mi1,5882.8
102595,T4d,5882.900000000001
100996,T4b,5882.900000000001
118924,Tm3,5882.900000000001
96576,T4c,5882.900000000001
12896,OA-VUMa5,5882.900000000001
98788,T4d,5882.900000000001
11264,OA-ASM1,5883.0
35045,Mi1,5883.0
36646,Mi1,5883.0
37853,Mi1,5883.0
86686,T4c,5883.0
86992,T4b,5883.0
103271,T4c,5883.0
106166,T4b,5883.1
67072,T2a,5883.1
102519,T4a,5883.1
35218,Mi1,5883.1
10677,OA-AL2i4,5883.1
42533,TmY3,5883.1
94886,T4d,5883.200000000001
93985,T4c,5883.200000000001
90049,T4c,5883.200000000001
87358,T4a,5883.200000000001
91510,T4c,5883.200000000001
66808,Tm3,5883.200000000001
37529,Mi1,5883.200000000001
10016,HSE,5883.200000000001
68982,Tm3,5883.200000000001
22194,LC4,5883.3
38993,Mi1,5883.3
97105,T4d,5883.3
95458,T4d,5883.4
98194,T4d,5883.4
96394,T4b,5883.4
70812,TmY3,5883.4
19543,LC4,5883.4
43689,Mi1,5883.4
41809,Mi1,5883.4
66227,Tm3,5883.4
10001,DNp01,5883.500000000001
17364,LC4,5883.500000000001
35100,Mi1,5883.500000000001
92706,T4a,5883.500000000001
102741,T4c,5883.500000000001
104130,T4a,5883.500000000001
90419,T4b,5883.6
85378,T4a,5883.6
96835,T4b,5883.6
37391,Mi1,5883.6
17926,LC4,5883.6
38893,Mi1,5883.6
91057,T4c,5883.7
99163,T4a,5883.7
17860,LC4,5883.8
36305,Mi1,5883.8
36452,Mi1,5883.8
42758,Mi1,5883.8
92552,T4a,5883.8
92684,T4c,5883.8
101732,T4c,5883.8
112806,T4c,5883.8
287884,OA-VPM3,5883.8
59864,Tm3,5883.900000000001
39718,Mi1,5883.900000000001
83191,T4a,5883.900000000001
10269,OA-AL2i2,5883.900000000001
10322,OA-AL2i2,5883.900000000001
37123,Mi1,5884.0
41545,Mi1,5884.0
63994,Mi1,5884.0
73021,T2a,5884.0
83677,T4c,5884.0
116343,T4a,5884.0
42675,Mi1,5884.1
21336,LC4,5884.1
10112,VS,5884.2
10168,OA-VUMa6,5884.2
34189,Mi1,5884.2
94567,T4c,5884.2
100838,T4c,5884.2
35152,Mi1,5884.3
36139,Mi1,5884.3
103677,T4b,5884.3
92181,T4a,5884.400000000001
88575,T4b,5884.400000000001
34626,Mi1,5884.400000000001
10072,OA-AL2i1,5884.400000000001
10025,H2,5884.400000000001
10658,OA-AL2i3,5884.5
10755,H1,5884.5
35447,Mi1,5884.5
53065,Mi1,5884.5
88491,T4a,5884.5
96081,T4a,5884.5
82313,T4a,5884.6
10037,VS,5884.6
39438,Mi1,5884.6
31848,Mi1,5884.700000000001
37699,Mi1,5884.700000000001
68264,Tm3,5884.700000000001
96812,T4a,5884.700000000001
112027,T4d,5884.8
286259,OA-ASM1,5884.8
103867,T4a,5884.8
77982,T2a,5884.8
62856,T2,5884.8
46827,Mi1,5884.8
101742,T4c,5884.8
99850,T4a,5884.9
20542,LC4,5884.9
48286,Mi1,5884.9
56762,TmY3,5884.9
94081,T4c,5884.9
99670,T4c,5884.9
106821,T4b,5884.9
18189,LC4,5885.000000000001
34296,Mi1,5885.000000000001
42895,Mi1,5885.000000000001
104931,T4c,5885.000000000001
85152,T4c,5885.1
103425,T4a,5885.1
79704,T4d,5885.1
35934,Mi1,5885.1
12688,OA-ASM1,5885.1
10206,VS,5885.1
38238,Mi1,5885.2
40256,Mi1,5885.2
20588,LC4,5885.3
36994,Mi1,5885.3
38987,Mi1,5885.3
71089,Mi1,5885.3
85126,T4a,5885.3
90097,T4c,5885.3
107715,T4a,5885.3
122233,Tm3,5885.400000000001
95883,T4a,5885.400000000001
94930,T2a,5885.400000000001
95629,T4c,5885.400000000001
36275,Mi1,5885.400000000001
35173,Mi1,5885.400000000001
10687,OA-AL2i3,5885.400000000001
81211,Tm3,5885.400000000001
34849,Mi1,5885.5
37113,Mi1,5885.5
38514,Mi1,5885.5
97145,T4c,5885.5
114391,T4d,5885.6
107529,T4d,5885.6
99292,T4a,5885.6
45948,TmY3,5885.6
36954,Mi1,5885.6
88922,T4c,5885.6
79875,T4c,5885.7
19954,LC4,5885.7
41522,Mi1,5885.7
75848,T2a,5885.7
97899,T4a,5885.8
36660,Mi1,5885.8
24338,LC4,5885.900000000001
44449,TmY3,5885.900000000001
51231,TmY3,5885.900000000001
61353,T2,5885.900000000001
100501,T4b,5885.900000000001
109336,T4b,5885.900000000001
800146,TTMn,5885.900000000001
41626,Mi1,5886.0
46230,TmY3,5886.0
94948,T4c,5886.0
100319,T4b,5886.0
107075,T4d,5886.0
108276,T4a,5886.0
121170,Tm3,5886.099999999999
107211,T4d,5886.099999999999
104478,T4d,5886.099999999999
102703,T4a,5886.099999999999
84434,Tm3,5886.099999999999
63468,Mi1,5886.099999999999
22847,LC4,5886.099999999999
59397,Mi1,5886.200000000001
98137,T4d,5886.200000000001
100673,T4b,5886.200000000001
108594,T4d,5886.200000000001
111613,T4d,5886.200000000001
10015,HSN,5886.3
41709,Mi1,5886.3
47368,TmY3,5886.3
78911,Tm3,5886.3
113686,T4d,5886.3
107170,T4b,5886.4
92640,T4d,5886.4
88152,T4c,5886.4
87873,T4b,5886.4
81092,Tm3,5886.4
40944,Mi1,5886.4
37019,Mi1,5886.4
10016,HSE,5886.4
98654,T4d,5886.5
91476,T4d,5886.5
92431,T4a,5886.5
35017,Mi1,5886.5
33017,Mi1,5886.5
89728,Tm3,5886.5
10001,DNp01,5886.6
10023,HSS,5886.6
33655,Mi1,5886.6
90027,T4c,5886.6
95972,T4d,5886.6
98837,T4c,5886.7
104257,T4b,5886.7
39158,Mi1,5886.7
10284,VS,5886.7
29563,LC4,5886.7
36177,Mi1,5886.8
39743,Mi1,5886.8
79293,Tm3,5886.8
90278,T4a,5886.8
106745,T4b,5886.900000000001
34479,Mi1,5886.900000000001
64058,T2,5886.900000000001
70289,Mi1,5886.900000000001
86175,T4a,5886.900000000001
97256,T4c,5886.900000000001
103654,T4b,5886.900000000001
120231,Tm3,5887.0
107819,T4c,5887.0
525839,Mi1,5887.0
94089,T4d,5887.0
25584,LC4,5887.0
70490,Mi1,5887.0
37088,Mi1,5887.0
85664,TmY3,5887.0
68840,TmY3,5887.0
10226,OA-AL2i3,5887.1
33216,Mi1,5887.1
36533,Mi1,5887.1
38421,Mi1,5887.1
38857,Mi1,5887.1
40426,Mi1,5887.1
90566,T4d,5887.1
96090,T4c,5887.1
97677,T4c,5887.1
105403,T4c,5887.1
111783,T4a,5887.2
121245,Tm3,5887.2
11608,OA-VUMa2,5887.2
100261,T4c,5887.2
17054,LC4,5887.3
91179,T4a,5887.3
93313,T4a,5887.3
96211,T4d,5887.3
21225,LC4,5887.400000000001
21313,LC4,5887.400000000001
35602,Mi1,5887.400000000001
53156,TmY3,5887.400000000001
57871,T2,5887.400000000001
103497,Tm3,5887.400000000001
87845,T4a,5887.5
109326,T4c,5887.5
95736,T4c,5887.5
63673,Tm3,5887.5
38791,Mi1,5887.5
36346,Mi1,5887.5
34057,Mi1,5887.5
11921,OA-VPM4,5887.5
10012,VS,5887.5
10025,H2,5887.599999999999
10265,OA-AL2i2,5887.599999999999
38230,Mi1,5887.599999999999
71394,T2a,5887.599999999999
100206,T4c,5887.599999999999
102425,T4b,5887.599999999999
106587,T4d,5887.599999999999
537004,VSm,5887.700000000001
104414,T4d,5887.700000000001
94305,T4a,5887.700000000001
89252,T4b,5887.700000000001
85856,TmY3,5887.700000000001
85074,T4a,5887.700000000001
39067,Mi1,5887.700000000001
35897,Mi1,5887.700000000001
17548,LC4,5887.700000000001
10187,OA-VPM3,5887.700000000001
16570,VST2,5887.8
19794,LC4,5887.8
38227,Mi1,5887.8
52350,Mi1,5887.8
55976,Mi1,5887.8
69597,Tm3,5887.8
93688,T4a,5887.8
98381,T4d,5887.8
120546,T4d,5887.9
101463,T4d,5887.9
542412,Mi1,5887.9
95345,T4d,5887.9
47211,Mi1,5887.9
35890,Mi1,5887.9
18127,LC4,5887.9
79483,Tm3,5887.9
20634,VST1,5888.0
42691,Mi1,5888.0
98175,T4c,5888.0
99157,T4a,5888.0
34356,Mi1,5888.1
49324,Mi1,5888.1
73828,Tm3,5888.1
100033,T4c,5888.1
111184,T4a,5888.1
97186,T4a,5888.2
90465,T4a,5888.2
10037,VS,5888.2
42872,Mi1,5888.2
19420,LC4,5888.3
38241,Mi1,5888.3
72066,Tm3,5888.3
93927,T4a,5888.4
92114,T4c,5888.4
86416,T4a,5888.4
84328,T4a,5888.4
38721,Mi1,5888.4
35845,Mi1,5888.4
22975,LC4,5888.4
10110,OA-VUMa1,5888.4
63050,T2a,5888.4
84063,T4b,5888.5
74504,T2a,5888.5
41120,Mi1,5888.5
65742,Tm3,5888.5
10555,OA-VUMa3,5888.5
10112,VS,5888.5
22328,LC4,5888.5
21804,LC4,5888.6
101382,T4c,5888.6
103557,T4a,5888.6
109652,T4d,5888.6
40832,Mi1,5888.7
48060,Mi1,5888.7
91345,T4c,5888.7
91366,T4b,5888.7
108161,T4a,5888.7
112944,T4b,5888.7
20808,LC4,5888.8
104336,T4b,5888.8
101480,T4c,5888.900000000001
38208,Mi1,5888.900000000001
10825,OA-AL2i3,5888.900000000001
23098,LC4,5888.900000000001
99348,T4c,5889.0
90058,T4a,5889.0
62894,Tm3,5889.0
95453,T4a,5889.0
37839,Mi1,5889.0
36911,Mi1,5889.0
34300,Mi1,5889.0
41804,Mi1,5889.0
102112,T4c,5889.099999999999
23392,LC4,5889.099999999999
43414,Mi1,5889.099999999999
69063,Mi1,5889.099999999999
70524,T2a,5889.099999999999
87424,T4d,5889.099999999999
93407,T4d,5889.099999999999
526158,Mi1,5889.200000000001
92281,T4c,5889.200000000001
57239,Mi1,5889.200000000001
35512,Mi1,5889.200000000001
35405,Mi1,5889.3
42048,Mi1,5889.3
46745,Mi1,5889.3
69164,Mi1,5889.3
94983,T4c,5889.3
95921,T4c,5889.3
67308,Mi1,5889.4
90533,T4c,5889.4
91325,T4a,5889.4
96657,T4c,5889.4
96784,T4b,5889.4
116633,T4c,5889.5
92939,T4b,5889.5
68475,T2a,5889.5
86778,T4a,5889.5
34862,Mi1,5889.5
33462,Mi1,5889.5
60857,Mi1,5889.5
108847,T4d,5889.6
10016,HSE,5889.6
10799,OA-VUMa4,5889.6
41136,Mi1,5889.6
81015,T4a,5889.6
101589,T4a,5889.6
75660,T2a,5889.7
67152,Tm3,5889.7
60979,TmY3,5889.7
10001,DNp01,5889.7
10120,OA-VPM4,5889.7
96671,T4c,5889.7
37138,Mi1,5889.7
103302,T4c,5889.7
110757,T4b,5889.8
97231,T4a,5889.8
36446,Mi1,5889.8
80812,T4a,5889.8
93877,T4c,5889.8
43978,Mi1,5889.9
74023,T2a,5889.9
77527,T4a,5889.9
104450,T4a,5889.9
108344,T4d,5889.9
48531,Mi1,5890.0
37270,Mi1,5890.0
36684,Mi1,5890.0
11134,VSm,5890.0
36410,Mi1,5890.1
37037,Mi1,5890.1
54087,Mi1,5890.1
68562,T2a,5890.1
97866,T4d,5890.1
104858,T4b,5890.2
96199,T4a,5890.2
10023,HSS,5890.2
94668,T4d,5890.2
10015,HSN,5890.3
16138,LC4,5890.3
25893,VST1,5890.3
31492,Mi1,5890.3
40505,Mi1,5890.3
46248,Mi1,5890.3
55101,Mi1,5890.3
62078,Mi1,5890.3
82576,T4b,5890.3
80358,Tm3,5890.400000000001
108974,T4c,5890.400000000001
102801,T4b,5890.400000000001
76788,T4b,5890.400000000001
40596,Mi1,5890.400000000001
39727,Mi1,5890.400000000001
34404,Mi1,5890.400000000001
16128,LC4,5890.400000000001
19550,LC4,5890.5
58224,Mi1,5890.5
59008,Mi1,5890.5
67971,Tm3,5890.5
75298,T2a,5890.5
91303,T4b,5890.5
94058,T4b,5890.5
97675,T4c,5890.5
101878,T4a,5890.5
119245,T4d,5890.6
109916,T4d,5890.6
87289,T4a,5890.6
90394,T4a,5890.6
60856,T2a,5890.6
41659,Mi1,5890.6
35580,Mi1,5890.6
83639,T2a,5890.6
101245,T4a,5890.700000000001
40411,Mi1,5890.700000000001
40400,Mi1,5890.700000000001
41613,Mi1,5890.700000000001
19260,LC4,5890.700000000001
10755,H1,5890.700000000001
36252,Mi1,5890.700000000001
22194,LC4,5890.8
39629,Mi1,5890.8
39651,Mi1,5890.8
77920,Tm3,5890.8
91283,T4c,5890.900000000001
117221,T4c,5890.900000000001
106701,T4d,5890.900000000001
96931,T4b,5890.900000000001
87412,T4c,5890.900000000001
37509,Mi1,5890.900000000001
56564,Mi1,5890.900000000001
47962,TmY3,5890.900000000001
34369,Mi1,5890.900000000001
10025,H2,5890.900000000001
58945,Tm3,5890.900000000001
10175,OA-VUMa6,5891.0
16628,LC4,5891.0
17266,LC4,5891.0
30997,Mi1,5891.0
41654,Mi1,5891.0
106522,T4d,5891.1
100785,T4b,5891.1
83979,T4a,5891.1
93224,T4a,5891.1
37294,Mi1,5891.1
35712,Mi1,5891.1
12109,OA-VUMa2,5891.1
75521,T2a,5891.1
106950,T4c,5891.200000000001
102388,T4d,5891.200000000001
98887,T4b,5891.200000000001
98118,T4c,5891.200000000001
97885,T4a,5891.200000000001
96126,T4b,5891.200000000001
88281,T4b,5891.200000000001
39275,Mi1,5891.200000000001
35416,Mi1,5891.200000000001
110693,Tm3,5891.200000000001
88726,T4b,5891.200000000001
109996,T4c,5891.200000000001
107442,T4d,5891.3
37224,Mi1,5891.3
34899,Mi1,5891.3
149504,T4d,5891.4
112048,T4c,5891.4
103645,T4c,5891.4
99316,T4b,5891.4
93865,T4c,5891.4
77395,T4b,5891.4
89368,T4c,5891.4
40219,Mi1,5891.4
40085,Mi1,5891.4
36217,Mi1,5891.4
21336,LC4,5891.4
10206,VS,5891.4
44282,Mi1,5891.4
71652,Tm3,5891.500000000001
93166,T4c,5891.500000000001
72829,T2a,5891.500000000001
66604,TmY3,5891.500000000001
38708,Mi1,5891.500000000001
37631,Mi1,5891.500000000001
21287,LC4,5891.500000000001
39500,Mi1,5891.500000000001
11602,OA-ASM1,5891.6
19543,LC4,5891.6
37568,Mi1,5891.6
40026,TmY3,5891.6
100946,T4c,5891.6
102462,T4c,5891.6
800146,TTMn,5891.6
40936,Mi1,5891.7
81733,Tm3,5891.7
74927,Tm3,5891.7
40171,Mi1,5891.7
39164,Mi1,5891.7
33766,Mi1,5891.7
22034,LC4,5891.7
10037,VS,5891.7
10041,OA-VUMa1,5891.8
62947,T2a,5891.8
74231,Tm3,5891.8
532850,Tm3,5891.8
107297,T4c,5891.900000000001
101772,Tm3,5891.900000000001
79646,Tm3,5891.900000000001
34171,Mi1,5891.900000000001
36881,Mi1,5891.900000000001
10011,OA-AL2i1,5891.900000000001
37948,Mi1,5891.900000000001
105706,T4a,5892.0
111581,T4d,5892.0
104884,T4b,5892.0
39716,Mi1,5892.0
47967,Mi1,5892.0
19954,LC4,5892.0
96676,T4b,5892.0
35888,Mi1,5892.1
38065,LC4,5892.1
98099,T4b,5892.1
10652,OA-AL2i4,5892.2
17926,LC4,5892.2
20917,LC4,5892.2
36369,Mi1,5892.2
89409,T4a,5892.2
78731,Tm3,5892.3
99980,T4c,5892.3
62757,T2a,5892.3
43965,Mi1,5892.3
37044,Mi1,5892.3
10072,OA-AL2i1,5892.3
10185,OA-VUMa8,5892.400000000001
34938,Mi1,5892.400000000001
35806,Mi1,5892.400000000001
37353,Mi1,5892.400000000001
65513,T2a,5892.400000000001
85924,T4a,5892.400000000001
90520,T4a,5892.400000000001
97878,T4b,5892.400000000001
101994,T4a,5892.400000000001
93360,T4b,5892.5
88698,T4a,5892.5
67963,Tm3,5892.5
72665,Mi1,5892.5
41296,Mi1,5892.5
33091,Mi1,5892.5
10080,OA-VUMa3,5892.5
43783,Mi1,5892.5
111380,Tm3,5892.6
103479,T4c,5892.6
94743,T4d,5892.6
94071,T4a,5892.6
92842,T4a,5892.6
37680,Mi1,5892.6
34045,Mi1,5892.6
19634,LC4,5892.6
12521,HST,5892.6
10112,VS,5892.6
10001,DNp01,5892.6
20542,LC4,5892.6
97288,T4c,5892.700000000001
107031,T4b,5892.700000000001
65443,T2a,5892.700000000001
11005,OA-VUMa4,5892.700000000001
33614,Mi1,5892.700000000001
35840,Mi1,5892.700000000001
10016,HSE,5892.8
38529,Mi1,5892.8
44222,Mi1,5892.8
51122,Mi1,5892.8
92839,T4b,5892.8
110403,T4b,5892.9
104996,T4a,5892.9
77138,Tm3,5892.9
20399,LC4,5892.9
10269,OA-AL2i2,5892.9
33942,Mi1,5892.9
106801,T4c,5893.000000000001
106952,T4b,5893.000000000001
129930,Tm3,5893.000000000001
100867,T4b,5893.000000000001
57349,Mi1,5893.000000000001
93566,T4a,5893.000000000001
48894,TmY3,5893.000000000001
94356,T4c,5893.000000000001
106912,Tm3,5893.1
34933,Mi1,5893.1
35770,Mi1,5893.1
39405,Mi1,5893.1
42119,Mi1,5893.1
82425,T4b,5893.1
98393,T4a,5893.1
108697,T4d,5893.1
40854,Mi1,5893.2
81706,T2a,5893.2
38479,Mi1,5893.2
90259,T4d,5893.2
17668,LC4,5893.2
10322,OA-AL2i2,5893.2
35774,Mi1,5893.2
107567,T4c,5893.2
101302,T4d,5893.3
107621,T4d,5893.3
101228,T4a,5893.3
90423,T4b,5893.3
96852,T4a,5893.3
20673,LC4,5893.3
113852,T4b,5893.400000000001
67408,Mi1,5893.400000000001
59959,Mi1,5893.400000000001
86419,Tm3,5893.400000000001
42594,Mi1,5893.400000000001
38710,Mi1,5893.400000000001
24338,LC4,5893.400000000001
47240,TmY3,5893.400000000001
37371,Mi1,5893.5
45176,Mi1,5893.5
94282,T4c,5893.5
105313,T4a,5893.5
80913,T4a,5893.6
121816,T4a,5893.6
103570,T4d,5893.6
74937,T2a,5893.6
41950,Mi1,5893.6
33907,Mi1,5893.6
10677,OA-AL2i4,5893.6
65833,Mi1,5893.6
37927,Mi1,5893.7
45319,Mi1,5893.7
72279,Mi1,5893.7
78503,T2a,5893.7
90952,T4c,5893.7
96035,T4d,5893.7
99950,T4c,5893.7
103780,T4c,5893.7
106401,T4d,5893.7
104802,T4c,5893.8
92273,T2a,5893.8
39505,Mi1,5893.8
30803,LC4,5893.8
10204,OA-AL2i2,5893.8
34867,Mi1,5893.900000000001
89866,T4b,5893.900000000001
10015,HSN,5894.0
10023,HSS,5894.0
35734,Mi1,5894.0
37599,Mi1,5894.0
102113,T4b,5894.0
102910,T4b,5894.0
109023,T4c,5894.0
65671,Mi1,5894.099999999999
50333,TmY3,5894.099999999999
39525,Mi1,5894.099999999999
40577,Mi1,5894.099999999999
35260,Mi1,5894.099999999999
21165,LC4,5894.099999999999
12896,OA-VUMa5,5894.099999999999
38133,Mi1,5894.099999999999
116311,T4d,5894.200000000001
93527,T4a,5894.200000000001
34606,Mi1,5894.200000000001
83125,T4b,5894.200000000001
21313,LC4,5894.200000000001
10025,H2,5894.200000000001
10012,VS,5894.200000000001
32535,Mi1,5894.200000000001
51049,Mi1,5894.3
94482,T4d,5894.3
103527,T4c,5894.3
120992,Tm3,5894.3
103440,T4d,5894.4
112744,T4d,5894.4
97769,T4a,5894.4
69546,Tm3,5894.4
40703,Mi1,5894.4
10687,OA-AL2i3,5894.4
72619,T2a,5894.4
112453,T4c,5894.5
111416,Tm3,5894.5
106922,T4c,5894.5
106819,T4b,5894.5
104412,T4a,5894.5
102975,T4b,5894.5
94574,T4c,5894.5
44700,Mi1,5894.5
44564,TmY3,5894.5
42856,Mi1,5894.5
21225,LC4,5894.5
114088,T4d,5894.6
95985,T4c,5894.6
80197,T4a,5894.6
74303,Mi1,5894.6
35234,Mi1,5894.6
45005,TmY3,5894.6
40635,Mi1,5894.6
35001,Mi1,5894.6
70642,T2a,5894.6
90219,T4a,5894.7
18127,LC4,5894.7
43323,Mi1,5894.7
74159,Tm3,5894.7
98890,T4c,5894.7
105126,T4c,5894.8
67113,Mi1,5894.8
58862,Mi1,5894.8
35113,Mi1,5894.8
34142,Mi1,5894.8
41536,Mi1,5894.8
118502,T4b,5894.900000000001
115686,T4b,5894.900000000001
93957,T4b,5894.900000000001
89825,T4a,5894.900000000001
89282,T4a,5894.900000000001
109142,T4b,5894.900000000001
88084,T4b,5894.900000000001
74725,T2a,5894.900000000001
72796,Tm3,5894.900000000001
38455,Mi1,5894.900000000001
17987,LC4,5894.900000000001
88933,T4a,5894.900000000001
18189,LC4,5895.0
35428,Mi1,5895.0
75343,Tm3,5895.0
93604,T4a,5895.0
95356,T4a,5895.0
108948,T4b,5895.0
39692,TmY3,5895.1
17364,LC4,5895.1
37243,Mi1,5895.1
91781,Tm3,5895.2
82674,T4a,5895.2
101770,T4b,5895.2
99519,T4a,5895.2
80838,T2a,5895.2
103025,T4a,5895.2
35836,Mi1,5895.2
34463,Mi1,5895.2
25584,LC4,5895.2
10168,OA-VUMa6,5895.2
38767,Mi1,5895.2
41668,Mi1,5895.3
83438,T4a,5895.3
10037,VS,5895.3
36540,Mi1,5895.3
40235,Mi1,5895.400000000001
77891,Tm3,5895.400000000001
82099,T4b,5895.400000000001
85536,T4a,5895.400000000001
121093,T4b,5895.400000000001
10001,DNp01,5895.5
72983,T2a,5895.5
99748,T4b,5895.5
100165,T4b,5895.5
100787,T4b,5895.5
110555,T4b,5895.5
105895,T4a,5895.599999999999
104027,T4d,5895.599999999999
72794,Tm3,5895.599999999999
45322,Mi1,5895.599999999999
86630,Tm3,5895.599999999999
37438,Mi1,5895.599999999999
36990,Mi1,5895.599999999999
35235,Mi1,5895.599999999999
44592,TmY3,5895.599999999999
77916,T2a,5895.700000000001
94549,T4b,5895.700000000001
108438,T4d,5895.700000000001
118385,T4b,5895.700000000001
108119,T4c,5895.8
107105,T4d,5895.8
104703,T4d,5895.8
78968,Tm3,5895.8
96728,T4c,5895.8
77480,Tm3,5895.8
100855,T4a,5895.8
83583,T4d,5895.9
104368,T4c,5895.9
88460,T2a,5895.9
74375,Tm3,5895.9
63175,Mi1,5895.9
47465,TmY3,5895.9
10755,H1,5895.9
71773,T2a,5895.9
10016,HSE,5896.0
20282,LC4,5896.0
32893,Mi1,5896.0
38178,Mi1,5896.0
110988,T4a,5896.0
537004,VSm,5896.1
108307,T4b,5896.1
97853,T4c,5896.1
79138,T2a,5896.1
64149,Mi1,5896.1
67150,T2a,5896.1
38993,Mi1,5896.1
38768,Mi1,5896.1
33446,Mi1,5896.1
33326,Mi1,5896.1
20588,LC4,5896.1
48986,TmY3,5896.1
97872,T4d,5896.2
111949,T4c,5896.2
94283,T4d,5896.2
20808,LC4,5896.3
23098,LC4,5896.3
35498,Mi1,5896.3
37000,Mi1,5896.3
88625,T4c,5896.3
95681,T4a,5896.3
99387,T4a,5896.3
71036,T2a,5896.4
95822,T4b,5896.4
56984,TmY3,5896.4
37529,Mi1,5896.4
11264,OA-ASM1,5896.5
35100,Mi1,5896.5
38648,Mi1,5896.5
91222,T4d,5896.5
98349,T4a,5896.5
10112,VS,5896.6
10284,VS,5896.6
41809,Mi1,5896.6
91444,T4c,5896.6
106535,T4d,5896.6
800146,TTMn,5896.7
116129,T4b,5896.7
107609,T4d,5896.7
100310,T4d,5896.7
71475,Tm3,5896.7
63420,Mi1,5896.7
42758,Mi1,5896.7
36158,Mi1,5896.7
35218,Mi1,5896.7
33110,Mi1,5896.7
11134,VSm,5896.7
57398,Mi1,5896.7
34079,Mi1,5896.8
10658,OA-AL2i3,5896.8
20016,LC4,5896.8
36139,Mi1,5896.8
76621,T2a,5896.8
82038,Tm3,5896.8
94179,T4a,5896.8
101215,T4c,5896.8
99131,T4c,5896.900000000001
76038,Tm3,5896.900000000001
100282,T4a,5896.900000000001
61370,T2,5896.900000000001
23392,LC4,5896.900000000001
17548,LC4,5896.900000000001
36452,Mi1,5896.900000000001
77307,Tm3,5897.0
23792,LC4,5897.0
26112,LC4,5897.0
35045,Mi1,5897.0
39438,Mi1,5897.0
41435,Mi1,5897.0
44119,Mi1,5897.0
104622,T4b,5897.0
41637,Mi1,5897.099999999999
77846,Tm3,5897.099999999999
41399,Mi1,5897.099999999999
287884,OA-VPM3,5897.200000000001
110646,T4b,5897.200000000001
93564,T4d,5897.200000000001
101005,T4d,5897.200000000001
90121,T4b,5897.200000000001
17054,LC4,5897.200000000001
37391,Mi1,5897.200000000001
36646,Mi1,5897.200000000001
16128,LC4,5897.200000000001
37555,Mi1,5897.200000000001
102229,T4d,5897.3
89934,T4d,5897.3
122308,Tm3,5897.3
80437,Tm3,5897.3
37123,Mi1,5897.3
88398,T4a,5897.3
81995,Tm3,5897.4
70158,T2a,5897.4
97784,T4c,5897.4
52328,TmY3,5897.4
22328,LC4,5897.4
34296,Mi1,5897.4
10025,H2,5897.4
68167,Tm3,5897.4
12688,OA-ASM1,5897.5
37853,Mi1,5897.5
49788,TmY3,5897.5
94468,T4c,5897.5
105545,T4d,5897.5
10206,VS,5897.6
38238,Mi1,5897.6
68412,T2a,5897.6
72558,T2a,5897.6
132339,Tm3,5897.6
101685,T4b,5897.7
98985,T4c,5897.7
43689,Mi1,5897.7
77676,T2a,5897.7
35683,Mi1,5897.7
40256,Mi1,5897.7
10023,HSS,5897.7
10015,HSN,5897.7
97161,T4a,5897.8
85378,T4a,5897.8
97545,T4c,5897.8
35724,Mi1,5897.8
78561,Tm3,5897.8
38893,Mi1,5897.9
63994,Mi1,5897.9
64849,Tm3,5897.9
91913,T4b,5897.9
96365,T4a,5897.9
103148,T4a,5897.9
97792,T4b,5898.0
171349687,Tm3,5898.0
95677,T4c,5898.0
93509,T4b,5898.0
72955,T2a,5898.0
72194,Tm3,5898.0
60886,T2a,5898.0
75484,Tm3,5898.0
93750,T4c,5898.1
33017,Mi1,5898.1
39718,Mi1,5898.1
53065,Mi1,5898.1
57486,TmY3,5898.1
79449,T4b,5898.1
100046,T4b,5898.1
89434,T4c,5898.2
94153,T4d,5898.2
34626,Mi1,5898.2
85778,T4b,5898.2
109593,Tm3,5898.3
103639,T4d,5898.3
97171,T4d,5898.3
96295,T4b,5898.3
10825,OA-AL2i3,5898.3
36305,Mi1,5898.3
10001,DNp01,5898.3
91629,T4a,5898.3
102370,T4c,5898.400000000001
10110,OA-VUMa1,5898.400000000001
69228,T2a,5898.400000000001
74228,Tm3,5898.400000000001
89290,T4d,5898.400000000001
90371,T4d,5898.400000000001
101873,T4b,5898.5
89139,T4c,5898.5
115111,T4a,5898.5
108349,T4d,5898.5
71089,Mi1,5898.5
48514,TmY3,5898.5
34189,Mi1,5898.5
44438,Mi1,5898.5
50345,TmY3,5898.5
22194,LC4,5898.5
11608,OA-VUMa2,5898.5
31848,Mi1,5898.6
116259,T4b,5898.6
94755,T4a,5898.700000000001
28945,LC4,5898.700000000001
21336,LC4,5898.700000000001
41545,Mi1,5898.700000000001
16138,LC4,5898.700000000001
10226,OA-AL2i3,5898.700000000001
10037,VS,5898.700000000001
17860,LC4,5898.700000000001
35152,Mi1,5898.8
43334,TmY3,5898.8
46827,Mi1,5898.8
69540,TmY3,5898.8
78421,T2a,5898.8
91682,T4b,5898.8
105214,T4c,5898.8
111928,T4b,5898.8
79271,T4a,5898.900000000001
94624,T4a,5898.900000000001
91741,T4d,5898.900000000001
78940,T4a,5898.900000000001
103657,T4b,5898.900000000001
37699,Mi1,5898.900000000001
36275,Mi1,5898.900000000001
34849,Mi1,5898.900000000001
10072,OA-AL2i1,5898.900000000001
38461,Mi1,5898.900000000001
42006,TmY3,5899.0
42675,Mi1,5899.0
83067,T4b,5899.0
83689,T4a,5899.0
87896,T4a,5899.0
89784,T4b,5899.0
90135,T4c,5899.0
92046,T4d,5899.0
99731,T4c,5899.1
60510,T2,5899.1
104354,T4b,5899.1
35447,Mi1,5899.1
19260,LC4,5899.1
37113,Mi1,5899.1
38987,Mi1,5899.200000000001
67719,T2a,5899.200000000001
97028,T4c,5899.200000000001
104905,T4c,5899.200000000001
109291,T4d,5899.3
105521,T4c,5899.3
96576,T4c,5899.3
93482,T4d,5899.3
81471,Tm3,5899.3
79259,T4b,5899.3
38748,Mi1,5899.3
48286,Mi1,5899.3
19543,LC4,5899.3
19420,LC4,5899.3
10016,HSE,5899.3
71402,Tm3,5899.3
80670,T4a,5899.4
106026,T4b,5899.4
35173,Mi1,5899.4
10799,OA-VUMa4,5899.4
45162,TmY3,5899.4
286259,OA-ASM1,5899.500000000001
80483,T4c,5899.500000000001
66852,Mi1,5899.500000000001
45696,Mi1,5899.500000000001
79257,Tm3,5899.500000000001
36994,Mi1,5899.500000000001
21151,LC4,5899.500000000001
19954,LC4,5899.500000000001
41522,Mi1,5899.500000000001
95554,T4b,5899.6
525839,Mi1,5899.6
113207,T4d,5899.6
108066,T4b,5899.6
101043,T4c,5899.6
101033,T4d,5899.6
94471,T4a,5899.6
81883,T2a,5899.6
85007,T4c,5899.6
59397,Mi1,5899.6
36660,Mi1,5899.6
36177,Mi1,5899.6
19794,LC4,5899.6
88992,T4c,5899.6
10265,OA-AL2i2,5899.7
31262,LC4,5899.7
38791,Mi1,5899.7
63468,Mi1,5899.8
546524,Mi1,5899.8
41709,Mi1,5899.8
72896,Tm3,5899.8
33655,Mi1,5899.8
16628,LC4,5899.8
10311,VS,5899.8
38687,Mi1,5899.8
105122,T4b,5899.900000000001
93419,T4b,5899.900000000001
107812,T4a,5899.900000000001
35934,Mi1,5899.900000000001
17926,LC4,5899.900000000001
88095,T4d,5899.900000000001
96219,T4b,5900.0
104301,T4b,5900.0
21313,LC4,5900.1
42872,Mi1,5900.1
92957,T4d,5900.1
100488,T4c,5900.1
102479,T4c,5900.1
107445,T4a,5900.1
99671,T4c,5900.2
42895,Mi1,5900.2
10012,VS,5900.2
34272,Mi1,5900.2
35017,Mi1,5900.2
24338,LC4,5900.3
37088,Mi1,5900.3
41626,Mi1,5900.3
83677,T4c,5900.3
91987,T4c,5900.3
95926,T4a,5900.3
100105,T4a,5900.3
107010,T4d,5900.3
38514,Mi1,5900.400000000001
85741,T4a,5900.400000000001
102579,T4b,5900.400000000001
109631,T4b,5900.400000000001
163245,T4d,5900.5
103765,T4d,5900.5
10025,H2,5900.5
34479,Mi1,5900.5
45719,Mi1,5900.5
10112,VS,5900.599999999999
38632,Mi1,5900.599999999999
38857,Mi1,5900.599999999999
39158,Mi1,5900.599999999999
40944,Mi1,5900.599999999999
68982,Tm3,5900.599999999999
77991,Tm3,5900.599999999999
90112,T4c,5900.599999999999
109598,T4b,5900.599999999999
117142,T4d,5900.599999999999
133349,Tm3,5900.599999999999
99663,T4c,5900.700000000001
95005,T4a,5900.700000000001
86932,T4b,5900.700000000001
90419,T4b,5900.700000000001
71131,Tm3,5900.700000000001
49930,TmY3,5900.700000000001
39858,Mi1,5900.700000000001
78437,Tm3,5900.700000000001
102564,T4a,5900.8
98448,T4b,5900.8
71583,Tm3,5900.8
92082,T4b,5900.8
35602,Mi1,5900.8
10187,OA-VPM3,5900.8
10041,OA-VUMa1,5900.8
48283,TmY3,5900.8
35290,Mi1,5900.9
90888,T4b,5900.9
100924,T4b,5900.9
94081,T4c,5901.000000000001
114817,T4d,5901.000000000001
96003,T4d,5901.000000000001
95883,T4a,5901.000000000001
84663,T2a,5901.000000000001
10001,DNp01,5901.000000000001
34057,Mi1,5901.000000000001
33216,Mi1,5901.000000000001
10755,H1,5901.000000000001
41120,Mi1,5901.000000000001
101383,T4b,5901.1
100838,T4c,5901.1
97105,T4d,5901.1
70289,Mi1,5901.1
113107,T4a,5901.1
40426,Mi1,5901.1
38421,Mi1,5901.1
36533,Mi1,5901.1
34300,Mi1,5901.1
49322,TmY3,5901.1
127615,Tm3,5901.2
115511,T4d,5901.2
44449,TmY3,5901.2
39894,T4b,5901.2
21225,LC4,5901.2
20542,LC4,5901.2
36954,Mi1,5901.2
114698,T4b,5901.3
10023,HSS,5901.3
37270,Mi1,5901.3
42533,TmY3,5901.3
105698,T4c,5901.3
76074,Tm3,5901.400000000001
69063,Mi1,5901.400000000001
102799,T4c,5901.400000000001
92996,T4a,5901.400000000001
42691,Mi1,5901.400000000001
49324,Mi1,5901.400000000001
37019,Mi1,5901.400000000001
36911,Mi1,5901.400000000001
22108,TmY3,5901.400000000001
20634,VST1,5901.400000000001
10269,OA-AL2i2,5901.400000000001
96830,T4b,5901.5
96134,T4b,5901.5
113568,T4d,5901.5
39067,Mi1,5901.5
10015,HSN,5901.5
93334,T4b,5901.5
34356,Mi1,5901.6
38230,Mi1,5901.6
64712,T2a,5901.6
91806,T4a,5901.6
104256,T4a,5901.6
116716,T4b,5901.6
98398,T4c,5901.7
124345,T4d,5901.7
105718,T4b,5901.7
71765,T2a,5901.7
10120,OA-VPM4,5901.7
56007,TmY3,5901.7
19550,LC4,5901.7
17266,LC4,5901.7
70490,Mi1,5901.7
10322,OA-AL2i2,5901.8
18127,LC4,5901.8
79083,Tm3,5901.8
83465,T4a,5901.8
85866,T4b,5901.8
98846,T4c,5901.8
99670,T4c,5901.8
135612,Tm3,5901.8
102147,T4c,5901.900000000001
100032,T4c,5901.900000000001
29563,LC4,5901.900000000001
23098,LC4,5901.900000000001
67810,Tm3,5901.900000000001
38208,Mi1,5902.0
38477,Mi1,5902.0
52350,Mi1,5902.0
78317,T4a,5902.0
80812,T4a,5902.0
81401,T4b,5902.0
93021,T4a,5902.0
100981,T4d,5902.0
106295,T4b,5902.099999999999
117551,Tm3,5902.099999999999
112393,T4a,5902.099999999999
110855,T4a,5902.099999999999
84631,T4c,5902.099999999999
97899,T4a,5902.099999999999
55976,Mi1,5902.099999999999
11921,OA-VPM4,5902.099999999999
11005,OA-VUMa4,5902.099999999999
10037,VS,5902.099999999999
71161,T2a,5902.099999999999
35897,Mi1,5902.200000000001
12109,OA-VUMa2,5902.200000000001
35845,Mi1,5902.200000000001
35890,Mi1,5902.200000000001
66227,Tm3,5902.200000000001
84267,T4c,5902.200000000001
96394,T4b,5902.200000000001
47686,TmY3,5902.3
113991,T4d,5902.3
530434,Tm3,5902.3
36346,Mi1,5902.4
39743,Mi1,5902.4
105412,T4a,5902.5
105332,T4b,5902.5
20673,LC4,5902.5
80855,Tm3,5902.5
102741,T4c,5902.5
10555,OA-VUMa3,5902.6
10687,OA-AL2i3,5902.6
37037,Mi1,5902.6
95242,T4d,5902.6
526158,Mi1,5902.6
542412,Mi1,5902.7
95287,T4a,5902.7
88152,T4c,5902.7
86141,T4b,5902.7
96812,T4a,5902.7
38721,Mi1,5902.7
23392,LC4,5902.7
12521,HST,5902.7
84063,T4b,5902.7
108870,T4a,5902.8
100633,T4a,5902.8
92684,T4c,5902.8
91469,T4c,5902.8
91313,T4a,5902.8
62078,Mi1,5902.8
48060,Mi1,5902.8
25584,LC4,5902.8
21287,LC4,5902.8
10016,HSE,5902.8
63021,Tm3,5902.8
92055,T4c,5902.900000000001
98467,T4d,5902.900000000001
60857,Mi1,5902.900000000001
111010,T4c,5902.900000000001
47211,Mi1,5902.900000000001
40832,Mi1,5902.900000000001
10175,OA-VUMa6,5902.900000000001
57239,Mi1,5902.900000000001
83009,T4b,5903.0
88491,T4a,5903.0
91505,T4c,5903.0
100874,T4a,5903.0
109649,T4c,5903.1
103022,T4a,5903.1
100897,T4c,5903.1
95239,T4a,5903.1
71052,T2a,5903.1
36410,Mi1,5903.1
38227,Mi1,5903.1
33462,Mi1,5903.1
20399,LC4,5903.1
39727,Mi1,5903.1
110742,T4c,5903.2
800146,TTMn,5903.2
98964,T2a,5903.2
85429,T4d,5903.2
85938,T4a,5903.2
95235,T4d,5903.2
20808,LC4,5903.3
68933,Tm3,5903.3
69164,Mi1,5903.3
69961,Tm3,5903.3
77484,T4d,5903.3
87845,T4a,5903.3
93941,T4b,5903.3
97877,T4d,5903.3
105962,T4b,5903.3
64540,T2,5903.400000000001
120312,Tm3,5903.400000000001
104191,T4a,5903.400000000001
80302,T2a,5903.400000000001
55101,Mi1,5903.400000000001
34404,Mi1,5903.400000000001
43414,Mi1,5903.400000000001
10206,VS,5903.400000000001
48531,Mi1,5903.400000000001
38241,Mi1,5903.400000000001
100075,T4c,5903.5
89099,T4a,5903.5
66345,T2a,5903.5
102791,T4c,5903.5
40795,Mi1,5903.5
34862,Mi1,5903.5
10025,H2,5903.5
46586,TmY3,5903.5
10677,OA-AL2i4,5903.599999999999
17364,LC4,5903.599999999999
39629,Mi1,5903.599999999999
48897,TmY3,5903.599999999999
81215,Tm3,5903.599999999999
95528,T4d,5903.599999999999
97145,T4c,5903.700000000001
133040,Tm3,5903.700000000001
92706,T4a,5903.700000000001
10001,DNp01,5903.700000000001
41804,Mi1,5903.700000000001
22847,LC4,5903.700000000001
92644,T4d,5903.700000000001
10284,VS,5903.8
16128,LC4,5903.8
48607,TmY3,5903.8
73586,Tm3,5903.8
537004,VSm,5903.8
93947,T4a,5903.9
109384,T4d,5903.9
102688,T4b,5903.9
83204,T4d,5903.9
92682,T4a,5903.9
56564,Mi1,5903.9
43978,Mi1,5903.9
35405,Mi1,5903.9
20917,LC4,5903.9
40596,Mi1,5904.0
67308,Mi1,5904.0
74373,Tm3,5904.0
22975,LC4,5904.1
24867,VST1,5904.1
71228,T2a,5904.1
103195,T4a,5904.1
100018,T4a,5904.2
95972,T4d,5904.2
92939,T4b,5904.2
86635,T4c,5904.2
83042,T4b,5904.2
74044,Tm3,5904.2
44746,TmY3,5904.2
37138,Mi1,5904.2
36684,Mi1,5904.2
36252,Mi1,5904.2
31492,Mi1,5904.2
10112,VS,5904.3
17668,LC4,5904.3
37839,Mi1,5904.3
40219,Mi1,5904.3
40936,Mi1,5904.3
92281,T4c,5904.3
94368,T4a,5904.3
102045,T4a,5904.3
88005,T4d,5904.4
69380,Tm3,5904.4
98439,T4a,5904.4
58703,T2,5904.4
11602,OA-ASM1,5904.4
45349,Mi1,5904.4
11134,VSm,5904.5
21804,LC4,5904.5
35512,Mi1,5904.5
42048,Mi1,5904.5
66808,Tm3,5904.5
92047,T4c,5904.5
98504,T4c,5904.5
105292,T4b,5904.6
85598,T4b,5904.6
81836,T2a,5904.6
88167,T4b,5904.6
72005,Tm3,5904.6
39651,Mi1,5904.6
78597,T2a,5904.6
106886,T4c,5904.7
65531,T2a,5904.7
41613,Mi1,5904.7
84010,Tm3,5904.7
37509,Mi1,5904.7
22034,LC4,5904.7
40171,Mi1,5904.7
117627,Tm3,5904.8
112321,T4d,5904.8
101865,T4a,5904.8
98360,T4c,5904.8
90145,T4a,5904.8
74891,T2a,5904.8
37948,Mi1,5904.8
39275,Mi1,5904.8
37294,Mi1,5904.8
36446,Mi1,5904.8
34899,Mi1,5904.8
33942,Mi1,5904.8
18189,LC4,5904.8
10185,OA-VUMa8,5904.8
10023,HSS,5904.8
37631,Mi1,5904.8
37677,Mi1,5904.900000000001
90097,T4c,5904.900000000001
95453,T4a,5904.900000000001
105403,T4c,5904.900000000001
101620,T4b,5905.0
86907,T4a,5905.0
86416,T4a,5905.0
100680,T4d,5905.0
64633,T2a,5905.0
10015,HSN,5905.0
68212,T2a,5905.0
33091,Mi1,5905.099999999999
38529,Mi1,5905.099999999999
59008,Mi1,5905.099999999999
71944,T2a,5905.099999999999
94224,T4b,5905.099999999999
109326,T4c,5905.200000000001
98039,T4d,5905.200000000001
67072,T2a,5905.200000000001
63868,T2a,5905.200000000001
35416,Mi1,5905.200000000001
46745,Mi1,5905.200000000001
10080,OA-VUMa3,5905.200000000001
48547,TmY3,5905.200000000001
105115,T4d,5905.200000000001
92431,T4a,5905.3
90206,T4b,5905.3
84328,T4a,5905.3
12896,OA-VUMa5,5905.3
17548,LC4,5905.4
35712,Mi1,5905.4
37756,Mi1,5905.4
41654,Mi1,5905.4
73284,T2a,5905.4
99292,T4a,5905.4
100729,T4b,5905.4
117748,Tm3,5905.4
128916,Tm3,5905.5
107420,T4b,5905.5
98625,T4a,5905.5
98751,T4a,5905.5
41296,Mi1,5905.5
10037,VS,5905.5
97866,T4d,5905.5
21336,LC4,5905.6
40411,Mi1,5905.6
46248,Mi1,5905.6
47967,Mi1,5905.6
54087,Mi1,5905.6
72501,Mi1,5905.6
95982,T4d,5905.6
76788,T4b,5905.7
112594,T4b,5905.7
44282,Mi1,5905.7
40400,Mi1,5905.7
103343,T4b,5905.7
21313,LC4,5905.7
19954,LC4,5905.7
10755,H1,5905.7
36217,Mi1,5905.7
10072,OA-AL2i1,5905.7
10204,OA-AL2i2,5905.8
40505,Mi1,5905.8
103867,T4a,5905.8
107529,T4d,5905.8
117652,T4d,5905.9
95007,T4a,5905.9
93935,T4a,5905.9
93360,T4b,5905.9
134209,Tm3,5905.9
46662,TmY3,5905.9
44527,Mi1,5905.9
10652,OA-AL2i4,5905.9
62562,T2,5905.9
125171,Tm3,5906.000000000001
104130,T4a,5906.000000000001
100033,T4c,5906.000000000001
77527,T4a,5906.000000000001
49516,TmY3,5906.000000000001
58224,Mi1,5906.000000000001
41136,Mi1,5906.000000000001
40106,Mi1,5906.000000000001
34171,Mi1,5906.000000000001
21165,LC4,5906.000000000001
41659,Mi1,5906.000000000001
83191,T4a,5906.1
10012,VS,5906.1
30997,Mi1,5906.1
39500,Mi1,5906.1
61659,Tm3,5906.1
92229,T4c,5906.2
35806,Mi1,5906.2
94289,T4d,5906.2
35580,Mi1,5906.2
34658,Mi1,5906.2
34369,Mi1,5906.2
33394,Mi1,5906.2
22328,LC4,5906.2
10016,HSE,5906.2
54885,TmY3,5906.3
96015,T4c,5906.3
98300,T4a,5906.3
527408,LC4,5906.400000000001
104144,T2,5906.400000000001
85152,T4c,5906.400000000001
65298,T2a,5906.400000000001
16138,LC4,5906.400000000001
33614,Mi1,5906.400000000001
10001,DNp01,5906.400000000001
51122,Mi1,5906.400000000001
100190,T4c,5906.5
40085,Mi1,5906.5
22194,LC4,5906.5
10025,H2,5906.5
39164,Mi1,5906.5
17054,LC4,5906.6
24338,LC4,5906.6
37108,Mi1,5906.6
37568,Mi1,5906.6
104450,T4a,5906.6
112310,T4d,5906.6
17987,LC4,5906.7
34933,Mi1,5906.7
37224,Mi1,5906.7
44222,Mi1,5906.7
106664,T4c,5906.7
82313,T4a,5906.8
103425,T4a,5906.8
79134,Tm3,5906.8
35888,Mi1,5906.8
37353,Mi1,5906.8
35840,Mi1,5906.8
39716,Mi1,5906.8
41950,Mi1,5906.900000000001
61292,T2,5906.900000000001
34938,Mi1,5907.0
46784,Mi1,5907.0
86778,T4a,5907.0
90474,T4b,5907.0
94305,T4a,5907.0
96424,T4b,5907.0
102786,Tm3,5907.0
112633,T4b,5907.0
102845,T4b,5907.1
97677,T4c,5907.1
80284,Tm3,5907.1
19260,LC4,5907.1
37680,Mi1,5907.1
112088,T4d,5907.200000000001
10825,OA-AL2i3,5907.200000000001
21225,LC4,5907.200000000001
23098,LC4,5907.200000000001
38710,Mi1,5907.200000000001
41464,TmY3,5907.200000000001
43783,Mi1,5907.200000000001
68264,Tm3,5907.200000000001
91366,T4b,5907.200000000001
102016,T4a,5907.200000000001
102462,T4c,5907.200000000001
104972,T4a,5907.200000000001
99922,T4c,5907.3
33907,Mi1,5907.3
67464,Mi1,5907.3
104858,T4b,5907.3
64778,TmY3,5907.3
19543,LC4,5907.3
40703,Mi1,5907.3
38479,Mi1,5907.3
59959,Mi1,5907.3
10168,OA-VUMa6,5907.3
20588,LC4,5907.4
32962,TmY3,5907.4
40854,Mi1,5907.4
69980,Tm3,5907.4
100856,T4a,5907.4
114338,T4c,5907.500000000001
104683,T4b,5907.500000000001
97835,T4a,5907.500000000001
95017,T4c,5907.500000000001
98887,T4b,5907.500000000001
45319,Mi1,5907.500000000001
36881,Mi1,5907.500000000001
36369,Mi1,5907.500000000001
20542,LC4,5907.500000000001
72279,Mi1,5907.500000000001
122233,Tm3,5907.6
104018,T4c,5907.6
102801,T4b,5907.6
101230,T4a,5907.6
99423,T4d,5907.6
98194,T4d,5907.6
75557,Tm3,5907.6
71938,T2a,5907.6
51848,TmY3,5907.6
91288,T4c,5907.6
104017,T4b,5907.7
108876,T4c,5907.7
108625,T4b,5907.7
91510,T4c,5907.7
74860,Tm3,5907.7
42594,Mi1,5907.7
42119,Mi1,5907.7
37599,Mi1,5907.7
33766,Mi1,5907.7
35836,Mi1,5907.8
73619,T2a,5907.8
99628,T4b,5907.8
105565,Tm3,5907.900000000001
99011,T4c,5907.900000000001
85126,T4a,5907.900000000001
73301,Tm3,5907.900000000001
72665,Mi1,5907.900000000001
105135,T4c,5907.900000000001
37044,Mi1,5907.900000000001
36540,Mi1,5907.900000000001
20016,LC4,5907.900000000001
61968,T2,5907.900000000001
19634,LC4,5907.900000000001
95356,T4a,5908.0
80911,Tm3,5908.0
539983,T4c,5908.0
67113,Mi1,5908.0
68842,TmY3,5908.0
10110,OA-VUMa1,5908.1
10112,VS,5908.1
38708,Mi1,5908.1
43965,Mi1,5908.1
45176,Mi1,5908.1
63673,Tm3,5908.1
97675,T4c,5908.1
72426,Tm3,5908.2
90796,T4d,5908.2
37371,Mi1,5908.2
10023,HSS,5908.2
23392,LC4,5908.2
17926,LC4,5908.2
37084,Mi1,5908.2
32535,Mi1,5908.3
34142,Mi1,5908.3
35234,Mi1,5908.3
58862,Mi1,5908.3
65833,Mi1,5908.3
93984,T4b,5908.400000000001
88922,T4c,5908.400000000001
41671,TmY3,5908.400000000001
108065,T4c,5908.400000000001
37243,Mi1,5908.400000000001
35770,Mi1,5908.400000000001
19420,LC4,5908.400000000001
37438,Mi1,5908.400000000001
800146,TTMn,5908.5
83979,T4a,5908.5
67408,Mi1,5908.5
81015,T4a,5908.5
34867,Mi1,5908.5
18127,LC4,5908.5
10658,OA-AL2i3,5908.5
35774,Mi1,5908.5
34045,Mi1,5908.599999999999
38133,Mi1,5908.599999999999
39405,Mi1,5908.599999999999
57349,Mi1,5908.599999999999
65307,T2,5908.599999999999
95454,T4a,5908.700000000001
90423,T4b,5908.700000000001
35734,Mi1,5908.700000000001
16628,LC4,5908.700000000001
30803,LC4,5908.700000000001
10015,HSN,5908.700000000001
35235,Mi1,5908.700000000001
15422,VST2,5908.8
35428,Mi1,5908.8
37927,Mi1,5908.8
98668,T4a,5908.8
102031,T4c,5908.8
111134,T4d,5908.8
112241,T4b,5908.9
89110,Tm3,5908.9
87390,T2a,5908.9
80582,T4a,5908.9
73320,T2,5908.9
70812,TmY3,5908.9
41536,Mi1,5908.9
40026,TmY3,5908.9
34606,Mi1,5908.9
44119,Mi1,5908.9
120016,Tm3,5909.000000000001
10037,VS,5909.000000000001
11264,OA-ASM1,5909.000000000001
38455,Mi1,5909.000000000001
74287,Tm3,5909.000000000001
77779,T2a,5909.000000000001
102765,T4d,5909.000000000001
104257,T4b,5909.000000000001
99310,T4a,5909.1
92552,T4a,5909.1
109276,T4d,5909.1
42856,Mi1,5909.1
117151,T4d,5909.1
35260,Mi1,5909.1
35001,Mi1,5909.1
19794,LC4,5909.1
10001,DNp01,5909.1
36990,Mi1,5909.1
108824,T4d,5909.2
84490,T4a,5909.2
111746,Tm3,5909.2
82145,T2a,5909.2
78856,Tm3,5909.2
62089,Tm3,5909.2
39525,Mi1,5909.2
34463,Mi1,5909.2
16570,VST2,5909.2
71398,Tm3,5909.2
30480,LC4,5909.3
39505,Mi1,5909.3
105242,T4c,5909.3
112179,T4b,5909.3
73767,Mi1,5909.400000000001
131034,Tm3,5909.400000000001
104390,T4a,5909.400000000001
98788,T4d,5909.400000000001
86175,T4a,5909.400000000001
65671,Mi1,5909.400000000001
38772,Mi1,5909.400000000001
38767,Mi1,5909.400000000001
32893,Mi1,5909.400000000001
10269,OA-AL2i2,5909.400000000001
10025,H2,5909.400000000001
38993,Mi1,5909.400000000001
287884,OA-VPM3,5909.5
10016,HSE,5909.5
33446,Mi1,5909.5
39692,TmY3,5909.5
40235,Mi1,5909.5
62851,Tm3,5909.5
79358,T2a,5909.5
89020,T4a,5909.5
108325,T4c,5909.5
100726,T4d,5909.6
36139,Mi1,5909.6
128726,Tm3,5909.6
44700,Mi1,5909.6
33918,Mi1,5909.6
34296,Mi1,5909.6
38178,Mi1,5909.6
20808,LC4,5909.7
41809,Mi1,5909.7
43323,Mi1,5909.7
87763,T4a,5909.7
95335,T4a,5909.7
95629,T4c,5909.7
102572,T4c,5909.7
104853,T4c,5909.7
130861,Tm3,5909.8
95736,T4c,5909.8
92114,T4c,5909.8
51049,Mi1,5909.8
39438,Mi1,5909.8
11608,OA-VUMa2,5909.8
40577,Mi1,5909.8
10206,VS,5909.900000000001
10322,OA-AL2i2,5909.900000000001
35113,Mi1,5909.900000000001
40635,Mi1,5909.900000000001
61768,T2,5909.900000000001
104297,T4a,5909.900000000001
83682,Tm3,5910.0
20282,LC4,5910.0
38648,Mi1,5910.0
98000,T4b,5910.0
100087,T4b,5910.099999999999
102975,T4b,5910.099999999999
91179,T4a,5910.099999999999
99137,T4c,5910.099999999999
36452,Mi1,5910.099999999999
17860,LC4,5910.099999999999
87412,T4c,5910.099999999999
20673,LC4,5910.099999999999
10041,OA-VUMa1,5910.200000000001
10799,OA-VUMa4,5910.200000000001
37391,Mi1,5910.200000000001
47368,TmY3,5910.200000000001
71447,T4c,5910.200000000001
76003,Tm3,5910.200000000001
83227,Tm3,5910.200000000001
96090,T4c,5910.200000000001
97878,T4b,5910.200000000001
103160,T4a,5910.200000000001
109857,T4d,5910.200000000001
33017,Mi1,5910.3
57871,T2,5910.3
45948,TmY3,5910.3
25584,LC4,5910.3
16128,LC4,5910.3
35498,Mi1,5910.3
35045,Mi1,5910.4
41668,Mi1,5910.4
69889,T2a,5910.4
81372,Tm3,5910.4
87358,T4a,5910.4
101245,T4a,5910.4
101463,T4d,5910.4
72938,T2a,5910.5
100956,T4d,5910.5
98575,T4a,5910.5
98175,T4c,5910.5
101081,T4c,5910.5
63420,Mi1,5910.5
45322,Mi1,5910.5
12688,OA-ASM1,5910.5
23792,LC4,5910.5
59864,Tm3,5910.5
37000,Mi1,5910.5
33326,Mi1,5910.5
10226,OA-AL2i3,5910.6
10755,H1,5910.6
26112,LC4,5910.6
37529,Mi1,5910.6
102519,T4a,5910.6
103344,T4b,5910.6
103497,Tm3,5910.6
103827,T4c,5910.6
23929,LC4,5910.6
113945,T4d,5910.7
101945,T4b,5910.7
110076,T4c,5910.7
92993,Tm3,5910.7
36158,Mi1,5910.7
49441,TmY3,5910.7
10687,OA-AL2i3,5910.8
11005,OA-VUMa4,5910.8
37123,Mi1,5910.8
41435,Mi1,5910.8
98381,T4d,5910.900000000001
21313,LC4,5910.900000000001
35218,Mi1,5910.900000000001
47696,TmY3,5910.900000000001
60337,TmY3,5910.900000000001
63175,Mi1,5910.900000000001
86536,Tm3,5910.900000000001
90533,T4c,5910.900000000001
93025,T4b,5910.900000000001
112619,T4d,5910.900000000001
97141,T4a,5911.0
103780,T4c,5911.0
96126,T4b,5911.0
38768,Mi1,5911.0
76524,Tm3,5911.0
51231,TmY3,5911.0
90657,T4a,5911.0
38238,Mi1,5911.1
87289,T4a,5911.1
88575,T4b,5911.1
98837,T4c,5911.1
159987,Tm3,5911.1
94948,T4c,5911.2
82724,Tm3,5911.2
33110,Mi1,5911.2
37555,Mi1,5911.2
38893,Mi1,5911.2
111857,T4d,5911.3
537004,VSm,5911.3
117662,T4d,5911.3
106338,T4a,5911.3
17364,LC4,5911.3
87106,T4a,5911.3
83125,T4b,5911.3
42758,Mi1,5911.3
91303,T4b,5911.3
110182,T4c,5911.400000000001
20399,LC4,5911.400000000001
35100,Mi1,5911.400000000001
66980,T2a,5911.400000000001
70800,Tm3,5911.400000000001
46993,T2a,5911.5
91913,T4b,5911.5
19954,LC4,5911.5
35724,Mi1,5911.5
10023,HSS,5911.599999999999
21151,LC4,5911.599999999999
34626,Mi1,5911.599999999999
88353,T4b,5911.599999999999
89368,T4c,5911.599999999999
93750,T4c,5911.599999999999
93985,T4c,5911.599999999999
95458,T4d,5911.599999999999
96784,T4b,5911.599999999999
112613,T4d,5911.599999999999
111685,T4d,5911.700000000001
109142,T4b,5911.700000000001
107143,T4d,5911.700000000001
104478,T4d,5911.700000000001
96260,T4d,5911.700000000001
74303,Mi1,5911.700000000001
43689,Mi1,5911.700000000001
10284,VS,5911.700000000001
98312,T4a,5911.700000000001
10001,DNp01,5911.8
37853,Mi1,5911.8
40256,Mi1,5911.8
72148,Tm3,5911.8
87873,T4b,5911.8
91057,T4c,5911.8
97306,T4a,5911.8
101302,T4d,5911.8
75966,T2a,5911.9
85664,TmY3,5911.9
68342,Tm3,5911.9
107486,T4c,5911.9
12521,HST,5911.9
10112,VS,5911.9
36275,Mi1,5911.9
10265,OA-AL2i2,5911.9
30923,TmY3,5912.0
33655,Mi1,5912.0
36646,Mi1,5912.0
94356,T4c,5912.0
100673,T4b,5912.0
103314,T4b,5912.0
106401,T4d,5912.0
106894,T4b,5912.0
17266,LC4,5912.1
34079,Mi1,5912.1
68522,T2a,5912.1
104996,T4a,5912.1
44564,TmY3,5912.2
111980,T4d,5912.2
90219,T4a,5912.2
19550,LC4,5912.2
64149,Mi1,5912.2
79875,T4c,5912.2
10015,HSN,5912.3
10025,H2,5912.3
35447,Mi1,5912.3
71089,Mi1,5912.3
77383,T2a,5912.3
96211,T4d,5912.3
106840,T4b,5912.3
111184,T4a,5912.3
100855,T4a,5912.4
105099,T4b,5912.4
112993,T4b,5912.4
100274,T4a,5912.4
65468,T2,5912.4
22328,LC4,5912.4
21336,LC4,5912.4
67150,T2a,5912.4
286259,OA-ASM1,5912.5
125288,Tm3,5912.5
110910,Tm3,5912.5
103025,T4a,5912.5
100774,T4a,5912.5
92415,T4a,5912.5
91674,T4a,5912.5
90567,T4b,5912.5
90430,T2a,5912.5
95532,T4a,5912.5
86992,T4b,5912.5
69723,Tm3,5912.5
62894,Tm3,5912.5
57398,Mi1,5912.5
40599,TmY3,5912.5
36305,Mi1,5912.5
24338,LC4,5912.5
10187,OA-VPM3,5912.5
87565,T4a,5912.5
102991,T4c,5912.6
102153,T4c,5912.6
97231,T4a,5912.6
78739,T4b,5912.6
35152,Mi1,5912.6
35683,Mi1,5912.6
34849,Mi1,5912.6
53065,Mi1,5912.6
100206,T4c,5912.7
127153,Tm3,5912.7
107170,T4b,5912.7
102703,T4a,5912.7
41709,Mi1,5912.7
123490,Tm3,5912.7
38065,LC4,5912.7
23098,LC4,5912.7
16138,LC4,5912.7
10037,VS,5912.7
41545,Mi1,5912.7
95921,T4c,5912.8
82515,Tm3,5912.8
92054,T4b,5912.8
63994,Mi1,5912.8
10016,HSE,5912.8
29563,LC4,5912.8
22966,LC4,5912.8
10072,OA-AL2i1,5912.8
37699,Mi1,5912.8
101072,T4b,5912.900000000001
98325,T4d,5912.900000000001
98226,T4b,5912.900000000001
95985,T4c,5912.900000000001
94549,T4b,5912.900000000001
93927,T4a,5912.900000000001
99316,T4b,5912.900000000001
57164,TmY3,5912.900000000001
41399,Mi1,5912.900000000001
37113,Mi1,5912.900000000001
34189,Mi1,5912.900000000001
21287,LC4,5912.900000000001
10012,VS,5912.900000000001
81378,T4b,5912.900000000001
107719,T4b,5913.0
106821,T4b,5913.0
93972,T4a,5913.0
95364,T4d,5913.0
46827,Mi1,5913.0
38987,Mi1,5913.0
88746,Tm3,5913.0
35934,Mi1,5913.099999999999
36660,Mi1,5913.099999999999
38791,Mi1,5913.099999999999
59397,Mi1,5913.099999999999
78911,Tm3,5913.099999999999
80197,T4a,5913.099999999999
99609,T4a,5913.099999999999
103073,T4a,5913.200000000001
101772,Tm3,5913.200000000001
34057,Mi1,5913.200000000001
22194,LC4,5913.200000000001
39718,Mi1,5913.200000000001
17548,LC4,5913.3
18189,LC4,5913.3
21225,LC4,5913.3
35602,Mi1,5913.3
42872,Mi1,5913.3
93622,T4c,5913.3
98393,T4a,5913.3
89409,T4a,5913.4
111783,T4a,5913.4
110482,T4b,5913.4
108757,T4c,5913.4
104336,T4b,5913.4
93142,T4a,5913.4
38230,Mi1,5913.4
37270,Mi1,5913.4
35173,Mi1,5913.4
17668,LC4,5913.4
11134,VSm,5913.4
52485,TmY3,5913.4
103579,T4c,5913.5
22034,LC4,5913.5
35017,Mi1,5913.5
36994,Mi1,5913.5
38461,Mi1,5913.5
44449,TmY3,5913.5
103654,T4b,5913.6
115390,T4d,5913.6
42533,TmY3,5913.6
80282,T4d,5913.6
800146,TTMn,5913.6
100345,T4c,5913.700000000001
97318,T4d,5913.700000000001
34479,Mi1,5913.8
36177,Mi1,5913.8
45696,Mi1,5913.8
68840,TmY3,5913.8
89485,T4a,5913.8
92911,T4c,5913.8
99074,T4b,5913.8
99975,T4c,5913.8
37088,Mi1,5913.9
42895,Mi1,5913.9
72190,Tm3,5913.9
77344,Tm3,5913.9
92181,T4a,5913.9
93688,T4a,5913.9
100996,T4b,5913.9
41637,Mi1,5914.000000000001
96163,T4b,5914.000000000001
90740,Tm3,5914.000000000001
38687,Mi1,5914.000000000001
48286,Mi1,5914.000000000001
60979,TmY3,5914.000000000001
10677,OA-AL2i4,5914.1
12109,OA-VUMa2,5914.1
23392,LC4,5914.1
89728,Tm3,5914.1
106200,T4c,5914.1
112369,T4d,5914.1
122273,Tm3,5914.1
91283,T4c,5914.2
63468,Mi1,5914.2
79314,T4b,5914.2
106745,T4b,5914.3
44592,TmY3,5914.3
108675,T4b,5914.3
92472,T4c,5914.3
19543,LC4,5914.3
20542,LC4,5914.3
91345,T4c,5914.3
105379,T4c,5914.400000000001
83365,T2a,5914.400000000001
47962,TmY3,5914.400000000001
42010,TmY3,5914.400000000001
31848,Mi1,5914.400000000001
41626,Mi1,5914.400000000001
19260,LC4,5914.400000000001
18127,LC4,5914.400000000001
10175,OA-VUMa6,5914.400000000001
10120,OA-VPM4,5914.400000000001
20917,LC4,5914.400000000001
91914,T4a,5914.5
95554,T4b,5914.5
97193,T4a,5914.5
86686,T4c,5914.5
34300,Mi1,5914.5
79271,T4a,5914.5
10001,DNp01,5914.5
82425,T4b,5914.5
118924,Tm3,5914.6
20808,LC4,5914.6
33216,Mi1,5914.6
38748,Mi1,5914.6
94567,T4c,5914.6
96307,T4a,5914.6
101215,T4c,5914.6
106166,T4b,5914.7
92251,T4b,5914.7
101742,T4c,5914.7
91934,T4a,5914.7
39158,Mi1,5914.7
48986,TmY3,5914.7
38514,Mi1,5914.7
83438,T4a,5914.7
36911,Mi1,5914.8
70289,Mi1,5914.8
97186,T4a,5914.8
96576,T4c,5914.900000000001
88726,T4b,5914.900000000001
53156,TmY3,5914.900000000001
44438,Mi1,5914.900000000001
41522,Mi1,5914.900000000001
38857,Mi1,5914.900000000001
17054,LC4,5914.900000000001
10011,OA-AL2i1,5914.900000000001
109536,T4d,5915.0
93166,T4c,5915.0
87827,T2a,5915.0
85378,T4a,5915.0
79259,T4b,5915.0
10311,VS,5915.0
66739,Tm3,5915.0
49324,Mi1,5915.0
22975,LC4,5915.0
10023,HSS,5915.0
66852,Mi1,5915.0
74997,Tm3,5915.1
117221,T4c,5915.1
102425,T4b,5915.1
101480,T4c,5915.1
86419,Tm3,5915.1
63825,Tm3,5915.1
45719,Mi1,5915.1
41120,Mi1,5915.1
38421,Mi1,5915.1
20634,VST1,5915.1
10755,H1,5915.1
10206,VS,5915.1
50333,TmY3,5915.1
10025,H2,5915.200000000001
68475,T2a,5915.200000000001
98654,T4d,5915.200000000001
525839,Mi1,5915.3
69063,Mi1,5915.3
99837,T4a,5915.3
39067,Mi1,5915.3
34356,Mi1,5915.3
63190,T2,5915.3
104008,T4b,5915.4
35897,Mi1,5915.4
40426,Mi1,5915.4
42675,Mi1,5915.4
42691,Mi1,5915.4
48930,TmY3,5915.4
75172,T2a,5915.4
82549,T4b,5915.4
88815,T4d,5915.4
93509,T4b,5915.4
93877,T4c,5915.4
100785,T4b,5915.4
112458,T4b,5915.4
83677,T4c,5915.500000000001
58553,TmY3,5915.500000000001
149504,T4d,5915.500000000001
37019,Mi1,5915.500000000001
21165,LC4,5915.500000000001
38208,Mi1,5915.500000000001
16628,LC4,5915.6
34272,Mi1,5915.6
67971,Tm3,5915.6
81620,T2a,5915.6
87722,T2a,5915.6
90027,T4c,5915.6
101685,T4b,5915.6
118551,Tm3,5915.6
108594,T4d,5915.7
102298,T4c,5915.7
101441,T4a,5915.7
101228,T4a,5915.7
97326,T4c,5915.7
47211,Mi1,5915.7
40944,Mi1,5915.7
36533,Mi1,5915.7
10015,HSN,5915.7
79704,T4d,5915.7
114391,T4d,5915.8
103570,T4d,5915.8
100261,T4c,5915.8
98222,T4d,5915.8
92254,T4b,5915.8
89282,T4a,5915.8
75521,T2a,5915.8
72558,T2a,5915.8
10112,VS,5915.8
91725,T4b,5915.8
105313,T4a,5915.900000000001
58527,TmY3,5915.900000000001
104884,T4b,5915.900000000001
21313,LC4,5915.900000000001
25893,VST1,5915.900000000001
11921,OA-VPM4,5916.0
17926,LC4,5916.0
39595,Mi1,5916.0
62078,Mi1,5916.0
75550,Tm3,5916.0
84800,Tm3,5916.0
85009,Tm3,5916.0
97256,T4c,5916.0
99980,T4c,5916.0
109645,T4b,5916.0
546524,Mi1,5916.1
105802,T4c,5916.1
96081,T4a,5916.1
88933,T4a,5916.1
94071,T4a,5916.1
34862,Mi1,5916.1
34404,Mi1,5916.1
10016,HSE,5916.1
58967,TmY3,5916.1
533688,Tm3,5916.2
94624,T4a,5916.2
89434,T4c,5916.2
76121,Tm3,5916.2
39743,Mi1,5916.2
37733,TmY3,5916.2
35845,Mi1,5916.2
67152,Tm3,5916.2
69736,Tm3,5916.3
22847,LC4,5916.3
36410,Mi1,5916.3
38632,Mi1,5916.3
40832,Mi1,5916.3
90655,T4a,5916.3
85737,T2a,5916.400000000001
130994,Tm3,5916.400000000001
70490,Mi1,5916.400000000001
48531,Mi1,5916.400000000001
69266,Tm3,5916.400000000001
35890,Mi1,5916.400000000001
16128,LC4,5916.400000000001
14416,VST2,5916.5
70524,T2a,5916.5
80906,T4c,5916.5
82674,T4a,5916.5
84008,T4c,5916.5
84063,T4b,5916.599999999999
52350,Mi1,5916.599999999999
98137,T4d,5916.599999999999
12896,OA-VUMa5,5916.599999999999
10825,OA-AL2i3,5916.599999999999
48060,Mi1,5916.599999999999
121245,Tm3,5916.700000000001
93527,T4a,5916.700000000001
88039,T4c,5916.700000000001
85229,T4c,5916.700000000001
75381,Tm3,5916.700000000001
66357,T2a,5916.700000000001
36954,Mi1,5916.700000000001
36346,Mi1,5916.700000000001
10269,OA-AL2i2,5916.700000000001
10037,VS,5916.700000000001
39727,Mi1,5916.700000000001
98099,T4b,5916.8
526158,Mi1,5916.8
79483,Tm3,5916.8
79849,Tm3,5916.8
43615,Mi1,5916.8
33462,Mi1,5916.8
20588,LC4,5916.8
57239,Mi1,5916.8
17987,LC4,5916.9
35290,Mi1,5916.9
40936,Mi1,5916.9
43978,Mi1,5916.9
60857,Mi1,5916.9
85536,T4a,5916.9
91682,T4b,5917.000000000001
90900,T4a,5917.000000000001
68535,T2a,5917.000000000001
66227,Tm3,5917.000000000001
80812,T4a,5917.000000000001
38477,Mi1,5917.000000000001
38241,Mi1,5917.000000000001
19420,LC4,5917.000000000001
39858,Mi1,5917.000000000001
542412,Mi1,5917.1
110604,T4a,5917.1
108907,T4c,5917.1
98118,T4c,5917.1
91469,T4c,5917.1
55101,Mi1,5917.1
37138,Mi1,5917.1
19954,LC4,5917.1
10185,OA-VUMa8,5917.1
38227,Mi1,5917.1
77395,T4b,5917.2
98404,T4d,5917.2
94058,T4b,5917.2
69546,Tm3,5917.2
99672,T4a,5917.2
56564,Mi1,5917.2
39629,Mi1,5917.2
10001,DNp01,5917.2
65803,T2,5917.2
10555,OA-VUMa3,5917.3
20673,LC4,5917.3
38721,Mi1,5917.3
88698,T4a,5917.3
96676,T4b,5917.3
98139,T4d,5917.3
113171,T4b,5917.3
88625,T4c,5917.400000000001
40596,Mi1,5917.400000000001
39275,Mi1,5917.400000000001
10322,OA-AL2i2,5917.400000000001
24338,LC4,5917.400000000001
36446,Mi1,5917.400000000001
100946,T4c,5917.5
113207,T4d,5917.5
112744,T4d,5917.5
106922,T4c,5917.5
105521,T4c,5917.5
100282,T4a,5917.5
31262,LC4,5917.5
50345,TmY3,5917.5
37839,Mi1,5917.5
36684,Mi1,5917.5
28945,LC4,5917.5
67424,T2,5917.5
19794,LC4,5917.6
43414,Mi1,5917.6
85074,T4a,5917.6
93957,T4b,5917.6
105387,T4b,5917.6
118029,T4b,5917.6
126163,Tm3,5917.7
547091,T2,5917.7
99950,T4c,5917.7
25584,LC4,5917.7
37948,Mi1,5917.7
74259,T2a,5917.7
42048,Mi1,5917.8
79297,T4a,5917.8
80884,T2a,5917.8
95822,T4b,5917.8
96199,T4a,5917.8
106522,T4d,5917.8
22328,LC4,5917.900000000001
33942,Mi1,5917.900000000001
55976,Mi1,5917.900000000001
109996,T4c,5917.900000000001
119601,T4d,5918.0
107075,T4d,5918.0
100319,T4b,5918.0
39894,T4b,5918.0
39688,Mi1,5918.0
11602,OA-ASM1,5918.0
10110,OA-VUMa1,5918.0
38529,Mi1,5918.0
10025,H2,5918.099999999999
10080,OA-VUMa3,5918.099999999999
97769,T4a,5918.099999999999
101589,T4a,5918.099999999999
101770,T4b,5918.099999999999
119501,T4d,5918.099999999999
37294,Mi1,5918.200000000001
58945,Tm3,5918.200000000001
71230,Tm3,5918.200000000001
87424,T4d,5918.3
98238,T4b,5918.3
74927,Tm3,5918.3
100501,T4b,5918.3
20016,LC4,5918.3
17364,LC4,5918.3
41296,Mi1,5918.3
537004,VSm,5918.4
112969,T4c,5918.4
107640,T4c,5918.4
97184,T4d,5918.4
90520,T4a,5918.4
116114,T4d,5918.4
89252,T4b,5918.4
31492,Mi1,5918.4
21336,LC4,5918.4
10168,OA-VUMa6,5918.4
10023,HSS,5918.4
89784,T4b,5918.4
132624,Tm3,5918.5
102910,T4b,5918.5
90135,T4c,5918.5
79449,T4b,5918.5
76733,Tm3,5918.5
37509,Mi1,5918.5
23098,LC4,5918.5
40219,Mi1,5918.5
96931,T4b,5918.6
120289,T4c,5918.6
110987,Tm3,5918.6
102229,T4d,5918.6
96812,T4a,5918.6
110693,Tm3,5918.6
90121,T4b,5918.6
37037,Mi1,5918.6
54087,Mi1,5918.6
91629,T4a,5918.6
88870,Tm3,5918.6
69164,Mi1,5918.7
79646,Tm3,5918.7
94468,T4c,5918.7
99348,T4c,5918.7
37390,Mi1,5918.8
40171,Mi1,5918.8
89825,T4a,5918.8
94287,T4d,5918.8
104703,T4d,5918.8
107031,T4b,5918.8
69597,Tm3,5918.900000000001
91804,T4d,5918.900000000001
112027,T4d,5918.900000000001
40411,Mi1,5918.900000000001
30803,LC4,5918.900000000001
22194,LC4,5918.900000000001
41804,Mi1,5918.900000000001
10204,OA-AL2i2,5919.0
16138,LC4,5919.0
35405,Mi1,5919.0
46248,Mi1,5919.0
90888,T4b,5919.0
101994,T4a,5919.0
49372,TmY3,5919.1
111380,Tm3,5919.1
94866,T4d,5919.1
94282,T4c,5919.1
91806,T4a,5919.1
71765,T2a,5919.1
43485,Mi1,5919.1
106190,T4d,5919.1
38487,Mi1,5919.1
36252,Mi1,5919.1
34899,Mi1,5919.1
33091,Mi1,5919.1
10072,OA-AL2i1,5919.1
10015,HSN,5919.1
41654,Mi1,5919.1
122290,Tm3,5919.2
121816,T4a,5919.2
118173,Tm3,5919.2
115422,T4c,5919.2
108974,T4c,5919.2
101382,T4c,5919.2
90058,T4a,5919.2
70635,Tm3,5919.2
109023,T4c,5919.2
83583,T4d,5919.3
114088,T4d,5919.3
99387,T4a,5919.3
85778,T4b,5919.3
78940,T4a,5919.3
39651,Mi1,5919.3
37631,Mi1,5919.3
33614,Mi1,5919.3
20808,LC4,5919.3
41613,Mi1,5919.3
37756,Mi1,5919.400000000001
10012,VS,5919.400000000001
10016,HSE,5919.400000000001
10658,OA-AL2i3,5919.400000000001
35512,Mi1,5919.400000000001
67308,Mi1,5919.400000000001
88152,T4c,5919.400000000001
96835,T4b,5919.400000000001
107715,T4a,5919.400000000001
800146,TTMn,5919.400000000001
95239,T4a,5919.5
67728,T2,5919.5
88084,T4b,5919.5
36695,Mi1,5919.5
10799,OA-VUMa4,5919.5
34171,Mi1,5919.5
10652,OA-AL2i4,5919.5
35580,Mi1,5919.5
10687,OA-AL2i3,5919.599999999999
35416,Mi1,5919.599999999999
37677,Mi1,5919.599999999999
64897,T2,5919.599999999999
80137,T2a,5919.599999999999
95005,T4a,5919.599999999999
109172,T4b,5919.599999999999
110403,T4b,5919.599999999999
527408,LC4,5919.599999999999
103867,T4a,5919.700000000001
45349,Mi1,5919.700000000001
151155,T4b,5919.700000000001
10755,H1,5919.700000000001
10284,VS,5919.700000000001
21225,LC4,5919.700000000001
97145,T4c,5919.8
92842,T4a,5919.8
88095,T4d,5919.8
59008,Mi1,5919.8
82299,T4c,5919.8
36217,Mi1,5919.8
35806,Mi1,5919.8
30997,Mi1,5919.8
11005,OA-VUMa4,5919.8
46745,Mi1,5919.8
10001,DNp01,5919.9
10041,OA-VUMa1,5919.9
43063,Mi1,5919.9
80483,T4c,5919.9
99157,T4a,5920.0
106952,T4b,5920.0
72955,T2a,5920.0
34938,Mi1,5920.0
43872,Mi1,5920.0
10112,VS,5920.0
96671,T4c,5920.1
92839,T4b,5920.1
66345,T2a,5920.1
47967,Mi1,5920.1
107464,T4a,5920.1
44222,Mi1,5920.1
40505,Mi1,5920.1
35777,Mi1,5920.1
20399,LC4,5920.1
44527,Mi1,5920.1
103527,T4c,5920.2
92146,T4a,5920.2
87896,T4a,5920.2
80670,T4a,5920.2
77910,Tm3,5920.2
44282,Mi1,5920.2
40400,Mi1,5920.2
21804,LC4,5920.2
120201,T4b,5920.2
58224,Mi1,5920.2
40085,Mi1,5920.2
96295,T4b,5920.3
98911,T4b,5920.3
93419,T4b,5920.3
129235,Tm3,5920.3
82099,T4b,5920.3
94081,T4c,5920.3
70321,Tm3,5920.3
34369,Mi1,5920.3
18127,LC4,5920.3
10206,VS,5920.3
74159,Tm3,5920.3
98409,T4c,5920.4
97288,T4c,5920.4
96657,T4c,5920.4
93360,T4b,5920.4
74023,T2a,5920.4
71164,Mi1,5920.4
35836,Mi1,5920.4
17860,LC4,5920.4
76380,Tm3,5920.4
99671,T4c,5920.5
98398,T4c,5920.5
85152,T4c,5920.5
72989,Tm3,5920.5
39500,Mi1,5920.5
39164,Mi1,5920.5
34933,Mi1,5920.5
72501,Mi1,5920.5
19634,LC4,5920.6
26112,LC4,5920.6
33394,Mi1,5920.6
35888,Mi1,5920.6
40703,Mi1,5920.6
51122,Mi1,5920.6
83009,T4b,5920.6
100488,T4c,5920.7
17548,LC4,5920.7
98890,T4c,5920.7
105126,T4c,5920.7
119103,T4c,5920.799999999999
103022,T4a,5920.799999999999
90278,T4a,5920.799999999999
88398,T4a,5920.799999999999
40106,Mi1,5920.799999999999
37224,Mi1,5920.799999999999
10037,VS,5920.799999999999
40795,Mi1,5920.799999999999
68167,Tm3,5920.900000000001
100874,T4a,5920.900000000001
94283,T4d,5920.900000000001
60856,T2a,5920.900000000001
59959,Mi1,5920.900000000001
45319,Mi1,5920.900000000001
41136,Mi1,5920.900000000001
40958,Mi1,5920.900000000001
37599,Mi1,5920.900000000001
23606,Mi1,5920.900000000001
19543,LC4,5920.900000000001
128396,T4d,5921.0
106295,T4b,5921.0
103657,T4b,5921.0
97028,T4c,5921.0
10025,H2,5921.0
57247,TmY3,5921.0
39692,TmY3,5921.0
23392,LC4,5921.0
78477,T4a,5921.0
67614,Mi1,5921.099999999999
85938,T4a,5921.099999999999
67113,Mi1,5921.099999999999
99748,T4b,5921.099999999999
113410,T4d,5921.099999999999
94668,T4d,5921.099999999999
65235,T2,5921.099999999999
42119,Mi1,5921.099999999999
38710,Mi1,5921.099999999999
37353,Mi1,5921.099999999999
35840,Mi1,5921.099999999999
35770,Mi1,5921.099999999999
17668,LC4,5921.099999999999
17266,LC4,5921.099999999999
16628,LC4,5921.099999999999
70632,Tm3,5921.200000000001
42942,Mi1,5921.200000000001
41659,Mi1,5921.200000000001
23792,LC4,5921.200000000001
11134,VSm,5921.200000000001
37568,Mi1,5921.200000000001
69425,T2a,5921.3
99850,T4a,5921.3
97784,T4c,5921.3
40854,Mi1,5921.3
33766,Mi1,5921.3
19260,LC4,5921.3
16606,VST2,5921.3
37585,Mi1,5921.3
12521,HST,5921.400000000001
20282,LC4,5921.400000000001
29563,LC4,5921.400000000001
38479,Mi1,5921.400000000001
70281,T2a,5921.400000000001
72279,Mi1,5921.400000000001
101732,T4c,5921.400000000001
58862,Mi1,5921.5
87090,T2a,5921.5
41950,Mi1,5921.5
89102,T4d,5921.5
36540,Mi1,5921.5
21313,LC4,5921.5
37108,Mi1,5921.5
100787,T4b,5921.6
48894,TmY3,5921.6
287884,OA-VPM3,5921.6
99670,T4c,5921.6
108948,T4b,5921.6
93224,T4a,5921.6
11608,OA-VUMa2,5921.6
77594,T2a,5921.6
11264,OA-ASM1,5921.6
78503,T2a,5921.6
35712,Mi1,5921.6
71652,Tm3,5921.6
10023,HSS,5921.700000000001
35234,Mi1,5921.700000000001
37438,Mi1,5921.700000000001
42594,Mi1,5921.700000000001
51963,TmY3,5921.700000000001
71475,Tm3,5921.700000000001
84267,T4c,5921.700000000001
90394,T4a,5921.700000000001
91313,T4a,5921.700000000001
92281,T4c,5921.700000000001
102564,T4a,5921.700000000001
127970,Tm3,5921.700000000001
102448,T4d,5921.8
76788,T4b,5921.8
20542,LC4,5921.8
37680,Mi1,5921.8
39716,Mi1,5921.8
41536,Mi1,5921.9
46784,Mi1,5921.9
68982,Tm3,5921.9
69915,TmY3,5921.9
83379,Tm3,5921.9
94743,T4d,5922.000000000001
111416,Tm3,5922.000000000001
106362,T4d,5922.000000000001
103725,T4a,5922.000000000001
97853,T4c,5922.000000000001
82699,Tm3,5922.000000000001
72655,Mi1,5922.000000000001
50633,TmY3,5922.000000000001
38596,Mi1,5922.000000000001
36369,Mi1,5922.000000000001
34658,Mi1,5922.000000000001
16128,LC4,5922.1
18189,LC4,5922.1
22034,LC4,5922.1
37044,Mi1,5922.1
68562,T2a,5922.1
89139,T4c,5922.1
100867,T4b,5922.1
107819,T4c,5922.1
81733,Tm3,5922.2
67464,Mi1,5922.2
56984,TmY3,5922.2
32535,Mi1,5922.2
27788,Mi1,5922.2
19550,LC4,5922.2
40235,Mi1,5922.2
17926,LC4,5922.3
21287,LC4,5922.3
34045,Mi1,5922.3
37243,Mi1,5922.3
47240,TmY3,5922.3
51191,TmY3,5922.3
97835,T4a,5922.3
109868,Tm3,5922.3
43783,Mi1,5922.400000000001
88491,T4a,5922.400000000001
36881,Mi1,5922.400000000001
10226,OA-AL2i3,5922.400000000001
10015,HSN,5922.400000000001
12688,OA-ASM1,5922.400000000001
10001,DNp01,5922.5
24338,LC4,5922.5
36139,Mi1,5922.5
43965,Mi1,5922.5
66214,T2a,5922.5
84328,T4a,5922.5
86932,T4b,5922.5
96774,T4c,5922.5
112048,T4c,5922.6
106801,T4c,5922.6
81714,T2a,5922.6
44119,Mi1,5922.6
35001,Mi1,5922.6
33907,Mi1,5922.6
10016,HSE,5922.6
34463,Mi1,5922.7
35572,Mi1,5922.7
35774,Mi1,5922.7
38993,Mi1,5922.7
39405,Mi1,5922.7
95345,T4d,5922.7
103645,T4c,5922.7
108307,T4b,5922.8
108161,T4a,5922.8
111613,T4d,5922.8
106587,T4d,5922.8
102295,T4d,5922.8
107835,T4b,5922.8
75343,Tm3,5922.8
48547,TmY3,5922.8
34296,Mi1,5922.8
33017,Mi1,5922.8
91987,T4c,5922.8
116343,T4a,5922.900000000001
110968,T4b,5922.900000000001
92862,T4b,5922.900000000001
39438,Mi1,5922.900000000001
19954,LC4,5922.900000000001
92706,T4a,5922.900000000001
106121,T4a,5923.0
102579,T4b,5923.0
90419,T4b,5923.0
90145,T4a,5923.0
86778,T4a,5923.0
82576,T4b,5923.0
77916,T2a,5923.0
67963,Tm3,5923.0
50552,Mi1,5923.0
44700,Mi1,5923.0
38133,Mi1,5923.0
37391,Mi1,5923.0
33446,Mi1,5923.0
74411,Mi1,5923.0
34606,Mi1,5923.1
37371,Mi1,5923.1
39791,Mi1,5923.1
59528,T2a,5923.1
65833,Mi1,5923.1
72665,Mi1,5923.1
104412,T4a,5923.1
67408,Mi1,5923.200000000001
54211,TmY3,5923.200000000001
71188,T2a,5923.200000000001
32893,Mi1,5923.200000000001
34142,Mi1,5923.200000000001
104123,T4b,5923.3
94471,T4a,5923.3
110454,T4d,5923.3
80582,T4a,5923.3
112545,T4d,5923.3
65671,Mi1,5923.3
38767,Mi1,5923.3
36158,Mi1,5923.3
34867,Mi1,5923.3
74374,T2a,5923.3
96365,T4a,5923.4
45176,Mi1,5923.4
91505,T4c,5923.4
102370,T4c,5923.4
90049,T4c,5923.4
36452,Mi1,5923.4
51049,Mi1,5923.4
39525,Mi1,5923.4
80913,T4a,5923.4
129930,Tm3,5923.500000000001
107445,T4a,5923.500000000001
106819,T4b,5923.500000000001
111236,T4d,5923.500000000001
89142,T4b,5923.500000000001
22975,LC4,5923.500000000001
93313,T4a,5923.500000000001
35235,Mi1,5923.6
37927,Mi1,5923.6
38708,Mi1,5923.6
97899,T4a,5923.6
107609,T4d,5923.6
61500,Tm3,5923.7
117039,T4c,5923.7
42856,Mi1,5923.7
38648,Mi1,5923.7
38455,Mi1,5923.7
37123,Mi1,5923.7
39505,Mi1,5923.7
21151,LC4,5923.8
34329,Mi1,5923.8
37084,Mi1,5923.8
40256,Mi1,5923.8
43323,Mi1,5923.8
48283,TmY3,5923.8
81996,T2a,5923.8
88281,T4b,5923.900000000001
113228,T4b,5923.900000000001
105834,T4d,5923.900000000001
97885,T4a,5923.900000000001
90465,T4a,5923.900000000001
57349,Mi1,5923.900000000001
37529,Mi1,5923.900000000001
35428,Mi1,5923.900000000001
35260,Mi1,5923.900000000001
21165,LC4,5923.900000000001
10269,OA-AL2i2,5923.900000000001
10187,OA-VPM3,5923.900000000001
10025,H2,5923.900000000001
97981,T4a,5924.0
97866,T4d,5924.0
94983,T4c,5924.0
94886,T4d,5924.0
77484,T4d,5924.0
48607,TmY3,5924.0
38238,Mi1,5924.0
17054,LC4,5924.0
85924,T4a,5924.0
104622,T4b,5924.1
108119,T4c,5924.1
105122,T4b,5924.1
96134,T4b,5924.1
68264,Tm3,5924.1
89092,T4c,5924.1
45322,Mi1,5924.1
41809,Mi1,5924.1
92939,T4b,5924.1
10112,VS,5924.2
10755,H1,5924.2
33326,Mi1,5924.2
35498,Mi1,5924.2
82313,T4a,5924.2
104674,T4a,5924.2
104942,T4a,5924.2
112806,T4c,5924.2
74375,Tm3,5924.3
101005,T4d,5924.3
85856,TmY3,5924.3
41668,Mi1,5924.3
22328,LC4,5924.3
38178,Mi1,5924.3
22194,LC4,5924.3
10265,OA-AL2i2,5924.3
38772,Mi1,5924.3
35734,Mi1,5924.400000000001
41435,Mi1,5924.400000000001
77846,Tm3,5924.400000000001
96003,T4d,5924.400000000001
98194,T4d,5924.400000000001
102540,T4b,5924.400000000001
800146,TTMn,5924.5
115636,T4d,5924.5
104354,T4b,5924.5
103108,T4b,5924.5
71674,T2a,5924.5
95681,T4a,5924.5
25584,LC4,5924.5
21336,LC4,5924.5
20917,LC4,5924.5
20808,LC4,5924.5
30480,LC4,5924.5
94179,T4a,5924.599999999999
91325,T4a,5924.599999999999
53983,TmY3,5924.599999999999
40577,Mi1,5924.599999999999
36990,Mi1,5924.599999999999
43689,Mi1,5924.599999999999
102147,T4c,5924.700000000001
97677,T4c,5924.700000000001
97480,T4c,5924.700000000001
94755,T4a,5924.700000000001
85731,T4d,5924.700000000001
64849,Tm3,5924.700000000001
83042,T4b,5924.700000000001
38893,Mi1,5924.700000000001
10037,VS,5924.700000000001
10322,OA-AL2i2,5924.700000000001
42758,Mi1,5924.700000000001
23098,LC4,5924.700000000001
19420,LC4,5924.700000000001
10677,OA-AL2i4,5924.8
20588,LC4,5924.8
36275,Mi1,5924.8
63175,Mi1,5924.8
66808,Tm3,5924.8
98039,T4d,5924.8
98467,T4d,5924.8
103870,T4a,5924.8
107117,T4d,5924.8
35113,Mi1,5924.8
93865,T4c,5924.9
47360,TmY3,5924.9
35045,Mi1,5924.9
10012,VS,5924.9
10206,VS,5925.000000000001
17364,LC4,5925.000000000001
23929,LC4,5925.000000000001
33918,Mi1,5925.000000000001
38768,Mi1,5925.000000000001
73767,Mi1,5925.000000000001
79345,T2a,5925.000000000001
81309,T2a,5925.000000000001
112453,T4c,5925.000000000001
98625,T4a,5925.1
113107,T4a,5925.1
107082,T4d,5925.1
104130,T4a,5925.1
101878,T4a,5925.1
98598,T4c,5925.1
67810,Tm3,5925.1
98026,T4b,5925.1
10001,DNp01,5925.1
10023,HSS,5925.1
98349,T4a,5925.1
75027,Tm3,5925.1
86416,T4a,5925.1
21225,LC4,5925.2
37000,Mi1,5925.2
85866,T4b,5925.2
90731,T4b,5925.2
95356,T4a,5925.2
95453,T4a,5925.2
100729,T4b,5925.2
100838,T4c,5925.2
106203,T4d,5925.2
537004,VSm,5925.3
107240,T4b,5925.3
81401,T4b,5925.3
99011,T4c,5925.3
69793,T2a,5925.3
38230,Mi1,5925.3
73122,T2a,5925.3
84631,T4c,5925.400000000001
10072,OA-AL2i1,5925.400000000001
34626,Mi1,5925.400000000001
35152,Mi1,5925.400000000001
42533,TmY3,5925.400000000001
81548,T2a,5925.400000000001
87845,T4a,5925.400000000001
107010,T4d,5925.400000000001
108475,T4b,5925.400000000001
116633,T4c,5925.400000000001
118948,T4d,5925.400000000001
103195,T4a,5925.5
104414,T4d,5925.5
100165,T4b,5925.5
40635,Mi1,5925.5
35447,Mi1,5925.5
37270,Mi1,5925.5
77906,T2a,5925.5
10015,HSN,5925.6
33110,Mi1,5925.6
94153,T4d,5925.6
107211,T4d,5925.6
86635,T4c,5925.7
81015,T4a,5925.7
42872,Mi1,5925.7
95926,T4a,5925.7
33655,Mi1,5925.7
12109,OA-VUMa2,5925.7
10016,HSE,5925.7
35218,Mi1,5925.7
111852,T4a,5925.8
109153,T4a,5925.8
105565,Tm3,5925.8
98862,Tm3,5925.8
98245,T4c,5925.8
41709,Mi1,5925.8
37555,Mi1,5925.8
35602,Mi1,5925.8
19794,LC4,5925.8
71089,Mi1,5925.8
83689,T4a,5925.900000000001
103148,T4a,5925.900000000001
99131,T4c,5925.900000000001
93021,T4a,5925.900000000001
103677,T4b,5925.900000000001
78086,T4c,5925.900000000001
36646,Mi1,5925.900000000001
35100,Mi1,5925.900000000001
34079,Mi1,5925.900000000001
10825,OA-AL2i3,5925.900000000001
37853,Mi1,5925.900000000001
111928,T4b,5926.0
108438,T4d,5926.0
101033,T4d,5926.0
96262,T4c,5926.0
93604,T4a,5926.0
73795,TmY3,5926.0
72796,Tm3,5926.0
66538,T2,5926.0
96035,T4d,5926.0
86558,T4b,5926.099999999999
109326,T4c,5926.099999999999
105412,T4a,5926.099999999999
80376,TmY3,5926.099999999999
63420,Mi1,5926.099999999999
37699,Mi1,5926.099999999999
34057,Mi1,5926.099999999999
20673,LC4,5926.099999999999
123299,T4c,5926.200000000001
118385,T4b,5926.200000000001
109593,Tm3,5926.200000000001
102975,T4b,5926.200000000001
92684,T4c,5926.200000000001
88922,T4c,5926.200000000001
86907,T4a,5926.200000000001
44449,TmY3,5926.200000000001
37113,Mi1,5926.200000000001
22847,LC4,5926.200000000001
18127,LC4,5926.200000000001
111949,T4c,5926.3
95972,T4d,5926.3
94596,T4b,5926.3
34189,Mi1,5926.3
82529,T2a,5926.3
65513,T2a,5926.3
83191,T4a,5926.3
10175,OA-VUMa6,5926.4
16138,LC4,5926.4
38791,Mi1,5926.4
46827,Mi1,5926.4
53065,Mi1,5926.4
99258,T4c,5926.4
105403,T4c,5926.4
286259,OA-ASM1,5926.4
114995,T4b,5926.5
99163,T4a,5926.5
96394,T4b,5926.5
81486,T4b,5926.5
36305,Mi1,5926.5
17987,LC4,5926.5
38987,Mi1,5926.5
74303,Mi1,5926.6
76074,Tm3,5926.6
77527,T4a,5926.6
77891,Tm3,5926.6
97105,T4d,5926.6
98887,T4b,5926.6
104621,T4c,5926.6
110646,T4b,5926.6
94953,T4d,5926.7
108870,T4a,5926.7
96830,T4b,5926.7
90371,T4d,5926.7
49788,TmY3,5926.7
50311,TmY3,5926.7
48514,TmY3,5926.7
42895,Mi1,5926.7
10120,OA-VPM4,5926.7
90097,T4c,5926.8
91366,T4b,5926.8
110855,T4a,5926.8
10025,H2,5926.900000000001
38065,LC4,5926.900000000001
46121,TmY3,5926.900000000001
83067,T4b,5926.900000000001
105962,T4b,5926.900000000001
124357,T4d,5927.0
118502,T4b,5927.0
97306,T4a,5927.0
59397,Mi1,5927.0
34479,Mi1,5927.0
16628,LC4,5927.0
63021,Tm3,5927.0
111623,T4a,5927.1
16570,VST2,5927.1
34849,Mi1,5927.1
64149,Mi1,5927.1
71394,T2a,5927.1
95883,T4a,5927.1
100046,T4b,5927.1
101043,T4c,5927.1
102409,T4c,5927.1
105545,T4d,5927.1
102791,T4c,5927.2
96959,T4a,5927.2
19543,LC4,5927.2
74010,T2a,5927.2
21313,LC4,5927.3
35724,Mi1,5927.3
60886,T2a,5927.3
63468,Mi1,5927.3
74231,Tm3,5927.3
80358,Tm3,5927.3
90423,T4b,5927.3
107812,T4a,5927.3
115686,T4b,5927.3
87566,T4a,5927.400000000001
113686,T4d,5927.400000000001
108066,T4b,5927.400000000001
107442,T4d,5927.400000000001
106535,T4d,5927.400000000001
77791,T2a,5927.400000000001
85039,T2a,5927.400000000001
75377,T2a,5927.400000000001
10284,VS,5927.400000000001
106150,T4c,5927.400000000001
100310,T4d,5927.5
36177,Mi1,5927.5
39718,Mi1,5927.5
41464,TmY3,5927.5
44564,TmY3,5927.5
88127,T4b,5927.5
70289,Mi1,5927.599999999999
67072,T2a,5927.599999999999
121093,T4b,5927.599999999999
96852,T4a,5927.599999999999
68212,T2a,5927.599999999999
64977,T2,5927.599999999999
63994,Mi1,5927.599999999999
41399,Mi1,5927.599999999999
23392,LC4,5927.599999999999
17548,LC4,5927.599999999999
31848,Mi1,5927.700000000001
65443,T2a,5927.700000000001
71583,Tm3,5927.700000000001
102845,T4b,5927.700000000001
104202,T4d,5927.700000000001
120916,T4d,5927.700000000001
122233,Tm3,5927.700000000001
105862,T4d,5927.8
98175,T4c,5927.8
94703,T4c,5927.8
72194,Tm3,5927.8
70153,Tm3,5927.8
20016,LC4,5927.8
10001,DNp01,5927.8
35683,Mi1,5927.9
35934,Mi1,5927.9
38461,Mi1,5927.9
38514,Mi1,5927.9
94574,T4c,5927.9
100033,T4c,5927.9
116610,T4d,5928.0
97161,T4a,5928.0
95736,T4c,5928.0
83465,T4a,5928.0
78317,T4a,5928.0
60698,TmY3,5928.0
41545,Mi1,5928.0
40026,TmY3,5928.0
35173,Mi1,5928.0
35017,Mi1,5928.0
10687,OA-AL2i3,5928.0
122333,T4b,5928.1
107529,T4d,5928.1
100032,T4c,5928.1
91444,T4c,5928.1
83979,T4a,5928.1
109336,T4b,5928.1
39158,Mi1,5928.1
38857,Mi1,5928.1
38208,Mi1,5928.1
36660,Mi1,5928.1
69543,T2a,5928.1
138152,Tm3,5928.2
115369,T4c,5928.2
113991,T4d,5928.2
36994,Mi1,5928.2
36911,Mi1,5928.2
20399,LC4,5928.2
19260,LC4,5928.2
24338,LC4,5928.2
108276,T4a,5928.3
75848,T2a,5928.3
102801,T4b,5928.3
106912,Tm3,5928.3
112393,T4a,5928.3
93564,T4d,5928.4
97877,T4d,5928.4
114196,T4d,5928.4
102572,T4c,5928.4
89934,T4d,5928.4
99292,T4a,5928.4
82618,T2a,5928.4
108847,T4d,5928.4
47465,TmY3,5928.4
10037,VS,5928.4
10112,VS,5928.4
56918,TmY3,5928.4
38421,Mi1,5928.4
40426,Mi1,5928.4
12896,OA-VUMa5,5928.4
10023,HSS,5928.5
38687,Mi1,5928.5
45696,Mi1,5928.5
69228,T2a,5928.5
70697,Tm3,5928.5
72066,Tm3,5928.5
96126,T4b,5928.5
98360,T4c,5928.5
112594,T4b,5928.5
105115,T4d,5928.6
96434,T4d,5928.6
92431,T4a,5928.6
85429,T4d,5928.6
75660,T2a,5928.6
49324,Mi1,5928.6
77307,Tm3,5928.6
35897,Mi1,5928.6
47211,Mi1,5928.7
48286,Mi1,5928.7
57398,Mi1,5928.7
100190,T4c,5928.7
105541,T4a,5928.7
78470,Tm3,5928.799999999999
119213,T4c,5928.799999999999
107420,T4b,5928.799999999999
98692,T4a,5928.799999999999
94368,T4a,5928.799999999999
77138,Tm3,5928.799999999999
37088,Mi1,5928.799999999999
10015,HSN,5928.799999999999
10016,HSE,5928.799999999999
69063,Mi1,5928.799999999999
19954,LC4,5928.799999999999
10755,H1,5928.799999999999
10110,OA-VUMa1,5928.900000000001
10799,OA-VUMa4,5928.900000000001
11134,VSm,5928.900000000001
45719,Mi1,5928.900000000001
64341,TmY3,5928.900000000001
72132,Tm3,5928.900000000001
72586,Tm3,5928.900000000001
99572,T4a,5928.900000000001
17860,LC4,5928.900000000001
105276,T4d,5929.0
91057,T4c,5929.0
102045,T4a,5929.0
93166,T4c,5929.0
34356,Mi1,5929.0
20542,LC4,5929.0
17926,LC4,5929.0
16128,LC4,5929.0
41522,Mi1,5929.0
103780,T4c,5929.1
103557,T4a,5929.1
100105,T4a,5929.1
89290,T4d,5929.1
73447,Tm3,5929.1
30803,LC4,5929.1
11005,OA-VUMa4,5929.1
10185,OA-VUMa8,5929.1
36410,Mi1,5929.1
108199,T4c,5929.200000000001
108043,T4a,5929.200000000001
104931,T4c,5929.200000000001
104858,T4b,5929.200000000001
90566,T4d,5929.200000000001
92957,T4d,5929.200000000001
85378,T4a,5929.200000000001
83639,T2a,5929.200000000001
101228,T4a,5929.200000000001
41626,Mi1,5929.3
83125,T4b,5929.3
85598,T4b,5929.3
90657,T4a,5929.3
92047,T4c,5929.3
91179,T4a,5929.400000000001
90112,T4c,5929.400000000001
89099,T4a,5929.400000000001
41120,Mi1,5929.400000000001
47368,TmY3,5929.400000000001
10041,OA-VUMa1,5929.400000000001
70812,TmY3,5929.400000000001
100673,T4b,5929.5
800146,TTMn,5929.5
120231,Tm3,5929.5
113568,T4d,5929.5
97015,T4a,5929.5
81064,Tm3,5929.5
88167,T4b,5929.5
63673,Tm3,5929.5
33216,Mi1,5929.5
93566,T4a,5929.5
10206,VS,5929.6
15422,VST2,5929.6
37019,Mi1,5929.6
42675,Mi1,5929.6
54885,TmY3,5929.6
66852,Mi1,5929.6
71931,Tm3,5929.6
83438,T4a,5929.700000000001
109598,T4b,5929.700000000001
122308,Tm3,5929.700000000001
105332,T4b,5929.700000000001
82038,Tm3,5929.700000000001
34862,Mi1,5929.700000000001
44438,Mi1,5929.700000000001
38748,Mi1,5929.700000000001
22194,LC4,5929.700000000001
48531,Mi1,5929.700000000001
108249,T4a,5929.8
99663,T4c,5929.8
95287,T4a,5929.8
91913,T4b,5929.8
42691,Mi1,5929.8
39067,Mi1,5929.8
36346,Mi1,5929.8
34300,Mi1,5929.8
29563,LC4,5929.8
17668,LC4,5929.8
117551,Tm3,5929.9
101245,T4a,5929.9
95007,T4a,5929.9
10012,VS,5929.9
40944,Mi1,5929.9
10025,H2,5929.9
92640,T4d,5929.9
105214,T4c,5930.000000000001
10555,OA-VUMa3,5930.000000000001
11921,OA-VPM4,5930.000000000001
22328,LC4,5930.000000000001
26112,LC4,5930.000000000001
38632,Mi1,5930.000000000001
96576,T4c,5930.000000000001
103302,T4c,5930.000000000001
114201,T4c,5930.000000000001
104257,T4b,5930.1
108344,T4d,5930.1
89409,T4a,5930.1
47686,TmY3,5930.1
40596,Mi1,5930.1
20808,LC4,5930.1
20634,VST1,5930.2
59864,Tm3,5930.2
80793,T2a,5930.2
104996,T4a,5930.2
108625,T4b,5930.2
526158,Mi1,5930.2
116451,T4c,5930.3
112241,T4b,5930.3
40832,Mi1,5930.3
19634,LC4,5930.3
11602,OA-ASM1,5930.3
34272,Mi1,5930.3
67131,Tm3,5930.400000000001
124867,T4d,5930.400000000001
106701,T4d,5930.400000000001
94356,T4c,5930.400000000001
70490,Mi1,5930.400000000001
52350,Mi1,5930.400000000001
10001,DNp01,5930.400000000001
41637,Mi1,5930.400000000001
35845,Mi1,5930.400000000001
28945,LC4,5930.400000000001
10311,VS,5930.400000000001
48060,Mi1,5930.400000000001
95629,T4c,5930.5
527408,LC4,5930.5
93750,T4c,5930.5
525839,Mi1,5930.5
35890,Mi1,5930.5
17266,LC4,5930.5
89866,T4b,5930.5
12521,HST,5930.6
23098,LC4,5930.6
36533,Mi1,5930.6
39743,Mi1,5930.6
43978,Mi1,5930.6
57239,Mi1,5930.6
97545,T4c,5930.6
104905,T4c,5930.7
96219,T4b,5930.7
62078,Mi1,5930.7
59277,TmY3,5930.7
90219,T4a,5930.7
22975,LC4,5930.7
21336,LC4,5930.7
10204,OA-AL2i2,5930.7
37948,Mi1,5930.7
98448,T4b,5930.8
94305,T4a,5930.8
104753,T4a,5930.8
39727,Mi1,5930.8
33942,Mi1,5930.8
72426,Tm3,5930.8
40936,Mi1,5930.900000000001
55101,Mi1,5930.900000000001
61292,T2,5930.900000000001
93509,T4b,5930.900000000001
102031,T4c,5930.900000000001
112944,T4b,5930.900000000001
135467,Tm3,5930.900000000001
61401,T2a,5931.0
34404,Mi1,5931.0
117882,T4b,5931.0
18189,LC4,5931.0
21225,LC4,5931.0
17054,LC4,5931.1
38227,Mi1,5931.1
38721,Mi1,5931.1
83677,T4c,5931.1
92055,T4c,5931.1
19420,LC4,5931.200000000001
33462,Mi1,5931.200000000001
37138,Mi1,5931.200000000001
39894,T4b,5931.200000000001
67150,T2a,5931.200000000001
86578,T4c,5931.200000000001
91510,T4c,5931.3
74504,T2a,5931.3
94482,T4d,5931.3
10269,OA-AL2i2,5931.3
56564,Mi1,5931.3
92644,T4d,5931.3
10168,OA-VUMa6,5931.4
25584,LC4,5931.4
35405,Mi1,5931.4
36446,Mi1,5931.4
38241,Mi1,5931.4
89368,T4c,5931.4
105180,T4c,5931.4
133349,Tm3,5931.4
542412,Mi1,5931.4
104256,T4a,5931.4
20282,LC4,5931.500000000001
23792,LC4,5931.500000000001
62757,T2a,5931.500000000001
86504,T4b,5931.500000000001
39629,Mi1,5931.6
71131,Tm3,5931.6
36954,Mi1,5931.6
36684,Mi1,5931.6
39275,Mi1,5931.7
73096,T2a,5931.7
73941,T2,5931.7
90533,T4c,5931.7
104478,T4d,5931.7
106886,T4c,5931.7
108349,T4d,5931.8
115111,T4a,5931.8
87203,T4a,5931.8
62569,T2,5931.8
18127,LC4,5931.8
10080,OA-VUMa3,5931.8
10023,HSS,5931.8
10016,HSE,5931.8
21287,LC4,5931.8
93588,T4b,5931.900000000001
117364,T4b,5931.900000000001
110988,T4a,5931.900000000001
95928,T4c,5931.900000000001
92046,T4d,5931.900000000001
10072,OA-AL2i1,5931.900000000001
63868,T2a,5931.900000000001
37509,Mi1,5931.900000000001
22034,LC4,5931.900000000001
10658,OA-AL2i3,5931.900000000001
121887,T4b,5931.900000000001
69961,Tm3,5931.900000000001
95235,T4d,5932.0
73284,T2a,5932.0
546524,Mi1,5932.0
106510,T4b,5932.0
65850,T2a,5932.0
121170,Tm3,5932.0
22966,LC4,5932.0
17364,LC4,5932.0
10037,VS,5932.0
38477,Mi1,5932.0
10015,HSN,5932.0
105895,T4a,5932.1
98817,T4a,5932.1
93947,T4a,5932.1
37839,Mi1,5932.1
37037,Mi1,5932.1
35290,Mi1,5932.1
31262,LC4,5932.1
24867,VST1,5932.1
110742,T4c,5932.2
98748,T4c,5932.2
96728,T4c,5932.2
87763,T4a,5932.2
79358,T2a,5932.2
41296,Mi1,5932.2
40219,Mi1,5932.2
34171,Mi1,5932.2
19550,LC4,5932.2
78856,Tm3,5932.2
21165,LC4,5932.3
21804,LC4,5932.3
30997,Mi1,5932.3
37631,Mi1,5932.3
93972,T4a,5932.3
94147,T4a,5932.3
94549,T4b,5932.3
116187,T4c,5932.3
103955,T4d,5932.400000000001
58196,TmY3,5932.400000000001
109652,T4d,5932.400000000001
40411,Mi1,5932.400000000001
34899,Mi1,5932.400000000001
54087,Mi1,5932.400000000001
10112,VS,5932.5
10322,OA-AL2i2,5932.5
20588,LC4,5932.5
36252,Mi1,5932.5
39595,Mi1,5932.5
42048,Mi1,5932.5
55976,Mi1,5932.5
60857,Mi1,5932.5
77480,Tm3,5932.5
108697,T4d,5932.599999999999
108461,T4b,5932.599999999999
101302,T4d,5932.599999999999
73828,Tm3,5932.599999999999
102814,T4b,5932.599999999999
46248,Mi1,5932.599999999999
40171,Mi1,5932.599999999999
35416,Mi1,5932.599999999999
31492,Mi1,5932.599999999999
71944,T2a,5932.599999999999
96812,T4a,5932.700000000001
93479,T4d,5932.700000000001
64633,T2a,5932.700000000001
537004,VSm,5932.700000000001
39858,Mi1,5932.700000000001
37294,Mi1,5932.700000000001
43615,Mi1,5932.700000000001
21313,LC4,5932.8
33091,Mi1,5932.8
35806,Mi1,5932.8
66604,TmY3,5932.8
82536,T4d,5932.8
98846,T4c,5932.8
171349687,Tm3,5932.8
46745,Mi1,5932.9
89485,T4a,5932.9
90952,T4c,5932.9
35580,Mi1,5932.9
10755,H1,5932.9
11608,OA-VUMa2,5932.9
10284,VS,5932.9
16628,LC4,5932.9
10025,H2,5933.000000000001
35512,Mi1,5933.000000000001
43414,Mi1,5933.000000000001
66872,T2,5933.000000000001
78739,T4b,5933.000000000001
104450,T4a,5933.1
103425,T4a,5933.1
98837,T4c,5933.1
10001,DNp01,5933.1
41804,Mi1,5933.1
16138,LC4,5933.1
91345,T4c,5933.1
105521,T4c,5933.2
103867,T4a,5933.2
21151,LC4,5933.2
40085,Mi1,5933.2
47967,Mi1,5933.2
37390,Mi1,5933.3
37756,Mi1,5933.3
38529,Mi1,5933.3
77395,T4b,5933.3
82500,T2a,5933.3
92682,T4a,5933.3
99731,T4c,5933.3
100633,T4a,5933.3
106338,T4a,5933.3
95532,T4a,5933.400000000001
37677,Mi1,5933.400000000001
87412,T4c,5933.400000000001
19794,LC4,5933.400000000001
10652,OA-AL2i4,5933.400000000001
24338,LC4,5933.400000000001
19543,LC4,5933.5
38487,Mi1,5933.5
39500,Mi1,5933.5
39688,Mi1,5933.5
59008,Mi1,5933.5
113414,T4d,5933.5
102388,T4d,5933.6
98393,T4a,5933.6
97878,T4b,5933.6
23392,LC4,5933.6
76446,TmY3,5933.6
88992,T4c,5933.6
93360,T4b,5933.7
80284,Tm3,5933.7
75304,T2a,5933.7
44282,Mi1,5933.7
40400,Mi1,5933.7
40505,Mi1,5933.7
35836,Mi1,5933.7
20917,LC4,5933.7
43485,Mi1,5933.7
19260,LC4,5933.8
84490,T4a,5933.8
88575,T4b,5933.8
90259,T4d,5933.8
103025,T4a,5933.8
44222,Mi1,5933.900000000001
97171,T4d,5933.900000000001
106950,T4c,5933.900000000001
95921,T4c,5934.0
103226,T4d,5934.0
102799,T4c,5934.0
88152,T4c,5934.0
46230,TmY3,5934.0
65052,T2,5934.0
36540,Mi1,5934.0
10677,OA-AL2i4,5934.0
74937,T2a,5934.099999999999
44527,Mi1,5934.099999999999
108065,T4c,5934.099999999999
37353,Mi1,5934.099999999999
20673,LC4,5934.099999999999
41613,Mi1,5934.099999999999
33614,Mi1,5934.200000000001
41136,Mi1,5934.200000000001
41654,Mi1,5934.200000000001
42119,Mi1,5934.200000000001
64540,T2,5934.200000000001
88005,T4d,5934.200000000001
94089,T4d,5934.200000000001
287884,OA-VPM3,5934.3
86419,Tm3,5934.3
45319,Mi1,5934.3
10226,OA-AL2i3,5934.3
107567,T4c,5934.4
102113,T4b,5934.4
98937,T4a,5934.4
92996,T4a,5934.4
78421,T2a,5934.4
84008,T4c,5934.4
66227,Tm3,5934.4
39651,Mi1,5934.4
35888,Mi1,5934.4
34369,Mi1,5934.4
10206,VS,5934.4
69164,Mi1,5934.4
88084,T4b,5934.5
118854,T4c,5934.5
106401,T4d,5934.5
80197,T4a,5934.5
17548,LC4,5934.5
51122,Mi1,5934.5
45349,Mi1,5934.5
12688,OA-ASM1,5934.5
72501,Mi1,5934.5
34933,Mi1,5934.6
34938,Mi1,5934.6
67308,Mi1,5934.6
93334,T4b,5934.6
117151,T4d,5934.7
95985,T4c,5934.7
94324,Tm3,5934.7
89434,T4c,5934.7
107334,T4a,5934.7
75557,Tm3,5934.7
65531,T2a,5934.7
40703,Mi1,5934.7
83004,T4b,5934.7
84038,Tm3,5934.8
58862,Mi1,5934.8
36217,Mi1,5934.8
41659,Mi1,5934.8
33017,Mi1,5934.8
10016,HSE,5934.8
36139,Mi1,5934.8
86175,T4a,5934.9
116259,T4b,5934.9
109384,T4d,5934.9
107159,T4b,5934.9
104336,T4b,5934.9
95554,T4b,5934.9
67719,T2a,5934.9
41536,Mi1,5934.9
40716,Tm3,5934.9
39164,Mi1,5934.9
33766,Mi1,5934.9
17987,LC4,5934.9
10825,OA-AL2i3,5934.9
85170,T4c,5934.9
40795,Mi1,5935.0
10023,HSS,5935.0
22194,LC4,5935.0
42594,Mi1,5935.0
90796,T4d,5935.0
96090,T4c,5935.0
97769,T4a,5935.0
104368,T4c,5935.1
39692,TmY3,5935.1
114817,T4d,5935.1
107105,T4d,5935.1
72279,Mi1,5935.1
37438,Mi1,5935.1
38710,Mi1,5935.1
10012,VS,5935.1
43872,Mi1,5935.1
800146,TTMn,5935.2
17926,LC4,5935.2
40854,Mi1,5935.2
59959,Mi1,5935.2
78108,T2a,5935.2
84063,T4b,5935.2
98654,T4d,5935.2
37224,Mi1,5935.3
19954,LC4,5935.3
111823,T4c,5935.3
35840,Mi1,5935.3
10015,HSN,5935.3
33394,Mi1,5935.3
16128,LC4,5935.3
35777,Mi1,5935.3
10037,VS,5935.400000000001
36695,Mi1,5935.400000000001
37568,Mi1,5935.400000000001
41950,Mi1,5935.400000000001
43334,TmY3,5935.400000000001
64913,T2,5935.400000000001
72794,Tm3,5935.400000000001
87873,T4b,5935.400000000001
92114,T4c,5935.400000000001
103497,Tm3,5935.5
100856,T4a,5935.5
79138,T2a,5935.5
37108,Mi1,5935.5
60979,TmY3,5935.5
43965,Mi1,5935.5
74287,Tm3,5935.5
69980,Tm3,5935.599999999999
10265,OA-AL2i2,5935.599999999999
10687,OA-AL2i3,5935.599999999999
11264,OA-ASM1,5935.599999999999
35770,Mi1,5935.599999999999
57164,TmY3,5935.599999999999
37599,Mi1,5935.700000000001
71164,Mi1,5935.700000000001
10001,DNp01,5935.700000000001
36369,Mi1,5935.700000000001
100924,T4b,5935.700000000001
58224,Mi1,5935.8
67113,Mi1,5935.8
50345,TmY3,5935.8
38238,Mi1,5935.8
37243,Mi1,5935.8
35712,Mi1,5935.8
122273,Tm3,5935.9
99670,T4c,5935.9
98985,T4c,5935.9
89020,T4a,5935.9
82549,T4b,5935.9
79271,T4a,5935.9
40235,Mi1,5935.9
40106,Mi1,5935.9
38133,Mi1,5935.9
20808,LC4,5935.9
20542,LC4,5935.9
20399,LC4,5935.9
11134,VSm,5935.9
107297,T4c,5936.0
91741,T4d,5936.0
76788,T4b,5936.0
71402,Tm3,5936.0
39438,Mi1,5936.0
38479,Mi1,5936.0
10025,H2,5936.1
35234,Mi1,5936.1
37680,Mi1,5936.1
43063,Mi1,5936.1
44119,Mi1,5936.1
62894,Tm3,5936.1
72148,Tm3,5936.1
83204,T4d,5936.1
91469,T4c,5936.1
99519,T4a,5936.1
110386,T4d,5936.1
98226,T4b,5936.2
92552,T4a,5936.2
45162,TmY3,5936.2
34606,Mi1,5936.2
32535,Mi1,5936.2
23606,Mi1,5936.2
35001,Mi1,5936.3
79449,T4b,5936.3
93985,T4c,5936.3
100897,T4c,5936.3
104027,T4d,5936.3
112179,T4b,5936.3
86536,Tm3,5936.4
51049,Mi1,5936.4
40958,Mi1,5936.4
21225,LC4,5936.4
34463,Mi1,5936.4
32893,Mi1,5936.4
101620,T4b,5936.4
39716,Mi1,5936.4
101945,T4b,5936.5
10112,VS,5936.5
36452,Mi1,5936.5
10187,OA-VPM3,5936.6
22328,LC4,5936.6
22847,LC4,5936.6
23098,LC4,5936.6
34658,Mi1,5936.6
42942,Mi1,5936.6
67464,Mi1,5936.6
78561,Tm3,5936.6
90567,T4b,5936.6
93482,T4d,5936.6
97675,T4c,5936.6
40256,Mi1,5936.7
124362,T4c,5936.7
91303,T4b,5936.7
37585,Mi1,5936.7
27788,Mi1,5936.7
34867,Mi1,5936.7
37123,Mi1,5936.7
25893,VST1,5936.7
20016,LC4,5936.8
33907,Mi1,5936.8
38596,Mi1,5936.8
39405,Mi1,5936.8
57871,T2,5936.8
72665,Mi1,5936.8
117179,T4c,5936.900000000001
64485,T2,5936.900000000001
101770,T4b,5936.900000000001
36158,Mi1,5936.900000000001
35774,Mi1,5936.900000000001
46784,Mi1,5936.900000000001
21336,LC4,5937.0
29563,LC4,5937.0
34045,Mi1,5937.0
38993,Mi1,5937.0
42758,Mi1,5937.0
93984,T4b,5937.0
119245,T4d,5937.0
70642,T2a,5937.1
89282,T4a,5937.1
79259,T4b,5937.1
72896,Tm3,5937.1
67614,Mi1,5937.1
85126,T4a,5937.1
37391,Mi1,5937.1
35235,Mi1,5937.1
57349,Mi1,5937.1
37044,Mi1,5937.1
36881,Mi1,5937.1
10755,H1,5937.200000000001
22975,LC4,5937.200000000001
23929,LC4,5937.200000000001
34296,Mi1,5937.200000000001
38065,LC4,5937.200000000001
38767,Mi1,5937.200000000001
101865,T4a,5937.200000000001
102741,T4c,5937.200000000001
104390,T4a,5937.200000000001
30803,LC4,5937.200000000001
117631,T4d,5937.3
107628,T4d,5937.3
87289,T4a,5937.3
12109,OA-VUMa2,5937.3
44592,TmY3,5937.3
17668,LC4,5937.400000000001
17860,LC4,5937.400000000001
30480,LC4,5937.400000000001
35572,Mi1,5937.400000000001
37927,Mi1,5937.400000000001
43323,Mi1,5937.400000000001
104017,T4b,5937.5
95017,T4c,5937.5
79704,T4d,5937.5
35498,Mi1,5937.5
37371,Mi1,5937.5
65671,Mi1,5937.5
123490,Tm3,5937.6
33446,Mi1,5937.6
35260,Mi1,5937.6
111010,T4c,5937.700000000001
100488,T4c,5937.700000000001
103351,T4a,5937.700000000001
98668,T4a,5937.700000000001
103271,T4c,5937.700000000001
43783,Mi1,5937.700000000001
19420,LC4,5937.700000000001
10175,OA-VUMa6,5937.700000000001
74860,Tm3,5937.700000000001
104972,T4a,5937.8
98788,T4d,5937.8
76621,T2a,5937.8
75521,T2a,5937.8
65833,Mi1,5937.8
52328,TmY3,5937.8
91914,T4a,5937.8
41671,TmY3,5937.8
39525,Mi1,5937.8
38772,Mi1,5937.8
18127,LC4,5937.8
17054,LC4,5937.8
41809,Mi1,5937.8
530434,Tm3,5937.9
81378,T4b,5937.9
45176,Mi1,5937.9
44700,Mi1,5937.9
35447,Mi1,5937.9
35428,Mi1,5937.9
25584,LC4,5937.9
10016,HSE,5937.9
41668,Mi1,5937.9
79875,T4c,5938.000000000001
94948,T4c,5938.000000000001
80838,T2a,5938.000000000001
74411,Mi1,5938.000000000001
67408,Mi1,5938.000000000001
42856,Mi1,5938.000000000001
38768,Mi1,5938.000000000001
37270,Mi1,5938.000000000001
37084,Mi1,5938.000000000001
111184,T4a,5938.1
104191,T4a,5938.1
97899,T4a,5938.1
84123,T2a,5938.1
80812,T4a,5938.1
69540,TmY3,5938.1
37000,Mi1,5938.1
35045,Mi1,5938.1
34142,Mi1,5938.1
118658,T4a,5938.2
102112,T4c,5938.2
85536,T4a,5938.2
82674,T4a,5938.2
72983,T2a,5938.2
36275,Mi1,5938.2
45948,TmY3,5938.2
37529,Mi1,5938.2
34626,Mi1,5938.2
58945,Tm3,5938.2
39791,Mi1,5938.3
102595,T4d,5938.3
98751,T4a,5938.3
84689,Tm3,5938.3
73320,T2,5938.3
71089,Mi1,5938.3
38230,Mi1,5938.3
104911,T4c,5938.3
18189,LC4,5938.3
12521,HST,5938.3
10120,OA-VPM4,5938.3
10072,OA-AL2i1,5938.3
10023,HSS,5938.3
10001,DNp01,5938.3
22108,TmY3,5938.3
101081,T4c,5938.400000000001
99789,T4d,5938.400000000001
77775,T2a,5938.400000000001
38648,Mi1,5938.400000000001
16628,LC4,5938.400000000001
72655,Mi1,5938.400000000001
83009,T4b,5938.5
151155,T4b,5938.5
92082,T4b,5938.5
69546,Tm3,5938.5
45322,Mi1,5938.5
43689,Mi1,5938.5
38455,Mi1,5938.5
11005,OA-VUMa4,5938.5
21313,LC4,5938.6
24338,LC4,5938.6
39505,Mi1,5938.6
40577,Mi1,5938.6
68840,TmY3,5938.6
74061,Tm3,5938.6
89728,Tm3,5938.6
97186,T4a,5938.6
100956,T4d,5938.6
126702,Tm3,5938.7
127615,Tm3,5938.7
98504,T4c,5938.7
71036,T2a,5938.7
109142,T4b,5938.7
50552,Mi1,5938.7
38893,Mi1,5938.7
10269,OA-AL2i2,5938.7
10015,HSN,5938.7
65009,T2,5938.7
99922,T4c,5938.8
97231,T4a,5938.8
90206,T4b,5938.8
72619,T2a,5938.8
83583,T4d,5938.8
38178,Mi1,5938.8
35602,Mi1,5938.8
10799,OA-VUMa4,5938.8
10037,VS,5938.8
38708,Mi1,5938.8
26112,LC4,5938.900000000001
42006,TmY3,5938.900000000001
75473,Tm3,5938.900000000001
80080,T2a,5938.900000000001
82425,T4b,5938.900000000001
71938,T2a,5939.0
96015,T4c,5939.0
88353,T4b,5939.0
63175,Mi1,5939.0
33326,Mi1,5939.0
38791,Mi1,5939.0
35734,Mi1,5939.0
34189,Mi1,5939.0
41709,Mi1,5939.0
37113,Mi1,5939.1
69380,Tm3,5939.1
73385,T2a,5939.1
73767,Mi1,5939.1
79253,T4a,5939.1
84663,T2a,5939.1
86141,T4b,5939.1
86992,T4b,5939.1
103344,T4b,5939.1
42872,Mi1,5939.200000000001
87939,T4b,5939.200000000001
41435,Mi1,5939.200000000001
35113,Mi1,5939.200000000001
33918,Mi1,5939.200000000001
17364,LC4,5939.200000000001
17266,LC4,5939.200000000001
10025,H2,5939.3
19634,LC4,5939.3
86696,T4d,5939.3
98381,T4d,5939.3
114080,T4a,5939.3
102514,T4a,5939.4
91725,T4b,5939.4
85152,T4c,5939.4
34079,Mi1,5939.4
79314,T4b,5939.4
34329,Mi1,5939.4
83307,Tm3,5939.4
92229,T4c,5939.500000000001
99628,T4b,5939.500000000001
77361,T4a,5939.500000000001
62851,Tm3,5939.500000000001
61659,Tm3,5939.500000000001
19543,LC4,5939.500000000001
23392,LC4,5939.6
36305,Mi1,5939.6
36646,Mi1,5939.6
40635,Mi1,5939.6
42895,Mi1,5939.6
70188,T2,5939.6
78731,Tm3,5939.6
94283,T4d,5939.6
98137,T4d,5939.6
101072,T4b,5939.6
537004,VSm,5939.7
105242,T4c,5939.7
102991,T4c,5939.7
102462,T4c,5939.7
81995,Tm3,5939.7
68933,Tm3,5939.7
64712,T2a,5939.7
100946,T4c,5939.7
19260,LC4,5939.8
33655,Mi1,5939.8
82299,T4c,5939.8
93688,T4a,5939.8
120928,T4d,5939.8
539983,T4c,5939.8
113945,T4d,5939.900000000001
532805,Tm3,5939.900000000001
114457,T4d,5939.900000000001
99671,T4c,5939.900000000001
94058,T4b,5939.900000000001
79210,Tm3,5939.900000000001
77174,T2a,5939.900000000001
71765,T2a,5939.900000000001
35152,Mi1,5939.900000000001
10206,VS,5940.0
12896,OA-VUMa5,5940.0
14416,VST2,5940.0
16138,LC4,5940.0
37699,Mi1,5940.0
89110,Tm3,5940.0
93877,T4c,5940.0
99975,T4c,5940.0
527408,LC4,5940.0
121816,T4a,5940.1
105379,T4c,5940.1
286259,OA-ASM1,5940.1
87565,T4a,5940.1
92171,T4b,5940.1
66980,T2a,5940.1
33110,Mi1,5940.1
10284,VS,5940.1
10110,OA-VUMa1,5940.1
108974,T4c,5940.2
100785,T4b,5940.2
95242,T4d,5940.2
92181,T4a,5940.2
117652,T4d,5940.2
42533,TmY3,5940.2
37733,TmY3,5940.2
35218,Mi1,5940.2
35100,Mi1,5940.2
90474,T4b,5940.2
101685,T4b,5940.2
800146,TTMn,5940.3
10012,VS,5940.3
35724,Mi1,5940.3
61353,T2,5940.3
77383,T2a,5940.3
78940,T4a,5940.3
87358,T4a,5940.3
102703,T4a,5940.3
103440,T4d,5940.3
102229,T4d,5940.400000000001
116439,T4c,5940.400000000001
99316,T4b,5940.400000000001
107170,T4b,5940.400000000001
93941,T4b,5940.400000000001
103314,T4b,5940.400000000001
67971,Tm3,5940.400000000001
34057,Mi1,5940.400000000001
49322,TmY3,5940.400000000001
78529,Tm3,5940.400000000001
65742,Tm3,5940.400000000001
37555,Mi1,5940.5
37853,Mi1,5940.5
51231,TmY3,5940.5
82099,T4b,5940.5
93935,T4a,5940.5
98549,T4a,5940.5
106840,T4b,5940.5
59397,Mi1,5940.5
92472,T4c,5940.599999999999
105313,T4a,5940.599999999999
100981,T4d,5940.599999999999
94624,T4a,5940.599999999999
106745,T4b,5940.599999999999
56762,TmY3,5940.599999999999
50333,TmY3,5940.599999999999
46827,Mi1,5940.599999999999
39718,Mi1,5940.599999999999
19794,LC4,5940.599999999999
60863,T2,5940.599999999999
60643,Tm3,5940.700000000001
62856,T2,5940.700000000001
93419,T4b,5940.700000000001
97829,Tm3,5940.700000000001
99980,T4c,5940.700000000001
101463,T4d,5940.700000000001
102910,T4b,5940.700000000001
113207,T4d,5940.700000000001
98398,T4c,5940.8
95990,T4a,5940.8
100855,T4a,5940.8
91629,T4a,5940.8
106093,T4a,5940.8
110693,Tm3,5940.8
104412,T4a,5940.8
90419,T4b,5940.8
94567,T4c,5940.8
63420,Mi1,5940.8
85007,T4c,5940.8
44449,TmY3,5940.8
35897,Mi1,5940.8
31848,Mi1,5940.8
22034,LC4,5940.8
16128,LC4,5940.8
10322,OA-AL2i2,5940.8
102479,T4c,5940.9
91283,T4c,5940.9
68342,Tm3,5940.9
22194,LC4,5940.9
10001,DNp01,5940.9
100838,T4c,5941.000000000001
97326,T4c,5941.000000000001
91806,T4a,5941.000000000001
91076,T4a,5941.000000000001
89784,T4b,5941.000000000001
84328,T4a,5941.000000000001
74731,T2a,5941.000000000001
74303,Mi1,5941.000000000001
10112,VS,5941.000000000001
38987,Mi1,5941.000000000001
35934,Mi1,5941.000000000001
20588,LC4,5941.000000000001
17548,LC4,5941.000000000001
10041,OA-VUMa1,5941.000000000001
10016,HSE,5941.000000000001
71228,T2a,5941.000000000001
93025,T4b,5941.1
107819,T4c,5941.1
83227,Tm3,5941.1
101215,T4c,5941.1
68475,T2a,5941.1
38857,Mi1,5941.1
77484,T4d,5941.1
10185,OA-VUMa8,5941.2
17926,LC4,5941.2
19550,LC4,5941.2
40426,Mi1,5941.2
53065,Mi1,5941.2
70289,Mi1,5941.2
89825,T4a,5941.2
90888,T4b,5941.2
98300,T4a,5941.2
128916,Tm3,5941.2
63468,Mi1,5941.2
80282,T4d,5941.3
87814,T4b,5941.3
104683,T4b,5941.3
68412,T2a,5941.3
36990,Mi1,5941.3
21287,LC4,5941.3
64149,Mi1,5941.3
112344,T4c,5941.400000000001
111746,Tm3,5941.400000000001
106522,T4d,5941.400000000001
88491,T4a,5941.400000000001
96424,T4b,5941.400000000001
41399,Mi1,5941.400000000001
34849,Mi1,5941.400000000001
20673,LC4,5941.400000000001
63994,Mi1,5941.400000000001
82507,T2a,5941.5
117586,T4c,5941.5
102298,T4c,5941.5
93957,T4b,5941.5
93527,T4a,5941.5
79817,Tm3,5941.5
72558,T2a,5941.5
74044,Tm3,5941.5
65636,T2,5941.5
39158,Mi1,5941.5
38514,Mi1,5941.5
34479,Mi1,5941.5
19954,LC4,5941.5
108757,T4c,5941.6
92684,T4c,5941.6
80302,T2a,5941.6
78968,Tm3,5941.6
21165,LC4,5941.6
20808,LC4,5941.6
20282,LC4,5941.6
21225,LC4,5941.6
96260,T4d,5941.7
98175,T4c,5941.7
97288,T4c,5941.7
96211,T4d,5941.7
38208,Mi1,5941.7
11602,OA-ASM1,5941.7
38461,Mi1,5941.7
102016,T4a,5941.8
10755,H1,5941.8
36177,Mi1,5941.8
38421,Mi1,5941.8
47211,Mi1,5941.8
69441,Tm3,5941.8
74023,T2a,5941.8
74228,Tm3,5941.8
81211,Tm3,5941.8
93622,T4c,5941.8
96307,T4a,5941.900000000001
23792,LC4,5941.900000000001
107075,T4d,5941.900000000001
87845,T4a,5941.900000000001
10023,HSS,5941.900000000001
36994,Mi1,5941.900000000001
23098,LC4,5941.900000000001
45719,Mi1,5941.900000000001
149504,T4d,5942.0
103765,T4d,5942.0
101441,T4a,5942.0
97866,T4d,5942.0
95005,T4a,5942.0
122961,T4d,5942.0
92346,T4a,5942.0
90467,T4d,5942.0
86724,Tm3,5942.0
69063,Mi1,5942.0
41545,Mi1,5942.0
93142,T4a,5942.0
106166,T4b,5942.099999999999
101994,T4a,5942.099999999999
100282,T4a,5942.099999999999
97145,T4c,5942.099999999999
83682,Tm3,5942.099999999999
77991,Tm3,5942.099999999999
78773,Tm3,5942.099999999999
75172,T2a,5942.099999999999
10037,VS,5942.099999999999
109937,T4a,5942.099999999999
82976,Tm3,5942.099999999999
85938,T4a,5942.200000000001
80906,T4c,5942.200000000001
103827,T4c,5942.200000000001
104884,T4b,5942.200000000001
78911,Tm3,5942.200000000001
99609,T4a,5942.200000000001
36911,Mi1,5942.200000000001
35683,Mi1,5942.200000000001
20917,LC4,5942.200000000001
10015,HSN,5942.200000000001
41522,Mi1,5942.200000000001
92281,T4c,5942.3
83161,T2a,5942.3
95239,T4a,5942.3
35173,Mi1,5942.3
66357,T2a,5942.3
35017,Mi1,5942.4
98194,T4d,5942.4
100261,T4c,5942.4
106295,T4b,5942.4
109649,T4c,5942.4
100345,T4c,5942.5
137694,Tm3,5942.5
107445,T4a,5942.5
104714,T4b,5942.5
85778,T4b,5942.5
65307,T2,5942.5
48986,TmY3,5942.5
37088,Mi1,5942.5
34862,Mi1,5942.5
10025,H2,5942.5
80913,T4a,5942.5
81706,T2a,5942.6
20542,LC4,5942.6
38502,Tm3,5942.6
57398,Mi1,5942.6
82313,T4a,5942.6
90423,T4b,5942.6
90520,T4a,5942.6
100774,T4a,5942.6
115511,T4d,5942.7
85440,Tm3,5942.7
97031,T4c,5942.7
88922,T4c,5942.7
82211,T2a,5942.7
48531,Mi1,5942.7
76528,Tm3,5942.7
22328,LC4,5942.7
21151,LC4,5942.7
80093,T2a,5942.7
10168,OA-VUMa6,5942.8
18127,LC4,5942.8
45696,Mi1,5942.8
96081,T4a,5942.8
101772,Tm3,5942.8
102786,Tm3,5942.9
75343,Tm3,5942.9
70524,T2a,5942.9
56136,Tm3,5942.9
77527,T4a,5942.9
38748,Mi1,5942.9
38687,Mi1,5942.9
28945,LC4,5942.9
43924,TmY3,5942.9
526158,Mi1,5943.0
113983,T4d,5943.0
100274,T4a,5943.0
96365,T4a,5943.0
90145,T4a,5943.0
86932,T4b,5943.0
62912,T2,5943.0
61370,T2,5943.0
40936,Mi1,5943.0
34300,Mi1,5943.0
71361,Tm3,5943.0
107143,T4d,5943.1
96657,T4c,5943.1
95499,T4b,5943.1
85741,T4a,5943.1
69266,Tm3,5943.1
36346,Mi1,5943.1
21336,LC4,5943.1
85716,T4c,5943.1
10555,OA-VUMa3,5943.2
10658,OA-AL2i3,5943.2
11134,VSm,5943.2
20399,LC4,5943.2
36660,Mi1,5943.2
87827,T2a,5943.2
97256,T4c,5943.2
100501,T4b,5943.2
107812,T4a,5943.2
108675,T4b,5943.2
120594,T4c,5943.2
121093,T4b,5943.3
101742,T4c,5943.3
77226,T2a,5943.3
39727,Mi1,5943.3
66852,Mi1,5943.3
10825,OA-AL2i3,5943.400000000001
30923,TmY3,5943.400000000001
64050,T2,5943.400000000001
88698,T4a,5943.400000000001
93559,T4d,5943.400000000001
93927,T4a,5943.400000000001
102845,T4b,5943.400000000001
103160,T4a,5943.400000000001
112369,T4d,5943.5
110757,T4b,5943.5
110403,T4b,5943.5
106894,T4b,5943.5
100874,T4a,5943.5
57239,Mi1,5943.5
68951,TmY3,5943.5
42691,Mi1,5943.5
41626,Mi1,5943.5
40944,Mi1,5943.5
17987,LC4,5943.5
10001,DNp01,5943.5
49324,Mi1,5943.5
105698,T4c,5943.599999999999
104297,T4a,5943.599999999999
103479,T4c,5943.599999999999
103033,T4a,5943.599999999999
98222,T4d,5943.599999999999
112027,T4d,5943.599999999999
86416,T4a,5943.599999999999
84267,T4c,5943.599999999999
48286,Mi1,5943.599999999999
34356,Mi1,5943.599999999999
24338,LC4,5943.599999999999
86715,Tm3,5943.599999999999
52350,Mi1,5943.700000000001
67152,Tm3,5943.700000000001
86907,T4a,5943.700000000001
88726,T4b,5943.700000000001
113107,T4a,5943.8
111579,Tm3,5943.8
101480,T4c,5943.8
94282,T4c,5943.8
11921,OA-VPM4,5943.8
53156,TmY3,5943.8
44438,Mi1,5943.8
10011,OA-AL2i1,5943.8
67810,Tm3,5943.8
75381,Tm3,5943.9
82855,Tm3,5943.9
98238,T4b,5943.9
40599,TmY3,5943.9
36533,Mi1,5943.9
37019,Mi1,5943.9
10687,OA-AL2i3,5943.9
37948,Mi1,5943.9
100206,T4c,5944.0
95227,T4a,5944.0
91682,T4b,5944.0
74112,T2a,5944.0
72829,T2a,5944.0
66345,T2a,5944.0
97318,T4d,5944.0
48547,TmY3,5944.0
36410,Mi1,5944.0
25584,LC4,5944.0
21313,LC4,5944.0
11608,OA-VUMa2,5944.0
60856,T2a,5944.0
105718,T4b,5944.1
105565,Tm3,5944.1
94224,T4b,5944.1
93407,T4d,5944.1
92706,T4a,5944.1
88933,T4a,5944.1
35845,Mi1,5944.1
39743,Mi1,5944.1
16628,LC4,5944.1
10677,OA-AL2i4,5944.1
10016,HSE,5944.1
111783,T4a,5944.1
88095,T4d,5944.1
112458,T4b,5944.1
94071,T4a,5944.2
84010,Tm3,5944.2
21804,LC4,5944.3
33216,Mi1,5944.3
34272,Mi1,5944.3
43978,Mi1,5944.3
86686,T4c,5944.3
111380,Tm3,5944.3
125171,Tm3,5944.3
35890,Mi1,5944.4
40596,Mi1,5944.4
83438,T4a,5944.4
94179,T4a,5944.4
525839,Mi1,5944.4
95335,T4a,5944.5
103654,T4b,5944.5
98099,T4b,5944.5
39067,Mi1,5944.5
10204,OA-AL2i2,5944.5
91313,T4a,5944.5
20634,VST1,5944.6
38632,Mi1,5944.6
58553,TmY3,5944.6
70490,Mi1,5944.6
87896,T4a,5944.6
100075,T4c,5944.7
17054,LC4,5944.7
17668,LC4,5944.7
46248,Mi1,5944.7
58703,T2,5944.7
117221,T4c,5944.7
107486,T4c,5944.8
114832,T4c,5944.8
72190,Tm3,5944.8
94668,T4d,5944.8
38241,Mi1,5944.8
19420,LC4,5944.8
42010,TmY3,5944.8
37509,Mi1,5944.900000000001
41120,Mi1,5944.900000000001
98325,T4d,5944.900000000001
99950,T4c,5944.900000000001
105962,T4b,5944.900000000001
87106,T4a,5945.0
800146,TTMn,5945.0
107621,T4d,5945.0
92939,T4b,5945.0
85074,T4a,5945.0
46662,TmY3,5945.0
37138,Mi1,5945.0
38721,Mi1,5945.0
34404,Mi1,5945.0
33942,Mi1,5945.0
33462,Mi1,5945.0
10072,OA-AL2i1,5945.0
42675,Mi1,5945.0
83677,T4c,5945.1
533688,Tm3,5945.1
92251,T4b,5945.1
87452,T2a,5945.1
78308,T2a,5945.1
109326,T4c,5945.1
62078,Mi1,5945.1
41296,Mi1,5945.1
39275,Mi1,5945.1
37037,Mi1,5945.1
22966,LC4,5945.1
68485,T2a,5945.1
542412,Mi1,5945.200000000001
96676,T4b,5945.200000000001
80855,Tm3,5945.200000000001
10112,VS,5945.200000000001
41637,Mi1,5945.200000000001
22975,LC4,5945.200000000001
48060,Mi1,5945.200000000001
20016,LC4,5945.3
40171,Mi1,5945.3
68167,Tm3,5945.3
85664,TmY3,5945.3
98625,T4a,5945.3
110910,Tm3,5945.3
71052,T2a,5945.400000000001
48514,TmY3,5945.400000000001
34171,Mi1,5945.400000000001
19543,LC4,5945.400000000001
16138,LC4,5945.400000000001
10206,VS,5945.400000000001
10037,VS,5945.400000000001
18189,LC4,5945.400000000001
117627,Tm3,5945.5
10015,HSN,5945.5
10023,HSS,5945.5
10025,H2,5945.5
29563,LC4,5945.5
40219,Mi1,5945.5
85009,Tm3,5945.5
90493,T4b,5945.5
92481,TmY3,5945.5
96931,T4b,5945.6
85856,TmY3,5945.6
102579,T4b,5945.6
80033,T4a,5945.6
107997,T4c,5945.6
38227,Mi1,5945.6
10652,OA-AL2i4,5945.6
10012,VS,5945.6
55101,Mi1,5945.6
103383,T4c,5945.700000000001
84292,T4d,5945.700000000001
71447,T4c,5945.700000000001
94755,T4a,5945.700000000001
45005,TmY3,5945.700000000001
35416,Mi1,5945.700000000001
10226,OA-AL2i3,5945.700000000001
52485,TmY3,5945.700000000001
39629,Mi1,5945.8
66808,Tm3,5945.8
92141,T4a,5945.8
99074,T4b,5945.8
100319,T4b,5945.8
107031,T4b,5945.8
100087,T4b,5945.9
102742,T4d,5945.9
99131,T4c,5945.9
35290,Mi1,5945.9
23392,LC4,5945.9
22847,LC4,5945.9
37839,Mi1,5945.9
93750,T4c,5946.000000000001
16128,LC4,5946.000000000001
31262,LC4,5946.000000000001
33017,Mi1,5946.000000000001
43414,Mi1,5946.000000000001
77676,T2a,5946.000000000001
83125,T4b,5946.000000000001
100018,T4a,5946.000000000001
112563,Tm3,5946.000000000001
119601,T4d,5946.000000000001
58967,TmY3,5946.1
68982,Tm3,5946.1
58527,TmY3,5946.1
120312,Tm3,5946.1
96199,T4a,5946.1
55976,Mi1,5946.1
10080,OA-VUMa3,5946.1
41804,Mi1,5946.1
36684,Mi1,5946.1
35405,Mi1,5946.1
10755,H1,5946.1
10001,DNp01,5946.1
44282,Mi1,5946.1
40411,Mi1,5946.2
97184,T4d,5946.2
112321,T4d,5946.2
107640,T4c,5946.3
103780,T4c,5946.3
97193,T4a,5946.3
72955,T2a,5946.3
101589,T4a,5946.3
51848,TmY3,5946.3
17926,LC4,5946.3
12521,HST,5946.3
56564,Mi1,5946.3
112969,T4c,5946.400000000001
103867,T4a,5946.400000000001
92911,T4c,5946.400000000001
81215,Tm3,5946.400000000001
46745,Mi1,5946.400000000001
30997,Mi1,5946.400000000001
10284,VS,5946.400000000001
60857,Mi1,5946.400000000001
106664,T4c,5946.5
109916,T4d,5946.5
109291,T4d,5946.5
537004,VSm,5946.5
104130,T4a,5946.5
37294,Mi1,5946.5
63050,T2a,5946.5
59008,Mi1,5946.5
17364,LC4,5946.5
10269,OA-AL2i2,5946.5
97677,T4c,5946.5
112744,T4d,5946.6
102519,T4a,5946.6
98887,T4b,5946.6
54087,Mi1,5946.6
42048,Mi1,5946.6
36540,Mi1,5946.6
21225,LC4,5946.6
48894,TmY3,5946.6
99837,T4a,5946.7
85229,T4c,5946.7
82208,T2a,5946.7
77557,T4b,5946.7
74159,Tm3,5946.7
67295,T2,5946.7
36446,Mi1,5946.7
37631,Mi1,5946.7
31492,Mi1,5946.7
22194,LC4,5946.7
17266,LC4,5946.7
12688,OA-ASM1,5946.7
40832,Mi1,5946.7
17860,LC4,5946.8
36954,Mi1,5946.8
37353,Mi1,5946.8
38477,Mi1,5946.8
39692,TmY3,5946.8
112775,T4d,5946.8
74259,T2a,5946.900000000001
40400,Mi1,5946.900000000001
39894,T4b,5946.900000000001
36217,Mi1,5946.900000000001
19260,LC4,5946.900000000001
39595,Mi1,5946.900000000001
19794,LC4,5947.0
33091,Mi1,5947.0
34899,Mi1,5947.0
40085,Mi1,5947.0
94081,T4c,5947.0
102425,T4b,5947.0
108847,T4d,5947.0
121245,Tm3,5947.0
287884,OA-VPM3,5947.0
546524,Mi1,5947.0
107356,T4d,5947.1
79646,Tm3,5947.1
80670,T4a,5947.1
10016,HSE,5947.1
39500,Mi1,5947.1
63825,Tm3,5947.200000000001
76325,T2a,5947.200000000001
78943,T2a,5947.200000000001
90655,T4a,5947.200000000001
94743,T4d,5947.200000000001
98118,T4c,5947.200000000001
105115,T4d,5947.200000000001
112633,T4b,5947.3
109996,T4c,5947.3
104674,T4a,5947.3
97784,T4c,5947.3
96126,T4b,5947.3
95498,T4b,5947.3
91222,T4d,5947.3
93224,T4a,5947.3
85378,T4a,5947.3
56118,TmY3,5947.3
39858,Mi1,5947.3
38529,Mi1,5947.3
37756,Mi1,5947.3
36252,Mi1,5947.3
10265,OA-AL2i2,5947.3
86778,T4a,5947.3
116311,T4d,5947.4
88398,T4a,5947.4
78437,Tm3,5947.4
71161,T2a,5947.4
80582,T4a,5947.4
38487,Mi1,5947.4
20808,LC4,5947.4
17548,LC4,5947.4
10311,VS,5947.4
39651,Mi1,5947.4
116129,T4b,5947.500000000001
109727,T4b,5947.500000000001
96003,T4d,5947.500000000001
45319,Mi1,5947.500000000001
41613,Mi1,5947.500000000001
40703,Mi1,5947.500000000001
35580,Mi1,5947.500000000001
20673,LC4,5947.500000000001
15422,VST2,5947.500000000001
37677,Mi1,5947.500000000001
79134,Tm3,5947.6
101228,T4a,5947.6
97028,T4c,5947.6
51050,TmY3,5947.6
96576,T4c,5947.6
36139,Mi1,5947.6
35836,Mi1,5947.6
41136,Mi1,5947.6
23098,LC4,5947.6
19954,LC4,5947.6
35512,Mi1,5947.7
44527,Mi1,5947.7
112619,T4d,5947.7
133040,Tm3,5947.7
102975,T4b,5947.8
95528,T4d,5947.8
89290,T4d,5947.8
79297,T4a,5947.8
35888,Mi1,5947.8
43615,Mi1,5947.8
18127,LC4,5947.8
69164,Mi1,5947.8
87390,T2a,5947.900000000001
90219,T4a,5947.900000000001
101230,T4a,5947.900000000001
80483,T4c,5947.900000000001
33614,Mi1,5947.900000000001
66538,T2,5947.900000000001
35806,Mi1,5947.900000000001
22034,LC4,5947.900000000001
69597,Tm3,5947.900000000001
11005,OA-VUMa4,5948.0
11551,VS,5948.0
41950,Mi1,5948.0
42119,Mi1,5948.0
91366,T4b,5948.0
95453,T4a,5948.0
96295,T4b,5948.0
101707,T4c,5948.0
104262,T4a,5948.0
109631,T4b,5948.0
100567,T4d,5948.1
94471,T4a,5948.1
99011,T4c,5948.1
92668,T2a,5948.1
33766,Mi1,5948.1
103022,T4a,5948.2
98000,T4b,5948.2
64341,TmY3,5948.2
40026,TmY3,5948.2
35770,Mi1,5948.2
44222,Mi1,5948.2
26112,LC4,5948.2
22328,LC4,5948.2
12109,OA-VUMa2,5948.2
11264,OA-ASM1,5948.2
30803,LC4,5948.2
96671,T4c,5948.3
112594,T4b,5948.3
112088,T4d,5948.3
107719,T4b,5948.3
103527,T4c,5948.3
83042,T4b,5948.3
78735,T2a,5948.3
41654,Mi1,5948.3
40505,Mi1,5948.3
32962,TmY3,5948.3
16570,VST2,5948.3
10322,OA-AL2i2,5948.400000000001
20588,LC4,5948.400000000001
34369,Mi1,5948.400000000001
39688,Mi1,5948.400000000001
58862,Mi1,5948.400000000001
98575,T4a,5948.400000000001
99863,T4d,5948.400000000001
106793,T4d,5948.400000000001
107529,T4d,5948.400000000001
112613,T4d,5948.400000000001
104622,T4b,5948.5
83365,T2a,5948.5
110076,T4c,5948.5
100032,T4c,5948.5
37568,Mi1,5948.5
42758,Mi1,5948.5
90097,T4c,5948.5
10025,H2,5948.599999999999
24338,LC4,5948.599999999999
35840,Mi1,5948.599999999999
61960,T2,5948.599999999999
76003,Tm3,5948.599999999999
88746,Tm3,5948.599999999999
98039,T4d,5948.599999999999
98467,T4d,5948.599999999999
103657,T4b,5948.599999999999
109172,T4b,5948.599999999999
112048,T4c,5948.599999999999
96784,T4b,5948.700000000001
92842,T4a,5948.700000000001
77920,Tm3,5948.700000000001
19634,LC4,5948.700000000001
35234,Mi1,5948.700000000001
10001,DNp01,5948.700000000001
47967,Mi1,5948.700000000001
10015,HSN,5948.8
10037,VS,5948.8
38238,Mi1,5948.8
68562,T2a,5948.8
78597,T2a,5948.8
83465,T4a,5948.8
103152,T4a,5948.8
109023,T4c,5948.8
85924,T4a,5948.9
90278,T4a,5948.9
81015,T4a,5948.9
108876,T4c,5948.9
104722,T4d,5948.9
78317,T4a,5948.9
21336,LC4,5948.9
70635,Tm3,5948.9
44244,TmY3,5948.9
37390,Mi1,5948.9
32535,Mi1,5948.9
72501,Mi1,5948.9
89368,T4c,5949.0
80437,Tm3,5949.0
37438,Mi1,5949.0
34463,Mi1,5949.0
88039,T4c,5949.0
20542,LC4,5949.0
10187,OA-VPM3,5949.0
10023,HSS,5949.0
34296,Mi1,5949.0
10799,OA-VUMa4,5949.1
37224,Mi1,5949.1
43485,Mi1,5949.1
92431,T4a,5949.1
93865,T4c,5949.1
98890,T4c,5949.2
547091,T2,5949.2
107412,Tm3,5949.2
104996,T4a,5949.2
102572,T4c,5949.2
101245,T4a,5949.2
83067,T4b,5949.2
532850,Tm3,5949.2
44119,Mi1,5949.2
41659,Mi1,5949.2
40235,Mi1,5949.2
37108,Mi1,5949.2
34938,Mi1,5949.2
21313,LC4,5949.2
10112,VS,5949.2
51122,Mi1,5949.2
122233,Tm3,5949.3
98349,T4a,5949.3
97872,T4d,5949.3
91804,T4d,5949.3
89409,T4a,5949.3
41536,Mi1,5949.3
47962,TmY3,5949.3
39164,Mi1,5949.3
38993,Mi1,5949.3
34933,Mi1,5949.3
70800,Tm3,5949.3
95356,T4a,5949.400000000001
97878,T4b,5949.400000000001
105300,T4a,5949.400000000001
97792,T4b,5949.400000000001
92146,T4a,5949.400000000001
50871,TmY3,5949.400000000001
68264,Tm3,5949.400000000001
60337,TmY3,5949.400000000001
58224,Mi1,5949.400000000001
37391,Mi1,5949.400000000001
73807,Tm3,5949.400000000001
16628,LC4,5949.5
51049,Mi1,5949.5
57349,Mi1,5949.5
63673,Tm3,5949.5
75298,T2a,5949.5
90394,T4a,5949.5
91913,T4b,5949.5
95822,T4b,5949.5
45349,Mi1,5949.6
36452,Mi1,5949.6
36369,Mi1,5949.6
35712,Mi1,5949.6
33394,Mi1,5949.6
35777,Mi1,5949.6
21287,LC4,5949.7
36695,Mi1,5949.7
38065,LC4,5949.7
38479,Mi1,5949.7
40106,Mi1,5949.7
65671,Mi1,5949.7
88435,Tm3,5949.7
91987,T4c,5949.7
95454,T4a,5949.7
100726,T4d,5949.7
105640,T4d,5949.7
108325,T4c,5949.8
107609,T4d,5949.8
102295,T4d,5949.8
43323,Mi1,5949.8
40854,Mi1,5949.8
88625,T4c,5949.8
43063,Mi1,5949.900000000001
34658,Mi1,5949.900000000001
37123,Mi1,5949.900000000001
37243,Mi1,5949.900000000001
38710,Mi1,5949.900000000001
39438,Mi1,5949.900000000001
43965,Mi1,5949.900000000001
59528,T2a,5949.900000000001
84631,T4c,5949.900000000001
89102,T4d,5949.900000000001
95458,T4d,5949.900000000001
106922,T4c,5949.900000000001
105706,T4a,5950.0
114698,T4b,5950.0
74927,Tm3,5950.0
10175,OA-VUMa6,5950.0
42594,Mi1,5950.0
69889,T2a,5950.0
10016,HSE,5950.099999999999
10206,VS,5950.099999999999
11134,VSm,5950.099999999999
19550,LC4,5950.099999999999
37599,Mi1,5950.099999999999
40795,Mi1,5950.099999999999
46784,Mi1,5950.099999999999
71164,Mi1,5950.099999999999
72279,Mi1,5950.099999999999
110182,T4c,5950.200000000001
104858,T4b,5950.200000000001
99137,T4c,5950.200000000001
96134,T4b,5950.200000000001
94356,T4c,5950.200000000001
67308,Mi1,5950.200000000001
67113,Mi1,5950.200000000001
38133,Mi1,5950.200000000001
37680,Mi1,5950.200000000001
89139,T4c,5950.200000000001
111304,T4b,5950.3
16606,VST2,5950.3
25584,LC4,5950.3
34867,Mi1,5950.3
71475,Tm3,5950.3
103570,T4d,5950.3
104853,T4c,5950.3
106401,T4d,5950.4
36158,Mi1,5950.4
111416,Tm3,5950.4
99348,T4c,5950.4
108948,T4b,5950.4
90027,T4c,5950.4
35001,Mi1,5950.4
42942,Mi1,5950.4
10755,H1,5950.4
70900,Tm3,5950.4
35235,Mi1,5950.4
20917,LC4,5950.5
23792,LC4,5950.5
40958,Mi1,5950.5
43872,Mi1,5950.5
93302,T4b,5950.5
128159,T4d,5950.5
800146,TTMn,5950.6
134209,Tm3,5950.6
100787,T4b,5950.6
89142,T4b,5950.6
47368,TmY3,5950.6
37585,Mi1,5950.6
20399,LC4,5950.6
19543,LC4,5950.6
16138,LC4,5950.6
10120,OA-VPM4,5950.6
106801,T4c,5950.7
104621,T4c,5950.7
103108,T4b,5950.7
99310,T4a,5950.7
89223,T4d,5950.7
77916,T2a,5950.7
21165,LC4,5950.7
40256,Mi1,5950.7
39405,Mi1,5950.7
37270,Mi1,5950.7
35498,Mi1,5950.7
23606,Mi1,5950.7
49372,TmY3,5950.7
100033,T4c,5950.8
111928,T4b,5950.8
108307,T4b,5950.8
108066,T4b,5950.8
102147,T4c,5950.8
97853,T4c,5950.8
93360,T4b,5950.8
87808,T4a,5950.8
82130,T2a,5950.8
38596,Mi1,5950.8
35774,Mi1,5950.8
34626,Mi1,5950.8
24867,VST1,5950.8
48607,TmY3,5950.9
51963,TmY3,5950.9
84434,Tm3,5950.9
99387,T4a,5950.9
120016,Tm3,5950.9
130861,Tm3,5950.9
527408,LC4,5950.9
132339,Tm3,5951.0
95736,T4c,5951.0
119288,T4d,5951.0
67150,T2a,5951.0
41809,Mi1,5951.0
84063,T4b,5951.0
105126,T4c,5951.1
99748,T4b,5951.1
95364,T4d,5951.1
90371,T4d,5951.1
83689,T4a,5951.1
80812,T4a,5951.1
41668,Mi1,5951.1
37927,Mi1,5951.1
34606,Mi1,5951.1
33907,Mi1,5951.1
20282,LC4,5951.1
51191,TmY3,5951.1
44564,TmY3,5951.2
107181,T4c,5951.2
101878,T4a,5951.2
67408,Mi1,5951.2
42872,Mi1,5951.2
17987,LC4,5951.2
35428,Mi1,5951.2
34045,Mi1,5951.2
36881,Mi1,5951.2
10001,DNp01,5951.2
103025,T4a,5951.3
94468,T4c,5951.3
92047,T4c,5951.3
91505,T4c,5951.3
69570,Tm3,5951.3
85866,T4b,5951.3
38767,Mi1,5951.3
35045,Mi1,5951.3
27788,Mi1,5951.3
19420,LC4,5951.3
10072,OA-AL2i1,5951.3
59959,Mi1,5951.3
91469,T4c,5951.400000000001
104257,T4b,5951.400000000001
103579,T4c,5951.400000000001
97835,T4a,5951.400000000001
94549,T4b,5951.400000000001
93166,T4c,5951.400000000001
92839,T4b,5951.400000000001
90121,T4b,5951.400000000001
120201,T4b,5951.400000000001
39716,Mi1,5951.400000000001
36275,Mi1,5951.400000000001
32893,Mi1,5951.400000000001
17054,LC4,5951.400000000001
16128,LC4,5951.400000000001
12896,OA-VUMa5,5951.400000000001
10012,VS,5951.400000000001
67464,Mi1,5951.400000000001
101005,T4d,5951.5
93972,T4a,5951.5
35447,Mi1,5951.5
38230,Mi1,5951.5
71230,Tm3,5951.5
90135,T4c,5951.599999999999
103195,T4a,5951.599999999999
111613,T4d,5951.599999999999
74725,T2a,5951.599999999999
91179,T4a,5951.599999999999
54423,TmY3,5951.599999999999
45176,Mi1,5951.599999999999
38768,Mi1,5951.599999999999
37371,Mi1,5951.599999999999
67963,Tm3,5951.599999999999
119353,T4b,5951.700000000001
108276,T4a,5951.700000000001
102448,T4d,5951.700000000001
97885,T4a,5951.700000000001
86175,T4a,5951.700000000001
78477,T4a,5951.700000000001
78422,Tm3,5951.700000000001
71944,T2a,5951.700000000001
35572,Mi1,5951.700000000001
23392,LC4,5951.700000000001
10110,OA-VUMa1,5951.700000000001
10041,OA-VUMa1,5951.700000000001
10025,H2,5951.700000000001
68522,T2a,5951.700000000001
91345,T4c,5951.8
104008,T4b,5951.8
92006,T4a,5951.8
82576,T4b,5951.8
37084,Mi1,5951.8
70812,TmY3,5951.8
72938,T2a,5951.8
21225,LC4,5951.8
23929,LC4,5951.9
34142,Mi1,5951.9
43783,Mi1,5951.9
64977,T2,5951.9
67614,Mi1,5951.9
84008,T4c,5951.9
110482,T4b,5951.9
117662,T4d,5951.9
112750,T4c,5952.0
111623,T4a,5952.0
90900,T4a,5952.0
78086,T4c,5952.0
65348,TmY3,5952.0
33446,Mi1,5952.0
38455,Mi1,5952.0
33326,Mi1,5952.0
30480,LC4,5952.0
17926,LC4,5952.0
59864,Tm3,5952.0
10037,VS,5952.1
18189,LC4,5952.1
45322,Mi1,5952.1
47465,TmY3,5952.1
76653,T2a,5952.1
97161,T4a,5952.2
74374,T2a,5952.2
114338,T4c,5952.2
10015,HSN,5952.2
35260,Mi1,5952.2
34189,Mi1,5952.3
35602,Mi1,5952.3
85598,T4b,5952.3
97306,T4a,5952.3
100729,T4b,5952.3
108065,T4c,5952.3
102564,T4a,5952.4
94574,T4c,5952.4
91444,T4c,5952.4
61500,Tm3,5952.4
44700,Mi1,5952.4
64849,Tm3,5952.4
39525,Mi1,5952.4
37000,Mi1,5952.4
22975,LC4,5952.4
10687,OA-AL2i3,5952.4
10284,VS,5952.4
42856,Mi1,5952.4
111017,T4d,5952.5
103870,T4a,5952.5
97105,T4d,5952.5
83432,Tm3,5952.5
72005,Tm3,5952.5
22194,LC4,5952.5
38893,Mi1,5952.5
17668,LC4,5952.5
10825,OA-AL2i3,5952.5
10023,HSS,5952.5
42895,Mi1,5952.5
98598,T4c,5952.6
95883,T4a,5952.6
88460,T2a,5952.6
89099,T4a,5952.6
87763,T4a,5952.6
39505,Mi1,5952.6
18127,LC4,5952.6
87873,T4b,5952.6
110040,T4c,5952.7
105849,T4d,5952.7
104123,T4b,5952.7
103645,T4c,5952.7
90657,T4a,5952.7
74411,Mi1,5952.7
43689,Mi1,5952.7
37529,Mi1,5952.7
33655,Mi1,5952.7
118260,T4d,5952.8
99572,T4a,5952.8
95972,T4d,5952.8
83191,T4a,5952.8
95629,T4c,5952.8
70632,Tm3,5952.8
65833,Mi1,5952.8
35734,Mi1,5952.8
21151,LC4,5952.8
71089,Mi1,5952.8
33918,Mi1,5952.900000000001
41709,Mi1,5952.900000000001
75966,T2a,5952.900000000001
86720,Tm3,5952.900000000001
116343,T4a,5953.0
108475,T4b,5953.0
87412,T4c,5953.0
77395,T4b,5953.0
82515,Tm3,5953.0
20808,LC4,5953.0
83979,T4a,5953.0
74997,Tm3,5953.1
112453,T4c,5953.1
100673,T4b,5953.1
83946,T4d,5953.1
76788,T4b,5953.1
36646,Mi1,5953.1
10016,HSE,5953.1
19954,LC4,5953.1
12521,HST,5953.1
10168,OA-VUMa6,5953.1
10112,VS,5953.1
35113,Mi1,5953.1
118610,T4b,5953.200000000001
117039,T4c,5953.200000000001
112393,T4a,5953.200000000001
99423,T4d,5953.200000000001
86578,T4c,5953.200000000001
81486,T4b,5953.200000000001
72665,Mi1,5953.200000000001
64579,T2,5953.200000000001
50633,TmY3,5953.200000000001
50552,Mi1,5953.200000000001
47696,TmY3,5953.200000000001
39791,Mi1,5953.200000000001
38708,Mi1,5953.200000000001
38178,Mi1,5953.200000000001
35152,Mi1,5953.200000000001
63021,Tm3,5953.200000000001
105403,T4c,5953.3
537004,VSm,5953.3
286259,OA-ASM1,5953.3
111423,T4c,5953.3
109225,T4a,5953.3
106121,T4a,5953.3
92957,T4d,5953.3
94866,T4d,5953.3
88084,T4b,5953.3
89573,T2a,5953.3
86504,T4b,5953.3
83583,T4d,5953.3
63175,Mi1,5953.3
60886,T2a,5953.3
37044,Mi1,5953.3
34079,Mi1,5953.3
81401,T4b,5953.400000000001
76074,Tm3,5953.400000000001
72655,Mi1,5953.400000000001
65298,T2a,5953.400000000001
91057,T4c,5953.400000000001
41435,Mi1,5953.400000000001
34329,Mi1,5953.400000000001
11602,OA-ASM1,5953.400000000001
47211,Mi1,5953.400000000001
115882,T4b,5953.5
109857,T4d,5953.5
108870,T4a,5953.5
104802,T4c,5953.5
104301,T4b,5953.5
102045,T4a,5953.5
98837,T4c,5953.5
90740,Tm3,5953.5
79413,T4b,5953.5
77307,Tm3,5953.5
40577,Mi1,5953.5
94305,T4a,5953.5
103073,T4a,5953.6
109774,T4d,5953.6
104450,T4a,5953.6
97528,T4a,5953.6
102801,T4b,5953.6
38791,Mi1,5953.6
33110,Mi1,5953.6
23098,LC4,5953.6
93509,T4b,5953.6
67424,T2,5953.700000000001
19260,LC4,5953.700000000001
31848,Mi1,5953.700000000001
34849,Mi1,5953.700000000001
38772,Mi1,5953.700000000001
46827,Mi1,5953.700000000001
73767,Mi1,5953.700000000001
88152,T4c,5953.700000000001
98862,Tm3,5953.700000000001
100310,T4d,5953.700000000001
112806,T4c,5953.700000000001
96394,T4b,5953.8
24338,LC4,5953.8
69736,Tm3,5953.8
101605,T4a,5953.8
37699,Mi1,5953.8
10677,OA-AL2i4,5953.8
29563,LC4,5953.8
10001,DNp01,5953.8
34057,Mi1,5953.8
102791,T4c,5953.9
10185,OA-VUMa8,5953.9
17364,LC4,5953.9
21336,LC4,5953.9
60698,TmY3,5953.9
87566,T4a,5953.9
89864,T4b,5953.9
95681,T4a,5953.9
109336,T4b,5953.9
96830,T4b,5954.000000000001
97015,T4a,5954.000000000001
94287,T4d,5954.000000000001
74088,T2a,5954.000000000001
36305,Mi1,5954.000000000001
34479,Mi1,5954.000000000001
17548,LC4,5954.000000000001
10269,OA-AL2i2,5954.000000000001
108161,T4a,5954.1
105541,T4a,5954.1
22328,LC4,5954.1
91325,T4a,5954.1
20016,LC4,5954.1
10403,VS,5954.1
20673,LC4,5954.1
98393,T4a,5954.2
109598,T4b,5954.2
109153,T4a,5954.2
104942,T4a,5954.2
99672,T4a,5954.2
89020,T4a,5954.2
79259,T4b,5954.2
40426,Mi1,5954.2
37113,Mi1,5954.2
19794,LC4,5954.2
81883,T2a,5954.2
38987,Mi1,5954.2
90533,T4c,5954.3
35897,Mi1,5954.3
61768,T2,5954.3
108438,T4d,5954.400000000001
131034,Tm3,5954.400000000001
103343,T4b,5954.400000000001
121887,T4b,5954.400000000001
100190,T4c,5954.400000000001
114391,T4d,5954.400000000001
95554,T4b,5954.400000000001
64149,Mi1,5954.400000000001
39718,Mi1,5954.400000000001
37555,Mi1,5954.400000000001
99663,T4c,5954.400000000001
119556,T4b,5954.5
106821,T4b,5954.5
85837,Tm3,5954.5
84759,T2a,5954.5
79449,T4b,5954.5
73447,Tm3,5954.5
64778,TmY3,5954.5
10755,H1,5954.5
78739,T4b,5954.5
113991,T4d,5954.6
112241,T4b,5954.6
97480,T4c,5954.6
73301,Tm3,5954.6
48283,TmY3,5954.6
38648,Mi1,5954.6
21313,LC4,5954.6
36990,Mi1,5954.6
16628,LC4,5954.6
11608,OA-VUMa2,5954.6
10658,OA-AL2i3,5954.6
10206,VS,5954.6
37853,Mi1,5954.6
100046,T4b,5954.7
45719,Mi1,5954.7
48073,TmY3,5954.7
54885,TmY3,5954.7
73619,T2a,5954.7
82618,T2a,5954.7
82674,T4a,5954.7
89252,T4b,5954.7
98448,T4b,5954.7
95926,T4a,5954.8
95287,T4a,5954.8
108625,T4b,5954.8
96812,T4a,5954.8
89483,T4a,5954.8
10025,H2,5954.8
71308,Tm3,5954.8
62838,TmY3,5954.8
50311,TmY3,5954.8
86558,T4b,5954.8
20542,LC4,5954.900000000001
21804,LC4,5954.900000000001
35934,Mi1,5954.900000000001
39158,Mi1,5954.900000000001
68918,Tm3,5954.900000000001
94368,T4a,5954.900000000001
105574,T4d,5954.900000000001
107334,T4a,5955.0
106535,T4d,5955.0
105412,T4a,5955.0
104018,T4c,5955.0
38514,Mi1,5955.0
79358,T2a,5955.0
17266,LC4,5955.0
100247,T4c,5955.0
101033,T4d,5955.1
110855,T4a,5955.1
107835,T4b,5955.1
105521,T4c,5955.1
101770,T4b,5955.1
78172,TmY3,5955.1
123299,T4c,5955.1
66791,Tm3,5955.1
35683,Mi1,5955.1
35724,Mi1,5955.1
69915,TmY3,5955.1
41762,TmY3,5955.1
51870,TmY3,5955.1
39727,Mi1,5955.1
34862,Mi1,5955.200000000001
40635,Mi1,5955.200000000001
85937,Tm3,5955.200000000001
86630,Tm3,5955.200000000001
87087,T2a,5955.200000000001
97888,Tm3,5955.200000000001
105545,T4d,5955.200000000001
70153,Tm3,5955.200000000001
98439,T4a,5955.3
74303,Mi1,5955.3
96835,T4b,5955.3
96163,T4b,5955.3
93021,T4a,5955.3
63468,Mi1,5955.3
35218,Mi1,5955.3
25584,LC4,5955.3
10322,OA-AL2i2,5955.3
38461,Mi1,5955.3
118029,T4b,5955.4
106338,T4a,5955.4
106190,T4d,5955.4
105834,T4d,5955.4
100165,T4b,5955.4
59397,Mi1,5955.4
35017,Mi1,5955.4
22034,LC4,5955.4
10037,VS,5955.4
38208,Mi1,5955.4
800146,TTMn,5955.500000000001
110160,T4c,5955.500000000001
101945,T4b,5955.500000000001
96262,T4c,5955.500000000001
98312,T4a,5955.500000000001
87937,T4d,5955.500000000001
35100,Mi1,5955.500000000001
92254,T4b,5955.500000000001
84366,T4b,5955.500000000001
10015,HSN,5955.6
20588,LC4,5955.6
28945,LC4,5955.6
40936,Mi1,5955.6
48930,TmY3,5955.6
71583,Tm3,5955.6
89485,T4a,5955.6
103677,T4b,5955.6
104354,T4b,5955.6
105984,Tm3,5955.6
93566,T4a,5955.7
526158,Mi1,5955.7
108043,T4a,5955.7
104703,T4d,5955.7
101732,T4c,5955.7
91674,T4a,5955.7
48531,Mi1,5955.7
19543,LC4,5955.7
92114,T4c,5955.7
70289,Mi1,5955.8
84577,T2a,5955.8
93045,T4b,5955.8
103425,T4a,5955.8
106952,T4b,5955.8
79483,Tm3,5955.900000000001
102462,T4c,5955.900000000001
97981,T4a,5955.900000000001
94596,T4b,5955.900000000001
93564,T4d,5955.900000000001
115818,T4a,5955.900000000001
79257,Tm3,5955.900000000001
63994,Mi1,5955.900000000001
53065,Mi1,5955.900000000001
44449,TmY3,5955.900000000001
36994,Mi1,5955.900000000001
66227,Tm3,5955.900000000001
10016,HSE,5956.0
17860,LC4,5956.0
38857,Mi1,5956.0
81378,T4b,5956.0
86419,Tm3,5956.0
100867,T4b,5956.1
75550,Tm3,5956.1
70158,T2a,5956.1
85126,T4a,5956.1
41399,Mi1,5956.1
36177,Mi1,5956.1
10023,HSS,5956.1
44592,TmY3,5956.1
90145,T4a,5956.2
87289,T4a,5956.2
104478,T4d,5956.2
22847,LC4,5956.2
10012,VS,5956.2
41545,Mi1,5956.2
10001,DNp01,5956.3
16138,LC4,5956.3
57486,TmY3,5956.3
105332,T4b,5956.3
95921,T4c,5956.400000000001
114995,T4b,5956.400000000001
107442,T4d,5956.400000000001
97769,T4a,5956.400000000001
94893,T4c,5956.400000000001
69536,Tm3,5956.400000000001
72194,Tm3,5956.400000000001
85429,T4d,5956.400000000001
69063,Mi1,5956.400000000001
34356,Mi1,5956.400000000001
16128,LC4,5956.400000000001
36533,Mi1,5956.5
36911,Mi1,5956.5
101382,T4c,5956.5
102220,T4a,5956.5
110938,T4d,5956.599999999999
105802,T4c,5956.599999999999
115111,T4a,5956.599999999999
63420,Mi1,5956.599999999999
14416,VST2,5956.599999999999
89434,T4c,5956.599999999999
11005,OA-VUMa4,5956.700000000001
42691,Mi1,5956.700000000001
49324,Mi1,5956.700000000001
67072,T2a,5956.700000000001
102031,T4c,5956.700000000001
118948,T4d,5956.8
105862,T4d,5956.8
104256,T4a,5956.8
86416,T4a,5956.8
34300,Mi1,5956.8
66852,Mi1,5956.8
37948,Mi1,5956.8
72426,Tm3,5956.8
108249,T4a,5956.9
107715,T4a,5956.9
121313,T4d,5956.9
37088,Mi1,5956.9
10555,OA-VUMa3,5956.9
89416,T4c,5956.9
10112,VS,5957.0
45696,Mi1,5957.0
98692,T4a,5957.0
105363,T4c,5957.0
43978,Mi1,5957.1
74373,Tm3,5957.1
101721,T4d,5957.1
108824,T4d,5957.1
117631,T4d,5957.2
105199,T4d,5957.2
103148,T4a,5957.2
95007,T4a,5957.2
41522,Mi1,5957.2
88127,T4b,5957.2
36660,Mi1,5957.2
30803,LC4,5957.2
21287,LC4,5957.2
10226,OA-AL2i3,5957.2
38421,Mi1,5957.2
45948,TmY3,5957.3
84781,Tm3,5957.3
85731,T4d,5957.3
94283,T4d,5957.3
96434,T4d,5957.400000000001
92054,T4b,5957.400000000001
89092,T4c,5957.400000000001
11134,VSm,5957.400000000001
35173,Mi1,5957.400000000001
19420,LC4,5957.400000000001
37019,Mi1,5957.400000000001
100105,T4a,5957.5
525839,Mi1,5957.5
92281,T4c,5957.5
73139,Tm3,5957.5
40944,Mi1,5957.5
26112,LC4,5957.5
91510,T4c,5957.5
106819,T4b,5957.6
93688,T4a,5957.6
88491,T4a,5957.6
78940,T4a,5957.6
57239,Mi1,5957.6
66325,Tm3,5957.6
38748,Mi1,5957.6
34272,Mi1,5957.6
33942,Mi1,5957.6
18127,LC4,5957.6
10284,VS,5957.6
52350,Mi1,5957.6
38687,Mi1,5957.7
96638,T4c,5957.7
71437,T2a,5957.7
65468,T2,5957.7
46248,Mi1,5957.7
37138,Mi1,5957.7
11921,OA-VPM4,5957.7
20917,LC4,5957.7
20634,VST1,5957.7
20399,LC4,5957.7
19954,LC4,5957.7
10072,OA-AL2i1,5957.7
98361,T4a,5957.7
23392,LC4,5957.7
77484,T4d,5957.8
22194,LC4,5957.8
102741,T4c,5957.8
91476,T4d,5957.8
71853,T2a,5957.8
21225,LC4,5957.8
33462,Mi1,5957.8
19550,LC4,5957.8
10025,H2,5957.8
44438,Mi1,5957.8
36346,Mi1,5957.900000000001
39743,Mi1,5957.900000000001
90566,T4d,5957.900000000001
95235,T4d,5957.900000000001
97899,T4a,5957.900000000001
98654,T4d,5957.900000000001
117551,Tm3,5958.0
101383,T4b,5958.0
76524,Tm3,5958.0
69186,Tm3,5958.0
50333,TmY3,5958.0
33017,Mi1,5958.0
20808,LC4,5958.0
17926,LC4,5958.0
48286,Mi1,5958.0
23792,LC4,5958.099999999999
62401,T2,5958.099999999999
99258,T4c,5958.099999999999
119213,T4c,5958.099999999999
71931,Tm3,5958.200000000001
25893,VST1,5958.200000000001
56984,TmY3,5958.200000000001
57398,Mi1,5958.200000000001
68138,TmY3,5958.200000000001
90888,T4b,5958.200000000001
107464,T4a,5958.3
80282,T4d,5958.3
92055,T4c,5958.3
37509,Mi1,5958.3
70490,Mi1,5958.3
19634,LC4,5958.3
106701,T4d,5958.4
95532,T4a,5958.4
67971,Tm3,5958.4
115369,T4c,5958.4
36410,Mi1,5958.4
35890,Mi1,5958.4
41626,Mi1,5958.4
10755,H1,5958.5
31262,LC4,5958.5
33216,Mi1,5958.5
39067,Mi1,5958.5
107095,T4c,5958.5
84364,Tm3,5958.6
97675,T4c,5958.6
90112,T4c,5958.6
78698,Tm3,5958.6
49441,TmY3,5958.6
39275,Mi1,5958.6
37353,Mi1,5958.6
10037,VS,5958.6
103557,T4a,5958.7
87565,T4a,5958.7
21165,LC4,5958.7
90423,T4b,5958.7
10204,OA-AL2i2,5958.7
10080,OA-VUMa3,5958.7
17054,LC4,5958.7
97004,T4c,5958.8
542412,Mi1,5958.8
121821,T4c,5958.8
115422,T4c,5958.8
115390,T4d,5958.8
105292,T4b,5958.8
98817,T4a,5958.8
92644,T4d,5958.8
38721,Mi1,5958.8
85536,T4a,5958.8
82121,Tm3,5958.8
79936,Tm3,5958.8
77906,T2a,5958.8
88815,T4d,5958.8
24338,LC4,5958.8
10799,OA-VUMa4,5958.8
81996,T2a,5958.9
35845,Mi1,5958.9
95345,T4d,5958.9
10015,HSN,5958.9
10001,DNp01,5958.9
10016,HSE,5958.9
10206,VS,5959.0
10652,OA-AL2i4,5959.0
21336,LC4,5959.0
38241,Mi1,5959.0
40171,Mi1,5959.0
64256,T2a,5959.0
69228,T2a,5959.0
97145,T4c,5959.0
100856,T4a,5959.0
101215,T4c,5959.0
108344,T4d,5959.0
93588,T4b,5959.1
82313,T4a,5959.1
96852,T4a,5959.1
12688,OA-ASM1,5959.1
12109,OA-VUMa2,5959.1
38632,Mi1,5959.1
41120,Mi1,5959.2
61292,T2,5959.2
79314,T4b,5959.2
81733,Tm3,5959.2
87424,T4d,5959.2
99157,T4a,5959.2
95990,T4a,5959.3
93985,T4c,5959.3
79271,T4a,5959.3
62078,Mi1,5959.3
111823,T4c,5959.3
48060,Mi1,5959.3
42675,Mi1,5959.3
34404,Mi1,5959.3
34171,Mi1,5959.3
50345,TmY3,5959.3
287884,OA-VPM3,5959.400000000001
121420,T4d,5959.400000000001
119959,T4d,5959.400000000001
119501,T4d,5959.400000000001
101685,T4b,5959.400000000001
99292,T4a,5959.400000000001
94624,T4a,5959.400000000001
43313,TmY3,5959.400000000001
36217,Mi1,5959.400000000001
35405,Mi1,5959.400000000001
16628,LC4,5959.400000000001
10311,VS,5959.400000000001
88992,T4c,5959.400000000001
111949,T4c,5959.5
103867,T4a,5959.5
98175,T4c,5959.5
76733,Tm3,5959.5
66808,Tm3,5959.5
40219,Mi1,5959.5
41804,Mi1,5959.5
22975,LC4,5959.5
22966,LC4,5959.5
18189,LC4,5959.5
58576,T2,5959.5
10023,HSS,5959.599999999999
10265,OA-AL2i2,5959.599999999999
37037,Mi1,5959.599999999999
37631,Mi1,5959.599999999999
88617,T4a,5959.599999999999
97877,T4d,5959.599999999999
109536,T4d,5959.599999999999
110987,Tm3,5959.599999999999
537004,VSm,5959.700000000001
98360,T4c,5959.700000000001
91629,T4a,5959.700000000001
46324,TmY3,5959.700000000001
38227,Mi1,5959.700000000001
55101,Mi1,5959.700000000001
149504,T4d,5959.8
116716,T4b,5959.8
107799,T4b,5959.8
102229,T4d,5959.8
107420,T4b,5959.8
76121,Tm3,5959.8
64260,T2,5959.8
17987,LC4,5959.8
77361,T4a,5959.8
97545,T4c,5959.9
108123,T4b,5959.9
107819,T4c,5959.9
107211,T4d,5959.9
111180,T4c,5959.9
96090,T4c,5959.9
101244,T4b,5959.9
73284,T2a,5959.9
65925,Tm3,5959.9
41296,Mi1,5959.9
36954,Mi1,5959.9
36684,Mi1,5959.9
81305,Tm3,5959.9
113568,T4d,5960.0
109035,T4b,5960.0
72796,Tm3,5960.0
41637,Mi1,5960.0
22328,LC4,5960.0
20282,LC4,5960.0
67002,T2,5960.0
98404,T4d,5960.1
527408,LC4,5960.1
112179,T4b,5960.1
106530,T4d,5960.1
93527,T4a,5960.1
73723,T2a,5960.1
62757,T2a,5960.1
56564,Mi1,5960.1
30997,Mi1,5960.1
20673,LC4,5960.1
17668,LC4,5960.1
135612,Tm3,5960.2
105313,T4a,5960.2
82536,T4d,5960.2
69961,Tm3,5960.2
41136,Mi1,5960.2
39629,Mi1,5960.2
35290,Mi1,5960.2
114201,T4c,5960.3
99316,T4b,5960.3
98985,T4c,5960.3
83045,Tm3,5960.3
77527,T4a,5960.3
55976,Mi1,5960.3
17548,LC4,5960.3
40703,Mi1,5960.3
36540,Mi1,5960.3
36252,Mi1,5960.3
21313,LC4,5960.3
19260,LC4,5960.3
46745,Mi1,5960.3
17364,LC4,5960.4
34899,Mi1,5960.4
37733,TmY3,5960.4
37839,Mi1,5960.4
66872,T2,5960.4
99670,T4c,5960.4
102579,T4b,5960.5
66739,Tm3,5960.5
49788,TmY3,5960.5
43414,Mi1,5960.5
10012,VS,5960.5
35416,Mi1,5960.5
23098,LC4,5960.5
40596,Mi1,5960.5
74375,Tm3,5960.6
111783,T4a,5960.6
111184,T4a,5960.6
102540,T4b,5960.6
69980,Tm3,5960.6
108119,T4c,5960.6
41950,Mi1,5960.6
40411,Mi1,5960.6
38065,LC4,5960.6
62851,Tm3,5960.6
36446,Mi1,5960.6
12521,HST,5960.6
110742,T4c,5960.7
86635,T4c,5960.7
79293,Tm3,5960.7
45319,Mi1,5960.7
35806,Mi1,5960.7
33614,Mi1,5960.7
29563,LC4,5960.7
25584,LC4,5960.7
44282,Mi1,5960.7
86907,T4a,5960.8
88167,T4b,5960.8
110646,T4b,5960.8
73586,Tm3,5960.8
44222,Mi1,5960.8
62894,Tm3,5960.8
10025,H2,5960.8
68212,T2a,5960.8
10687,OA-AL2i3,5960.900000000001
33091,Mi1,5960.900000000001
39595,Mi1,5960.900000000001
82299,T4c,5960.900000000001
107812,T4a,5960.900000000001
116259,T4b,5960.900000000001
104336,T4b,5961.0
100855,T4a,5961.0
98748,T4c,5961.0
77972,Tm3,5961.0
92593,T4d,5961.0
56007,TmY3,5961.0
20542,LC4,5961.0
75510,T4a,5961.0
40505,Mi1,5961.0
40400,Mi1,5961.0
10112,VS,5961.1
10269,OA-AL2i2,5961.1
43615,Mi1,5961.1
80137,T2a,5961.1
83438,T4a,5961.1
95005,T4a,5961.1
546524,Mi1,5961.1
800146,TTMn,5961.1
59008,Mi1,5961.1
90058,T4a,5961.200000000001
72558,T2a,5961.200000000001
82425,T4b,5961.200000000001
41613,Mi1,5961.200000000001
38238,Mi1,5961.200000000001
35840,Mi1,5961.200000000001
11264,OA-ASM1,5961.200000000001
38477,Mi1,5961.200000000001
116633,T4c,5961.3
114088,T4d,5961.3
104017,T4b,5961.3
101302,T4d,5961.3
100488,T4c,5961.3
78503,T2a,5961.3
40832,Mi1,5961.3
39858,Mi1,5961.3
36139,Mi1,5961.3
88922,T4c,5961.3
100633,T4a,5961.400000000001
102910,T4b,5961.400000000001
100956,T4d,5961.400000000001
113228,T4b,5961.400000000001
80582,T4a,5961.400000000001
100838,T4c,5961.400000000001
58862,Mi1,5961.400000000001
35512,Mi1,5961.400000000001
35580,Mi1,5961.400000000001
60857,Mi1,5961.400000000001
54087,Mi1,5961.400000000001
44527,Mi1,5961.400000000001
10001,DNp01,5961.5
10041,OA-VUMa1,5961.5
33766,Mi1,5961.5
37294,Mi1,5961.5
38487,Mi1,5961.5
40085,Mi1,5961.5
64897,T2,5961.5
78856,Tm3,5961.5
90419,T4b,5961.5
106886,T4c,5961.6
89282,T4a,5961.6
80284,Tm3,5961.6
77138,Tm3,5961.6
42048,Mi1,5961.6
31492,Mi1,5961.6
37677,Mi1,5961.6
35770,Mi1,5961.6
16128,LC4,5961.6
37756,Mi1,5961.6
98300,T4a,5961.700000000001
134799,Tm3,5961.700000000001
105122,T4b,5961.700000000001
100874,T4a,5961.700000000001
95985,T4c,5961.700000000001
118551,Tm3,5961.700000000001
92706,T4a,5961.700000000001
92640,T4d,5961.700000000001
69164,Mi1,5961.700000000001
38529,Mi1,5961.700000000001
94983,T4c,5961.700000000001
34938,Mi1,5961.700000000001
96219,T4b,5961.8
93750,T4c,5961.8
83009,T4b,5961.8
81836,T2a,5961.8
10016,HSE,5961.8
10175,OA-VUMa6,5961.8
10037,VS,5961.8
39500,Mi1,5961.8
102703,T4a,5961.9
101463,T4d,5961.9
90049,T4c,5961.9
98409,T4c,5961.9
68840,TmY3,5961.9
19794,LC4,5961.9
19543,LC4,5961.9
85170,T4c,5961.9
16138,LC4,5962.000000000001
42119,Mi1,5962.000000000001
108907,T4c,5962.1
106950,T4c,5962.1
101873,T4b,5962.1
96728,T4c,5962.1
82549,T4b,5962.1
47686,TmY3,5962.1
40235,Mi1,5962.1
21151,LC4,5962.1
42758,Mi1,5962.1
35234,Mi1,5962.1
10015,HSN,5962.2
39164,Mi1,5962.2
98417,T4d,5962.2
104191,T4a,5962.2
98194,T4d,5962.3
89073,T2a,5962.3
42533,TmY3,5962.3
36452,Mi1,5962.3
86932,T4b,5962.3
10825,OA-AL2i3,5962.400000000001
20016,LC4,5962.400000000001
37391,Mi1,5962.400000000001
47967,Mi1,5962.400000000001
91857,T4b,5962.400000000001
96576,T4c,5962.400000000001
97249,T4d,5962.400000000001
10187,OA-VPM3,5962.5
19954,LC4,5962.5
32535,Mi1,5962.5
38993,Mi1,5962.5
97256,T4c,5962.5
107991,T4b,5962.5
110604,T4a,5962.6
101620,T4b,5962.6
37438,Mi1,5962.6
37224,Mi1,5962.6
10284,VS,5962.6
35888,Mi1,5962.6
12896,OA-VUMa5,5962.7
35836,Mi1,5962.7
39651,Mi1,5962.7
58224,Mi1,5962.7
85378,T4a,5962.7
95051,T4d,5962.7
100282,T4a,5962.7
55706,TmY3,5962.8
99850,T4a,5962.8
91303,T4b,5962.8
84328,T4a,5962.8
103497,Tm3,5962.8
51122,Mi1,5962.8
34369,Mi1,5962.8
10755,H1,5962.8
16570,VST2,5962.8
42872,Mi1,5962.8
20808,LC4,5962.8
20588,LC4,5962.8
22194,LC4,5962.900000000001
39688,Mi1,5962.900000000001
62947,T2a,5962.900000000001
92996,T4a,5962.900000000001
96774,T4c,5962.900000000001
98938,T4a,5962.900000000001
122308,Tm3,5962.900000000001
41659,Mi1,5962.900000000001
88698,T4a,5963.0
71765,T2a,5963.0
72148,Tm3,5963.0
63868,T2a,5963.0
18127,LC4,5963.0
10110,OA-VUMa1,5963.0
40256,Mi1,5963.0
92552,T4a,5963.099999999999
89825,T4a,5963.099999999999
81372,Tm3,5963.099999999999
72501,Mi1,5963.099999999999
72132,Tm3,5963.099999999999
45349,Mi1,5963.099999999999
42594,Mi1,5963.099999999999
37568,Mi1,5963.099999999999
37108,Mi1,5963.099999999999
22034,LC4,5963.099999999999
10023,HSS,5963.099999999999
40854,Mi1,5963.099999999999
102786,Tm3,5963.200000000001
103654,T4b,5963.200000000001
94703,T4c,5963.200000000001
105895,T4a,5963.200000000001
76446,TmY3,5963.200000000001
41654,Mi1,5963.200000000001
94058,T4b,5963.200000000001
130730,Tm3,5963.3
98668,T4a,5963.3
71164,Mi1,5963.3
11134,VSm,5963.3
34296,Mi1,5963.3
37123,Mi1,5963.3
17266,LC4,5963.3
10322,OA-AL2i2,5963.4
37371,Mi1,5963.4
44119,Mi1,5963.4
65671,Mi1,5963.4
80913,T4a,5963.4
93025,T4b,5963.4
95239,T4a,5963.4
103780,T4c,5963.4
105387,T4b,5963.4
117748,Tm3,5963.4
124357,T4d,5963.4
122273,Tm3,5963.500000000001
121093,T4b,5963.500000000001
100785,T4b,5963.500000000001
23929,LC4,5963.500000000001
17926,LC4,5963.500000000001
37243,Mi1,5963.500000000001
10206,VS,5963.6
24338,LC4,5963.6
34658,Mi1,5963.6
67113,Mi1,5963.6
82099,T4b,5963.6
93419,T4b,5963.6
97141,T4a,5963.6
97231,T4a,5963.6
100946,T4c,5963.6
108974,T4c,5963.6
99975,T4c,5963.7
109593,Tm3,5963.7
64633,T2a,5963.7
89934,T4d,5963.7
42942,Mi1,5963.7
41536,Mi1,5963.7
23392,LC4,5963.7
43323,Mi1,5963.7
119245,T4d,5963.8
36695,Mi1,5963.8
36369,Mi1,5963.8
38479,Mi1,5963.8
10120,OA-VPM4,5963.8
10025,H2,5963.8
34606,Mi1,5963.8
107010,T4d,5963.900000000001
106362,T4d,5963.900000000001
99671,T4c,5963.900000000001
98751,T4a,5963.900000000001
93947,T4a,5963.900000000001
93313,T4a,5963.900000000001
88933,T4a,5963.900000000001
82038,Tm3,5963.900000000001
48547,TmY3,5963.900000000001
40795,Mi1,5963.900000000001
37390,Mi1,5963.900000000001
36158,Mi1,5963.900000000001
35001,Mi1,5963.900000000001
34463,Mi1,5963.900000000001
21225,LC4,5963.900000000001
79704,T4d,5963.900000000001
10001,DNp01,5964.0
38230,Mi1,5964.0
38710,Mi1,5964.0
57349,Mi1,5964.0
89784,T4b,5964.0
95335,T4a,5964.0
104972,T4a,5964.1
97866,T4d,5964.1
100897,T4c,5964.1
66207,T2,5964.1
81309,T2a,5964.1
34933,Mi1,5964.1
104683,T4b,5964.2
102975,T4b,5964.2
102298,T4c,5964.2
90278,T4a,5964.2
84267,T4c,5964.2
80906,T4c,5964.2
80197,T4a,5964.2
51049,Mi1,5964.2
43063,Mi1,5964.2
39692,TmY3,5964.2
34867,Mi1,5964.2
110403,T4b,5964.3
108349,T4d,5964.3
105135,T4c,5964.3
87845,T4a,5964.3
37599,Mi1,5964.3
69546,Tm3,5964.3
67308,Mi1,5964.3
59959,Mi1,5964.3
72066,Tm3,5964.3
70281,T2a,5964.400000000001
106295,T4b,5964.400000000001
127615,Tm3,5964.400000000001
90796,T4d,5964.400000000001
88281,T4b,5964.400000000001
85938,T4a,5964.400000000001
48986,TmY3,5964.400000000001
103725,T4a,5964.400000000001
42010,TmY3,5964.400000000001
17860,LC4,5964.400000000001
19420,LC4,5964.400000000001
43485,Mi1,5964.400000000001
35447,Mi1,5964.400000000001
36881,Mi1,5964.400000000001
30480,LC4,5964.400000000001
16628,LC4,5964.5
115452,T4c,5964.5
37585,Mi1,5964.5
39438,Mi1,5964.5
71131,Tm3,5964.5
74504,T2a,5964.5
90219,T4a,5964.5
97186,T4a,5964.5
113686,T4d,5964.5
35774,Mi1,5964.5
115686,T4b,5964.599999999999
83004,T4b,5964.599999999999
21336,LC4,5964.599999999999
62562,T2,5964.599999999999
10012,VS,5964.700000000001
10016,HSE,5964.700000000001
10072,OA-AL2i1,5964.700000000001
10677,OA-AL2i4,5964.700000000001
37270,Mi1,5964.700000000001
67408,Mi1,5964.700000000001
75343,Tm3,5964.700000000001
84490,T4a,5964.700000000001
94153,T4d,5964.8
74937,T2a,5964.8
33394,Mi1,5964.8
43872,Mi1,5964.8
67810,Tm3,5964.8
69723,Tm3,5964.9
118924,Tm3,5964.9
91806,T4a,5964.9
80483,T4c,5964.9
79083,Tm3,5964.9
40106,Mi1,5964.9
36275,Mi1,5964.9
38596,Mi1,5964.9
39894,T4b,5964.9
35712,Mi1,5964.9
34045,Mi1,5964.9
10037,VS,5964.9
10112,VS,5965.0
10185,OA-VUMa8,5965.0
37927,Mi1,5965.0
40958,Mi1,5965.0
72279,Mi1,5965.0
82529,T2a,5965.0
96107,T4d,5965.0
102991,T4c,5965.1
101072,T4b,5965.1
99177,T4b,5965.1
90567,T4b,5965.1
91725,T4b,5965.1
43965,Mi1,5965.1
35235,Mi1,5965.1
20399,LC4,5965.1
89110,Tm3,5965.1
69380,Tm3,5965.2
21804,LC4,5965.2
33655,Mi1,5965.2
43689,Mi1,5965.2
68167,Tm3,5965.2
69793,T2a,5965.2
98887,T4b,5965.2
103314,T4b,5965.2
115636,T4d,5965.2
101772,Tm3,5965.3
79253,T4a,5965.3
100075,T4c,5965.3
99731,T4c,5965.3
41809,Mi1,5965.3
35498,Mi1,5965.3
38133,Mi1,5965.3
35777,Mi1,5965.3
15422,VST2,5965.3
10168,OA-VUMa6,5965.3
38768,Mi1,5965.3
121170,Tm3,5965.400000000001
96676,T4b,5965.400000000001
96365,T4a,5965.400000000001
63489,T2,5965.400000000001
39716,Mi1,5965.400000000001
114207,T4a,5965.400000000001
35045,Mi1,5965.400000000001
21287,LC4,5965.400000000001
11005,OA-VUMa4,5965.400000000001
10015,HSN,5965.400000000001
37680,Mi1,5965.400000000001
108270,T4b,5965.5
100206,T4c,5965.5
94549,T4b,5965.5
87358,T4a,5965.5
43783,Mi1,5965.5
35602,Mi1,5965.5
37529,Mi1,5965.5
35428,Mi1,5965.5
30803,LC4,5965.5
23606,Mi1,5965.5
41671,TmY3,5965.5
109831,T4d,5965.6
39405,Mi1,5965.6
80911,Tm3,5965.6
17054,LC4,5965.6
33907,Mi1,5965.6
151155,T4b,5965.7
94482,T4d,5965.7
92684,T4c,5965.7
74853,Tm3,5965.7
89409,T4a,5965.7
60979,TmY3,5965.7
45162,TmY3,5965.7
41464,TmY3,5965.7
34142,Mi1,5965.7
74061,Tm3,5965.7
537004,VSm,5965.8
105565,Tm3,5965.8
98788,T4d,5965.8
86778,T4a,5965.8
45176,Mi1,5965.8
37000,Mi1,5965.8
33918,Mi1,5965.8
21313,LC4,5965.8
20917,LC4,5965.8
41709,Mi1,5965.8
10658,OA-AL2i3,5965.900000000001
33446,Mi1,5965.900000000001
34626,Mi1,5965.900000000001
45322,Mi1,5965.900000000001
46784,Mi1,5965.900000000001
71938,T2a,5965.900000000001
106912,Tm3,5965.900000000001
113945,T4d,5966.0
102370,T4c,5966.0
96424,T4b,5966.0
99636,T4d,5966.0
67464,Mi1,5966.0
33326,Mi1,5966.0
71228,T2a,5966.0
800146,TTMn,5966.099999999999
126419,T4d,5966.099999999999
107628,T4d,5966.099999999999
98245,T4c,5966.099999999999
89728,Tm3,5966.099999999999
78561,Tm3,5966.099999999999
88575,T4b,5966.099999999999
44746,TmY3,5966.099999999999
42895,Mi1,5966.099999999999
38893,Mi1,5966.099999999999
27788,Mi1,5966.099999999999
25584,LC4,5966.099999999999
57164,TmY3,5966.099999999999
97288,T4c,5966.200000000001
98625,T4a,5966.200000000001
103022,T4a,5966.200000000001
98398,T4c,5966.200000000001
98137,T4d,5966.200000000001
85152,T4c,5966.200000000001
22328,LC4,5966.200000000001
40599,TmY3,5966.200000000001
38791,Mi1,5966.200000000001
35152,Mi1,5966.200000000001
26112,LC4,5966.200000000001
11608,OA-VUMa2,5966.200000000001
63825,Tm3,5966.200000000001
70321,Tm3,5966.3
101994,T4a,5966.3
117142,T4d,5966.3
100996,T4b,5966.4
114196,T4d,5966.4
92415,T4a,5966.4
87106,T4a,5966.4
79875,T4c,5966.4
65833,Mi1,5966.4
41668,Mi1,5966.4
113207,T4d,5966.5
100033,T4c,5966.5
94948,T4c,5966.5
44700,Mi1,5966.5
39791,Mi1,5966.5
74807,TmY3,5966.5
19550,LC4,5966.5
17548,LC4,5966.5
10023,HSS,5966.5
10001,DNp01,5966.5
22847,LC4,5966.5
95356,T4a,5966.6
107445,T4a,5966.6
107075,T4d,5966.6
106200,T4c,5966.6
100274,T4a,5966.6
97677,T4c,5966.6
93604,T4a,5966.6
38455,Mi1,5966.6
77383,T2a,5966.6
71089,Mi1,5966.6
37084,Mi1,5966.6
34189,Mi1,5966.6
32893,Mi1,5966.6
87939,T4b,5966.6
77846,Tm3,5966.7
110555,T4b,5966.7
109276,T4d,5966.7
102799,T4c,5966.7
82639,T2a,5966.7
81015,T4a,5966.7
72586,Tm3,5966.7
34079,Mi1,5966.7
53075,TmY3,5966.7
46993,T2a,5966.7
38767,Mi1,5966.7
28945,LC4,5966.7
18189,LC4,5966.7
10025,H2,5966.7
62089,Tm3,5966.7
125288,Tm3,5966.8
114793,T4b,5966.8
111857,T4d,5966.8
107082,T4d,5966.8
102113,T4b,5966.8
96260,T4d,5966.8
94953,T4d,5966.8
93482,T4d,5966.8
77891,Tm3,5966.8
75118,T2a,5966.8
74287,Tm3,5966.8
67614,Mi1,5966.8
42856,Mi1,5966.8
35260,Mi1,5966.8
16128,LC4,5966.8
90465,T4a,5966.8
83465,T4a,5966.9
104884,T4b,5966.9
91913,T4b,5966.9
91469,T4c,5966.9
80435,T2a,5966.9
122333,T4b,5966.9
34479,Mi1,5966.9
23792,LC4,5966.9
22975,LC4,5966.9
20542,LC4,5966.9
35572,Mi1,5966.9
106522,T4d,5967.0
105214,T4c,5967.0
104911,T4c,5967.0
66214,T2a,5967.0
97171,T4d,5967.0
40577,Mi1,5967.0
11602,OA-ASM1,5967.0
10755,H1,5967.0
46662,TmY3,5967.0
37113,Mi1,5967.1
42006,TmY3,5967.1
75521,T2a,5967.1
98504,T4c,5967.1
105180,T4c,5967.1
93957,T4b,5967.2
108010,T4c,5967.2
74044,Tm3,5967.2
34057,Mi1,5967.2
38178,Mi1,5967.2
36305,Mi1,5967.2
39525,Mi1,5967.2
36990,Mi1,5967.3
37699,Mi1,5967.3
39718,Mi1,5967.3
65235,T2,5967.3
103108,T4b,5967.3
113171,T4b,5967.3
121816,T4a,5967.3
539983,T4c,5967.3
286259,OA-ASM1,5967.400000000001
109142,T4b,5967.400000000001
83042,T4b,5967.400000000001
77174,T2a,5967.400000000001
74411,Mi1,5967.400000000001
35897,Mi1,5967.400000000001
36646,Mi1,5967.400000000001
23098,LC4,5967.400000000001
19260,LC4,5967.400000000001
17364,LC4,5967.400000000001
58945,Tm3,5967.400000000001
117151,T4d,5967.5
108757,T4c,5967.5
104412,T4a,5967.5
99980,T4c,5967.5
91313,T4a,5967.5
74731,T2a,5967.5
35734,Mi1,5967.5
34849,Mi1,5967.5
34329,Mi1,5967.5
20673,LC4,5967.5
19954,LC4,5967.5
63175,Mi1,5967.5
103033,T4a,5967.599999999999
51231,TmY3,5967.599999999999
10016,HSE,5967.599999999999
20808,LC4,5967.599999999999
47211,Mi1,5967.599999999999
10799,OA-VUMa4,5967.700000000001
21165,LC4,5967.700000000001
24867,VST1,5967.700000000001
35113,Mi1,5967.700000000001
39505,Mi1,5967.700000000001
46827,Mi1,5967.700000000001
56918,TmY3,5967.700000000001
65513,T2a,5967.700000000001
104414,T4d,5967.700000000001
94089,T4d,5967.8
171349687,Tm3,5967.8
111980,T4d,5967.8
92911,T4c,5967.8
45719,Mi1,5967.8
68933,Tm3,5967.8
87763,T4a,5967.8
20282,LC4,5967.8
16138,LC4,5967.8
116248,T4d,5967.9
103765,T4d,5967.9
96134,T4b,5967.9
80812,T4a,5967.9
57247,TmY3,5967.9
128726,Tm3,5967.9
41435,Mi1,5967.9
39727,Mi1,5967.9
38514,Mi1,5967.9
35017,Mi1,5967.9
47240,TmY3,5967.9
108594,T4d,5968.0
106844,T4d,5968.0
102909,T4c,5968.0
97326,T4c,5968.0
95736,T4c,5968.0
92939,T4b,5968.0
82674,T4a,5968.0
73767,Mi1,5968.0
38648,Mi1,5968.0
87896,T4a,5968.0
102388,T4d,5968.1
109326,T4c,5968.1
102479,T4c,5968.1
96126,T4b,5968.1
99074,T4b,5968.1
79297,T4a,5968.1
38987,Mi1,5968.1
18127,LC4,5968.1
85856,TmY3,5968.1
96211,T4d,5968.2
108066,T4b,5968.2
107170,T4b,5968.2
103302,T4c,5968.2
83677,T4c,5968.2
68264,Tm3,5968.2
47368,TmY3,5968.2
68342,Tm3,5968.2
33110,Mi1,5968.2
22194,LC4,5968.2
19634,LC4,5968.2
19543,LC4,5968.2
10284,VS,5968.2
10037,VS,5968.2
38772,Mi1,5968.2
10206,VS,5968.3
12521,HST,5968.3
38708,Mi1,5968.3
71447,T4c,5968.3
77480,Tm3,5968.3
91987,T4c,5968.3
91366,T4b,5968.4
92842,T4a,5968.4
76886,T2a,5968.4
104670,T4d,5968.4
98381,T4d,5968.4
76380,Tm3,5968.4
109868,Tm3,5968.4
40936,Mi1,5968.4
40426,Mi1,5968.4
37044,Mi1,5968.4
29563,LC4,5968.4
10269,OA-AL2i2,5968.4
72665,Mi1,5968.4
118502,T4b,5968.500000000001
110693,Tm3,5968.500000000001
95822,T4b,5968.500000000001
90955,T2a,5968.500000000001
89025,T4a,5968.500000000001
74303,Mi1,5968.500000000001
71652,Tm3,5968.500000000001
39158,Mi1,5968.500000000001
17926,LC4,5968.500000000001
10226,OA-AL2i3,5968.500000000001
99609,T4a,5968.6
94356,T4c,5968.6
86992,T4b,5968.6
84063,T4b,5968.6
44747,TmY3,5968.6
37555,Mi1,5968.6
31848,Mi1,5968.6
30923,TmY3,5968.6
24338,LC4,5968.6
10687,OA-AL2i3,5968.6
10015,HSN,5968.6
34862,Mi1,5968.6
92181,T4a,5968.7
20634,VST1,5968.7
35934,Mi1,5968.7
83125,T4b,5968.7
90097,T4c,5968.7
100215,T4c,5968.7
104996,T4a,5968.7
104368,T4c,5968.8
107529,T4d,5968.8
95810,T2a,5968.8
527408,LC4,5968.8
123490,Tm3,5968.8
118385,T4b,5968.8
80855,Tm3,5968.8
17987,LC4,5968.8
64149,Mi1,5968.8
59397,Mi1,5968.8
56136,Tm3,5968.8
38461,Mi1,5968.8
17668,LC4,5968.8
68982,Tm3,5968.8
116610,T4d,5968.900000000001
113648,T4c,5968.900000000001
102814,T4b,5968.900000000001
93622,T4c,5968.900000000001
83583,T4d,5968.900000000001
75660,T2a,5968.900000000001
73021,T2a,5968.900000000001
66980,T2a,5968.900000000001
104931,T4c,5969.0
114817,T4d,5969.0
104130,T4a,5969.0
96035,T4d,5969.0
95453,T4a,5969.0
38208,Mi1,5969.0
88625,T4c,5969.0
72655,Mi1,5969.0
68983,Tm3,5969.0
10001,DNp01,5969.0
93509,T4b,5969.0
93877,T4c,5969.1
106745,T4b,5969.1
102564,T4a,5969.1
98099,T4b,5969.1
94755,T4a,5969.1
109645,T4b,5969.1
85009,Tm3,5969.1
63468,Mi1,5969.1
75381,Tm3,5969.1
10012,VS,5969.1
19794,LC4,5969.1
11134,VSm,5969.1
10112,VS,5969.1
68475,T2a,5969.200000000001
90533,T4c,5969.200000000001
100501,T4b,5969.200000000001
103827,T4c,5969.200000000001
112458,T4b,5969.200000000001
105962,T4b,5969.3
96003,T4d,5969.3
91179,T4a,5969.3
83682,Tm3,5969.3
80670,T4a,5969.3
60594,TmY3,5969.3
68842,TmY3,5969.3
38857,Mi1,5969.3
11551,VS,5969.3
10555,OA-VUMa3,5969.3
69266,Tm3,5969.3
96081,T4a,5969.400000000001
110454,T4d,5969.400000000001
102845,T4b,5969.400000000001
74023,T2a,5969.400000000001
48531,Mi1,5969.400000000001
70402,Tm3,5969.400000000001
41399,Mi1,5969.400000000001
71029,T2,5969.400000000001
20588,LC4,5969.5
80528,T2a,5969.5
86141,T4b,5969.5
92171,T4b,5969.5
93360,T4b,5969.5
99789,T4d,5969.5
112362,T4c,5969.5
91283,T4c,5969.6
106166,T4b,5969.6
101228,T4a,5969.6
100924,T4b,5969.6
93166,T4c,5969.6
61401,T2a,5969.6
16628,LC4,5969.6
44564,TmY3,5969.6
36911,Mi1,5969.6
35724,Mi1,5969.6
10025,H2,5969.6
50552,Mi1,5969.6
21225,LC4,5969.700000000001
35100,Mi1,5969.700000000001
44449,TmY3,5969.700000000001
62272,T2,5969.700000000001
67150,T2a,5969.700000000001
85741,T4a,5969.700000000001
95554,T4b,5969.700000000001
95928,T4c,5969.700000000001
96657,T4c,5969.700000000001
102153,T4c,5969.8
101589,T4a,5969.8
62488,T2,5969.8
93142,T4a,5969.8
100319,T4b,5969.8
112993,T4b,5969.9
10023,HSS,5969.9
22034,LC4,5969.9
23392,LC4,5969.9
34356,Mi1,5969.9
36177,Mi1,5969.9
53065,Mi1,5969.9
94329,T4c,5969.9
110910,Tm3,5969.9
94081,T4c,5970.000000000001
70524,T2a,5970.000000000001
79259,T4b,5970.000000000001
37088,Mi1,5970.1
40026,TmY3,5970.1
45696,Mi1,5970.1
69063,Mi1,5970.1
90206,T4b,5970.1
94282,T4c,5970.1
105698,T4c,5970.1
114457,T4d,5970.1
105718,T4b,5970.2
105276,T4d,5970.2
85664,TmY3,5970.2
83613,T4b,5970.2
100345,T4c,5970.2
54211,TmY3,5970.2
48894,TmY3,5970.2
31262,LC4,5970.2
73122,T2a,5970.2
112594,T4b,5970.3
104257,T4b,5970.3
99628,T4b,5970.3
99131,T4c,5970.3
97878,T4b,5970.3
95972,T4d,5970.3
82498,Tm3,5970.3
75712,Tm3,5970.3
74231,Tm3,5970.3
37853,Mi1,5970.3
117652,T4d,5970.3
89368,T4c,5970.3
35218,Mi1,5970.3
108249,T4a,5970.400000000001
42691,Mi1,5970.400000000001
533688,Tm3,5970.400000000001
106203,T4d,5970.400000000001
112369,T4d,5970.400000000001
104858,T4b,5970.400000000001
34300,Mi1,5970.400000000001
69543,T2a,5970.400000000001
58967,TmY3,5970.400000000001
35683,Mi1,5970.400000000001
86536,Tm3,5970.400000000001
111010,T4c,5970.5
104622,T4b,5970.5
98238,T4b,5970.5
96989,T4d,5970.5
87203,T4a,5970.5
71773,T2a,5970.5
88095,T4d,5970.5
40635,Mi1,5970.5
36994,Mi1,5970.5
21336,LC4,5970.5
17266,LC4,5970.5
10311,VS,5970.5
48514,TmY3,5970.5
100981,T4d,5970.6
10016,HSE,5970.6
20016,LC4,5970.6
35173,Mi1,5970.6
37948,Mi1,5970.6
39743,Mi1,5970.6
46881,TmY3,5970.6
99922,T4c,5970.6
111623,T4a,5970.6
108870,T4a,5970.7
116605,T4d,5970.7
70188,T2,5970.7
33462,Mi1,5970.7
37019,Mi1,5970.7
12109,OA-VUMa2,5970.7
52350,Mi1,5970.7
10322,OA-AL2i2,5970.8
36533,Mi1,5970.8
80033,T4a,5970.8
88353,T4b,5970.8
94071,T4a,5970.8
96931,T4b,5970.8
100729,T4b,5970.8
800146,TTMn,5970.900000000001
100032,T4c,5970.900000000001
95017,T4c,5970.900000000001
92046,T4d,5970.900000000001
75590,T2a,5970.900000000001
85866,T4b,5970.900000000001
66357,T2a,5970.900000000001
60643,Tm3,5970.900000000001
38421,Mi1,5970.900000000001
36410,Mi1,5970.900000000001
10072,OA-AL2i1,5970.900000000001
66852,Mi1,5970.900000000001
22966,LC4,5971.0
33942,Mi1,5971.0
77344,Tm3,5971.0
83307,Tm3,5971.0
93927,T4a,5971.0
101742,T4c,5971.0
106894,T4b,5971.0
94668,T4d,5971.099999999999
101245,T4a,5971.099999999999
70289,Mi1,5971.099999999999
86686,T4c,5971.099999999999
33017,Mi1,5971.099999999999
10080,OA-VUMa3,5971.099999999999
43978,Mi1,5971.099999999999
21313,LC4,5971.099999999999
10041,OA-VUMa1,5971.200000000001
10755,H1,5971.200000000001
25584,LC4,5971.200000000001
53156,TmY3,5971.200000000001
63994,Mi1,5971.200000000001
79449,T4b,5971.200000000001
92431,T4a,5971.200000000001
92472,T4c,5971.200000000001
94179,T4a,5971.200000000001
99950,T4c,5971.200000000001
117364,T4b,5971.200000000001
117627,Tm3,5971.200000000001
77910,Tm3,5971.3
108043,T4a,5971.3
10204,OA-AL2i2,5971.3
98846,T4c,5971.3
33216,Mi1,5971.4
49324,Mi1,5971.4
63420,Mi1,5971.4
81620,T2a,5971.4
89290,T4d,5971.4
90145,T4a,5971.4
91076,T4a,5971.4
44438,Mi1,5971.500000000001
119601,T4d,5971.500000000001
76788,T4b,5971.500000000001
66538,T2,5971.500000000001
63190,T2,5971.500000000001
526158,Mi1,5971.500000000001
41522,Mi1,5971.500000000001
39275,Mi1,5971.500000000001
14416,VST2,5971.500000000001
10825,OA-AL2i3,5971.500000000001
10037,VS,5971.500000000001
10001,DNp01,5971.500000000001
40944,Mi1,5971.500000000001
112744,T4d,5971.6
105115,T4d,5971.6
102495,T4b,5971.6
78911,Tm3,5971.6
19420,LC4,5971.6
10652,OA-AL2i4,5971.6
91741,T4d,5971.6
92047,T4c,5971.7
537004,VSm,5971.7
108625,T4b,5971.7
100867,T4b,5971.7
91682,T4b,5971.7
87090,T2a,5971.7
75848,T2a,5971.7
75484,Tm3,5971.7
73828,Tm3,5971.7
46248,Mi1,5971.7
10015,HSN,5971.7
116451,T4c,5971.8
66227,Tm3,5971.8
58527,TmY3,5971.8
57239,Mi1,5971.8
38687,Mi1,5971.8
36660,Mi1,5971.8
21151,LC4,5971.8
11921,OA-VPM4,5971.8
41545,Mi1,5971.8
104753,T4a,5971.900000000001
110183,T4d,5971.900000000001
104905,T4c,5971.900000000001
96307,T4a,5971.900000000001
16128,LC4,5971.900000000001
88726,T4b,5971.900000000001
20399,LC4,5971.900000000001
94468,T4c,5971.900000000001
37509,Mi1,5972.0
83639,T2a,5972.0
83979,T4a,5972.0
97028,T4c,5972.0
98549,T4a,5972.0
108697,T4d,5972.0
132834,Tm3,5972.0
525839,Mi1,5972.0
542412,Mi1,5972.1
112393,T4a,5972.1
107640,T4c,5972.1
103527,T4c,5972.1
85778,T4b,5972.1
64540,T2,5972.1
63673,Tm3,5972.1
78317,T4a,5972.1
17054,LC4,5972.2
22328,LC4,5972.2
35890,Mi1,5972.2
38748,Mi1,5972.2
86419,Tm3,5972.2
96295,T4b,5972.2
52328,TmY3,5972.3
94305,T4a,5972.3
100673,T4b,5972.3
38721,Mi1,5972.3
89434,T4c,5972.3
39067,Mi1,5972.3
37138,Mi1,5972.3
20808,LC4,5972.3
12688,OA-ASM1,5972.3
38241,Mi1,5972.3
60856,T2a,5972.400000000001
96199,T4a,5972.400000000001
102801,T4b,5972.400000000001
112633,T4b,5972.400000000001
97145,T4c,5972.5
69597,Tm3,5972.5
48607,TmY3,5972.5
48286,Mi1,5972.5
57398,Mi1,5972.5
17548,LC4,5972.5
10206,VS,5972.5
10025,H2,5972.5
37353,Mi1,5972.5
92082,T4b,5972.599999999999
86416,T4a,5972.599999999999
67719,T2a,5972.599999999999
59528,T2a,5972.599999999999
38065,LC4,5972.599999999999
18127,LC4,5972.599999999999
17860,LC4,5972.599999999999
10265,OA-AL2i2,5972.599999999999
34272,Mi1,5972.599999999999
95883,T4a,5972.700000000001
106401,T4d,5972.700000000001
103195,T4a,5972.700000000001
91345,T4c,5972.700000000001
90423,T4b,5972.700000000001
89485,T4a,5972.700000000001
41626,Mi1,5972.700000000001
40171,Mi1,5972.700000000001
36217,Mi1,5972.700000000001
19954,LC4,5972.700000000001
287884,OA-VPM3,5972.8
107567,T4c,5972.8
91057,T4c,5972.8
73029,T2,5972.8
36540,Mi1,5972.8
85924,T4a,5972.8
81494,T2,5972.9
121887,T4b,5972.9
118173,Tm3,5972.9
117221,T4c,5972.9
112944,T4b,5972.9
41136,Mi1,5972.9
36346,Mi1,5972.9
41120,Mi1,5972.9
38227,Mi1,5972.9
34171,Mi1,5972.9
23098,LC4,5972.9
43334,TmY3,5972.9
104144,T2,5973.0
110935,T4c,5973.0
106840,T4b,5973.0
103867,T4a,5973.0
113107,T4a,5973.0
84008,T4c,5973.0
48060,Mi1,5973.0
20917,LC4,5973.0
20542,LC4,5973.0
102742,T4d,5973.0
97769,T4a,5973.1
30803,LC4,5973.1
10112,VS,5973.1
24338,LC4,5973.1
10023,HSS,5973.2
10175,OA-VUMa6,5973.2
30997,Mi1,5973.2
38238,Mi1,5973.2
40219,Mi1,5973.2
40596,Mi1,5973.2
79646,Tm3,5973.2
86175,T4a,5973.2
109031,Tm3,5973.2
111380,Tm3,5973.2
40716,Tm3,5973.3
108307,T4b,5973.3
88491,T4a,5973.3
40703,Mi1,5973.3
37037,Mi1,5973.3
36954,Mi1,5973.3
23929,LC4,5973.3
17926,LC4,5973.3
87412,T4c,5973.400000000001
90520,T4a,5973.400000000001
97318,T4d,5973.400000000001
101707,T4c,5973.400000000001
10016,HSE,5973.5
16138,LC4,5973.5
22194,LC4,5973.5
40411,Mi1,5973.5
41296,Mi1,5973.5
69540,TmY3,5973.5
70697,Tm3,5973.5
99572,T4a,5973.5
37294,Mi1,5973.6
114080,T4a,5973.6
98222,T4d,5973.6
35845,Mi1,5973.6
41950,Mi1,5973.6
42675,Mi1,5973.6
21287,LC4,5973.7
36252,Mi1,5973.7
38632,Mi1,5973.7
47962,TmY3,5973.7
70490,Mi1,5973.7
92251,T4b,5973.7
104478,T4d,5973.7
120594,T4c,5973.7
129930,Tm3,5973.7
126163,Tm3,5973.8
77395,T4b,5973.8
55976,Mi1,5973.8
35416,Mi1,5973.8
11005,OA-VUMa4,5973.8
10012,VS,5973.8
35290,Mi1,5973.8
111236,T4d,5973.900000000001
10110,OA-VUMa1,5973.900000000001
10284,VS,5973.900000000001
18189,LC4,5973.900000000001
56564,Mi1,5973.900000000001
74259,T2a,5973.900000000001
74502,Tm3,5973.900000000001
90655,T4a,5973.900000000001
98139,T4d,5973.900000000001
99011,T4c,5973.900000000001
104297,T4a,5974.0
88005,T4d,5974.0
98118,T4c,5974.0
68562,T2a,5974.0
88084,T4b,5974.0
43414,Mi1,5974.0
10001,DNp01,5974.0
44282,Mi1,5974.0
39629,Mi1,5974.0
22975,LC4,5974.0
111304,T4b,5974.099999999999
95242,T4d,5974.099999999999
93984,T4b,5974.099999999999
93941,T4b,5974.099999999999
91934,T4a,5974.099999999999
84631,T4c,5974.099999999999
98039,T4d,5974.099999999999
70239,T2,5974.099999999999
38993,Mi1,5974.099999999999
34404,Mi1,5974.099999999999
17364,LC4,5974.099999999999
12896,OA-VUMa5,5974.099999999999
72989,Tm3,5974.099999999999
133349,Tm3,5974.200000000001
107719,T4b,5974.200000000001
103025,T4a,5974.200000000001
101480,T4c,5974.200000000001
98393,T4a,5974.200000000001
46745,Mi1,5974.200000000001
46230,TmY3,5974.200000000001
37677,Mi1,5974.200000000001
35405,Mi1,5974.200000000001
93302,T4b,5974.200000000001
106026,T4b,5974.3
107105,T4d,5974.3
100787,T4b,5974.3
138496,Tm3,5974.3
53983,TmY3,5974.3
71944,T2a,5974.3
135112,Tm3,5974.3
36139,Mi1,5974.3
41804,Mi1,5974.3
94224,T4b,5974.4
16606,VST2,5974.4
19260,LC4,5974.4
45319,Mi1,5974.4
79345,T2a,5974.4
80884,T2a,5974.4
85229,T4c,5974.4
92682,T4a,5974.4
97872,T4d,5974.4
102519,T4a,5974.4
109384,T4d,5974.4
113414,T4d,5974.4
124490,Tm3,5974.4
33091,Mi1,5974.5
97784,T4c,5974.5
116187,T4c,5974.5
112027,T4d,5974.5
66345,T2a,5974.5
19543,LC4,5974.5
37631,Mi1,5974.5
11264,OA-ASM1,5974.5
41637,Mi1,5974.5
37756,Mi1,5974.6
78968,Tm3,5974.6
83365,T2a,5974.6
88152,T4c,5974.6
89866,T4b,5974.6
90657,T4a,5974.6
100680,T4d,5974.6
546524,Mi1,5974.7
97899,T4a,5974.7
90259,T4d,5974.7
77039,T2a,5974.7
42758,Mi1,5974.7
39595,Mi1,5974.7
36684,Mi1,5974.7
35770,Mi1,5974.7
34938,Mi1,5974.7
38529,Mi1,5974.7
10015,HSN,5974.8
10037,VS,5974.8
36446,Mi1,5974.8
90121,T4b,5974.8
105099,T4b,5974.8
105521,T4c,5974.8
106338,T4a,5974.8
98312,T4a,5974.9
93972,T4a,5974.9
88398,T4a,5974.9
78739,T4b,5974.9
62078,Mi1,5974.9
44222,Mi1,5974.9
25893,VST1,5974.9
20673,LC4,5974.9
19550,LC4,5974.9
16628,LC4,5974.9
35806,Mi1,5974.9
10677,OA-AL2i4,5975.0
21225,LC4,5975.0
33766,Mi1,5975.0
35840,Mi1,5975.0
67152,Tm3,5975.0
94147,T4a,5975.0
97193,T4a,5975.0
98349,T4a,5975.1
97031,T4c,5975.1
94743,T4d,5975.1
44527,Mi1,5975.1
86724,Tm3,5975.1
36452,Mi1,5975.1
10755,H1,5975.1
43615,Mi1,5975.1
33614,Mi1,5975.1
23392,LC4,5975.2
35580,Mi1,5975.2
45948,TmY3,5975.2
49516,TmY3,5975.2
71475,Tm3,5975.2
85429,T4d,5975.2
103639,T4d,5975.2
115511,T4d,5975.2
65850,T2a,5975.2
104621,T4c,5975.3
66808,Tm3,5975.3
104582,T4d,5975.3
103383,T4c,5975.3
74927,Tm3,5975.3
42119,Mi1,5975.3
40085,Mi1,5975.3
38487,Mi1,5975.3
34899,Mi1,5975.3
10187,OA-VPM3,5975.3
55101,Mi1,5975.3
800146,TTMn,5975.400000000001
60857,Mi1,5975.400000000001
41613,Mi1,5975.400000000001
40400,Mi1,5975.400000000001
21336,LC4,5975.400000000001
10025,H2,5975.400000000001
29563,LC4,5975.400000000001
120992,Tm3,5975.5
112969,T4c,5975.5
107486,T4c,5975.5
85074,T4a,5975.5
68535,T2a,5975.5
54087,Mi1,5975.5
40505,Mi1,5975.5
10269,OA-AL2i2,5975.5
47967,Mi1,5975.5
37224,Mi1,5975.5
112048,T4c,5975.599999999999
103479,T4c,5975.599999999999
98575,T4a,5975.599999999999
95074,T4a,5975.599999999999
75557,Tm3,5975.599999999999
109023,T4c,5975.599999999999
39500,Mi1,5975.599999999999
35512,Mi1,5975.599999999999
35234,Mi1,5975.599999999999
26112,LC4,5975.599999999999
44592,TmY3,5975.599999999999
37839,Mi1,5975.700000000001
59008,Mi1,5975.700000000001
83438,T4a,5975.700000000001
81215,Tm3,5975.8
112545,T4d,5975.8
102425,T4b,5975.8
99348,T4c,5975.8
95007,T4a,5975.8
65671,Mi1,5975.8
17668,LC4,5975.8
40832,Mi1,5975.8
39858,Mi1,5975.8
38477,Mi1,5975.8
22847,LC4,5975.8
58862,Mi1,5975.8
42048,Mi1,5975.9
122233,Tm3,5975.9
86907,T4a,5975.9
40235,Mi1,5975.9
107031,T4b,5975.9
21804,LC4,5975.9
11134,VSm,5975.9
37243,Mi1,5975.9
20588,LC4,5975.9
37371,Mi1,5976.0
42872,Mi1,5976.0
89139,T4c,5976.0
105332,T4b,5976.0
21313,LC4,5976.1
44119,Mi1,5976.1
65531,T2a,5976.1
77594,T2a,5976.1
96784,T4b,5976.1
96830,T4b,5976.1
39688,Mi1,5976.1
72190,Tm3,5976.200000000001
97853,T4c,5976.200000000001
72794,Tm3,5976.200000000001
100310,T4d,5976.200000000001
59277,TmY3,5976.200000000001
31492,Mi1,5976.200000000001
23792,LC4,5976.200000000001
19794,LC4,5976.200000000001
67131,Tm3,5976.200000000001
109996,T4c,5976.3
105403,T4c,5976.3
103657,T4b,5976.3
93750,T4c,5976.3
85536,T4a,5976.3
37123,Mi1,5976.3
25584,LC4,5976.3
16570,VST2,5976.3
72983,T2a,5976.3
98890,T4c,5976.4
121245,Tm3,5976.4
108461,T4b,5976.4
104336,T4b,5976.4
98467,T4d,5976.4
50333,TmY3,5976.4
58224,Mi1,5976.4
74159,Tm3,5976.4
42594,Mi1,5976.4
40256,Mi1,5976.4
39164,Mi1,5976.4
95454,T4a,5976.500000000001
92957,T4d,5976.500000000001
91505,T4c,5976.500000000001
69164,Mi1,5976.500000000001
37568,Mi1,5976.500000000001
37270,Mi1,5976.500000000001
98175,T4c,5976.500000000001
20282,LC4,5976.500000000001
12521,HST,5976.500000000001
10023,HSS,5976.500000000001
10016,HSE,5976.500000000001
10001,DNp01,5976.500000000001
35447,Mi1,5976.500000000001
10206,VS,5976.6
21165,LC4,5976.6
34296,Mi1,5976.6
34606,Mi1,5976.6
112619,T4d,5976.7
106510,T4b,5976.7
95458,T4d,5976.7
91914,T4a,5976.7
89102,T4d,5976.7
10687,OA-AL2i3,5976.7
72501,Mi1,5976.7
22034,LC4,5976.7
10403,VS,5976.7
81995,Tm3,5976.7
99670,T4c,5976.8
108065,T4c,5976.8
106922,T4c,5976.8
99163,T4a,5976.8
10658,OA-AL2i3,5976.8
41659,Mi1,5976.8
37438,Mi1,5976.8
35888,Mi1,5976.8
75027,Tm3,5976.8
108948,T4b,5976.900000000001
107763,T4d,5976.900000000001
103870,T4a,5976.900000000001
102572,T4c,5976.900000000001
102409,T4c,5976.900000000001
59864,Tm3,5976.900000000001
34867,Mi1,5976.900000000001
11608,OA-VUMa2,5976.900000000001
10112,VS,5976.900000000001
92862,T4b,5976.900000000001
85126,T4a,5977.0
132624,Tm3,5977.0
92054,T4b,5977.0
90888,T4b,5977.0
81378,T4b,5977.0
10185,OA-VUMa8,5977.0
67113,Mi1,5977.0
30480,LC4,5977.0
18127,LC4,5977.0
16128,LC4,5977.0
78940,T4a,5977.0
88722,T4c,5977.1
99387,T4a,5977.1
97835,T4a,5977.1
87873,T4b,5977.1
91804,T4d,5977.1
43323,Mi1,5977.1
10799,OA-VUMa4,5977.1
39651,Mi1,5977.1
78421,T2a,5977.1
39894,T4b,5977.1
98226,T4b,5977.2
90371,T4d,5977.2
90135,T4c,5977.2
57349,Mi1,5977.2
45005,TmY3,5977.2
71164,Mi1,5977.2
34369,Mi1,5977.2
33655,Mi1,5977.2
32535,Mi1,5977.2
10072,OA-AL2i1,5977.2
35836,Mi1,5977.2
82656,T2a,5977.3
116311,T4d,5977.3
103344,T4b,5977.3
93566,T4a,5977.3
81401,T4b,5977.3
17987,LC4,5977.3
45349,Mi1,5977.3
41654,Mi1,5977.3
40854,Mi1,5977.3
10120,OA-VPM4,5977.3
47360,TmY3,5977.3
73447,Tm3,5977.400000000001
111783,T4a,5977.400000000001
107334,T4a,5977.400000000001
77484,T4d,5977.400000000001
61659,Tm3,5977.400000000001
109652,T4d,5977.400000000001
36881,Mi1,5977.400000000001
37391,Mi1,5977.400000000001
10168,OA-VUMa6,5977.400000000001
107240,T4b,5977.400000000001
34658,Mi1,5977.400000000001
36369,Mi1,5977.400000000001
107621,T4d,5977.5
101770,T4b,5977.5
69425,T2a,5977.5
103271,T4c,5977.5
37108,Mi1,5977.5
20808,LC4,5977.5
17266,LC4,5977.5
41536,Mi1,5977.5
51122,Mi1,5977.6
90394,T4a,5977.6
91288,T4c,5977.6
92146,T4a,5977.6
95629,T4c,5977.6
105545,T4d,5977.6
93688,T4a,5977.700000000001
105412,T4a,5977.700000000001
43689,Mi1,5977.700000000001
19954,LC4,5977.700000000001
51191,TmY3,5977.700000000001
36158,Mi1,5977.8
38230,Mi1,5977.8
42533,TmY3,5977.8
72955,T2a,5977.8
84010,Tm3,5977.8
87827,T2a,5977.8
97015,T4a,5977.8
105242,T4c,5977.8
109172,T4b,5977.8
119651,T4c,5977.8
98937,T4a,5977.9
112453,T4c,5977.9
111416,Tm3,5977.9
537004,VSm,5977.9
87808,T4a,5977.9
40795,Mi1,5977.9
24338,LC4,5977.9
23098,LC4,5977.9
89282,T4a,5977.9
109649,T4c,5978.000000000001
63021,Tm3,5978.000000000001
35235,Mi1,5978.000000000001
33394,Mi1,5978.000000000001
17926,LC4,5978.000000000001
10322,OA-AL2i2,5978.000000000001
10015,HSN,5978.000000000001
19420,LC4,5978.000000000001
83009,T4b,5978.1
110968,T4b,5978.1
102462,T4c,5978.1
101441,T4a,5978.1
77791,T2a,5978.1
38710,Mi1,5978.1
43485,Mi1,5978.1
39692,TmY3,5978.1
35001,Mi1,5978.1
17548,LC4,5978.1
77527,T4a,5978.1
71394,T2a,5978.2
102579,T4b,5978.2
98325,T4d,5978.2
95926,T4a,5978.2
94567,T4c,5978.2
70632,Tm3,5978.2
105640,T4d,5978.2
57871,T2,5978.2
10037,VS,5978.2
34933,Mi1,5978.2
57950,Tm3,5978.2
51963,TmY3,5978.2
42895,Mi1,5978.2
10025,H2,5978.3
15422,VST2,5978.3
97885,T4a,5978.3
107819,T4c,5978.3
110482,T4b,5978.3
125171,Tm3,5978.3
527408,LC4,5978.3
102016,T4a,5978.3
107297,T4c,5978.400000000001
82313,T4a,5978.400000000001
100488,T4c,5978.400000000001
97675,T4c,5978.400000000001
92114,T4c,5978.400000000001
88922,T4c,5978.400000000001
76038,Tm3,5978.400000000001
38596,Mi1,5978.400000000001
37599,Mi1,5978.400000000001
35774,Mi1,5978.400000000001
22328,LC4,5978.400000000001
19634,LC4,5978.400000000001
43063,Mi1,5978.400000000001
119103,T4c,5978.5
95677,T4c,5978.5
94471,T4a,5978.5
92993,Tm3,5978.5
75473,Tm3,5978.5
48186,TmY3,5978.5
47696,TmY3,5978.5
43965,Mi1,5978.5
87390,T2a,5978.5
93224,T4a,5978.6
103570,T4d,5978.6
101463,T4d,5978.6
99310,T4a,5978.6
83227,Tm3,5978.6
10012,VS,5978.6
71052,T2a,5978.6
20399,LC4,5978.6
76074,Tm3,5978.6
41809,Mi1,5978.6
34463,Mi1,5978.6
11602,OA-ASM1,5978.7
20016,LC4,5978.7
64977,T2,5978.7
70812,TmY3,5978.7
79138,T2a,5978.7
80282,T4d,5978.7
82099,T4b,5978.7
92281,T4c,5978.7
95681,T4a,5978.7
97306,T4a,5978.7
104027,T4d,5978.7
117556,T4c,5978.8
110988,T4a,5978.8
106821,T4b,5978.8
100046,T4b,5978.8
90474,T4b,5978.8
50345,TmY3,5978.8
70153,Tm3,5978.8
37927,Mi1,5978.8
35777,Mi1,5978.8
35498,Mi1,5978.8
83204,T4d,5978.8
85378,T4a,5978.900000000001
120231,Tm3,5978.900000000001
107609,T4d,5978.900000000001
99519,T4a,5978.900000000001
92273,T2a,5978.900000000001
89099,T4a,5978.900000000001
86578,T4c,5978.900000000001
67308,Mi1,5978.900000000001
70800,Tm3,5978.900000000001
67332,T2a,5978.900000000001
40958,Mi1,5978.900000000001
39438,Mi1,5978.900000000001
37680,Mi1,5978.900000000001
37390,Mi1,5978.900000000001
36275,Mi1,5978.900000000001
28945,LC4,5978.900000000001
22194,LC4,5978.900000000001
59959,Mi1,5978.900000000001
129235,Tm3,5979.0
110071,T4d,5979.0
108325,T4c,5979.0
102975,T4b,5979.0
96812,T4a,5979.0
93021,T4a,5979.0
96576,T4c,5979.0
81486,T4b,5979.0
80913,T4a,5979.0
78820,T2a,5979.0
67408,Mi1,5979.0
10001,DNp01,5979.0
90430,T2a,5979.0
102229,T4d,5979.099999999999
96671,T4c,5979.099999999999
93865,T4c,5979.099999999999
84328,T4a,5979.099999999999
51049,Mi1,5979.099999999999
38791,Mi1,5979.099999999999
10755,H1,5979.099999999999
71230,Tm3,5979.099999999999
99614,T4c,5979.200000000001
81037,T2a,5979.200000000001
46784,Mi1,5979.200000000001
43872,Mi1,5979.200000000001
40106,Mi1,5979.200000000001
36695,Mi1,5979.200000000001
35602,Mi1,5979.200000000001
38479,Mi1,5979.200000000001
17054,LC4,5979.3
42942,Mi1,5979.3
61500,Tm3,5979.3
72896,Tm3,5979.3
77307,Tm3,5979.3
78086,T4c,5979.3
92839,T4b,5979.3
100105,T4a,5979.3
106608,T4a,5979.4
106587,T4d,5979.4
88870,Tm3,5979.4
71674,T2a,5979.4
10226,OA-AL2i3,5979.4
34142,Mi1,5979.4
10016,HSE,5979.4
37585,Mi1,5979.4
87289,T4a,5979.500000000001
110312,T4d,5979.500000000001
101620,T4b,5979.500000000001
94324,Tm3,5979.500000000001
91629,T4a,5979.500000000001
79483,Tm3,5979.500000000001
117179,T4c,5979.500000000001
35572,Mi1,5979.500000000001
35152,Mi1,5979.500000000001
35045,Mi1,5979.500000000001
34189,Mi1,5979.500000000001
33907,Mi1,5979.500000000001
20542,LC4,5979.500000000001
38767,Mi1,5979.500000000001
120916,T4d,5979.6
104390,T4a,5979.6
95985,T4c,5979.6
94886,T4d,5979.6
92055,T4c,5979.6
71089,Mi1,5979.6
39727,Mi1,5979.6
35712,Mi1,5979.6
94574,T4c,5979.6
111928,T4b,5979.7
106150,T4c,5979.7
99358,T4c,5979.7
91674,T4a,5979.7
52485,TmY3,5979.7
45176,Mi1,5979.7
38768,Mi1,5979.7
37000,Mi1,5979.7
35897,Mi1,5979.7
48547,TmY3,5979.7
108876,T4c,5979.8
105126,T4c,5979.8
102147,T4c,5979.8
100261,T4c,5979.8
64712,T2a,5979.8
39716,Mi1,5979.8
10023,HSS,5979.8
99837,T4a,5979.8
127970,Tm3,5979.900000000001
91444,T4c,5979.900000000001
78477,T4a,5979.900000000001
72279,Mi1,5979.900000000001
68951,TmY3,5979.900000000001
61835,T2,5979.900000000001
34626,Mi1,5979.900000000001
16628,LC4,5979.900000000001
10825,OA-AL2i3,5979.900000000001
38133,Mi1,5979.900000000001
128396,T4d,5980.0
82618,T2a,5980.0
62560,T2,5980.0
45322,Mi1,5980.0
38893,Mi1,5980.0
37529,Mi1,5980.0
86504,T4b,5980.0
34045,Mi1,5980.0
33326,Mi1,5980.0
21225,LC4,5980.0
16138,LC4,5980.0
10041,OA-VUMa1,5980.0
34057,Mi1,5980.0
117911,T4b,5980.1
80080,T2a,5980.1
77775,T2a,5980.1
71402,Tm3,5980.1
67971,Tm3,5980.1
41709,Mi1,5980.1
34479,Mi1,5980.1
21336,LC4,5980.1
10284,VS,5980.1
37113,Mi1,5980.1
100726,T4d,5980.2
108276,T4a,5980.2
107181,T4c,5980.2
112241,T4b,5980.2
90219,T4a,5980.2
102741,T4c,5980.2
67072,T2a,5980.2
35428,Mi1,5980.2
67464,Mi1,5980.2
37699,Mi1,5980.2
36646,Mi1,5980.2
18189,LC4,5980.3
33918,Mi1,5980.3
39405,Mi1,5980.3
64149,Mi1,5980.3
67963,Tm3,5980.3
94930,T2a,5980.3
100874,T4a,5980.3
104853,T4c,5980.3
107117,T4d,5980.3
39718,Mi1,5980.3
75298,T2a,5980.400000000001
34079,Mi1,5980.400000000001
65052,T2,5980.400000000001
23392,LC4,5980.400000000001
19543,LC4,5980.400000000001
22108,TmY3,5980.400000000001
800146,TTMn,5980.5
149504,T4d,5980.5
102295,T4d,5980.5
101215,T4c,5980.5
104674,T4a,5980.5
100838,T4c,5980.5
77916,T2a,5980.5
44700,Mi1,5980.5
101005,T4d,5980.5
286259,OA-ASM1,5980.599999999999
114995,T4b,5980.599999999999
97161,T4a,5980.599999999999
97105,T4d,5980.599999999999
87565,T4a,5980.599999999999
68840,TmY3,5980.599999999999
38178,Mi1,5980.599999999999
23606,Mi1,5980.599999999999
20634,VST1,5980.599999999999
17364,LC4,5980.599999999999
10112,VS,5980.599999999999
38514,Mi1,5980.599999999999
101043,T4c,5980.700000000001
94283,T4d,5980.700000000001
80197,T4a,5980.700000000001
65833,Mi1,5980.700000000001
64341,TmY3,5980.700000000001
40936,Mi1,5980.700000000001
36990,Mi1,5980.700000000001
35260,Mi1,5980.700000000001
102031,T4c,5980.8
97981,T4a,5980.8
90731,T4b,5980.8
76621,T2a,5980.8
65298,T2a,5980.8
17860,LC4,5980.8
47465,TmY3,5980.8
30803,LC4,5980.8
21313,LC4,5980.8
19260,LC4,5980.8
64849,Tm3,5980.8
38455,Mi1,5980.9
75343,Tm3,5980.9
45719,Mi1,5980.9
37084,Mi1,5980.9
96394,T4b,5980.9
22975,LC4,5980.9
10206,VS,5980.9
34849,Mi1,5980.9
20917,LC4,5980.9
10555,OA-VUMa3,5981.0
36305,Mi1,5981.0
42856,Mi1,5981.0
68412,T2a,5981.0
77557,T4b,5981.0
90900,T4a,5981.0
102791,T4c,5981.0
118658,T4a,5981.0
73320,T2,5981.0
111579,Tm3,5981.1
92644,T4d,5981.1
104123,T4b,5981.1
100785,T4b,5981.1
82576,T4b,5981.1
21151,LC4,5981.1
10025,H2,5981.1
10015,HSN,5981.1
72005,Tm3,5981.1
128916,Tm3,5981.2
121093,T4b,5981.2
119288,T4d,5981.2
111184,T4a,5981.2
104714,T4b,5981.2
47211,Mi1,5981.2
37733,TmY3,5981.2
10311,VS,5981.2
58196,TmY3,5981.2
94549,T4b,5981.3
112344,T4c,5981.3
108475,T4b,5981.3
103780,T4c,5981.3
71583,Tm3,5981.3
39791,Mi1,5981.3
67810,Tm3,5981.3
35734,Mi1,5981.3
33446,Mi1,5981.3
117551,Tm3,5981.400000000001
107835,T4b,5981.400000000001
107464,T4a,5981.400000000001
104703,T4d,5981.400000000001
84267,T4c,5981.400000000001
41435,Mi1,5981.400000000001
39525,Mi1,5981.400000000001
34329,Mi1,5981.400000000001
22966,LC4,5981.400000000001
65443,T2a,5981.400000000001
79314,T4b,5981.5
109727,T4b,5981.5
105565,Tm3,5981.5
84292,T4d,5981.5
76003,Tm3,5981.5
10001,DNp01,5981.5
61370,T2,5981.5
43783,Mi1,5981.5
41668,Mi1,5981.5
62569,T2,5981.5
98194,T4d,5981.6
108675,T4b,5981.6
101228,T4a,5981.6
100190,T4c,5981.6
92706,T4a,5981.6
108161,T4a,5981.6
64058,T2,5981.6
10037,VS,5981.6
18127,LC4,5981.6
70642,T2a,5981.6
34862,Mi1,5981.6
32893,Mi1,5981.6
25584,LC4,5981.7
39158,Mi1,5981.7
46827,Mi1,5981.7
73767,Mi1,5981.7
88127,T4b,5981.7
98748,T4c,5981.7
103645,T4c,5981.7
59397,Mi1,5981.7
117631,T4d,5981.8
78603,Tm3,5981.8
99137,T4c,5981.8
89020,T4a,5981.8
80177,Tm3,5981.8
78470,Tm3,5981.8
38987,Mi1,5981.8
38708,Mi1,5981.8
11134,VSm,5981.8
44449,TmY3,5981.8
113852,T4b,5981.900000000001
98448,T4b,5981.900000000001
98398,T4c,5981.900000000001
86558,T4b,5981.900000000001
82674,T4a,5981.900000000001
39505,Mi1,5981.900000000001
27788,Mi1,5981.900000000001
10011,OA-AL2i1,5981.900000000001
43924,TmY3,5981.900000000001
84063,T4b,5982.0
115731,Tm3,5982.0
88992,T4c,5982.0
88039,T4c,5982.0
75172,T2a,5982.0
56984,TmY3,5982.0
54885,TmY3,5982.0
38772,Mi1,5982.0
33942,Mi1,5982.0
21287,LC4,5982.0
16128,LC4,5982.0
111852,T4a,5982.099999999999
100282,T4a,5982.099999999999
99663,T4c,5982.099999999999
99292,T4a,5982.099999999999
98598,T4c,5982.099999999999
91510,T4c,5982.099999999999
29563,LC4,5982.099999999999
107184,Tm3,5982.200000000001
104202,T4d,5982.200000000001
103160,T4a,5982.200000000001
101033,T4d,5982.200000000001
74411,Mi1,5982.200000000001
63175,Mi1,5982.200000000001
31848,Mi1,5982.200000000001
48531,Mi1,5982.200000000001
35017,Mi1,5982.200000000001
31262,LC4,5982.200000000001
19550,LC4,5982.200000000001
60886,T2a,5982.200000000001
76528,Tm3,5982.3
107442,T4d,5982.3
100165,T4b,5982.3
92229,T4c,5982.3
65307,T2,5982.3
103148,T4a,5982.3
37088,Mi1,5982.3
35113,Mi1,5982.3
11005,OA-VUMa4,5982.3
10016,HSE,5982.3
38065,LC4,5982.3
110855,T4a,5982.4
108438,T4d,5982.4
102045,T4a,5982.4
99671,T4c,5982.4
85152,T4c,5982.4
83191,T4a,5982.4
67614,Mi1,5982.4
74860,Tm3,5982.4
24338,LC4,5982.4
20808,LC4,5982.4
20673,LC4,5982.4
10269,OA-AL2i2,5982.4
76653,T2a,5982.4
109598,T4b,5982.5
105313,T4a,5982.5
20588,LC4,5982.5
90027,T4c,5982.5
97877,T4d,5982.6
12109,OA-VUMa2,5982.6
19954,LC4,5982.6
52151,TmY3,5982.6
75966,T2a,5982.6
83067,T4b,5982.6
91781,Tm3,5982.6
93935,T4a,5982.6
98026,T4b,5982.6
530434,Tm3,5982.6
97866,T4d,5982.7
98837,T4c,5982.7
95364,T4d,5982.7
101685,T4b,5982.7
101081,T4c,5982.7
93985,T4c,5982.7
93334,T4b,5982.7
81287,Tm3,5982.7
71361,Tm3,5982.7
41399,Mi1,5982.7
35934,Mi1,5982.7
33110,Mi1,5982.7
17668,LC4,5982.7
89409,T4a,5982.7
95345,T4d,5982.8
130994,Tm3,5982.8
127153,Tm3,5982.8
113991,T4d,5982.8
93509,T4b,5982.8
94624,T4a,5982.8
64485,T2,5982.8
49930,TmY3,5982.8
40426,Mi1,5982.8
37044,Mi1,5982.8
33017,Mi1,5982.8
78856,Tm3,5982.8
51848,TmY3,5982.9
81211,Tm3,5982.9
72558,T2a,5983.0
70635,Tm3,5983.0
69915,TmY3,5983.0
10012,VS,5983.0
17926,LC4,5983.0
10023,HSS,5983.0
88165,T4a,5983.0
38461,Mi1,5983.0
105862,T4d,5983.0
114391,T4d,5983.1
97184,T4d,5983.1
74303,Mi1,5983.1
71161,T2a,5983.1
10755,H1,5983.2
19794,LC4,5983.2
23098,LC4,5983.2
42691,Mi1,5983.2
68212,T2a,5983.2
74228,Tm3,5983.2
95532,T4a,5983.2
97256,T4c,5983.2
95921,T4c,5983.3
93527,T4a,5983.3
91806,T4a,5983.3
93419,T4b,5983.3
74010,T2a,5983.3
38857,Mi1,5983.3
38208,Mi1,5983.3
82208,T2a,5983.3
105379,T4c,5983.400000000001
104450,T4a,5983.400000000001
103677,T4b,5983.400000000001
98788,T4d,5983.400000000001
95005,T4a,5983.400000000001
88575,T4b,5983.400000000001
84366,T4b,5983.400000000001
34356,Mi1,5983.400000000001
34300,Mi1,5983.400000000001
32962,TmY3,5983.400000000001
94368,T4a,5983.400000000001
100774,T4a,5983.5
100855,T4a,5983.5
98654,T4d,5983.5
137694,Tm3,5983.5
106952,T4b,5983.5
85007,T4c,5983.5
77361,T4a,5983.5
69961,Tm3,5983.5
63468,Mi1,5983.5
40577,Mi1,5983.5
23929,LC4,5983.5
10110,OA-VUMa1,5983.5
112714,T4d,5983.599999999999
106535,T4d,5983.599999999999
102514,T4a,5983.599999999999
98887,T4b,5983.599999999999
92027,Tm3,5983.599999999999
85598,T4b,5983.599999999999
83689,T4a,5983.599999999999
94546,T4b,5983.599999999999
61045,TmY3,5983.599999999999
48986,TmY3,5983.599999999999
44564,TmY3,5983.599999999999
38648,Mi1,5983.599999999999
36911,Mi1,5983.599999999999
10677,OA-AL2i4,5983.599999999999
10072,OA-AL2i1,5983.599999999999
81015,T4a,5983.599999999999
107812,T4a,5983.700000000001
95499,T4b,5983.700000000001
95287,T4a,5983.700000000001
93025,T4b,5983.700000000001
72655,Mi1,5983.700000000001
79271,T4a,5983.700000000001
40635,Mi1,5983.700000000001
10080,OA-VUMa3,5983.700000000001
80302,T2a,5983.700000000001
91469,T4c,5983.8
537004,VSm,5983.8
110646,T4b,5983.8
90467,T4d,5983.8
76788,T4b,5983.8
62856,T2,5983.8
60337,TmY3,5983.8
89223,T4d,5983.8
108344,T4d,5983.900000000001
103351,T4a,5983.900000000001
100799,T4c,5983.900000000001
95356,T4a,5983.900000000001
94596,T4b,5983.900000000001
89483,T4a,5983.900000000001
105849,T4d,5983.900000000001
79358,T2a,5983.900000000001
72665,Mi1,5983.900000000001
69736,Tm3,5983.900000000001
35218,Mi1,5983.900000000001
10025,H2,5983.900000000001
79704,T4d,5983.900000000001
110040,T4c,5984.0
109857,T4d,5984.0
109326,T4c,5984.0
105363,T4c,5984.0
102703,T4a,5984.0
66604,TmY3,5984.0
83946,T4d,5984.0
50311,TmY3,5984.0
26112,LC4,5984.0
10001,DNp01,5984.0
111685,T4d,5984.0
98360,T4c,5984.0
112321,T4d,5984.0
99316,T4b,5984.1
101865,T4a,5984.1
98985,T4c,5984.1
127170,Tm3,5984.1
103022,T4a,5984.1
96090,T4c,5984.1
66526,T2,5984.1
79253,T4a,5984.1
53065,Mi1,5984.1
45696,Mi1,5984.1
17548,LC4,5984.1
12521,HST,5984.1
10015,HSN,5984.1
101961,Tm3,5984.200000000001
69063,Mi1,5984.200000000001
50552,Mi1,5984.200000000001
37019,Mi1,5984.200000000001
94356,T4c,5984.200000000001
35100,Mi1,5984.200000000001
22034,LC4,5984.200000000001
10687,OA-AL2i3,5984.200000000001
36177,Mi1,5984.200000000001
21225,LC4,5984.3
22194,LC4,5984.3
43978,Mi1,5984.3
52350,Mi1,5984.3
82724,Tm3,5984.3
84490,T4a,5984.3
87814,T4b,5984.3
102910,T4b,5984.3
88746,Tm3,5984.4
111613,T4d,5984.4
104191,T4a,5984.4
82699,Tm3,5984.4
119213,T4c,5984.4
68167,Tm3,5984.4
35724,Mi1,5984.4
17266,LC4,5984.4
16628,LC4,5984.4
80582,T4a,5984.4
102329,T4d,5984.500000000001
100946,T4c,5984.500000000001
96365,T4a,5984.500000000001
96262,T4c,5984.500000000001
86917,Tm3,5984.500000000001
22328,LC4,5984.500000000001
12688,OA-ASM1,5984.500000000001
10652,OA-AL2i4,5984.500000000001
10204,OA-AL2i2,5984.500000000001
10112,VS,5984.500000000001
36533,Mi1,5984.500000000001
287884,OA-VPM3,5984.6
124699,T4b,5984.6
86778,T4a,5984.6
81950,Tm3,5984.6
36410,Mi1,5984.6
37555,Mi1,5984.6
23792,LC4,5984.6
17987,LC4,5984.6
66852,Mi1,5984.6
21165,LC4,5984.7
72194,Tm3,5984.7
114611,T4d,5984.8
104017,T4b,5984.8
98692,T4a,5984.8
90419,T4b,5984.8
81092,Tm3,5984.8
88951,Tm3,5984.8
101945,T4b,5984.900000000001
123299,T4c,5984.900000000001
119353,T4b,5984.900000000001
102448,T4d,5984.900000000001
96835,T4b,5984.900000000001
85731,T4d,5984.900000000001
70289,Mi1,5984.900000000001
10037,VS,5984.900000000001
68982,Tm3,5984.900000000001
10175,OA-VUMa6,5984.900000000001
103425,T4a,5985.0
48930,TmY3,5985.0
37948,Mi1,5985.0
35683,Mi1,5985.0
89784,T4b,5985.0
20282,LC4,5985.0
10265,OA-AL2i2,5985.0
10206,VS,5985.0
35173,Mi1,5985.0
21336,LC4,5985.1
37853,Mi1,5985.1
90049,T4c,5985.1
104996,T4a,5985.1
96638,T4c,5985.2
116439,T4c,5985.2
101772,Tm3,5985.2
96219,T4b,5985.2
20399,LC4,5985.2
62838,TmY3,5985.2
37509,Mi1,5985.2
89825,T4a,5985.2
85938,T4a,5985.3
120201,T4b,5985.3
103440,T4d,5985.3
92684,T4c,5985.3
91913,T4b,5985.3
86932,T4b,5985.3
39275,Mi1,5985.3
24867,VST1,5985.3
22847,LC4,5985.3
20542,LC4,5985.3
19420,LC4,5985.3
12896,OA-VUMa5,5985.3
10016,HSE,5985.3
112809,T4d,5985.400000000001
112613,T4d,5985.400000000001
98817,T4a,5985.400000000001
90112,T4c,5985.400000000001
78943,T2a,5985.400000000001
78308,T2a,5985.400000000001
36994,Mi1,5985.400000000001
86635,T4c,5985.400000000001
90566,T4d,5985.5
116633,T4c,5985.5
98404,T4d,5985.5
95453,T4a,5985.5
90952,T4c,5985.5
82549,T4b,5985.5
10322,OA-AL2i2,5985.5
41545,Mi1,5985.5
39743,Mi1,5985.5
38241,Mi1,5985.5
21313,LC4,5985.5
80793,T2a,5985.5
87896,T4a,5985.6
87937,T4d,5985.6
110742,T4c,5985.700000000001
116129,T4b,5985.700000000001
101302,T4d,5985.700000000001
93360,T4b,5985.700000000001
96434,T4d,5985.700000000001
79413,T4b,5985.700000000001
17054,LC4,5985.700000000001
19543,LC4,5985.700000000001
87452,T2a,5985.700000000001
38993,Mi1,5985.700000000001
18189,LC4,5985.8
23392,LC4,5985.8
33216,Mi1,5985.8
34272,Mi1,5985.8
38238,Mi1,5985.8
62894,Tm3,5985.8
65803,T2,5985.8
78437,Tm3,5985.8
109285,T4c,5985.8
110160,T4c,5985.8
115111,T4a,5985.8
526158,Mi1,5985.9
525839,Mi1,5985.9
117586,T4c,5985.9
64913,T2,5985.9
10284,VS,5985.9
86715,Tm3,5985.9
98300,T4a,5986.000000000001
18127,LC4,5986.000000000001
36660,Mi1,5986.000000000001
38721,Mi1,5986.000000000001
60979,TmY3,5986.000000000001
80812,T4a,5986.000000000001
103557,T4a,5986.000000000001
114338,T4c,5986.000000000001
98625,T4a,5986.1
101721,T4d,5986.1
82121,Tm3,5986.1
124867,T4d,5986.1
103867,T4a,5986.1
63994,Mi1,5986.1
39067,Mi1,5986.1
33462,Mi1,5986.1
14416,VST2,5986.1
10023,HSS,5986.1
40944,Mi1,5986.1
93588,T4b,5986.2
800146,TTMn,5986.2
124345,T4d,5986.2
106664,T4c,5986.2
94755,T4a,5986.2
68138,TmY3,5986.2
61353,T2,5986.2
63420,Mi1,5986.2
49324,Mi1,5986.2
47368,TmY3,5986.2
46248,Mi1,5986.2
38421,Mi1,5986.2
37037,Mi1,5986.2
36540,Mi1,5986.2
35416,Mi1,5986.2
60698,TmY3,5986.2
89142,T4b,5986.3
11921,OA-VPM4,5986.3
16138,LC4,5986.3
35890,Mi1,5986.3
41626,Mi1,5986.3
58553,TmY3,5986.3
82299,T4c,5986.400000000001
72829,T2a,5986.400000000001
100206,T4c,5986.400000000001
83125,T4b,5986.400000000001
542412,Mi1,5986.400000000001
44282,Mi1,5986.400000000001
40171,Mi1,5986.400000000001
36346,Mi1,5986.400000000001
21804,LC4,5986.400000000001
41136,Mi1,5986.400000000001
10001,DNp01,5986.5
20016,LC4,5986.5
41296,Mi1,5986.5
42758,Mi1,5986.5
48283,TmY3,5986.5
49372,TmY3,5986.5
83583,T4d,5986.5
109631,T4b,5986.5
111949,T4c,5986.6
109916,T4d,5986.6
107420,T4b,5986.6
104256,T4a,5986.6
101878,T4a,5986.6
101382,T4c,5986.6
45162,TmY3,5986.6
102688,T4b,5986.6
10025,H2,5986.7
37353,Mi1,5986.7
48060,Mi1,5986.7
66325,Tm3,5986.7
99423,T4d,5986.7
100033,T4c,5986.7
103073,T4a,5986.7
85716,T4c,5986.8
88933,T4a,5986.8
41120,Mi1,5986.8
106530,T4d,5986.8
34171,Mi1,5986.8
19260,LC4,5986.8
38748,Mi1,5986.8
40703,Mi1,5986.900000000001
41522,Mi1,5986.900000000001
74375,Tm3,5986.900000000001
80483,T4c,5986.900000000001
94287,T4d,5986.900000000001
97545,T4c,5986.900000000001
122961,T4d,5986.900000000001
112750,T4c,5987.0
93045,T4b,5987.0
90533,T4c,5987.0
46586,TmY3,5987.0
44222,Mi1,5987.0
44438,Mi1,5987.0
36139,Mi1,5987.0
35806,Mi1,5987.0
24338,LC4,5987.0
16128,LC4,5987.0
10755,H1,5987.0
42010,TmY3,5987.0
101134,T4c,5987.099999999999
98911,T4b,5987.099999999999
87566,T4a,5987.099999999999
69441,Tm3,5987.099999999999
66227,Tm3,5987.099999999999
37294,Mi1,5987.099999999999
30997,Mi1,5987.099999999999
25584,LC4,5987.099999999999
17364,LC4,5987.099999999999
39629,Mi1,5987.099999999999
69978,T2,5987.200000000001
83156,T2a,5987.200000000001
73284,T2a,5987.200000000001
61768,T2,5987.200000000001
97677,T4c,5987.200000000001
10187,OA-VPM3,5987.200000000001
10015,HSN,5987.200000000001
10012,VS,5987.200000000001
38529,Mi1,5987.200000000001
103579,T4c,5987.200000000001
57398,Mi1,5987.3
58703,T2,5987.3
87106,T4a,5987.3
42675,Mi1,5987.3
36217,Mi1,5987.3
11134,VSm,5987.3
38687,Mi1,5987.3
22975,LC4,5987.3
19634,LC4,5987.4
19954,LC4,5987.4
20808,LC4,5987.4
106950,T4c,5987.4
93407,T4d,5987.500000000001
48286,Mi1,5987.500000000001
57239,Mi1,5987.500000000001
90058,T4a,5987.500000000001
94948,T4c,5987.500000000001
95239,T4a,5987.500000000001
122273,Tm3,5987.500000000001
116259,T4b,5987.6
35290,Mi1,5987.6
91325,T4a,5987.6
135467,Tm3,5987.6
81996,T2a,5987.6
34404,Mi1,5987.6
37677,Mi1,5987.6
37138,Mi1,5987.6
10799,OA-VUMa4,5987.6
40596,Mi1,5987.6
79257,Tm3,5987.7
11608,OA-VUMa2,5987.7
34938,Mi1,5987.7
35845,Mi1,5987.7
80906,T4c,5987.7
88617,T4a,5987.8
93166,T4c,5987.8
43414,Mi1,5987.8
40411,Mi1,5987.8
38227,Mi1,5987.8
33766,Mi1,5987.8
17926,LC4,5987.900000000001
23098,LC4,5987.900000000001
35770,Mi1,5987.900000000001
98756,T4b,5987.900000000001
113228,T4b,5987.900000000001
126702,Tm3,5988.0
117882,T4b,5988.0
96126,T4b,5988.0
94983,T4c,5988.0
112179,T4b,5988.0
55976,Mi1,5988.0
40219,Mi1,5988.0
37756,Mi1,5988.0
10037,VS,5988.0
89368,T4c,5988.0
118232,T4d,5988.1
107143,T4d,5988.1
103033,T4a,5988.1
86696,T4d,5988.1
78529,Tm3,5988.1
36252,Mi1,5988.1
10658,OA-AL2i3,5988.1
36684,Mi1,5988.1
56564,Mi1,5988.2
10016,HSE,5988.2
41804,Mi1,5988.2
69980,Tm3,5988.2
79449,T4b,5988.3
109593,Tm3,5988.3
82211,T2a,5988.3
40085,Mi1,5988.3
65671,Mi1,5988.3
10168,OA-VUMa6,5988.3
20917,LC4,5988.3
102845,T4b,5988.400000000001
95990,T4a,5988.400000000001
95554,T4b,5988.400000000001
90097,T4c,5988.400000000001
88167,T4b,5988.400000000001
104130,T4a,5988.400000000001
70490,Mi1,5988.400000000001
62078,Mi1,5988.400000000001
36954,Mi1,5988.400000000001
36446,Mi1,5988.400000000001
11264,OA-ASM1,5988.400000000001
85170,T4c,5988.400000000001
97878,T4b,5988.5
95736,T4c,5988.5
95235,T4d,5988.5
93957,T4b,5988.5
91179,T4a,5988.5
35405,Mi1,5988.5
17860,LC4,5988.5
10112,VS,5988.5
44527,Mi1,5988.5
104622,T4b,5988.599999999999
527408,LC4,5988.599999999999
108066,T4b,5988.599999999999
106886,T4c,5988.599999999999
106801,T4c,5988.599999999999
102388,T4d,5988.599999999999
93947,T4a,5988.599999999999
89092,T4c,5988.599999999999
41950,Mi1,5988.599999999999
30803,LC4,5988.599999999999
29563,LC4,5988.599999999999
95227,T4a,5988.599999999999
91313,T4a,5988.700000000001
36452,Mi1,5988.700000000001
37270,Mi1,5988.700000000001
37631,Mi1,5988.700000000001
64633,T2a,5988.700000000001
89485,T4a,5988.700000000001
546524,Mi1,5988.8
95972,T4d,5988.8
94058,T4b,5988.8
79259,T4b,5988.8
39164,Mi1,5988.8
38632,Mi1,5988.8
35580,Mi1,5988.8
45319,Mi1,5988.8
91303,T4b,5988.9
97186,T4a,5988.9
87763,T4a,5988.9
108847,T4d,5988.9
82536,T4d,5988.9
21225,LC4,5988.9
87358,T4a,5988.9
108974,T4c,5988.9
48514,TmY3,5989.0
88095,T4d,5989.0
96211,T4d,5989.0
115390,T4d,5989.0
103108,T4b,5989.0
46745,Mi1,5989.0
102799,T4c,5989.0
42872,Mi1,5989.0
108249,T4a,5989.0
40235,Mi1,5989.0
37123,Mi1,5989.0
16628,LC4,5989.0
16570,VST2,5989.0
10206,VS,5989.0
10041,OA-VUMa1,5989.0
42119,Mi1,5989.0
10001,DNp01,5989.0
532850,Tm3,5989.1
107529,T4d,5989.1
104858,T4b,5989.1
102112,T4c,5989.1
99748,T4b,5989.1
90423,T4b,5989.1
77906,T2a,5989.1
90278,T4a,5989.1
35234,Mi1,5989.1
33614,Mi1,5989.1
30480,LC4,5989.1
17668,LC4,5989.1
10825,OA-AL2i3,5989.1
10120,OA-VPM4,5989.1
35840,Mi1,5989.1
34899,Mi1,5989.2
10269,OA-AL2i2,5989.2
37371,Mi1,5989.2
39595,Mi1,5989.2
71765,T2a,5989.2
82855,Tm3,5989.2
86416,T4a,5989.2
60857,Mi1,5989.3
95528,T4d,5989.3
54087,Mi1,5989.3
96260,T4d,5989.3
33091,Mi1,5989.3
10023,HSS,5989.3
47967,Mi1,5989.3
20588,LC4,5989.400000000001
38502,Tm3,5989.400000000001
58967,TmY3,5989.400000000001
68475,T2a,5989.400000000001
100856,T4a,5989.400000000001
151155,T4b,5989.5
103497,Tm3,5989.5
102786,Tm3,5989.5
89252,T4b,5989.5
82425,T4b,5989.5
39688,Mi1,5989.5
61292,T2,5989.5
38477,Mi1,5989.5
22194,LC4,5989.5
69546,Tm3,5989.5
114088,T4d,5989.6
98751,T4a,5989.6
98000,T4b,5989.6
40400,Mi1,5989.6
48894,TmY3,5989.6
10025,H2,5989.6
97145,T4c,5989.6
88698,T4a,5989.7
83042,T4b,5989.7
69164,Mi1,5989.7
58945,Tm3,5989.7
41637,Mi1,5989.7
40505,Mi1,5989.7
35447,Mi1,5989.7
33655,Mi1,5989.7
10185,OA-VUMa8,5989.7
41613,Mi1,5989.7
74287,Tm3,5989.8
96676,T4b,5989.8
92640,T4d,5989.8
537004,VSm,5989.8
55101,Mi1,5989.8
34296,Mi1,5989.8
35512,Mi1,5989.8
21287,LC4,5989.8
19550,LC4,5989.8
41659,Mi1,5989.8
130861,Tm3,5989.900000000001
112458,T4b,5989.900000000001
98504,T4c,5989.900000000001
96852,T4a,5989.900000000001
94866,T4d,5989.900000000001
40026,TmY3,5989.900000000001
37839,Mi1,5989.900000000001
21336,LC4,5989.900000000001
20673,LC4,5989.900000000001
44119,Mi1,5989.900000000001
96728,T4c,5990.0
114884,T4d,5990.0
111581,T4d,5990.0
101732,T4c,5990.0
100673,T4b,5990.0
67150,T2a,5990.0
19794,LC4,5990.0
39858,Mi1,5990.0
28945,LC4,5990.0
22328,LC4,5990.0
21151,LC4,5990.0
17548,LC4,5990.0
51231,TmY3,5990.0
38487,Mi1,5990.099999999999
103654,T4b,5990.099999999999
40795,Mi1,5990.099999999999
34606,Mi1,5990.099999999999
72426,Tm3,5990.099999999999
25893,VST1,5990.099999999999
21313,LC4,5990.099999999999
11602,OA-ASM1,5990.099999999999
31492,Mi1,5990.099999999999
39500,Mi1,5990.200000000001
42048,Mi1,5990.200000000001
58862,Mi1,5990.200000000001
59008,Mi1,5990.200000000001
59599,T2,5990.200000000001
98549,T4a,5990.200000000001
100633,T4a,5990.200000000001
171349687,Tm3,5990.3
98010,T4a,5990.3
97326,T4c,5990.3
94081,T4c,5990.3
106093,T4a,5990.3
37224,Mi1,5990.3
36158,Mi1,5990.3
10072,OA-AL2i1,5990.3
43615,Mi1,5990.3
92552,T4a,5990.4
67113,Mi1,5990.4
36881,Mi1,5990.4
94305,T4a,5990.4
11005,OA-VUMa4,5990.4
10015,HSN,5990.4
18127,LC4,5990.4
117151,T4d,5990.5
20542,LC4,5990.5
34369,Mi1,5990.5
35888,Mi1,5990.5
37391,Mi1,5990.5
37568,Mi1,5990.5
90145,T4a,5990.5
90796,T4d,5990.5
103765,T4d,5990.5
104257,T4b,5990.6
70708,T2,5990.6
113686,T4d,5990.6
97288,T4c,5990.6
41536,Mi1,5990.6
47686,TmY3,5990.6
89434,T4c,5990.6
15422,VST2,5990.7
49441,TmY3,5990.7
71447,T4c,5990.7
94481,T2,5990.7
103314,T4b,5990.7
131034,Tm3,5990.7
10284,VS,5990.8
10755,H1,5990.8
40854,Mi1,5990.8
42594,Mi1,5990.8
45349,Mi1,5990.8
57349,Mi1,5990.8
120312,Tm3,5990.9
113410,T4d,5990.9
66791,Tm3,5990.9
106793,T4d,5990.9
113107,T4a,5990.9
19543,LC4,5991.0
35001,Mi1,5991.0
58224,Mi1,5991.0
88152,T4c,5991.0
91283,T4c,5991.0
106745,T4b,5991.0
92006,T4a,5991.1
110403,T4b,5991.1
102298,T4c,5991.1
85856,TmY3,5991.1
114698,T4b,5991.1
37243,Mi1,5991.1
35836,Mi1,5991.1
10037,VS,5991.1
10016,HSE,5991.1
42533,TmY3,5991.1
97028,T4c,5991.2
93313,T4a,5991.2
88281,T4b,5991.2
86419,Tm3,5991.2
40832,Mi1,5991.2
38230,Mi1,5991.2
17266,LC4,5991.2
10012,VS,5991.2
72501,Mi1,5991.2
105386,T4d,5991.299999999999
86141,T4b,5991.299999999999
71188,T2a,5991.299999999999
81733,Tm3,5991.299999999999
39651,Mi1,5991.299999999999
32535,Mi1,5991.299999999999
23392,LC4,5991.299999999999
40256,Mi1,5991.299999999999
96134,T4b,5991.400000000001
72132,Tm3,5991.400000000001
62851,Tm3,5991.400000000001
116114,T4d,5991.400000000001
37438,Mi1,5991.400000000001
10226,OA-AL2i3,5991.400000000001
43689,Mi1,5991.400000000001
10001,DNp01,5991.5
91366,T4b,5991.5
98137,T4d,5991.5
101230,T4a,5991.5
105962,T4b,5991.5
49942,TmY3,5991.6
108870,T4a,5991.6
100924,T4b,5991.6
66872,T2,5991.6
63868,T2a,5991.6
43323,Mi1,5991.6
39438,Mi1,5991.6
34658,Mi1,5991.6
22034,LC4,5991.6
20399,LC4,5991.6
18189,LC4,5991.6
10766,VS,5991.6
92431,T4a,5991.700000000001
91222,T4d,5991.700000000001
85536,T4a,5991.700000000001
77138,Tm3,5991.700000000001
42895,Mi1,5991.700000000001
41654,Mi1,5991.700000000001
12521,HST,5991.700000000001
10687,OA-AL2i3,5991.700000000001
109336,T4b,5991.8
105895,T4a,5991.8
79297,T4a,5991.8
46662,TmY3,5991.8
71036,T2a,5991.8
35235,Mi1,5991.8
34933,Mi1,5991.8
20634,VST1,5991.8
37599,Mi1,5991.8
60856,T2a,5991.900000000001
92911,T4c,5991.900000000001
90567,T4b,5991.900000000001
89416,T4c,5991.900000000001
88726,T4b,5991.900000000001
87429,T4b,5991.900000000001
47240,TmY3,5991.900000000001
37108,Mi1,5991.900000000001
34867,Mi1,5991.900000000001
19420,LC4,5991.900000000001
17987,LC4,5991.900000000001
96295,T4b,5991.900000000001
110386,T4d,5992.0
98381,T4d,5992.0
124362,T4c,5992.0
91987,T4c,5992.0
26112,LC4,5992.0
68264,Tm3,5992.0
60643,Tm3,5992.0
83677,T4c,5992.0
78773,Tm3,5992.1
78503,T2a,5992.1
92939,T4b,5992.1
24338,LC4,5992.1
10322,OA-AL2i2,5992.1
35897,Mi1,5992.1
64050,T2,5992.200000000001
102519,T4a,5992.200000000001
101379,T4d,5992.200000000001
92481,TmY3,5992.200000000001
76325,T2a,5992.200000000001
74725,T2a,5992.200000000001
104412,T4a,5992.200000000001
39727,Mi1,5992.200000000001
34463,Mi1,5992.200000000001
38065,LC4,5992.200000000001
23792,LC4,5992.200000000001
16138,LC4,5992.200000000001
16128,LC4,5992.200000000001
11134,VSm,5992.200000000001
10112,VS,5992.200000000001
38710,Mi1,5992.200000000001
51049,Mi1,5992.3
115686,T4b,5992.3
800146,TTMn,5992.3
98668,T4a,5992.3
38791,Mi1,5992.3
35045,Mi1,5992.3
37000,Mi1,5992.3
36646,Mi1,5992.3
36275,Mi1,5992.3
19954,LC4,5992.3
37927,Mi1,5992.3
547091,T2,5992.4
115369,T4c,5992.4
114850,Tm3,5992.4
103226,T4d,5992.4
105122,T4b,5992.4
81548,T2a,5992.4
69889,T2a,5992.4
33394,Mi1,5992.4
17926,LC4,5992.4
96424,T4b,5992.4
93564,T4d,5992.500000000001
122308,Tm3,5992.500000000001
120928,T4d,5992.500000000001
115818,T4a,5992.500000000001
107075,T4d,5992.500000000001
104008,T4b,5992.500000000001
103025,T4a,5992.500000000001
74731,T2a,5992.500000000001
11551,VS,5992.500000000001
40716,Tm3,5992.500000000001
36369,Mi1,5992.500000000001
23098,LC4,5992.500000000001
17054,LC4,5992.500000000001
10025,H2,5992.500000000001
10023,HSS,5992.500000000001
41809,Mi1,5992.500000000001
76446,TmY3,5992.6
112088,T4d,5992.6
93877,T4c,5992.6
84328,T4a,5992.6
72148,Tm3,5992.6
59959,Mi1,5992.6
45948,TmY3,5992.6
43485,Mi1,5992.6
33326,Mi1,5992.6
21165,LC4,5992.6
70900,Tm3,5992.6
94468,T4c,5992.7
101742,T4c,5992.7
89864,T4b,5992.7
74504,T2a,5992.7
71164,Mi1,5992.7
67308,Mi1,5992.7
38768,Mi1,5992.7
38596,Mi1,5992.7
35774,Mi1,5992.7
25584,LC4,5992.7
10311,VS,5992.7
119245,T4d,5992.8
101072,T4b,5992.8
88922,T4c,5992.8
83979,T4a,5992.8
79875,T4c,5992.8
77383,T2a,5992.8
37529,Mi1,5992.8
50955,TmY3,5992.8
43063,Mi1,5992.8
41762,TmY3,5992.8
40106,Mi1,5992.8
74023,T2a,5992.8
88084,T4b,5992.900000000001
102801,T4b,5992.900000000001
87845,T4a,5992.900000000001
104621,T4c,5992.900000000001
107445,T4a,5992.900000000001
86992,T4b,5992.900000000001
22966,LC4,5992.900000000001
37585,Mi1,5992.900000000001
35498,Mi1,5992.900000000001
33907,Mi1,5992.900000000001
20808,LC4,5992.900000000001
71089,Mi1,5992.900000000001
19260,LC4,5993.0
23929,LC4,5993.0
38893,Mi1,5993.0
93941,T4b,5993.0
100087,T4b,5993.0
100729,T4b,5993.0
125396,T4b,5993.0
94893,T4c,5993.1
45322,Mi1,5993.1
54423,TmY3,5993.1
10555,OA-VUMa3,5993.1
42942,Mi1,5993.1
92996,T4a,5993.2
89728,Tm3,5993.2
85866,T4b,5993.2
51122,Mi1,5993.2
41464,TmY3,5993.2
43965,Mi1,5993.2
37680,Mi1,5993.2
37390,Mi1,5993.2
35602,Mi1,5993.2
10110,OA-VUMa1,5993.2
39894,T4b,5993.2
122333,T4b,5993.3
104683,T4b,5993.3
103152,T4a,5993.3
84773,T2a,5993.3
38178,Mi1,5993.3
45719,Mi1,5993.3
35777,Mi1,5993.3
34057,Mi1,5993.3
76061,T2a,5993.3
286259,OA-ASM1,5993.400000000001
102572,T4c,5993.400000000001
93482,T4d,5993.400000000001
89934,T4d,5993.400000000001
78317,T4a,5993.400000000001
105403,T4c,5993.400000000001
46784,Mi1,5993.400000000001
40599,TmY3,5993.400000000001
38479,Mi1,5993.400000000001
20282,LC4,5993.400000000001
66357,T2a,5993.400000000001
107010,T4d,5993.5
102113,T4b,5993.5
97231,T4a,5993.5
93750,T4c,5993.5
82313,T4a,5993.5
80093,T2a,5993.5
38455,Mi1,5993.5
34189,Mi1,5993.5
92415,T4a,5993.5
37699,Mi1,5993.6
64149,Mi1,5993.6
38767,Mi1,5993.6
98393,T4a,5993.6
34862,Mi1,5993.6
22975,LC4,5993.6
10206,VS,5993.6
33942,Mi1,5993.6
17364,LC4,5993.6
104884,T4b,5993.700000000001
10015,HSN,5993.700000000001
21225,LC4,5993.700000000001
31262,LC4,5993.700000000001
34849,Mi1,5993.700000000001
39692,TmY3,5993.700000000001
41671,TmY3,5993.700000000001
41709,Mi1,5993.700000000001
57164,TmY3,5993.700000000001
74061,Tm3,5993.700000000001
77395,T4b,5993.700000000001
87939,T4b,5993.700000000001
97769,T4a,5993.700000000001
117748,Tm3,5993.8
121816,T4a,5993.8
34045,Mi1,5993.8
99975,T4c,5993.8
16628,LC4,5993.9
67408,Mi1,5993.9
72279,Mi1,5993.9
94282,T4c,5993.9
101245,T4a,5993.9
114196,T4d,5993.9
74374,T2a,5994.000000000001
99980,T4c,5994.000000000001
85009,Tm3,5994.000000000001
36695,Mi1,5994.000000000001
88625,T4c,5994.000000000001
10677,OA-AL2i4,5994.000000000001
10016,HSE,5994.000000000001
10001,DNp01,5994.000000000001
34626,Mi1,5994.000000000001
97480,T4c,5994.1
92472,T4c,5994.1
71931,Tm3,5994.1
10037,VS,5994.1
34479,Mi1,5994.1
56007,TmY3,5994.1
20016,LC4,5994.2
38514,Mi1,5994.2
43872,Mi1,5994.2
87424,T4d,5994.2
12109,OA-VUMa2,5994.3
34142,Mi1,5994.3
35152,Mi1,5994.3
63825,Tm3,5994.3
72066,Tm3,5994.3
91725,T4b,5994.3
102975,T4b,5994.3
99670,T4c,5994.400000000001
88491,T4a,5994.400000000001
80855,Tm3,5994.400000000001
65348,TmY3,5994.400000000001
33918,Mi1,5994.5
80838,T2a,5994.5
99731,T4c,5994.5
104911,T4c,5994.5
106121,T4a,5994.5
106701,T4d,5994.5
108625,T4b,5994.5
111010,T4c,5994.5
119556,T4b,5994.5
67464,Mi1,5994.6
99950,T4c,5994.6
78597,T2a,5994.6
113207,T4d,5994.6
39718,Mi1,5994.6
22194,LC4,5994.6
37113,Mi1,5994.6
10755,H1,5994.6
85778,T4b,5994.7
34079,Mi1,5994.7
34329,Mi1,5994.7
40958,Mi1,5994.7
44449,TmY3,5994.7
50345,TmY3,5994.7
78739,T4b,5994.7
82038,Tm3,5994.7
102481,T4a,5994.7
103527,T4c,5994.7
111623,T4a,5994.7
117652,T4d,5994.7
104478,T4d,5994.8
40936,Mi1,5994.8
86578,T4c,5994.8
108824,T4d,5994.8
86175,T4a,5994.8
33017,Mi1,5994.8
59397,Mi1,5994.8
45176,Mi1,5994.8
32893,Mi1,5994.8
78731,Tm3,5994.8
22847,LC4,5994.900000000001
63673,Tm3,5994.900000000001
64778,TmY3,5994.900000000001
96576,T4c,5994.900000000001
110657,T4a,5994.900000000001
120016,Tm3,5994.900000000001
80670,T4a,5995.0
105214,T4c,5995.0
112369,T4d,5995.0
50633,TmY3,5995.0
35734,Mi1,5995.0
18127,LC4,5995.0
39791,Mi1,5995.0
116343,T4a,5995.099999999999
85378,T4a,5995.099999999999
78911,Tm3,5995.099999999999
96003,T4d,5995.099999999999
44592,TmY3,5995.099999999999
33446,Mi1,5995.099999999999
21313,LC4,5995.099999999999
48531,Mi1,5995.099999999999
39405,Mi1,5995.200000000001
65009,T2,5995.200000000001
69228,T2a,5995.200000000001
101480,T4c,5995.200000000001
77846,Tm3,5995.3
96307,T4a,5995.3
107095,T4c,5995.3
83379,Tm3,5995.3
68522,T2a,5995.3
35712,Mi1,5995.3
47211,Mi1,5995.3
44700,Mi1,5995.3
39716,Mi1,5995.3
10012,VS,5995.3
56136,Tm3,5995.3
134372,Tm3,5995.4
123490,Tm3,5995.4
91505,T4c,5995.4
87289,T4a,5995.4
84663,T2a,5995.4
77232,T2,5995.4
73767,Mi1,5995.4
68342,Tm3,5995.4
49788,TmY3,5995.4
38987,Mi1,5995.4
36305,Mi1,5995.4
21336,LC4,5995.4
20917,LC4,5995.4
20588,LC4,5995.4
10025,H2,5995.4
65833,Mi1,5995.4
100488,T4c,5995.500000000001
97899,T4a,5995.500000000001
82099,T4b,5995.500000000001
76268,T2a,5995.500000000001
74411,Mi1,5995.500000000001
101994,T4a,5995.500000000001
42856,Mi1,5995.500000000001
35572,Mi1,5995.500000000001
31848,Mi1,5995.500000000001
20542,LC4,5995.500000000001
69723,Tm3,5995.500000000001
111416,Tm3,5995.6
109142,T4b,5995.6
106295,T4b,5995.6
94953,T4d,5995.6
90259,T4d,5995.6
83465,T4a,5995.6
77484,T4d,5995.6
62757,T2a,5995.6
29563,LC4,5995.6
23606,Mi1,5995.6
22328,LC4,5995.6
17668,LC4,5995.6
17548,LC4,5995.6
35260,Mi1,5995.6
98099,T4b,5995.7
107628,T4d,5995.7
106910,T4d,5995.7
95822,T4b,5995.7
10080,OA-VUMa3,5995.7
84008,T4c,5995.7
39158,Mi1,5995.7
19634,LC4,5995.7
86686,T4c,5995.7
537004,VSm,5995.8
115882,T4b,5995.8
110910,Tm3,5995.8
99609,T4a,5995.8
87565,T4a,5995.8
76524,Tm3,5995.8
39505,Mi1,5995.8
35428,Mi1,5995.8
16606,VST2,5995.8
106819,T4b,5995.900000000001
539983,T4c,5995.900000000001
100787,T4b,5995.900000000001
100785,T4b,5995.900000000001
74088,T2a,5995.900000000001
10204,OA-AL2i2,5995.900000000001
71408,T2,5995.900000000001
60510,T2,5995.900000000001
10023,HSS,5995.900000000001
72938,T2a,5995.900000000001
104942,T4a,5996.0
90657,T4a,5996.0
73619,T2a,5996.0
68918,Tm3,5996.0
41668,Mi1,5996.0
39525,Mi1,5996.0
40426,Mi1,5996.0
36990,Mi1,5996.0
35017,Mi1,5996.0
27788,Mi1,5996.0
19543,LC4,5996.0
17860,LC4,5996.0
38708,Mi1,5996.0
38772,Mi1,5996.1
77891,Tm3,5996.1
111423,T4c,5996.1
106894,T4b,5996.2
94153,T4d,5996.2
86536,Tm3,5996.2
73139,Tm3,5996.2
70281,T2a,5996.2
95883,T4a,5996.2
37088,Mi1,5996.2
37084,Mi1,5996.2
10269,OA-AL2i2,5996.2
10112,VS,5996.2
48607,TmY3,5996.2
111380,Tm3,5996.3
109536,T4d,5996.3
107211,T4d,5996.3
103195,T4a,5996.3
100501,T4b,5996.3
95926,T4a,5996.3
78940,T4a,5996.3
53156,TmY3,5996.3
43783,Mi1,5996.3
42691,Mi1,5996.3
38857,Mi1,5996.3
22264,TmY3,5996.3
78735,T2a,5996.3
100897,T4c,5996.400000000001
105541,T4a,5996.400000000001
112806,T4c,5996.400000000001
101589,T4a,5996.400000000001
87808,T4a,5996.400000000001
37044,Mi1,5996.400000000001
65513,T2a,5996.400000000001
46827,Mi1,5996.400000000001
30803,LC4,5996.400000000001
75521,T2a,5996.400000000001
10001,DNp01,5996.5
74159,Tm3,5996.5
99572,T4a,5996.5
120289,T4c,5996.599999999999
102370,T4c,5996.599999999999
102229,T4d,5996.599999999999
92114,T4c,5996.599999999999
110987,Tm3,5996.599999999999
89282,T4a,5996.599999999999
88035,Tm3,5996.599999999999
38648,Mi1,5996.599999999999
91345,T4c,5996.599999999999
527408,LC4,5996.700000000001
105180,T4c,5996.700000000001
104297,T4a,5996.700000000001
66538,T2,5996.700000000001
38133,Mi1,5996.700000000001
10284,VS,5996.700000000001
10265,OA-AL2i2,5996.700000000001
10175,OA-VUMa6,5996.700000000001
12896,OA-VUMa5,5996.700000000001
101383,T4b,5996.8
96163,T4b,5996.8
75381,Tm3,5996.8
67614,Mi1,5996.8
63175,Mi1,5996.8
66345,T2a,5996.8
41435,Mi1,5996.8
41399,Mi1,5996.8
20673,LC4,5996.8
19550,LC4,5996.8
45696,Mi1,5996.8
113568,T4d,5996.9
112393,T4a,5996.9
94179,T4a,5996.9
93509,T4b,5996.9
93142,T4a,5996.9
120820,T4c,5996.9
35934,Mi1,5996.9
34300,Mi1,5996.9
23392,LC4,5996.9
19954,LC4,5996.9
10016,HSE,5996.9
82674,T4a,5996.9
114201,T4c,5997.0
89290,T4d,5997.0
77676,T2a,5997.0
80033,T4a,5997.0
24338,LC4,5997.0
21804,LC4,5997.0
10015,HSN,5997.0
76788,T4b,5997.0
10037,VS,5997.1
17926,LC4,5997.1
19794,LC4,5997.1
52350,Mi1,5997.1
93972,T4a,5997.1
104354,T4b,5997.1
287884,OA-VPM3,5997.1
117039,T4c,5997.2
102991,T4c,5997.2
112310,T4d,5997.2
64897,T2,5997.2
35113,Mi1,5997.2
99011,T4c,5997.2
16128,LC4,5997.3
23098,LC4,5997.3
112594,T4b,5997.3
116609,T4b,5997.3
149504,T4d,5997.3
118029,T4b,5997.400000000001
86504,T4b,5997.400000000001
85741,T4a,5997.400000000001
85664,TmY3,5997.400000000001
43978,Mi1,5997.400000000001
69380,Tm3,5997.400000000001
20399,LC4,5997.400000000001
82976,Tm3,5997.400000000001
87087,T2a,5997.5
75377,T2a,5997.5
69597,Tm3,5997.5
59864,Tm3,5997.5
38461,Mi1,5997.5
38208,Mi1,5997.5
10072,OA-AL2i1,5997.5
40635,Mi1,5997.5
118551,Tm3,5997.6
90888,T4b,5997.6
63468,Mi1,5997.6
82618,T2a,5997.6
21287,LC4,5997.6
11134,VSm,5997.6
10799,OA-VUMa4,5997.6
36177,Mi1,5997.6
92842,T4a,5997.7
98175,T4c,5997.7
109035,T4b,5997.7
98118,T4c,5997.7
95007,T4a,5997.7
90740,Tm3,5997.7
34356,Mi1,5997.7
75550,Tm3,5997.7
64260,T2,5997.7
35724,Mi1,5997.7
33110,Mi1,5997.7
90206,T4b,5997.7
100867,T4b,5997.8
86907,T4a,5997.8
83438,T4a,5997.8
82515,Tm3,5997.8
100032,T4c,5997.8
70158,T2a,5997.8
53065,Mi1,5997.8
25584,LC4,5997.8
18189,LC4,5997.8
74373,Tm3,5997.8
102814,T4b,5997.900000000001
95356,T4a,5997.900000000001
95335,T4a,5997.900000000001
90121,T4b,5997.900000000001
50552,Mi1,5997.900000000001
39275,Mi1,5997.900000000001
36911,Mi1,5997.900000000001
10652,OA-AL2i4,5997.900000000001
81378,T4b,5997.900000000001
81064,Tm3,5998.0
117221,T4c,5998.0
94549,T4b,5998.0
80284,Tm3,5998.0
115422,T4c,5998.0
40577,Mi1,5998.0
36410,Mi1,5998.0
20808,LC4,5998.0
69063,Mi1,5998.0
106522,T4d,5998.099999999999
98938,T4a,5998.099999999999
95629,T4c,5998.099999999999
92281,T4c,5998.099999999999
91682,T4b,5998.099999999999
85924,T4a,5998.099999999999
116935,T4a,5998.099999999999
70524,T2a,5998.099999999999
68842,TmY3,5998.099999999999
47962,TmY3,5998.099999999999
17266,LC4,5998.099999999999
10825,OA-AL2i3,5998.099999999999
71228,T2a,5998.099999999999
108043,T4a,5998.200000000001
98846,T4c,5998.200000000001
97829,Tm3,5998.200000000001
102540,T4b,5998.200000000001
38993,Mi1,5998.200000000001
12688,OA-ASM1,5998.200000000001
91057,T4c,5998.200000000001
10025,H2,5998.3
94071,T4a,5998.3
105698,T4c,5998.3
105802,T4c,5998.3
109153,T4a,5998.3
112744,T4d,5998.3
133040,Tm3,5998.3
105199,T4d,5998.4
98312,T4a,5998.4
69186,Tm3,5998.4
90219,T4a,5998.4
65515,T2,5998.4
37555,Mi1,5998.4
66852,Mi1,5998.4
48267,TmY3,5998.4
121821,T4c,5998.5
105521,T4c,5998.5
99922,T4c,5998.5
99074,T4b,5998.5
96081,T4a,5998.5
95928,T4c,5998.5
93688,T4a,5998.5
81015,T4a,5998.5
74997,Tm3,5998.5
66808,Tm3,5998.5
21151,LC4,5998.5
16138,LC4,5998.5
10755,H1,5998.5
10206,VS,5998.5
10041,OA-VUMa1,5998.5
77527,T4a,5998.6
76121,Tm3,5998.6
72665,Mi1,5998.6
36533,Mi1,5998.6
33216,Mi1,5998.6
11608,OA-VUMa2,5998.7
38238,Mi1,5998.7
80282,T4d,5998.7
95017,T4c,5998.7
96931,T4b,5998.7
101605,T4a,5998.7
110693,Tm3,5998.7
800146,TTMn,5998.7
96812,T4a,5998.8
106338,T4a,5998.8
71944,T2a,5998.8
106401,T4d,5998.8
112775,T4d,5998.8
94668,T4d,5998.8
106362,T4d,5998.8
91857,T4b,5998.8
37019,Mi1,5998.8
84631,T4c,5998.8
72839,Tm3,5998.8
37509,Mi1,5998.8
19420,LC4,5998.8
16628,LC4,5998.8
89409,T4a,5998.8
116610,T4d,5998.9
105115,T4d,5998.9
104262,T4a,5998.9
82130,T2a,5998.9
65742,Tm3,5998.9
98222,T4d,5998.9
36660,Mi1,5998.9
35683,Mi1,5998.9
35100,Mi1,5998.9
22034,LC4,5998.9
11005,OA-VUMa4,5998.9
42758,Mi1,5998.9
111823,T4c,5999.0
97528,T4a,5999.0
68933,Tm3,5999.0
21225,LC4,5999.0
17987,LC4,5999.0
10001,DNp01,5999.0
58576,T2,5999.0
97171,T4d,5999.1
103022,T4a,5999.1
99789,T4d,5999.1
106190,T4d,5999.1
84781,Tm3,5999.1
74303,Mi1,5999.1
37948,Mi1,5999.1
80137,T2a,5999.1
72619,T2a,5999.1
83009,T4b,5999.2
10023,HSS,5999.2
10658,OA-AL2i3,5999.2
35416,Mi1,5999.2
37037,Mi1,5999.2
46230,TmY3,5999.2
60863,T2,5999.2
74112,T2a,5999.2
93360,T4b,5999.2
103780,T4c,5999.2
103827,T4c,5999.2
115511,T4d,5999.2
108757,T4c,5999.3
18127,LC4,5999.3
107486,T4c,5999.3
119501,T4d,5999.3
93927,T4a,5999.3
10687,OA-AL2i3,5999.3
72655,Mi1,5999.3
34171,Mi1,5999.3
73096,T2a,5999.3
103343,T4b,5999.400000000001
10322,OA-AL2i2,5999.400000000001
19260,LC4,5999.400000000001
35218,Mi1,5999.400000000001
37853,Mi1,5999.400000000001
93622,T4c,5999.400000000001
94471,T4a,5999.400000000001
105332,T4b,5999.5
26112,LC4,5999.5
10403,VS,5999.5
22194,LC4,5999.5
121420,T4d,5999.6
112027,T4d,5999.6
103867,T4a,5999.6
98238,T4b,5999.6
94624,T4a,5999.6
96657,T4c,5999.6
59528,T2a,5999.6
35806,Mi1,5999.6
34272,Mi1,5999.6
12521,HST,5999.6
10012,VS,5999.6
70289,Mi1,5999.6
58527,TmY3,5999.700000000001
111783,T4a,5999.700000000001
94703,T4c,5999.700000000001
92706,T4a,5999.700000000001
121887,T4b,5999.700000000001
50333,TmY3,5999.700000000001
36994,Mi1,5999.700000000001
38241,Mi1,5999.700000000001
36139,Mi1,5999.700000000001
35173,Mi1,5999.700000000001
11921,OA-VPM4,5999.700000000001
46248,Mi1,5999.700000000001
107640,T4c,5999.8
17054,LC4,5999.8
36540,Mi1,5999.8
44282,Mi1,5999.8
69266,Tm3,5999.8
83432,Tm3,5999.8
84800,Tm3,5999.8
94283,T4d,5999.8
96830,T4b,5999.8
41296,Mi1,5999.900000000001
44222,Mi1,5999.900000000001
10016,HSE,5999.900000000001
99131,T4c,5999.900000000001
